ts,old_speed,new_speed,new_is_stale,new_is_stat
1773218922000,0.00,0.00,false,false
1773218928000,0.00,0.00,false,false
1773218930000,0.00,0.00,true,false
1773218934000,0.00,0.00,true,false
1773218936000,0.00,0.00,true,false
1773218939000,0.00,0.00,true,false
1773218941000,0.00,0.00,true,false
1773218943000,0.00,0.00,true,false
1773218947000,0.00,0.00,true,false
1773218949000,0.00,0.00,true,false
1773218951000,0.00,0.00,true,false
1773218954000,0.00,0.00,true,false
1773218956000,0.00,0.00,true,false
1773218959000,0.00,0.00,true,false
1773218961000,0.00,0.00,true,false
1773218965000,0.00,0.00,true,false
1773218969000,0.00,0.00,true,false
1773218973000,0.00,0.00,true,false
1773218975000,0.00,0.00,true,false
1773218978000,0.00,0.00,true,false
1773218982000,0.00,0.00,true,false
1773218985000,0.00,0.00,true,false
1773218990000,0.00,0.00,true,false
1773218994000,0.00,0.00,true,false
1773218999000,0.00,0.00,true,false
1773219001000,0.00,0.00,true,false
1773219003000,0.00,0.00,true,false
1773219013000,0.00,0.00,true,false
1773219020000,0.00,0.00,true,false
1773219022000,0.00,0.00,true,false
1773219026000,0.00,0.00,true,false
1773219028000,0.00,0.00,true,false
1773219032000,0.00,0.00,true,false
1773219036000,0.00,0.00,true,false
1773219038000,0.00,0.00,true,false
1773219041000,0.00,0.00,true,false
1773219044000,0.00,0.00,true,false
1773219049000,0.00,0.00,true,false
1773219051000,0.00,0.00,true,false
1773219054000,0.00,0.00,true,false
1773219056000,0.00,0.00,true,false
1773219059000,0.00,0.00,true,false
1773219062000,0.00,0.00,true,false
1773219067000,0.00,0.00,true,false
1773219070000,0.00,0.00,true,false
1773219076000,0.00,0.00,true,false
1773219079000,0.00,0.00,true,false
1773219081000,0.00,0.00,true,false
1773219084000,0.00,0.00,true,false
1773219087000,0.00,0.00,true,false
1773219091000,0.00,0.00,true,false
1773219095000,0.00,0.00,true,false
1773219097000,0.00,0.00,true,false
1773219100000,0.00,0.00,true,false
1773219104000,0.00,0.00,true,false
1773219110000,0.00,0.00,true,false
1773219114000,0.00,0.00,true,false
1773219116000,0.00,0.00,true,false
1773219119000,0.00,0.00,true,false
1773219123000,0.00,0.00,true,false
1773219125000,0.00,0.00,true,false
1773219129000,0.00,0.00,true,false
1773219131000,0.00,0.00,true,false
1773219133000,0.00,0.00,true,false
1773219135000,0.00,0.00,true,false
1773219137000,0.00,0.00,true,false
1773219143000,0.00,0.00,true,false
1773219148000,0.00,0.00,true,false
1773219152000,0.00,0.00,true,false
1773219157000,0.00,0.00,true,false
1773219159000,0.00,0.00,true,false
1773219163000,0.00,0.00,true,false
1773219165000,0.00,0.00,true,false
1773219168000,0.00,0.00,true,false
1773219172000,0.00,0.00,true,false
1773219177000,0.00,0.00,true,false
1773219182000,0.00,0.00,true,false
1773219184000,0.00,0.00,true,false
1773219188000,0.00,0.00,true,false
1773219193000,0.00,0.03,false,false
1773219197000,0.00,0.03,true,false
1773219202000,6.05,0.20,false,false
1773219204000,6.05,0.20,true,false
1773219208000,0.00,0.31,false,false
1773219213000,8.40,0.45,false,false
1773219217000,9.27,0.54,false,false
1773219219000,9.27,0.54,true,false
1773219224000,0.00,0.54,true,false
1773219228000,0.00,2.14,false,false
1773219232000,8.17,4.56,false,false
1773219234000,14.05,8.07,false,false
1773219237000,14.05,8.07,true,false
1773219239000,26.62,11.43,false,false
1773219243000,26.62,11.43,true,false
1773219248000,21.30,13.56,false,false
1773219252000,23.73,18.92,false,false
1773219254000,31.32,23.06,false,false
1773219258000,31.32,23.06,true,false
1773219261000,13.45,22.76,false,false
1773219264000,13.45,22.76,true,false
1773219266000,21.96,22.05,false,false
1773219270000,22.82,24.11,false,false
1773219275000,22.26,22.50,false,false
1773219281000,22.26,22.50,true,false
1773219285000,0.00,22.50,true,false
1773219288000,0.00,16.43,false,false
1773219290000,0.00,16.43,true,false
1773219294000,8.64,16.53,false,false
1773219298000,20.60,17.44,false,false
1773219303000,28.72,18.02,false,false
1773219307000,35.30,19.28,false,false
1773219310000,35.30,19.28,true,false
1773219313000,34.24,24.81,false,false
1773219316000,31.33,28.50,false,false
1773219319000,31.33,28.50,true,false
1773219322000,19.33,28.00,false,false
1773219326000,28.75,27.60,false,false
1773219328000,28.75,27.60,true,false
1773219330000,0.00,27.60,true,false
1773219335000,25.70,25.69,false,false
1773219339000,25.70,25.69,true,false
1773219341000,0.00,25.69,true,false
1773219343000,18.73,23.13,false,false
1773219347000,26.86,22.19,false,false
1773219354000,13.92,18.97,false,false
1773219357000,13.70,16.65,false,false
1773219359000,13.70,16.65,true,false
1773219363000,0.00,16.65,true,false
1773219365000,0.00,14.10,false,false
1773219370000,8.12,14.14,false,false
1773219372000,8.12,14.14,true,false
1773219375000,18.10,11.77,false,false
1773219378000,18.10,11.77,true,false
1773219381000,26.97,13.65,false,false
1773219383000,26.97,13.65,true,false
1773219387000,25.85,14.84,false,false
1773219390000,24.64,18.03,false,false
1773219394000,24.64,18.03,true,false
1773219396000,0.00,18.79,false,false
1773219398000,0.00,18.79,true,false
1773219402000,0.00,18.79,true,false
1773219409000,7.79,16.52,false,false
1773219413000,7.79,16.52,true,false
1773219415000,13.18,16.25,false,false
1773219418000,16.46,16.06,false,false
1773219422000,22.07,15.53,false,false
1773219424000,22.07,15.53,true,false
1773219429000,32.28,16.78,false,false
1773219431000,32.28,16.78,true,false
1773219434000,32.13,21.92,false,false
1773219438000,30.95,24.93,false,false
1773219440000,30.95,24.93,true,false
1773219443000,0.00,24.93,true,false
1773219445000,37.41,26.08,false,false
1773219451000,28.44,25.69,false,false
1773219453000,28.44,25.69,true,false
1773219455000,32.92,25.77,false,false
1773219460000,30.00,25.70,false,false
1773219465000,17.57,22.42,false,false
1773219469000,17.57,22.42,true,false
1773219471000,23.28,22.76,false,false
1773219474000,15.22,22.76,true,false
1773219483000,24.64,22.28,false,false
1773219486000,24.64,22.28,true,false
1773219488000,33.27,22.42,false,false
1773219490000,33.27,22.42,true,false
1773219493000,36.97,24.94,false,false
1773219495000,36.97,24.94,true,false
1773219499000,34.48,26.91,false,false
1773219501000,34.48,26.91,true,false
1773219503000,0.00,26.91,true,false
1773219507000,24.97,27.83,false,false
1773219510000,34.64,29.98,false,false
1773219515000,35.07,31.55,false,false
1773219517000,35.07,31.55,true,false
1773219520000,0.00,31.55,true,false
1773219522000,39.85,31.63,false,false
1773227495000,0.00,0.00,false,false
1773227502000,20.39,8.16,false,false
1773227504000,20.39,8.16,true,false
1773227508000,23.35,14.23,false,false
1773227510000,23.35,14.23,true,false
1773227514000,21.38,17.57,false,false
1773227516000,21.38,17.57,true,false
1773227518000,32.13,21.19,false,false
1773227520000,26.80,21.19,true,false
1773227526000,23.28,22.65,false,false
1773227528000,36.33,25.12,false,false
1773227531000,38.10,26.97,false,false
1773227537000,15.11,22.29,false,false
1773227541000,15.11,22.29,true,false
1773227543000,30.47,23.46,false,false
1773227545000,22.18,23.46,true,false
1773227547000,27.92,26.42,false,false
1773227552000,32.40,26.77,false,false
1773227556000,32.40,26.77,true,false
1773227558000,32.56,27.25,false,false
1773227562000,40.68,30.11,false,false
1773227564000,40.68,30.11,true,false
1773227568000,37.64,32.57,false,false
1773227571000,37.64,32.57,true,false
1773227575000,40.26,34.07,false,false
1773227577000,40.26,34.07,true,false
1773227581000,15.66,30.60,false,false
1773227583000,15.66,30.60,true,false
1773227585000,0.00,22.78,false,false
1773227592000,0.00,22.78,true,false
1773227594000,0.00,15.64,false,false
1773227596000,0.00,15.64,true,false
1773227598000,6.77,15.19,false,false
1773227602000,6.77,15.19,true,false
1773227604000,24.66,14.12,false,false
1773227607000,22.14,14.12,true,false
1773227612000,17.14,13.57,false,false
1773227615000,22.77,14.66,false,false
1773227619000,32.07,18.97,false,false
1773227621000,32.07,18.97,true,false
1773227623000,0.00,18.97,true,false
1773227625000,37.34,22.69,false,false
1773227627000,32.78,22.69,true,false
1773227632000,32.30,24.68,false,false
1773227636000,34.74,28.12,false,false
1773227638000,32.93,29.37,false,false
1773227641000,32.93,29.37,true,false
1773227645000,0.00,29.37,true,false
1773227647000,0.00,29.37,true,false
1773227651000,0.00,29.37,true,false
1773227653000,0.00,24.99,false,false
1773227655000,0.00,24.99,true,false
1773227657000,8.04,21.04,false,false
1773227662000,8.04,21.04,true,false
1773227666000,16.99,17.93,false,false
1773227668000,28.36,16.95,false,false
1773227672000,37.08,17.68,false,false
1773227674000,37.08,17.68,true,false
1773227678000,34.91,23.42,false,false
1773227680000,34.91,23.42,true,false
1773227682000,37.15,27.81,false,false
1773227685000,37.15,27.81,true,false
1773227689000,33.26,32.01,false,false
1773227691000,33.26,32.01,true,false
1773227693000,40.63,33.60,false,false
1773227695000,29.46,33.60,true,false
1773227701000,18.47,28.12,false,false
1773227705000,17.68,23.41,false,false
1773227707000,17.68,23.41,true,false
1773227713000,0.00,23.41,true,false
1773227716000,0.00,23.41,true,false
1773227718000,0.00,18.84,false,false
1773227720000,0.00,18.84,true,false
1773227723000,8.96,18.10,false,false
1773227727000,8.96,18.10,true,false
1773227731000,25.35,17.31,false,false
1773227734000,31.19,17.49,false,false
1773227736000,31.19,17.49,true,false
1773227740000,16.34,16.88,false,false
1773227742000,16.34,16.88,true,false
1773227744000,19.38,18.93,false,false
1773227746000,19.38,18.93,true,false
1773227752000,12.35,17.93,false,false
1773227757000,12.09,15.35,false,false
1773227760000,12.09,15.35,true,false
1773227764000,0.00,15.35,true,false
1773227766000,0.00,15.35,true,false
1773227772000,0.00,15.35,true,false
1773227775000,0.00,15.35,true,false
1773227777000,0.00,15.35,true,false
1773227781000,0.00,15.35,true,false
1773227784000,0.00,15.35,true,false
1773227790000,0.00,15.35,true,false
1773227792000,0.00,15.35,true,false
1773227796000,0.00,15.35,true,false
1773227799000,0.00,15.35,true,false
1773227801000,0.00,15.35,true,false
1773227805000,0.00,15.35,true,false
1773227807000,0.00,15.35,true,false
1773227809000,0.00,15.35,true,false
1773227812000,0.00,15.35,true,false
1773227815000,0.00,15.35,true,false
1773227819000,0.00,15.35,true,false
1773227823000,0.00,15.35,true,false
1773227827000,0.00,15.35,true,false
1773227830000,0.00,15.35,true,false
1773227832000,0.00,15.35,true,false
1773227836000,0.00,15.35,true,false
1773227839000,0.00,15.35,true,false
1773227841000,0.00,15.35,true,false
1773227847000,0.00,15.35,true,false
1773227853000,0.00,15.35,true,false
1773227856000,0.00,15.35,true,false
1773227860000,0.00,15.35,true,false
1773227863000,0.00,15.35,true,false
1773227865000,0.00,15.35,true,false
1773227868000,0.00,15.35,true,false
1773227873000,0.00,15.35,true,false
1773227876000,0.00,15.35,true,false
1773227879000,0.00,15.35,true,false
1773227881000,0.00,15.35,true,false
1773227886000,0.00,15.35,true,false
1773227890000,0.00,15.35,true,false
1773227895000,0.00,15.35,true,false
1773227897000,0.00,15.35,true,false
1773227900000,0.00,15.35,true,false
1773227902000,0.00,15.35,true,false
1773227905000,0.00,15.35,true,false
1773227907000,0.00,15.35,true,false
1773227910000,0.00,15.35,true,false
1773227912000,0.00,15.35,true,false
1773227916000,0.00,15.35,true,false
1773227918000,0.00,15.35,true,false
1773227923000,0.00,15.35,true,false
1773227925000,0.00,15.35,true,false
1773227927000,0.00,15.35,true,false
1773227930000,0.00,15.35,true,false
1773227934000,0.00,15.35,true,false
1773227938000,0.00,15.35,true,false
1773227940000,0.00,15.35,true,false
1773227944000,0.00,15.35,true,false
1773227946000,0.00,15.35,true,false
1773227953000,0.00,15.35,true,false
1773227955000,0.00,15.35,true,false
1773227959000,0.00,15.35,true,false
1773227961000,0.00,15.35,true,false
1773227964000,0.00,15.35,true,false
1773227966000,0.00,15.35,true,false
1773227968000,0.00,15.35,true,false
1773227974000,0.00,15.35,true,false
1773227976000,0.00,15.35,true,false
1773227980000,0.00,15.35,true,false
1773227982000,0.00,15.35,true,false
1773227986000,0.00,15.35,true,false
1773227988000,0.00,15.35,true,false
1773227991000,0.00,15.35,true,false
1773227995000,0.00,15.35,true,false
1773228001000,0.00,15.35,true,false
1773228003000,0.00,15.35,true,false
1773228007000,0.00,15.35,true,false
1773228010000,0.00,15.35,true,false
1773228012000,0.00,15.35,true,false
1773228016000,0.00,15.35,true,false
1773228018000,0.00,15.35,true,false
1773228020000,0.00,15.35,true,false
1773228024000,0.00,15.35,true,false
1773228026000,0.00,15.35,true,false
1773228028000,0.00,15.35,true,false
1773228031000,0.00,15.35,true,false
1773228035000,0.00,15.35,true,false
1773228037000,0.00,15.35,true,false
1773228041000,0.00,15.35,true,false
1773228043000,0.00,15.35,true,false
1773228048000,0.00,15.35,true,false
1773228052000,0.00,15.35,true,false
1773228054000,0.00,15.35,true,false
1773228057000,0.00,15.35,true,false
1773228059000,0.00,15.35,true,false
1773228062000,0.00,15.35,true,false
1773228064000,0.00,15.35,true,false
1773228067000,0.00,15.35,true,false
1773228069000,0.00,9.63,false,false
1773228074000,5.21,6.19,false,false
1773228076000,5.21,6.19,true,false
1773228078000,0.00,6.19,true,false
1773228081000,7.93,4.02,false,false
1773228085000,9.20,2.67,false,false
1773228089000,9.20,1.81,false,false
1773228092000,0.00,2.16,false,false
1773228096000,8.67,4.35,false,false
1773228098000,8.67,5.51,false,false
1773228100000,0.00,5.51,true,false
1773228102000,12.56,7.45,false,false
1773228104000,12.56,7.45,true,false
1773228109000,20.04,10.45,false,false
1773228111000,20.04,10.45,true,false
1773228114000,33.12,15.27,false,false
1773228120000,35.14,21.01,false,false
1773228124000,44.72,27.46,false,false
1773228127000,44.72,27.46,true,false
1773228133000,0.00,41.01,false,false
1773228135000,0.00,41.01,true,false
1773228140000,33.66,38.74,false,false
1773228144000,37.73,37.65,false,false
1773228149000,30.14,34.94,false,false
1773228151000,30.14,34.94,true,false
1773228155000,20.72,29.63,false,false
1773228157000,20.72,29.63,true,false
1773228162000,21.41,23.15,false,false
1773228166000,22.28,20.40,false,false
1773228170000,21.26,18.67,false,false
1773228172000,21.26,18.67,true,false
1773228174000,28.06,19.03,false,false
1773228180000,34.84,22.07,false,false
1773228182000,34.84,22.07,true,false
1773228186000,34.88,26.27,false,false
1773228189000,33.92,29.61,false,false
1773228191000,33.92,29.61,true,false
1773228195000,21.37,27.97,false,false
1773228197000,21.37,27.97,true,false
1773228202000,18.75,26.16,false,false
1773228204000,25.34,24.76,false,false
1773228206000,25.34,24.76,true,false
1773228210000,24.58,23.59,false,false
1773228212000,24.58,23.59,true,false
1773228214000,33.67,24.78,false,false
1773228219000,4.37,24.78,true,false
1773228225000,0.00,27.29,true,false
1773228227000,33.40,30.23,false,false
1773228229000,25.05,30.23,true,false
1773228234000,32.08,31.09,false,false
1773228241000,0.00,35.74,true,false
1773228245000,10.52,34.71,false,false
1773228247000,10.52,34.71,true,false
1773228250000,0.00,34.71,true,false
1773228254000,0.00,34.71,true,false
1773228256000,0.00,34.71,true,false
1773228260000,0.00,22.68,false,false
1773228262000,8.05,21.35,false,false
1773228265000,8.05,21.35,true,false
1773228269000,19.09,19.71,false,false
1773228272000,27.28,17.33,false,false
1773228276000,27.28,17.33,true,false
1773228278000,22.32,16.53,false,false
1773228280000,28.49,20.69,false,false
1773228282000,28.49,20.69,true,false
1773228289000,0.00,20.69,true,false
1773228291000,0.00,20.69,true,false
1773228295000,0.00,15.31,false,false
1773228297000,0.00,15.31,true,false
1773228300000,8.35,15.10,false,false
1773228304000,8.35,15.10,true,false
1773228308000,0.00,16.16,true,false
1773228312000,50.05,19.08,false,false
1773228314000,50.05,19.08,true,false
1773228321000,59.49,24.44,false,false
1773228323000,59.49,24.44,true,false
1773228327000,62.42,34.76,false,false
1773228329000,62.42,34.76,true,false
1773228333000,0.00,43.10,true,false
1773228337000,44.49,47.66,false,false
1773228341000,44.49,47.66,true,false
1773228343000,41.87,49.70,false,false
1773228346000,35.90,47.79,false,false
1773228348000,35.90,47.79,true,false
1773228351000,0.00,47.79,true,false
1773228353000,0.00,47.79,true,false
1773228356000,0.00,32.42,false,false
1773228358000,0.00,32.42,true,false
1773228362000,10.12,28.20,false,false
1773228366000,24.54,25.69,false,false
1773228370000,24.54,25.69,true,false
1773228376000,0.00,24.83,true,false
1773228381000,7.03,21.22,false,false
1773228391000,7.03,21.22,true,false
1773228397000,0.00,16.20,false,false
1773228400000,6.15,16.86,false,false
1773228405000,11.84,16.53,false,false
1773228411000,13.29,14.65,false,false
1773228414000,13.29,10.70,false,false
1773228416000,0.00,10.70,true,false
1773228420000,0.00,10.70,true,false
1773228422000,0.00,10.70,true,false
1773228427000,0.00,10.70,true,false
1773228433000,0.00,6.49,false,false
1773228437000,3.67,7.85,false,false
1773228439000,7.28,7.39,false,false
1773228442000,7.28,7.39,true,false
1773228444000,14.88,7.47,false,false
1773228447000,14.88,7.47,true,false
1773228452000,23.74,8.61,false,false
1773228457000,20.21,13.41,false,false
1773228461000,28.50,18.26,false,false
1773228463000,28.50,18.26,true,false
1773228468000,31.01,20.82,false,false
1773228472000,36.67,24.28,false,false
1773228477000,29.45,26.06,false,false
1773228479000,29.45,26.06,true,false
1773228482000,29.48,29.33,false,false
1773228486000,31.73,29.69,false,false
1773228488000,31.73,29.69,true,false
1773228492000,16.45,27.04,false,false
1773228494000,16.45,27.04,true,false
1773228497000,21.73,25.68,false,false
1773228501000,21.74,24.98,false,false
1773228503000,21.74,24.98,true,false
1773228509000,7.87,19.36,false,false
1773228512000,27.58,19.94,false,false
1773228517000,26.67,22.40,false,false
1773228521000,26.67,22.40,true,false
1773228523000,19.24,23.13,false,false
1773228527000,15.76,20.18,false,false
1773228529000,15.76,20.18,true,false
1773228532000,12.90,19.31,false,false
1773228537000,21.04,18.08,false,false
1773228543000,24.54,18.39,false,false
1773228547000,29.32,21.74,false,false
1773228549000,29.32,21.74,true,false
1773228552000,21.88,23.72,false,false
1773228556000,21.60,23.12,false,false
1773228558000,21.60,23.12,true,false
1773228562000,13.18,20.83,false,false
1773228567000,13.18,20.83,true,false
1773228569000,0.00,20.83,true,false
1773228573000,0.00,20.83,true,false
1773228576000,0.00,15.88,false,false
1773228583000,5.12,12.88,false,false
1773228586000,5.12,12.88,true,false
1773228588000,17.20,13.14,false,false
1773228590000,19.23,13.14,true,false
1773228592000,33.47,14.64,false,false
1773228595000,31.98,14.64,true,false
1773228598000,42.59,16.81,false,false
1773228601000,42.59,16.81,true,false
1773228608000,39.56,21.99,false,false
1773228611000,31.55,25.64,false,false
1773228614000,31.55,25.64,true,false
1773228616000,26.02,28.70,false,false
1773228620000,14.88,23.66,false,false
1773228624000,14.88,23.66,true,false
1773228626000,0.00,23.66,true,false
1773228631000,0.00,15.61,false,false
1773228635000,9.94,15.42,false,false
1773228638000,9.94,15.42,true,false
1773228643000,16.84,15.12,false,false
1773228646000,21.62,15.28,false,false
1773228648000,21.62,15.28,true,false
1773228652000,19.06,15.72,false,false
1773228658000,15.61,14.67,false,false
1773228663000,24.40,18.13,false,false
1773228667000,29.10,22.93,false,false
1773228669000,29.10,22.93,true,false
1773228672000,34.36,25.77,false,false
1773228675000,34.36,25.77,true,false
1773228680000,31.93,27.81,false,false
1773228683000,34.12,32.10,false,false
1773228685000,43.66,36.24,false,false
1773228694000,27.60,32.55,false,false
1773228696000,9.96,23.67,false,false
1773228702000,27.46,25.02,false,false
1773228705000,27.46,25.02,true,false
1773228710000,0.00,25.02,true,false
1773228714000,0.00,25.02,true,false
1773228716000,0.00,25.02,true,false
1773228719000,0.00,25.02,true,false
1773228721000,0.00,25.02,true,false
1773228726000,0.00,25.02,true,false
1773228732000,0.00,25.02,true,false
1773228736000,0.00,25.02,true,false
1773228739000,0.00,25.02,true,false
1773228741000,0.00,25.02,true,false
1773228746000,0.00,25.02,true,false
1773228748000,0.00,25.02,true,false
1773228751000,0.00,25.02,true,false
1773228755000,0.00,25.02,true,false
1773228757000,0.00,25.02,true,false
1773228761000,0.00,25.02,true,false
1773228763000,0.00,25.02,true,false
1773228766000,0.00,25.02,true,false
1773228773000,0.00,25.02,true,false
1773228779000,0.00,25.02,true,false
1773228781000,0.00,25.02,true,false
1773228783000,0.00,25.02,true,false
1773228788000,0.00,25.02,true,false
1773228790000,0.00,25.02,true,false
1773228797000,0.00,25.02,true,false
1773228799000,0.00,25.02,true,false
1773228802000,0.00,25.02,true,false
1773228804000,0.00,25.02,true,false
1773228810000,0.00,25.02,true,false
1773228816000,0.00,25.02,true,false
1773228819000,0.00,25.02,true,false
1773228823000,0.00,25.02,true,false
1773228829000,0.00,25.02,true,false
1773228831000,0.00,25.02,true,false
1773228833000,0.00,25.02,true,false
1773228835000,0.00,25.02,true,false
1773228840000,0.00,25.02,true,false
1773228844000,0.00,25.02,true,false
1773228846000,0.00,25.02,true,false
1773228850000,0.00,25.02,true,false
1773228852000,0.00,25.02,true,false
1773228855000,0.00,25.02,true,false
1773228859000,0.00,25.02,true,false
1773228862000,0.00,25.02,true,false
1773228865000,0.00,25.02,true,false
1773228867000,0.00,25.02,true,false
1773228871000,0.00,25.02,true,false
1773228876000,0.00,25.02,true,false
1773228880000,0.00,25.02,true,false
1773228885000,0.00,25.02,true,false
1773228889000,0.00,25.02,true,false
1773228891000,0.00,25.02,true,false
1773228895000,0.00,25.02,true,false
1773228897000,0.00,25.02,true,false
1773228900000,0.00,25.02,true,false
1773228902000,0.00,25.02,true,false
1773228906000,0.00,25.02,true,false
1773228910000,0.00,25.02,true,false
1773228912000,0.00,25.02,true,false
1773228917000,0.00,25.02,true,false
1773228919000,0.00,25.02,true,false
1773228921000,0.00,25.02,true,false
1773228926000,0.00,25.02,true,false
1773228930000,0.00,25.02,true,false
1773228932000,0.00,25.02,true,false
1773228935000,0.00,25.02,true,false
1773228938000,0.00,25.02,true,false
1773228941000,0.00,25.02,true,false
1773228944000,0.00,25.02,true,false
1773228949000,0.00,25.02,true,false
1773228951000,0.00,25.02,true,false
1773228953000,0.00,25.02,true,false
1773228956000,0.00,25.02,true,false
1773228959000,0.00,15.66,false,false
1773228964000,5.66,9.93,false,false
1773228969000,5.66,9.93,true,false
1773228973000,7.54,6.47,false,false
1773228976000,4.24,4.12,false,false
1773228979000,4.24,4.12,true,false
1773228981000,10.56,2.61,false,false
1773228984000,11.97,2.61,true,false
1773228988000,23.28,4.50,false,false
1773228991000,21.36,7.78,false,false
1773228997000,15.11,10.20,false,false
1773229000000,15.11,10.20,true,false
1773229002000,17.11,11.53,false,false
1773229006000,33.51,15.73,false,false
1773229009000,33.51,15.73,true,false
1773229012000,47.27,23.87,false,false
1773229015000,30.55,23.87,true,false
1773229021000,55.57,32.08,false,false
1773229024000,55.57,32.08,true,false
1773229028000,55.22,38.32,false,false
1773229032000,55.22,38.32,true,false
1773229036000,53.96,41.71,false,false
1773229041000,11.26,27.44,false,false
1773229044000,11.26,27.44,true,false
1773229047000,0.00,27.44,true,false
1773229052000,0.00,27.44,true,false
1773229054000,0.00,27.44,true,false
1773229056000,0.00,27.44,true,false
1773229059000,0.00,17.46,false,false
1773229062000,0.00,17.46,true,false
1773229065000,9.34,17.11,false,false
1773229069000,13.44,15.50,false,false
1773229071000,13.44,15.50,true,false
1773229076000,0.00,10.28,false,false
1773229078000,0.00,7.32,false,false
1773229082000,0.00,7.32,true,false
1773229086000,0.00,7.32,true,false
1773229088000,0.00,6.25,false,false
1773229090000,0.00,6.25,true,false
1773229094000,6.37,6.66,false,false
1773229096000,6.37,6.66,true,false
1773229098000,0.00,6.66,true,false
1773229103000,19.80,7.84,false,false
1773229107000,19.80,7.84,true,false
1773229113000,0.00,11.56,true,false
1773229120000,61.72,18.69,false,false
1773229122000,61.72,18.69,true,false
1773229128000,0.00,28.55,true,false
1773229134000,0.00,41.36,false,false
1773229136000,0.00,41.36,true,false
1773229139000,0.00,26.53,false,false
1773229145000,0.00,26.53,true,false
1773229147000,0.00,17.18,false,false
1773229152000,7.29,17.87,false,false
1773229154000,7.29,17.87,true,false
1773229160000,19.65,17.95,false,false
1773229163000,38.85,20.31,false,false
1773229165000,38.85,20.31,true,false
1773229169000,55.55,26.63,false,false
1773229178000,15.38,17.71,false,false
1773229185000,0.00,0.00,false,false
1773229187000,0.00,0.00,true,false
1773229191000,70.12,25.92,false,false
1773229193000,70.12,25.92,true,false
1773229199000,0.00,57.17,false,false
1773229202000,0.00,57.17,true,false
1773229206000,32.83,52.33,false,false
1773229211000,32.83,52.33,true,false
1773229215000,0.00,52.33,true,false
1773229220000,0.00,52.33,true,false
1773229226000,0.00,52.33,true,false
1773229230000,0.00,52.33,true,false
1773229234000,0.00,52.33,true,false
1773229237000,0.00,52.33,true,false
1773229239000,0.00,52.33,true,false
1773229243000,0.00,52.33,true,false
1773229248000,0.00,52.33,true,false
1773229250000,0.00,39.32,false,false
1773229253000,0.00,39.32,true,false
1773229257000,7.70,29.79,false,false
1773229259000,15.35,22.47,false,false
1773229263000,15.35,22.47,true,false
1773229265000,21.47,16.61,false,false
1773229268000,21.47,16.61,true,false
1773229270000,0.00,16.61,true,false
1773229272000,0.00,16.61,true,false
1773229274000,0.00,16.61,true,false
1773229279000,0.00,16.61,true,false
1773229284000,0.00,10.12,false,false
1773229286000,0.00,10.12,true,false
1773229288000,8.73,11.07,false,false
1773229291000,8.22,11.07,true,false
1773229294000,25.06,12.94,false,false
1773229297000,27.36,12.94,true,false
1773229304000,44.17,15.82,false,false
1773229306000,44.17,15.82,true,false
1773229309000,40.99,18.21,false,false
1773229312000,40.99,18.21,true,false
1773229315000,23.96,24.59,false,false
1773229317000,23.96,24.59,true,false
1773229320000,16.50,25.14,false,false
1773229322000,16.50,25.14,true,false
1773229325000,0.00,18.04,false,false
1773229328000,0.00,18.04,true,false
1773229330000,0.00,18.04,true,false
1773229334000,0.00,18.04,true,false
1773229339000,0.00,18.04,true,false
1773229344000,0.00,18.04,true,false
1773229346000,0.00,18.04,true,false
1773229350000,0.00,18.04,true,false
1773229354000,0.00,18.04,true,false
1773229357000,0.00,18.04,true,false
1773229359000,0.00,18.04,true,false
1773229363000,0.00,18.04,true,false
1773229365000,0.00,18.04,true,false
1773229367000,0.00,18.04,true,false
1773229374000,0.00,18.04,true,false
1773229376000,0.00,18.04,true,false
1773229380000,0.00,11.30,false,false
1773229382000,0.00,7.94,false,false
1773229384000,0.00,7.94,true,false
1773229386000,13.07,6.02,false,false
1773229389000,12.07,6.02,true,false
1773229392000,27.55,5.52,false,false
1773229397000,35.33,6.44,false,false
1773229402000,43.30,18.53,false,false
1773229406000,45.81,28.42,false,false
1773229410000,55.64,36.53,false,false
1773229412000,55.64,36.53,true,false
1773229416000,50.56,42.43,false,false
1773229418000,50.56,42.43,true,false
1773229425000,47.04,45.49,false,false
1773229427000,47.04,45.49,true,false
1773229430000,46.07,46.45,false,false
1773229432000,46.07,46.45,true,false
1773229436000,0.00,46.45,true,false
1773229442000,0.00,39.45,false,false
1773229447000,0.00,39.45,true,false
1773229451000,0.00,39.45,true,false
1773229453000,0.00,39.45,true,false
1773229461000,0.00,31.71,false,false
1773229465000,6.00,25.38,false,false
1773229472000,12.88,21.24,false,false
1773229476000,15.14,17.34,false,false
1773229480000,15.14,10.93,false,false
1773229486000,0.00,10.93,true,false
1773229490000,0.00,10.93,true,false
1773229495000,0.00,7.58,false,false
1773229497000,0.00,7.58,true,false
1773229501000,0.00,2.27,false,true
1773229504000,0.00,2.27,true,true
1773229507000,0.00,2.27,true,true
1773229510000,6.95,3.03,false,false
1773229512000,6.95,3.03,true,false
1773229517000,17.81,4.57,false,false
1773229520000,33.05,7.97,false,false
1773229522000,33.05,7.97,true,false
1773229526000,43.74,15.16,false,false
1773229531000,51.93,23.69,false,false
1773229536000,55.43,33.69,false,false
1773229538000,55.43,33.69,true,false
1773229542000,55.36,41.86,false,false
1773229547000,41.89,40.90,false,false
1773229551000,41.89,40.90,true,false
1773229554000,0.00,28.74,false,false
1773229557000,0.00,28.74,true,false
1773229559000,0.00,28.74,true,false
1773229564000,0.00,19.14,false,false
1773229568000,6.70,18.71,false,false
1773229572000,20.93,18.79,false,false
1773229575000,20.93,18.79,true,false
1773229577000,31.26,18.64,false,false
1773229580000,31.26,18.64,true,false
1773229583000,21.91,20.09,false,false
1773229587000,21.91,20.09,true,false
1773229589000,0.00,20.09,true,false
1773229592000,0.00,20.09,true,false
1773229594000,0.00,20.09,true,false
1773229598000,0.00,20.09,true,false
1773229602000,0.00,13.21,false,false
1773229604000,0.00,13.21,true,false
1773229609000,5.00,12.66,false,false
1773229613000,11.28,11.54,false,false
1773229618000,19.00,10.90,false,false
1773229624000,19.50,11.57,false,false
1773229629000,10.46,11.13,false,false
1773229633000,12.99,11.87,false,false
1773229635000,12.99,11.87,true,false
1773229638000,0.00,11.87,true,false
1773229642000,0.00,11.87,true,false
1773229644000,0.00,10.84,false,false
1773229651000,6.64,11.01,false,false
1773229653000,6.64,11.01,true,false
1773229658000,15.15,11.50,false,false
1773229660000,24.81,13.33,false,false
1773229664000,24.81,13.33,true,false
1773229666000,31.61,15.19,false,false
1773229672000,26.13,14.57,false,false
1773229675000,34.98,21.67,false,false
1773229678000,34.98,21.67,true,false
1773229681000,34.31,25.96,false,false
1773229683000,34.31,25.96,true,false
1773229687000,32.54,27.05,false,false
1773229689000,32.54,27.05,true,false
1773229694000,23.36,26.26,false,false
1773229700000,23.85,24.95,false,false
1773229707000,28.46,25.39,false,false
1773229709000,28.46,25.39,true,false
1773229715000,14.78,21.38,false,false
1773229718000,22.37,21.65,false,false
1773229720000,21.99,21.63,false,false
1773229723000,21.99,15.89,false,false
1773229727000,0.00,15.89,true,false
1773229729000,0.00,10.49,false,false
1773229733000,0.00,10.49,true,false
1773229735000,0.00,7.47,false,false
1773229738000,0.00,5.40,false,false
1773229744000,7.81,5.41,false,false
1773229749000,11.76,6.81,false,false
1773229753000,21.92,11.40,false,false
1773229757000,28.45,18.22,false,false
1773229759000,34.34,24.66,false,false
1773229762000,34.34,24.66,true,false
1773229764000,29.94,29.22,false,false
1773229766000,25.54,32.64,false,false
1773229769000,25.54,32.64,true,false
1773229775000,0.00,32.64,true,false
1773229779000,0.00,32.64,true,false
1773229781000,0.00,32.64,true,false
1773229783000,0.00,25.53,false,false
1773229788000,5.87,20.01,false,false
1773229790000,10.61,15.91,false,false
1773229795000,10.61,15.91,true,false
1773229799000,0.00,15.91,true,false
1773229803000,0.00,15.91,true,false
1773229805000,0.00,15.91,true,false
1773229807000,0.00,15.91,true,false
1773229814000,0.00,15.91,true,false
1773229818000,0.00,11.00,false,false
1773229822000,5.40,8.23,false,false
1773229824000,5.40,8.23,true,false
1773229831000,10.14,7.37,false,false
1773229833000,18.35,7.61,false,false
1773229835000,18.35,7.61,true,false
1773229837000,25.34,8.64,false,false
1773229841000,16.74,8.64,true,false
1773229846000,0.00,16.78,true,false
1773229850000,42.01,23.43,false,false
1773229857000,0.00,0.00,false,false
1773229860000,0.00,0.00,true,false
1773229863000,19.53,9.72,false,false
1773229865000,19.53,9.72,true,false
1773229867000,20.21,13.92,false,false
1773229871000,20.21,13.92,true,false
1773229875000,14.37,14.85,false,false
1773229878000,15.30,16.52,false,false
1773229884000,18.55,16.21,false,false
1773229889000,23.39,17.80,false,false
1773229892000,23.39,17.80,true,false
1773229895000,29.45,20.12,false,false
1773229897000,29.45,20.12,true,false
1773229900000,25.48,22.77,false,false
1773229905000,21.61,21.48,false,false
1773229910000,13.59,18.05,false,false
1773229912000,13.59,18.05,true,false
1773229916000,0.00,18.05,true,false
1773229921000,0.00,18.05,true,false
1773229926000,0.00,18.05,true,false
1773229929000,0.00,18.05,true,false
1773229931000,0.00,18.05,true,false
1773229936000,0.00,18.05,true,false
1773229941000,0.00,18.05,true,false
1773229945000,0.00,18.05,true,false
1773229950000,0.00,18.05,true,false
1773229953000,0.00,18.05,true,false
1773229956000,0.00,18.05,true,false
1773229961000,0.00,18.05,true,false
1773229965000,0.00,18.05,true,false
1773229967000,0.00,18.05,true,false
1773229970000,0.00,18.05,true,false
1773229972000,0.00,18.05,true,false
1773229976000,0.00,18.05,true,false
1773229978000,0.00,18.05,true,false
1773229982000,0.00,18.05,true,false
1773229987000,0.00,18.05,true,false
1773229991000,0.00,18.05,true,false
1773229995000,0.00,18.05,true,false
1773230000000,0.00,18.05,true,false
1773230002000,0.00,18.05,true,false
1773230006000,0.00,18.05,true,false
1773230008000,0.00,18.05,true,false
1773230013000,0.00,18.05,true,false
1773230015000,0.00,18.05,true,false
1773230019000,0.00,18.05,true,false
1773230021000,0.00,18.05,true,false
1773230027000,0.00,18.05,true,false
1773230033000,0.00,18.05,true,false
1773230037000,0.00,18.05,true,false
1773230041000,0.00,18.05,true,false
1773230045000,0.00,18.05,true,false
1773230048000,0.00,18.05,true,false
1773230051000,0.00,18.05,true,false
1773230053000,0.00,18.05,true,false
1773230056000,0.00,18.05,true,false
1773230062000,0.00,18.05,true,false
1773230066000,0.00,18.05,true,false
1773230069000,0.00,18.05,true,false
1773230072000,0.00,18.05,true,false
1773230074000,0.00,18.05,true,false
1773230077000,0.00,18.05,true,false
1773230080000,0.00,18.05,true,false
1773230082000,0.00,18.05,true,false
1773230087000,0.00,18.05,true,false
1773230089000,0.00,18.05,true,false
1773230092000,0.00,18.05,true,false
1773230095000,0.00,18.05,true,false
1773230099000,0.00,18.05,true,false
1773230103000,0.00,18.05,true,false
1773230105000,0.00,18.05,true,false
1773230108000,0.00,18.05,true,false
1773230113000,0.00,18.05,true,false
1773230119000,0.00,18.05,true,false
1773230125000,0.00,18.05,true,false
1773230130000,0.00,18.05,true,false
1773230134000,0.00,18.05,true,false
1773230138000,0.00,18.05,true,false
1773230144000,0.00,18.05,true,false
1773230149000,0.00,18.05,true,false
1773230154000,0.00,18.05,true,false
1773230159000,0.00,18.05,true,false
1773230164000,0.00,18.05,true,false
1773230167000,0.00,18.05,true,false
1773230169000,0.00,18.05,true,false
1773230174000,0.00,18.05,true,false
1773230179000,0.00,18.05,true,false
1773230192000,0.00,18.05,true,false
1773230196000,0.00,18.05,true,false
1773230199000,0.00,18.05,true,false
1773230205000,0.00,18.05,true,false
1773230207000,0.00,18.05,true,false
1773230210000,0.00,18.05,true,false
1773230216000,0.00,18.05,true,false
1773230221000,0.00,18.05,true,false
1773230226000,0.00,18.05,true,false
1773230229000,0.00,18.05,true,false
1773230232000,0.00,18.05,true,false
1773230238000,0.00,18.05,true,false
1773230243000,0.00,18.05,true,false
1773230247000,0.00,18.05,true,false
1773230249000,0.00,18.05,true,false
1773230252000,0.00,18.05,true,false
1773230254000,0.00,18.05,true,false
1773230258000,0.00,18.05,true,false
1773230261000,0.00,18.05,true,false
1773230264000,0.00,18.05,true,false
1773230269000,0.00,18.05,true,false
1773230273000,0.00,18.05,true,false
1773230278000,0.00,18.05,true,false
1773230281000,0.00,18.05,true,false
1773230284000,0.00,18.05,true,false
1773230289000,0.00,18.05,true,false
1773230293000,0.00,18.05,true,false
1773230298000,0.00,18.05,true,false
1773230305000,0.00,18.05,true,false
1773230307000,0.00,18.05,true,false
1773230309000,0.00,18.05,true,false
1773230312000,0.00,18.05,true,false
1773230314000,0.00,18.05,true,false
1773230318000,0.00,18.05,true,false
1773230324000,0.00,18.05,true,false
1773230327000,0.00,18.05,true,false
1773230329000,0.00,18.05,true,false
1773230333000,0.00,18.05,true,false
1773230338000,0.00,18.05,true,false
1773230341000,0.00,18.05,true,false
1773230345000,0.00,18.05,true,false
1773230347000,0.00,18.05,true,false
1773230349000,0.00,18.05,true,false
1773230353000,0.00,18.05,true,false
1773230355000,0.00,18.05,true,false
1773230360000,0.00,18.05,true,false
1773230364000,0.00,18.05,true,false
1773230369000,0.00,18.05,true,false
1773230375000,0.00,18.05,true,false
1773230380000,0.00,18.05,true,false
1773230384000,0.00,18.05,true,false
1773230386000,0.00,18.05,true,false
1773230389000,0.00,18.05,true,false
1773230393000,0.00,18.05,true,false
1773230395000,0.00,18.05,true,false
1773230399000,0.00,18.05,true,false
1773230401000,0.00,18.05,true,false
1773230408000,0.00,18.05,true,false
1773230410000,0.00,18.05,true,false
1773230413000,0.00,18.05,true,false
1773230419000,0.00,18.05,true,false
1773230426000,0.00,18.05,true,false
1773230430000,0.00,18.05,true,false
1773230432000,0.00,18.05,true,false
1773230436000,0.00,18.05,true,false
1773230447000,0.00,18.05,true,false
1773230450000,0.00,18.05,true,false
1773230452000,0.00,18.05,true,false
1773230455000,0.00,18.05,true,false
1773230460000,0.00,18.05,true,false
1773230465000,0.00,18.05,true,false
1773230467000,0.00,18.05,true,false
1773230470000,0.00,18.05,true,false
1773230474000,0.00,18.05,true,false
1773230476000,0.00,18.05,true,false
1773230479000,0.00,18.05,true,false
1773230481000,0.00,18.05,true,false
1773230485000,0.00,18.05,true,false
1773230490000,0.00,18.05,true,false
1773230494000,0.00,18.05,true,false
1773230498000,0.00,18.05,true,false
1773230500000,0.00,18.05,true,false
1773230504000,0.00,18.05,true,false
1773230509000,0.00,18.05,true,false
1773230511000,0.00,18.05,true,false
1773230515000,0.00,18.05,true,false
1773230517000,0.00,18.05,true,false
1773230519000,0.00,18.05,true,false
1773230523000,0.00,18.05,true,false
1773230529000,0.00,18.05,true,false
1773230531000,0.00,18.05,true,false
1773230535000,0.00,18.05,true,false
1773230538000,0.00,18.05,true,false
1773230544000,0.00,18.05,true,false
1773230546000,0.00,18.05,true,false
1773230551000,0.00,18.05,true,false
1773230553000,0.00,18.05,true,false
1773230557000,0.00,18.05,true,false
1773230561000,0.00,18.05,true,false
1773230564000,0.00,18.05,true,false
1773230566000,0.00,18.05,true,false
1773230570000,0.00,18.05,true,false
1773230575000,0.00,18.05,true,false
1773230581000,0.00,18.05,true,false
1773230583000,0.00,18.05,true,false
1773230585000,0.00,18.05,true,false
1773230588000,0.00,18.05,true,false
1773230590000,0.00,18.05,true,false
1773230594000,0.00,18.05,true,false
1773230598000,0.00,18.05,true,false
1773230600000,0.00,18.05,true,false
1773230605000,0.00,18.05,true,false
1773230608000,0.00,18.05,true,false
1773230611000,0.00,18.05,true,false
1773230614000,0.00,18.05,true,false
1773230618000,0.00,18.05,true,false
1773230620000,0.00,18.05,true,false
1773230623000,0.00,18.05,true,false
1773230627000,0.00,18.05,true,false
1773230629000,0.00,18.05,true,false
1773230633000,0.00,18.05,true,false
1773230637000,0.00,18.05,true,false
1773230643000,0.00,18.05,true,false
1773230652000,0.00,18.05,true,false
1773230656000,0.00,18.05,true,false
1773230658000,0.00,18.05,true,false
1773230661000,0.00,18.05,true,false
1773230663000,0.00,18.05,true,false
1773230667000,0.00,18.05,true,false
1773230671000,0.00,18.05,true,false
1773230673000,0.00,18.05,true,false
1773230678000,0.00,18.05,true,false
1773230680000,0.00,18.05,true,false
1773230682000,0.00,18.05,true,false
1773230684000,0.00,18.05,true,false
1773230688000,0.00,18.05,true,false
1773230694000,0.00,18.05,true,false
1773230697000,0.00,18.05,true,false
1773230699000,0.00,18.05,true,false
1773230701000,0.00,18.05,true,false
1773230705000,0.00,18.05,true,false
1773230707000,0.00,18.05,true,false
1773230709000,0.00,18.05,true,false
1773230714000,0.00,18.05,true,false
1773230718000,0.00,18.05,true,false
1773230724000,0.00,18.05,true,false
1773230729000,0.00,18.05,true,false
1773230733000,0.00,18.05,true,false
1773230737000,0.00,18.05,true,false
1773230739000,0.00,18.05,true,false
1773230744000,0.00,18.05,true,false
1773230750000,0.00,18.05,true,false
1773230754000,0.00,18.05,true,false
1773230758000,0.00,18.05,true,false
1773230760000,0.00,18.05,true,false
1773230768000,0.00,18.05,true,false
1773230771000,0.00,18.05,true,false
1773230773000,0.00,18.05,true,false
1773230780000,0.00,18.05,true,false
1773230784000,0.00,18.05,true,false
1773230786000,0.00,18.05,true,false
1773230789000,0.00,18.05,true,false
1773230792000,0.00,18.05,true,false
1773230794000,0.00,18.05,true,false
1773230800000,0.00,18.05,true,false
1773230804000,0.00,18.05,true,false
1773230806000,0.00,18.05,true,false
1773230808000,0.00,18.05,true,false
1773230812000,0.00,18.05,true,false
1773230816000,0.00,18.05,true,false
1773230818000,0.00,18.05,true,false
1773230820000,0.00,18.05,true,false
1773230823000,0.00,18.05,true,false
1773230825000,0.00,18.05,true,false
1773230830000,0.00,18.05,true,false
1773230834000,0.00,18.05,true,false
1773230837000,0.00,18.05,true,false
1773230839000,0.00,18.05,true,false
1773230843000,0.00,18.05,true,false
1773230846000,0.00,18.05,true,false
1773230851000,0.00,18.05,true,false
1773230856000,0.00,18.05,true,false
1773230860000,0.00,18.05,true,false
1773230863000,0.00,18.05,true,false
1773230865000,0.00,18.05,true,false
1773230868000,0.00,18.05,true,false
1773230871000,0.00,18.05,true,false
1773230874000,0.00,18.05,true,false
1773230876000,0.00,18.05,true,false
1773230879000,0.00,18.05,true,false
1773230883000,0.00,18.05,true,false
1773230886000,0.00,18.05,true,false
1773230893000,0.00,18.05,true,false
1773230895000,0.00,18.05,true,false
1773230898000,0.00,18.05,true,false
1773230902000,0.00,18.05,true,false
1773230905000,0.00,18.05,true,false
1773230908000,0.00,18.05,true,false
1773230910000,0.00,18.05,true,false
1773230915000,0.00,18.05,true,false
1773230920000,0.00,18.05,true,false
1773230922000,0.00,18.05,true,false
1773230928000,0.00,18.05,true,false
1773230930000,0.00,18.05,true,false
1773230932000,0.00,18.05,true,false
1773230936000,0.00,18.05,true,false
1773230938000,0.00,18.05,true,false
1773230940000,0.00,18.05,true,false
1773230945000,0.00,18.05,true,false
1773230950000,0.00,18.05,true,false
1773230954000,0.00,18.05,true,false
1773230958000,0.00,18.05,true,false
1773230962000,0.00,18.05,true,false
1773230964000,0.00,18.05,true,false
1773230966000,0.00,18.05,true,false
1773230970000,0.00,18.05,true,false
1773230974000,0.00,18.05,true,false
1773230980000,0.00,18.05,true,false
1773230984000,0.00,18.05,true,false
1773230986000,0.00,18.05,true,false
1773230988000,0.00,18.05,true,false
1773230992000,0.00,18.05,true,false
1773230994000,0.00,18.05,true,false
1773230999000,0.00,18.05,true,false
1773231005000,0.00,18.05,true,false
1773231009000,0.00,18.05,true,false
1773231011000,0.00,18.05,true,false
1773231013000,0.00,18.05,true,false
1773231016000,0.00,18.05,true,false
1773231019000,0.00,18.05,true,false
1773231022000,0.00,18.05,true,false
1773231025000,0.00,18.05,true,false
1773231028000,0.00,18.05,true,false
1773231033000,0.00,18.05,true,false
1773231037000,0.00,18.05,true,false
1773231039000,0.00,18.05,true,false
1773231041000,0.00,18.05,true,false
1773231043000,0.00,18.05,true,false
1773231046000,0.00,18.05,true,false
1773231049000,0.00,18.05,true,false
1773231052000,0.00,18.05,true,false
1773231058000,0.00,18.05,true,false
1773231062000,0.00,18.05,true,false
1773231064000,0.00,18.05,true,false
1773231066000,0.00,18.05,true,false
1773231069000,0.00,18.05,true,false
1773231073000,0.00,18.05,true,false
1773231081000,0.00,18.05,true,false
1773231085000,0.00,18.05,true,false
1773231087000,0.00,18.05,true,false
1773231090000,0.00,18.05,true,false
1773231094000,0.00,18.05,true,false
1773231096000,0.00,18.05,true,false
1773231100000,0.00,18.05,true,false
1773231104000,0.00,18.05,true,false
1773231106000,0.00,18.05,true,false
1773231109000,0.00,18.05,true,false
1773231111000,0.00,18.05,true,false
1773231115000,0.00,18.05,true,false
1773231117000,0.00,18.05,true,false
1773231121000,0.00,18.05,true,false
1773231123000,0.00,18.05,true,false
1773231128000,0.00,18.05,true,false
1773231130000,0.00,18.05,true,false
1773231132000,0.00,18.05,true,false
1773231135000,0.00,18.05,true,false
1773231143000,0.00,18.05,true,false
1773231147000,0.00,18.05,true,false
1773231149000,0.00,18.05,true,false
1773231151000,0.00,18.05,true,false
1773231154000,0.00,18.05,true,false
1773231158000,0.00,18.05,true,false
1773231160000,0.00,18.05,true,false
1773231166000,0.00,18.05,true,false
1773231168000,0.00,18.05,true,false
1773231170000,0.00,18.05,true,false
1773231175000,0.00,18.05,true,false
1773231177000,0.00,18.05,true,false
1773231179000,0.00,18.05,true,false
1773231181000,0.00,18.05,true,false
1773231185000,0.00,18.05,true,false
1773231189000,0.00,18.05,true,false
1773231191000,0.00,18.05,true,false
1773231195000,0.00,18.05,true,false
1773231197000,0.00,18.05,true,false
1773231201000,0.00,18.05,true,false
1773231206000,0.00,18.05,true,false
1773231208000,0.00,18.05,true,false
1773231210000,0.00,18.05,true,false
1773231214000,0.00,18.05,true,false
1773231216000,0.00,18.05,true,false
1773231222000,0.00,18.05,true,false
1773231225000,0.00,18.05,true,false
1773231227000,0.00,18.05,true,false
1773231231000,0.00,18.05,true,false
1773231233000,0.00,18.05,true,false
1773231235000,0.00,18.05,true,false
1773231238000,0.00,18.05,true,false
1773231240000,0.00,18.05,true,false
1773231246000,0.00,18.05,true,false
1773231250000,0.00,18.05,true,false
1773231252000,0.00,18.05,true,false
1773231255000,0.00,18.05,true,false
1773231257000,0.00,18.05,true,false
1773231259000,0.00,18.05,true,false
1773231264000,0.00,18.05,true,false
1773231266000,0.00,18.05,true,false
1773231271000,0.00,18.05,true,false
1773231273000,0.00,18.05,true,false
1773231275000,0.00,18.05,true,false
1773231279000,0.00,18.05,true,false
1773231281000,0.00,18.05,true,false
1773231285000,0.00,18.05,true,false
1773231287000,0.00,18.05,true,false
1773231293000,0.00,18.05,true,false
1773231296000,0.00,18.05,true,false
1773231301000,0.00,18.05,true,false
1773231305000,0.00,18.05,true,false
1773231307000,0.00,18.05,true,false
1773231312000,0.00,18.05,true,false
1773231316000,0.00,18.05,true,false
1773231318000,0.00,18.05,true,false
1773231322000,0.00,18.05,true,false
1773231327000,0.00,18.05,true,false
1773231331000,0.00,18.05,true,false
1773231333000,0.00,18.05,true,false
1773231336000,0.00,18.05,true,false
1773231340000,0.00,18.05,true,false
1773231342000,0.00,18.05,true,false
1773231345000,0.00,18.05,true,false
1773231351000,0.00,18.05,true,false
1773231353000,0.00,18.05,true,false
1773231357000,0.00,18.05,true,false
1773231364000,0.00,18.05,true,false
1773231369000,0.00,18.05,true,false
1773231371000,0.00,18.05,true,false
1773231374000,0.00,18.05,true,false
1773231378000,0.00,18.05,true,false
1773231380000,0.00,18.05,true,false
1773231383000,0.00,18.05,true,false
1773231387000,0.00,18.05,true,false
1773231389000,0.00,18.05,true,false
1773231394000,0.00,18.05,true,false
1773231396000,0.00,18.05,true,false
1773231406000,0.00,18.05,true,false
1773231410000,0.00,18.05,true,false
1773231412000,0.00,18.05,true,false
1773231415000,0.00,18.05,true,false
1773231424000,0.00,18.05,true,false
1773231426000,0.00,18.05,true,false
1773231429000,0.00,18.05,true,false
1773231431000,0.00,18.05,true,false
1773231435000,0.00,18.05,true,false
1773231437000,0.00,18.05,true,false
1773231446000,0.00,18.05,true,false
1773231450000,0.00,18.05,true,false
1773231452000,0.00,18.05,true,false
1773231455000,0.00,18.05,true,false
1773231457000,0.00,18.05,true,false
1773231459000,0.00,18.05,true,false
1773231463000,0.00,18.05,true,false
1773231465000,0.00,18.05,true,false
1773231467000,0.00,18.05,true,false
1773231470000,0.00,18.05,true,false
1773231473000,0.00,18.05,true,false
1773231477000,0.00,18.05,true,false
1773231479000,0.00,18.05,true,false
1773231484000,0.00,18.05,true,false
1773231486000,0.00,18.05,true,false
1773231489000,0.00,18.05,true,false
1773231492000,0.00,18.05,true,false
1773231497000,0.00,18.05,true,false
1773231501000,0.00,18.05,true,false
1773231504000,0.00,18.05,true,false
1773231507000,0.00,18.05,true,false
1773231510000,0.00,18.05,true,false
1773231512000,0.00,18.05,true,false
1773231515000,0.00,18.05,true,false
1773231517000,0.00,18.05,true,false
1773231521000,0.00,18.05,true,false
1773231527000,0.00,18.05,true,false
1773231529000,0.00,18.05,true,false
1773231532000,0.00,18.05,true,false
1773231534000,0.00,18.05,true,false
1773231536000,0.00,18.05,true,false
1773231541000,0.00,18.05,true,false
1773231544000,0.00,18.05,true,false
1773231550000,0.00,18.05,true,false
1773231553000,0.00,18.05,true,false
1773231555000,0.00,18.05,true,false
1773231560000,0.00,18.05,true,false
1773231563000,0.00,18.05,true,false
1773231565000,0.00,18.05,true,false
1773231570000,0.00,18.05,true,false
1773231574000,0.00,18.05,true,false
1773231576000,0.00,18.05,true,false
1773231579000,0.00,18.05,true,false
1773231584000,0.00,10.93,false,false
1773231589000,5.01,6.63,false,false
1773231591000,5.01,6.63,true,false
1773231594000,11.60,4.07,false,false
1773231596000,11.60,4.07,true,false
1773231598000,14.14,2.50,false,false
1773231602000,11.39,1.55,false,false
1773231604000,11.39,1.55,true,false
1773231608000,0.00,1.55,true,false
1773231610000,0.00,1.55,true,false
1773231613000,0.00,3.54,false,false
1773231615000,0.00,3.54,true,false
1773231619000,8.57,4.01,false,false
1773231625000,19.29,7.21,false,false
1773231636000,28.91,12.46,false,false
1773231638000,34.62,17.22,false,false
1773231641000,33.95,23.65,false,false
1773231647000,33.95,17.82,false,false
1773231649000,0.00,17.82,true,false
1773231652000,0.00,17.82,true,false
1773231654000,0.00,17.82,true,false
1773231656000,0.00,17.82,true,false
1773231660000,0.00,17.82,true,false
1773231662000,0.00,17.82,true,false
1773231668000,0.00,17.82,true,false
1773231671000,0.00,17.82,true,false
1773231674000,0.00,17.82,true,false
1773231677000,0.00,17.82,true,false
1773231679000,0.00,17.82,true,false
1773231682000,0.00,17.82,true,false
1773231684000,0.00,17.82,true,false
1773231686000,0.00,17.82,true,false
1773231690000,0.00,17.82,true,false
1773231692000,0.00,17.82,true,false
1773231694000,0.00,17.82,true,false
1773231700000,0.00,12.06,false,false
1773231706000,5.32,9.01,false,false
1773231708000,12.98,7.21,false,false
1773231710000,12.98,7.21,true,false
1773231715000,17.50,6.39,false,false
1773231719000,17.50,6.39,true,false
1773231721000,0.00,6.39,true,false
1773231725000,0.00,6.39,true,false
1773231730000,0.00,3.91,false,false
1773231732000,7.53,8.35,false,false
1773231735000,7.53,8.35,true,false
1773231738000,20.89,12.69,false,false
1773231740000,20.89,12.69,true,false
1773231746000,18.73,14.40,false,false
1773231750000,23.10,15.61,false,false
1773231752000,23.10,15.61,true,false
1773231759000,25.25,21.33,false,false
1773231764000,14.78,18.59,false,false
1773231768000,14.78,14.52,false,false
1773231770000,0.00,14.52,true,false
1773231772000,0.00,14.52,true,false
1773231774000,0.00,10.03,false,false
1773231778000,0.00,6.85,false,false
1773231780000,0.00,6.85,true,false
1773231782000,0.00,6.85,true,false
1773231787000,0.00,6.85,true,false
1773231790000,0.00,6.85,true,false
1773231792000,0.00,6.85,true,false
1773231796000,0.00,6.85,true,false
1773231798000,0.00,6.85,true,false
1773231805000,0.00,2.05,false,true
1773231807000,4.89,2.24,false,false
1773231810000,4.89,2.24,true,false
1773231812000,0.00,2.24,true,false
1773231816000,9.39,2.61,false,false
1773231818000,13.56,3.24,false,false
1773231820000,13.56,3.24,true,false
1773231822000,0.00,3.24,true,false
1773231827000,0.00,3.24,true,false
1773231831000,0.00,3.24,true,false
1773231833000,0.00,3.24,true,false
1773231839000,0.00,3.24,true,false
1773231843000,0.00,3.24,true,false
1773231848000,0.00,3.24,true,false
1773231851000,0.00,3.24,true,false
1773231855000,0.00,3.24,true,false
1773231861000,0.00,3.24,true,false
1773231864000,0.00,3.24,true,false
1773231866000,0.00,2.82,false,false
1773231868000,0.00,2.82,true,false
1773231871000,4.83,3.02,false,false
1773231873000,4.83,3.02,true,false
1773231877000,11.48,3.14,false,false
1773231883000,10.82,3.35,false,false
1773231888000,9.83,3.19,false,false
1773231890000,9.83,3.19,true,false
1773231894000,0.00,3.19,true,false
1773231898000,0.00,3.19,true,false
1773231901000,0.00,4.19,false,false
1773231903000,0.00,4.19,true,false
1773231905000,0.00,4.19,true,false
1773231908000,0.00,4.02,false,false
1773231911000,0.00,4.02,true,false
1773231915000,6.11,4.48,false,false
1773231917000,6.11,4.48,true,false
1773231920000,0.00,4.48,true,false
1773231922000,0.00,4.48,true,false
1773231924000,0.00,4.48,true,false
1773231928000,0.00,4.48,true,false
1773231930000,0.00,4.48,true,false
1773231936000,0.00,4.48,true,false
1773231940000,0.00,4.48,true,false
1773231942000,0.00,4.48,true,false
1773231945000,0.00,3.71,false,false
1773231949000,5.51,3.57,false,false
1773231955000,5.51,3.57,true,false
1773231958000,15.51,4.71,false,false
1773231960000,15.51,4.71,true,false
1773231963000,24.47,6.68,false,false
1773231966000,30.68,8.92,false,false
1773231971000,27.85,15.56,false,false
1773231977000,27.85,15.56,true,false
1773231979000,32.63,20.67,false,false
1773231981000,32.52,25.59,false,false
1773231984000,32.52,25.59,true,false
1773231990000,0.00,21.36,false,false
1773231992000,0.00,21.36,true,false
1773231996000,0.00,14.54,false,false
1773232002000,3.48,13.17,false,false
1773232005000,3.48,13.17,true,false
1773232009000,6.29,10.63,false,false
1773232011000,10.83,9.17,false,false
1773232016000,17.47,10.99,false,false
1773232020000,17.47,10.99,true,false
1773232022000,27.27,14.68,false,false
1773232025000,36.23,19.71,false,false
1773232027000,36.23,19.71,true,false
1773232030000,0.00,19.71,true,false
1773232032000,16.25,23.88,false,false
1773232035000,16.25,23.88,true,false
1773232039000,0.00,23.88,true,false
1773232041000,0.00,22.52,false,false
1773232044000,0.00,22.52,true,false
1773232046000,0.00,22.52,true,false
1773232050000,13.30,21.20,false,false
1773232052000,13.30,21.20,true,false
1773232055000,18.06,19.25,false,false
1773232061000,18.06,14.04,false,false
1773232063000,0.00,14.04,true,false
1773232066000,11.19,12.87,false,false
1773232068000,11.19,12.87,true,false
1773232074000,15.01,14.20,false,false
1773232078000,26.99,16.21,false,false
1773232080000,33.55,19.14,false,false
1773232082000,33.55,19.14,true,false
1773232085000,0.00,21.38,false,false
1773232089000,0.00,13.96,false,false
1773232093000,0.00,13.96,true,false
1773232099000,0.00,8.75,false,false
1773232104000,6.01,8.99,false,false
1773232106000,6.01,8.99,true,false
1773232108000,9.56,8.41,false,false
1773232113000,8.39,8.07,false,false
1773232119000,8.39,6.18,false,false
1773232121000,0.00,6.18,true,false
1773232125000,0.00,6.18,true,false
1773232127000,0.00,4.19,false,false
1773232129000,0.00,4.19,true,false
1773232132000,8.11,5.64,false,false
1773232136000,8.11,5.64,true,false
1773232142000,16.12,7.01,false,false
1773232145000,24.91,9.92,false,false
1773232149000,24.91,9.92,true,false
1773232151000,0.00,9.92,true,false
1773232155000,0.00,9.92,true,false
1773232157000,0.00,9.92,true,false
1773232159000,0.00,10.59,false,false
1773232163000,5.88,12.21,false,false
1773232168000,5.88,12.21,true,false
1773232170000,12.39,12.25,false,false
1773232174000,23.10,13.26,false,false
1773232179000,32.90,15.71,false,false
1773232183000,32.90,15.71,true,false
1773232187000,47.13,22.63,false,false
1773232189000,47.13,22.63,true,false
1773232191000,0.00,22.63,true,false
1773232193000,0.00,22.63,true,false
1773232196000,0.00,22.63,true,false
1773232199000,0.00,22.63,true,false
1773232202000,0.00,22.63,true,false
1773232204000,0.00,22.63,true,false
1773232208000,0.00,22.63,true,false
1773232214000,0.00,22.63,true,false
1773232218000,0.00,22.63,true,false
1773232220000,0.00,22.63,true,false
1773232223000,0.00,22.63,true,false
1773232227000,0.00,22.63,true,false
1773232229000,0.00,22.63,true,false
1773232231000,0.00,22.63,true,false
1773232235000,0.00,22.63,true,false
1773232237000,0.00,18.46,false,false
1773232243000,7.56,13.26,false,false
1773232245000,7.56,13.26,true,false
1773232248000,23.02,13.03,false,false
1773232252000,16.84,13.03,true,false
1773232255000,37.90,12.90,false,false
1773232257000,40.65,12.90,true,false
1773232265000,0.00,18.38,false,false
1773232267000,0.00,18.38,true,false
1773232270000,22.52,19.84,false,false
1773232273000,22.52,13.98,false,false
1773232275000,0.00,13.98,true,false
1773232279000,0.00,13.98,true,false
1773232281000,0.00,13.98,true,false
1773232285000,0.00,13.98,true,false
1773232287000,0.00,13.98,true,false
1773232291000,0.00,13.98,true,false
1773232296000,0.00,8.70,false,false
1773232298000,8.06,9.93,false,false
1773232300000,8.06,9.93,true,false
1773232304000,21.02,10.40,false,false
1773232310000,32.86,12.38,false,false
1773232312000,32.86,12.38,true,false
1773232315000,43.72,15.80,false,false
1773232317000,43.72,15.80,true,false
1773232319000,51.71,28.89,false,false
1773232321000,48.19,34.97,false,false
1773232326000,48.19,34.97,true,false
1773232328000,0.00,34.17,false,false
1773232332000,0.00,34.17,true,false
1773232334000,0.00,34.17,true,false
1773232338000,0.00,34.17,true,false
1773232342000,0.00,23.00,false,false
1773232348000,6.61,18.67,false,false
1773232354000,0.00,0.00,true,false
1773232358000,0.00,0.00,true,false
1773232362000,0.00,17.28,true,false
1773232367000,43.51,30.95,false,false
1773232369000,43.51,30.95,true,false
1773232373000,41.64,37.90,false,false
1773232375000,44.29,42.50,false,false
1773232379000,44.29,29.24,false,false
1773232383000,0.00,29.24,true,false
1773232389000,0.00,29.24,true,false
1773232391000,0.00,29.24,true,false
1773232395000,0.00,29.24,true,false
1773232398000,0.00,29.24,true,false
1773232400000,0.00,29.24,true,false
1773232402000,0.00,29.24,true,false
1773232406000,0.00,29.24,true,false
1773232408000,0.00,29.24,true,false
1773232410000,0.00,29.24,true,false
1773232413000,0.00,29.24,true,false
1773232417000,0.00,29.24,true,false
1773232419000,0.00,29.24,true,false
1773232423000,0.00,18.67,false,false
1773232425000,0.00,18.67,true,false
1773232427000,10.66,14.63,false,false
1773232431000,10.66,14.63,true,false
1773232435000,0.00,12.49,true,false
1773232440000,39.16,11.85,false,false
1773232442000,47.57,12.52,false,false
1773232446000,47.57,12.52,true,false
1773232450000,0.00,16.90,false,false
1773232452000,0.00,16.90,true,false
1773232454000,0.00,16.90,true,false
1773232459000,10.47,16.70,false,false
1773232461000,10.47,16.70,true,false
1773232465000,17.91,19.53,false,false
1773232467000,28.10,21.20,false,false
1773232471000,28.10,21.20,true,false
1773232473000,0.00,21.20,true,false
1773232478000,0.00,21.20,true,false
1773232480000,0.00,21.20,true,false
1773232484000,0.00,21.20,true,false
1773232486000,0.00,21.20,true,false
1773232492000,0.00,16.21,false,false
1773232494000,8.05,14.70,false,false
1773232497000,8.05,14.70,true,false
1773232501000,14.27,14.03,false,false
1773232503000,14.27,14.03,true,false
1773232505000,0.00,14.03,true,false
1773232509000,0.00,11.82,false,false
1773232511000,0.00,9.37,false,false
1773232515000,0.00,9.37,true,false
1773232517000,12.37,12.13,false,false
1773232519000,12.37,12.13,true,false
1773232524000,26.00,14.10,false,false
1773232526000,26.00,14.10,true,false
1773232531000,0.00,19.45,true,false
1773232533000,0.00,19.45,true,false
1773232539000,0.00,29.14,true,false
1773232550000,0.00,0.00,true,false
1773232556000,0.00,0.00,true,false
1773232562000,0.00,0.00,true,false
1773232568000,0.00,15.76,false,false
1773232573000,0.00,15.76,true,false
1773232575000,0.00,15.76,true,false
1773232579000,0.00,15.76,true,false
1773232581000,0.00,16.41,false,false
1773232583000,0.00,16.41,true,false
1773232587000,10.78,17.33,false,false
1773232591000,10.78,17.33,true,false
1773232595000,32.83,20.31,false,false
1773232600000,0.00,0.00,true,false
1773232602000,0.00,0.00,true,false
1773232606000,44.84,0.00,false,false
1773232615000,0.00,0.00,false,false
1773232617000,0.00,0.00,true,false
1773232621000,48.04,19.22,false,false
1773232625000,54.66,33.39,false,false
1773232627000,54.66,33.39,true,false
1773232631000,64.29,43.20,false,false
1773232633000,64.29,43.20,true,false
1773232635000,27.29,43.20,true,false
1773232640000,53.64,47.50,false,false
1773232646000,0.00,0.00,true,false
1773232650000,14.21,0.00,false,false
1773232655000,13.06,5.22,false,false
1773232657000,13.06,5.22,true,false
1773232661000,15.28,9.25,false,false
1773232667000,20.49,12.43,false,false
1773232669000,20.49,12.43,true,false
1773232674000,0.00,12.43,true,false
1773232676000,0.00,12.43,true,false
1773232680000,0.00,12.43,true,false
1773232682000,0.00,12.43,true,false
1773232685000,0.00,12.43,true,false
1773232691000,0.00,9.26,false,false
1773232694000,0.00,6.27,false,false
1773232700000,3.26,6.76,false,false
1773232702000,3.26,6.76,true,false
1773232704000,0.00,6.13,false,false
1773232708000,0.00,6.13,true,false
1773232710000,8.24,5.16,false,false
1773232712000,8.24,5.16,true,false
1773232715000,11.47,6.22,false,false
1773232717000,11.47,6.22,true,false
1773232722000,20.69,8.08,false,false
1773232724000,20.69,8.08,true,false
1773232728000,24.28,10.94,false,false
1773232730000,30.36,15.79,false,false
1773232735000,38.06,22.24,false,false
1773232739000,38.06,22.24,true,false
1773232743000,40.22,26.18,false,false
1773232745000,49.03,32.41,false,false
1773232749000,15.98,32.41,true,false
1773232751000,40.27,37.92,false,false
1773232753000,55.38,40.42,false,false
1773232760000,8.34,28.37,false,false
1773232766000,13.56,23.58,false,false
1773232768000,13.56,23.58,true,false
1773232770000,28.96,26.61,false,false
1773232772000,22.06,26.61,true,false
1773232777000,25.94,27.18,false,false
1773232779000,25.94,27.18,true,false
1773232781000,26.43,26.14,false,false
1773232785000,26.43,26.14,true,false
1773232787000,0.00,26.14,true,false
1773232791000,0.00,26.14,true,false
1773232793000,0.00,26.14,true,false
1773232796000,0.00,26.14,true,false
1773232798000,0.00,26.14,true,false
1773232802000,8.23,21.93,false,false
1773232804000,8.23,21.93,true,false
1773232808000,23.17,20.73,false,false
1773232810000,38.34,20.53,false,false
1773232814000,38.34,20.53,true,false
1773232816000,46.14,21.15,false,false
1773232818000,38.40,21.15,true,false
1773232822000,41.64,22.00,false,false
1773232827000,33.53,24.04,false,false
1773232833000,0.09,14.48,false,false
1773232835000,0.09,14.48,true,false
1773232837000,0.00,14.48,true,false
1773232840000,0.00,9.10,false,false
1773232846000,8.82,12.38,false,false
1773232848000,8.82,12.38,true,false
1773232852000,13.25,13.21,false,false
1773232857000,13.12,11.91,false,false
1773232862000,16.94,12.37,false,false
1773232864000,16.94,12.37,true,false
1773232868000,33.39,17.42,false,false
1773232870000,33.39,17.42,true,false
1773232874000,22.47,21.09,false,false
1773232876000,22.47,21.09,true,false
1773232878000,0.00,21.09,true,false
1773232881000,26.66,23.27,false,false
1773232885000,27.03,24.01,false,false
1773232887000,27.03,24.01,true,false
1773232889000,0.00,24.01,true,false
1773232891000,0.00,24.01,true,false
1773232893000,0.00,24.01,true,false
1773232898000,0.00,16.52,false,false
1773232900000,0.00,16.52,true,false
1773232902000,5.24,12.65,false,false
1773232906000,5.24,12.65,true,false
1773232910000,14.71,13.89,false,false
1773232912000,14.71,13.89,true,false
1773232914000,25.76,13.50,false,false
1773232917000,25.76,13.50,true,false
1773232919000,15.70,12.72,false,false
1773232921000,15.70,12.72,true,false
1773232925000,20.18,14.46,false,false
1773232927000,20.18,14.46,true,false
1773232931000,25.92,17.16,false,false
1773232936000,26.18,19.64,false,false
1773232940000,33.60,22.26,false,false
1773232942000,33.60,22.26,true,false
1773232944000,0.00,22.26,true,false
1773232946000,35.67,25.91,false,false
1773232949000,47.50,31.54,false,false
1773232955000,24.63,26.69,false,false
1773232957000,24.63,26.69,true,false
1773232961000,37.60,29.56,false,false
1773232963000,37.60,29.56,true,false
1773232967000,20.27,28.64,false,false
1773232969000,20.27,28.64,true,false
1773232972000,0.00,28.64,true,false
1773232974000,0.00,28.64,true,false
1773232980000,10.87,24.73,false,false
1773232982000,10.87,24.73,true,false
1773232986000,24.55,22.31,false,false
1773232988000,24.55,22.31,true,false
1773232991000,0.00,19.85,false,false
1773232995000,0.00,19.85,true,false
1773232997000,0.00,19.85,true,false
1773232999000,0.00,17.39,false,false
1773233001000,0.00,14.51,false,false
1773233003000,0.00,14.51,true,false
1773233008000,10.06,15.57,false,false
1773233010000,10.06,15.57,true,false
1773233012000,26.48,15.54,false,false
1773233016000,38.32,18.79,false,false
1773233020000,38.32,18.79,true,false
1773233022000,47.33,25.50,false,false
1773233027000,27.70,22.68,false,false
1773233029000,25.45,19.98,false,false
1773233031000,25.45,19.98,true,false
1773233035000,0.00,19.98,true,false
1773233037000,0.00,19.98,true,false
1773233041000,0.00,19.98,true,false
1773233043000,0.00,16.49,false,false
1773233046000,0.00,16.49,true,false
1773233052000,7.51,15.57,false,false
1773233056000,0.00,0.00,true,false
1773233060000,43.57,0.00,false,false
1773233062000,43.57,0.00,true,false
1773233064000,0.00,0.00,true,false
1773233067000,31.87,13.50,false,false
1773233071000,21.15,15.30,false,false
1773233074000,21.15,15.30,true,false
1773233077000,0.00,15.30,true,false
1773233079000,0.00,15.30,true,false
1773233084000,0.00,10.61,false,false
1773233086000,0.00,10.61,true,false
1773233090000,8.77,13.19,false,false
1773233094000,8.77,13.19,true,false
1773233097000,23.43,14.87,false,false
1773233099000,27.06,14.87,true,false
1773233104000,37.67,16.91,false,false
1773233110000,0.00,0.00,false,false
1773233112000,0.00,0.00,true,false
1773233116000,0.00,7.76,false,false
1773233118000,0.00,7.76,true,false
1773233120000,0.00,7.35,false,false
1773233123000,0.00,7.35,true,false
1773233125000,0.00,7.35,true,false
1773233129000,0.00,5.10,false,false
1773233133000,0.00,5.10,false,false
1773233135000,0.00,5.10,true,false
1773233137000,0.00,5.10,true,false
1773233139000,7.46,5.07,false,false
1773233146000,9.78,5.24,false,false
1773233148000,9.78,5.24,true,false
1773233150000,18.67,7.35,false,false
1773233154000,25.11,11.66,false,false
1773233156000,25.11,11.66,true,false
1773233160000,19.17,14.68,false,false
1773233162000,19.17,14.68,true,false
1773233164000,0.00,15.52,false,false
1773233169000,0.00,10.27,false,false
1773233171000,0.00,10.27,true,false
1773233173000,7.21,10.74,false,false
1773233175000,7.21,10.74,true,false
1773233181000,9.57,9.91,false,false
1773233184000,15.12,9.81,false,false
1773233186000,15.12,9.81,true,false
1773233190000,0.00,9.81,true,false
1773233193000,0.00,9.81,true,false
1773233195000,0.00,9.81,true,false
1773233199000,0.00,8.42,false,false
1773233203000,7.93,9.31,false,false
1773233207000,7.93,9.31,true,false
1773233209000,0.00,9.31,true,false
1773233216000,0.00,14.79,false,false
1773233221000,47.56,18.15,false,false
1773233223000,47.56,18.15,true,false
1773233225000,50.67,27.46,false,false
1773233229000,16.64,27.46,true,false
1773233231000,44.20,32.91,false,false
1773233235000,13.72,32.91,true,false
1773233237000,41.45,36.10,false,false
1773233241000,32.47,36.88,false,false
1773233244000,32.47,36.88,true,false
1773233248000,32.13,35.36,false,false
1773233250000,32.13,35.36,true,false
1773233252000,39.29,34.66,false,false
1773233255000,37.29,34.37,false,false
1773233259000,37.29,34.37,true,false
1773233261000,31.43,32.18,false,false
1773233265000,39.53,31.45,false,false
1773233267000,39.53,31.45,true,false
1773233273000,35.42,32.25,false,false
1773233276000,53.56,36.87,false,false
1773233278000,53.56,36.87,true,false
1773233281000,44.54,38.87,false,false
1773233283000,44.54,38.87,true,false
1773233287000,21.81,34.93,false,false
1773233289000,21.81,34.93,true,false
1773233293000,20.58,29.16,false,false
1773233299000,12.39,21.99,false,false
1773233301000,18.20,20.32,false,false
1773233303000,18.20,18.26,false,false
1773233305000,0.00,18.26,true,false
1773233309000,0.00,18.26,true,false
1773233313000,0.00,18.26,true,false
1773233315000,0.00,18.26,true,false
1773233317000,0.00,18.26,true,false
1773233319000,0.00,18.26,true,false
1773233327000,0.00,18.26,true,false
1773233329000,0.00,18.26,true,false
1773233331000,0.00,18.26,true,false
1773233333000,0.00,18.26,true,false
1773233338000,0.00,18.26,true,false
1773233340000,0.00,18.26,true,false
1773233342000,0.00,18.26,true,false
1773233346000,0.00,18.26,true,false
1773233348000,0.00,18.26,true,false
1773233352000,0.00,18.26,true,false
1773233354000,0.00,18.26,true,false
1773233359000,0.00,18.26,true,false
1773233364000,0.00,18.26,true,false
1773233366000,0.00,18.26,true,false
1773233368000,0.00,18.26,true,false
1773233370000,0.00,18.26,true,false
1773233374000,0.00,18.26,true,false
1773233379000,0.00,18.26,true,false
1773233381000,0.00,18.26,true,false
1773233385000,0.00,18.26,true,false
1773233387000,0.00,18.26,true,false
1773233391000,0.00,18.26,true,false
1773233393000,0.00,18.26,true,false
1773233395000,0.00,18.26,true,false
1773233399000,0.00,18.26,true,false
1773233405000,0.00,18.26,true,false
1773233411000,0.00,18.26,true,false
1773233414000,0.00,18.26,true,false
1773233417000,0.00,18.26,true,false
1773233421000,0.00,18.26,true,false
1773233425000,0.00,18.26,true,false
1773233430000,0.00,18.26,true,false
1773233432000,0.00,18.26,true,false
1773233436000,0.00,18.26,true,false
1773233438000,0.00,18.26,true,false
1773233440000,0.00,18.26,true,false
1773233443000,0.00,18.26,true,false
1773233445000,0.00,18.26,true,false
1773233455000,0.00,18.26,true,false
1773233457000,0.00,18.26,true,false
1773233461000,0.00,18.26,true,false
1773233463000,0.00,18.26,true,false
1773233465000,0.00,18.26,true,false
1773233468000,0.00,18.26,true,false
1773233470000,0.00,18.26,true,false
1773233473000,0.00,18.26,true,false
1773233477000,0.00,18.26,true,false
1773233483000,0.00,11.43,false,false
1773233485000,6.69,7.30,false,false
1773233488000,6.69,7.30,true,false
1773233490000,0.00,7.30,true,false
1773233494000,9.96,4.89,false,false
1773233496000,14.73,3.38,false,false
1773233498000,14.73,3.38,true,false
1773233502000,0.00,3.38,true,false
1773233506000,0.00,3.38,true,false
1773233509000,0.00,3.38,true,false
1773233513000,0.00,3.38,true,false
1773233515000,0.00,3.38,true,false
1773233519000,0.00,3.38,true,false
1773233521000,0.00,3.38,true,false
1773233523000,0.00,3.38,true,false
1773233527000,0.00,3.38,true,false
1773233530000,0.00,3.38,true,false
1773233532000,0.00,3.38,true,false
1773233536000,0.00,3.38,true,false
1773233538000,0.00,3.38,true,false
1773233540000,0.00,2.39,false,false
1773233543000,0.00,2.39,true,false
1773233546000,9.14,3.33,false,false
1773233548000,9.14,3.33,true,false
1773233551000,22.12,4.59,false,false
1773233555000,29.04,6.16,false,false
1773233557000,29.04,6.16,true,false
1773233559000,0.00,6.16,true,false
1773233564000,19.71,6.98,false,false
1773233566000,27.41,14.75,false,false
1773233571000,17.81,15.71,false,false
1773233575000,17.81,15.71,true,false
1773233577000,17.93,17.98,false,false
1773233579000,17.93,17.98,true,false
1773233581000,21.90,19.51,false,false
1773233589000,24.53,18.99,false,false
1773233591000,24.53,18.99,true,false
1773233596000,28.34,20.56,false,false
1773233600000,36.13,23.96,false,false
1773233602000,36.13,23.96,true,false
1773233604000,42.09,28.86,false,false
1773233606000,42.09,28.86,true,false
1773233610000,45.41,31.42,false,false
1773233612000,42.06,34.78,false,false
1773233616000,18.04,27.39,false,false
1773233618000,18.04,19.64,false,false
1773233621000,0.00,19.64,true,false
1773233623000,0.00,19.64,true,false
1773233627000,0.00,19.64,true,false
1773233629000,0.00,19.64,true,false
1773233635000,0.00,13.31,false,false
1773233637000,0.00,13.31,true,false
1773233639000,6.92,11.59,false,false
1773233642000,6.92,11.59,true,false
1773233646000,15.28,10.84,false,false
1773233648000,15.28,10.84,true,false
1773233652000,14.94,10.28,false,false
1773233657000,14.98,10.07,false,false
1773233659000,23.13,14.22,false,false
1773233665000,27.69,17.44,false,false
1773233667000,27.69,17.44,true,false
1773233669000,0.00,17.44,true,false
1773233673000,20.58,19.86,false,false
1773233676000,16.94,20.99,false,false
1773233678000,16.94,20.99,true,false
1773233682000,16.87,18.65,false,false
1773233686000,23.88,16.04,false,false
1773233690000,28.32,17.38,false,false
1773233694000,28.32,17.38,true,false
1773233697000,25.14,20.00,false,false
1773233701000,23.50,20.77,false,false
1773233703000,23.50,20.77,true,false
1773233707000,15.64,19.96,false,false
1773233709000,29.50,21.29,false,false
1773233712000,25.23,22.15,false,false
1773233716000,25.23,22.15,true,false
1773233718000,17.03,22.19,false,false
1773233720000,17.03,22.19,true,false
1773233724000,21.74,22.97,false,false
1773233726000,21.74,22.97,true,false
1773233730000,32.39,25.79,false,false
1773233732000,31.35,26.11,false,false
1773233734000,31.35,26.11,true,false
1773233738000,12.45,23.47,false,false
1773233740000,12.45,18.14,false,false
1773233744000,0.00,18.14,true,false
1773233746000,0.00,18.14,true,false
1773233749000,0.00,12.68,false,false
1773233751000,0.00,12.68,true,false
1773233755000,9.01,12.08,false,false
1773233757000,9.01,12.08,true,false
1773233759000,0.00,12.08,true,false
1773233763000,22.65,12.28,false,false
1773233765000,32.25,14.25,false,false
1773233769000,31.41,15.88,false,false
1773233771000,31.41,15.88,true,false
1773233773000,31.34,19.49,false,false
1773233775000,31.34,19.49,true,false
1773233782000,0.00,19.49,true,false
1773233786000,0.00,19.49,true,false
1773233788000,0.00,18.20,false,false
1773233790000,0.00,17.15,false,false
1773233796000,4.80,13.74,false,false
1773233798000,4.80,13.74,true,false
1773233802000,12.78,11.14,false,false
1773233807000,20.25,11.24,false,false
1773233809000,20.25,11.24,true,false
1773233813000,26.38,15.47,false,false
1773233816000,32.92,19.69,false,false
1773233821000,36.28,24.52,false,false
1773233823000,35.14,28.91,false,false
1773233825000,35.14,27.44,false,false
1773233827000,0.00,27.44,true,false
1773233830000,0.00,27.44,true,false
1773233836000,0.00,27.44,true,false
1773233838000,0.00,22.61,false,false
1773233841000,0.00,22.61,true,false
1773233848000,7.04,18.95,false,false
1773233851000,15.60,16.81,false,false
1773233853000,15.60,16.81,true,false
1773233857000,26.23,16.37,false,false
1773233862000,32.94,17.42,false,false
1773233864000,32.94,17.42,true,false
1773233870000,35.09,22.35,false,false
1773233872000,38.59,28.56,false,false
1773233876000,38.59,28.56,true,false
1773233878000,30.92,29.69,false,false
1773233881000,25.14,29.69,true,false
1773233887000,27.50,28.29,false,false
1773233893000,31.74,26.65,false,false
1773233899000,11.54,20.47,false,false
1773233901000,11.54,16.94,false,false
1773233903000,0.00,16.94,true,false
1773233906000,16.11,19.04,false,false
1773233911000,16.11,11.65,false,false
1773233915000,0.00,11.65,true,false
1773233921000,0.00,7.34,false,false
1773233923000,0.00,7.34,true,false
1773233925000,6.32,8.13,false,false
1773233929000,16.79,10.34,false,false
1773233931000,16.79,10.34,true,false
1773233933000,0.00,10.34,true,false
1773233936000,37.20,12.94,false,false
1773233942000,35.33,17.10,false,false
1773233946000,36.65,24.87,false,false
1773233948000,36.65,24.87,true,false
1773233951000,45.82,30.37,false,false
1773233957000,5.96,18.96,false,false
1773233959000,5.96,18.96,true,false
1773233965000,0.00,18.96,true,false
1773233967000,0.00,18.96,true,false
1773233971000,0.00,18.96,true,false
1773233973000,0.00,11.61,false,false
1773233975000,0.00,11.61,true,false
1773233977000,0.00,11.61,true,false
1773233982000,7.53,12.86,false,false
1773233984000,7.53,12.86,true,false
1773233986000,0.00,12.86,true,false
1773233988000,0.00,11.67,false,false
1773233992000,0.00,11.67,true,false
1773233994000,0.00,11.67,true,false
1773233998000,6.96,9.02,false,false
1773234001000,17.55,8.11,false,false
1773234003000,17.55,8.11,true,false
1773234007000,28.11,10.13,false,false
1773234009000,28.11,10.13,true,false
1773234011000,37.64,14.10,false,false
1773234015000,30.04,18.44,false,false
1773234019000,30.04,18.44,true,false
1773234021000,28.27,23.89,false,false
1773234023000,28.27,23.89,true,false
1773234027000,21.75,24.61,false,false
1773234032000,17.84,20.94,false,false
1773234034000,21.85,20.44,false,false
1773234040000,21.85,20.44,true,false
1773234044000,0.00,20.44,true,false
1773234046000,0.00,20.44,true,false
1773234048000,0.00,20.44,true,false
1773234051000,0.00,20.44,true,false
1773234053000,0.00,20.44,true,false
1773234058000,0.00,20.44,true,false
1773234060000,0.00,20.44,true,false
1773234062000,0.00,20.44,true,false
1773234065000,0.00,20.44,true,false
1773234069000,0.00,20.44,true,false
1773234077000,0.00,20.44,true,false
1773234079000,0.00,14.83,false,false
1773234083000,0.00,14.83,true,false
1773234085000,6.17,11.21,false,false
1773234087000,6.17,11.21,true,false
1773234089000,0.00,11.21,true,false
1773234093000,21.57,9.55,false,false
1773234098000,31.87,9.07,false,false
1773234100000,31.87,9.07,true,false
1773234103000,34.35,9.33,false,false
1773234107000,40.56,17.54,false,false
1773234109000,40.56,17.54,true,false
1773234113000,35.15,23.37,false,false
1773234115000,37.51,28.24,false,false
1773234118000,37.51,28.24,true,false
1773234124000,15.45,23.01,false,false
1773234126000,15.45,23.01,true,false
1773234128000,0.00,23.01,true,false
1773234130000,0.00,23.01,true,false
1773234133000,0.00,23.01,true,false
1773234138000,0.00,14.64,false,false
1773234140000,0.00,14.64,true,false
1773234143000,9.02,13.44,false,false
1773234145000,9.02,13.44,true,false
1773234148000,22.99,13.36,false,false
1773234150000,22.99,13.36,true,false
1773234154000,35.77,14.10,false,false
1773234156000,35.77,14.10,true,false
1773234158000,28.63,15.58,false,false
1773234162000,28.63,15.58,true,false
1773234164000,26.98,20.56,false,false
1773234168000,26.54,24.49,false,false
1773234173000,25.23,23.24,false,false
1773234175000,25.23,23.24,true,false
1773234178000,0.00,23.24,true,false
1773234182000,0.00,14.80,false,false
1773234184000,0.00,14.80,true,false
1773234187000,0.00,14.80,true,false
1773234189000,0.00,9.96,false,false
1773234192000,0.00,2.99,false,true
1773234196000,0.00,2.99,true,true
1773234200000,5.17,4.33,false,false
1773234204000,14.03,5.61,false,false
1773234206000,14.03,5.61,true,false
1773234210000,19.16,8.44,false,false
1773234215000,19.61,11.91,false,false
1773234217000,31.16,16.55,false,false
1773234221000,31.16,16.55,true,false
1773234223000,31.36,21.78,false,false
1773234225000,31.36,21.78,true,false
1773234229000,35.55,24.52,false,false
1773234231000,35.55,24.52,true,false
1773234234000,34.62,25.57,false,false
1773234236000,34.62,25.57,true,false
1773234240000,33.09,26.16,false,false
1773234243000,33.09,26.16,true,false
1773234245000,40.69,26.11,false,false
1773234250000,34.66,27.13,false,false
1773234254000,34.66,27.13,true,false
1773234256000,23.56,27.99,false,false
1773234259000,23.56,27.99,true,false
1773234263000,27.25,28.70,false,false
1773234265000,27.25,28.70,true,false
1773234267000,44.74,30.48,false,false
1773234269000,35.50,30.48,true,false
1773234273000,46.17,31.20,false,false
1773234276000,46.94,33.10,false,false
1773234278000,46.94,33.10,true,false
1773234281000,0.00,33.10,true,false
1773234283000,19.28,33.69,false,false
1773234286000,21.97,32.63,false,false
1773234292000,21.97,25.66,false,false
1773234294000,0.00,25.66,true,false
1773234297000,0.00,25.66,true,false
1773234301000,0.00,25.66,true,false
1773234307000,0.00,16.02,false,false
1773234309000,0.00,16.02,true,false
1773234312000,7.25,12.35,false,false
1773234314000,17.75,12.17,false,false
1773234317000,18.86,12.17,true,false
1773234319000,18.86,12.17,true,false
1773234322000,37.69,13.02,false,false
1773234327000,29.51,14.54,false,false
1773234333000,29.51,14.54,true,false
1773234336000,0.00,14.54,true,false
1773234339000,0.00,13.20,false,false
1773234342000,0.00,13.20,true,false
1773234347000,5.55,14.24,false,false
1773234350000,12.73,14.35,false,false
1773234354000,12.73,14.35,true,false
1773234356000,17.70,13.66,false,false
1773234360000,17.70,13.66,true,false
1773234362000,23.53,13.20,false,false
1773234366000,26.69,16.53,false,false
1773234373000,12.62,13.91,false,false
1773234375000,12.62,13.91,true,false
1773234378000,35.54,18.87,false,false
1773234380000,35.54,18.87,true,false
1773234384000,26.40,22.74,false,false
1773234386000,35.17,26.43,false,false
1773234390000,41.45,28.65,false,false
1773234393000,41.45,28.65,true,false
1773234397000,39.10,30.97,false,false
1773234400000,39.10,30.97,true,false
1773234403000,31.02,31.74,false,false
1773234406000,31.02,31.74,true,false
1773234408000,32.33,32.20,false,false
1773234411000,32.29,32.47,false,false
1773234413000,32.29,32.47,true,false
1773234417000,28.94,31.24,false,false
1773234422000,20.24,25.90,false,false
1773234424000,20.24,25.90,true,false
1773234428000,22.90,26.48,false,false
1773234433000,21.80,24.23,false,false
1773234436000,21.80,24.23,true,false
1773234441000,0.00,15.93,false,false
1773234444000,0.00,15.93,true,false
1773234446000,0.00,15.93,true,false
1773234450000,0.00,9.72,false,false
1773234452000,0.00,9.72,true,false
1773234454000,0.00,9.72,true,false
1773234456000,9.95,10.06,false,false
1773234459000,9.18,10.06,true,false
1773234463000,21.50,10.34,false,false
1773234466000,31.03,11.49,false,false
1773234469000,31.03,11.49,true,false
1773234473000,28.44,13.96,false,false
1773234476000,33.95,18.24,false,false
1773234478000,33.95,18.24,true,false
1773234481000,29.32,22.50,false,false
1773234486000,23.07,21.76,false,false
1773234493000,2.30,14.07,false,false
1773234496000,2.30,14.07,true,false
1773234499000,0.00,14.07,true,false
1773234501000,0.00,9.27,false,false
1773234504000,0.00,9.27,true,false
1773234506000,9.14,11.41,false,false
1773234510000,9.14,11.41,true,false
1773234516000,20.17,12.64,false,false
1773234518000,31.55,15.09,false,false
1773234521000,40.98,19.10,false,false
1773234526000,22.91,20.54,false,false
1773234531000,22.91,20.54,true,false
1773234533000,36.81,24.73,false,false
1773234536000,24.32,24.73,true,false
1773234538000,24.32,24.73,true,false
1773234541000,22.83,27.12,false,false
1773234545000,28.73,25.90,false,false
1773234547000,28.73,25.90,true,false
1773234553000,22.06,23.45,false,false
1773234558000,13.13,19.10,false,false
1773234562000,17.98,18.17,false,false
1773234564000,17.98,18.17,true,false
1773234566000,21.47,18.92,false,false
1773234570000,21.64,18.80,false,false
1773234574000,21.64,18.80,true,false
1773234580000,28.33,20.46,false,false
1773234583000,28.33,20.46,true,false
1773234585000,29.45,23.34,false,false
1773234588000,26.58,24.58,false,false
1773234593000,26.58,24.58,true,false
1773234600000,0.00,24.58,true,false
1773234602000,0.00,24.58,true,false
1773234605000,0.00,17.55,false,false
1773234609000,5.86,17.27,false,false
1773234611000,5.86,17.27,true,false
1773234613000,0.00,17.27,true,false
1773234617000,22.80,16.02,false,false
1773234621000,27.70,14.95,false,false
1773234623000,27.70,14.95,true,false
1773234626000,21.04,14.56,false,false
1773234628000,21.04,14.56,true,false
1773234634000,20.85,18.18,false,false
1773234638000,29.07,21.90,false,false
1773234642000,26.38,23.67,false,false
1773234645000,26.38,23.67,true,false
1773234648000,0.00,23.67,true,false
1773234651000,0.00,23.67,true,false
1773234655000,0.00,23.67,true,false
1773234658000,0.00,23.67,true,false
1773234662000,0.00,15.18,false,false
1773234664000,0.00,15.18,true,false
1773234668000,7.40,14.91,false,false
1773234670000,7.40,14.91,true,false
1773234674000,18.85,15.10,false,false
1773234678000,24.35,13.80,false,false
1773234683000,29.23,13.81,false,false
1773234687000,29.23,13.81,true,false
1773234689000,33.90,19.53,false,false
1773234693000,33.89,24.78,false,false
1773234695000,33.89,24.78,true,false
1773234699000,21.10,26.31,false,false
1773234702000,31.97,27.27,false,false
1773234704000,31.97,27.27,true,false
1773234706000,0.00,27.27,true,false
1773234713000,25.65,26.04,false,false
1773234718000,28.80,26.02,false,false
1773234720000,34.59,27.48,false,false
1773234722000,34.59,27.48,true,false
1773234726000,42.55,30.56,false,false
1773234728000,42.55,30.56,true,false
1773234732000,51.51,33.47,false,false
1773234738000,39.00,33.50,false,false
1773234743000,8.97,23.57,false,false
1773234745000,8.97,23.57,true,false
1773234749000,0.00,23.57,true,false
1773234751000,0.00,23.57,true,false
1773234753000,0.00,23.57,true,false
1773234756000,0.00,15.63,false,false
1773234760000,7.54,17.43,false,false
1773234762000,7.54,17.43,true,false
1773234764000,21.92,17.71,false,false
1773234770000,18.51,16.12,false,false
1773234774000,18.51,16.12,true,false
1773234779000,26.13,16.37,false,false
1773234781000,26.13,16.37,true,false
1773234785000,25.23,20.65,false,false
1773234787000,25.23,20.65,true,false
1773234789000,42.16,24.64,false,false
1773234792000,27.17,24.64,true,false
1773234794000,46.25,27.07,false,false
1773234798000,46.25,27.07,true,false
1773234800000,0.00,27.07,true,false
1773234804000,24.12,27.92,false,false
1773234806000,38.84,30.83,false,false
1773234810000,15.31,30.83,true,false
1773234812000,15.31,30.83,true,false
1773234817000,43.30,32.58,false,false
1773234819000,43.30,32.58,true,false
1773234823000,0.00,28.75,false,false
1773234825000,0.00,28.75,true,false
1773234829000,0.00,28.75,true,false
1773234831000,0.00,28.75,true,false
1773234833000,0.00,28.75,true,false
1773234835000,0.00,28.75,true,false
1773234838000,0.00,28.75,true,false
1773234843000,0.00,28.75,true,false
1773234848000,0.00,28.75,true,false
1773234850000,0.00,28.75,true,false
1773234853000,0.00,28.75,true,false
1773234856000,0.00,28.75,true,false
1773234859000,0.00,28.75,true,false
1773234861000,0.00,28.75,true,false
1773234865000,0.00,18.23,false,false
1773234870000,0.00,18.23,true,false
1773234874000,6.95,15.17,false,false
1773234876000,6.95,15.17,true,false
1773234879000,22.97,13.72,false,false
1773234885000,31.13,12.21,false,false
1773234894000,36.90,12.80,false,false
1773234896000,36.90,12.80,true,false
1773234900000,0.00,22.50,true,false
1773234905000,19.58,26.82,false,false
1773234907000,22.53,29.12,false,false
1773234911000,22.53,29.12,true,false
1773234913000,0.00,29.12,true,false
1773234919000,17.73,26.87,false,false
1773234921000,21.47,24.40,false,false
1773234925000,21.47,17.73,false,false
1773234928000,0.00,17.73,true,false
1773234930000,0.00,17.73,true,false
1773234935000,0.00,17.73,true,false
1773234937000,0.00,17.73,true,false
1773234939000,0.00,17.73,true,false
1773234941000,0.00,17.73,true,false
1773234945000,0.00,17.73,true,false
1773234949000,0.00,17.73,true,false
1773234951000,0.00,17.73,true,false
1773234954000,0.00,17.73,true,false
1773234956000,0.00,17.73,true,false
1773234958000,0.00,17.73,true,false
1773234964000,0.00,17.73,true,false
1773234968000,0.00,17.73,true,false
1773234970000,0.00,17.73,true,false
1773234973000,0.00,17.73,true,false
1773234975000,0.00,17.73,true,false
1773234979000,0.00,17.73,true,false
1773234981000,0.00,17.73,true,false
1773234983000,0.00,17.73,true,false
1773234985000,0.00,17.73,true,false
1773234990000,0.00,17.73,true,false
1773234992000,0.00,17.73,true,false
1773234994000,0.00,17.73,true,false
1773234998000,0.00,17.73,true,false
1773235004000,0.00,17.73,true,false
1773235006000,0.00,17.73,true,false
1773235008000,0.00,17.73,true,false
1773235010000,0.00,17.73,true,false
1773235015000,0.00,17.73,true,false
1773235017000,0.00,17.73,true,false
1773235022000,0.00,17.73,true,false
1773235024000,0.00,17.73,true,false
1773235028000,0.00,17.73,true,false
1773235030000,0.00,17.73,true,false
1773235032000,0.00,17.73,true,false
1773235035000,0.00,17.73,true,false
1773235039000,0.00,17.73,true,false
1773235045000,0.00,17.73,true,false
1773235047000,0.00,17.73,true,false
1773235049000,0.00,17.73,true,false
1773235051000,0.00,17.73,true,false
1773235056000,0.00,17.73,true,false
1773235058000,0.00,17.73,true,false
1773235060000,0.00,17.73,true,false
1773235066000,0.00,17.73,true,false
1773235070000,0.00,17.73,true,false
1773235072000,0.00,17.73,true,false
1773235075000,0.00,17.73,true,false
1773235077000,0.00,17.73,true,false
1773235079000,0.00,17.73,true,false
1773235083000,0.00,17.73,true,false
1773235086000,0.00,17.73,true,false
1773235088000,0.00,17.73,true,false
1773235090000,0.00,17.73,true,false
1773235092000,0.00,17.73,true,false
1773235099000,0.00,17.73,true,false
1773235103000,0.00,17.73,true,false
1773235105000,0.00,17.73,true,false
1773235109000,0.00,17.73,true,false
1773235111000,0.00,17.73,true,false
1773235113000,0.00,17.73,true,false
1773235117000,0.00,17.73,true,false
1773235120000,0.00,17.73,true,false
1773235124000,0.00,17.73,true,false
1773235126000,0.00,17.73,true,false
1773235128000,0.00,17.73,true,false
1773235132000,0.00,17.73,true,false
1773235137000,0.00,17.73,true,false
1773235139000,0.00,17.73,true,false
1773235142000,0.00,17.73,true,false
1773235144000,0.00,17.73,true,false
1773235148000,0.00,17.73,true,false
1773235152000,0.00,17.73,true,false
1773235154000,0.00,17.73,true,false
1773235158000,0.00,17.73,true,false
1773235161000,0.00,17.73,true,false
1773235164000,0.00,17.73,true,false
1773235167000,0.00,17.73,true,false
1773235169000,0.00,17.73,true,false
1773235174000,0.00,17.73,true,false
1773235176000,0.00,17.73,true,false
1773235180000,0.00,17.73,true,false
1773235182000,0.00,17.73,true,false
1773235188000,0.00,17.73,true,false
1773235193000,0.00,17.73,true,false
1773235195000,0.00,17.73,true,false
1773235197000,0.00,17.73,true,false
1773235201000,0.00,17.73,true,false
1773235205000,0.00,17.73,true,false
1773235209000,0.00,17.73,true,false
1773235212000,0.00,17.73,true,false
1773235214000,0.00,17.73,true,false
1773235219000,0.00,17.73,true,false
1773235221000,0.00,17.73,true,false
1773235223000,0.00,17.73,true,false
1773235227000,0.00,17.73,true,false
1773235229000,0.00,17.73,true,false
1773235234000,0.00,17.73,true,false
1773235236000,0.00,17.73,true,false
1773235241000,0.00,17.73,true,false
1773235243000,0.00,17.73,true,false
1773235247000,0.00,17.73,true,false
1773235249000,0.00,17.73,true,false
1773235251000,0.00,17.73,true,false
1773235254000,0.00,17.73,true,false
1773235256000,0.00,17.73,true,false
1773235260000,0.00,17.73,true,false
1773235262000,0.00,17.73,true,false
1773235266000,0.00,17.73,true,false
1773235268000,0.00,17.73,true,false
1773235272000,0.00,17.73,true,false
1773235276000,0.00,17.73,true,false
1773235279000,0.00,17.73,true,false
1773235281000,0.00,11.03,false,false
1773235285000,0.00,3.31,false,true
1773235287000,0.00,3.31,true,true
1773235291000,4.46,2.14,false,false
1773235293000,9.67,1.43,false,false
1773235298000,10.11,1.05,false,false
1773235304000,10.11,1.67,false,false
1773235307000,0.00,1.70,false,false
1773235309000,0.00,1.70,true,false
1773235311000,8.58,5.48,false,false
1773235315000,8.58,5.48,true,false
1773235319000,15.59,7.47,false,false
1773235323000,25.76,11.25,false,false
1773235326000,37.47,18.46,false,false
1773235331000,41.28,25.83,false,false
1773235333000,41.28,25.83,true,false
1773235335000,0.00,25.83,true,false
1773235341000,56.46,33.70,false,false
1773235348000,11.90,25.68,false,false
1773235350000,11.90,25.68,true,false
1773235352000,38.29,33.33,false,false
1773235356000,43.42,35.33,false,false
1773235358000,43.42,35.33,true,false
1773235364000,23.14,30.70,false,false
1773235369000,22.03,23.72,false,false
1773235373000,20.11,19.85,false,false
1773235375000,20.11,19.85,true,false
1773235377000,25.17,18.91,false,false
1773235381000,37.25,21.72,false,false
1773235384000,37.25,21.72,true,false
1773235386000,38.23,27.03,false,false
1773235390000,38.23,27.03,true,false
1773235392000,15.94,29.85,false,false
1773235398000,17.56,19.33,false,false
1773235401000,23.13,22.01,false,false
1773235406000,19.40,21.53,false,false
1773235408000,19.40,21.53,true,false
1773235410000,0.00,21.53,true,false
1773235414000,27.85,20.47,false,false
1773235419000,23.62,21.95,false,false
1773235423000,24.69,24.52,false,false
1773235428000,28.72,25.17,false,false
1773235430000,28.72,25.17,true,false
1773235432000,33.31,26.61,false,false
1773235440000,16.47,19.54,false,false
1773235442000,33.43,24.55,false,false
1773235446000,33.43,24.55,true,false
1773235448000,38.23,28.23,false,false
1773235453000,27.78,27.40,false,false
1773235455000,27.78,27.40,true,false
1773235458000,0.00,27.40,true,false
1773235464000,0.00,27.40,true,false
1773235469000,0.00,27.40,true,false
1773235471000,0.00,22.69,false,false
1773235477000,4.86,18.58,false,false
1773235479000,4.86,18.58,true,false
1773235483000,13.56,16.44,false,false
1773235485000,13.56,16.44,true,false
1773235488000,23.47,14.60,false,false
1773235490000,23.47,14.60,true,false
1773235494000,22.90,13.53,false,false
1773235499000,30.97,17.72,false,false
1773235501000,30.97,17.72,true,false
1773235505000,40.11,24.33,false,false
1773235508000,54.07,32.36,false,false
1773235510000,54.07,32.36,true,false
1773235514000,58.11,38.68,false,false
1773235516000,58.11,38.68,true,false
1773235519000,50.56,44.97,false,false
1773235523000,51.57,50.19,false,false
1773235525000,51.57,50.19,true,false
1773235529000,50.07,51.71,false,false
1773235531000,50.07,51.71,true,false
1773235535000,49.84,49.42,false,false
1773235538000,38.26,45.28,false,false
1773235540000,38.26,45.28,true,false
1773235543000,0.00,45.28,true,false
1773235545000,0.00,45.28,true,false
1773235551000,12.63,31.46,false,false
1773235555000,15.29,29.48,false,false
1773235561000,22.03,27.53,false,false
1773235563000,22.03,27.53,true,false
1773235565000,0.00,27.53,true,false
1773235569000,34.78,26.25,false,false
1773235573000,39.31,26.81,false,false
1773235575000,39.31,26.81,true,false
1773235577000,0.00,30.07,false,false
1773235581000,0.00,30.07,true,false
1773235584000,0.00,30.07,true,false
1773235589000,0.00,21.17,false,false
1773235591000,0.00,21.17,true,false
1773235597000,5.33,20.12,false,false
1773235601000,13.38,18.92,false,false
1773235604000,19.08,17.01,false,false
1773235606000,19.08,15.73,false,false
1773235608000,0.00,15.73,true,false
1773235611000,0.00,15.73,true,false
1773235614000,0.00,15.73,true,false
1773235619000,0.00,15.73,true,false
1773235623000,0.00,15.73,true,false
1773235625000,0.00,15.73,true,false
1773235629000,0.00,10.06,false,false
1773235631000,0.00,10.06,true,false
1773235633000,4.89,10.06,false,false
1773235635000,4.89,10.06,true,false
1773235640000,9.14,8.54,false,false
1773235642000,9.14,8.54,true,false
1773235648000,24.14,9.00,false,false
1773235654000,23.04,9.86,false,false
1773235659000,26.14,15.01,false,false
1773235663000,31.91,19.62,false,false
1773235666000,31.91,19.62,true,false
1773235670000,33.67,24.00,false,false
1773235672000,33.67,24.00,true,false
1773235674000,32.93,27.52,false,false
1773235677000,32.93,27.52,true,false
1773235679000,32.45,29.49,false,false
1773235683000,29.39,30.11,false,false
1773235685000,29.39,30.11,true,false
1773235689000,0.00,30.11,true,false
1773235691000,15.12,27.35,false,false
1773235693000,15.12,27.35,true,false
1773235697000,15.38,25.14,false,false
1773235699000,21.07,23.87,false,false
1773235701000,21.07,23.87,true,false
1773235704000,19.87,21.82,false,false
1773235708000,19.87,21.82,true,false
1773235710000,0.00,21.82,true,false
1773235714000,0.00,21.82,true,false
1773235719000,0.00,13.84,false,false
1773235721000,0.00,13.84,true,false
1773235725000,8.17,13.37,false,false
1773235730000,16.67,13.92,false,false
1773235736000,11.43,13.04,false,false
1773235741000,16.71,12.54,false,false
1773235745000,19.35,14.67,false,false
1773235747000,19.35,14.67,true,false
1773235749000,0.00,14.67,true,false
1773235751000,29.54,16.78,false,false
1773235754000,43.02,20.67,false,false
1773235759000,43.02,20.67,true,false
1773235761000,13.95,23.97,false,false
1773235764000,22.91,25.80,false,false
1773235768000,22.91,25.33,false,false
1773235772000,22.91,25.33,true,false
1773235774000,26.56,23.70,false,false
1773235776000,26.56,23.70,true,false
1773235779000,0.00,23.70,true,false
1773235781000,28.03,23.47,false,false
1773235787000,36.22,23.93,false,false
1773235789000,36.22,23.93,true,false
1773235791000,36.92,26.63,false,false
1773235796000,30.88,27.74,false,false
1773235800000,32.70,29.74,false,false
1773235806000,17.36,24.82,false,false
1773235808000,17.36,24.82,true,false
1773235810000,24.63,26.62,false,false
1773235813000,24.63,22.90,false,false
1773235815000,0.00,22.90,true,false
1773235821000,0.00,22.90,true,false
1773235825000,0.00,22.90,true,false
1773235829000,0.00,22.90,true,false
1773235831000,0.00,22.90,true,false
1773235835000,0.00,22.90,true,false
1773235837000,0.00,22.90,true,false
1773235839000,0.00,17.58,false,false
1773235841000,0.00,17.58,true,false
1773235846000,10.42,14.00,false,false
1773235852000,19.03,12.22,false,false
1773235859000,2.64,8.49,false,false
1773235861000,14.48,8.90,false,false
1773235865000,14.48,8.90,true,false
1773235867000,0.00,8.90,true,false
1773235869000,13.03,12.48,false,false
1773235872000,13.03,13.59,false,false
1773235874000,0.00,13.59,true,false
1773235879000,0.00,13.59,true,false
1773235881000,0.00,11.44,false,false
1773235883000,0.00,11.44,true,false
1773235890000,7.76,10.73,false,false
1773235897000,0.00,0.00,false,false
1773235901000,0.00,0.00,true,false
1773235907000,37.77,15.11,false,false
1773235911000,38.34,24.40,false,false
1773235914000,38.34,24.40,true,false
1773235917000,18.58,27.67,false,false
1773235919000,18.58,27.67,true,false
1773235922000,14.02,25.01,false,false
1773235926000,14.02,25.01,true,false
1773235928000,19.34,25.29,false,false
1773235932000,19.34,25.29,true,false
1773235934000,18.79,22.97,false,false
1773235937000,18.79,22.97,true,false
1773235939000,0.00,22.97,true,false
1773235943000,0.00,22.97,true,false
1773235946000,0.00,22.97,true,false
1773235948000,0.00,22.97,true,false
1773235950000,0.00,22.97,true,false
1773235953000,0.00,22.97,true,false
1773235955000,0.00,22.97,true,false
1773235958000,0.00,22.97,true,false
1773235963000,0.00,22.97,true,false
1773235965000,0.00,22.97,true,false
1773235968000,0.00,22.97,true,false
1773235970000,0.00,22.97,true,false
1773235975000,0.00,22.97,true,false
1773235978000,0.00,22.97,true,false
1773235980000,0.00,22.97,true,false
1773235985000,0.00,22.97,true,false
1773235989000,0.00,22.97,true,false
1773235991000,0.00,22.97,true,false
1773235995000,0.00,22.97,true,false
1773235997000,0.00,22.97,true,false
1773236000000,0.00,22.97,true,false
1773236003000,0.00,22.97,true,false
1773236005000,0.00,22.97,true,false
1773236011000,0.00,22.97,true,false
1773236015000,0.00,22.97,true,false
1773236017000,0.00,22.97,true,false
1773236020000,0.00,22.97,true,false
1773236023000,0.00,22.97,true,false
1773236027000,0.00,22.97,true,false
1773236030000,0.00,22.97,true,false
1773236035000,0.00,22.97,true,false
1773236038000,0.00,22.97,true,false
1773236041000,0.00,22.97,true,false
1773236046000,0.00,22.97,true,false
1773236049000,0.00,22.97,true,false
1773236054000,0.00,22.97,true,false
1773236058000,0.00,22.97,true,false
1773236063000,0.00,22.97,true,false
1773236067000,0.00,22.97,true,false
1773236069000,0.00,22.97,true,false
1773236071000,0.00,22.97,true,false
1773236076000,0.00,22.97,true,false
1773236080000,0.00,22.97,true,false
1773236082000,0.00,22.97,true,false
1773236086000,0.00,22.97,true,false
1773236091000,0.00,22.97,true,false
1773236093000,0.00,22.97,true,false
1773236095000,0.00,22.97,true,false
1773236097000,0.00,22.97,true,false
1773236100000,0.00,22.97,true,false
1773236105000,0.00,22.97,true,false
1773236107000,0.00,22.97,true,false
1773236112000,0.00,22.97,true,false
1773236116000,0.00,14.54,false,false
1773236120000,0.00,14.54,true,false
1773236122000,5.95,9.47,false,false
1773236126000,7.67,6.41,false,false
1773236133000,3.39,4.16,false,false
1773236135000,3.39,4.16,true,false
1773236137000,5.48,2.65,false,false
1773236141000,5.48,2.65,true,false
1773236146000,16.24,4.36,false,false
1773236149000,19.98,8.04,false,false
1773236152000,15.38,10.48,false,false
1773236154000,15.38,10.48,true,false
1773236156000,12.39,10.91,false,false
1773236161000,4.86,10.91,true,false
1773236163000,31.77,12.25,false,false
1773236165000,27.80,12.25,true,false
1773236168000,43.40,19.53,false,false
1773236172000,45.27,27.96,false,false
1773236174000,45.27,27.96,true,false
1773236179000,49.07,33.04,false,false
1773236187000,60.85,39.17,false,false
1773236189000,60.85,39.17,true,false
1773236193000,44.06,43.98,false,false
1773236195000,44.06,43.98,true,false
1773236198000,16.83,38.60,false,false
1773236200000,16.83,38.60,true,false
1773236202000,0.00,28.74,false,false
1773236204000,0.00,28.74,true,false
1773236209000,0.00,28.74,true,false
1773236213000,0.00,28.74,true,false
1773236215000,0.00,28.74,true,false
1773236219000,0.00,17.70,false,false
1773236224000,5.48,14.68,false,false
1773236226000,5.48,14.68,true,false
1773236230000,11.78,11.53,false,false
1773236232000,14.43,9.76,false,false
1773236236000,14.43,9.76,true,false
1773236238000,16.09,9.55,false,false
1773236240000,16.09,9.55,true,false
1773236243000,14.55,11.68,false,false
1773236245000,14.55,11.68,true,false
1773236249000,18.17,12.23,false,false
1773236251000,18.17,12.23,true,false
1773236253000,0.00,12.23,true,false
1773236257000,24.88,14.86,false,false
1773236261000,0.00,0.00,true,false
1773236264000,59.82,0.00,false,false
1773236268000,59.82,0.00,true,false
1773236273000,43.88,17.55,false,false
1773236277000,55.03,32.54,false,false
1773236282000,51.92,40.08,false,false
1773236287000,0.00,0.00,true,false
1773236292000,48.39,0.00,false,false
1773236298000,56.96,22.78,false,false
1773236302000,0.00,0.00,true,false
1773236306000,53.63,0.00,false,false
1773236310000,53.63,0.00,true,false
1773236315000,0.00,21.35,true,false
1773236319000,44.98,32.92,false,false
1773236325000,0.00,0.00,true,false
1773236329000,0.00,0.00,true,false
1773236336000,0.00,17.28,true,false
1773236338000,0.00,17.28,true,false
1773236342000,0.00,29.46,true,false
1773236346000,18.88,33.96,false,false
1773236348000,18.88,33.96,true,false
1773236350000,0.00,33.96,true,false
1773236352000,0.00,33.96,true,false
1773236357000,0.00,33.96,true,false
1773236360000,0.00,33.96,true,false
1773236364000,0.00,33.96,true,false
1773236366000,0.00,26.71,false,false
1773236368000,0.00,26.71,true,false
1773236372000,6.55,20.36,false,false
1773236375000,13.46,17.62,false,false
1773236378000,13.46,14.00,false,false
1773236382000,0.00,14.00,true,false
1773236384000,0.00,14.00,true,false
1773236390000,0.00,14.00,true,false
1773236393000,0.00,14.00,true,false
1773236396000,0.00,14.00,true,false
1773236399000,0.00,10.09,false,false
1773236401000,0.00,10.09,true,false
1773236408000,17.42,10.90,false,false
1773236412000,27.06,12.86,false,false
1773236414000,27.06,12.86,true,false
1773236416000,0.00,12.86,true,false
1773236420000,34.10,14.03,false,false
1773236422000,37.79,16.07,false,false
1773236429000,4.94,13.06,false,false
1773236432000,4.94,13.06,true,false
1773236435000,0.00,13.06,true,false
1773236439000,0.00,8.41,false,false
1773236442000,8.68,11.74,false,false
1773236445000,8.68,11.74,true,false
1773236447000,17.84,14.13,false,false
1773236449000,19.17,14.13,true,false
1773236451000,39.11,15.97,false,false
1773236455000,16.23,15.97,true,false
1773236457000,50.90,19.86,false,false
1773236464000,39.75,17.97,false,false
1773236472000,0.00,0.00,false,false
1773236474000,0.00,0.00,true,false
1773236476000,0.00,0.00,true,false
1773236478000,39.32,15.73,false,false
1773236483000,41.80,26.16,false,false
1773236485000,41.80,26.16,true,false
1773236487000,0.00,26.16,true,false
1773236491000,50.41,31.68,false,false
1773236496000,42.42,35.48,false,false
1773236498000,42.42,35.48,true,false
1773236502000,0.00,22.76,false,false
1773236506000,0.00,22.76,true,false
1773236511000,0.00,22.76,true,false
1773236514000,0.00,22.76,true,false
1773236517000,0.00,14.31,false,false
1773236521000,6.53,15.35,false,false
1773236526000,15.53,15.40,false,false
1773236528000,15.53,15.40,true,false
1773236532000,0.00,13.18,false,false
1773236534000,0.00,13.18,true,false
1773236537000,0.00,13.18,true,false
1773236539000,0.00,13.18,true,false
1773236546000,0.00,13.18,true,false
1773236548000,0.00,13.18,true,false
1773236551000,0.00,13.18,true,false
1773236555000,0.00,13.18,true,false
1773236557000,0.00,13.18,true,false
1773236559000,0.00,13.18,true,false
1773236563000,0.00,9.53,false,false
1773236567000,8.40,9.61,false,false
1773236569000,8.40,9.61,true,false
1773236574000,18.58,9.94,false,false
1773236578000,29.11,10.61,false,false
1773236582000,42.07,12.93,false,false
1773236584000,42.07,12.93,true,false
1773236587000,53.00,25.59,false,false
1773236589000,53.00,25.59,true,false
1773236593000,53.27,34.09,false,false
1773236595000,53.27,34.09,true,false
1773236597000,0.00,34.09,true,false
1773236599000,41.17,41.09,false,false
1773236603000,50.74,44.58,false,false
1773236605000,50.74,44.58,true,false
1773236610000,0.00,27.59,false,false
1773236614000,0.00,18.70,false,false
1773236617000,0.00,18.70,true,false
1773236619000,0.00,18.70,true,false
1773236622000,0.00,11.76,false,false
1773236626000,0.00,11.76,true,false
1773236630000,7.62,11.69,false,false
1773236636000,19.48,12.02,false,false
1773236638000,19.48,12.02,true,false
1773236642000,27.07,13.99,false,false
1773236644000,35.06,16.90,false,false
1773236647000,35.06,17.75,false,false
1773236651000,0.00,17.75,true,false
1773236655000,0.00,10.89,false,false
1773236657000,0.00,10.89,true,false
1773236661000,5.74,12.29,false,false
1773236663000,5.74,12.29,true,false
1773236665000,13.47,11.73,false,false
1773236667000,15.39,11.73,true,false
1773236673000,27.73,13.24,false,false
1773236677000,27.73,13.24,true,false
1773236679000,0.00,13.24,true,false
1773236681000,23.46,14.64,false,false
1773236683000,27.85,17.64,false,false
1773236687000,27.85,17.64,true,false
1773236689000,0.00,17.64,true,false
1773236693000,0.00,17.64,true,false
1773236695000,0.00,17.64,true,false
1773236701000,0.00,16.55,false,false
1773236704000,0.00,16.55,true,false
1773236706000,6.78,13.05,false,false
1773236708000,6.78,13.05,true,false
1773236710000,17.56,12.63,false,false
1773236715000,3.25,12.63,true,false
1773236717000,31.64,12.93,false,false
1773236719000,24.21,12.93,true,false
1773236723000,31.78,13.66,false,false
1773236725000,30.81,19.98,false,false
1773236727000,30.81,19.98,true,false
1773236731000,0.00,19.98,true,false
1773236734000,28.97,22.98,false,false
1773236736000,28.97,22.98,true,false
1773236738000,24.43,24.92,false,false
1773236744000,24.43,24.92,true,false
1773236746000,0.00,23.43,false,false
1773236750000,0.00,14.31,false,false
1773236755000,0.00,14.31,true,false
1773236757000,7.74,14.39,false,false
1773236759000,9.80,14.39,true,false
1773236763000,18.47,15.17,false,false
1773236765000,18.47,15.17,true,false
1773236769000,34.56,15.52,false,false
1773236771000,34.56,15.52,true,false
1773236776000,21.73,17.66,false,false
1773236778000,25.70,20.40,false,false
1773236780000,25.70,20.40,true,false
1773236787000,23.18,22.47,false,false
1773236789000,23.18,22.47,true,false
1773236793000,0.00,22.47,true,false
1773236797000,0.00,22.47,true,false
1773236799000,0.00,22.47,true,false
1773236801000,0.00,22.47,true,false
1773236803000,0.00,22.47,true,false
1773236805000,0.00,19.39,false,false
1773236810000,10.33,16.99,false,false
1773236814000,15.19,15.60,false,false
1773236818000,24.78,15.70,false,false
1773236820000,24.78,15.70,true,false
1773236822000,0.00,15.70,true,false
1773236825000,30.82,15.68,false,false
1773236829000,34.75,21.51,false,false
1773236831000,34.75,21.51,true,false
1773236837000,13.79,18.36,false,false
1773236841000,13.79,18.36,true,false
1773236843000,0.00,18.36,true,false
1773236846000,0.00,18.36,true,false
1773236852000,0.00,11.94,false,false
1773236855000,3.92,11.73,false,false
1773236857000,3.92,11.73,true,false
1773236861000,0.00,8.96,false,false
1773236863000,0.00,8.96,true,false
1773236865000,0.00,8.96,true,false
1773236871000,0.00,6.04,false,false
1773236875000,0.00,6.04,true,false
1773236877000,7.09,5.51,false,false
1773236880000,7.09,5.51,true,false
1773236882000,0.00,5.51,true,false
1773236888000,13.82,6.44,false,false
1773236890000,13.82,6.72,false,false
1773236896000,0.00,6.72,true,false
1773236899000,0.00,6.72,true,false
1773236903000,0.00,6.72,true,false
1773236909000,0.00,6.72,true,false
1773236914000,0.00,6.72,true,false
1773236920000,0.00,6.72,true,false
1773236922000,0.00,5.74,false,false
1773236924000,0.00,5.74,true,false
1773236928000,0.00,5.74,true,false
1773236930000,7.83,5.93,false,false
1773236932000,7.83,5.93,true,false
1773236935000,20.05,6.53,false,false
1773236938000,34.94,7.87,false,false
1773236940000,34.94,7.87,true,false
1773236944000,46.17,10.24,false,false
1773236946000,46.17,10.24,true,false
1773236948000,0.00,10.24,true,false
1773236955000,0.00,22.72,false,false
1773236959000,0.00,14.41,false,false
1773236961000,0.00,14.41,true,false
1773236967000,0.00,9.07,false,false
1773236969000,0.00,9.07,true,false
1773236971000,8.87,13.61,false,false
1773236976000,13.47,13.80,false,false
1773236982000,11.58,12.36,false,false
1773236985000,11.58,12.36,true,false
1773236991000,13.83,11.40,false,false
1773236996000,11.40,11.95,false,false
1773236998000,11.40,11.95,true,false
1773237002000,13.31,12.45,false,false
1773237005000,21.12,13.81,false,false
1773237011000,16.24,14.53,false,false
1773237013000,16.24,14.53,true,false
1773237016000,29.05,19.23,false,false
1773237020000,29.05,19.23,true,false
1773237022000,20.44,21.76,false,false
1773237025000,20.44,21.76,true,false
1773237027000,0.00,21.76,true,false
1773237031000,15.86,22.22,false,false
1773237035000,15.86,22.22,true,false
1773237039000,0.00,22.22,true,false
1773237041000,0.00,22.22,true,false
1773237045000,0.00,22.22,true,false
1773237047000,0.00,22.22,true,false
1773237050000,0.00,22.22,true,false
1773237054000,0.00,22.22,true,false
1773237061000,0.00,22.22,true,false
1773237067000,0.00,22.22,true,false
1773237071000,0.00,22.22,true,false
1773237076000,0.00,22.22,true,false
1773237079000,0.00,22.22,true,false
1773237081000,0.00,22.22,true,false
1773237088000,0.00,22.22,true,false
1773237092000,0.00,22.22,true,false
1773237094000,0.00,22.22,true,false
1773237096000,0.00,22.22,true,false
1773237100000,0.00,22.22,true,false
1773237105000,0.00,22.22,true,false
1773237107000,0.00,22.22,true,false
1773237111000,0.00,22.22,true,false
1773237113000,0.00,22.22,true,false
1773237115000,0.00,22.22,true,false
1773237117000,0.00,22.22,true,false
1773237122000,0.00,22.22,true,false
1773237126000,0.00,22.22,true,false
1773237128000,0.00,22.22,true,false
1773237135000,0.00,22.22,true,false
1773237137000,0.00,22.22,true,false
1773237139000,0.00,22.22,true,false
1773237141000,0.00,22.22,true,false
1773237147000,0.00,22.22,true,false
1773237152000,0.00,22.22,true,false
1773237156000,0.00,22.22,true,false
1773237159000,0.00,22.22,true,false
1773237161000,0.00,22.22,true,false
1773237163000,0.00,22.22,true,false
1773237167000,0.00,22.22,true,false
1773237169000,0.00,22.22,true,false
1773237172000,0.00,22.22,true,false
1773237174000,0.00,22.22,true,false
1773237178000,0.00,22.22,true,false
1773237181000,0.00,22.22,true,false
1773237188000,0.00,22.22,true,false
1773237191000,0.00,22.22,true,false
1773237193000,0.00,22.22,true,false
1773237195000,0.00,22.22,true,false
1773237199000,0.00,22.22,true,false
1773237202000,0.00,22.22,true,false
1773237204000,0.00,22.22,true,false
1773237206000,0.00,22.22,true,false
1773237212000,0.00,22.22,true,false
1773237216000,0.00,22.22,true,false
1773237218000,0.00,22.22,true,false
1773237220000,0.00,22.22,true,false
1773237226000,0.00,22.22,true,false
1773237228000,0.00,22.22,true,false
1773237232000,0.00,22.22,true,false
1773237234000,0.00,22.22,true,false
1773237238000,0.00,22.22,true,false
1773237243000,0.00,22.22,true,false
1773237245000,0.00,22.22,true,false
1773237247000,0.00,22.22,true,false
1773237249000,0.00,22.22,true,false
1773237253000,0.00,22.22,true,false
1773237259000,0.00,22.22,true,false
1773237261000,0.00,22.22,true,false
1773237263000,0.00,22.22,true,false
1773237266000,0.00,22.22,true,false
1773237272000,0.00,22.22,true,false
1773237274000,0.00,22.22,true,false
1773237278000,0.00,22.22,true,false
1773237280000,0.00,22.22,true,false
1773237283000,0.00,22.22,true,false
1773237285000,0.00,22.22,true,false
1773237288000,0.00,22.22,true,false
1773237292000,0.00,22.22,true,false
1773237300000,0.00,22.22,true,false
1773237303000,0.00,22.22,true,false
1773237307000,0.00,22.22,true,false
1773237309000,0.00,22.22,true,false
1773237312000,0.00,22.22,true,false
1773237314000,0.00,22.22,true,false
1773237317000,0.00,22.22,true,false
1773237321000,0.00,22.22,true,false
1773237325000,0.00,22.22,true,false
1773237327000,0.00,22.22,true,false
1773237329000,0.00,22.22,true,false
1773237333000,0.00,22.22,true,false
1773237339000,0.00,22.22,true,false
1773237341000,0.00,22.22,true,false
1773237344000,0.00,22.22,true,false
1773237346000,0.00,22.22,true,false
1773237349000,0.00,22.22,true,false
1773237352000,0.00,22.22,true,false
1773237356000,0.00,22.22,true,false
1773237358000,0.00,22.22,true,false
1773237362000,0.00,22.22,true,false
1773237364000,0.00,22.22,true,false
1773237370000,0.00,22.22,true,false
1773237373000,0.00,22.22,true,false
1773237375000,0.00,22.22,true,false
1773237377000,0.00,22.22,true,false
1773237379000,0.00,22.22,true,false
1773237382000,0.00,22.22,true,false
1773237390000,0.00,22.22,true,false
1773237394000,0.00,22.22,true,false
1773237397000,0.00,22.22,true,false
1773237401000,0.00,22.22,true,false
1773237404000,0.00,22.22,true,false
1773237409000,0.00,22.22,true,false
1773237413000,0.00,22.22,true,false
1773237415000,0.00,22.22,true,false
1773237419000,0.00,22.22,true,false
1773237421000,0.00,22.22,true,false
1773237424000,0.00,22.22,true,false
1773237426000,0.00,22.22,true,false
1773237428000,0.00,22.22,true,false
1773237432000,0.00,22.22,true,false
1773237434000,0.00,22.22,true,false
1773237438000,0.00,22.22,true,false
1773237440000,0.00,22.22,true,false
1773237443000,0.00,22.22,true,false
1773237447000,0.00,22.22,true,false
1773237450000,0.00,22.22,true,false
1773237454000,0.00,22.22,true,false
1773237458000,0.00,22.22,true,false
1773237463000,0.00,22.22,true,false
1773237467000,0.00,22.22,true,false
1773237469000,0.00,22.22,true,false
1773237473000,0.00,22.22,true,false
1773237476000,0.00,22.22,true,false
1773237478000,0.00,22.22,true,false
1773237482000,0.00,22.22,true,false
1773237484000,0.00,22.22,true,false
1773237488000,0.00,22.22,true,false
1773237493000,0.00,22.22,true,false
1773237495000,0.00,22.22,true,false
1773237498000,0.00,22.22,true,false
1773237500000,0.00,22.22,true,false
1773237504000,0.00,22.22,true,false
1773237509000,0.00,22.22,true,false
1773237514000,0.00,22.22,true,false
1773237520000,0.00,22.22,true,false
1773237522000,0.00,22.22,true,false
1773237524000,0.00,22.22,true,false
1773237529000,0.00,13.71,false,false
1773237534000,0.00,13.71,true,false
1773237539000,0.00,13.71,true,false
1773237544000,0.00,13.71,true,false
1773237549000,0.00,13.71,true,false
1773237554000,0.00,13.71,true,false
1773237557000,0.00,13.71,true,false
1773237559000,0.00,13.71,true,false
1773237563000,0.00,13.71,true,false
1773237572000,0.00,13.71,true,false
1773237574000,0.00,13.71,true,false
1773237577000,0.00,13.71,true,false
1773237583000,0.00,13.71,true,false
1773237585000,0.00,13.71,true,false
1773237592000,0.00,13.71,true,false
1773237594000,0.00,13.71,true,false
1773237597000,0.00,13.71,true,false
1773237600000,0.00,13.71,true,false
1773237603000,0.00,13.71,true,false
1773237610000,0.00,13.71,true,false
1773237614000,0.00,13.71,true,false
1773237618000,0.00,13.71,true,false
1773237620000,0.00,13.71,true,false
1773237623000,0.00,13.71,true,false
1773237627000,0.00,13.71,true,false
1773237629000,0.00,13.71,true,false
1773237633000,0.00,13.71,true,false
1773237637000,0.00,13.71,true,false
1773237640000,0.00,13.71,true,false
1773237642000,0.00,13.71,true,false
1773237645000,0.00,13.71,true,false
1773237650000,0.00,13.71,true,false
1773237654000,0.00,13.71,true,false
1773237660000,0.00,13.71,true,false
1773237662000,0.00,13.71,true,false
1773237665000,0.00,13.71,true,false
1773237667000,0.00,13.71,true,false
1773237670000,0.00,13.71,true,false
1773237672000,0.00,13.71,true,false
1773237677000,0.00,13.71,true,false
1773237682000,0.00,13.71,true,false
1773237687000,0.00,13.71,true,false
1773237692000,0.00,13.71,true,false
1773237695000,0.00,13.71,true,false
1773237697000,0.00,13.71,true,false
1773237700000,0.00,13.71,true,false
1773237702000,0.00,13.71,true,false
1773237707000,0.00,13.71,true,false
1773237712000,0.00,13.71,true,false
1773237717000,0.00,13.71,true,false
1773237720000,0.00,13.71,true,false
1773237725000,0.00,13.71,true,false
1773237727000,0.00,13.71,true,false
1773237732000,0.00,13.71,true,false
1773237737000,0.00,13.71,true,false
1773237742000,0.00,13.71,true,false
1773237747000,0.00,13.71,true,false
1773237751000,0.00,13.71,true,false
1773237756000,0.00,13.71,true,false
1773237758000,0.00,13.71,true,false
1773237763000,0.00,13.71,true,false
1773237776000,0.00,13.71,true,false
1773237783000,0.00,8.41,false,false
1773237786000,0.00,8.41,true,false
1773237788000,0.00,5.16,false,false
1773237792000,0.00,5.16,true,false
1773237798000,0.00,3.18,false,false
1773237801000,0.00,3.18,true,false
1773237805000,0.00,3.18,true,false
1773237808000,0.00,3.18,true,false
1773237813000,0.00,3.18,true,false
1773237818000,0.00,3.18,true,false
1773237823000,0.00,0.95,false,true
1773237828000,0.00,0.95,true,true
1773237833000,0.00,0.00,false,true
1773237835000,0.00,0.00,false,true
1773237838000,0.00,0.00,true,true
1773237843000,0.00,0.00,false,true
1773237848000,0.00,0.00,true,true
1773237853000,0.00,0.00,true,true
1773237858000,0.00,0.00,true,true
1773237861000,0.00,0.00,true,true
1773237863000,0.00,0.00,true,true
1773237868000,0.00,0.00,false,true
1773237873000,2.40,0.41,false,false
1773237878000,7.74,1.68,false,false
1773237881000,10.50,2.90,false,false
1773237885000,9.84,3.84,false,false
1773237888000,9.84,3.84,true,false
1773237891000,9.79,5.51,false,false
1773237893000,9.79,5.51,true,false
1773237898000,14.24,5.67,false,false
1773237901000,26.16,10.04,false,false
1773237903000,26.16,10.04,true,false
1773237908000,33.65,15.63,false,false
1773237910000,44.92,22.65,false,false
1773237913000,44.92,22.65,true,false
1773237918000,15.67,23.21,false,false
1773237921000,15.67,17.83,false,false
1773237924000,19.13,17.92,false,false
1773237929000,19.13,17.92,true,false
1773237937000,19.03,19.69,false,false
1773237939000,20.81,19.43,false,false
1773237942000,20.81,19.43,true,false
1773237944000,25.09,20.94,false,false
1773237946000,25.09,20.94,true,false
1773237950000,39.08,23.98,false,false
1773237952000,39.08,23.98,true,false
1773237954000,52.20,27.19,false,false
1773237958000,14.76,27.19,true,false
1773237963000,39.30,30.63,false,false
1773237965000,40.62,33.92,false,false
1773237967000,40.62,33.92,true,false
1773237973000,0.00,21.91,false,false
1773237975000,0.00,21.91,true,false
1773237980000,0.00,21.91,true,false
1773237987000,0.00,21.91,true,false
1773237992000,0.00,21.91,true,false
1773237994000,0.00,21.91,true,false
1773237998000,0.00,21.91,true,false
1773238005000,0.00,21.91,true,false
1773238007000,0.00,21.91,true,false
1773238009000,0.00,21.91,true,false
1773238013000,0.00,21.91,true,false
1773238015000,0.00,21.91,true,false
1773238018000,0.00,21.91,true,false
1773238022000,0.00,13.98,false,false
1773238024000,0.00,13.98,true,false
1773238027000,5.81,11.25,false,false
1773238030000,5.81,11.25,true,false
1773238037000,13.35,9.01,false,false
1773238042000,15.09,7.18,false,false
1773238044000,15.09,7.18,true,false
1773238047000,13.97,6.23,false,false
1773238054000,13.97,6.23,true,false
1773238057000,0.00,6.23,true,false
1773238059000,0.00,6.23,true,false
1773238062000,0.00,7.27,false,false
1773238064000,6.78,8.22,false,false
1773238067000,6.78,8.22,true,false
1773238069000,0.00,8.22,true,false
1773238072000,22.12,10.24,false,false
1773238074000,23.15,10.24,true,false
1773238078000,26.15,12.30,false,false
1773238081000,38.96,15.15,false,false
1773238083000,38.96,15.15,true,false
1773238086000,39.46,22.90,false,false
1773238088000,39.46,22.90,true,false
1773238090000,36.43,26.70,false,false
1773238093000,29.53,30.03,false,false
1773238099000,12.18,24.87,false,false
1773238101000,12.18,24.87,true,false
1773238104000,0.00,24.87,true,false
1773238107000,0.00,24.87,true,false
1773238111000,0.00,24.87,true,false
1773238114000,0.00,24.87,true,false
1773238116000,0.00,24.87,true,false
1773238119000,0.00,24.87,true,false
1773238124000,0.00,15.22,false,false
1773238126000,0.00,15.22,true,false
1773238129000,6.35,11.73,false,false
1773238132000,6.35,11.73,true,false
1773238136000,12.77,9.54,false,false
1773238138000,12.77,9.54,true,false
1773238140000,25.92,8.93,false,false
1773238144000,25.92,8.93,true,false
1773238146000,32.78,10.08,false,false
1773238148000,28.10,10.08,true,false
1773238150000,28.10,10.08,true,false
1773238155000,22.82,15.14,false,false
1773238157000,33.53,19.27,false,false
1773238161000,33.53,19.27,true,false
1773238165000,0.00,13.29,false,false
1773238167000,0.00,13.29,true,false
1773238169000,0.00,13.29,true,false
1773238174000,0.00,8.90,false,false
1773238176000,0.00,8.90,true,false
1773238180000,7.63,9.64,false,false
1773238185000,14.01,10.36,false,false
1773238187000,14.01,10.36,true,false
1773238191000,20.39,10.38,false,false
1773238193000,20.39,10.38,true,false
1773238195000,22.75,12.30,false,false
1773238202000,20.84,14.47,false,false
1773238205000,26.77,18.56,false,false
1773238207000,26.77,18.56,true,false
1773238212000,23.78,20.28,false,false
1773238217000,21.33,20.42,false,false
1773238221000,20.64,20.29,false,false
1773238225000,13.10,17.39,false,false
1773238231000,13.10,12.06,false,false
1773238233000,0.00,12.06,true,false
1773238235000,0.00,12.06,true,false
1773238237000,0.00,12.06,true,false
1773238243000,0.00,8.36,false,false
1773238247000,5.84,8.01,false,false
1773238252000,10.21,7.93,false,false
1773238254000,18.44,9.59,false,false
1773238258000,18.44,9.59,true,false
1773238262000,24.99,12.05,false,false
1773238264000,24.99,12.05,true,false
1773238266000,0.00,12.05,true,false
1773238270000,0.00,12.05,true,false
1773238272000,0.00,12.05,true,false
1773238275000,0.00,13.29,false,false
1773238279000,5.86,13.60,false,false
1773238284000,13.95,13.39,false,false
1773238286000,13.95,13.39,true,false
1773238290000,26.91,13.79,false,false
1773238292000,26.91,13.79,true,false
1773238294000,43.89,17.42,false,false
1773238300000,23.11,16.66,false,false
1773238302000,21.06,16.04,false,false
1773238309000,21.06,16.04,true,false
1773238315000,0.00,16.04,true,false
1773238320000,0.00,16.04,true,false
1773238322000,0.00,13.85,false,false
1773238326000,0.00,13.85,true,false
1773238328000,5.72,14.08,false,false
1773238330000,5.72,14.08,true,false
1773238332000,0.00,14.08,true,false
1773238335000,28.89,14.06,false,false
1773238337000,34.14,14.06,true,false
1773238342000,37.96,14.96,false,false
1773238345000,52.45,17.29,false,false
1773238349000,58.14,26.53,false,false
1773238351000,58.14,26.53,true,false
1773238354000,41.96,33.87,false,false
1773238356000,41.96,33.87,true,false
1773238362000,22.46,28.10,false,false
1773238364000,35.16,34.82,false,false
1773238368000,14.20,34.82,true,false
1773238371000,32.40,35.22,false,false
1773238373000,32.40,35.22,true,false
1773238375000,40.72,34.48,false,false
1773238377000,40.72,32.92,false,false
1773238382000,0.00,32.92,true,false
1773238386000,0.00,32.92,true,false
1773238388000,0.00,32.92,true,false
1773238391000,0.00,32.92,true,false
1773238395000,0.00,32.92,true,false
1773238397000,0.00,32.92,true,false
1773238401000,0.00,32.92,true,false
1773238403000,0.00,32.92,true,false
1773238405000,0.00,32.92,true,false
1773238407000,0.00,32.92,true,false
1773238412000,0.00,32.92,true,false
1773238414000,0.00,32.92,true,false
1773238416000,0.00,32.92,true,false
1773238418000,0.00,32.92,true,false
1773238422000,0.00,20.06,false,false
1773238428000,8.52,15.07,false,false
1773238433000,23.34,12.88,false,false
1773238435000,23.34,12.88,true,false
1773238439000,13.69,10.99,false,false
1773238441000,13.69,10.99,true,false
1773238443000,0.00,9.68,false,false
1773238446000,0.00,9.68,true,false
1773238448000,0.00,9.68,true,false
1773238451000,0.00,6.99,false,false
1773238455000,0.00,6.99,true,false
1773238457000,9.04,11.12,false,false
1773238460000,9.04,11.12,true,false
1773238465000,21.88,12.16,false,false
1773238468000,36.13,15.92,false,false
1773238471000,36.13,15.92,true,false
1773238477000,0.00,30.95,false,false
1773238480000,0.00,30.95,true,false
1773238486000,40.18,30.35,false,false
1773238488000,47.53,38.99,false,false
1773238492000,19.57,30.90,false,false
1773238497000,19.57,21.16,false,false
1773238499000,0.00,21.16,true,false
1773238504000,0.00,21.16,true,false
1773238508000,0.00,21.16,true,false
1773238513000,0.00,21.16,true,false
1773238515000,0.00,21.16,true,false
1773238517000,0.00,21.16,true,false
1773238521000,0.00,21.16,true,false
1773238523000,0.00,21.16,true,false
1773238528000,0.00,21.16,true,false
1773238531000,0.00,21.16,true,false
1773238533000,0.00,21.16,true,false
1773238539000,0.00,21.16,true,false
1773238542000,0.00,21.16,true,false
1773238546000,0.00,21.16,true,false
1773238550000,0.00,21.16,true,false
1773238553000,0.00,12.74,false,false
1773238555000,0.00,12.74,true,false
1773238559000,8.78,9.62,false,false
1773238561000,8.78,9.62,true,false
1773238563000,0.00,9.62,true,false
1773238568000,23.98,7.78,false,false
1773238575000,0.00,0.00,false,false
1773238581000,14.54,5.82,false,false
1773238585000,26.36,14.04,false,false
1773238590000,26.59,19.06,false,false
1773238592000,28.66,22.90,false,false
1773238594000,28.66,22.90,true,false
1773238598000,0.00,22.90,true,false
1773238600000,0.00,22.90,true,false
1773238605000,0.00,22.90,true,false
1773238609000,0.00,16.11,false,false
1773238611000,0.00,16.11,true,false
1773238613000,0.00,16.11,true,false
1773238616000,10.65,15.11,false,false
1773238620000,26.32,15.70,false,false
1773238626000,39.17,17.62,false,false
1773238631000,49.51,20.82,false,false
1773238633000,49.51,20.82,true,false
1773238636000,58.86,32.28,false,false
1773238640000,65.55,44.94,false,false
1773238642000,65.55,44.94,true,false
1773238648000,0.00,54.62,true,false
1773238653000,0.00,61.61,true,false
1773238660000,0.00,70.27,false,false
1773238665000,72.44,69.17,false,false
1773238667000,72.44,69.17,true,false
1773238669000,17.35,69.17,true,false
1773238672000,47.55,66.06,false,false
1773238676000,20.66,46.85,false,false
1773238678000,20.66,32.45,false,false
1773238681000,0.00,32.45,true,false
1773238683000,0.00,32.45,true,false
1773238689000,0.00,21.24,false,false
1773238693000,7.18,18.35,false,false
1773238698000,20.38,17.76,false,false
1773238706000,28.92,20.22,false,false
1773238711000,0.00,0.00,true,false
1773238713000,0.00,0.00,true,false
1773238718000,0.00,0.00,true,false
1773238722000,65.17,24.22,false,false
1773238727000,70.56,40.00,false,false
1773238733000,0.00,0.00,true,false
1773238738000,0.00,0.00,true,false
1773238744000,47.18,20.71,false,false
1773238749000,16.02,16.49,false,false
1773238753000,16.02,16.49,true,false
1773238755000,0.00,13.20,false,false
1773238759000,9.84,11.60,false,false
1773238762000,9.84,11.60,true,false
1773238764000,6.81,12.36,false,false
1773238768000,7.76,10.77,false,false
1773238770000,7.76,10.77,true,false
1773238772000,0.00,8.65,false,false
1773238774000,0.00,8.65,true,false
1773238779000,8.96,8.61,false,false
1773238784000,13.29,9.75,false,false
1773238789000,10.96,10.28,false,false
1773238791000,10.96,10.28,true,false
1773238795000,0.00,10.28,true,false
1773238797000,0.00,10.28,true,false
1773238799000,0.00,10.28,true,false
1773238806000,0.00,10.28,true,false
1773238811000,0.00,10.28,true,false
1773238813000,0.00,10.28,true,false
1773238816000,0.00,10.28,true,false
1773238819000,0.00,10.28,true,false
1773238821000,0.00,10.28,true,false
1773238824000,0.00,10.28,true,false
1773238827000,0.00,10.28,true,false
1773238832000,0.00,10.28,true,false
1773238834000,0.00,10.28,true,false
1773238836000,0.00,10.28,true,false
1773238839000,0.00,10.28,true,false
1773238841000,0.00,10.28,true,false
1773238845000,0.00,10.28,true,false
1773238847000,0.00,10.28,true,false
1773238850000,0.00,10.28,true,false
1773238854000,0.00,10.28,true,false
1773238860000,0.00,10.28,true,false
1773238862000,0.00,10.28,true,false
1773238864000,0.00,10.28,true,false
1773238871000,0.00,10.28,true,false
1773238873000,0.00,7.26,false,false
1773238875000,0.00,7.26,true,false
1773238880000,3.55,5.54,false,false
1773238884000,3.55,4.28,false,false
1773238892000,7.96,3.40,false,false
1773238894000,8.74,2.80,false,false
1773238897000,13.99,6.81,false,false
1773238901000,13.99,6.81,true,false
1773238905000,17.47,10.07,false,false
1773238907000,17.47,10.07,true,false
1773238913000,28.18,15.23,false,false
1773238915000,28.18,15.23,true,false
1773238917000,35.52,22.13,false,false
1773238922000,35.52,22.13,true,false
1773238926000,35.40,24.40,false,false
1773238928000,37.05,26.81,false,false
1773238932000,44.74,31.90,false,false
1773238937000,23.95,28.40,false,false
1773238941000,23.95,21.20,false,false
1773238944000,0.00,21.20,true,false
1773238946000,0.00,14.27,false,false
1773238949000,0.00,14.27,true,false
1773238953000,0.00,9.50,false,false
1773238955000,0.00,9.50,true,false
1773238958000,8.38,10.29,false,false
1773238960000,8.38,10.29,true,false
1773238964000,14.14,9.93,false,false
1773238966000,14.14,9.93,true,false
1773238970000,20.70,10.41,false,false
1773238972000,20.70,10.41,true,false
1773238975000,24.28,12.96,false,false
1773238977000,28.04,17.10,false,false
1773238981000,28.04,17.10,true,false
1773238985000,17.26,18.43,false,false
1773238988000,28.93,20.70,false,false
1773238994000,27.02,23.62,false,false
1773238996000,27.02,23.62,true,false
1773238999000,32.12,25.31,false,false
1773239001000,32.12,25.31,true,false
1773239005000,31.09,25.80,false,false
1773239007000,31.09,25.80,true,false
1773239009000,37.56,29.05,false,false
1773239012000,37.56,29.05,true,false
1773239015000,35.44,30.17,false,false
1773239017000,35.44,30.17,true,false
1773239020000,38.40,30.69,false,false
1773239022000,38.40,30.69,true,false
1773239025000,37.21,30.99,false,false
1773239028000,37.21,30.99,true,false
1773239031000,21.59,30.08,false,false
1773239036000,15.40,24.32,false,false
1773239039000,19.53,22.36,false,false
1773239041000,19.53,22.36,true,false
1773239043000,0.00,22.36,true,false
1773239048000,22.87,20.21,false,false
1773239051000,32.01,20.87,false,false
1773239053000,28.92,23.56,false,false
1773239057000,28.92,23.56,true,false
1773239062000,0.00,17.31,false,false
1773239064000,0.00,12.91,false,false
1773239066000,0.00,12.91,true,false
1773239068000,5.19,11.92,false,false
1773239072000,5.19,11.92,true,false
1773239074000,15.63,11.05,false,false
1773239078000,10.96,11.05,true,false
1773239080000,26.25,12.10,false,false
1773239082000,23.93,12.10,true,false
1773239085000,31.09,15.33,false,false
1773239089000,31.09,15.33,true,false
1773239091000,21.89,17.75,false,false
1773239093000,21.89,17.75,true,false
1773239097000,25.50,20.55,false,false
1773239102000,17.80,18.57,false,false
1773239104000,17.80,18.57,true,false
1773239108000,17.97,18.24,false,false
1773239111000,25.85,19.60,false,false
1773239113000,25.85,19.60,true,false
1773239118000,20.76,20.41,false,false
1773239120000,20.76,20.41,true,false
1773239124000,25.83,20.75,false,false
1773239126000,29.60,23.61,false,false
1773239130000,14.78,23.61,true,false
1773239132000,37.12,27.28,false,false
1773239134000,34.04,27.28,true,false
1773239137000,45.55,29.48,false,false
1773239141000,35.65,32.58,false,false
1773239144000,35.65,32.58,true,false
1773239147000,30.22,33.46,false,false
1773239151000,32.78,31.73,false,false
1773239160000,21.58,28.75,false,false
1773239162000,21.58,28.75,true,false
1773239168000,0.00,24.95,false,false
1773239173000,0.00,24.95,true,false
1773239175000,0.00,24.95,true,false
1773239177000,0.00,24.95,true,false
1773239181000,0.00,24.95,true,false
1773239185000,0.00,15.76,false,false
1773239187000,0.00,15.76,true,false
1773239189000,7.95,15.46,false,false
1773239192000,7.95,15.46,true,false
1773239194000,25.54,16.69,false,false
1773239196000,29.41,16.69,true,false
1773239199000,40.58,16.21,false,false
1773239202000,40.58,16.21,true,false
1773239205000,22.49,16.15,false,false
1773239208000,22.49,16.15,true,false
1773239213000,25.77,20.57,false,false
1773239216000,27.63,25.00,false,false
1773239220000,27.63,25.00,true,false
1773239224000,35.58,27.53,false,false
1773239228000,46.23,30.66,false,false
1773239231000,46.23,30.66,true,false
1773239238000,0.00,26.25,false,false
1773239240000,0.00,26.25,true,false
1773239243000,0.00,26.25,true,false
1773239247000,0.00,26.25,true,false
1773239251000,0.00,26.25,true,false
1773239254000,0.00,17.47,false,false
1773239257000,0.00,17.47,true,false
1773239260000,8.51,18.27,false,false
1773239262000,8.51,18.27,true,false
1773239266000,27.63,18.59,false,false
1773239271000,38.60,18.87,false,false
1773239274000,38.60,18.87,true,false
1773239277000,0.00,18.87,true,false
1773239279000,0.00,18.87,true,false
1773239282000,0.00,18.87,true,false
1773239286000,0.00,18.87,true,false
1773239288000,0.00,18.87,true,false
1773239291000,0.00,18.87,true,false
1773239293000,0.00,18.87,true,false
1773239297000,0.00,18.87,true,false
1773239300000,0.00,18.87,true,false
1773239302000,0.00,18.87,true,false
1773239308000,30.93,18.17,false,false
1773239312000,30.93,18.17,true,false
1773239314000,3.17,18.17,true,false
1773239319000,3.17,12.35,false,false
1773239323000,0.00,12.35,true,false
1773239327000,0.00,9.14,false,false
1773239329000,0.00,9.14,true,false
1773239332000,7.40,11.07,false,false
1773239336000,7.40,11.07,true,false
1773239338000,0.00,11.07,true,false
1773239343000,0.00,11.07,true,false
1773239345000,0.00,11.07,true,false
1773239347000,0.00,11.07,true,false
1773239351000,0.00,11.07,true,false
1773239355000,0.00,11.07,true,false
1773239357000,0.00,11.07,true,false
1773239361000,0.00,11.07,true,false
1773239363000,0.00,11.07,true,false
1773239365000,0.00,9.48,false,false
1773239368000,0.00,9.48,true,false
1773239371000,0.00,9.48,true,false
1773239374000,10.17,7.30,false,false
1773239376000,10.17,7.30,true,false
1773239381000,25.91,7.81,false,false
1773239385000,16.41,8.35,false,false
1773239387000,16.41,8.35,true,false
1773239391000,0.00,5.95,false,false
1773239393000,14.14,9.08,false,false
1773239397000,14.14,9.08,true,false
1773239402000,10.95,12.12,false,false
1773239410000,7.27,10.23,false,false
1773239415000,7.27,6.54,false,false
1773239417000,13.37,9.22,false,false
1773239422000,13.37,9.22,true,false
1773239428000,24.69,14.57,false,false
1773239440000,0.96,10.20,false,false
1773239445000,37.85,20.42,false,false
1773239447000,37.85,20.42,true,false
1773239450000,36.84,27.89,false,false
1773239454000,32.62,30.02,false,false
1773239456000,32.62,30.02,true,false
1773239459000,22.09,29.68,false,false
1773239463000,22.09,29.68,true,false
1773239465000,25.20,28.46,false,false
1773239467000,21.32,28.46,true,false
1773239469000,37.32,29.14,false,false
1773239473000,15.96,29.14,true,false
1773239475000,31.50,28.83,false,false
1773239477000,31.50,28.83,true,false
1773239480000,30.28,27.18,false,false
1773239487000,22.33,25.51,false,false
1773239490000,35.58,26.25,false,false
1773239492000,35.58,26.25,true,false
1773239496000,40.82,28.22,false,false
1773239501000,39.22,32.14,false,false
1773239504000,48.43,35.77,false,false
1773239507000,48.43,35.77,true,false
1773239512000,18.70,29.71,false,false
1773239516000,23.05,26.51,false,false
1773239519000,22.91,25.38,false,false
1773239523000,22.91,25.38,true,false
1773239525000,18.85,22.77,false,false
1773239527000,16.49,19.79,false,false
1773239529000,16.49,19.79,true,false
1773239531000,0.00,19.79,true,false
1773239537000,0.00,19.79,true,false
1773239540000,0.00,19.79,true,false
1773239544000,0.00,19.79,true,false
1773239546000,0.00,19.79,true,false
1773239548000,0.00,19.79,true,false
1773239552000,0.00,19.79,true,false
1773239554000,0.00,19.79,true,false
1773239557000,0.00,19.79,true,false
1773239560000,0.00,19.79,true,false
1773239562000,0.00,19.79,true,false
1773239566000,0.00,19.79,true,false
1773239568000,0.00,19.79,true,false
1773239573000,0.00,19.79,true,false
1773239575000,0.00,19.79,true,false
1773239578000,0.00,19.79,true,false
1773239582000,0.00,19.79,true,false
1773239584000,0.00,19.79,true,false
1773239588000,0.00,19.79,true,false
1773239590000,0.00,19.79,true,false
1773239593000,0.00,19.79,true,false
1773239598000,0.00,19.79,true,false
1773239601000,0.00,19.79,true,false
1773239606000,0.00,19.79,true,false
1773239608000,0.00,19.79,true,false
1773239612000,0.00,19.79,true,false
1773239616000,0.00,19.79,true,false
1773239622000,0.00,19.79,true,false
1773239627000,0.00,19.79,true,false
1773239629000,0.00,19.79,true,false
1773239631000,0.00,19.79,true,false
1773239635000,0.00,19.79,true,false
1773239637000,0.00,19.79,true,false
1773239641000,0.00,19.79,true,false
1773239643000,0.00,19.79,true,false
1773239645000,0.00,19.79,true,false
1773239648000,0.00,19.79,true,false
1773239652000,0.00,19.79,true,false
1773239654000,0.00,19.79,true,false
1773239657000,0.00,19.79,true,false
1773239659000,0.00,19.79,true,false
1773239663000,0.00,19.79,true,false
1773239665000,0.00,19.79,true,false
1773239669000,0.00,19.79,true,false
1773239671000,0.00,19.79,true,false
1773239677000,0.00,19.79,true,false
1773239680000,0.00,19.79,true,false
1773239682000,0.00,19.79,true,false
1773239684000,0.00,19.79,true,false
1773239688000,0.00,19.79,true,false
1773239690000,0.00,19.79,true,false
1773239692000,0.00,19.79,true,false
1773239699000,0.00,19.79,true,false
1773239702000,0.00,19.79,true,false
1773239705000,0.00,19.79,true,false
1773239709000,0.00,19.79,true,false
1773239711000,0.00,19.79,true,false
1773239717000,0.00,19.79,true,false
1773239720000,0.00,19.79,true,false
1773239724000,0.00,19.79,true,false
1773239726000,0.00,19.79,true,false
1773239729000,0.00,19.79,true,false
1773239732000,0.00,19.79,true,false
1773239735000,0.00,19.79,true,false
1773239737000,0.00,19.79,true,false
1773239739000,0.00,19.79,true,false
1773239742000,0.00,19.79,true,false
1773239748000,0.00,19.79,true,false
1773239750000,0.00,19.79,true,false
1773239754000,0.00,19.79,true,false
1773239757000,0.00,19.79,true,false
1773239760000,0.00,19.79,true,false
1773239763000,0.00,19.79,true,false
1773239765000,0.00,19.79,true,false
1773239767000,0.00,19.79,true,false
1773239769000,0.00,19.79,true,false
1773239772000,0.00,19.79,true,false
1773239776000,0.00,19.79,true,false
1773239783000,0.00,19.79,true,false
1773239787000,0.00,19.79,true,false
1773239790000,0.00,19.79,true,false
1773239794000,0.00,19.79,true,false
1773239800000,0.00,12.22,false,false
1773239802000,0.00,12.22,true,false
1773239806000,2.23,7.61,false,false
1773239808000,2.23,7.61,true,false
1773239811000,0.00,4.76,false,false
1773239813000,0.00,4.76,true,false
1773239817000,0.00,4.76,true,false
1773239820000,0.00,2.95,false,false
1773239822000,0.00,2.95,true,false
1773239826000,0.00,2.95,true,false
1773239829000,5.47,1.94,false,false
1773239831000,8.91,3.27,false,false
1773239833000,8.91,3.27,true,false
1773239835000,0.00,4.00,false,false
1773239841000,0.00,4.00,true,false
1773239843000,0.00,4.00,true,false
1773239848000,0.00,4.00,true,false
1773239850000,0.00,4.00,true,false
1773239855000,0.00,4.00,true,false
1773239858000,0.00,4.00,true,false
1773239861000,0.00,4.00,true,false
1773239863000,0.00,3.57,false,false
1773239867000,5.95,4.09,false,false
1773239870000,5.95,4.09,true,false
1773239873000,16.50,5.71,false,false
1773239881000,15.73,6.87,false,false
1773239883000,25.36,8.42,false,false
1773239887000,26.46,15.41,false,false
1773239894000,5.08,11.39,false,false
1773239898000,15.44,13.03,false,false
1773239903000,21.49,16.41,false,false
1773239907000,21.49,16.41,true,false
1773239912000,17.62,17.46,false,false
1773239915000,20.51,17.85,false,false
1773239918000,20.51,17.85,true,false
1773239921000,17.08,18.23,false,false
1773239925000,17.08,18.23,true,false
1773239927000,0.00,18.23,true,false
1773239933000,0.00,18.23,true,false
1773239936000,0.00,15.40,false,false
1773239938000,0.00,15.40,true,false
1773239940000,8.31,14.36,false,false
1773239942000,8.31,14.36,true,false
1773239947000,26.05,14.58,false,false
1773239949000,26.05,14.58,true,false
1773239951000,43.71,16.05,false,false
1773239953000,34.74,16.05,true,false
1773239958000,34.34,18.02,false,false
1773239962000,35.90,24.71,false,false
1773239966000,18.24,21.64,false,false
1773239968000,18.24,21.64,true,false
1773239970000,0.00,21.64,true,false
1773239973000,0.00,21.64,true,false
1773239976000,0.00,21.64,true,false
1773239981000,0.00,21.64,true,false
1773239985000,0.00,13.63,false,false
1773239987000,0.00,13.63,true,false
1773239991000,6.08,13.34,false,false
1773239993000,6.08,13.34,true,false
1773239996000,15.61,12.62,false,false
1773239998000,15.61,12.62,true,false
1773240002000,16.11,11.21,false,false
1773240007000,13.36,10.20,false,false
1773240011000,18.28,12.70,false,false
1773240013000,18.28,12.70,true,false
1773240017000,22.08,15.09,false,false
1773240020000,32.47,18.86,false,false
1773240022000,32.47,18.86,true,false
1773240026000,10.06,18.66,false,false
1773240031000,10.06,18.66,true,false
1773240035000,0.00,14.28,false,false
1773240037000,0.00,14.28,true,false
1773240041000,7.50,13.38,false,false
1773240043000,7.50,13.38,true,false
1773240048000,18.28,11.21,false,false
1773240050000,28.71,12.70,false,false
1773240053000,29.80,14.98,false,false
1773240057000,29.80,14.98,true,false
1773240059000,28.41,18.16,false,false
1773240064000,23.05,19.69,false,false
1773240066000,23.05,19.69,true,false
1773240068000,0.00,19.69,true,false
1773240071000,0.00,19.69,true,false
1773240073000,0.00,19.69,true,false
1773240079000,0.00,12.95,false,false
1773240083000,7.97,13.33,false,false
1773240088000,17.13,14.04,false,false
1773240092000,22.57,14.78,false,false
1773240096000,29.70,17.42,false,false
1773240098000,29.70,17.42,true,false
1773240102000,34.30,24.70,false,false
1773240104000,34.30,24.70,true,false
1773240106000,0.00,24.70,true,false
1773240108000,20.29,27.31,false,false
1773240113000,32.25,28.26,false,false
1773240117000,32.25,28.26,true,false
1773240119000,32.45,27.46,false,false
1773240121000,38.08,26.88,false,false
1773240129000,14.68,25.90,false,false
1773240133000,14.68,25.90,true,false
1773240137000,0.00,25.90,true,false
1773240141000,0.00,25.90,true,false
1773240143000,0.00,25.90,true,false
1773240149000,0.00,25.90,true,false
1773240152000,0.00,18.88,false,false
1773240156000,0.00,18.88,true,false
1773240163000,7.28,15.60,false,false
1773240165000,7.28,15.60,true,false
1773240167000,0.00,15.60,true,false
1773240169000,15.17,12.75,false,false
1773240171000,15.17,12.75,true,false
1773240174000,22.33,10.95,false,false
1773240178000,28.00,10.84,false,false
1773240184000,12.74,11.04,false,false
1773240186000,12.74,11.04,true,false
1773240190000,26.74,15.79,false,false
1773240195000,25.78,19.88,false,false
1773240198000,25.78,18.73,false,false
1773240202000,0.00,18.73,true,false
1773240204000,0.00,18.73,true,false
1773240208000,0.00,11.77,false,false
1773240215000,7.29,13.07,false,false
1773240217000,15.27,14.91,false,false
1773240219000,15.27,14.91,true,false
1773240224000,23.41,15.63,false,false
1773240226000,23.41,15.63,true,false
1773240230000,38.97,18.00,false,false
1773240233000,38.97,18.00,true,false
1773240235000,41.40,24.36,false,false
1773240240000,4.79,24.36,true,false
1773240242000,18.75,27.94,false,false
1773240245000,18.75,27.50,false,false
1773240248000,0.00,27.50,true,false
1773240253000,0.00,27.50,true,false
1773240257000,0.00,27.50,true,false
1773240259000,0.00,27.50,true,false
1773240261000,0.00,20.40,false,false
1773240263000,0.00,20.40,true,false
1773240267000,8.31,16.85,false,false
1773240270000,8.31,16.85,true,false
1773240272000,25.36,14.68,false,false
1773240275000,23.06,14.68,true,false
1773240279000,30.00,14.15,false,false
1773240283000,31.14,14.65,false,false
1773240285000,31.14,14.65,true,false
1773240289000,27.24,18.54,false,false
1773240291000,27.24,18.54,true,false
1773240294000,31.81,22.21,false,false
1773240298000,21.77,21.75,false,false
1773240300000,21.77,21.75,true,false
1773240304000,0.00,21.75,true,false
1773240308000,0.00,13.76,false,false
1773240312000,10.19,15.14,false,false
1773240317000,17.52,16.99,false,false
1773240319000,17.52,16.99,true,false
1773240323000,27.87,18.33,false,false
1773240325000,27.87,18.33,true,false
1773240327000,0.00,18.33,true,false
1773240331000,28.76,19.91,false,false
1773240336000,35.55,25.18,false,false
1773240338000,35.55,25.18,true,false
1773240342000,35.20,28.51,false,false
1773240344000,40.54,30.21,false,false
1773240348000,40.54,20.82,false,false
1773240350000,0.00,20.82,true,false
1773240354000,0.00,20.82,true,false
1773240359000,0.00,14.08,false,false
1773240362000,0.00,14.08,true,false
1773240367000,5.38,13.46,false,false
1773240369000,5.38,11.28,false,false
1773240371000,0.00,11.28,true,false
1773240374000,10.74,9.04,false,false
1773240378000,10.74,9.04,true,false
1773240382000,17.46,8.84,false,false
1773240385000,25.76,12.00,false,false
1773240389000,25.76,12.00,true,false
1773240391000,27.13,16.53,false,false
1773240393000,27.13,16.53,true,false
1773240396000,29.32,19.78,false,false
1773240398000,29.32,19.78,true,false
1773240400000,36.21,22.91,false,false
1773240406000,21.74,18.62,false,false
1773240409000,21.74,18.62,true,false
1773240411000,15.97,18.95,false,false
1773240416000,7.60,14.00,false,false
1773240418000,7.60,14.00,true,false
1773240425000,0.00,14.00,true,false
1773240429000,0.00,14.00,true,false
1773240434000,0.00,14.00,true,false
1773240437000,0.00,14.00,true,false
1773240439000,0.00,14.00,true,false
1773240443000,0.00,14.00,true,false
1773240445000,0.00,14.00,true,false
1773240449000,0.00,14.00,true,false
1773240454000,0.00,14.00,true,false
1773240456000,0.00,14.00,true,false
1773240458000,0.00,14.00,true,false
1773240463000,0.00,14.00,true,false
1773240467000,0.00,14.00,true,false
1773240470000,0.00,9.90,false,false
1773240476000,5.14,7.64,false,false
1773240481000,8.96,6.20,false,false
1773240483000,8.96,6.20,true,false
1773240485000,0.00,6.20,true,false
1773240489000,18.60,5.74,false,false
1773240495000,21.84,6.05,false,false
1773240498000,28.41,13.28,false,false
1773240502000,34.19,19.56,false,false
1773240504000,34.19,19.56,true,false
1773240507000,37.00,24.46,false,false
1773240511000,25.24,24.78,false,false
1773240513000,25.24,24.78,true,false
1773240516000,0.00,19.16,false,false
1773240522000,0.00,12.47,false,false
1773240525000,9.99,13.58,false,false
1773240528000,9.99,13.58,true,false
1773240531000,0.00,13.58,true,false
1773240533000,0.00,13.58,true,false
1773240536000,0.00,10.74,false,false
1773240539000,0.00,10.74,true,false
1773240545000,6.49,9.03,false,false
1773240548000,19.00,10.58,false,false
1773240552000,19.00,10.58,true,false
1773240555000,26.12,13.29,false,false
1773240558000,32.43,15.57,false,false
1773240561000,32.43,15.57,true,false
1773240565000,31.08,20.83,false,false
1773240567000,31.08,20.83,true,false
1773240570000,21.54,25.54,false,false
1773240575000,14.91,20.25,false,false
1773240582000,14.91,20.25,true,false
1773240586000,0.00,12.93,false,false
1773240591000,9.68,13.22,false,false
1773240593000,9.68,13.22,true,false
1773240595000,0.00,13.22,true,false
1773240600000,13.17,12.33,false,false
1773240602000,22.04,12.82,false,false
1773240606000,22.04,12.82,true,false
1773240609000,21.37,13.03,false,false
1773240611000,33.28,17.30,false,false
1773240617000,28.47,19.03,false,false
1773240621000,28.47,19.03,true,false
1773240623000,33.31,23.57,false,false
1773240626000,32.37,24.78,false,false
1773240629000,32.37,24.78,true,false
1773240634000,27.43,25.32,false,false
1773240637000,27.43,25.32,true,false
1773240639000,35.50,25.49,false,false
1773240645000,12.87,18.25,false,false
1773240647000,12.87,18.25,true,false
1773240649000,0.00,18.25,true,false
1773240652000,0.00,18.25,true,false
1773240657000,0.00,12.15,false,false
1773240664000,5.44,13.62,false,false
1773240667000,5.44,13.62,true,false
1773240673000,11.62,13.99,false,false
1773240678000,27.70,16.50,false,false
1773240684000,28.11,19.26,false,false
1773240694000,22.01,20.36,false,false
1773240703000,13.26,17.52,false,false
1773240706000,20.11,18.56,false,false
1773240710000,20.11,18.56,true,false
1773240712000,13.42,17.83,false,false
1773240715000,12.55,17.83,true,false
1773240717000,27.63,16.96,false,false
1773240719000,27.63,16.96,true,false
1773240722000,30.82,17.71,false,false
1773240724000,32.41,21.90,false,false
1773240728000,13.33,18.18,false,false
1773240732000,13.33,13.27,false,false
1773240734000,0.00,13.27,true,false
1773240739000,0.00,8.14,false,false
1773240743000,8.01,10.50,false,false
1773240745000,8.01,10.50,true,false
1773240748000,14.91,10.38,false,false
1773240750000,14.91,10.38,true,false
1773240754000,28.27,12.83,false,false
1773240759000,28.27,12.83,true,false
1773240764000,28.14,15.63,false,false
1773240766000,35.43,21.22,false,false
1773240770000,35.43,21.22,true,false
1773240772000,33.92,25.20,false,false
1773240775000,47.01,29.53,false,false
1773240777000,44.53,31.62,false,false
1773240784000,44.53,31.62,true,false
1773240786000,0.00,31.62,true,false
1773240790000,0.00,31.62,true,false
1773240793000,0.00,31.62,true,false
1773240796000,0.00,24.73,false,false
1773240801000,5.87,18.71,false,false
1773240805000,14.71,16.92,false,false
1773240808000,14.71,16.92,true,false
1773240811000,24.89,15.66,false,false
1773240814000,24.89,15.66,true,false
1773240820000,34.56,16.41,false,false
1773240823000,34.56,16.41,true,false
1773240825000,37.45,22.27,false,false
1773240829000,37.45,22.27,true,false
1773240831000,21.72,25.53,false,false
1773240834000,21.72,25.53,true,false
1773240840000,30.50,26.70,false,false
1773240843000,30.50,26.70,true,false
1773240849000,21.23,24.32,false,false
1773240851000,29.10,25.33,false,false
1773240855000,33.94,25.86,false,false
1773240858000,33.94,25.86,true,false
1773240863000,26.77,25.36,false,false
1773240866000,35.62,25.79,false,false
1773240870000,35.62,25.79,true,false
1773240873000,28.45,29.28,false,false
1773240875000,28.45,29.28,true,false
1773240881000,15.00,24.61,false,false
1773240886000,15.00,24.61,true,false
1773240892000,36.16,26.32,false,false
1773240894000,36.16,26.32,true,false
1773240898000,31.77,28.17,false,false
1773240900000,31.77,28.17,true,false
1773240902000,27.93,28.42,false,false
1773240905000,27.93,28.42,true,false
1773240908000,28.58,27.58,false,false
1773240915000,27.62,26.05,false,false
1773240917000,27.62,26.05,true,false
1773240920000,20.42,24.97,false,false
1773240926000,24.04,23.68,false,false
1773240928000,21.01,22.57,false,false
1773240930000,21.01,22.57,true,false
1773240934000,14.79,21.12,false,false
1773240938000,14.02,18.31,false,false
1773240941000,14.02,18.31,true,false
1773240943000,0.00,18.31,true,false
1773240949000,0.00,18.31,true,false
1773240958000,0.00,12.62,false,false
1773240960000,7.81,11.11,false,false
1773240963000,7.81,11.11,true,false
1773240967000,10.49,10.30,false,false
1773240969000,17.67,10.85,false,false
1773240975000,17.67,10.85,true,false
1773240978000,24.25,12.22,false,false
1773240984000,11.75,9.59,false,false
1773240987000,21.50,12.77,false,false
1773240990000,21.50,12.77,true,false
1773240993000,0.00,12.77,true,false
1773240995000,0.00,12.77,true,false
1773240999000,0.00,10.14,false,false
1773241002000,0.00,10.14,true,false
1773241004000,9.75,12.39,false,false
1773241010000,21.06,13.90,false,false
1773241013000,21.06,13.90,true,false
1773241015000,30.12,15.77,false,false
1773241017000,30.12,15.77,true,false
1773241019000,0.00,15.77,true,false
1773241022000,25.79,17.04,false,false
1773241030000,34.40,20.51,false,false
1773241033000,34.40,20.51,true,false
1773241037000,12.34,19.23,false,false
1773241039000,12.34,19.23,true,false
1773241043000,0.00,19.23,true,false
1773241045000,0.00,19.23,true,false
1773241051000,0.00,12.68,false,false
1773241053000,0.00,12.68,true,false
1773241058000,6.67,13.72,false,false
1773241060000,6.67,13.72,true,false
1773241064000,15.81,14.40,false,false
1773241071000,14.59,13.56,false,false
1773241073000,31.03,15.17,false,false
1773241077000,37.11,21.68,false,false
1773241079000,37.11,21.68,true,false
1773241083000,0.00,21.68,true,false
1773241089000,35.51,24.92,false,false
1773241094000,35.51,24.92,true,false
1773241100000,0.00,24.92,true,false
1773241103000,0.00,24.92,true,false
1773241106000,0.00,22.25,false,false
1773241109000,6.78,20.89,false,false
1773241112000,6.78,20.89,true,false
1773241118000,19.24,18.98,false,false
1773241120000,30.59,18.47,false,false
1773241123000,30.59,18.47,true,false
1773241127000,36.71,19.31,false,false
1773241129000,36.71,19.31,true,false
1773241133000,50.74,27.41,false,false
1773241135000,50.74,27.41,true,false
1773241141000,50.51,32.53,false,false
1773241145000,15.68,24.91,false,false
1773241149000,15.68,16.38,false,false
1773241152000,0.00,16.38,true,false
1773241156000,0.00,16.38,true,false
1773241158000,0.00,16.38,true,false
1773241160000,0.00,16.38,true,false
1773241164000,0.00,16.38,true,false
1773241166000,0.00,10.36,false,false
1773241169000,0.00,10.36,true,false
1773241171000,11.33,11.62,false,false
1773241175000,9.82,11.62,true,false
1773241178000,26.80,11.39,false,false
1773241180000,26.01,11.39,true,false
1773241189000,21.18,12.44,false,false
1773241191000,34.00,15.21,false,false
1773241195000,15.87,15.21,true,false
1773241200000,30.13,20.84,false,false
1773241202000,38.29,26.13,false,false
1773241206000,24.32,24.91,false,false
1773241211000,24.32,24.91,true,false
1773241213000,0.00,24.91,true,false
1773241216000,0.00,24.91,true,false
1773241221000,0.00,17.17,false,false
1773241226000,5.84,16.57,false,false
1773241230000,17.31,17.35,false,false
1773241234000,17.31,17.35,true,false
1773241237000,24.54,16.84,false,false
1773241243000,30.90,17.55,false,false
1773241249000,30.90,11.80,false,false
1773241252000,23.24,17.65,false,false
1773241256000,23.24,17.65,true,false
1773241261000,22.46,19.92,false,false
1773241266000,25.63,22.45,false,false
1773241270000,33.54,24.19,false,false
1773241272000,33.54,24.19,true,false
1773241275000,19.54,25.76,false,false
1773241279000,18.60,22.88,false,false
1773241285000,18.60,22.88,true,false
1773241287000,0.00,22.88,true,false
1773241292000,0.00,14.21,false,false
1773241297000,9.87,14.06,false,false
1773241302000,17.81,15.43,false,false
1773241307000,24.73,16.93,false,false
1773241312000,23.66,17.31,false,false
1773241319000,21.78,19.10,false,false
1773241322000,21.78,19.10,true,false
1773241324000,15.83,19.78,false,false
1773241326000,15.83,19.78,true,false
1773241328000,0.00,18.03,false,false
1773241333000,0.00,18.03,true,false
1773241339000,0.00,18.03,true,false
1773241346000,0.00,18.03,true,false
1773241348000,0.00,18.03,true,false
1773241352000,0.00,18.03,true,false
1773241354000,0.00,18.03,true,false
1773241357000,0.00,18.03,true,false
1773241359000,0.00,18.03,true,false
1773241363000,0.00,18.03,true,false
1773241365000,0.00,18.03,true,false
1773241369000,0.00,18.03,true,false
1773241374000,0.00,18.03,true,false
1773241376000,0.00,18.03,true,false
1773241380000,0.00,18.03,true,false
1773241385000,0.00,18.03,true,false
1773241387000,0.00,18.03,true,false
1773241389000,0.00,18.03,true,false
1773241395000,0.00,18.03,true,false
1773241398000,0.00,18.03,true,false
1773241400000,0.00,18.03,true,false
1773241404000,0.00,18.03,true,false
1773241406000,0.00,18.03,true,false
1773241408000,0.00,18.03,true,false
1773241411000,0.00,18.03,true,false
1773241415000,0.00,18.03,true,false
1773241421000,0.00,18.03,true,false
1773241423000,0.00,18.03,true,false
1773241425000,0.00,18.03,true,false
1773241428000,0.00,18.03,true,false
1773241432000,0.00,18.03,true,false
1773241435000,0.00,18.03,true,false
1773241440000,0.00,18.03,true,false
1773241442000,0.00,18.03,true,false
1773241445000,0.00,18.03,true,false
1773241447000,0.00,18.03,true,false
1773241451000,0.00,18.03,true,false
1773241453000,0.00,18.03,true,false
1773241457000,0.00,18.03,true,false
1773241459000,0.00,18.03,true,false
1773241462000,0.00,18.03,true,false
1773241465000,0.00,18.03,true,false
1773241470000,0.00,18.03,true,false
1773241472000,0.00,18.03,true,false
1773241474000,0.00,18.03,true,false
1773241480000,0.00,18.03,true,false
1773241486000,0.00,18.03,true,false
1773241492000,0.00,18.03,true,false
1773241498000,0.00,18.03,true,false
1773241501000,0.00,18.03,true,false
1773241503000,0.00,18.03,true,false
1773241505000,0.00,18.03,true,false
1773241509000,0.00,18.03,true,false
1773241511000,0.00,18.03,true,false
1773241514000,0.00,18.03,true,false
1773241518000,0.00,18.03,true,false
1773241524000,0.00,18.03,true,false
1773241526000,0.00,18.03,true,false
1773241529000,0.00,18.03,true,false
1773241531000,0.00,18.03,true,false
1773241535000,0.00,18.03,true,false
1773241539000,0.00,18.03,true,false
1773241541000,0.00,18.03,true,false
1773241546000,0.00,18.03,true,false
1773241548000,0.00,18.03,true,false
1773241552000,0.00,18.03,true,false
1773241556000,0.00,18.03,true,false
1773241559000,0.00,18.03,true,false
1773241563000,0.00,18.03,true,false
1773241567000,0.00,18.03,true,false
1773241569000,0.00,18.03,true,false
1773241571000,0.00,18.03,true,false
1773241574000,0.00,18.03,true,false
1773241578000,0.00,18.03,true,false
1773241580000,0.00,18.03,true,false
1773241584000,0.00,18.03,true,false
1773241588000,0.00,11.14,false,false
1773241592000,0.00,11.14,true,false
1773241594000,2.76,7.05,false,false
1773241596000,2.76,7.05,true,false
1773241599000,5.95,4.43,false,false
1773241601000,5.95,4.43,true,false
1773241604000,13.29,2.88,false,false
1773241606000,12.63,2.01,false,false
1773241610000,12.63,2.01,true,false
1773241614000,0.00,2.71,false,false
1773241616000,0.00,3.38,false,false
1773241619000,0.00,3.38,true,false
1773241624000,7.23,5.76,false,false
1773241628000,16.30,8.68,false,false
1773241632000,0.00,0.00,true,false
1773241637000,0.00,0.00,true,false
1773241641000,60.78,25.92,false,false
1773241645000,60.78,25.92,true,false
1773241652000,0.00,40.89,false,false
1773241654000,0.00,40.89,true,false
1773241658000,31.62,41.94,false,false
1773241660000,31.62,41.94,true,false
1773241664000,22.88,35.73,false,false
1773241666000,22.88,35.73,true,false
1773241668000,30.75,27.30,false,false
1773241670000,30.75,27.30,true,false
1773241678000,24.83,18.83,false,false
1773241682000,32.93,17.46,false,false
1773241684000,32.93,17.46,true,false
1773241687000,37.44,20.45,false,false
1773241691000,18.27,19.44,false,false
1773241693000,18.27,19.44,true,false
1773241697000,14.77,17.67,false,false
1773241699000,14.77,17.67,true,false
1773241703000,12.07,18.18,false,false
1773241705000,12.07,18.18,true,false
1773241709000,11.76,16.86,false,false
1773241713000,16.46,14.96,false,false
1773241717000,20.66,14.82,false,false
1773241719000,20.66,14.82,true,false
1773241723000,25.36,17.06,false,false
1773241727000,28.39,20.34,false,false
1773241729000,28.39,20.34,true,false
1773241733000,30.81,23.64,false,false
1773241738000,30.81,23.64,true,false
1773241744000,31.00,25.95,false,false
1773241747000,31.00,25.95,true,false
1773241751000,30.83,27.23,false,false
1773241753000,32.22,29.37,false,false
1773241757000,18.23,24.35,false,false
1773241759000,18.23,17.70,false,false
1773241762000,0.00,17.70,true,false
1773241768000,21.23,19.64,false,false
1773241772000,21.23,19.64,true,false
1773241774000,0.00,19.64,true,false
1773241779000,0.00,19.64,true,false
1773241782000,0.00,19.64,true,false
1773241786000,0.00,19.64,true,false
1773241788000,0.00,15.78,false,false
1773241792000,0.00,15.78,true,false
1773241794000,8.24,12.75,false,false
1773241796000,8.24,12.75,true,false
1773241800000,22.71,12.02,false,false
1773241806000,26.81,12.32,false,false
1773241808000,26.81,12.32,true,false
1773241810000,35.12,13.22,false,false
1773241815000,3.61,13.22,true,false
1773241820000,31.28,18.47,false,false
1773241824000,44.55,26.44,false,false
1773241831000,0.00,0.00,false,false
1773241833000,0.00,0.00,true,false
1773241835000,25.88,12.15,false,false
1773241838000,25.88,12.15,true,false
1773241842000,0.00,12.15,true,false
1773241844000,0.00,12.15,true,false
1773241848000,0.00,12.15,true,false
1773241851000,0.00,11.45,false,false
1773241855000,8.02,12.18,false,false
1773241857000,8.02,12.18,true,false
1773241863000,19.00,13.77,false,false
1773241867000,0.00,0.00,true,false
1773241873000,27.21,0.00,false,false
1773241876000,36.31,12.96,false,false
1773241880000,31.62,20.35,false,false
1773241882000,31.62,20.35,true,false
1773241885000,39.34,26.37,false,false
1773241887000,39.34,26.37,true,false
1773241891000,39.88,31.16,false,false
1773241893000,53.71,38.32,false,false
1773241895000,53.71,38.32,true,false
1773241899000,13.82,35.32,false,false
1773241901000,13.82,35.32,true,false
1773241905000,0.00,35.32,true,false
1773241907000,0.00,35.32,true,false
1773241910000,0.00,35.32,true,false
1773241913000,0.00,35.32,true,false
1773241916000,0.00,23.65,false,false
1773241918000,0.00,23.65,true,false
1773241921000,9.19,21.88,false,false
1773241925000,21.51,20.16,false,false
1773241931000,3.92,13.88,false,false
1773241935000,3.92,9.09,false,false
1773241941000,0.00,9.09,true,false
1773241943000,0.00,9.09,true,false
1773241946000,0.00,9.09,true,false
1773241948000,0.00,9.09,true,false
1773241950000,0.00,9.09,true,false
1773241955000,0.00,9.09,true,false
1773241958000,0.00,9.09,true,false
1773241960000,0.00,9.09,true,false
1773241964000,0.00,9.09,true,false
1773241968000,0.00,9.09,true,false
1773241974000,0.00,9.09,true,false
1773241977000,0.00,9.09,true,false
1773241981000,0.00,9.09,true,false
1773241987000,2.81,7.92,false,false
1773241992000,5.11,6.71,false,false
1773241994000,11.50,5.55,false,false
1773241999000,11.50,5.55,true,false
1773242002000,18.07,5.49,false,false
1773242006000,24.38,6.19,false,false
1773242009000,33.85,15.26,false,false
1773242015000,36.14,23.29,false,false
1773242018000,36.14,23.29,true,false
1773242022000,33.32,27.17,false,false
1773242024000,33.32,27.17,true,false
1773242026000,30.29,31.80,false,false
1773242028000,30.29,31.80,true,false
1773242032000,30.38,32.91,false,false
1773242034000,30.38,32.91,true,false
1773242037000,27.86,30.58,false,false
1773242041000,20.75,26.61,false,false
1773242046000,26.64,25.62,false,false
1773242048000,23.10,25.01,false,false
1773242052000,23.10,19.06,false,false
1773242056000,0.00,12.04,false,false
1773242059000,0.00,12.04,true,false
1773242063000,0.00,12.04,true,false
1773242067000,0.00,12.04,true,false
1773242071000,0.00,9.55,false,false
1773242073000,0.00,9.55,true,false
1773242078000,7.87,8.77,false,false
1773242080000,7.87,8.77,true,false
1773242083000,22.86,9.79,false,false
1773242087000,27.24,11.28,false,false
1773242093000,21.06,11.68,false,false
1773242097000,21.06,11.68,true,false
1773242101000,18.06,13.34,false,false
1773242107000,0.00,0.00,true,false
1773242110000,21.54,0.00,false,false
1773242112000,21.54,0.00,true,false
1773242114000,17.87,7.15,false,false
1773242120000,12.74,9.38,false,false
1773242124000,18.05,11.48,false,false
1773242128000,19.03,13.30,false,false
1773242132000,19.03,13.30,true,false
1773242137000,30.94,18.85,false,false
1773242142000,30.94,18.85,true,false
1773242144000,27.54,22.95,false,false
1773242147000,17.45,22.95,true,false
1773242151000,20.06,25.31,false,false
1773242154000,23.11,27.15,false,false
1773242157000,23.11,27.15,true,false
1773242164000,26.42,28.32,false,false
1773242166000,26.42,28.32,true,false
1773242170000,15.28,26.24,false,false
1773242173000,15.28,26.24,true,false
1773242175000,30.38,25.79,false,false
1773242177000,19.24,25.79,true,false
1773242184000,27.78,26.84,false,false
1773242188000,27.78,26.84,true,false
1773242192000,33.39,26.72,false,false
1773242194000,33.39,26.72,true,false
1773242197000,31.87,26.79,false,false
1773242202000,31.87,26.79,true,false
1773242206000,31.21,27.01,false,false
1773242208000,34.80,28.55,false,false
1773242214000,30.64,27.96,false,false
1773242217000,30.64,27.96,true,false
1773242219000,43.81,30.96,false,false
1773242222000,26.67,30.96,true,false
1773242224000,34.55,32.40,false,false
1773242229000,34.55,32.40,true,false
1773242232000,22.58,32.87,false,false
1773242235000,22.58,32.87,true,false
1773242237000,26.56,30.55,false,false
1773242241000,13.82,22.82,false,false
1773242244000,13.82,22.82,true,false
1773242249000,0.00,22.82,true,false
1773242253000,0.00,22.82,true,false
1773242255000,0.00,22.82,true,false
1773242258000,0.00,22.82,true,false
1773242260000,0.00,22.82,true,false
1773242265000,0.00,22.82,true,false
1773242267000,0.00,22.82,true,false
1773242271000,0.00,22.82,true,false
1773242273000,0.00,22.82,true,false
1773242278000,0.00,22.82,true,false
1773242281000,0.00,22.82,true,false
1773242285000,0.00,22.82,true,false
1773242287000,0.00,22.82,true,false
1773242290000,0.00,22.82,true,false
1773242296000,0.00,22.82,true,false
1773242300000,0.00,22.82,true,false
1773242302000,0.00,22.82,true,false
1773242305000,0.00,22.82,true,false
1773242307000,0.00,22.82,true,false
1773242313000,0.00,22.82,true,false
1773242315000,0.00,22.82,true,false
1773242319000,0.00,22.82,true,false
1773242325000,0.00,22.82,true,false
1773242327000,0.00,22.82,true,false
1773242330000,0.00,22.82,true,false
1773242332000,0.00,22.82,true,false
1773242336000,0.00,22.82,true,false
1773242338000,0.00,22.82,true,false
1773242342000,0.00,22.82,true,false
1773242345000,0.00,22.82,true,false
1773242348000,0.00,22.82,true,false
1773242352000,0.00,22.82,true,false
1773242354000,0.00,22.82,true,false
1773242356000,0.00,22.82,true,false
1773242360000,0.00,22.82,true,false
1773242362000,0.00,22.82,true,false
1773242367000,0.00,22.82,true,false
1773242369000,0.00,22.82,true,false
1773242371000,0.00,22.82,true,false
1773242374000,0.00,22.82,true,false
1773242376000,0.00,22.82,true,false
1773242380000,0.00,22.82,true,false
1773242386000,0.00,22.82,true,false
1773242390000,0.00,22.82,true,false
1773242397000,0.00,22.82,true,false
1773242399000,0.00,22.82,true,false
1773242402000,0.00,22.82,true,false
1773242405000,0.00,22.82,true,false
1773242407000,0.00,22.82,true,false
1773242414000,0.00,22.82,true,false
1773242416000,0.00,14.61,false,false
1773242418000,0.00,14.61,true,false
1773242421000,5.69,9.49,false,false
1773242423000,5.69,9.49,true,false
1773242427000,11.38,6.29,false,false
1773242431000,11.38,6.29,true,false
1773242433000,6.42,4.07,false,false
1773242436000,4.80,2.54,false,false
1773242441000,4.80,2.54,true,false
1773242444000,13.56,3.18,false,false
1773242446000,13.56,3.18,true,false
1773242451000,16.87,5.76,false,false
1773242455000,15.57,9.33,false,false
1773242458000,14.76,11.29,false,false
1773242464000,7.66,10.19,false,false
1773242466000,7.66,10.19,true,false
1773242469000,16.35,10.22,false,false
1773242472000,30.09,15.28,false,false
1773242476000,30.09,15.28,true,false
1773242481000,34.02,20.69,false,false
1773242485000,0.00,0.00,true,false
1773242489000,45.49,0.00,false,false
1773242493000,55.38,17.28,false,false
1773242497000,55.38,17.28,true,false
1773242501000,0.00,31.13,true,false
1773242504000,32.13,37.44,false,false
1773242507000,32.13,37.44,true,false
1773242509000,20.04,38.51,false,false
1773242513000,20.04,38.51,true,false
1773242515000,0.00,38.51,true,false
1773242522000,0.00,38.51,true,false
1773242524000,0.00,38.51,true,false
1773242526000,0.00,38.51,true,false
1773242528000,0.00,31.21,false,false
1773242531000,0.00,31.21,true,false
1773242534000,7.69,24.44,false,false
1773242536000,7.69,24.44,true,false
1773242541000,11.40,18.41,false,false
1773242544000,11.40,18.41,true,false
1773242548000,12.59,13.73,false,false
1773242550000,12.99,11.13,false,false
1773242554000,12.99,11.13,true,false
1773242559000,9.72,10.99,false,false
1773242561000,13.72,10.90,false,false
1773242565000,17.99,12.40,false,false
1773242569000,17.99,12.40,true,false
1773242572000,27.55,16.28,false,false
1773242581000,0.00,0.00,false,false
1773242585000,46.66,17.28,false,false
1773242592000,27.06,21.19,false,false
1773242597000,42.99,29.91,false,false
1773242600000,44.32,35.67,false,false
1773242602000,44.32,35.67,true,false
1773242605000,24.95,37.06,false,false
1773242607000,24.95,37.06,true,false
1773242611000,29.03,35.81,false,false
1773242615000,35.85,37.66,false,false
1773242618000,35.85,37.66,true,false
1773242625000,0.00,41.95,false,false
1773242627000,0.00,41.95,true,false
1773242630000,63.59,47.12,false,false
1773242633000,36.24,47.12,true,false
1773242640000,0.00,58.87,false,false
1773242642000,0.00,58.87,true,false
1773242648000,51.50,54.02,false,false
1773242653000,0.00,0.00,true,false
1773242657000,0.00,0.00,true,false
1773242661000,48.80,21.69,false,false
1773242667000,49.82,28.61,false,false
1773242671000,49.82,28.61,true,false
1773242674000,13.35,28.14,false,false
1773242679000,13.35,18.92,false,false
1773242684000,0.00,11.60,false,false
1773242686000,0.00,11.60,true,false
1773242690000,0.00,11.60,true,false
1773242696000,6.00,12.80,false,false
1773242699000,14.31,12.14,false,false
1773242704000,7.60,10.32,false,false
1773242707000,7.60,10.32,true,false
1773242712000,0.00,10.32,true,false
1773242716000,0.00,10.32,true,false
1773242718000,0.00,10.32,true,false
1773242721000,0.00,10.32,true,false
1773242724000,0.00,10.32,true,false
1773242726000,0.00,10.32,true,false
1773242732000,0.00,10.32,true,false
1773242737000,0.00,6.67,false,false
1773242739000,7.72,7.33,false,false
1773242741000,8.17,7.33,true,false
1773242745000,18.21,8.78,false,false
1773242747000,18.21,8.78,true,false
1773242750000,43.04,10.04,false,false
1773242752000,43.04,10.04,true,false
1773242754000,48.42,12.18,false,false
1773242762000,3.10,13.28,false,false
1773242764000,3.10,13.28,true,false
1773242767000,0.00,13.28,true,false
1773242772000,0.00,13.28,true,false
1773242775000,0.00,13.28,true,false
1773242849000,13.30,15.00,false,false
1773242853000,15.77,16.31,false,false
1773242856000,15.77,16.31,true,false
1773242860000,18.83,17.09,false,false
1773242868000,0.00,12.98,false,false
1773242873000,0.00,8.26,false,false
1773242876000,0.00,8.26,true,false
1773242883000,0.00,8.26,true,false
1773242888000,0.00,8.26,true,false
1773242893000,0.00,8.26,true,false
1773242899000,0.00,8.26,true,false
1773242902000,0.00,8.26,true,false
1773242907000,0.00,8.26,true,false
1773242911000,0.00,6.19,false,false
1773242913000,0.00,6.19,true,false
1773242917000,7.29,7.24,false,false
1773242922000,15.28,7.36,false,false
1773242926000,27.15,8.20,false,false
1773242930000,27.15,8.20,true,false
1773242934000,35.37,9.89,false,false
1773242936000,35.37,9.89,true,false
1773242938000,39.85,19.73,false,false
1773242942000,40.24,28.26,false,false
1773242948000,36.14,30.31,false,false
1773242951000,36.14,30.31,true,false
1773242955000,47.33,33.86,false,false
1773242960000,0.00,0.00,true,false
1773242963000,50.16,0.00,false,false
1773242968000,48.42,18.61,false,false
1773242970000,48.00,27.25,false,false
1773242972000,48.00,27.25,true,false
1773242975000,18.04,27.72,false,false
1773242978000,18.04,27.72,true,false
1773242982000,0.00,27.72,true,false
1773242984000,0.00,27.72,true,false
1773242987000,0.00,27.72,true,false
1773242994000,0.00,21.77,false,false
1773242997000,6.18,19.02,false,false
1773242999000,6.18,19.02,true,false
1773243002000,19.17,17.30,false,false
1773243005000,19.17,17.30,true,false
1773243007000,38.74,16.60,false,false
1773243011000,38.74,16.60,true,false
1773243013000,21.32,16.36,false,false
1773243016000,21.32,20.15,false,false
1773243018000,0.00,20.15,true,false
1773243022000,0.00,20.15,true,false
1773243026000,0.00,20.15,true,false
1773243031000,0.00,20.15,true,false
1773243035000,0.00,20.15,true,false
1773243039000,0.00,20.15,true,false
1773243041000,0.00,20.15,true,false
1773243044000,0.00,20.15,true,false
1773243046000,0.00,20.15,true,false
1773243050000,0.00,20.15,true,false
1773243057000,0.00,20.15,true,false
1773243060000,0.00,20.15,true,false
1773243062000,0.00,20.15,true,false
1773243067000,0.00,20.15,true,false
1773243070000,0.00,20.15,true,false
1773243072000,0.00,20.15,true,false
1773243078000,0.00,20.15,true,false
1773243082000,0.00,20.15,true,false
1773243084000,0.00,14.44,false,false
1773243087000,0.00,14.44,true,false
1773243092000,4.27,10.21,false,false
1773243099000,8.33,7.17,false,false
1773243101000,17.39,5.80,false,false
1773243104000,21.57,5.46,false,false
1773243107000,21.57,5.46,true,false
1773243111000,18.59,11.05,false,false
1773243113000,18.59,11.05,true,false
1773243119000,17.21,12.16,false,false
1773243122000,17.21,12.16,true,false
1773243124000,0.00,12.16,true,false
1773243126000,0.00,12.16,true,false
1773243134000,0.00,8.90,false,false
1773243137000,0.00,8.90,true,false
1773243141000,5.44,9.47,false,false
1773243143000,11.23,10.00,false,false
1773243149000,11.23,10.00,true,false
1773243155000,22.69,11.48,false,false
1773243157000,22.69,11.48,true,false
1773243159000,28.43,13.04,false,false
1773243162000,28.43,13.04,true,false
1773243164000,0.00,13.04,true,false
1773243168000,13.52,15.77,false,false
1773243170000,22.15,18.82,false,false
1773243172000,19.14,20.26,false,false
1773243176000,19.14,20.26,true,false
1773243178000,28.22,21.13,false,false
1773243183000,8.66,14.66,false,false
1773243185000,8.66,14.66,true,false
1773243188000,0.00,14.66,true,false
1773243191000,0.00,9.06,false,false
1773243196000,0.00,9.06,true,false
1773243198000,9.38,11.03,false,false
1773243202000,9.38,11.03,true,false
1773243205000,16.14,11.99,false,false
1773243212000,21.01,12.79,false,false
1773243216000,28.72,14.78,false,false
1773243220000,22.99,17.90,false,false
1773243224000,15.48,17.02,false,false
1773243228000,15.48,17.02,true,false
1773243231000,22.76,19.62,false,false
1773243234000,22.76,19.62,true,false
1773243239000,17.40,19.82,false,false
1773243242000,22.27,20.24,false,false
1773243244000,22.27,20.24,true,false
1773243247000,0.00,20.24,true,false
1773243249000,28.10,20.98,false,false
1773243256000,25.40,16.79,false,false
1773243260000,28.13,20.41,false,false
1773243265000,25.14,22.93,false,false
1773243269000,29.36,24.94,false,false
1773243272000,29.36,24.94,true,false
1773243277000,10.00,19.82,false,false
1773243285000,10.00,14.35,false,false
1773243290000,0.00,14.35,true,false
1773243300000,0.00,14.35,true,false
1773243306000,0.00,14.35,true,false
1773243310000,0.00,14.35,true,false
1773243316000,0.00,14.35,true,false
1773243321000,0.00,14.35,true,false
1773243326000,0.00,14.35,true,false
1773243331000,0.00,14.35,true,false
1773243334000,0.00,14.35,true,false
1773243336000,0.00,14.35,true,false
1773243341000,0.00,14.35,true,false
1773243346000,0.00,14.35,true,false
1773243350000,0.00,9.67,false,false
1773243352000,0.00,9.67,true,false
1773243356000,3.86,6.95,false,false
1773243362000,5.53,4.86,false,false
1773243365000,10.47,3.87,false,false
1773243367000,10.47,3.38,false,false
1773243370000,0.00,3.38,true,false
1773243372000,0.00,5.92,false,false
1773243374000,0.00,5.92,true,false
1773243376000,0.00,5.92,true,false
1773243380000,0.00,5.92,true,false
1773243382000,0.00,5.92,true,false
1773243389000,0.00,5.92,true,false
1773243391000,0.00,5.92,true,false
1773243398000,0.00,5.92,true,false
1773243401000,0.00,5.92,true,false
1773243406000,0.00,5.92,true,false
1773243408000,0.00,5.92,true,false
1773243413000,0.00,5.92,true,false
1773243417000,0.00,5.92,true,false
1773243422000,0.00,4.17,false,false
1773243425000,5.28,3.85,false,false
1773243427000,5.28,3.85,true,false
1773243431000,9.69,3.46,false,false
1773243433000,9.69,3.46,true,false
1773243437000,20.93,3.91,false,false
1773243442000,27.12,5.32,false,false
1773243445000,37.37,15.89,false,false
1773243447000,37.37,15.89,true,false
1773243452000,44.52,23.53,false,false
1773243457000,36.43,28.07,false,false
1773243462000,14.07,22.24,false,false
1773243466000,14.07,22.24,true,false
1773243468000,0.00,22.24,true,false
1773243471000,0.00,22.24,true,false
1773243477000,0.00,22.24,true,false
1773243481000,0.00,15.09,false,false
1773243485000,6.15,15.68,false,false
1773243487000,6.15,15.68,true,false
1773243490000,8.31,13.73,false,false
1773243496000,9.79,10.78,false,false
1773243498000,12.99,9.04,false,false
1773243500000,12.99,9.04,true,false
1773243502000,0.00,9.04,true,false
1773243506000,8.50,9.73,false,false
1773243508000,8.50,9.73,true,false
1773243512000,16.11,10.43,false,false
1773243516000,23.21,12.36,false,false
1773243520000,27.21,15.93,false,false
1773243525000,29.47,19.06,false,false
1773243527000,29.47,19.06,true,false
1773243531000,19.82,20.93,false,false
1773243533000,19.82,20.93,true,false
1773243537000,21.47,22.52,false,false
1773243540000,16.55,21.97,false,false
1773243542000,16.55,19.02,false,false
1773243545000,0.00,19.02,true,false
1773243548000,0.00,19.02,true,false
1773243551000,0.00,19.02,true,false
1773243554000,0.00,19.02,true,false
1773243556000,0.00,19.02,true,false
1773243560000,0.00,19.02,true,false
1773243567000,0.00,19.02,true,false
1773243571000,0.00,19.02,true,false
1773243573000,0.00,19.02,true,false
1773243577000,0.00,19.02,true,false
1773243583000,0.00,19.02,true,false
1773243588000,0.00,19.02,true,false
1773243592000,0.00,19.02,true,false
1773243595000,0.00,19.02,true,false
1773243599000,0.00,19.02,true,false
1773243601000,0.00,19.02,true,false
1773243605000,0.00,19.02,true,false
1773243610000,0.00,19.02,true,false
1773243615000,0.00,19.02,true,false
1773243619000,0.00,19.02,true,false
1773243622000,0.00,19.02,true,false
1773243624000,0.00,19.02,true,false
1773243628000,0.00,19.02,true,false
1773243631000,0.00,19.02,true,false
1773243633000,0.00,19.02,true,false
1773243636000,0.00,19.02,true,false
1773243641000,0.00,19.02,true,false
1773243643000,0.00,19.02,true,false
1773243647000,0.00,19.02,true,false
1773243649000,0.00,19.02,true,false
1773243653000,0.00,19.02,true,false
1773243655000,0.00,19.02,true,false
1773243658000,0.00,19.02,true,false
1773243661000,0.00,19.02,true,false
1773243663000,0.00,19.02,true,false
1773243666000,0.00,19.02,true,false
1773243672000,0.00,19.02,true,false
1773243676000,0.00,19.02,true,false
1773243678000,0.00,19.02,true,false
1773243681000,0.00,19.02,true,false
1773243684000,0.00,19.02,true,false
1773243687000,0.00,19.02,true,false
1773243689000,0.00,19.02,true,false
1773243692000,0.00,19.02,true,false
1773243694000,0.00,19.02,true,false
1773243698000,0.00,19.02,true,false
1773243704000,0.00,19.02,true,false
1773243707000,0.00,19.02,true,false
1773243713000,0.00,19.02,true,false
1773243717000,0.00,19.02,true,false
1773243719000,0.00,19.02,true,false
1773243726000,0.00,19.02,true,false
1773243730000,0.00,19.02,true,false
1773243732000,0.00,19.02,true,false
1773243734000,0.00,19.02,true,false
1773243736000,0.00,19.02,true,false
1773243742000,0.00,19.02,true,false
1773243747000,0.00,19.02,true,false
1773243750000,0.00,19.02,true,false
1773243756000,0.00,19.02,true,false
1773243759000,0.00,19.02,true,false
1773243765000,0.00,19.02,true,false
1773243767000,0.00,19.02,true,false
1773243770000,0.00,19.02,true,false
1773243776000,0.00,19.02,true,false
1773243787000,0.00,19.02,true,false
1773243793000,0.00,19.02,true,false
1773243795000,0.00,19.02,true,false
1773243799000,0.00,19.02,true,false
1773243802000,0.00,19.02,true,false
1773243810000,0.00,19.02,true,false
1773243812000,0.00,19.02,true,false
1773243814000,0.00,19.02,true,false
1773243817000,0.00,19.02,true,false
1773243820000,0.00,19.02,true,false
1773243822000,0.00,19.02,true,false
1773243824000,0.00,19.02,true,false
1773243828000,0.00,19.02,true,false
1773243831000,0.00,19.02,true,false
1773243833000,0.00,19.02,true,false
1773243838000,0.00,19.02,true,false
1773243845000,0.00,19.02,true,false
1773243847000,0.00,19.02,true,false
1773243862000,0.00,19.02,true,false
1773243864000,0.00,19.02,true,false
1773243867000,0.00,19.02,true,false
1773243870000,0.00,19.02,true,false
1773243872000,0.00,19.02,true,false
1773243877000,0.00,19.02,true,false
1773243884000,0.00,19.02,true,false
1773243888000,0.00,19.02,true,false
1773243890000,0.00,19.02,true,false
1773243893000,0.00,19.02,true,false
1773243896000,0.00,19.02,true,false
1773243900000,0.00,19.02,true,false
1773243903000,0.00,19.02,true,false
1773243912000,0.00,19.02,true,false
1773243914000,0.00,19.02,true,false
1773243919000,0.00,19.02,true,false
1773243927000,0.00,19.02,true,false
1773243929000,0.00,19.02,true,false
1773243931000,0.00,19.02,true,false
1773243935000,0.00,19.02,true,false
1773243937000,0.00,19.02,true,false
1773243941000,0.00,19.02,true,false
1773243946000,0.00,19.02,true,false
1773243948000,0.00,19.02,true,false
1773243952000,0.00,19.02,true,false
1773243956000,0.00,19.02,true,false
1773243959000,0.00,19.02,true,false
1773243964000,0.00,19.02,true,false
1773243967000,0.00,19.02,true,false
1773243972000,0.00,19.02,true,false
1773243979000,0.00,19.02,true,false
1773243981000,0.00,19.02,true,false
1773243989000,0.00,11.64,false,false
1773243993000,0.00,11.64,true,false
1773243998000,0.00,11.64,true,false
1773244002000,0.00,11.64,true,false
1773244004000,0.00,11.64,true,false
1773244006000,0.00,7.16,false,false
1773244012000,0.00,4.40,false,false
1773244015000,7.63,2.76,false,false
1773244017000,7.63,2.76,true,false
1773244021000,11.79,1.83,false,false
1773244024000,10.78,3.48,false,false
1773244026000,10.78,3.48,true,false
1773244029000,8.95,5.35,false,false
1773244032000,8.95,5.35,true,false
1773244037000,11.76,5.51,false,false
1773244042000,18.78,7.67,false,false
1773244049000,0.00,0.00,false,false
1773244053000,0.00,0.00,true,false
1773244055000,10.47,7.52,false,false
1773244058000,10.47,9.50,false,false
1773244062000,0.00,9.50,true,false
1773244069000,0.00,9.50,true,false
1773244073000,0.00,9.50,true,false
1773244077000,0.00,6.55,false,false
1773244079000,0.00,6.55,true,false
1773244084000,5.23,7.27,false,false
1773244090000,11.66,7.40,false,false
1773244093000,19.26,8.64,false,false
1773244097000,26.06,10.71,false,false
1773244099000,31.19,17.77,false,false
1773244103000,31.19,17.77,true,false
1773244105000,35.60,24.11,false,false
1773244110000,37.79,30.13,false,false
1773244113000,37.79,30.13,true,false
1773244115000,33.96,32.54,false,false
1773244120000,35.31,31.93,false,false
1773244125000,34.16,32.37,false,false
1773244129000,32.94,33.22,false,false
1773244133000,32.94,33.22,true,false
1773244135000,17.89,31.38,false,false
1773244138000,17.89,31.38,true,false
1773244140000,18.28,28.39,false,false
1773244144000,11.45,23.73,false,false
1773244146000,11.45,23.73,true,false
1773244149000,0.00,17.56,false,false
1773244153000,0.00,17.56,true,false
1773244155000,0.00,17.56,true,false
1773244164000,0.00,17.56,true,false
1773244169000,0.00,17.56,true,false
1773244173000,0.00,17.56,true,false
1773244175000,0.00,17.56,true,false
1773244179000,0.00,17.56,true,false
1773244181000,0.00,17.56,true,false
1773244186000,0.00,17.56,true,false
1773244190000,4.64,12.14,false,false
1773244193000,6.37,8.87,false,false
1773244195000,6.37,8.87,true,false
1773244199000,8.12,6.46,false,false
1773244201000,8.12,6.46,true,false
1773244205000,11.75,5.18,false,false
1773244207000,12.07,4.85,false,false
1773244211000,12.07,4.85,true,false
1773244214000,15.19,8.49,false,false
1773244218000,26.30,12.98,false,false
1773244220000,26.30,12.98,true,false
1773244225000,27.92,17.42,false,false
1773244230000,32.39,21.97,false,false
1773244240000,28.96,24.90,false,false
1773244245000,28.96,16.10,false,false
1773244251000,0.00,16.10,true,false
1773244255000,0.00,9.91,false,false
1773244258000,0.00,9.91,true,false
1773244260000,4.15,11.88,false,false
1773244264000,4.15,11.88,true,false
1773244266000,0.00,11.43,false,false
1773244270000,0.00,11.43,true,false
1773244275000,0.00,11.43,true,false
1773244278000,0.00,7.95,false,false
1773244280000,0.00,7.95,true,false
1773244286000,4.16,6.41,false,false
1773244290000,8.52,6.66,false,false
1773244295000,14.93,7.46,false,false
1773244300000,20.18,9.91,false,false
1773244305000,23.74,14.74,false,false
1773244312000,13.52,14.25,false,false
1773244325000,13.52,14.25,true,false
1773244330000,0.00,8.99,false,false
1773244335000,10.96,10.84,false,false
1773244337000,11.50,12.10,false,false
1773244341000,11.50,12.10,true,false
1773244345000,17.61,12.05,false,false
1773244347000,17.61,12.05,true,false
1773244349000,23.69,11.97,false,false
1773244354000,21.13,16.96,false,false
1773244360000,28.02,20.82,false,false
1773244365000,30.35,22.64,false,false
1773244368000,34.76,26.28,false,false
1773244371000,34.76,26.28,true,false
1773244377000,27.77,26.33,false,false
1773244382000,27.77,26.33,true,false
1773244385000,22.19,26.07,false,false
1773244387000,22.19,26.07,true,false
1773244393000,21.28,24.81,false,false
1773244396000,20.42,23.66,false,false
1773244399000,23.91,21.64,false,false
1773244405000,20.87,20.21,false,false
1773244408000,20.87,20.21,true,false
1773244412000,31.99,21.73,false,false
1773244414000,31.99,21.73,true,false
1773244419000,38.77,26.84,false,false
1773244443000,23.84,26.79,false,false
1773244447000,23.84,26.79,true,false
1773244450000,25.34,27.33,false,false
1773244453000,24.69,27.33,true,false
1773244459000,0.00,29.34,false,false
1773244461000,0.00,29.34,true,false
1773244466000,22.16,25.70,false,false
1773244470000,26.19,24.52,false,false
1773244475000,21.75,23.45,false,false
1773244480000,21.75,14.39,false,false
1773244486000,0.00,8.86,false,false
1773244494000,0.00,7.08,false,false
1773244496000,7.95,7.43,false,false
1773244500000,8.79,7.97,false,false
1773244504000,13.57,10.21,false,false
1773244506000,13.57,10.21,true,false
1773244511000,13.84,12.59,false,false
1773244516000,9.27,10.92,false,false
1773244521000,9.27,10.92,true,false
1773244523000,0.00,10.92,true,false
1773244528000,0.00,10.92,true,false
1773244530000,0.00,10.92,true,false
1773244534000,0.00,10.92,true,false
1773244536000,0.00,10.92,true,false
1773244540000,0.00,10.92,true,false
1773244543000,0.00,10.92,true,false
1773244548000,0.00,10.92,true,false
1773244553000,0.00,8.13,false,false
1773244558000,4.31,7.23,false,false
1773244560000,4.31,7.23,true,false
1773244563000,10.53,6.70,false,false
1773244568000,17.75,6.86,false,false
1773244573000,16.72,7.22,false,false
1773244576000,29.31,14.75,false,false
1773244578000,29.31,14.75,true,false
1773244581000,0.00,14.75,true,false
1773244586000,31.76,20.73,false,false
1773244590000,43.39,26.79,false,false
1773244593000,46.61,33.03,false,false
1773244606000,3.93,20.79,false,false
1773244609000,12.04,17.51,false,false
1773244615000,12.04,11.15,false,false
1773244621000,19.69,14.58,false,false
1773244623000,19.69,14.58,true,false
1773244628000,13.71,16.79,false,false
1773244635000,13.71,16.79,true,false
1773244638000,0.00,16.79,true,false
1773244642000,0.00,16.79,true,false
1773244644000,0.00,16.79,true,false
1773244648000,0.00,16.79,true,false
1773244653000,0.00,16.79,true,false
1773244655000,0.00,16.79,true,false
1773244659000,0.00,16.79,true,false
1773244662000,0.00,16.79,true,false
1773244675000,0.00,16.79,true,false
1773244683000,0.00,16.79,true,false
1773244685000,0.00,16.79,true,false
1773244719000,12.83,13.88,false,false
1773244745000,10.62,12.57,false,false
1773244750000,17.44,12.10,false,false
1773244755000,16.48,11.77,false,false
1773244760000,16.48,11.77,true,false
1773244770000,0.00,11.77,true,false
1773244775000,0.00,11.77,true,false
1773244780000,0.00,11.77,true,false
1773244784000,0.00,11.77,true,false
1773244790000,0.00,11.77,true,false
1773244796000,0.00,7.72,false,false
1773244798000,0.00,7.72,true,false
1773244800000,7.02,8.33,false,false
1773244803000,7.40,8.33,true,false
1773244810000,0.00,10.02,false,false
1773244813000,0.00,10.02,true,false
1773244816000,48.75,12.08,false,false
1773244818000,41.25,12.08,true,false
1773244820000,41.25,12.08,true,false
1773244825000,40.30,24.20,false,false
1773244828000,57.82,34.06,false,false
1773244835000,23.72,29.92,false,false
1773244843000,0.00,0.00,false,false
1773244846000,64.39,12.96,false,false
1773244848000,64.39,12.96,true,false
1773244855000,23.78,17.95,false,false
1773244860000,50.21,30.85,false,false
1773244863000,57.55,40.81,false,false
1773244865000,57.55,40.81,true,false
1773244870000,55.70,46.81,false,false
1773244872000,55.70,46.81,true,false
1773244878000,45.85,45.07,false,false
1773244883000,44.33,45.22,false,false
1773244888000,49.47,47.40,false,false
1773244892000,47.37,47.72,false,false
1773244897000,53.07,48.29,false,false
1773244902000,54.68,50.84,false,false
1773244908000,44.53,48.32,false,false
1773244919000,56.22,51.48,false,false
1773244921000,56.22,51.48,true,false
1773244925000,50.04,52.20,false,false
1773244937000,37.55,42.12,false,false
1773244943000,9.37,30.09,false,false
1773244947000,9.37,19.22,false,false
1773244952000,0.00,19.22,true,false
1773244957000,0.00,13.22,false,false
1773244961000,7.50,13.12,false,false
1773244968000,5.71,10.68,false,false
1773244973000,6.60,8.82,false,false
1773244983000,9.46,8.56,false,false
1773244992000,9.45,8.91,false,false
1773244999000,9.45,8.91,true,false
1773245003000,0.00,8.91,true,false
1773245007000,0.00,8.91,true,false
1773245012000,0.00,8.91,true,false
1773245017000,0.00,8.91,true,false
1773245023000,0.00,5.91,false,false
1773245028000,0.00,5.91,true,false
1773245034000,1.50,5.59,false,false
1773245037000,1.50,5.59,true,false
1773245039000,0.00,5.59,true,false
1773245042000,0.00,5.59,true,false
1773245046000,0.00,5.59,true,false
1773245048000,0.00,5.59,true,false
1773245052000,0.00,5.59,true,false
1773245054000,0.00,5.59,true,false
1773245057000,0.00,5.59,true,false
1773245061000,0.00,5.59,true,false
1773245063000,0.00,5.59,true,false
1773245065000,0.00,5.59,true,false
1773245070000,0.00,5.59,true,false
1773245072000,0.00,5.59,true,false
1773245074000,0.00,5.59,true,false
1773245080000,0.00,5.59,true,false
1773245084000,0.00,5.59,true,false
1773245088000,0.00,5.59,true,false
1773245093000,0.00,5.59,true,false
1773245099000,0.00,5.59,true,false
1773245104000,0.00,5.59,true,false
1773245108000,0.00,5.59,true,false
1773245110000,0.00,5.59,true,false
1773245117000,0.00,5.59,true,false
1773245119000,0.00,5.59,true,false
1773245124000,0.00,5.59,true,false
1773245129000,0.00,5.59,true,false
1773245133000,0.00,5.59,true,false
1773245135000,0.00,5.59,true,false
1773245138000,0.00,5.59,true,false
1773245140000,0.00,5.59,true,false
1773245144000,0.00,5.59,true,false
1773245149000,0.00,5.59,true,false
1773245153000,0.00,5.59,true,false
1773245155000,0.00,5.59,true,false
1773245160000,0.00,5.59,true,false
1773245167000,0.00,5.59,true,false
1773245169000,0.00,5.59,true,false
1773245173000,0.00,5.59,true,false
1773245180000,0.00,3.67,false,false
1773245185000,0.00,2.54,false,false
1773245190000,0.00,1.70,false,false
1773245195000,0.00,1.23,false,false
1773245198000,0.00,1.23,true,false
1773245201000,0.00,1.23,true,false
1773245207000,0.00,1.23,true,false
1773245211000,0.00,0.87,false,false
1773245214000,0.00,0.00,false,true
1773245216000,0.00,0.00,true,true
1773245221000,0.00,0.00,false,true
1773245226000,0.00,0.63,false,false
1773245231000,5.75,1.72,false,false
1773245234000,5.78,3.22,false,false
1773245236000,5.78,3.22,true,false
1773245240000,9.33,4.70,false,false
1773245242000,9.33,4.70,true,false
1773245246000,17.41,7.40,false,false
1773245250000,18.04,10.77,false,false
1773245254000,22.78,14.70,false,false
1773245260000,25.15,17.88,false,false
1773245262000,25.15,17.88,true,false
1773245266000,28.45,21.15,false,false
1773245269000,33.29,25.10,false,false
1773245273000,34.16,28.48,false,false
1773245275000,34.16,28.48,true,false
1773245277000,0.00,28.48,true,false
1773245280000,33.26,29.85,false,false
1773245284000,31.93,31.34,false,false
1773245292000,20.26,26.63,false,false
1773245295000,20.26,26.63,true,false
1773245297000,15.91,26.29,false,false
1773245299000,15.91,26.29,true,false
1773245305000,6.20,18.00,false,false
1773245307000,15.73,19.97,false,false
1773245314000,24.76,21.25,false,false
1773245317000,24.76,21.25,true,false
1773245320000,18.91,20.66,false,false
1773245327000,2.91,14.34,false,false
1773245330000,2.91,14.34,true,false
1773245332000,0.00,14.34,true,false
1773245335000,0.00,14.34,true,false
1773245339000,0.00,8.77,false,false
1773245341000,0.00,8.77,true,false
1773245343000,9.78,10.76,false,false
1773245347000,20.97,11.89,false,false
1773245350000,20.97,11.89,true,false
1773245352000,0.00,11.89,true,false
1773245354000,23.82,13.14,false,false
1773245357000,17.16,13.14,true,false
1773245360000,23.83,15.45,false,false
1773245362000,23.83,15.45,true,false
1773245365000,36.96,21.38,false,false
1773245368000,35.29,26.07,false,false
1773245371000,35.29,26.07,true,false
1773245374000,32.91,27.32,false,false
1773245376000,32.91,27.32,true,false
1773245380000,23.60,27.97,false,false
1773245385000,22.05,24.90,false,false
1773245389000,22.05,24.90,true,false
1773245391000,0.00,21.39,false,false
1773245395000,0.00,21.39,true,false
1773245397000,10.04,18.67,false,false
1773245402000,8.82,15.53,false,false
1773245406000,19.38,14.94,false,false
1773245411000,26.52,17.21,false,false
1773245417000,16.00,16.73,false,false
1773245422000,20.21,18.11,false,false
1773245426000,26.33,21.40,false,false
1773245429000,23.23,22.13,false,false
1773245433000,23.23,18.08,false,false
1773245435000,0.00,18.08,true,false
1773245437000,0.00,18.08,true,false
1773245441000,0.00,18.08,true,false
1773245443000,0.00,18.08,true,false
1773245445000,0.00,14.01,false,false
1773245447000,0.00,14.01,true,false
1773245450000,6.12,14.01,false,false
1773245452000,6.12,14.01,true,false
1773245457000,14.62,12.74,false,false
1773245461000,19.90,12.32,false,false
1773245466000,12.65,12.02,false,false
1773245471000,9.21,10.89,false,false
1773245474000,19.27,13.60,false,false
1773245476000,19.27,13.60,true,false
1773245478000,0.00,13.60,true,false
1773245481000,20.71,16.10,false,false
1773245484000,20.71,16.10,true,false
1773245487000,20.43,16.97,false,false
1773245490000,32.29,19.99,false,false
1773255753000,0.00,0.00,false,false
1773255757000,33.88,13.55,false,false
1773255759000,33.88,13.55,true,false
1773255765000,31.53,20.74,false,false
1773255774000,35.80,26.77,false,false
1773255779000,35.80,26.77,true,false
1773255782000,0.00,26.77,true,false
1773255787000,0.00,26.77,true,false
1773255791000,0.00,19.32,false,false
1773255796000,2.85,14.34,false,false
1773255802000,5.32,12.89,false,false
1773255809000,5.32,9.13,false,false
1773255811000,0.00,9.13,true,false
1773255816000,0.00,9.13,true,false
1773255820000,0.00,9.13,true,false
1773255824000,0.00,9.13,true,false
1773255826000,0.00,9.13,true,false
1773255828000,0.00,9.13,true,false
1773255831000,0.00,9.13,true,false
1773255837000,0.00,9.13,true,false
1773255839000,0.00,9.13,true,false
1773255841000,0.00,9.13,true,false
1773255844000,0.00,6.43,false,false
1773255850000,4.26,5.28,false,false
1773255852000,4.26,5.28,true,false
1773255854000,0.00,5.28,true,false
1773255856000,7.80,4.39,false,false
1773255858000,7.80,4.39,true,false
1773255861000,13.49,4.09,false,false
1773255867000,2.24,3.07,false,false
1773255869000,2.24,2.36,false,false
1773255873000,0.00,2.36,true,false
1773255876000,0.00,2.36,true,false
1773255880000,0.00,2.36,true,false
1773255882000,0.00,2.36,true,false
1773255887000,0.00,2.36,true,false
1773255889000,0.00,2.36,true,false
1773255891000,0.00,2.36,true,false
1773255893000,0.00,2.36,true,false
1773255898000,0.00,1.92,false,false
1773255900000,0.00,1.92,true,false
1773255904000,5.78,2.85,false,false
1773255908000,9.65,3.28,false,false
1773255913000,17.01,4.93,false,false
1773255917000,17.01,4.93,true,false
1773255921000,28.76,7.62,false,false
1773255928000,0.00,0.00,false,false
1773255930000,0.00,0.00,true,false
1773255932000,0.00,0.00,true,false
1773255936000,23.73,11.58,false,false
1773255938000,23.73,11.58,true,false
1773255941000,0.00,11.58,true,false
1773255943000,0.00,14.68,false,false
1773255945000,0.00,14.68,true,false
1773255949000,8.23,16.25,false,false
1773255952000,11.24,16.97,false,false
1773255954000,11.24,16.97,true,false
1773255957000,14.53,14.53,false,false
1773255961000,14.53,14.53,true,false
1773255963000,9.75,12.56,false,false
1773255965000,9.75,12.56,true,false
1773255968000,13.91,12.99,false,false
1773255974000,21.78,14.90,false,false
1773255978000,21.78,14.90,true,false
1773255980000,30.50,17.16,false,false
1773255987000,16.34,11.11,false,false
1773255992000,13.26,11.88,false,false
1773255994000,14.84,13.27,false,false
1773255996000,14.84,13.27,true,false
1773255999000,13.64,15.06,false,false
1773256001000,12.33,14.51,false,false
1773256003000,12.33,14.51,true,false
1773256007000,0.00,10.17,false,false
1773256009000,0.00,10.17,true,false
1773256013000,0.00,10.17,true,false
1773256020000,0.00,10.17,true,false
1773256022000,0.00,10.17,true,false
1773256024000,0.00,10.17,true,false
1773256028000,0.00,10.17,true,false
1773256030000,0.00,10.17,true,false
1773256035000,0.00,10.17,true,false
1773256037000,0.00,10.17,true,false
1773256043000,0.00,10.17,true,false
1773256045000,0.00,10.17,true,false
1773256050000,0.00,10.17,true,false
1773256052000,0.00,10.17,true,false
1773256060000,0.00,10.17,true,false
1773256063000,0.00,10.17,true,false
1773256067000,0.00,10.17,true,false
1773256069000,0.00,10.17,true,false
1773256071000,0.00,10.17,true,false
1773256076000,0.00,10.17,true,false
1773256083000,0.00,10.17,true,false
1773256085000,0.00,10.17,true,false
1773256090000,0.00,10.17,true,false
1773256092000,0.00,10.17,true,false
1773256094000,0.00,10.17,true,false
1773256098000,0.00,10.17,true,false
1773256100000,0.00,10.17,true,false
1773256103000,0.00,10.17,true,false
1773256107000,0.00,10.17,true,false
1773256111000,0.00,10.17,true,false
1773256113000,0.00,10.17,true,false
1773256118000,0.00,10.17,true,false
1773256120000,0.00,10.17,true,false
1773256126000,0.00,10.17,true,false
1773256131000,0.00,10.17,true,false
1773256133000,0.00,10.17,true,false
1773256137000,0.00,10.17,true,false
1773256139000,0.00,10.17,true,false
1773256141000,0.00,10.17,true,false
1773256144000,0.00,10.17,true,false
1773256146000,0.00,10.17,true,false
1773256148000,0.00,10.17,true,false
1773256152000,0.00,10.17,true,false
1773256159000,0.00,10.17,true,false
1773256161000,0.00,10.17,true,false
1773256163000,0.00,10.17,true,false
1773256165000,0.00,10.17,true,false
1773256172000,0.00,10.17,true,false
1773256174000,0.00,10.17,true,false
1773256176000,0.00,10.17,true,false
1773256180000,0.00,10.17,true,false
1773256185000,0.00,10.17,true,false
1773256187000,0.00,10.17,true,false
1773256189000,0.00,10.17,true,false
1773256193000,0.00,10.17,true,false
1773256195000,0.00,10.17,true,false
1773256200000,0.00,10.17,true,false
1773256202000,0.00,10.17,true,false
1773256206000,0.00,10.17,true,false
1773256209000,0.00,10.17,true,false
1773256215000,0.00,10.17,true,false
1773256219000,0.00,10.17,true,false
1773256221000,0.00,10.17,true,false
1773256224000,0.00,10.17,true,false
1773256226000,0.00,10.17,true,false
1773256232000,0.00,10.17,true,false
1773256236000,0.00,10.17,true,false
1773256239000,0.00,10.17,true,false
1773256241000,0.00,10.17,true,false
1773256243000,0.00,10.17,true,false
1773256245000,0.00,10.17,true,false
1773256250000,0.00,10.17,true,false
1773256252000,0.00,10.17,true,false
1773256254000,0.00,10.17,true,false
1773256256000,0.00,10.17,true,false
1773256259000,0.00,10.17,true,false
1773256264000,0.00,10.17,true,false
1773256268000,0.00,10.17,true,false
1773256270000,0.00,10.17,true,false
1773256272000,0.00,10.17,true,false
1773256274000,0.00,10.17,true,false
1773256276000,0.00,10.17,true,false
1773256279000,0.00,10.17,true,false
1773256283000,0.00,10.17,true,false
1773256285000,0.00,10.17,true,false
1773256287000,0.00,10.17,true,false
1773256292000,0.00,10.17,true,false
1773256294000,0.00,10.17,true,false
1773256298000,0.00,10.17,true,false
1773256300000,0.00,10.17,true,false
1773256305000,0.00,10.17,true,false
1773256307000,0.00,10.17,true,false
1773256311000,0.00,10.17,true,false
1773256316000,0.00,10.17,true,false
1773256318000,0.00,10.17,true,false
1773256320000,0.00,10.17,true,false
1773256322000,0.00,10.17,true,false
1773256327000,0.00,10.17,true,false
1773256332000,0.00,10.17,true,false
1773256338000,0.00,10.17,true,false
1773256341000,0.00,10.17,true,false
1773256343000,0.00,10.17,true,false
1773256345000,0.00,10.17,true,false
1773256347000,0.00,10.17,true,false
1773256352000,0.00,10.17,true,false
1773256354000,0.00,10.17,true,false
1773256356000,0.00,10.17,true,false
1773256358000,0.00,10.17,true,false
1773256360000,0.00,10.17,true,false
1773256367000,0.00,10.17,true,false
1773256369000,0.00,10.17,true,false
1773256371000,0.00,10.17,true,false
1773256373000,0.00,10.17,true,false
1773256377000,0.00,10.17,true,false
1773256380000,0.00,10.17,true,false
1773256384000,0.00,10.17,true,false
1773256386000,0.00,10.17,true,false
1773256388000,0.00,10.17,true,false
1773256391000,0.00,10.17,true,false
1773256397000,0.00,10.17,true,false
1773256399000,0.00,10.17,true,false
1773256403000,0.00,10.17,true,false
1773256405000,0.00,10.17,true,false
1773256407000,0.00,10.17,true,false
1773256411000,0.00,10.17,true,false
1773256415000,0.00,10.17,true,false
1773256417000,0.00,10.17,true,false
1773256419000,0.00,10.17,true,false
1773256424000,0.00,10.17,true,false
1773256427000,0.00,10.17,true,false
1773256431000,0.00,10.17,true,false
1773256433000,0.00,10.17,true,false
1773256435000,0.00,10.17,true,false
1773256437000,0.00,10.17,true,false
1773256439000,0.00,10.17,true,false
1773256443000,0.00,10.17,true,false
1773256445000,0.00,10.17,true,false
1773228129000,,33.71,false,false
1773228221000,,27.29,false,false
1773228236000,,35.74,false,false
1773228306000,,16.16,false,false
1773228331000,,43.10,false,false
1773228372000,,24.83,false,false
1773229109000,,11.56,false,false
1773229124000,,28.55,false,false
1773229130000,,36.88,false,false
1773229195000,,43.20,false,false
1773229438000,,44.52,false,false
1773229843000,,16.78,false,false
1773232259000,,13.35,false,false
1773232356000,,0.00,false,false
1773232360000,,17.28,false,false
1773232433000,,12.49,false,false
1773232529000,,19.45,false,false
1773232537000,,29.14,false,false
1773232543000,,39.58,false,false
1773232554000,,0.00,false,false
1773232564000,,0.00,false,false
1773233211000,,11.65,false,false
1773234898000,,22.50,false,false
1773236312000,,21.35,false,false
1773236327000,,0.00,false,false
1773236331000,,17.28,false,false
1773236340000,,29.46,false,false
1773236950000,,20.76,false,false
1773238473000,,21.70,false,false
1773238645000,,54.62,false,false
1773238651000,,61.61,false,false
1773238656000,,66.09,false,false
1773238716000,,0.00,false,false
1773238735000,,0.00,false,false
1773239164000,,27.27,false,false
1773239233000,,35.40,false,false
1773241635000,,0.00,false,false
1773241647000,,39.26,false,false
1773242499000,,31.13,false,false
1773242620000,,39.78,false,false
1773242635000,,54.48,false,false
1773242655000,,0.00,false,false
1773242862000,,17.77,false,false
1773244455000,,28.43,false,false
1773244805000,,8.76,false,false