ts,lat,lng,kalman_speed,endpoint_speed,final_speed,is_stale,is_stationary,raw_dist,raw_dt,raw_implied,stat_count
1773218922000,64.0855916833333,-21.9390936666667,0.00,0.00,0.00,false,false,0.00,0.00,0.00,0
1773218928000,64.0863187333333,-21.9378236666667,0.00,0.00,0.00,false,false,101.60,6.00,60.96,0
1773218930000,64.0863187333333,-21.9378236666667,36.87,0.00,0.00,true,false,0.66,2.00,1.19,1
1773218934000,64.0869549166667,-21.93682,65.55,56.27,53.46,false,false,76.98,4.00,69.28,0
1773218936000,64.0869549166667,-21.93682,42.58,0.00,53.46,true,false,4.33,2.00,7.80,1
1773218939000,64.0874916666667,-21.9359676666667,64.05,55.10,52.35,false,false,63.86,3.00,76.63,0
1773218941000,64.0874916666667,-21.9359676666667,43.37,0.00,52.35,true,false,5.80,2.00,10.44,1
1773218943000,64.0880323166667,-21.9350923333333,70.84,64.30,61.09,false,false,64.91,2.00,116.83,0
1773218947000,64.0880323166667,-21.9350923333333,18.20,18.20,17.29,false,false,12.82,4.00,11.54,0
1773218949000,64.08834555,-21.9345325,35.94,35.94,34.14,false,false,34.85,2.00,62.74,0
1773218951000,64.0883977666667,-21.9344308333333,32.11,32.11,30.51,false,false,14.39,2.00,25.90,0
1773218954000,64.0883977666667,-21.9344308333333,10.78,0.00,30.51,true,false,1.72,3.00,2.07,1
1773218956000,64.0884022,-21.9344151666667,0.00,0.00,0.00,true,true,5.28,2.00,9.50,2
1773218959000,64.0884022,-21.9344151666667,0.00,0.00,0.00,true,true,3.30,3.00,3.96,3
1773218961000,64.08841415,-21.9343915,0.00,0.00,0.00,true,true,1.06,2.00,1.91,4
1773218965000,64.08841415,-21.9343915,0.00,0.00,0.00,true,true,0.31,4.00,0.28,5
1773218969000,64.0884125,-21.9343941666667,0.00,0.00,0.00,true,true,0.18,4.00,0.16,6
1773218973000,64.08841255,-21.9343941666667,0.00,0.00,0.00,true,true,0.02,4.00,0.02,7
1773218975000,64.08841255,-21.9343941666667,0.00,0.00,0.00,true,true,0.00,2.00,0.00,8
1773218978000,64.0884129166667,-21.934394,0.00,0.00,0.00,true,true,0.04,3.00,0.05,9
1773218982000,64.0884383333333,-21.9343478333333,0.00,0.00,0.00,true,true,3.61,4.00,3.25,10
1773218985000,64.0886408666667,-21.9339193333333,23.83,7.72,7.33,false,false,31.10,3.00,37.32,0
1773218990000,64.0890004666667,-21.9330691666667,47.30,19.43,18.46,false,false,63.03,5.00,45.38,0
1773218994000,64.0894199833333,-21.9319775,63.31,30.75,29.21,false,false,72.98,4.00,65.68,0
1773218999000,64.0894199833333,-21.9319775,3.07,0.00,29.21,true,false,2.31,5.00,1.66,1
1773219001000,64.0898067,-21.930878,44.06,43.03,40.88,false,false,62.16,2.00,111.88,0
1773219003000,64.0898067,-21.930878,38.60,38.60,36.67,false,false,16.72,2.00,30.10,0
1773219013000,64.0903334833333,-21.9294241666667,27.62,27.62,26.24,false,false,89.41,10.00,32.19,0
1773219020000,64.0903335666667,-21.9294256666667,11.10,0.00,26.24,true,false,0.27,7.00,0.14,1
1773219022000,64.0903335666667,-21.9294256666667,0.00,0.00,0.00,true,true,1.75,2.00,3.15,2
1773219026000,64.0903343666667,-21.9294258333333,0.00,0.00,0.00,true,true,1.19,4.00,1.07,3
1773219028000,64.0903343666667,-21.9294258333333,0.00,0.00,0.00,true,true,0.15,2.00,0.27,4
1773219032000,64.0903374166667,-21.9294173333333,0.00,0.00,0.00,true,true,0.57,4.00,0.52,5
1773219036000,64.0903730333333,-21.9293198333333,0.00,0.00,0.00,true,true,6.25,4.00,5.62,6
1773219038000,64.0903730333333,-21.9293198333333,0.00,0.00,0.00,true,true,0.73,2.00,1.32,7
1773219041000,64.0904213,-21.9291895,0.00,0.00,0.00,true,true,8.49,3.00,10.19,8
1773219044000,64.0904213,-21.9291895,0.00,0.00,0.00,true,true,1.72,3.00,2.07,9
1773219049000,64.0904681666667,-21.9290441666667,0.00,0.00,0.00,true,true,9.11,5.00,6.56,10
1773219051000,64.0905194833333,-21.9288915,7.41,6.34,6.02,false,false,10.09,2.00,18.16,0
1773219054000,64.0905194833333,-21.9288915,4.72,0.00,6.02,true,false,2.65,3.00,3.18,1
1773219056000,64.0905704166667,-21.9287413333333,0.00,0.00,0.00,true,true,8.53,2.00,15.35,2
1773219059000,64.0905704166667,-21.9287413333333,0.00,0.00,0.00,true,true,1.71,3.00,2.05,3
1773219062000,64.0905704166667,-21.9287413333333,0.00,0.00,0.00,true,true,0.36,3.00,0.43,4
1773219067000,64.0905811666667,-21.9286938333333,0.00,0.00,0.00,true,true,2.67,5.00,1.92,5
1773219070000,64.0905811666667,-21.9286938333333,0.00,0.00,0.00,true,true,0.22,3.00,0.26,6
1773219076000,64.090581,-21.9286938333333,0.00,0.00,0.00,true,true,0.03,6.00,0.02,7
1773219079000,64.0905992666667,-21.9286351666667,0.00,0.00,0.00,true,true,3.50,3.00,4.20,8
1773219081000,64.0905992666667,-21.9286351666667,0.00,0.00,0.00,true,true,0.59,2.00,1.06,9
1773219084000,64.0907526833333,-21.928182,21.13,6.64,6.30,false,false,28.00,3.00,33.61,0
1773219087000,64.09105475,-21.9274365,49.47,17.08,16.23,false,false,55.14,3.00,66.16,0
1773219091000,64.09105475,-21.9274365,11.99,0.00,16.23,true,false,7.32,4.00,6.58,1
1773219095000,64.0915111833333,-21.9266556666667,46.55,31.45,29.87,false,false,57.47,4.00,51.73,0
1773219097000,64.0915111833333,-21.9266556666667,31.63,0.00,29.87,true,false,5.19,2.00,9.34,1
1773219100000,64.09213845,-21.9258313333333,68.32,43.15,41.00,false,false,74.78,3.00,89.74,0
1773219104000,64.09290705,-21.9249795,90.93,50.41,47.89,false,false,104.70,4.00,94.23,0
1773219110000,64.0937701666667,-21.924045,59.48,59.48,56.51,false,false,109.69,6.00,65.82,0
1773219114000,64.09468085,-21.923044,94.16,74.60,70.87,false,false,110.11,4.00,99.10,0
1773219119000,64.095234,-21.9224426666667,0.00,0.00,0.00,true,false,0.00,3.00,0.00,1
1773219125000,64.0963343,-21.9212418333333,0.00,0.00,0.00,true,false,0.00,2.00,0.00,1
1773219129000,64.0972063833333,-21.9202245,83.95,65.30,62.04,false,false,108.70,4.00,97.83,0
1773219131000,64.0972063833333,-21.9202245,56.24,0.00,62.04,true,false,7.36,2.00,13.24,1
1773219135000,64.0979711666667,-21.9190181666667,0.00,0.00,0.00,true,false,0.00,2.00,0.00,1
1773219143000,64.0990593,-21.9162235,0.00,0.00,0.00,false,false,83.64,6.00,50.18,0
1773219148000,64.0993987333333,-21.9152633333333,42.90,42.90,40.76,false,false,60.52,5.00,43.57,0
1773219152000,64.0995599666667,-21.914777,28.10,28.10,26.70,false,false,28.83,4.00,25.95,0
1773219157000,64.0995968333333,-21.9146646666667,1.55,0.00,26.70,true,false,4.75,5.00,3.42,1
1773219159000,64.0995888166667,-21.9146691666667,0.00,0.00,0.00,true,true,3.32,2.00,5.98,2
1773219163000,64.0995888166667,-21.9146691666667,0.00,0.00,0.00,true,true,1.09,4.00,0.98,3
1773219165000,64.0995887166667,-21.9146695,0.00,0.00,0.00,true,true,0.16,2.00,0.29,4
1773219168000,64.0995887166667,-21.9146695,0.00,0.00,0.00,true,true,0.04,3.00,0.05,5
1773219172000,64.0995887166667,-21.9146696666667,0.00,0.00,0.00,true,true,0.02,4.00,0.01,6
1773219177000,64.0996103666667,-21.9146116666667,0.00,0.00,0.00,true,true,3.70,5.00,2.67,7
1773219182000,64.09982005,-21.914002,29.29,7.84,7.45,false,false,37.96,5.00,27.33,0
1773219184000,64.09982005,-21.914002,19.29,0.00,7.45,true,false,2.74,2.00,4.92,1
1773219188000,64.1001462166667,-21.9130698333333,45.51,17.89,17.00,false,false,54.45,4.00,49.01,0
1773219193000,64.1005781166667,-21.9118071666667,60.16,30.39,28.87,false,false,82.09,5.00,59.11,0
1773219197000,64.1010018666667,-21.9104955,71.00,45.50,43.23,false,false,80.66,4.00,72.59,0
1773219202000,64.1012761333333,-21.9095108333333,39.76,39.76,37.77,false,false,58.27,5.00,41.95,0
1773219204000,64.1012761333333,-21.9095108333333,21.27,0.00,37.77,true,false,3.04,2.00,5.47,1
1773219208000,64.1014608,-21.9087946666667,29.37,29.37,27.90,false,false,33.83,4.00,30.45,0
1773219213000,64.1016769666667,-21.907926,36.41,36.41,34.59,false,false,49.87,5.00,35.90,0
1773219217000,64.1020178833333,-21.9067491666667,59.02,38.55,36.62,false,false,69.26,4.00,62.34,0
1773219219000,64.1020178833333,-21.9067491666667,37.61,0.00,36.62,true,false,3.23,2.00,5.81,1
1773219224000,64.1024971333333,-21.9055508333333,52.66,42.38,40.26,false,false,71.05,5.00,51.16,0
1773219228000,64.1030995,-21.904536,73.18,49.62,47.14,false,false,84.85,4.00,76.36,0
1773219232000,64.10379865,-21.9037918333333,78.88,58.70,55.76,false,false,88.82,4.00,79.94,0
1773219234000,64.10379865,-21.9037918333333,48.00,0.00,55.76,true,false,2.28,2.00,4.10,1
1773219237000,64.1045185,-21.903428,70.96,64.29,61.08,false,false,70.81,3.00,84.98,0
1773219239000,64.1045185,-21.903428,48.03,0.00,61.08,true,false,6.82,2.00,12.27,1
1773219243000,64.10513365,-21.9033706666667,52.51,52.51,49.88,false,false,59.12,4.00,53.20,0
1773219248000,64.1055269166667,-21.9034821666667,30.98,30.98,29.43,false,false,45.11,5.00,32.48,0
1773219252000,64.1055269166667,-21.9034821666667,2.50,0.00,29.43,true,false,2.24,4.00,2.02,1
1773219254000,64.1060549666667,-21.9037151666667,41.71,36.30,34.48,false,false,55.65,2.00,100.16,0
1773219258000,64.1062485333333,-21.9038478333333,34.28,34.28,32.57,false,false,37.00,4.00,33.30,0
1773219261000,64.1062485333333,-21.9038478333333,11.50,0.00,32.57,true,false,1.25,3.00,1.50,1
1773219264000,64.1062483166667,-21.9038495,0.00,0.00,0.00,true,true,5.38,3.00,6.45,2
1773219266000,64.1062483166667,-21.9038495,0.00,0.00,0.00,true,true,2.84,2.00,5.11,3
1773219270000,64.1062480666667,-21.9038498333333,0.00,0.00,0.00,true,true,0.84,4.00,0.76,4
1773219275000,64.1062877333333,-21.9038918333333,0.00,0.00,0.00,true,true,4.74,5.00,3.41,5
1773219281000,64.1064956666667,-21.9041323333333,19.52,5.54,5.26,false,false,26.23,6.00,15.74,0
1773219285000,64.1069226,-21.9045465,44.00,14.10,13.40,false,false,52.73,4.00,47.45,0
1773219288000,64.1073309333333,-21.9049321666667,56.12,21.50,20.42,false,false,52.41,3.00,62.89,0
1773219290000,64.1073309333333,-21.9049321666667,36.13,0.00,20.42,true,false,2.78,2.00,5.01,1
1773219294000,64.10775125,-21.9053323333333,38.00,33.56,31.88,false,false,42.50,4.00,38.25,0
1773219298000,64.1080713666667,-21.9056268333333,35.18,35.18,33.43,false,false,38.63,4.00,34.76,0
1773219303000,64.10823935,-21.9057796666667,12.52,12.52,11.89,false,false,19.65,5.00,14.15,0
1773219307000,64.1083580833333,-21.9058951666667,11.12,11.12,10.56,false,false,12.13,4.00,10.92,0
1773219310000,64.1083580833333,-21.9058951666667,3.84,0.00,10.56,true,false,0.20,3.00,0.24,1
1773219313000,64.1084606833333,-21.9059761666667,9.29,9.29,8.82,false,false,10.37,3.00,12.45,0
1773219316000,64.1084606833333,-21.9059761666667,4.45,0.00,8.82,true,false,1.36,3.00,1.63,1
1773219319000,64.1085519,-21.9060533333333,0.00,0.00,0.00,true,true,9.57,3.00,11.49,2
1773219322000,64.1086522333333,-21.9061353333333,9.81,8.33,7.92,false,false,12.95,3.00,15.55,0
1773219326000,64.1086522333333,-21.9061353333333,3.20,0.00,7.92,true,false,2.49,4.00,2.24,1
1773219328000,64.1086522333333,-21.9061353333333,0.00,0.00,0.00,true,true,1.05,2.00,1.89,2
1773219330000,64.1087756666667,-21.9062386666667,9.52,9.52,9.05,false,false,13.82,2.00,24.88,0
1773219335000,64.1088781666667,-21.906333,12.15,8.72,8.28,false,false,16.48,5.00,11.86,0
1773219339000,64.1090109,-21.9064475,14.13,9.03,8.58,false,false,16.04,4.00,14.43,0
1773219341000,64.1090109,-21.9064475,8.67,0.00,8.58,true,false,0.29,2.00,0.52,1
1773219343000,64.1090109,-21.9064475,0.00,0.00,0.00,true,true,2.04,2.00,3.67,2
1773219347000,64.1091546166667,-21.9065741666667,11.97,9.57,9.09,false,false,15.02,4.00,13.52,0
1773219354000,64.1093509333333,-21.906744,13.49,10.65,10.12,false,false,25.39,7.00,13.06,0
1773219357000,64.1095077666667,-21.9068751666667,19.30,11.80,11.21,false,false,18.61,3.00,22.33,0
1773219359000,64.1095077666667,-21.9068751666667,12.50,0.00,11.21,true,false,1.23,2.00,2.22,1
1773219363000,64.1096815,-21.907007,15.52,14.29,13.57,false,false,17.69,4.00,15.92,0
1773219365000,64.1096815,-21.907007,9.70,0.00,13.57,true,false,0.51,2.00,0.93,1
1773219370000,64.1100823833333,-21.9072261666667,33.72,19.04,18.09,false,false,43.55,5.00,31.36,0
1773219372000,64.1100823833333,-21.9072261666667,21.90,0.00,18.09,true,false,2.57,2.00,4.63,1
1773219375000,64.1102721,-21.9072915,20.97,19.66,18.67,false,false,17.06,3.00,20.47,0
1773219378000,64.1102721,-21.9072915,7.59,0.00,18.67,true,false,0.41,3.00,0.50,1
1773219381000,64.1103400333333,-21.9073038333333,0.00,0.00,0.00,true,true,4.17,3.00,5.01,2
1773219383000,64.1103400333333,-21.9073038333333,0.00,0.00,0.00,true,true,0.44,2.00,0.79,3
1773219387000,64.1103993333333,-21.9073106666667,0.00,0.00,0.00,true,true,6.47,4.00,5.82,4
1773219390000,64.1104907166667,-21.907293,8.46,5.83,5.54,false,false,11.06,3.00,13.27,0
1773219394000,64.1104907166667,-21.907293,2.64,0.00,5.54,true,false,2.00,4.00,1.80,1
1773219396000,64.1105615833333,-21.9071863333333,0.00,0.00,0.00,true,true,8.63,2.00,15.54,2
1773219398000,64.1105615833333,-21.9071863333333,0.00,0.00,0.00,true,true,2.02,2.00,3.63,3
1773219402000,64.1105637333333,-21.9071801666667,0.00,0.00,0.00,true,true,0.99,4.00,0.90,4
1773219409000,64.1105637166667,-21.90718,0.00,0.00,0.00,true,true,0.14,7.00,0.07,5
1773219413000,64.1105981166667,-21.9070723333333,0.00,0.00,0.00,true,true,6.48,4.00,5.83,6
1773219415000,64.1105981166667,-21.9070723333333,0.00,0.00,0.00,true,true,0.70,2.00,1.26,7
1773219418000,64.11071485,-21.9068586666667,12.75,4.20,3.99,false,false,16.79,3.00,20.14,0
1773219422000,64.1108406333333,-21.9071913333333,17.47,5.54,5.27,false,false,21.74,4.00,19.57,0
1773219424000,64.1108406333333,-21.9071913333333,12.18,0.00,5.27,true,false,2.97,2.00,5.35,1
1773219429000,64.1110103166667,-21.9073276666667,13.05,10.68,10.15,false,false,17.87,5.00,12.86,0
1773219431000,64.1110103166667,-21.9073276666667,7.91,0.00,10.15,true,false,0.58,2.00,1.04,1
1773219434000,64.1111608333333,-21.907176,15.20,11.68,11.10,false,false,17.00,3.00,20.41,0
1773219438000,64.111153,-21.907144,4.22,0.00,11.10,true,false,3.59,4.00,3.23,1
1773219440000,64.111153,-21.907144,0.00,0.00,0.00,true,true,1.91,2.00,3.43,2
1773219443000,64.1111536,-21.9071146666667,0.00,0.00,0.00,true,true,1.16,3.00,1.39,3
1773219445000,64.1111536,-21.9071146666667,0.00,0.00,0.00,true,true,0.24,2.00,0.42,4
1773219451000,64.1111560166667,-21.9070815,0.00,0.00,0.00,true,true,1.67,6.00,1.00,5
1773219453000,64.1111458833333,-21.9070301666667,0.00,0.00,0.00,true,true,2.82,2.00,5.07,6
1773219455000,64.1111458833333,-21.9070301666667,0.00,0.00,0.00,true,true,0.73,2.00,1.32,7
1773219460000,64.1111353666667,-21.9069868333333,0.00,0.00,0.00,true,true,2.63,5.00,1.89,8
1773219465000,64.1111375333333,-21.9069626666667,0.00,0.00,0.00,true,true,1.38,5.00,1.00,9
1773219469000,64.1111516666667,-21.9069795,0.00,0.00,0.00,true,true,1.73,4.00,1.56,10
1773219471000,64.1111671,-21.9069288333333,0.00,0.00,0.00,true,true,3.04,2.00,5.47,11
1773219474000,64.1111671,-21.9069288333333,0.00,0.00,0.00,true,true,0.82,3.00,0.98,12
1773219483000,64.1119374333333,-21.907221,56.20,14.07,13.37,false,false,86.76,9.00,34.70,0
1773219486000,64.1119374333333,-21.907221,20.49,0.00,13.37,true,false,1.40,3.00,1.68,1
1773219490000,64.1127806833333,-21.9060793333333,0.00,0.00,0.00,true,false,0.00,2.00,0.00,1
1773219493000,64.1132997833333,-21.904781,72.43,61.54,58.46,false,false,85.45,3.00,102.54,0
1773219495000,64.1132997833333,-21.904781,50.89,0.00,58.46,true,false,9.06,2.00,16.31,1
1773219499000,64.1136961833333,-21.9034976666667,59.87,52.84,50.20,false,false,67.91,4.00,61.12,0
1773219501000,64.1136961833333,-21.9034976666667,37.14,0.00,50.20,true,false,1.96,2.00,3.53,1
1773219503000,64.1139718166667,-21.902602,53.56,53.56,50.88,false,false,44.57,2.00,80.23,0
1773219507000,64.1141002833333,-21.902163,32.41,32.41,30.79,false,false,32.98,4.00,29.68,0
1773219510000,64.1141002833333,-21.902163,8.93,0.00,30.79,true,false,3.70,3.00,4.44,1
1773219515000,64.11420215,-21.9018683333333,9.18,9.18,8.72,false,false,12.71,5.00,9.15,0
1773219517000,64.11420215,-21.9018683333333,5.45,0.00,8.72,true,false,0.11,2.00,0.20,1
1773219520000,64.1143212666667,-21.9015805,15.66,13.34,12.67,false,false,17.92,3.00,21.51,0
1773219522000,64.1143212666667,-21.9015805,11.46,0.00,12.67,true,false,2.66,2.00,4.79,1
1773227495000,64.1232244,-21.7899428333333,0.00,0.00,0.00,true,false,0.00,4.00,0.00,1
1773227502000,64.1232244,-21.7899428333333,0.00,0.00,0.00,true,true,0.00,7.00,0.00,2
1773227504000,64.1232244,-21.7899428333333,0.00,0.00,0.00,true,true,0.00,2.00,0.00,3
1773227508000,64.1232244,-21.7899428333333,0.00,0.00,0.00,true,true,0.00,4.00,0.00,4
1773227510000,64.1232244,-21.7899428333333,0.00,0.00,0.00,true,true,0.00,2.00,0.00,5
1773227514000,64.1232244,-21.7899428333333,0.00,0.00,0.00,true,true,0.00,4.00,0.00,6
1773227516000,64.1232244,-21.7899428333333,0.00,0.00,0.00,true,true,0.00,2.00,0.00,7
1773227518000,64.1232244,-21.7899428333333,0.00,0.00,0.00,true,true,0.00,2.00,0.00,8
1773227520000,64.1232244,-21.7899428333333,0.00,0.00,0.00,true,true,0.00,2.00,0.00,9
1773227526000,64.1232244,-21.7899428333333,0.00,0.00,0.00,true,true,0.00,6.00,0.00,10
1773227528000,64.1232244,-21.7899428333333,0.00,0.00,0.00,true,true,0.00,2.00,0.00,11
1773227531000,64.1232244,-21.7899428333333,0.00,0.00,0.00,true,true,0.00,3.00,0.00,12
1773227537000,64.1232244,-21.7899428333333,0.00,0.00,0.00,true,true,0.00,6.00,0.00,13
1773227541000,64.1232244,-21.7899428333333,0.00,0.00,0.00,true,true,0.00,4.00,0.00,14
1773227543000,64.1232244,-21.7899428333333,0.00,0.00,0.00,true,true,0.00,2.00,0.00,15
1773227545000,64.1232244,-21.7899428333333,0.00,0.00,0.00,true,true,0.00,2.00,0.00,16
1773227547000,64.1232244,-21.7899428333333,0.00,0.00,0.00,true,true,0.00,2.00,0.00,17
1773227552000,64.1232244,-21.7899428333333,0.00,0.00,0.00,true,true,0.00,5.00,0.00,18
1773227556000,64.1232244,-21.7899428333333,0.00,0.00,0.00,true,true,0.00,4.00,0.00,19
1773227558000,64.1232244,-21.7899428333333,0.00,0.00,0.00,true,true,0.00,2.00,0.00,20
1773227562000,64.1232244,-21.7899428333333,0.00,0.00,0.00,true,true,0.00,4.00,0.00,21
1773227564000,64.1232244,-21.7899428333333,0.00,0.00,0.00,true,true,0.00,2.00,0.00,22
1773227568000,64.1232241333333,-21.789942,0.00,0.00,0.00,true,true,0.05,4.00,0.05,23
1773227571000,64.1232241333333,-21.789942,0.00,0.00,0.00,true,true,0.01,3.00,0.01,24
1773227575000,64.1232241333333,-21.789942,0.00,0.00,0.00,true,true,0.00,4.00,0.00,25
1773227577000,64.1232241333333,-21.789942,0.00,0.00,0.00,true,true,0.00,2.00,0.00,26
1773227581000,64.1232241333333,-21.789942,0.00,0.00,0.00,true,true,0.00,4.00,0.00,27
1773227583000,64.1232241333333,-21.789942,0.00,0.00,0.00,true,true,0.00,2.00,0.00,28
1773227585000,64.1232241333333,-21.789942,0.00,0.00,0.00,true,true,0.00,2.00,0.00,29
1773227592000,64.1232241333333,-21.789942,0.00,0.00,0.00,true,true,0.00,7.00,0.00,30
1773227594000,64.1232241333333,-21.789942,0.00,0.00,0.00,true,true,0.00,2.00,0.00,31
1773227596000,64.1232241333333,-21.789942,0.00,0.00,0.00,true,true,0.00,2.00,0.00,32
1773227598000,64.1232241333333,-21.789942,0.00,0.00,0.00,true,true,0.00,2.00,0.00,33
1773227602000,64.1232241333333,-21.789942,0.00,0.00,0.00,true,true,0.00,4.00,0.00,34
1773227604000,64.1232241333333,-21.789942,0.00,0.00,0.00,true,true,0.00,2.00,0.00,35
1773227607000,64.1232241333333,-21.789942,0.00,0.00,0.00,true,true,0.00,3.00,0.00,36
1773227612000,64.1232241333333,-21.789942,0.00,0.00,0.00,true,true,0.00,5.00,0.00,37
1773227615000,64.1232241333333,-21.789942,0.00,0.00,0.00,true,true,0.00,3.00,0.00,38
1773227619000,64.1232241333333,-21.789942,0.00,0.00,0.00,true,true,0.00,4.00,0.00,39
1773227621000,64.1232241333333,-21.789942,0.00,0.00,0.00,true,true,0.00,2.00,0.00,40
1773227623000,64.1232241333333,-21.789942,0.00,0.00,0.00,true,true,0.00,2.00,0.00,41
1773227625000,64.1232241333333,-21.789942,0.00,0.00,0.00,true,true,0.00,2.00,0.00,42
1773227627000,64.1232241333333,-21.789942,0.00,0.00,0.00,true,true,0.00,2.00,0.00,43
1773227632000,64.1232241333333,-21.789942,0.00,0.00,0.00,true,true,0.00,5.00,0.00,44
1773227636000,64.1232241333333,-21.789942,0.00,0.00,0.00,true,true,0.00,4.00,0.00,45
1773227638000,64.1232241333333,-21.789942,0.00,0.00,0.00,true,true,0.00,2.00,0.00,46
1773227641000,64.1232241333333,-21.789942,0.00,0.00,0.00,true,true,0.00,3.00,0.00,47
1773227645000,64.1232241333333,-21.789942,0.00,0.00,0.00,true,true,0.00,4.00,0.00,48
1773227647000,64.1232241333333,-21.789942,0.00,0.00,0.00,true,true,0.00,2.00,0.00,49
1773227651000,64.1232241333333,-21.789942,0.00,0.00,0.00,true,true,0.00,4.00,0.00,50
1773227653000,64.1232241333333,-21.789942,0.00,0.00,0.00,true,true,0.00,2.00,0.00,51
1773227655000,64.1232241333333,-21.789942,0.00,0.00,0.00,true,true,0.00,2.00,0.00,52
1773227657000,64.1232241333333,-21.789942,0.00,0.00,0.00,true,true,0.00,2.00,0.00,53
1773227662000,64.1232241333333,-21.789942,0.00,0.00,0.00,true,true,0.00,5.00,0.00,54
1773227666000,64.1232241333333,-21.789942,0.00,0.00,0.00,true,true,0.00,4.00,0.00,55
1773227668000,64.1232241333333,-21.789942,0.00,0.00,0.00,true,true,0.00,2.00,0.00,56
1773227672000,64.1232241333333,-21.789942,0.00,0.00,0.00,true,true,0.00,4.00,0.00,57
1773227674000,64.1232241333333,-21.789942,0.00,0.00,0.00,true,true,0.00,2.00,0.00,58
1773227678000,64.1232241333333,-21.789942,0.00,0.00,0.00,true,true,0.00,4.00,0.00,59
1773227680000,64.1232241333333,-21.789942,0.00,0.00,0.00,true,true,0.00,2.00,0.00,60
1773227682000,64.1232241333333,-21.789942,0.00,0.00,0.00,true,true,0.00,2.00,0.00,61
1773227685000,64.1232241333333,-21.789942,0.00,0.00,0.00,true,true,0.00,3.00,0.00,62
1773227689000,64.1232236166667,-21.7899401666667,0.00,0.00,0.00,true,true,0.11,4.00,0.10,63
1773227691000,64.1232236166667,-21.7899401666667,0.00,0.00,0.00,true,true,0.01,2.00,0.02,64
1773227693000,64.1232236166667,-21.7899401666667,0.00,0.00,0.00,true,true,0.00,2.00,0.01,65
1773227695000,64.1232236166667,-21.7899401666667,0.00,0.00,0.00,true,true,0.00,2.00,0.00,66
1773227701000,64.1232236166667,-21.7899401666667,0.00,0.00,0.00,true,true,0.00,6.00,0.00,67
1773227705000,64.1232236166667,-21.7899401666667,0.00,0.00,0.00,true,true,0.00,4.00,0.00,68
1773227707000,64.1232236166667,-21.7899401666667,0.00,0.00,0.00,true,true,0.00,2.00,0.00,69
1773227713000,64.1232236166667,-21.7899401666667,0.00,0.00,0.00,true,true,0.00,6.00,0.00,70
1773227716000,64.1232236166667,-21.7899401666667,0.00,0.00,0.00,true,true,0.00,3.00,0.00,71
1773227718000,64.1232236166667,-21.7899401666667,0.00,0.00,0.00,true,true,0.00,2.00,0.00,72
1773227720000,64.1232236166667,-21.7899401666667,0.00,0.00,0.00,true,true,0.00,2.00,0.00,73
1773227723000,64.1232236166667,-21.7899401666667,0.00,0.00,0.00,true,true,0.00,3.00,0.00,74
1773227727000,64.1232236166667,-21.7899401666667,0.00,0.00,0.00,true,true,0.00,4.00,0.00,75
1773227731000,64.1232236166667,-21.7899401666667,0.00,0.00,0.00,true,true,0.00,4.00,0.00,76
1773227734000,64.1232236166667,-21.7899401666667,0.00,0.00,0.00,true,true,0.00,3.00,0.00,77
1773227736000,64.1232236166667,-21.7899401666667,0.00,0.00,0.00,true,true,0.00,2.00,0.00,78
1773227740000,64.1232236166667,-21.7899401666667,0.00,0.00,0.00,true,true,0.00,4.00,0.00,79
1773227742000,64.1232236166667,-21.7899401666667,0.00,0.00,0.00,true,true,0.00,2.00,0.00,80
1773227744000,64.1232236166667,-21.7899401666667,0.00,0.00,0.00,true,true,0.00,2.00,0.00,81
1773227746000,64.1232236166667,-21.7899401666667,0.00,0.00,0.00,true,true,0.00,2.00,0.00,82
1773227752000,64.1232236166667,-21.7899401666667,0.00,0.00,0.00,true,true,0.00,6.00,0.00,83
1773227757000,64.1232236166667,-21.7899401666667,0.00,0.00,0.00,true,true,0.00,5.00,0.00,84
1773227760000,64.1232236166667,-21.7899401666667,0.00,0.00,0.00,true,true,0.00,3.00,0.00,85
1773227764000,64.1232236166667,-21.7899401666667,0.00,0.00,0.00,true,true,0.00,4.00,0.00,86
1773227766000,64.1232236166667,-21.7899401666667,0.00,0.00,0.00,true,true,0.00,2.00,0.00,87
1773227772000,64.1232236166667,-21.7899401666667,0.00,0.00,0.00,true,true,0.00,6.00,0.00,88
1773227775000,64.1232236166667,-21.7899401666667,0.00,0.00,0.00,true,true,0.00,3.00,0.00,89
1773227777000,64.1232236166667,-21.7899401666667,0.00,0.00,0.00,true,true,0.00,2.00,0.00,90
1773227781000,64.1232236166667,-21.7899401666667,0.00,0.00,0.00,true,true,0.00,4.00,0.00,91
1773227784000,64.1232236166667,-21.7899401666667,0.00,0.00,0.00,true,true,0.00,3.00,0.00,92
1773227790000,64.1232236166667,-21.7899401666667,0.00,0.00,0.00,true,true,0.00,6.00,0.00,93
1773227792000,64.1232236166667,-21.7899401666667,0.00,0.00,0.00,true,true,0.00,2.00,0.00,94
1773227796000,64.1232236166667,-21.7899401666667,0.00,0.00,0.00,true,true,0.00,4.00,0.00,95
1773227799000,64.1232236166667,-21.7899401666667,0.00,0.00,0.00,true,true,0.00,3.00,0.00,96
1773227801000,64.1232236166667,-21.7899401666667,0.00,0.00,0.00,true,true,0.00,2.00,0.00,97
1773227805000,64.1232236166667,-21.7899401666667,0.00,0.00,0.00,true,true,0.00,4.00,0.00,98
1773227807000,64.1232236166667,-21.7899401666667,0.00,0.00,0.00,true,true,0.00,2.00,0.00,99
1773227809000,64.1232234,-21.7899405,0.00,0.00,0.00,true,true,0.03,2.00,0.05,100
1773227812000,64.1232234,-21.7899405,0.00,0.00,0.00,true,true,0.01,3.00,0.01,101
1773227815000,64.1232234,-21.7899405,0.00,0.00,0.00,true,true,0.00,3.00,0.00,102
1773227819000,64.1232234,-21.7899405,0.00,0.00,0.00,true,true,0.00,4.00,0.00,103
1773227823000,64.1232234,-21.7899405,0.00,0.00,0.00,true,true,0.00,4.00,0.00,104
1773227827000,64.1232234,-21.7899405,0.00,0.00,0.00,true,true,0.00,4.00,0.00,105
1773227830000,64.1232234,-21.7899405,0.00,0.00,0.00,true,true,0.00,3.00,0.00,106
1773227832000,64.1232234,-21.7899405,0.00,0.00,0.00,true,true,0.00,2.00,0.00,107
1773227836000,64.1232234,-21.7899405,0.00,0.00,0.00,true,true,0.00,4.00,0.00,108
1773227839000,64.1232234,-21.7899405,0.00,0.00,0.00,true,true,0.00,3.00,0.00,109
1773227841000,64.1232234,-21.7899405,0.00,0.00,0.00,true,true,0.00,2.00,0.00,110
1773227847000,64.1232234,-21.7899405,0.00,0.00,0.00,true,true,0.00,6.00,0.00,111
1773227853000,64.1232234,-21.7899405,0.00,0.00,0.00,true,true,0.00,6.00,0.00,112
1773227856000,64.1232234,-21.7899405,0.00,0.00,0.00,true,true,0.00,3.00,0.00,113
1773227860000,64.1232234,-21.7899405,0.00,0.00,0.00,true,true,0.00,4.00,0.00,114
1773227863000,64.1232234,-21.7899405,0.00,0.00,0.00,true,true,0.00,3.00,0.00,115
1773227865000,64.1232234,-21.7899405,0.00,0.00,0.00,true,true,0.00,2.00,0.00,116
1773227868000,64.1232234,-21.7899405,0.00,0.00,0.00,true,true,0.00,3.00,0.00,117
1773227873000,64.1232234,-21.7899405,0.00,0.00,0.00,true,true,0.00,5.00,0.00,118
1773227876000,64.1232234,-21.7899405,0.00,0.00,0.00,true,true,0.00,3.00,0.00,119
1773227879000,64.1232234,-21.7899405,0.00,0.00,0.00,true,true,0.00,3.00,0.00,120
1773227881000,64.1232234,-21.7899405,0.00,0.00,0.00,true,true,0.00,2.00,0.00,121
1773227886000,64.1232234,-21.7899405,0.00,0.00,0.00,true,true,0.00,5.00,0.00,122
1773227890000,64.1232234,-21.7899405,0.00,0.00,0.00,true,true,0.00,4.00,0.00,123
1773227895000,64.1232234,-21.7899405,0.00,0.00,0.00,true,true,0.00,5.00,0.00,124
1773227897000,64.1232234,-21.7899405,0.00,0.00,0.00,true,true,0.00,2.00,0.00,125
1773227900000,64.1232234,-21.7899405,0.00,0.00,0.00,true,true,0.00,3.00,0.00,126
1773227902000,64.1232234,-21.7899405,0.00,0.00,0.00,true,true,0.00,2.00,0.00,127
1773227905000,64.1232234,-21.7899405,0.00,0.00,0.00,true,true,0.00,3.00,0.00,128
1773227907000,64.1232234,-21.7899405,0.00,0.00,0.00,true,true,0.00,2.00,0.00,129
1773227910000,64.1232234,-21.7899405,0.00,0.00,0.00,true,true,0.00,3.00,0.00,130
1773227912000,64.1232234,-21.7899405,0.00,0.00,0.00,true,true,0.00,2.00,0.00,131
1773227916000,64.1232234,-21.7899405,0.00,0.00,0.00,true,true,0.00,4.00,0.00,132
1773227918000,64.1232234,-21.7899405,0.00,0.00,0.00,true,true,0.00,2.00,0.00,133
1773227923000,64.1232234,-21.7899405,0.00,0.00,0.00,true,true,0.00,5.00,0.00,134
1773227925000,64.1232234,-21.7899405,0.00,0.00,0.00,true,true,0.00,2.00,0.00,135
1773227927000,64.1232234,-21.7899405,0.00,0.00,0.00,true,true,0.00,2.00,0.00,136
1773227930000,64.1232224666667,-21.7899395,0.00,0.00,0.00,true,true,0.11,3.00,0.14,137
1773227934000,64.1232224666667,-21.7899395,0.00,0.00,0.00,true,true,0.02,4.00,0.02,138
1773227938000,64.1232224666667,-21.7899395,0.00,0.00,0.00,true,true,0.00,4.00,0.00,139
1773227940000,64.1232224666667,-21.7899395,0.00,0.00,0.00,true,true,0.00,2.00,0.00,140
1773227944000,64.1232224666667,-21.7899395,0.00,0.00,0.00,true,true,0.00,4.00,0.00,141
1773227946000,64.1232224666667,-21.7899395,0.00,0.00,0.00,true,true,0.00,2.00,0.00,142
1773227953000,64.1232224666667,-21.7899395,0.00,0.00,0.00,true,true,0.00,7.00,0.00,143
1773227955000,64.1232224666667,-21.7899395,0.00,0.00,0.00,true,true,0.00,2.00,0.00,144
1773227959000,64.1232224666667,-21.7899395,0.00,0.00,0.00,true,true,0.00,4.00,0.00,145
1773227961000,64.1232224666667,-21.7899395,0.00,0.00,0.00,true,true,0.00,2.00,0.00,146
1773227964000,64.1232224666667,-21.7899395,0.00,0.00,0.00,true,true,0.00,3.00,0.00,147
1773227966000,64.1232224666667,-21.7899395,0.00,0.00,0.00,true,true,0.00,2.00,0.00,148
1773227968000,64.1232224666667,-21.7899395,0.00,0.00,0.00,true,true,0.00,2.00,0.00,149
1773227974000,64.1232224666667,-21.7899395,0.00,0.00,0.00,true,true,0.00,6.00,0.00,150
1773227976000,64.1232224666667,-21.7899395,0.00,0.00,0.00,true,true,0.00,2.00,0.00,151
1773227980000,64.1232224666667,-21.7899395,0.00,0.00,0.00,true,true,0.00,4.00,0.00,152
1773227982000,64.1232224666667,-21.7899395,0.00,0.00,0.00,true,true,0.00,2.00,0.00,153
1773227986000,64.1232224666667,-21.7899395,0.00,0.00,0.00,true,true,0.00,4.00,0.00,154
1773227988000,64.1232224666667,-21.7899395,0.00,0.00,0.00,true,true,0.00,2.00,0.00,155
1773227991000,64.1232224666667,-21.7899395,0.00,0.00,0.00,true,true,0.00,3.00,0.00,156
1773227995000,64.1232224666667,-21.7899395,0.00,0.00,0.00,true,true,0.00,4.00,0.00,157
1773228001000,64.1232224666667,-21.7899395,0.00,0.00,0.00,true,true,0.00,6.00,0.00,158
1773228003000,64.1232224666667,-21.7899395,0.00,0.00,0.00,true,true,0.00,2.00,0.00,159
1773228007000,64.1232224666667,-21.7899395,0.00,0.00,0.00,true,true,0.00,4.00,0.00,160
1773228010000,64.1232224666667,-21.7899395,0.00,0.00,0.00,true,true,0.00,3.00,0.00,161
1773228012000,64.1232224666667,-21.7899395,0.00,0.00,0.00,true,true,0.00,2.00,0.00,162
1773228016000,64.1232224666667,-21.7899395,0.00,0.00,0.00,true,true,0.00,4.00,0.00,163
1773228018000,64.1232224666667,-21.7899395,0.00,0.00,0.00,true,true,0.00,2.00,0.00,164
1773228020000,64.1232224666667,-21.7899395,0.00,0.00,0.00,true,true,0.00,2.00,0.00,165
1773228024000,64.1232224666667,-21.7899395,0.00,0.00,0.00,true,true,0.00,4.00,0.00,166
1773228026000,64.1232224666667,-21.7899395,0.00,0.00,0.00,true,true,0.00,2.00,0.00,167
1773228028000,64.1232224666667,-21.7899395,0.00,0.00,0.00,true,true,0.00,2.00,0.00,168
1773228031000,64.1232224666667,-21.7899395,0.00,0.00,0.00,true,true,0.00,3.00,0.00,169
1773228035000,64.1232224666667,-21.7899395,0.00,0.00,0.00,true,true,0.00,4.00,0.00,170
1773228037000,64.1232224666667,-21.7899395,0.00,0.00,0.00,true,true,0.00,2.00,0.00,171
1773228041000,64.1232224666667,-21.7899395,0.00,0.00,0.00,true,true,0.00,4.00,0.00,172
1773228043000,64.1232224666667,-21.7899395,0.00,0.00,0.00,true,true,0.00,2.00,0.00,173
1773228048000,64.1232224666667,-21.7899395,0.00,0.00,0.00,true,true,0.00,5.00,0.00,174
1773228052000,64.1232226333333,-21.7899368333333,0.00,0.00,0.00,true,true,0.13,4.00,0.12,175
1773228054000,64.1232226333333,-21.7899368333333,0.00,0.00,0.00,true,true,0.01,2.00,0.03,176
1773228057000,64.1232226333333,-21.7899368333333,0.00,0.00,0.00,true,true,0.00,3.00,0.00,177
1773228059000,64.1232226333333,-21.7899368333333,0.00,0.00,0.00,true,true,0.00,2.00,0.00,178
1773228062000,64.1232226333333,-21.7899368333333,0.00,0.00,0.00,true,true,0.00,3.00,0.00,179
1773228064000,64.1232226333333,-21.7899368333333,0.00,0.00,0.00,true,true,0.00,2.00,0.00,180
1773228067000,64.1232226333333,-21.7899368333333,0.00,0.00,0.00,true,true,0.00,3.00,0.00,181
1773228069000,64.1232226333333,-21.7899368333333,0.00,0.00,0.00,true,true,0.00,2.00,0.00,182
1773228074000,64.1232226333333,-21.7899368333333,0.00,0.00,0.00,true,true,0.00,5.00,0.00,183
1773228076000,64.1232226333333,-21.7899368333333,0.00,0.00,0.00,true,true,0.00,2.00,0.00,184
1773228078000,64.1232226333333,-21.7899368333333,0.00,0.00,0.00,true,true,0.00,2.00,0.00,185
1773228081000,64.1232226333333,-21.7899368333333,0.00,0.00,0.00,true,true,0.00,3.00,0.00,186
1773228085000,64.1232226333333,-21.7899368333333,0.00,0.00,0.00,true,true,0.00,4.00,0.00,187
1773228089000,64.1232226333333,-21.7899368333333,0.00,0.00,0.00,true,true,0.00,4.00,0.00,188
1773228092000,64.1232226333333,-21.7899368333333,0.00,0.00,0.00,true,true,0.00,3.00,0.00,189
1773228096000,64.1232226333333,-21.7899368333333,0.00,0.00,0.00,true,true,0.00,4.00,0.00,190
1773228098000,64.1232226333333,-21.7899368333333,0.00,0.00,0.00,true,true,0.00,2.00,0.00,191
1773228100000,64.1232226333333,-21.7899368333333,0.00,0.00,0.00,true,true,0.00,2.00,0.00,192
1773228102000,64.1232226333333,-21.7899368333333,0.00,0.00,0.00,true,true,0.00,2.00,0.00,193
1773228104000,64.1232226333333,-21.7899368333333,0.00,0.00,0.00,true,true,0.00,2.00,0.00,194
1773228109000,64.1232226333333,-21.7899368333333,0.00,0.00,0.00,true,true,0.00,5.00,0.00,195
1773228111000,64.1232226333333,-21.7899368333333,0.00,0.00,0.00,true,true,0.00,2.00,0.00,196
1773228114000,64.1232226333333,-21.7899368333333,0.00,0.00,0.00,true,true,0.00,3.00,0.00,197
1773228120000,64.1232226333333,-21.7899368333333,0.00,0.00,0.00,true,true,0.00,6.00,0.00,198
1773228124000,64.1232226333333,-21.7899368333333,0.00,0.00,0.00,true,true,0.00,4.00,0.00,199
1773228127000,64.1232226333333,-21.7899368333333,0.00,0.00,0.00,true,true,0.00,3.00,0.00,200
1773228129000,64.1232226333333,-21.7899368333333,0.00,0.00,0.00,true,true,0.00,2.00,0.00,201
1773228133000,64.1232226333333,-21.7899368333333,0.00,0.00,0.00,true,true,0.00,4.00,0.00,202
1773228135000,64.1232226333333,-21.7899368333333,0.00,0.00,0.00,true,true,0.00,2.00,0.00,203
1773228140000,64.1232226333333,-21.7899368333333,0.00,0.00,0.00,true,true,0.00,5.00,0.00,204
1773228144000,64.1232226333333,-21.7899368333333,0.00,0.00,0.00,true,true,0.00,4.00,0.00,205
1773228149000,64.1232226333333,-21.7899368333333,0.00,0.00,0.00,true,true,0.00,5.00,0.00,206
1773228151000,64.1232226333333,-21.7899368333333,0.00,0.00,0.00,true,true,0.00,2.00,0.00,207
1773228155000,64.1232226333333,-21.7899368333333,0.00,0.00,0.00,true,true,0.00,4.00,0.00,208
1773228157000,64.1232226333333,-21.7899368333333,0.00,0.00,0.00,true,true,0.00,2.00,0.00,209
1773228162000,64.1232226333333,-21.7899368333333,0.00,0.00,0.00,true,true,0.00,5.00,0.00,210
1773228166000,64.1232226333333,-21.7899368333333,0.00,0.00,0.00,true,true,0.00,4.00,0.00,211
1773228170000,64.1232226333333,-21.7899368333333,0.00,0.00,0.00,true,true,0.00,4.00,0.00,212
1773228172000,64.1232226333333,-21.7899368333333,0.00,0.00,0.00,true,true,0.00,2.00,0.00,213
1773228174000,64.1232218333333,-21.7899353333333,0.00,0.00,0.00,true,true,0.11,2.00,0.21,214
1773228180000,64.1232218333333,-21.7899353333333,0.00,0.00,0.00,true,true,0.03,6.00,0.02,215
1773228182000,64.1232218333333,-21.7899353333333,0.00,0.00,0.00,true,true,0.00,2.00,0.00,216
1773228186000,64.1232218333333,-21.7899353333333,0.00,0.00,0.00,true,true,0.00,4.00,0.00,217
1773228189000,64.1232218333333,-21.7899353333333,0.00,0.00,0.00,true,true,0.00,3.00,0.00,218
1773228191000,64.1232218333333,-21.7899353333333,0.00,0.00,0.00,true,true,0.00,2.00,0.00,219
1773228195000,64.1232218333333,-21.7899353333333,0.00,0.00,0.00,true,true,0.00,4.00,0.00,220
1773228197000,64.1232218333333,-21.7899353333333,0.00,0.00,0.00,true,true,0.00,2.00,0.00,221
1773228202000,64.1232218333333,-21.7899353333333,0.00,0.00,0.00,true,true,0.00,5.00,0.00,222
1773228204000,64.1232218333333,-21.7899353333333,0.00,0.00,0.00,true,true,0.00,2.00,0.00,223
1773228206000,64.1232218333333,-21.7899353333333,0.00,0.00,0.00,true,true,0.00,2.00,0.00,224
1773228210000,64.1232218333333,-21.7899353333333,0.00,0.00,0.00,true,true,0.00,4.00,0.00,225
1773228212000,64.1232218333333,-21.7899353333333,0.00,0.00,0.00,true,true,0.00,2.00,0.00,226
1773228214000,64.1232218333333,-21.7899353333333,0.00,0.00,0.00,true,true,0.00,2.00,0.00,227
1773228219000,64.1232218333333,-21.7899353333333,0.00,0.00,0.00,true,true,0.00,5.00,0.00,228
1773228221000,64.1232218333333,-21.7899353333333,0.00,0.00,0.00,true,true,0.00,2.00,0.00,229
1773228225000,64.1232218333333,-21.7899353333333,0.00,0.00,0.00,true,true,0.00,4.00,0.00,230
1773228227000,64.1232218333333,-21.7899353333333,0.00,0.00,0.00,true,true,0.00,2.00,0.00,231
1773228229000,64.1232218333333,-21.7899353333333,0.00,0.00,0.00,true,true,0.00,2.00,0.00,232
1773228234000,64.1232218333333,-21.7899353333333,0.00,0.00,0.00,true,true,0.00,5.00,0.00,233
1773228236000,64.1232218333333,-21.7899353333333,0.00,0.00,0.00,true,true,0.00,2.00,0.00,234
1773228241000,64.1232218333333,-21.7899353333333,0.00,0.00,0.00,true,true,0.00,5.00,0.00,235
1773228245000,64.1232218333333,-21.7899353333333,0.00,0.00,0.00,true,true,0.00,4.00,0.00,236
1773228247000,64.1232218333333,-21.7899353333333,0.00,0.00,0.00,true,true,0.00,2.00,0.00,237
1773228250000,64.1232218333333,-21.7899353333333,0.00,0.00,0.00,true,true,0.00,3.00,0.00,238
1773228254000,64.1232218333333,-21.7899353333333,0.00,0.00,0.00,true,true,0.00,4.00,0.00,239
1773228256000,64.1232218333333,-21.7899353333333,0.00,0.00,0.00,true,true,0.00,2.00,0.00,240
1773228260000,64.1232218333333,-21.7899353333333,0.00,0.00,0.00,true,true,0.00,4.00,0.00,241
1773228262000,64.1232218333333,-21.7899353333333,0.00,0.00,0.00,true,true,0.00,2.00,0.00,242
1773228265000,64.1232218333333,-21.7899353333333,0.00,0.00,0.00,true,true,0.00,3.00,0.00,243
1773228269000,64.1232218333333,-21.7899353333333,0.00,0.00,0.00,true,true,0.00,4.00,0.00,244
1773228272000,64.1232218333333,-21.7899353333333,0.00,0.00,0.00,true,true,0.00,3.00,0.00,245
1773228276000,64.1232218333333,-21.7899353333333,0.00,0.00,0.00,true,true,0.00,4.00,0.00,246
1773228278000,64.1232218333333,-21.7899353333333,0.00,0.00,0.00,true,true,0.00,2.00,0.00,247
1773228280000,64.1232218333333,-21.7899353333333,0.00,0.00,0.00,true,true,0.00,2.00,0.00,248
1773228282000,64.1232218333333,-21.7899353333333,0.00,0.00,0.00,true,true,0.00,2.00,0.00,249
1773228289000,64.1232218333333,-21.7899353333333,0.00,0.00,0.00,true,true,0.00,7.00,0.00,250
1773228291000,64.1232218333333,-21.7899353333333,0.00,0.00,0.00,true,true,0.00,2.00,0.00,251
1773228295000,64.1232224,-21.7899335,0.00,0.00,0.00,true,true,0.11,4.00,0.10,252
1773228297000,64.1232224,-21.7899335,0.00,0.00,0.00,true,true,0.01,2.00,0.03,253
1773228300000,64.1232224,-21.7899335,0.00,0.00,0.00,true,true,0.00,3.00,0.00,254
1773228304000,64.1232224,-21.7899335,0.00,0.00,0.00,true,true,0.00,4.00,0.00,255
1773228306000,64.1232224,-21.7899335,0.00,0.00,0.00,true,true,0.00,2.00,0.00,256
1773228308000,64.1232224,-21.7899335,0.00,0.00,0.00,true,true,0.00,2.00,0.00,257
1773228312000,64.1232224,-21.7899335,0.00,0.00,0.00,true,true,0.00,4.00,0.00,258
1773228314000,64.1232224,-21.7899335,0.00,0.00,0.00,true,true,0.00,2.00,0.00,259
1773228321000,64.1232224,-21.7899335,0.00,0.00,0.00,true,true,0.00,7.00,0.00,260
1773228323000,64.1232224,-21.7899335,0.00,0.00,0.00,true,true,0.00,2.00,0.00,261
1773228327000,64.1232224,-21.7899335,0.00,0.00,0.00,true,true,0.00,4.00,0.00,262
1773228329000,64.1232224,-21.7899335,0.00,0.00,0.00,true,true,0.00,2.00,0.00,263
1773228331000,64.1232224,-21.7899335,0.00,0.00,0.00,true,true,0.00,2.00,0.00,264
1773228333000,64.1232224,-21.7899335,0.00,0.00,0.00,true,true,0.00,2.00,0.00,265
1773228337000,64.1232224,-21.7899335,0.00,0.00,0.00,true,true,0.00,4.00,0.00,266
1773228341000,64.1232224,-21.7899335,0.00,0.00,0.00,true,true,0.00,4.00,0.00,267
1773228343000,64.1232224,-21.7899335,0.00,0.00,0.00,true,true,0.00,2.00,0.00,268
1773228346000,64.1232224,-21.7899335,0.00,0.00,0.00,true,true,0.00,3.00,0.00,269
1773228348000,64.1232224,-21.7899335,0.00,0.00,0.00,true,true,0.00,2.00,0.00,270
1773228351000,64.1232224,-21.7899335,0.00,0.00,0.00,true,true,0.00,3.00,0.00,271
1773228353000,64.1232224,-21.7899335,0.00,0.00,0.00,true,true,0.00,2.00,0.00,272
1773228356000,64.1232224,-21.7899335,0.00,0.00,0.00,true,true,0.00,3.00,0.00,273
1773228358000,64.1232224,-21.7899335,0.00,0.00,0.00,true,true,0.00,2.00,0.00,274
1773228362000,64.1232224,-21.7899335,0.00,0.00,0.00,true,true,0.00,4.00,0.00,275
1773228366000,64.1232224,-21.7899335,0.00,0.00,0.00,true,true,0.00,4.00,0.00,276
1773228370000,64.1232224,-21.7899335,0.00,0.00,0.00,true,true,0.00,4.00,0.00,277
1773228372000,64.1232224,-21.7899335,0.00,0.00,0.00,true,true,0.00,2.00,0.00,278
1773228376000,64.1232224,-21.7899335,0.00,0.00,0.00,true,true,0.00,4.00,0.00,279
1773228381000,64.1232224,-21.7899335,0.00,0.00,0.00,true,true,0.00,5.00,0.00,280
1773228391000,64.1232224,-21.7899335,0.00,0.00,0.00,true,true,0.00,10.00,0.00,281
1773228397000,64.1232224,-21.7899335,0.00,0.00,0.00,true,true,0.00,6.00,0.00,282
1773228400000,64.1232224,-21.7899335,0.00,0.00,0.00,true,true,0.00,3.00,0.00,283
1773228405000,64.1232224,-21.7899335,0.00,0.00,0.00,true,true,0.00,5.00,0.00,284
1773228411000,64.1232224,-21.7899335,0.00,0.00,0.00,true,true,0.00,6.00,0.00,285
1773228414000,64.1232224,-21.7899335,0.00,0.00,0.00,true,true,0.00,3.00,0.00,286
1773228416000,64.1232222,-21.7899333333333,0.00,0.00,0.00,true,true,0.02,2.00,0.04,287
1773228420000,64.1232222,-21.7899333333333,0.00,0.00,0.00,true,true,0.01,4.00,0.01,288
1773228422000,64.1232222,-21.7899333333333,0.00,0.00,0.00,true,true,0.00,2.00,0.00,289
1773228427000,64.1232222,-21.7899333333333,0.00,0.00,0.00,true,true,0.00,5.00,0.00,290
1773228433000,64.1232222,-21.7899333333333,0.00,0.00,0.00,true,true,0.00,6.00,0.00,291
1773228437000,64.1232222,-21.7899333333333,0.00,0.00,0.00,true,true,0.00,4.00,0.00,292
1773228439000,64.1232222,-21.7899333333333,0.00,0.00,0.00,true,true,0.00,2.00,0.00,293
1773228442000,64.1232222,-21.7899333333333,0.00,0.00,0.00,true,true,0.00,3.00,0.00,294
1773228444000,64.1232222,-21.7899333333333,0.00,0.00,0.00,true,true,0.00,2.00,0.00,295
1773228447000,64.1232222,-21.7899333333333,0.00,0.00,0.00,true,true,0.00,3.00,0.00,296
1773228452000,64.1232222,-21.7899333333333,0.00,0.00,0.00,true,true,0.00,5.00,0.00,297
1773228457000,64.1232222,-21.7899333333333,0.00,0.00,0.00,true,true,0.00,5.00,0.00,298
1773228461000,64.1232222,-21.7899333333333,0.00,0.00,0.00,true,true,0.00,4.00,0.00,299
1773228463000,64.1232222,-21.7899333333333,0.00,0.00,0.00,true,true,0.00,2.00,0.00,300
1773228468000,64.1232222,-21.7899333333333,0.00,0.00,0.00,true,true,0.00,5.00,0.00,301
1773228472000,64.1232222,-21.7899333333333,0.00,0.00,0.00,true,true,0.00,4.00,0.00,302
1773228477000,64.1232222,-21.7899333333333,0.00,0.00,0.00,true,true,0.00,5.00,0.00,303
1773228479000,64.1232222,-21.7899333333333,0.00,0.00,0.00,true,true,0.00,2.00,0.00,304
1773228482000,64.1232222,-21.7899333333333,0.00,0.00,0.00,true,true,0.00,3.00,0.00,305
1773228486000,64.1232222,-21.7899333333333,0.00,0.00,0.00,true,true,0.00,4.00,0.00,306
1773228488000,64.1232222,-21.7899333333333,0.00,0.00,0.00,true,true,0.00,2.00,0.00,307
1773228492000,64.1232222,-21.7899333333333,0.00,0.00,0.00,true,true,0.00,4.00,0.00,308
1773228494000,64.1232222,-21.7899333333333,0.00,0.00,0.00,true,true,0.00,2.00,0.00,309
1773228497000,64.1232222,-21.7899333333333,0.00,0.00,0.00,true,true,0.00,3.00,0.00,310
1773228501000,64.1232222,-21.7899333333333,0.00,0.00,0.00,true,true,0.00,4.00,0.00,311
1773228503000,64.1232222,-21.7899333333333,0.00,0.00,0.00,true,true,0.00,2.00,0.00,312
1773228509000,64.1232222,-21.7899333333333,0.00,0.00,0.00,true,true,0.00,6.00,0.00,313
1773228512000,64.1232222,-21.7899333333333,0.00,0.00,0.00,true,true,0.00,3.00,0.00,314
1773228517000,64.1232222,-21.7899333333333,0.00,0.00,0.00,true,true,0.00,5.00,0.00,315
1773228521000,64.1232222,-21.7899333333333,0.00,0.00,0.00,true,true,0.00,4.00,0.00,316
1773228523000,64.1232222,-21.7899333333333,0.00,0.00,0.00,true,true,0.00,2.00,0.00,317
1773228527000,64.1232222,-21.7899333333333,0.00,0.00,0.00,true,true,0.00,4.00,0.00,318
1773228529000,64.1232222,-21.7899333333333,0.00,0.00,0.00,true,true,0.00,2.00,0.00,319
1773228532000,64.1232222,-21.7899333333333,0.00,0.00,0.00,true,true,0.00,3.00,0.00,320
1773228537000,64.1232217833333,-21.7899313333333,0.00,0.00,0.00,true,true,0.11,5.00,0.08,321
1773228543000,64.1232217833333,-21.7899313333333,0.00,0.00,0.00,true,true,0.01,6.00,0.01,322
1773228547000,64.1232217833333,-21.7899313333333,0.00,0.00,0.00,true,true,0.00,4.00,0.00,323
1773228549000,64.1232217833333,-21.7899313333333,0.00,0.00,0.00,true,true,0.00,2.00,0.00,324
1773228552000,64.1232217833333,-21.7899313333333,0.00,0.00,0.00,true,true,0.00,3.00,0.00,325
1773228556000,64.1232217833333,-21.7899313333333,0.00,0.00,0.00,true,true,0.00,4.00,0.00,326
1773228558000,64.1232217833333,-21.7899313333333,0.00,0.00,0.00,true,true,0.00,2.00,0.00,327
1773228562000,64.1232217833333,-21.7899313333333,0.00,0.00,0.00,true,true,0.00,4.00,0.00,328
1773228567000,64.1232217833333,-21.7899313333333,0.00,0.00,0.00,true,true,0.00,5.00,0.00,329
1773228569000,64.1232217833333,-21.7899313333333,0.00,0.00,0.00,true,true,0.00,2.00,0.00,330
1773228573000,64.1232217833333,-21.7899313333333,0.00,0.00,0.00,true,true,0.00,4.00,0.00,331
1773228576000,64.1232217833333,-21.7899313333333,0.00,0.00,0.00,true,true,0.00,3.00,0.00,332
1773228583000,64.1232217833333,-21.7899313333333,0.00,0.00,0.00,true,true,0.00,7.00,0.00,333
1773228586000,64.1232217833333,-21.7899313333333,0.00,0.00,0.00,true,true,0.00,3.00,0.00,334
1773228588000,64.1232217833333,-21.7899313333333,0.00,0.00,0.00,true,true,0.00,2.00,0.00,335
1773228590000,64.1232217833333,-21.7899313333333,0.00,0.00,0.00,true,true,0.00,2.00,0.00,336
1773228592000,64.1232217833333,-21.7899313333333,0.00,0.00,0.00,true,true,0.00,2.00,0.00,337
1773228595000,64.1232217833333,-21.7899313333333,0.00,0.00,0.00,true,true,0.00,3.00,0.00,338
1773228598000,64.1232217833333,-21.7899313333333,0.00,0.00,0.00,true,true,0.00,3.00,0.00,339
1773228601000,64.1232217833333,-21.7899313333333,0.00,0.00,0.00,true,true,0.00,3.00,0.00,340
1773228608000,64.1232217833333,-21.7899313333333,0.00,0.00,0.00,true,true,0.00,7.00,0.00,341
1773228611000,64.1232217833333,-21.7899313333333,0.00,0.00,0.00,true,true,0.00,3.00,0.00,342
1773228614000,64.1232217833333,-21.7899313333333,0.00,0.00,0.00,true,true,0.00,3.00,0.00,343
1773228616000,64.1232217833333,-21.7899313333333,0.00,0.00,0.00,true,true,0.00,2.00,0.00,344
1773228620000,64.1232217833333,-21.7899313333333,0.00,0.00,0.00,true,true,0.00,4.00,0.00,345
1773228624000,64.1232217833333,-21.7899313333333,0.00,0.00,0.00,true,true,0.00,4.00,0.00,346
1773228626000,64.1232217833333,-21.7899313333333,0.00,0.00,0.00,true,true,0.00,2.00,0.00,347
1773228631000,64.1232217833333,-21.7899313333333,0.00,0.00,0.00,true,true,0.00,5.00,0.00,348
1773228635000,64.1232217833333,-21.7899313333333,0.00,0.00,0.00,true,true,0.00,4.00,0.00,349
1773228638000,64.1232217833333,-21.7899313333333,0.00,0.00,0.00,true,true,0.00,3.00,0.00,350
1773228643000,64.1232217833333,-21.7899313333333,0.00,0.00,0.00,true,true,0.00,5.00,0.00,351
1773228646000,64.1232217833333,-21.7899313333333,0.00,0.00,0.00,true,true,0.00,3.00,0.00,352
1773228648000,64.1232217833333,-21.7899313333333,0.00,0.00,0.00,true,true,0.00,2.00,0.00,353
1773228652000,64.1232217833333,-21.7899313333333,0.00,0.00,0.00,true,true,0.00,4.00,0.00,354
1773228658000,64.1232217833333,-21.7899313333333,0.00,0.00,0.00,true,true,0.00,6.00,0.00,355
1773228663000,64.1232211833333,-21.7899268333333,0.00,0.00,0.00,true,true,0.23,5.00,0.16,356
1773228667000,64.1232211833333,-21.7899268333333,0.00,0.00,0.00,true,true,0.02,4.00,0.01,357
1773228669000,64.1232211833333,-21.7899268333333,0.00,0.00,0.00,true,true,0.00,2.00,0.00,358
1773228672000,64.1232211833333,-21.7899268333333,0.00,0.00,0.00,true,true,0.00,3.00,0.00,359
1773228675000,64.1232211833333,-21.7899268333333,0.00,0.00,0.00,true,true,0.00,3.00,0.00,360
1773228680000,64.1232211833333,-21.7899268333333,0.00,0.00,0.00,true,true,0.00,5.00,0.00,361
1773228683000,64.1232211833333,-21.7899268333333,0.00,0.00,0.00,true,true,0.00,3.00,0.00,362
1773228685000,64.1232211833333,-21.7899268333333,0.00,0.00,0.00,true,true,0.00,2.00,0.00,363
1773228694000,64.1232211833333,-21.7899268333333,0.00,0.00,0.00,true,true,0.00,9.00,0.00,364
1773228696000,64.1232211833333,-21.7899268333333,0.00,0.00,0.00,true,true,0.00,2.00,0.00,365
1773228702000,64.1232211833333,-21.7899268333333,0.00,0.00,0.00,true,true,0.00,6.00,0.00,366
1773228705000,64.1232211833333,-21.7899268333333,0.00,0.00,0.00,true,true,0.00,3.00,0.00,367
1773228710000,64.1232211833333,-21.7899268333333,0.00,0.00,0.00,true,true,0.00,5.00,0.00,368
1773228714000,64.1232211833333,-21.7899268333333,0.00,0.00,0.00,true,true,0.00,4.00,0.00,369
1773228716000,64.1232211833333,-21.7899268333333,0.00,0.00,0.00,true,true,0.00,2.00,0.00,370
1773228719000,64.1232211833333,-21.7899268333333,0.00,0.00,0.00,true,true,0.00,3.00,0.00,371
1773228721000,64.1232211833333,-21.7899268333333,0.00,0.00,0.00,true,true,0.00,2.00,0.00,372
1773228726000,64.1232211833333,-21.7899268333333,0.00,0.00,0.00,true,true,0.00,5.00,0.00,373
1773228732000,64.1232211833333,-21.7899268333333,0.00,0.00,0.00,true,true,0.00,6.00,0.00,374
1773228736000,64.1232211833333,-21.7899268333333,0.00,0.00,0.00,true,true,0.00,4.00,0.00,375
1773228739000,64.1232211833333,-21.7899268333333,0.00,0.00,0.00,true,true,0.00,3.00,0.00,376
1773228741000,64.1232211833333,-21.7899268333333,0.00,0.00,0.00,true,true,0.00,2.00,0.00,377
1773228746000,64.1232211833333,-21.7899268333333,0.00,0.00,0.00,true,true,0.00,5.00,0.00,378
1773228748000,64.1232211833333,-21.7899268333333,0.00,0.00,0.00,true,true,0.00,2.00,0.00,379
1773228751000,64.1232211833333,-21.7899268333333,0.00,0.00,0.00,true,true,0.00,3.00,0.00,380
1773228755000,64.1232211833333,-21.7899268333333,0.00,0.00,0.00,true,true,0.00,4.00,0.00,381
1773228757000,64.1232211833333,-21.7899268333333,0.00,0.00,0.00,true,true,0.00,2.00,0.00,382
1773228761000,64.1232211833333,-21.7899268333333,0.00,0.00,0.00,true,true,0.00,4.00,0.00,383
1773228763000,64.1232211833333,-21.7899268333333,0.00,0.00,0.00,true,true,0.00,2.00,0.00,384
1773228766000,64.1232211833333,-21.7899268333333,0.00,0.00,0.00,true,true,0.00,3.00,0.00,385
1773228773000,64.1232211833333,-21.7899268333333,0.00,0.00,0.00,true,true,0.00,7.00,0.00,386
1773228779000,64.1232211833333,-21.7899268333333,0.00,0.00,0.00,true,true,0.00,6.00,0.00,387
1773228781000,64.1232205833333,-21.789924,0.00,0.00,0.00,true,true,0.15,2.00,0.28,388
1773228783000,64.1232205833333,-21.789924,0.00,0.00,0.00,true,true,0.04,2.00,0.07,389
1773228788000,64.1232205833333,-21.789924,0.00,0.00,0.00,true,true,0.01,5.00,0.01,390
1773228790000,64.1232205833333,-21.789924,0.00,0.00,0.00,true,true,0.00,2.00,0.00,391
1773228797000,64.1232205833333,-21.789924,0.00,0.00,0.00,true,true,0.00,7.00,0.00,392
1773228799000,64.1232205833333,-21.789924,0.00,0.00,0.00,true,true,0.00,2.00,0.00,393
1773228802000,64.1232205833333,-21.789924,0.00,0.00,0.00,true,true,0.00,3.00,0.00,394
1773228804000,64.1232205833333,-21.789924,0.00,0.00,0.00,true,true,0.00,2.00,0.00,395
1773228810000,64.1232205833333,-21.789924,0.00,0.00,0.00,true,true,0.00,6.00,0.00,396
1773228816000,64.1232205833333,-21.789924,0.00,0.00,0.00,true,true,0.00,6.00,0.00,397
1773228819000,64.1232205833333,-21.789924,0.00,0.00,0.00,true,true,0.00,3.00,0.00,398
1773228823000,64.1232205833333,-21.789924,0.00,0.00,0.00,true,true,0.00,4.00,0.00,399
1773228829000,64.1232205833333,-21.789924,0.00,0.00,0.00,true,true,0.00,6.00,0.00,400
1773228831000,64.1232205833333,-21.789924,0.00,0.00,0.00,true,true,0.00,2.00,0.00,401
1773228833000,64.1232205833333,-21.789924,0.00,0.00,0.00,true,true,0.00,2.00,0.00,402
1773228835000,64.1232205833333,-21.789924,0.00,0.00,0.00,true,true,0.00,2.00,0.00,403
1773228840000,64.1232205833333,-21.789924,0.00,0.00,0.00,true,true,0.00,5.00,0.00,404
1773228844000,64.1232205833333,-21.789924,0.00,0.00,0.00,true,true,0.00,4.00,0.00,405
1773228846000,64.1232205833333,-21.789924,0.00,0.00,0.00,true,true,0.00,2.00,0.00,406
1773228850000,64.1232205833333,-21.789924,0.00,0.00,0.00,true,true,0.00,4.00,0.00,407
1773228852000,64.1232205833333,-21.789924,0.00,0.00,0.00,true,true,0.00,2.00,0.00,408
1773228855000,64.1232205833333,-21.789924,0.00,0.00,0.00,true,true,0.00,3.00,0.00,409
1773228859000,64.1232205833333,-21.789924,0.00,0.00,0.00,true,true,0.00,4.00,0.00,410
1773228862000,64.1232205833333,-21.789924,0.00,0.00,0.00,true,true,0.00,3.00,0.00,411
1773228865000,64.1232205833333,-21.789924,0.00,0.00,0.00,true,true,0.00,3.00,0.00,412
1773228867000,64.1232205833333,-21.789924,0.00,0.00,0.00,true,true,0.00,2.00,0.00,413
1773228871000,64.1232205833333,-21.789924,0.00,0.00,0.00,true,true,0.00,4.00,0.00,414
1773228876000,64.1232205833333,-21.789924,0.00,0.00,0.00,true,true,0.00,5.00,0.00,415
1773228880000,64.1232205833333,-21.789924,0.00,0.00,0.00,true,true,0.00,4.00,0.00,416
1773228885000,64.1232205833333,-21.789924,0.00,0.00,0.00,true,true,0.00,5.00,0.00,417
1773228889000,64.1232205833333,-21.789924,0.00,0.00,0.00,true,true,0.00,4.00,0.00,418
1773228891000,64.1232205833333,-21.789924,0.00,0.00,0.00,true,true,0.00,2.00,0.00,419
1773228895000,64.1232205833333,-21.789924,0.00,0.00,0.00,true,true,0.00,4.00,0.00,420
1773228897000,64.1232205833333,-21.789924,0.00,0.00,0.00,true,true,0.00,2.00,0.00,421
1773228900000,64.1232205833333,-21.789924,0.00,0.00,0.00,true,true,0.00,3.00,0.00,422
1773228902000,64.1232195333333,-21.7899228333333,0.00,0.00,0.00,true,true,0.13,2.00,0.23,423
1773228906000,64.1232195333333,-21.7899228333333,0.00,0.00,0.00,true,true,0.04,4.00,0.03,424
1773228910000,64.1232195333333,-21.7899228333333,0.00,0.00,0.00,true,true,0.01,4.00,0.00,425
1773228912000,64.1232195333333,-21.7899228333333,0.00,0.00,0.00,true,true,0.00,2.00,0.00,426
1773228917000,64.1232195333333,-21.7899228333333,0.00,0.00,0.00,true,true,0.00,5.00,0.00,427
1773228919000,64.1232195333333,-21.7899228333333,0.00,0.00,0.00,true,true,0.00,2.00,0.00,428
1773228921000,64.1232195333333,-21.7899228333333,0.00,0.00,0.00,true,true,0.00,2.00,0.00,429
1773228926000,64.1232195333333,-21.7899228333333,0.00,0.00,0.00,true,true,0.00,5.00,0.00,430
1773228930000,64.1232195333333,-21.7899228333333,0.00,0.00,0.00,true,true,0.00,4.00,0.00,431
1773228932000,64.1232195333333,-21.7899228333333,0.00,0.00,0.00,true,true,0.00,2.00,0.00,432
1773228935000,64.1232195333333,-21.7899228333333,0.00,0.00,0.00,true,true,0.00,3.00,0.00,433
1773228938000,64.1232195333333,-21.7899228333333,0.00,0.00,0.00,true,true,0.00,3.00,0.00,434
1773228941000,64.1232195333333,-21.7899228333333,0.00,0.00,0.00,true,true,0.00,3.00,0.00,435
1773228944000,64.1232195333333,-21.7899228333333,0.00,0.00,0.00,true,true,0.00,3.00,0.00,436
1773228949000,64.1232195333333,-21.7899228333333,0.00,0.00,0.00,true,true,0.00,5.00,0.00,437
1773228951000,64.1232195333333,-21.7899228333333,0.00,0.00,0.00,true,true,0.00,2.00,0.00,438
1773228953000,64.1232195333333,-21.7899228333333,0.00,0.00,0.00,true,true,0.00,2.00,0.00,439
1773228956000,64.1232195333333,-21.7899228333333,0.00,0.00,0.00,true,true,0.00,3.00,0.00,440
1773228959000,64.1232195333333,-21.7899228333333,0.00,0.00,0.00,true,true,0.00,3.00,0.00,441
1773228964000,64.1232195333333,-21.7899228333333,0.00,0.00,0.00,true,true,0.00,5.00,0.00,442
1773228969000,64.1232195333333,-21.7899228333333,0.00,0.00,0.00,true,true,0.00,5.00,0.00,443
1773228973000,64.1232195333333,-21.7899228333333,0.00,0.00,0.00,true,true,0.00,4.00,0.00,444
1773228976000,64.1232195333333,-21.7899228333333,0.00,0.00,0.00,true,true,0.00,3.00,0.00,445
1773228979000,64.1232195333333,-21.7899228333333,0.00,0.00,0.00,true,true,0.00,3.00,0.00,446
1773228981000,64.1232195333333,-21.7899228333333,0.00,0.00,0.00,true,true,0.00,2.00,0.00,447
1773228984000,64.1232195333333,-21.7899228333333,0.00,0.00,0.00,true,true,0.00,3.00,0.00,448
1773228988000,64.1232195333333,-21.7899228333333,0.00,0.00,0.00,true,true,0.00,4.00,0.00,449
1773228991000,64.1232195333333,-21.7899228333333,0.00,0.00,0.00,true,true,0.00,3.00,0.00,450
1773228997000,64.1232195333333,-21.7899228333333,0.00,0.00,0.00,true,true,0.00,6.00,0.00,451
1773229000000,64.1232195333333,-21.7899228333333,0.00,0.00,0.00,true,true,0.00,3.00,0.00,452
1773229002000,64.1232195333333,-21.7899228333333,0.00,0.00,0.00,true,true,0.00,2.00,0.00,453
1773229006000,64.1232195333333,-21.7899228333333,0.00,0.00,0.00,true,true,0.00,4.00,0.00,454
1773229009000,64.1232195333333,-21.7899228333333,0.00,0.00,0.00,true,true,0.00,3.00,0.00,455
1773229012000,64.1232195333333,-21.7899228333333,0.00,0.00,0.00,true,true,0.00,3.00,0.00,456
1773229015000,64.1232195333333,-21.7899228333333,0.00,0.00,0.00,true,true,0.00,3.00,0.00,457
1773229021000,64.1232195333333,-21.7899228333333,0.00,0.00,0.00,true,true,0.00,6.00,0.00,458
1773229024000,64.1232187333333,-21.7899213333333,0.00,0.00,0.00,true,true,0.11,3.00,0.14,459
1773229028000,64.1232187333333,-21.7899213333333,0.00,0.00,0.00,true,true,0.02,4.00,0.02,460
1773229032000,64.1232187333333,-21.7899213333333,0.00,0.00,0.00,true,true,0.00,4.00,0.00,461
1773229036000,64.1232187333333,-21.7899213333333,0.00,0.00,0.00,true,true,0.00,4.00,0.00,462
1773229041000,64.1232187333333,-21.7899213333333,0.00,0.00,0.00,true,true,0.00,5.00,0.00,463
1773229044000,64.1232187333333,-21.7899213333333,0.00,0.00,0.00,true,true,0.00,3.00,0.00,464
1773229047000,64.1232187333333,-21.7899213333333,0.00,0.00,0.00,true,true,0.00,3.00,0.00,465
1773229052000,64.1232187333333,-21.7899213333333,0.00,0.00,0.00,true,true,0.00,5.00,0.00,466
1773229054000,64.1232187333333,-21.7899213333333,0.00,0.00,0.00,true,true,0.00,2.00,0.00,467
1773229056000,64.1232187333333,-21.7899213333333,0.00,0.00,0.00,true,true,0.00,2.00,0.00,468
1773229059000,64.1232187333333,-21.7899213333333,0.00,0.00,0.00,true,true,0.00,3.00,0.00,469
1773229062000,64.1232187333333,-21.7899213333333,0.00,0.00,0.00,true,true,0.00,3.00,0.00,470
1773229065000,64.1232187333333,-21.7899213333333,0.00,0.00,0.00,true,true,0.00,3.00,0.00,471
1773229069000,64.1232187333333,-21.7899213333333,0.00,0.00,0.00,true,true,0.00,4.00,0.00,472
1773229071000,64.1232187333333,-21.7899213333333,0.00,0.00,0.00,true,true,0.00,2.00,0.00,473
1773229076000,64.1232187333333,-21.7899213333333,0.00,0.00,0.00,true,true,0.00,5.00,0.00,474
1773229078000,64.1232187333333,-21.7899213333333,0.00,0.00,0.00,true,true,0.00,2.00,0.00,475
1773229082000,64.1232187333333,-21.7899213333333,0.00,0.00,0.00,true,true,0.00,4.00,0.00,476
1773229086000,64.1232187333333,-21.7899213333333,0.00,0.00,0.00,true,true,0.00,4.00,0.00,477
1773229088000,64.1232187333333,-21.7899213333333,0.00,0.00,0.00,true,true,0.00,2.00,0.00,478
1773229090000,64.1232187333333,-21.7899213333333,0.00,0.00,0.00,true,true,0.00,2.00,0.00,479
1773229094000,64.1232187333333,-21.7899213333333,0.00,0.00,0.00,true,true,0.00,4.00,0.00,480
1773229096000,64.1232187333333,-21.7899213333333,0.00,0.00,0.00,true,true,0.00,2.00,0.00,481
1773229098000,64.1232187333333,-21.7899213333333,0.00,0.00,0.00,true,true,0.00,2.00,0.00,482
1773229103000,64.1232187333333,-21.7899213333333,0.00,0.00,0.00,true,true,0.00,5.00,0.00,483
1773229107000,64.1232187333333,-21.7899213333333,0.00,0.00,0.00,true,true,0.00,4.00,0.00,484
1773229109000,64.1232187333333,-21.7899213333333,0.00,0.00,0.00,true,true,0.00,2.00,0.00,485
1773229113000,64.1232187333333,-21.7899213333333,0.00,0.00,0.00,true,true,0.00,4.00,0.00,486
1773229120000,64.1232187333333,-21.7899213333333,0.00,0.00,0.00,true,true,0.00,7.00,0.00,487
1773229122000,64.1232187333333,-21.7899213333333,0.00,0.00,0.00,true,true,0.00,2.00,0.00,488
1773229124000,64.1232187333333,-21.7899213333333,0.00,0.00,0.00,true,true,0.00,2.00,0.00,489
1773229128000,64.1232187333333,-21.7899213333333,0.00,0.00,0.00,true,true,0.00,4.00,0.00,490
1773229130000,64.1232187333333,-21.7899213333333,0.00,0.00,0.00,true,true,0.00,2.00,0.00,491
1773229134000,64.1232187333333,-21.7899213333333,0.00,0.00,0.00,true,true,0.00,4.00,0.00,492
1773229136000,64.1232187333333,-21.7899213333333,0.00,0.00,0.00,true,true,0.00,2.00,0.00,493
1773229139000,64.1232187333333,-21.7899213333333,0.00,0.00,0.00,true,true,0.00,3.00,0.00,494
1773229145000,64.12321815,-21.7899195,0.00,0.00,0.00,true,true,0.11,6.00,0.07,495
1773229147000,64.12321815,-21.7899195,0.00,0.00,0.00,true,true,0.01,2.00,0.01,496
1773229152000,64.12321815,-21.7899195,0.00,0.00,0.00,true,true,0.00,5.00,0.00,497
1773229154000,64.12321815,-21.7899195,0.00,0.00,0.00,true,true,0.00,2.00,0.00,498
1773229160000,64.12321815,-21.7899195,0.00,0.00,0.00,true,true,0.00,6.00,0.00,499
1773229163000,64.12321815,-21.7899195,0.00,0.00,0.00,true,true,0.00,3.00,0.00,500
1773229165000,64.12321815,-21.7899195,0.00,0.00,0.00,true,true,0.00,2.00,0.00,501
1773229169000,64.12321815,-21.7899195,0.00,0.00,0.00,true,true,0.00,4.00,0.00,502
1773229178000,64.12321815,-21.7899195,0.00,0.00,0.00,true,true,0.00,9.00,0.00,503
1773229180000,64.12321815,-21.7899195,0.00,0.00,0.00,true,true,0.00,2.00,0.00,504
1773229185000,64.12321815,-21.7899195,0.00,0.00,0.00,true,true,0.00,5.00,0.00,505
1773229187000,64.12321815,-21.7899195,0.00,0.00,0.00,true,true,0.00,2.00,0.00,506
1773229191000,64.12321815,-21.7899195,0.00,0.00,0.00,true,true,0.00,4.00,0.00,507
1773229193000,64.12321815,-21.7899195,0.00,0.00,0.00,true,true,0.00,2.00,0.00,508
1773229195000,64.12321815,-21.7899195,0.00,0.00,0.00,true,true,0.00,2.00,0.00,509
1773229199000,64.12321815,-21.7899195,0.00,0.00,0.00,true,true,0.00,4.00,0.00,510
1773229202000,64.12321815,-21.7899195,0.00,0.00,0.00,true,true,0.00,3.00,0.00,511
1773229206000,64.12321815,-21.7899195,0.00,0.00,0.00,true,true,0.00,4.00,0.00,512
1773229211000,64.12321815,-21.7899195,0.00,0.00,0.00,true,true,0.00,5.00,0.00,513
1773229215000,64.12321815,-21.7899195,0.00,0.00,0.00,true,true,0.00,4.00,0.00,514
1773229220000,64.12321815,-21.7899195,0.00,0.00,0.00,true,true,0.00,5.00,0.00,515
1773229226000,64.12321815,-21.7899195,0.00,0.00,0.00,true,true,0.00,6.00,0.00,516
1773229230000,64.12321815,-21.7899195,0.00,0.00,0.00,true,true,0.00,4.00,0.00,517
1773229234000,64.12321815,-21.7899195,0.00,0.00,0.00,true,true,0.00,4.00,0.00,518
1773229237000,64.12321815,-21.7899195,0.00,0.00,0.00,true,true,0.00,3.00,0.00,519
1773229239000,64.12321815,-21.7899195,0.00,0.00,0.00,true,true,0.00,2.00,0.00,520
1773229243000,64.12321815,-21.7899195,0.00,0.00,0.00,true,true,0.00,4.00,0.00,521
1773229248000,64.12321815,-21.7899195,0.00,0.00,0.00,true,true,0.00,5.00,0.00,522
1773229250000,64.12321815,-21.7899195,0.00,0.00,0.00,true,true,0.00,2.00,0.00,523
1773229253000,64.12321815,-21.7899195,0.00,0.00,0.00,true,true,0.00,3.00,0.00,524
1773229257000,64.12321815,-21.7899195,0.00,0.00,0.00,true,true,0.00,4.00,0.00,525
1773229259000,64.12321815,-21.7899195,0.00,0.00,0.00,true,true,0.00,2.00,0.00,526
1773229263000,64.12321815,-21.7899195,0.00,0.00,0.00,true,true,0.00,4.00,0.00,527
1773229265000,64.12321815,-21.7899195,0.00,0.00,0.00,true,true,0.00,2.00,0.00,528
1773229268000,64.12321705,-21.7899186666667,0.00,0.00,0.00,true,true,0.13,3.00,0.15,529
1773229270000,64.12321705,-21.7899186666667,0.00,0.00,0.00,true,true,0.03,2.00,0.05,530
1773229272000,64.12321705,-21.7899186666667,0.00,0.00,0.00,true,true,0.01,2.00,0.01,531
1773229274000,64.12321705,-21.7899186666667,0.00,0.00,0.00,true,true,0.00,2.00,0.00,532
1773229279000,64.12321705,-21.7899186666667,0.00,0.00,0.00,true,true,0.00,5.00,0.00,533
1773229284000,64.12321705,-21.7899186666667,0.00,0.00,0.00,true,true,0.00,5.00,0.00,534
1773229286000,64.12321705,-21.7899186666667,0.00,0.00,0.00,true,true,0.00,2.00,0.00,535
1773229288000,64.12321705,-21.7899186666667,0.00,0.00,0.00,true,true,0.00,2.00,0.00,536
1773229291000,64.12321705,-21.7899186666667,0.00,0.00,0.00,true,true,0.00,3.00,0.00,537
1773229294000,64.12321705,-21.7899186666667,0.00,0.00,0.00,true,true,0.00,3.00,0.00,538
1773229297000,64.12321705,-21.7899186666667,0.00,0.00,0.00,true,true,0.00,3.00,0.00,539
1773229304000,64.12321705,-21.7899186666667,0.00,0.00,0.00,true,true,0.00,7.00,0.00,540
1773229306000,64.12321705,-21.7899186666667,0.00,0.00,0.00,true,true,0.00,2.00,0.00,541
1773229309000,64.12321705,-21.7899186666667,0.00,0.00,0.00,true,true,0.00,3.00,0.00,542
1773229312000,64.12321705,-21.7899186666667,0.00,0.00,0.00,true,true,0.00,3.00,0.00,543
1773229315000,64.12321705,-21.7899186666667,0.00,0.00,0.00,true,true,0.00,3.00,0.00,544
1773229317000,64.12321705,-21.7899186666667,0.00,0.00,0.00,true,true,0.00,2.00,0.00,545
1773229320000,64.12321705,-21.7899186666667,0.00,0.00,0.00,true,true,0.00,3.00,0.00,546
1773229322000,64.12321705,-21.7899186666667,0.00,0.00,0.00,true,true,0.00,2.00,0.00,547
1773229325000,64.12321705,-21.7899186666667,0.00,0.00,0.00,true,true,0.00,3.00,0.00,548
1773229328000,64.12321705,-21.7899186666667,0.00,0.00,0.00,true,true,0.00,3.00,0.00,549
1773229330000,64.12321705,-21.7899186666667,0.00,0.00,0.00,true,true,0.00,2.00,0.00,550
1773229334000,64.12321705,-21.7899186666667,0.00,0.00,0.00,true,true,0.00,4.00,0.00,551
1773229339000,64.12321705,-21.7899186666667,0.00,0.00,0.00,true,true,0.00,5.00,0.00,552
1773229344000,64.12321705,-21.7899186666667,0.00,0.00,0.00,true,true,0.00,5.00,0.00,553
1773229346000,64.12321705,-21.7899186666667,0.00,0.00,0.00,true,true,0.00,2.00,0.00,554
1773229350000,64.12321705,-21.7899186666667,0.00,0.00,0.00,true,true,0.00,4.00,0.00,555
1773229354000,64.12321705,-21.7899186666667,0.00,0.00,0.00,true,true,0.00,4.00,0.00,556
1773229357000,64.12321705,-21.7899186666667,0.00,0.00,0.00,true,true,0.00,3.00,0.00,557
1773229359000,64.12321705,-21.7899186666667,0.00,0.00,0.00,true,true,0.00,2.00,0.00,558
1773229363000,64.12321705,-21.7899186666667,0.00,0.00,0.00,true,true,0.00,4.00,0.00,559
1773229365000,64.12321705,-21.7899186666667,0.00,0.00,0.00,true,true,0.00,2.00,0.00,560
1773229367000,64.12321705,-21.7899186666667,0.00,0.00,0.00,true,true,0.00,2.00,0.00,561
1773229374000,64.12321705,-21.7899186666667,0.00,0.00,0.00,true,true,0.00,7.00,0.00,562
1773229376000,64.12321705,-21.7899186666667,0.00,0.00,0.00,true,true,0.00,2.00,0.00,563
1773229380000,64.12321705,-21.7899186666667,0.00,0.00,0.00,true,true,0.00,4.00,0.00,564
1773229382000,64.12321705,-21.7899186666667,0.00,0.00,0.00,true,true,0.00,2.00,0.00,565
1773229384000,64.12321705,-21.7899186666667,0.00,0.00,0.00,true,true,0.00,2.00,0.00,566
1773229386000,64.12321635,-21.7899178333333,0.00,0.00,0.00,true,true,0.09,2.00,0.16,567
1773229389000,64.12321635,-21.7899178333333,0.00,0.00,0.00,true,true,0.03,3.00,0.03,568
1773229392000,64.12321635,-21.7899178333333,0.00,0.00,0.00,true,true,0.01,3.00,0.01,569
1773229397000,64.12321635,-21.7899178333333,0.00,0.00,0.00,true,true,0.00,5.00,0.00,570
1773229402000,64.12321635,-21.7899178333333,0.00,0.00,0.00,true,true,0.00,5.00,0.00,571
1773229406000,64.12321635,-21.7899178333333,0.00,0.00,0.00,true,true,0.00,4.00,0.00,572
1773229410000,64.12321635,-21.7899178333333,0.00,0.00,0.00,true,true,0.00,4.00,0.00,573
1773229412000,64.12321635,-21.7899178333333,0.00,0.00,0.00,true,true,0.00,2.00,0.00,574
1773229416000,64.12321635,-21.7899178333333,0.00,0.00,0.00,true,true,0.00,4.00,0.00,575
1773229418000,64.12321635,-21.7899178333333,0.00,0.00,0.00,true,true,0.00,2.00,0.00,576
1773229425000,64.12321635,-21.7899178333333,0.00,0.00,0.00,true,true,0.00,7.00,0.00,577
1773229427000,64.12321635,-21.7899178333333,0.00,0.00,0.00,true,true,0.00,2.00,0.00,578
1773229430000,64.12321635,-21.7899178333333,0.00,0.00,0.00,true,true,0.00,3.00,0.00,579
1773229432000,64.12321635,-21.7899178333333,0.00,0.00,0.00,true,true,0.00,2.00,0.00,580
1773229436000,64.12321635,-21.7899178333333,0.00,0.00,0.00,true,true,0.00,4.00,0.00,581
1773229438000,64.12321635,-21.7899178333333,0.00,0.00,0.00,true,true,0.00,2.00,0.00,582
1773229442000,64.12321635,-21.7899178333333,0.00,0.00,0.00,true,true,0.00,4.00,0.00,583
1773229447000,64.12321635,-21.7899178333333,0.00,0.00,0.00,true,true,0.00,5.00,0.00,584
1773229451000,64.12321635,-21.7899178333333,0.00,0.00,0.00,true,true,0.00,4.00,0.00,585
1773229453000,64.12321635,-21.7899178333333,0.00,0.00,0.00,true,true,0.00,2.00,0.00,586
1773229461000,64.12321635,-21.7899178333333,0.00,0.00,0.00,true,true,0.00,8.00,0.00,587
1773229465000,64.12321635,-21.7899178333333,0.00,0.00,0.00,true,true,0.00,4.00,0.00,588
1773229472000,64.12321635,-21.7899178333333,0.00,0.00,0.00,true,true,0.00,7.00,0.00,589
1773229476000,64.12321635,-21.7899178333333,0.00,0.00,0.00,true,true,0.00,4.00,0.00,590
1773229480000,64.12321635,-21.7899178333333,0.00,0.00,0.00,true,true,0.00,4.00,0.00,591
1773229486000,64.12321635,-21.7899178333333,0.00,0.00,0.00,true,true,0.00,6.00,0.00,592
1773229490000,64.12321635,-21.7899178333333,0.00,0.00,0.00,true,true,0.00,4.00,0.00,593
1773229495000,64.12321635,-21.7899178333333,0.00,0.00,0.00,true,true,0.00,5.00,0.00,594
1773229497000,64.12321635,-21.7899178333333,0.00,0.00,0.00,true,true,0.00,2.00,0.00,595
1773229501000,64.12321635,-21.7899178333333,0.00,0.00,0.00,true,true,0.00,4.00,0.00,596
1773229504000,64.12321635,-21.7899178333333,0.00,0.00,0.00,true,true,0.00,3.00,0.00,597
1773229507000,64.12321635,-21.7899178333333,0.00,0.00,0.00,true,true,0.00,3.00,0.00,598
1773229510000,64.1232155666667,-21.7899168333333,0.00,0.00,0.00,true,true,0.10,3.00,0.12,599
1773229512000,64.1232155666667,-21.7899168333333,0.00,0.00,0.00,true,true,0.02,2.00,0.03,600
1773229517000,64.1232155666667,-21.7899168333333,0.00,0.00,0.00,true,true,0.01,5.00,0.00,601
1773229520000,64.1232155666667,-21.7899168333333,0.00,0.00,0.00,true,true,0.00,3.00,0.00,602
1773229522000,64.1232155666667,-21.7899168333333,0.00,0.00,0.00,true,true,0.00,2.00,0.00,603
1773229526000,64.1232155666667,-21.7899168333333,0.00,0.00,0.00,true,true,0.00,4.00,0.00,604
1773229531000,64.1232155666667,-21.7899168333333,0.00,0.00,0.00,true,true,0.00,5.00,0.00,605
1773229536000,64.1232155666667,-21.7899168333333,0.00,0.00,0.00,true,true,0.00,5.00,0.00,606
1773229538000,64.1232155666667,-21.7899168333333,0.00,0.00,0.00,true,true,0.00,2.00,0.00,607
1773229542000,64.1232155666667,-21.7899168333333,0.00,0.00,0.00,true,true,0.00,4.00,0.00,608
1773229547000,64.1232155666667,-21.7899168333333,0.00,0.00,0.00,true,true,0.00,5.00,0.00,609
1773229551000,64.1232155666667,-21.7899168333333,0.00,0.00,0.00,true,true,0.00,4.00,0.00,610
1773229554000,64.1232155666667,-21.7899168333333,0.00,0.00,0.00,true,true,0.00,3.00,0.00,611
1773229557000,64.1232155666667,-21.7899168333333,0.00,0.00,0.00,true,true,0.00,3.00,0.00,612
1773229559000,64.1232155666667,-21.7899168333333,0.00,0.00,0.00,true,true,0.00,2.00,0.00,613
1773229564000,64.1232155666667,-21.7899168333333,0.00,0.00,0.00,true,true,0.00,5.00,0.00,614
1773229568000,64.1232155666667,-21.7899168333333,0.00,0.00,0.00,true,true,0.00,4.00,0.00,615
1773229572000,64.1232155666667,-21.7899168333333,0.00,0.00,0.00,true,true,0.00,4.00,0.00,616
1773229575000,64.1232155666667,-21.7899168333333,0.00,0.00,0.00,true,true,0.00,3.00,0.00,617
1773229577000,64.1232155666667,-21.7899168333333,0.00,0.00,0.00,true,true,0.00,2.00,0.00,618
1773229580000,64.1232155666667,-21.7899168333333,0.00,0.00,0.00,true,true,0.00,3.00,0.00,619
1773229583000,64.1232155666667,-21.7899168333333,0.00,0.00,0.00,true,true,0.00,3.00,0.00,620
1773229587000,64.1232155666667,-21.7899168333333,0.00,0.00,0.00,true,true,0.00,4.00,0.00,621
1773229589000,64.1232155666667,-21.7899168333333,0.00,0.00,0.00,true,true,0.00,2.00,0.00,622
1773229592000,64.1232155666667,-21.7899168333333,0.00,0.00,0.00,true,true,0.00,3.00,0.00,623
1773229594000,64.1232155666667,-21.7899168333333,0.00,0.00,0.00,true,true,0.00,2.00,0.00,624
1773229598000,64.1232155666667,-21.7899168333333,0.00,0.00,0.00,true,true,0.00,4.00,0.00,625
1773229602000,64.1232155666667,-21.7899168333333,0.00,0.00,0.00,true,true,0.00,4.00,0.00,626
1773229604000,64.1232155666667,-21.7899168333333,0.00,0.00,0.00,true,true,0.00,2.00,0.00,627
1773229609000,64.1232155666667,-21.7899168333333,0.00,0.00,0.00,true,true,0.00,5.00,0.00,628
1773229613000,64.1232155666667,-21.7899168333333,0.00,0.00,0.00,true,true,0.00,4.00,0.00,629
1773229618000,64.1232155666667,-21.7899168333333,0.00,0.00,0.00,true,true,0.00,5.00,0.00,630
1773229624000,64.1232155666667,-21.7899168333333,0.00,0.00,0.00,true,true,0.00,6.00,0.00,631
1773229629000,64.1232155666667,-21.7899168333333,0.00,0.00,0.00,true,true,0.00,5.00,0.00,632
1773229633000,64.1232152166667,-21.7899165,0.00,0.00,0.00,true,true,0.04,4.00,0.04,633
1773229635000,64.1232152166667,-21.7899165,0.00,0.00,0.00,true,true,0.00,2.00,0.01,634
1773229638000,64.1232152166667,-21.7899165,0.00,0.00,0.00,true,true,0.00,3.00,0.00,635
1773229642000,64.1232152166667,-21.7899165,0.00,0.00,0.00,true,true,0.00,4.00,0.00,636
1773229644000,64.1232152166667,-21.7899165,0.00,0.00,0.00,true,true,0.00,2.00,0.00,637
1773229651000,64.1232152166667,-21.7899165,0.00,0.00,0.00,true,true,0.00,7.00,0.00,638
1773229653000,64.1232152166667,-21.7899165,0.00,0.00,0.00,true,true,0.00,2.00,0.00,639
1773229658000,64.1232152166667,-21.7899165,0.00,0.00,0.00,true,true,0.00,5.00,0.00,640
1773229660000,64.1232152166667,-21.7899165,0.00,0.00,0.00,true,true,0.00,2.00,0.00,641
1773229664000,64.1232152166667,-21.7899165,0.00,0.00,0.00,true,true,0.00,4.00,0.00,642
1773229666000,64.1232152166667,-21.7899165,0.00,0.00,0.00,true,true,0.00,2.00,0.00,643
1773229672000,64.1232152166667,-21.7899165,0.00,0.00,0.00,true,true,0.00,6.00,0.00,644
1773229675000,64.1232152166667,-21.7899165,0.00,0.00,0.00,true,true,0.00,3.00,0.00,645
1773229678000,64.1232152166667,-21.7899165,0.00,0.00,0.00,true,true,0.00,3.00,0.00,646
1773229681000,64.1232152166667,-21.7899165,0.00,0.00,0.00,true,true,0.00,3.00,0.00,647
1773229683000,64.1232152166667,-21.7899165,0.00,0.00,0.00,true,true,0.00,2.00,0.00,648
1773229687000,64.1232152166667,-21.7899165,0.00,0.00,0.00,true,true,0.00,4.00,0.00,649
1773229689000,64.1232152166667,-21.7899165,0.00,0.00,0.00,true,true,0.00,2.00,0.00,650
1773229694000,64.1232152166667,-21.7899165,0.00,0.00,0.00,true,true,0.00,5.00,0.00,651
1773229700000,64.1232152166667,-21.7899165,0.00,0.00,0.00,true,true,0.00,6.00,0.00,652
1773229707000,64.1232152166667,-21.7899165,0.00,0.00,0.00,true,true,0.00,7.00,0.00,653
1773229709000,64.1232152166667,-21.7899165,0.00,0.00,0.00,true,true,0.00,2.00,0.00,654
1773229715000,64.1232152166667,-21.7899165,0.00,0.00,0.00,true,true,0.00,6.00,0.00,655
1773229718000,64.1232152166667,-21.7899165,0.00,0.00,0.00,true,true,0.00,3.00,0.00,656
1773229720000,64.1232152166667,-21.7899165,0.00,0.00,0.00,true,true,0.00,2.00,0.00,657
1773229723000,64.1232152166667,-21.7899165,0.00,0.00,0.00,true,true,0.00,3.00,0.00,658
1773229727000,64.1232152166667,-21.7899165,0.00,0.00,0.00,true,true,0.00,4.00,0.00,659
1773229729000,64.1232152166667,-21.7899165,0.00,0.00,0.00,true,true,0.00,2.00,0.00,660
1773229733000,64.1232152166667,-21.7899165,0.00,0.00,0.00,true,true,0.00,4.00,0.00,661
1773229735000,64.1232152166667,-21.7899165,0.00,0.00,0.00,true,true,0.00,2.00,0.00,662
1773229738000,64.1232152166667,-21.7899165,0.00,0.00,0.00,true,true,0.00,3.00,0.00,663
1773229744000,64.1232152166667,-21.7899165,0.00,0.00,0.00,true,true,0.00,6.00,0.00,664
1773229749000,64.1232152166667,-21.7899165,0.00,0.00,0.00,true,true,0.00,5.00,0.00,665
1773229753000,64.1232152166667,-21.7899165,0.00,0.00,0.00,true,true,0.00,4.00,0.00,666
1773229757000,64.123215,-21.7899168333333,0.00,0.00,0.00,true,true,0.03,4.00,0.03,667
1773229759000,64.123215,-21.7899168333333,0.00,0.00,0.00,true,true,0.00,2.00,0.01,668
1773229762000,64.123215,-21.7899168333333,0.00,0.00,0.00,true,true,0.00,3.00,0.00,669
1773229764000,64.123215,-21.7899168333333,0.00,0.00,0.00,true,true,0.00,2.00,0.00,670
1773229766000,64.123215,-21.7899168333333,0.00,0.00,0.00,true,true,0.00,2.00,0.00,671
1773229769000,64.123215,-21.7899168333333,0.00,0.00,0.00,true,true,0.00,3.00,0.00,672
1773229775000,64.123215,-21.7899168333333,0.00,0.00,0.00,true,true,0.00,6.00,0.00,673
1773229779000,64.123215,-21.7899168333333,0.00,0.00,0.00,true,true,0.00,4.00,0.00,674
1773229781000,64.123215,-21.7899168333333,0.00,0.00,0.00,true,true,0.00,2.00,0.00,675
1773229783000,64.123215,-21.7899168333333,0.00,0.00,0.00,true,true,0.00,2.00,0.00,676
1773229788000,64.123215,-21.7899168333333,0.00,0.00,0.00,true,true,0.00,5.00,0.00,677
1773229790000,64.123215,-21.7899168333333,0.00,0.00,0.00,true,true,0.00,2.00,0.00,678
1773229795000,64.123215,-21.7899168333333,0.00,0.00,0.00,true,true,0.00,5.00,0.00,679
1773229799000,64.123215,-21.7899168333333,0.00,0.00,0.00,true,true,0.00,4.00,0.00,680
1773229803000,64.123215,-21.7899168333333,0.00,0.00,0.00,true,true,0.00,4.00,0.00,681
1773229805000,64.123215,-21.7899168333333,0.00,0.00,0.00,true,true,0.00,2.00,0.00,682
1773229807000,64.123215,-21.7899168333333,0.00,0.00,0.00,true,true,0.00,2.00,0.00,683
1773229814000,64.123215,-21.7899168333333,0.00,0.00,0.00,true,true,0.00,7.00,0.00,684
1773229818000,64.123215,-21.7899168333333,0.00,0.00,0.00,true,true,0.00,4.00,0.00,685
1773229822000,64.123215,-21.7899168333333,0.00,0.00,0.00,true,true,0.00,4.00,0.00,686
1773229824000,64.123215,-21.7899168333333,0.00,0.00,0.00,true,true,0.00,2.00,0.00,687
1773229831000,64.123215,-21.7899168333333,0.00,0.00,0.00,true,true,0.00,7.00,0.00,688
1773229833000,64.123215,-21.7899168333333,0.00,0.00,0.00,true,true,0.00,2.00,0.00,689
1773229835000,64.123215,-21.7899168333333,0.00,0.00,0.00,true,true,0.00,2.00,0.00,690
1773229837000,64.123215,-21.7899168333333,0.00,0.00,0.00,true,true,0.00,2.00,0.00,691
1773229841000,64.123215,-21.7899168333333,0.00,0.00,0.00,true,true,0.00,4.00,0.00,692
1773229843000,64.123215,-21.7899168333333,0.00,0.00,0.00,true,true,0.00,2.00,0.00,693
1773229846000,64.123215,-21.7899168333333,0.00,0.00,0.00,true,true,0.00,3.00,0.00,694
1773229850000,64.123215,-21.7899168333333,0.00,0.00,0.00,true,true,0.00,4.00,0.00,695
1773229852000,64.123215,-21.7899168333333,0.00,0.00,0.00,true,true,0.00,2.00,0.00,696
1773229857000,64.123215,-21.7899168333333,0.00,0.00,0.00,true,true,0.00,5.00,0.00,697
1773229860000,64.123215,-21.7899168333333,0.00,0.00,0.00,true,true,0.00,3.00,0.00,698
1773229863000,64.123215,-21.7899168333333,0.00,0.00,0.00,true,true,0.00,3.00,0.00,699
1773229865000,64.123215,-21.7899168333333,0.00,0.00,0.00,true,true,0.00,2.00,0.00,700
1773229867000,64.123215,-21.7899168333333,0.00,0.00,0.00,true,true,0.00,2.00,0.00,701
1773229871000,64.123215,-21.7899168333333,0.00,0.00,0.00,true,true,0.00,4.00,0.00,702
1773229875000,64.123215,-21.7899168333333,0.00,0.00,0.00,true,true,0.00,4.00,0.00,703
1773229878000,64.1232144333333,-21.7899151666667,0.00,0.00,0.00,true,true,0.10,3.00,0.12,704
1773229884000,64.1232144333333,-21.7899151666667,0.00,0.00,0.00,true,true,0.02,6.00,0.01,705
1773229889000,64.1232144333333,-21.7899151666667,0.00,0.00,0.00,true,true,0.00,5.00,0.00,706
1773229892000,64.1232144333333,-21.7899151666667,0.00,0.00,0.00,true,true,0.00,3.00,0.00,707
1773229895000,64.1232144333333,-21.7899151666667,0.00,0.00,0.00,true,true,0.00,3.00,0.00,708
1773229897000,64.1232144333333,-21.7899151666667,0.00,0.00,0.00,true,true,0.00,2.00,0.00,709
1773229900000,64.1232144333333,-21.7899151666667,0.00,0.00,0.00,true,true,0.00,3.00,0.00,710
1773229905000,64.1232144333333,-21.7899151666667,0.00,0.00,0.00,true,true,0.00,5.00,0.00,711
1773229910000,64.1232144333333,-21.7899151666667,0.00,0.00,0.00,true,true,0.00,5.00,0.00,712
1773229912000,64.1232144333333,-21.7899151666667,0.00,0.00,0.00,true,true,0.00,2.00,0.00,713
1773229916000,64.1232144333333,-21.7899151666667,0.00,0.00,0.00,true,true,0.00,4.00,0.00,714
1773229921000,64.1232144333333,-21.7899151666667,0.00,0.00,0.00,true,true,0.00,5.00,0.00,715
1773229926000,64.1232144333333,-21.7899151666667,0.00,0.00,0.00,true,true,0.00,5.00,0.00,716
1773229929000,64.1232144333333,-21.7899151666667,0.00,0.00,0.00,true,true,0.00,3.00,0.00,717
1773229931000,64.1232144333333,-21.7899151666667,0.00,0.00,0.00,true,true,0.00,2.00,0.00,718
1773229936000,64.1232144333333,-21.7899151666667,0.00,0.00,0.00,true,true,0.00,5.00,0.00,719
1773229941000,64.1232144333333,-21.7899151666667,0.00,0.00,0.00,true,true,0.00,5.00,0.00,720
1773229945000,64.1232144333333,-21.7899151666667,0.00,0.00,0.00,true,true,0.00,4.00,0.00,721
1773229950000,64.1232144333333,-21.7899151666667,0.00,0.00,0.00,true,true,0.00,5.00,0.00,722
1773229953000,64.1232144333333,-21.7899151666667,0.00,0.00,0.00,true,true,0.00,3.00,0.00,723
1773229956000,64.1232144333333,-21.7899151666667,0.00,0.00,0.00,true,true,0.00,3.00,0.00,724
1773229961000,64.1232144333333,-21.7899151666667,0.00,0.00,0.00,true,true,0.00,5.00,0.00,725
1773229965000,64.1232144333333,-21.7899151666667,0.00,0.00,0.00,true,true,0.00,4.00,0.00,726
1773229967000,64.1232144333333,-21.7899151666667,0.00,0.00,0.00,true,true,0.00,2.00,0.00,727
1773229970000,64.1232144333333,-21.7899151666667,0.00,0.00,0.00,true,true,0.00,3.00,0.00,728
1773229972000,64.1232144333333,-21.7899151666667,0.00,0.00,0.00,true,true,0.00,2.00,0.00,729
1773229976000,64.1232144333333,-21.7899151666667,0.00,0.00,0.00,true,true,0.00,4.00,0.00,730
1773229978000,64.1232144333333,-21.7899151666667,0.00,0.00,0.00,true,true,0.00,2.00,0.00,731
1773229982000,64.1232144333333,-21.7899151666667,0.00,0.00,0.00,true,true,0.00,4.00,0.00,732
1773229987000,64.1232144333333,-21.7899151666667,0.00,0.00,0.00,true,true,0.00,5.00,0.00,733
1773229991000,64.1232144333333,-21.7899151666667,0.00,0.00,0.00,true,true,0.00,4.00,0.00,734
1773229995000,64.1232144333333,-21.7899151666667,0.00,0.00,0.00,true,true,0.00,4.00,0.00,735
1773230000000,64.1232152833333,-21.7899143333333,0.00,0.00,0.00,true,true,0.10,5.00,0.07,736
1773230002000,64.1232152833333,-21.7899143333333,0.00,0.00,0.00,true,true,0.01,2.00,0.01,737
1773230006000,64.1232152833333,-21.7899143333333,0.00,0.00,0.00,true,true,0.00,4.00,0.00,738
1773230008000,64.1232152833333,-21.7899143333333,0.00,0.00,0.00,true,true,0.00,2.00,0.00,739
1773230013000,64.1232152833333,-21.7899143333333,0.00,0.00,0.00,true,true,0.00,5.00,0.00,740
1773230015000,64.1232152833333,-21.7899143333333,0.00,0.00,0.00,true,true,0.00,2.00,0.00,741
1773230019000,64.1232152833333,-21.7899143333333,0.00,0.00,0.00,true,true,0.00,4.00,0.00,742
1773230021000,64.1232152833333,-21.7899143333333,0.00,0.00,0.00,true,true,0.00,2.00,0.00,743
1773230027000,64.1232152833333,-21.7899143333333,0.00,0.00,0.00,true,true,0.00,6.00,0.00,744
1773230033000,64.1232152833333,-21.7899143333333,0.00,0.00,0.00,true,true,0.00,6.00,0.00,745
1773230037000,64.1232152833333,-21.7899143333333,0.00,0.00,0.00,true,true,0.00,4.00,0.00,746
1773230041000,64.1232152833333,-21.7899143333333,0.00,0.00,0.00,true,true,0.00,4.00,0.00,747
1773230045000,64.1232152833333,-21.7899143333333,0.00,0.00,0.00,true,true,0.00,4.00,0.00,748
1773230048000,64.1232152833333,-21.7899143333333,0.00,0.00,0.00,true,true,0.00,3.00,0.00,749
1773230051000,64.1232152833333,-21.7899143333333,0.00,0.00,0.00,true,true,0.00,3.00,0.00,750
1773230053000,64.1232152833333,-21.7899143333333,0.00,0.00,0.00,true,true,0.00,2.00,0.00,751
1773230056000,64.1232152833333,-21.7899143333333,0.00,0.00,0.00,true,true,0.00,3.00,0.00,752
1773230062000,64.1232152833333,-21.7899143333333,0.00,0.00,0.00,true,true,0.00,6.00,0.00,753
1773230066000,64.1232152833333,-21.7899143333333,0.00,0.00,0.00,true,true,0.00,4.00,0.00,754
1773230069000,64.1232152833333,-21.7899143333333,0.00,0.00,0.00,true,true,0.00,3.00,0.00,755
1773230072000,64.1232152833333,-21.7899143333333,0.00,0.00,0.00,true,true,0.00,3.00,0.00,756
1773230074000,64.1232152833333,-21.7899143333333,0.00,0.00,0.00,true,true,0.00,2.00,0.00,757
1773230077000,64.1232152833333,-21.7899143333333,0.00,0.00,0.00,true,true,0.00,3.00,0.00,758
1773230080000,64.1232152833333,-21.7899143333333,0.00,0.00,0.00,true,true,0.00,3.00,0.00,759
1773230082000,64.1232152833333,-21.7899143333333,0.00,0.00,0.00,true,true,0.00,2.00,0.00,760
1773230087000,64.1232152833333,-21.7899143333333,0.00,0.00,0.00,true,true,0.00,5.00,0.00,761
1773230089000,64.1232152833333,-21.7899143333333,0.00,0.00,0.00,true,true,0.00,2.00,0.00,762
1773230092000,64.1232152833333,-21.7899143333333,0.00,0.00,0.00,true,true,0.00,3.00,0.00,763
1773230095000,64.1232152833333,-21.7899143333333,0.00,0.00,0.00,true,true,0.00,3.00,0.00,764
1773230099000,64.1232152833333,-21.7899143333333,0.00,0.00,0.00,true,true,0.00,4.00,0.00,765
1773230103000,64.1232152833333,-21.7899143333333,0.00,0.00,0.00,true,true,0.00,4.00,0.00,766
1773230105000,64.1232152833333,-21.7899143333333,0.00,0.00,0.00,true,true,0.00,2.00,0.00,767
1773230108000,64.1232152833333,-21.7899143333333,0.00,0.00,0.00,true,true,0.00,3.00,0.00,768
1773230113000,64.1232152833333,-21.7899143333333,0.00,0.00,0.00,true,true,0.00,5.00,0.00,769
1773230119000,64.1232154666667,-21.7899143333333,0.00,0.00,0.00,true,true,0.02,6.00,0.01,770
1773230125000,64.1232154666667,-21.7899143333333,0.00,0.00,0.00,true,true,0.00,6.00,0.00,771
1773230130000,64.1232154666667,-21.7899143333333,0.00,0.00,0.00,true,true,0.00,5.00,0.00,772
1773230134000,64.1232154666667,-21.7899143333333,0.00,0.00,0.00,true,true,0.00,4.00,0.00,773
1773230138000,64.1232154666667,-21.7899143333333,0.00,0.00,0.00,true,true,0.00,4.00,0.00,774
1773230144000,64.1232154666667,-21.7899143333333,0.00,0.00,0.00,true,true,0.00,6.00,0.00,775
1773230149000,64.1232154666667,-21.7899143333333,0.00,0.00,0.00,true,true,0.00,5.00,0.00,776
1773230154000,64.1232154666667,-21.7899143333333,0.00,0.00,0.00,true,true,0.00,5.00,0.00,777
1773230159000,64.1232154666667,-21.7899143333333,0.00,0.00,0.00,true,true,0.00,5.00,0.00,778
1773230164000,64.1232154666667,-21.7899143333333,0.00,0.00,0.00,true,true,0.00,5.00,0.00,779
1773230167000,64.1232154666667,-21.7899143333333,0.00,0.00,0.00,true,true,0.00,3.00,0.00,780
1773230169000,64.1232154666667,-21.7899143333333,0.00,0.00,0.00,true,true,0.00,2.00,0.00,781
1773230174000,64.1232154666667,-21.7899143333333,0.00,0.00,0.00,true,true,0.00,5.00,0.00,782
1773230179000,64.1232154666667,-21.7899143333333,0.00,0.00,0.00,true,true,0.00,5.00,0.00,783
1773230192000,64.1232154666667,-21.7899143333333,0.00,0.00,0.00,true,true,0.00,13.00,0.00,784
1773230196000,64.1232154666667,-21.7899143333333,0.00,0.00,0.00,true,true,0.00,4.00,0.00,785
1773230199000,64.1232154666667,-21.7899143333333,0.00,0.00,0.00,true,true,0.00,3.00,0.00,786
1773230205000,64.1232154666667,-21.7899143333333,0.00,0.00,0.00,true,true,0.00,6.00,0.00,787
1773230207000,64.1232154666667,-21.7899143333333,0.00,0.00,0.00,true,true,0.00,2.00,0.00,788
1773230210000,64.1232154666667,-21.7899143333333,0.00,0.00,0.00,true,true,0.00,3.00,0.00,789
1773230216000,64.1232154666667,-21.7899143333333,0.00,0.00,0.00,true,true,0.00,6.00,0.00,790
1773230221000,64.1232154666667,-21.7899143333333,0.00,0.00,0.00,true,true,0.00,5.00,0.00,791
1773230226000,64.1232154666667,-21.7899143333333,0.00,0.00,0.00,true,true,0.00,5.00,0.00,792
1773230229000,64.1232154666667,-21.7899143333333,0.00,0.00,0.00,true,true,0.00,3.00,0.00,793
1773230232000,64.1232154666667,-21.7899143333333,0.00,0.00,0.00,true,true,0.00,3.00,0.00,794
1773230238000,64.12321675,-21.789914,0.00,0.00,0.00,true,true,0.14,6.00,0.09,795
1773230243000,64.12321675,-21.789914,0.00,0.00,0.00,true,true,0.01,5.00,0.01,796
1773230247000,64.12321675,-21.789914,0.00,0.00,0.00,true,true,0.00,4.00,0.00,797
1773230249000,64.12321675,-21.789914,0.00,0.00,0.00,true,true,0.00,2.00,0.00,798
1773230252000,64.12321675,-21.789914,0.00,0.00,0.00,true,true,0.00,3.00,0.00,799
1773230254000,64.12321675,-21.789914,0.00,0.00,0.00,true,true,0.00,2.00,0.00,800
1773230258000,64.12321675,-21.789914,0.00,0.00,0.00,true,true,0.00,4.00,0.00,801
1773230261000,64.12321675,-21.789914,0.00,0.00,0.00,true,true,0.00,3.00,0.00,802
1773230264000,64.12321675,-21.789914,0.00,0.00,0.00,true,true,0.00,3.00,0.00,803
1773230269000,64.12321675,-21.789914,0.00,0.00,0.00,true,true,0.00,5.00,0.00,804
1773230273000,64.12321675,-21.789914,0.00,0.00,0.00,true,true,0.00,4.00,0.00,805
1773230278000,64.12321675,-21.789914,0.00,0.00,0.00,true,true,0.00,5.00,0.00,806
1773230281000,64.12321675,-21.789914,0.00,0.00,0.00,true,true,0.00,3.00,0.00,807
1773230284000,64.12321675,-21.789914,0.00,0.00,0.00,true,true,0.00,3.00,0.00,808
1773230289000,64.12321675,-21.789914,0.00,0.00,0.00,true,true,0.00,5.00,0.00,809
1773230293000,64.12321675,-21.789914,0.00,0.00,0.00,true,true,0.00,4.00,0.00,810
1773230298000,64.12321675,-21.789914,0.00,0.00,0.00,true,true,0.00,5.00,0.00,811
1773230305000,64.12321675,-21.789914,0.00,0.00,0.00,true,true,0.00,7.00,0.00,812
1773230307000,64.12321675,-21.789914,0.00,0.00,0.00,true,true,0.00,2.00,0.00,813
1773230309000,64.12321675,-21.789914,0.00,0.00,0.00,true,true,0.00,2.00,0.00,814
1773230312000,64.12321675,-21.789914,0.00,0.00,0.00,true,true,0.00,3.00,0.00,815
1773230314000,64.12321675,-21.789914,0.00,0.00,0.00,true,true,0.00,2.00,0.00,816
1773230318000,64.12321675,-21.789914,0.00,0.00,0.00,true,true,0.00,4.00,0.00,817
1773230324000,64.12321675,-21.789914,0.00,0.00,0.00,true,true,0.00,6.00,0.00,818
1773230327000,64.12321675,-21.789914,0.00,0.00,0.00,true,true,0.00,3.00,0.00,819
1773230329000,64.12321675,-21.789914,0.00,0.00,0.00,true,true,0.00,2.00,0.00,820
1773230333000,64.12321675,-21.789914,0.00,0.00,0.00,true,true,0.00,4.00,0.00,821
1773230338000,64.12321675,-21.789914,0.00,0.00,0.00,true,true,0.00,5.00,0.00,822
1773230341000,64.12321675,-21.789914,0.00,0.00,0.00,true,true,0.00,3.00,0.00,823
1773230345000,64.12321675,-21.789914,0.00,0.00,0.00,true,true,0.00,4.00,0.00,824
1773230347000,64.12321675,-21.789914,0.00,0.00,0.00,true,true,0.00,2.00,0.00,825
1773230349000,64.12321675,-21.789914,0.00,0.00,0.00,true,true,0.00,2.00,0.00,826
1773230353000,64.12321675,-21.789914,0.00,0.00,0.00,true,true,0.00,4.00,0.00,827
1773230355000,64.12321675,-21.789914,0.00,0.00,0.00,true,true,0.00,2.00,0.00,828
1773230360000,64.12321675,-21.789914,0.00,0.00,0.00,true,true,0.00,5.00,0.00,829
1773230364000,64.1232181833333,-21.7899148333333,0.00,0.00,0.00,true,true,0.16,4.00,0.15,830
1773230369000,64.1232181833333,-21.7899148333333,0.00,0.00,0.00,true,true,0.02,5.00,0.01,831
1773230375000,64.1232181833333,-21.7899148333333,0.00,0.00,0.00,true,true,0.00,6.00,0.00,832
1773230380000,64.1232181833333,-21.7899148333333,0.00,0.00,0.00,true,true,0.00,5.00,0.00,833
1773230384000,64.1232181833333,-21.7899148333333,0.00,0.00,0.00,true,true,0.00,4.00,0.00,834
1773230386000,64.1232181833333,-21.7899148333333,0.00,0.00,0.00,true,true,0.00,2.00,0.00,835
1773230389000,64.1232181833333,-21.7899148333333,0.00,0.00,0.00,true,true,0.00,3.00,0.00,836
1773230393000,64.1232181833333,-21.7899148333333,0.00,0.00,0.00,true,true,0.00,4.00,0.00,837
1773230395000,64.1232181833333,-21.7899148333333,0.00,0.00,0.00,true,true,0.00,2.00,0.00,838
1773230399000,64.1232181833333,-21.7899148333333,0.00,0.00,0.00,true,true,0.00,4.00,0.00,839
1773230401000,64.1232181833333,-21.7899148333333,0.00,0.00,0.00,true,true,0.00,2.00,0.00,840
1773230408000,64.1232181833333,-21.7899148333333,0.00,0.00,0.00,true,true,0.00,7.00,0.00,841
1773230410000,64.1232181833333,-21.7899148333333,0.00,0.00,0.00,true,true,0.00,2.00,0.00,842
1773230413000,64.1232181833333,-21.7899148333333,0.00,0.00,0.00,true,true,0.00,3.00,0.00,843
1773230419000,64.1232181833333,-21.7899148333333,0.00,0.00,0.00,true,true,0.00,6.00,0.00,844
1773230426000,64.1232181833333,-21.7899148333333,0.00,0.00,0.00,true,true,0.00,7.00,0.00,845
1773230430000,64.1232181833333,-21.7899148333333,0.00,0.00,0.00,true,true,0.00,4.00,0.00,846
1773230432000,64.1232181833333,-21.7899148333333,0.00,0.00,0.00,true,true,0.00,2.00,0.00,847
1773230436000,64.1232181833333,-21.7899148333333,0.00,0.00,0.00,true,true,0.00,4.00,0.00,848
1773230447000,64.1232181833333,-21.7899148333333,0.00,0.00,0.00,true,true,0.00,11.00,0.00,849
1773230450000,64.1232181833333,-21.7899148333333,0.00,0.00,0.00,true,true,0.00,3.00,0.00,850
1773230452000,64.1232181833333,-21.7899148333333,0.00,0.00,0.00,true,true,0.00,2.00,0.00,851
1773230455000,64.1232181833333,-21.7899148333333,0.00,0.00,0.00,true,true,0.00,3.00,0.00,852
1773230460000,64.1232181833333,-21.7899148333333,0.00,0.00,0.00,true,true,0.00,5.00,0.00,853
1773230465000,64.1232181833333,-21.7899148333333,0.00,0.00,0.00,true,true,0.00,5.00,0.00,854
1773230467000,64.1232181833333,-21.7899148333333,0.00,0.00,0.00,true,true,0.00,2.00,0.00,855
1773230470000,64.1232181833333,-21.7899148333333,0.00,0.00,0.00,true,true,0.00,3.00,0.00,856
1773230474000,64.1232181833333,-21.7899148333333,0.00,0.00,0.00,true,true,0.00,4.00,0.00,857
1773230476000,64.1232181833333,-21.7899148333333,0.00,0.00,0.00,true,true,0.00,2.00,0.00,858
1773230479000,64.1232181833333,-21.7899148333333,0.00,0.00,0.00,true,true,0.00,3.00,0.00,859
1773230481000,64.1232181833333,-21.7899148333333,0.00,0.00,0.00,true,true,0.00,2.00,0.00,860
1773230485000,64.1232189166667,-21.7899165,0.00,0.00,0.00,true,true,0.11,4.00,0.10,861
1773230490000,64.1232189166667,-21.7899165,0.00,0.00,0.00,true,true,0.02,5.00,0.01,862
1773230494000,64.1232189166667,-21.7899165,0.00,0.00,0.00,true,true,0.00,4.00,0.00,863
1773230498000,64.1232189166667,-21.7899165,0.00,0.00,0.00,true,true,0.00,4.00,0.00,864
1773230500000,64.1232189166667,-21.7899165,0.00,0.00,0.00,true,true,0.00,2.00,0.00,865
1773230504000,64.1232189166667,-21.7899165,0.00,0.00,0.00,true,true,0.00,4.00,0.00,866
1773230509000,64.1232189166667,-21.7899165,0.00,0.00,0.00,true,true,0.00,5.00,0.00,867
1773230511000,64.1232189166667,-21.7899165,0.00,0.00,0.00,true,true,0.00,2.00,0.00,868
1773230515000,64.1232189166667,-21.7899165,0.00,0.00,0.00,true,true,0.00,4.00,0.00,869
1773230517000,64.1232189166667,-21.7899165,0.00,0.00,0.00,true,true,0.00,2.00,0.00,870
1773230519000,64.1232189166667,-21.7899165,0.00,0.00,0.00,true,true,0.00,2.00,0.00,871
1773230523000,64.1232189166667,-21.7899165,0.00,0.00,0.00,true,true,0.00,4.00,0.00,872
1773230529000,64.1232189166667,-21.7899165,0.00,0.00,0.00,true,true,0.00,6.00,0.00,873
1773230531000,64.1232189166667,-21.7899165,0.00,0.00,0.00,true,true,0.00,2.00,0.00,874
1773230535000,64.1232189166667,-21.7899165,0.00,0.00,0.00,true,true,0.00,4.00,0.00,875
1773230538000,64.1232189166667,-21.7899165,0.00,0.00,0.00,true,true,0.00,3.00,0.00,876
1773230544000,64.1232189166667,-21.7899165,0.00,0.00,0.00,true,true,0.00,6.00,0.00,877
1773230546000,64.1232189166667,-21.7899165,0.00,0.00,0.00,true,true,0.00,2.00,0.00,878
1773230551000,64.1232189166667,-21.7899165,0.00,0.00,0.00,true,true,0.00,5.00,0.00,879
1773230553000,64.1232189166667,-21.7899165,0.00,0.00,0.00,true,true,0.00,2.00,0.00,880
1773230557000,64.1232189166667,-21.7899165,0.00,0.00,0.00,true,true,0.00,4.00,0.00,881
1773230561000,64.1232189166667,-21.7899165,0.00,0.00,0.00,true,true,0.00,4.00,0.00,882
1773230564000,64.1232189166667,-21.7899165,0.00,0.00,0.00,true,true,0.00,3.00,0.00,883
1773230566000,64.1232189166667,-21.7899165,0.00,0.00,0.00,true,true,0.00,2.00,0.00,884
1773230570000,64.1232189166667,-21.7899165,0.00,0.00,0.00,true,true,0.00,4.00,0.00,885
1773230575000,64.1232189166667,-21.7899165,0.00,0.00,0.00,true,true,0.00,5.00,0.00,886
1773230581000,64.1232189166667,-21.7899165,0.00,0.00,0.00,true,true,0.00,6.00,0.00,887
1773230583000,64.1232189166667,-21.7899165,0.00,0.00,0.00,true,true,0.00,2.00,0.00,888
1773230585000,64.1232189166667,-21.7899165,0.00,0.00,0.00,true,true,0.00,2.00,0.00,889
1773230588000,64.1232189166667,-21.7899165,0.00,0.00,0.00,true,true,0.00,3.00,0.00,890
1773230590000,64.1232189166667,-21.7899165,0.00,0.00,0.00,true,true,0.00,2.00,0.00,891
1773230594000,64.1232189166667,-21.7899165,0.00,0.00,0.00,true,true,0.00,4.00,0.00,892
1773230598000,64.1232189166667,-21.7899165,0.00,0.00,0.00,true,true,0.00,4.00,0.00,893
1773230600000,64.1232189166667,-21.7899165,0.00,0.00,0.00,true,true,0.00,2.00,0.00,894
1773230605000,64.1232202,-21.7899165,0.00,0.00,0.00,true,true,0.14,5.00,0.10,895
1773230608000,64.1232202,-21.7899165,0.00,0.00,0.00,true,true,0.01,3.00,0.01,896
1773230611000,64.1232202,-21.7899165,0.00,0.00,0.00,true,true,0.00,3.00,0.00,897
1773230614000,64.1232202,-21.7899165,0.00,0.00,0.00,true,true,0.00,3.00,0.00,898
1773230618000,64.1232202,-21.7899165,0.00,0.00,0.00,true,true,0.00,4.00,0.00,899
1773230620000,64.1232202,-21.7899165,0.00,0.00,0.00,true,true,0.00,2.00,0.00,900
1773230623000,64.1232202,-21.7899165,0.00,0.00,0.00,true,true,0.00,3.00,0.00,901
1773230627000,64.1232202,-21.7899165,0.00,0.00,0.00,true,true,0.00,4.00,0.00,902
1773230629000,64.1232202,-21.7899165,0.00,0.00,0.00,true,true,0.00,2.00,0.00,903
1773230633000,64.1232202,-21.7899165,0.00,0.00,0.00,true,true,0.00,4.00,0.00,904
1773230637000,64.1232202,-21.7899165,0.00,0.00,0.00,true,true,0.00,4.00,0.00,905
1773230643000,64.1232202,-21.7899165,0.00,0.00,0.00,true,true,0.00,6.00,0.00,906
1773230652000,64.1232202,-21.7899165,0.00,0.00,0.00,true,true,0.00,9.00,0.00,907
1773230656000,64.1232202,-21.7899165,0.00,0.00,0.00,true,true,0.00,4.00,0.00,908
1773230658000,64.1232202,-21.7899165,0.00,0.00,0.00,true,true,0.00,2.00,0.00,909
1773230661000,64.1232202,-21.7899165,0.00,0.00,0.00,true,true,0.00,3.00,0.00,910
1773230663000,64.1232202,-21.7899165,0.00,0.00,0.00,true,true,0.00,2.00,0.00,911
1773230667000,64.1232202,-21.7899165,0.00,0.00,0.00,true,true,0.00,4.00,0.00,912
1773230671000,64.1232202,-21.7899165,0.00,0.00,0.00,true,true,0.00,4.00,0.00,913
1773230673000,64.1232202,-21.7899165,0.00,0.00,0.00,true,true,0.00,2.00,0.00,914
1773230678000,64.1232202,-21.7899165,0.00,0.00,0.00,true,true,0.00,5.00,0.00,915
1773230680000,64.1232202,-21.7899165,0.00,0.00,0.00,true,true,0.00,2.00,0.00,916
1773230682000,64.1232202,-21.7899165,0.00,0.00,0.00,true,true,0.00,2.00,0.00,917
1773230684000,64.1232202,-21.7899165,0.00,0.00,0.00,true,true,0.00,2.00,0.00,918
1773230688000,64.1232202,-21.7899165,0.00,0.00,0.00,true,true,0.00,4.00,0.00,919
1773230694000,64.1232202,-21.7899165,0.00,0.00,0.00,true,true,0.00,6.00,0.00,920
1773230697000,64.1232202,-21.7899165,0.00,0.00,0.00,true,true,0.00,3.00,0.00,921
1773230699000,64.1232202,-21.7899165,0.00,0.00,0.00,true,true,0.00,2.00,0.00,922
1773230701000,64.1232202,-21.7899165,0.00,0.00,0.00,true,true,0.00,2.00,0.00,923
1773230705000,64.1232202,-21.7899165,0.00,0.00,0.00,true,true,0.00,4.00,0.00,924
1773230707000,64.1232202,-21.7899165,0.00,0.00,0.00,true,true,0.00,2.00,0.00,925
1773230709000,64.1232202,-21.7899165,0.00,0.00,0.00,true,true,0.00,2.00,0.00,926
1773230714000,64.1232202,-21.7899165,0.00,0.00,0.00,true,true,0.00,5.00,0.00,927
1773230718000,64.1232202,-21.7899165,0.00,0.00,0.00,true,true,0.00,4.00,0.00,928
1773230724000,64.1232202,-21.7899165,0.00,0.00,0.00,true,true,0.00,6.00,0.00,929
1773230729000,64.1232211833333,-21.7899163333333,0.00,0.00,0.00,true,true,0.11,5.00,0.08,930
1773230733000,64.1232211833333,-21.7899163333333,0.00,0.00,0.00,true,true,0.01,4.00,0.01,931
1773230737000,64.1232211833333,-21.7899163333333,0.00,0.00,0.00,true,true,0.00,4.00,0.00,932
1773230739000,64.1232211833333,-21.7899163333333,0.00,0.00,0.00,true,true,0.00,2.00,0.00,933
1773230744000,64.1232211833333,-21.7899163333333,0.00,0.00,0.00,true,true,0.00,5.00,0.00,934
1773230750000,64.1232211833333,-21.7899163333333,0.00,0.00,0.00,true,true,0.00,6.00,0.00,935
1773230754000,64.1232211833333,-21.7899163333333,0.00,0.00,0.00,true,true,0.00,4.00,0.00,936
1773230758000,64.1232211833333,-21.7899163333333,0.00,0.00,0.00,true,true,0.00,4.00,0.00,937
1773230760000,64.1232211833333,-21.7899163333333,0.00,0.00,0.00,true,true,0.00,2.00,0.00,938
1773230768000,64.1232211833333,-21.7899163333333,0.00,0.00,0.00,true,true,0.00,8.00,0.00,939
1773230771000,64.1232211833333,-21.7899163333333,0.00,0.00,0.00,true,true,0.00,3.00,0.00,940
1773230773000,64.1232211833333,-21.7899163333333,0.00,0.00,0.00,true,true,0.00,2.00,0.00,941
1773230780000,64.1232211833333,-21.7899163333333,0.00,0.00,0.00,true,true,0.00,7.00,0.00,942
1773230784000,64.1232211833333,-21.7899163333333,0.00,0.00,0.00,true,true,0.00,4.00,0.00,943
1773230786000,64.1232211833333,-21.7899163333333,0.00,0.00,0.00,true,true,0.00,2.00,0.00,944
1773230789000,64.1232211833333,-21.7899163333333,0.00,0.00,0.00,true,true,0.00,3.00,0.00,945
1773230792000,64.1232211833333,-21.7899163333333,0.00,0.00,0.00,true,true,0.00,3.00,0.00,946
1773230794000,64.1232211833333,-21.7899163333333,0.00,0.00,0.00,true,true,0.00,2.00,0.00,947
1773230800000,64.1232211833333,-21.7899163333333,0.00,0.00,0.00,true,true,0.00,6.00,0.00,948
1773230804000,64.1232211833333,-21.7899163333333,0.00,0.00,0.00,true,true,0.00,4.00,0.00,949
1773230806000,64.1232211833333,-21.7899163333333,0.00,0.00,0.00,true,true,0.00,2.00,0.00,950
1773230808000,64.1232211833333,-21.7899163333333,0.00,0.00,0.00,true,true,0.00,2.00,0.00,951
1773230812000,64.1232211833333,-21.7899163333333,0.00,0.00,0.00,true,true,0.00,4.00,0.00,952
1773230816000,64.1232211833333,-21.7899163333333,0.00,0.00,0.00,true,true,0.00,4.00,0.00,953
1773230818000,64.1232211833333,-21.7899163333333,0.00,0.00,0.00,true,true,0.00,2.00,0.00,954
1773230820000,64.1232211833333,-21.7899163333333,0.00,0.00,0.00,true,true,0.00,2.00,0.00,955
1773230823000,64.1232211833333,-21.7899163333333,0.00,0.00,0.00,true,true,0.00,3.00,0.00,956
1773230825000,64.1232211833333,-21.7899163333333,0.00,0.00,0.00,true,true,0.00,2.00,0.00,957
1773230830000,64.1232211833333,-21.7899163333333,0.00,0.00,0.00,true,true,0.00,5.00,0.00,958
1773230834000,64.1232211833333,-21.7899163333333,0.00,0.00,0.00,true,true,0.00,4.00,0.00,959
1773230837000,64.1232211833333,-21.7899163333333,0.00,0.00,0.00,true,true,0.00,3.00,0.00,960
1773230839000,64.1232211833333,-21.7899163333333,0.00,0.00,0.00,true,true,0.00,2.00,0.00,961
1773230843000,64.1232211833333,-21.7899163333333,0.00,0.00,0.00,true,true,0.00,4.00,0.00,962
1773230846000,64.12322195,-21.7899163333333,0.00,0.00,0.00,true,true,0.09,3.00,0.10,963
1773230851000,64.12322195,-21.7899163333333,0.00,0.00,0.00,true,true,0.02,5.00,0.01,964
1773230856000,64.12322195,-21.7899163333333,0.00,0.00,0.00,true,true,0.00,5.00,0.00,965
1773230860000,64.12322195,-21.7899163333333,0.00,0.00,0.00,true,true,0.00,4.00,0.00,966
1773230863000,64.12322195,-21.7899163333333,0.00,0.00,0.00,true,true,0.00,3.00,0.00,967
1773230865000,64.12322195,-21.7899163333333,0.00,0.00,0.00,true,true,0.00,2.00,0.00,968
1773230868000,64.12322195,-21.7899163333333,0.00,0.00,0.00,true,true,0.00,3.00,0.00,969
1773230871000,64.12322195,-21.7899163333333,0.00,0.00,0.00,true,true,0.00,3.00,0.00,970
1773230874000,64.12322195,-21.7899163333333,0.00,0.00,0.00,true,true,0.00,3.00,0.00,971
1773230876000,64.12322195,-21.7899163333333,0.00,0.00,0.00,true,true,0.00,2.00,0.00,972
1773230879000,64.12322195,-21.7899163333333,0.00,0.00,0.00,true,true,0.00,3.00,0.00,973
1773230883000,64.12322195,-21.7899163333333,0.00,0.00,0.00,true,true,0.00,4.00,0.00,974
1773230886000,64.12322195,-21.7899163333333,0.00,0.00,0.00,true,true,0.00,3.00,0.00,975
1773230893000,64.12322195,-21.7899163333333,0.00,0.00,0.00,true,true,0.00,7.00,0.00,976
1773230895000,64.12322195,-21.7899163333333,0.00,0.00,0.00,true,true,0.00,2.00,0.00,977
1773230898000,64.12322195,-21.7899163333333,0.00,0.00,0.00,true,true,0.00,3.00,0.00,978
1773230902000,64.12322195,-21.7899163333333,0.00,0.00,0.00,true,true,0.00,4.00,0.00,979
1773230905000,64.12322195,-21.7899163333333,0.00,0.00,0.00,true,true,0.00,3.00,0.00,980
1773230908000,64.12322195,-21.7899163333333,0.00,0.00,0.00,true,true,0.00,3.00,0.00,981
1773230910000,64.12322195,-21.7899163333333,0.00,0.00,0.00,true,true,0.00,2.00,0.00,982
1773230915000,64.12322195,-21.7899163333333,0.00,0.00,0.00,true,true,0.00,5.00,0.00,983
1773230920000,64.12322195,-21.7899163333333,0.00,0.00,0.00,true,true,0.00,5.00,0.00,984
1773230922000,64.12322195,-21.7899163333333,0.00,0.00,0.00,true,true,0.00,2.00,0.00,985
1773230928000,64.12322195,-21.7899163333333,0.00,0.00,0.00,true,true,0.00,6.00,0.00,986
1773230930000,64.12322195,-21.7899163333333,0.00,0.00,0.00,true,true,0.00,2.00,0.00,987
1773230932000,64.12322195,-21.7899163333333,0.00,0.00,0.00,true,true,0.00,2.00,0.00,988
1773230936000,64.12322195,-21.7899163333333,0.00,0.00,0.00,true,true,0.00,4.00,0.00,989
1773230938000,64.12322195,-21.7899163333333,0.00,0.00,0.00,true,true,0.00,2.00,0.00,990
1773230940000,64.12322195,-21.7899163333333,0.00,0.00,0.00,true,true,0.00,2.00,0.00,991
1773230945000,64.12322195,-21.7899163333333,0.00,0.00,0.00,true,true,0.00,5.00,0.00,992
1773230950000,64.12322195,-21.7899163333333,0.00,0.00,0.00,true,true,0.00,5.00,0.00,993
1773230954000,64.12322195,-21.7899163333333,0.00,0.00,0.00,true,true,0.00,4.00,0.00,994
1773230958000,64.12322195,-21.7899163333333,0.00,0.00,0.00,true,true,0.00,4.00,0.00,995
1773230962000,64.12322195,-21.7899163333333,0.00,0.00,0.00,true,true,0.00,4.00,0.00,996
1773230964000,64.12322195,-21.7899163333333,0.00,0.00,0.00,true,true,0.00,2.00,0.00,997
1773230966000,64.1232243333333,-21.789917,0.00,0.00,0.00,true,true,0.27,2.00,0.48,998
1773230970000,64.1232243333333,-21.789917,0.00,0.00,0.00,true,true,0.08,4.00,0.07,999
1773230974000,64.1232243333333,-21.789917,0.00,0.00,0.00,true,true,0.01,4.00,0.01,1000
1773230980000,64.1232243333333,-21.789917,0.00,0.00,0.00,true,true,0.00,6.00,0.00,1001
1773230984000,64.1232243333333,-21.789917,0.00,0.00,0.00,true,true,0.00,4.00,0.00,1002
1773230986000,64.1232243333333,-21.789917,0.00,0.00,0.00,true,true,0.00,2.00,0.00,1003
1773230988000,64.1232243333333,-21.789917,0.00,0.00,0.00,true,true,0.00,2.00,0.00,1004
1773230992000,64.1232243333333,-21.789917,0.00,0.00,0.00,true,true,0.00,4.00,0.00,1005
1773230994000,64.1232243333333,-21.789917,0.00,0.00,0.00,true,true,0.00,2.00,0.00,1006
1773230999000,64.1232243333333,-21.789917,0.00,0.00,0.00,true,true,0.00,5.00,0.00,1007
1773231005000,64.1232243333333,-21.789917,0.00,0.00,0.00,true,true,0.00,6.00,0.00,1008
1773231009000,64.1232243333333,-21.789917,0.00,0.00,0.00,true,true,0.00,4.00,0.00,1009
1773231011000,64.1232243333333,-21.789917,0.00,0.00,0.00,true,true,0.00,2.00,0.00,1010
1773231013000,64.1232243333333,-21.789917,0.00,0.00,0.00,true,true,0.00,2.00,0.00,1011
1773231016000,64.1232243333333,-21.789917,0.00,0.00,0.00,true,true,0.00,3.00,0.00,1012
1773231019000,64.1232243333333,-21.789917,0.00,0.00,0.00,true,true,0.00,3.00,0.00,1013
1773231022000,64.1232243333333,-21.789917,0.00,0.00,0.00,true,true,0.00,3.00,0.00,1014
1773231025000,64.1232243333333,-21.789917,0.00,0.00,0.00,true,true,0.00,3.00,0.00,1015
1773231028000,64.1232243333333,-21.789917,0.00,0.00,0.00,true,true,0.00,3.00,0.00,1016
1773231033000,64.1232243333333,-21.789917,0.00,0.00,0.00,true,true,0.00,5.00,0.00,1017
1773231037000,64.1232243333333,-21.789917,0.00,0.00,0.00,true,true,0.00,4.00,0.00,1018
1773231039000,64.1232243333333,-21.789917,0.00,0.00,0.00,true,true,0.00,2.00,0.00,1019
1773231041000,64.1232243333333,-21.789917,0.00,0.00,0.00,true,true,0.00,2.00,0.00,1020
1773231043000,64.1232243333333,-21.789917,0.00,0.00,0.00,true,true,0.00,2.00,0.00,1021
1773231046000,64.1232243333333,-21.789917,0.00,0.00,0.00,true,true,0.00,3.00,0.00,1022
1773231049000,64.1232243333333,-21.789917,0.00,0.00,0.00,true,true,0.00,3.00,0.00,1023
1773231052000,64.1232243333333,-21.789917,0.00,0.00,0.00,true,true,0.00,3.00,0.00,1024
1773231058000,64.1232243333333,-21.789917,0.00,0.00,0.00,true,true,0.00,6.00,0.00,1025
1773231062000,64.1232243333333,-21.789917,0.00,0.00,0.00,true,true,0.00,4.00,0.00,1026
1773231064000,64.1232243333333,-21.789917,0.00,0.00,0.00,true,true,0.00,2.00,0.00,1027
1773231066000,64.1232243333333,-21.789917,0.00,0.00,0.00,true,true,0.00,2.00,0.00,1028
1773231069000,64.1232243333333,-21.789917,0.00,0.00,0.00,true,true,0.00,3.00,0.00,1029
1773231073000,64.1232243333333,-21.789917,0.00,0.00,0.00,true,true,0.00,4.00,0.00,1030
1773231081000,64.1232243333333,-21.789917,0.00,0.00,0.00,true,true,0.00,8.00,0.00,1031
1773231085000,64.1232243333333,-21.789917,0.00,0.00,0.00,true,true,0.00,4.00,0.00,1032
1773231087000,64.1232262,-21.7899166666667,0.00,0.00,0.00,true,true,0.21,2.00,0.37,1033
1773231090000,64.1232262,-21.7899166666667,0.00,0.00,0.00,true,true,0.06,3.00,0.07,1034
1773231094000,64.1232262,-21.7899166666667,0.00,0.00,0.00,true,true,0.01,4.00,0.01,1035
1773231096000,64.1232262,-21.7899166666667,0.00,0.00,0.00,true,true,0.00,2.00,0.00,1036
1773231100000,64.1232262,-21.7899166666667,0.00,0.00,0.00,true,true,0.00,4.00,0.00,1037
1773231104000,64.1232262,-21.7899166666667,0.00,0.00,0.00,true,true,0.00,4.00,0.00,1038
1773231106000,64.1232262,-21.7899166666667,0.00,0.00,0.00,true,true,0.00,2.00,0.00,1039
1773231109000,64.1232262,-21.7899166666667,0.00,0.00,0.00,true,true,0.00,3.00,0.00,1040
1773231111000,64.1232262,-21.7899166666667,0.00,0.00,0.00,true,true,0.00,2.00,0.00,1041
1773231115000,64.1232262,-21.7899166666667,0.00,0.00,0.00,true,true,0.00,4.00,0.00,1042
1773231117000,64.1232262,-21.7899166666667,0.00,0.00,0.00,true,true,0.00,2.00,0.00,1043
1773231121000,64.1232262,-21.7899166666667,0.00,0.00,0.00,true,true,0.00,4.00,0.00,1044
1773231123000,64.1232262,-21.7899166666667,0.00,0.00,0.00,true,true,0.00,2.00,0.00,1045
1773231128000,64.1232262,-21.7899166666667,0.00,0.00,0.00,true,true,0.00,5.00,0.00,1046
1773231130000,64.1232262,-21.7899166666667,0.00,0.00,0.00,true,true,0.00,2.00,0.00,1047
1773231132000,64.1232262,-21.7899166666667,0.00,0.00,0.00,true,true,0.00,2.00,0.00,1048
1773231135000,64.1232262,-21.7899166666667,0.00,0.00,0.00,true,true,0.00,3.00,0.00,1049
1773231143000,64.1232262,-21.7899166666667,0.00,0.00,0.00,true,true,0.00,8.00,0.00,1050
1773231147000,64.1232262,-21.7899166666667,0.00,0.00,0.00,true,true,0.00,4.00,0.00,1051
1773231149000,64.1232262,-21.7899166666667,0.00,0.00,0.00,true,true,0.00,2.00,0.00,1052
1773231151000,64.1232262,-21.7899166666667,0.00,0.00,0.00,true,true,0.00,2.00,0.00,1053
1773231154000,64.1232262,-21.7899166666667,0.00,0.00,0.00,true,true,0.00,3.00,0.00,1054
1773231158000,64.1232262,-21.7899166666667,0.00,0.00,0.00,true,true,0.00,4.00,0.00,1055
1773231160000,64.1232262,-21.7899166666667,0.00,0.00,0.00,true,true,0.00,2.00,0.00,1056
1773231166000,64.1232262,-21.7899166666667,0.00,0.00,0.00,true,true,0.00,6.00,0.00,1057
1773231168000,64.1232262,-21.7899166666667,0.00,0.00,0.00,true,true,0.00,2.00,0.00,1058
1773231170000,64.1232262,-21.7899166666667,0.00,0.00,0.00,true,true,0.00,2.00,0.00,1059
1773231175000,64.1232262,-21.7899166666667,0.00,0.00,0.00,true,true,0.00,5.00,0.00,1060
1773231177000,64.1232262,-21.7899166666667,0.00,0.00,0.00,true,true,0.00,2.00,0.00,1061
1773231179000,64.1232262,-21.7899166666667,0.00,0.00,0.00,true,true,0.00,2.00,0.00,1062
1773231181000,64.1232262,-21.7899166666667,0.00,0.00,0.00,true,true,0.00,2.00,0.00,1063
1773231185000,64.1232262,-21.7899166666667,0.00,0.00,0.00,true,true,0.00,4.00,0.00,1064
1773231189000,64.1232262,-21.7899166666667,0.00,0.00,0.00,true,true,0.00,4.00,0.00,1065
1773231191000,64.1232262,-21.7899166666667,0.00,0.00,0.00,true,true,0.00,2.00,0.00,1066
1773231195000,64.1232262,-21.7899166666667,0.00,0.00,0.00,true,true,0.00,4.00,0.00,1067
1773231197000,64.1232262,-21.7899166666667,0.00,0.00,0.00,true,true,0.00,2.00,0.00,1068
1773231201000,64.1232262,-21.7899166666667,0.00,0.00,0.00,true,true,0.00,4.00,0.00,1069
1773231206000,64.1232262,-21.7899166666667,0.00,0.00,0.00,true,true,0.00,5.00,0.00,1070
1773231208000,64.1232262,-21.7899166666667,0.00,0.00,0.00,true,true,0.00,2.00,0.00,1071
1773231210000,64.1232273333333,-21.7899165,0.00,0.00,0.00,true,true,0.13,2.00,0.23,1072
1773231214000,64.1232273333333,-21.7899165,0.00,0.00,0.00,true,true,0.04,4.00,0.03,1073
1773231216000,64.1232273333333,-21.7899165,0.00,0.00,0.00,true,true,0.01,2.00,0.01,1074
1773231222000,64.1232273333333,-21.7899165,0.00,0.00,0.00,true,true,0.00,6.00,0.00,1075
1773231225000,64.1232273333333,-21.7899165,0.00,0.00,0.00,true,true,0.00,3.00,0.00,1076
1773231227000,64.1232273333333,-21.7899165,0.00,0.00,0.00,true,true,0.00,2.00,0.00,1077
1773231231000,64.1232273333333,-21.7899165,0.00,0.00,0.00,true,true,0.00,4.00,0.00,1078
1773231233000,64.1232273333333,-21.7899165,0.00,0.00,0.00,true,true,0.00,2.00,0.00,1079
1773231235000,64.1232273333333,-21.7899165,0.00,0.00,0.00,true,true,0.00,2.00,0.00,1080
1773231238000,64.1232273333333,-21.7899165,0.00,0.00,0.00,true,true,0.00,3.00,0.00,1081
1773231240000,64.1232273333333,-21.7899165,0.00,0.00,0.00,true,true,0.00,2.00,0.00,1082
1773231246000,64.1232273333333,-21.7899165,0.00,0.00,0.00,true,true,0.00,6.00,0.00,1083
1773231250000,64.1232273333333,-21.7899165,0.00,0.00,0.00,true,true,0.00,4.00,0.00,1084
1773231252000,64.1232273333333,-21.7899165,0.00,0.00,0.00,true,true,0.00,2.00,0.00,1085
1773231255000,64.1232273333333,-21.7899165,0.00,0.00,0.00,true,true,0.00,3.00,0.00,1086
1773231257000,64.1232273333333,-21.7899165,0.00,0.00,0.00,true,true,0.00,2.00,0.00,1087
1773231259000,64.1232273333333,-21.7899165,0.00,0.00,0.00,true,true,0.00,2.00,0.00,1088
1773231264000,64.1232273333333,-21.7899165,0.00,0.00,0.00,true,true,0.00,5.00,0.00,1089
1773231266000,64.1232273333333,-21.7899165,0.00,0.00,0.00,true,true,0.00,2.00,0.00,1090
1773231271000,64.1232273333333,-21.7899165,0.00,0.00,0.00,true,true,0.00,5.00,0.00,1091
1773231273000,64.1232273333333,-21.7899165,0.00,0.00,0.00,true,true,0.00,2.00,0.00,1092
1773231275000,64.1232273333333,-21.7899165,0.00,0.00,0.00,true,true,0.00,2.00,0.00,1093
1773231279000,64.1232273333333,-21.7899165,0.00,0.00,0.00,true,true,0.00,4.00,0.00,1094
1773231281000,64.1232273333333,-21.7899165,0.00,0.00,0.00,true,true,0.00,2.00,0.00,1095
1773231285000,64.1232273333333,-21.7899165,0.00,0.00,0.00,true,true,0.00,4.00,0.00,1096
1773231287000,64.1232273333333,-21.7899165,0.00,0.00,0.00,true,true,0.00,2.00,0.00,1097
1773231293000,64.1232273333333,-21.7899165,0.00,0.00,0.00,true,true,0.00,6.00,0.00,1098
1773231296000,64.1232273333333,-21.7899165,0.00,0.00,0.00,true,true,0.00,3.00,0.00,1099
1773231301000,64.1232273333333,-21.7899165,0.00,0.00,0.00,true,true,0.00,5.00,0.00,1100
1773231305000,64.1232273333333,-21.7899165,0.00,0.00,0.00,true,true,0.00,4.00,0.00,1101
1773231307000,64.1232273333333,-21.7899165,0.00,0.00,0.00,true,true,0.00,2.00,0.00,1102
1773231312000,64.1232273333333,-21.7899165,0.00,0.00,0.00,true,true,0.00,5.00,0.00,1103
1773231316000,64.1232273333333,-21.7899165,0.00,0.00,0.00,true,true,0.00,4.00,0.00,1104
1773231318000,64.1232273333333,-21.7899165,0.00,0.00,0.00,true,true,0.00,2.00,0.00,1105
1773231322000,64.1232273333333,-21.7899165,0.00,0.00,0.00,true,true,0.00,4.00,0.00,1106
1773231327000,64.1232273333333,-21.7899165,0.00,0.00,0.00,true,true,0.00,5.00,0.00,1107
1773231331000,64.1232275166667,-21.7899166666667,0.00,0.00,0.00,true,true,0.02,4.00,0.02,1108
1773231333000,64.1232275166667,-21.7899166666667,0.00,0.00,0.00,true,true,0.00,2.00,0.00,1109
1773231336000,64.1232275166667,-21.7899166666667,0.00,0.00,0.00,true,true,0.00,3.00,0.00,1110
1773231340000,64.1232275166667,-21.7899166666667,0.00,0.00,0.00,true,true,0.00,4.00,0.00,1111
1773231342000,64.1232275166667,-21.7899166666667,0.00,0.00,0.00,true,true,0.00,2.00,0.00,1112
1773231345000,64.1232275166667,-21.7899166666667,0.00,0.00,0.00,true,true,0.00,3.00,0.00,1113
1773231351000,64.1232275166667,-21.7899166666667,0.00,0.00,0.00,true,true,0.00,6.00,0.00,1114
1773231353000,64.1232275166667,-21.7899166666667,0.00,0.00,0.00,true,true,0.00,2.00,0.00,1115
1773231357000,64.1232275166667,-21.7899166666667,0.00,0.00,0.00,true,true,0.00,4.00,0.00,1116
1773231364000,64.1232275166667,-21.7899166666667,0.00,0.00,0.00,true,true,0.00,7.00,0.00,1117
1773231369000,64.1232275166667,-21.7899166666667,0.00,0.00,0.00,true,true,0.00,5.00,0.00,1118
1773231371000,64.1232275166667,-21.7899166666667,0.00,0.00,0.00,true,true,0.00,2.00,0.00,1119
1773231374000,64.1232275166667,-21.7899166666667,0.00,0.00,0.00,true,true,0.00,3.00,0.00,1120
1773231378000,64.1232275166667,-21.7899166666667,0.00,0.00,0.00,true,true,0.00,4.00,0.00,1121
1773231380000,64.1232275166667,-21.7899166666667,0.00,0.00,0.00,true,true,0.00,2.00,0.00,1122
1773231383000,64.1232275166667,-21.7899166666667,0.00,0.00,0.00,true,true,0.00,3.00,0.00,1123
1773231387000,64.1232275166667,-21.7899166666667,0.00,0.00,0.00,true,true,0.00,4.00,0.00,1124
1773231389000,64.1232275166667,-21.7899166666667,0.00,0.00,0.00,true,true,0.00,2.00,0.00,1125
1773231394000,64.1232275166667,-21.7899166666667,0.00,0.00,0.00,true,true,0.00,5.00,0.00,1126
1773231396000,64.1232275166667,-21.7899166666667,0.00,0.00,0.00,true,true,0.00,2.00,0.00,1127
1773231406000,64.1232275166667,-21.7899166666667,0.00,0.00,0.00,true,true,0.00,10.00,0.00,1128
1773231410000,64.1232275166667,-21.7899166666667,0.00,0.00,0.00,true,true,0.00,4.00,0.00,1129
1773231412000,64.1232275166667,-21.7899166666667,0.00,0.00,0.00,true,true,0.00,2.00,0.00,1130
1773231415000,64.1232275166667,-21.7899166666667,0.00,0.00,0.00,true,true,0.00,3.00,0.00,1131
1773231424000,64.1232275166667,-21.7899166666667,0.00,0.00,0.00,true,true,0.00,9.00,0.00,1132
1773231426000,64.1232275166667,-21.7899166666667,0.00,0.00,0.00,true,true,0.00,2.00,0.00,1133
1773231429000,64.1232275166667,-21.7899166666667,0.00,0.00,0.00,true,true,0.00,3.00,0.00,1134
1773231431000,64.1232275166667,-21.7899166666667,0.00,0.00,0.00,true,true,0.00,2.00,0.00,1135
1773231435000,64.1232275166667,-21.7899166666667,0.00,0.00,0.00,true,true,0.00,4.00,0.00,1136
1773231437000,64.1232275166667,-21.7899166666667,0.00,0.00,0.00,true,true,0.00,2.00,0.00,1137
1773231443000,64.1232275166667,-21.7899166666667,0.00,0.00,0.00,true,true,0.00,6.00,0.00,1138
1773231446000,64.1232275166667,-21.7899166666667,0.00,0.00,0.00,true,true,0.00,3.00,0.00,1139
1773231450000,64.1232271,-21.7899161666667,0.00,0.00,0.00,true,true,0.05,4.00,0.05,1140
1773231452000,64.1232271,-21.7899161666667,0.00,0.00,0.00,true,true,0.01,2.00,0.01,1141
1773231455000,64.1232271,-21.7899161666667,0.00,0.00,0.00,true,true,0.00,3.00,0.00,1142
1773231457000,64.1232271,-21.7899161666667,0.00,0.00,0.00,true,true,0.00,2.00,0.00,1143
1773231459000,64.1232271,-21.7899161666667,0.00,0.00,0.00,true,true,0.00,2.00,0.00,1144
1773231463000,64.1232271,-21.7899161666667,0.00,0.00,0.00,true,true,0.00,4.00,0.00,1145
1773231465000,64.1232271,-21.7899161666667,0.00,0.00,0.00,true,true,0.00,2.00,0.00,1146
1773231467000,64.1232271,-21.7899161666667,0.00,0.00,0.00,true,true,0.00,2.00,0.00,1147
1773231470000,64.1232271,-21.7899161666667,0.00,0.00,0.00,true,true,0.00,3.00,0.00,1148
1773231473000,64.1232271,-21.7899161666667,0.00,0.00,0.00,true,true,0.00,3.00,0.00,1149
1773231477000,64.1232271,-21.7899161666667,0.00,0.00,0.00,true,true,0.00,4.00,0.00,1150
1773231479000,64.1232271,-21.7899161666667,0.00,0.00,0.00,true,true,0.00,2.00,0.00,1151
1773231484000,64.1232271,-21.7899161666667,0.00,0.00,0.00,true,true,0.00,5.00,0.00,1152
1773231486000,64.1232271,-21.7899161666667,0.00,0.00,0.00,true,true,0.00,2.00,0.00,1153
1773231489000,64.1232271,-21.7899161666667,0.00,0.00,0.00,true,true,0.00,3.00,0.00,1154
1773231492000,64.1232271,-21.7899161666667,0.00,0.00,0.00,true,true,0.00,3.00,0.00,1155
1773231497000,64.1232271,-21.7899161666667,0.00,0.00,0.00,true,true,0.00,5.00,0.00,1156
1773231501000,64.1232271,-21.7899161666667,0.00,0.00,0.00,true,true,0.00,4.00,0.00,1157
1773231504000,64.1232271,-21.7899161666667,0.00,0.00,0.00,true,true,0.00,3.00,0.00,1158
1773231507000,64.1232271,-21.7899161666667,0.00,0.00,0.00,true,true,0.00,3.00,0.00,1159
1773231510000,64.1232271,-21.7899161666667,0.00,0.00,0.00,true,true,0.00,3.00,0.00,1160
1773231512000,64.1232271,-21.7899161666667,0.00,0.00,0.00,true,true,0.00,2.00,0.00,1161
1773231515000,64.1232271,-21.7899161666667,0.00,0.00,0.00,true,true,0.00,3.00,0.00,1162
1773231517000,64.1232271,-21.7899161666667,0.00,0.00,0.00,true,true,0.00,2.00,0.00,1163
1773231521000,64.1232271,-21.7899161666667,0.00,0.00,0.00,true,true,0.00,4.00,0.00,1164
1773231527000,64.1232271,-21.7899161666667,0.00,0.00,0.00,true,true,0.00,6.00,0.00,1165
1773231529000,64.1232271,-21.7899161666667,0.00,0.00,0.00,true,true,0.00,2.00,0.00,1166
1773231532000,64.1232271,-21.7899161666667,0.00,0.00,0.00,true,true,0.00,3.00,0.00,1167
1773231534000,64.1232271,-21.7899161666667,0.00,0.00,0.00,true,true,0.00,2.00,0.00,1168
1773231536000,64.1232271,-21.7899161666667,0.00,0.00,0.00,true,true,0.00,2.00,0.00,1169
1773231541000,64.1232271,-21.7899161666667,0.00,0.00,0.00,true,true,0.00,5.00,0.00,1170
1773231544000,64.1232271,-21.7899161666667,0.00,0.00,0.00,true,true,0.00,3.00,0.00,1171
1773231550000,64.1232271,-21.7899161666667,0.00,0.00,0.00,true,true,0.00,6.00,0.00,1172
1773231553000,64.1232271,-21.7899161666667,0.00,0.00,0.00,true,true,0.00,3.00,0.00,1173
1773231555000,64.1232271,-21.7899161666667,0.00,0.00,0.00,true,true,0.00,2.00,0.00,1174
1773231560000,64.1232271,-21.7899161666667,0.00,0.00,0.00,true,true,0.00,5.00,0.00,1175
1773231563000,64.1232271,-21.7899161666667,0.00,0.00,0.00,true,true,0.00,3.00,0.00,1176
1773231565000,64.1232271,-21.7899161666667,0.00,0.00,0.00,true,true,0.00,2.00,0.00,1177
1773231570000,64.12322705,-21.7899168333333,0.00,0.00,0.00,true,true,0.03,5.00,0.02,1178
1773231574000,64.12322705,-21.7899168333333,0.00,0.00,0.00,true,true,0.00,4.00,0.00,1179
1773231576000,64.12322705,-21.7899168333333,0.00,0.00,0.00,true,true,0.00,2.00,0.00,1180
1773231579000,64.12322705,-21.7899168333333,0.00,0.00,0.00,true,true,0.00,3.00,0.00,1181
1773231584000,64.12322705,-21.7899168333333,0.00,0.00,0.00,true,true,0.00,5.00,0.00,1182
1773231589000,64.12322705,-21.7899168333333,0.00,0.00,0.00,true,true,0.00,5.00,0.00,1183
1773231591000,64.12322705,-21.7899168333333,0.00,0.00,0.00,true,true,0.00,2.00,0.00,1184
1773231594000,64.12322705,-21.7899168333333,0.00,0.00,0.00,true,true,0.00,3.00,0.00,1185
1773231596000,64.12322705,-21.7899168333333,0.00,0.00,0.00,true,true,0.00,2.00,0.00,1186
1773231598000,64.12322705,-21.7899168333333,0.00,0.00,0.00,true,true,0.00,2.00,0.00,1187
1773231602000,64.12322705,-21.7899168333333,0.00,0.00,0.00,true,true,0.00,4.00,0.00,1188
1773231604000,64.12322705,-21.7899168333333,0.00,0.00,0.00,true,true,0.00,2.00,0.00,1189
1773231608000,64.12322705,-21.7899168333333,0.00,0.00,0.00,true,true,0.00,4.00,0.00,1190
1773231610000,64.12322705,-21.7899168333333,0.00,0.00,0.00,true,true,0.00,2.00,0.00,1191
1773231613000,64.12322705,-21.7899168333333,0.00,0.00,0.00,true,true,0.00,3.00,0.00,1192
1773231615000,64.12322705,-21.7899168333333,0.00,0.00,0.00,true,true,0.00,2.00,0.00,1193
1773231619000,64.12322705,-21.7899168333333,0.00,0.00,0.00,true,true,0.00,4.00,0.00,1194
1773231625000,64.12322705,-21.7899168333333,0.00,0.00,0.00,true,true,0.00,6.00,0.00,1195
1773231636000,64.12322705,-21.7899168333333,0.00,0.00,0.00,true,true,0.00,11.00,0.00,1196
1773231638000,64.12322705,-21.7899168333333,0.00,0.00,0.00,true,true,0.00,2.00,0.00,1197
1773231641000,64.12322705,-21.7899168333333,0.00,0.00,0.00,true,true,0.00,3.00,0.00,1198
1773231647000,64.12322705,-21.7899168333333,0.00,0.00,0.00,true,true,0.00,6.00,0.00,1199
1773231649000,64.12322705,-21.7899168333333,0.00,0.00,0.00,true,true,0.00,2.00,0.00,1200
1773231652000,64.12322705,-21.7899168333333,0.00,0.00,0.00,true,true,0.00,3.00,0.00,1201
1773231654000,64.12322705,-21.7899168333333,0.00,0.00,0.00,true,true,0.00,2.00,0.00,1202
1773231656000,64.12322705,-21.7899168333333,0.00,0.00,0.00,true,true,0.00,2.00,0.00,1203
1773231660000,64.12322705,-21.7899168333333,0.00,0.00,0.00,true,true,0.00,4.00,0.00,1204
1773231662000,64.12322705,-21.7899168333333,0.00,0.00,0.00,true,true,0.00,2.00,0.00,1205
1773231668000,64.12322705,-21.7899168333333,0.00,0.00,0.00,true,true,0.00,6.00,0.00,1206
1773231671000,64.12322705,-21.7899168333333,0.00,0.00,0.00,true,true,0.00,3.00,0.00,1207
1773231674000,64.12322705,-21.7899168333333,0.00,0.00,0.00,true,true,0.00,3.00,0.00,1208
1773231677000,64.12322705,-21.7899168333333,0.00,0.00,0.00,true,true,0.00,3.00,0.00,1209
1773231679000,64.12322705,-21.7899168333333,0.00,0.00,0.00,true,true,0.00,2.00,0.00,1210
1773231682000,64.12322705,-21.7899168333333,0.00,0.00,0.00,true,true,0.00,3.00,0.00,1211
1773231684000,64.12322705,-21.7899168333333,0.00,0.00,0.00,true,true,0.00,2.00,0.00,1212
1773231686000,64.12322705,-21.7899168333333,0.00,0.00,0.00,true,true,0.00,2.00,0.00,1213
1773231690000,64.12322705,-21.7899168333333,0.00,0.00,0.00,true,true,0.00,4.00,0.00,1214
1773231692000,64.1232272,-21.7899178333333,0.00,0.00,0.00,true,true,0.05,2.00,0.09,1215
1773231694000,64.1232272,-21.7899178333333,0.00,0.00,0.00,true,true,0.01,2.00,0.03,1216
1773231700000,64.1232272,-21.7899178333333,0.00,0.00,0.00,true,true,0.00,6.00,0.00,1217
1773231706000,64.1232272,-21.7899178333333,0.00,0.00,0.00,true,true,0.00,6.00,0.00,1218
1773231708000,64.1232272,-21.7899178333333,0.00,0.00,0.00,true,true,0.00,2.00,0.00,1219
1773231710000,64.1232272,-21.7899178333333,0.00,0.00,0.00,true,true,0.00,2.00,0.00,1220
1773231715000,64.1232272,-21.7899178333333,0.00,0.00,0.00,true,true,0.00,5.00,0.00,1221
1773231719000,64.1232272,-21.7899178333333,0.00,0.00,0.00,true,true,0.00,4.00,0.00,1222
1773231721000,64.1232272,-21.7899178333333,0.00,0.00,0.00,true,true,0.00,2.00,0.00,1223
1773231725000,64.1232272,-21.7899178333333,0.00,0.00,0.00,true,true,0.00,4.00,0.00,1224
1773231730000,64.1232272,-21.7899178333333,0.00,0.00,0.00,true,true,0.00,5.00,0.00,1225
1773231732000,64.1232272,-21.7899178333333,0.00,0.00,0.00,true,true,0.00,2.00,0.00,1226
1773231735000,64.1232272,-21.7899178333333,0.00,0.00,0.00,true,true,0.00,3.00,0.00,1227
1773231738000,64.1232272,-21.7899178333333,0.00,0.00,0.00,true,true,0.00,3.00,0.00,1228
1773231740000,64.1232272,-21.7899178333333,0.00,0.00,0.00,true,true,0.00,2.00,0.00,1229
1773231746000,64.1232272,-21.7899178333333,0.00,0.00,0.00,true,true,0.00,6.00,0.00,1230
1773231750000,64.1232272,-21.7899178333333,0.00,0.00,0.00,true,true,0.00,4.00,0.00,1231
1773231752000,64.1232272,-21.7899178333333,0.00,0.00,0.00,true,true,0.00,2.00,0.00,1232
1773231759000,64.1232272,-21.7899178333333,0.00,0.00,0.00,true,true,0.00,7.00,0.00,1233
1773231764000,64.1232272,-21.7899178333333,0.00,0.00,0.00,true,true,0.00,5.00,0.00,1234
1773231768000,64.1232272,-21.7899178333333,0.00,0.00,0.00,true,true,0.00,4.00,0.00,1235
1773231770000,64.1232272,-21.7899178333333,0.00,0.00,0.00,true,true,0.00,2.00,0.00,1236
1773231772000,64.1232272,-21.7899178333333,0.00,0.00,0.00,true,true,0.00,2.00,0.00,1237
1773231774000,64.1232272,-21.7899178333333,0.00,0.00,0.00,true,true,0.00,2.00,0.00,1238
1773231778000,64.1232272,-21.7899178333333,0.00,0.00,0.00,true,true,0.00,4.00,0.00,1239
1773231780000,64.1232272,-21.7899178333333,0.00,0.00,0.00,true,true,0.00,2.00,0.00,1240
1773231782000,64.1232272,-21.7899178333333,0.00,0.00,0.00,true,true,0.00,2.00,0.00,1241
1773231787000,64.1232272,-21.7899178333333,0.00,0.00,0.00,true,true,0.00,5.00,0.00,1242
1773231790000,64.1232272,-21.7899178333333,0.00,0.00,0.00,true,true,0.00,3.00,0.00,1243
1773231792000,64.1232272,-21.7899178333333,0.00,0.00,0.00,true,true,0.00,2.00,0.00,1244
1773231796000,64.1232272,-21.7899178333333,0.00,0.00,0.00,true,true,0.00,4.00,0.00,1245
1773231798000,64.1232272,-21.7899178333333,0.00,0.00,0.00,true,true,0.00,2.00,0.00,1246
1773231805000,64.1232272,-21.7899178333333,0.00,0.00,0.00,true,true,0.00,7.00,0.00,1247
1773231807000,64.1232272,-21.7899178333333,0.00,0.00,0.00,true,true,0.00,2.00,0.00,1248
1773231810000,64.1232271833333,-21.7899193333333,0.00,0.00,0.00,true,true,0.07,3.00,0.09,1249
1773231812000,64.1232271833333,-21.7899193333333,0.00,0.00,0.00,true,true,0.01,2.00,0.03,1250
1773231816000,64.1232271833333,-21.7899193333333,0.00,0.00,0.00,true,true,0.00,4.00,0.00,1251
1773231818000,64.1232271833333,-21.7899193333333,0.00,0.00,0.00,true,true,0.00,2.00,0.00,1252
1773231820000,64.1232271833333,-21.7899193333333,0.00,0.00,0.00,true,true,0.00,2.00,0.00,1253
1773231822000,64.1232271833333,-21.7899193333333,0.00,0.00,0.00,true,true,0.00,2.00,0.00,1254
1773231827000,64.1232271833333,-21.7899193333333,0.00,0.00,0.00,true,true,0.00,5.00,0.00,1255
1773231831000,64.1232271833333,-21.7899193333333,0.00,0.00,0.00,true,true,0.00,4.00,0.00,1256
1773231833000,64.1232271833333,-21.7899193333333,0.00,0.00,0.00,true,true,0.00,2.00,0.00,1257
1773231839000,64.1232271833333,-21.7899193333333,0.00,0.00,0.00,true,true,0.00,6.00,0.00,1258
1773231843000,64.1232271833333,-21.7899193333333,0.00,0.00,0.00,true,true,0.00,4.00,0.00,1259
1773231848000,64.1232271833333,-21.7899193333333,0.00,0.00,0.00,true,true,0.00,5.00,0.00,1260
1773231851000,64.1232271833333,-21.7899193333333,0.00,0.00,0.00,true,true,0.00,3.00,0.00,1261
1773231855000,64.1232271833333,-21.7899193333333,0.00,0.00,0.00,true,true,0.00,4.00,0.00,1262
1773231861000,64.1232271833333,-21.7899193333333,0.00,0.00,0.00,true,true,0.00,6.00,0.00,1263
1773231864000,64.1232271833333,-21.7899193333333,0.00,0.00,0.00,true,true,0.00,3.00,0.00,1264
1773231866000,64.1232271833333,-21.7899193333333,0.00,0.00,0.00,true,true,0.00,2.00,0.00,1265
1773231868000,64.1232271833333,-21.7899193333333,0.00,0.00,0.00,true,true,0.00,2.00,0.00,1266
1773231871000,64.1232271833333,-21.7899193333333,0.00,0.00,0.00,true,true,0.00,3.00,0.00,1267
1773231873000,64.1232271833333,-21.7899193333333,0.00,0.00,0.00,true,true,0.00,2.00,0.00,1268
1773231877000,64.1232271833333,-21.7899193333333,0.00,0.00,0.00,true,true,0.00,4.00,0.00,1269
1773231883000,64.1232271833333,-21.7899193333333,0.00,0.00,0.00,true,true,0.00,6.00,0.00,1270
1773231888000,64.1232271833333,-21.7899193333333,0.00,0.00,0.00,true,true,0.00,5.00,0.00,1271
1773231890000,64.1232271833333,-21.7899193333333,0.00,0.00,0.00,true,true,0.00,2.00,0.00,1272
1773231894000,64.1232271833333,-21.7899193333333,0.00,0.00,0.00,true,true,0.00,4.00,0.00,1273
1773231898000,64.1232271833333,-21.7899193333333,0.00,0.00,0.00,true,true,0.00,4.00,0.00,1274
1773231901000,64.1232271833333,-21.7899193333333,0.00,0.00,0.00,true,true,0.00,3.00,0.00,1275
1773231903000,64.1232271833333,-21.7899193333333,0.00,0.00,0.00,true,true,0.00,2.00,0.00,1276
1773231905000,64.1232271833333,-21.7899193333333,0.00,0.00,0.00,true,true,0.00,2.00,0.00,1277
1773231908000,64.1232271833333,-21.7899193333333,0.00,0.00,0.00,true,true,0.00,3.00,0.00,1278
1773231911000,64.1232271833333,-21.7899193333333,0.00,0.00,0.00,true,true,0.00,3.00,0.00,1279
1773231915000,64.1232271833333,-21.7899193333333,0.00,0.00,0.00,true,true,0.00,4.00,0.00,1280
1773231917000,64.1232271833333,-21.7899193333333,0.00,0.00,0.00,true,true,0.00,2.00,0.00,1281
1773231920000,64.1232271833333,-21.7899193333333,0.00,0.00,0.00,true,true,0.00,3.00,0.00,1282
1773231922000,64.1232271833333,-21.7899193333333,0.00,0.00,0.00,true,true,0.00,2.00,0.00,1283
1773231924000,64.1232271833333,-21.7899193333333,0.00,0.00,0.00,true,true,0.00,2.00,0.00,1284
1773231928000,64.1232271833333,-21.7899193333333,0.00,0.00,0.00,true,true,0.00,4.00,0.00,1285
1773231930000,64.1232272,-21.7899201666667,0.00,0.00,0.00,true,true,0.04,2.00,0.07,1286
1773231936000,64.1232272,-21.7899201666667,0.00,0.00,0.00,true,true,0.01,6.00,0.01,1287
1773231940000,64.1232272,-21.7899201666667,0.00,0.00,0.00,true,true,0.00,4.00,0.00,1288
1773231942000,64.1232272,-21.7899201666667,0.00,0.00,0.00,true,true,0.00,2.00,0.00,1289
1773231945000,64.1232272,-21.7899201666667,0.00,0.00,0.00,true,true,0.00,3.00,0.00,1290
1773231949000,64.1232272,-21.7899201666667,0.00,0.00,0.00,true,true,0.00,4.00,0.00,1291
1773231955000,64.1232272,-21.7899201666667,0.00,0.00,0.00,true,true,0.00,6.00,0.00,1292
1773231958000,64.1232272,-21.7899201666667,0.00,0.00,0.00,true,true,0.00,3.00,0.00,1293
1773231960000,64.1232272,-21.7899201666667,0.00,0.00,0.00,true,true,0.00,2.00,0.00,1294
1773231963000,64.1232272,-21.7899201666667,0.00,0.00,0.00,true,true,0.00,3.00,0.00,1295
1773231966000,64.1232272,-21.7899201666667,0.00,0.00,0.00,true,true,0.00,3.00,0.00,1296
1773231971000,64.1232272,-21.7899201666667,0.00,0.00,0.00,true,true,0.00,5.00,0.00,1297
1773231977000,64.1232272,-21.7899201666667,0.00,0.00,0.00,true,true,0.00,6.00,0.00,1298
1773231979000,64.1232272,-21.7899201666667,0.00,0.00,0.00,true,true,0.00,2.00,0.00,1299
1773231981000,64.1232272,-21.7899201666667,0.00,0.00,0.00,true,true,0.00,2.00,0.00,1300
1773231984000,64.1232272,-21.7899201666667,0.00,0.00,0.00,true,true,0.00,3.00,0.00,1301
1773231990000,64.1232272,-21.7899201666667,0.00,0.00,0.00,true,true,0.00,6.00,0.00,1302
1773231992000,64.1232272,-21.7899201666667,0.00,0.00,0.00,true,true,0.00,2.00,0.00,1303
1773231996000,64.1232272,-21.7899201666667,0.00,0.00,0.00,true,true,0.00,4.00,0.00,1304
1773232002000,64.1232272,-21.7899201666667,0.00,0.00,0.00,true,true,0.00,6.00,0.00,1305
1773232005000,64.1232272,-21.7899201666667,0.00,0.00,0.00,true,true,0.00,3.00,0.00,1306
1773232009000,64.1232272,-21.7899201666667,0.00,0.00,0.00,true,true,0.00,4.00,0.00,1307
1773232011000,64.1232272,-21.7899201666667,0.00,0.00,0.00,true,true,0.00,2.00,0.00,1308
1773232016000,64.1232272,-21.7899201666667,0.00,0.00,0.00,true,true,0.00,5.00,0.00,1309
1773232020000,64.1232272,-21.7899201666667,0.00,0.00,0.00,true,true,0.00,4.00,0.00,1310
1773232022000,64.1232272,-21.7899201666667,0.00,0.00,0.00,true,true,0.00,2.00,0.00,1311
1773232025000,64.1232272,-21.7899201666667,0.00,0.00,0.00,true,true,0.00,3.00,0.00,1312
1773232027000,64.1232272,-21.7899201666667,0.00,0.00,0.00,true,true,0.00,2.00,0.00,1313
1773232030000,64.1232272,-21.7899201666667,0.00,0.00,0.00,true,true,0.00,3.00,0.00,1314
1773232032000,64.1232272,-21.7899201666667,0.00,0.00,0.00,true,true,0.00,2.00,0.00,1315
1773232035000,64.1232272,-21.7899201666667,0.00,0.00,0.00,true,true,0.00,3.00,0.00,1316
1773232039000,64.1232272,-21.7899201666667,0.00,0.00,0.00,true,true,0.00,4.00,0.00,1317
1773232041000,64.1232272,-21.7899201666667,0.00,0.00,0.00,true,true,0.00,2.00,0.00,1318
1773232044000,64.1232272,-21.7899201666667,0.00,0.00,0.00,true,true,0.00,3.00,0.00,1319
1773232046000,64.1232272,-21.7899201666667,0.00,0.00,0.00,true,true,0.00,2.00,0.00,1320
1773232050000,64.12322775,-21.7899218333333,0.00,0.00,0.00,true,true,0.10,4.00,0.09,1321
1773232052000,64.12322775,-21.7899218333333,0.00,0.00,0.00,true,true,0.01,2.00,0.03,1322
1773232055000,64.12322775,-21.7899218333333,0.00,0.00,0.00,true,true,0.00,3.00,0.00,1323
1773232061000,64.12322775,-21.7899218333333,0.00,0.00,0.00,true,true,0.00,6.00,0.00,1324
1773232063000,64.12322775,-21.7899218333333,0.00,0.00,0.00,true,true,0.00,2.00,0.00,1325
1773232066000,64.12322775,-21.7899218333333,0.00,0.00,0.00,true,true,0.00,3.00,0.00,1326
1773232068000,64.12322775,-21.7899218333333,0.00,0.00,0.00,true,true,0.00,2.00,0.00,1327
1773232074000,64.12322775,-21.7899218333333,0.00,0.00,0.00,true,true,0.00,6.00,0.00,1328
1773232078000,64.12322775,-21.7899218333333,0.00,0.00,0.00,true,true,0.00,4.00,0.00,1329
1773232080000,64.12322775,-21.7899218333333,0.00,0.00,0.00,true,true,0.00,2.00,0.00,1330
1773232082000,64.12322775,-21.7899218333333,0.00,0.00,0.00,true,true,0.00,2.00,0.00,1331
1773232085000,64.12322775,-21.7899218333333,0.00,0.00,0.00,true,true,0.00,3.00,0.00,1332
1773232089000,64.12322775,-21.7899218333333,0.00,0.00,0.00,true,true,0.00,4.00,0.00,1333
1773232093000,64.12322775,-21.7899218333333,0.00,0.00,0.00,true,true,0.00,4.00,0.00,1334
1773232099000,64.12322775,-21.7899218333333,0.00,0.00,0.00,true,true,0.00,6.00,0.00,1335
1773232104000,64.12322775,-21.7899218333333,0.00,0.00,0.00,true,true,0.00,5.00,0.00,1336
1773232106000,64.12322775,-21.7899218333333,0.00,0.00,0.00,true,true,0.00,2.00,0.00,1337
1773232108000,64.12322775,-21.7899218333333,0.00,0.00,0.00,true,true,0.00,2.00,0.00,1338
1773232113000,64.12322775,-21.7899218333333,0.00,0.00,0.00,true,true,0.00,5.00,0.00,1339
1773232119000,64.12322775,-21.7899218333333,0.00,0.00,0.00,true,true,0.00,6.00,0.00,1340
1773232121000,64.12322775,-21.7899218333333,0.00,0.00,0.00,true,true,0.00,2.00,0.00,1341
1773232125000,64.12322775,-21.7899218333333,0.00,0.00,0.00,true,true,0.00,4.00,0.00,1342
1773232127000,64.12322775,-21.7899218333333,0.00,0.00,0.00,true,true,0.00,2.00,0.00,1343
1773232129000,64.12322775,-21.7899218333333,0.00,0.00,0.00,true,true,0.00,2.00,0.00,1344
1773232132000,64.12322775,-21.7899218333333,0.00,0.00,0.00,true,true,0.00,3.00,0.00,1345
1773232136000,64.12322775,-21.7899218333333,0.00,0.00,0.00,true,true,0.00,4.00,0.00,1346
1773232142000,64.12322775,-21.7899218333333,0.00,0.00,0.00,true,true,0.00,6.00,0.00,1347
1773232145000,64.12322775,-21.7899218333333,0.00,0.00,0.00,true,true,0.00,3.00,0.00,1348
1773232149000,64.12322775,-21.7899218333333,0.00,0.00,0.00,true,true,0.00,4.00,0.00,1349
1773232151000,64.12322775,-21.7899218333333,0.00,0.00,0.00,true,true,0.00,2.00,0.00,1350
1773232155000,64.12322775,-21.7899218333333,0.00,0.00,0.00,true,true,0.00,4.00,0.00,1351
1773232157000,64.12322775,-21.7899218333333,0.00,0.00,0.00,true,true,0.00,2.00,0.00,1352
1773232159000,64.12322775,-21.7899218333333,0.00,0.00,0.00,true,true,0.00,2.00,0.00,1353
1773232163000,64.12322775,-21.7899218333333,0.00,0.00,0.00,true,true,0.00,4.00,0.00,1354
1773232168000,64.12322775,-21.7899218333333,0.00,0.00,0.00,true,true,0.00,5.00,0.00,1355
1773232170000,64.12322775,-21.7899218333333,0.00,0.00,0.00,true,true,0.00,2.00,0.00,1356
1773232174000,64.1232290166667,-21.7899226666667,0.00,0.00,0.00,true,true,0.15,4.00,0.13,1357
1773232179000,64.1232290166667,-21.7899226666667,0.00,0.00,0.00,true,true,0.02,5.00,0.01,1358
1773232183000,64.1232290166667,-21.7899226666667,0.00,0.00,0.00,true,true,0.00,4.00,0.00,1359
1773232187000,64.1232290166667,-21.7899226666667,0.00,0.00,0.00,true,true,0.00,4.00,0.00,1360
1773232189000,64.1232290166667,-21.7899226666667,0.00,0.00,0.00,true,true,0.00,2.00,0.00,1361
1773232191000,64.1232290166667,-21.7899226666667,0.00,0.00,0.00,true,true,0.00,2.00,0.00,1362
1773232193000,64.1232290166667,-21.7899226666667,0.00,0.00,0.00,true,true,0.00,2.00,0.00,1363
1773232196000,64.1232290166667,-21.7899226666667,0.00,0.00,0.00,true,true,0.00,3.00,0.00,1364
1773232199000,64.1232290166667,-21.7899226666667,0.00,0.00,0.00,true,true,0.00,3.00,0.00,1365
1773232202000,64.1232290166667,-21.7899226666667,0.00,0.00,0.00,true,true,0.00,3.00,0.00,1366
1773232204000,64.1232290166667,-21.7899226666667,0.00,0.00,0.00,true,true,0.00,2.00,0.00,1367
1773232208000,64.1232290166667,-21.7899226666667,0.00,0.00,0.00,true,true,0.00,4.00,0.00,1368
1773232214000,64.1232290166667,-21.7899226666667,0.00,0.00,0.00,true,true,0.00,6.00,0.00,1369
1773232218000,64.1232290166667,-21.7899226666667,0.00,0.00,0.00,true,true,0.00,4.00,0.00,1370
1773232220000,64.1232290166667,-21.7899226666667,0.00,0.00,0.00,true,true,0.00,2.00,0.00,1371
1773232223000,64.1232290166667,-21.7899226666667,0.00,0.00,0.00,true,true,0.00,3.00,0.00,1372
1773232227000,64.1232290166667,-21.7899226666667,0.00,0.00,0.00,true,true,0.00,4.00,0.00,1373
1773232229000,64.1232290166667,-21.7899226666667,0.00,0.00,0.00,true,true,0.00,2.00,0.00,1374
1773232231000,64.1232290166667,-21.7899226666667,0.00,0.00,0.00,true,true,0.00,2.00,0.00,1375
1773232235000,64.1232290166667,-21.7899226666667,0.00,0.00,0.00,true,true,0.00,4.00,0.00,1376
1773232237000,64.1232290166667,-21.7899226666667,0.00,0.00,0.00,true,true,0.00,2.00,0.00,1377
1773232243000,64.1232290166667,-21.7899226666667,0.00,0.00,0.00,true,true,0.00,6.00,0.00,1378
1773232245000,64.1232290166667,-21.7899226666667,0.00,0.00,0.00,true,true,0.00,2.00,0.00,1379
1773232248000,64.1232290166667,-21.7899226666667,0.00,0.00,0.00,true,true,0.00,3.00,0.00,1380
1773232252000,64.1232290166667,-21.7899226666667,0.00,0.00,0.00,true,true,0.00,4.00,0.00,1381
1773232255000,64.1232290166667,-21.7899226666667,0.00,0.00,0.00,true,true,0.00,3.00,0.00,1382
1773232257000,64.1232290166667,-21.7899226666667,0.00,0.00,0.00,true,true,0.00,2.00,0.00,1383
1773232259000,64.1232290166667,-21.7899226666667,0.00,0.00,0.00,true,true,0.00,2.00,0.00,1384
1773232265000,64.1232290166667,-21.7899226666667,0.00,0.00,0.00,true,true,0.00,6.00,0.00,1385
1773232267000,64.1232290166667,-21.7899226666667,0.00,0.00,0.00,true,true,0.00,2.00,0.00,1386
1773232270000,64.1232290166667,-21.7899226666667,0.00,0.00,0.00,true,true,0.00,3.00,0.00,1387
1773232273000,64.1232290166667,-21.7899226666667,0.00,0.00,0.00,true,true,0.00,3.00,0.00,1388
1773232275000,64.1232290166667,-21.7899226666667,0.00,0.00,0.00,true,true,0.00,2.00,0.00,1389
1773232279000,64.1232290166667,-21.7899226666667,0.00,0.00,0.00,true,true,0.00,4.00,0.00,1390
1773232281000,64.1232290166667,-21.7899226666667,0.00,0.00,0.00,true,true,0.00,2.00,0.00,1391
1773232285000,64.1232290166667,-21.7899226666667,0.00,0.00,0.00,true,true,0.00,4.00,0.00,1392
1773232287000,64.1232290166667,-21.7899226666667,0.00,0.00,0.00,true,true,0.00,2.00,0.00,1393
1773232291000,64.1232290166667,-21.7899226666667,0.00,0.00,0.00,true,true,0.00,4.00,0.00,1394
1773232296000,64.1232296833333,-21.7899238333333,0.00,0.00,0.00,true,true,0.09,5.00,0.07,1395
1773232298000,64.1232296833333,-21.7899238333333,0.00,0.00,0.00,true,true,0.01,2.00,0.01,1396
1773232300000,64.1232296833333,-21.7899238333333,0.00,0.00,0.00,true,true,0.00,2.00,0.00,1397
1773232304000,64.1232296833333,-21.7899238333333,0.00,0.00,0.00,true,true,0.00,4.00,0.00,1398
1773232310000,64.1232296833333,-21.7899238333333,0.00,0.00,0.00,true,true,0.00,6.00,0.00,1399
1773232312000,64.1232296833333,-21.7899238333333,0.00,0.00,0.00,true,true,0.00,2.00,0.00,1400
1773232315000,64.1232296833333,-21.7899238333333,0.00,0.00,0.00,true,true,0.00,3.00,0.00,1401
1773232317000,64.1232296833333,-21.7899238333333,0.00,0.00,0.00,true,true,0.00,2.00,0.00,1402
1773232319000,64.1232296833333,-21.7899238333333,0.00,0.00,0.00,true,true,0.00,2.00,0.00,1403
1773232321000,64.1232296833333,-21.7899238333333,0.00,0.00,0.00,true,true,0.00,2.00,0.00,1404
1773232326000,64.1232296833333,-21.7899238333333,0.00,0.00,0.00,true,true,0.00,5.00,0.00,1405
1773232328000,64.1232296833333,-21.7899238333333,0.00,0.00,0.00,true,true,0.00,2.00,0.00,1406
1773232332000,64.1232296833333,-21.7899238333333,0.00,0.00,0.00,true,true,0.00,4.00,0.00,1407
1773232334000,64.1232296833333,-21.7899238333333,0.00,0.00,0.00,true,true,0.00,2.00,0.00,1408
1773232338000,64.1232296833333,-21.7899238333333,0.00,0.00,0.00,true,true,0.00,4.00,0.00,1409
1773232342000,64.1232296833333,-21.7899238333333,0.00,0.00,0.00,true,true,0.00,4.00,0.00,1410
1773232348000,64.1232296833333,-21.7899238333333,0.00,0.00,0.00,true,true,0.00,6.00,0.00,1411
1773232350000,64.1232296833333,-21.7899238333333,0.00,0.00,0.00,true,true,0.00,2.00,0.00,1412
1773232354000,64.1232296833333,-21.7899238333333,0.00,0.00,0.00,true,true,0.00,4.00,0.00,1413
1773232356000,64.1232296833333,-21.7899238333333,0.00,0.00,0.00,true,true,0.00,2.00,0.00,1414
1773232358000,64.1232296833333,-21.7899238333333,0.00,0.00,0.00,true,true,0.00,2.00,0.00,1415
1773232360000,64.1232296833333,-21.7899238333333,0.00,0.00,0.00,true,true,0.00,2.00,0.00,1416
1773232362000,64.1232296833333,-21.7899238333333,0.00,0.00,0.00,true,true,0.00,2.00,0.00,1417
1773232367000,64.1232296833333,-21.7899238333333,0.00,0.00,0.00,true,true,0.00,5.00,0.00,1418
1773232369000,64.1232296833333,-21.7899238333333,0.00,0.00,0.00,true,true,0.00,2.00,0.00,1419
1773232373000,64.1232296833333,-21.7899238333333,0.00,0.00,0.00,true,true,0.00,4.00,0.00,1420
1773232375000,64.1232296833333,-21.7899238333333,0.00,0.00,0.00,true,true,0.00,2.00,0.00,1421
1773232379000,64.1232296833333,-21.7899238333333,0.00,0.00,0.00,true,true,0.00,4.00,0.00,1422
1773232383000,64.1232296833333,-21.7899238333333,0.00,0.00,0.00,true,true,0.00,4.00,0.00,1423
1773232389000,64.1232296833333,-21.7899238333333,0.00,0.00,0.00,true,true,0.00,6.00,0.00,1424
1773232391000,64.1232296833333,-21.7899238333333,0.00,0.00,0.00,true,true,0.00,2.00,0.00,1425
1773232395000,64.1232296833333,-21.7899238333333,0.00,0.00,0.00,true,true,0.00,4.00,0.00,1426
1773232398000,64.1232296833333,-21.7899238333333,0.00,0.00,0.00,true,true,0.00,3.00,0.00,1427
1773232400000,64.1232296833333,-21.7899238333333,0.00,0.00,0.00,true,true,0.00,2.00,0.00,1428
1773232402000,64.1232296833333,-21.7899238333333,0.00,0.00,0.00,true,true,0.00,2.00,0.00,1429
1773232406000,64.1232296833333,-21.7899238333333,0.00,0.00,0.00,true,true,0.00,4.00,0.00,1430
1773232408000,64.1232296833333,-21.7899238333333,0.00,0.00,0.00,true,true,0.00,2.00,0.00,1431
1773232410000,64.1232296833333,-21.7899238333333,0.00,0.00,0.00,true,true,0.00,2.00,0.00,1432
1773232413000,64.1232296833333,-21.7899238333333,0.00,0.00,0.00,true,true,0.00,3.00,0.00,1433
1773232417000,64.1232307333333,-21.789925,0.00,0.00,0.00,true,true,0.13,4.00,0.12,1434
1773232419000,64.1232307333333,-21.789925,0.00,0.00,0.00,true,true,0.02,2.00,0.03,1435
1773232423000,64.1232307333333,-21.789925,0.00,0.00,0.00,true,true,0.00,4.00,0.00,1436
1773232425000,64.1232307333333,-21.789925,0.00,0.00,0.00,true,true,0.00,2.00,0.00,1437
1773232427000,64.1232307333333,-21.789925,0.00,0.00,0.00,true,true,0.00,2.00,0.00,1438
1773232431000,64.1232307333333,-21.789925,0.00,0.00,0.00,true,true,0.00,4.00,0.00,1439
1773232433000,64.1232307333333,-21.789925,0.00,0.00,0.00,true,true,0.00,2.00,0.00,1440
1773232435000,64.1232307333333,-21.789925,0.00,0.00,0.00,true,true,0.00,2.00,0.00,1441
1773232440000,64.1232307333333,-21.789925,0.00,0.00,0.00,true,true,0.00,5.00,0.00,1442
1773232442000,64.1232307333333,-21.789925,0.00,0.00,0.00,true,true,0.00,2.00,0.00,1443
1773232446000,64.1232307333333,-21.789925,0.00,0.00,0.00,true,true,0.00,4.00,0.00,1444
1773232450000,64.1232307333333,-21.789925,0.00,0.00,0.00,true,true,0.00,4.00,0.00,1445
1773232452000,64.1232307333333,-21.789925,0.00,0.00,0.00,true,true,0.00,2.00,0.00,1446
1773232454000,64.1232307333333,-21.789925,0.00,0.00,0.00,true,true,0.00,2.00,0.00,1447
1773232459000,64.1232307333333,-21.789925,0.00,0.00,0.00,true,true,0.00,5.00,0.00,1448
1773232461000,64.1232307333333,-21.789925,0.00,0.00,0.00,true,true,0.00,2.00,0.00,1449
1773232465000,64.1232307333333,-21.789925,0.00,0.00,0.00,true,true,0.00,4.00,0.00,1450
1773232467000,64.1232307333333,-21.789925,0.00,0.00,0.00,true,true,0.00,2.00,0.00,1451
1773232471000,64.1232307333333,-21.789925,0.00,0.00,0.00,true,true,0.00,4.00,0.00,1452
1773232473000,64.1232307333333,-21.789925,0.00,0.00,0.00,true,true,0.00,2.00,0.00,1453
1773232478000,64.1232307333333,-21.789925,0.00,0.00,0.00,true,true,0.00,5.00,0.00,1454
1773232480000,64.1232307333333,-21.789925,0.00,0.00,0.00,true,true,0.00,2.00,0.00,1455
1773232484000,64.1232307333333,-21.789925,0.00,0.00,0.00,true,true,0.00,4.00,0.00,1456
1773232486000,64.1232307333333,-21.789925,0.00,0.00,0.00,true,true,0.00,2.00,0.00,1457
1773232492000,64.1232307333333,-21.789925,0.00,0.00,0.00,true,true,0.00,6.00,0.00,1458
1773232494000,64.1232307333333,-21.789925,0.00,0.00,0.00,true,true,0.00,2.00,0.00,1459
1773232497000,64.1232307333333,-21.789925,0.00,0.00,0.00,true,true,0.00,3.00,0.00,1460
1773232501000,64.1232307333333,-21.789925,0.00,0.00,0.00,true,true,0.00,4.00,0.00,1461
1773232503000,64.1232307333333,-21.789925,0.00,0.00,0.00,true,true,0.00,2.00,0.00,1462
1773232505000,64.1232307333333,-21.789925,0.00,0.00,0.00,true,true,0.00,2.00,0.00,1463
1773232509000,64.1232307333333,-21.789925,0.00,0.00,0.00,true,true,0.00,4.00,0.00,1464
1773232511000,64.1232307333333,-21.789925,0.00,0.00,0.00,true,true,0.00,2.00,0.00,1465
1773232515000,64.1232307333333,-21.789925,0.00,0.00,0.00,true,true,0.00,4.00,0.00,1466
1773232517000,64.1232307333333,-21.789925,0.00,0.00,0.00,true,true,0.00,2.00,0.00,1467
1773232519000,64.1232307333333,-21.789925,0.00,0.00,0.00,true,true,0.00,2.00,0.00,1468
1773232524000,64.1232307333333,-21.789925,0.00,0.00,0.00,true,true,0.00,5.00,0.00,1469
1773232526000,64.1232307333333,-21.789925,0.00,0.00,0.00,true,true,0.00,2.00,0.00,1470
1773232529000,64.1232307333333,-21.789925,0.00,0.00,0.00,true,true,0.00,3.00,0.00,1471
1773232531000,64.1232307333333,-21.789925,0.00,0.00,0.00,true,true,0.00,2.00,0.00,1472
1773232533000,64.1232307333333,-21.789925,0.00,0.00,0.00,true,true,0.00,2.00,0.00,1473
1773232537000,64.1232307333333,-21.789925,0.00,0.00,0.00,true,true,0.00,4.00,0.00,1474
1773232539000,64.12323225,-21.7899265,0.00,0.00,0.00,true,true,0.18,2.00,0.33,1475
1773232543000,64.12323225,-21.7899265,0.00,0.00,0.00,true,true,0.05,4.00,0.05,1476
1773232545000,64.12323225,-21.7899265,0.00,0.00,0.00,true,true,0.01,2.00,0.01,1477
1773232550000,64.12323225,-21.7899265,0.00,0.00,0.00,true,true,0.00,5.00,0.00,1478
1773232554000,64.12323225,-21.7899265,0.00,0.00,0.00,true,true,0.00,4.00,0.00,1479
1773232556000,64.12323225,-21.7899265,0.00,0.00,0.00,true,true,0.00,2.00,0.00,1480
1773232558000,64.12323225,-21.7899265,0.00,0.00,0.00,true,true,0.00,2.00,0.00,1481
1773232562000,64.12323225,-21.7899265,0.00,0.00,0.00,true,true,0.00,4.00,0.00,1482
1773232564000,64.12323225,-21.7899265,0.00,0.00,0.00,true,true,0.00,2.00,0.00,1483
1773232568000,64.12323225,-21.7899265,0.00,0.00,0.00,true,true,0.00,4.00,0.00,1484
1773232573000,64.12323225,-21.7899265,0.00,0.00,0.00,true,true,0.00,5.00,0.00,1485
1773232575000,64.12323225,-21.7899265,0.00,0.00,0.00,true,true,0.00,2.00,0.00,1486
1773232579000,64.12323225,-21.7899265,0.00,0.00,0.00,true,true,0.00,4.00,0.00,1487
1773232581000,64.12323225,-21.7899265,0.00,0.00,0.00,true,true,0.00,2.00,0.00,1488
1773232583000,64.12323225,-21.7899265,0.00,0.00,0.00,true,true,0.00,2.00,0.00,1489
1773232587000,64.12323225,-21.7899265,0.00,0.00,0.00,true,true,0.00,4.00,0.00,1490
1773232591000,64.12323225,-21.7899265,0.00,0.00,0.00,true,true,0.00,4.00,0.00,1491
1773232595000,64.12323225,-21.7899265,0.00,0.00,0.00,true,true,0.00,4.00,0.00,1492
1773232598000,64.12323225,-21.7899265,0.00,0.00,0.00,true,true,0.00,3.00,0.00,1493
1773232600000,64.12323225,-21.7899265,0.00,0.00,0.00,true,true,0.00,2.00,0.00,1494
1773232602000,64.12323225,-21.7899265,0.00,0.00,0.00,true,true,0.00,2.00,0.00,1495
1773232606000,64.12323225,-21.7899265,0.00,0.00,0.00,true,true,0.00,4.00,0.00,1496
1773232608000,64.12323225,-21.7899265,0.00,0.00,0.00,true,true,0.00,2.00,0.00,1497
1773232615000,64.12323225,-21.7899265,0.00,0.00,0.00,true,true,0.00,7.00,0.00,1498
1773232617000,64.12323225,-21.7899265,0.00,0.00,0.00,true,true,0.00,2.00,0.00,1499
1773232621000,64.12323225,-21.7899265,0.00,0.00,0.00,true,true,0.00,4.00,0.00,1500
1773232625000,64.12323225,-21.7899265,0.00,0.00,0.00,true,true,0.00,4.00,0.00,1501
1773232627000,64.12323225,-21.7899265,0.00,0.00,0.00,true,true,0.00,2.00,0.00,1502
1773232631000,64.12323225,-21.7899265,0.00,0.00,0.00,true,true,0.00,4.00,0.00,1503
1773232633000,64.12323225,-21.7899265,0.00,0.00,0.00,true,true,0.00,2.00,0.00,1504
1773232635000,64.12323225,-21.7899265,0.00,0.00,0.00,true,true,0.00,2.00,0.00,1505
1773232640000,64.12323225,-21.7899265,0.00,0.00,0.00,true,true,0.00,5.00,0.00,1506
1773232642000,64.12323225,-21.7899265,0.00,0.00,0.00,true,true,0.00,2.00,0.00,1507
1773232646000,64.12323225,-21.7899265,0.00,0.00,0.00,true,true,0.00,4.00,0.00,1508
1773232650000,64.12323225,-21.7899265,0.00,0.00,0.00,true,true,0.00,4.00,0.00,1509
1773232655000,64.12323225,-21.7899265,0.00,0.00,0.00,true,true,0.00,5.00,0.00,1510
1773232657000,64.12323225,-21.7899265,0.00,0.00,0.00,true,true,0.00,2.00,0.00,1511
1773232661000,64.1232335,-21.7899261666667,0.00,0.00,0.00,true,true,0.14,4.00,0.13,1512
1773232667000,64.1232335,-21.7899261666667,0.00,0.00,0.00,true,true,0.02,6.00,0.01,1513
1773232669000,64.1232335,-21.7899261666667,0.00,0.00,0.00,true,true,0.00,2.00,0.00,1514
1773232674000,64.1232335,-21.7899261666667,0.00,0.00,0.00,true,true,0.00,5.00,0.00,1515
1773232676000,64.1232335,-21.7899261666667,0.00,0.00,0.00,true,true,0.00,2.00,0.00,1516
1773232680000,64.1232335,-21.7899261666667,0.00,0.00,0.00,true,true,0.00,4.00,0.00,1517
1773232682000,64.1232335,-21.7899261666667,0.00,0.00,0.00,true,true,0.00,2.00,0.00,1518
1773232685000,64.1232335,-21.7899261666667,0.00,0.00,0.00,true,true,0.00,3.00,0.00,1519
1773232691000,64.1232335,-21.7899261666667,0.00,0.00,0.00,true,true,0.00,6.00,0.00,1520
1773232694000,64.1232335,-21.7899261666667,0.00,0.00,0.00,true,true,0.00,3.00,0.00,1521
1773232700000,64.1232335,-21.7899261666667,0.00,0.00,0.00,true,true,0.00,6.00,0.00,1522
1773232702000,64.1232335,-21.7899261666667,0.00,0.00,0.00,true,true,0.00,2.00,0.00,1523
1773232704000,64.1232335,-21.7899261666667,0.00,0.00,0.00,true,true,0.00,2.00,0.00,1524
1773232708000,64.1232335,-21.7899261666667,0.00,0.00,0.00,true,true,0.00,4.00,0.00,1525
1773232710000,64.1232335,-21.7899261666667,0.00,0.00,0.00,true,true,0.00,2.00,0.00,1526
1773232712000,64.1232335,-21.7899261666667,0.00,0.00,0.00,true,true,0.00,2.00,0.00,1527
1773232715000,64.1232335,-21.7899261666667,0.00,0.00,0.00,true,true,0.00,3.00,0.00,1528
1773232717000,64.1232335,-21.7899261666667,0.00,0.00,0.00,true,true,0.00,2.00,0.00,1529
1773232722000,64.1232335,-21.7899261666667,0.00,0.00,0.00,true,true,0.00,5.00,0.00,1530
1773232724000,64.1232335,-21.7899261666667,0.00,0.00,0.00,true,true,0.00,2.00,0.00,1531
1773232728000,64.1232335,-21.7899261666667,0.00,0.00,0.00,true,true,0.00,4.00,0.00,1532
1773232730000,64.1232335,-21.7899261666667,0.00,0.00,0.00,true,true,0.00,2.00,0.00,1533
1773232735000,64.1232335,-21.7899261666667,0.00,0.00,0.00,true,true,0.00,5.00,0.00,1534
1773232739000,64.1232335,-21.7899261666667,0.00,0.00,0.00,true,true,0.00,4.00,0.00,1535
1773232743000,64.1232335,-21.7899261666667,0.00,0.00,0.00,true,true,0.00,4.00,0.00,1536
1773232745000,64.1232335,-21.7899261666667,0.00,0.00,0.00,true,true,0.00,2.00,0.00,1537
1773232749000,64.1232335,-21.7899261666667,0.00,0.00,0.00,true,true,0.00,4.00,0.00,1538
1773232751000,64.1232335,-21.7899261666667,0.00,0.00,0.00,true,true,0.00,2.00,0.00,1539
1773232753000,64.1232335,-21.7899261666667,0.00,0.00,0.00,true,true,0.00,2.00,0.00,1540
1773232760000,64.1232335,-21.7899261666667,0.00,0.00,0.00,true,true,0.00,7.00,0.00,1541
1773232766000,64.1232335,-21.7899261666667,0.00,0.00,0.00,true,true,0.00,6.00,0.00,1542
1773232768000,64.1232335,-21.7899261666667,0.00,0.00,0.00,true,true,0.00,2.00,0.00,1543
1773232770000,64.1232335,-21.7899261666667,0.00,0.00,0.00,true,true,0.00,2.00,0.00,1544
1773232772000,64.1232335,-21.7899261666667,0.00,0.00,0.00,true,true,0.00,2.00,0.00,1545
1773232777000,64.1232335,-21.7899261666667,0.00,0.00,0.00,true,true,0.00,5.00,0.00,1546
1773232779000,64.1232335,-21.7899261666667,0.00,0.00,0.00,true,true,0.00,2.00,0.00,1547
1773232781000,64.1232349333333,-21.7899253333333,0.00,0.00,0.00,true,true,0.16,2.00,0.30,1548
1773232785000,64.1232349333333,-21.7899253333333,0.00,0.00,0.00,true,true,0.05,4.00,0.04,1549
1773232787000,64.1232349333333,-21.7899253333333,0.00,0.00,0.00,true,true,0.01,2.00,0.01,1550
1773232791000,64.1232349333333,-21.7899253333333,0.00,0.00,0.00,true,true,0.00,4.00,0.00,1551
1773232793000,64.1232349333333,-21.7899253333333,0.00,0.00,0.00,true,true,0.00,2.00,0.00,1552
1773232796000,64.1232349333333,-21.7899253333333,0.00,0.00,0.00,true,true,0.00,3.00,0.00,1553
1773232798000,64.1232349333333,-21.7899253333333,0.00,0.00,0.00,true,true,0.00,2.00,0.00,1554
1773232802000,64.1232349333333,-21.7899253333333,0.00,0.00,0.00,true,true,0.00,4.00,0.00,1555
1773232804000,64.1232349333333,-21.7899253333333,0.00,0.00,0.00,true,true,0.00,2.00,0.00,1556
1773232808000,64.1232349333333,-21.7899253333333,0.00,0.00,0.00,true,true,0.00,4.00,0.00,1557
1773232810000,64.1232349333333,-21.7899253333333,0.00,0.00,0.00,true,true,0.00,2.00,0.00,1558
1773232814000,64.1232349333333,-21.7899253333333,0.00,0.00,0.00,true,true,0.00,4.00,0.00,1559
1773232816000,64.1232349333333,-21.7899253333333,0.00,0.00,0.00,true,true,0.00,2.00,0.00,1560
1773232818000,64.1232349333333,-21.7899253333333,0.00,0.00,0.00,true,true,0.00,2.00,0.00,1561
1773232822000,64.1232349333333,-21.7899253333333,0.00,0.00,0.00,true,true,0.00,4.00,0.00,1562
1773232827000,64.1232349333333,-21.7899253333333,0.00,0.00,0.00,true,true,0.00,5.00,0.00,1563
1773232833000,64.1232349333333,-21.7899253333333,0.00,0.00,0.00,true,true,0.00,6.00,0.00,1564
1773232835000,64.1232349333333,-21.7899253333333,0.00,0.00,0.00,true,true,0.00,2.00,0.00,1565
1773232837000,64.1232349333333,-21.7899253333333,0.00,0.00,0.00,true,true,0.00,2.00,0.00,1566
1773232840000,64.1232349333333,-21.7899253333333,0.00,0.00,0.00,true,true,0.00,3.00,0.00,1567
1773232846000,64.1232349333333,-21.7899253333333,0.00,0.00,0.00,true,true,0.00,6.00,0.00,1568
1773232848000,64.1232349333333,-21.7899253333333,0.00,0.00,0.00,true,true,0.00,2.00,0.00,1569
1773232852000,64.1232349333333,-21.7899253333333,0.00,0.00,0.00,true,true,0.00,4.00,0.00,1570
1773232857000,64.1232349333333,-21.7899253333333,0.00,0.00,0.00,true,true,0.00,5.00,0.00,1571
1773232862000,64.1232349333333,-21.7899253333333,0.00,0.00,0.00,true,true,0.00,5.00,0.00,1572
1773232864000,64.1232349333333,-21.7899253333333,0.00,0.00,0.00,true,true,0.00,2.00,0.00,1573
1773232868000,64.1232349333333,-21.7899253333333,0.00,0.00,0.00,true,true,0.00,4.00,0.00,1574
1773232870000,64.1232349333333,-21.7899253333333,0.00,0.00,0.00,true,true,0.00,2.00,0.00,1575
1773232874000,64.1232349333333,-21.7899253333333,0.00,0.00,0.00,true,true,0.00,4.00,0.00,1576
1773232876000,64.1232349333333,-21.7899253333333,0.00,0.00,0.00,true,true,0.00,2.00,0.00,1577
1773232878000,64.1232349333333,-21.7899253333333,0.00,0.00,0.00,true,true,0.00,2.00,0.00,1578
1773232881000,64.1232349333333,-21.7899253333333,0.00,0.00,0.00,true,true,0.00,3.00,0.00,1579
1773232885000,64.1232349333333,-21.7899253333333,0.00,0.00,0.00,true,true,0.00,4.00,0.00,1580
1773232887000,64.1232349333333,-21.7899253333333,0.00,0.00,0.00,true,true,0.00,2.00,0.00,1581
1773232889000,64.1232349333333,-21.7899253333333,0.00,0.00,0.00,true,true,0.00,2.00,0.00,1582
1773232891000,64.1232349333333,-21.7899253333333,0.00,0.00,0.00,true,true,0.00,2.00,0.00,1583
1773232893000,64.1232349333333,-21.7899253333333,0.00,0.00,0.00,true,true,0.00,2.00,0.00,1584
1773232898000,64.1232349333333,-21.7899253333333,0.00,0.00,0.00,true,true,0.00,5.00,0.00,1585
1773232900000,64.1232349333333,-21.7899253333333,0.00,0.00,0.00,true,true,0.00,2.00,0.00,1586
1773232902000,64.1232349333333,-21.7899253333333,0.00,0.00,0.00,true,true,0.00,2.00,0.00,1587
1773232906000,64.1232355833333,-21.7899251666667,0.00,0.00,0.00,true,true,0.07,4.00,0.07,1588
1773232910000,64.1232355833333,-21.7899251666667,0.00,0.00,0.00,true,true,0.01,4.00,0.01,1589
1773232912000,64.1232355833333,-21.7899251666667,0.00,0.00,0.00,true,true,0.00,2.00,0.00,1590
1773232914000,64.1232355833333,-21.7899251666667,0.00,0.00,0.00,true,true,0.00,2.00,0.00,1591
1773232917000,64.1232355833333,-21.7899251666667,0.00,0.00,0.00,true,true,0.00,3.00,0.00,1592
1773232919000,64.1232355833333,-21.7899251666667,0.00,0.00,0.00,true,true,0.00,2.00,0.00,1593
1773232921000,64.1232355833333,-21.7899251666667,0.00,0.00,0.00,true,true,0.00,2.00,0.00,1594
1773232925000,64.1232355833333,-21.7899251666667,0.00,0.00,0.00,true,true,0.00,4.00,0.00,1595
1773232927000,64.1232355833333,-21.7899251666667,0.00,0.00,0.00,true,true,0.00,2.00,0.00,1596
1773232931000,64.1232355833333,-21.7899251666667,0.00,0.00,0.00,true,true,0.00,4.00,0.00,1597
1773232936000,64.1232355833333,-21.7899251666667,0.00,0.00,0.00,true,true,0.00,5.00,0.00,1598
1773232940000,64.1232355833333,-21.7899251666667,0.00,0.00,0.00,true,true,0.00,4.00,0.00,1599
1773232942000,64.1232355833333,-21.7899251666667,0.00,0.00,0.00,true,true,0.00,2.00,0.00,1600
1773232944000,64.1232355833333,-21.7899251666667,0.00,0.00,0.00,true,true,0.00,2.00,0.00,1601
1773232946000,64.1232355833333,-21.7899251666667,0.00,0.00,0.00,true,true,0.00,2.00,0.00,1602
1773232949000,64.1232355833333,-21.7899251666667,0.00,0.00,0.00,true,true,0.00,3.00,0.00,1603
1773232955000,64.1232355833333,-21.7899251666667,0.00,0.00,0.00,true,true,0.00,6.00,0.00,1604
1773232957000,64.1232355833333,-21.7899251666667,0.00,0.00,0.00,true,true,0.00,2.00,0.00,1605
1773232961000,64.1232355833333,-21.7899251666667,0.00,0.00,0.00,true,true,0.00,4.00,0.00,1606
1773232963000,64.1232355833333,-21.7899251666667,0.00,0.00,0.00,true,true,0.00,2.00,0.00,1607
1773232967000,64.1232355833333,-21.7899251666667,0.00,0.00,0.00,true,true,0.00,4.00,0.00,1608
1773232969000,64.1232355833333,-21.7899251666667,0.00,0.00,0.00,true,true,0.00,2.00,0.00,1609
1773232972000,64.1232355833333,-21.7899251666667,0.00,0.00,0.00,true,true,0.00,3.00,0.00,1610
1773232974000,64.1232355833333,-21.7899251666667,0.00,0.00,0.00,true,true,0.00,2.00,0.00,1611
1773232980000,64.1232355833333,-21.7899251666667,0.00,0.00,0.00,true,true,0.00,6.00,0.00,1612
1773232982000,64.1232355833333,-21.7899251666667,0.00,0.00,0.00,true,true,0.00,2.00,0.00,1613
1773232986000,64.1232355833333,-21.7899251666667,0.00,0.00,0.00,true,true,0.00,4.00,0.00,1614
1773232988000,64.1232355833333,-21.7899251666667,0.00,0.00,0.00,true,true,0.00,2.00,0.00,1615
1773232991000,64.1232355833333,-21.7899251666667,0.00,0.00,0.00,true,true,0.00,3.00,0.00,1616
1773232995000,64.1232355833333,-21.7899251666667,0.00,0.00,0.00,true,true,0.00,4.00,0.00,1617
1773232997000,64.1232355833333,-21.7899251666667,0.00,0.00,0.00,true,true,0.00,2.00,0.00,1618
1773232999000,64.1232355833333,-21.7899251666667,0.00,0.00,0.00,true,true,0.00,2.00,0.00,1619
1773233001000,64.1232355833333,-21.7899251666667,0.00,0.00,0.00,true,true,0.00,2.00,0.00,1620
1773233003000,64.1232355833333,-21.7899251666667,0.00,0.00,0.00,true,true,0.00,2.00,0.00,1621
1773233008000,64.1232355833333,-21.7899251666667,0.00,0.00,0.00,true,true,0.00,5.00,0.00,1622
1773233010000,64.1232355833333,-21.7899251666667,0.00,0.00,0.00,true,true,0.00,2.00,0.00,1623
1773233012000,64.1232355833333,-21.7899251666667,0.00,0.00,0.00,true,true,0.00,2.00,0.00,1624
1773233016000,64.1232355833333,-21.7899251666667,0.00,0.00,0.00,true,true,0.00,4.00,0.00,1625
1773233020000,64.1232355833333,-21.7899251666667,0.00,0.00,0.00,true,true,0.00,4.00,0.00,1626
1773233022000,64.1232355833333,-21.7899251666667,0.00,0.00,0.00,true,true,0.00,2.00,0.00,1627
1773233027000,64.12323615,-21.7899245,0.00,0.00,0.00,true,true,0.07,5.00,0.05,1628
1773233029000,64.12323615,-21.7899245,0.00,0.00,0.00,true,true,0.01,2.00,0.01,1629
1773233031000,64.12323615,-21.7899245,0.00,0.00,0.00,true,true,0.00,2.00,0.00,1630
1773233035000,64.12323615,-21.7899245,0.00,0.00,0.00,true,true,0.00,4.00,0.00,1631
1773233037000,64.12323615,-21.7899245,0.00,0.00,0.00,true,true,0.00,2.00,0.00,1632
1773233041000,64.12323615,-21.7899245,0.00,0.00,0.00,true,true,0.00,4.00,0.00,1633
1773233043000,64.12323615,-21.7899245,0.00,0.00,0.00,true,true,0.00,2.00,0.00,1634
1773233046000,64.12323615,-21.7899245,0.00,0.00,0.00,true,true,0.00,3.00,0.00,1635
1773233052000,64.12323615,-21.7899245,0.00,0.00,0.00,true,true,0.00,6.00,0.00,1636
1773233054000,64.12323615,-21.7899245,0.00,0.00,0.00,true,true,0.00,2.00,0.00,1637
1773233056000,64.12323615,-21.7899245,0.00,0.00,0.00,true,true,0.00,2.00,0.00,1638
1773233060000,64.12323615,-21.7899245,0.00,0.00,0.00,true,true,0.00,4.00,0.00,1639
1773233062000,64.12323615,-21.7899245,0.00,0.00,0.00,true,true,0.00,2.00,0.00,1640
1773233064000,64.12323615,-21.7899245,0.00,0.00,0.00,true,true,0.00,2.00,0.00,1641
1773233067000,64.12323615,-21.7899245,0.00,0.00,0.00,true,true,0.00,3.00,0.00,1642
1773233071000,64.12323615,-21.7899245,0.00,0.00,0.00,true,true,0.00,4.00,0.00,1643
1773233074000,64.12323615,-21.7899245,0.00,0.00,0.00,true,true,0.00,3.00,0.00,1644
1773233077000,64.12323615,-21.7899245,0.00,0.00,0.00,true,true,0.00,3.00,0.00,1645
1773233079000,64.12323615,-21.7899245,0.00,0.00,0.00,true,true,0.00,2.00,0.00,1646
1773233084000,64.12323615,-21.7899245,0.00,0.00,0.00,true,true,0.00,5.00,0.00,1647
1773233086000,64.12323615,-21.7899245,0.00,0.00,0.00,true,true,0.00,2.00,0.00,1648
1773233090000,64.12323615,-21.7899245,0.00,0.00,0.00,true,true,0.00,4.00,0.00,1649
1773233094000,64.12323615,-21.7899245,0.00,0.00,0.00,true,true,0.00,4.00,0.00,1650
1773233097000,64.12323615,-21.7899245,0.00,0.00,0.00,true,true,0.00,3.00,0.00,1651
1773233099000,64.12323615,-21.7899245,0.00,0.00,0.00,true,true,0.00,2.00,0.00,1652
1773233104000,64.12323615,-21.7899245,0.00,0.00,0.00,true,true,0.00,5.00,0.00,1653
1773233106000,64.12323615,-21.7899245,0.00,0.00,0.00,true,true,0.00,2.00,0.00,1654
1773233110000,64.12323615,-21.7899245,0.00,0.00,0.00,true,true,0.00,4.00,0.00,1655
1773233112000,64.12323615,-21.7899245,0.00,0.00,0.00,true,true,0.00,2.00,0.00,1656
1773233116000,64.12323615,-21.7899245,0.00,0.00,0.00,true,true,0.00,4.00,0.00,1657
1773233118000,64.12323615,-21.7899245,0.00,0.00,0.00,true,true,0.00,2.00,0.00,1658
1773233120000,64.12323615,-21.7899245,0.00,0.00,0.00,true,true,0.00,2.00,0.00,1659
1773233123000,64.12323615,-21.7899245,0.00,0.00,0.00,true,true,0.00,3.00,0.00,1660
1773233125000,64.12323615,-21.7899245,0.00,0.00,0.00,true,true,0.00,2.00,0.00,1661
1773233129000,64.12323615,-21.7899245,0.00,0.00,0.00,true,true,0.00,4.00,0.00,1662
1773233133000,64.12323615,-21.7899245,0.00,0.00,0.00,true,true,0.00,4.00,0.00,1663
1773233135000,64.12323615,-21.7899245,0.00,0.00,0.00,true,true,0.00,2.00,0.00,1664
1773233137000,64.12323615,-21.7899245,0.00,0.00,0.00,true,true,0.00,2.00,0.00,1665
1773233139000,64.12323615,-21.7899245,0.00,0.00,0.00,true,true,0.00,2.00,0.00,1666
1773233146000,64.1232367666667,-21.7899236666667,0.00,0.00,0.00,true,true,0.08,7.00,0.04,1667
1773233148000,64.1232367666667,-21.7899236666667,0.00,0.00,0.00,true,true,0.00,2.00,0.01,1668
1773233150000,64.1232367666667,-21.7899236666667,0.00,0.00,0.00,true,true,0.00,2.00,0.00,1669
1773233154000,64.1232367666667,-21.7899236666667,0.00,0.00,0.00,true,true,0.00,4.00,0.00,1670
1773233156000,64.1232367666667,-21.7899236666667,0.00,0.00,0.00,true,true,0.00,2.00,0.00,1671
1773233160000,64.1232367666667,-21.7899236666667,0.00,0.00,0.00,true,true,0.00,4.00,0.00,1672
1773233162000,64.1232367666667,-21.7899236666667,0.00,0.00,0.00,true,true,0.00,2.00,0.00,1673
1773233164000,64.1232367666667,-21.7899236666667,0.00,0.00,0.00,true,true,0.00,2.00,0.00,1674
1773233169000,64.1232367666667,-21.7899236666667,0.00,0.00,0.00,true,true,0.00,5.00,0.00,1675
1773233171000,64.1232367666667,-21.7899236666667,0.00,0.00,0.00,true,true,0.00,2.00,0.00,1676
1773233173000,64.1232367666667,-21.7899236666667,0.00,0.00,0.00,true,true,0.00,2.00,0.00,1677
1773233175000,64.1232367666667,-21.7899236666667,0.00,0.00,0.00,true,true,0.00,2.00,0.00,1678
1773233181000,64.1232367666667,-21.7899236666667,0.00,0.00,0.00,true,true,0.00,6.00,0.00,1679
1773233184000,64.1232367666667,-21.7899236666667,0.00,0.00,0.00,true,true,0.00,3.00,0.00,1680
1773233186000,64.1232367666667,-21.7899236666667,0.00,0.00,0.00,true,true,0.00,2.00,0.00,1681
1773233190000,64.1232367666667,-21.7899236666667,0.00,0.00,0.00,true,true,0.00,4.00,0.00,1682
1773233193000,64.1232367666667,-21.7899236666667,0.00,0.00,0.00,true,true,0.00,3.00,0.00,1683
1773233195000,64.1232367666667,-21.7899236666667,0.00,0.00,0.00,true,true,0.00,2.00,0.00,1684
1773233199000,64.1232367666667,-21.7899236666667,0.00,0.00,0.00,true,true,0.00,4.00,0.00,1685
1773233203000,64.1232367666667,-21.7899236666667,0.00,0.00,0.00,true,true,0.00,4.00,0.00,1686
1773233207000,64.1232367666667,-21.7899236666667,0.00,0.00,0.00,true,true,0.00,4.00,0.00,1687
1773233209000,64.1232367666667,-21.7899236666667,0.00,0.00,0.00,true,true,0.00,2.00,0.00,1688
1773233211000,64.1232367666667,-21.7899236666667,0.00,0.00,0.00,true,true,0.00,2.00,0.00,1689
1773233216000,64.1232367666667,-21.7899236666667,0.00,0.00,0.00,true,true,0.00,5.00,0.00,1690
1773233221000,64.1232367666667,-21.7899236666667,0.00,0.00,0.00,true,true,0.00,5.00,0.00,1691
1773233223000,64.1232367666667,-21.7899236666667,0.00,0.00,0.00,true,true,0.00,2.00,0.00,1692
1773233225000,64.1232367666667,-21.7899236666667,0.00,0.00,0.00,true,true,0.00,2.00,0.00,1693
1773233229000,64.1232367666667,-21.7899236666667,0.00,0.00,0.00,true,true,0.00,4.00,0.00,1694
1773233231000,64.1232367666667,-21.7899236666667,0.00,0.00,0.00,true,true,0.00,2.00,0.00,1695
1773233235000,64.1232367666667,-21.7899236666667,0.00,0.00,0.00,true,true,0.00,4.00,0.00,1696
1773233237000,64.1232367666667,-21.7899236666667,0.00,0.00,0.00,true,true,0.00,2.00,0.00,1697
1773233241000,64.1232367666667,-21.7899236666667,0.00,0.00,0.00,true,true,0.00,4.00,0.00,1698
1773233244000,64.1232367666667,-21.7899236666667,0.00,0.00,0.00,true,true,0.00,3.00,0.00,1699
1773233248000,64.1232367666667,-21.7899236666667,0.00,0.00,0.00,true,true,0.00,4.00,0.00,1700
1773233250000,64.1232367666667,-21.7899236666667,0.00,0.00,0.00,true,true,0.00,2.00,0.00,1701
1773233252000,64.1232367666667,-21.7899236666667,0.00,0.00,0.00,true,true,0.00,2.00,0.00,1702
1773233255000,64.1232367666667,-21.7899236666667,0.00,0.00,0.00,true,true,0.00,3.00,0.00,1703
1773233259000,64.1232367666667,-21.7899236666667,0.00,0.00,0.00,true,true,0.00,4.00,0.00,1704
1773233261000,64.1232367666667,-21.7899236666667,0.00,0.00,0.00,true,true,0.00,2.00,0.00,1705
1773233265000,64.1232367666667,-21.7899236666667,0.00,0.00,0.00,true,true,0.00,4.00,0.00,1706
1773233267000,64.1232370666667,-21.789924,0.00,0.00,0.00,true,true,0.04,2.00,0.07,1707
1773233273000,64.1232370666667,-21.789924,0.00,0.00,0.00,true,true,0.01,6.00,0.01,1708
1773233276000,64.1232370666667,-21.789924,0.00,0.00,0.00,true,true,0.00,3.00,0.00,1709
1773233278000,64.1232370666667,-21.789924,0.00,0.00,0.00,true,true,0.00,2.00,0.00,1710
1773233281000,64.1232370666667,-21.789924,0.00,0.00,0.00,true,true,0.00,3.00,0.00,1711
1773233283000,64.1232370666667,-21.789924,0.00,0.00,0.00,true,true,0.00,2.00,0.00,1712
1773233287000,64.1232370666667,-21.789924,0.00,0.00,0.00,true,true,0.00,4.00,0.00,1713
1773233289000,64.1232370666667,-21.789924,0.00,0.00,0.00,true,true,0.00,2.00,0.00,1714
1773233293000,64.1232370666667,-21.789924,0.00,0.00,0.00,true,true,0.00,4.00,0.00,1715
1773233299000,64.1232370666667,-21.789924,0.00,0.00,0.00,true,true,0.00,6.00,0.00,1716
1773233301000,64.1232370666667,-21.789924,0.00,0.00,0.00,true,true,0.00,2.00,0.00,1717
1773233303000,64.1232370666667,-21.789924,0.00,0.00,0.00,true,true,0.00,2.00,0.00,1718
1773233305000,64.1232370666667,-21.789924,0.00,0.00,0.00,true,true,0.00,2.00,0.00,1719
1773233309000,64.1232370666667,-21.789924,0.00,0.00,0.00,true,true,0.00,4.00,0.00,1720
1773233313000,64.1232370666667,-21.789924,0.00,0.00,0.00,true,true,0.00,4.00,0.00,1721
1773233315000,64.1232370666667,-21.789924,0.00,0.00,0.00,true,true,0.00,2.00,0.00,1722
1773233317000,64.1232370666667,-21.789924,0.00,0.00,0.00,true,true,0.00,2.00,0.00,1723
1773233319000,64.1232370666667,-21.789924,0.00,0.00,0.00,true,true,0.00,2.00,0.00,1724
1773233327000,64.1232370666667,-21.789924,0.00,0.00,0.00,true,true,0.00,8.00,0.00,1725
1773233329000,64.1232370666667,-21.789924,0.00,0.00,0.00,true,true,0.00,2.00,0.00,1726
1773233331000,64.1232370666667,-21.789924,0.00,0.00,0.00,true,true,0.00,2.00,0.00,1727
1773233333000,64.1232370666667,-21.789924,0.00,0.00,0.00,true,true,0.00,2.00,0.00,1728
1773233338000,64.1232370666667,-21.789924,0.00,0.00,0.00,true,true,0.00,5.00,0.00,1729
1773233340000,64.1232370666667,-21.789924,0.00,0.00,0.00,true,true,0.00,2.00,0.00,1730
1773233342000,64.1232370666667,-21.789924,0.00,0.00,0.00,true,true,0.00,2.00,0.00,1731
1773233346000,64.1232370666667,-21.789924,0.00,0.00,0.00,true,true,0.00,4.00,0.00,1732
1773233348000,64.1232370666667,-21.789924,0.00,0.00,0.00,true,true,0.00,2.00,0.00,1733
1773233352000,64.1232370666667,-21.789924,0.00,0.00,0.00,true,true,0.00,4.00,0.00,1734
1773233354000,64.1232370666667,-21.789924,0.00,0.00,0.00,true,true,0.00,2.00,0.00,1735
1773233359000,64.1232370666667,-21.789924,0.00,0.00,0.00,true,true,0.00,5.00,0.00,1736
1773233364000,64.1232370666667,-21.789924,0.00,0.00,0.00,true,true,0.00,5.00,0.00,1737
1773233366000,64.1232370666667,-21.789924,0.00,0.00,0.00,true,true,0.00,2.00,0.00,1738
1773233368000,64.1232370666667,-21.789924,0.00,0.00,0.00,true,true,0.00,2.00,0.00,1739
1773233370000,64.1232370666667,-21.789924,0.00,0.00,0.00,true,true,0.00,2.00,0.00,1740
1773233374000,64.1232370666667,-21.789924,0.00,0.00,0.00,true,true,0.00,4.00,0.00,1741
1773233379000,64.1232370666667,-21.789924,0.00,0.00,0.00,true,true,0.00,5.00,0.00,1742
1773233381000,64.1232370666667,-21.789924,0.00,0.00,0.00,true,true,0.00,2.00,0.00,1743
1773233385000,64.1232370666667,-21.789924,0.00,0.00,0.00,true,true,0.00,4.00,0.00,1744
1773233387000,64.1232360833333,-21.7899245,0.00,0.00,0.00,true,true,0.11,2.00,0.20,1745
1773233391000,64.1232360833333,-21.7899245,0.00,0.00,0.00,true,true,0.03,4.00,0.03,1746
1773233393000,64.1232360833333,-21.7899245,0.00,0.00,0.00,true,true,0.00,2.00,0.01,1747
1773233395000,64.1232360833333,-21.7899245,0.00,0.00,0.00,true,true,0.00,2.00,0.00,1748
1773233399000,64.1232360833333,-21.7899245,0.00,0.00,0.00,true,true,0.00,4.00,0.00,1749
1773233405000,64.1232360833333,-21.7899245,0.00,0.00,0.00,true,true,0.00,6.00,0.00,1750
1773233411000,64.1232360833333,-21.7899245,0.00,0.00,0.00,true,true,0.00,6.00,0.00,1751
1773233414000,64.1232360833333,-21.7899245,0.00,0.00,0.00,true,true,0.00,3.00,0.00,1752
1773233417000,64.1232360833333,-21.7899245,0.00,0.00,0.00,true,true,0.00,3.00,0.00,1753
1773233421000,64.1232360833333,-21.7899245,0.00,0.00,0.00,true,true,0.00,4.00,0.00,1754
1773233425000,64.1232360833333,-21.7899245,0.00,0.00,0.00,true,true,0.00,4.00,0.00,1755
1773233430000,64.1232360833333,-21.7899245,0.00,0.00,0.00,true,true,0.00,5.00,0.00,1756
1773233432000,64.1232360833333,-21.7899245,0.00,0.00,0.00,true,true,0.00,2.00,0.00,1757
1773233436000,64.1232360833333,-21.7899245,0.00,0.00,0.00,true,true,0.00,4.00,0.00,1758
1773233438000,64.1232360833333,-21.7899245,0.00,0.00,0.00,true,true,0.00,2.00,0.00,1759
1773233440000,64.1232360833333,-21.7899245,0.00,0.00,0.00,true,true,0.00,2.00,0.00,1760
1773233443000,64.1232360833333,-21.7899245,0.00,0.00,0.00,true,true,0.00,3.00,0.00,1761
1773233445000,64.1232360833333,-21.7899245,0.00,0.00,0.00,true,true,0.00,2.00,0.00,1762
1773233455000,64.1232360833333,-21.7899245,0.00,0.00,0.00,true,true,0.00,10.00,0.00,1763
1773233457000,64.1232360833333,-21.7899245,0.00,0.00,0.00,true,true,0.00,2.00,0.00,1764
1773233461000,64.1232360833333,-21.7899245,0.00,0.00,0.00,true,true,0.00,4.00,0.00,1765
1773233463000,64.1232360833333,-21.7899245,0.00,0.00,0.00,true,true,0.00,2.00,0.00,1766
1773233465000,64.1232360833333,-21.7899245,0.00,0.00,0.00,true,true,0.00,2.00,0.00,1767
1773233468000,64.1232360833333,-21.7899245,0.00,0.00,0.00,true,true,0.00,3.00,0.00,1768
1773233470000,64.1232360833333,-21.7899245,0.00,0.00,0.00,true,true,0.00,2.00,0.00,1769
1773233473000,64.1232360833333,-21.7899245,0.00,0.00,0.00,true,true,0.00,3.00,0.00,1770
1773233477000,64.1232360833333,-21.7899245,0.00,0.00,0.00,true,true,0.00,4.00,0.00,1771
1773233483000,64.1232360833333,-21.7899245,0.00,0.00,0.00,true,true,0.00,6.00,0.00,1772
1773233485000,64.1232360833333,-21.7899245,0.00,0.00,0.00,true,true,0.00,2.00,0.00,1773
1773233488000,64.1232360833333,-21.7899245,0.00,0.00,0.00,true,true,0.00,3.00,0.00,1774
1773233490000,64.1232360833333,-21.7899245,0.00,0.00,0.00,true,true,0.00,2.00,0.00,1775
1773233494000,64.1232360833333,-21.7899245,0.00,0.00,0.00,true,true,0.00,4.00,0.00,1776
1773233496000,64.1232360833333,-21.7899245,0.00,0.00,0.00,true,true,0.00,2.00,0.00,1777
1773233498000,64.1232360833333,-21.7899245,0.00,0.00,0.00,true,true,0.00,2.00,0.00,1778
1773233502000,64.1232360833333,-21.7899245,0.00,0.00,0.00,true,true,0.00,4.00,0.00,1779
1773233506000,64.1232360833333,-21.7899245,0.00,0.00,0.00,true,true,0.00,4.00,0.00,1780
1773233509000,64.1232357833333,-21.7899253333333,0.00,0.00,0.00,true,true,0.05,3.00,0.06,1781
1773233513000,64.1232357833333,-21.7899253333333,0.00,0.00,0.00,true,true,0.01,4.00,0.01,1782
1773233515000,64.1232357833333,-21.7899253333333,0.00,0.00,0.00,true,true,0.00,2.00,0.00,1783
1773233519000,64.1232357833333,-21.7899253333333,0.00,0.00,0.00,true,true,0.00,4.00,0.00,1784
1773233521000,64.1232357833333,-21.7899253333333,0.00,0.00,0.00,true,true,0.00,2.00,0.00,1785
1773233523000,64.1232357833333,-21.7899253333333,0.00,0.00,0.00,true,true,0.00,2.00,0.00,1786
1773233527000,64.1232357833333,-21.7899253333333,0.00,0.00,0.00,true,true,0.00,4.00,0.00,1787
1773233530000,64.1232357833333,-21.7899253333333,0.00,0.00,0.00,true,true,0.00,3.00,0.00,1788
1773233532000,64.1232357833333,-21.7899253333333,0.00,0.00,0.00,true,true,0.00,2.00,0.00,1789
1773233536000,64.1232357833333,-21.7899253333333,0.00,0.00,0.00,true,true,0.00,4.00,0.00,1790
1773233538000,64.1232357833333,-21.7899253333333,0.00,0.00,0.00,true,true,0.00,2.00,0.00,1791
1773233540000,64.1232357833333,-21.7899253333333,0.00,0.00,0.00,true,true,0.00,2.00,0.00,1792
1773233543000,64.1232357833333,-21.7899253333333,0.00,0.00,0.00,true,true,0.00,3.00,0.00,1793
1773233546000,64.1232357833333,-21.7899253333333,0.00,0.00,0.00,true,true,0.00,3.00,0.00,1794
1773233548000,64.1232357833333,-21.7899253333333,0.00,0.00,0.00,true,true,0.00,2.00,0.00,1795
1773233551000,64.1232357833333,-21.7899253333333,0.00,0.00,0.00,true,true,0.00,3.00,0.00,1796
1773233555000,64.1232357833333,-21.7899253333333,0.00,0.00,0.00,true,true,0.00,4.00,0.00,1797
1773233557000,64.1232357833333,-21.7899253333333,0.00,0.00,0.00,true,true,0.00,2.00,0.00,1798
1773233559000,64.1232357833333,-21.7899253333333,0.00,0.00,0.00,true,true,0.00,2.00,0.00,1799
1773233564000,64.1232357833333,-21.7899253333333,0.00,0.00,0.00,true,true,0.00,5.00,0.00,1800
1773233566000,64.1232357833333,-21.7899253333333,0.00,0.00,0.00,true,true,0.00,2.00,0.00,1801
1773233571000,64.1232357833333,-21.7899253333333,0.00,0.00,0.00,true,true,0.00,5.00,0.00,1802
1773233575000,64.1232357833333,-21.7899253333333,0.00,0.00,0.00,true,true,0.00,4.00,0.00,1803
1773233577000,64.1232357833333,-21.7899253333333,0.00,0.00,0.00,true,true,0.00,2.00,0.00,1804
1773233579000,64.1232357833333,-21.7899253333333,0.00,0.00,0.00,true,true,0.00,2.00,0.00,1805
1773233581000,64.1232357833333,-21.7899253333333,0.00,0.00,0.00,true,true,0.00,2.00,0.00,1806
1773233589000,64.1232357833333,-21.7899253333333,0.00,0.00,0.00,true,true,0.00,8.00,0.00,1807
1773233591000,64.1232357833333,-21.7899253333333,0.00,0.00,0.00,true,true,0.00,2.00,0.00,1808
1773233596000,64.1232357833333,-21.7899253333333,0.00,0.00,0.00,true,true,0.00,5.00,0.00,1809
1773233600000,64.1232357833333,-21.7899253333333,0.00,0.00,0.00,true,true,0.00,4.00,0.00,1810
1773233602000,64.1232357833333,-21.7899253333333,0.00,0.00,0.00,true,true,0.00,2.00,0.00,1811
1773233604000,64.1232357833333,-21.7899253333333,0.00,0.00,0.00,true,true,0.00,2.00,0.00,1812
1773233606000,64.1232357833333,-21.7899253333333,0.00,0.00,0.00,true,true,0.00,2.00,0.00,1813
1773233610000,64.1232357833333,-21.7899253333333,0.00,0.00,0.00,true,true,0.00,4.00,0.00,1814
1773233612000,64.1232357833333,-21.7899253333333,0.00,0.00,0.00,true,true,0.00,2.00,0.00,1815
1773233616000,64.1232357833333,-21.7899253333333,0.00,0.00,0.00,true,true,0.00,4.00,0.00,1816
1773233618000,64.1232357833333,-21.7899253333333,0.00,0.00,0.00,true,true,0.00,2.00,0.00,1817
1773233621000,64.1232357833333,-21.7899253333333,0.00,0.00,0.00,true,true,0.00,3.00,0.00,1818
1773233623000,64.1232357833333,-21.7899253333333,0.00,0.00,0.00,true,true,0.00,2.00,0.00,1819
1773233627000,64.1232357833333,-21.7899253333333,0.00,0.00,0.00,true,true,0.00,4.00,0.00,1820
1773233629000,64.1232363333333,-21.7899255,0.00,0.00,0.00,true,true,0.06,2.00,0.11,1821
1773233635000,64.1232363333333,-21.7899255,0.00,0.00,0.00,true,true,0.02,6.00,0.01,1822
1773233637000,64.1232363333333,-21.7899255,0.00,0.00,0.00,true,true,0.00,2.00,0.00,1823
1773233639000,64.1232363333333,-21.7899255,0.00,0.00,0.00,true,true,0.00,2.00,0.00,1824
1773233642000,64.1232363333333,-21.7899255,0.00,0.00,0.00,true,true,0.00,3.00,0.00,1825
1773233646000,64.1232363333333,-21.7899255,0.00,0.00,0.00,true,true,0.00,4.00,0.00,1826
1773233648000,64.1232363333333,-21.7899255,0.00,0.00,0.00,true,true,0.00,2.00,0.00,1827
1773233652000,64.1232363333333,-21.7899255,0.00,0.00,0.00,true,true,0.00,4.00,0.00,1828
1773233657000,64.1232363333333,-21.7899255,0.00,0.00,0.00,true,true,0.00,5.00,0.00,1829
1773233659000,64.1232363333333,-21.7899255,0.00,0.00,0.00,true,true,0.00,2.00,0.00,1830
1773233665000,64.1232363333333,-21.7899255,0.00,0.00,0.00,true,true,0.00,6.00,0.00,1831
1773233667000,64.1232363333333,-21.7899255,0.00,0.00,0.00,true,true,0.00,2.00,0.00,1832
1773233669000,64.1232363333333,-21.7899255,0.00,0.00,0.00,true,true,0.00,2.00,0.00,1833
1773233673000,64.1232363333333,-21.7899255,0.00,0.00,0.00,true,true,0.00,4.00,0.00,1834
1773233676000,64.1232363333333,-21.7899255,0.00,0.00,0.00,true,true,0.00,3.00,0.00,1835
1773233678000,64.1232363333333,-21.7899255,0.00,0.00,0.00,true,true,0.00,2.00,0.00,1836
1773233682000,64.1232363333333,-21.7899255,0.00,0.00,0.00,true,true,0.00,4.00,0.00,1837
1773233686000,64.1232363333333,-21.7899255,0.00,0.00,0.00,true,true,0.00,4.00,0.00,1838
1773233690000,64.1232363333333,-21.7899255,0.00,0.00,0.00,true,true,0.00,4.00,0.00,1839
1773233694000,64.1232363333333,-21.7899255,0.00,0.00,0.00,true,true,0.00,4.00,0.00,1840
1773233697000,64.1232363333333,-21.7899255,0.00,0.00,0.00,true,true,0.00,3.00,0.00,1841
1773233701000,64.1232363333333,-21.7899255,0.00,0.00,0.00,true,true,0.00,4.00,0.00,1842
1773233703000,64.1232363333333,-21.7899255,0.00,0.00,0.00,true,true,0.00,2.00,0.00,1843
1773233707000,64.1232363333333,-21.7899255,0.00,0.00,0.00,true,true,0.00,4.00,0.00,1844
1773233709000,64.1232363333333,-21.7899255,0.00,0.00,0.00,true,true,0.00,2.00,0.00,1845
1773233712000,64.1232363333333,-21.7899255,0.00,0.00,0.00,true,true,0.00,3.00,0.00,1846
1773233716000,64.1232363333333,-21.7899255,0.00,0.00,0.00,true,true,0.00,4.00,0.00,1847
1773233718000,64.1232363333333,-21.7899255,0.00,0.00,0.00,true,true,0.00,2.00,0.00,1848
1773233720000,64.1232363333333,-21.7899255,0.00,0.00,0.00,true,true,0.00,2.00,0.00,1849
1773233724000,64.1232363333333,-21.7899255,0.00,0.00,0.00,true,true,0.00,4.00,0.00,1850
1773233726000,64.1232363333333,-21.7899255,0.00,0.00,0.00,true,true,0.00,2.00,0.00,1851
1773233730000,64.1232363333333,-21.7899255,0.00,0.00,0.00,true,true,0.00,4.00,0.00,1852
1773233732000,64.1232363333333,-21.7899255,0.00,0.00,0.00,true,true,0.00,2.00,0.00,1853
1773233734000,64.1232363333333,-21.7899255,0.00,0.00,0.00,true,true,0.00,2.00,0.00,1854
1773233738000,64.1232363333333,-21.7899255,0.00,0.00,0.00,true,true,0.00,4.00,0.00,1855
1773233740000,64.1232363333333,-21.7899255,0.00,0.00,0.00,true,true,0.00,2.00,0.00,1856
1773233744000,64.1232363333333,-21.7899255,0.00,0.00,0.00,true,true,0.00,4.00,0.00,1857
1773233746000,64.1232363333333,-21.7899255,0.00,0.00,0.00,true,true,0.00,2.00,0.00,1858
1773233749000,64.1232363333333,-21.7899255,0.00,0.00,0.00,true,true,0.00,3.00,0.00,1859
1773233751000,64.1232363333333,-21.7899255,0.00,0.00,0.00,true,true,0.00,2.00,0.00,1860
1773233755000,64.1232362333333,-21.7899255,0.00,0.00,0.00,true,true,0.01,4.00,0.01,1861
1773233757000,64.1232362333333,-21.7899255,0.00,0.00,0.00,true,true,0.00,2.00,0.00,1862
1773233759000,64.1232362333333,-21.7899255,0.00,0.00,0.00,true,true,0.00,2.00,0.00,1863
1773233763000,64.1232362333333,-21.7899255,0.00,0.00,0.00,true,true,0.00,4.00,0.00,1864
1773233765000,64.1232362333333,-21.7899255,0.00,0.00,0.00,true,true,0.00,2.00,0.00,1865
1773233769000,64.1232362333333,-21.7899255,0.00,0.00,0.00,true,true,0.00,4.00,0.00,1866
1773233771000,64.1232362333333,-21.7899255,0.00,0.00,0.00,true,true,0.00,2.00,0.00,1867
1773233773000,64.1232362333333,-21.7899255,0.00,0.00,0.00,true,true,0.00,2.00,0.00,1868
1773233775000,64.1232362333333,-21.7899255,0.00,0.00,0.00,true,true,0.00,2.00,0.00,1869
1773233782000,64.1232362333333,-21.7899255,0.00,0.00,0.00,true,true,0.00,7.00,0.00,1870
1773233786000,64.1232362333333,-21.7899255,0.00,0.00,0.00,true,true,0.00,4.00,0.00,1871
1773233788000,64.1232362333333,-21.7899255,0.00,0.00,0.00,true,true,0.00,2.00,0.00,1872
1773233790000,64.1232362333333,-21.7899255,0.00,0.00,0.00,true,true,0.00,2.00,0.00,1873
1773233796000,64.1232362333333,-21.7899255,0.00,0.00,0.00,true,true,0.00,6.00,0.00,1874
1773233798000,64.1232362333333,-21.7899255,0.00,0.00,0.00,true,true,0.00,2.00,0.00,1875
1773233802000,64.1232362333333,-21.7899255,0.00,0.00,0.00,true,true,0.00,4.00,0.00,1876
1773233807000,64.1232362333333,-21.7899255,0.00,0.00,0.00,true,true,0.00,5.00,0.00,1877
1773233809000,64.1232362333333,-21.7899255,0.00,0.00,0.00,true,true,0.00,2.00,0.00,1878
1773233813000,64.1232362333333,-21.7899255,0.00,0.00,0.00,true,true,0.00,4.00,0.00,1879
1773233816000,64.1232362333333,-21.7899255,0.00,0.00,0.00,true,true,0.00,3.00,0.00,1880
1773233821000,64.1232362333333,-21.7899255,0.00,0.00,0.00,true,true,0.00,5.00,0.00,1881
1773233823000,64.1232362333333,-21.7899255,0.00,0.00,0.00,true,true,0.00,2.00,0.00,1882
1773233825000,64.1232362333333,-21.7899255,0.00,0.00,0.00,true,true,0.00,2.00,0.00,1883
1773233827000,64.1232362333333,-21.7899255,0.00,0.00,0.00,true,true,0.00,2.00,0.00,1884
1773233830000,64.1232362333333,-21.7899255,0.00,0.00,0.00,true,true,0.00,3.00,0.00,1885
1773233836000,64.1232362333333,-21.7899255,0.00,0.00,0.00,true,true,0.00,6.00,0.00,1886
1773233838000,64.1232362333333,-21.7899255,0.00,0.00,0.00,true,true,0.00,2.00,0.00,1887
1773233841000,64.1232362333333,-21.7899255,0.00,0.00,0.00,true,true,0.00,3.00,0.00,1888
1773233848000,64.1232362333333,-21.7899255,0.00,0.00,0.00,true,true,0.00,7.00,0.00,1889
1773233851000,64.1232362333333,-21.7899255,0.00,0.00,0.00,true,true,0.00,3.00,0.00,1890
1773233853000,64.1232362333333,-21.7899255,0.00,0.00,0.00,true,true,0.00,2.00,0.00,1891
1773233857000,64.1232362333333,-21.7899255,0.00,0.00,0.00,true,true,0.00,4.00,0.00,1892
1773233862000,64.1232362333333,-21.7899255,0.00,0.00,0.00,true,true,0.00,5.00,0.00,1893
1773233864000,64.1232362333333,-21.7899255,0.00,0.00,0.00,true,true,0.00,2.00,0.00,1894
1773233870000,64.1232362333333,-21.7899255,0.00,0.00,0.00,true,true,0.00,6.00,0.00,1895
1773233872000,64.1232369833333,-21.7899268333333,0.00,0.00,0.00,true,true,0.11,2.00,0.19,1896
1773233876000,64.1232369833333,-21.7899268333333,0.00,0.00,0.00,true,true,0.03,4.00,0.02,1897
1773233878000,64.1232369833333,-21.7899268333333,0.00,0.00,0.00,true,true,0.00,2.00,0.01,1898
1773233881000,64.1232369833333,-21.7899268333333,0.00,0.00,0.00,true,true,0.00,3.00,0.00,1899
1773233887000,64.1232369833333,-21.7899268333333,0.00,0.00,0.00,true,true,0.00,6.00,0.00,1900
1773233893000,64.1232369833333,-21.7899268333333,0.00,0.00,0.00,true,true,0.00,6.00,0.00,1901
1773233899000,64.1232369833333,-21.7899268333333,0.00,0.00,0.00,true,true,0.00,6.00,0.00,1902
1773233901000,64.1232369833333,-21.7899268333333,0.00,0.00,0.00,true,true,0.00,2.00,0.00,1903
1773233903000,64.1232369833333,-21.7899268333333,0.00,0.00,0.00,true,true,0.00,2.00,0.00,1904
1773233906000,64.1232369833333,-21.7899268333333,0.00,0.00,0.00,true,true,0.00,3.00,0.00,1905
1773233911000,64.1232369833333,-21.7899268333333,0.00,0.00,0.00,true,true,0.00,5.00,0.00,1906
1773233915000,64.1232369833333,-21.7899268333333,0.00,0.00,0.00,true,true,0.00,4.00,0.00,1907
1773233921000,64.1232369833333,-21.7899268333333,0.00,0.00,0.00,true,true,0.00,6.00,0.00,1908
1773233923000,64.1232369833333,-21.7899268333333,0.00,0.00,0.00,true,true,0.00,2.00,0.00,1909
1773233925000,64.1232369833333,-21.7899268333333,0.00,0.00,0.00,true,true,0.00,2.00,0.00,1910
1773233929000,64.1232369833333,-21.7899268333333,0.00,0.00,0.00,true,true,0.00,4.00,0.00,1911
1773233931000,64.1232369833333,-21.7899268333333,0.00,0.00,0.00,true,true,0.00,2.00,0.00,1912
1773233933000,64.1232369833333,-21.7899268333333,0.00,0.00,0.00,true,true,0.00,2.00,0.00,1913
1773233936000,64.1232369833333,-21.7899268333333,0.00,0.00,0.00,true,true,0.00,3.00,0.00,1914
1773233942000,64.1232369833333,-21.7899268333333,0.00,0.00,0.00,true,true,0.00,6.00,0.00,1915
1773233946000,64.1232369833333,-21.7899268333333,0.00,0.00,0.00,true,true,0.00,4.00,0.00,1916
1773233948000,64.1232369833333,-21.7899268333333,0.00,0.00,0.00,true,true,0.00,2.00,0.00,1917
1773233951000,64.1232369833333,-21.7899268333333,0.00,0.00,0.00,true,true,0.00,3.00,0.00,1918
1773233957000,64.1232369833333,-21.7899268333333,0.00,0.00,0.00,true,true,0.00,6.00,0.00,1919
1773233959000,64.1232369833333,-21.7899268333333,0.00,0.00,0.00,true,true,0.00,2.00,0.00,1920
1773233965000,64.1232369833333,-21.7899268333333,0.00,0.00,0.00,true,true,0.00,6.00,0.00,1921
1773233967000,64.1232369833333,-21.7899268333333,0.00,0.00,0.00,true,true,0.00,2.00,0.00,1922
1773233971000,64.1232369833333,-21.7899268333333,0.00,0.00,0.00,true,true,0.00,4.00,0.00,1923
1773233973000,64.1232369833333,-21.7899268333333,0.00,0.00,0.00,true,true,0.00,2.00,0.00,1924
1773233975000,64.1232369833333,-21.7899268333333,0.00,0.00,0.00,true,true,0.00,2.00,0.00,1925
1773233977000,64.1232369833333,-21.7899268333333,0.00,0.00,0.00,true,true,0.00,2.00,0.00,1926
1773233982000,64.1232369833333,-21.7899268333333,0.00,0.00,0.00,true,true,0.00,5.00,0.00,1927
1773233984000,64.1232369833333,-21.7899268333333,0.00,0.00,0.00,true,true,0.00,2.00,0.00,1928
1773233986000,64.1232369833333,-21.7899268333333,0.00,0.00,0.00,true,true,0.00,2.00,0.00,1929
1773233988000,64.1232369833333,-21.7899268333333,0.00,0.00,0.00,true,true,0.00,2.00,0.00,1930
1773233992000,64.1232369833333,-21.7899268333333,0.00,0.00,0.00,true,true,0.00,4.00,0.00,1931
1773233994000,64.1232374833333,-21.789927,0.00,0.00,0.00,true,true,0.06,2.00,0.10,1932
1773233998000,64.1232374833333,-21.789927,0.00,0.00,0.00,true,true,0.02,4.00,0.01,1933
1773234001000,64.1232374833333,-21.789927,0.00,0.00,0.00,true,true,0.00,3.00,0.00,1934
1773234003000,64.1232374833333,-21.789927,0.00,0.00,0.00,true,true,0.00,2.00,0.00,1935
1773234007000,64.1232374833333,-21.789927,0.00,0.00,0.00,true,true,0.00,4.00,0.00,1936
1773234009000,64.1232374833333,-21.789927,0.00,0.00,0.00,true,true,0.00,2.00,0.00,1937
1773234011000,64.1232374833333,-21.789927,0.00,0.00,0.00,true,true,0.00,2.00,0.00,1938
1773234015000,64.1232374833333,-21.789927,0.00,0.00,0.00,true,true,0.00,4.00,0.00,1939
1773234019000,64.1232374833333,-21.789927,0.00,0.00,0.00,true,true,0.00,4.00,0.00,1940
1773234021000,64.1232374833333,-21.789927,0.00,0.00,0.00,true,true,0.00,2.00,0.00,1941
1773234023000,64.1232374833333,-21.789927,0.00,0.00,0.00,true,true,0.00,2.00,0.00,1942
1773234027000,64.1232374833333,-21.789927,0.00,0.00,0.00,true,true,0.00,4.00,0.00,1943
1773234032000,64.1232374833333,-21.789927,0.00,0.00,0.00,true,true,0.00,5.00,0.00,1944
1773234034000,64.1232374833333,-21.789927,0.00,0.00,0.00,true,true,0.00,2.00,0.00,1945
1773234040000,64.1232374833333,-21.789927,0.00,0.00,0.00,true,true,0.00,6.00,0.00,1946
1773234044000,64.1232374833333,-21.789927,0.00,0.00,0.00,true,true,0.00,4.00,0.00,1947
1773234046000,64.1232374833333,-21.789927,0.00,0.00,0.00,true,true,0.00,2.00,0.00,1948
1773234048000,64.1232374833333,-21.789927,0.00,0.00,0.00,true,true,0.00,2.00,0.00,1949
1773234051000,64.1232374833333,-21.789927,0.00,0.00,0.00,true,true,0.00,3.00,0.00,1950
1773234053000,64.1232374833333,-21.789927,0.00,0.00,0.00,true,true,0.00,2.00,0.00,1951
1773234058000,64.1232374833333,-21.789927,0.00,0.00,0.00,true,true,0.00,5.00,0.00,1952
1773234060000,64.1232374833333,-21.789927,0.00,0.00,0.00,true,true,0.00,2.00,0.00,1953
1773234062000,64.1232374833333,-21.789927,0.00,0.00,0.00,true,true,0.00,2.00,0.00,1954
1773234065000,64.1232374833333,-21.789927,0.00,0.00,0.00,true,true,0.00,3.00,0.00,1955
1773234069000,64.1232374833333,-21.789927,0.00,0.00,0.00,true,true,0.00,4.00,0.00,1956
1773234077000,64.1232374833333,-21.789927,0.00,0.00,0.00,true,true,0.00,8.00,0.00,1957
1773234079000,64.1232374833333,-21.789927,0.00,0.00,0.00,true,true,0.00,2.00,0.00,1958
1773234083000,64.1232374833333,-21.789927,0.00,0.00,0.00,true,true,0.00,4.00,0.00,1959
1773234085000,64.1232374833333,-21.789927,0.00,0.00,0.00,true,true,0.00,2.00,0.00,1960
1773234087000,64.1232374833333,-21.789927,0.00,0.00,0.00,true,true,0.00,2.00,0.00,1961
1773234089000,64.1232374833333,-21.789927,0.00,0.00,0.00,true,true,0.00,2.00,0.00,1962
1773234093000,64.1232374833333,-21.789927,0.00,0.00,0.00,true,true,0.00,4.00,0.00,1963
1773234098000,64.1232374833333,-21.789927,0.00,0.00,0.00,true,true,0.00,5.00,0.00,1964
1773234100000,64.1232374833333,-21.789927,0.00,0.00,0.00,true,true,0.00,2.00,0.00,1965
1773234103000,64.1232374833333,-21.789927,0.00,0.00,0.00,true,true,0.00,3.00,0.00,1966
1773234107000,64.1232374833333,-21.789927,0.00,0.00,0.00,true,true,0.00,4.00,0.00,1967
1773234109000,64.1232374833333,-21.789927,0.00,0.00,0.00,true,true,0.00,2.00,0.00,1968
1773234113000,64.1232374833333,-21.789927,0.00,0.00,0.00,true,true,0.00,4.00,0.00,1969
1773234115000,64.1232367333333,-21.7899261666667,0.00,0.00,0.00,true,true,0.09,2.00,0.17,1970
1773234118000,64.1232367333333,-21.7899261666667,0.00,0.00,0.00,true,true,0.03,3.00,0.03,1971
1773234124000,64.1232367333333,-21.7899261666667,0.00,0.00,0.00,true,true,0.01,6.00,0.00,1972
1773234126000,64.1232367333333,-21.7899261666667,0.00,0.00,0.00,true,true,0.00,2.00,0.00,1973
1773234128000,64.1232367333333,-21.7899261666667,0.00,0.00,0.00,true,true,0.00,2.00,0.00,1974
1773234130000,64.1232367333333,-21.7899261666667,0.00,0.00,0.00,true,true,0.00,2.00,0.00,1975
1773234133000,64.1232367333333,-21.7899261666667,0.00,0.00,0.00,true,true,0.00,3.00,0.00,1976
1773234138000,64.1232367333333,-21.7899261666667,0.00,0.00,0.00,true,true,0.00,5.00,0.00,1977
1773234140000,64.1232367333333,-21.7899261666667,0.00,0.00,0.00,true,true,0.00,2.00,0.00,1978
1773234143000,64.1232367333333,-21.7899261666667,0.00,0.00,0.00,true,true,0.00,3.00,0.00,1979
1773234145000,64.1232367333333,-21.7899261666667,0.00,0.00,0.00,true,true,0.00,2.00,0.00,1980
1773234148000,64.1232367333333,-21.7899261666667,0.00,0.00,0.00,true,true,0.00,3.00,0.00,1981
1773234150000,64.1232367333333,-21.7899261666667,0.00,0.00,0.00,true,true,0.00,2.00,0.00,1982
1773234154000,64.1232367333333,-21.7899261666667,0.00,0.00,0.00,true,true,0.00,4.00,0.00,1983
1773234156000,64.1232367333333,-21.7899261666667,0.00,0.00,0.00,true,true,0.00,2.00,0.00,1984
1773234158000,64.1232367333333,-21.7899261666667,0.00,0.00,0.00,true,true,0.00,2.00,0.00,1985
1773234162000,64.1232367333333,-21.7899261666667,0.00,0.00,0.00,true,true,0.00,4.00,0.00,1986
1773234164000,64.1232367333333,-21.7899261666667,0.00,0.00,0.00,true,true,0.00,2.00,0.00,1987
1773234168000,64.1232367333333,-21.7899261666667,0.00,0.00,0.00,true,true,0.00,4.00,0.00,1988
1773234173000,64.1232367333333,-21.7899261666667,0.00,0.00,0.00,true,true,0.00,5.00,0.00,1989
1773234175000,64.1232367333333,-21.7899261666667,0.00,0.00,0.00,true,true,0.00,2.00,0.00,1990
1773234178000,64.1232367333333,-21.7899261666667,0.00,0.00,0.00,true,true,0.00,3.00,0.00,1991
1773234182000,64.1232367333333,-21.7899261666667,0.00,0.00,0.00,true,true,0.00,4.00,0.00,1992
1773234184000,64.1232367333333,-21.7899261666667,0.00,0.00,0.00,true,true,0.00,2.00,0.00,1993
1773234187000,64.1232367333333,-21.7899261666667,0.00,0.00,0.00,true,true,0.00,3.00,0.00,1994
1773234189000,64.1232367333333,-21.7899261666667,0.00,0.00,0.00,true,true,0.00,2.00,0.00,1995
1773234192000,64.1232367333333,-21.7899261666667,0.00,0.00,0.00,true,true,0.00,3.00,0.00,1996
1773234196000,64.1232367333333,-21.7899261666667,0.00,0.00,0.00,true,true,0.00,4.00,0.00,1997
1773234200000,64.1232367333333,-21.7899261666667,0.00,0.00,0.00,true,true,0.00,4.00,0.00,1998
1773234204000,64.1232367333333,-21.7899261666667,0.00,0.00,0.00,true,true,0.00,4.00,0.00,1999
1773234206000,64.1232367333333,-21.7899261666667,0.00,0.00,0.00,true,true,0.00,2.00,0.00,2000
1773234210000,64.1232367333333,-21.7899261666667,0.00,0.00,0.00,true,true,0.00,4.00,0.00,2001
1773234215000,64.1232367333333,-21.7899261666667,0.00,0.00,0.00,true,true,0.00,5.00,0.00,2002
1773234217000,64.1232367333333,-21.7899261666667,0.00,0.00,0.00,true,true,0.00,2.00,0.00,2003
1773234221000,64.1232367333333,-21.7899261666667,0.00,0.00,0.00,true,true,0.00,4.00,0.00,2004
1773234223000,64.1232367333333,-21.7899261666667,0.00,0.00,0.00,true,true,0.00,2.00,0.00,2005
1773234225000,64.1232367333333,-21.7899261666667,0.00,0.00,0.00,true,true,0.00,2.00,0.00,2006
1773234229000,64.1232367333333,-21.7899261666667,0.00,0.00,0.00,true,true,0.00,4.00,0.00,2007
1773234231000,64.1232367333333,-21.7899261666667,0.00,0.00,0.00,true,true,0.00,2.00,0.00,2008
1773234234000,64.1232367333333,-21.7899261666667,0.00,0.00,0.00,true,true,0.00,3.00,0.00,2009
1773234236000,64.1232366833333,-21.7899238333333,0.00,0.00,0.00,true,true,0.11,2.00,0.20,2010
1773234240000,64.1232366833333,-21.7899238333333,0.00,0.00,0.00,true,true,0.03,4.00,0.03,2011
1773234243000,64.1232366833333,-21.7899238333333,0.00,0.00,0.00,true,true,0.00,3.00,0.01,2012
1773234245000,64.1232366833333,-21.7899238333333,0.00,0.00,0.00,true,true,0.00,2.00,0.00,2013
1773234250000,64.1232366833333,-21.7899238333333,0.00,0.00,0.00,true,true,0.00,5.00,0.00,2014
1773234254000,64.1232366833333,-21.7899238333333,0.00,0.00,0.00,true,true,0.00,4.00,0.00,2015
1773234256000,64.1232366833333,-21.7899238333333,0.00,0.00,0.00,true,true,0.00,2.00,0.00,2016
1773234259000,64.1232366833333,-21.7899238333333,0.00,0.00,0.00,true,true,0.00,3.00,0.00,2017
1773234263000,64.1232366833333,-21.7899238333333,0.00,0.00,0.00,true,true,0.00,4.00,0.00,2018
1773234265000,64.1232366833333,-21.7899238333333,0.00,0.00,0.00,true,true,0.00,2.00,0.00,2019
1773234267000,64.1232366833333,-21.7899238333333,0.00,0.00,0.00,true,true,0.00,2.00,0.00,2020
1773234269000,64.1232366833333,-21.7899238333333,0.00,0.00,0.00,true,true,0.00,2.00,0.00,2021
1773234273000,64.1232366833333,-21.7899238333333,0.00,0.00,0.00,true,true,0.00,4.00,0.00,2022
1773234276000,64.1232366833333,-21.7899238333333,0.00,0.00,0.00,true,true,0.00,3.00,0.00,2023
1773234278000,64.1232366833333,-21.7899238333333,0.00,0.00,0.00,true,true,0.00,2.00,0.00,2024
1773234281000,64.1232366833333,-21.7899238333333,0.00,0.00,0.00,true,true,0.00,3.00,0.00,2025
1773234283000,64.1232366833333,-21.7899238333333,0.00,0.00,0.00,true,true,0.00,2.00,0.00,2026
1773234286000,64.1232366833333,-21.7899238333333,0.00,0.00,0.00,true,true,0.00,3.00,0.00,2027
1773234292000,64.1232366833333,-21.7899238333333,0.00,0.00,0.00,true,true,0.00,6.00,0.00,2028
1773234294000,64.1232366833333,-21.7899238333333,0.00,0.00,0.00,true,true,0.00,2.00,0.00,2029
1773234297000,64.1232366833333,-21.7899238333333,0.00,0.00,0.00,true,true,0.00,3.00,0.00,2030
1773234301000,64.1232366833333,-21.7899238333333,0.00,0.00,0.00,true,true,0.00,4.00,0.00,2031
1773234307000,64.1232366833333,-21.7899238333333,0.00,0.00,0.00,true,true,0.00,6.00,0.00,2032
1773234309000,64.1232366833333,-21.7899238333333,0.00,0.00,0.00,true,true,0.00,2.00,0.00,2033
1773234312000,64.1232366833333,-21.7899238333333,0.00,0.00,0.00,true,true,0.00,3.00,0.00,2034
1773234314000,64.1232366833333,-21.7899238333333,0.00,0.00,0.00,true,true,0.00,2.00,0.00,2035
1773234317000,64.1232366833333,-21.7899238333333,0.00,0.00,0.00,true,true,0.00,3.00,0.00,2036
1773234319000,64.1232366833333,-21.7899238333333,0.00,0.00,0.00,true,true,0.00,2.00,0.00,2037
1773234322000,64.1232366833333,-21.7899238333333,0.00,0.00,0.00,true,true,0.00,3.00,0.00,2038
1773234327000,64.1232366833333,-21.7899238333333,0.00,0.00,0.00,true,true,0.00,5.00,0.00,2039
1773234333000,64.1232366833333,-21.7899238333333,0.00,0.00,0.00,true,true,0.00,6.00,0.00,2040
1773234336000,64.1232366833333,-21.7899238333333,0.00,0.00,0.00,true,true,0.00,3.00,0.00,2041
1773234339000,64.1232366833333,-21.7899238333333,0.00,0.00,0.00,true,true,0.00,3.00,0.00,2042
1773234342000,64.1232366833333,-21.7899238333333,0.00,0.00,0.00,true,true,0.00,3.00,0.00,2043
1773234347000,64.1232366833333,-21.7899238333333,0.00,0.00,0.00,true,true,0.00,5.00,0.00,2044
1773234350000,64.1232366833333,-21.7899238333333,0.00,0.00,0.00,true,true,0.00,3.00,0.00,2045
1773234354000,64.1232366833333,-21.7899238333333,0.00,0.00,0.00,true,true,0.00,4.00,0.00,2046
1773234356000,64.1232363666667,-21.7899225,0.00,0.00,0.00,true,true,0.07,2.00,0.13,2047
1773234360000,64.1232363666667,-21.7899225,0.00,0.00,0.00,true,true,0.02,4.00,0.02,2048
1773234362000,64.1232363666667,-21.7899225,0.00,0.00,0.00,true,true,0.00,2.00,0.00,2049
1773234366000,64.1232363666667,-21.7899225,0.00,0.00,0.00,true,true,0.00,4.00,0.00,2050
1773234373000,64.1232363666667,-21.7899225,0.00,0.00,0.00,true,true,0.00,7.00,0.00,2051
1773234375000,64.1232363666667,-21.7899225,0.00,0.00,0.00,true,true,0.00,2.00,0.00,2052
1773234378000,64.1232363666667,-21.7899225,0.00,0.00,0.00,true,true,0.00,3.00,0.00,2053
1773234380000,64.1232363666667,-21.7899225,0.00,0.00,0.00,true,true,0.00,2.00,0.00,2054
1773234384000,64.1232363666667,-21.7899225,0.00,0.00,0.00,true,true,0.00,4.00,0.00,2055
1773234386000,64.1232363666667,-21.7899225,0.00,0.00,0.00,true,true,0.00,2.00,0.00,2056
1773234390000,64.1232363666667,-21.7899225,0.00,0.00,0.00,true,true,0.00,4.00,0.00,2057
1773234393000,64.1232363666667,-21.7899225,0.00,0.00,0.00,true,true,0.00,3.00,0.00,2058
1773234397000,64.1232363666667,-21.7899225,0.00,0.00,0.00,true,true,0.00,4.00,0.00,2059
1773234400000,64.1232363666667,-21.7899225,0.00,0.00,0.00,true,true,0.00,3.00,0.00,2060
1773234403000,64.1232363666667,-21.7899225,0.00,0.00,0.00,true,true,0.00,3.00,0.00,2061
1773234406000,64.1232363666667,-21.7899225,0.00,0.00,0.00,true,true,0.00,3.00,0.00,2062
1773234408000,64.1232363666667,-21.7899225,0.00,0.00,0.00,true,true,0.00,2.00,0.00,2063
1773234411000,64.1232363666667,-21.7899225,0.00,0.00,0.00,true,true,0.00,3.00,0.00,2064
1773234413000,64.1232363666667,-21.7899225,0.00,0.00,0.00,true,true,0.00,2.00,0.00,2065
1773234417000,64.1232363666667,-21.7899225,0.00,0.00,0.00,true,true,0.00,4.00,0.00,2066
1773234422000,64.1232363666667,-21.7899225,0.00,0.00,0.00,true,true,0.00,5.00,0.00,2067
1773234424000,64.1232363666667,-21.7899225,0.00,0.00,0.00,true,true,0.00,2.00,0.00,2068
1773234428000,64.1232363666667,-21.7899225,0.00,0.00,0.00,true,true,0.00,4.00,0.00,2069
1773234433000,64.1232363666667,-21.7899225,0.00,0.00,0.00,true,true,0.00,5.00,0.00,2070
1773234436000,64.1232363666667,-21.7899225,0.00,0.00,0.00,true,true,0.00,3.00,0.00,2071
1773234441000,64.1232363666667,-21.7899225,0.00,0.00,0.00,true,true,0.00,5.00,0.00,2072
1773234444000,64.1232363666667,-21.7899225,0.00,0.00,0.00,true,true,0.00,3.00,0.00,2073
1773234446000,64.1232363666667,-21.7899225,0.00,0.00,0.00,true,true,0.00,2.00,0.00,2074
1773234450000,64.1232363666667,-21.7899225,0.00,0.00,0.00,true,true,0.00,4.00,0.00,2075
1773234452000,64.1232363666667,-21.7899225,0.00,0.00,0.00,true,true,0.00,2.00,0.00,2076
1773234454000,64.1232363666667,-21.7899225,0.00,0.00,0.00,true,true,0.00,2.00,0.00,2077
1773234456000,64.1232363666667,-21.7899225,0.00,0.00,0.00,true,true,0.00,2.00,0.00,2078
1773234459000,64.1232363666667,-21.7899225,0.00,0.00,0.00,true,true,0.00,3.00,0.00,2079
1773234463000,64.1232363666667,-21.7899225,0.00,0.00,0.00,true,true,0.00,4.00,0.00,2080
1773234466000,64.1232363666667,-21.7899225,0.00,0.00,0.00,true,true,0.00,3.00,0.00,2081
1773234469000,64.1232363666667,-21.7899225,0.00,0.00,0.00,true,true,0.00,3.00,0.00,2082
1773234473000,64.1232363666667,-21.7899225,0.00,0.00,0.00,true,true,0.00,4.00,0.00,2083
1773234476000,64.1232363666667,-21.7899225,0.00,0.00,0.00,true,true,0.00,3.00,0.00,2084
1773234478000,64.1232365,-21.7899218333333,0.00,0.00,0.00,true,true,0.04,2.00,0.06,2085
1773234481000,64.1232365,-21.7899218333333,0.00,0.00,0.00,true,true,0.01,3.00,0.01,2086
1773234486000,64.1232365,-21.7899218333333,0.00,0.00,0.00,true,true,0.00,5.00,0.00,2087
1773234493000,64.1232365,-21.7899218333333,0.00,0.00,0.00,true,true,0.00,7.00,0.00,2088
1773234496000,64.1232365,-21.7899218333333,0.00,0.00,0.00,true,true,0.00,3.00,0.00,2089
1773234499000,64.1232365,-21.7899218333333,0.00,0.00,0.00,true,true,0.00,3.00,0.00,2090
1773234501000,64.1232365,-21.7899218333333,0.00,0.00,0.00,true,true,0.00,2.00,0.00,2091
1773234504000,64.1232365,-21.7899218333333,0.00,0.00,0.00,true,true,0.00,3.00,0.00,2092
1773234506000,64.1232365,-21.7899218333333,0.00,0.00,0.00,true,true,0.00,2.00,0.00,2093
1773234510000,64.1232365,-21.7899218333333,0.00,0.00,0.00,true,true,0.00,4.00,0.00,2094
1773234516000,64.1232365,-21.7899218333333,0.00,0.00,0.00,true,true,0.00,6.00,0.00,2095
1773234518000,64.1232365,-21.7899218333333,0.00,0.00,0.00,true,true,0.00,2.00,0.00,2096
1773234521000,64.1232365,-21.7899218333333,0.00,0.00,0.00,true,true,0.00,3.00,0.00,2097
1773234526000,64.1232365,-21.7899218333333,0.00,0.00,0.00,true,true,0.00,5.00,0.00,2098
1773234531000,64.1232365,-21.7899218333333,0.00,0.00,0.00,true,true,0.00,5.00,0.00,2099
1773234533000,64.1232365,-21.7899218333333,0.00,0.00,0.00,true,true,0.00,2.00,0.00,2100
1773234536000,64.1232365,-21.7899218333333,0.00,0.00,0.00,true,true,0.00,3.00,0.00,2101
1773234538000,64.1232365,-21.7899218333333,0.00,0.00,0.00,true,true,0.00,2.00,0.00,2102
1773234541000,64.1232365,-21.7899218333333,0.00,0.00,0.00,true,true,0.00,3.00,0.00,2103
1773234545000,64.1232365,-21.7899218333333,0.00,0.00,0.00,true,true,0.00,4.00,0.00,2104
1773234547000,64.1232365,-21.7899218333333,0.00,0.00,0.00,true,true,0.00,2.00,0.00,2105
1773234553000,64.1232365,-21.7899218333333,0.00,0.00,0.00,true,true,0.00,6.00,0.00,2106
1773234558000,64.1232365,-21.7899218333333,0.00,0.00,0.00,true,true,0.00,5.00,0.00,2107
1773234562000,64.1232365,-21.7899218333333,0.00,0.00,0.00,true,true,0.00,4.00,0.00,2108
1773234564000,64.1232365,-21.7899218333333,0.00,0.00,0.00,true,true,0.00,2.00,0.00,2109
1773234566000,64.1232365,-21.7899218333333,0.00,0.00,0.00,true,true,0.00,2.00,0.00,2110
1773234570000,64.1232365,-21.7899218333333,0.00,0.00,0.00,true,true,0.00,4.00,0.00,2111
1773234574000,64.1232365,-21.7899218333333,0.00,0.00,0.00,true,true,0.00,4.00,0.00,2112
1773234580000,64.1232365,-21.7899218333333,0.00,0.00,0.00,true,true,0.00,6.00,0.00,2113
1773234583000,64.1232365,-21.7899218333333,0.00,0.00,0.00,true,true,0.00,3.00,0.00,2114
1773234585000,64.1232365,-21.7899218333333,0.00,0.00,0.00,true,true,0.00,2.00,0.00,2115
1773234588000,64.1232365,-21.7899218333333,0.00,0.00,0.00,true,true,0.00,3.00,0.00,2116
1773234593000,64.1232365,-21.7899218333333,0.00,0.00,0.00,true,true,0.00,5.00,0.00,2117
1773234600000,64.1232376666667,-21.7899211666667,0.00,0.00,0.00,true,true,0.13,7.00,0.07,2118
1773234602000,64.1232376666667,-21.7899211666667,0.00,0.00,0.00,true,true,0.00,2.00,0.01,2119
1773234605000,64.1232376666667,-21.7899211666667,0.00,0.00,0.00,true,true,0.00,3.00,0.00,2120
1773234609000,64.1232376666667,-21.7899211666667,0.00,0.00,0.00,true,true,0.00,4.00,0.00,2121
1773234611000,64.1232376666667,-21.7899211666667,0.00,0.00,0.00,true,true,0.00,2.00,0.00,2122
1773234613000,64.1232376666667,-21.7899211666667,0.00,0.00,0.00,true,true,0.00,2.00,0.00,2123
1773234617000,64.1232376666667,-21.7899211666667,0.00,0.00,0.00,true,true,0.00,4.00,0.00,2124
1773234621000,64.1232376666667,-21.7899211666667,0.00,0.00,0.00,true,true,0.00,4.00,0.00,2125
1773234623000,64.1232376666667,-21.7899211666667,0.00,0.00,0.00,true,true,0.00,2.00,0.00,2126
1773234626000,64.1232376666667,-21.7899211666667,0.00,0.00,0.00,true,true,0.00,3.00,0.00,2127
1773234628000,64.1232376666667,-21.7899211666667,0.00,0.00,0.00,true,true,0.00,2.00,0.00,2128
1773234634000,64.1232376666667,-21.7899211666667,0.00,0.00,0.00,true,true,0.00,6.00,0.00,2129
1773234638000,64.1232376666667,-21.7899211666667,0.00,0.00,0.00,true,true,0.00,4.00,0.00,2130
1773234642000,64.1232376666667,-21.7899211666667,0.00,0.00,0.00,true,true,0.00,4.00,0.00,2131
1773234645000,64.1232376666667,-21.7899211666667,0.00,0.00,0.00,true,true,0.00,3.00,0.00,2132
1773234648000,64.1232376666667,-21.7899211666667,0.00,0.00,0.00,true,true,0.00,3.00,0.00,2133
1773234651000,64.1232376666667,-21.7899211666667,0.00,0.00,0.00,true,true,0.00,3.00,0.00,2134
1773234655000,64.1232376666667,-21.7899211666667,0.00,0.00,0.00,true,true,0.00,4.00,0.00,2135
1773234658000,64.1232376666667,-21.7899211666667,0.00,0.00,0.00,true,true,0.00,3.00,0.00,2136
1773234662000,64.1232376666667,-21.7899211666667,0.00,0.00,0.00,true,true,0.00,4.00,0.00,2137
1773234664000,64.1232376666667,-21.7899211666667,0.00,0.00,0.00,true,true,0.00,2.00,0.00,2138
1773234668000,64.1232376666667,-21.7899211666667,0.00,0.00,0.00,true,true,0.00,4.00,0.00,2139
1773234670000,64.1232376666667,-21.7899211666667,0.00,0.00,0.00,true,true,0.00,2.00,0.00,2140
1773234674000,64.1232376666667,-21.7899211666667,0.00,0.00,0.00,true,true,0.00,4.00,0.00,2141
1773234678000,64.1232376666667,-21.7899211666667,0.00,0.00,0.00,true,true,0.00,4.00,0.00,2142
1773234683000,64.1232376666667,-21.7899211666667,0.00,0.00,0.00,true,true,0.00,5.00,0.00,2143
1773234687000,64.1232376666667,-21.7899211666667,0.00,0.00,0.00,true,true,0.00,4.00,0.00,2144
1773234689000,64.1232376666667,-21.7899211666667,0.00,0.00,0.00,true,true,0.00,2.00,0.00,2145
1773234693000,64.1232376666667,-21.7899211666667,0.00,0.00,0.00,true,true,0.00,4.00,0.00,2146
1773234695000,64.1232376666667,-21.7899211666667,0.00,0.00,0.00,true,true,0.00,2.00,0.00,2147
1773234699000,64.1232376666667,-21.7899211666667,0.00,0.00,0.00,true,true,0.00,4.00,0.00,2148
1773234702000,64.1232376666667,-21.7899211666667,0.00,0.00,0.00,true,true,0.00,3.00,0.00,2149
1773234704000,64.1232376666667,-21.7899211666667,0.00,0.00,0.00,true,true,0.00,2.00,0.00,2150
1773234706000,64.1232376666667,-21.7899211666667,0.00,0.00,0.00,true,true,0.00,2.00,0.00,2151
1773234713000,64.1232376666667,-21.7899211666667,0.00,0.00,0.00,true,true,0.00,7.00,0.00,2152
1773234718000,64.1232376666667,-21.7899211666667,0.00,0.00,0.00,true,true,0.00,5.00,0.00,2153
1773234720000,64.1232389333333,-21.7899183333333,0.00,0.00,0.00,true,true,0.20,2.00,0.35,2154
1773234722000,64.1232389333333,-21.7899183333333,0.00,0.00,0.00,true,true,0.05,2.00,0.09,2155
1773234726000,64.1232389333333,-21.7899183333333,0.00,0.00,0.00,true,true,0.02,4.00,0.01,2156
1773234728000,64.1232389333333,-21.7899183333333,0.00,0.00,0.00,true,true,0.00,2.00,0.00,2157
1773234732000,64.1232389333333,-21.7899183333333,0.00,0.00,0.00,true,true,0.00,4.00,0.00,2158
1773234738000,64.1232389333333,-21.7899183333333,0.00,0.00,0.00,true,true,0.00,6.00,0.00,2159
1773234743000,64.1232389333333,-21.7899183333333,0.00,0.00,0.00,true,true,0.00,5.00,0.00,2160
1773234745000,64.1232389333333,-21.7899183333333,0.00,0.00,0.00,true,true,0.00,2.00,0.00,2161
1773234749000,64.1232389333333,-21.7899183333333,0.00,0.00,0.00,true,true,0.00,4.00,0.00,2162
1773234751000,64.1232389333333,-21.7899183333333,0.00,0.00,0.00,true,true,0.00,2.00,0.00,2163
1773234753000,64.1232389333333,-21.7899183333333,0.00,0.00,0.00,true,true,0.00,2.00,0.00,2164
1773234756000,64.1232389333333,-21.7899183333333,0.00,0.00,0.00,true,true,0.00,3.00,0.00,2165
1773234760000,64.1232389333333,-21.7899183333333,0.00,0.00,0.00,true,true,0.00,4.00,0.00,2166
1773234762000,64.1232389333333,-21.7899183333333,0.00,0.00,0.00,true,true,0.00,2.00,0.00,2167
1773234764000,64.1232389333333,-21.7899183333333,0.00,0.00,0.00,true,true,0.00,2.00,0.00,2168
1773234770000,64.1232389333333,-21.7899183333333,0.00,0.00,0.00,true,true,0.00,6.00,0.00,2169
1773234774000,64.1232389333333,-21.7899183333333,0.00,0.00,0.00,true,true,0.00,4.00,0.00,2170
1773234779000,64.1232389333333,-21.7899183333333,0.00,0.00,0.00,true,true,0.00,5.00,0.00,2171
1773234781000,64.1232389333333,-21.7899183333333,0.00,0.00,0.00,true,true,0.00,2.00,0.00,2172
1773234785000,64.1232389333333,-21.7899183333333,0.00,0.00,0.00,true,true,0.00,4.00,0.00,2173
1773234787000,64.1232389333333,-21.7899183333333,0.00,0.00,0.00,true,true,0.00,2.00,0.00,2174
1773234789000,64.1232389333333,-21.7899183333333,0.00,0.00,0.00,true,true,0.00,2.00,0.00,2175
1773234792000,64.1232389333333,-21.7899183333333,0.00,0.00,0.00,true,true,0.00,3.00,0.00,2176
1773234794000,64.1232389333333,-21.7899183333333,0.00,0.00,0.00,true,true,0.00,2.00,0.00,2177
1773234798000,64.1232389333333,-21.7899183333333,0.00,0.00,0.00,true,true,0.00,4.00,0.00,2178
1773234800000,64.1232389333333,-21.7899183333333,0.00,0.00,0.00,true,true,0.00,2.00,0.00,2179
1773234804000,64.1232389333333,-21.7899183333333,0.00,0.00,0.00,true,true,0.00,4.00,0.00,2180
1773234806000,64.1232389333333,-21.7899183333333,0.00,0.00,0.00,true,true,0.00,2.00,0.00,2181
1773234810000,64.1232389333333,-21.7899183333333,0.00,0.00,0.00,true,true,0.00,4.00,0.00,2182
1773234812000,64.1232389333333,-21.7899183333333,0.00,0.00,0.00,true,true,0.00,2.00,0.00,2183
1773234817000,64.1232389333333,-21.7899183333333,0.00,0.00,0.00,true,true,0.00,5.00,0.00,2184
1773234819000,64.1232389333333,-21.7899183333333,0.00,0.00,0.00,true,true,0.00,2.00,0.00,2185
1773234823000,64.1232389333333,-21.7899183333333,0.00,0.00,0.00,true,true,0.00,4.00,0.00,2186
1773234825000,64.1232389333333,-21.7899183333333,0.00,0.00,0.00,true,true,0.00,2.00,0.00,2187
1773234829000,64.1232389333333,-21.7899183333333,0.00,0.00,0.00,true,true,0.00,4.00,0.00,2188
1773234831000,64.1232389333333,-21.7899183333333,0.00,0.00,0.00,true,true,0.00,2.00,0.00,2189
1773234833000,64.1232389333333,-21.7899183333333,0.00,0.00,0.00,true,true,0.00,2.00,0.00,2190
1773234835000,64.1232389333333,-21.7899183333333,0.00,0.00,0.00,true,true,0.00,2.00,0.00,2191
1773234838000,64.1232389333333,-21.7899183333333,0.00,0.00,0.00,true,true,0.00,3.00,0.00,2192
1773234843000,64.1232407166667,-21.7899161666667,0.00,0.00,0.00,true,true,0.22,5.00,0.16,2193
1773234848000,64.1232407166667,-21.7899161666667,0.00,0.00,0.00,true,true,0.02,5.00,0.01,2194
1773234850000,64.1232407166667,-21.7899161666667,0.00,0.00,0.00,true,true,0.00,2.00,0.00,2195
1773234853000,64.1232407166667,-21.7899161666667,0.00,0.00,0.00,true,true,0.00,3.00,0.00,2196
1773234856000,64.1232407166667,-21.7899161666667,0.00,0.00,0.00,true,true,0.00,3.00,0.00,2197
1773234859000,64.1232407166667,-21.7899161666667,0.00,0.00,0.00,true,true,0.00,3.00,0.00,2198
1773234861000,64.1232407166667,-21.7899161666667,0.00,0.00,0.00,true,true,0.00,2.00,0.00,2199
1773234865000,64.1232407166667,-21.7899161666667,0.00,0.00,0.00,true,true,0.00,4.00,0.00,2200
1773234870000,64.1232407166667,-21.7899161666667,0.00,0.00,0.00,true,true,0.00,5.00,0.00,2201
1773234874000,64.1232407166667,-21.7899161666667,0.00,0.00,0.00,true,true,0.00,4.00,0.00,2202
1773234876000,64.1232407166667,-21.7899161666667,0.00,0.00,0.00,true,true,0.00,2.00,0.00,2203
1773234879000,64.1232407166667,-21.7899161666667,0.00,0.00,0.00,true,true,0.00,3.00,0.00,2204
1773234885000,64.1232407166667,-21.7899161666667,0.00,0.00,0.00,true,true,0.00,6.00,0.00,2205
1773234894000,64.1232407166667,-21.7899161666667,0.00,0.00,0.00,true,true,0.00,9.00,0.00,2206
1773234896000,64.1232407166667,-21.7899161666667,0.00,0.00,0.00,true,true,0.00,2.00,0.00,2207
1773234898000,64.1232407166667,-21.7899161666667,0.00,0.00,0.00,true,true,0.00,2.00,0.00,2208
1773234900000,64.1232407166667,-21.7899161666667,0.00,0.00,0.00,true,true,0.00,2.00,0.00,2209
1773234905000,64.1232407166667,-21.7899161666667,0.00,0.00,0.00,true,true,0.00,5.00,0.00,2210
1773234907000,64.1232407166667,-21.7899161666667,0.00,0.00,0.00,true,true,0.00,2.00,0.00,2211
1773234911000,64.1232407166667,-21.7899161666667,0.00,0.00,0.00,true,true,0.00,4.00,0.00,2212
1773234913000,64.1232407166667,-21.7899161666667,0.00,0.00,0.00,true,true,0.00,2.00,0.00,2213
1773234919000,64.1232407166667,-21.7899161666667,0.00,0.00,0.00,true,true,0.00,6.00,0.00,2214
1773234921000,64.1232407166667,-21.7899161666667,0.00,0.00,0.00,true,true,0.00,2.00,0.00,2215
1773234925000,64.1232407166667,-21.7899161666667,0.00,0.00,0.00,true,true,0.00,4.00,0.00,2216
1773234928000,64.1232407166667,-21.7899161666667,0.00,0.00,0.00,true,true,0.00,3.00,0.00,2217
1773234930000,64.1232407166667,-21.7899161666667,0.00,0.00,0.00,true,true,0.00,2.00,0.00,2218
1773234935000,64.1232407166667,-21.7899161666667,0.00,0.00,0.00,true,true,0.00,5.00,0.00,2219
1773234937000,64.1232407166667,-21.7899161666667,0.00,0.00,0.00,true,true,0.00,2.00,0.00,2220
1773234939000,64.1232407166667,-21.7899161666667,0.00,0.00,0.00,true,true,0.00,2.00,0.00,2221
1773234941000,64.1232407166667,-21.7899161666667,0.00,0.00,0.00,true,true,0.00,2.00,0.00,2222
1773234945000,64.1232407166667,-21.7899161666667,0.00,0.00,0.00,true,true,0.00,4.00,0.00,2223
1773234949000,64.1232407166667,-21.7899161666667,0.00,0.00,0.00,true,true,0.00,4.00,0.00,2224
1773234951000,64.1232407166667,-21.7899161666667,0.00,0.00,0.00,true,true,0.00,2.00,0.00,2225
1773234954000,64.1232407166667,-21.7899161666667,0.00,0.00,0.00,true,true,0.00,3.00,0.00,2226
1773234956000,64.1232407166667,-21.7899161666667,0.00,0.00,0.00,true,true,0.00,2.00,0.00,2227
1773234958000,64.1232407166667,-21.7899161666667,0.00,0.00,0.00,true,true,0.00,2.00,0.00,2228
1773234964000,64.1232411166667,-21.7899158333333,0.00,0.00,0.00,true,true,0.05,6.00,0.03,2229
1773234968000,64.1232411166667,-21.7899158333333,0.00,0.00,0.00,true,true,0.00,4.00,0.00,2230
1773234970000,64.1232411166667,-21.7899158333333,0.00,0.00,0.00,true,true,0.00,2.00,0.00,2231
1773234973000,64.1232411166667,-21.7899158333333,0.00,0.00,0.00,true,true,0.00,3.00,0.00,2232
1773234975000,64.1232411166667,-21.7899158333333,0.00,0.00,0.00,true,true,0.00,2.00,0.00,2233
1773234979000,64.1232411166667,-21.7899158333333,0.00,0.00,0.00,true,true,0.00,4.00,0.00,2234
1773234981000,64.1232411166667,-21.7899158333333,0.00,0.00,0.00,true,true,0.00,2.00,0.00,2235
1773234983000,64.1232411166667,-21.7899158333333,0.00,0.00,0.00,true,true,0.00,2.00,0.00,2236
1773234985000,64.1232411166667,-21.7899158333333,0.00,0.00,0.00,true,true,0.00,2.00,0.00,2237
1773234990000,64.1232411166667,-21.7899158333333,0.00,0.00,0.00,true,true,0.00,5.00,0.00,2238
1773234992000,64.1232411166667,-21.7899158333333,0.00,0.00,0.00,true,true,0.00,2.00,0.00,2239
1773234994000,64.1232411166667,-21.7899158333333,0.00,0.00,0.00,true,true,0.00,2.00,0.00,2240
1773234998000,64.1232411166667,-21.7899158333333,0.00,0.00,0.00,true,true,0.00,4.00,0.00,2241
1773235004000,64.1232411166667,-21.7899158333333,0.00,0.00,0.00,true,true,0.00,6.00,0.00,2242
1773235006000,64.1232411166667,-21.7899158333333,0.00,0.00,0.00,true,true,0.00,2.00,0.00,2243
1773235008000,64.1232411166667,-21.7899158333333,0.00,0.00,0.00,true,true,0.00,2.00,0.00,2244
1773235010000,64.1232411166667,-21.7899158333333,0.00,0.00,0.00,true,true,0.00,2.00,0.00,2245
1773235015000,64.1232411166667,-21.7899158333333,0.00,0.00,0.00,true,true,0.00,5.00,0.00,2246
1773235017000,64.1232411166667,-21.7899158333333,0.00,0.00,0.00,true,true,0.00,2.00,0.00,2247
1773235022000,64.1232411166667,-21.7899158333333,0.00,0.00,0.00,true,true,0.00,5.00,0.00,2248
1773235024000,64.1232411166667,-21.7899158333333,0.00,0.00,0.00,true,true,0.00,2.00,0.00,2249
1773235028000,64.1232411166667,-21.7899158333333,0.00,0.00,0.00,true,true,0.00,4.00,0.00,2250
1773235030000,64.1232411166667,-21.7899158333333,0.00,0.00,0.00,true,true,0.00,2.00,0.00,2251
1773235032000,64.1232411166667,-21.7899158333333,0.00,0.00,0.00,true,true,0.00,2.00,0.00,2252
1773235035000,64.1232411166667,-21.7899158333333,0.00,0.00,0.00,true,true,0.00,3.00,0.00,2253
1773235039000,64.1232411166667,-21.7899158333333,0.00,0.00,0.00,true,true,0.00,4.00,0.00,2254
1773235045000,64.1232411166667,-21.7899158333333,0.00,0.00,0.00,true,true,0.00,6.00,0.00,2255
1773235047000,64.1232411166667,-21.7899158333333,0.00,0.00,0.00,true,true,0.00,2.00,0.00,2256
1773235049000,64.1232411166667,-21.7899158333333,0.00,0.00,0.00,true,true,0.00,2.00,0.00,2257
1773235051000,64.1232411166667,-21.7899158333333,0.00,0.00,0.00,true,true,0.00,2.00,0.00,2258
1773235056000,64.1232411166667,-21.7899158333333,0.00,0.00,0.00,true,true,0.00,5.00,0.00,2259
1773235058000,64.1232411166667,-21.7899158333333,0.00,0.00,0.00,true,true,0.00,2.00,0.00,2260
1773235060000,64.1232411166667,-21.7899158333333,0.00,0.00,0.00,true,true,0.00,2.00,0.00,2261
1773235066000,64.1232411166667,-21.7899158333333,0.00,0.00,0.00,true,true,0.00,6.00,0.00,2262
1773235070000,64.1232411166667,-21.7899158333333,0.00,0.00,0.00,true,true,0.00,4.00,0.00,2263
1773235072000,64.1232411166667,-21.7899158333333,0.00,0.00,0.00,true,true,0.00,2.00,0.00,2264
1773235075000,64.1232411166667,-21.7899158333333,0.00,0.00,0.00,true,true,0.00,3.00,0.00,2265
1773235077000,64.1232411166667,-21.7899158333333,0.00,0.00,0.00,true,true,0.00,2.00,0.00,2266
1773235079000,64.1232411166667,-21.7899158333333,0.00,0.00,0.00,true,true,0.00,2.00,0.00,2267
1773235083000,64.1232411166667,-21.7899158333333,0.00,0.00,0.00,true,true,0.00,4.00,0.00,2268
1773235086000,64.1232410166667,-21.7899165,0.00,0.00,0.00,true,true,0.03,3.00,0.04,2269
1773235088000,64.1232410166667,-21.7899165,0.00,0.00,0.00,true,true,0.01,2.00,0.01,2270
1773235090000,64.1232410166667,-21.7899165,0.00,0.00,0.00,true,true,0.00,2.00,0.00,2271
1773235092000,64.1232410166667,-21.7899165,0.00,0.00,0.00,true,true,0.00,2.00,0.00,2272
1773235099000,64.1232410166667,-21.7899165,0.00,0.00,0.00,true,true,0.00,7.00,0.00,2273
1773235103000,64.1232410166667,-21.7899165,0.00,0.00,0.00,true,true,0.00,4.00,0.00,2274
1773235105000,64.1232410166667,-21.7899165,0.00,0.00,0.00,true,true,0.00,2.00,0.00,2275
1773235109000,64.1232410166667,-21.7899165,0.00,0.00,0.00,true,true,0.00,4.00,0.00,2276
1773235111000,64.1232410166667,-21.7899165,0.00,0.00,0.00,true,true,0.00,2.00,0.00,2277
1773235113000,64.1232410166667,-21.7899165,0.00,0.00,0.00,true,true,0.00,2.00,0.00,2278
1773235117000,64.1232410166667,-21.7899165,0.00,0.00,0.00,true,true,0.00,4.00,0.00,2279
1773235120000,64.1232410166667,-21.7899165,0.00,0.00,0.00,true,true,0.00,3.00,0.00,2280
1773235124000,64.1232410166667,-21.7899165,0.00,0.00,0.00,true,true,0.00,4.00,0.00,2281
1773235126000,64.1232410166667,-21.7899165,0.00,0.00,0.00,true,true,0.00,2.00,0.00,2282
1773235128000,64.1232410166667,-21.7899165,0.00,0.00,0.00,true,true,0.00,2.00,0.00,2283
1773235132000,64.1232410166667,-21.7899165,0.00,0.00,0.00,true,true,0.00,4.00,0.00,2284
1773235137000,64.1232410166667,-21.7899165,0.00,0.00,0.00,true,true,0.00,5.00,0.00,2285
1773235139000,64.1232410166667,-21.7899165,0.00,0.00,0.00,true,true,0.00,2.00,0.00,2286
1773235142000,64.1232410166667,-21.7899165,0.00,0.00,0.00,true,true,0.00,3.00,0.00,2287
1773235144000,64.1232410166667,-21.7899165,0.00,0.00,0.00,true,true,0.00,2.00,0.00,2288
1773235148000,64.1232410166667,-21.7899165,0.00,0.00,0.00,true,true,0.00,4.00,0.00,2289
1773235152000,64.1232410166667,-21.7899165,0.00,0.00,0.00,true,true,0.00,4.00,0.00,2290
1773235154000,64.1232410166667,-21.7899165,0.00,0.00,0.00,true,true,0.00,2.00,0.00,2291
1773235158000,64.1232410166667,-21.7899165,0.00,0.00,0.00,true,true,0.00,4.00,0.00,2292
1773235161000,64.1232410166667,-21.7899165,0.00,0.00,0.00,true,true,0.00,3.00,0.00,2293
1773235164000,64.1232410166667,-21.7899165,0.00,0.00,0.00,true,true,0.00,3.00,0.00,2294
1773235167000,64.1232410166667,-21.7899165,0.00,0.00,0.00,true,true,0.00,3.00,0.00,2295
1773235169000,64.1232410166667,-21.7899165,0.00,0.00,0.00,true,true,0.00,2.00,0.00,2296
1773235174000,64.1232410166667,-21.7899165,0.00,0.00,0.00,true,true,0.00,5.00,0.00,2297
1773235176000,64.1232410166667,-21.7899165,0.00,0.00,0.00,true,true,0.00,2.00,0.00,2298
1773235180000,64.1232410166667,-21.7899165,0.00,0.00,0.00,true,true,0.00,4.00,0.00,2299
1773235182000,64.1232410166667,-21.7899165,0.00,0.00,0.00,true,true,0.00,2.00,0.00,2300
1773235188000,64.1232410166667,-21.7899165,0.00,0.00,0.00,true,true,0.00,6.00,0.00,2301
1773235193000,64.1232410166667,-21.7899165,0.00,0.00,0.00,true,true,0.00,5.00,0.00,2302
1773235195000,64.1232410166667,-21.7899165,0.00,0.00,0.00,true,true,0.00,2.00,0.00,2303
1773235197000,64.1232410166667,-21.7899165,0.00,0.00,0.00,true,true,0.00,2.00,0.00,2304
1773235201000,64.1232410166667,-21.7899165,0.00,0.00,0.00,true,true,0.00,4.00,0.00,2305
1773235205000,64.1232410166667,-21.7899165,0.00,0.00,0.00,true,true,0.00,4.00,0.00,2306
1773235209000,64.1232415833333,-21.789917,0.00,0.00,0.00,true,true,0.07,4.00,0.06,2307
1773235212000,64.1232415833333,-21.789917,0.00,0.00,0.00,true,true,0.01,3.00,0.01,2308
1773235214000,64.1232415833333,-21.789917,0.00,0.00,0.00,true,true,0.00,2.00,0.00,2309
1773235219000,64.1232415833333,-21.789917,0.00,0.00,0.00,true,true,0.00,5.00,0.00,2310
1773235221000,64.1232415833333,-21.789917,0.00,0.00,0.00,true,true,0.00,2.00,0.00,2311
1773235223000,64.1232415833333,-21.789917,0.00,0.00,0.00,true,true,0.00,2.00,0.00,2312
1773235227000,64.1232415833333,-21.789917,0.00,0.00,0.00,true,true,0.00,4.00,0.00,2313
1773235229000,64.1232415833333,-21.789917,0.00,0.00,0.00,true,true,0.00,2.00,0.00,2314
1773235234000,64.1232415833333,-21.789917,0.00,0.00,0.00,true,true,0.00,5.00,0.00,2315
1773235236000,64.1232415833333,-21.789917,0.00,0.00,0.00,true,true,0.00,2.00,0.00,2316
1773235241000,64.1232415833333,-21.789917,0.00,0.00,0.00,true,true,0.00,5.00,0.00,2317
1773235243000,64.1232415833333,-21.789917,0.00,0.00,0.00,true,true,0.00,2.00,0.00,2318
1773235247000,64.1232415833333,-21.789917,0.00,0.00,0.00,true,true,0.00,4.00,0.00,2319
1773235249000,64.1232415833333,-21.789917,0.00,0.00,0.00,true,true,0.00,2.00,0.00,2320
1773235251000,64.1232415833333,-21.789917,0.00,0.00,0.00,true,true,0.00,2.00,0.00,2321
1773235254000,64.1232415833333,-21.789917,0.00,0.00,0.00,true,true,0.00,3.00,0.00,2322
1773235256000,64.1232415833333,-21.789917,0.00,0.00,0.00,true,true,0.00,2.00,0.00,2323
1773235260000,64.1232415833333,-21.789917,0.00,0.00,0.00,true,true,0.00,4.00,0.00,2324
1773235262000,64.1232415833333,-21.789917,0.00,0.00,0.00,true,true,0.00,2.00,0.00,2325
1773235266000,64.1232415833333,-21.789917,0.00,0.00,0.00,true,true,0.00,4.00,0.00,2326
1773235268000,64.1232415833333,-21.789917,0.00,0.00,0.00,true,true,0.00,2.00,0.00,2327
1773235272000,64.1232415833333,-21.789917,0.00,0.00,0.00,true,true,0.00,4.00,0.00,2328
1773235276000,64.1232415833333,-21.789917,0.00,0.00,0.00,true,true,0.00,4.00,0.00,2329
1773235279000,64.1232415833333,-21.789917,0.00,0.00,0.00,true,true,0.00,3.00,0.00,2330
1773235281000,64.1232415833333,-21.789917,0.00,0.00,0.00,true,true,0.00,2.00,0.00,2331
1773235285000,64.1232415833333,-21.789917,0.00,0.00,0.00,true,true,0.00,4.00,0.00,2332
1773235287000,64.1232415833333,-21.789917,0.00,0.00,0.00,true,true,0.00,2.00,0.00,2333
1773235291000,64.1232415833333,-21.789917,0.00,0.00,0.00,true,true,0.00,4.00,0.00,2334
1773235293000,64.1232415833333,-21.789917,0.00,0.00,0.00,true,true,0.00,2.00,0.00,2335
1773235298000,64.1232415833333,-21.789917,0.00,0.00,0.00,true,true,0.00,5.00,0.00,2336
1773235304000,64.1232415833333,-21.789917,0.00,0.00,0.00,true,true,0.00,6.00,0.00,2337
1773235307000,64.1232415833333,-21.789917,0.00,0.00,0.00,true,true,0.00,3.00,0.00,2338
1773235309000,64.1232415833333,-21.789917,0.00,0.00,0.00,true,true,0.00,2.00,0.00,2339
1773235311000,64.1232415833333,-21.789917,0.00,0.00,0.00,true,true,0.00,2.00,0.00,2340
1773235315000,64.1232415833333,-21.789917,0.00,0.00,0.00,true,true,0.00,4.00,0.00,2341
1773235319000,64.1232415833333,-21.789917,0.00,0.00,0.00,true,true,0.00,4.00,0.00,2342
1773235323000,64.1232415833333,-21.789917,0.00,0.00,0.00,true,true,0.00,4.00,0.00,2343
1773235326000,64.1232415833333,-21.789917,0.00,0.00,0.00,true,true,0.00,3.00,0.00,2344
1773235331000,64.12324235,-21.789914,0.00,0.00,0.00,true,true,0.17,5.00,0.12,2345
1773235333000,64.12324235,-21.789914,0.00,0.00,0.00,true,true,0.01,2.00,0.02,2346
1773235335000,64.12324235,-21.789914,0.00,0.00,0.00,true,true,0.00,2.00,0.01,2347
1773235341000,64.12324235,-21.789914,0.00,0.00,0.00,true,true,0.00,6.00,0.00,2348
1773235348000,64.12324235,-21.789914,0.00,0.00,0.00,true,true,0.00,7.00,0.00,2349
1773235350000,64.12324235,-21.789914,0.00,0.00,0.00,true,true,0.00,2.00,0.00,2350
1773235352000,64.12324235,-21.789914,0.00,0.00,0.00,true,true,0.00,2.00,0.00,2351
1773235356000,64.12324235,-21.789914,0.00,0.00,0.00,true,true,0.00,4.00,0.00,2352
1773235358000,64.12324235,-21.789914,0.00,0.00,0.00,true,true,0.00,2.00,0.00,2353
1773235364000,64.12324235,-21.789914,0.00,0.00,0.00,true,true,0.00,6.00,0.00,2354
1773235369000,64.12324235,-21.789914,0.00,0.00,0.00,true,true,0.00,5.00,0.00,2355
1773235373000,64.12324235,-21.789914,0.00,0.00,0.00,true,true,0.00,4.00,0.00,2356
1773235375000,64.12324235,-21.789914,0.00,0.00,0.00,true,true,0.00,2.00,0.00,2357
1773235377000,64.12324235,-21.789914,0.00,0.00,0.00,true,true,0.00,2.00,0.00,2358
1773235381000,64.12324235,-21.789914,0.00,0.00,0.00,true,true,0.00,4.00,0.00,2359
1773235384000,64.12324235,-21.789914,0.00,0.00,0.00,true,true,0.00,3.00,0.00,2360
1773235386000,64.12324235,-21.789914,0.00,0.00,0.00,true,true,0.00,2.00,0.00,2361
1773235390000,64.12324235,-21.789914,0.00,0.00,0.00,true,true,0.00,4.00,0.00,2362
1773235392000,64.12324235,-21.789914,0.00,0.00,0.00,true,true,0.00,2.00,0.00,2363
1773235398000,64.12324235,-21.789914,0.00,0.00,0.00,true,true,0.00,6.00,0.00,2364
1773235401000,64.12324235,-21.789914,0.00,0.00,0.00,true,true,0.00,3.00,0.00,2365
1773235406000,64.12324235,-21.789914,0.00,0.00,0.00,true,true,0.00,5.00,0.00,2366
1773235408000,64.12324235,-21.789914,0.00,0.00,0.00,true,true,0.00,2.00,0.00,2367
1773235410000,64.12324235,-21.789914,0.00,0.00,0.00,true,true,0.00,2.00,0.00,2368
1773235414000,64.12324235,-21.789914,0.00,0.00,0.00,true,true,0.00,4.00,0.00,2369
1773235419000,64.12324235,-21.789914,0.00,0.00,0.00,true,true,0.00,5.00,0.00,2370
1773235423000,64.12324235,-21.789914,0.00,0.00,0.00,true,true,0.00,4.00,0.00,2371
1773235428000,64.12324235,-21.789914,0.00,0.00,0.00,true,true,0.00,5.00,0.00,2372
1773235430000,64.12324235,-21.789914,0.00,0.00,0.00,true,true,0.00,2.00,0.00,2373
1773235432000,64.12324235,-21.789914,0.00,0.00,0.00,true,true,0.00,2.00,0.00,2374
1773235440000,64.12324235,-21.789914,0.00,0.00,0.00,true,true,0.00,8.00,0.00,2375
1773235442000,64.12324235,-21.789914,0.00,0.00,0.00,true,true,0.00,2.00,0.00,2376
1773235446000,64.12324235,-21.789914,0.00,0.00,0.00,true,true,0.00,4.00,0.00,2377
1773235448000,64.12324305,-21.7899116666667,0.00,0.00,0.00,true,true,0.14,2.00,0.25,2378
1773235453000,64.12324305,-21.7899116666667,0.00,0.00,0.00,true,true,0.04,5.00,0.03,2379
1773235455000,64.12324305,-21.7899116666667,0.00,0.00,0.00,true,true,0.00,2.00,0.01,2380
1773235458000,64.12324305,-21.7899116666667,0.00,0.00,0.00,true,true,0.00,3.00,0.00,2381
1773235464000,64.12324305,-21.7899116666667,0.00,0.00,0.00,true,true,0.00,6.00,0.00,2382
1773235469000,64.12324305,-21.7899116666667,0.00,0.00,0.00,true,true,0.00,5.00,0.00,2383
1773235471000,64.12324305,-21.7899116666667,0.00,0.00,0.00,true,true,0.00,2.00,0.00,2384
1773235477000,64.12324305,-21.7899116666667,0.00,0.00,0.00,true,true,0.00,6.00,0.00,2385
1773235479000,64.12324305,-21.7899116666667,0.00,0.00,0.00,true,true,0.00,2.00,0.00,2386
1773235483000,64.12324305,-21.7899116666667,0.00,0.00,0.00,true,true,0.00,4.00,0.00,2387
1773235485000,64.12324305,-21.7899116666667,0.00,0.00,0.00,true,true,0.00,2.00,0.00,2388
1773235488000,64.12324305,-21.7899116666667,0.00,0.00,0.00,true,true,0.00,3.00,0.00,2389
1773235490000,64.12324305,-21.7899116666667,0.00,0.00,0.00,true,true,0.00,2.00,0.00,2390
1773235494000,64.12324305,-21.7899116666667,0.00,0.00,0.00,true,true,0.00,4.00,0.00,2391
1773235499000,64.12324305,-21.7899116666667,0.00,0.00,0.00,true,true,0.00,5.00,0.00,2392
1773235501000,64.12324305,-21.7899116666667,0.00,0.00,0.00,true,true,0.00,2.00,0.00,2393
1773235505000,64.12324305,-21.7899116666667,0.00,0.00,0.00,true,true,0.00,4.00,0.00,2394
1773235508000,64.12324305,-21.7899116666667,0.00,0.00,0.00,true,true,0.00,3.00,0.00,2395
1773235510000,64.12324305,-21.7899116666667,0.00,0.00,0.00,true,true,0.00,2.00,0.00,2396
1773235514000,64.12324305,-21.7899116666667,0.00,0.00,0.00,true,true,0.00,4.00,0.00,2397
1773235516000,64.12324305,-21.7899116666667,0.00,0.00,0.00,true,true,0.00,2.00,0.00,2398
1773235519000,64.12324305,-21.7899116666667,0.00,0.00,0.00,true,true,0.00,3.00,0.00,2399
1773235523000,64.12324305,-21.7899116666667,0.00,0.00,0.00,true,true,0.00,4.00,0.00,2400
1773235525000,64.12324305,-21.7899116666667,0.00,0.00,0.00,true,true,0.00,2.00,0.00,2401
1773235529000,64.12324305,-21.7899116666667,0.00,0.00,0.00,true,true,0.00,4.00,0.00,2402
1773235531000,64.12324305,-21.7899116666667,0.00,0.00,0.00,true,true,0.00,2.00,0.00,2403
1773235535000,64.12324305,-21.7899116666667,0.00,0.00,0.00,true,true,0.00,4.00,0.00,2404
1773235538000,64.12324305,-21.7899116666667,0.00,0.00,0.00,true,true,0.00,3.00,0.00,2405
1773235540000,64.12324305,-21.7899116666667,0.00,0.00,0.00,true,true,0.00,2.00,0.00,2406
1773235543000,64.12324305,-21.7899116666667,0.00,0.00,0.00,true,true,0.00,3.00,0.00,2407
1773235545000,64.12324305,-21.7899116666667,0.00,0.00,0.00,true,true,0.00,2.00,0.00,2408
1773235551000,64.12324305,-21.7899116666667,0.00,0.00,0.00,true,true,0.00,6.00,0.00,2409
1773235555000,64.12324305,-21.7899116666667,0.00,0.00,0.00,true,true,0.00,4.00,0.00,2410
1773235561000,64.12324305,-21.7899116666667,0.00,0.00,0.00,true,true,0.00,6.00,0.00,2411
1773235563000,64.12324305,-21.7899116666667,0.00,0.00,0.00,true,true,0.00,2.00,0.00,2412
1773235565000,64.12324305,-21.7899116666667,0.00,0.00,0.00,true,true,0.00,2.00,0.00,2413
1773235569000,64.1232436666667,-21.7899101666667,0.00,0.00,0.00,true,true,0.10,4.00,0.09,2414
1773235573000,64.1232436666667,-21.7899101666667,0.00,0.00,0.00,true,true,0.01,4.00,0.01,2415
1773235575000,64.1232436666667,-21.7899101666667,0.00,0.00,0.00,true,true,0.00,2.00,0.00,2416
1773235577000,64.1232436666667,-21.7899101666667,0.00,0.00,0.00,true,true,0.00,2.00,0.00,2417
1773235581000,64.1232436666667,-21.7899101666667,0.00,0.00,0.00,true,true,0.00,4.00,0.00,2418
1773235584000,64.1232436666667,-21.7899101666667,0.00,0.00,0.00,true,true,0.00,3.00,0.00,2419
1773235589000,64.1232436666667,-21.7899101666667,0.00,0.00,0.00,true,true,0.00,5.00,0.00,2420
1773235591000,64.1232436666667,-21.7899101666667,0.00,0.00,0.00,true,true,0.00,2.00,0.00,2421
1773235597000,64.1232436666667,-21.7899101666667,0.00,0.00,0.00,true,true,0.00,6.00,0.00,2422
1773235601000,64.1232436666667,-21.7899101666667,0.00,0.00,0.00,true,true,0.00,4.00,0.00,2423
1773235604000,64.1232436666667,-21.7899101666667,0.00,0.00,0.00,true,true,0.00,3.00,0.00,2424
1773235606000,64.1232436666667,-21.7899101666667,0.00,0.00,0.00,true,true,0.00,2.00,0.00,2425
1773235608000,64.1232436666667,-21.7899101666667,0.00,0.00,0.00,true,true,0.00,2.00,0.00,2426
1773235611000,64.1232436666667,-21.7899101666667,0.00,0.00,0.00,true,true,0.00,3.00,0.00,2427
1773235614000,64.1232436666667,-21.7899101666667,0.00,0.00,0.00,true,true,0.00,3.00,0.00,2428
1773235619000,64.1232436666667,-21.7899101666667,0.00,0.00,0.00,true,true,0.00,5.00,0.00,2429
1773235623000,64.1232436666667,-21.7899101666667,0.00,0.00,0.00,true,true,0.00,4.00,0.00,2430
1773235625000,64.1232436666667,-21.7899101666667,0.00,0.00,0.00,true,true,0.00,2.00,0.00,2431
1773235629000,64.1232436666667,-21.7899101666667,0.00,0.00,0.00,true,true,0.00,4.00,0.00,2432
1773235631000,64.1232436666667,-21.7899101666667,0.00,0.00,0.00,true,true,0.00,2.00,0.00,2433
1773235633000,64.1232436666667,-21.7899101666667,0.00,0.00,0.00,true,true,0.00,2.00,0.00,2434
1773235635000,64.1232436666667,-21.7899101666667,0.00,0.00,0.00,true,true,0.00,2.00,0.00,2435
1773235640000,64.1232436666667,-21.7899101666667,0.00,0.00,0.00,true,true,0.00,5.00,0.00,2436
1773235642000,64.1232436666667,-21.7899101666667,0.00,0.00,0.00,true,true,0.00,2.00,0.00,2437
1773235648000,64.1232436666667,-21.7899101666667,0.00,0.00,0.00,true,true,0.00,6.00,0.00,2438
1773235654000,64.1232436666667,-21.7899101666667,0.00,0.00,0.00,true,true,0.00,6.00,0.00,2439
1773235659000,64.1232436666667,-21.7899101666667,0.00,0.00,0.00,true,true,0.00,5.00,0.00,2440
1773235663000,64.1232436666667,-21.7899101666667,0.00,0.00,0.00,true,true,0.00,4.00,0.00,2441
1773235666000,64.1232436666667,-21.7899101666667,0.00,0.00,0.00,true,true,0.00,3.00,0.00,2442
1773235670000,64.1232436666667,-21.7899101666667,0.00,0.00,0.00,true,true,0.00,4.00,0.00,2443
1773235672000,64.1232436666667,-21.7899101666667,0.00,0.00,0.00,true,true,0.00,2.00,0.00,2444
1773235674000,64.1232436666667,-21.7899101666667,0.00,0.00,0.00,true,true,0.00,2.00,0.00,2445
1773235677000,64.1232436666667,-21.7899101666667,0.00,0.00,0.00,true,true,0.00,3.00,0.00,2446
1773235679000,64.1232436666667,-21.7899101666667,0.00,0.00,0.00,true,true,0.00,2.00,0.00,2447
1773235683000,64.1232436666667,-21.7899101666667,0.00,0.00,0.00,true,true,0.00,4.00,0.00,2448
1773235685000,64.1232436666667,-21.7899101666667,0.00,0.00,0.00,true,true,0.00,2.00,0.00,2449
1773235689000,64.1232436666667,-21.7899101666667,0.00,0.00,0.00,true,true,0.00,4.00,0.00,2450
1773235691000,64.1232436833333,-21.7899091666667,0.00,0.00,0.00,true,true,0.05,2.00,0.09,2451
1773235693000,64.1232436833333,-21.7899091666667,0.00,0.00,0.00,true,true,0.01,2.00,0.02,2452
1773235697000,64.1232436833333,-21.7899091666667,0.00,0.00,0.00,true,true,0.00,4.00,0.00,2453
1773235699000,64.1232436833333,-21.7899091666667,0.00,0.00,0.00,true,true,0.00,2.00,0.00,2454
1773235701000,64.1232436833333,-21.7899091666667,0.00,0.00,0.00,true,true,0.00,2.00,0.00,2455
1773235704000,64.1232436833333,-21.7899091666667,0.00,0.00,0.00,true,true,0.00,3.00,0.00,2456
1773235708000,64.1232436833333,-21.7899091666667,0.00,0.00,0.00,true,true,0.00,4.00,0.00,2457
1773235710000,64.1232436833333,-21.7899091666667,0.00,0.00,0.00,true,true,0.00,2.00,0.00,2458
1773235714000,64.1232436833333,-21.7899091666667,0.00,0.00,0.00,true,true,0.00,4.00,0.00,2459
1773235719000,64.1232436833333,-21.7899091666667,0.00,0.00,0.00,true,true,0.00,5.00,0.00,2460
1773235721000,64.1232436833333,-21.7899091666667,0.00,0.00,0.00,true,true,0.00,2.00,0.00,2461
1773235725000,64.1232436833333,-21.7899091666667,0.00,0.00,0.00,true,true,0.00,4.00,0.00,2462
1773235730000,64.1232436833333,-21.7899091666667,0.00,0.00,0.00,true,true,0.00,5.00,0.00,2463
1773235736000,64.1232436833333,-21.7899091666667,0.00,0.00,0.00,true,true,0.00,6.00,0.00,2464
1773235741000,64.1232436833333,-21.7899091666667,0.00,0.00,0.00,true,true,0.00,5.00,0.00,2465
1773235745000,64.1232436833333,-21.7899091666667,0.00,0.00,0.00,true,true,0.00,4.00,0.00,2466
1773235747000,64.1232436833333,-21.7899091666667,0.00,0.00,0.00,true,true,0.00,2.00,0.00,2467
1773235749000,64.1232436833333,-21.7899091666667,0.00,0.00,0.00,true,true,0.00,2.00,0.00,2468
1773235751000,64.1232436833333,-21.7899091666667,0.00,0.00,0.00,true,true,0.00,2.00,0.00,2469
1773235754000,64.1232436833333,-21.7899091666667,0.00,0.00,0.00,true,true,0.00,3.00,0.00,2470
1773235759000,64.1232436833333,-21.7899091666667,0.00,0.00,0.00,true,true,0.00,5.00,0.00,2471
1773235761000,64.1232436833333,-21.7899091666667,0.00,0.00,0.00,true,true,0.00,2.00,0.00,2472
1773235764000,64.1232436833333,-21.7899091666667,0.00,0.00,0.00,true,true,0.00,3.00,0.00,2473
1773235768000,64.1232436833333,-21.7899091666667,0.00,0.00,0.00,true,true,0.00,4.00,0.00,2474
1773235772000,64.1232436833333,-21.7899091666667,0.00,0.00,0.00,true,true,0.00,4.00,0.00,2475
1773235774000,64.1232436833333,-21.7899091666667,0.00,0.00,0.00,true,true,0.00,2.00,0.00,2476
1773235776000,64.1232436833333,-21.7899091666667,0.00,0.00,0.00,true,true,0.00,2.00,0.00,2477
1773235779000,64.1232436833333,-21.7899091666667,0.00,0.00,0.00,true,true,0.00,3.00,0.00,2478
1773235781000,64.1232436833333,-21.7899091666667,0.00,0.00,0.00,true,true,0.00,2.00,0.00,2479
1773235787000,64.1232436833333,-21.7899091666667,0.00,0.00,0.00,true,true,0.00,6.00,0.00,2480
1773235789000,64.1232436833333,-21.7899091666667,0.00,0.00,0.00,true,true,0.00,2.00,0.00,2481
1773235791000,64.1232436833333,-21.7899091666667,0.00,0.00,0.00,true,true,0.00,2.00,0.00,2482
1773235796000,64.1232436833333,-21.7899091666667,0.00,0.00,0.00,true,true,0.00,5.00,0.00,2483
1773235800000,64.1232436833333,-21.7899091666667,0.00,0.00,0.00,true,true,0.00,4.00,0.00,2484
1773235806000,64.1232436833333,-21.7899091666667,0.00,0.00,0.00,true,true,0.00,6.00,0.00,2485
1773235808000,64.1232436833333,-21.7899091666667,0.00,0.00,0.00,true,true,0.00,2.00,0.00,2486
1773235810000,64.1232436833333,-21.7899091666667,0.00,0.00,0.00,true,true,0.00,2.00,0.00,2487
1773235813000,64.1232448,-21.789907,0.00,0.00,0.00,true,true,0.16,3.00,0.20,2488
1773235815000,64.1232448,-21.789907,0.00,0.00,0.00,true,true,0.03,2.00,0.06,2489
1773235821000,64.1232448,-21.789907,0.00,0.00,0.00,true,true,0.01,6.00,0.01,2490
1773235825000,64.1232448,-21.789907,0.00,0.00,0.00,true,true,0.00,4.00,0.00,2491
1773235829000,64.1232448,-21.789907,0.00,0.00,0.00,true,true,0.00,4.00,0.00,2492
1773235831000,64.1232448,-21.789907,0.00,0.00,0.00,true,true,0.00,2.00,0.00,2493
1773235835000,64.1232448,-21.789907,0.00,0.00,0.00,true,true,0.00,4.00,0.00,2494
1773235837000,64.1232448,-21.789907,0.00,0.00,0.00,true,true,0.00,2.00,0.00,2495
1773235839000,64.1232448,-21.789907,0.00,0.00,0.00,true,true,0.00,2.00,0.00,2496
1773235841000,64.1232448,-21.789907,0.00,0.00,0.00,true,true,0.00,2.00,0.00,2497
1773235846000,64.1232448,-21.789907,0.00,0.00,0.00,true,true,0.00,5.00,0.00,2498
1773235852000,64.1232448,-21.789907,0.00,0.00,0.00,true,true,0.00,6.00,0.00,2499
1773235859000,64.1232448,-21.789907,0.00,0.00,0.00,true,true,0.00,7.00,0.00,2500
1773235861000,64.1232448,-21.789907,0.00,0.00,0.00,true,true,0.00,2.00,0.00,2501
1773235865000,64.1232448,-21.789907,0.00,0.00,0.00,true,true,0.00,4.00,0.00,2502
1773235867000,64.1232448,-21.789907,0.00,0.00,0.00,true,true,0.00,2.00,0.00,2503
1773235869000,64.1232448,-21.789907,0.00,0.00,0.00,true,true,0.00,2.00,0.00,2504
1773235872000,64.1232448,-21.789907,0.00,0.00,0.00,true,true,0.00,3.00,0.00,2505
1773235874000,64.1232448,-21.789907,0.00,0.00,0.00,true,true,0.00,2.00,0.00,2506
1773235879000,64.1232448,-21.789907,0.00,0.00,0.00,true,true,0.00,5.00,0.00,2507
1773235881000,64.1232448,-21.789907,0.00,0.00,0.00,true,true,0.00,2.00,0.00,2508
1773235883000,64.1232448,-21.789907,0.00,0.00,0.00,true,true,0.00,2.00,0.00,2509
1773235890000,64.1232448,-21.789907,0.00,0.00,0.00,true,true,0.00,7.00,0.00,2510
1773235892000,64.1232448,-21.789907,0.00,0.00,0.00,true,true,0.00,2.00,0.00,2511
1773235897000,64.1232448,-21.789907,0.00,0.00,0.00,true,true,0.00,5.00,0.00,2512
1773235901000,64.1232448,-21.789907,0.00,0.00,0.00,true,true,0.00,4.00,0.00,2513
1773235907000,64.1232448,-21.789907,0.00,0.00,0.00,true,true,0.00,6.00,0.00,2514
1773235911000,64.1232448,-21.789907,0.00,0.00,0.00,true,true,0.00,4.00,0.00,2515
1773235914000,64.1232448,-21.789907,0.00,0.00,0.00,true,true,0.00,3.00,0.00,2516
1773235917000,64.1232448,-21.789907,0.00,0.00,0.00,true,true,0.00,3.00,0.00,2517
1773235919000,64.1232448,-21.789907,0.00,0.00,0.00,true,true,0.00,2.00,0.00,2518
1773235922000,64.1232448,-21.789907,0.00,0.00,0.00,true,true,0.00,3.00,0.00,2519
1773235926000,64.1232448,-21.789907,0.00,0.00,0.00,true,true,0.00,4.00,0.00,2520
1773235928000,64.1232448,-21.789907,0.00,0.00,0.00,true,true,0.00,2.00,0.00,2521
1773235932000,64.1232448,-21.789907,0.00,0.00,0.00,true,true,0.00,4.00,0.00,2522
1773235934000,64.12324515,-21.7899071666667,0.00,0.00,0.00,true,true,0.04,2.00,0.07,2523
1773235937000,64.12324515,-21.7899071666667,0.00,0.00,0.00,true,true,0.01,3.00,0.01,2524
1773235939000,64.12324515,-21.7899071666667,0.00,0.00,0.00,true,true,0.00,2.00,0.00,2525
1773235943000,64.12324515,-21.7899071666667,0.00,0.00,0.00,true,true,0.00,4.00,0.00,2526
1773235946000,64.12324515,-21.7899071666667,0.00,0.00,0.00,true,true,0.00,3.00,0.00,2527
1773235948000,64.12324515,-21.7899071666667,0.00,0.00,0.00,true,true,0.00,2.00,0.00,2528
1773235950000,64.12324515,-21.7899071666667,0.00,0.00,0.00,true,true,0.00,2.00,0.00,2529
1773235953000,64.12324515,-21.7899071666667,0.00,0.00,0.00,true,true,0.00,3.00,0.00,2530
1773235955000,64.12324515,-21.7899071666667,0.00,0.00,0.00,true,true,0.00,2.00,0.00,2531
1773235958000,64.12324515,-21.7899071666667,0.00,0.00,0.00,true,true,0.00,3.00,0.00,2532
1773235963000,64.12324515,-21.7899071666667,0.00,0.00,0.00,true,true,0.00,5.00,0.00,2533
1773235965000,64.12324515,-21.7899071666667,0.00,0.00,0.00,true,true,0.00,2.00,0.00,2534
1773235968000,64.12324515,-21.7899071666667,0.00,0.00,0.00,true,true,0.00,3.00,0.00,2535
1773235970000,64.12324515,-21.7899071666667,0.00,0.00,0.00,true,true,0.00,2.00,0.00,2536
1773235975000,64.12324515,-21.7899071666667,0.00,0.00,0.00,true,true,0.00,5.00,0.00,2537
1773235978000,64.12324515,-21.7899071666667,0.00,0.00,0.00,true,true,0.00,3.00,0.00,2538
1773235980000,64.12324515,-21.7899071666667,0.00,0.00,0.00,true,true,0.00,2.00,0.00,2539
1773235985000,64.12324515,-21.7899071666667,0.00,0.00,0.00,true,true,0.00,5.00,0.00,2540
1773235989000,64.12324515,-21.7899071666667,0.00,0.00,0.00,true,true,0.00,4.00,0.00,2541
1773235991000,64.12324515,-21.7899071666667,0.00,0.00,0.00,true,true,0.00,2.00,0.00,2542
1773235995000,64.12324515,-21.7899071666667,0.00,0.00,0.00,true,true,0.00,4.00,0.00,2543
1773235997000,64.12324515,-21.7899071666667,0.00,0.00,0.00,true,true,0.00,2.00,0.00,2544
1773236000000,64.12324515,-21.7899071666667,0.00,0.00,0.00,true,true,0.00,3.00,0.00,2545
1773236003000,64.12324515,-21.7899071666667,0.00,0.00,0.00,true,true,0.00,3.00,0.00,2546
1773236005000,64.12324515,-21.7899071666667,0.00,0.00,0.00,true,true,0.00,2.00,0.00,2547
1773236011000,64.12324515,-21.7899071666667,0.00,0.00,0.00,true,true,0.00,6.00,0.00,2548
1773236015000,64.12324515,-21.7899071666667,0.00,0.00,0.00,true,true,0.00,4.00,0.00,2549
1773236017000,64.12324515,-21.7899071666667,0.00,0.00,0.00,true,true,0.00,2.00,0.00,2550
1773236020000,64.12324515,-21.7899071666667,0.00,0.00,0.00,true,true,0.00,3.00,0.00,2551
1773236023000,64.12324515,-21.7899071666667,0.00,0.00,0.00,true,true,0.00,3.00,0.00,2552
1773236027000,64.12324515,-21.7899071666667,0.00,0.00,0.00,true,true,0.00,4.00,0.00,2553
1773236030000,64.12324515,-21.7899071666667,0.00,0.00,0.00,true,true,0.00,3.00,0.00,2554
1773236035000,64.12324515,-21.7899071666667,0.00,0.00,0.00,true,true,0.00,5.00,0.00,2555
1773236038000,64.12324515,-21.7899071666667,0.00,0.00,0.00,true,true,0.00,3.00,0.00,2556
1773236041000,64.12324515,-21.7899071666667,0.00,0.00,0.00,true,true,0.00,3.00,0.00,2557
1773236046000,64.12324515,-21.7899071666667,0.00,0.00,0.00,true,true,0.00,5.00,0.00,2558
1773236049000,64.12324515,-21.7899071666667,0.00,0.00,0.00,true,true,0.00,3.00,0.00,2559
1773236054000,64.1232451833333,-21.789908,0.00,0.00,0.00,true,true,0.04,5.00,0.03,2560
1773236058000,64.1232451833333,-21.789908,0.00,0.00,0.00,true,true,0.00,4.00,0.00,2561
1773236063000,64.1232451833333,-21.789908,0.00,0.00,0.00,true,true,0.00,5.00,0.00,2562
1773236067000,64.1232451833333,-21.789908,0.00,0.00,0.00,true,true,0.00,4.00,0.00,2563
1773236069000,64.1232451833333,-21.789908,0.00,0.00,0.00,true,true,0.00,2.00,0.00,2564
1773236071000,64.1232451833333,-21.789908,0.00,0.00,0.00,true,true,0.00,2.00,0.00,2565
1773236076000,64.1232451833333,-21.789908,0.00,0.00,0.00,true,true,0.00,5.00,0.00,2566
1773236080000,64.1232451833333,-21.789908,0.00,0.00,0.00,true,true,0.00,4.00,0.00,2567
1773236082000,64.1232451833333,-21.789908,0.00,0.00,0.00,true,true,0.00,2.00,0.00,2568
1773236086000,64.1232451833333,-21.789908,0.00,0.00,0.00,true,true,0.00,4.00,0.00,2569
1773236091000,64.1232451833333,-21.789908,0.00,0.00,0.00,true,true,0.00,5.00,0.00,2570
1773236093000,64.1232451833333,-21.789908,0.00,0.00,0.00,true,true,0.00,2.00,0.00,2571
1773236095000,64.1232451833333,-21.789908,0.00,0.00,0.00,true,true,0.00,2.00,0.00,2572
1773236097000,64.1232451833333,-21.789908,0.00,0.00,0.00,true,true,0.00,2.00,0.00,2573
1773236100000,64.1232451833333,-21.789908,0.00,0.00,0.00,true,true,0.00,3.00,0.00,2574
1773236105000,64.1232451833333,-21.789908,0.00,0.00,0.00,true,true,0.00,5.00,0.00,2575
1773236107000,64.1232451833333,-21.789908,0.00,0.00,0.00,true,true,0.00,2.00,0.00,2576
1773236112000,64.1232451833333,-21.789908,0.00,0.00,0.00,true,true,0.00,5.00,0.00,2577
1773236116000,64.1232451833333,-21.789908,0.00,0.00,0.00,true,true,0.00,4.00,0.00,2578
1773236120000,64.1232451833333,-21.789908,0.00,0.00,0.00,true,true,0.00,4.00,0.00,2579
1773236122000,64.1232451833333,-21.789908,0.00,0.00,0.00,true,true,0.00,2.00,0.00,2580
1773236126000,64.1232451833333,-21.789908,0.00,0.00,0.00,true,true,0.00,4.00,0.00,2581
1773236133000,64.1232451833333,-21.789908,0.00,0.00,0.00,true,true,0.00,7.00,0.00,2582
1773236135000,64.1232451833333,-21.789908,0.00,0.00,0.00,true,true,0.00,2.00,0.00,2583
1773236137000,64.1232451833333,-21.789908,0.00,0.00,0.00,true,true,0.00,2.00,0.00,2584
1773236141000,64.1232451833333,-21.789908,0.00,0.00,0.00,true,true,0.00,4.00,0.00,2585
1773236146000,64.1232451833333,-21.789908,0.00,0.00,0.00,true,true,0.00,5.00,0.00,2586
1773236149000,64.1232451833333,-21.789908,0.00,0.00,0.00,true,true,0.00,3.00,0.00,2587
1773236152000,64.1232451833333,-21.789908,0.00,0.00,0.00,true,true,0.00,3.00,0.00,2588
1773236154000,64.1232451833333,-21.789908,0.00,0.00,0.00,true,true,0.00,2.00,0.00,2589
1773236156000,64.1232451833333,-21.789908,0.00,0.00,0.00,true,true,0.00,2.00,0.00,2590
1773236161000,64.1232451833333,-21.789908,0.00,0.00,0.00,true,true,0.00,5.00,0.00,2591
1773236163000,64.1232451833333,-21.789908,0.00,0.00,0.00,true,true,0.00,2.00,0.00,2592
1773236165000,64.1232451833333,-21.789908,0.00,0.00,0.00,true,true,0.00,2.00,0.00,2593
1773236168000,64.1232451833333,-21.789908,0.00,0.00,0.00,true,true,0.00,3.00,0.00,2594
1773236172000,64.1232451833333,-21.789908,0.00,0.00,0.00,true,true,0.00,4.00,0.00,2595
1773236174000,64.1232448833333,-21.789905,0.00,0.00,0.00,true,true,0.15,2.00,0.27,2596
1773236179000,64.1232448833333,-21.789905,0.00,0.00,0.00,true,true,0.04,5.00,0.03,2597
1773236187000,64.1232448833333,-21.789905,0.00,0.00,0.00,true,true,0.00,8.00,0.00,2598
1773236189000,64.1232448833333,-21.789905,0.00,0.00,0.00,true,true,0.00,2.00,0.00,2599
1773236193000,64.1232448833333,-21.789905,0.00,0.00,0.00,true,true,0.00,4.00,0.00,2600
1773236195000,64.1232448833333,-21.789905,0.00,0.00,0.00,true,true,0.00,2.00,0.00,2601
1773236198000,64.1232448833333,-21.789905,0.00,0.00,0.00,true,true,0.00,3.00,0.00,2602
1773236200000,64.1232448833333,-21.789905,0.00,0.00,0.00,true,true,0.00,2.00,0.00,2603
1773236202000,64.1232448833333,-21.789905,0.00,0.00,0.00,true,true,0.00,2.00,0.00,2604
1773236204000,64.1232448833333,-21.789905,0.00,0.00,0.00,true,true,0.00,2.00,0.00,2605
1773236209000,64.1232448833333,-21.789905,0.00,0.00,0.00,true,true,0.00,5.00,0.00,2606
1773236213000,64.1232448833333,-21.789905,0.00,0.00,0.00,true,true,0.00,4.00,0.00,2607
1773236215000,64.1232448833333,-21.789905,0.00,0.00,0.00,true,true,0.00,2.00,0.00,2608
1773236219000,64.1232448833333,-21.789905,0.00,0.00,0.00,true,true,0.00,4.00,0.00,2609
1773236224000,64.1232448833333,-21.789905,0.00,0.00,0.00,true,true,0.00,5.00,0.00,2610
1773236226000,64.1232448833333,-21.789905,0.00,0.00,0.00,true,true,0.00,2.00,0.00,2611
1773236230000,64.1232448833333,-21.789905,0.00,0.00,0.00,true,true,0.00,4.00,0.00,2612
1773236232000,64.1232448833333,-21.789905,0.00,0.00,0.00,true,true,0.00,2.00,0.00,2613
1773236236000,64.1232448833333,-21.789905,0.00,0.00,0.00,true,true,0.00,4.00,0.00,2614
1773236238000,64.1232448833333,-21.789905,0.00,0.00,0.00,true,true,0.00,2.00,0.00,2615
1773236240000,64.1232448833333,-21.789905,0.00,0.00,0.00,true,true,0.00,2.00,0.00,2616
1773236243000,64.1232448833333,-21.789905,0.00,0.00,0.00,true,true,0.00,3.00,0.00,2617
1773236245000,64.1232448833333,-21.789905,0.00,0.00,0.00,true,true,0.00,2.00,0.00,2618
1773236249000,64.1232448833333,-21.789905,0.00,0.00,0.00,true,true,0.00,4.00,0.00,2619
1773236251000,64.1232448833333,-21.789905,0.00,0.00,0.00,true,true,0.00,2.00,0.00,2620
1773236253000,64.1232448833333,-21.789905,0.00,0.00,0.00,true,true,0.00,2.00,0.00,2621
1773236257000,64.1232448833333,-21.789905,0.00,0.00,0.00,true,true,0.00,4.00,0.00,2622
1773236259000,64.1232448833333,-21.789905,0.00,0.00,0.00,true,true,0.00,2.00,0.00,2623
1773236261000,64.1232448833333,-21.789905,0.00,0.00,0.00,true,true,0.00,2.00,0.00,2624
1773236264000,64.1232448833333,-21.789905,0.00,0.00,0.00,true,true,0.00,3.00,0.00,2625
1773236268000,64.1232448833333,-21.789905,0.00,0.00,0.00,true,true,0.00,4.00,0.00,2626
1773236273000,64.1232448833333,-21.789905,0.00,0.00,0.00,true,true,0.00,5.00,0.00,2627
1773236277000,64.1232448833333,-21.789905,0.00,0.00,0.00,true,true,0.00,4.00,0.00,2628
1773236282000,64.1232448833333,-21.789905,0.00,0.00,0.00,true,true,0.00,5.00,0.00,2629
1773236285000,64.1232448833333,-21.789905,0.00,0.00,0.00,true,true,0.00,3.00,0.00,2630
1773236287000,64.1232448833333,-21.789905,0.00,0.00,0.00,true,true,0.00,2.00,0.00,2631
1773236292000,64.1232448833333,-21.789905,0.00,0.00,0.00,true,true,0.00,5.00,0.00,2632
1773236298000,64.1232482833333,-21.7898715,0.00,0.00,0.00,true,true,1.67,6.00,1.00,2633
1773236300000,64.1232482833333,-21.7898715,0.00,0.00,0.00,true,true,0.08,2.00,0.14,2634
1773236302000,64.1232482833333,-21.7898715,0.00,0.00,0.00,true,true,0.02,2.00,0.04,2635
1773236306000,64.1232482833333,-21.7898715,0.00,0.00,0.00,true,true,0.01,4.00,0.01,2636
1773236310000,64.1232482833333,-21.7898715,0.00,0.00,0.00,true,true,0.00,4.00,0.00,2637
1773236312000,64.1232482833333,-21.7898715,0.00,0.00,0.00,true,true,0.00,2.00,0.00,2638
1773236315000,64.1232482833333,-21.7898715,0.00,0.00,0.00,true,true,0.00,3.00,0.00,2639
1773236319000,64.1232482833333,-21.7898715,0.00,0.00,0.00,true,true,0.00,4.00,0.00,2640
1773236321000,64.1232482833333,-21.7898715,0.00,0.00,0.00,true,true,0.00,2.00,0.00,2641
1773236325000,64.1232482833333,-21.7898715,0.00,0.00,0.00,true,true,0.00,4.00,0.00,2642
1773236327000,64.1232482833333,-21.7898715,0.00,0.00,0.00,true,true,0.00,2.00,0.00,2643
1773236329000,64.1232482833333,-21.7898715,0.00,0.00,0.00,true,true,0.00,2.00,0.00,2644
1773236331000,64.1232482833333,-21.7898715,0.00,0.00,0.00,true,true,0.00,2.00,0.00,2645
1773236336000,64.1232482833333,-21.7898715,0.00,0.00,0.00,true,true,0.00,5.00,0.00,2646
1773236338000,64.1232482833333,-21.7898715,0.00,0.00,0.00,true,true,0.00,2.00,0.00,2647
1773236340000,64.1232482833333,-21.7898715,0.00,0.00,0.00,true,true,0.00,2.00,0.00,2648
1773236342000,64.1232482833333,-21.7898715,0.00,0.00,0.00,true,true,0.00,2.00,0.00,2649
1773236346000,64.1232482833333,-21.7898715,0.00,0.00,0.00,true,true,0.00,4.00,0.00,2650
1773236348000,64.1232482833333,-21.7898715,0.00,0.00,0.00,true,true,0.00,2.00,0.00,2651
1773236350000,64.1232482833333,-21.7898715,0.00,0.00,0.00,true,true,0.00,2.00,0.00,2652
1773236352000,64.1232482833333,-21.7898715,0.00,0.00,0.00,true,true,0.00,2.00,0.00,2653
1773236357000,64.1232482833333,-21.7898715,0.00,0.00,0.00,true,true,0.00,5.00,0.00,2654
1773236360000,64.1232482833333,-21.7898715,0.00,0.00,0.00,true,true,0.00,3.00,0.00,2655
1773236364000,64.1232482833333,-21.7898715,0.00,0.00,0.00,true,true,0.00,4.00,0.00,2656
1773236366000,64.1232482833333,-21.7898715,0.00,0.00,0.00,true,true,0.00,2.00,0.00,2657
1773236368000,64.1232482833333,-21.7898715,0.00,0.00,0.00,true,true,0.00,2.00,0.00,2658
1773236372000,64.1232482833333,-21.7898715,0.00,0.00,0.00,true,true,0.00,4.00,0.00,2659
1773236375000,64.1232482833333,-21.7898715,0.00,0.00,0.00,true,true,0.00,3.00,0.00,2660
1773236378000,64.1232482833333,-21.7898715,0.00,0.00,0.00,true,true,0.00,3.00,0.00,2661
1773236382000,64.1232482833333,-21.7898715,0.00,0.00,0.00,true,true,0.00,4.00,0.00,2662
1773236384000,64.1232482833333,-21.7898715,0.00,0.00,0.00,true,true,0.00,2.00,0.00,2663
1773236390000,64.1232482833333,-21.7898715,0.00,0.00,0.00,true,true,0.00,6.00,0.00,2664
1773236393000,64.1232482833333,-21.7898715,0.00,0.00,0.00,true,true,0.00,3.00,0.00,2665
1773236396000,64.1232482833333,-21.7898715,0.00,0.00,0.00,true,true,0.00,3.00,0.00,2666
1773236399000,64.1232482833333,-21.7898715,0.00,0.00,0.00,true,true,0.00,3.00,0.00,2667
1773236401000,64.1232482833333,-21.7898715,0.00,0.00,0.00,true,true,0.00,2.00,0.00,2668
1773236408000,64.1232482833333,-21.7898715,0.00,0.00,0.00,true,true,0.00,7.00,0.00,2669
1773236412000,64.1232482833333,-21.7898715,0.00,0.00,0.00,true,true,0.00,4.00,0.00,2670
1773236414000,64.1232482833333,-21.7898715,0.00,0.00,0.00,true,true,0.00,2.00,0.00,2671
1773236416000,64.1232482833333,-21.7898715,0.00,0.00,0.00,true,true,0.00,2.00,0.00,2672
1773236420000,64.1232472833333,-21.7898736666667,0.00,0.00,0.00,true,true,0.15,4.00,0.14,2673
1773236422000,64.1232472833333,-21.7898736666667,0.00,0.00,0.00,true,true,0.02,2.00,0.04,2674
1773236429000,64.1232472833333,-21.7898736666667,0.00,0.00,0.00,true,true,0.01,7.00,0.00,2675
1773236432000,64.1232472833333,-21.7898736666667,0.00,0.00,0.00,true,true,0.00,3.00,0.00,2676
1773236435000,64.1232472833333,-21.7898736666667,0.00,0.00,0.00,true,true,0.00,3.00,0.00,2677
1773236439000,64.1232472833333,-21.7898736666667,0.00,0.00,0.00,true,true,0.00,4.00,0.00,2678
1773236442000,64.1232472833333,-21.7898736666667,0.00,0.00,0.00,true,true,0.00,3.00,0.00,2679
1773236445000,64.1232472833333,-21.7898736666667,0.00,0.00,0.00,true,true,0.00,3.00,0.00,2680
1773236447000,64.1232472833333,-21.7898736666667,0.00,0.00,0.00,true,true,0.00,2.00,0.00,2681
1773236449000,64.1232472833333,-21.7898736666667,0.00,0.00,0.00,true,true,0.00,2.00,0.00,2682
1773236451000,64.1232472833333,-21.7898736666667,0.00,0.00,0.00,true,true,0.00,2.00,0.00,2683
1773236455000,64.1232472833333,-21.7898736666667,0.00,0.00,0.00,true,true,0.00,4.00,0.00,2684
1773236457000,64.1232472833333,-21.7898736666667,0.00,0.00,0.00,true,true,0.00,2.00,0.00,2685
1773236464000,64.1232472833333,-21.7898736666667,0.00,0.00,0.00,true,true,0.00,7.00,0.00,2686
1773236466000,64.1232472833333,-21.7898736666667,0.00,0.00,0.00,true,true,0.00,2.00,0.00,2687
1773236472000,64.1232472833333,-21.7898736666667,0.00,0.00,0.00,true,true,0.00,6.00,0.00,2688
1773236474000,64.1232472833333,-21.7898736666667,0.00,0.00,0.00,true,true,0.00,2.00,0.00,2689
1773236476000,64.1232472833333,-21.7898736666667,0.00,0.00,0.00,true,true,0.00,2.00,0.00,2690
1773236478000,64.1232472833333,-21.7898736666667,0.00,0.00,0.00,true,true,0.00,2.00,0.00,2691
1773236483000,64.1232472833333,-21.7898736666667,0.00,0.00,0.00,true,true,0.00,5.00,0.00,2692
1773236485000,64.1232472833333,-21.7898736666667,0.00,0.00,0.00,true,true,0.00,2.00,0.00,2693
1773236487000,64.1232472833333,-21.7898736666667,0.00,0.00,0.00,true,true,0.00,2.00,0.00,2694
1773236491000,64.1232472833333,-21.7898736666667,0.00,0.00,0.00,true,true,0.00,4.00,0.00,2695
1773236496000,64.1232472833333,-21.7898736666667,0.00,0.00,0.00,true,true,0.00,5.00,0.00,2696
1773236498000,64.1232472833333,-21.7898736666667,0.00,0.00,0.00,true,true,0.00,2.00,0.00,2697
1773236502000,64.1232472833333,-21.7898736666667,0.00,0.00,0.00,true,true,0.00,4.00,0.00,2698
1773236506000,64.1232472833333,-21.7898736666667,0.00,0.00,0.00,true,true,0.00,4.00,0.00,2699
1773236511000,64.1232472833333,-21.7898736666667,0.00,0.00,0.00,true,true,0.00,5.00,0.00,2700
1773236514000,64.1232472833333,-21.7898736666667,0.00,0.00,0.00,true,true,0.00,3.00,0.00,2701
1773236517000,64.1232472833333,-21.7898736666667,0.00,0.00,0.00,true,true,0.00,3.00,0.00,2702
1773236521000,64.1232472833333,-21.7898736666667,0.00,0.00,0.00,true,true,0.00,4.00,0.00,2703
1773236526000,64.1232472833333,-21.7898736666667,0.00,0.00,0.00,true,true,0.00,5.00,0.00,2704
1773236528000,64.1232472833333,-21.7898736666667,0.00,0.00,0.00,true,true,0.00,2.00,0.00,2705
1773236532000,64.1232472833333,-21.7898736666667,0.00,0.00,0.00,true,true,0.00,4.00,0.00,2706
1773236534000,64.1232472833333,-21.7898736666667,0.00,0.00,0.00,true,true,0.00,2.00,0.00,2707
1773236537000,64.1232472833333,-21.7898736666667,0.00,0.00,0.00,true,true,0.00,3.00,0.00,2708
1773236539000,64.1232463166667,-21.7898735,0.00,0.00,0.00,true,true,0.11,2.00,0.19,2709
1773236546000,64.1232463166667,-21.7898735,0.00,0.00,0.00,true,true,0.03,7.00,0.02,2710
1773236548000,64.1232463166667,-21.7898735,0.00,0.00,0.00,true,true,0.00,2.00,0.00,2711
1773236551000,64.1232463166667,-21.7898735,0.00,0.00,0.00,true,true,0.00,3.00,0.00,2712
1773236555000,64.1232463166667,-21.7898735,0.00,0.00,0.00,true,true,0.00,4.00,0.00,2713
1773236557000,64.1232463166667,-21.7898735,0.00,0.00,0.00,true,true,0.00,2.00,0.00,2714
1773236559000,64.1232463166667,-21.7898735,0.00,0.00,0.00,true,true,0.00,2.00,0.00,2715
1773236563000,64.1232463166667,-21.7898735,0.00,0.00,0.00,true,true,0.00,4.00,0.00,2716
1773236567000,64.1232463166667,-21.7898735,0.00,0.00,0.00,true,true,0.00,4.00,0.00,2717
1773236569000,64.1232463166667,-21.7898735,0.00,0.00,0.00,true,true,0.00,2.00,0.00,2718
1773236574000,64.1232463166667,-21.7898735,0.00,0.00,0.00,true,true,0.00,5.00,0.00,2719
1773236578000,64.1232463166667,-21.7898735,0.00,0.00,0.00,true,true,0.00,4.00,0.00,2720
1773236582000,64.1232463166667,-21.7898735,0.00,0.00,0.00,true,true,0.00,4.00,0.00,2721
1773236584000,64.1232463166667,-21.7898735,0.00,0.00,0.00,true,true,0.00,2.00,0.00,2722
1773236587000,64.1232463166667,-21.7898735,0.00,0.00,0.00,true,true,0.00,3.00,0.00,2723
1773236589000,64.1232463166667,-21.7898735,0.00,0.00,0.00,true,true,0.00,2.00,0.00,2724
1773236593000,64.1232463166667,-21.7898735,0.00,0.00,0.00,true,true,0.00,4.00,0.00,2725
1773236595000,64.1232463166667,-21.7898735,0.00,0.00,0.00,true,true,0.00,2.00,0.00,2726
1773236597000,64.1232463166667,-21.7898735,0.00,0.00,0.00,true,true,0.00,2.00,0.00,2727
1773236599000,64.1232463166667,-21.7898735,0.00,0.00,0.00,true,true,0.00,2.00,0.00,2728
1773236603000,64.1232463166667,-21.7898735,0.00,0.00,0.00,true,true,0.00,4.00,0.00,2729
1773236605000,64.1232463166667,-21.7898735,0.00,0.00,0.00,true,true,0.00,2.00,0.00,2730
1773236610000,64.1232463166667,-21.7898735,0.00,0.00,0.00,true,true,0.00,5.00,0.00,2731
1773236614000,64.1232463166667,-21.7898735,0.00,0.00,0.00,true,true,0.00,4.00,0.00,2732
1773236617000,64.1232463166667,-21.7898735,0.00,0.00,0.00,true,true,0.00,3.00,0.00,2733
1773236619000,64.1232463166667,-21.7898735,0.00,0.00,0.00,true,true,0.00,2.00,0.00,2734
1773236622000,64.1232463166667,-21.7898735,0.00,0.00,0.00,true,true,0.00,3.00,0.00,2735
1773236626000,64.1232463166667,-21.7898735,0.00,0.00,0.00,true,true,0.00,4.00,0.00,2736
1773236630000,64.1232463166667,-21.7898735,0.00,0.00,0.00,true,true,0.00,4.00,0.00,2737
1773236636000,64.1232463166667,-21.7898735,0.00,0.00,0.00,true,true,0.00,6.00,0.00,2738
1773236638000,64.1232463166667,-21.7898735,0.00,0.00,0.00,true,true,0.00,2.00,0.00,2739
1773236642000,64.1232463166667,-21.7898735,0.00,0.00,0.00,true,true,0.00,4.00,0.00,2740
1773236644000,64.1232463166667,-21.7898735,0.00,0.00,0.00,true,true,0.00,2.00,0.00,2741
1773236647000,64.1232463166667,-21.7898735,0.00,0.00,0.00,true,true,0.00,3.00,0.00,2742
1773236651000,64.1232463166667,-21.7898735,0.00,0.00,0.00,true,true,0.00,4.00,0.00,2743
1773236655000,64.1232463166667,-21.7898735,0.00,0.00,0.00,true,true,0.00,4.00,0.00,2744
1773236657000,64.1232463166667,-21.7898735,0.00,0.00,0.00,true,true,0.00,2.00,0.00,2745
1773236661000,64.1232463166667,-21.7898735,0.00,0.00,0.00,true,true,0.00,4.00,0.00,2746
1773236663000,64.1232457166667,-21.7898735,0.00,0.00,0.00,true,true,0.07,2.00,0.12,2747
1773236665000,64.1232457166667,-21.7898735,0.00,0.00,0.00,true,true,0.02,2.00,0.03,2748
1773236667000,64.1232457166667,-21.7898735,0.00,0.00,0.00,true,true,0.01,2.00,0.01,2749
1773236673000,64.1232457166667,-21.7898735,0.00,0.00,0.00,true,true,0.00,6.00,0.00,2750
1773236677000,64.1232457166667,-21.7898735,0.00,0.00,0.00,true,true,0.00,4.00,0.00,2751
1773236679000,64.1232457166667,-21.7898735,0.00,0.00,0.00,true,true,0.00,2.00,0.00,2752
1773236681000,64.1232457166667,-21.7898735,0.00,0.00,0.00,true,true,0.00,2.00,0.00,2753
1773236683000,64.1232457166667,-21.7898735,0.00,0.00,0.00,true,true,0.00,2.00,0.00,2754
1773236687000,64.1232457166667,-21.7898735,0.00,0.00,0.00,true,true,0.00,4.00,0.00,2755
1773236689000,64.1232457166667,-21.7898735,0.00,0.00,0.00,true,true,0.00,2.00,0.00,2756
1773236693000,64.1232457166667,-21.7898735,0.00,0.00,0.00,true,true,0.00,4.00,0.00,2757
1773236695000,64.1232457166667,-21.7898735,0.00,0.00,0.00,true,true,0.00,2.00,0.00,2758
1773236701000,64.1232457166667,-21.7898735,0.00,0.00,0.00,true,true,0.00,6.00,0.00,2759
1773236704000,64.1232457166667,-21.7898735,0.00,0.00,0.00,true,true,0.00,3.00,0.00,2760
1773236706000,64.1232457166667,-21.7898735,0.00,0.00,0.00,true,true,0.00,2.00,0.00,2761
1773236708000,64.1232457166667,-21.7898735,0.00,0.00,0.00,true,true,0.00,2.00,0.00,2762
1773236710000,64.1232457166667,-21.7898735,0.00,0.00,0.00,true,true,0.00,2.00,0.00,2763
1773236715000,64.1232457166667,-21.7898735,0.00,0.00,0.00,true,true,0.00,5.00,0.00,2764
1773236717000,64.1232457166667,-21.7898735,0.00,0.00,0.00,true,true,0.00,2.00,0.00,2765
1773236719000,64.1232457166667,-21.7898735,0.00,0.00,0.00,true,true,0.00,2.00,0.00,2766
1773236723000,64.1232457166667,-21.7898735,0.00,0.00,0.00,true,true,0.00,4.00,0.00,2767
1773236725000,64.1232457166667,-21.7898735,0.00,0.00,0.00,true,true,0.00,2.00,0.00,2768
1773236727000,64.1232457166667,-21.7898735,0.00,0.00,0.00,true,true,0.00,2.00,0.00,2769
1773236731000,64.1232457166667,-21.7898735,0.00,0.00,0.00,true,true,0.00,4.00,0.00,2770
1773236734000,64.1232457166667,-21.7898735,0.00,0.00,0.00,true,true,0.00,3.00,0.00,2771
1773236736000,64.1232457166667,-21.7898735,0.00,0.00,0.00,true,true,0.00,2.00,0.00,2772
1773236738000,64.1232457166667,-21.7898735,0.00,0.00,0.00,true,true,0.00,2.00,0.00,2773
1773236744000,64.1232457166667,-21.7898735,0.00,0.00,0.00,true,true,0.00,6.00,0.00,2774
1773236746000,64.1232457166667,-21.7898735,0.00,0.00,0.00,true,true,0.00,2.00,0.00,2775
1773236750000,64.1232457166667,-21.7898735,0.00,0.00,0.00,true,true,0.00,4.00,0.00,2776
1773236755000,64.1232457166667,-21.7898735,0.00,0.00,0.00,true,true,0.00,5.00,0.00,2777
1773236757000,64.1232457166667,-21.7898735,0.00,0.00,0.00,true,true,0.00,2.00,0.00,2778
1773236759000,64.1232457166667,-21.7898735,0.00,0.00,0.00,true,true,0.00,2.00,0.00,2779
1773236763000,64.1232457166667,-21.7898735,0.00,0.00,0.00,true,true,0.00,4.00,0.00,2780
1773236765000,64.1232457166667,-21.7898735,0.00,0.00,0.00,true,true,0.00,2.00,0.00,2781
1773236769000,64.1232457166667,-21.7898735,0.00,0.00,0.00,true,true,0.00,4.00,0.00,2782
1773236771000,64.1232457166667,-21.7898735,0.00,0.00,0.00,true,true,0.00,2.00,0.00,2783
1773236776000,64.1232457166667,-21.7898735,0.00,0.00,0.00,true,true,0.00,5.00,0.00,2784
1773236778000,64.1232457166667,-21.7898735,0.00,0.00,0.00,true,true,0.00,2.00,0.00,2785
1773236780000,64.1232457166667,-21.7898735,0.00,0.00,0.00,true,true,0.00,2.00,0.00,2786
1773236787000,64.1232456,-21.789874,0.00,0.00,0.00,true,true,0.03,7.00,0.01,2787
1773236789000,64.1232456,-21.789874,0.00,0.00,0.00,true,true,0.00,2.00,0.00,2788
1773236793000,64.1232456,-21.789874,0.00,0.00,0.00,true,true,0.00,4.00,0.00,2789
1773236797000,64.1232456,-21.789874,0.00,0.00,0.00,true,true,0.00,4.00,0.00,2790
1773236799000,64.1232456,-21.789874,0.00,0.00,0.00,true,true,0.00,2.00,0.00,2791
1773236801000,64.1232456,-21.789874,0.00,0.00,0.00,true,true,0.00,2.00,0.00,2792
1773236803000,64.1232456,-21.789874,0.00,0.00,0.00,true,true,0.00,2.00,0.00,2793
1773236805000,64.1232456,-21.789874,0.00,0.00,0.00,true,true,0.00,2.00,0.00,2794
1773236810000,64.1232456,-21.789874,0.00,0.00,0.00,true,true,0.00,5.00,0.00,2795
1773236814000,64.1232456,-21.789874,0.00,0.00,0.00,true,true,0.00,4.00,0.00,2796
1773236818000,64.1232456,-21.789874,0.00,0.00,0.00,true,true,0.00,4.00,0.00,2797
1773236820000,64.1232456,-21.789874,0.00,0.00,0.00,true,true,0.00,2.00,0.00,2798
1773236822000,64.1232456,-21.789874,0.00,0.00,0.00,true,true,0.00,2.00,0.00,2799
1773236825000,64.1232456,-21.789874,0.00,0.00,0.00,true,true,0.00,3.00,0.00,2800
1773236829000,64.1232456,-21.789874,0.00,0.00,0.00,true,true,0.00,4.00,0.00,2801
1773236831000,64.1232456,-21.789874,0.00,0.00,0.00,true,true,0.00,2.00,0.00,2802
1773236837000,64.1232456,-21.789874,0.00,0.00,0.00,true,true,0.00,6.00,0.00,2803
1773236841000,64.1232456,-21.789874,0.00,0.00,0.00,true,true,0.00,4.00,0.00,2804
1773236843000,64.1232456,-21.789874,0.00,0.00,0.00,true,true,0.00,2.00,0.00,2805
1773236846000,64.1232456,-21.789874,0.00,0.00,0.00,true,true,0.00,3.00,0.00,2806
1773236852000,64.1232456,-21.789874,0.00,0.00,0.00,true,true,0.00,6.00,0.00,2807
1773236855000,64.1232456,-21.789874,0.00,0.00,0.00,true,true,0.00,3.00,0.00,2808
1773236857000,64.1232456,-21.789874,0.00,0.00,0.00,true,true,0.00,2.00,0.00,2809
1773236861000,64.1232456,-21.789874,0.00,0.00,0.00,true,true,0.00,4.00,0.00,2810
1773236863000,64.1232456,-21.789874,0.00,0.00,0.00,true,true,0.00,2.00,0.00,2811
1773236865000,64.1232456,-21.789874,0.00,0.00,0.00,true,true,0.00,2.00,0.00,2812
1773236871000,64.1232456,-21.789874,0.00,0.00,0.00,true,true,0.00,6.00,0.00,2813
1773236875000,64.1232456,-21.789874,0.00,0.00,0.00,true,true,0.00,4.00,0.00,2814
1773236882000,64.1232447833333,-21.789874,0.00,0.00,0.00,true,true,0.09,7.00,0.05,2815
1773236888000,64.1232447833333,-21.7898741666667,0.00,0.00,0.00,true,true,0.01,6.00,0.01,2816
1773236890000,64.1232447833333,-21.7898741666667,0.00,0.00,0.00,true,true,0.00,2.00,0.00,2817
1773236896000,64.1232447666667,-21.7898743333333,0.00,0.00,0.00,true,true,0.01,6.00,0.01,2818
1773236899000,64.1232447666667,-21.7898743333333,0.00,0.00,0.00,true,true,0.00,3.00,0.00,2819
1773236903000,64.12324475,-21.7898743333333,0.00,0.00,0.00,true,true,0.00,4.00,0.00,2820
1773236909000,64.1232447333333,-21.7898743333333,0.00,0.00,0.00,true,true,0.00,6.00,0.00,2821
1773236914000,64.1232447166667,-21.7898743333333,0.00,0.00,0.00,true,true,0.00,5.00,0.00,2822
1773236920000,64.1232446666667,-21.7898746666667,0.00,0.00,0.00,true,true,0.02,6.00,0.01,2823
1773236922000,64.1232446666667,-21.7898746666667,0.00,0.00,0.00,true,true,0.00,2.00,0.00,2824
1773236924000,64.1232446666667,-21.7898746666667,0.00,0.00,0.00,true,true,0.00,2.00,0.00,2825
1773236928000,64.12324465,-21.7898746666667,0.00,0.00,0.00,true,true,0.00,4.00,0.00,2826
1773236930000,64.12324465,-21.7898746666667,0.00,0.00,0.00,true,true,0.00,2.00,0.00,2827
1773236932000,64.1232446166667,-21.7898748333333,0.00,0.00,0.00,true,true,0.01,2.00,0.02,2828
1773236935000,64.1232446166667,-21.7898748333333,0.00,0.00,0.00,true,true,0.00,3.00,0.00,2829
1773236938000,64.1232445833333,-21.7898748333333,0.00,0.00,0.00,true,true,0.00,3.00,0.00,2830
1773236940000,64.1232445833333,-21.7898748333333,0.00,0.00,0.00,true,true,0.00,2.00,0.00,2831
1773236944000,64.12324455,-21.7898748333333,0.00,0.00,0.00,true,true,0.00,4.00,0.00,2832
1773236946000,64.12324455,-21.7898748333333,0.00,0.00,0.00,true,true,0.00,2.00,0.00,2833
1773236948000,64.1232445333333,-21.7898748333333,0.00,0.00,0.00,true,true,0.00,2.00,0.00,2834
1773236950000,64.1232445333333,-21.7898748333333,0.00,0.00,0.00,true,true,0.00,2.00,0.00,2835
1773236955000,64.1232445333333,-21.7898748333333,0.00,0.00,0.00,true,true,0.00,5.00,0.00,2836
1773236959000,64.1232445333333,-21.7898748333333,0.00,0.00,0.00,true,true,0.00,4.00,0.00,2837
1773236961000,64.1232445333333,-21.7898748333333,0.00,0.00,0.00,true,true,0.00,2.00,0.00,2838
1773236967000,64.1232445333333,-21.7898746666667,0.00,0.00,0.00,true,true,0.01,6.00,0.00,2839
1773236969000,64.1232445333333,-21.7898746666667,0.00,0.00,0.00,true,true,0.00,2.00,0.00,2840
1773236971000,64.12324455,-21.7898748333333,0.00,0.00,0.00,true,true,0.01,2.00,0.01,2841
1773236976000,64.12324455,-21.7898748333333,0.00,0.00,0.00,true,true,0.00,5.00,0.00,2842
1773236982000,64.1232445166667,-21.7898748333333,0.00,0.00,0.00,true,true,0.00,6.00,0.00,2843
1773236985000,64.1232445166667,-21.7898748333333,0.00,0.00,0.00,true,true,0.00,3.00,0.00,2844
1773236991000,64.12324455,-21.7898748333333,0.00,0.00,0.00,true,true,0.00,6.00,0.00,2845
1773236996000,64.12324455,-21.7898748333333,0.00,0.00,0.00,true,true,0.00,5.00,0.00,2846
1773236998000,64.12324455,-21.7898748333333,0.00,0.00,0.00,true,true,0.00,2.00,0.00,2847
1773237002000,64.1232445666667,-21.7898748333333,0.00,0.00,0.00,true,true,0.00,4.00,0.00,2848
1773237005000,64.1232445666667,-21.7898748333333,0.00,0.00,0.00,true,true,0.00,3.00,0.00,2849
1773237011000,64.1232445833333,-21.7898748333333,0.00,0.00,0.00,true,true,0.00,6.00,0.00,2850
1773237013000,64.12324425,-21.7898755,0.00,0.00,0.00,true,true,0.05,2.00,0.09,2851
1773237016000,64.12324425,-21.7898755,0.00,0.00,0.00,true,true,0.01,3.00,0.02,2852
1773237020000,64.1232452666667,-21.7898738333333,0.00,0.00,0.00,true,true,0.14,4.00,0.12,2853
1773237022000,64.1232452666667,-21.7898726666667,0.00,0.00,0.00,true,true,0.07,2.00,0.12,2854
1773237025000,64.1232452666667,-21.7898726666667,0.00,0.00,0.00,true,true,0.02,3.00,0.02,2855
1773237027000,64.1232445833333,-21.789873,0.00,0.00,0.00,true,true,0.08,2.00,0.14,2856
1773237031000,64.1232445833333,-21.789873,0.00,0.00,0.00,true,true,0.02,4.00,0.02,2857
1773237035000,64.1232438166667,-21.789872,0.00,0.00,0.00,true,true,0.10,4.00,0.09,2858
1773237039000,64.1232449,-21.7898668333333,0.00,0.00,0.00,true,true,0.28,4.00,0.25,2859
1773237041000,64.12324525,-21.7898653333333,0.00,0.00,0.00,true,true,0.11,2.00,0.21,2860
1773237045000,64.12324525,-21.7898653333333,0.00,0.00,0.00,true,true,0.03,4.00,0.03,2861
1773237047000,64.1232456333333,-21.7898666666667,0.00,0.00,0.00,true,true,0.08,2.00,0.14,2862
1773237050000,64.1232456333333,-21.7898666666667,0.00,0.00,0.00,true,true,0.02,3.00,0.02,2863
1773237054000,64.1232462666667,-21.7898651666667,0.00,0.00,0.00,true,true,0.10,4.00,0.09,2864
1773237061000,64.1232464333333,-21.789862,0.00,0.00,0.00,true,true,0.17,7.00,0.08,2865
1773237067000,64.1232468,-21.7898606666667,0.00,0.00,0.00,true,true,0.08,6.00,0.05,2866
1773237071000,64.1232468333333,-21.7898606666667,0.00,0.00,0.00,true,true,0.01,4.00,0.01,2867
1773237076000,64.1232468333333,-21.7898606666667,0.00,0.00,0.00,true,true,0.00,5.00,0.00,2868
1773237079000,64.12324685,-21.7898605,0.00,0.00,0.00,true,true,0.01,3.00,0.01,2869
1773237081000,64.12324685,-21.7898605,0.00,0.00,0.00,true,true,0.00,2.00,0.00,2870
1773237088000,64.1232469,-21.7898605,0.00,0.00,0.00,true,true,0.01,7.00,0.00,2871
1773237092000,64.12324695,-21.7898605,0.00,0.00,0.00,true,true,0.01,4.00,0.01,2872
1773237094000,64.12324695,-21.7898605,0.00,0.00,0.00,true,true,0.00,2.00,0.00,2873
1773237096000,64.12324695,-21.7898605,0.00,0.00,0.00,true,true,0.00,2.00,0.00,2874
1773237100000,64.1232469833333,-21.7898603333333,0.00,0.00,0.00,true,true,0.01,4.00,0.01,2875
1773237105000,64.1232470333333,-21.7898603333333,0.00,0.00,0.00,true,true,0.01,5.00,0.00,2876
1773237107000,64.1232470833333,-21.7898603333333,0.00,0.00,0.00,true,true,0.01,2.00,0.01,2877
1773237111000,64.1232470833333,-21.7898603333333,0.00,0.00,0.00,true,true,0.00,4.00,0.00,2878
1773237113000,64.1232471,-21.7898603333333,0.00,0.00,0.00,true,true,0.00,2.00,0.00,2879
1773237115000,64.1232471,-21.7898603333333,0.00,0.00,0.00,true,true,0.00,2.00,0.00,2880
1773237117000,64.1232471166667,-21.7898603333333,0.00,0.00,0.00,true,true,0.00,2.00,0.00,2881
1773237122000,64.1232471,-21.7898603333333,0.00,0.00,0.00,true,true,0.00,5.00,0.00,2882
1773237126000,64.1232471,-21.7898603333333,0.00,0.00,0.00,true,true,0.00,4.00,0.00,2883
1773237128000,64.1232470833333,-21.7898603333333,0.00,0.00,0.00,true,true,0.00,2.00,0.00,2884
1773237135000,64.1232470666667,-21.7898601666667,0.00,0.00,0.00,true,true,0.01,7.00,0.00,2885
1773237137000,64.1232470833333,-21.7898601666667,0.00,0.00,0.00,true,true,0.00,2.00,0.00,2886
1773237139000,64.1232470833333,-21.7898601666667,0.00,0.00,0.00,true,true,0.00,2.00,0.00,2887
1773237141000,64.1232470833333,-21.7898601666667,0.00,0.00,0.00,true,true,0.00,2.00,0.00,2888
1773237147000,64.12324565,-21.789857,0.00,0.00,0.00,true,true,0.22,6.00,0.13,2889
1773237152000,64.1232448166667,-21.7898575,0.00,0.00,0.00,true,true,0.10,5.00,0.07,2890
1773237156000,64.1232448166667,-21.7898575,0.00,0.00,0.00,true,true,0.01,4.00,0.01,2891
1773237159000,64.1232450666667,-21.7898591666667,0.00,0.00,0.00,true,true,0.09,3.00,0.10,2892
1773237161000,64.1232450666667,-21.7898591666667,0.00,0.00,0.00,true,true,0.02,2.00,0.03,2893
1773237163000,64.1232455833333,-21.789865,0.00,0.00,0.00,true,true,0.29,2.00,0.53,2894
1773237167000,64.12324595,-21.7898673333333,0.00,0.00,0.00,true,true,0.21,4.00,0.19,2895
1773237169000,64.12324595,-21.7898673333333,0.00,0.00,0.00,true,true,0.03,2.00,0.05,2896
1773237172000,64.1232464833333,-21.7898693333333,0.00,0.00,0.00,true,true,0.12,3.00,0.15,2897
1773237174000,64.1232464833333,-21.7898693333333,0.00,0.00,0.00,true,true,0.02,2.00,0.04,2898
1773237178000,64.1232471166667,-21.789874,0.00,0.00,0.00,true,true,0.24,4.00,0.22,2899
1773237181000,64.1232484333333,-21.78988,0.00,0.00,0.00,true,true,0.36,3.00,0.43,2900
1773237188000,64.12325025,-21.7898845,0.00,0.00,0.00,true,true,0.36,7.00,0.19,2901
1773237191000,64.1232520833333,-21.7898856666667,0.00,0.00,0.00,true,true,0.22,3.00,0.27,2902
1773237193000,64.1232520833333,-21.7898856666667,0.00,0.00,0.00,true,true,0.04,2.00,0.07,2903
1773237195000,64.1232520833333,-21.7898856666667,0.00,0.00,0.00,true,true,0.01,2.00,0.02,2904
1773237199000,64.1232533333333,-21.7898875,0.00,0.00,0.00,true,true,0.17,4.00,0.15,2905
1773237202000,64.1232536166667,-21.7898895,0.00,0.00,0.00,true,true,0.12,3.00,0.15,2906
1773237204000,64.1232536166667,-21.7898895,0.00,0.00,0.00,true,true,0.02,2.00,0.04,2907
1773237206000,64.12325305,-21.7898933333333,0.00,0.00,0.00,true,true,0.20,2.00,0.36,2908
1773237212000,64.12325305,-21.7898933333333,0.00,0.00,0.00,true,true,0.06,6.00,0.04,2909
1773237216000,64.1232545666667,-21.789897,0.00,0.00,0.00,true,true,0.25,4.00,0.22,2910
1773237218000,64.1232537666667,-21.7898973333333,0.00,0.00,0.00,true,true,0.08,2.00,0.14,2911
1773237220000,64.1232537666667,-21.7898973333333,0.00,0.00,0.00,true,true,0.02,2.00,0.04,2912
1773237226000,64.1232533666667,-21.7898986666667,0.00,0.00,0.00,true,true,0.08,6.00,0.05,2913
1773237228000,64.1232535833333,-21.7899021666667,0.00,0.00,0.00,true,true,0.18,2.00,0.32,2914
1773237232000,64.1232535833333,-21.7899021666667,0.00,0.00,0.00,true,true,0.05,4.00,0.04,2915
1773237234000,64.1232543666667,-21.7899048333333,0.00,0.00,0.00,true,true,0.16,2.00,0.29,2916
1773237238000,64.1232543666667,-21.7899048333333,0.00,0.00,0.00,true,true,0.04,4.00,0.04,2917
1773237243000,64.1232531666667,-21.7899008333333,0.00,0.00,0.00,true,true,0.23,5.00,0.17,2918
1773237245000,64.12325195,-21.7898926666667,0.00,0.00,0.00,true,true,0.44,2.00,0.78,2919
1773237247000,64.12325195,-21.7898926666667,0.00,0.00,0.00,true,true,0.11,2.00,0.21,2920
1773237249000,64.12325145,-21.7898865,0.00,0.00,0.00,true,true,0.34,2.00,0.61,2921
1773237253000,64.12325145,-21.7898865,0.00,0.00,0.00,true,true,0.11,4.00,0.10,2922
1773237259000,64.1232494,-21.7898856666667,0.00,0.00,0.00,true,true,0.24,6.00,0.14,2923
1773237261000,64.1232471333333,-21.7898823333333,0.00,0.00,0.00,true,true,0.31,2.00,0.56,2924
1773237263000,64.1232471333333,-21.7898823333333,0.00,0.00,0.00,true,true,0.08,2.00,0.14,2925
1773237266000,64.1232459166667,-21.789878,0.00,0.00,0.00,true,true,0.27,3.00,0.33,2926
1773237272000,64.1232434666667,-21.7898733333333,0.00,0.00,0.00,true,true,0.41,6.00,0.25,2927
1773237274000,64.1232434666667,-21.7898733333333,0.00,0.00,0.00,true,true,0.02,2.00,0.04,2928
1773237278000,64.1232428333333,-21.789871,0.00,0.00,0.00,true,true,0.14,4.00,0.12,2929
1773237280000,64.1232424166667,-21.789874,0.00,0.00,0.00,true,true,0.14,2.00,0.26,2930
1773237283000,64.1232424166667,-21.789874,0.00,0.00,0.00,true,true,0.04,3.00,0.05,2931
1773237285000,64.1232411666667,-21.7898751666667,0.00,0.00,0.00,true,true,0.16,2.00,0.28,2932
1773237288000,64.1232411666667,-21.7898751666667,0.00,0.00,0.00,true,true,0.05,3.00,0.05,2933
1773237292000,64.1232403666667,-21.7898783333333,0.00,0.00,0.00,true,true,0.19,4.00,0.17,2934
1773237300000,64.1232397333333,-21.7898795,0.00,0.00,0.00,true,true,0.11,8.00,0.05,2935
1773237303000,64.1232397333333,-21.7898795,0.00,0.00,0.00,true,true,0.00,3.00,0.00,2936
1773237307000,64.12324075,-21.7898808333333,0.00,0.00,0.00,true,true,0.13,4.00,0.12,2937
1773237309000,64.12324075,-21.7898808333333,0.00,0.00,0.00,true,true,0.02,2.00,0.03,2938
1773237312000,64.1232415833333,-21.7898818333333,0.00,0.00,0.00,true,true,0.11,3.00,0.13,2939
1773237314000,64.1232415833333,-21.7898818333333,0.00,0.00,0.00,true,true,0.02,2.00,0.04,2940
1773237317000,64.12324255,-21.7898803333333,0.00,0.00,0.00,true,true,0.13,3.00,0.16,2941
1773237321000,64.123243,-21.7898778333333,0.00,0.00,0.00,true,true,0.15,4.00,0.14,2942
1773237325000,64.123243,-21.7898778333333,0.00,0.00,0.00,true,true,0.02,4.00,0.02,2943
1773237327000,64.1232438833333,-21.7898761666667,0.00,0.00,0.00,true,true,0.13,2.00,0.23,2944
1773237329000,64.1232438833333,-21.7898761666667,0.00,0.00,0.00,true,true,0.03,2.00,0.06,2945
1773237333000,64.1232443166667,-21.789876,0.00,0.00,0.00,true,true,0.06,4.00,0.05,2946
1773237339000,64.1232445,-21.7898765,0.00,0.00,0.00,true,true,0.04,6.00,0.02,2947
1773237341000,64.1232445,-21.7898765,0.00,0.00,0.00,true,true,0.00,2.00,0.00,2948
1773237344000,64.1232445166667,-21.7898766666667,0.00,0.00,0.00,true,true,0.01,3.00,0.01,2949
1773237346000,64.1232445166667,-21.7898766666667,0.00,0.00,0.00,true,true,0.00,2.00,0.00,2950
1773237349000,64.1232445333333,-21.7898768333333,0.00,0.00,0.00,true,true,0.01,3.00,0.01,2951
1773237352000,64.1232445333333,-21.789877,0.00,0.00,0.00,true,true,0.01,3.00,0.01,2952
1773237356000,64.1232445333333,-21.789877,0.00,0.00,0.00,true,true,0.00,4.00,0.00,2953
1773237358000,64.1232444833333,-21.7898771666667,0.00,0.00,0.00,true,true,0.01,2.00,0.02,2954
1773237362000,64.1232444833333,-21.7898771666667,0.00,0.00,0.00,true,true,0.00,4.00,0.00,2955
1773237364000,64.1232444166667,-21.7898773333333,0.00,0.00,0.00,true,true,0.01,2.00,0.02,2956
1773237370000,64.1232443833333,-21.7898775,0.00,0.00,0.00,true,true,0.01,6.00,0.01,2957
1773237373000,64.1232443833333,-21.7898775,0.00,0.00,0.00,true,true,0.00,3.00,0.00,2958
1773237375000,64.1232443333333,-21.7898775,0.00,0.00,0.00,true,true,0.01,2.00,0.01,2959
1773237377000,64.1232443333333,-21.7898775,0.00,0.00,0.00,true,true,0.00,2.00,0.00,2960
1773237379000,64.1232443,-21.7898776666667,0.00,0.00,0.00,true,true,0.01,2.00,0.02,2961
1773237382000,64.1232443,-21.7898776666667,0.00,0.00,0.00,true,true,0.00,3.00,0.00,2962
1773237390000,64.1232442166667,-21.7898778333333,0.00,0.00,0.00,true,true,0.01,8.00,0.01,2963
1773237394000,64.1232441666667,-21.789878,0.00,0.00,0.00,true,true,0.01,4.00,0.01,2964
1773237397000,64.1232441666667,-21.789878,0.00,0.00,0.00,true,true,0.00,3.00,0.00,2965
1773237401000,64.1232441333333,-21.7898781666667,0.00,0.00,0.00,true,true,0.01,4.00,0.01,2966
1773237404000,64.1232441,-21.7898783333333,0.00,0.00,0.00,true,true,0.01,3.00,0.01,2967
1773237409000,64.1232440333333,-21.7898783333333,0.00,0.00,0.00,true,true,0.01,5.00,0.01,2968
1773237413000,64.1232439666667,-21.7898785,0.00,0.00,0.00,true,true,0.01,4.00,0.01,2969
1773237415000,64.1232439666667,-21.7898785,0.00,0.00,0.00,true,true,0.00,2.00,0.00,2970
1773237419000,64.1232439333333,-21.7898786666667,0.00,0.00,0.00,true,true,0.01,4.00,0.01,2971
1773237421000,64.1232439333333,-21.7898786666667,0.00,0.00,0.00,true,true,0.00,2.00,0.00,2972
1773237424000,64.1232439,-21.7898786666667,0.00,0.00,0.00,true,true,0.00,3.00,0.00,2973
1773237426000,64.1232439,-21.7898786666667,0.00,0.00,0.00,true,true,0.00,2.00,0.00,2974
1773237428000,64.1232439,-21.7898786666667,0.00,0.00,0.00,true,true,0.00,2.00,0.00,2975
1773237432000,64.1232438666667,-21.7898786666667,0.00,0.00,0.00,true,true,0.00,4.00,0.00,2976
1773237434000,64.12324385,-21.7898785,0.00,0.00,0.00,true,true,0.01,2.00,0.02,2977
1773237438000,64.12324385,-21.7898785,0.00,0.00,0.00,true,true,0.00,4.00,0.00,2978
1773237440000,64.1232438,-21.7898785,0.00,0.00,0.00,true,true,0.01,2.00,0.01,2979
1773237443000,64.1232438,-21.7898785,0.00,0.00,0.00,true,true,0.00,3.00,0.00,2980
1773237447000,64.12324375,-21.7898783333333,0.00,0.00,0.00,true,true,0.01,4.00,0.01,2981
1773237450000,64.1232437,-21.7898783333333,0.00,0.00,0.00,true,true,0.01,3.00,0.01,2982
1773237454000,64.1232437,-21.7898783333333,0.00,0.00,0.00,true,true,0.00,4.00,0.00,2983
1773237458000,64.1232436333333,-21.7898783333333,0.00,0.00,0.00,true,true,0.01,4.00,0.01,2984
1773237463000,64.1232435833333,-21.7898783333333,0.00,0.00,0.00,true,true,0.01,5.00,0.00,2985
1773237467000,64.1232435333333,-21.7898781666667,0.00,0.00,0.00,true,true,0.01,4.00,0.01,2986
1773237469000,64.1232434833333,-21.7898783333333,0.00,0.00,0.00,true,true,0.01,2.00,0.02,2987
1773237473000,64.1232434833333,-21.7898783333333,0.00,0.00,0.00,true,true,0.00,4.00,0.00,2988
1773237476000,64.1232434666667,-21.7898783333333,0.00,0.00,0.00,true,true,0.00,3.00,0.00,2989
1773237478000,64.1232434666667,-21.7898783333333,0.00,0.00,0.00,true,true,0.00,2.00,0.00,2990
1773237482000,64.1232434833333,-21.7898783333333,0.00,0.00,0.00,true,true,0.00,4.00,0.00,2991
1773237484000,64.1232434833333,-21.7898783333333,0.00,0.00,0.00,true,true,0.00,2.00,0.00,2992
1773237488000,64.1232434666667,-21.7898785,0.00,0.00,0.00,true,true,0.01,4.00,0.01,2993
1773237493000,64.1232434333333,-21.7898785,0.00,0.00,0.00,true,true,0.00,5.00,0.00,2994
1773237495000,64.1232434,-21.7898786666667,0.00,0.00,0.00,true,true,0.01,2.00,0.02,2995
1773237498000,64.1232434,-21.7898786666667,0.00,0.00,0.00,true,true,0.00,3.00,0.00,2996
1773237500000,64.1232433833333,-21.7898786666667,0.00,0.00,0.00,true,true,0.00,2.00,0.00,2997
1773237504000,64.1232433833333,-21.7898786666667,0.00,0.00,0.00,true,true,0.00,4.00,0.00,2998
1773237509000,64.1232433666667,-21.7898786666667,0.00,0.00,0.00,true,true,0.00,5.00,0.00,2999
1773237514000,64.1232433166667,-21.7898786666667,0.00,0.00,0.00,true,true,0.01,5.00,0.00,3000
1773237520000,64.1232431833333,-21.7898786666667,0.00,0.00,0.00,true,true,0.02,6.00,0.01,3001
1773237522000,64.1232431833333,-21.7898786666667,0.00,0.00,0.00,true,true,0.00,2.00,0.00,3002
1773237524000,64.1232431833333,-21.7898786666667,0.00,0.00,0.00,true,true,0.00,2.00,0.00,3003
1773237529000,64.1232431166667,-21.7898786666667,0.00,0.00,0.00,true,true,0.01,5.00,0.01,3004
1773237534000,64.1232430666667,-21.7898788333333,0.00,0.00,0.00,true,true,0.01,5.00,0.01,3005
1773237539000,64.1232430166667,-21.7898788333333,0.00,0.00,0.00,true,true,0.01,5.00,0.00,3006
1773237544000,64.12324295,-21.7898786666667,0.00,0.00,0.00,true,true,0.01,5.00,0.01,3007
1773237549000,64.1232428666667,-21.7898786666667,0.00,0.00,0.00,true,true,0.01,5.00,0.01,3008
1773237554000,64.1232428166667,-21.7898786666667,0.00,0.00,0.00,true,true,0.01,5.00,0.00,3009
1773237557000,64.1232427833333,-21.7898788333333,0.00,0.00,0.00,true,true,0.01,3.00,0.01,3010
1773237559000,64.1232427833333,-21.7898788333333,0.00,0.00,0.00,true,true,0.00,2.00,0.00,3011
1773237563000,64.1232427666667,-21.7898788333333,0.00,0.00,0.00,true,true,0.00,4.00,0.00,3012
1773237572000,64.1232427333333,-21.789879,0.00,0.00,0.00,true,true,0.01,9.00,0.00,3013
1773237574000,64.1232427333333,-21.789879,0.00,0.00,0.00,true,true,0.00,2.00,0.00,3014
1773237577000,64.1232427166667,-21.789879,0.00,0.00,0.00,true,true,0.00,3.00,0.00,3015
1773237583000,64.1232427166667,-21.7898791666667,0.00,0.00,0.00,true,true,0.01,6.00,0.00,3016
1773237585000,64.1232427166667,-21.7898791666667,0.00,0.00,0.00,true,true,0.00,2.00,0.00,3017
1773237592000,64.12324275,-21.7898795,0.00,0.00,0.00,true,true,0.02,7.00,0.01,3018
1773237594000,64.12324275,-21.7898795,0.00,0.00,0.00,true,true,0.00,2.00,0.00,3019
1773237597000,64.1232427666667,-21.7898795,0.00,0.00,0.00,true,true,0.00,3.00,0.00,3020
1773237600000,64.1232427666667,-21.7898795,0.00,0.00,0.00,true,true,0.00,3.00,0.00,3021
1773237603000,64.1232427833333,-21.7898795,0.00,0.00,0.00,true,true,0.00,3.00,0.00,3022
1773237610000,64.1232428333333,-21.7898795,0.00,0.00,0.00,true,true,0.01,7.00,0.00,3023
1773237614000,64.12324285,-21.7898796666667,0.00,0.00,0.00,true,true,0.01,4.00,0.01,3024
1773237618000,64.1232428666667,-21.7898796666667,0.00,0.00,0.00,true,true,0.00,4.00,0.00,3025
1773237620000,64.1232428666667,-21.7898796666667,0.00,0.00,0.00,true,true,0.00,2.00,0.00,3026
1773237623000,64.1232428666667,-21.7898798333333,0.00,0.00,0.00,true,true,0.01,3.00,0.01,3027
1773237627000,64.1232428666667,-21.7898798333333,0.00,0.00,0.00,true,true,0.00,4.00,0.00,3028
1773237629000,64.1232428166667,-21.7898798333333,0.00,0.00,0.00,true,true,0.01,2.00,0.01,3029
1773237633000,64.1232428,-21.78988,0.00,0.00,0.00,true,true,0.01,4.00,0.01,3030
1773237637000,64.1232428,-21.78988,0.00,0.00,0.00,true,true,0.00,4.00,0.00,3031
1773237640000,64.1232428333333,-21.78988,0.00,0.00,0.00,true,true,0.00,3.00,0.00,3032
1773237642000,64.1232428333333,-21.78988,0.00,0.00,0.00,true,true,0.00,2.00,0.00,3033
1773237645000,64.1232428333333,-21.7898798333333,0.00,0.00,0.00,true,true,0.01,3.00,0.01,3034
1773237650000,64.12324285,-21.7898798333333,0.00,0.00,0.00,true,true,0.00,5.00,0.00,3035
1773237654000,64.12324285,-21.7898798333333,0.00,0.00,0.00,true,true,0.00,4.00,0.00,3036
1773237660000,64.12324285,-21.7898798333333,0.00,0.00,0.00,true,true,0.00,6.00,0.00,3037
1773237662000,64.12324285,-21.7898798333333,0.00,0.00,0.00,true,true,0.00,2.00,0.00,3038
1773237665000,64.1232428333333,-21.7898798333333,0.00,0.00,0.00,true,true,0.00,3.00,0.00,3039
1773237667000,64.1232428333333,-21.7898798333333,0.00,0.00,0.00,true,true,0.00,2.00,0.00,3040
1773237670000,64.1232428,-21.7898798333333,0.00,0.00,0.00,true,true,0.00,3.00,0.00,3041
1773237672000,64.1232428,-21.7898798333333,0.00,0.00,0.00,true,true,0.00,2.00,0.00,3042
1773237677000,64.1232427833333,-21.7898796666667,0.00,0.00,0.00,true,true,0.01,5.00,0.01,3043
1773237682000,64.12324275,-21.7898796666667,0.00,0.00,0.00,true,true,0.00,5.00,0.00,3044
1773237687000,64.1232427333333,-21.7898795,0.00,0.00,0.00,true,true,0.01,5.00,0.01,3045
1773237692000,64.1232427166667,-21.7898796666667,0.00,0.00,0.00,true,true,0.01,5.00,0.01,3046
1773237695000,64.1232426833333,-21.7898796666667,0.00,0.00,0.00,true,true,0.00,3.00,0.00,3047
1773237697000,64.1232426833333,-21.7898796666667,0.00,0.00,0.00,true,true,0.00,2.00,0.00,3048
1773237700000,64.1232459333333,-21.789874,0.00,0.00,0.00,true,true,0.45,3.00,0.54,3049
1773237702000,64.1232459333333,-21.789874,0.00,0.00,0.00,true,true,0.09,2.00,0.17,3050
1773237707000,64.1232728333333,-21.7898135,0.00,0.00,0.00,true,true,4.22,5.00,3.04,3051
1773237712000,64.1232941666667,-21.7897555,0.00,0.00,0.00,true,true,4.05,5.00,2.92,3052
1773237717000,64.12330575,-21.7896971666667,0.00,0.00,0.00,true,true,3.40,5.00,2.45,3053
1773237720000,64.12330575,-21.7896971666667,0.00,0.00,0.00,true,true,0.24,3.00,0.29,3054
1773237725000,64.1233614666667,-21.7895515,0.00,0.00,0.00,true,true,9.44,5.00,6.80,3055
1773237727000,64.1233614666667,-21.7895515,0.00,0.00,0.00,true,true,0.74,2.00,1.33,3056
1773237732000,64.1233703833333,-21.7895413333333,0.00,0.00,0.00,true,true,1.29,5.00,0.93,3057
1773237737000,64.12333905,-21.7894711666667,0.00,0.00,0.00,true,true,4.84,5.00,3.49,3058
1773237742000,64.1233172166667,-21.7892636666667,8.24,3.45,3.28,false,false,10.68,5.00,7.69,0
1773237747000,64.1233192166667,-21.7889175,12.98,5.09,4.84,false,false,17.57,5.00,12.65,0
1773237751000,64.12332135,-21.788463,19.37,7.95,7.55,false,false,22.56,4.00,20.30,0
1773237756000,64.1233639666667,-21.7880505,15.20,10.85,10.31,false,false,21.48,5.00,15.47,0
1773237758000,64.1233639666667,-21.7880505,8.72,0.00,10.31,true,false,0.54,2.00,0.98,1
1773237763000,64.1235005666667,-21.7878691666667,12.23,12.12,11.51,false,false,16.11,5.00,11.60,0
1773237768000,64.1236525833333,-21.788006,14.15,9.89,9.40,false,false,19.16,5.00,13.80,0
1773237771000,64.1236850166667,-21.788518,23.35,7.29,6.93,false,false,26.11,3.00,31.33,0
1773237776000,64.12365895,-21.7892015,27.16,11.66,11.08,false,false,37.05,5.00,26.68,0
1773237783000,64.1236526166667,-21.789752,9.14,9.14,8.68,false,false,27.29,7.00,14.04,0
1773237786000,64.1236526166667,-21.789752,2.48,0.00,8.68,true,false,0.81,3.00,0.98,1
1773237788000,64.12374635,-21.7900266666667,12.62,12.62,11.98,false,false,15.85,2.00,28.53,0
1773237792000,64.123843,-21.7902791666667,17.66,14.96,14.21,false,false,20.38,4.00,18.34,0
1773237798000,64.1238865,-21.7909043333333,19.93,14.14,13.43,false,false,31.41,6.00,18.84,0
1773237801000,64.1238703833333,-21.7919381666667,46.66,21.76,20.68,false,false,50.74,3.00,60.89,0
1773237805000,64.1238703833333,-21.7919381666667,10.49,0.00,20.68,true,false,5.77,4.00,5.19,1
1773237808000,64.1238457833333,-21.7930011666667,39.21,26.06,24.76,false,false,46.21,3.00,55.45,0
1773237813000,64.1238061,-21.7940055,40.20,31.01,29.46,false,false,55.72,5.00,40.12,0
1773237818000,64.1237973333333,-21.7950168333333,35.13,35.13,33.37,false,false,49.25,5.00,35.46,0
1773237823000,64.1238119333333,-21.7959401666667,31.79,31.79,30.20,false,false,44.45,5.00,32.01,0
1773237828000,64.1238119333333,-21.7959401666667,2.52,0.00,30.20,true,false,0.37,5.00,0.27,1
1773237833000,64.1240270666667,-21.7963855,23.32,23.32,22.15,false,false,30.07,5.00,21.65,0
1773237835000,64.1242624333333,-21.7969155,42.51,24.55,23.33,false,false,39.01,2.00,70.21,0
1773237838000,64.1242624333333,-21.7969155,20.62,0.00,23.33,true,false,6.84,3.00,8.21,1
1773237843000,64.1247204166667,-21.797375,37.69,22.08,20.98,false,false,50.17,5.00,36.12,0
1773237848000,64.1247098166667,-21.7973735,2.12,0.00,20.98,true,false,0.94,5.00,0.67,1
1773237853000,64.1247029833333,-21.7973853333333,0.00,0.00,0.00,true,true,4.31,5.00,3.10,2
1773237858000,64.1247375,-21.7974543333333,0.00,0.00,0.00,true,true,5.03,5.00,3.63,3
1773237861000,64.1247375,-21.7974543333333,0.00,0.00,0.00,true,true,0.36,3.00,0.43,4
1773237863000,64.1247147166667,-21.7979315,16.57,4.86,4.62,false,false,23.36,2.00,42.06,0
1773237868000,64.12465365,-21.7986808333333,33.04,11.47,10.90,false,false,43.58,5.00,31.38,0
1773237873000,64.12456105,-21.7996643333333,36.73,20.11,19.10,false,false,50.67,5.00,36.49,0
1773237878000,64.1244872166667,-21.800869,43.26,30.24,28.73,false,false,59.46,5.00,42.81,0
1773237881000,64.1244872166667,-21.800869,15.69,0.00,28.73,true,false,0.67,3.00,0.81,1
1773237885000,64.1244377166667,-21.8022313333333,49.41,34.51,32.79,false,false,60.38,4.00,54.35,0
1773237888000,64.1243985666667,-21.803777,79.52,44.81,42.57,false,false,80.45,3.00,96.54,0
1773237891000,64.1243985666667,-21.803777,34.54,0.00,42.57,true,false,7.04,3.00,8.45,1
1773237898000,64.1243526333333,-21.8070105,0.00,0.00,0.00,false,false,79.03,5.00,56.90,0
1773237901000,64.1243526333333,-21.8070105,21.13,0.00,0.00,true,false,0.75,3.00,0.89,1
1773237908000,64.1243089833333,-21.8103203333333,0.00,0.00,0.00,false,false,81.21,5.00,58.47,0
1773237910000,64.1243089833333,-21.8103203333333,35.97,0.00,0.00,true,false,0.77,2.00,1.38,1
1773237913000,64.1242895,-21.8120066666667,69.59,58.66,55.73,false,false,73.61,3.00,88.33,0
1773237918000,64.1242632833333,-21.8136121666667,61.70,57.82,54.93,false,false,86.61,5.00,62.36,0
1773237921000,64.1242632833333,-21.8136121666667,21.24,0.00,54.93,true,false,0.81,3.00,0.98,1
1773237924000,64.1242390833333,-21.8152861666667,62.88,54.25,51.54,false,false,72.39,3.00,86.87,0
1773237929000,64.1241913833333,-21.816965,66.54,61.15,58.09,false,false,91.99,5.00,66.23,0
1773237937000,64.1241542,-21.8187196666667,24.96,24.96,23.72,false,false,85.75,8.00,38.59,0
1773237942000,64.1241096166667,-21.8222686666667,0.00,0.00,0.00,false,false,86.37,3.00,103.65,0
1773237944000,64.1241096166667,-21.8222686666667,58.00,0.00,0.00,true,false,2.24,2.00,4.04,1
1773237946000,64.1241096166667,-21.8222686666667,27.70,27.70,26.32,false,false,11.93,2.00,21.48,0
1773237950000,64.12408475,-21.8240268333333,60.92,56.16,53.35,false,false,72.53,4.00,65.28,0
1773237952000,64.12408475,-21.8240268333333,40.82,0.00,53.35,true,false,5.83,2.00,10.49,1
1773237958000,64.1240562833333,-21.8277541666667,0.00,0.00,0.00,false,false,95.94,4.00,86.34,0
1773237963000,64.1240395166667,-21.82974,69.69,69.69,66.20,false,false,97.95,5.00,70.52,0
1773237965000,64.1240395166667,-21.82974,39.84,0.00,66.20,true,false,1.51,2.00,2.72,1
1773237967000,64.1240395166667,-21.82974,16.74,16.74,15.90,false,false,10.51,2.00,18.92,0
1773237973000,64.1240130666667,-21.8335218333333,131.26,71.19,67.63,false,false,174.15,6.00,104.49,0
1773237975000,64.1240130666667,-21.8335218333333,83.79,0.00,67.63,true,false,8.25,2.00,14.84,1
1773237980000,64.1240400666667,-21.8354055,50.81,50.81,48.27,false,false,74.79,5.00,53.85,0
1773237987000,64.1241817333333,-21.8390005,102.80,73.58,69.90,false,false,172.05,7.00,88.48,0
1773237992000,64.1241817333333,-21.8390005,5.64,0.00,69.90,true,false,2.34,5.00,1.69,1
1773237998000,64.1244453166667,-21.8426041666667,0.00,0.00,0.00,false,false,87.48,4.00,78.73,0
1773238005000,64.1246030833333,-21.8442321666667,29.27,29.27,27.81,false,false,82.33,7.00,42.34,0
1773238007000,64.1246030833333,-21.8442321666667,15.18,0.00,27.81,true,false,2.19,2.00,3.94,1
1773238013000,64.1249861,-21.8473743333333,0.00,0.00,0.00,false,false,79.62,4.00,71.66,0
1773238015000,64.1249861,-21.8473743333333,43.36,0.00,0.00,true,false,1.18,2.00,2.12,1
1773238018000,64.1252263333333,-21.8488701666667,67.34,62.72,59.58,false,false,67.83,3.00,81.39,0
1773238022000,64.1252263333333,-21.8488701666667,13.51,0.00,59.58,true,false,6.40,4.00,5.76,1
1773238024000,64.1254452166667,-21.8502101666667,51.91,51.91,49.31,false,false,60.90,2.00,109.62,0
1773238027000,64.1254452166667,-21.8502101666667,30.13,30.13,28.62,false,false,14.52,3.00,17.42,0
1773238030000,64.1258638166667,-21.8510986666667,54.04,49.29,46.83,false,false,58.23,3.00,69.88,0
1773238037000,64.1263373,-21.8506258333333,41.61,28.43,27.01,false,false,62.78,7.00,32.29,0
1773238042000,64.1264767333333,-21.8497718333333,33.76,26.24,24.92,false,false,47.27,5.00,34.04,0
1773238044000,64.1264767333333,-21.8497718333333,19.64,0.00,24.92,true,false,1.66,2.00,2.98,1
1773238047000,64.1261993333333,-21.8491496666667,35.34,17.71,16.82,false,false,41.45,3.00,49.74,0
1773238054000,64.1257025,-21.8489003333333,35.69,16.23,15.41,false,false,63.86,7.00,32.84,0
1773238057000,64.1250805,-21.8486858333333,67.29,30.33,28.81,false,false,70.22,3.00,84.27,0
1773238059000,64.1250805,-21.8486858333333,45.47,0.00,28.81,true,false,6.94,2.00,12.49,1
1773238062000,64.1243895,-21.8484555,68.97,48.14,45.74,false,false,69.04,3.00,82.85,0
1773238064000,64.1243895,-21.8484555,46.85,0.00,45.74,true,false,6.44,2.00,11.58,1
1773238067000,64.1236935833333,-21.8482303333333,69.16,62.51,59.39,false,false,68.73,3.00,82.48,0
1773238069000,64.1236935833333,-21.8482303333333,46.87,0.00,59.39,true,false,6.28,2.00,11.30,1
1773238072000,64.1230318,-21.8479853333333,66.38,63.78,60.59,false,false,65.02,3.00,78.03,0
1773238074000,64.1230318,-21.8479853333333,44.62,0.00,60.59,true,false,5.50,2.00,9.90,1
1773238078000,64.1224213,-21.8477415,52.62,52.62,49.99,false,false,59.62,4.00,53.66,0
1773238081000,64.1218832333333,-21.8475356666667,66.45,52.48,49.86,false,false,61.94,3.00,74.33,0
1773238083000,64.1218832333333,-21.8475356666667,42.88,0.00,49.86,true,false,3.27,2.00,5.88,1
1773238086000,64.1215283166667,-21.8474018333333,38.81,38.81,36.87,false,false,30.33,3.00,36.40,0
1773238088000,64.1215283166667,-21.8474018333333,23.07,0.00,36.87,true,false,1.13,2.00,2.04,1
1773238090000,64.1215283166667,-21.8474018333333,0.00,0.00,0.00,true,true,6.62,2.00,11.92,2
1773238093000,64.1213504833333,-21.8473391666667,10.38,10.38,9.86,false,false,13.86,3.00,16.63,0
1773238099000,64.1213186166667,-21.8473296666667,2.15,0.00,9.86,true,false,6.58,6.00,3.95,1
1773238101000,64.1213186166667,-21.8473296666667,0.00,0.00,0.00,true,true,0.57,2.00,1.03,2
1773238104000,64.1210824,-21.8472423333333,20.02,11.29,10.73,false,false,26.10,3.00,31.33,0
1773238107000,64.1210824,-21.8472423333333,11.28,0.00,10.73,true,false,5.12,3.00,6.15,1
1773238111000,64.1206589666667,-21.8470688333333,37.22,15.60,14.82,false,false,45.53,4.00,40.97,0
1773238114000,64.1201251333333,-21.8468085,63.06,32.42,30.80,false,false,64.72,3.00,77.67,0
1773238116000,64.1201251333333,-21.8468085,42.71,0.00,30.80,true,false,6.06,2.00,10.90,1
1773238119000,64.1195781833333,-21.8464595,57.16,41.17,39.11,false,false,54.82,3.00,65.79,0
1773238124000,64.1189630666667,-21.8460073333333,54.33,51.49,48.92,false,false,75.78,5.00,54.56,0
1773238126000,64.1189630666667,-21.8460073333333,31.97,0.00,48.92,true,false,0.46,2.00,0.82,1
1773238129000,64.1182085833333,-21.845402,73.24,53.71,51.02,false,false,80.76,3.00,96.91,0
1773238132000,64.1182085833333,-21.845402,35.27,35.27,33.51,false,false,10.78,3.00,12.93,0
1773238136000,64.1175272,-21.8448603333333,59.80,51.02,48.46,false,false,70.38,4.00,63.34,0
1773238138000,64.1175272,-21.8448603333333,38.71,0.00,48.46,true,false,3.91,2.00,7.03,1
1773238144000,64.1160630166667,-21.843879,0.00,0.00,0.00,false,false,85.74,4.00,77.17,0
1773238146000,64.1160630166667,-21.843879,46.69,0.00,0.00,true,false,1.27,2.00,2.28,1
1773238148000,64.1160630166667,-21.843879,21.62,21.62,20.54,false,false,10.37,2.00,18.66,0
1773238155000,64.1145216,-21.8434826666667,0.00,0.00,0.00,false,false,86.22,5.00,62.08,0
1773238157000,64.1145216,-21.8434826666667,38.19,0.00,0.00,true,false,0.81,2.00,1.46,1
1773238161000,64.11374235,-21.8435565,66.26,56.59,53.76,false,false,77.73,4.00,69.95,0
1773238165000,64.1129772166667,-21.843776,79.13,61.96,58.86,false,false,90.11,4.00,81.10,0
1773238167000,64.1129772166667,-21.843776,48.84,0.00,58.86,true,false,2.08,2.00,3.74,1
1773238174000,64.11222835,-21.8440428333333,0.00,0.00,0.00,true,false,0.00,5.00,0.00,1
1773238180000,64.11074105,-21.8446301666667,0.00,0.00,0.00,false,false,84.03,4.00,75.62,0
1773238185000,64.1100114666667,-21.8450253333333,60.04,60.04,57.04,false,false,84.47,5.00,60.82,0
1773238187000,64.1100114666667,-21.8450253333333,34.25,0.00,57.04,true,false,1.46,2.00,2.63,1
1773238191000,64.1093078166667,-21.845611,62.87,60.03,57.03,false,false,74.13,4.00,66.71,0
1773238193000,64.1093078166667,-21.845611,41.15,0.00,57.03,true,false,4.66,2.00,8.38,1
1773238202000,64.1078501,-21.8476511666667,0.00,0.00,0.00,false,false,87.80,7.00,45.15,0
1773238205000,64.1078501,-21.8476511666667,14.70,0.00,0.00,true,false,0.41,3.00,0.49,1
1773238212000,64.10675155,-21.8502655,0.00,0.00,0.00,false,false,86.86,5.00,62.54,0
1773238217000,64.1063664,-21.8517641666667,61.30,61.30,58.23,false,false,85.26,5.00,61.39,0
1773238221000,64.1060674833333,-21.8533128333333,72.37,64.73,61.49,false,false,82.25,4.00,74.03,0
1773238225000,64.1058352333333,-21.8549071666667,74.62,66.34,63.02,false,false,83.34,4.00,75.01,0
1773238231000,64.1056741,-21.8565405,42.90,42.90,40.75,false,false,81.84,6.00,49.11,0
1773238233000,64.1056741,-21.8565405,23.58,0.00,40.75,true,false,2.16,2.00,3.89,1
1773238235000,64.1056741,-21.8565405,0.00,0.00,0.00,true,true,6.67,2.00,12.01,2
1773238243000,64.1054564333333,-21.8598696666667,0.00,0.00,0.00,false,false,82.10,6.00,49.26,0
1773238247000,64.1053634333333,-21.8615336666667,71.35,58.86,55.92,false,false,82.06,4.00,73.85,0
1773238252000,64.10526855,-21.863132,57.40,57.40,54.53,false,false,81.04,5.00,58.35,0
1773238254000,64.10526855,-21.863132,32.89,0.00,54.53,true,false,1.33,2.00,2.39,1
1773238258000,64.10516085,-21.8646291666667,55.52,54.08,51.38,false,false,65.04,4.00,58.54,0
1773238262000,64.10501935,-21.8660611666667,65.92,57.71,54.82,false,false,75.00,4.00,67.50,0
1773238264000,64.10501935,-21.8660611666667,40.64,0.00,54.82,true,false,1.62,2.00,2.92,1
1773238270000,64.1045536833333,-21.8691018333333,0.00,0.00,0.00,false,false,80.41,4.00,72.37,0
1773238272000,64.1045536833333,-21.8691018333333,43.79,0.00,0.00,true,false,1.19,2.00,2.14,1
1773238275000,64.1045536833333,-21.8691018333333,0.00,0.00,0.00,true,true,9.72,3.00,11.67,2
1773238279000,64.1042428333333,-21.8705871666667,55.65,44.38,42.16,false,false,70.76,4.00,63.69,0
1773238284000,64.1038707666667,-21.8720431666667,66.15,48.36,45.94,false,false,90.81,5.00,65.38,0
1773238290000,64.1034487,-21.8734756666667,0.00,0.00,0.00,true,false,0.00,4.00,0.00,1
1773238294000,64.1029759333333,-21.8748801666667,0.00,0.00,0.00,true,false,0.00,2.00,0.00,1
1773238300000,64.1024626666667,-21.8762265,57.88,39.06,37.10,false,false,86.76,6.00,52.06,0
1773238309000,64.1013979166667,-21.8786608333333,0.00,0.00,0.00,false,false,82.52,7.00,42.44,0
1773238315000,64.1008725166667,-21.8797303333333,47.56,44.51,42.28,false,false,78.51,6.00,47.10,0
1773238320000,64.10035605,-21.8807286666667,54.65,47.16,44.81,false,false,75.25,5.00,54.18,0
1773238326000,64.0997417166667,-21.8818471666667,0.00,0.00,0.00,true,false,0.00,4.00,0.00,1
1773238330000,64.0992265833333,-21.8827353333333,0.00,0.00,0.00,true,false,0.00,2.00,0.00,1
1773238335000,64.0986979666667,-21.8835923333333,0.00,0.00,0.00,true,false,0.00,3.00,0.00,1
1773238342000,64.0975853833333,-21.8852888333333,0.00,0.00,0.00,false,false,75.09,5.00,54.06,0
1773238345000,64.0975853833333,-21.8852888333333,20.07,0.00,0.00,true,false,0.71,3.00,0.85,1
1773238349000,64.0970105833333,-21.8860926666667,55.32,45.02,42.76,false,false,67.13,4.00,60.41,0
1773238354000,64.09642445,-21.8868711666667,0.00,0.00,0.00,true,false,0.00,3.00,0.00,1
1773238356000,64.09642445,-21.8868711666667,0.00,0.00,0.00,true,true,0.00,2.00,0.00,2
1773238362000,64.0952191833333,-21.8883396666667,116.46,49.69,47.20,false,false,151.63,6.00,90.98,0
1773238364000,64.0952191833333,-21.8883396666667,74.56,0.00,47.20,true,false,8.15,2.00,14.67,1
1773238368000,64.0946038,-21.8890143333333,57.30,48.21,45.80,false,false,61.13,4.00,55.02,0
1773238371000,64.0946038,-21.8890143333333,18.71,0.00,45.80,true,false,2.80,3.00,3.36,1
1773238375000,64.0939708666667,-21.8896591666667,0.00,0.00,0.00,true,false,0.00,2.00,0.00,1
1773238382000,64.0926660666667,-21.8908341666667,0.00,0.00,0.00,false,false,78.23,5.00,56.32,0
1773238386000,64.0926660666667,-21.8908341666667,7.96,0.00,0.00,true,false,0.74,4.00,0.66,1
1773238391000,64.0913120333333,-21.8917461666667,0.00,0.00,0.00,false,false,77.71,3.00,93.25,0
1773238395000,64.0913120333333,-21.8917461666667,15.28,0.00,0.00,true,false,2.02,4.00,1.82,1
1773238401000,64.0905021833333,-21.8921268333333,0.00,0.00,0.00,true,false,0.00,4.00,0.00,1
1773238405000,64.0898217833333,-21.8923395,0.00,0.00,0.00,true,false,0.00,2.00,0.00,1
1773238412000,64.0891413,-21.8924621666667,0.00,0.00,0.00,true,false,0.00,5.00,0.00,1
1773238416000,64.0884422166667,-21.8925255,0.00,0.00,0.00,true,false,0.00,2.00,0.00,1
1773238422000,64.0870386333333,-21.8926326666667,0.00,0.00,0.00,false,false,77.14,4.00,69.42,0
1773238428000,64.0863475333333,-21.8927386666667,41.83,41.83,39.74,false,false,78.02,6.00,46.81,0
1773238433000,64.0855049166667,-21.8929918333333,68.47,59.66,56.68,false,false,92.63,5.00,66.69,0
1773238435000,64.0855049166667,-21.8929918333333,42.11,0.00,56.68,true,false,2.42,2.00,4.35,1
1773238439000,64.0848148166667,-21.8933665,60.11,56.02,53.22,false,false,69.49,4.00,62.54,0
1773238441000,64.0848148166667,-21.8933665,38.27,0.00,53.22,true,false,3.00,2.00,5.40,1
1773238446000,64.0841386833333,-21.8939183333333,0.00,0.00,0.00,true,false,0.00,3.00,0.00,1
1773238451000,64.0834853333333,-21.8946598333333,0.00,0.00,0.00,true,false,0.00,3.00,0.00,1
1773238455000,64.0828769333333,-21.8955751666667,61.62,41.64,39.56,false,false,80.87,4.00,72.78,0
1773238457000,64.0828769333333,-21.8955751666667,42.61,0.00,39.56,true,false,7.66,2.00,13.79,1
1773238460000,64.08232705,-21.896655,71.30,48.36,45.95,false,false,73.37,3.00,88.04,0
1773238465000,64.0818134,-21.897876,64.31,51.44,48.86,false,false,90.08,5.00,64.86,0
1773238468000,64.0818134,-21.897876,22.31,0.00,48.86,true,false,1.16,3.00,1.39,1
1773238471000,64.0813184333333,-21.8992136666667,65.84,55.71,52.92,false,false,75.78,3.00,90.94,0
1773238473000,64.0813184333333,-21.8992136666667,47.77,47.77,45.38,false,false,10.70,2.00,19.26,0
1773238477000,64.0808515833333,-21.9005843333333,66.79,53.32,50.65,false,false,76.98,4.00,69.28,0
1773238480000,64.0804075166667,-21.9019511666667,89.98,60.56,57.53,false,false,85.98,3.00,103.18,0
1773238486000,64.0799803166667,-21.9033135,41.96,41.96,39.86,false,false,86.92,6.00,52.15,0
1773238488000,64.0799803166667,-21.9033135,22.21,0.00,39.86,true,false,3.27,2.00,5.89,1
1773238492000,64.07957475,-21.9046668333333,60.45,60.45,57.43,false,false,72.83,4.00,65.54,0
1773238497000,64.0791778833333,-21.9060315,61.81,58.25,55.34,false,false,85.71,5.00,61.71,0
1773238504000,64.07840985,-21.9088298333333,0.00,0.00,0.00,false,false,80.12,5.00,57.69,0
1773238508000,64.0780433666667,-21.9102518333333,71.04,64.16,60.95,false,false,80.95,4.00,72.85,0
1773238513000,64.0780433666667,-21.9102518333333,4.04,0.00,60.95,true,false,1.73,5.00,1.25,1
1773238517000,64.0776963666667,-21.9116801666667,0.00,0.00,0.00,true,false,0.00,2.00,0.00,1
1773238521000,64.0773554833333,-21.9131213333333,61.48,47.79,45.40,false,false,79.61,4.00,71.65,0
1773238528000,64.0770358666667,-21.9145588333333,0.00,0.00,0.00,true,false,0.00,5.00,0.00,1
1773238531000,64.07673435,-21.9159688333333,59.08,34.34,32.62,false,false,76.26,3.00,91.51,0
1773238533000,64.07673435,-21.9159688333333,44.89,27.47,26.10,false,false,12.97,2.00,23.35,0
1773238539000,64.0761667166667,-21.918812,100.57,51.35,48.78,false,false,146.32,6.00,87.79,0
1773238542000,64.0761667166667,-21.918812,38.66,0.00,48.78,true,false,3.96,3.00,4.75,1
1773238546000,64.0759136333333,-21.9202486666667,53.34,53.34,50.68,false,false,61.66,4.00,55.49,0
1773238550000,64.0756894,-21.9216731666667,66.32,56.97,54.12,false,false,75.84,4.00,68.26,0
1773238553000,64.0755136,-21.9230856666667,80.14,66.90,63.55,false,false,73.31,3.00,87.97,0
1773238555000,64.0755136,-21.9230856666667,51.10,0.00,63.55,true,false,3.32,2.00,5.97,1
1773238559000,64.075387,-21.9245265,53.46,53.46,50.79,false,false,59.79,4.00,53.81,0
1773238561000,64.075387,-21.9245265,32.48,0.00,50.79,true,false,0.96,2.00,1.74,1
1773238563000,64.075387,-21.9245265,0.00,0.00,0.00,true,true,7.99,2.00,14.38,2
1773238568000,64.0753175166667,-21.9259136666667,48.35,33.41,31.74,false,false,59.91,5.00,43.14,0
1773238570000,64.0752916166667,-21.9269101666667,68.03,45.01,42.76,false,false,53.86,2.00,96.94,0
1773238575000,64.0752919166667,-21.9273265,14.67,14.67,13.94,false,false,27.36,5.00,19.70,0
1773238581000,64.0752914666667,-21.9274643333333,2.73,0.00,13.94,true,false,1.25,6.00,0.75,1
1773238585000,64.0752922666667,-21.9274546666667,0.00,0.00,0.00,true,true,1.59,4.00,1.43,2
1773238590000,64.0752921,-21.9274545,0.00,0.00,0.00,true,true,0.15,5.00,0.11,3
1773238592000,64.0752921166667,-21.9274545,0.00,0.00,0.00,true,true,0.01,2.00,0.02,4
1773238594000,64.0752921166667,-21.9274545,0.00,0.00,0.00,true,true,0.00,2.00,0.01,5
1773238598000,64.0752915166667,-21.9275176666667,0.00,0.00,0.00,true,true,3.07,4.00,2.76,6
1773238600000,64.0752915166667,-21.9275176666667,0.00,0.00,0.00,true,true,0.42,2.00,0.76,7
1773238605000,64.0752823833333,-21.9280596666667,21.14,7.07,6.71,false,false,26.48,5.00,19.06,0
1773238609000,64.07526585,-21.9289031666667,36.64,14.93,14.18,false,false,43.29,4.00,38.97,0
1773238611000,64.07526585,-21.9289031666667,23.53,0.00,14.18,true,false,2.22,2.00,4.00,1
1773238613000,64.07524685,-21.9300001666667,48.03,28.99,27.54,false,false,48.47,2.00,87.24,0
1773238616000,64.07524685,-21.9300001666667,26.06,26.06,24.75,false,false,10.73,3.00,12.88,0
1773238620000,64.0752143166667,-21.9312055,44.55,36.75,34.91,false,false,52.44,4.00,47.19,0
1773238626000,64.0751415,-21.9324395,36.51,36.51,34.68,false,false,63.50,6.00,38.10,0
1773238631000,64.0750277166667,-21.933693,45.00,42.18,40.07,false,false,61.71,5.00,44.43,0
1773238633000,64.0748527333333,-21.9349706666667,75.15,44.20,41.99,false,false,65.86,2.00,118.54,0
1773238636000,64.0748527333333,-21.9349706666667,35.39,35.39,33.62,false,false,10.71,3.00,12.86,0
1773238640000,64.07462415,-21.9362005,47.53,45.28,43.01,false,false,54.82,4.00,49.34,0
1773238642000,64.0743852333333,-21.9373083333333,73.12,56.52,53.69,false,false,62.03,2.00,111.65,0
1773238645000,64.0743852333333,-21.9373083333333,34.29,0.00,53.69,true,false,9.70,3.00,11.64,1
1773238648000,64.0742003833333,-21.9381038333333,37.89,37.89,35.99,false,false,33.35,3.00,40.02,0
1773238651000,64.0742003833333,-21.9381038333333,14.70,0.00,35.99,true,false,0.96,3.00,1.16,1
1773238653000,64.0740567,-21.9387358333333,29.02,29.02,27.56,false,false,28.71,2.00,51.67,0
1773238656000,64.0740567,-21.9387358333333,15.27,0.00,27.56,true,false,5.92,3.00,7.11,1
1773238660000,64.0738923,-21.9394508333333,29.79,28.25,26.84,false,false,35.41,4.00,31.87,0
1773238665000,64.0737176166667,-21.9398595,21.06,21.06,20.00,false,false,30.00,5.00,21.60,0
1773238667000,64.0737176166667,-21.9398595,11.92,0.00,20.00,true,false,1.12,2.00,2.01,1
1773238669000,64.07336825,-21.9397141666667,31.19,20.28,19.26,false,false,37.87,2.00,68.16,0
1773238672000,64.0728651166667,-21.9395165,61.69,31.01,29.46,false,false,66.75,3.00,80.09,0
1773238676000,64.0728651166667,-21.9395165,14.56,0.00,29.46,true,false,8.72,4.00,7.85,1
1773238678000,64.0723024666667,-21.9393371666667,48.57,44.14,41.93,false,false,55.45,2.00,99.80,0
1773238681000,64.0723024666667,-21.9393371666667,27.67,27.67,26.29,false,false,12.90,3.00,15.48,0
1773238683000,64.0717248166667,-21.9391638333333,57.99,47.49,45.12,false,false,59.05,2.00,106.29,0
1773238689000,64.0711325333333,-21.9389788333333,44.19,41.17,39.11,false,false,79.04,6.00,47.43,0
1773238693000,64.0705273333333,-21.9387941666667,58.03,55.55,52.77,false,false,66.78,4.00,60.10,0
1773238698000,64.0699102166667,-21.9386065,50.64,48.31,45.89,false,false,71.06,5.00,51.16,0
1773238706000,64.06930075,-21.9384213333333,20.56,20.56,19.53,false,false,67.54,8.00,30.39,0
1773238711000,64.06863025,-21.938217,0.00,0.00,0.00,true,false,0.00,3.00,0.00,1
1773238713000,64.06863025,-21.938217,0.00,0.00,0.00,true,true,0.00,2.00,0.00,2
1773238716000,64.0681337333333,-21.938064,41.65,25.07,23.82,false,false,55.61,3.00,66.74,0
1773238718000,64.0678622,-21.9379706666667,54.29,31.05,29.49,false,false,41.42,2.00,74.56,0
1773238722000,64.0678622,-21.9379706666667,10.48,0.00,29.49,true,false,5.32,4.00,4.79,1
1773238727000,64.0676913,-21.9379156666667,8.20,8.20,7.79,false,false,11.62,5.00,8.36,0
1773238729000,64.0674298333333,-21.9378381666667,26.24,26.24,24.93,false,false,29.04,2.00,52.28,0
1773238733000,64.0674298333333,-21.9378381666667,8.19,0.00,24.93,true,false,6.42,4.00,5.78,1
1773238735000,64.0671895833333,-21.9380063333333,22.61,15.84,15.05,false,false,25.27,2.00,45.49,0
1773238738000,64.0671895833333,-21.9380063333333,12.69,0.00,15.05,true,false,5.80,3.00,6.97,1
1773238744000,64.0664420166667,-21.937653,59.98,29.54,28.06,false,false,82.22,6.00,49.33,0
1773238749000,64.0664420166667,-21.937653,1.64,0.00,28.06,true,false,3.43,5.00,2.47,1
1773238753000,64.0657571833333,-21.9377056666667,55.28,33.50,31.82,false,false,70.61,4.00,63.55,0
1773238759000,64.06453105,-21.938065,0.00,0.00,0.00,false,false,69.36,4.00,62.42,0
1773238762000,64.06453105,-21.938065,23.52,0.00,0.00,true,false,1.03,3.00,1.23,1
1773238764000,64.06453105,-21.938065,0.00,0.00,0.00,true,true,8.39,2.00,15.11,2
1773238768000,64.0639006833333,-21.9382538333333,51.32,38.82,36.88,false,false,64.50,4.00,58.05,0
1773238772000,64.0632672833333,-21.9384541666667,0.00,0.00,0.00,true,false,0.00,2.00,0.00,1
1773238779000,64.0626351333333,-21.938679,0.00,0.00,0.00,true,false,0.00,5.00,0.00,1
1773238784000,64.06200205,-21.9388963333333,54.79,25.63,24.35,false,false,71.06,5.00,51.16,0
1773238789000,64.0607807166667,-21.9396038333333,107.90,50.65,48.12,false,false,144.92,5.00,104.34,0
1773238791000,64.0607807166667,-21.9396038333333,67.26,0.00,48.12,true,false,4.97,2.00,8.95,1
1773238795000,64.0602467,-21.9403386666667,51.66,47.58,45.21,false,false,55.64,4.00,50.08,0
1773238797000,64.0602467,-21.9403386666667,29.75,0.00,45.21,true,false,3.86,2.00,6.95,1
1773238799000,64.0602467,-21.9403386666667,0.00,0.00,0.00,true,true,8.40,2.00,15.12,2
1773238806000,64.0594761,-21.9426125,99.56,43.64,41.45,false,false,132.59,7.00,68.19,0
1773238811000,64.0592564666667,-21.9440426666667,53.67,49.41,46.94,false,false,78.39,5.00,56.44,0
1773238813000,64.0592564666667,-21.9440426666667,28.84,0.00,46.94,true,false,4.82,2.00,8.67,1
1773238816000,64.0591062333333,-21.9455738333333,62.19,53.90,51.20,false,false,67.62,3.00,81.14,0
1773238819000,64.0591062333333,-21.9455738333333,29.53,0.00,51.20,true,false,8.60,3.00,10.31,1
1773238824000,64.0589574166667,-21.9471015,0.00,0.00,0.00,true,false,0.00,3.00,0.00,1
1773238827000,64.0587782833333,-21.9486383333333,60.15,46.42,44.10,false,false,77.29,3.00,92.75,0
1773238832000,64.0585229666667,-21.9501105,63.76,50.44,47.92,false,false,88.13,5.00,63.45,0
1773238836000,64.0582320333333,-21.9515906666667,0.00,0.00,0.00,true,false,0.00,2.00,0.00,1
1773238839000,64.0579321166667,-21.9530886666667,67.86,57.70,54.81,false,false,80.05,3.00,96.06,0
1773238841000,64.0579321166667,-21.9530886666667,47.68,0.00,54.81,true,false,8.49,2.00,15.28,1
1773238845000,64.05763575,-21.9545835,62.63,52.35,49.74,false,false,71.79,4.00,64.61,0
1773238847000,64.05763575,-21.9545835,39.48,0.00,49.74,true,false,2.57,2.00,4.63,1
1773238850000,64.0573486166667,-21.9560698333333,67.66,61.46,58.39,false,false,70.16,3.00,84.20,0
1773238854000,64.05708045,-21.957586,77.03,57.21,54.35,false,false,87.09,4.00,78.38,0
1773238860000,64.05683715,-21.9591451666667,42.18,42.18,40.07,false,false,81.96,6.00,49.18,0
1773238862000,64.05683715,-21.9591451666667,22.96,0.00,40.07,true,false,2.31,2.00,4.15,1
1773238871000,64.0563569833333,-21.9623345,0.00,0.00,0.00,false,false,82.49,7.00,42.42,0
1773238873000,64.0563569833333,-21.9623345,24.74,0.00,0.00,true,false,0.39,2.00,0.70,1
1773238880000,64.05586305,-21.9655881666667,0.00,0.00,0.00,false,false,84.00,5.00,60.48,0
1773238884000,64.0556183833333,-21.9672193333333,74.26,67.19,63.83,false,false,84.59,4.00,76.13,0
1773238892000,64.0553679166667,-21.9688765,21.71,21.71,20.62,false,false,86.98,8.00,39.14,0
1773238894000,64.0553679166667,-21.9688765,11.27,0.00,20.62,true,false,1.72,2.00,3.09,1
1773238897000,64.05511505,-21.970545,67.95,55.50,52.73,false,false,82.26,3.00,98.72,0
1773238901000,64.0548624166667,-21.9722221666667,87.17,58.52,55.60,false,false,100.02,4.00,90.02,0
1773238905000,64.0546180333333,-21.9738468333333,79.09,58.47,55.55,false,false,86.54,4.00,77.89,0
1773238907000,64.0546180333333,-21.9738468333333,46.52,0.00,55.55,true,false,1.20,2.00,2.17,1
1773238913000,64.05435735,-21.9754278333333,40.62,40.62,38.59,false,false,69.91,6.00,41.94,0
1773238917000,64.05407595,-21.9769985,0.00,0.00,0.00,true,false,0.00,2.00,0.00,1
1773238922000,64.05379935,-21.978626,60.59,43.68,41.50,false,false,84.85,5.00,61.09,0
1773238926000,64.05355235,-21.9802763333333,77.34,55.56,52.78,false,false,88.56,4.00,79.71,0
1773238928000,64.05355235,-21.9802763333333,47.83,0.00,52.78,true,false,2.39,2.00,4.30,1
1773238932000,64.0533396,-21.981908,62.70,53.47,50.80,false,false,71.88,4.00,64.69,0
1773238937000,64.0531417333333,-21.9834786666667,58.67,58.67,55.74,false,false,81.89,5.00,58.96,0
1773238941000,64.0529276833333,-21.985003,68.26,61.59,58.51,false,false,77.40,4.00,69.66,0
1773238944000,64.0526981833333,-21.9865213333333,85.59,63.67,60.48,false,false,79.43,3.00,95.32,0
1773238946000,64.0526981833333,-21.9865213333333,54.94,0.00,60.48,true,false,4.02,2.00,7.23,1
1773238949000,64.0524790833333,-21.988041,69.73,66.36,63.04,false,false,65.41,3.00,78.49,0
1773238953000,64.0524790833333,-21.988041,11.97,0.00,63.04,true,false,4.09,4.00,3.68,1
1773238955000,64.05227945,-21.9895255,54.77,54.77,52.03,false,false,66.18,2.00,119.13,0
1773238958000,64.05227945,-21.9895255,32.46,32.46,30.84,false,false,16.19,3.00,19.43,0
1773238964000,64.0521134,-21.9923926666667,0.00,0.00,0.00,false,false,68.76,4.00,61.89,0
1773238966000,64.0521134,-21.9923926666667,37.44,0.00,0.00,true,false,1.02,2.00,1.83,1
1773238970000,64.0521041166667,-21.9936361666667,45.78,45.78,43.49,false,false,52.13,4.00,46.92,0
1773238972000,64.0521041166667,-21.9936361666667,28.51,0.00,43.49,true,false,1.37,2.00,2.47,1
1773238975000,64.0519939666667,-21.9944308333333,36.04,36.04,34.24,false,false,34.29,3.00,41.14,0
1773238977000,64.0519939666667,-21.9944308333333,23.75,0.00,34.24,true,false,2.93,2.00,5.27,1
1773238981000,64.0520702833333,-21.9950696666667,24.14,24.14,22.94,false,false,27.54,4.00,24.78,0
1773238985000,64.0520702833333,-21.9950696666667,4.15,0.00,22.94,true,false,2.41,4.00,2.17,1
1773238988000,64.0518362166667,-21.9954296666667,22.93,20.75,19.71,false,false,30.24,3.00,36.29,0
1773238994000,64.0516172166667,-21.9948465,28.92,8.81,8.37,false,false,39.44,6.00,23.66,0
1773238996000,64.0512502166667,-21.9942006666667,55.91,15.81,15.02,false,false,52.82,2.00,95.07,0
1773238999000,64.0512502166667,-21.9942006666667,27.48,0.00,15.02,true,false,9.68,3.00,11.61,1
1773239001000,64.05085125,-21.993903,43.68,33.07,31.41,false,false,40.36,2.00,72.64,0
1773239005000,64.05085125,-21.993903,11.17,0.00,31.41,true,false,8.02,4.00,7.22,1
1773239007000,64.0505899166667,-21.9934095,28.94,28.94,27.49,false,false,32.09,2.00,57.76,0
1773239009000,64.0505899166667,-21.9934095,22.86,0.00,27.49,true,false,7.38,2.00,13.29,1
1773239012000,64.0502874333333,-21.9926746666667,43.30,36.08,34.27,false,false,46.48,3.00,55.78,0
1773239015000,64.0502874333333,-21.9926746666667,20.53,0.00,34.27,true,false,6.01,3.00,7.22,1
1773239017000,64.0498410166667,-21.9921808333333,46.20,42.04,39.94,false,false,49.49,2.00,89.08,0
1773239020000,64.0498410166667,-21.9921808333333,25.65,25.65,24.37,false,false,11.39,3.00,13.66,0
1773239022000,64.0492627833333,-21.9918121666667,57.98,46.19,43.88,false,false,61.22,2.00,110.20,0
1773239025000,64.0492627833333,-21.9918121666667,32.02,32.02,30.42,false,false,13.83,3.00,16.60,0
1773239028000,64.0487781666667,-21.9915508333333,48.13,48.13,45.72,false,false,48.00,3.00,57.60,0
1773239031000,64.0487781666667,-21.9915508333333,20.93,0.00,45.72,true,false,4.17,3.00,5.00,1
1773239036000,64.0482790833333,-21.9911695,38.60,38.60,36.67,false,false,51.52,5.00,37.09,0
1773239039000,64.0477572333333,-21.9906523333333,64.00,37.41,35.54,false,false,64.99,3.00,77.98,0
1773239043000,64.04722485,-21.9900476666667,0.00,0.00,0.00,true,false,0.00,2.00,0.00,1
1773239048000,64.0467082666667,-21.989488,45.32,32.69,31.06,false,false,63.46,5.00,45.69,0
1773239051000,64.0467082666667,-21.989488,18.09,0.00,31.06,true,false,2.84,3.00,3.41,1
1773239053000,64.0463194333333,-21.9890045,41.72,33.83,32.13,false,false,43.14,2.00,77.64,0
1773239057000,64.0460920833333,-21.9889365,31.91,30.84,29.30,false,false,34.17,4.00,30.76,0
1773239062000,64.0458361166667,-21.9889666666667,19.13,19.13,18.18,false,false,27.59,5.00,19.86,0
1773239064000,64.0458361166667,-21.9889666666667,10.65,0.00,18.18,true,false,1.64,2.00,2.96,1
1773239066000,64.0458361166667,-21.9889666666667,0.00,0.00,0.00,true,true,3.06,2.00,5.50,2
1773239068000,64.0454548833333,-21.9885038333333,30.90,23.80,22.61,false,false,45.89,2.00,82.60,0
1773239072000,64.0449284333333,-21.9881271666667,63.63,32.46,30.84,false,false,75.38,4.00,67.85,0
1773239074000,64.0449284333333,-21.9881271666667,42.50,0.00,30.84,true,false,5.96,2.00,10.73,1
1773239078000,64.04435235,-21.9878536666667,50.53,44.65,42.42,false,false,57.40,4.00,51.66,0
1773239080000,64.04435235,-21.9878536666667,31.42,0.00,42.42,true,false,1.75,2.00,3.15,1
1773239082000,64.0437535666667,-21.987634,60.65,49.85,47.36,false,false,60.07,2.00,108.12,0
1773239085000,64.0437535666667,-21.987634,32.53,32.53,30.91,false,false,13.04,3.00,15.64,0
1773239089000,64.0431448666667,-21.987419,51.57,48.31,45.90,false,false,60.31,4.00,54.28,0
1773239091000,64.0431448666667,-21.987419,33.19,0.00,45.90,true,false,3.08,2.00,5.54,1
1773239093000,64.0425325333333,-21.9871345,63.42,56.87,54.03,false,false,62.41,2.00,112.34,0
1773239097000,64.041913,-21.986731,74.92,50.24,47.73,false,false,84.92,4.00,76.43,0
1773239102000,64.0413066,-21.986214,51.58,51.58,49.00,false,false,73.96,5.00,53.25,0
1773239104000,64.0413066,-21.986214,28.83,0.00,49.00,true,false,2.39,2.00,4.31,1
1773239108000,64.0407299,-21.9855901666667,53.23,53.23,50.57,false,false,62.77,4.00,56.49,0
1773239111000,64.0402160333333,-21.9849373333333,72.22,55.78,52.99,false,false,69.23,3.00,83.07,0
1773239113000,64.0402160333333,-21.9849373333333,47.23,0.00,52.99,true,false,4.52,2.00,8.13,1
1773239118000,64.0397692,-21.98424,34.77,34.77,33.03,false,false,50.01,5.00,36.00,0
1773239120000,64.0397692,-21.98424,19.72,0.00,33.03,true,false,1.49,2.00,2.68,1
1773239124000,64.0394799166667,-21.9837225,30.40,30.40,28.88,false,false,35.36,4.00,31.83,0
1773239126000,64.0394799166667,-21.9837225,19.54,0.00,28.88,true,false,1.75,2.00,3.15,1
1773239130000,64.0391860666667,-21.9836641666667,25.19,25.19,23.93,false,false,29.39,4.00,26.45,0
1773239132000,64.0391860666667,-21.9836641666667,16.31,0.00,23.93,true,false,2.41,2.00,4.34,1
1773239134000,64.0391543333333,-21.9831153333333,20.37,20.37,19.35,false,false,25.94,2.00,46.70,0
1773239137000,64.0394542333333,-21.982668,37.03,14.24,13.52,false,false,46.69,3.00,56.03,0
1773239141000,64.0394542333333,-21.982668,12.10,12.10,11.49,false,false,10.09,4.00,9.08,0
1773239144000,64.0398530333333,-21.9819991666667,43.52,28.25,26.84,false,false,51.11,3.00,61.34,0
1773239147000,64.0398530333333,-21.9819991666667,21.60,0.00,26.84,true,false,7.38,3.00,8.86,1
1773239151000,64.0402457333333,-21.9814363333333,38.89,30.98,29.43,false,false,45.99,4.00,41.39,0
1773239160000,64.04045845,-21.9799405,35.03,27.15,25.80,false,false,78.48,9.00,31.39,0
1773239162000,64.04045845,-21.9799405,20.68,0.00,25.80,true,false,0.94,2.00,1.69,1
1773239164000,64.0405419833333,-21.9793611666667,29.70,26.91,25.57,false,false,25.06,2.00,45.11,0
1773239168000,64.0406908666667,-21.9784886666667,42.97,33.36,31.70,false,false,49.83,4.00,44.85,0
1773239173000,64.04080065,-21.9774105,40.12,33.62,31.94,false,false,55.97,5.00,40.30,0
1773239175000,64.04080065,-21.9774105,23.52,0.00,31.94,true,false,0.66,2.00,1.18,1
1773239177000,64.04080065,-21.9774105,0.00,0.00,0.00,true,true,5.91,2.00,10.63,2
1773239181000,64.0409105,-21.9763003333333,39.51,32.72,31.08,false,false,49.66,4.00,44.69,0
1773239185000,64.04101435,-21.9753533333333,47.62,33.20,31.54,false,false,54.27,4.00,48.84,0
1773239187000,64.04101435,-21.9753533333333,29.44,0.00,31.54,true,false,1.22,2.00,2.20,1
1773239189000,64.04098325,-21.9748295,30.62,30.62,29.09,false,false,19.48,2.00,35.06,0
1773239192000,64.04098325,-21.9748295,12.27,0.00,29.09,true,false,2.87,3.00,3.45,1
1773239194000,64.0410460166667,-21.9742905,22.21,22.21,21.10,false,false,21.84,2.00,39.31,0
1773239196000,64.0410460166667,-21.9742905,16.91,0.00,21.10,true,false,4.66,2.00,8.38,1
1773239199000,64.0411959,-21.9734293333333,38.25,28.74,27.30,false,false,42.73,3.00,51.27,0
1773239202000,64.0411959,-21.9734293333333,18.90,0.00,27.30,true,false,6.33,3.00,7.59,1
1773239205000,64.0413003666667,-21.9723285,44.52,35.10,33.34,false,false,49.77,3.00,59.72,0
1773239208000,64.0414052833333,-21.9712306666667,62.78,39.65,37.67,false,false,61.23,3.00,73.47,0
1773239213000,64.0415113333333,-21.97017,39.44,39.44,37.47,false,false,57.51,5.00,41.41,0
1773239216000,64.0415113333333,-21.97017,12.13,0.00,37.47,true,false,2.39,3.00,2.87,1
1773239220000,64.04161395,-21.9691186666667,37.88,37.88,35.98,false,false,46.27,4.00,41.64,0
1773239224000,64.0417235333333,-21.9680175,51.03,40.74,38.71,false,false,58.87,4.00,52.98,0
1773239228000,64.0418369,-21.966869,52.97,39.18,37.22,false,false,59.17,4.00,53.25,0
1773239231000,64.0418369,-21.966869,19.29,0.00,37.22,true,false,0.29,3.00,0.34,1
1773239233000,64.0419832333333,-21.9657425,46.40,46.40,44.08,false,false,49.31,2.00,88.75,0
1773239238000,64.0421377333333,-21.964686,46.93,44.69,42.46,false,false,65.10,5.00,46.87,0
1773239240000,64.0421377333333,-21.964686,27.93,0.00,42.46,true,false,0.25,2.00,0.44,1
1773239243000,64.04224735,-21.9639215,34.75,34.75,33.02,false,false,32.25,3.00,38.70,0
1773239247000,64.04224735,-21.9639215,5.81,0.00,33.02,true,false,1.80,4.00,1.62,1
1773239251000,64.0422404166667,-21.9633376666667,19.57,19.57,18.59,false,false,24.09,4.00,21.68,0
1773239254000,64.0424281333333,-21.9628503333333,30.75,21.37,20.31,false,false,32.83,3.00,39.40,0
1773239257000,64.0424281333333,-21.9628503333333,13.98,0.00,20.31,true,false,4.22,3.00,5.06,1
1773239260000,64.04256975,-21.9621643333333,29.79,19.64,18.66,false,false,32.63,3.00,39.16,0
1773239262000,64.04256975,-21.9621643333333,21.07,0.00,18.66,true,false,4.09,2.00,7.36,1
1773239266000,64.0427459166667,-21.9611561666667,41.58,28.83,27.39,false,false,49.19,4.00,44.27,0
1773239271000,64.0429398666667,-21.960069,43.78,31.10,29.54,false,false,60.58,5.00,43.62,0
1773239274000,64.0431363833333,-21.9589448333333,61.30,43.57,41.39,false,false,59.04,3.00,70.85,0
1773239277000,64.0431363833333,-21.9589448333333,25.34,0.00,41.39,true,false,3.88,3.00,4.65,1
1773239279000,64.0431363833333,-21.9589448333333,0.00,0.00,0.00,true,true,8.81,2.00,15.85,2
1773239282000,64.0433509,-21.9577088333333,43.70,40.67,38.64,false,false,58.05,3.00,69.67,0
1773239286000,64.0435136166667,-21.9567435,54.64,41.75,39.67,false,false,62.45,4.00,56.20,0
1773239288000,64.0435136166667,-21.9567435,34.08,0.00,39.67,true,false,1.76,2.00,3.17,1
1773239291000,64.0436442,-21.9559591666667,37.57,37.57,35.69,false,false,33.00,3.00,39.61,0
1773239293000,64.0436442,-21.9559591666667,23.73,0.00,35.69,true,false,0.94,2.00,1.69,1
1773239297000,64.0436571666667,-21.9554526666667,17.86,17.86,16.97,false,false,19.22,4.00,17.30,0
1773239300000,64.0436944666667,-21.9550475,21.09,21.09,20.03,false,false,19.15,3.00,22.97,0
1773239302000,64.0436944666667,-21.9550475,13.43,0.00,20.03,true,false,0.85,2.00,1.53,1
1773239308000,64.0438909333333,-21.9552016666667,20.47,9.73,9.24,false,false,24.03,6.00,14.42,0
1773239312000,64.04380895,-21.9557061666667,22.63,4.18,3.97,false,false,27.56,4.00,24.80,0
1773239314000,64.04380895,-21.9557061666667,15.02,0.00,3.97,true,false,3.22,2.00,5.80,1
1773239319000,64.0436070166667,-21.9566843333333,38.23,15.21,14.45,false,false,49.98,5.00,35.99,0
1773239323000,64.04360155,-21.9567198333333,8.34,0.00,14.45,true,false,4.28,4.00,3.85,1
1773239327000,64.04359615,-21.9567166666667,0.00,0.00,0.00,true,true,4.20,4.00,3.78,2
1773239329000,64.04359615,-21.9567166666667,0.00,0.00,0.00,true,true,1.55,2.00,2.79,3
1773239332000,64.0435960166667,-21.9567163333333,0.00,0.00,0.00,true,true,0.43,3.00,0.51,4
1773239336000,64.0435958333333,-21.956716,0.00,0.00,0.00,true,true,0.10,4.00,0.09,5
1773239338000,64.0435958333333,-21.956716,0.00,0.00,0.00,true,true,0.01,2.00,0.02,6
1773239343000,64.0435956666667,-21.956716,0.00,0.00,0.00,true,true,0.02,5.00,0.01,7
1773239345000,64.0435956666667,-21.956716,0.00,0.00,0.00,true,true,0.00,2.00,0.00,8
1773239347000,64.0435957,-21.9567161666667,0.00,0.00,0.00,true,true,0.01,2.00,0.02,9
1773239351000,64.04359575,-21.9567161666667,0.00,0.00,0.00,true,true,0.01,4.00,0.01,10
1773239355000,64.0435956166667,-21.9567163333333,0.00,0.00,0.00,true,true,0.02,4.00,0.01,11
1773239357000,64.0435956166667,-21.9567163333333,0.00,0.00,0.00,true,true,0.00,2.00,0.00,12
1773239361000,64.04359545,-21.9567166666667,0.00,0.00,0.00,true,true,0.03,4.00,0.02,13
1773239363000,64.04359545,-21.9567166666667,0.00,0.00,0.00,true,true,0.00,2.00,0.01,14
1773239365000,64.0435954666667,-21.9567166666667,0.00,0.00,0.00,true,true,0.00,2.00,0.00,15
1773239368000,64.0435954666667,-21.9567166666667,0.00,0.00,0.00,true,true,0.00,3.00,0.00,16
1773239371000,64.0435955,-21.9567166666667,0.00,0.00,0.00,true,true,0.00,3.00,0.00,17
1773239374000,64.0435955,-21.9567166666667,0.00,0.00,0.00,true,true,0.00,3.00,0.00,18
1773239376000,64.0435955333333,-21.9567166666667,0.00,0.00,0.00,true,true,0.00,2.00,0.01,19
1773239381000,64.0435955833333,-21.9567165,0.00,0.00,0.00,true,true,0.01,5.00,0.01,20
1773239385000,64.0435956333333,-21.9567165,0.00,0.00,0.00,true,true,0.01,4.00,0.01,21
1773239387000,64.0435956333333,-21.9567165,0.00,0.00,0.00,true,true,0.00,2.00,0.00,22
1773239391000,64.0435957,-21.9567165,0.00,0.00,0.00,true,true,0.01,4.00,0.01,23
1773239393000,64.0435957,-21.9567165,0.00,0.00,0.00,true,true,0.00,2.00,0.00,24
1773239397000,64.04359575,-21.9567165,0.00,0.00,0.00,true,true,0.01,4.00,0.01,25
1773239402000,64.0435958,-21.9567166666667,0.00,0.00,0.00,true,true,0.01,5.00,0.01,26
1773239410000,64.0435958666667,-21.9567168333333,0.00,0.00,0.00,true,true,0.01,8.00,0.01,27
1773239415000,64.043596,-21.956717,0.00,0.00,0.00,true,true,0.02,5.00,0.01,28
1773239417000,64.043596,-21.956717,0.00,0.00,0.00,true,true,0.00,2.00,0.00,29
1773239422000,64.0435960666667,-21.956717,0.00,0.00,0.00,true,true,0.01,5.00,0.01,30
1773239428000,64.0435961166667,-21.956717,0.00,0.00,0.00,true,true,0.01,6.00,0.00,31
1773239440000,64.0435962,-21.956717,0.00,0.00,0.00,true,true,0.01,12.00,0.00,32
1773239445000,64.0435962,-21.9567168333333,0.00,0.00,0.00,true,true,0.01,5.00,0.01,33
1773239447000,64.0435962,-21.9567168333333,0.00,0.00,0.00,true,true,0.00,2.00,0.00,34
1773239450000,64.0435962166667,-21.9567168333333,0.00,0.00,0.00,true,true,0.00,3.00,0.00,35
1773239454000,64.0435962333333,-21.9567168333333,0.00,0.00,0.00,true,true,0.00,4.00,0.00,36
1773239456000,64.0435962333333,-21.9567168333333,0.00,0.00,0.00,true,true,0.00,2.00,0.00,37
1773239459000,64.04359625,-21.9567168333333,0.00,0.00,0.00,true,true,0.00,3.00,0.00,38
1773239463000,64.0435963,-21.9567168333333,0.00,0.00,0.00,true,true,0.01,4.00,0.01,39
1773239465000,64.0435963,-21.9567168333333,0.00,0.00,0.00,true,true,0.00,2.00,0.00,40
1773239467000,64.0435963,-21.9567168333333,0.00,0.00,0.00,true,true,0.00,2.00,0.00,41
1773239469000,64.04359635,-21.9567168333333,0.00,0.00,0.00,true,true,0.01,2.00,0.01,42
1773239473000,64.04359635,-21.9567168333333,0.00,0.00,0.00,true,true,0.00,4.00,0.00,43
1773239475000,64.0435964166667,-21.9567168333333,0.00,0.00,0.00,true,true,0.01,2.00,0.01,44
1773239477000,64.0435964166667,-21.9567168333333,0.00,0.00,0.00,true,true,0.00,2.00,0.00,45
1773239480000,64.0435964833333,-21.9567168333333,0.00,0.00,0.00,true,true,0.01,3.00,0.01,46
1773239487000,64.0435965166667,-21.9567168333333,0.00,0.00,0.00,true,true,0.01,7.00,0.00,47
1773239490000,64.0435965166667,-21.9567168333333,0.00,0.00,0.00,true,true,0.00,3.00,0.00,48
1773239492000,64.0435965166667,-21.9567168333333,0.00,0.00,0.00,true,true,0.00,2.00,0.00,49
1773239496000,64.0435965166667,-21.9567168333333,0.00,0.00,0.00,true,true,0.00,4.00,0.00,50
1773239501000,64.0435965166667,-21.9567168333333,0.00,0.00,0.00,true,true,0.00,5.00,0.00,51
1773239504000,64.0435965166667,-21.9567168333333,0.00,0.00,0.00,true,true,0.00,3.00,0.00,52
1773239507000,64.0435965166667,-21.9567168333333,0.00,0.00,0.00,true,true,0.00,3.00,0.00,53
1773239512000,64.0435965166667,-21.9567168333333,0.00,0.00,0.00,true,true,0.00,5.00,0.00,54
1773239516000,64.0435992666667,-21.9567216666667,0.00,0.00,0.00,true,true,0.39,4.00,0.35,55
1773239519000,64.04360225,-21.956727,0.00,0.00,0.00,true,true,0.46,3.00,0.56,56
1773239523000,64.04360225,-21.956727,0.00,0.00,0.00,true,true,0.08,4.00,0.07,57
1773239525000,64.0436028,-21.9567305,0.00,0.00,0.00,true,true,0.19,2.00,0.34,58
1773239527000,64.0436028,-21.9567305,0.00,0.00,0.00,true,true,0.05,2.00,0.09,59
1773239529000,64.0436019333333,-21.9567336666667,0.00,0.00,0.00,true,true,0.19,2.00,0.34,60
1773239531000,64.0436019333333,-21.9567336666667,0.00,0.00,0.00,true,true,0.06,2.00,0.11,61
1773239537000,64.0436012333333,-21.9567365,0.00,0.00,0.00,true,true,0.18,6.00,0.11,62
1773239540000,64.0435989166667,-21.9567368333333,0.00,0.00,0.00,true,true,0.26,3.00,0.32,63
1773239544000,64.0435957333333,-21.956738,0.00,0.00,0.00,true,true,0.40,4.00,0.36,64
1773239546000,64.0435957333333,-21.956738,0.00,0.00,0.00,true,true,0.05,2.00,0.09,65
1773239548000,64.0435957333333,-21.956738,0.00,0.00,0.00,true,true,0.01,2.00,0.02,66
1773239552000,64.04359275,-21.956743,0.00,0.00,0.00,true,true,0.41,4.00,0.37,67
1773239554000,64.04359275,-21.956743,0.00,0.00,0.00,true,true,0.06,2.00,0.10,68
1773239557000,64.0435895333333,-21.9567471666667,0.00,0.00,0.00,true,true,0.43,3.00,0.51,69
1773239560000,64.0435894166667,-21.9567471666667,0.00,0.00,0.00,true,true,0.10,3.00,0.12,70
1773239562000,64.0435894166667,-21.9567471666667,0.00,0.00,0.00,true,true,0.02,2.00,0.03,71
1773239566000,64.0435892833333,-21.9567471666667,0.00,0.00,0.00,true,true,0.02,4.00,0.02,72
1773239568000,64.0435892833333,-21.9567471666667,0.00,0.00,0.00,true,true,0.00,2.00,0.00,73
1773239573000,64.0435891333333,-21.956747,0.00,0.00,0.00,true,true,0.02,5.00,0.01,74
1773239575000,64.0435891333333,-21.956747,0.00,0.00,0.00,true,true,0.00,2.00,0.00,75
1773239578000,64.0435890166667,-21.956747,0.00,0.00,0.00,true,true,0.01,3.00,0.02,76
1773239582000,64.0435889333333,-21.956747,0.00,0.00,0.00,true,true,0.01,4.00,0.01,77
1773239584000,64.0435889333333,-21.956747,0.00,0.00,0.00,true,true,0.00,2.00,0.00,78
1773239588000,64.0435888666667,-21.9567471666667,0.00,0.00,0.00,true,true,0.01,4.00,0.01,79
1773239590000,64.0435888666667,-21.9567471666667,0.00,0.00,0.00,true,true,0.00,2.00,0.00,80
1773239593000,64.0435888333333,-21.9567471666667,0.00,0.00,0.00,true,true,0.00,3.00,0.00,81
1773239598000,64.0435888,-21.9567471666667,0.00,0.00,0.00,true,true,0.00,5.00,0.00,82
1773239601000,64.0435887833333,-21.9567471666667,0.00,0.00,0.00,true,true,0.00,3.00,0.00,83
1773239606000,64.0435887666667,-21.9567471666667,0.00,0.00,0.00,true,true,0.00,5.00,0.00,84
1773239608000,64.0435887666667,-21.9567471666667,0.00,0.00,0.00,true,true,0.00,2.00,0.00,85
1773239612000,64.04356095,-21.9568333333333,0.00,0.00,0.00,true,true,5.20,4.00,4.68,86
1773239616000,64.0434665166667,-21.9572916666667,19.78,5.96,5.66,false,false,25.27,4.00,22.75,0
1773239622000,64.0433301,-21.958058,27.44,12.00,11.40,false,false,43.16,6.00,25.90,0
1773239627000,64.0433301,-21.958058,1.56,0.00,11.40,true,false,0.51,5.00,0.37,1
1773239629000,64.0431380166667,-21.9591856666667,40.63,22.08,20.98,false,false,56.16,2.00,101.09,0
1773239631000,64.0431380166667,-21.9591856666667,35.21,23.45,22.28,false,false,14.89,2.00,26.80,0
1773239635000,64.04296395,-21.9602141666667,44.90,28.96,27.51,false,false,51.31,4.00,46.18,0
1773239637000,64.04296395,-21.9602141666667,28.22,0.00,27.51,true,false,1.67,2.00,3.01,1
1773239641000,64.0427803,-21.9612928333333,42.94,42.94,40.79,false,false,49.89,4.00,44.90,0
1773239643000,64.0426004333333,-21.9623365,66.69,42.32,40.21,false,false,56.98,2.00,102.56,0
1773239645000,64.0426004333333,-21.9623365,47.47,0.00,40.21,true,false,9.03,2.00,16.26,1
1773239648000,64.0424668833333,-21.9630575,39.91,39.91,37.92,false,false,29.48,3.00,35.38,0
1773239652000,64.0424668833333,-21.9630575,3.28,0.00,37.92,true,false,2.18,4.00,1.96,1
1773239654000,64.0425222166667,-21.9635198333333,14.90,14.90,14.15,false,false,18.94,2.00,34.10,0
1773239657000,64.04271795,-21.9638451666667,28.67,19.18,18.22,false,false,31.41,3.00,37.69,0
1773239659000,64.04271795,-21.9638451666667,20.47,0.00,18.22,true,false,4.40,2.00,7.93,1
1773239663000,64.0430282333333,-21.9641521666667,29.72,19.70,18.71,false,false,34.56,4.00,31.10,0
1773239665000,64.0430282333333,-21.9641521666667,19.19,0.00,18.71,true,false,2.15,2.00,3.88,1
1773239669000,64.0434094333333,-21.96451,35.39,26.35,25.03,false,false,41.73,4.00,37.56,0
1773239671000,64.0434094333333,-21.96451,23.24,0.00,25.03,true,false,2.72,2.00,4.89,1
1773239677000,64.0434857333333,-21.964877,10.46,10.46,9.94,false,false,16.68,6.00,10.01,0
1773239680000,64.0433652833333,-21.9654821666667,29.37,15.84,15.05,false,false,33.15,3.00,39.78,0
1773239682000,64.0433652833333,-21.9654821666667,20.76,0.00,15.05,true,false,4.19,2.00,7.55,1
1773239684000,64.0433240333333,-21.966045,29.15,18.07,17.17,false,false,24.45,2.00,44.02,0
1773239688000,64.0433240333333,-21.966045,6.63,0.00,17.17,true,false,4.35,4.00,3.92,1
1773239690000,64.04326265,-21.9666866666667,24.01,24.01,22.81,false,false,27.96,2.00,50.33,0
1773239692000,64.0432199833333,-21.9671075,33.79,24.22,23.01,false,false,27.64,2.00,49.75,0
1773239699000,64.0431906333333,-21.9674311666667,0.32,0.32,0.31,false,false,20.45,7.00,10.52,0
1773239702000,64.0431914333333,-21.9674323333333,1.35,0.00,0.31,true,false,1.66,3.00,1.99,1
1773239705000,64.0431914333333,-21.9674323333333,0.00,0.00,0.00,true,true,0.26,3.00,0.31,2
1773239709000,64.0431916333333,-21.9674318333333,0.00,0.00,0.00,true,true,0.14,4.00,0.12,3
1773239711000,64.04319185,-21.9674311666667,0.00,0.00,0.00,true,true,0.03,2.00,0.05,4
1773239717000,64.0431918333333,-21.9674311666667,0.00,0.00,0.00,true,true,0.01,6.00,0.00,5
1773239720000,64.0431918333333,-21.9674311666667,0.00,0.00,0.00,true,true,0.00,3.00,0.00,6
1773239724000,64.0431919166667,-21.9674308333333,0.00,0.00,0.00,true,true,0.02,4.00,0.02,7
1773239726000,64.04318665,-21.9674785,0.00,0.00,0.00,true,true,2.39,2.00,4.30,8
1773239729000,64.04318665,-21.9674785,0.00,0.00,0.00,true,true,0.65,3.00,0.78,9
1773239732000,64.0431334,-21.9679976666667,19.68,6.80,6.46,false,false,26.05,3.00,31.26,0
1773239735000,64.0431334,-21.9679976666667,11.09,0.00,6.46,true,false,5.05,3.00,6.06,1
1773239737000,64.0430200666667,-21.9691156666667,44.15,23.32,22.15,false,false,53.59,2.00,96.45,0
1773239739000,64.0430200666667,-21.9691156666667,36.82,22.65,21.52,false,false,13.67,2.00,24.61,0
1773239742000,64.0429201833333,-21.970055,46.48,35.68,33.90,false,false,43.58,3.00,52.30,0
1773239748000,64.0429060166667,-21.9706495,11.68,11.68,11.09,false,false,31.68,6.00,19.01,0
1773239750000,64.0429060166667,-21.9706495,5.29,0.00,11.09,true,false,2.47,2.00,4.45,1
1773239754000,64.0428218333333,-21.9714653333333,31.14,24.66,23.43,false,false,38.52,4.00,34.67,0
1773239757000,64.0427240666667,-21.9724621666667,52.49,33.23,31.57,false,false,53.88,3.00,64.65,0
1773239760000,64.0427240666667,-21.9724621666667,23.12,0.00,31.57,true,false,5.03,3.00,6.03,1
1773239763000,64.0426253,-21.9734185,39.14,33.20,31.54,false,false,40.41,3.00,48.49,0
1773239765000,64.0426253,-21.9734185,26.80,0.00,31.54,true,false,4.05,2.00,7.29,1
1773239767000,64.0425273666667,-21.9743396666667,44.43,39.79,37.80,false,false,40.98,2.00,73.76,0
1773239769000,64.0425273666667,-21.9743396666667,33.45,0.00,37.80,true,false,8.16,2.00,14.69,1
1773239772000,64.0424817333333,-21.9748343333333,27.00,27.00,25.65,false,false,19.25,3.00,23.10,0
1773239776000,64.0424790833333,-21.9748491666667,2.46,0.00,25.65,true,false,1.13,4.00,1.02,1
1773239783000,64.0424807166667,-21.9748388333333,0.00,0.00,0.00,true,true,4.50,7.00,2.31,2
1773239787000,64.0424766666667,-21.9748866666667,0.00,0.00,0.00,true,true,2.06,4.00,1.86,3
1773239790000,64.0424365,-21.975292,15.73,8.13,7.73,false,false,20.42,3.00,24.50,0
1773239794000,64.0424365,-21.975292,4.83,0.00,7.73,true,false,3.59,4.00,3.24,1
1773239800000,64.0423858,-21.9773375,72.33,18.23,17.32,false,false,97.89,6.00,58.74,0
1773239802000,64.0423858,-21.9773375,45.61,0.00,17.32,true,false,4.44,2.00,7.99,1
1773239806000,64.0424730833333,-21.978072,27.52,27.52,26.14,false,false,28.37,4.00,25.53,0
1773239808000,64.0424730833333,-21.978072,14.90,0.00,26.14,true,false,3.43,2.00,6.17,1
1773239811000,64.0426347333333,-21.9781718333333,16.01,16.01,15.21,false,false,17.20,3.00,20.64,0
1773239813000,64.0426347333333,-21.9781718333333,11.17,0.00,15.21,true,false,3.43,2.00,6.17,1
1773239817000,64.0427931666667,-21.9780381666667,15.23,13.61,12.93,false,false,17.77,4.00,15.99,0
1773239820000,64.0431616166667,-21.977868,37.93,19.85,18.86,false,false,42.49,3.00,50.98,0
1773239822000,64.0431616166667,-21.977868,26.96,0.00,18.86,true,false,5.44,2.00,9.79,1
1773239826000,64.0435025333333,-21.9779566666667,29.97,23.29,22.13,false,false,34.03,4.00,30.62,0
1773239829000,64.0435872666667,-21.9780005,18.94,18.94,17.99,false,false,10.73,3.00,12.88,0
1773239831000,64.04358435,-21.9779993333333,9.55,0.00,17.99,true,false,2.99,2.00,5.39,1
1773239833000,64.04358435,-21.9779993333333,0.00,0.00,0.00,true,true,3.83,2.00,6.90,2
1773239835000,64.04358435,-21.9779993333333,0.00,0.00,0.00,true,true,2.84,2.00,5.12,3
1773239841000,64.0436048833333,-21.978008,0.00,0.00,0.00,true,true,1.41,6.00,0.84,4
1773239843000,64.0438530166667,-21.978135,20.68,7.78,7.39,false,false,28.31,2.00,50.95,0
1773239848000,64.0442043333333,-21.9783183333333,35.50,14.96,14.22,false,false,47.38,5.00,34.11,0
1773239850000,64.0442043333333,-21.9783183333333,22.21,0.00,14.22,true,false,1.54,2.00,2.78,1
1773239855000,64.0445083333333,-21.9784446666667,21.16,18.90,17.96,false,false,29.52,5.00,21.25,0
1773239858000,64.04472615,-21.9782996666667,26.40,26.40,25.08,false,false,25.15,3.00,30.18,0
1773239861000,64.04472615,-21.9782996666667,10.81,0.00,25.08,true,false,2.10,3.00,2.52,1
1773239863000,64.0449245666667,-21.9786098333333,21.08,19.52,18.54,false,false,23.83,2.00,42.90,0
1773239867000,64.0449245666667,-21.9786098333333,7.05,0.00,18.54,true,false,6.04,4.00,5.44,1
1773239870000,64.0453897333333,-21.9790456666667,43.17,24.55,23.32,false,false,53.32,3.00,63.99,0
1773239873000,64.0453897333333,-21.9790456666667,22.44,0.00,23.32,true,false,8.65,3.00,10.38,1
1773239881000,64.0456126,-21.979207,2.92,2.92,2.78,false,false,20.81,8.00,9.37,0
1773239883000,64.04561285,-21.9792065,1.40,0.00,2.78,true,false,0.67,2.00,1.21,1
1773239887000,64.0456129333333,-21.9792063333333,0.00,0.00,0.00,true,true,0.55,4.00,0.50,2
1773239894000,64.0456128833333,-21.979206,0.00,0.00,0.00,true,true,0.26,7.00,0.13,3
1773239898000,64.04561255,-21.9792066666667,0.00,0.00,0.00,true,true,0.06,4.00,0.05,4
1773239903000,64.0456367333333,-21.9792241666667,0.00,0.00,0.00,true,true,2.81,5.00,2.02,5
1773239907000,64.0456367333333,-21.9792241666667,0.00,0.00,0.00,true,true,0.21,4.00,0.19,6
1773239912000,64.0458703666667,-21.9793866666667,21.02,4.31,4.10,false,false,27.13,5.00,19.54,0
1773239915000,64.0462023,-21.9796126666667,38.86,11.74,11.15,false,false,40.47,3.00,48.56,0
1773239918000,64.0462023,-21.9796126666667,17.19,0.00,11.15,true,false,3.94,3.00,4.73,1
1773239921000,64.0464672,-21.9797748333333,25.38,19.23,18.27,false,false,25.14,3.00,30.17,0
1773239925000,64.0468509666667,-21.9800378333333,39.80,28.14,26.73,false,false,46.54,4.00,41.88,0
1773239927000,64.0468509666667,-21.9800378333333,25.54,0.00,26.73,true,false,2.29,2.00,4.13,1
1773239933000,64.0471074833333,-21.9800683333333,11.11,11.11,10.55,false,false,23.30,6.00,13.98,0
1773239936000,64.04730715,-21.980158,20.42,20.42,19.39,false,false,21.53,3.00,25.83,0
1773239938000,64.04730715,-21.980158,13.90,0.00,19.39,true,false,2.27,2.00,4.08,1
1773239940000,64.0476033166667,-21.9804743333333,31.41,20.71,19.68,false,false,33.94,2.00,61.09,0
1773239942000,64.0476033166667,-21.9804743333333,25.23,0.00,19.68,true,false,8.27,2.00,14.88,1
1773239947000,64.0480057166667,-21.9806993333333,31.71,26.87,25.53,false,false,42.96,5.00,30.93,0
1773239949000,64.04821105,-21.9808121666667,36.52,29.20,27.74,false,false,24.22,2.00,43.60,0
1773239951000,64.04821105,-21.9808121666667,23.66,0.00,27.74,true,false,1.74,2.00,3.14,1
1773239953000,64.0483462833333,-21.9808808333333,0.00,0.00,0.00,true,true,9.78,2.00,17.61,2
1773239958000,64.0483419666667,-21.9808803333333,0.00,0.00,0.00,true,true,1.54,5.00,1.11,3
1773239962000,64.0483419666667,-21.9808803333333,0.00,0.00,0.00,true,true,0.14,4.00,0.13,4
1773239966000,64.0483419166667,-21.9808801666667,0.00,0.00,0.00,true,true,0.02,4.00,0.02,5
1773239968000,64.0483802666667,-21.9808993333333,0.00,0.00,0.00,true,true,4.35,2.00,7.84,6
1773239970000,64.0483802666667,-21.9808993333333,0.00,0.00,0.00,true,true,1.18,2.00,2.12,7
1773239973000,64.04864025,-21.9810271666667,22.41,8.14,7.74,false,false,29.88,3.00,35.85,0
1773239976000,64.04864025,-21.9810271666667,13.12,0.00,7.74,true,false,6.39,3.00,7.66,1
1773239981000,64.0490752,-21.9812591666667,35.90,20.06,19.06,false,false,47.18,5.00,33.97,0
1773239985000,64.0493227666667,-21.9813128333333,28.06,22.60,21.47,false,false,29.92,4.00,26.93,0
1773239987000,64.0493227666667,-21.9813128333333,16.00,0.00,21.47,true,false,1.21,2.00,2.18,1
1773239991000,64.0495072666667,-21.9812513333333,14.87,14.87,14.12,false,false,16.46,4.00,14.82,0
1773239993000,64.0495072666667,-21.9812513333333,8.91,0.00,14.12,true,false,0.76,2.00,1.36,1
1773239996000,64.0494860333333,-21.9816753333333,14.95,11.99,11.39,false,false,21.33,3.00,25.60,0
1773239998000,64.0494860333333,-21.9816753333333,12.54,0.00,11.39,true,false,5.22,2.00,9.40,1
1773240002000,64.0492803166667,-21.9822145,28.59,10.59,10.06,false,false,34.40,4.00,30.96,0
1773240007000,64.0490110166667,-21.983184,43.37,24.53,23.31,false,false,58.71,5.00,42.27,0
1773240011000,64.0490110166667,-21.983184,6.70,0.00,23.31,true,false,1.52,4.00,1.37,1
1773240013000,64.0490038166667,-21.9835571666667,13.46,13.46,12.78,false,false,13.99,2.00,25.19,0
1773240017000,64.04927495,-21.9838163333333,28.32,20.23,19.22,false,false,34.80,4.00,31.32,0
1773240020000,64.04927495,-21.9838163333333,13.17,0.00,19.22,true,false,4.17,3.00,5.00,1
1773240022000,64.0495703333333,-21.9841125,30.66,18.45,17.53,false,false,32.27,2.00,58.09,0
1773240026000,64.0495703333333,-21.9841125,9.22,0.00,17.53,true,false,7.11,4.00,6.40,1
1773240031000,64.0499246333333,-21.984403,28.88,22.07,20.97,false,false,38.13,5.00,27.45,0
1773240035000,64.0502872333333,-21.9841278333333,37.56,22.72,21.58,false,false,43.98,4.00,39.58,0
1773240037000,64.0504961166667,-21.9833385,52.77,29.17,27.71,false,false,47.74,2.00,85.92,0
1773240041000,64.0504961166667,-21.9833385,13.05,0.00,27.71,true,false,9.77,4.00,8.79,1
1773240043000,64.0506288166667,-21.982286,42.22,31.23,29.67,false,false,48.21,2.00,86.77,0
1773240048000,64.0506624666667,-21.9820005,15.81,15.81,15.02,false,false,25.56,5.00,18.40,0
1773240050000,64.0506624666667,-21.9820005,7.33,0.00,15.02,true,false,2.82,2.00,5.08,1
1773240053000,64.0506595833333,-21.9820191666667,0.00,0.00,0.00,true,true,4.01,3.00,4.81,2
1773240057000,64.0506600666667,-21.9820221666667,0.00,0.00,0.00,true,true,2.16,4.00,1.94,3
1773240059000,64.0506600666667,-21.9820221666667,0.00,0.00,0.00,true,true,0.27,2.00,0.49,4
1773240064000,64.0506692166667,-21.9819576666667,0.00,0.00,0.00,true,true,3.22,5.00,2.32,5
1773240066000,64.0506692166667,-21.9819576666667,0.00,0.00,0.00,true,true,0.27,2.00,0.49,6
1773240068000,64.0507334666667,-21.9814041666667,19.44,7.45,7.08,false,false,27.90,2.00,50.22,0
1773240071000,64.0507334666667,-21.9814041666667,13.57,0.00,7.08,true,false,8.38,3.00,10.06,1
1773240073000,64.0507334666667,-21.9814041666667,0.00,0.00,0.00,true,true,1.66,2.00,2.99,2
1773240079000,64.0510427666667,-21.9799188333333,60.63,25.81,24.52,false,false,77.29,6.00,46.37,0
1773240083000,64.0513375,-21.9797066666667,35.58,28.03,26.63,false,false,37.44,4.00,33.69,0
1773240088000,64.0515324833333,-21.9797706666667,16.81,16.81,15.97,false,false,23.71,5.00,17.07,0
1773240092000,64.0516352,-21.9798453333333,11.28,11.28,10.72,false,false,11.64,4.00,10.48,0
1773240096000,64.05163425,-21.9798548333333,1.07,0.00,10.72,true,false,0.86,4.00,0.78,1
1773240098000,64.05163425,-21.9798548333333,0.00,0.00,0.00,true,true,1.52,2.00,2.73,2
1773240102000,64.05163425,-21.9798548333333,0.00,0.00,0.00,true,true,0.56,4.00,0.50,3
1773240104000,64.05163425,-21.9798548333333,0.00,0.00,0.00,true,true,0.07,2.00,0.13,4
1773240106000,64.0516619666667,-21.9798786666667,0.00,0.00,0.00,true,true,3.27,2.00,5.88,5
1773240108000,64.0516619666667,-21.9798786666667,0.00,0.00,0.00,true,true,1.00,2.00,1.80,6
1773240113000,64.0518704833333,-21.9799116666667,19.06,6.34,6.02,false,false,23.51,5.00,16.92,0
1773240117000,64.05209535,-21.9792896666667,33.22,13.96,13.27,false,false,40.48,4.00,36.43,0
1773240119000,64.05209535,-21.9792896666667,22.09,0.00,13.27,true,false,3.63,2.00,6.53,1
1773240121000,64.0522967666667,-21.9779818333333,56.90,27.89,26.49,false,false,63.91,2.00,115.05,0
1773240129000,64.0524678666667,-21.9768653333333,19.82,19.82,18.83,false,false,73.45,8.00,33.05,0
1773240133000,64.0526252833333,-21.975818,43.76,38.90,36.96,false,false,52.51,4.00,47.26,0
1773240137000,64.0527083833333,-21.9752566666667,30.93,30.93,29.38,false,false,32.27,4.00,29.04,0
1773240141000,64.0527884333333,-21.9746326666667,27.29,27.29,25.93,false,false,29.73,4.00,26.76,0
1773240143000,64.0527740833333,-21.9741123333333,33.74,32.01,30.41,false,false,24.91,2.00,44.83,0
1773240149000,64.0527740833333,-21.9741123333333,7.98,0.00,30.41,true,false,3.27,6.00,1.96,1
1773240152000,64.0530205333333,-21.973162,36.88,25.86,24.57,false,false,51.00,3.00,61.20,0
1773240156000,64.0531788833333,-21.9721035,54.85,30.71,29.18,false,false,63.99,4.00,57.59,0
1773240163000,64.0532899666667,-21.9711401666667,15.77,15.77,14.98,false,false,51.41,7.00,26.44,0
1773240165000,64.0532949,-21.9711105,9.03,0.00,14.98,true,false,0.38,2.00,0.68,1
1773240167000,64.0532949,-21.9711105,0.00,0.00,0.00,true,true,2.30,2.00,4.14,2
1773240169000,64.0532949,-21.9711105,0.00,0.00,0.00,true,true,2.13,2.00,3.83,3
1773240171000,64.0532927,-21.9711065,0.00,0.00,0.00,true,true,0.54,2.00,0.98,4
1773240174000,64.0532926666667,-21.9711063333333,0.00,0.00,0.00,true,true,0.17,3.00,0.20,5
1773240178000,64.0532926666667,-21.9711063333333,0.00,0.00,0.00,true,true,0.04,4.00,0.03,6
1773240184000,64.0532926833333,-21.9711065,0.00,0.00,0.00,true,true,0.01,6.00,0.01,7
1773240186000,64.0532926833333,-21.9711065,0.00,0.00,0.00,true,true,0.00,2.00,0.00,8
1773240190000,64.0532927166667,-21.9711063333333,0.00,0.00,0.00,true,true,0.01,4.00,0.01,9
1773240195000,64.0533084833333,-21.9710455,0.00,0.00,0.00,true,true,3.44,5.00,2.47,10
1773240198000,64.0534120833333,-21.9705926666667,19.50,5.09,4.84,false,false,25.09,3.00,30.11,0
1773240202000,64.0534594666667,-21.9702831666667,18.34,8.83,8.39,false,false,20.21,4.00,18.19,0
1773240204000,64.0534594666667,-21.9702831666667,10.89,0.00,8.39,true,false,0.34,2.00,0.61,1
1773240208000,64.0534581666667,-21.9702185,0.00,0.00,0.00,true,true,1.39,4.00,1.25,2
1773240215000,64.0534574,-21.9696386666667,19.20,12.68,12.04,false,false,26.77,7.00,13.77,0
1773240217000,64.0534574,-21.9696386666667,11.84,0.00,12.04,true,false,0.88,2.00,1.59,1
1773240219000,64.0536743,-21.9689053333333,35.43,15.07,14.32,false,false,41.00,2.00,73.79,0
1773240224000,64.0538926,-21.967994,44.65,21.84,20.75,false,false,60.73,5.00,43.72,0
1773240226000,64.0538926,-21.967994,27.27,0.00,20.75,true,false,1.01,2.00,1.82,1
1773240230000,64.0541889166667,-21.9672885,36.01,33.68,31.99,false,false,41.42,4.00,37.28,0
1773240233000,64.0543371166667,-21.9667778333333,36.77,36.77,34.93,false,false,31.13,3.00,37.35,0
1773240235000,64.0543371166667,-21.9667778333333,22.61,0.00,34.93,true,false,0.85,2.00,1.53,1
1773240240000,64.0545184333333,-21.966373,15.43,15.43,14.66,false,false,22.40,5.00,16.13,0
1773240242000,64.0545184333333,-21.966373,8.64,0.00,14.66,true,false,0.87,2.00,1.56,1
1773240245000,64.0548775166667,-21.9659806666667,34.92,23.89,22.70,false,false,41.87,3.00,50.24,0
1773240248000,64.0553418333333,-21.9655593333333,60.10,30.35,28.84,false,false,62.46,3.00,74.96,0
1773240253000,64.0553418333333,-21.9655593333333,0.62,0.00,28.84,true,false,6.48,5.00,4.66,1
1773240257000,64.0559922166667,-21.965386,52.27,36.16,34.35,false,false,66.73,4.00,60.06,0
1773240259000,64.0559922166667,-21.965386,36.68,0.00,34.35,true,false,7.49,2.00,13.49,1
1773240261000,64.0561985,-21.9654373333333,34.33,33.58,31.90,false,false,17.38,2.00,31.28,0
1773240263000,64.0561985,-21.9654373333333,20.93,0.00,31.90,true,false,1.75,2.00,3.15,1
1773240267000,64.05650795,-21.9654613333333,24.75,24.75,23.52,false,false,28.04,4.00,25.23,0
1773240270000,64.05650795,-21.9654613333333,9.50,0.00,23.52,true,false,0.68,3.00,0.82,1
1773240272000,64.0570848333333,-21.9652975,48.39,33.67,31.98,false,false,60.98,2.00,109.76,0
1773240275000,64.0570848333333,-21.9652975,30.01,25.40,24.13,false,false,15.93,3.00,19.11,0
1773240279000,64.05747465,-21.9651256666667,34.44,32.11,30.50,false,false,38.99,4.00,35.09,0
1773240283000,64.0580469833333,-21.9648358333333,56.01,39.11,37.15,false,false,65.80,4.00,59.22,0
1773240285000,64.0580469833333,-21.9648358333333,35.89,0.00,37.15,true,false,3.22,2.00,5.79,1
1773240289000,64.0585784833333,-21.9645768333333,46.14,35.95,34.15,false,false,52.78,4.00,47.50,0
1773240291000,64.0585784833333,-21.9645768333333,28.97,0.00,34.15,true,false,1.70,2.00,3.06,1
1773240294000,64.0591005666667,-21.9643215,50.61,44.39,42.17,false,false,52.74,3.00,63.29,0
1773240298000,64.0595748833333,-21.964094,53.30,41.68,39.60,false,false,59.65,4.00,53.68,0
1773240300000,64.0595748833333,-21.964094,32.32,0.00,39.60,true,false,0.43,2.00,0.78,1
1773240304000,64.0599753166667,-21.9638918333333,33.65,33.65,31.97,false,false,37.59,4.00,33.83,0
1773240308000,64.0602588333333,-21.963646,30.87,30.87,29.33,false,false,33.89,4.00,30.50,0
1773240312000,64.0602588333333,-21.963646,3.73,0.00,29.33,true,false,0.73,4.00,0.66,1
1773240317000,64.0603665,-21.9629211666667,26.88,19.87,18.88,false,false,34.90,5.00,25.13,0
1773240319000,64.0603665,-21.9629211666667,17.61,0.00,18.88,true,false,2.38,2.00,4.29,1
1773240323000,64.0604934,-21.9623236666667,25.08,18.11,17.21,false,false,29.06,4.00,26.15,0
1773240325000,64.0604934,-21.9623236666667,16.02,0.00,17.21,true,false,1.45,2.00,2.61,1
1773240327000,64.0606395833333,-21.9617246666667,30.43,24.62,23.39,false,false,29.90,2.00,53.82,0
1773240331000,64.0608842333333,-21.9608123333333,50.05,30.25,28.73,false,false,58.42,4.00,52.58,0
1773240336000,64.0608842333333,-21.9608123333333,1.27,0.00,28.73,true,false,3.44,5.00,2.48,1
1773240338000,64.0610906,-21.9600701666667,27.03,27.03,25.68,false,false,37.70,2.00,67.86,0
1773240342000,64.0612536666667,-21.9596188333333,33.70,33.12,31.46,false,false,38.45,4.00,34.61,0
1773240344000,64.0612536666667,-21.9596188333333,21.06,0.00,31.46,true,false,1.14,2.00,2.05,1
1773240348000,64.0614398,-21.9589513333333,29.21,23.21,22.05,false,false,33.67,4.00,30.30,0
1773240350000,64.0614398,-21.9589513333333,18.56,0.00,22.05,true,false,1.42,2.00,2.55,1
1773240354000,64.0616102333333,-21.9581535,33.25,24.68,23.44,false,false,39.13,4.00,35.22,0
1773240359000,64.0617812333333,-21.9574013333333,31.29,26.00,24.70,false,false,43.65,5.00,31.43,0
1773240362000,64.0619726833333,-21.9565996666667,45.36,33.44,31.77,false,false,44.19,3.00,53.03,0
1773240367000,64.06208135,-21.9561511666667,18.02,18.02,17.12,false,false,28.03,5.00,20.18,0
1773240369000,64.06208135,-21.9561511666667,8.65,0.00,17.12,true,false,2.74,2.00,4.93,1
1773240371000,64.0622526833333,-21.9555593333333,27.11,27.11,25.75,false,false,31.15,2.00,56.06,0
1773240374000,64.0622526833333,-21.9555593333333,16.06,0.00,25.75,true,false,7.87,3.00,9.45,1
1773240378000,64.0624616,-21.9548078333333,33.62,23.11,21.96,false,false,40.14,4.00,36.13,0
1773240382000,64.0626068666667,-21.9540761666667,37.12,27.99,26.59,false,false,41.86,4.00,37.68,0
1773240385000,64.0626068666667,-21.9540761666667,13.80,0.00,26.59,true,false,0.81,3.00,0.97,1
1773240389000,64.06272055,-21.953399,25.20,23.45,22.28,false,false,29.86,4.00,26.87,0
1773240391000,64.06272055,-21.953399,16.41,0.00,22.28,true,false,1.79,2.00,3.23,1
1773240393000,64.0628283333333,-21.9528573333333,27.75,24.78,23.54,false,false,25.61,2.00,46.09,0
1773240396000,64.0628283333333,-21.9528573333333,14.18,0.00,23.54,true,false,5.04,3.00,6.05,1
1773240398000,64.0629794833333,-21.9520876666667,34.43,29.14,27.68,false,false,37.12,2.00,66.82,0
1773240400000,64.0629794833333,-21.9520876666667,27.33,0.00,27.68,true,false,8.57,2.00,15.42,1
1773240406000,64.0630947666667,-21.9514173333333,16.39,16.39,15.57,false,false,31.68,6.00,19.01,0
1773240409000,64.0632612333333,-21.950657,37.07,26.40,25.08,false,false,40.51,3.00,48.61,0
1773240411000,64.0632612333333,-21.950657,25.76,0.00,25.08,true,false,4.63,2.00,8.33,1
1773240416000,64.0633986666667,-21.9501211666667,17.72,17.72,16.83,false,false,25.71,5.00,18.51,0
1773240418000,64.0635657333333,-21.949544,34.47,27.97,26.57,false,false,32.78,2.00,59.01,0
1773240425000,64.0638291333333,-21.9490501666667,18.17,18.17,17.27,false,false,43.67,7.00,22.46,0
1773240429000,64.06408385,-21.9486253333333,29.29,24.24,23.02,false,false,34.33,4.00,30.90,0
1773240434000,64.0642524333333,-21.9483593333333,16.61,16.61,15.78,false,false,24.31,5.00,17.50,0
1773240437000,64.0644756833333,-21.9479951666667,28.58,27.12,25.77,false,false,29.24,3.00,35.09,0
1773240439000,64.0644756833333,-21.9479951666667,19.20,0.00,25.77,true,false,2.64,2.00,4.76,1
1773240443000,64.0644726333333,-21.9480006666667,0.00,0.00,0.00,true,true,4.15,4.00,3.73,2
1773240445000,64.0644726333333,-21.9480006666667,0.00,0.00,0.00,true,true,3.43,2.00,6.18,3
1773240449000,64.0644723833333,-21.948001,0.00,0.00,0.00,true,true,0.97,4.00,0.87,4
1773240454000,64.06447215,-21.9480015,0.00,0.00,0.00,true,true,0.16,5.00,0.12,5
1773240456000,64.0645095,-21.9479486666667,0.00,0.00,0.00,true,true,4.86,2.00,8.76,6
1773240458000,64.0645095,-21.9479486666667,0.00,0.00,0.00,true,true,1.28,2.00,2.30,7
1773240463000,64.0647206333333,-21.9476325,22.83,6.58,6.25,false,false,28.40,5.00,20.45,0
1773240467000,64.0651001666667,-21.947027,45.13,16.87,16.03,false,false,53.89,4.00,48.50,0
1773240470000,64.0651001666667,-21.947027,18.69,0.00,16.03,true,false,3.21,3.00,3.85,1
1773240476000,64.0655736833333,-21.9460296666667,44.83,27.13,25.77,false,false,65.44,6.00,39.27,0
1773240481000,64.0655736833333,-21.9460296666667,1.79,0.00,25.77,true,false,1.80,5.00,1.30,1
1773240483000,64.0658402,-21.94536,28.34,28.34,26.92,false,false,39.71,2.00,71.47,0
1773240485000,64.0659714,-21.9450075,40.59,27.59,26.21,false,false,33.11,2.00,59.60,0
1773240489000,64.0660956833333,-21.9446923333333,25.22,25.22,23.96,false,false,25.77,4.00,23.19,0
1773240495000,64.0660946333333,-21.9446958333333,8.55,0.00,23.96,true,false,2.85,6.00,1.71,1
1773240498000,64.0660946333333,-21.9446958333333,0.00,0.00,0.00,true,true,2.23,3.00,2.68,2
1773240502000,64.0660944833333,-21.944696,0.00,0.00,0.00,true,true,0.81,4.00,0.73,3
1773240504000,64.0660944833333,-21.944696,0.00,0.00,0.00,true,true,0.10,2.00,0.17,4
1773240507000,64.0661395166667,-21.9445948333333,0.00,0.00,0.00,true,true,7.04,3.00,8.45,5
1773240511000,64.0663729,-21.944025,30.95,10.12,9.61,false,false,39.35,4.00,35.42,0
1773240513000,64.0663729,-21.944025,22.15,0.00,9.61,true,false,4.96,2.00,8.93,1
1773240516000,64.0666363,-21.9433608333333,38.64,22.78,21.64,false,false,40.23,3.00,48.27,0
1773240522000,64.0667844833333,-21.9430671666667,9.47,9.47,8.99,false,false,26.18,6.00,15.71,0
1773240525000,64.0668082166667,-21.9430063333333,4.81,0.00,8.99,true,false,1.94,3.00,2.32,1
1773240528000,64.0668082166667,-21.9430063333333,0.00,0.00,0.00,true,true,1.01,3.00,1.22,2
1773240531000,64.0669518666667,-21.9427086666667,15.61,15.61,14.83,false,false,20.60,3.00,24.72,0
1773240533000,64.0669518666667,-21.9427086666667,12.30,0.00,14.83,true,false,3.93,2.00,7.08,1
1773240536000,64.06707195,-21.9431663333333,19.13,8.31,7.90,false,false,26.24,3.00,31.48,0
1773240539000,64.06707195,-21.9431663333333,11.46,0.00,7.90,true,false,6.39,3.00,7.67,1
1773240545000,64.0671060833333,-21.9441336666667,32.35,13.56,12.89,false,false,45.95,6.00,27.57,0
1773240548000,64.06717845,-21.9452928333333,56.77,27.14,25.78,false,false,58.37,3.00,70.04,0
1773240552000,64.06726385,-21.9464811666667,57.40,35.37,33.61,false,false,63.90,4.00,57.51,0
1773240555000,64.06726385,-21.9464811666667,20.81,0.00,33.61,true,false,0.50,3.00,0.60,1
1773240558000,64.0673427166667,-21.9482185,65.60,46.90,44.55,false,false,76.35,3.00,91.62,0
1773240561000,64.0673427166667,-21.9482185,32.65,32.65,31.02,false,false,11.17,3.00,13.41,0
1773240565000,64.06724895,-21.9490895,32.04,32.04,30.44,false,false,35.90,4.00,32.31,0
1773240567000,64.06724895,-21.9490895,19.46,0.00,30.44,true,false,1.88,2.00,3.39,1
1773240570000,64.0670771,-21.9502293333333,47.99,44.03,41.82,false,false,53.87,3.00,64.64,0
1773240575000,64.0669416666667,-21.9511045,37.06,31.18,29.62,false,false,52.78,5.00,38.00,0
1773240582000,64.06682055,-21.9518938333333,13.99,13.99,13.29,false,false,39.52,7.00,20.32,0
1773240586000,64.06674775,-21.9526661666667,31.28,31.28,29.71,false,false,37.37,4.00,33.63,0
1773240591000,64.0667829833333,-21.95355,32.93,32.93,31.28,false,false,45.44,5.00,32.71,0
1773240593000,64.0667829833333,-21.95355,19.67,0.00,31.28,true,false,0.98,2.00,1.76,1
1773240595000,64.0668595166667,-21.9544285,39.31,29.14,27.68,false,false,38.87,2.00,69.97,0
1773240600000,64.0668577833333,-21.955064,26.84,26.84,25.50,false,false,39.01,5.00,28.09,0
1773240602000,64.0668577833333,-21.955064,15.01,0.00,25.50,true,false,1.49,2.00,2.68,1
1773240606000,64.0667400333333,-21.9556721666667,24.29,24.29,23.08,false,false,28.60,4.00,25.74,0
1773240609000,64.0667400333333,-21.9556721666667,10.18,0.00,23.08,true,false,2.04,3.00,2.45,1
1773240611000,64.0666953333333,-21.95585,0.00,0.00,0.00,true,true,6.67,2.00,12.00,2
1773240617000,64.06669135,-21.955889,0.00,0.00,0.00,true,true,2.20,6.00,1.32,3
1773240621000,64.06669135,-21.955889,0.00,0.00,0.00,true,true,0.12,4.00,0.11,4
1773240623000,64.0667536166667,-21.9563673333333,17.58,7.17,6.81,false,false,24.26,2.00,43.68,0
1773240626000,64.0669110666667,-21.9565855,25.17,10.23,9.72,false,false,25.65,3.00,30.78,0
1773240629000,64.0671526,-21.9569358333333,35.16,14.66,13.93,false,false,34.67,3.00,41.60,0
1773240634000,64.0673785333333,-21.9572683333333,22.46,21.53,20.45,false,false,32.67,5.00,23.52,0
1773240637000,64.0673785333333,-21.9572683333333,6.97,0.00,20.45,true,false,1.34,3.00,1.60,1
1773240639000,64.0673785333333,-21.9572683333333,0.00,0.00,0.00,true,true,3.45,2.00,6.21,2
1773240645000,64.0676426,-21.9572035,21.71,16.43,15.61,false,false,27.82,6.00,16.69,0
1773240647000,64.06780065,-21.9573301666667,26.83,14.91,14.17,false,false,19.97,2.00,35.95,0
1773240649000,64.06785255,-21.9574095,22.35,0.00,14.17,true,false,9.62,2.00,17.31,1
1773240652000,64.06785255,-21.9574095,0.00,0.00,0.00,true,true,2.53,3.00,3.04,2
1773240657000,64.0678542,-21.9574065,0.00,0.00,0.00,true,true,4.17,5.00,3.00,3
1773240664000,64.0678542,-21.9574065,0.00,0.00,0.00,true,true,0.34,7.00,0.18,4
1773240667000,64.0678542,-21.9574065,0.00,0.00,0.00,true,true,0.01,3.00,0.01,5
1773240673000,64.0678542,-21.9574065,0.00,0.00,0.00,true,true,0.00,6.00,0.00,6
1773240678000,64.0678542,-21.9574065,0.00,0.00,0.00,true,true,0.00,5.00,0.00,7
1773240684000,64.0678542,-21.9574065,0.00,0.00,0.00,true,true,0.00,6.00,0.00,8
1773240694000,64.0678542,-21.9574065,0.00,0.00,0.00,true,true,0.00,10.00,0.00,9
1773240703000,64.0678542,-21.9574065,0.00,0.00,0.00,true,true,0.00,9.00,0.00,10
1773240706000,64.0678542,-21.9574065,0.00,0.00,0.00,true,true,0.00,3.00,0.00,11
1773240710000,64.0678542,-21.9574065,0.00,0.00,0.00,true,true,0.00,4.00,0.00,12
1773240712000,64.0678542,-21.9574065,0.00,0.00,0.00,true,true,0.00,2.00,0.00,13
1773240715000,64.0678542,-21.9574065,0.00,0.00,0.00,true,true,0.00,3.00,0.00,14
1773240717000,64.0678542,-21.9574065,0.00,0.00,0.00,true,true,0.00,2.00,0.00,15
1773240719000,64.0678542,-21.9574065,0.00,0.00,0.00,true,true,0.00,2.00,0.00,16
1773240722000,64.0678542,-21.9574065,0.00,0.00,0.00,true,true,0.00,3.00,0.00,17
1773240724000,64.0678542,-21.9574065,0.00,0.00,0.00,true,true,0.00,2.00,0.00,18
1773240728000,64.0678542,-21.9574065,0.00,0.00,0.00,true,true,0.00,4.00,0.00,19
1773240732000,64.0678651166667,-21.9574248333333,0.00,0.00,0.00,true,true,1.50,4.00,1.35,20
1773240734000,64.0678651166667,-21.9574248333333,0.00,0.00,0.00,true,true,0.18,2.00,0.32,21
1773240739000,64.0678651166667,-21.9574248333333,0.00,0.00,0.00,true,true,0.05,5.00,0.03,22
1773240743000,64.06788355,-21.9574758333333,0.00,0.00,0.00,true,true,3.22,4.00,2.90,23
1773240745000,64.06788355,-21.9574758333333,0.00,0.00,0.00,true,true,0.36,2.00,0.65,24
1773240748000,64.0679129,-21.9578825,15.28,5.15,4.89,false,false,20.11,3.00,24.14,0
1773240750000,64.0679129,-21.9578825,12.21,0.00,4.89,true,false,4.07,2.00,7.33,1
1773240754000,64.0680981333333,-21.9583325,24.22,12.28,11.67,false,false,28.96,4.00,26.06,0
1773240759000,64.0684102,-21.9588061666667,32.49,19.63,18.65,false,false,44.21,5.00,31.83,0
1773240764000,64.0687431333333,-21.9592046666667,30.60,24.12,22.91,false,false,42.67,5.00,30.72,0
1773240766000,64.0687431333333,-21.9592046666667,17.92,0.00,22.91,true,false,0.34,2.00,0.60,1
1773240770000,64.0691947333333,-21.959205,38.55,28.15,26.74,false,false,46.19,4.00,41.57,0
1773240772000,64.06940665,-21.9589521666667,43.85,29.72,28.23,false,false,30.37,2.00,54.67,0
1773240775000,64.06940665,-21.9589521666667,18.14,0.00,28.23,true,false,3.93,3.00,4.72,1
1773240777000,64.0695694666667,-21.958549,24.78,24.78,23.54,false,false,21.66,2.00,39.00,0
1773240784000,64.0698527833333,-21.9584938333333,15.85,15.85,15.05,false,false,32.71,7.00,16.82,0
1773240786000,64.0701974,-21.9581626666667,38.42,27.56,26.18,false,false,41.03,2.00,73.85,0
1773240790000,64.0701974,-21.9581626666667,11.37,0.00,26.18,true,false,8.80,4.00,7.92,1
1773240793000,64.07056805,-21.9577143333333,36.53,28.50,27.07,false,false,42.41,3.00,50.89,0
1773240796000,64.07056805,-21.9577143333333,17.94,0.00,27.07,true,false,5.94,3.00,7.13,1
1773240801000,64.0708960166667,-21.9570935,31.97,28.48,27.06,false,false,42.73,5.00,30.77,0
1773240805000,64.0711482833333,-21.9563728333333,40.41,25.95,24.65,false,false,46.36,4.00,41.73,0
1773240808000,64.0714283333333,-21.955688,50.46,36.45,34.63,false,false,46.76,3.00,56.11,0
1773240811000,64.0714283333333,-21.955688,20.28,0.00,34.63,true,false,2.34,3.00,2.81,1
1773240814000,64.07174465,-21.9551351666667,35.28,35.28,33.52,false,false,36.90,3.00,44.29,0
1773240820000,64.0720669333333,-21.9545545,28.13,28.13,26.72,false,false,49.44,6.00,29.66,0
1773240823000,64.0720669333333,-21.9545545,9.45,0.00,26.72,true,false,0.49,3.00,0.59,1
1773240825000,64.0720642833333,-21.9545573333333,0.00,0.00,0.00,true,true,4.37,2.00,7.86,2
1773240829000,64.0720642833333,-21.9545573333333,0.00,0.00,0.00,true,true,2.69,4.00,2.42,3
1773240831000,64.0720642833333,-21.9545573333333,0.00,0.00,0.00,true,true,0.36,2.00,0.65,4
1773240834000,64.0720642833333,-21.9545573333333,0.00,0.00,0.00,true,true,0.10,3.00,0.12,5
1773240840000,64.0720642833333,-21.9545573333333,0.00,0.00,0.00,true,true,0.02,6.00,0.01,6
1773240843000,64.0720642833333,-21.9545573333333,0.00,0.00,0.00,true,true,0.00,3.00,0.00,7
1773240849000,64.07213865,-21.9544491666667,0.00,0.00,0.00,true,true,9.79,6.00,5.87,8
1773240851000,64.0724008,-21.9540473333333,26.47,8.08,7.68,false,false,35.54,2.00,63.97,0
1773240855000,64.0724008,-21.9540473333333,10.41,0.00,7.68,true,false,9.19,4.00,8.27,1
1773240858000,64.0727798833333,-21.9535653333333,38.63,18.61,17.68,false,false,45.62,3.00,54.74,0
1773240863000,64.0730655166667,-21.9533233333333,28.30,22.76,21.63,false,false,40.43,5.00,29.11,0
1773240866000,64.0730655166667,-21.9533233333333,9.25,0.00,21.63,true,false,1.17,3.00,1.40,1
1773240870000,64.0731625666667,-21.9530488333333,11.58,11.58,11.00,false,false,13.60,4.00,12.24,0
1773240873000,64.0733166666667,-21.9530515,15.75,15.75,14.96,false,false,16.77,3.00,20.13,0
1773240875000,64.0733166666667,-21.9530515,10.81,0.00,14.96,true,false,2.39,2.00,4.31,1
1773240881000,64.0735361666667,-21.953095,14.68,10.70,10.16,false,false,22.76,6.00,13.66,0
1773240886000,64.07389125,-21.9529173333333,30.29,16.90,16.06,false,false,40.54,5.00,29.19,0
1773240892000,64.0747188833333,-21.9522761666667,66.14,28.98,27.53,false,false,98.63,6.00,59.18,0
1773240894000,64.0747188833333,-21.9522761666667,40.28,0.00,27.53,true,false,2.30,2.00,4.13,1
1773240898000,64.0751203833333,-21.9520078333333,34.56,32.38,30.76,false,false,37.57,4.00,33.82,0
1773240900000,64.0751203833333,-21.9520078333333,20.17,0.00,30.76,true,false,0.98,2.00,1.76,1
1773240902000,64.0752566,-21.9519206666667,19.51,19.51,18.53,false,false,10.24,2.00,18.44,0
1773240905000,64.0752566,-21.9519206666667,7.10,0.00,18.53,true,false,0.30,3.00,0.36,1
1773240908000,64.0752565333333,-21.9519178333333,0.00,0.00,0.00,true,true,3.53,3.00,4.23,2
1773240915000,64.0752568166667,-21.9519178333333,0.00,0.00,0.00,true,true,1.82,7.00,0.93,3
1773240917000,64.0752568166667,-21.9519178333333,0.00,0.00,0.00,true,true,0.06,2.00,0.11,4
1773240920000,64.0752568166667,-21.9519178333333,0.00,0.00,0.00,true,true,0.02,3.00,0.02,5
1773240926000,64.0752568166667,-21.9519178333333,0.00,0.00,0.00,true,true,0.00,6.00,0.00,6
1773240928000,64.0752890666667,-21.9518973333333,0.00,0.00,0.00,true,true,3.72,2.00,6.69,7
1773240930000,64.0752890666667,-21.9518973333333,0.00,0.00,0.00,true,true,0.96,2.00,1.73,8
1773240934000,64.07552685,-21.9517203333333,22.29,6.68,6.34,false,false,28.04,4.00,25.24,0
1773240938000,64.07570345,-21.9515655,22.33,10.51,9.98,false,false,24.82,4.00,22.34,0
1773240941000,64.0757510666667,-21.9515015,12.72,0.00,9.98,true,false,6.16,3.00,7.40,1
1773240943000,64.0757510666667,-21.9515015,0.00,0.00,0.00,true,true,2.26,2.00,4.06,2
1773240949000,64.0757990333333,-21.951445,0.00,0.00,0.00,true,true,3.37,6.00,2.02,3
1773240958000,64.0758996333333,-21.9513701666667,7.50,6.72,6.39,false,false,11.93,9.00,4.77,0
1773240960000,64.0758996333333,-21.9513701666667,4.45,0.00,6.39,true,false,0.18,2.00,0.32,1
1773240963000,64.0758996,-21.9513701666667,0.00,0.00,0.00,true,true,1.03,3.00,1.24,2
1773240967000,64.0758995833333,-21.9513703333333,0.00,0.00,0.00,true,true,0.89,4.00,0.80,3
1773240969000,64.0758995833333,-21.9513703333333,0.00,0.00,0.00,true,true,0.11,2.00,0.20,4
1773240975000,64.0758996,-21.9513705,0.00,0.00,0.00,true,true,0.03,6.00,0.02,5
1773240978000,64.0758996833333,-21.9513705,0.00,0.00,0.00,true,true,0.01,3.00,0.01,6
1773240984000,64.07589975,-21.9513706666667,0.00,0.00,0.00,true,true,0.01,6.00,0.01,7
1773240987000,64.0759189166667,-21.9513691666667,0.00,0.00,0.00,true,true,2.13,3.00,2.56,8
1773240990000,64.0759678,-21.951385,0.00,0.00,0.00,true,true,5.83,3.00,7.00,9
1773240993000,64.0759678,-21.951385,0.00,0.00,0.00,true,true,1.08,3.00,1.30,10
1773240995000,64.076202,-21.9512888333333,18.56,7.17,6.81,false,false,26.61,2.00,47.90,0
1773240999000,64.076202,-21.9512888333333,8.24,0.00,6.81,true,false,7.66,4.00,6.89,1
1773241002000,64.07666465,-21.9509801666667,42.55,20.41,19.39,false,false,51.74,3.00,62.09,0
1773241004000,64.07666465,-21.9509801666667,31.67,0.00,19.39,true,false,8.11,2.00,14.60,1
1773241010000,64.0770631,-21.9507278333333,22.83,22.83,21.68,false,false,41.47,6.00,24.88,0
1773241013000,64.0774704,-21.9504636666667,44.00,29.33,27.86,false,false,46.36,3.00,55.64,0
1773241015000,64.0774704,-21.9504636666667,29.98,0.00,27.86,true,false,4.67,2.00,8.40,1
1773241017000,64.0779213333333,-21.9501685,50.31,34.85,33.11,false,false,46.51,2.00,83.72,0
1773241019000,64.0779213333333,-21.9501685,37.85,0.00,33.11,true,false,9.23,2.00,16.62,1
1773241022000,64.0783917666667,-21.9498598333333,50.41,46.09,43.79,false,false,48.33,3.00,58.00,0
1773241030000,64.0788822,-21.9495483333333,14.55,14.55,13.82,false,false,60.19,8.00,27.09,0
1773241033000,64.0793832333333,-21.9492321666667,49.30,44.19,41.98,false,false,56.47,3.00,67.77,0
1773241037000,64.0795976666667,-21.9490755,31.82,31.82,30.23,false,false,32.55,4.00,29.30,0
1773241039000,64.07975565,-21.9488823333333,31.37,31.37,29.80,false,false,17.35,2.00,31.23,0
1773241043000,64.07975565,-21.9488823333333,3.70,0.00,29.80,true,false,1.13,4.00,1.02,1
1773241045000,64.07975055,-21.9488903333333,0.00,0.00,0.00,true,true,5.29,2.00,9.51,2
1773241051000,64.0797477666667,-21.9488945,0.00,0.00,0.00,true,true,2.36,6.00,1.41,3
1773241053000,64.0797477666667,-21.9488945,0.00,0.00,0.00,true,true,0.13,2.00,0.23,4
1773241058000,64.0797478166667,-21.9488936666667,0.00,0.00,0.00,true,true,0.03,5.00,0.03,5
1773241060000,64.0797479833333,-21.9488933333333,0.00,0.00,0.00,true,true,0.02,2.00,0.04,6
1773241064000,64.0797479833333,-21.9488933333333,0.00,0.00,0.00,true,true,0.01,4.00,0.01,7
1773241071000,64.0797617166667,-21.94889,0.00,0.00,0.00,true,true,1.53,7.00,0.79,8
1773241073000,64.0797617166667,-21.94889,0.00,0.00,0.00,true,true,0.05,2.00,0.09,9
1773241077000,64.0798170333333,-21.9489006666667,0.00,0.00,0.00,true,true,6.17,4.00,5.56,10
1773241079000,64.0798170333333,-21.9489006666667,0.00,0.00,0.00,true,true,0.77,2.00,1.38,11
1773241083000,64.0800595,-21.948791,21.95,6.63,6.30,false,false,27.64,4.00,24.87,0
1773241089000,64.0806768833333,-21.9483955,50.73,20.91,19.87,false,false,74.83,6.00,44.90,0
1773241094000,64.0811961,-21.948058,44.07,28.21,26.80,false,false,61.83,5.00,44.51,0
1773241100000,64.0817343833333,-21.9476845,35.44,34.63,32.90,false,false,61.84,6.00,37.10,0
1773241103000,64.0822443333333,-21.9471806666667,60.24,42.38,40.26,false,false,61.14,3.00,73.36,0
1773241106000,64.0822443333333,-21.9471806666667,25.94,0.00,40.26,true,false,5.36,3.00,6.43,1
1773241109000,64.0827318166667,-21.9464446666667,52.42,44.53,42.30,false,false,56.80,3.00,68.16,0
1773241112000,64.0827318166667,-21.9464446666667,24.47,0.00,42.30,true,false,6.85,3.00,8.22,1
1773241118000,64.0832603333333,-21.9453191666667,49.40,40.99,38.94,false,false,73.28,6.00,43.97,0
1773241123000,64.08368235,-21.9441473333333,0.00,0.00,0.00,true,false,0.00,3.00,0.00,1
1773241127000,64.0841792166667,-21.9427318333333,67.19,45.38,43.11,false,false,88.17,4.00,79.35,0
1773241133000,64.084597,-21.9415483333333,0.00,0.00,0.00,true,false,0.00,4.00,0.00,1
1773241141000,64.0855173166667,-21.9392105,0.00,0.00,0.00,false,false,77.42,6.00,46.45,0
1773241145000,64.0860288833333,-21.938271,64.03,54.04,51.34,false,false,73.36,4.00,66.03,0
1773241149000,64.0862299,-21.9379438333333,31.44,31.44,29.86,false,false,29.56,4.00,26.60,0
1773241152000,64.0867399833333,-21.93714,60.55,52.07,49.47,false,false,64.11,3.00,76.93,0
1773241156000,64.0867399833333,-21.93714,13.01,0.00,49.47,true,false,6.76,4.00,6.08,1
1773241160000,64.0873887333333,-21.9361071666667,0.00,0.00,0.00,true,false,0.00,2.00,0.00,1
1773241164000,64.0879438,-21.9352136666667,58.21,45.28,43.01,false,false,75.38,4.00,67.84,0
1773241166000,64.0879438,-21.9352136666667,39.00,0.00,43.01,true,false,5.10,2.00,9.18,1
1773241169000,64.08834875,-21.9344921666667,52.05,43.36,41.19,false,false,49.68,3.00,59.62,0
1773241171000,64.0884245,-21.9343415,42.12,39.77,37.78,false,false,14.67,2.00,26.41,0
1773241175000,64.0884245,-21.9343415,1.62,0.00,37.78,true,false,4.15,4.00,3.74,1
1773241178000,64.0884254666667,-21.9343531666667,0.00,0.00,0.00,true,true,7.26,3.00,8.72,2
1773241180000,64.0884254666667,-21.9343531666667,0.00,0.00,0.00,true,true,1.55,2.00,2.80,3
1773241189000,64.0884254666667,-21.9343531666667,0.00,0.00,0.00,true,true,0.44,9.00,0.18,4
1773241191000,64.0884254666667,-21.9343531666667,0.00,0.00,0.00,true,true,0.01,2.00,0.01,5
1773241195000,64.0884417333333,-21.93432,0.00,0.00,0.00,true,true,2.42,4.00,2.18,6
1773241200000,64.0884417333333,-21.93432,0.00,0.00,0.00,true,true,0.31,5.00,0.22,7
1773241202000,64.0886482166667,-21.9338868333333,22.96,5.49,5.22,false,false,31.14,2.00,56.06,0
1773241206000,64.0889992,-21.9330718333333,53.29,18.88,17.93,false,false,63.71,4.00,57.34,0
1773241211000,64.0893699,-21.932092,48.50,27.36,25.99,false,false,67.83,5.00,48.84,0
1773241213000,64.0893699,-21.932092,28.31,0.00,25.99,true,false,0.60,2.00,1.08,1
1773241216000,64.0897263166667,-21.9310891666667,52.77,47.75,45.37,false,false,55.60,3.00,66.72,0
1773241221000,64.0900585166667,-21.9301783333333,45.42,45.26,43.00,false,false,63.95,5.00,46.04,0
1773241226000,64.0902182833333,-21.9297335,17.74,17.74,16.85,false,false,27.20,5.00,19.59,0
1773241230000,64.0903221,-21.9293993333333,15.86,15.86,15.06,false,false,17.32,4.00,15.59,0
1773241234000,64.0903197666667,-21.929403,1.63,0.00,15.06,true,false,0.62,4.00,0.56,1
1773241237000,64.0903197666667,-21.929403,0.00,0.00,0.00,true,true,2.09,3.00,2.51,2
1773241243000,64.0903197666667,-21.929403,0.00,0.00,0.00,true,true,0.61,6.00,0.37,3
1773241249000,64.0903197666667,-21.929403,0.00,0.00,0.00,true,true,0.03,6.00,0.02,4
1773241252000,64.0903197666667,-21.929403,0.00,0.00,0.00,true,true,0.00,3.00,0.00,5
1773241256000,64.0903197666667,-21.929403,0.00,0.00,0.00,true,true,0.00,4.00,0.00,6
1773241261000,64.0903358666667,-21.9293603333333,0.00,0.00,0.00,true,true,2.74,5.00,1.97,7
1773241266000,64.0904636166667,-21.9290115,17.22,3.89,3.70,false,false,22.31,5.00,16.06,0
1773241270000,64.09057185,-21.928672,19.48,7.76,7.37,false,false,22.01,4.00,19.81,0
1773241272000,64.09057185,-21.928672,11.88,0.00,7.37,true,false,0.35,2.00,0.63,1
1773241275000,64.09057025,-21.928665,0.00,0.00,0.00,true,true,2.68,3.00,3.22,2
1773241279000,64.09057025,-21.928665,0.00,0.00,0.00,true,true,2.54,4.00,2.28,3
1773241285000,64.0906001833333,-21.9285916666667,0.00,0.00,0.00,true,true,4.55,6.00,2.73,4
1773241287000,64.0906001833333,-21.9285916666667,0.00,0.00,0.00,true,true,0.23,2.00,0.41,5
1773241292000,64.09076805,-21.9281095,23.73,6.29,5.98,false,false,30.00,5.00,21.60,0
1773241297000,64.0911217166667,-21.9273276666667,42.32,14.62,13.89,false,false,57.04,5.00,41.07,0
1773241302000,64.0915869833333,-21.9265233333333,48.35,24.05,22.85,false,false,66.57,5.00,47.93,0
1773241307000,64.0921380666667,-21.9258121666667,51.28,35.66,33.87,false,false,70.91,5.00,51.06,0
1773241312000,64.0927527166667,-21.9251271666667,55.17,42.14,40.03,false,false,76.26,5.00,54.91,0
1773241319000,64.0934035166667,-21.9244173333333,36.17,36.17,34.36,false,false,80.42,7.00,41.36,0
1773241322000,64.0940836666667,-21.9236766666667,77.94,53.87,51.17,false,false,82.79,3.00,99.35,0
1773241324000,64.0940836666667,-21.9236766666667,53.11,0.00,51.17,true,false,8.75,2.00,15.75,1
1773241326000,64.0940836666667,-21.9236766666667,0.00,0.00,0.00,true,true,9.56,2.00,17.20,2
1773241333000,64.0951966,-21.9224598333333,0.00,0.00,0.00,true,false,0.00,5.00,0.00,1
1773241339000,64.0967945833333,-21.920705,146.24,64.50,61.27,false,false,196.81,6.00,118.09,0
1773241346000,64.09741585,-21.9199313333333,8.40,8.40,7.98,false,false,87.77,7.00,45.14,0
1773241348000,64.0979211,-21.9191001666667,52.84,52.84,50.20,false,false,63.20,2.00,113.76,0
1773241352000,64.0979211,-21.9191001666667,18.09,18.09,17.18,false,false,14.99,4.00,13.49,0
1773241354000,64.0983081833333,-21.9182448333333,49.80,49.80,47.31,false,false,54.44,2.00,98.00,0
1773241357000,64.0983081833333,-21.9182448333333,27.53,27.53,26.16,false,false,12.09,3.00,14.51,0
1773241359000,64.0985904166667,-21.917483,46.38,46.38,44.06,false,false,42.55,2.00,76.60,0
1773241363000,64.0987988,-21.91687,41.71,34.99,33.24,false,false,45.68,4.00,41.11,0
1773241365000,64.0987988,-21.91687,24.52,0.00,33.24,true,false,0.94,2.00,1.69,1
1773241369000,64.0989764333333,-21.9163506666667,23.12,23.12,21.97,false,false,25.49,4.00,22.94,0
1773241374000,64.09908255,-21.9160418333333,12.82,12.82,12.18,false,false,18.85,5.00,13.57,0
1773241376000,64.09908255,-21.9160418333333,6.83,0.00,12.18,true,false,1.01,2.00,1.81,1
1773241380000,64.0992469333333,-21.9154796666667,25.20,17.77,16.88,false,false,30.73,4.00,27.66,0
1773241385000,64.09935105,-21.9151566666667,15.47,15.47,14.70,false,false,22.46,5.00,16.17,0
1773241387000,64.09935105,-21.9151566666667,8.43,0.00,14.70,true,false,0.95,2.00,1.72,1
1773241389000,64.0993511833333,-21.9151521666667,0.00,0.00,0.00,true,true,2.32,2.00,4.17,2
1773241395000,64.0993511666667,-21.915152,0.00,0.00,0.00,true,true,2.08,6.00,1.25,3
1773241398000,64.0993511666667,-21.915152,0.00,0.00,0.00,true,true,0.12,3.00,0.14,4
1773241400000,64.0993938333333,-21.9150921666667,0.00,0.00,0.00,true,true,5.54,2.00,9.97,5
1773241404000,64.09951975,-21.9148861666667,14.90,4.85,4.61,false,false,18.75,4.00,16.87,0
1773241406000,64.09951975,-21.9148861666667,10.77,0.00,4.61,true,false,2.52,2.00,4.54,1
1773241408000,64.09951975,-21.9148861666667,0.00,0.00,0.00,true,true,1.57,2.00,2.83,2
1773241411000,64.09964885,-21.914482,16.59,12.85,12.21,false,false,22.14,3.00,26.56,0
1773241415000,64.0999260333333,-21.9136683333333,45.28,21.84,20.75,false,false,54.85,4.00,49.37,0
1773241421000,64.1002609666667,-21.912688,37.47,28.56,27.13,false,false,65.07,6.00,39.04,0
1773241423000,64.1002609666667,-21.912688,21.53,0.00,27.13,true,false,0.52,2.00,0.93,1
1773241425000,64.1002609666667,-21.912688,0.00,0.00,0.00,true,true,5.51,2.00,9.91,2
1773241428000,64.1007463666667,-21.9112751666667,61.76,41.90,39.81,false,false,82.15,3.00,98.58,0
1773241432000,64.1011454666667,-21.9099551666667,82.63,47.78,45.39,false,false,95.15,4.00,85.64,0
1773241435000,64.1011454666667,-21.9099551666667,32.46,0.00,45.39,true,false,3.41,3.00,4.09,1
1773241440000,64.1015161833333,-21.9085338333333,50.97,50.97,48.43,false,false,68.69,5.00,49.45,0
1773241445000,64.1019075666667,-21.9070923333333,0.00,0.00,0.00,true,false,0.00,3.00,0.00,1
1773241451000,64.10239775,-21.905757,0.00,0.00,0.00,true,false,0.00,4.00,0.00,1
1773241457000,64.10365945,-21.903925,0.00,0.00,0.00,false,false,82.14,4.00,73.92,0
1773241459000,64.10365945,-21.903925,44.73,0.00,0.00,true,false,1.21,2.00,2.19,1
1773241462000,64.1043698166667,-21.9035006666667,70.54,65.19,61.93,false,false,71.82,3.00,86.19,0
1773241465000,64.1043698166667,-21.9035006666667,31.45,0.00,61.93,true,false,7.36,3.00,8.84,1
1773241470000,64.1051333333333,-21.9033908333333,56.37,52.00,49.40,false,false,75.29,5.00,54.21,0
1773241474000,64.10605445,-21.9036751666667,0.00,0.00,0.00,false,false,28.36,2.00,51.06,0
1773241480000,64.1061923,-21.9037965,7.00,7.00,6.65,false,false,17.94,6.00,10.76,0
1773241486000,64.1061864,-21.9038045,3.31,0.00,6.65,true,false,2.44,6.00,1.47,1
1773241492000,64.1062127166667,-21.9038353333333,0.00,0.00,0.00,true,true,2.67,6.00,1.60,2
1773241498000,64.10642315,-21.904074,19.59,10.12,9.61,false,false,26.45,6.00,15.87,0
1773241501000,64.10642315,-21.904074,7.69,0.00,9.61,true,false,1.21,3.00,1.46,1
1773241503000,64.1068435166667,-21.9044565,38.72,12.39,11.77,false,false,47.70,2.00,85.87,0
1773241505000,64.1068435166667,-21.9044565,32.29,15.09,14.33,false,false,12.09,2.00,21.76,0
1773241509000,64.1072628666667,-21.9048563333333,41.59,26.86,25.52,false,false,47.54,4.00,42.78,0
1773241511000,64.1072628666667,-21.9048563333333,26.19,0.00,25.52,true,false,1.64,2.00,2.95,1
1773241514000,64.10773725,-21.9052938333333,48.17,43.66,41.48,false,false,50.92,3.00,61.10,0
1773241518000,64.10825815,-21.9057616666667,59.64,40.70,38.67,false,false,68.10,4.00,61.29,0
1773241524000,64.1088305,-21.90626,37.42,37.42,35.55,false,false,69.83,6.00,41.90,0
1773241526000,64.1088305,-21.90626,20.79,0.00,35.55,true,false,1.46,2.00,2.63,1
1773241529000,64.1093933,-21.9067483333333,54.45,50.82,48.28,false,false,61.08,3.00,73.30,0
1773241531000,64.1093933,-21.9067483333333,39.33,0.00,48.28,true,false,8.51,2.00,15.31,1
1773241535000,64.1099315333333,-21.9071403333333,49.47,41.88,39.78,false,false,56.46,4.00,50.81,0
1773241539000,64.1103644166667,-21.9072671666667,45.68,42.58,40.46,false,false,50.24,4.00,45.21,0
1773241541000,64.1103644166667,-21.9072671666667,27.06,0.00,40.46,true,false,1.25,2.00,2.25,1
1773241546000,64.1105440833333,-21.9071711666667,9.14,9.14,8.68,false,false,14.40,5.00,10.37,0
1773241548000,64.1105429666667,-21.907167,4.83,0.00,8.68,true,false,2.43,2.00,4.38,1
1773241552000,64.1105635333333,-21.9071246666667,0.00,0.00,0.00,true,true,1.70,4.00,1.53,2
1773241556000,64.1105635333333,-21.9071246666667,0.00,0.00,0.00,true,true,0.49,4.00,0.44,3
1773241559000,64.1106890333333,-21.9068436666667,14.93,8.31,7.89,false,false,19.45,3.00,23.34,0
1773241563000,64.1108618333333,-21.9072656666667,22.43,7.54,7.17,false,false,28.21,4.00,25.39,0
1773241567000,64.1108618333333,-21.9072656666667,5.61,0.00,7.17,true,false,3.84,4.00,3.46,1
1773241569000,64.1108618333333,-21.9072656666667,0.00,0.00,0.00,true,true,2.56,2.00,4.60,2
1773241571000,64.1110736833333,-21.9072563333333,15.52,13.70,13.02,false,false,22.46,2.00,40.43,0
1773241574000,64.1110736833333,-21.9072563333333,10.94,0.00,13.02,true,false,6.82,3.00,8.19,1
1773241578000,64.1110852333333,-21.9072686666667,0.00,0.00,0.00,true,true,0.69,4.00,0.62,2
1773241580000,64.1110852333333,-21.9072686666667,0.00,0.00,0.00,true,true,1.56,2.00,2.80,3
1773241584000,64.1110854166667,-21.9072605,0.00,0.00,0.00,true,true,0.53,4.00,0.48,4
1773241588000,64.1110877166667,-21.9072375,0.00,0.00,0.00,true,true,1.18,4.00,1.06,5
1773241592000,64.1110883666667,-21.9072123333333,0.00,0.00,0.00,true,true,1.36,4.00,1.23,6
1773241594000,64.1110883666667,-21.9072123333333,0.00,0.00,0.00,true,true,0.16,2.00,0.28,7
1773241596000,64.1110883666667,-21.9072123333333,0.00,0.00,0.00,true,true,0.04,2.00,0.08,8
1773241599000,64.1110890833333,-21.9071946666667,0.00,0.00,0.00,true,true,0.88,3.00,1.05,9
1773241601000,64.1110890833333,-21.9071946666667,0.00,0.00,0.00,true,true,0.19,2.00,0.34,10
1773241604000,64.1110895166667,-21.9071818333333,0.00,0.00,0.00,true,true,0.68,3.00,0.82,11
1773241606000,64.1110895166667,-21.9071818333333,0.00,0.00,0.00,true,true,0.14,2.00,0.26,12
1773241610000,64.1110887,-21.907162,0.00,0.00,0.00,true,true,1.01,4.00,0.91,13
1773241614000,64.1110868333333,-21.9071365,0.00,0.00,0.00,true,true,1.39,4.00,1.26,14
1773241616000,64.1110868333333,-21.9071365,0.00,0.00,0.00,true,true,0.16,2.00,0.29,15
1773241619000,64.1110862666667,-21.9071025,0.00,0.00,0.00,true,true,1.70,3.00,2.04,16
1773241624000,64.1110888166667,-21.9070756666667,0.00,0.00,0.00,true,true,1.67,5.00,1.20,17
1773241628000,64.11116105,-21.9069628333333,0.00,0.00,0.00,true,true,9.81,4.00,8.83,18
1773241630000,64.1112102833333,-21.906906,0.00,0.00,0.00,true,true,7.21,2.00,12.98,19
1773241632000,64.1112102833333,-21.906906,0.00,0.00,0.00,true,true,1.94,2.00,3.49,20
1773241635000,64.111483,-21.9068803333333,23.13,10.22,9.71,false,false,30.83,3.00,36.99,0
1773241637000,64.111483,-21.9068803333333,18.79,0.00,9.71,true,false,6.58,2.00,11.85,1
1773241641000,64.1119624166667,-21.9065715,44.71,25.23,23.97,false,false,53.50,4.00,48.15,0
1773241645000,64.1125528833333,-21.9062375,62.23,36.67,34.83,false,false,72.06,4.00,64.86,0
1773241647000,64.1125528833333,-21.9062375,39.21,0.00,34.83,true,false,2.63,2.00,4.73,1
1773241652000,64.1130196,-21.9053953333333,42.69,39.27,37.31,false,false,58.19,5.00,41.90,0
1773241654000,64.1130196,-21.9053953333333,26.07,0.00,37.31,true,false,2.25,2.00,4.06,1
1773241658000,64.1135560333333,-21.903945,71.62,46.23,43.92,false,false,86.35,4.00,77.72,0
1773241660000,64.1135560333333,-21.903945,48.43,0.00,43.92,true,false,7.45,2.00,13.41,1
1773241664000,64.11398955,-21.902582,63.73,50.56,48.04,false,false,73.09,4.00,65.78,0
1773241666000,64.11398955,-21.902582,40.18,0.00,48.04,true,false,2.62,2.00,4.72,1
1773241670000,64.1143973333333,-21.9013206666667,0.00,0.00,0.00,true,false,0.00,2.00,0.00,1
1773241678000,64.1153962666667,-21.89907,92.13,56.09,53.29,false,false,155.75,8.00,70.09,0
1773241682000,64.1160157,-21.8983661666667,72.81,59.17,56.21,false,false,79.05,4.00,71.14,0
1773241684000,64.1160157,-21.8983661666667,41.94,0.00,56.21,true,false,3.49,2.00,6.28,1
1773241687000,64.1167101,-21.8979508333333,67.52,57.75,54.86,false,false,69.14,3.00,82.97,0
1773241691000,64.1174243166667,-21.897854,76.53,64.51,61.28,false,false,86.70,4.00,78.03,0
1773241693000,64.1174243166667,-21.897854,47.15,0.00,61.28,true,false,2.59,2.00,4.67,1
1773241697000,64.1174243166667,-21.897854,3.35,3.35,3.18,false,false,11.13,4.00,10.02,0
1773241703000,64.1184367833333,-21.8979901666667,0.00,0.00,0.00,true,false,0.00,4.00,0.00,1
1773241709000,64.1190796333333,-21.8980998333333,0.00,0.00,0.00,true,false,0.00,4.00,0.00,1
1773241713000,64.1196369166667,-21.8981621666667,47.66,27.92,26.52,false,false,61.93,4.00,55.74,0
1773241717000,64.1196909,-21.8981783333333,16.08,16.08,15.28,false,false,12.73,4.00,11.46,0
1773241719000,64.1196858166667,-21.8981763333333,5.86,0.00,15.28,true,false,5.21,2.00,9.38,1
1773241723000,64.1196858166667,-21.8981763333333,0.00,0.00,0.00,true,true,3.82,4.00,3.43,2
1773241727000,64.1196858,-21.8981765,0.00,0.00,0.00,true,true,1.36,4.00,1.22,3
1773241729000,64.1196856333333,-21.8981765,0.00,0.00,0.00,true,true,0.18,2.00,0.32,4
1773241733000,64.1197296833333,-21.8981878333333,0.00,0.00,0.00,true,true,4.87,4.00,4.39,5
1773241738000,64.11997995,-21.898247,22.18,6.23,5.92,false,false,28.57,5.00,20.57,0
1773241744000,64.1203963666667,-21.8983808333333,31.02,13.65,12.97,false,false,48.84,6.00,29.31,0
1773241747000,64.1203963666667,-21.8983808333333,11.13,0.00,12.97,true,false,0.57,3.00,0.68,1
1773241751000,64.1210301166667,-21.8984908333333,53.48,24.59,23.36,false,false,66.32,4.00,59.68,0
1773241757000,64.12161295,-21.898598,0.00,0.00,0.00,true,false,0.00,4.00,0.00,1
1773241762000,64.1222299666667,-21.898729,0.00,0.00,0.00,true,false,0.00,3.00,0.00,1
1773241768000,64.1236005833333,-21.8989975,108.43,61.18,58.13,false,false,152.70,6.00,91.62,0
1773241772000,64.1236005833333,-21.8989975,17.88,0.00,58.13,true,false,6.37,4.00,5.74,1
1773241774000,64.1243002166667,-21.8991403333333,58.49,55.46,52.68,false,false,65.80,2.00,118.45,0
1773241779000,64.12499835,-21.8992925,67.67,55.63,52.85,false,false,92.77,5.00,66.79,0
1773241782000,64.12499835,-21.8992925,24.89,0.00,52.85,true,false,0.97,3.00,1.16,1
1773241786000,64.1257059166667,-21.8994041666667,57.46,46.99,44.64,false,false,69.14,4.00,62.22,0
1773241792000,64.1264279833333,-21.8995153333333,0.00,0.00,0.00,true,false,0.00,4.00,0.00,1
1773241796000,64.127169,-21.899647,0.00,0.00,0.00,true,false,0.00,2.00,0.00,1
1773241800000,64.1278012333333,-21.8997743333333,54.41,42.34,40.23,false,false,70.45,4.00,63.41,0
1773241806000,64.1281768,-21.899841,21.30,21.30,20.23,false,false,46.58,6.00,27.95,0
1773241808000,64.1283165833333,-21.8999023333333,22.60,22.60,21.47,false,false,13.63,2.00,24.53,0
1773241810000,64.1283165833333,-21.8999023333333,13.96,0.00,21.47,true,false,0.63,2.00,1.14,1
1773241815000,64.1283095666667,-21.8999098333333,0.00,0.00,0.00,true,true,4.31,5.00,3.11,2
1773241820000,64.1283095333333,-21.8999101666667,0.00,0.00,0.00,true,true,2.07,5.00,1.49,3
1773241824000,64.1283095333333,-21.8999101666667,0.00,0.00,0.00,true,true,0.15,4.00,0.14,4
1773241827000,64.1283287,-21.8999125,0.00,0.00,0.00,true,true,2.11,3.00,2.54,5
1773241831000,64.1283287,-21.8999125,0.00,0.00,0.00,true,true,0.37,4.00,0.34,6
1773241833000,64.1286224666667,-21.8999485,23.54,6.97,6.62,false,false,32.70,2.00,58.86,0
1773241835000,64.1286224666667,-21.8999485,20.64,0.00,6.62,true,false,8.87,2.00,15.97,1
1773241838000,64.1289787,-21.8999708333333,36.44,19.15,18.19,false,false,38.28,3.00,45.93,0
1773241842000,64.1289787,-21.8999708333333,8.10,0.00,18.19,true,false,4.52,4.00,4.06,1
1773241844000,64.1294180666667,-21.8999348333333,36.66,33.55,31.87,false,false,44.24,2.00,79.62,0
1773241848000,64.1294180666667,-21.8999348333333,12.89,12.89,12.25,false,false,10.81,4.00,9.73,0
1773241851000,64.1296497,-21.8998478333333,21.57,21.57,20.49,false,false,22.14,3.00,26.57,0
1773241855000,64.1296487333333,-21.89984,4.37,0.00,20.49,true,false,2.15,4.00,1.93,1
1773241857000,64.1296487333333,-21.89984,0.00,0.00,0.00,true,true,2.71,2.00,4.88,2
1773241863000,64.1296485833333,-21.89984,0.00,0.00,0.00,true,true,1.41,6.00,0.84,3
1773241865000,64.1296485,-21.8998398333333,0.00,0.00,0.00,true,true,0.08,2.00,0.15,4
1773241867000,64.1296485,-21.8998398333333,0.00,0.00,0.00,true,true,0.02,2.00,0.04,5
1773241873000,64.12967175,-21.8998368333333,0.00,0.00,0.00,true,true,2.58,6.00,1.55,6
1773241876000,64.1299214666667,-21.8998856666667,21.64,5.76,5.47,false,false,27.96,3.00,33.56,0
1773241880000,64.1304079333333,-21.8998253333333,48.93,17.88,16.99,false,false,58.81,4.00,52.93,0
1773241882000,64.1304079333333,-21.8998253333333,32.41,0.00,16.99,true,false,4.25,2.00,7.65,1
1773241885000,64.13054205,-21.8997683333333,0.00,0.00,0.00,true,true,9.06,3.00,10.87,2
1773241887000,64.13054205,-21.8997683333333,0.00,0.00,0.00,true,true,3.74,2.00,6.73,3
1773241891000,64.1305460166667,-21.899771,0.00,0.00,0.00,true,true,0.64,4.00,0.58,4
1773241893000,64.1305460166667,-21.899771,0.00,0.00,0.00,true,true,0.09,2.00,0.16,5
1773241895000,64.1305459333333,-21.8997711666667,0.00,0.00,0.00,true,true,0.03,2.00,0.06,6
1773241899000,64.1305459333333,-21.8997711666667,0.00,0.00,0.00,true,true,0.01,4.00,0.01,7
1773241901000,64.130546,-21.8997715,0.00,0.00,0.00,true,true,0.02,2.00,0.03,8
1773241905000,64.1305459333333,-21.8997716666667,0.00,0.00,0.00,true,true,0.01,4.00,0.01,9
1773241907000,64.1305459333333,-21.8997716666667,0.00,0.00,0.00,true,true,0.00,2.00,0.00,10
1773241910000,64.1305457666667,-21.8997711666667,0.00,0.00,0.00,true,true,0.03,3.00,0.04,11
1773241913000,64.1305457666667,-21.8997711666667,0.00,0.00,0.00,true,true,0.01,3.00,0.01,12
1773241916000,64.13054575,-21.8997711666667,0.00,0.00,0.00,true,true,0.00,3.00,0.00,13
1773241918000,64.13054575,-21.8997711666667,0.00,0.00,0.00,true,true,0.00,2.00,0.00,14
1773241921000,64.1305458166667,-21.8997713333333,0.00,0.00,0.00,true,true,0.01,3.00,0.01,15
1773241925000,64.1305737666667,-21.899761,0.00,0.00,0.00,true,true,3.14,4.00,2.83,16
1773241931000,64.1308445833333,-21.8996361666667,23.35,6.77,6.43,false,false,31.06,6.00,18.64,0
1773241935000,64.13132295,-21.8993716666667,47.16,16.78,15.94,false,false,56.17,4.00,50.55,0
1773241941000,64.1318717,-21.8990001666667,38.36,23.81,22.62,false,false,66.82,6.00,40.09,0
1773241943000,64.1323962833333,-21.898606,67.87,34.92,33.17,false,false,60.74,2.00,109.33,0
1773241946000,64.1323962833333,-21.898606,32.16,32.16,30.56,false,false,10.17,3.00,12.20,0
1773241948000,64.1327426666667,-21.898316,41.95,41.95,39.86,false,false,31.96,2.00,57.52,0
1773241950000,64.1327426666667,-21.898316,29.00,0.00,39.86,true,false,4.07,2.00,7.32,1
1773241955000,64.1328507666667,-21.8982265,0.00,0.00,0.00,true,true,6.73,5.00,4.84,2
1773241958000,64.1328573666667,-21.898216,0.00,0.00,0.00,true,true,2.18,3.00,2.61,3
1773241960000,64.1328573666667,-21.898216,0.00,0.00,0.00,true,true,0.38,2.00,0.68,4
1773241964000,64.1328577333333,-21.8982163333333,0.00,0.00,0.00,true,true,0.08,4.00,0.07,5
1773241968000,64.1328577666667,-21.8982166666667,0.00,0.00,0.00,true,true,0.02,4.00,0.02,6
1773241974000,64.1328578,-21.8982166666667,0.00,0.00,0.00,true,true,0.00,6.00,0.00,7
1773241977000,64.1328578,-21.8982166666667,0.00,0.00,0.00,true,true,0.00,3.00,0.00,8
1773241981000,64.1328823833333,-21.8981948333333,0.00,0.00,0.00,true,true,2.93,4.00,2.64,9
1773241987000,64.1331056,-21.8981265,19.03,4.37,4.15,false,false,25.34,6.00,15.20,0
1773241992000,64.1333310833333,-21.8987085,28.91,8.67,8.23,false,false,38.48,5.00,27.70,0
1773241999000,64.1335305666667,-21.900041,0.00,0.00,0.00,true,false,0.00,5.00,0.00,1
1773242002000,64.13372745,-21.901371,52.86,30.66,29.13,false,false,68.23,3.00,81.88,0
1773242006000,64.1339213666667,-21.9027266666667,70.31,41.20,39.14,false,false,80.92,4.00,72.83,0
1773242009000,64.1340490333333,-21.9035545,60.13,43.18,41.02,false,false,45.32,3.00,54.38,0
1773242015000,64.1341150166667,-21.9039946666667,0.76,0.76,0.72,false,false,20.24,6.00,12.14,0
1773242018000,64.1341150166667,-21.9039946666667,3.49,0.00,0.72,true,false,4.13,3.00,4.96,1
1773242022000,64.1341128333333,-21.9039438333333,0.00,0.00,0.00,true,true,3.06,4.00,2.75,2
1773242024000,64.1341143833333,-21.9039398333333,0.00,0.00,0.00,true,true,0.28,2.00,0.51,3
1773242026000,64.1341222833333,-21.9039993333333,0.00,0.00,0.00,true,true,3.01,2.00,5.42,4
1773242028000,64.1341222833333,-21.9039993333333,0.00,0.00,0.00,true,true,0.92,2.00,1.65,5
1773242032000,64.1342016,-21.9045713333333,23.54,7.61,7.23,false,false,29.45,4.00,26.51,0
1773242034000,64.1342016,-21.9045713333333,17.16,0.00,7.23,true,false,4.19,2.00,7.54,1
1773242037000,64.1342016,-21.9045713333333,0.00,0.00,0.00,true,true,2.43,3.00,2.92,2
1773242041000,64.1343820666667,-21.9059078333333,50.78,23.28,22.11,false,false,64.54,4.00,58.09,0
1773242046000,64.13458205,-21.9073311666667,58.76,33.90,32.21,false,false,80.80,5.00,58.18,0
1773242048000,64.1347473333333,-21.9083941666667,75.67,43.90,41.71,false,false,55.60,2.00,100.08,0
1773242052000,64.1347473333333,-21.9083941666667,13.69,0.00,41.71,true,false,6.03,4.00,5.42,1
1773242056000,64.1348962833333,-21.9093626666667,32.99,32.99,31.34,false,false,39.88,4.00,35.89,0
1773242059000,64.1350304833333,-21.9101766666667,46.55,43.85,41.66,false,false,45.16,3.00,54.19,0
1773242063000,64.1352082333333,-21.9111085,47.20,41.51,39.43,false,false,52.55,4.00,47.30,0
1773242067000,64.1352082333333,-21.9111085,6.20,0.00,39.43,true,false,0.37,4.00,0.33,1
1773242071000,64.1354187333333,-21.9122923333333,44.69,38.52,36.59,false,false,56.01,4.00,50.40,0
1773242078000,64.1358118166667,-21.9148151666667,0.00,0.00,0.00,false,false,61.90,5.00,44.57,0
1773242080000,64.1358118166667,-21.9148151666667,27.42,0.00,0.00,true,false,0.58,2.00,1.05,1
1773242083000,64.1358118166667,-21.9148151666667,0.00,0.00,0.00,true,true,6.38,3.00,7.66,2
1773242087000,64.1359500166667,-21.9155835,27.21,26.26,24.94,false,false,34.66,4.00,31.19,0
1773242093000,64.13593075,-21.915536,5.90,0.00,24.94,true,false,1.75,6.00,1.05,1
1773242097000,64.13593045,-21.9155356666667,0.00,0.00,0.00,true,true,2.20,4.00,1.98,2
1773242101000,64.1359305833333,-21.9155353333333,0.00,0.00,0.00,true,true,0.47,4.00,0.42,3
1773242103000,64.1359398833333,-21.915642,0.00,0.00,0.00,true,true,5.33,2.00,9.60,4
1773242107000,64.1359398833333,-21.915642,0.00,0.00,0.00,true,true,1.44,4.00,1.30,5
1773242110000,64.1359879333333,-21.9162495,23.09,7.45,7.08,false,false,30.19,3.00,36.23,0
1773242112000,64.1359879333333,-21.9162495,17.91,0.00,7.08,true,false,5.44,2.00,9.80,1
1773242114000,64.1361123,-21.9172853333333,45.08,24.16,22.96,false,false,50.10,2.00,90.19,0
1773242120000,64.13627395,-21.91887,58.06,34.08,32.37,false,false,91.58,6.00,54.95,0
1773242124000,64.13627395,-21.91887,8.36,0.00,32.37,true,false,0.95,4.00,0.85,1
1773242128000,64.1363286166667,-21.9203121666667,50.76,40.14,38.13,false,false,63.38,4.00,57.04,0
1773242132000,64.1361742,-21.9219216666667,73.84,49.67,47.18,false,false,86.13,4.00,77.51,0
1773242137000,64.1360293166667,-21.9237215,66.12,48.89,46.44,false,false,92.60,5.00,66.67,0
1773242142000,64.1359663666667,-21.9255746666667,64.41,53.51,50.84,false,false,89.57,5.00,64.49,0
1773242144000,64.1359663666667,-21.9255746666667,37.90,0.00,50.84,true,false,0.83,2.00,1.50,1
1773242147000,64.13592185,-21.927408,74.84,65.78,62.49,false,false,79.86,3.00,95.83,0
1773242151000,64.1358998166667,-21.9292015,85.50,67.16,63.80,false,false,96.72,4.00,87.05,0
1773242154000,64.1358998166667,-21.9292015,32.20,0.00,63.80,true,false,1.72,3.00,2.06,1
1773242157000,64.13598855,-21.930877,64.60,61.73,58.64,false,false,69.71,3.00,83.65,0
1773242164000,64.136438,-21.9337485,87.91,71.99,68.39,false,false,156.42,7.00,80.44,0
1773242166000,64.136438,-21.9337485,52.46,0.00,68.39,true,false,1.51,2.00,2.72,1
1773242170000,64.13679585,-21.9350275,55.08,55.08,52.32,false,false,61.70,4.00,55.53,0
1773242173000,64.13679585,-21.9350275,20.43,0.00,52.32,true,false,1.46,3.00,1.75,1
1773242175000,64.1372148666667,-21.9362215,58.93,58.58,55.65,false,false,66.27,2.00,119.28,0
1773242177000,64.1372148666667,-21.9362215,47.35,40.94,38.89,false,false,15.66,2.00,28.18,0
1773242184000,64.13766605,-21.937302,28.83,28.83,27.39,false,false,67.27,7.00,34.60,0
1773242188000,64.138139,-21.938316,59.44,43.70,41.52,false,false,71.10,4.00,63.99,0
1773242192000,64.1385071333333,-21.9391378333333,55.87,52.22,49.61,false,false,61.50,4.00,55.35,0
1773242194000,64.1387881666667,-21.9392628333333,53.76,43.36,41.19,false,false,31.24,2.00,56.24,0
1773242197000,64.1387881666667,-21.9392628333333,19.92,0.00,41.19,true,false,4.82,3.00,5.78,1
1773242202000,64.1390819166667,-21.9387501666667,30.56,30.56,29.03,false,false,39.55,5.00,28.47,0
1773242206000,64.1393251833333,-21.9380661666667,39.50,26.49,25.17,false,false,45.36,4.00,40.83,0
1773242208000,64.1393251833333,-21.9380661666667,24.55,0.00,25.17,true,false,1.27,2.00,2.29,1
1773242214000,64.13924255,-21.937507,18.27,17.82,16.93,false,false,25.90,6.00,15.54,0
1773242217000,64.1389853666667,-21.9370398333333,35.73,19.80,18.81,false,false,37.73,3.00,45.28,0
1773242219000,64.1389853666667,-21.9370398333333,24.36,0.00,18.81,true,false,3.85,2.00,6.92,1
1773242222000,64.1388190333333,-21.936532,28.69,20.99,19.94,false,false,26.52,3.00,31.83,0
1773242224000,64.1386258166667,-21.9366871666667,27.79,23.08,21.92,false,false,21.85,2.00,39.32,0
1773242229000,64.1383529,-21.936827,26.16,25.03,23.78,false,false,35.52,5.00,25.58,0
1773242232000,64.1383529,-21.936827,10.03,0.00,23.78,true,false,2.24,3.00,2.69,1
1773242235000,64.1382187,-21.9361773333333,25.69,21.37,20.30,false,false,34.67,3.00,41.60,0
1773242237000,64.1382187,-21.9361773333333,20.42,0.00,20.30,true,false,7.07,2.00,12.73,1
1773242241000,64.1380844333333,-21.9352911666667,36.98,19.19,18.23,false,false,43.51,4.00,39.16,0
1773242244000,64.1379595833333,-21.9344791666667,47.57,29.28,27.81,false,false,44.66,3.00,53.60,0
1773242249000,64.1379595833333,-21.9344791666667,2.28,0.00,27.81,true,false,2.50,5.00,1.80,1
1773242253000,64.1380539,-21.9340855,14.54,14.54,13.81,false,false,18.74,4.00,16.87,0
1773242255000,64.1380539,-21.9340855,10.32,0.00,13.81,true,false,2.26,2.00,4.07,1
1773242258000,64.1383485833333,-21.9338323333333,28.80,16.22,15.41,false,false,33.54,3.00,40.24,0
1773242260000,64.1383485833333,-21.9338323333333,21.32,0.00,15.41,true,false,5.36,2.00,9.64,1
1773242265000,64.1385197666667,-21.9341928333333,19.47,14.36,13.64,false,false,25.08,5.00,18.06,0
1773242267000,64.1385597833333,-21.9344415,22.24,15.13,14.37,false,false,15.09,2.00,27.16,0
1773242271000,64.1385624166667,-21.934452,4.07,0.00,14.37,true,false,2.04,4.00,1.84,1
1773242273000,64.1385624166667,-21.934452,0.00,0.00,0.00,true,true,3.00,2.00,5.39,2
1773242278000,64.1385627,-21.9344521666667,0.00,0.00,0.00,true,true,1.40,5.00,1.01,3
1773242281000,64.13856245,-21.9344525,0.00,0.00,0.00,true,true,0.12,3.00,0.14,4
1773242285000,64.13856245,-21.9344525,0.00,0.00,0.00,true,true,0.02,4.00,0.02,5
1773242287000,64.13856795,-21.9344951666667,0.00,0.00,0.00,true,true,2.16,2.00,3.89,6
1773242290000,64.13856795,-21.9344951666667,0.00,0.00,0.00,true,true,0.59,3.00,0.70,7
1773242296000,64.1388181333333,-21.9361338333333,64.68,17.27,16.41,false,false,84.46,6.00,50.68,0
1773242300000,64.1388181333333,-21.9361338333333,11.72,0.00,16.41,true,false,4.46,4.00,4.01,1
1773242302000,64.1390220333333,-21.9370535,37.96,28.82,27.38,false,false,42.79,2.00,77.03,0
1773242305000,64.1390220333333,-21.9370535,21.34,0.00,27.38,true,false,9.76,3.00,11.72,1
1773242307000,64.1393521666667,-21.9375938333333,40.58,36.80,34.96,false,false,41.28,2.00,74.31,0
1773242313000,64.1395678833333,-21.9376746666667,16.36,16.36,15.54,false,false,33.25,6.00,19.95,0
1773242315000,64.1395678833333,-21.9376746666667,9.35,0.00,15.54,true,false,2.36,2.00,4.25,1
1773242319000,64.1397449,-21.9378031666667,15.24,15.24,14.48,false,false,18.09,4.00,16.28,0
1773242325000,64.1396300166667,-21.9381533333333,17.79,15.50,14.73,false,false,21.73,6.00,13.04,0
1773242327000,64.1393912333333,-21.9384795,34.59,7.77,7.38,false,false,32.70,2.00,58.86,0
1773242330000,64.1393912333333,-21.9384795,16.98,0.00,7.38,true,false,6.01,3.00,7.21,1
1773242332000,64.13910965,-21.9392191666667,40.12,19.19,18.23,false,false,43.28,2.00,77.90,0
1773242336000,64.13910965,-21.9392191666667,12.51,0.00,18.23,true,false,9.92,4.00,8.93,1
1773242338000,64.1389135666667,-21.9398835,32.10,32.04,30.44,false,false,34.31,2.00,61.76,0
1773242342000,64.13891835,-21.9399923333333,13.32,13.32,12.65,false,false,12.18,4.00,10.97,0
1773242345000,64.1389244666667,-21.9400158333333,3.60,0.00,12.65,true,false,3.13,3.00,3.75,1
1773242348000,64.1389244666667,-21.9400158333333,0.00,0.00,0.00,true,true,2.43,3.00,2.92,2
1773242352000,64.1389246666667,-21.9400163333333,0.00,0.00,0.00,true,true,0.95,4.00,0.86,3
1773242354000,64.1389246666667,-21.9400163333333,0.00,0.00,0.00,true,true,0.12,2.00,0.21,4
1773242356000,64.1389246166667,-21.9400165,0.00,0.00,0.00,true,true,0.02,2.00,0.04,5
1773242360000,64.1389259,-21.9400438333333,0.00,0.00,0.00,true,true,1.33,4.00,1.20,6
1773242362000,64.1389407166667,-21.9401251666667,0.00,0.00,0.00,true,true,4.46,2.00,8.03,7
1773242367000,64.1390938666667,-21.9405766666667,23.10,7.93,7.54,false,false,28.93,5.00,20.83,0
1773242369000,64.1390938666667,-21.9405766666667,15.53,0.00,7.54,true,false,2.47,2.00,4.45,1
1773242371000,64.1390938666667,-21.9405766666667,0.00,0.00,0.00,true,true,2.73,2.00,4.91,2
1773242374000,64.1394146833333,-21.9412905,34.78,20.91,19.86,false,false,46.35,3.00,55.62,0
1773242376000,64.1394146833333,-21.9412905,28.23,0.00,19.86,true,false,9.86,2.00,17.74,1
1773242380000,64.1399093833333,-21.9423671666667,61.44,34.77,33.03,false,false,73.08,4.00,65.77,0
1773242386000,64.1403694166667,-21.9432821666667,39.68,39.68,37.69,false,false,73.45,6.00,44.07,0
1773242390000,64.14082435,-21.9441538333333,55.75,49.09,46.64,false,false,64.48,4.00,58.04,0
1773242397000,64.1412388833333,-21.9449553333333,23.02,23.02,21.87,false,false,62.50,7.00,32.15,0
1773242399000,64.1415975833333,-21.9456516666667,51.68,50.39,47.87,false,false,50.77,2.00,91.38,0
1773242402000,64.1415975833333,-21.9456516666667,25.89,0.00,47.87,true,false,9.75,3.00,11.70,1
1773242405000,64.1419472,-21.9463135,42.85,42.85,40.70,false,false,44.03,3.00,52.83,0
1773242407000,64.1420464166667,-21.9465161666667,39.55,37.64,35.76,false,false,19.07,2.00,34.33,0
1773242414000,64.1423149833333,-21.9470535,10.71,10.71,10.18,false,false,38.27,7.00,19.68,0
1773242416000,64.1423149833333,-21.9470535,5.32,0.00,10.18,true,false,1.42,2.00,2.56,1
1773242418000,64.1425578833333,-21.947511,26.62,26.62,25.29,false,false,33.03,2.00,59.45,0
1773242421000,64.1425578833333,-21.947511,16.65,0.00,25.29,true,false,8.93,3.00,10.71,1
1773242423000,64.1425578833333,-21.947511,0.00,0.00,0.00,true,true,2.79,2.00,5.02,2
1773242427000,64.1425569666667,-21.9474926666667,0.00,0.00,0.00,true,true,4.21,4.00,3.79,3
1773242431000,64.1425569666667,-21.9474926666667,0.00,0.00,0.00,true,true,0.58,4.00,0.52,4
1773242433000,64.1425569666667,-21.9474926666667,0.00,0.00,0.00,true,true,0.07,2.00,0.12,5
1773242436000,64.1425702333333,-21.9475196666667,0.00,0.00,0.00,true,true,1.95,3.00,2.34,6
1773242441000,64.1428223666667,-21.947753,24.07,6.33,6.02,false,false,30.57,5.00,22.01,0
1773242444000,64.1428223666667,-21.947753,10.46,0.00,6.02,true,false,2.49,3.00,2.98,1
1773242446000,64.1431084666667,-21.9478373333333,26.73,15.25,14.49,false,false,29.10,2.00,52.39,0
1773242451000,64.1433082666667,-21.9475676666667,22.85,16.72,15.89,false,false,31.57,5.00,22.73,0
1773242455000,64.143339,-21.9474346666667,9.12,0.00,15.89,true,false,8.57,4.00,7.71,1
1773242458000,64.1432939833333,-21.9468356666667,25.12,14.56,13.83,false,false,29.56,3.00,35.47,0
1773242464000,64.1432179,-21.9459095,31.36,17.93,17.04,false,false,50.06,6.00,30.04,0
1773242466000,64.1432179,-21.9459095,18.72,0.00,17.04,true,false,0.44,2.00,0.80,1
1773242469000,64.1431429833333,-21.9448193333333,44.54,26.91,25.56,false,false,49.24,3.00,59.09,0
1773242472000,64.1431429833333,-21.9448193333333,21.47,0.00,25.56,true,false,6.59,3.00,7.90,1
1773242476000,64.14306405,-21.9436195,44.46,31.61,30.03,false,false,53.09,4.00,47.78,0
1773242481000,64.14297485,-21.9423573333333,47.60,36.93,35.08,false,false,65.80,5.00,47.37,0
1773242483000,64.14297485,-21.9423573333333,28.33,0.00,35.08,true,false,0.31,2.00,0.56,1
1773242485000,64.14291415,-21.9413523333333,47.11,38.26,36.35,false,false,42.46,2.00,76.42,0
1773242489000,64.14291415,-21.9413523333333,11.80,0.00,36.35,true,false,7.96,4.00,7.17,1
1773242493000,64.14284765,-21.9405698333333,27.09,27.09,25.74,false,false,32.65,4.00,29.38,0
1773242497000,64.1428522333333,-21.9405785,4.91,0.00,25.74,true,false,1.81,4.00,1.63,1
1773242499000,64.1428522333333,-21.9405785,0.00,0.00,0.00,true,true,3.29,2.00,5.91,2
1773242501000,64.1428518666667,-21.9405255,0.00,0.00,0.00,true,true,1.01,2.00,1.82,3
1773242504000,64.1428518666667,-21.9405255,0.00,0.00,0.00,true,true,0.31,3.00,0.37,4
1773242507000,64.1429870166667,-21.9402085,16.29,6.02,5.71,false,false,21.56,3.00,25.87,0
1773242509000,64.1429870166667,-21.9402085,12.93,0.00,5.71,true,false,4.22,2.00,7.59,1
1773242513000,64.1431869166667,-21.9401151666667,18.34,11.18,10.62,false,false,21.51,4.00,19.36,0
1773242515000,64.1431869166667,-21.9401151666667,12.00,0.00,10.62,true,false,1.79,2.00,3.22,1
1773242522000,64.1431886,-21.9401021666667,0.00,0.00,0.00,true,true,2.12,7.00,1.09,2
1773242524000,64.1432585,-21.9400995,0.00,0.00,0.00,true,true,6.85,2.00,12.33,3
1773242526000,64.1432585,-21.9400995,0.00,0.00,0.00,true,true,1.78,2.00,3.21,4
1773242528000,64.1432585,-21.9400995,0.00,0.00,0.00,true,true,0.53,2.00,0.95,5
1773242531000,64.1435702166667,-21.939938,26.64,9.78,9.29,false,false,35.64,3.00,42.77,0
1773242534000,64.1435702166667,-21.939938,15.72,0.00,9.29,true,false,7.75,3.00,9.30,1
1773242536000,64.1438421,-21.9398266666667,29.00,19.87,18.88,false,false,27.83,2.00,50.09,0
1773242541000,64.1438887333333,-21.9398228333333,5.25,5.25,4.99,false,false,10.69,5.00,7.70,0
1773242544000,64.1441340666667,-21.9396966666667,21.37,21.37,20.30,false,false,25.32,3.00,30.38,0
1773242548000,64.14449105,-21.9395228333333,37.40,22.10,20.99,false,false,44.16,4.00,39.74,0
1773242550000,64.14449105,-21.9395228333333,24.24,0.00,20.99,true,false,2.49,2.00,4.49,1
1773242554000,64.1449263666667,-21.9393275,38.02,24.59,23.36,false,false,44.28,4.00,39.86,0
1773242559000,64.1452886,-21.9391246666667,30.94,30.94,29.39,false,false,43.68,5.00,31.45,0
1773242561000,64.1452886,-21.9391246666667,17.77,0.00,29.39,true,false,0.71,2.00,1.28,1
1773242565000,64.14557215,-21.9387636666667,27.06,26.62,25.29,false,false,31.55,4.00,28.40,0
1773242569000,64.14575055,-21.9384766666667,23.78,23.78,22.59,false,false,25.90,4.00,23.31,0
1773242572000,64.14575055,-21.9384766666667,8.21,0.00,22.59,true,false,0.61,3.00,0.73,1
1773242574000,64.1459170166667,-21.9381863333333,18.81,18.81,17.87,false,false,19.63,2.00,35.33,0
1773242581000,64.1461082,-21.9378371666667,14.99,14.99,14.24,false,false,31.45,7.00,16.17,0
1773242585000,64.1462941666667,-21.937586,20.58,17.73,16.85,false,false,23.79,4.00,21.41,0
1773242592000,64.1464958833333,-21.9373673333333,10.40,10.40,9.88,false,false,25.62,7.00,13.17,0
1773242597000,64.1464873333333,-21.9373641666667,1.76,0.00,9.88,true,false,1.31,5.00,0.95,1
1773242600000,64.1464872333333,-21.9373643333333,0.00,0.00,0.00,true,true,1.11,3.00,1.33,2
1773242602000,64.1464872333333,-21.9373643333333,0.00,0.00,0.00,true,true,0.07,2.00,0.12,3
1773242605000,64.1464872333333,-21.9373643333333,0.00,0.00,0.00,true,true,0.02,3.00,0.02,4
1773242607000,64.1465046,-21.9373395,0.00,0.00,0.00,true,true,2.28,2.00,4.10,5
1773242611000,64.1465649333333,-21.9372478333333,0.00,0.00,0.00,true,true,8.71,4.00,7.84,6
1773242615000,64.1467979,-21.9368516666667,26.17,10.21,9.70,false,false,33.43,4.00,30.09,0
1773242618000,64.14684775,-21.9367651666667,17.78,11.14,10.58,false,false,10.87,3.00,13.05,0
1773242620000,64.14684775,-21.9367651666667,9.46,0.00,10.58,true,false,1.96,2.00,3.52,1
1773242625000,64.1471119333333,-21.936318,25.49,16.75,15.91,false,false,33.14,5.00,23.86,0
1773242627000,64.1471119333333,-21.936318,16.42,0.00,15.91,true,false,1.74,2.00,3.12,1
1773242630000,64.1472657666667,-21.9360853333333,19.10,15.34,14.58,false,false,17.21,3.00,20.66,0
1773242633000,64.14736985,-21.9359031666667,18.59,17.17,16.31,false,false,15.25,3.00,18.31,0
1773242635000,64.14736985,-21.9359031666667,11.31,0.00,16.31,true,false,0.19,2.00,0.33,1
1773242640000,64.1476137666667,-21.9354566666667,24.14,16.73,15.89,false,false,31.69,5.00,22.81,0
1773242642000,64.1478777166667,-21.9349353333333,43.65,26.01,24.71,false,false,40.13,2.00,72.24,0
1773242648000,64.1480859333333,-21.9345811666667,15.14,15.14,14.38,false,false,35.84,6.00,21.50,0
1773242650000,64.1481191,-21.93454,10.56,0.00,14.38,true,false,2.31,2.00,4.16,1
1773242653000,64.1481191,-21.93454,0.00,0.00,0.00,true,true,1.63,3.00,1.96,2
1773242655000,64.1481345666667,-21.9346276666667,0.00,0.00,0.00,true,true,5.41,2.00,9.73,3
1773242657000,64.1481345666667,-21.9346276666667,0.00,0.00,0.00,true,true,1.56,2.00,2.81,4
1773242661000,64.1481345666667,-21.9346276666667,0.00,0.00,0.00,true,true,0.49,4.00,0.44,5
1773242667000,64.1481345666667,-21.9346276666667,0.00,0.00,0.00,true,true,0.07,6.00,0.04,6
1773242671000,64.1481607166667,-21.9345886666667,0.00,0.00,0.00,true,true,3.46,4.00,3.12,7
1773242674000,64.1481607166667,-21.9345886666667,0.00,0.00,0.00,true,true,0.38,3.00,0.45,8
1773242679000,64.1486119666667,-21.933762,50.34,11.07,10.52,false,false,64.28,5.00,46.28,0
1773242684000,64.1488474166667,-21.9332538333333,28.06,16.21,15.40,false,false,41.03,5.00,29.54,0
1773242686000,64.1488474166667,-21.9332538333333,15.01,0.00,15.40,true,false,2.11,2.00,3.79,1
1773242690000,64.1489850166667,-21.9329631666667,14.62,14.62,13.89,false,false,16.18,4.00,14.57,0
1773242696000,64.1491615,-21.932472,19.50,19.50,18.53,false,false,30.81,6.00,18.49,0
1773242699000,64.1493518833333,-21.9317005,40.72,23.30,22.14,false,false,43.39,3.00,52.07,0
1773242704000,64.1494107,-21.9312013333333,19.88,19.88,18.89,false,false,29.69,5.00,21.38,0
1773242707000,64.1494204833333,-21.9303703333333,36.96,26.34,25.02,false,false,38.83,3.00,46.59,0
1773242712000,64.1494204833333,-21.9303703333333,0.73,0.00,25.02,true,false,3.99,5.00,2.88,1
1773242716000,64.1492901833333,-21.9292615,41.01,28.14,26.73,false,false,52.27,4.00,47.04,0
1773242721000,64.1489800166667,-21.9282001666667,0.00,0.00,0.00,true,false,0.00,3.00,0.00,1
1773242724000,64.1488155,-21.9280558333333,15.22,11.75,11.16,false,false,19.56,3.00,23.47,0
1773242726000,64.1488155,-21.9280558333333,11.33,0.00,11.16,true,false,2.84,2.00,5.12,1
1773242732000,64.14865815,-21.9284181666667,18.03,9.60,9.12,false,false,24.21,6.00,14.53,0
1773242737000,64.1484081166667,-21.9278715,29.07,12.42,11.80,false,false,37.40,5.00,26.93,0
1773242739000,64.1484081166667,-21.9278715,19.46,0.00,11.80,true,false,3.51,2.00,6.32,1
1773242741000,64.1484081166667,-21.9278715,0.00,0.00,0.00,true,true,3.44,2.00,6.18,2
1773242745000,64.1481053666667,-21.9269496666667,41.22,18.09,17.18,false,false,51.82,4.00,46.64,0
1773242747000,64.1481053666667,-21.9269496666667,29.90,0.00,17.18,true,false,7.11,2.00,12.79,1
1773242750000,64.1478841666667,-21.9262713333333,38.87,26.87,25.53,false,false,36.79,3.00,44.15,0
1773242752000,64.1478841666667,-21.9262713333333,25.58,0.00,25.53,true,false,2.43,2.00,4.38,1
1773242754000,64.1480109833333,-21.9260065,18.61,18.61,17.68,false,false,19.31,2.00,34.75,0
1773242762000,64.1482176166667,-21.9265048333333,35.31,5.28,5.01,false,false,39.98,8.00,17.99,0
1773242764000,64.1483644,-21.9270111666667,43.68,6.13,5.83,false,false,31.26,2.00,56.27,0
1773242767000,64.1483644,-21.9270111666667,18.03,0.00,5.83,true,false,3.10,3.00,3.73,1
1773242772000,64.1483398,-21.9273005,8.12,8.12,7.71,false,false,10.85,5.00,7.81,0
1773242775000,64.1483327166667,-21.92728,4.03,0.00,7.71,true,false,3.13,3.00,3.76,1
1773242849000,64.1483332666667,-21.9272786666667,0.00,0.00,0.00,true,true,1.29,74.00,0.06,2
1773242853000,64.1483332666667,-21.9272786666667,0.00,0.00,0.00,true,true,0.00,4.00,0.00,3
1773242856000,64.1483332666667,-21.9272786666667,0.00,0.00,0.00,true,true,0.00,3.00,0.00,4
1773242860000,64.1483332666667,-21.9272786666667,0.00,0.00,0.00,true,true,0.00,4.00,0.00,5
1773242862000,64.1483332666667,-21.9272786666667,0.00,0.00,0.00,true,true,0.00,2.00,0.00,6
1773242868000,64.1483332666667,-21.9272786666667,0.00,0.00,0.00,true,true,0.00,6.00,0.00,7
1773242873000,64.1483332333333,-21.9272786666667,0.00,0.00,0.00,true,true,0.00,5.00,0.00,8
1773242876000,64.1483331833333,-21.9272786666667,0.00,0.00,0.00,true,true,0.01,3.00,0.01,9
1773242883000,64.1483331333333,-21.9272788333333,0.00,0.00,0.00,true,true,0.01,7.00,0.01,10
1773242888000,64.1483331333333,-21.9272788333333,0.00,0.00,0.00,true,true,0.00,5.00,0.00,11
1773242893000,64.1483331,-21.927279,0.00,0.00,0.00,true,true,0.01,5.00,0.01,12
1773242899000,64.1483331,-21.927279,0.00,0.00,0.00,true,true,0.00,6.00,0.00,13
1773242902000,64.1483331,-21.927279,0.00,0.00,0.00,true,true,0.00,3.00,0.00,14
1773242907000,64.1483330666667,-21.927279,0.00,0.00,0.00,true,true,0.00,5.00,0.00,15
1773242911000,64.1483194833333,-21.9273345,0.00,0.00,0.00,true,true,3.09,4.00,2.78,16
1773242913000,64.1483194833333,-21.9273345,0.00,0.00,0.00,true,true,0.34,2.00,0.62,17
1773242917000,64.1483211333333,-21.9275408333333,8.03,2.55,2.43,false,false,10.11,4.00,9.10,0
1773242922000,64.1484802333333,-21.9279813333333,21.86,6.80,6.46,false,false,28.80,5.00,20.73,0
1773242926000,64.1486169833333,-21.9282185,18.93,10.50,9.98,false,false,20.65,4.00,18.59,0
1773242930000,64.1486169833333,-21.9282185,2.23,0.00,9.98,true,false,0.74,4.00,0.66,1
1773242934000,64.1487306333333,-21.9281065,10.23,10.13,9.62,false,false,12.86,4.00,11.57,0
1773242936000,64.1487306333333,-21.9281065,7.09,0.00,9.62,true,false,1.36,2.00,2.45,1
1773242938000,64.14874105,-21.9280861666667,0.00,0.00,0.00,true,true,0.45,2.00,0.81,2
1773242942000,64.1487408833333,-21.9280861666667,0.00,0.00,0.00,true,true,1.11,4.00,1.00,3
1773242948000,64.1487406833333,-21.928086,0.00,0.00,0.00,true,true,0.17,6.00,0.10,4
1773242951000,64.1487406833333,-21.928086,0.00,0.00,0.00,true,true,0.01,3.00,0.01,5
1773242955000,64.1487407,-21.9280858333333,0.00,0.00,0.00,true,true,0.01,4.00,0.01,6
1773242957000,64.1487405166667,-21.9280856666667,0.00,0.00,0.00,true,true,0.02,2.00,0.04,7
1773242960000,64.1487405166667,-21.9280856666667,0.00,0.00,0.00,true,true,0.01,3.00,0.01,8
1773242963000,64.1487405,-21.9280858333333,0.00,0.00,0.00,true,true,0.01,3.00,0.01,9
1773242968000,64.1487400833333,-21.9280855,0.00,0.00,0.00,true,true,0.05,5.00,0.04,10
1773242970000,64.1487400833333,-21.9280855,0.00,0.00,0.00,true,true,0.00,2.00,0.01,11
1773242972000,64.1487400333333,-21.9280853333333,0.00,0.00,0.00,true,true,0.01,2.00,0.02,12
1773242975000,64.1487400333333,-21.9280853333333,0.00,0.00,0.00,true,true,0.00,3.00,0.00,13
1773242978000,64.1487400166667,-21.9280853333333,0.00,0.00,0.00,true,true,0.00,3.00,0.00,14
1773242982000,64.1487400166667,-21.9280853333333,0.00,0.00,0.00,true,true,0.00,4.00,0.00,15
1773242984000,64.14874005,-21.9280851666667,0.00,0.00,0.00,true,true,0.01,2.00,0.02,16
1773242987000,64.1487437166667,-21.9280781666667,0.00,0.00,0.00,true,true,0.53,3.00,0.64,17
1773242994000,64.14874365,-21.9280783333333,0.00,0.00,0.00,true,true,0.10,7.00,0.05,18
1773242997000,64.14874365,-21.9280783333333,0.00,0.00,0.00,true,true,0.00,3.00,0.00,19
1773242999000,64.1487436166667,-21.9280781666667,0.00,0.00,0.00,true,true,0.01,2.00,0.02,20
1773243002000,64.1487436166667,-21.9280781666667,0.00,0.00,0.00,true,true,0.00,3.00,0.00,21
1773243005000,64.1487435833333,-21.928078,0.00,0.00,0.00,true,true,0.01,3.00,0.01,22
1773243007000,64.1487435833333,-21.928078,0.00,0.00,0.00,true,true,0.00,2.00,0.00,23
1773243011000,64.1487435666667,-21.928078,0.00,0.00,0.00,true,true,0.00,4.00,0.00,24
1773243013000,64.1487435666667,-21.928078,0.00,0.00,0.00,true,true,0.00,2.00,0.00,25
1773243016000,64.1487435333333,-21.928078,0.00,0.00,0.00,true,true,0.00,3.00,0.00,26
1773243018000,64.1487437333333,-21.9280773333333,0.00,0.00,0.00,true,true,0.04,2.00,0.07,27
1773243022000,64.1487437333333,-21.9280773333333,0.00,0.00,0.00,true,true,0.01,4.00,0.01,28
1773243026000,64.14874385,-21.928077,0.00,0.00,0.00,true,true,0.02,4.00,0.02,29
1773243031000,64.1487437666667,-21.928077,0.00,0.00,0.00,true,true,0.01,5.00,0.01,30
1773243035000,64.1487437,-21.928077,0.00,0.00,0.00,true,true,0.01,4.00,0.01,31
1773243039000,64.1487436666667,-21.928077,0.00,0.00,0.00,true,true,0.00,4.00,0.00,32
1773243041000,64.1487436666667,-21.928077,0.00,0.00,0.00,true,true,0.00,2.00,0.00,33
1773243044000,64.1487460166667,-21.9280743333333,0.00,0.00,0.00,true,true,0.29,3.00,0.35,34
1773243046000,64.1487643,-21.9280461666667,0.00,0.00,0.00,true,true,2.51,2.00,4.51,35
1773243050000,64.1489635833333,-21.9278193333333,20.25,6.59,6.26,false,false,25.44,4.00,22.89,0
1773243057000,64.1492331666667,-21.9282826666667,24.92,11.07,10.51,false,false,39.12,7.00,20.12,0
1773243060000,64.1492331666667,-21.9282826666667,9.27,0.00,10.51,true,false,1.28,3.00,1.53,1
1773243062000,64.1494861166667,-21.9292401666667,42.20,19.97,18.97,false,false,51.12,2.00,92.01,0
1773243067000,64.14959955,-21.9305076666667,55.60,25.92,24.63,false,false,75.12,5.00,54.09,0
1773243070000,64.14959955,-21.9305076666667,21.16,0.00,24.63,true,false,2.17,3.00,2.61,1
1773243072000,64.1495313333333,-21.9315535,43.47,38.88,36.94,false,false,44.39,2.00,79.91,0
1773243078000,64.1494284333333,-21.932192,20.85,20.85,19.81,false,false,42.63,6.00,25.58,0
1773243082000,64.14901935,-21.9334816666667,62.37,38.18,36.27,false,false,76.20,4.00,68.58,0
1773243084000,64.14876455,-21.933925,66.69,40.22,38.21,false,false,41.34,2.00,74.40,0
1773243087000,64.14876455,-21.933925,25.87,0.00,38.21,true,false,3.11,3.00,3.73,1
1773243092000,64.1482470666667,-21.9348668333333,47.04,38.69,36.76,false,false,62.81,5.00,45.22,0
1773243099000,64.1480627,-21.9352136666667,2.66,2.66,2.53,false,false,28.70,7.00,14.76,0
1773243101000,64.1478725,-21.9355448333333,20.08,20.08,19.07,false,false,24.56,2.00,44.20,0
1773243104000,64.1478725,-21.9355448333333,11.71,0.00,19.07,true,false,5.93,3.00,7.12,1
1773243107000,64.14751175,-21.936114,39.53,31.52,29.95,false,false,46.62,3.00,55.94,0
1773243111000,64.1473810666667,-21.9363238333333,24.49,22.63,21.50,false,false,24.79,4.00,22.31,0
1773243113000,64.1473810666667,-21.9363238333333,12.97,0.00,21.50,true,false,2.40,2.00,4.31,1
1773243119000,64.1473783833333,-21.936327,0.00,0.00,0.00,true,true,4.01,6.00,2.41,2
1773243122000,64.1473784666667,-21.936327,0.00,0.00,0.00,true,true,1.41,3.00,1.69,3
1773243124000,64.1473784666667,-21.936327,0.00,0.00,0.00,true,true,0.24,2.00,0.43,4
1773243126000,64.1473784666667,-21.936327,0.00,0.00,0.00,true,true,0.07,2.00,0.12,5
1773243134000,64.1473784666667,-21.936327,0.00,0.00,0.00,true,true,0.02,8.00,0.01,6
1773243137000,64.1473784666667,-21.936327,0.00,0.00,0.00,true,true,0.00,3.00,0.00,7
1773243141000,64.1473784666667,-21.936327,0.00,0.00,0.00,true,true,0.00,4.00,0.00,8
1773243143000,64.1473784666667,-21.936327,0.00,0.00,0.00,true,true,0.00,2.00,0.00,9
1773243149000,64.1473784666667,-21.936327,0.00,0.00,0.00,true,true,0.00,6.00,0.00,10
1773243155000,64.1473784666667,-21.936327,0.00,0.00,0.00,true,true,0.00,6.00,0.00,11
1773243157000,64.1473784666667,-21.936327,0.00,0.00,0.00,true,true,0.00,2.00,0.00,12
1773243159000,64.1473784666667,-21.936327,0.00,0.00,0.00,true,true,0.00,2.00,0.00,13
1773243162000,64.1473784666667,-21.936327,0.00,0.00,0.00,true,true,0.00,3.00,0.00,14
1773243164000,64.1473784666667,-21.936327,0.00,0.00,0.00,true,true,0.00,2.00,0.00,15
1773243168000,64.1473784666667,-21.936327,0.00,0.00,0.00,true,true,0.00,4.00,0.00,16
1773243170000,64.1473784666667,-21.936327,0.00,0.00,0.00,true,true,0.00,2.00,0.00,17
1773243172000,64.1473784666667,-21.936327,0.00,0.00,0.00,true,true,0.00,2.00,0.00,18
1773243176000,64.1473786166667,-21.9363391666667,0.00,0.00,0.00,true,true,0.59,4.00,0.53,19
1773243178000,64.1473786166667,-21.9363391666667,0.00,0.00,0.00,true,true,0.08,2.00,0.15,20
1773243183000,64.1471755,-21.936615,20.95,6.37,6.05,false,false,26.24,5.00,18.89,0
1773243185000,64.1471755,-21.936615,14.08,0.00,6.05,true,false,2.24,2.00,4.03,1
1773243188000,64.1468435166667,-21.9371096666667,36.75,15.88,15.08,false,false,41.53,3.00,49.83,0
1773243191000,64.1466744,-21.9373628333333,35.08,22.25,21.14,false,false,28.41,3.00,34.09,0
1773243196000,64.1466204,-21.9374441666667,2.07,0.00,21.14,true,false,6.75,5.00,4.86,1
1773243198000,64.1466204,-21.9374441666667,0.00,0.00,0.00,true,true,3.39,2.00,6.10,2
1773243202000,64.1465593833333,-21.9375451666667,0.00,0.00,0.00,true,true,7.17,4.00,6.46,3
1773243205000,64.1463339333333,-21.9378961666667,23.86,14.46,13.74,false,false,31.21,3.00,37.45,0
1773243212000,64.1460777833333,-21.9383518333333,20.43,14.03,13.33,false,false,41.65,7.00,21.42,0
1773243216000,64.1459577166667,-21.9385938333333,16.42,16.42,15.60,false,false,17.62,4.00,15.86,0
1773243220000,64.1458978166667,-21.9386696666667,7.60,0.00,15.60,true,false,7.04,4.00,6.34,1
1773243224000,64.1457560333333,-21.9388806666667,14.72,14.72,13.98,false,false,17.53,4.00,15.77,0
1773243228000,64.1457387,-21.938942,5.37,0.00,13.98,true,false,4.52,4.00,4.07,1
1773243231000,64.1457578166667,-21.9390856666667,0.00,0.00,0.00,true,true,7.24,3.00,8.69,2
1773243234000,64.1457578166667,-21.9390856666667,0.00,0.00,0.00,true,true,1.31,3.00,1.57,3
1773243239000,64.1458483166667,-21.9394858333333,17.35,7.57,7.19,false,false,22.09,5.00,15.90,0
1773243242000,64.14601945,-21.9400773333333,34.19,13.00,12.35,false,false,36.22,3.00,43.47,0
1773243244000,64.14601945,-21.9400773333333,23.42,0.00,12.35,true,false,3.77,2.00,6.79,1
1773243247000,64.1461862833333,-21.9407721666667,34.49,21.29,20.23,false,false,34.22,3.00,41.07,0
1773243249000,64.1461862833333,-21.9407721666667,23.32,0.00,20.23,true,false,3.08,2.00,5.55,1
1773243256000,64.1463825333333,-21.9415586666667,18.80,18.80,17.86,false,false,39.30,7.00,20.21,0
1773243260000,64.1463666333333,-21.941552,1.70,0.00,17.86,true,false,1.93,4.00,1.74,1
1773243265000,64.1463667,-21.9415518333333,0.00,0.00,0.00,true,true,2.48,5.00,1.78,2
1773243269000,64.1463666,-21.941552,0.00,0.00,0.00,true,true,0.33,4.00,0.30,3
1773243272000,64.1463666,-21.941552,0.00,0.00,0.00,true,true,0.04,3.00,0.04,4
1773243277000,64.1463664833333,-21.941552,0.00,0.00,0.00,true,true,0.02,5.00,0.01,5
1773243285000,64.1463664,-21.9415518333333,0.00,0.00,0.00,true,true,0.01,8.00,0.01,6
1773243290000,64.1463656333333,-21.941548,0.00,0.00,0.00,true,true,0.21,5.00,0.15,7
1773243300000,64.1463632666667,-21.9415333333333,0.00,0.00,0.00,true,true,0.77,10.00,0.28,8
1773243306000,64.1464536833333,-21.9419813333333,17.83,2.43,2.31,false,false,23.97,6.00,14.38,0
1773243310000,64.1464536833333,-21.9419813333333,3.05,0.00,2.31,true,false,1.08,4.00,0.97,1
1773243316000,64.14664485,-21.94277,30.52,7.74,7.36,false,false,41.79,6.00,25.08,0
1773243321000,64.1467913,-21.943312,23.08,11.35,10.78,false,false,32.74,5.00,23.57,0
1773243326000,64.1467226833333,-21.943672,13.52,13.52,12.84,false,false,18.60,5.00,13.39,0
1773243331000,64.1464675166667,-21.9440158333333,25.47,14.21,13.50,false,false,34.07,5.00,24.53,0
1773243334000,64.1460814,-21.9444928333333,47.88,19.29,18.33,false,false,50.02,3.00,60.02,0
1773243336000,64.1460814,-21.9444928333333,32.51,0.00,18.33,true,false,4.93,2.00,8.88,1
1773243341000,64.14561245,-21.9450408333333,38.30,28.01,26.61,false,false,52.39,5.00,37.72,0
1773243346000,64.14561245,-21.9450408333333,2.24,0.00,26.61,true,false,0.63,5.00,0.45,1
1773243350000,64.1445542333333,-21.9462648333333,100.15,45.30,43.03,false,false,127.83,4.00,115.05,0
1773243352000,64.1445542333333,-21.9462648333333,70.33,38.06,36.16,false,false,14.45,2.00,26.01,0
1773243356000,64.1440304166667,-21.9469026666667,51.80,46.13,43.82,false,false,54.82,4.00,49.34,0
1773243362000,64.1436129666667,-21.9473685,23.37,23.37,22.20,false,false,48.51,6.00,29.11,0
1773243365000,64.1433777833333,-21.9476728333333,30.14,30.14,28.63,false,false,28.12,3.00,33.75,0
1773243367000,64.1433777833333,-21.9476728333333,19.24,0.00,28.63,true,false,1.49,2.00,2.67,1
1773243370000,64.1431597166667,-21.9480163333333,26.10,26.10,24.80,false,false,25.18,3.00,30.22,0
1773243372000,64.1431597166667,-21.9480163333333,17.37,0.00,24.80,true,false,1.96,2.00,3.52,1
1773243374000,64.1430787166667,-21.9482015,0.00,0.00,0.00,true,true,9.18,2.00,16.53,2
1773243376000,64.1430787166667,-21.9482015,0.00,0.00,0.00,true,true,0.80,2.00,1.44,3
1773243380000,64.1429838333333,-21.9486885,20.78,18.25,17.34,false,false,25.96,4.00,23.37,0
1773243382000,64.1429838333333,-21.9486885,15.16,0.00,17.34,true,false,3.71,2.00,6.68,1
1773243389000,64.1425661166667,-21.9479163333333,47.15,14.02,13.31,false,false,60.26,7.00,30.99,0
1773243391000,64.1425661166667,-21.9479163333333,29.82,0.00,13.31,true,false,2.70,2.00,4.85,1
1773243398000,64.1423682666667,-21.9475546666667,4.85,4.85,4.61,false,false,22.08,7.00,11.35,0
1773243401000,64.1423632833333,-21.9475568333333,1.85,0.00,4.61,true,false,1.19,3.00,1.43,1
1773243406000,64.14233075,-21.9475025,0.00,0.00,0.00,true,true,3.80,5.00,2.73,2
1773243408000,64.14233075,-21.9475025,0.00,0.00,0.00,true,true,0.30,2.00,0.53,3
1773243413000,64.1421414666667,-21.9471326666667,22.00,9.92,9.42,false,false,27.71,5.00,19.95,0
1773243417000,64.1419753333333,-21.946833,23.05,10.61,10.08,false,false,25.79,4.00,23.21,0
1773243422000,64.1419453,-21.946779,1.64,0.00,10.08,true,false,4.40,5.00,3.17,1
1773243425000,64.1419419833333,-21.9467761666667,0.00,0.00,0.00,true,true,1.70,3.00,2.03,2
1773243427000,64.1419419166667,-21.9467763333333,0.00,0.00,0.00,true,true,0.52,2.00,0.94,3
1773243431000,64.1419419166667,-21.9467763333333,0.00,0.00,0.00,true,true,0.15,4.00,0.13,4
1773243433000,64.1419417166667,-21.946776,0.00,0.00,0.00,true,true,0.01,2.00,0.01,5
1773243437000,64.1419417166667,-21.946776,0.00,0.00,0.00,true,true,0.00,4.00,0.00,6
1773243442000,64.1419416666667,-21.9467761666667,0.00,0.00,0.00,true,true,0.01,5.00,0.01,7
1773243445000,64.14194155,-21.9467765,0.00,0.00,0.00,true,true,0.02,3.00,0.03,8
1773243447000,64.1419411833333,-21.946776,0.00,0.00,0.00,true,true,0.05,2.00,0.09,9
1773243452000,64.1419411833333,-21.946776,0.00,0.00,0.00,true,true,0.01,5.00,0.01,10
1773243457000,64.14190685,-21.9467023333333,0.00,0.00,0.00,true,true,5.23,5.00,3.77,11
1773243462000,64.1416777333333,-21.946242,26.44,7.05,6.69,false,false,34.25,5.00,24.66,0
1773243466000,64.1412298333333,-21.9452691666667,59.19,18.47,17.55,false,false,71.07,4.00,63.96,0
1773243468000,64.1412298333333,-21.9452691666667,38.72,0.00,17.55,true,false,4.62,2.00,8.32,1
1773243471000,64.1407233833333,-21.94429,64.37,34.35,32.64,false,false,66.07,3.00,79.28,0
1773243477000,64.1401783333333,-21.9432465,47.92,45.90,43.61,false,false,85.79,6.00,51.47,0
1773243481000,64.1396864833333,-21.9422955,61.40,55.45,52.68,false,false,70.40,4.00,63.36,0
1773243485000,64.139412,-21.9416785,42.89,42.89,40.74,false,false,44.63,4.00,40.17,0
1773243487000,64.139412,-21.9416785,23.74,0.00,40.74,true,false,2.75,2.00,4.95,1
1773243490000,64.1391668166667,-21.9411306666667,32.19,32.19,30.58,false,false,30.92,3.00,37.10,0
1773243496000,64.1390176,-21.940805,10.38,10.38,9.86,false,false,25.16,6.00,15.10,0
1773243498000,64.1390176,-21.940805,4.99,0.00,9.86,true,false,1.50,2.00,2.71,1
1773243500000,64.1389139166667,-21.9405681666667,13.22,13.22,12.56,false,false,14.39,2.00,25.91,0
1773243502000,64.1389139166667,-21.9405681666667,10.58,0.00,12.56,true,false,3.44,2.00,6.19,1
1773243506000,64.1386861166667,-21.9399858333333,30.51,17.34,16.47,false,false,36.73,4.00,33.06,0
1773243508000,64.1386861166667,-21.9399858333333,20.89,0.00,16.47,true,false,3.54,2.00,6.37,1
1773243512000,64.1387958166667,-21.9394026666667,24.33,18.60,17.67,false,false,29.51,4.00,26.56,0
1773243516000,64.1390659,-21.9387583333333,39.71,20.11,19.11,false,false,46.96,4.00,42.26,0
1773243520000,64.1393107666667,-21.9381685,38.07,24.89,23.65,false,false,42.03,4.00,37.83,0
1773243525000,64.1393189,-21.9377406666667,13.97,13.97,13.27,false,false,20.60,5.00,14.83,0
1773243527000,64.1393189,-21.9377406666667,7.84,0.00,13.27,true,false,3.03,2.00,5.45,1
1773243531000,64.13909465,-21.9372466666667,27.32,20.79,19.75,false,false,33.38,4.00,30.04,0
1773243533000,64.13909465,-21.9372466666667,18.80,0.00,19.75,true,false,3.33,2.00,5.99,1
1773243537000,64.1388986666667,-21.9367683333333,24.91,17.35,16.48,false,false,28.60,4.00,25.74,0
1773243540000,64.1387520333333,-21.9359733333333,41.49,25.54,24.26,false,false,43.02,3.00,51.63,0
1773243542000,64.1387520333333,-21.9359733333333,28.26,0.00,24.26,true,false,4.45,2.00,8.01,1
1773243545000,64.1386265833333,-21.9351576666667,38.15,29.29,27.83,false,false,36.76,3.00,44.11,0
1773243548000,64.1386265833333,-21.9351576666667,16.23,0.00,27.83,true,false,2.88,3.00,3.45,1
1773243551000,64.1385089,-21.9344243333333,30.44,30.44,28.92,false,false,32.31,3.00,38.77,0
1773243554000,64.1385017333333,-21.9343638333333,16.27,0.00,28.92,true,false,6.66,3.00,7.99,1
1773243556000,64.1385016333333,-21.9343768333333,0.00,0.00,0.00,true,true,4.19,2.00,7.55,2
1773243560000,64.1385016333333,-21.9343768333333,0.00,0.00,0.00,true,true,3.81,4.00,3.43,3
1773243567000,64.1385022666667,-21.9343765,0.00,0.00,0.00,true,true,0.53,7.00,0.27,4
1773243571000,64.1385022666667,-21.9343765,0.00,0.00,0.00,true,true,0.02,4.00,0.02,5
1773243573000,64.1385024166667,-21.9343765,0.00,0.00,0.00,true,true,0.02,2.00,0.03,6
1773243577000,64.1385022666667,-21.9343763333333,0.00,0.00,0.00,true,true,0.01,4.00,0.01,7
1773243583000,64.13850245,-21.9343761666667,0.00,0.00,0.00,true,true,0.02,6.00,0.01,8
1773243588000,64.1385022333333,-21.9343763333333,0.00,0.00,0.00,true,true,0.02,5.00,0.02,9
1773243592000,64.1385022333333,-21.9343763333333,0.00,0.00,0.00,true,true,0.00,4.00,0.00,10
1773243595000,64.1385022333333,-21.9343763333333,0.00,0.00,0.00,true,true,0.00,3.00,0.00,11
1773243599000,64.1384793833333,-21.9342586666667,0.00,0.00,0.00,true,true,6.26,4.00,5.63,12
1773243601000,64.1384793833333,-21.9342586666667,0.00,0.00,0.00,true,true,0.77,2.00,1.38,13
1773243605000,64.1384190333333,-21.9339706666667,12.49,4.60,4.37,false,false,15.73,4.00,14.15,0
1773243610000,64.1382316666667,-21.9340286666667,16.50,6.90,6.55,false,false,21.71,5.00,15.63,0
1773243615000,64.1380086166667,-21.9342555,20.97,9.94,9.44,false,false,28.61,5.00,20.60,0
1773243619000,64.1380045333333,-21.9346733333333,17.95,10.17,9.66,false,false,21.04,4.00,18.94,0
1773243622000,64.1381214166667,-21.9353166666667,33.07,11.13,10.58,false,false,35.83,3.00,43.00,0
1773243624000,64.1381214166667,-21.9353166666667,22.98,0.00,10.58,true,false,4.43,2.00,7.97,1
1773243628000,64.1382802166667,-21.9362381666667,37.73,21.46,20.39,false,false,44.08,4.00,39.67,0
1773243631000,64.1384616833333,-21.9368211666667,41.94,30.21,28.70,false,false,37.22,3.00,44.66,0
1773243633000,64.1384616833333,-21.9368211666667,26.39,0.00,28.70,true,false,1.67,2.00,3.01,1
1773243636000,64.1384616833333,-21.9368211666667,0.00,0.00,0.00,true,true,6.35,3.00,7.61,2
1773243641000,64.1387040833333,-21.9365538333333,23.56,18.70,17.77,false,false,29.89,5.00,21.52,0
1773243643000,64.1388857833333,-21.9364713333333,30.05,16.39,15.57,false,false,22.78,2.00,41.01,0
1773243647000,64.1390268833333,-21.937033,27.50,14.33,13.61,false,false,33.63,4.00,30.27,0
1773243649000,64.1390268833333,-21.937033,19.04,0.00,13.61,true,false,5.60,2.00,10.07,1
1773243653000,64.1393220333333,-21.9375661666667,32.51,21.66,20.57,false,false,38.27,4.00,34.45,0
1773243655000,64.1393220333333,-21.9375661666667,21.30,0.00,20.57,true,false,2.61,2.00,4.70,1
1773243658000,64.1396253666667,-21.9376856666667,30.14,24.28,23.06,false,false,30.74,3.00,36.89,0
1773243661000,64.1397022,-21.9376875,19.93,19.93,18.94,false,false,12.06,3.00,14.48,0
1773243663000,64.1397169166667,-21.9377113333333,11.67,0.00,18.94,true,false,0.84,2.00,1.51,1
1773243666000,64.1397169166667,-21.9377113333333,0.00,0.00,0.00,true,true,3.43,3.00,4.12,2
1773243672000,64.1396648333333,-21.9380943333333,15.58,9.73,9.24,false,false,20.32,6.00,12.19,0
1773243676000,64.1394314166667,-21.9383185,24.24,7.50,7.13,false,false,28.91,4.00,26.02,0
1773243678000,64.1392465,-21.938702,35.36,14.96,14.21,false,false,29.04,2.00,52.28,0
1773243681000,64.1392465,-21.938702,16.17,0.00,14.21,true,false,4.31,3.00,5.18,1
1773243684000,64.1392410666667,-21.938715,0.00,0.00,0.00,true,true,4.27,3.00,5.12,2
1773243687000,64.1392410666667,-21.938715,0.00,0.00,0.00,true,true,3.43,3.00,4.11,3
1773243689000,64.1392410666667,-21.938715,0.00,0.00,0.00,true,true,0.66,2.00,1.19,4
1773243692000,64.1392411166667,-21.9387153333333,0.00,0.00,0.00,true,true,0.19,3.00,0.22,5
1773243694000,64.13924125,-21.9387156666667,0.00,0.00,0.00,true,true,0.05,2.00,0.09,6
1773243698000,64.13924125,-21.9387156666667,0.00,0.00,0.00,true,true,0.01,4.00,0.01,7
1773243704000,64.13924125,-21.9387156666667,0.00,0.00,0.00,true,true,0.00,6.00,0.00,8
1773243707000,64.1392404,-21.9387146666667,0.00,0.00,0.00,true,true,0.11,3.00,0.13,9
1773243713000,64.1392396833333,-21.9387133333333,0.00,0.00,0.00,true,true,0.12,6.00,0.07,10
1773243717000,64.13923945,-21.9387133333333,0.00,0.00,0.00,true,true,0.03,4.00,0.03,11
1773243719000,64.13923945,-21.9387133333333,0.00,0.00,0.00,true,true,0.00,2.00,0.01,12
1773243726000,64.13923935,-21.9387133333333,0.00,0.00,0.00,true,true,0.01,7.00,0.01,13
1773243730000,64.1392393,-21.9387133333333,0.00,0.00,0.00,true,true,0.01,4.00,0.01,14
1773243732000,64.1392393,-21.9387133333333,0.00,0.00,0.00,true,true,0.00,2.00,0.00,15
1773243734000,64.1392393,-21.9387135,0.00,0.00,0.00,true,true,0.01,2.00,0.01,16
1773243736000,64.1392393,-21.9387135,0.00,0.00,0.00,true,true,0.00,2.00,0.00,17
1773243742000,64.1392178333333,-21.9387613333333,0.00,0.00,0.00,true,true,3.33,6.00,2.00,18
1773243747000,64.1390521333333,-21.9391506666667,20.46,6.29,5.98,false,false,26.58,5.00,19.14,0
1773243750000,64.1389245666667,-21.9394508333333,24.51,10.01,9.51,false,false,22.25,3.00,26.70,0
1773243756000,64.1389246333333,-21.9394421666667,6.02,0.00,9.51,true,false,0.65,6.00,0.39,1
1773243759000,64.1389258833333,-21.9394386666667,0.00,0.00,0.00,true,true,2.27,3.00,2.72,2
1773243765000,64.13892645,-21.9394378333333,0.00,0.00,0.00,true,true,0.39,6.00,0.24,3
1773243767000,64.13892645,-21.9394378333333,0.00,0.00,0.00,true,true,0.02,2.00,0.04,4
1773243770000,64.1389256,-21.9394375,0.00,0.00,0.00,true,true,0.10,3.00,0.12,5
1773243776000,64.1389246666667,-21.9394368333333,0.00,0.00,0.00,true,true,0.13,6.00,0.08,6
1773243787000,64.1389249333333,-21.9394376666667,0.00,0.00,0.00,true,true,0.05,11.00,0.01,7
1773243793000,64.1389245,-21.9394375,0.00,0.00,0.00,true,true,0.05,6.00,0.03,8
1773243795000,64.1389244666667,-21.9394375,0.00,0.00,0.00,true,true,0.01,2.00,0.01,9
1773243799000,64.1389244333333,-21.9394376666667,0.00,0.00,0.00,true,true,0.01,4.00,0.01,10
1773243802000,64.1389244333333,-21.9394376666667,0.00,0.00,0.00,true,true,0.00,3.00,0.00,11
1773243810000,64.1389242666667,-21.9394375,0.00,0.00,0.00,true,true,0.02,8.00,0.01,12
1773243812000,64.1389242666667,-21.9394375,0.00,0.00,0.00,true,true,0.00,2.00,0.00,13
1773243814000,64.13892425,-21.9394376666667,0.00,0.00,0.00,true,true,0.01,2.00,0.01,14
1773243817000,64.13892425,-21.9394376666667,0.00,0.00,0.00,true,true,0.00,3.00,0.00,15
1773243820000,64.1389241666667,-21.9394376666667,0.00,0.00,0.00,true,true,0.01,3.00,0.01,16
1773243822000,64.1389241666667,-21.9394376666667,0.00,0.00,0.00,true,true,0.00,2.00,0.00,17
1773243824000,64.1389051666667,-21.939485,0.00,0.00,0.00,true,true,3.12,2.00,5.62,18
1773243828000,64.1389051666667,-21.939485,0.00,0.00,0.00,true,true,0.98,4.00,0.88,19
1773243831000,64.1387084833333,-21.9398495,21.60,8.03,7.63,false,false,28.25,3.00,33.90,0
1773243833000,64.1387084833333,-21.9398495,16.78,0.00,7.63,true,false,5.11,2.00,9.20,1
1773243838000,64.1383954,-21.939567,28.43,13.30,12.64,false,false,36.44,5.00,26.24,0
1773243845000,64.1376349333333,-21.9378253333333,76.58,27.87,26.48,false,false,122.30,7.00,62.90,0
1773243847000,64.1376349333333,-21.9378253333333,46.07,0.00,26.48,true,false,2.29,2.00,4.12,1
1773243862000,64.1365129833333,-21.9348821666667,40.46,39.83,37.84,false,false,179.33,15.00,43.04,0
1773243864000,64.1365129833333,-21.9348821666667,24.35,0.00,37.84,true,false,0.03,2.00,0.06,1
1773243867000,64.1364454333333,-21.9346505,0.00,0.00,0.00,true,true,7.28,3.00,8.73,2
1773243870000,64.1364454333333,-21.9346505,0.00,0.00,0.00,true,true,2.53,3.00,3.03,3
1773243872000,64.13629525,-21.9340815,22.13,22.13,21.02,false,false,31.83,2.00,57.29,0
1773243877000,64.1361059666667,-21.9332063333333,42.91,22.33,21.21,false,false,56.60,5.00,40.75,0
1773243884000,64.1359808333333,-21.9325001666667,11.72,11.72,11.13,false,false,39.30,7.00,20.21,0
1773243888000,64.1359266333333,-21.9321495,14.62,14.62,13.89,false,false,16.69,4.00,15.02,0
1773243890000,64.1359266333333,-21.9321495,9.00,0.00,13.89,true,false,0.40,2.00,0.72,1
1773243893000,64.1358703,-21.93186,13.43,13.43,12.75,false,false,13.35,3.00,16.02,0
1773243896000,64.1358331,-21.9317231666667,11.76,0.00,12.75,true,false,9.03,3.00,10.83,1
1773243900000,64.1358331,-21.9317231666667,0.00,0.00,0.00,true,true,0.51,4.00,0.46,2
1773243903000,64.13576195,-21.9313933333333,12.40,9.84,9.35,false,false,16.18,3.00,19.42,0
1773243908000,64.1356937333333,-21.930913,20.40,13.07,12.41,false,false,27.42,5.00,19.74,0
1773243912000,64.1356954833333,-21.9309083333333,3.41,0.00,12.41,true,false,1.06,4.00,0.96,1
1773243914000,64.1356954833333,-21.9309083333333,0.00,0.00,0.00,true,true,2.42,2.00,4.36,2
1773243919000,64.1356955666667,-21.9309083333333,0.00,0.00,0.00,true,true,1.16,5.00,0.84,3
1773243927000,64.1356955,-21.9309085,0.00,0.00,0.00,true,true,0.10,8.00,0.05,4
1773243929000,64.1356955,-21.9309085,0.00,0.00,0.00,true,true,0.00,2.00,0.00,5
1773243931000,64.13569125,-21.930771,0.00,0.00,0.00,true,true,6.70,2.00,12.06,6
1773243935000,64.13569125,-21.930771,0.00,0.00,0.00,true,true,1.93,4.00,1.74,7
1773243937000,64.1356869,-21.9305628333333,7.44,3.36,3.19,false,false,10.39,2.00,18.70,0
1773243941000,64.13568795,-21.9305663333333,2.99,0.00,3.19,true,false,2.66,4.00,2.40,1
1773243946000,64.135723,-21.9304333333333,0.00,0.00,0.00,true,true,6.95,5.00,5.00,2
1773243948000,64.135723,-21.9304333333333,0.00,0.00,0.00,true,true,0.33,2.00,0.59,3
1773243952000,64.135723,-21.9304333333333,0.00,0.00,0.00,true,true,0.09,4.00,0.08,4
1773243956000,64.1356761833333,-21.9298015,24.37,7.00,6.65,false,false,31.15,4.00,28.03,0
1773243959000,64.1356683166667,-21.9292095,33.61,13.17,12.51,false,false,32.40,3.00,38.88,0
1773243964000,64.1356994,-21.9287345,17.16,16.49,15.67,false,false,25.57,5.00,18.41,0
1773243967000,64.1356994,-21.9287345,4.92,0.00,15.67,true,false,1.78,3.00,2.14,1
1773243972000,64.1357219,-21.9284783333333,0.00,0.00,0.00,true,true,9.97,5.00,7.18,2
1773243979000,64.1357238166667,-21.9281806666667,10.43,10.43,9.91,false,false,14.72,7.00,7.57,0
1773243981000,64.1357238166667,-21.9281806666667,6.40,0.00,9.91,true,false,0.47,2.00,0.84,1
1773243989000,64.1357441333333,-21.92783,7.55,6.36,6.04,false,false,15.84,8.00,7.13,0
1773243993000,64.1357545,-21.9278158333333,1.85,0.00,6.04,true,false,1.40,4.00,1.26,1
1773243998000,64.1357626833333,-21.927704,0.00,0.00,0.00,true,true,4.69,5.00,3.38,2
1773244002000,64.1357765833333,-21.9273898333333,12.20,6.07,5.77,false,false,15.53,4.00,13.98,0
1773244004000,64.1357806666667,-21.927307,11.47,0.00,5.77,true,false,5.78,2.00,10.40,1
1773244006000,64.1357806666667,-21.927307,0.00,0.00,0.00,true,true,0.27,2.00,0.49,2
1773244012000,64.1357751333333,-21.9271723333333,0.00,0.00,0.00,true,true,4.61,6.00,2.77,3
1773244015000,64.1357748,-21.9270465,0.00,0.00,0.00,true,true,6.37,3.00,7.65,4
1773244017000,64.1357748,-21.9270465,0.00,0.00,0.00,true,true,1.09,2.00,1.96,5
1773244021000,64.1357720166667,-21.926996,0.00,0.00,0.00,true,true,2.78,4.00,2.50,6
1773244024000,64.1357742166667,-21.9268315,0.00,0.00,0.00,true,true,8.37,3.00,10.04,7
1773244026000,64.1357742166667,-21.9268315,0.00,0.00,0.00,true,true,1.51,2.00,2.72,8
1773244029000,64.1357728666667,-21.9267018333333,0.00,0.00,0.00,true,true,6.73,3.00,8.08,9
1773244032000,64.1357728666667,-21.9267018333333,0.00,0.00,0.00,true,true,1.41,3.00,1.69,10
1773244037000,64.1357819833333,-21.9263691666667,12.96,6.85,6.50,false,false,16.47,5.00,11.86,0
1773244042000,64.1357945166667,-21.9260676666667,11.46,7.42,7.05,false,false,16.05,5.00,11.56,0
1773244044000,64.13580715,-21.9257886666667,16.72,10.14,9.64,false,false,13.49,2.00,24.29,0
1773244049000,64.1358187666667,-21.9255111666667,10.53,10.44,9.91,false,false,15.41,5.00,11.10,0
1773244053000,64.1358266333333,-21.925288,9.39,9.39,8.92,false,false,10.24,4.00,9.22,0
1773244055000,64.1358274,-21.9252556666667,6.63,0.00,8.92,true,false,1.41,2.00,2.54,1
1773244058000,64.13583215,-21.9251358333333,0.00,0.00,0.00,true,true,4.82,3.00,5.79,2
1773244062000,64.1358352666667,-21.924845,11.00,9.18,8.72,false,false,14.00,4.00,12.60,0
1773244069000,64.1358392333333,-21.9247266666667,1.09,0.00,8.72,true,false,7.53,7.00,3.87,1
1773244073000,64.1358441833333,-21.9246128333333,0.00,0.00,0.00,true,true,5.11,4.00,4.60,2
1773244077000,64.13585165,-21.924318,11.58,7.46,7.08,false,false,14.77,4.00,13.30,0
1773244079000,64.13585165,-21.924318,8.15,0.00,7.08,true,false,1.69,2.00,3.04,1
1773244084000,64.13584265,-21.923832,16.96,8.04,7.64,false,false,22.37,5.00,16.10,0
1773244090000,64.1358799,-21.9229781666667,27.70,14.56,13.83,false,false,42.61,6.00,25.57,0
1773244093000,64.1359803833333,-21.9219175,51.55,23.69,22.51,false,false,53.46,3.00,64.15,0
1773244097000,64.1360905833333,-21.9212611666667,37.35,27.12,25.76,false,false,39.28,4.00,35.35,0
1773244099000,64.1361077666667,-21.9211866666667,23.85,0.00,25.76,true,false,2.56,2.00,4.61,1
1773244103000,64.1361274166667,-21.921092,0.00,0.00,0.00,true,true,1.03,4.00,0.93,2
1773244105000,64.1361274166667,-21.921092,0.00,0.00,0.00,true,true,3.50,2.00,6.29,3
1773244110000,64.1361619666667,-21.9207936666667,11.21,11.21,10.65,false,false,14.05,5.00,10.11,0
1773244113000,64.1361928,-21.9204263333333,18.95,9.46,8.99,false,false,19.37,3.00,23.25,0
1773244115000,64.1361928,-21.9204263333333,12.75,0.00,8.99,true,false,1.74,2.00,3.13,1
1773244120000,64.1362135,-21.9199665,14.60,11.74,11.15,false,false,20.00,5.00,14.40,0
1773244125000,64.1362082833333,-21.9195018333333,16.56,13.98,13.28,false,false,22.82,5.00,16.43,0
1773244129000,64.1362138666667,-21.9194988333333,2.38,0.00,13.28,true,false,0.56,4.00,0.51,1
1773244133000,64.1362105,-21.9194106666667,0.00,0.00,0.00,true,true,2.30,4.00,2.07,2
1773244135000,64.1362105,-21.9194106666667,0.00,0.00,0.00,true,true,0.07,2.00,0.13,3
1773244138000,64.1361880833333,-21.9190983333333,11.67,8.44,8.02,false,false,15.37,3.00,18.45,0
1773244140000,64.1361835833333,-21.919033,11.56,0.00,8.02,true,false,6.33,2.00,11.39,1
1773244144000,64.1361835833333,-21.919033,0.00,0.00,0.00,true,true,0.05,4.00,0.04,2
1773244146000,64.1361842833333,-21.9189526666667,0.00,0.00,0.00,true,true,2.19,2.00,3.94,3
1773244149000,64.1361401666667,-21.9185066666667,17.22,11.45,10.88,false,false,22.78,3.00,27.33,0
1773244153000,64.13607175,-21.9179695,27.22,13.50,12.83,false,false,31.84,4.00,28.66,0
1773244155000,64.13607175,-21.9179695,17.50,0.00,12.83,true,false,1.62,2.00,2.91,1
1773244164000,64.1358405666667,-21.9162776666667,42.84,25.02,23.77,false,false,82.46,9.00,32.99,0
1773244169000,64.1356187166667,-21.9146485,61.56,34.13,32.42,false,false,83.56,5.00,60.16,0
1773244173000,64.13550955,-21.9138658333333,40.56,35.37,33.60,false,false,41.67,4.00,37.50,0
1773244175000,64.13550955,-21.9138658333333,22.12,0.00,33.60,true,false,2.95,2.00,5.31,1
1773244179000,64.1353544833333,-21.9128373333333,39.15,39.15,37.19,false,false,46.02,4.00,41.42,0
1773244181000,64.1353544833333,-21.9128373333333,25.57,0.00,37.19,true,false,2.81,2.00,5.06,1
1773244186000,64.1352070333333,-21.9119593333333,29.59,29.28,27.81,false,false,40.55,5.00,29.19,0
1773244190000,64.1351164666667,-21.9115306666667,22.30,22.30,21.18,false,false,23.57,4.00,21.21,0
1773244193000,64.1351164666667,-21.9115306666667,7.22,0.00,21.18,true,false,1.07,3.00,1.29,1
1773244195000,64.1351192666667,-21.911537,0.00,0.00,0.00,true,true,3.90,2.00,7.02,2
1773244199000,64.1351192666667,-21.911537,0.00,0.00,0.00,true,true,2.24,4.00,2.02,3
1773244201000,64.1351190333333,-21.9115378333333,0.00,0.00,0.00,true,true,0.33,2.00,0.60,4
1773244205000,64.13511895,-21.9115383333333,0.00,0.00,0.00,true,true,0.11,4.00,0.10,5
1773244207000,64.13511895,-21.9115383333333,0.00,0.00,0.00,true,true,0.01,2.00,0.03,6
1773244211000,64.1351192333333,-21.911539,0.00,0.00,0.00,true,true,0.05,4.00,0.04,7
1773244214000,64.1351192333333,-21.911539,0.00,0.00,0.00,true,true,0.01,3.00,0.01,8
1773244218000,64.1351192,-21.9115396666667,0.00,0.00,0.00,true,true,0.03,4.00,0.03,9
1773244220000,64.1351139333333,-21.9114858333333,0.00,0.00,0.00,true,true,2.68,2.00,4.82,10
1773244225000,64.1351139333333,-21.9114858333333,0.00,0.00,0.00,true,true,0.73,5.00,0.52,11
1773244230000,64.1350198333333,-21.910878,24.21,6.43,6.10,false,false,31.39,5.00,22.60,0
1773244240000,64.1346334,-21.9084308333333,60.51,22.18,21.07,false,false,128.72,10.00,46.34,0
1773244245000,64.1343855666667,-21.9067403333333,63.05,32.89,31.25,false,false,87.30,5.00,62.85,0
1773244251000,64.1342924666667,-21.9061488333333,7.87,7.87,7.48,false,false,30.77,6.00,18.46,0
1773244255000,64.1342924666667,-21.9061488333333,1.79,0.00,7.48,true,false,3.49,4.00,3.14,1
1773244258000,64.1342520833333,-21.905884,8.84,8.84,8.39,false,false,12.31,3.00,14.77,0
1773244260000,64.1342520833333,-21.905884,7.09,0.00,8.39,true,false,2.43,2.00,4.38,1
1773244264000,64.1342431,-21.9058475,0.00,0.00,0.00,true,true,1.35,4.00,1.21,2
1773244266000,64.1342433666667,-21.9058478333333,0.00,0.00,0.00,true,true,0.92,2.00,1.65,3
1773244270000,64.1342433666667,-21.9058478333333,0.00,0.00,0.00,true,true,0.25,4.00,0.22,4
1773244275000,64.13422945,-21.9057543333333,0.00,0.00,0.00,true,true,4.77,5.00,3.43,5
1773244278000,64.1341566333333,-21.9052413333333,20.64,6.59,6.26,false,false,26.57,3.00,31.89,0
1773244280000,64.1340804,-21.9047605,33.35,12.54,11.92,false,false,29.42,2.00,52.95,0
1773244286000,64.133921,-21.90399,26.29,17.46,16.59,false,false,46.45,6.00,27.87,0
1773244290000,64.1338434666667,-21.9035833333333,19.90,19.90,18.91,false,false,21.06,4.00,18.95,0
1773244295000,64.13384475,-21.9035778333333,2.09,0.00,18.91,true,false,0.81,5.00,0.58,1
1773244300000,64.1338451166667,-21.9035775,0.00,0.00,0.00,true,true,2.12,5.00,1.52,2
1773244305000,64.1338464,-21.9035783333333,0.00,0.00,0.00,true,true,0.10,5.00,0.07,3
1773244312000,64.1338468166667,-21.9035728333333,0.00,0.00,0.00,true,true,0.27,7.00,0.14,4
1773244325000,64.1335215666667,-21.9017206666667,47.32,10.00,9.50,false,false,96.99,13.00,26.86,0
1773244330000,64.1333210333333,-21.9005308333333,44.69,16.34,15.52,false,false,62.38,5.00,44.91,0
1773244335000,64.1331825666667,-21.8995325,35.92,21.56,20.48,false,false,50.67,5.00,36.48,0
1773244337000,64.1331825666667,-21.8995325,20.57,0.00,20.48,true,false,0.85,2.00,1.53,1
1773244341000,64.13306075,-21.898832,27.20,27.20,25.84,false,false,31.22,4.00,28.10,0
1773244345000,64.13306075,-21.898832,4.40,0.00,25.84,true,false,1.12,4.00,1.01,1
1773244347000,64.1328236333333,-21.8986868333333,19.89,19.89,18.89,false,false,25.38,2.00,45.69,0
1773244349000,64.1328236333333,-21.8986868333333,16.70,0.00,18.89,true,false,6.52,2.00,11.74,1
1773244354000,64.1324448833333,-21.8989641666667,33.12,18.33,17.41,false,false,43.19,5.00,31.09,0
1773244360000,64.131956,-21.899372,36.60,23.80,22.61,false,false,59.87,6.00,35.92,0
1773244365000,64.1314030166667,-21.8997736666667,47.25,34.18,32.47,false,false,64.63,5.00,46.54,0
1773244368000,64.13090075,-21.9000485,61.97,38.36,36.45,false,false,58.32,3.00,69.98,0
1773244371000,64.130611,-21.900185,50.11,41.98,39.88,false,false,36.11,3.00,43.33,0
1773244377000,64.1301933833333,-21.9004155,20.57,20.57,19.54,false,false,44.80,6.00,26.88,0
1773244382000,64.1300598833333,-21.900444,8.50,8.50,8.08,false,false,12.88,5.00,9.27,0
1773244385000,64.1300598833333,-21.900444,2.16,0.00,8.08,true,false,1.13,3.00,1.36,1
1773244387000,64.1300652833333,-21.9004403333333,0.00,0.00,0.00,true,true,2.01,2.00,3.62,2
1773244393000,64.1300652166667,-21.9004401666667,0.00,0.00,0.00,true,true,0.89,6.00,0.53,3
1773244396000,64.1300654833333,-21.9004403333333,0.00,0.00,0.00,true,true,0.08,3.00,0.09,4
1773244399000,64.1300654833333,-21.9004403333333,0.00,0.00,0.00,true,true,0.01,3.00,0.02,5
1773244405000,64.1300653,-21.9004401666667,0.00,0.00,0.00,true,true,0.02,6.00,0.01,6
1773244408000,64.1300653,-21.9004401666667,0.00,0.00,0.00,true,true,0.00,3.00,0.00,7
1773244412000,64.1300655333333,-21.9004403333333,0.00,0.00,0.00,true,true,0.03,4.00,0.02,8
1773244414000,64.1300655333333,-21.9004403333333,0.00,0.00,0.00,true,true,0.00,2.00,0.01,9
1773244419000,64.13006555,-21.9004405,0.00,0.00,0.00,true,true,0.01,5.00,0.01,10
1773244443000,64.1300656333333,-21.9004403333333,0.00,0.00,0.00,true,true,0.01,24.00,0.00,11
1773244447000,64.1300656666667,-21.9004403333333,0.00,0.00,0.00,true,true,0.00,4.00,0.00,12
1773244450000,64.1300141333333,-21.900431,0.00,0.00,0.00,true,true,5.74,3.00,6.89,13
1773244453000,64.1300141333333,-21.900431,0.00,0.00,0.00,true,true,0.99,3.00,1.19,14
1773244455000,64.1297753166667,-21.9004385,18.63,3.23,3.07,false,false,26.70,2.00,48.05,0
1773244459000,64.1297753166667,-21.9004385,8.26,0.00,3.07,true,false,7.67,4.00,6.91,1
1773244461000,64.1297753166667,-21.9004385,0.00,0.00,0.00,true,true,1.77,2.00,3.19,2
1773244466000,64.1292055,-21.9004988333333,49.17,20.24,19.23,false,false,61.58,5.00,44.34,0
1773244470000,64.1286820666667,-21.9004818333333,55.98,31.37,29.80,false,false,63.35,4.00,57.01,0
1773244475000,64.12808545,-21.9003876666667,47.96,33.83,32.13,false,false,67.39,5.00,48.52,0
1773244480000,64.12741475,-21.900255,53.64,45.02,42.77,false,false,73.97,5.00,53.26,0
1773244486000,64.1258857666667,-21.8999718333333,114.17,62.37,59.25,false,false,170.80,6.00,102.48,0
1773244494000,64.1250332833333,-21.8997863333333,11.36,11.36,10.79,false,false,98.89,8.00,44.50,0
1773244496000,64.1250332833333,-21.8997863333333,4.05,0.00,10.79,true,false,3.26,2.00,5.87,1
1773244500000,64.1241433666667,-21.8995781666667,77.53,63.37,60.21,false,false,96.85,4.00,87.17,0
1773244504000,64.1233502,-21.8994126666667,88.06,68.07,64.67,false,false,99.61,4.00,89.65,0
1773244511000,64.1217057166667,-21.8991855,0.00,0.00,0.00,false,false,90.17,5.00,64.92,0
1773244516000,64.1217057166667,-21.8991855,4.03,0.00,0.00,true,false,0.85,5.00,0.61,1
1773244521000,64.1209934833333,-21.8991156666667,56.32,40.70,38.67,false,false,72.63,5.00,52.29,0
1773244528000,64.1201868333333,-21.8989801666667,0.00,0.00,0.00,false,false,26.06,5.00,18.76,0
1773244530000,64.1200387,-21.8989521666667,23.59,21.93,20.83,false,false,16.74,2.00,30.14,0
1773244534000,64.1200387,-21.8989521666667,3.99,0.00,20.83,true,false,1.59,4.00,1.43,1
1773244536000,64.120044,-21.8989505,0.00,0.00,0.00,true,true,3.69,2.00,6.65,2
1773244540000,64.1200442833333,-21.8989506666667,0.00,0.00,0.00,true,true,1.64,4.00,1.47,3
1773244543000,64.1200442833333,-21.8989506666667,0.00,0.00,0.00,true,true,0.22,3.00,0.26,4
1773244548000,64.1200005333333,-21.8989366666667,0.00,0.00,0.00,true,true,4.86,5.00,3.50,5
1773244553000,64.1197511333333,-21.8988633333333,21.84,6.11,5.81,false,false,28.30,5.00,20.38,0
1773244558000,64.1197511333333,-21.8988633333333,0.01,0.00,5.81,true,false,2.05,5.00,1.47,1
1773244560000,64.1191952833333,-21.8987468333333,44.30,17.09,16.23,false,false,59.93,2.00,107.87,0
1773244563000,64.1185994,-21.8986196666667,78.87,29.06,27.61,false,false,82.10,3.00,98.52,0
1773244568000,64.1179036166667,-21.898474,60.73,42.16,40.06,false,false,86.47,5.00,62.26,0
1773244573000,64.1171263833333,-21.8984166666667,60.82,52.68,50.05,false,false,84.45,5.00,60.81,0
1773244576000,64.1171263833333,-21.8984166666667,21.40,0.00,50.05,true,false,0.37,3.00,0.45,1
1773244578000,64.1171263833333,-21.8984166666667,0.00,0.00,0.00,true,true,8.68,2.00,15.62,2
1773244581000,64.1162940833333,-21.8987318333333,66.34,51.28,48.72,false,false,87.98,3.00,105.57,0
1773244586000,64.1155148,-21.8995825,83.40,54.20,51.49,false,false,113.57,5.00,81.77,0
1773244590000,64.1148705333333,-21.9008608333333,86.44,58.76,55.82,false,false,97.10,4.00,87.39,0
1773244593000,64.1148705333333,-21.9008608333333,31.81,0.00,55.82,true,false,3.27,3.00,3.92,1
1773244606000,64.1135258,-21.9051753333333,97.65,66.55,63.22,false,false,245.36,13.00,67.95,0
1773244609000,64.11315635,-21.9062878333333,87.34,65.09,61.83,false,false,68.45,3.00,82.15,0
1773244615000,64.11283095,-21.9069176666667,14.54,14.54,13.81,false,false,45.49,6.00,27.29,0
1773244621000,64.1126280333333,-21.9072966666667,15.09,15.09,14.33,false,false,24.50,6.00,14.70,0
1773244623000,64.1126280333333,-21.9072966666667,8.90,0.00,14.33,true,false,0.46,2.00,0.83,1
1773244628000,64.1124378166667,-21.9077121666667,20.56,20.56,19.53,false,false,27.11,5.00,19.52,0
1773244635000,64.1123399333333,-21.908055,7.48,7.48,7.11,false,false,21.06,7.00,10.83,0
1773244638000,64.1123399333333,-21.908055,2.16,0.00,7.11,true,false,0.63,3.00,0.76,1
1773244642000,64.1122632166667,-21.9084805,16.95,12.06,11.46,false,false,21.24,4.00,19.12,0
1773244644000,64.1122632166667,-21.9084805,11.79,0.00,11.46,true,false,2.24,2.00,4.03,1
1773244648000,64.1122491166667,-21.9084803333333,0.00,0.00,0.00,true,true,2.00,4.00,1.80,2
1773244653000,64.1122056,-21.9084808333333,0.00,0.00,0.00,true,true,4.65,5.00,3.35,3
1773244655000,64.1120456333333,-21.9083673333333,13.96,7.64,7.26,false,false,18.94,2.00,34.10,0
1773244659000,64.1119693833333,-21.9084251666667,12.07,6.94,6.60,false,false,13.27,4.00,11.94,0
1773244662000,64.1119693833333,-21.9084251666667,4.29,0.00,6.60,true,false,0.79,3.00,0.95,1
1773244675000,64.1117620166667,-21.9086585,8.79,7.31,6.95,false,false,24.04,13.00,6.66,0
1773244683000,64.1117594166667,-21.9086528333333,4.34,0.00,6.95,true,false,0.39,8.00,0.18,1
1773244685000,64.1117594166667,-21.9086528333333,0.00,0.00,0.00,true,true,0.42,2.00,0.76,2
1773244719000,64.1117022,-21.9086831666667,0.00,0.00,0.00,true,true,6.99,34.00,0.74,3
1773244745000,64.1098409333333,-21.9084095,55.88,10.27,9.75,false,false,207.03,26.00,28.67,0
1773244750000,64.1094269666667,-21.9080718333333,32.81,12.54,11.91,false,false,48.86,5.00,35.18,0
1773244755000,64.1091648666667,-21.9081926666667,18.96,14.47,13.74,false,false,27.02,5.00,19.45,0
1773244760000,64.1090109166667,-21.9080135,12.45,12.45,11.83,false,false,17.48,5.00,12.59,0
1773244770000,64.108476,-21.9067825,42.40,26.15,24.84,false,false,84.51,10.00,30.42,0
1773244775000,64.1079407333333,-21.9062425,47.84,28.32,26.91,false,false,65.42,5.00,47.10,0
1773244780000,64.1072919166667,-21.9056951666667,56.56,31.68,30.09,false,false,77.74,5.00,55.98,0
1773244784000,64.1071118166667,-21.9055443333333,24.55,24.55,23.32,false,false,22.10,4.00,19.89,0
1773244790000,64.1071358833333,-21.9055568333333,11.52,0.00,23.32,true,false,7.24,6.00,4.35,1
1773244796000,64.1071372666667,-21.9055578333333,0.00,0.00,0.00,true,true,2.51,6.00,1.51,2
1773244798000,64.1071372666667,-21.9055578333333,0.00,0.00,0.00,true,true,0.77,2.00,1.39,3
1773244800000,64.10710525,-21.9054896666667,0.00,0.00,0.00,true,true,5.04,2.00,9.07,4
1773244803000,64.10710525,-21.9054896666667,0.00,0.00,0.00,true,true,1.47,3.00,1.77,5
1773244805000,64.1068015166667,-21.9051093333333,26.81,10.34,9.82,false,false,38.75,2.00,69.75,0
1773244810000,64.10615035,-21.9044846666667,69.00,31.24,29.68,false,false,89.67,5.00,64.56,0
1773244813000,64.10615035,-21.9044846666667,28.25,0.00,29.68,true,false,4.64,3.00,5.57,1
1773244816000,64.1052172,-21.9040423333333,83.76,49.81,47.32,false,false,96.84,3.00,116.21,0
1773244818000,64.1052172,-21.9040423333333,60.94,53.13,50.48,false,false,13.91,2.00,25.03,0
1773244825000,64.1039725833333,-21.9043716666667,0.00,0.00,0.00,false,false,51.61,5.00,37.16,0
1773244828000,64.1039725833333,-21.9043716666667,13.80,0.00,0.00,true,false,0.49,3.00,0.58,1
1773244835000,64.1036575,-21.9046033333333,17.17,17.17,16.31,false,false,31.47,7.00,16.18,0
1773244837000,64.1033510833333,-21.9049156666667,38.02,26.57,25.24,false,false,37.41,2.00,67.34,0
1773244843000,64.1029361166667,-21.9054763333333,36.07,27.89,26.49,false,false,60.69,6.00,36.41,0
1773244846000,64.10251475,-21.9062713333333,59.77,31.97,30.38,false,false,60.62,3.00,72.75,0
1773244848000,64.10251475,-21.9062713333333,39.87,0.00,30.38,true,false,5.29,2.00,9.52,1
1773244855000,64.1021347,-21.9072428333333,24.15,24.15,22.94,false,false,55.66,7.00,28.62,0
1773244860000,64.1017345666667,-21.9086525,60.76,39.98,37.98,false,false,80.98,5.00,58.30,0
1773244863000,64.10142765,-21.9099243333333,78.91,49.23,46.77,false,false,73.97,3.00,88.76,0
1773244865000,64.10142765,-21.9099243333333,50.64,0.00,46.77,true,false,4.04,2.00,7.27,1
1773244870000,64.1011331166667,-21.9112416666667,42.97,42.97,40.82,false,false,60.74,5.00,43.73,0
1773244878000,64.1005422666667,-21.9139236666667,0.00,0.00,0.00,false,false,71.44,6.00,42.87,0
1773244883000,64.1002463,-21.9152415,52.74,46.93,44.59,false,false,72.44,5.00,52.16,0
1773244888000,64.0999861166667,-21.9163058333333,42.49,42.49,40.37,false,false,59.96,5.00,43.17,0
1773244892000,64.0997266666667,-21.9168878333333,36.24,36.24,34.43,false,false,39.51,4.00,35.56,0
1773244897000,64.09950565,-21.9173505,22.61,22.61,21.48,false,false,32.72,5.00,23.56,0
1773244902000,64.0995084666667,-21.9173346666667,3.24,0.00,21.48,true,false,2.18,5.00,1.57,1
1773244908000,64.0995128166667,-21.9173285,0.00,0.00,0.00,true,true,2.97,6.00,1.78,2
1773244919000,64.0991318166667,-21.917944,28.64,14.39,13.67,false,false,51.91,11.00,16.99,0
1773244921000,64.0991318166667,-21.917944,16.68,0.00,13.67,true,false,0.40,2.00,0.72,1
1773244925000,64.0986192833333,-21.9187686666667,54.20,15.46,14.69,false,false,65.55,4.00,59.00,0
1773244937000,64.0977246333333,-21.9201233333333,24.75,24.71,23.47,false,false,124.71,12.00,37.41,0
1773244943000,64.0974491,-21.9204678333333,19.71,19.71,18.73,false,false,34.54,6.00,20.72,0
1773244947000,64.09712945,-21.9208455,33.68,33.68,32.00,false,false,39.64,4.00,35.67,0
1773244952000,64.0968423666667,-21.9211633333333,26.37,26.37,25.05,false,false,37.34,5.00,26.88,0
1773244957000,64.0965000833333,-21.9215281666667,29.92,29.92,28.43,false,false,41.23,5.00,29.68,0
1773244961000,64.09630045,-21.9217466666667,23.37,23.37,22.20,false,false,24.90,4.00,22.41,0
1773244968000,64.0961099166667,-21.9219501666667,6.94,6.94,6.59,false,false,22.42,7.00,11.53,0
1773244973000,64.09610895,-21.9219445,1.12,0.00,6.59,true,false,0.82,5.00,0.59,1
1773244983000,64.0958724166667,-21.9222076666667,17.51,13.84,13.15,false,false,28.48,10.00,10.25,0
1773244992000,64.0953034666667,-21.922836,34.13,15.17,14.41,false,false,70.49,9.00,28.19,0
1773244999000,64.0951874666667,-21.922966,2.10,2.10,1.99,false,false,14.73,7.00,7.57,0
1773245003000,64.0951086666667,-21.9230786666667,6.73,0.00,1.99,true,false,8.79,4.00,7.91,1
1773245007000,64.0948865166667,-21.9233206666667,23.19,16.04,15.24,false,false,28.50,4.00,25.65,0
1773245012000,64.0945291666667,-21.9237215,34.34,20.67,19.63,false,false,46.59,5.00,33.55,0
1773245017000,64.094205,-21.9240718333333,29.08,19.60,18.62,false,false,40.89,5.00,29.44,0
1773245023000,64.0940041833333,-21.9242946666667,11.10,11.10,10.55,false,false,24.29,6.00,14.57,0
1773245028000,64.0937996666667,-21.9245165,17.71,17.71,16.83,false,false,23.99,5.00,17.27,0
1773245034000,64.0936632833333,-21.9246591666667,8.59,8.59,8.16,false,false,17.25,6.00,10.35,0
1773245037000,64.0935559333333,-21.9247785,12.93,12.93,12.28,false,false,12.68,3.00,15.21,0
1773245039000,64.0935559333333,-21.9247785,8.46,0.00,12.28,true,false,0.93,2.00,1.67,1
1773245042000,64.0935072833333,-21.9248336666667,0.00,0.00,0.00,true,true,4.29,3.00,5.15,2
1773245046000,64.0934435333333,-21.924906,0.00,0.00,0.00,true,true,7.33,4.00,6.60,3
1773245048000,64.0934435333333,-21.924906,0.00,0.00,0.00,true,true,0.93,2.00,1.67,4
1773245052000,64.0932620333333,-21.9251066666667,17.98,8.73,8.29,false,false,22.64,4.00,20.37,0
1773245054000,64.0932620333333,-21.9251066666667,12.96,0.00,8.29,true,false,2.99,2.00,5.39,1
1773245057000,64.0929863,-21.9254095,29.04,15.44,14.67,false,false,32.05,3.00,38.47,0
1773245061000,64.0929863,-21.9254095,7.08,0.00,14.67,true,false,4.35,4.00,3.91,1
1773245063000,64.0926285166667,-21.9258063333333,33.46,24.15,22.94,false,false,40.62,2.00,73.12,0
1773245065000,64.0926285166667,-21.9258063333333,27.53,0.00,22.94,true,false,9.98,2.00,17.96,1
1773245070000,64.0922708,-21.9262173333333,30.42,27.61,26.23,false,false,41.82,5.00,30.11,0
1773245072000,64.0919387,-21.926636,49.04,31.40,29.83,false,false,42.43,2.00,76.37,0
1773245074000,64.0919387,-21.926636,34.79,0.00,29.83,true,false,6.73,2.00,12.12,1
1773245080000,64.0916952,-21.9269721666667,9.26,9.26,8.79,false,false,25.42,6.00,15.25,0
1773245084000,64.0915734166667,-21.9271473333333,12.27,12.27,11.65,false,false,14.13,4.00,12.72,0
1773245088000,64.0914941333333,-21.9272858333333,10.60,10.60,10.07,false,false,11.50,4.00,10.35,0
1773245093000,64.0914666166667,-21.9273408333333,2.16,0.00,10.07,true,false,3.83,5.00,2.76,1
1773245099000,64.0913053166667,-21.9276516666667,16.31,12.38,11.76,false,false,22.61,6.00,13.57,0
1773245104000,64.09104135,-21.9282428333333,31.18,14.31,13.59,false,false,41.93,5.00,30.19,0
1773245108000,64.0907568,-21.928967,42.18,19.01,18.06,false,false,48.65,4.00,43.78,0
1773245110000,64.0905926166667,-21.92941,46.76,23.54,22.37,false,false,29.77,2.00,53.59,0
1773245117000,64.0905416333333,-21.9295475,12.67,12.67,12.04,false,false,10.47,7.00,5.38,0
1773245119000,64.0905436333333,-21.9295473333333,9.71,0.00,12.04,true,false,3.03,2.00,5.45,1
1773245124000,64.09054365,-21.9295471666667,0.00,0.00,0.00,true,true,1.04,5.00,0.75,2
1773245129000,64.0905212333333,-21.9296036666667,0.00,0.00,0.00,true,true,4.88,5.00,3.52,3
1773245133000,64.0905212333333,-21.9296036666667,0.00,0.00,0.00,true,true,0.36,4.00,0.32,4
1773245135000,64.0903673166667,-21.9299945,18.53,5.82,5.53,false,false,25.59,2.00,46.06,0
1773245138000,64.0901994833333,-21.9305041666667,35.53,11.41,10.84,false,false,37.85,3.00,45.42,0
1773245140000,64.0901994833333,-21.9305041666667,24.97,0.00,10.84,true,false,4.54,2.00,8.18,1
1773245144000,64.0900487,-21.9309761666667,21.98,20.38,19.36,false,false,23.99,4.00,21.60,0
1773245149000,64.0900385166667,-21.931006,0.70,0.00,19.36,true,false,1.33,5.00,0.96,1
1773245153000,64.0900412,-21.9310135,0.00,0.00,0.00,true,true,2.15,4.00,1.93,2
1773245155000,64.0900413166667,-21.9310133333333,0.00,0.00,0.00,true,true,0.17,2.00,0.30,3
1773245160000,64.0900414333333,-21.9310133333333,0.00,0.00,0.00,true,true,0.06,5.00,0.04,4
1773245167000,64.0900107833333,-21.931076,0.00,0.00,0.00,true,true,4.56,7.00,2.35,5
1773245169000,64.0900107833333,-21.931076,0.00,0.00,0.00,true,true,0.15,2.00,0.26,6
1773245173000,64.0898663,-21.9313781666667,17.32,4.74,4.50,false,false,21.78,4.00,19.60,0
1773245180000,64.0897774166667,-21.9315833333333,5.18,5.18,4.92,false,false,16.71,7.00,8.59,0
1773245185000,64.0897767,-21.9315851666667,0.71,0.00,4.92,true,false,0.44,5.00,0.32,1
1773245190000,64.0897766833333,-21.931585,0.00,0.00,0.00,true,true,0.54,5.00,0.39,2
1773245195000,64.0897746666667,-21.9315905,0.00,0.00,0.00,true,true,0.38,5.00,0.27,3
1773245198000,64.08974995,-21.9316638333333,0.00,0.00,0.00,true,true,4.52,3.00,5.43,4
1773245201000,64.08974995,-21.9316638333333,0.00,0.00,0.00,true,true,0.77,3.00,0.93,5
1773245207000,64.0895794166667,-21.9321278333333,22.57,5.61,5.33,false,false,29.59,6.00,17.75,0
1773245211000,64.0892843166667,-21.9328776666667,42.59,14.28,13.57,false,false,50.54,4.00,45.49,0
1773245214000,64.0889695,-21.9336821666667,57.78,25.66,24.38,false,false,55.22,3.00,66.27,0
1773245216000,64.0888394666667,-21.9339953333333,52.40,30.39,28.87,false,false,24.47,2.00,44.04,0
1773245221000,64.0888394666667,-21.9339953333333,7.67,0.00,28.87,true,false,2.17,5.00,1.56,1
1773245226000,64.0888341,-21.9340026666667,0.00,0.00,0.00,true,true,5.84,5.00,4.20,2
1773245231000,64.0888341666667,-21.9340023333333,0.00,0.00,0.00,true,true,0.33,5.00,0.24,3
1773245234000,64.0888341833333,-21.9340023333333,0.00,0.00,0.00,true,true,0.02,3.00,0.03,4
1773245236000,64.0888342333333,-21.9340023333333,0.00,0.00,0.00,true,true,0.00,2.00,0.01,5
1773245240000,64.0888342333333,-21.9340023333333,0.00,0.00,0.00,true,true,0.00,4.00,0.00,6
1773245242000,64.0888341833333,-21.9340023333333,0.00,0.00,0.00,true,true,0.01,2.00,0.01,7
1773245246000,64.0888341833333,-21.9340023333333,0.00,0.00,0.00,true,true,0.00,4.00,0.00,8
1773245250000,64.0888342333333,-21.9340023333333,0.00,0.00,0.00,true,true,0.01,4.00,0.00,9
1773245254000,64.0888341666667,-21.9340025,0.00,0.00,0.00,true,true,0.01,4.00,0.01,10
1773245260000,64.0888342166667,-21.9340023333333,0.00,0.00,0.00,true,true,0.01,6.00,0.01,11
1773245262000,64.0888203,-21.9340363333333,0.00,0.00,0.00,true,true,2.26,2.00,4.07,12
1773245266000,64.0886663666667,-21.9343915,19.76,4.78,4.54,false,false,24.87,4.00,22.38,0
1773245269000,64.0886663666667,-21.9343915,9.56,0.00,4.54,true,false,3.12,3.00,3.75,1
1773245273000,64.0883828,-21.9349576666667,32.17,12.95,12.30,false,false,39.41,4.00,35.47,0
1773245275000,64.0883828,-21.9349576666667,21.87,0.00,12.30,true,false,3.56,2.00,6.40,1
1773245277000,64.0880097333333,-21.9355741666667,46.01,28.10,26.69,false,false,47.25,2.00,85.04,0
1773245280000,64.0880097333333,-21.9355741666667,25.28,23.89,22.70,false,false,10.71,3.00,12.86,0
1773245284000,64.0875850833333,-21.9362646666667,44.07,36.19,34.38,false,false,51.95,4.00,46.75,0
1773245292000,64.0866628833333,-21.9377171666667,64.00,44.26,42.04,false,false,127.38,8.00,57.32,0
1773245295000,64.08650375,-21.9380351666667,40.76,40.76,38.72,false,false,24.12,3.00,28.95,0
1773245297000,64.08650375,-21.9380351666667,20.92,0.00,38.72,true,false,4.94,2.00,8.89,1
1773245299000,64.0863967333333,-21.9382146666667,0.00,0.00,0.00,true,true,7.13,2.00,12.84,2
1773245305000,64.0864009666667,-21.9381973333333,0.00,0.00,0.00,true,true,2.32,6.00,1.39,3
1773245307000,64.0864009666667,-21.9381973333333,0.00,0.00,0.00,true,true,0.13,2.00,0.24,4
1773245314000,64.0863970833333,-21.9382086666667,0.00,0.00,0.00,true,true,0.66,7.00,0.34,5
1773245317000,64.0863419833333,-21.9382551666667,0.00,0.00,0.00,true,true,6.54,3.00,7.85,6
1773245320000,64.0863419833333,-21.9382551666667,0.00,0.00,0.00,true,true,1.11,3.00,1.33,7
1773245327000,64.0861235333333,-21.938539,20.45,5.73,5.45,false,false,28.10,7.00,14.45,0
1773245330000,64.0856663,-21.9393911666667,59.14,15.68,14.90,false,false,66.46,3.00,79.75,0
1773245332000,64.0856663,-21.9393911666667,41.61,0.00,14.90,true,false,8.38,2.00,15.09,1
1773245335000,64.0852190166667,-21.9404615,64.51,32.92,31.27,false,false,65.20,3.00,78.24,0
1773245339000,64.0847541666667,-21.9418661666667,80.45,47.17,44.81,false,false,92.03,4.00,82.83,0
1773245341000,64.0847541666667,-21.9418661666667,50.23,0.00,44.81,true,false,2.94,2.00,5.30,1
1773245343000,64.0847541666667,-21.9418661666667,23.16,23.16,22.00,false,false,11.44,2.00,20.60,0
1773245347000,64.0841256833333,-21.9438008333333,86.41,65.84,62.55,false,false,105.08,4.00,94.58,0
1773245352000,64.0835723166667,-21.9454801666667,0.00,0.00,0.00,true,false,0.00,2.00,0.00,1
1773245354000,64.0835723166667,-21.9454801666667,0.00,0.00,0.00,true,true,0.00,2.00,0.00,2
1773245357000,64.0830030833333,-21.946886,69.82,47.90,45.50,false,false,93.06,3.00,111.67,0
1773245360000,64.0823990166667,-21.9476845,95.78,60.77,57.73,false,false,93.53,3.00,112.23,0
1773245362000,64.0823990166667,-21.9476845,63.60,0.00,57.73,true,false,7.72,2.00,13.89,1
1773245365000,64.0817110166667,-21.9481811666667,73.74,67.87,64.48,false,false,68.02,3.00,81.62,0
1773245368000,64.0817110166667,-21.9481811666667,30.08,0.00,64.48,true,false,5.72,3.00,6.86,1
1773245371000,64.0812224666667,-21.9484771666667,45.13,45.13,42.88,false,false,44.96,3.00,53.95,0
1773245374000,64.0812224666667,-21.9484771666667,19.56,0.00,42.88,true,false,3.84,3.00,4.60,1
1773245376000,64.08072895,-21.9487836666667,47.03,47.03,44.68,false,false,50.28,2.00,90.51,0
1773245380000,64.0802177166667,-21.9491006666667,61.28,41.27,39.21,false,false,70.16,4.00,63.15,0
1773245385000,64.0797388,-21.9493955,39.84,39.84,37.85,false,false,57.50,5.00,41.40,0
1773245389000,64.0797388,-21.9493955,3.44,0.00,37.85,true,false,2.10,4.00,1.89,1
1773245391000,64.0797388,-21.9493955,0.00,0.00,0.00,true,true,5.16,2.00,9.29,2
1773245395000,64.0792796666667,-21.9497263333333,40.93,31.74,30.16,false,false,51.54,4.00,46.39,0
1773245397000,64.0791232666667,-21.949876,42.93,26.98,25.63,false,false,25.56,2.00,46.01,0
1773245402000,64.07912395,-21.9498668333333,4.23,0.00,25.63,true,false,0.55,5.00,0.40,1
1773245406000,64.07912395,-21.9498668333333,0.00,0.00,0.00,true,true,5.03,4.00,4.53,2
1773245411000,64.0791239666667,-21.9498666666667,0.00,0.00,0.00,true,true,0.04,5.00,0.03,3
1773245417000,64.0790748,-21.9498631666667,0.00,0.00,0.00,true,true,5.46,6.00,3.27,4
1773245422000,64.07887695,-21.9499263333333,17.30,3.96,3.76,false,false,22.43,5.00,16.15,0
1773245426000,64.07887695,-21.9499263333333,3.43,0.00,3.76,true,false,1.57,4.00,1.41,1
1773245429000,64.07872035,-21.9500048333333,13.42,7.10,6.75,false,false,15.85,3.00,19.02,0
1773245433000,64.0786794166667,-21.9500258333333,7.18,0.00,6.75,true,false,6.96,4.00,6.27,1
1773245435000,64.0786794166667,-21.9500258333333,0.00,0.00,0.00,true,true,0.97,2.00,1.75,2
1773245437000,64.0783713,-21.9502143333333,23.48,13.91,13.21,false,false,34.06,2.00,61.31,0
1773245441000,64.0783713,-21.9502143333333,10.96,10.96,10.41,false,false,10.37,4.00,9.34,0
1773245443000,64.07791315,-21.9504948333333,42.78,23.88,22.69,false,false,50.46,2.00,90.84,0
1773245445000,64.07791315,-21.9504948333333,34.81,26.46,25.14,false,false,12.13,2.00,21.83,0
1773245447000,64.0774604,-21.9507468333333,54.04,42.00,39.90,false,false,48.16,2.00,86.69,0
1773245450000,64.0774604,-21.9507468333333,27.24,0.00,39.90,true,false,9.20,3.00,11.04,1
1773245452000,64.0772376333333,-21.950876,28.99,28.99,27.54,false,false,17.65,2.00,31.78,0
1773245457000,64.0772284166667,-21.9508888333333,1.91,0.00,27.54,true,false,1.92,5.00,1.38,1
1773245461000,64.0772023166667,-21.9509053333333,0.00,0.00,0.00,true,true,0.39,4.00,0.35,2
1773245466000,64.0769646833333,-21.9510323333333,21.15,10.77,10.23,false,false,27.28,5.00,19.64,0
1773245471000,64.0765445166667,-21.9512686666667,37.12,17.99,17.09,false,false,50.07,5.00,36.05,0
1773245474000,64.0761092333333,-21.9515626666667,53.41,21.25,20.18,false,false,51.87,3.00,62.25,0
1773245476000,64.0761092333333,-21.9515626666667,34.91,0.00,20.18,true,false,3.60,2.00,6.48,1
1773245478000,64.0761092333333,-21.9515626666667,0.00,0.00,0.00,true,true,7.32,2.00,13.18,2
1773245481000,64.0758052,-21.9518128333333,20.70,20.70,19.66,false,false,27.63,3.00,33.16,0
1773245484000,64.07566965,-21.951941,24.48,24.48,23.26,false,false,22.25,3.00,26.71,0
1773245487000,64.07566965,-21.951941,9.79,0.00,23.26,true,false,0.98,3.00,1.18,1
1773245490000,64.0756602333333,-21.9519453333333,0.00,0.00,0.00,true,true,2.70,3.00,3.24,2