ts,lat,lng,kalman_speed,endpoint_speed,final_speed,is_stale,is_stationary,raw_dist,raw_dt,raw_implied,stat_count
1773218922000,64.13952205,-21.8181651666667,0.00,0.00,0.00,false,false,0.00,0.00,0.00,0
1773218928000,64.1383719833333,-21.8165951666667,0.00,0.00,0.00,false,false,148.72,6.00,89.23,0
1773218930000,64.1383719833333,-21.8165951666667,53.97,0.00,0.00,true,false,0.96,2.00,1.73,1
1773218934000,64.1383719833333,-21.8165951666667,4.12,4.12,3.92,false,false,12.97,4.00,11.67,0
1773218936000,64.1383719833333,-21.8165951666667,8.74,0.00,3.92,true,false,8.74,2.00,15.73,1
1773218939000,64.1383719833333,-21.8165951666667,0.00,0.00,0.00,true,true,1.75,3.00,2.10,2
1773218941000,64.1383719833333,-21.8165951666667,0.00,0.00,0.00,true,true,1.13,2.00,2.04,3
1773218943000,64.1383719833333,-21.8165951666667,0.00,0.00,0.00,true,true,0.33,2.00,0.59,4
1773218947000,64.1383719833333,-21.8165951666667,0.00,0.00,0.00,true,true,0.10,4.00,0.09,5
1773218951000,64.1369645833333,-21.8128256666667,0.00,0.00,0.00,true,false,0.00,2.00,0.00,1
1773218954000,64.1369645833333,-21.8128256666667,0.00,0.00,0.00,true,true,0.00,3.00,0.00,2
1773218956000,64.1369645833333,-21.8128256666667,0.00,0.00,0.00,true,true,0.00,2.00,0.00,3
1773218959000,64.1369645833333,-21.8128256666667,0.00,0.00,0.00,true,true,0.00,3.00,0.00,4
1773218961000,64.1369645833333,-21.8128256666667,0.00,0.00,0.00,true,true,0.00,2.00,0.00,5
1773218965000,64.1369645833333,-21.8128256666667,0.00,0.00,0.00,true,true,0.00,4.00,0.00,6
1773218969000,64.1369645833333,-21.8128256666667,0.00,0.00,0.00,true,true,0.00,4.00,0.00,7
1773218973000,64.1369645833333,-21.8128256666667,0.00,0.00,0.00,true,true,0.00,4.00,0.00,8
1773218975000,64.1369645833333,-21.8128256666667,0.00,0.00,0.00,true,true,0.00,2.00,0.00,9
1773218982000,64.1369029333333,-21.8105653333333,0.00,0.00,0.00,true,false,0.00,4.00,0.00,1
1773218985000,64.1369029333333,-21.8105653333333,0.00,0.00,0.00,true,true,0.00,3.00,0.00,2
1773218990000,64.1369029333333,-21.8105653333333,0.00,0.00,0.00,true,true,0.00,5.00,0.00,3
1773218994000,64.1369029333333,-21.8105653333333,0.00,0.00,0.00,true,true,0.00,4.00,0.00,4
1773218999000,64.1369029333333,-21.8105653333333,0.00,0.00,0.00,true,true,0.00,5.00,0.00,5
1773219001000,64.1369029333333,-21.8105653333333,0.00,0.00,0.00,true,true,0.00,2.00,0.00,6
1773219003000,64.1369029333333,-21.8105653333333,0.00,0.00,0.00,true,true,0.00,2.00,0.00,7
1773219013000,64.1369029333333,-21.8105653333333,0.00,0.00,0.00,true,true,0.00,10.00,0.00,8
1773219020000,64.1369029333333,-21.8105653333333,0.00,0.00,0.00,true,true,0.00,7.00,0.00,9
1773219022000,64.1369029333333,-21.8105653333333,0.00,0.00,0.00,true,true,0.00,2.00,0.00,10
1773219026000,64.1369029333333,-21.8105653333333,0.00,0.00,0.00,true,true,0.00,4.00,0.00,11
1773219028000,64.1369029333333,-21.8105653333333,0.00,0.00,0.00,true,true,0.00,2.00,0.00,12
1773219032000,64.1369029333333,-21.8105653333333,0.00,0.00,0.00,true,true,0.00,4.00,0.00,13
1773219036000,64.1369029333333,-21.8105653333333,0.00,0.00,0.00,true,true,0.00,4.00,0.00,14
1773219038000,64.1369029333333,-21.8105653333333,0.00,0.00,0.00,true,true,0.00,2.00,0.00,15
1773219041000,64.1369029333333,-21.8105653333333,0.00,0.00,0.00,true,true,0.00,3.00,0.00,16
1773219044000,64.1369029333333,-21.8105653333333,0.00,0.00,0.00,true,true,0.00,3.00,0.00,17
1773219051000,64.1364749,-21.8069765,0.00,0.00,0.00,true,false,0.00,2.00,0.00,1
1773219054000,64.1364749,-21.8069765,0.00,0.00,0.00,true,true,0.00,3.00,0.00,2
1773219056000,64.1364749,-21.8069765,0.00,0.00,0.00,true,true,0.00,2.00,0.00,3
1773219059000,64.1364749,-21.8069765,0.00,0.00,0.00,true,true,0.00,3.00,0.00,4
1773219062000,64.1364749,-21.8069765,0.00,0.00,0.00,true,true,0.00,3.00,0.00,5
1773219067000,64.1364749,-21.8069765,0.00,0.00,0.00,true,true,0.00,5.00,0.00,6
1773219070000,64.1364749,-21.8069765,0.00,0.00,0.00,true,true,0.00,3.00,0.00,7
1773219076000,64.1364749,-21.8069765,0.00,0.00,0.00,true,true,0.00,6.00,0.00,8
1773219079000,64.1364749,-21.8069765,0.00,0.00,0.00,true,true,0.00,3.00,0.00,9
1773219084000,64.135682,-21.8020761666667,0.00,0.00,0.00,true,false,0.00,3.00,0.00,1
1773219087000,64.135682,-21.8020761666667,0.00,0.00,0.00,true,true,0.00,3.00,0.00,2
1773219091000,64.135682,-21.8020761666667,0.00,0.00,0.00,true,true,0.00,4.00,0.00,3
1773219095000,64.135682,-21.8020761666667,0.00,0.00,0.00,true,true,0.00,4.00,0.00,4
1773219097000,64.135682,-21.8020761666667,0.00,0.00,0.00,true,true,0.00,2.00,0.00,5
1773219100000,64.135682,-21.8020761666667,0.00,0.00,0.00,true,true,0.00,3.00,0.00,6
1773219104000,64.135682,-21.8020761666667,0.00,0.00,0.00,true,true,0.00,4.00,0.00,7
1773219114000,64.1347526166667,-21.7980143333333,0.00,0.00,0.00,true,false,0.00,4.00,0.00,1
1773219116000,64.1347526166667,-21.7980143333333,0.00,0.00,0.00,true,true,0.00,2.00,0.00,2
1773219119000,64.1347526166667,-21.7980143333333,0.00,0.00,0.00,true,true,0.00,3.00,0.00,3
1773219123000,64.1347526166667,-21.7980143333333,0.00,0.00,0.00,true,true,0.00,4.00,0.00,4
1773219125000,64.1347526166667,-21.7980143333333,0.00,0.00,0.00,true,true,0.00,2.00,0.00,5
1773219129000,64.1347526166667,-21.7980143333333,0.00,0.00,0.00,true,true,0.00,4.00,0.00,6
1773219131000,64.1347526166667,-21.7980143333333,0.00,0.00,0.00,true,true,0.00,2.00,0.00,7
1773219133000,64.1347526166667,-21.7980143333333,0.00,0.00,0.00,true,true,0.00,2.00,0.00,8
1773219135000,64.1347526166667,-21.7980143333333,0.00,0.00,0.00,true,true,0.00,2.00,0.00,9
1773219137000,64.1347526166667,-21.7980143333333,0.00,0.00,0.00,true,true,0.00,2.00,0.00,10
1773219143000,64.1347526166667,-21.7980143333333,0.00,0.00,0.00,true,true,0.00,6.00,0.00,11
1773219148000,64.1347526166667,-21.7980143333333,0.00,0.00,0.00,true,true,0.00,5.00,0.00,12
1773219152000,64.1347526166667,-21.7980143333333,0.00,0.00,0.00,true,true,0.00,4.00,0.00,13
1773219157000,64.1347526166667,-21.7980143333333,0.00,0.00,0.00,true,true,0.00,5.00,0.00,14
1773219159000,64.1347526166667,-21.7980143333333,0.00,0.00,0.00,true,true,0.00,2.00,0.00,15
1773219165000,64.1353203166667,-21.7932593333333,0.00,0.00,0.00,true,false,0.00,2.00,0.00,1
1773219168000,64.1353203166667,-21.7932593333333,0.00,0.00,0.00,true,true,0.00,3.00,0.00,2
1773219172000,64.1353203166667,-21.7932593333333,0.00,0.00,0.00,true,true,0.00,4.00,0.00,3
1773219177000,64.1353203166667,-21.7932593333333,0.00,0.00,0.00,true,true,0.00,5.00,0.00,4
1773219182000,64.1353203166667,-21.7932593333333,0.00,0.00,0.00,true,true,0.00,5.00,0.00,5
1773219184000,64.1353203166667,-21.7932593333333,0.00,0.00,0.00,true,true,0.00,2.00,0.00,6
1773219188000,64.1353203166667,-21.7932593333333,0.00,0.00,0.00,true,true,0.00,4.00,0.00,7
1773219193000,64.1353203166667,-21.7932593333333,0.00,0.00,0.00,true,true,0.00,5.00,0.00,8
1773219197000,64.1353203166667,-21.7932593333333,0.00,0.00,0.00,true,true,0.00,4.00,0.00,9
1773219202000,64.1353203166667,-21.7932593333333,0.00,0.00,0.00,true,true,0.00,5.00,0.00,10
1773219204000,64.1353203166667,-21.7932593333333,0.00,0.00,0.00,true,true,0.00,2.00,0.00,11
1773219213000,64.1376806,-21.7910825,0.00,0.00,0.00,true,false,0.00,5.00,0.00,1
1773219217000,64.1376806,-21.7910825,0.00,0.00,0.00,true,true,0.00,4.00,0.00,2
1773219219000,64.1376806,-21.7910825,0.00,0.00,0.00,true,true,0.00,2.00,0.00,3
1773219224000,64.1376806,-21.7910825,0.00,0.00,0.00,true,true,0.00,5.00,0.00,4
1773219232000,64.1391780833333,-21.7893108333333,0.00,0.00,0.00,true,false,0.00,4.00,0.00,1
1773219234000,64.1391780833333,-21.7893108333333,0.00,0.00,0.00,true,true,0.00,2.00,0.00,2
1773219237000,64.1391780833333,-21.7893108333333,0.00,0.00,0.00,true,true,0.00,3.00,0.00,3
1773219239000,64.1391780833333,-21.7893108333333,0.00,0.00,0.00,true,true,0.00,2.00,0.00,4
1773219243000,64.1391780833333,-21.7893108333333,0.00,0.00,0.00,true,true,0.00,4.00,0.00,5
1773219248000,64.1391780833333,-21.7893108333333,0.00,0.00,0.00,true,true,0.00,5.00,0.00,6
1773219254000,64.1393053333333,-21.7846658333333,0.00,0.00,0.00,true,false,0.00,2.00,0.00,1
1773219258000,64.1393053333333,-21.7846658333333,0.00,0.00,0.00,true,true,0.00,4.00,0.00,2
1773219261000,64.1393053333333,-21.7846658333333,0.00,0.00,0.00,true,true,0.00,3.00,0.00,3
1773219264000,64.1393053333333,-21.7846658333333,0.00,0.00,0.00,true,true,0.00,3.00,0.00,4
1773219266000,64.1393053333333,-21.7846658333333,0.00,0.00,0.00,true,true,0.00,2.00,0.00,5
1773219275000,64.1396335333333,-21.7803085,0.00,0.00,0.00,true,false,0.00,5.00,0.00,1
1773219281000,64.1396335333333,-21.7803085,0.00,0.00,0.00,true,true,0.00,6.00,0.00,2
1773219285000,64.1396335333333,-21.7803085,0.00,0.00,0.00,true,true,0.00,4.00,0.00,3
1773219288000,64.1396335333333,-21.7803085,0.00,0.00,0.00,true,true,0.00,3.00,0.00,4
1773219290000,64.1396335333333,-21.7803085,0.00,0.00,0.00,true,true,0.00,2.00,0.00,5
1773219298000,64.1386535833333,-21.7767566666667,0.00,0.00,0.00,true,false,0.00,4.00,0.00,1
1773219303000,64.1382090166667,-21.774218,100.89,53.07,50.42,false,false,132.88,5.00,95.67,0
1773219307000,64.1382090166667,-21.774218,20.03,0.00,50.42,true,false,9.39,4.00,8.45,1
1773219310000,64.1382090166667,-21.774218,1.53,1.53,1.46,false,false,11.34,3.00,13.61,0
1773219313000,64.1382090166667,-21.774218,4.33,0.00,1.46,true,false,4.96,3.00,5.96,1
1773219316000,64.1382090166667,-21.774218,0.00,0.00,0.00,true,true,0.70,3.00,0.83,2
1773219319000,64.1382090166667,-21.774218,0.00,0.00,0.00,true,true,0.56,3.00,0.67,3
1773219322000,64.1382090166667,-21.774218,0.00,0.00,0.00,true,true,0.11,3.00,0.13,4
1773219326000,64.1382090166667,-21.774218,0.00,0.00,0.00,true,true,0.02,4.00,0.02,5
1773219328000,64.1382090166667,-21.774218,0.00,0.00,0.00,true,true,0.00,2.00,0.00,6
1773219330000,64.1382090166667,-21.774218,0.00,0.00,0.00,true,true,0.00,2.00,0.00,7
1773219335000,64.1382090166667,-21.774218,0.00,0.00,0.00,true,true,0.00,5.00,0.00,8
1773219339000,64.1382090166667,-21.774218,0.00,0.00,0.00,true,true,0.00,4.00,0.00,9
1773219341000,64.1382090166667,-21.774218,0.00,0.00,0.00,true,true,0.00,2.00,0.00,10
1773219343000,64.1382090166667,-21.774218,0.00,0.00,0.00,true,true,0.00,2.00,0.00,11
1773219347000,64.1382090166667,-21.774218,0.00,0.00,0.00,true,true,0.00,4.00,0.00,12
1773219354000,64.1382090166667,-21.774218,0.00,0.00,0.00,true,true,0.00,7.00,0.00,13
1773219357000,64.1382090166667,-21.774218,0.00,0.00,0.00,true,true,0.00,3.00,0.00,14
1773219363000,64.1394155,-21.7721446666667,0.00,0.00,0.00,true,false,0.00,4.00,0.00,1
1773219365000,64.1394155,-21.7721446666667,0.00,0.00,0.00,true,true,0.00,2.00,0.00,2
1773219370000,64.1394155,-21.7721446666667,0.00,0.00,0.00,true,true,0.00,5.00,0.00,3
1773219372000,64.1394155,-21.7721446666667,0.00,0.00,0.00,true,true,0.00,2.00,0.00,4
1773219375000,64.1394155,-21.7721446666667,0.00,0.00,0.00,true,true,0.00,3.00,0.00,5
1773219378000,64.1394155,-21.7721446666667,0.00,0.00,0.00,true,true,0.00,3.00,0.00,6
1773219381000,64.1394155,-21.7721446666667,0.00,0.00,0.00,true,true,0.00,3.00,0.00,7
1773219383000,64.1394155,-21.7721446666667,0.00,0.00,0.00,true,true,0.00,2.00,0.00,8
1773219387000,64.1394155,-21.7721446666667,0.00,0.00,0.00,true,true,0.00,4.00,0.00,9
1773219390000,64.1394155,-21.7721446666667,0.00,0.00,0.00,true,true,0.00,3.00,0.00,10
1773219394000,64.1394155,-21.7721446666667,0.00,0.00,0.00,true,true,0.00,4.00,0.00,11
1773219396000,64.1394155,-21.7721446666667,0.00,0.00,0.00,true,true,0.00,2.00,0.00,12
1773219402000,64.1449085,-21.7741166666667,0.00,0.00,0.00,true,false,0.00,4.00,0.00,1
1773219409000,64.1449085,-21.7741166666667,0.00,0.00,0.00,true,true,0.00,7.00,0.00,2
1773219413000,64.1449085,-21.7741166666667,0.00,0.00,0.00,true,true,0.00,4.00,0.00,3
1773219415000,64.1449085,-21.7741166666667,0.00,0.00,0.00,true,true,0.00,2.00,0.00,4
1773219418000,64.1449085,-21.7741166666667,0.00,0.00,0.00,true,true,0.00,3.00,0.00,5
1773219422000,64.1449085,-21.7741166666667,0.00,0.00,0.00,true,true,0.00,4.00,0.00,6
1773219424000,64.1449085,-21.7741166666667,0.00,0.00,0.00,true,true,0.00,2.00,0.00,7
1773219429000,64.1449085,-21.7741166666667,0.00,0.00,0.00,true,true,0.00,5.00,0.00,8
1773219431000,64.1449085,-21.7741166666667,0.00,0.00,0.00,true,true,0.00,2.00,0.00,9
1773219434000,64.1449085,-21.7741166666667,0.00,0.00,0.00,true,true,0.00,3.00,0.00,10
1773219438000,64.1449085,-21.7741166666667,0.00,0.00,0.00,true,true,0.00,4.00,0.00,11
1773219440000,64.1449085,-21.7741166666667,0.00,0.00,0.00,true,true,0.00,2.00,0.00,12
1773219443000,64.1449085,-21.7741166666667,0.00,0.00,0.00,true,true,0.00,3.00,0.00,13
1773219445000,64.1449085,-21.7741166666667,0.00,0.00,0.00,true,true,0.00,2.00,0.00,14
1773219453000,64.1463813333333,-21.7708988333333,0.00,0.00,0.00,true,false,0.00,2.00,0.00,1
1773219455000,64.1463813333333,-21.7708988333333,0.00,0.00,0.00,true,true,0.00,2.00,0.00,2
1773219460000,64.1463813333333,-21.7708988333333,0.00,0.00,0.00,true,true,0.00,5.00,0.00,3
1773219465000,64.1463813333333,-21.7708988333333,0.00,0.00,0.00,true,true,0.00,5.00,0.00,4
1773219469000,64.1463813333333,-21.7708988333333,0.00,0.00,0.00,true,true,0.00,4.00,0.00,5
1773219471000,64.1463813333333,-21.7708988333333,0.00,0.00,0.00,true,true,0.00,2.00,0.00,6
1773219474000,64.1463813333333,-21.7708988333333,0.00,0.00,0.00,true,true,0.00,3.00,0.00,7
1773219483000,64.1463813333333,-21.7708988333333,0.00,0.00,0.00,true,true,0.00,9.00,0.00,8
1773219486000,64.1463813333333,-21.7708988333333,0.00,0.00,0.00,true,true,0.00,3.00,0.00,9
1773219488000,64.1463813333333,-21.7708988333333,0.00,0.00,0.00,true,true,0.00,2.00,0.00,10
1773219490000,64.1463813333333,-21.7708988333333,0.00,0.00,0.00,true,true,0.00,2.00,0.00,11
1773219493000,64.1463813333333,-21.7708988333333,0.00,0.00,0.00,true,true,0.00,3.00,0.00,12
1773219495000,64.1463813333333,-21.7708988333333,0.00,0.00,0.00,true,true,0.00,2.00,0.00,13
1773219499000,64.1463813333333,-21.7708988333333,0.00,0.00,0.00,true,true,0.00,4.00,0.00,14
1773219501000,64.1463813333333,-21.7708988333333,0.00,0.00,0.00,true,true,0.00,2.00,0.00,15
1773219503000,64.1463813333333,-21.7708988333333,0.00,0.00,0.00,true,true,0.00,2.00,0.00,16
1773219507000,64.1463813333333,-21.7708988333333,0.00,0.00,0.00,true,true,0.00,4.00,0.00,17
1773219510000,64.1463813333333,-21.7708988333333,0.00,0.00,0.00,true,true,0.00,3.00,0.00,18
1773219515000,64.1463813333333,-21.7708988333333,0.00,0.00,0.00,true,true,0.00,5.00,0.00,19
1773219517000,64.1463813333333,-21.7708988333333,0.00,0.00,0.00,true,true,0.00,2.00,0.00,20
1773219520000,64.1463813333333,-21.7708988333333,0.00,0.00,0.00,true,true,0.00,3.00,0.00,21
1773232398000,64.1402930666667,-21.806733,0.00,0.00,0.00,true,false,0.00,3.00,0.00,1
1773232400000,64.1402930666667,-21.806733,0.00,0.00,0.00,true,true,0.00,2.00,0.00,2
1773232402000,64.1402930666667,-21.806733,0.00,0.00,0.00,true,true,0.00,2.00,0.00,3
1773232406000,64.1402930666667,-21.806733,0.00,0.00,0.00,true,true,0.00,4.00,0.00,4
1773232408000,64.1402930666667,-21.806733,0.00,0.00,0.00,true,true,0.00,2.00,0.00,5
1773232410000,64.1402930666667,-21.806733,0.00,0.00,0.00,true,true,0.00,2.00,0.00,6
1773232413000,64.1402930666667,-21.806733,0.00,0.00,0.00,true,true,0.00,3.00,0.00,7
1773232417000,64.1402930666667,-21.806733,0.00,0.00,0.00,true,true,0.00,4.00,0.00,8
1773232419000,64.1402930666667,-21.806733,0.00,0.00,0.00,true,true,0.00,2.00,0.00,9
1773232423000,64.1402930666667,-21.806733,0.00,0.00,0.00,true,true,0.00,4.00,0.00,10
1773232425000,64.1402930666667,-21.806733,0.00,0.00,0.00,true,true,0.00,2.00,0.00,11
1773232427000,64.1402930666667,-21.806733,0.00,0.00,0.00,true,true,0.00,2.00,0.00,12
1773232431000,64.1402930666667,-21.806733,0.00,0.00,0.00,true,true,0.00,4.00,0.00,13
1773232433000,64.1402930666667,-21.806733,0.00,0.00,0.00,true,true,0.00,2.00,0.00,14
1773232435000,64.1402930666667,-21.806733,0.00,0.00,0.00,true,true,0.00,2.00,0.00,15
1773232440000,64.1402930666667,-21.806733,0.00,0.00,0.00,true,true,0.00,5.00,0.00,16
1773232442000,64.1402930666667,-21.806733,0.00,0.00,0.00,true,true,0.00,2.00,0.00,17
1773232446000,64.1402930666667,-21.806733,0.00,0.00,0.00,true,true,0.00,4.00,0.00,18
1773232450000,64.1402930666667,-21.806733,0.00,0.00,0.00,true,true,0.00,4.00,0.00,19
1773232452000,64.1402930666667,-21.806733,0.00,0.00,0.00,true,true,0.00,2.00,0.00,20
1773232454000,64.1402930666667,-21.806733,0.00,0.00,0.00,true,true,0.00,2.00,0.00,21
1773232459000,64.1402930666667,-21.806733,0.00,0.00,0.00,true,true,0.00,5.00,0.00,22
1773232461000,64.1402930666667,-21.806733,0.00,0.00,0.00,true,true,0.00,2.00,0.00,23
1773232465000,64.1402930666667,-21.806733,0.00,0.00,0.00,true,true,0.00,4.00,0.00,24
1773232467000,64.1402930666667,-21.806733,0.00,0.00,0.00,true,true,0.00,2.00,0.00,25
1773232471000,64.1402930666667,-21.806733,0.00,0.00,0.00,true,true,0.00,4.00,0.00,26
1773232473000,64.1402930666667,-21.806733,0.00,0.00,0.00,true,true,0.00,2.00,0.00,27
1773232478000,64.1402930666667,-21.806733,0.00,0.00,0.00,true,true,0.00,5.00,0.00,28
1773232480000,64.1402930666667,-21.806733,0.00,0.00,0.00,true,true,0.00,2.00,0.00,29
1773232484000,64.1402930666667,-21.806733,0.00,0.00,0.00,true,true,0.00,4.00,0.00,30
1773232486000,64.1402930666667,-21.806733,0.00,0.00,0.00,true,true,0.00,2.00,0.00,31
1773232492000,64.1402930666667,-21.806733,0.00,0.00,0.00,true,true,0.00,6.00,0.00,32
1773232494000,64.1402930666667,-21.806733,0.00,0.00,0.00,true,true,0.00,2.00,0.00,33
1773232497000,64.1402930666667,-21.806733,0.00,0.00,0.00,true,true,0.00,3.00,0.00,34
1773232501000,64.1402930666667,-21.806733,0.00,0.00,0.00,true,true,0.00,4.00,0.00,35
1773232503000,64.1402930666667,-21.806733,0.00,0.00,0.00,true,true,0.00,2.00,0.00,36
1773232505000,64.1402930666667,-21.806733,0.00,0.00,0.00,true,true,0.00,2.00,0.00,37
1773232509000,64.1402930666667,-21.806733,0.00,0.00,0.00,true,true,0.00,4.00,0.00,38
1773232511000,64.1402930666667,-21.806733,0.00,0.00,0.00,true,true,0.00,2.00,0.00,39
1773232517000,64.14363735,-21.8069923333333,0.00,0.00,0.00,true,false,0.00,2.00,0.00,1
1773232519000,64.14363735,-21.8069923333333,0.00,0.00,0.00,true,true,0.00,2.00,0.00,2
1773232524000,64.1434631333333,-21.8073658333333,20.36,10.61,10.08,false,false,26.52,5.00,19.10,0
1773232526000,64.1434631333333,-21.8073658333333,13.53,0.00,10.08,true,false,2.03,2.00,3.65,1
1773232529000,64.1434631333333,-21.8073658333333,0.00,0.00,0.00,true,true,2.44,3.00,2.93,2
1773232531000,64.1434631333333,-21.8073658333333,0.00,0.00,0.00,true,true,2.72,2.00,4.89,3
1773232533000,64.1434631333333,-21.8073658333333,0.00,0.00,0.00,true,true,0.78,2.00,1.41,4
1773232537000,64.1434631333333,-21.8073658333333,0.00,0.00,0.00,true,true,0.25,4.00,0.22,5
1773232539000,64.1434631333333,-21.8073658333333,0.00,0.00,0.00,true,true,0.03,2.00,0.06,6
1773232543000,64.1434631333333,-21.8073658333333,0.00,0.00,0.00,true,true,0.01,4.00,0.01,7
1773232545000,64.1434631333333,-21.8073658333333,0.00,0.00,0.00,true,true,0.00,2.00,0.00,8
1773232550000,64.1434631333333,-21.8073658333333,0.00,0.00,0.00,true,true,0.00,5.00,0.00,9
1773232554000,64.1434631333333,-21.8073658333333,0.00,0.00,0.00,true,true,0.00,4.00,0.00,10
1773232556000,64.1434631333333,-21.8073658333333,0.00,0.00,0.00,true,true,0.00,2.00,0.00,11
1773232558000,64.1434631333333,-21.8073658333333,0.00,0.00,0.00,true,true,0.00,2.00,0.00,12
1773232562000,64.1434631333333,-21.8073658333333,0.00,0.00,0.00,true,true,0.00,4.00,0.00,13
1773232564000,64.1434631333333,-21.8073658333333,0.00,0.00,0.00,true,true,0.00,2.00,0.00,14
1773232568000,64.1434631333333,-21.8073658333333,0.00,0.00,0.00,true,true,0.00,4.00,0.00,15
1773232573000,64.1434631333333,-21.8073658333333,0.00,0.00,0.00,true,true,0.00,5.00,0.00,16
1773232575000,64.1434631333333,-21.8073658333333,0.00,0.00,0.00,true,true,0.00,2.00,0.00,17
1773232579000,64.1434631333333,-21.8073658333333,0.00,0.00,0.00,true,true,0.00,4.00,0.00,18
1773232581000,64.1434631333333,-21.8073658333333,0.00,0.00,0.00,true,true,0.00,2.00,0.00,19
1773232583000,64.1434631333333,-21.8073658333333,0.00,0.00,0.00,true,true,0.00,2.00,0.00,20
1773232587000,64.1434631333333,-21.8073658333333,0.00,0.00,0.00,true,true,0.00,4.00,0.00,21
1773232591000,64.1434631333333,-21.8073658333333,0.00,0.00,0.00,true,true,0.00,4.00,0.00,22
1773232595000,64.1434631333333,-21.8073658333333,0.00,0.00,0.00,true,true,0.00,4.00,0.00,23
1773232598000,64.1434631333333,-21.8073658333333,0.00,0.00,0.00,true,true,0.00,3.00,0.00,24
1773232600000,64.1434631333333,-21.8073658333333,0.00,0.00,0.00,true,true,0.00,2.00,0.00,25
1773232602000,64.1434631333333,-21.8073658333333,0.00,0.00,0.00,true,true,0.00,2.00,0.00,26
1773232606000,64.1434631333333,-21.8073658333333,0.00,0.00,0.00,true,true,0.00,4.00,0.00,27
1773232608000,64.1434631333333,-21.8073658333333,0.00,0.00,0.00,true,true,0.00,2.00,0.00,28
1773232615000,64.1434631333333,-21.8073658333333,0.00,0.00,0.00,true,true,0.00,7.00,0.00,29
1773232617000,64.1434631333333,-21.8073658333333,0.00,0.00,0.00,true,true,0.00,2.00,0.00,30
1773232621000,64.1434631333333,-21.8073658333333,0.00,0.00,0.00,true,true,0.00,4.00,0.00,31
1773232625000,64.1434631333333,-21.8073658333333,0.00,0.00,0.00,true,true,0.00,4.00,0.00,32
1773232627000,64.1434631333333,-21.8073658333333,0.00,0.00,0.00,true,true,0.00,2.00,0.00,33
1773232631000,64.1434631333333,-21.8073658333333,0.00,0.00,0.00,true,true,0.00,4.00,0.00,34
1773232633000,64.1434631333333,-21.8073658333333,0.00,0.00,0.00,true,true,0.00,2.00,0.00,35
1773232635000,64.1434631333333,-21.8073658333333,0.00,0.00,0.00,true,true,0.00,2.00,0.00,36
1773232640000,64.1434631333333,-21.8073658333333,0.00,0.00,0.00,true,true,0.00,5.00,0.00,37
1773232642000,64.1434631333333,-21.8073658333333,0.00,0.00,0.00,true,true,0.00,2.00,0.00,38
1773232646000,64.143245,-21.8069915,24.03,7.27,6.91,false,false,30.29,4.00,27.26,0
1773232650000,64.143245,-21.8069915,6.22,0.00,6.91,true,false,3.94,4.00,3.55,1
1773232655000,64.143245,-21.8069915,0.00,0.00,0.00,true,true,2.67,5.00,1.92,2
1773232657000,64.143245,-21.8069915,0.00,0.00,0.00,true,true,0.85,2.00,1.53,3
1773232661000,64.143245,-21.8069915,0.00,0.00,0.00,true,true,0.22,4.00,0.20,4
1773232667000,64.143245,-21.8069915,0.00,0.00,0.00,true,true,0.03,6.00,0.02,5
1773232669000,64.143245,-21.8069915,0.00,0.00,0.00,true,true,0.00,2.00,0.00,6
1773232674000,64.143245,-21.8069915,0.00,0.00,0.00,true,true,0.00,5.00,0.00,7
1773232676000,64.143245,-21.8069915,0.00,0.00,0.00,true,true,0.00,2.00,0.00,8
1773232680000,64.143245,-21.8069915,0.00,0.00,0.00,true,true,0.00,4.00,0.00,9
1773232682000,64.143245,-21.8069915,0.00,0.00,0.00,true,true,0.00,2.00,0.00,10
1773232685000,64.143245,-21.8069915,0.00,0.00,0.00,true,true,0.00,3.00,0.00,11
1773232691000,64.143245,-21.8069915,0.00,0.00,0.00,true,true,0.00,6.00,0.00,12
1773232694000,64.143245,-21.8069915,0.00,0.00,0.00,true,true,0.00,3.00,0.00,13
1773232700000,64.143245,-21.8069915,0.00,0.00,0.00,true,true,0.00,6.00,0.00,14
1773232702000,64.143245,-21.8069915,0.00,0.00,0.00,true,true,0.00,2.00,0.00,15
1773232704000,64.143245,-21.8069915,0.00,0.00,0.00,true,true,0.00,2.00,0.00,16
1773232708000,64.143245,-21.8069915,0.00,0.00,0.00,true,true,0.00,4.00,0.00,17
1773232710000,64.143245,-21.8069915,0.00,0.00,0.00,true,true,0.00,2.00,0.00,18
1773232712000,64.143245,-21.8069915,0.00,0.00,0.00,true,true,0.00,2.00,0.00,19
1773232715000,64.143245,-21.8069915,0.00,0.00,0.00,true,true,0.00,3.00,0.00,20
1773232717000,64.143245,-21.8069915,0.00,0.00,0.00,true,true,0.00,2.00,0.00,21
1773232722000,64.143245,-21.8069915,0.00,0.00,0.00,true,true,0.00,5.00,0.00,22
1773232724000,64.143245,-21.8069915,0.00,0.00,0.00,true,true,0.00,2.00,0.00,23
1773232728000,64.143245,-21.8069915,0.00,0.00,0.00,true,true,0.00,4.00,0.00,24
1773232730000,64.143245,-21.8069915,0.00,0.00,0.00,true,true,0.00,2.00,0.00,25
1773232735000,64.143245,-21.8069915,0.00,0.00,0.00,true,true,0.00,5.00,0.00,26
1773232739000,64.143245,-21.8069915,0.00,0.00,0.00,true,true,0.00,4.00,0.00,27
1773232743000,64.143245,-21.8069915,0.00,0.00,0.00,true,true,0.00,4.00,0.00,28
1773232745000,64.143245,-21.8069915,0.00,0.00,0.00,true,true,0.00,2.00,0.00,29
1773232749000,64.143245,-21.8069915,0.00,0.00,0.00,true,true,0.00,4.00,0.00,30
1773232751000,64.143245,-21.8069915,0.00,0.00,0.00,true,true,0.00,2.00,0.00,31
1773232753000,64.143245,-21.8069915,0.00,0.00,0.00,true,true,0.00,2.00,0.00,32
1773232760000,64.143245,-21.8069915,0.00,0.00,0.00,true,true,0.00,7.00,0.00,33
1773232766000,64.1432413666667,-21.8070001666667,0.00,0.00,0.00,true,true,0.58,6.00,0.35,34
1773232768000,64.1432413666667,-21.8070001666667,0.00,0.00,0.00,true,true,0.03,2.00,0.05,35
1773232770000,64.1432413666667,-21.8070001666667,0.00,0.00,0.00,true,true,0.01,2.00,0.01,36
1773232772000,64.1432413666667,-21.8070001666667,0.00,0.00,0.00,true,true,0.00,2.00,0.00,37
1773232777000,64.1432413666667,-21.8070001666667,0.00,0.00,0.00,true,true,0.00,5.00,0.00,38
1773232779000,64.1432413666667,-21.8070001666667,0.00,0.00,0.00,true,true,0.00,2.00,0.00,39
1773232781000,64.1432413666667,-21.8070001666667,0.00,0.00,0.00,true,true,0.00,2.00,0.00,40
1773232785000,64.1432413666667,-21.8070001666667,0.00,0.00,0.00,true,true,0.00,4.00,0.00,41
1773232787000,64.1432413666667,-21.8070001666667,0.00,0.00,0.00,true,true,0.00,2.00,0.00,42
1773232791000,64.1432413666667,-21.8070001666667,0.00,0.00,0.00,true,true,0.00,4.00,0.00,43
1773232793000,64.1432413666667,-21.8070001666667,0.00,0.00,0.00,true,true,0.00,2.00,0.00,44
1773232796000,64.1432413666667,-21.8070001666667,0.00,0.00,0.00,true,true,0.00,3.00,0.00,45
1773232798000,64.1432413666667,-21.8070001666667,0.00,0.00,0.00,true,true,0.00,2.00,0.00,46
1773232802000,64.1432413666667,-21.8070001666667,0.00,0.00,0.00,true,true,0.00,4.00,0.00,47
1773232804000,64.1432413666667,-21.8070001666667,0.00,0.00,0.00,true,true,0.00,2.00,0.00,48
1773232808000,64.1432413666667,-21.8070001666667,0.00,0.00,0.00,true,true,0.00,4.00,0.00,49
1773232810000,64.1432413666667,-21.8070001666667,0.00,0.00,0.00,true,true,0.00,2.00,0.00,50
1773232814000,64.1432413666667,-21.8070001666667,0.00,0.00,0.00,true,true,0.00,4.00,0.00,51
1773232816000,64.1432413666667,-21.8070001666667,0.00,0.00,0.00,true,true,0.00,2.00,0.00,52
1773232818000,64.1432413666667,-21.8070001666667,0.00,0.00,0.00,true,true,0.00,2.00,0.00,53
1773232822000,64.1432413666667,-21.8070001666667,0.00,0.00,0.00,true,true,0.00,4.00,0.00,54
1773232827000,64.1432413666667,-21.8070001666667,0.00,0.00,0.00,true,true,0.00,5.00,0.00,55
1773232833000,64.1432413666667,-21.8070001666667,0.00,0.00,0.00,true,true,0.00,6.00,0.00,56
1773232835000,64.1432413666667,-21.8070001666667,0.00,0.00,0.00,true,true,0.00,2.00,0.00,57
1773232837000,64.1432413666667,-21.8070001666667,0.00,0.00,0.00,true,true,0.00,2.00,0.00,58
1773232840000,64.1432413666667,-21.8070001666667,0.00,0.00,0.00,true,true,0.00,3.00,0.00,59
1773232846000,64.1432413666667,-21.8070001666667,0.00,0.00,0.00,true,true,0.00,6.00,0.00,60
1773232848000,64.1432413666667,-21.8070001666667,0.00,0.00,0.00,true,true,0.00,2.00,0.00,61
1773232852000,64.1432413666667,-21.8070001666667,0.00,0.00,0.00,true,true,0.00,4.00,0.00,62
1773232857000,64.1432413666667,-21.8070001666667,0.00,0.00,0.00,true,true,0.00,5.00,0.00,63
1773232862000,64.1432413666667,-21.8070001666667,0.00,0.00,0.00,true,true,0.00,5.00,0.00,64
1773232864000,64.1432413666667,-21.8070001666667,0.00,0.00,0.00,true,true,0.00,2.00,0.00,65
1773232868000,64.1432413666667,-21.8070001666667,0.00,0.00,0.00,true,true,0.00,4.00,0.00,66
1773232870000,64.1432413666667,-21.8070001666667,0.00,0.00,0.00,true,true,0.00,2.00,0.00,67
1773232874000,64.1432413666667,-21.8070001666667,0.00,0.00,0.00,true,true,0.00,4.00,0.00,68
1773232876000,64.1432413666667,-21.8070001666667,0.00,0.00,0.00,true,true,0.00,2.00,0.00,69
1773232878000,64.1432413666667,-21.8070001666667,0.00,0.00,0.00,true,true,0.00,2.00,0.00,70
1773232881000,64.1432413666667,-21.8070001666667,0.00,0.00,0.00,true,true,0.00,3.00,0.00,71
1773232885000,64.1432413666667,-21.8070001666667,0.00,0.00,0.00,true,true,0.00,4.00,0.00,72
1773232887000,64.14324275,-21.8069985,0.00,0.00,0.00,true,true,0.17,2.00,0.31,73
1773232889000,64.14324275,-21.8069985,0.00,0.00,0.00,true,true,0.05,2.00,0.09,74
1773232891000,64.14324275,-21.8069985,0.00,0.00,0.00,true,true,0.01,2.00,0.03,75
1773232893000,64.14324275,-21.8069985,0.00,0.00,0.00,true,true,0.00,2.00,0.01,76
1773232898000,64.14324275,-21.8069985,0.00,0.00,0.00,true,true,0.00,5.00,0.00,77
1773232900000,64.14324275,-21.8069985,0.00,0.00,0.00,true,true,0.00,2.00,0.00,78
1773232902000,64.14324275,-21.8069985,0.00,0.00,0.00,true,true,0.00,2.00,0.00,79
1773232906000,64.14324275,-21.8069985,0.00,0.00,0.00,true,true,0.00,4.00,0.00,80
1773232910000,64.14324275,-21.8069985,0.00,0.00,0.00,true,true,0.00,4.00,0.00,81
1773232912000,64.14324275,-21.8069985,0.00,0.00,0.00,true,true,0.00,2.00,0.00,82
1773232914000,64.14324275,-21.8069985,0.00,0.00,0.00,true,true,0.00,2.00,0.00,83
1773232917000,64.14324275,-21.8069985,0.00,0.00,0.00,true,true,0.00,3.00,0.00,84
1773232919000,64.14324275,-21.8069985,0.00,0.00,0.00,true,true,0.00,2.00,0.00,85
1773232921000,64.14324275,-21.8069985,0.00,0.00,0.00,true,true,0.00,2.00,0.00,86
1773232925000,64.14324275,-21.8069985,0.00,0.00,0.00,true,true,0.00,4.00,0.00,87
1773232927000,64.14324275,-21.8069985,0.00,0.00,0.00,true,true,0.00,2.00,0.00,88
1773232931000,64.14324275,-21.8069985,0.00,0.00,0.00,true,true,0.00,4.00,0.00,89
1773232936000,64.14324275,-21.8069985,0.00,0.00,0.00,true,true,0.00,5.00,0.00,90
1773232940000,64.14324275,-21.8069985,0.00,0.00,0.00,true,true,0.00,4.00,0.00,91
1773232942000,64.14324275,-21.8069985,0.00,0.00,0.00,true,true,0.00,2.00,0.00,92
1773232944000,64.14324275,-21.8069985,0.00,0.00,0.00,true,true,0.00,2.00,0.00,93
1773232946000,64.14324275,-21.8069985,0.00,0.00,0.00,true,true,0.00,2.00,0.00,94
1773232949000,64.14324275,-21.8069985,0.00,0.00,0.00,true,true,0.00,3.00,0.00,95
1773232955000,64.14324275,-21.8069985,0.00,0.00,0.00,true,true,0.00,6.00,0.00,96
1773232957000,64.14324275,-21.8069985,0.00,0.00,0.00,true,true,0.00,2.00,0.00,97
1773232961000,64.14324275,-21.8069985,0.00,0.00,0.00,true,true,0.00,4.00,0.00,98
1773232963000,64.14324275,-21.8069985,0.00,0.00,0.00,true,true,0.00,2.00,0.00,99
1773232967000,64.14324275,-21.8069985,0.00,0.00,0.00,true,true,0.00,4.00,0.00,100
1773232969000,64.14324275,-21.8069985,0.00,0.00,0.00,true,true,0.00,2.00,0.00,101
1773232972000,64.14324275,-21.8069985,0.00,0.00,0.00,true,true,0.00,3.00,0.00,102
1773232974000,64.14324275,-21.8069985,0.00,0.00,0.00,true,true,0.00,2.00,0.00,103
1773232980000,64.14324275,-21.8069985,0.00,0.00,0.00,true,true,0.00,6.00,0.00,104
1773232982000,64.14324275,-21.8069985,0.00,0.00,0.00,true,true,0.00,2.00,0.00,105
1773232986000,64.14324275,-21.8069985,0.00,0.00,0.00,true,true,0.00,4.00,0.00,106
1773232988000,64.14324275,-21.8069985,0.00,0.00,0.00,true,true,0.00,2.00,0.00,107
1773232995000,64.14438255,-21.8066455,0.00,0.00,0.00,true,false,0.00,4.00,0.00,1
1773232997000,64.14438255,-21.8066455,0.00,0.00,0.00,true,true,0.00,2.00,0.00,2
1773232999000,64.14438255,-21.8066455,0.00,0.00,0.00,true,true,0.00,2.00,0.00,3
1773233001000,64.14438255,-21.8066455,0.00,0.00,0.00,true,true,0.00,2.00,0.00,4
1773233003000,64.14438255,-21.8066455,0.00,0.00,0.00,true,true,0.00,2.00,0.00,5
1773233008000,64.14438255,-21.8066455,0.00,0.00,0.00,true,true,0.00,5.00,0.00,6
1773233010000,64.14438255,-21.8066455,0.00,0.00,0.00,true,true,0.00,2.00,0.00,7
1773233012000,64.14438255,-21.8066455,0.00,0.00,0.00,true,true,0.00,2.00,0.00,8
1773233016000,64.14438255,-21.8066455,0.00,0.00,0.00,true,true,0.00,4.00,0.00,9
1773233020000,64.14438255,-21.8066455,0.00,0.00,0.00,true,true,0.00,4.00,0.00,10
1773233022000,64.14438255,-21.8066455,0.00,0.00,0.00,true,true,0.00,2.00,0.00,11
1773233027000,64.14438255,-21.8066455,0.00,0.00,0.00,true,true,0.00,5.00,0.00,12
1773233029000,64.14438255,-21.8066455,0.00,0.00,0.00,true,true,0.00,2.00,0.00,13
1773233031000,64.14438255,-21.8066455,0.00,0.00,0.00,true,true,0.00,2.00,0.00,14
1773233035000,64.14438255,-21.8066455,0.00,0.00,0.00,true,true,0.00,4.00,0.00,15
1773233037000,64.14438255,-21.8066455,0.00,0.00,0.00,true,true,0.00,2.00,0.00,16
1773233041000,64.14438255,-21.8066455,0.00,0.00,0.00,true,true,0.00,4.00,0.00,17
1773233043000,64.14438255,-21.8066455,0.00,0.00,0.00,true,true,0.00,2.00,0.00,18
1773233046000,64.14438255,-21.8066455,0.00,0.00,0.00,true,true,0.00,3.00,0.00,19
1773233052000,64.14438255,-21.8066455,0.00,0.00,0.00,true,true,0.00,6.00,0.00,20
1773233054000,64.14438255,-21.8066455,0.00,0.00,0.00,true,true,0.00,2.00,0.00,21
1773233056000,64.14438255,-21.8066455,0.00,0.00,0.00,true,true,0.00,2.00,0.00,22
1773233060000,64.14438255,-21.8066455,0.00,0.00,0.00,true,true,0.00,4.00,0.00,23
1773233062000,64.14438255,-21.8066455,0.00,0.00,0.00,true,true,0.00,2.00,0.00,24
1773233064000,64.14438255,-21.8066455,0.00,0.00,0.00,true,true,0.00,2.00,0.00,25
1773233067000,64.14438255,-21.8066455,0.00,0.00,0.00,true,true,0.00,3.00,0.00,26
1773233071000,64.14438255,-21.8066455,0.00,0.00,0.00,true,true,0.00,4.00,0.00,27
1773233074000,64.14438255,-21.8066455,0.00,0.00,0.00,true,true,0.00,3.00,0.00,28
1773233077000,64.14438255,-21.8066455,0.00,0.00,0.00,true,true,0.00,3.00,0.00,29
1773233079000,64.14438255,-21.8066455,0.00,0.00,0.00,true,true,0.00,2.00,0.00,30
1773233084000,64.14438255,-21.8066455,0.00,0.00,0.00,true,true,0.00,5.00,0.00,31
1773233086000,64.14438255,-21.8066455,0.00,0.00,0.00,true,true,0.00,2.00,0.00,32
1773233090000,64.14438255,-21.8066455,0.00,0.00,0.00,true,true,0.00,4.00,0.00,33
1773233094000,64.14438255,-21.8066455,0.00,0.00,0.00,true,true,0.00,4.00,0.00,34
1773233097000,64.14438255,-21.8066455,0.00,0.00,0.00,true,true,0.00,3.00,0.00,35
1773233099000,64.14438255,-21.8066455,0.00,0.00,0.00,true,true,0.00,2.00,0.00,36
1773233104000,64.14438255,-21.8066455,0.00,0.00,0.00,true,true,0.00,5.00,0.00,37
1773233106000,64.14438255,-21.8066455,0.00,0.00,0.00,true,true,0.00,2.00,0.00,38
1773233112000,64.1376505833333,-21.8082441666667,0.00,0.00,0.00,true,false,0.00,2.00,0.00,1
1773233116000,64.1376505833333,-21.8082441666667,0.00,0.00,0.00,true,true,0.00,4.00,0.00,2
1773233118000,64.1376505833333,-21.8082441666667,0.00,0.00,0.00,true,true,0.00,2.00,0.00,3
1773233120000,64.1376505833333,-21.8082441666667,0.00,0.00,0.00,true,true,0.00,2.00,0.00,4
1773233123000,64.1376505833333,-21.8082441666667,0.00,0.00,0.00,true,true,0.00,3.00,0.00,5
1773233125000,64.1376505833333,-21.8082441666667,0.00,0.00,0.00,true,true,0.00,2.00,0.00,6
1773233129000,64.1376505833333,-21.8082441666667,0.00,0.00,0.00,true,true,0.00,4.00,0.00,7
1773233133000,64.13843555,-21.8081648333333,68.28,20.97,19.92,false,false,87.22,4.00,78.49,0
1773233135000,64.13843555,-21.8081648333333,48.32,20.97,19.92,false,false,10.24,2.00,18.43,0
1773233137000,64.13843555,-21.8081648333333,24.61,0.00,19.92,true,false,7.50,2.00,13.50,1
1773233139000,64.13843555,-21.8081648333333,8.47,8.47,8.04,false,false,10.44,2.00,18.79,0
1773233146000,64.13843555,-21.8081648333333,9.74,0.00,8.04,true,false,7.66,7.00,3.94,1
1773233148000,64.13843555,-21.8081648333333,0.00,0.00,0.00,true,true,0.91,2.00,1.64,2
1773233150000,64.13843555,-21.8081648333333,0.00,0.00,0.00,true,true,1.18,2.00,2.12,3
1773233154000,64.13843555,-21.8081648333333,0.00,0.00,0.00,true,true,0.35,4.00,0.32,4
1773233156000,64.13843555,-21.8081648333333,0.00,0.00,0.00,true,true,0.05,2.00,0.09,5
1773233162000,64.1396257333333,-21.8115516666667,0.00,0.00,0.00,true,false,0.00,2.00,0.00,1
1773233164000,64.1396257333333,-21.8115516666667,0.00,0.00,0.00,true,true,0.00,2.00,0.00,2
1773233169000,64.1396257333333,-21.8115516666667,0.00,0.00,0.00,true,true,0.00,5.00,0.00,3
1773233171000,64.1396257333333,-21.8115516666667,0.00,0.00,0.00,true,true,0.00,2.00,0.00,4
1773233173000,64.1396257333333,-21.8115516666667,0.00,0.00,0.00,true,true,0.00,2.00,0.00,5
1773233175000,64.1396257333333,-21.8115516666667,0.00,0.00,0.00,true,true,0.00,2.00,0.00,6
1773233181000,64.1396257333333,-21.8115516666667,0.00,0.00,0.00,true,true,0.00,6.00,0.00,7
1773233184000,64.1396257333333,-21.8115516666667,0.00,0.00,0.00,true,true,0.00,3.00,0.00,8
1773233186000,64.1396257333333,-21.8115516666667,0.00,0.00,0.00,true,true,0.00,2.00,0.00,9
1773233190000,64.1396257333333,-21.8115516666667,0.00,0.00,0.00,true,true,0.00,4.00,0.00,10
1773233193000,64.1396257333333,-21.8115516666667,0.00,0.00,0.00,true,true,0.00,3.00,0.00,11
1773233195000,64.1396257333333,-21.8115516666667,0.00,0.00,0.00,true,true,0.00,2.00,0.00,12
1773233203000,64.14070875,-21.8165541666667,0.00,0.00,0.00,true,false,0.00,4.00,0.00,1
1773233207000,64.14070875,-21.8165541666667,0.00,0.00,0.00,true,true,0.00,4.00,0.00,2
1773233209000,64.14070875,-21.8165541666667,0.00,0.00,0.00,true,true,0.00,2.00,0.00,3
1773233211000,64.14070875,-21.8165541666667,0.00,0.00,0.00,true,true,0.00,2.00,0.00,4
1773233216000,64.14070875,-21.8165541666667,0.00,0.00,0.00,true,true,0.00,5.00,0.00,5
1773233221000,64.1395053666667,-21.8181963333333,119.97,31.14,29.59,false,false,155.60,5.00,112.03,0
1773233223000,64.1395053666667,-21.8181963333333,79.14,35.04,33.29,false,false,11.37,2.00,20.46,0
1773233225000,64.1395053666667,-21.8181963333333,37.97,35.04,33.29,false,false,14.47,2.00,26.04,0
1773233229000,64.1395053666667,-21.8181963333333,9.41,9.41,8.94,false,false,17.38,4.00,15.64,0
1773233231000,64.1395053666667,-21.8181963333333,11.52,0.00,8.94,true,false,8.17,2.00,14.71,1
1773233235000,64.1395053666667,-21.8181963333333,0.00,0.00,0.00,true,true,0.80,4.00,0.72,2
1773233237000,64.1395053666667,-21.8181963333333,0.00,0.00,0.00,true,true,1.60,2.00,2.87,3
1773233244000,64.1384002,-21.816592,0.00,0.00,0.00,true,false,0.00,3.00,0.00,1
1773233248000,64.1384002,-21.816592,0.00,0.00,0.00,true,true,0.00,4.00,0.00,2
1773233250000,64.1384002,-21.816592,0.00,0.00,0.00,true,true,0.00,2.00,0.00,3
1773233252000,64.1384002,-21.816592,0.00,0.00,0.00,true,true,0.00,2.00,0.00,4
1773233255000,64.1384002,-21.816592,0.00,0.00,0.00,true,true,0.00,3.00,0.00,5
1773233259000,64.1384002,-21.816592,0.00,0.00,0.00,true,true,0.00,4.00,0.00,6
1773233261000,64.1384002,-21.816592,0.00,0.00,0.00,true,true,0.00,2.00,0.00,7
1773233265000,64.1384002,-21.816592,0.00,0.00,0.00,true,true,0.00,4.00,0.00,8
1773233267000,64.1384002,-21.816592,0.00,0.00,0.00,true,true,0.00,2.00,0.00,9
1773233276000,64.13701305,-21.8128341666667,0.00,0.00,0.00,true,false,0.00,3.00,0.00,1
1773233278000,64.13701305,-21.8128341666667,0.00,0.00,0.00,true,true,0.00,2.00,0.00,2
1773233281000,64.13701305,-21.8128341666667,0.00,0.00,0.00,true,true,0.00,3.00,0.00,3
1773233283000,64.13701305,-21.8128341666667,0.00,0.00,0.00,true,true,0.00,2.00,0.00,4
1773233287000,64.13701305,-21.8128341666667,0.00,0.00,0.00,true,true,0.00,4.00,0.00,5
1773233293000,64.1369015166667,-21.8106635,0.00,0.00,0.00,true,false,0.00,4.00,0.00,1
1773233299000,64.1369015166667,-21.8106635,0.00,0.00,0.00,true,true,0.00,6.00,0.00,2
1773233301000,64.1369015166667,-21.8106635,0.00,0.00,0.00,true,true,0.00,2.00,0.00,3
1773233303000,64.1369015166667,-21.8106635,0.00,0.00,0.00,true,true,0.00,2.00,0.00,4
1773233305000,64.1369015166667,-21.8106635,0.00,0.00,0.00,true,true,0.00,2.00,0.00,5
1773233309000,64.1369015166667,-21.8106635,0.00,0.00,0.00,true,true,0.00,4.00,0.00,6
1773233313000,64.1369015166667,-21.8106635,0.00,0.00,0.00,true,true,0.00,4.00,0.00,7
1773233315000,64.1369015166667,-21.8106635,0.00,0.00,0.00,true,true,0.00,2.00,0.00,8
1773233317000,64.1369015166667,-21.8106635,0.00,0.00,0.00,true,true,0.00,2.00,0.00,9
1773233319000,64.1369015166667,-21.8106635,0.00,0.00,0.00,true,true,0.00,2.00,0.00,10
1773233327000,64.1369015166667,-21.8106635,0.00,0.00,0.00,true,true,0.00,8.00,0.00,11
1773233329000,64.1369015166667,-21.8106635,0.00,0.00,0.00,true,true,0.00,2.00,0.00,12
1773233333000,64.13653105,-21.8070383333333,0.00,0.00,0.00,true,false,0.00,2.00,0.00,1
1773233338000,64.13653105,-21.8070383333333,0.00,0.00,0.00,true,true,0.00,5.00,0.00,2
1773233340000,64.13653105,-21.8070383333333,0.00,0.00,0.00,true,true,0.00,2.00,0.00,3
1773233342000,64.13653105,-21.8070383333333,0.00,0.00,0.00,true,true,0.00,2.00,0.00,4
1773233346000,64.13653105,-21.8070383333333,0.00,0.00,0.00,true,true,0.00,4.00,0.00,5
1773233348000,64.13653105,-21.8070383333333,0.00,0.00,0.00,true,true,0.00,2.00,0.00,6
1773233352000,64.13653105,-21.8070383333333,0.00,0.00,0.00,true,true,0.00,4.00,0.00,7
1773233354000,64.13653105,-21.8070383333333,0.00,0.00,0.00,true,true,0.00,2.00,0.00,8
1773233359000,64.13653105,-21.8070383333333,0.00,0.00,0.00,true,true,0.00,5.00,0.00,9
1773233364000,64.13653105,-21.8070383333333,0.00,0.00,0.00,true,true,0.00,5.00,0.00,10
1773233366000,64.13653105,-21.8070383333333,0.00,0.00,0.00,true,true,0.00,2.00,0.00,11
1773233368000,64.13653105,-21.8070383333333,0.00,0.00,0.00,true,true,0.00,2.00,0.00,12
1773233374000,64.1357138166667,-21.802019,0.00,0.00,0.00,true,false,0.00,4.00,0.00,1
1773233379000,64.1357138166667,-21.802019,0.00,0.00,0.00,true,true,0.00,5.00,0.00,2
1773233381000,64.1357138166667,-21.802019,0.00,0.00,0.00,true,true,0.00,2.00,0.00,3
1773233385000,64.1357138166667,-21.802019,0.00,0.00,0.00,true,true,0.00,4.00,0.00,4
1773233387000,64.1357138166667,-21.802019,0.00,0.00,0.00,true,true,0.00,2.00,0.00,5
1773233391000,64.1357138166667,-21.802019,0.00,0.00,0.00,true,true,0.00,4.00,0.00,6
1773233393000,64.1357138166667,-21.802019,0.00,0.00,0.00,true,true,0.00,2.00,0.00,7
1773233395000,64.1357138166667,-21.802019,0.00,0.00,0.00,true,true,0.00,2.00,0.00,8
1773233405000,64.13477615,-21.797901,0.00,0.00,0.00,true,false,0.00,6.00,0.00,1
1773233411000,64.13477615,-21.797901,0.00,0.00,0.00,true,true,0.00,6.00,0.00,2
1773233414000,64.13477615,-21.797901,0.00,0.00,0.00,true,true,0.00,3.00,0.00,3
1773233417000,64.13477615,-21.797901,0.00,0.00,0.00,true,true,0.00,3.00,0.00,4
1773233421000,64.13477615,-21.797901,0.00,0.00,0.00,true,true,0.00,4.00,0.00,5
1773233425000,64.13477615,-21.797901,0.00,0.00,0.00,true,true,0.00,4.00,0.00,6
1773233430000,64.13477615,-21.797901,0.00,0.00,0.00,true,true,0.00,5.00,0.00,7
1773233432000,64.13477615,-21.797901,0.00,0.00,0.00,true,true,0.00,2.00,0.00,8
1773233436000,64.13477615,-21.797901,0.00,0.00,0.00,true,true,0.00,4.00,0.00,9
1773233438000,64.13477615,-21.797901,0.00,0.00,0.00,true,true,0.00,2.00,0.00,10
1773233443000,64.1353001,-21.793238,0.00,0.00,0.00,true,false,0.00,3.00,0.00,1
1773233445000,64.1353001,-21.793238,0.00,0.00,0.00,true,true,0.00,2.00,0.00,2
1773233455000,64.1353001,-21.793238,0.00,0.00,0.00,true,true,0.00,10.00,0.00,3
1773233457000,64.1353001,-21.793238,0.00,0.00,0.00,true,true,0.00,2.00,0.00,4
1773233461000,64.1353001,-21.793238,0.00,0.00,0.00,true,true,0.00,4.00,0.00,5
1773233463000,64.1353001,-21.793238,0.00,0.00,0.00,true,true,0.00,2.00,0.00,6
1773233465000,64.1353001,-21.793238,0.00,0.00,0.00,true,true,0.00,2.00,0.00,7
1773233468000,64.1353001,-21.793238,0.00,0.00,0.00,true,true,0.00,3.00,0.00,8
1773233470000,64.1353001,-21.793238,0.00,0.00,0.00,true,true,0.00,2.00,0.00,9
1773233473000,64.1353001,-21.793238,0.00,0.00,0.00,true,true,0.00,3.00,0.00,10
1773233477000,64.1353001,-21.793238,0.00,0.00,0.00,true,true,0.00,4.00,0.00,11
1773233483000,64.1353001,-21.793238,0.00,0.00,0.00,true,true,0.00,6.00,0.00,12
1773233485000,64.1353001,-21.793238,0.00,0.00,0.00,true,true,0.00,2.00,0.00,13
1773233490000,64.1377253666667,-21.7910268333333,0.00,0.00,0.00,true,false,0.00,2.00,0.00,1
1773233494000,64.1377253666667,-21.7910268333333,0.00,0.00,0.00,true,true,0.00,4.00,0.00,2
1773233496000,64.1377253666667,-21.7910268333333,0.00,0.00,0.00,true,true,0.00,2.00,0.00,3
1773233498000,64.1377253666667,-21.7910268333333,0.00,0.00,0.00,true,true,0.00,2.00,0.00,4
1773233502000,64.1377253666667,-21.7910268333333,0.00,0.00,0.00,true,true,0.00,4.00,0.00,5
1773233509000,64.13915805,-21.7893155,0.00,0.00,0.00,true,false,0.00,3.00,0.00,1
1773233513000,64.13915805,-21.7893155,0.00,0.00,0.00,true,true,0.00,4.00,0.00,2
1773233515000,64.13915805,-21.7893155,0.00,0.00,0.00,true,true,0.00,2.00,0.00,3
1773233519000,64.13915805,-21.7893155,0.00,0.00,0.00,true,true,0.00,4.00,0.00,4
1773233521000,64.13915805,-21.7893155,0.00,0.00,0.00,true,true,0.00,2.00,0.00,5
1773233523000,64.13915805,-21.7893155,0.00,0.00,0.00,true,true,0.00,2.00,0.00,6
1773233527000,64.13915805,-21.7893155,0.00,0.00,0.00,true,true,0.00,4.00,0.00,7
1773233530000,64.13915805,-21.7893155,0.00,0.00,0.00,true,true,0.00,3.00,0.00,8
1773233536000,64.13934525,-21.7846821666667,0.00,0.00,0.00,true,false,0.00,4.00,0.00,1
1773233538000,64.13934525,-21.7846821666667,0.00,0.00,0.00,true,true,0.00,2.00,0.00,2
1773233540000,64.13934525,-21.7846821666667,0.00,0.00,0.00,true,true,0.00,2.00,0.00,3
1773233543000,64.13934525,-21.7846821666667,0.00,0.00,0.00,true,true,0.00,3.00,0.00,4
1773233546000,64.13934525,-21.7846821666667,0.00,0.00,0.00,true,true,0.00,3.00,0.00,5
1773233548000,64.13934525,-21.7846821666667,0.00,0.00,0.00,true,true,0.00,2.00,0.00,6
1773233551000,64.13934525,-21.7846821666667,0.00,0.00,0.00,true,true,0.00,3.00,0.00,7
1773233555000,64.13934525,-21.7846821666667,0.00,0.00,0.00,true,true,0.00,4.00,0.00,8
1773233557000,64.13934525,-21.7846821666667,0.00,0.00,0.00,true,true,0.00,2.00,0.00,9
1773233559000,64.13934525,-21.7846821666667,0.00,0.00,0.00,true,true,0.00,2.00,0.00,10
1773233566000,64.1396616833333,-21.780512,0.00,0.00,0.00,true,false,0.00,2.00,0.00,1
1773233571000,64.1396616833333,-21.780512,0.00,0.00,0.00,true,true,0.00,5.00,0.00,2
1773233575000,64.1396616833333,-21.780512,0.00,0.00,0.00,true,true,0.00,4.00,0.00,3
1773233577000,64.1396616833333,-21.780512,0.00,0.00,0.00,true,true,0.00,2.00,0.00,4
1773233579000,64.1396616833333,-21.780512,0.00,0.00,0.00,true,true,0.00,2.00,0.00,5
1773233581000,64.1396616833333,-21.780512,0.00,0.00,0.00,true,true,0.00,2.00,0.00,6
1773233589000,64.1386969833333,-21.7767451666667,150.72,42.37,40.25,false,false,212.09,8.00,95.44,0
1773233591000,64.1386969833333,-21.7767451666667,94.33,0.00,40.25,true,false,5.33,2.00,9.60,1
1773233596000,64.1386969833333,-21.7767451666667,26.28,26.28,24.96,false,false,20.76,5.00,14.95,0
1773233600000,64.1386969833333,-21.7767451666667,13.16,13.16,12.50,false,false,12.43,4.00,11.19,0
1773233602000,64.1386969833333,-21.7767451666667,6.51,0.00,12.50,true,false,1.88,2.00,3.39,1
1773233604000,64.1386969833333,-21.7767451666667,0.00,0.00,0.00,true,true,2.48,2.00,4.46,2
1773233606000,64.1386969833333,-21.7767451666667,0.00,0.00,0.00,true,true,1.85,2.00,3.33,3
1773233610000,64.1386969833333,-21.7767451666667,0.00,0.00,0.00,true,true,0.59,4.00,0.53,4
1773233616000,64.1382376833333,-21.7742046666667,0.00,0.00,0.00,true,false,0.00,4.00,0.00,1
1773233618000,64.1382376833333,-21.7742046666667,0.00,0.00,0.00,true,true,0.00,2.00,0.00,2
1773233621000,64.1382376833333,-21.7742046666667,0.00,0.00,0.00,true,true,0.00,3.00,0.00,3
1773233623000,64.1382376833333,-21.7742046666667,0.00,0.00,0.00,true,true,0.00,2.00,0.00,4
1773233627000,64.1382376833333,-21.7742046666667,0.00,0.00,0.00,true,true,0.00,4.00,0.00,5
1773233629000,64.1382376833333,-21.7742046666667,0.00,0.00,0.00,true,true,0.00,2.00,0.00,6
1773233635000,64.1382376833333,-21.7742046666667,0.00,0.00,0.00,true,true,0.00,6.00,0.00,7
1773233637000,64.1382376833333,-21.7742046666667,0.00,0.00,0.00,true,true,0.00,2.00,0.00,8
1773233642000,64.1392771666667,-21.7719606666667,0.00,0.00,0.00,true,false,0.00,3.00,0.00,1
1773233646000,64.1392771666667,-21.7719606666667,0.00,0.00,0.00,true,true,0.00,4.00,0.00,2
1773233648000,64.1392771666667,-21.7719606666667,0.00,0.00,0.00,true,true,0.00,2.00,0.00,3
1773233652000,64.1392771666667,-21.7719606666667,0.00,0.00,0.00,true,true,0.00,4.00,0.00,4
1773233657000,64.1392771666667,-21.7719606666667,0.00,0.00,0.00,true,true,0.00,5.00,0.00,5
1773233659000,64.1392771666667,-21.7719606666667,0.00,0.00,0.00,true,true,0.00,2.00,0.00,6
1773233665000,64.1392771666667,-21.7719606666667,0.00,0.00,0.00,true,true,0.00,6.00,0.00,7
1773233667000,64.1392771666667,-21.7719606666667,0.00,0.00,0.00,true,true,0.00,2.00,0.00,8
1773233669000,64.1392771666667,-21.7719606666667,0.00,0.00,0.00,true,true,0.00,2.00,0.00,9
1773233673000,64.1392771666667,-21.7719606666667,0.00,0.00,0.00,true,true,0.00,4.00,0.00,10
1773233676000,64.1392771666667,-21.7719606666667,0.00,0.00,0.00,true,true,0.00,3.00,0.00,11
1773233678000,64.1392771666667,-21.7719606666667,0.00,0.00,0.00,true,true,0.00,2.00,0.00,12
1773233682000,64.1392771666667,-21.7719606666667,0.00,0.00,0.00,true,true,0.00,4.00,0.00,13
1773233686000,64.1392771666667,-21.7719606666667,0.00,0.00,0.00,true,true,0.00,4.00,0.00,14
1773233694000,64.1449423833333,-21.7741043333333,0.00,0.00,0.00,true,false,0.00,4.00,0.00,1
1773233697000,64.1449423833333,-21.7741043333333,0.00,0.00,0.00,true,true,0.00,3.00,0.00,2
1773233701000,64.1449423833333,-21.7741043333333,0.00,0.00,0.00,true,true,0.00,4.00,0.00,3
1773233703000,64.1449423833333,-21.7741043333333,0.00,0.00,0.00,true,true,0.00,2.00,0.00,4
1773233707000,64.1449423833333,-21.7741043333333,0.00,0.00,0.00,true,true,0.00,4.00,0.00,5
1773233709000,64.1449423833333,-21.7741043333333,0.00,0.00,0.00,true,true,0.00,2.00,0.00,6
1773233712000,64.1449423833333,-21.7741043333333,0.00,0.00,0.00,true,true,0.00,3.00,0.00,7
1773233716000,64.1449423833333,-21.7741043333333,0.00,0.00,0.00,true,true,0.00,4.00,0.00,8
1773233718000,64.1449423833333,-21.7741043333333,0.00,0.00,0.00,true,true,0.00,2.00,0.00,9
1773233720000,64.1449423833333,-21.7741043333333,0.00,0.00,0.00,true,true,0.00,2.00,0.00,10
1773233724000,64.1449423833333,-21.7741043333333,0.00,0.00,0.00,true,true,0.00,4.00,0.00,11
1773233726000,64.1449423833333,-21.7741043333333,0.00,0.00,0.00,true,true,0.00,2.00,0.00,12
1773233730000,64.1449423833333,-21.7741043333333,0.00,0.00,0.00,true,true,0.00,4.00,0.00,13
1773233732000,64.1449423833333,-21.7741043333333,0.00,0.00,0.00,true,true,0.00,2.00,0.00,14
1773233734000,64.1449423833333,-21.7741043333333,0.00,0.00,0.00,true,true,0.00,2.00,0.00,15
1773233738000,64.1449423833333,-21.7741043333333,0.00,0.00,0.00,true,true,0.00,4.00,0.00,16
1773233744000,64.1463178166667,-21.7708696666667,0.00,0.00,0.00,true,false,0.00,4.00,0.00,1
1773233746000,64.1463178166667,-21.7708696666667,0.00,0.00,0.00,true,true,0.00,2.00,0.00,2
1773233749000,64.1463178166667,-21.7708696666667,0.00,0.00,0.00,true,true,0.00,3.00,0.00,3
1773233751000,64.1463178166667,-21.7708696666667,0.00,0.00,0.00,true,true,0.00,2.00,0.00,4
1773233755000,64.1463178166667,-21.7708696666667,0.00,0.00,0.00,true,true,0.00,4.00,0.00,5
1773233757000,64.1463178166667,-21.7708696666667,0.00,0.00,0.00,true,true,0.00,2.00,0.00,6
1773233759000,64.1463178166667,-21.7708696666667,0.00,0.00,0.00,true,true,0.00,2.00,0.00,7
1773233763000,64.1463178166667,-21.7708696666667,0.00,0.00,0.00,true,true,0.00,4.00,0.00,8
1773233765000,64.1463178166667,-21.7708696666667,0.00,0.00,0.00,true,true,0.00,2.00,0.00,9
1773233769000,64.1463178166667,-21.7708696666667,0.00,0.00,0.00,true,true,0.00,4.00,0.00,10
1773233771000,64.1463178166667,-21.7708696666667,0.00,0.00,0.00,true,true,0.00,2.00,0.00,11
1773233773000,64.1463178166667,-21.7708696666667,0.00,0.00,0.00,true,true,0.00,2.00,0.00,12
1773233775000,64.1463178166667,-21.7708696666667,0.00,0.00,0.00,true,true,0.00,2.00,0.00,13
1773233782000,64.1463178166667,-21.7708696666667,0.00,0.00,0.00,true,true,0.00,7.00,0.00,14
1773233786000,64.1463178166667,-21.7708696666667,0.00,0.00,0.00,true,true,0.00,4.00,0.00,15
1773233788000,64.1463178166667,-21.7708696666667,0.00,0.00,0.00,true,true,0.00,2.00,0.00,16
1773233790000,64.1463178166667,-21.7708696666667,0.00,0.00,0.00,true,true,0.00,2.00,0.00,17
1773233796000,64.1463178166667,-21.7708696666667,0.00,0.00,0.00,true,true,0.00,6.00,0.00,18
1773233798000,64.1463178166667,-21.7708696666667,0.00,0.00,0.00,true,true,0.00,2.00,0.00,19
1773233802000,64.1463178166667,-21.7708696666667,0.00,0.00,0.00,true,true,0.00,4.00,0.00,20
1773233807000,64.1463178166667,-21.7708696666667,0.00,0.00,0.00,true,true,0.00,5.00,0.00,21
1773233809000,64.1463178166667,-21.7708696666667,0.00,0.00,0.00,true,true,0.00,2.00,0.00,22
1773233813000,64.1463178166667,-21.7708696666667,0.00,0.00,0.00,true,true,0.00,4.00,0.00,23
1773233816000,64.1463178166667,-21.7708696666667,0.00,0.00,0.00,true,true,0.00,3.00,0.00,24
1773233821000,64.1463178166667,-21.7708696666667,0.00,0.00,0.00,true,true,0.00,5.00,0.00,25
1773233823000,64.1463178166667,-21.7708696666667,0.00,0.00,0.00,true,true,0.00,2.00,0.00,26
1773233825000,64.1463178166667,-21.7708696666667,0.00,0.00,0.00,true,true,0.00,2.00,0.00,27
1773233827000,64.1463178166667,-21.7708696666667,0.00,0.00,0.00,true,true,0.00,2.00,0.00,28
1773233830000,64.1463178166667,-21.7708696666667,0.00,0.00,0.00,true,true,0.00,3.00,0.00,29
1773233836000,64.1463178166667,-21.7708696666667,0.00,0.00,0.00,true,true,0.00,6.00,0.00,30
1773233838000,64.1463178166667,-21.7708696666667,0.00,0.00,0.00,true,true,0.00,2.00,0.00,31
1773233841000,64.1463178166667,-21.7708696666667,0.00,0.00,0.00,true,true,0.00,3.00,0.00,32
1773233848000,64.1463178166667,-21.7708696666667,0.00,0.00,0.00,true,true,0.00,7.00,0.00,33
1773233851000,64.1463178166667,-21.7708696666667,0.00,0.00,0.00,true,true,0.00,3.00,0.00,34
1773233853000,64.1463178166667,-21.7708696666667,0.00,0.00,0.00,true,true,0.00,2.00,0.00,35
1773233857000,64.1463178166667,-21.7708696666667,0.00,0.00,0.00,true,true,0.00,4.00,0.00,36
1773233864000,64.1449643333333,-21.7742575,0.00,0.00,0.00,true,false,0.00,2.00,0.00,1
1773233870000,64.1449643333333,-21.7742575,0.00,0.00,0.00,true,true,0.00,6.00,0.00,2
1773233872000,64.1449643333333,-21.7742575,0.00,0.00,0.00,true,true,0.00,2.00,0.00,3
1773233876000,64.1442453333333,-21.7747478333333,66.24,21.45,20.38,false,false,83.29,4.00,74.96,0
1773233878000,64.1442453333333,-21.7747478333333,47.13,18.77,17.83,false,false,10.10,2.00,18.17,0
1773233881000,64.1442453333333,-21.7747478333333,11.92,0.00,17.83,true,false,7.25,3.00,8.70,1
1773233887000,64.1442453333333,-21.7747478333333,0.00,0.00,0.00,true,true,9.51,6.00,5.71,2
1773233893000,64.1442453333333,-21.7747478333333,0.00,0.00,0.00,true,true,1.55,6.00,0.93,3
1773233899000,64.1442453333333,-21.7747478333333,0.00,0.00,0.00,true,true,0.07,6.00,0.04,4
1773233901000,64.1442453333333,-21.7747478333333,0.00,0.00,0.00,true,true,0.00,2.00,0.01,5
1773233903000,64.1442453333333,-21.7747478333333,0.00,0.00,0.00,true,true,0.00,2.00,0.00,6
1773233906000,64.1442453333333,-21.7747478333333,0.00,0.00,0.00,true,true,0.00,3.00,0.00,7
1773233915000,64.1395802333333,-21.7723775,0.00,0.00,0.00,true,false,0.00,4.00,0.00,1
1773233921000,64.1395802333333,-21.7723775,0.00,0.00,0.00,true,true,0.00,6.00,0.00,2
1773233923000,64.1395802333333,-21.7723775,0.00,0.00,0.00,true,true,0.00,2.00,0.00,3
1773233925000,64.1395802333333,-21.7723775,0.00,0.00,0.00,true,true,0.00,2.00,0.00,4
1773233929000,64.1395802333333,-21.7723775,0.00,0.00,0.00,true,true,0.00,4.00,0.00,5
1773233931000,64.1395802333333,-21.7723775,0.00,0.00,0.00,true,true,0.00,2.00,0.00,6
1773233933000,64.1395802333333,-21.7723775,0.00,0.00,0.00,true,true,0.00,2.00,0.00,7
1773233936000,64.1395802333333,-21.7723775,0.00,0.00,0.00,true,true,0.00,3.00,0.00,8
1773233942000,64.1395802333333,-21.7723775,0.00,0.00,0.00,true,true,0.00,6.00,0.00,9
1773233946000,64.1395802333333,-21.7723775,0.00,0.00,0.00,true,true,0.00,4.00,0.00,10
1773233948000,64.1395802333333,-21.7723775,0.00,0.00,0.00,true,true,0.00,2.00,0.00,11
1773233951000,64.1395802333333,-21.7723775,0.00,0.00,0.00,true,true,0.00,3.00,0.00,12
1773233957000,64.1395802333333,-21.7723775,0.00,0.00,0.00,true,true,0.00,6.00,0.00,13
1773233959000,64.1395802333333,-21.7723775,0.00,0.00,0.00,true,true,0.00,2.00,0.00,14
1773233965000,64.1395802333333,-21.7723775,0.00,0.00,0.00,true,true,0.00,6.00,0.00,15
1773233967000,64.1395802333333,-21.7723775,0.00,0.00,0.00,true,true,0.00,2.00,0.00,16
1773233973000,64.1382466166667,-21.7739918333333,0.00,0.00,0.00,true,false,0.00,2.00,0.00,1
1773233975000,64.1382466166667,-21.7739918333333,0.00,0.00,0.00,true,true,0.00,2.00,0.00,2
1773233977000,64.1382466166667,-21.7739918333333,0.00,0.00,0.00,true,true,0.00,2.00,0.00,3
1773233982000,64.13863065,-21.7765991666667,107.19,43.68,41.50,false,false,133.69,5.00,96.26,0
1773233984000,64.13863065,-21.7765991666667,72.30,36.96,35.12,false,false,11.86,2.00,21.35,0
1773233986000,64.13863065,-21.7765991666667,35.60,35.60,33.82,false,false,12.56,2.00,22.60,0
1773233988000,64.13863065,-21.7765991666667,11.70,11.70,11.11,false,false,15.84,2.00,28.52,0
1773233992000,64.13863065,-21.7765991666667,7.68,7.68,7.30,false,false,11.26,4.00,10.14,0
1773233994000,64.13863065,-21.7765991666667,7.09,0.00,7.30,true,false,3.44,2.00,6.20,1
1773233998000,64.13863065,-21.7765991666667,0.00,0.00,0.00,true,true,0.23,4.00,0.20,2
1773234001000,64.13863065,-21.7765991666667,0.00,0.00,0.00,true,true,1.08,3.00,1.30,3
1773234003000,64.13863065,-21.7765991666667,0.00,0.00,0.00,true,true,0.19,2.00,0.35,4
1773234009000,64.1396737,-21.78092,0.00,0.00,0.00,true,false,0.00,2.00,0.00,1
1773234011000,64.1396737,-21.78092,0.00,0.00,0.00,true,true,0.00,2.00,0.00,2
1773234015000,64.1396737,-21.78092,0.00,0.00,0.00,true,true,0.00,4.00,0.00,3
1773234019000,64.1396737,-21.78092,0.00,0.00,0.00,true,true,0.00,4.00,0.00,4
1773234023000,64.13937945,-21.784496,0.00,0.00,0.00,true,false,0.00,2.00,0.00,1
1773234027000,64.13937945,-21.784496,0.00,0.00,0.00,true,true,0.00,4.00,0.00,2
1773234032000,64.13937945,-21.784496,0.00,0.00,0.00,true,true,0.00,5.00,0.00,3
1773234034000,64.13937945,-21.784496,0.00,0.00,0.00,true,true,0.00,2.00,0.00,4
1773234040000,64.13937945,-21.784496,0.00,0.00,0.00,true,true,0.00,6.00,0.00,5
1773234044000,64.13937945,-21.784496,0.00,0.00,0.00,true,true,0.00,4.00,0.00,6
1773234048000,64.1393010333333,-21.7894283333333,0.00,0.00,0.00,true,false,0.00,2.00,0.00,1
1773234051000,64.1393010333333,-21.7894283333333,0.00,0.00,0.00,true,true,0.00,3.00,0.00,2
1773234053000,64.1393010333333,-21.7894283333333,0.00,0.00,0.00,true,true,0.00,2.00,0.00,3
1773234058000,64.1393010333333,-21.7894283333333,0.00,0.00,0.00,true,true,0.00,5.00,0.00,4
1773234060000,64.1393010333333,-21.7894283333333,0.00,0.00,0.00,true,true,0.00,2.00,0.00,5
1773234062000,64.1393010333333,-21.7894283333333,0.00,0.00,0.00,true,true,0.00,2.00,0.00,6
1773234069000,64.1378354833333,-21.7908576666667,0.00,0.00,0.00,true,false,0.00,4.00,0.00,1
1773234077000,64.1378354833333,-21.7908576666667,0.00,0.00,0.00,true,true,0.00,8.00,0.00,2
1773234079000,64.1378354833333,-21.7908576666667,0.00,0.00,0.00,true,true,0.00,2.00,0.00,3
1773234083000,64.1378354833333,-21.7908576666667,0.00,0.00,0.00,true,true,0.00,4.00,0.00,4
1773234085000,64.1378354833333,-21.7908576666667,0.00,0.00,0.00,true,true,0.00,2.00,0.00,5
1773234087000,64.1378354833333,-21.7908576666667,0.00,0.00,0.00,true,true,0.00,2.00,0.00,6
1773234089000,64.1378354833333,-21.7908576666667,0.00,0.00,0.00,true,true,0.00,2.00,0.00,7
1773234098000,64.1356836166667,-21.7931895,0.00,0.00,0.00,true,false,0.00,5.00,0.00,1
1773234100000,64.1356836166667,-21.7931895,0.00,0.00,0.00,true,true,0.00,2.00,0.00,2
1773234103000,64.1356836166667,-21.7931895,0.00,0.00,0.00,true,true,0.00,3.00,0.00,3
1773234107000,64.1356836166667,-21.7931895,0.00,0.00,0.00,true,true,0.00,4.00,0.00,4
1773234109000,64.1356836166667,-21.7931895,0.00,0.00,0.00,true,true,0.00,2.00,0.00,5
1773234113000,64.1356836166667,-21.7931895,0.00,0.00,0.00,true,true,0.00,4.00,0.00,6
1773234115000,64.1356836166667,-21.7931895,0.00,0.00,0.00,true,true,0.00,2.00,0.00,7
1773234118000,64.1356836166667,-21.7931895,0.00,0.00,0.00,true,true,0.00,3.00,0.00,8
1773234124000,64.1356836166667,-21.7931895,0.00,0.00,0.00,true,true,0.00,6.00,0.00,9
1773234128000,64.13477805,-21.7978676666667,0.00,0.00,0.00,true,false,0.00,2.00,0.00,1
1773234130000,64.13477805,-21.7978676666667,0.00,0.00,0.00,true,true,0.00,2.00,0.00,2
1773234133000,64.13477805,-21.7978676666667,0.00,0.00,0.00,true,true,0.00,3.00,0.00,3
1773234138000,64.13477805,-21.7978676666667,0.00,0.00,0.00,true,true,0.00,5.00,0.00,4
1773234140000,64.13477805,-21.7978676666667,0.00,0.00,0.00,true,true,0.00,2.00,0.00,5
1773234143000,64.13477805,-21.7978676666667,0.00,0.00,0.00,true,true,0.00,3.00,0.00,6
1773234145000,64.13477805,-21.7978676666667,0.00,0.00,0.00,true,true,0.00,2.00,0.00,7
1773234148000,64.13477805,-21.7978676666667,0.00,0.00,0.00,true,true,0.00,3.00,0.00,8
1773234154000,64.13570435,-21.8019973333333,0.00,0.00,0.00,true,false,0.00,4.00,0.00,1
1773234156000,64.13570435,-21.8019973333333,0.00,0.00,0.00,true,true,0.00,2.00,0.00,2
1773234158000,64.13570435,-21.8019973333333,0.00,0.00,0.00,true,true,0.00,2.00,0.00,3
1773234162000,64.13570435,-21.8019973333333,0.00,0.00,0.00,true,true,0.00,4.00,0.00,4
1773234164000,64.13570435,-21.8019973333333,0.00,0.00,0.00,true,true,0.00,2.00,0.00,5
1773234168000,64.13570435,-21.8019973333333,0.00,0.00,0.00,true,true,0.00,4.00,0.00,6
1773234173000,64.13570435,-21.8019973333333,0.00,0.00,0.00,true,true,0.00,5.00,0.00,7
1773234178000,64.13648445,-21.8066385,0.00,0.00,0.00,true,false,0.00,3.00,0.00,1
1773234182000,64.13648445,-21.8066385,0.00,0.00,0.00,true,true,0.00,4.00,0.00,2
1773234184000,64.13648445,-21.8066385,0.00,0.00,0.00,true,true,0.00,2.00,0.00,3
1773234187000,64.13648445,-21.8066385,0.00,0.00,0.00,true,true,0.00,3.00,0.00,4
1773234189000,64.13648445,-21.8066385,0.00,0.00,0.00,true,true,0.00,2.00,0.00,5
1773234192000,64.13648445,-21.8066385,0.00,0.00,0.00,true,true,0.00,3.00,0.00,6
1773234196000,64.13648445,-21.8066385,0.00,0.00,0.00,true,true,0.00,4.00,0.00,7
1773234200000,64.13648445,-21.8066385,0.00,0.00,0.00,true,true,0.00,4.00,0.00,8
1773234204000,64.13648445,-21.8066385,0.00,0.00,0.00,true,true,0.00,4.00,0.00,9
1773234206000,64.13648445,-21.8066385,0.00,0.00,0.00,true,true,0.00,2.00,0.00,10
1773234210000,64.13648445,-21.8066385,0.00,0.00,0.00,true,true,0.00,4.00,0.00,11
1773234215000,64.13648445,-21.8066385,0.00,0.00,0.00,true,true,0.00,5.00,0.00,12
1773234217000,64.13648445,-21.8066385,0.00,0.00,0.00,true,true,0.00,2.00,0.00,13
1773234223000,64.1371595166667,-21.8101411666667,0.00,0.00,0.00,true,false,0.00,2.00,0.00,1
1773234225000,64.1371595166667,-21.8101411666667,0.00,0.00,0.00,true,true,0.00,2.00,0.00,2
1773234229000,64.1371595166667,-21.8101411666667,0.00,0.00,0.00,true,true,0.00,4.00,0.00,3
1773234231000,64.1371595166667,-21.8101411666667,0.00,0.00,0.00,true,true,0.00,2.00,0.00,4
1773234234000,64.1371595166667,-21.8101411666667,0.00,0.00,0.00,true,true,0.00,3.00,0.00,5
1773234240000,64.1367668666667,-21.8122288333333,0.00,0.00,0.00,true,false,0.00,4.00,0.00,1
1773234243000,64.1367668666667,-21.8122288333333,0.00,0.00,0.00,true,true,0.00,3.00,0.00,2
1773234245000,64.1367668666667,-21.8122288333333,0.00,0.00,0.00,true,true,0.00,2.00,0.00,3
1773234250000,64.1367668666667,-21.8122288333333,0.00,0.00,0.00,true,true,0.00,5.00,0.00,4
1773234254000,64.1367668666667,-21.8122288333333,0.00,0.00,0.00,true,true,0.00,4.00,0.00,5
1773234256000,64.1367668666667,-21.8122288333333,0.00,0.00,0.00,true,true,0.00,2.00,0.00,6
1773234259000,64.1367668666667,-21.8122288333333,0.00,0.00,0.00,true,true,0.00,3.00,0.00,7
1773234263000,64.1367668666667,-21.8122288333333,0.00,0.00,0.00,true,true,0.00,4.00,0.00,8
1773234265000,64.1367668666667,-21.8122288333333,0.00,0.00,0.00,true,true,0.00,2.00,0.00,9
1773234269000,64.1383089,-21.8158611666667,0.00,0.00,0.00,true,false,0.00,2.00,0.00,1
1773234273000,64.1383089,-21.8158611666667,0.00,0.00,0.00,true,true,0.00,4.00,0.00,2
1773234276000,64.1383089,-21.8158611666667,0.00,0.00,0.00,true,true,0.00,3.00,0.00,3
1773234278000,64.1383089,-21.8158611666667,0.00,0.00,0.00,true,true,0.00,2.00,0.00,4
1773234281000,64.1383089,-21.8158611666667,0.00,0.00,0.00,true,true,0.00,3.00,0.00,5
1773234283000,64.1383089,-21.8158611666667,0.00,0.00,0.00,true,true,0.00,2.00,0.00,6
1773234286000,64.1383089,-21.8158611666667,0.00,0.00,0.00,true,true,0.00,3.00,0.00,7
1773234292000,64.1392584666667,-21.8183298333333,122.52,35.92,34.12,false,false,159.70,6.00,95.82,0
1773234294000,64.1392584666667,-21.8183298333333,78.37,0.00,34.12,true,false,8.47,2.00,15.25,1
1773234297000,64.1392584666667,-21.8183298333333,16.43,16.43,15.61,false,false,15.44,3.00,18.53,0
1773234301000,64.1392584666667,-21.8183298333333,10.34,10.34,9.82,false,false,15.84,4.00,14.25,0
1773234307000,64.1392584666667,-21.8183298333333,0.60,0.00,9.82,true,false,4.27,6.00,2.56,1
1773234309000,64.1392584666667,-21.8183298333333,0.00,0.00,0.00,true,true,0.64,2.00,1.15,2
1773234314000,64.1403866666667,-21.8172173333333,0.00,0.00,0.00,true,false,0.00,2.00,0.00,1
1773234317000,64.1403866666667,-21.8172173333333,0.00,0.00,0.00,true,true,0.00,3.00,0.00,2
1773234319000,64.1403866666667,-21.8172173333333,0.00,0.00,0.00,true,true,0.00,2.00,0.00,3
1773234322000,64.1403866666667,-21.8172173333333,0.00,0.00,0.00,true,true,0.00,3.00,0.00,4
1773234327000,64.1403866666667,-21.8172173333333,0.00,0.00,0.00,true,true,0.00,5.00,0.00,5
1773234333000,64.1403866666667,-21.8172173333333,0.00,0.00,0.00,true,true,0.00,6.00,0.00,6
1773234336000,64.1403866666667,-21.8172173333333,0.00,0.00,0.00,true,true,0.00,3.00,0.00,7
1773234339000,64.1403866666667,-21.8172173333333,0.00,0.00,0.00,true,true,0.00,3.00,0.00,8
1773234342000,64.1403866666667,-21.8172173333333,0.00,0.00,0.00,true,true,0.00,3.00,0.00,9
1773234347000,64.1403866666667,-21.8172173333333,0.00,0.00,0.00,true,true,0.00,5.00,0.00,10
1773234350000,64.1403866666667,-21.8172173333333,0.00,0.00,0.00,true,true,0.00,3.00,0.00,11
1773234354000,64.1403866666667,-21.8172173333333,0.00,0.00,0.00,true,true,0.00,4.00,0.00,12
1773234356000,64.1403866666667,-21.8172173333333,0.00,0.00,0.00,true,true,0.00,2.00,0.00,13
1773234362000,64.1397737333333,-21.8120898333333,0.00,0.00,0.00,true,false,0.00,2.00,0.00,1
1773234366000,64.1397737333333,-21.8120898333333,0.00,0.00,0.00,true,true,0.00,4.00,0.00,2
1773234373000,64.1397737333333,-21.8120898333333,0.00,0.00,0.00,true,true,0.00,7.00,0.00,3
1773234375000,64.1397737333333,-21.8120898333333,0.00,0.00,0.00,true,true,0.00,2.00,0.00,4
1773234378000,64.1397737333333,-21.8120898333333,0.00,0.00,0.00,true,true,0.00,3.00,0.00,5
1773234380000,64.1397737333333,-21.8120898333333,0.00,0.00,0.00,true,true,0.00,2.00,0.00,6
1773234386000,64.1385252666667,-21.8084538333333,0.00,0.00,0.00,true,false,0.00,2.00,0.00,1
1773234390000,64.1385252666667,-21.8084538333333,0.00,0.00,0.00,true,true,0.00,4.00,0.00,2
1773234393000,64.1385252666667,-21.8084538333333,0.00,0.00,0.00,true,true,0.00,3.00,0.00,3
1773234397000,64.1385252666667,-21.8084538333333,0.00,0.00,0.00,true,true,0.00,4.00,0.00,4
1773234400000,64.1385252666667,-21.8084538333333,0.00,0.00,0.00,true,true,0.00,3.00,0.00,5
1773234403000,64.1385252666667,-21.8084538333333,0.00,0.00,0.00,true,true,0.00,3.00,0.00,6
1773234406000,64.1385252666667,-21.8084538333333,0.00,0.00,0.00,true,true,0.00,3.00,0.00,7
1773234408000,64.1385252666667,-21.8084538333333,0.00,0.00,0.00,true,true,0.00,2.00,0.00,8
1773234411000,64.1385252666667,-21.8084538333333,0.00,0.00,0.00,true,true,0.00,3.00,0.00,9
1773234413000,64.1385252666667,-21.8084538333333,0.00,0.00,0.00,true,true,0.00,2.00,0.00,10
1773234417000,64.1385252666667,-21.8084538333333,0.00,0.00,0.00,true,true,0.00,4.00,0.00,11
1773234422000,64.1385252666667,-21.8084538333333,0.00,0.00,0.00,true,true,0.00,5.00,0.00,12
1773234424000,64.1385252666667,-21.8084538333333,0.00,0.00,0.00,true,true,0.00,2.00,0.00,13
1773234428000,64.1385252666667,-21.8084538333333,0.00,0.00,0.00,true,true,0.00,4.00,0.00,14
1773234433000,64.1385252666667,-21.8084538333333,0.00,0.00,0.00,true,true,0.00,5.00,0.00,15
1773234436000,64.1385252666667,-21.8084538333333,0.00,0.00,0.00,true,true,0.00,3.00,0.00,16
1773234441000,64.1385252666667,-21.8084538333333,0.00,0.00,0.00,true,true,0.00,5.00,0.00,17
1773234444000,64.1385252666667,-21.8084538333333,0.00,0.00,0.00,true,true,0.00,3.00,0.00,18
1773234446000,64.1385252666667,-21.8084538333333,0.00,0.00,0.00,true,true,0.00,2.00,0.00,19
1773234450000,64.1385252666667,-21.8084538333333,0.00,0.00,0.00,true,true,0.00,4.00,0.00,20
1773234452000,64.1385252666667,-21.8084538333333,0.00,0.00,0.00,true,true,0.00,2.00,0.00,21
1773234454000,64.1385252666667,-21.8084538333333,0.00,0.00,0.00,true,true,0.00,2.00,0.00,22
1773234459000,64.1382753166667,-21.8071848333333,0.00,0.00,0.00,true,false,0.00,3.00,0.00,1
1773234463000,64.1382753166667,-21.8071848333333,0.00,0.00,0.00,true,true,0.00,4.00,0.00,2
1773234466000,64.1382753166667,-21.8071848333333,0.00,0.00,0.00,true,true,0.00,3.00,0.00,3
1773234469000,64.1382753166667,-21.8071848333333,0.00,0.00,0.00,true,true,0.00,3.00,0.00,4
1773234473000,64.1382753166667,-21.8071848333333,0.00,0.00,0.00,true,true,0.00,4.00,0.00,5
1773234476000,64.1382753166667,-21.8071848333333,0.00,0.00,0.00,true,true,0.00,3.00,0.00,6
1773234478000,64.1382753166667,-21.8071848333333,0.00,0.00,0.00,true,true,0.00,2.00,0.00,7
1773234481000,64.1382753166667,-21.8071848333333,0.00,0.00,0.00,true,true,0.00,3.00,0.00,8
1773234486000,64.1382753166667,-21.8071848333333,0.00,0.00,0.00,true,true,0.00,5.00,0.00,9
1773234493000,64.1382753166667,-21.8071848333333,0.00,0.00,0.00,true,true,0.00,7.00,0.00,10
1773234496000,64.1382753166667,-21.8071848333333,0.00,0.00,0.00,true,true,0.00,3.00,0.00,11
1773234501000,64.1446586666667,-21.8059325,0.00,0.00,0.00,true,false,0.00,2.00,0.00,1
1773234504000,64.1446586666667,-21.8059325,0.00,0.00,0.00,true,true,0.00,3.00,0.00,2
1773234506000,64.1446586666667,-21.8059325,0.00,0.00,0.00,true,true,0.00,2.00,0.00,3
1773234510000,64.1446586666667,-21.8059325,0.00,0.00,0.00,true,true,0.00,4.00,0.00,4
1773234516000,64.1446586666667,-21.8059325,0.00,0.00,0.00,true,true,0.00,6.00,0.00,5
1773234518000,64.1446586666667,-21.8059325,0.00,0.00,0.00,true,true,0.00,2.00,0.00,6
1773234521000,64.1446586666667,-21.8059325,0.00,0.00,0.00,true,true,0.00,3.00,0.00,7
1773234526000,64.1446586666667,-21.8059325,0.00,0.00,0.00,true,true,0.00,5.00,0.00,8
1773234531000,64.1446586666667,-21.8059325,0.00,0.00,0.00,true,true,0.00,5.00,0.00,9
1773234533000,64.1446586666667,-21.8059325,0.00,0.00,0.00,true,true,0.00,2.00,0.00,10
1773234536000,64.1446586666667,-21.8059325,0.00,0.00,0.00,true,true,0.00,3.00,0.00,11
1773234538000,64.1446586666667,-21.8059325,0.00,0.00,0.00,true,true,0.00,2.00,0.00,12
1773234541000,64.1446586666667,-21.8059325,0.00,0.00,0.00,true,true,0.00,3.00,0.00,13
1773234545000,64.1446586666667,-21.8059325,0.00,0.00,0.00,true,true,0.00,4.00,0.00,14
1773234547000,64.1446586666667,-21.8059325,0.00,0.00,0.00,true,true,0.00,2.00,0.00,15
1773234553000,64.1446586666667,-21.8059325,0.00,0.00,0.00,true,true,0.00,6.00,0.00,16
1773234558000,64.1446586666667,-21.8059325,0.00,0.00,0.00,true,true,0.00,5.00,0.00,17
1773234562000,64.1446586666667,-21.8059325,0.00,0.00,0.00,true,true,0.00,4.00,0.00,18
1773234564000,64.1446586666667,-21.8059325,0.00,0.00,0.00,true,true,0.00,2.00,0.00,19
1773234566000,64.1446586666667,-21.8059325,0.00,0.00,0.00,true,true,0.00,2.00,0.00,20
1773234570000,64.1446586666667,-21.8059325,0.00,0.00,0.00,true,true,0.00,4.00,0.00,21
1773234574000,64.1446586666667,-21.8059325,0.00,0.00,0.00,true,true,0.00,4.00,0.00,22
1773234580000,64.1446586666667,-21.8059325,0.00,0.00,0.00,true,true,0.00,6.00,0.00,23
1773234585000,64.1434333333333,-21.8074798333333,0.00,0.00,0.00,true,false,0.00,2.00,0.00,1
1773234588000,64.1434333333333,-21.8074798333333,0.00,0.00,0.00,true,true,0.00,3.00,0.00,2
1773234593000,64.1434333333333,-21.8074798333333,0.00,0.00,0.00,true,true,0.00,5.00,0.00,3
1773234600000,64.1434333333333,-21.8074798333333,0.00,0.00,0.00,true,true,0.00,7.00,0.00,4
1773234602000,64.1434333333333,-21.8074798333333,0.00,0.00,0.00,true,true,0.00,2.00,0.00,5
1773234605000,64.1434333333333,-21.8074798333333,0.00,0.00,0.00,true,true,0.00,3.00,0.00,6
1773234609000,64.1434333333333,-21.8074798333333,0.00,0.00,0.00,true,true,0.00,4.00,0.00,7
1773234611000,64.1434333333333,-21.8074798333333,0.00,0.00,0.00,true,true,0.00,2.00,0.00,8
1773234613000,64.1434333333333,-21.8074798333333,0.00,0.00,0.00,true,true,0.00,2.00,0.00,9
1773234617000,64.1434333333333,-21.8074798333333,0.00,0.00,0.00,true,true,0.00,4.00,0.00,10
1773234621000,64.1434333333333,-21.8074798333333,0.00,0.00,0.00,true,true,0.00,4.00,0.00,11
1773234623000,64.1434333333333,-21.8074798333333,0.00,0.00,0.00,true,true,0.00,2.00,0.00,12
1773234626000,64.1434333333333,-21.8074798333333,0.00,0.00,0.00,true,true,0.00,3.00,0.00,13
1773234628000,64.1434333333333,-21.8074798333333,0.00,0.00,0.00,true,true,0.00,2.00,0.00,14
1773234634000,64.1434333333333,-21.8074798333333,0.00,0.00,0.00,true,true,0.00,6.00,0.00,15
1773234638000,64.1434333333333,-21.8074798333333,0.00,0.00,0.00,true,true,0.00,4.00,0.00,16
1773234642000,64.1434333333333,-21.8074798333333,0.00,0.00,0.00,true,true,0.00,4.00,0.00,17
1773234645000,64.1434333333333,-21.8074798333333,0.00,0.00,0.00,true,true,0.00,3.00,0.00,18
1773234648000,64.1434333333333,-21.8074798333333,0.00,0.00,0.00,true,true,0.00,3.00,0.00,19
1773234651000,64.1434333333333,-21.8074798333333,0.00,0.00,0.00,true,true,0.00,3.00,0.00,20
1773234655000,64.1434333333333,-21.8074798333333,0.00,0.00,0.00,true,true,0.00,4.00,0.00,21
1773234658000,64.1434333333333,-21.8074798333333,0.00,0.00,0.00,true,true,0.00,3.00,0.00,22
1773234662000,64.1434333333333,-21.8074798333333,0.00,0.00,0.00,true,true,0.00,4.00,0.00,23
1773234664000,64.1434333333333,-21.8074798333333,0.00,0.00,0.00,true,true,0.00,2.00,0.00,24
1773234668000,64.1434333333333,-21.8074798333333,0.00,0.00,0.00,true,true,0.00,4.00,0.00,25
1773234670000,64.1434333333333,-21.8074798333333,0.00,0.00,0.00,true,true,0.00,2.00,0.00,26
1773234674000,64.1434333333333,-21.8074798333333,0.00,0.00,0.00,true,true,0.00,4.00,0.00,27
1773234678000,64.1434333333333,-21.8074798333333,0.00,0.00,0.00,true,true,0.00,4.00,0.00,28
1773234683000,64.1434333333333,-21.8074798333333,0.00,0.00,0.00,true,true,0.00,5.00,0.00,29
1773234687000,64.1434333333333,-21.8074798333333,0.00,0.00,0.00,true,true,0.00,4.00,0.00,30
1773234689000,64.1434333333333,-21.8074798333333,0.00,0.00,0.00,true,true,0.00,2.00,0.00,31
1773234693000,64.1434333333333,-21.8074798333333,0.00,0.00,0.00,true,true,0.00,4.00,0.00,32
1773234695000,64.1434333333333,-21.8074798333333,0.00,0.00,0.00,true,true,0.00,2.00,0.00,33
1773234699000,64.1434333333333,-21.8074798333333,0.00,0.00,0.00,true,true,0.00,4.00,0.00,34
1773234702000,64.1434333333333,-21.8074798333333,0.00,0.00,0.00,true,true,0.00,3.00,0.00,35
1773234704000,64.1433278833333,-21.8074866666667,8.21,2.82,2.67,false,false,11.71,2.00,21.08,0
1773234706000,64.1433278833333,-21.8074866666667,7.38,0.00,2.67,true,false,3.34,2.00,6.01,1
1773234713000,64.1433278833333,-21.8074866666667,0.00,0.00,0.00,true,true,0.38,7.00,0.20,2
1773234718000,64.1433278833333,-21.8074866666667,0.00,0.00,0.00,true,true,0.55,5.00,0.40,3
1773234720000,64.1433278833333,-21.8074866666667,0.00,0.00,0.00,true,true,0.04,2.00,0.07,4
1773234722000,64.1433278833333,-21.8074866666667,0.00,0.00,0.00,true,true,0.01,2.00,0.02,5
1773234726000,64.1433278833333,-21.8074866666667,0.00,0.00,0.00,true,true,0.00,4.00,0.00,6
1773234728000,64.1433278833333,-21.8074866666667,0.00,0.00,0.00,true,true,0.00,2.00,0.00,7
1773234732000,64.1433278833333,-21.8074866666667,0.00,0.00,0.00,true,true,0.00,4.00,0.00,8
1773234738000,64.1433278833333,-21.8074866666667,0.00,0.00,0.00,true,true,0.00,6.00,0.00,9
1773234743000,64.1433278833333,-21.8074866666667,0.00,0.00,0.00,true,true,0.00,5.00,0.00,10
1773234745000,64.1433278833333,-21.8074866666667,0.00,0.00,0.00,true,true,0.00,2.00,0.00,11
1773234749000,64.1433278833333,-21.8074866666667,0.00,0.00,0.00,true,true,0.00,4.00,0.00,12
1773234751000,64.1433278833333,-21.8074866666667,0.00,0.00,0.00,true,true,0.00,2.00,0.00,13
1773234753000,64.1433278833333,-21.8074866666667,0.00,0.00,0.00,true,true,0.00,2.00,0.00,14
1773234756000,64.1433278833333,-21.8074866666667,0.00,0.00,0.00,true,true,0.00,3.00,0.00,15
1773234760000,64.1433278833333,-21.8074866666667,0.00,0.00,0.00,true,true,0.00,4.00,0.00,16
1773234762000,64.1433278833333,-21.8074866666667,0.00,0.00,0.00,true,true,0.00,2.00,0.00,17
1773234764000,64.1433278833333,-21.8074866666667,0.00,0.00,0.00,true,true,0.00,2.00,0.00,18
1773234770000,64.1433278833333,-21.8074866666667,0.00,0.00,0.00,true,true,0.00,6.00,0.00,19
1773234774000,64.1433278833333,-21.8074866666667,0.00,0.00,0.00,true,true,0.00,4.00,0.00,20
1773234779000,64.1433278833333,-21.8074866666667,0.00,0.00,0.00,true,true,0.00,5.00,0.00,21
1773234781000,64.1433278833333,-21.8074866666667,0.00,0.00,0.00,true,true,0.00,2.00,0.00,22
1773234785000,64.1433278833333,-21.8074866666667,0.00,0.00,0.00,true,true,0.00,4.00,0.00,23
1773234787000,64.1433278833333,-21.8074866666667,0.00,0.00,0.00,true,true,0.00,2.00,0.00,24
1773234789000,64.1433278833333,-21.8074866666667,0.00,0.00,0.00,true,true,0.00,2.00,0.00,25
1773234794000,64.14454905,-21.8066038333333,0.00,0.00,0.00,true,false,0.00,2.00,0.00,1
1773234798000,64.14454905,-21.8066038333333,0.00,0.00,0.00,true,true,0.00,4.00,0.00,2
1773234800000,64.14454905,-21.8066038333333,0.00,0.00,0.00,true,true,0.00,2.00,0.00,3
1773234804000,64.14454905,-21.8066038333333,0.00,0.00,0.00,true,true,0.00,4.00,0.00,4
1773234806000,64.14454905,-21.8066038333333,0.00,0.00,0.00,true,true,0.00,2.00,0.00,5
1773234810000,64.14454905,-21.8066038333333,0.00,0.00,0.00,true,true,0.00,4.00,0.00,6
1773234812000,64.14454905,-21.8066038333333,0.00,0.00,0.00,true,true,0.00,2.00,0.00,7
1773234817000,64.14454905,-21.8066038333333,0.00,0.00,0.00,true,true,0.00,5.00,0.00,8
1773234819000,64.14454905,-21.8066038333333,0.00,0.00,0.00,true,true,0.00,2.00,0.00,9
1773234823000,64.14454905,-21.8066038333333,0.00,0.00,0.00,true,true,0.00,4.00,0.00,10
1773234825000,64.14454905,-21.8066038333333,0.00,0.00,0.00,true,true,0.00,2.00,0.00,11
1773234829000,64.14454905,-21.8066038333333,0.00,0.00,0.00,true,true,0.00,4.00,0.00,12
1773234831000,64.14454905,-21.8066038333333,0.00,0.00,0.00,true,true,0.00,2.00,0.00,13
1773234833000,64.14454905,-21.8066038333333,0.00,0.00,0.00,true,true,0.00,2.00,0.00,14
1773234835000,64.14454905,-21.8066038333333,0.00,0.00,0.00,true,true,0.00,2.00,0.00,15
1773234838000,64.14454905,-21.8066038333333,0.00,0.00,0.00,true,true,0.00,3.00,0.00,16
1773234843000,64.14454905,-21.8066038333333,0.00,0.00,0.00,true,true,0.00,5.00,0.00,17
1773234848000,64.14454905,-21.8066038333333,0.00,0.00,0.00,true,true,0.00,5.00,0.00,18
1773234850000,64.14454905,-21.8066038333333,0.00,0.00,0.00,true,true,0.00,2.00,0.00,19
1773234853000,64.14454905,-21.8066038333333,0.00,0.00,0.00,true,true,0.00,3.00,0.00,20
1773234856000,64.14454905,-21.8066038333333,0.00,0.00,0.00,true,true,0.00,3.00,0.00,21
1773234859000,64.14454905,-21.8066038333333,0.00,0.00,0.00,true,true,0.00,3.00,0.00,22
1773234861000,64.14454905,-21.8066038333333,0.00,0.00,0.00,true,true,0.00,2.00,0.00,23
1773234865000,64.14454905,-21.8066038333333,0.00,0.00,0.00,true,true,0.00,4.00,0.00,24
1773234870000,64.14454905,-21.8066038333333,0.00,0.00,0.00,true,true,0.00,5.00,0.00,25
1773234874000,64.14454905,-21.8066038333333,0.00,0.00,0.00,true,true,0.00,4.00,0.00,26
1773234876000,64.14454905,-21.8066038333333,0.00,0.00,0.00,true,true,0.00,2.00,0.00,27
1773234879000,64.14454905,-21.8066038333333,0.00,0.00,0.00,true,true,0.00,3.00,0.00,28
1773234885000,64.14454905,-21.8066038333333,0.00,0.00,0.00,true,true,0.00,6.00,0.00,29
1773234896000,64.1376348666667,-21.8082791666667,0.00,0.00,0.00,true,false,0.00,2.00,0.00,1
1773234898000,64.1376348666667,-21.8082791666667,0.00,0.00,0.00,true,true,0.00,2.00,0.00,2
1773234900000,64.1376348666667,-21.8082791666667,0.00,0.00,0.00,true,true,0.00,2.00,0.00,3
1773234905000,64.1376348666667,-21.8082791666667,0.00,0.00,0.00,true,true,0.00,5.00,0.00,4
1773234907000,64.1376348666667,-21.8082791666667,0.00,0.00,0.00,true,true,0.00,2.00,0.00,5
1773234911000,64.1376348666667,-21.8082791666667,0.00,0.00,0.00,true,true,0.00,4.00,0.00,6
1773234913000,64.1376348666667,-21.8082791666667,0.00,0.00,0.00,true,true,0.00,2.00,0.00,7
1773234919000,64.1376348666667,-21.8082791666667,0.00,0.00,0.00,true,true,0.00,6.00,0.00,8
1773234921000,64.1376348666667,-21.8082791666667,0.00,0.00,0.00,true,true,0.00,2.00,0.00,9
1773234925000,64.1383774833333,-21.8080515,66.06,16.66,15.83,false,false,83.17,4.00,74.85,0
1773234928000,64.1383774833333,-21.8080515,32.10,17.64,16.76,false,false,10.62,3.00,12.75,0
1773234930000,64.1383774833333,-21.8080515,13.99,0.00,16.76,true,false,8.00,2.00,14.40,1
1773234935000,64.1383774833333,-21.8080515,0.00,0.00,0.00,true,true,7.36,5.00,5.30,2
1773234937000,64.1383774833333,-21.8080515,0.00,0.00,0.00,true,true,2.33,2.00,4.19,3
1773234939000,64.1383774833333,-21.8080515,0.00,0.00,0.00,true,true,0.61,2.00,1.10,4
1773234941000,64.1383774833333,-21.8080515,0.00,0.00,0.00,true,true,0.18,2.00,0.33,5
1773234945000,64.1383774833333,-21.8080515,0.00,0.00,0.00,true,true,0.06,4.00,0.05,6
1773234951000,64.1396351666667,-21.8116035,0.00,0.00,0.00,true,false,0.00,2.00,0.00,1
1773234954000,64.1396351666667,-21.8116035,0.00,0.00,0.00,true,true,0.00,3.00,0.00,2
1773234956000,64.1396351666667,-21.8116035,0.00,0.00,0.00,true,true,0.00,2.00,0.00,3
1773234958000,64.1396351666667,-21.8116035,0.00,0.00,0.00,true,true,0.00,2.00,0.00,4
1773234964000,64.1396351666667,-21.8116035,0.00,0.00,0.00,true,true,0.00,6.00,0.00,5
1773234968000,64.1396351666667,-21.8116035,0.00,0.00,0.00,true,true,0.00,4.00,0.00,6
1773234970000,64.1396351666667,-21.8116035,0.00,0.00,0.00,true,true,0.00,2.00,0.00,7
1773234973000,64.1396351666667,-21.8116035,0.00,0.00,0.00,true,true,0.00,3.00,0.00,8
1773234975000,64.1396351666667,-21.8116035,0.00,0.00,0.00,true,true,0.00,2.00,0.00,9
1773234979000,64.1396351666667,-21.8116035,0.00,0.00,0.00,true,true,0.00,4.00,0.00,10
1773234981000,64.1396351666667,-21.8116035,0.00,0.00,0.00,true,true,0.00,2.00,0.00,11
1773234985000,64.14069195,-21.8168163333333,0.00,0.00,0.00,true,false,0.00,2.00,0.00,1
1773234990000,64.14069195,-21.8168163333333,0.00,0.00,0.00,true,true,0.00,5.00,0.00,2
1773234992000,64.14069195,-21.8168163333333,0.00,0.00,0.00,true,true,0.00,2.00,0.00,3
1773234994000,64.14069195,-21.8168163333333,0.00,0.00,0.00,true,true,0.00,2.00,0.00,4
1773234998000,64.14069195,-21.8168163333333,0.00,0.00,0.00,true,true,0.00,4.00,0.00,5
1773235004000,64.1395227333333,-21.8181565,109.25,27.54,26.16,false,false,145.21,6.00,87.13,0
1773235006000,64.1395227333333,-21.8181565,69.31,0.00,26.16,true,false,7.22,2.00,13.00,1
1773235008000,64.1395227333333,-21.8181565,32.02,32.02,30.42,false,false,13.81,2.00,24.85,0
1773235010000,64.1395227333333,-21.8181565,9.58,9.58,9.10,false,false,15.38,2.00,27.68,0
1773235015000,64.1395227333333,-21.8181565,9.57,9.57,9.09,false,false,10.35,5.00,7.45,0
1773235017000,64.1395227333333,-21.8181565,7.25,0.00,9.09,true,false,2.14,2.00,3.85,1
1773235022000,64.1383999833333,-21.8166131666667,116.46,32.75,31.11,false,false,145.90,5.00,105.05,0
1773235024000,64.1383999833333,-21.8166131666667,78.41,32.75,31.11,false,false,12.69,2.00,22.84,0
1773235028000,64.1383999833333,-21.8166131666667,1.63,1.63,1.55,false,false,13.70,4.00,12.33,0
1773235030000,64.1383999833333,-21.8166131666667,10.34,10.34,9.82,false,false,13.06,2.00,23.51,0
1773235032000,64.1383999833333,-21.8166131666667,8.67,0.00,9.82,true,false,3.31,2.00,5.96,1
1773235035000,64.1383999833333,-21.8166131666667,0.00,0.00,0.00,true,true,0.74,3.00,0.89,2
1773235039000,64.1383999833333,-21.8166131666667,0.00,0.00,0.00,true,true,1.71,4.00,1.54,3
1773235045000,64.1383999833333,-21.8166131666667,0.00,0.00,0.00,true,true,0.22,6.00,0.13,4
1773235049000,64.1369882166667,-21.8127956666667,0.00,0.00,0.00,true,false,0.00,2.00,0.00,1
1773235051000,64.1369882166667,-21.8127956666667,0.00,0.00,0.00,true,true,0.00,2.00,0.00,2
1773235056000,64.1369882166667,-21.8127956666667,0.00,0.00,0.00,true,true,0.00,5.00,0.00,3
1773235058000,64.1369882166667,-21.8127956666667,0.00,0.00,0.00,true,true,0.00,2.00,0.00,4
1773235060000,64.1369882166667,-21.8127956666667,0.00,0.00,0.00,true,true,0.00,2.00,0.00,5
1773235066000,64.1368721,-21.8106431666667,82.62,22.28,21.16,false,false,105.40,6.00,63.24,0
1773235070000,64.1368721,-21.8106431666667,15.42,0.00,21.16,true,false,5.96,4.00,5.36,1
1773235072000,64.1368721,-21.8106431666667,0.00,0.00,0.00,true,true,9.51,2.00,17.11,2
1773235075000,64.1368721,-21.8106431666667,0.00,0.00,0.00,true,true,4.86,3.00,5.83,3
1773235077000,64.1368721,-21.8106431666667,0.00,0.00,0.00,true,true,0.98,2.00,1.77,4
1773235079000,64.1368721,-21.8106431666667,0.00,0.00,0.00,true,true,0.28,2.00,0.51,5
1773235083000,64.1368721,-21.8106431666667,0.00,0.00,0.00,true,true,0.09,4.00,0.08,6
1773235086000,64.1368721,-21.8106431666667,0.00,0.00,0.00,true,true,0.01,3.00,0.02,7
1773235088000,64.1368721,-21.8106431666667,0.00,0.00,0.00,true,true,0.00,2.00,0.00,8
1773235090000,64.1368721,-21.8106431666667,0.00,0.00,0.00,true,true,0.00,2.00,0.00,9
1773235092000,64.1368721,-21.8106431666667,0.00,0.00,0.00,true,true,0.00,2.00,0.00,10
1773235099000,64.1368721,-21.8106431666667,0.00,0.00,0.00,true,true,0.00,7.00,0.00,11
1773235103000,64.1368721,-21.8106431666667,0.00,0.00,0.00,true,true,0.00,4.00,0.00,12
1773235105000,64.1368721,-21.8106431666667,0.00,0.00,0.00,true,true,0.00,2.00,0.00,13
1773235109000,64.1368721,-21.8106431666667,0.00,0.00,0.00,true,true,0.00,4.00,0.00,14
1773235111000,64.1368721,-21.8106431666667,0.00,0.00,0.00,true,true,0.00,2.00,0.00,15
1773235113000,64.1368721,-21.8106431666667,0.00,0.00,0.00,true,true,0.00,2.00,0.00,16
1773235120000,64.1365451166667,-21.8070908333333,0.00,0.00,0.00,true,false,0.00,3.00,0.00,1
1773235124000,64.1365451166667,-21.8070908333333,0.00,0.00,0.00,true,true,0.00,4.00,0.00,2
1773235126000,64.1365451166667,-21.8070908333333,0.00,0.00,0.00,true,true,0.00,2.00,0.00,3
1773235128000,64.1365451166667,-21.8070908333333,0.00,0.00,0.00,true,true,0.00,2.00,0.00,4
1773235132000,64.1365451166667,-21.8070908333333,0.00,0.00,0.00,true,true,0.00,4.00,0.00,5
1773235137000,64.1365451166667,-21.8070908333333,0.00,0.00,0.00,true,true,0.00,5.00,0.00,6
1773235139000,64.1365451166667,-21.8070908333333,0.00,0.00,0.00,true,true,0.00,2.00,0.00,7
1773235142000,64.1365451166667,-21.8070908333333,0.00,0.00,0.00,true,true,0.00,3.00,0.00,8
1773235144000,64.1365451166667,-21.8070908333333,0.00,0.00,0.00,true,true,0.00,2.00,0.00,9
1773235148000,64.1365451166667,-21.8070908333333,0.00,0.00,0.00,true,true,0.00,4.00,0.00,10
1773235152000,64.1365451166667,-21.8070908333333,0.00,0.00,0.00,true,true,0.00,4.00,0.00,11
1773235154000,64.1365451166667,-21.8070908333333,0.00,0.00,0.00,true,true,0.00,2.00,0.00,12
1773235161000,64.135703,-21.8019705,0.00,0.00,0.00,true,false,0.00,3.00,0.00,1
1773235164000,64.135703,-21.8019705,0.00,0.00,0.00,true,true,0.00,3.00,0.00,2
1773235167000,64.135703,-21.8019705,0.00,0.00,0.00,true,true,0.00,3.00,0.00,3
1773235169000,64.135703,-21.8019705,0.00,0.00,0.00,true,true,0.00,2.00,0.00,4
1773235174000,64.135703,-21.8019705,0.00,0.00,0.00,true,true,0.00,5.00,0.00,5
1773235176000,64.135703,-21.8019705,0.00,0.00,0.00,true,true,0.00,2.00,0.00,6
1773235180000,64.135703,-21.8019705,0.00,0.00,0.00,true,true,0.00,4.00,0.00,7
1773235182000,64.135703,-21.8019705,0.00,0.00,0.00,true,true,0.00,2.00,0.00,8
1773235193000,64.13471465,-21.7977611666667,0.00,0.00,0.00,true,false,0.00,5.00,0.00,1
1773235195000,64.13471465,-21.7977611666667,0.00,0.00,0.00,true,true,0.00,2.00,0.00,2
1773235197000,64.13471465,-21.7977611666667,0.00,0.00,0.00,true,true,0.00,2.00,0.00,3
1773235201000,64.13471465,-21.7977611666667,0.00,0.00,0.00,true,true,0.00,4.00,0.00,4
1773235205000,64.13471465,-21.7977611666667,0.00,0.00,0.00,true,true,0.00,4.00,0.00,5
1773235209000,64.13471465,-21.7977611666667,0.00,0.00,0.00,true,true,0.00,4.00,0.00,6
1773235212000,64.13471465,-21.7977611666667,0.00,0.00,0.00,true,true,0.00,3.00,0.00,7
1773235214000,64.13471465,-21.7977611666667,0.00,0.00,0.00,true,true,0.00,2.00,0.00,8
1773235219000,64.13471465,-21.7977611666667,0.00,0.00,0.00,true,true,0.00,5.00,0.00,9
1773235221000,64.13471465,-21.7977611666667,0.00,0.00,0.00,true,true,0.00,2.00,0.00,10
1773235223000,64.13471465,-21.7977611666667,0.00,0.00,0.00,true,true,0.00,2.00,0.00,11
1773235227000,64.13471465,-21.7977611666667,0.00,0.00,0.00,true,true,0.00,4.00,0.00,12
1773235229000,64.13471465,-21.7977611666667,0.00,0.00,0.00,true,true,0.00,2.00,0.00,13
1773235234000,64.13471465,-21.7977611666667,0.00,0.00,0.00,true,true,0.00,5.00,0.00,14
1773235241000,64.1353343666667,-21.793205,0.00,0.00,0.00,true,false,0.00,5.00,0.00,1
1773235243000,64.1353343666667,-21.793205,0.00,0.00,0.00,true,true,0.00,2.00,0.00,2
1773235247000,64.1353343666667,-21.793205,0.00,0.00,0.00,true,true,0.00,4.00,0.00,3
1773235249000,64.1353343666667,-21.793205,0.00,0.00,0.00,true,true,0.00,2.00,0.00,4
1773235251000,64.1353343666667,-21.793205,0.00,0.00,0.00,true,true,0.00,2.00,0.00,5
1773235254000,64.1353343666667,-21.793205,0.00,0.00,0.00,true,true,0.00,3.00,0.00,6
1773235256000,64.1353343666667,-21.793205,0.00,0.00,0.00,true,true,0.00,2.00,0.00,7
1773235260000,64.1353343666667,-21.793205,0.00,0.00,0.00,true,true,0.00,4.00,0.00,8
1773235262000,64.1353343666667,-21.793205,0.00,0.00,0.00,true,true,0.00,2.00,0.00,9
1773235268000,64.1376758833333,-21.7911188333333,0.00,0.00,0.00,true,false,0.00,2.00,0.00,1
1773235272000,64.1376758833333,-21.7911188333333,0.00,0.00,0.00,true,true,0.00,4.00,0.00,2
1773235276000,64.1376758833333,-21.7911188333333,0.00,0.00,0.00,true,true,0.00,4.00,0.00,3
1773235279000,64.1376758833333,-21.7911188333333,0.00,0.00,0.00,true,true,0.00,3.00,0.00,4
1773235281000,64.1376758833333,-21.7911188333333,0.00,0.00,0.00,true,true,0.00,2.00,0.00,5
1773235287000,64.1391307833333,-21.7893261666667,0.00,0.00,0.00,true,false,0.00,2.00,0.00,1
1773235291000,64.1391307833333,-21.7893261666667,0.00,0.00,0.00,true,true,0.00,4.00,0.00,2
1773235293000,64.1391307833333,-21.7893261666667,0.00,0.00,0.00,true,true,0.00,2.00,0.00,3
1773235298000,64.1391307833333,-21.7893261666667,0.00,0.00,0.00,true,true,0.00,5.00,0.00,4
1773235304000,64.1391307833333,-21.7893261666667,0.00,0.00,0.00,true,true,0.00,6.00,0.00,5
1773235307000,64.1391307833333,-21.7893261666667,0.00,0.00,0.00,true,true,0.00,3.00,0.00,6
1773235309000,64.1391307833333,-21.7893261666667,0.00,0.00,0.00,true,true,0.00,2.00,0.00,7
1773235315000,64.1393457666667,-21.7847566666667,0.00,0.00,0.00,true,false,0.00,4.00,0.00,1
1773235319000,64.1393457666667,-21.7847566666667,0.00,0.00,0.00,true,true,0.00,4.00,0.00,2
1773235323000,64.1393457666667,-21.7847566666667,0.00,0.00,0.00,true,true,0.00,4.00,0.00,3
1773235326000,64.1393457666667,-21.7847566666667,0.00,0.00,0.00,true,true,0.00,3.00,0.00,4
1773235333000,64.1396550333333,-21.780571,0.00,0.00,0.00,true,false,0.00,2.00,0.00,1
1773235335000,64.1396550333333,-21.780571,0.00,0.00,0.00,true,true,0.00,2.00,0.00,2
1773235341000,64.1396550333333,-21.780571,0.00,0.00,0.00,true,true,0.00,6.00,0.00,3
1773235348000,64.1396550333333,-21.780571,0.00,0.00,0.00,true,true,0.00,7.00,0.00,4
1773235350000,64.1396550333333,-21.780571,0.00,0.00,0.00,true,true,0.00,2.00,0.00,5
1773235356000,64.1387055833333,-21.7767303333333,0.00,0.00,0.00,true,false,0.00,4.00,0.00,1
1773235358000,64.1387055833333,-21.7767303333333,0.00,0.00,0.00,true,true,0.00,2.00,0.00,2
1773235364000,64.1387055833333,-21.7767303333333,0.00,0.00,0.00,true,true,0.00,6.00,0.00,3
1773235369000,64.1382405166667,-21.7741413333333,104.78,28.76,27.32,false,false,136.00,5.00,97.92,0
1773235373000,64.1382405166667,-21.7741413333333,20.92,0.00,27.32,true,false,9.71,4.00,8.74,1
1773235375000,64.1382405166667,-21.7741413333333,3.96,3.96,3.76,false,false,11.80,2.00,21.25,0
1773235377000,64.1382405166667,-21.7741413333333,1.93,0.00,3.76,true,false,6.30,2.00,11.33,1
1773235381000,64.1382405166667,-21.7741413333333,0.00,0.00,0.00,true,true,2.57,4.00,2.32,2
1773235384000,64.1382405166667,-21.7741413333333,0.00,0.00,0.00,true,true,0.06,3.00,0.07,3
1773235386000,64.1382405166667,-21.7741413333333,0.00,0.00,0.00,true,true,0.01,2.00,0.02,4
1773235390000,64.1382405166667,-21.7741413333333,0.00,0.00,0.00,true,true,0.00,4.00,0.00,5
1773235392000,64.1382405166667,-21.7741413333333,0.00,0.00,0.00,true,true,0.00,2.00,0.00,6
1773235398000,64.1382405166667,-21.7741413333333,0.00,0.00,0.00,true,true,0.00,6.00,0.00,7
1773235401000,64.1382405166667,-21.7741413333333,0.00,0.00,0.00,true,true,0.00,3.00,0.00,8
1773235406000,64.1382405166667,-21.7741413333333,0.00,0.00,0.00,true,true,0.00,5.00,0.00,9
1773235408000,64.1382405166667,-21.7741413333333,0.00,0.00,0.00,true,true,0.00,2.00,0.00,10
1773235410000,64.1382405166667,-21.7741413333333,0.00,0.00,0.00,true,true,0.00,2.00,0.00,11
1773235414000,64.1382405166667,-21.7741413333333,0.00,0.00,0.00,true,true,0.00,4.00,0.00,12
1773235419000,64.1382405166667,-21.7741413333333,0.00,0.00,0.00,true,true,0.00,5.00,0.00,13
1773235428000,64.1393247,-21.7719686666667,0.00,0.00,0.00,true,false,0.00,5.00,0.00,1
1773235430000,64.1393247,-21.7719686666667,0.00,0.00,0.00,true,true,0.00,2.00,0.00,2
1773235432000,64.1393247,-21.7719686666667,0.00,0.00,0.00,true,true,0.00,2.00,0.00,3
1773235440000,64.1393247,-21.7719686666667,0.00,0.00,0.00,true,true,0.00,8.00,0.00,4
1773235442000,64.1393247,-21.7719686666667,0.00,0.00,0.00,true,true,0.00,2.00,0.00,5
1773235446000,64.1393247,-21.7719686666667,0.00,0.00,0.00,true,true,0.00,4.00,0.00,6
1773235448000,64.1393247,-21.7719686666667,0.00,0.00,0.00,true,true,0.00,2.00,0.00,7
1773235453000,64.1393247,-21.7719686666667,0.00,0.00,0.00,true,true,0.00,5.00,0.00,8
1773235455000,64.1393247,-21.7719686666667,0.00,0.00,0.00,true,true,0.00,2.00,0.00,9
1773235458000,64.1393247,-21.7719686666667,0.00,0.00,0.00,true,true,0.00,3.00,0.00,10
1773235464000,64.1393247,-21.7719686666667,0.00,0.00,0.00,true,true,0.00,6.00,0.00,11
1773235471000,64.1449383,-21.7740921666667,0.00,0.00,0.00,true,false,0.00,2.00,0.00,1
1773235477000,64.1449383,-21.7740921666667,0.00,0.00,0.00,true,true,0.00,6.00,0.00,2
1773235479000,64.1449383,-21.7740921666667,0.00,0.00,0.00,true,true,0.00,2.00,0.00,3
1773235483000,64.1449383,-21.7740921666667,0.00,0.00,0.00,true,true,0.00,4.00,0.00,4
1773235485000,64.1449383,-21.7740921666667,0.00,0.00,0.00,true,true,0.00,2.00,0.00,5
1773235488000,64.1449383,-21.7740921666667,0.00,0.00,0.00,true,true,0.00,3.00,0.00,6
1773235490000,64.1449383,-21.7740921666667,0.00,0.00,0.00,true,true,0.00,2.00,0.00,7
1773235494000,64.1449383,-21.7740921666667,0.00,0.00,0.00,true,true,0.00,4.00,0.00,8
1773235499000,64.1449383,-21.7740921666667,0.00,0.00,0.00,true,true,0.00,5.00,0.00,9
1773235501000,64.1449383,-21.7740921666667,0.00,0.00,0.00,true,true,0.00,2.00,0.00,10
1773235505000,64.1449383,-21.7740921666667,0.00,0.00,0.00,true,true,0.00,4.00,0.00,11
1773235508000,64.1449383,-21.7740921666667,0.00,0.00,0.00,true,true,0.00,3.00,0.00,12
1773235510000,64.1449383,-21.7740921666667,0.00,0.00,0.00,true,true,0.00,2.00,0.00,13
1773235516000,64.14638755,-21.7708735,0.00,0.00,0.00,true,false,0.00,2.00,0.00,1
1773235519000,64.14638755,-21.7708735,0.00,0.00,0.00,true,true,0.00,3.00,0.00,2
1773235523000,64.14638755,-21.7708735,0.00,0.00,0.00,true,true,0.00,4.00,0.00,3
1773235525000,64.14638755,-21.7708735,0.00,0.00,0.00,true,true,0.00,2.00,0.00,4
1773235529000,64.14638755,-21.7708735,0.00,0.00,0.00,true,true,0.00,4.00,0.00,5
1773235531000,64.14638755,-21.7708735,0.00,0.00,0.00,true,true,0.00,2.00,0.00,6
1773235535000,64.14638755,-21.7708735,0.00,0.00,0.00,true,true,0.00,4.00,0.00,7
1773235538000,64.14638755,-21.7708735,0.00,0.00,0.00,true,true,0.00,3.00,0.00,8
1773235540000,64.14638755,-21.7708735,0.00,0.00,0.00,true,true,0.00,2.00,0.00,9
1773235543000,64.14638755,-21.7708735,0.00,0.00,0.00,true,true,0.00,3.00,0.00,10
1773235545000,64.14638755,-21.7708735,0.00,0.00,0.00,true,true,0.00,2.00,0.00,11
1773235551000,64.14638755,-21.7708735,0.00,0.00,0.00,true,true,0.00,6.00,0.00,12
1773235555000,64.14638755,-21.7708735,0.00,0.00,0.00,true,true,0.00,4.00,0.00,13
1773235561000,64.14638755,-21.7708735,0.00,0.00,0.00,true,true,0.00,6.00,0.00,14
1773235563000,64.14638755,-21.7708735,0.00,0.00,0.00,true,true,0.00,2.00,0.00,15
1773235565000,64.14638755,-21.7708735,0.00,0.00,0.00,true,true,0.00,2.00,0.00,16
1773235569000,64.14638755,-21.7708735,0.00,0.00,0.00,true,true,0.00,4.00,0.00,17
1773235573000,64.14638755,-21.7708735,0.00,0.00,0.00,true,true,0.00,4.00,0.00,18
1773235575000,64.14638755,-21.7708735,0.00,0.00,0.00,true,true,0.00,2.00,0.00,19
1773235577000,64.14638755,-21.7708735,0.00,0.00,0.00,true,true,0.00,2.00,0.00,20
1773235581000,64.14638755,-21.7708735,0.00,0.00,0.00,true,true,0.00,4.00,0.00,21
1773235584000,64.14638755,-21.7708735,0.00,0.00,0.00,true,true,0.00,3.00,0.00,22
1773235589000,64.14638755,-21.7708735,0.00,0.00,0.00,true,true,0.00,5.00,0.00,23
1773235591000,64.14638755,-21.7708735,0.00,0.00,0.00,true,true,0.00,2.00,0.00,24
1773235597000,64.14638755,-21.7708735,0.00,0.00,0.00,true,true,0.00,6.00,0.00,25
1773235601000,64.14638755,-21.7708735,0.00,0.00,0.00,true,true,0.00,4.00,0.00,26
1773235604000,64.14638755,-21.7708735,0.00,0.00,0.00,true,true,0.00,3.00,0.00,27
1773235606000,64.14638755,-21.7708735,0.00,0.00,0.00,true,true,0.00,2.00,0.00,28
1773235608000,64.14638755,-21.7708735,0.00,0.00,0.00,true,true,0.00,2.00,0.00,29
1773235611000,64.14638755,-21.7708735,0.00,0.00,0.00,true,true,0.00,3.00,0.00,30
1773235614000,64.14638755,-21.7708735,0.00,0.00,0.00,true,true,0.00,3.00,0.00,31
1773235619000,64.14638755,-21.7708735,0.00,0.00,0.00,true,true,0.00,5.00,0.00,32
1773235623000,64.14638755,-21.7708735,0.00,0.00,0.00,true,true,0.00,4.00,0.00,33
1773235625000,64.14638755,-21.7708735,0.00,0.00,0.00,true,true,0.00,2.00,0.00,34
1773235629000,64.14638755,-21.7708735,0.00,0.00,0.00,true,true,0.00,4.00,0.00,35
1773235631000,64.14638755,-21.7708735,0.00,0.00,0.00,true,true,0.00,2.00,0.00,36
1773235633000,64.14638755,-21.7708735,0.00,0.00,0.00,true,true,0.00,2.00,0.00,37
1773235640000,64.1450659166667,-21.7714675,0.00,0.00,0.00,true,false,0.00,5.00,0.00,1
1773235642000,64.1450659166667,-21.7714675,0.00,0.00,0.00,true,true,0.00,2.00,0.00,2
1773235648000,64.1450659166667,-21.7714675,0.00,0.00,0.00,true,true,0.00,6.00,0.00,3
1773235654000,64.1450659166667,-21.7714675,0.00,0.00,0.00,true,true,0.00,6.00,0.00,4
1773235659000,64.1450659166667,-21.7714675,0.00,0.00,0.00,true,true,0.00,5.00,0.00,5
1773235663000,64.1450659166667,-21.7714675,0.00,0.00,0.00,true,true,0.00,4.00,0.00,6
1773235666000,64.1450659166667,-21.7714675,0.00,0.00,0.00,true,true,0.00,3.00,0.00,7
1773235670000,64.1450659166667,-21.7714675,0.00,0.00,0.00,true,true,0.00,4.00,0.00,8
1773235674000,64.1441667,-21.774734,0.00,0.00,0.00,true,false,0.00,2.00,0.00,1
1773235677000,64.1441667,-21.774734,0.00,0.00,0.00,true,true,0.00,3.00,0.00,2
1773235679000,64.1441667,-21.774734,0.00,0.00,0.00,true,true,0.00,2.00,0.00,3
1773235683000,64.1441667,-21.774734,0.00,0.00,0.00,true,true,0.00,4.00,0.00,4
1773235685000,64.1441667,-21.774734,0.00,0.00,0.00,true,true,0.00,2.00,0.00,5
1773235689000,64.1441667,-21.774734,0.00,0.00,0.00,true,true,0.00,4.00,0.00,6
1773235691000,64.1441667,-21.774734,0.00,0.00,0.00,true,true,0.00,2.00,0.00,7
1773235693000,64.1441667,-21.774734,0.00,0.00,0.00,true,true,0.00,2.00,0.00,8
1773235697000,64.1441667,-21.774734,0.00,0.00,0.00,true,true,0.00,4.00,0.00,9
1773235699000,64.1441667,-21.774734,0.00,0.00,0.00,true,true,0.00,2.00,0.00,10
1773235701000,64.1441667,-21.774734,0.00,0.00,0.00,true,true,0.00,2.00,0.00,11
1773235704000,64.1441667,-21.774734,0.00,0.00,0.00,true,true,0.00,3.00,0.00,12
1773235710000,64.1396492833333,-21.7724235,0.00,0.00,0.00,true,false,0.00,2.00,0.00,1
1773235714000,64.1396492833333,-21.7724235,0.00,0.00,0.00,true,true,0.00,4.00,0.00,2
1773235719000,64.1396492833333,-21.7724235,0.00,0.00,0.00,true,true,0.00,5.00,0.00,3
1773235721000,64.1396492833333,-21.7724235,0.00,0.00,0.00,true,true,0.00,2.00,0.00,4
1773235725000,64.1396492833333,-21.7724235,0.00,0.00,0.00,true,true,0.00,4.00,0.00,5
1773235730000,64.1396492833333,-21.7724235,0.00,0.00,0.00,true,true,0.00,5.00,0.00,6
1773235736000,64.1396492833333,-21.7724235,0.00,0.00,0.00,true,true,0.00,6.00,0.00,7
1773235741000,64.1396492833333,-21.7724235,0.00,0.00,0.00,true,true,0.00,5.00,0.00,8
1773235745000,64.1396492833333,-21.7724235,0.00,0.00,0.00,true,true,0.00,4.00,0.00,9
1773235747000,64.1396492833333,-21.7724235,0.00,0.00,0.00,true,true,0.00,2.00,0.00,10
1773235749000,64.1396492833333,-21.7724235,0.00,0.00,0.00,true,true,0.00,2.00,0.00,11
1773235751000,64.1396492833333,-21.7724235,0.00,0.00,0.00,true,true,0.00,2.00,0.00,12
1773235754000,64.1396492833333,-21.7724235,0.00,0.00,0.00,true,true,0.00,3.00,0.00,13
1773235761000,64.1382764,-21.7738606666667,0.00,0.00,0.00,true,false,0.00,2.00,0.00,1
1773235764000,64.1382764,-21.7738606666667,0.00,0.00,0.00,true,true,0.00,3.00,0.00,2
1773235768000,64.1382764,-21.7738606666667,0.00,0.00,0.00,true,true,0.00,4.00,0.00,3
1773235772000,64.1382764,-21.7738606666667,0.00,0.00,0.00,true,true,0.00,4.00,0.00,4
1773235774000,64.1382764,-21.7738606666667,0.00,0.00,0.00,true,true,0.00,2.00,0.00,5
1773235776000,64.1382764,-21.7738606666667,0.00,0.00,0.00,true,true,0.00,2.00,0.00,6
1773235779000,64.1382764,-21.7738606666667,0.00,0.00,0.00,true,true,0.00,3.00,0.00,7
1773235781000,64.1382764,-21.7738606666667,0.00,0.00,0.00,true,true,0.00,2.00,0.00,8
1773235787000,64.13861145,-21.7763818333333,100.44,30.68,29.15,false,false,128.05,6.00,76.83,0
1773235789000,64.13861145,-21.7763818333333,64.82,0.00,29.15,true,false,7.24,2.00,13.04,1
1773235791000,64.13861145,-21.7763818333333,30.64,30.64,29.11,false,false,12.63,2.00,22.74,0
1773235796000,64.13861145,-21.7763818333333,15.22,15.22,14.46,false,false,14.50,5.00,10.44,0
1773235800000,64.13861145,-21.7763818333333,5.92,0.00,14.46,true,false,5.02,4.00,4.51,1
1773235806000,64.13861145,-21.7763818333333,0.00,0.00,0.00,true,true,1.34,6.00,0.80,2
1773235808000,64.13861145,-21.7763818333333,0.00,0.00,0.00,true,true,0.55,2.00,0.99,3
1773235810000,64.13861145,-21.7763818333333,0.00,0.00,0.00,true,true,0.14,2.00,0.25,4
1773235815000,64.1396731,-21.7810493333333,0.00,0.00,0.00,true,false,0.00,2.00,0.00,1
1773235821000,64.1396731,-21.7810493333333,0.00,0.00,0.00,true,true,0.00,6.00,0.00,2
1773235825000,64.1396731,-21.7810493333333,0.00,0.00,0.00,true,true,0.00,4.00,0.00,3
1773235831000,64.1394085,-21.7846796666667,0.00,0.00,0.00,true,false,0.00,2.00,0.00,1
1773235835000,64.1394085,-21.7846796666667,0.00,0.00,0.00,true,true,0.00,4.00,0.00,2
1773235837000,64.1394085,-21.7846796666667,0.00,0.00,0.00,true,true,0.00,2.00,0.00,3
1773235839000,64.1394085,-21.7846796666667,0.00,0.00,0.00,true,true,0.00,2.00,0.00,4
1773235841000,64.1394085,-21.7846796666667,0.00,0.00,0.00,true,true,0.00,2.00,0.00,5
1773235846000,64.1394085,-21.7846796666667,0.00,0.00,0.00,true,true,0.00,5.00,0.00,6
1773235852000,64.1394085,-21.7846796666667,0.00,0.00,0.00,true,true,0.00,6.00,0.00,7
1773235859000,64.1392875833333,-21.7893865,161.30,37.42,35.55,false,false,229.15,7.00,117.85,0
1773235861000,64.1392875833333,-21.7893865,98.58,0.00,35.55,true,false,7.06,2.00,12.71,1
1773235865000,64.1392875833333,-21.7893865,5.29,5.29,5.02,false,false,21.13,4.00,19.01,0
1773235867000,64.1392875833333,-21.7893865,14.68,14.68,13.95,false,false,16.05,2.00,28.90,0
1773235869000,64.1392875833333,-21.7893865,11.53,0.00,13.95,true,false,3.56,2.00,6.41,1
1773235872000,64.1392875833333,-21.7893865,0.00,0.00,0.00,true,true,1.40,3.00,1.68,2
1773235874000,64.1392875833333,-21.7893865,0.00,0.00,0.00,true,true,2.36,2.00,4.25,3
1773235881000,64.1378767,-21.7908141666667,0.00,0.00,0.00,true,false,0.00,2.00,0.00,1
1773235883000,64.1378767,-21.7908141666667,0.00,0.00,0.00,true,true,0.00,2.00,0.00,2
1773235890000,64.1378767,-21.7908141666667,0.00,0.00,0.00,true,true,0.00,7.00,0.00,3
1773235892000,64.1378767,-21.7908141666667,0.00,0.00,0.00,true,true,0.00,2.00,0.00,4
1773235897000,64.1378767,-21.7908141666667,0.00,0.00,0.00,true,true,0.00,5.00,0.00,5
1773235901000,64.1378767,-21.7908141666667,0.00,0.00,0.00,true,true,0.00,4.00,0.00,6
1773235911000,64.1357645166667,-21.7931725,0.00,0.00,0.00,true,false,0.00,4.00,0.00,1
1773235914000,64.1357645166667,-21.7931725,0.00,0.00,0.00,true,true,0.00,3.00,0.00,2
1773235917000,64.1357645166667,-21.7931725,0.00,0.00,0.00,true,true,0.00,3.00,0.00,3
1773235919000,64.1357645166667,-21.7931725,0.00,0.00,0.00,true,true,0.00,2.00,0.00,4
1773235922000,64.1357645166667,-21.7931725,0.00,0.00,0.00,true,true,0.00,3.00,0.00,5
1773235926000,64.1357645166667,-21.7931725,0.00,0.00,0.00,true,true,0.00,4.00,0.00,6
1773235928000,64.1357645166667,-21.7931725,0.00,0.00,0.00,true,true,0.00,2.00,0.00,7
1773235932000,64.1357645166667,-21.7931725,0.00,0.00,0.00,true,true,0.00,4.00,0.00,8
1773235934000,64.1357645166667,-21.7931725,0.00,0.00,0.00,true,true,0.00,2.00,0.00,9
1773235937000,64.1357645166667,-21.7931725,0.00,0.00,0.00,true,true,0.00,3.00,0.00,10
1773235939000,64.1357645166667,-21.7931725,0.00,0.00,0.00,true,true,0.00,2.00,0.00,11
1773235943000,64.1357645166667,-21.7931725,0.00,0.00,0.00,true,true,0.00,4.00,0.00,12
1773235946000,64.1357645166667,-21.7931725,0.00,0.00,0.00,true,true,0.00,3.00,0.00,13
1773235948000,64.1357645166667,-21.7931725,0.00,0.00,0.00,true,true,0.00,2.00,0.00,14
1773235950000,64.1357645166667,-21.7931725,0.00,0.00,0.00,true,true,0.00,2.00,0.00,15
1773235953000,64.1357645166667,-21.7931725,0.00,0.00,0.00,true,true,0.00,3.00,0.00,16
1773235955000,64.1357645166667,-21.7931725,0.00,0.00,0.00,true,true,0.00,2.00,0.00,17
1773235963000,64.1347592333333,-21.7977848333333,0.00,0.00,0.00,true,false,0.00,5.00,0.00,1
1773235965000,64.1347592333333,-21.7977848333333,0.00,0.00,0.00,true,true,0.00,2.00,0.00,2
1773235968000,64.1347592333333,-21.7977848333333,0.00,0.00,0.00,true,true,0.00,3.00,0.00,3
1773235970000,64.1347592333333,-21.7977848333333,0.00,0.00,0.00,true,true,0.00,2.00,0.00,4
1773235975000,64.1347592333333,-21.7977848333333,0.00,0.00,0.00,true,true,0.00,5.00,0.00,5
1773235978000,64.1347592333333,-21.7977848333333,0.00,0.00,0.00,true,true,0.00,3.00,0.00,6
1773235980000,64.1347592333333,-21.7977848333333,0.00,0.00,0.00,true,true,0.00,2.00,0.00,7
1773235985000,64.1347592333333,-21.7977848333333,0.00,0.00,0.00,true,true,0.00,5.00,0.00,8
1773235989000,64.1347592333333,-21.7977848333333,0.00,0.00,0.00,true,true,0.00,4.00,0.00,9
1773235991000,64.1347592333333,-21.7977848333333,0.00,0.00,0.00,true,true,0.00,2.00,0.00,10
1773235995000,64.1347592333333,-21.7977848333333,0.00,0.00,0.00,true,true,0.00,4.00,0.00,11
1773236000000,64.1356979666667,-21.8018985,0.00,0.00,0.00,true,false,0.00,3.00,0.00,1
1773236003000,64.1356979666667,-21.8018985,0.00,0.00,0.00,true,true,0.00,3.00,0.00,2
1773236005000,64.1356979666667,-21.8018985,0.00,0.00,0.00,true,true,0.00,2.00,0.00,3
1773236011000,64.1356979666667,-21.8018985,0.00,0.00,0.00,true,true,0.00,6.00,0.00,4
1773236015000,64.1356979666667,-21.8018985,0.00,0.00,0.00,true,true,0.00,4.00,0.00,5
1773236017000,64.1356979666667,-21.8018985,0.00,0.00,0.00,true,true,0.00,2.00,0.00,6
1773236023000,64.1365051166667,-21.8067643333333,0.00,0.00,0.00,true,false,0.00,3.00,0.00,1
1773236027000,64.1365051166667,-21.8067643333333,0.00,0.00,0.00,true,true,0.00,4.00,0.00,2
1773236030000,64.1365051166667,-21.8067643333333,0.00,0.00,0.00,true,true,0.00,3.00,0.00,3
1773236035000,64.1365051166667,-21.8067643333333,0.00,0.00,0.00,true,true,0.00,5.00,0.00,4
1773236038000,64.1365051166667,-21.8067643333333,0.00,0.00,0.00,true,true,0.00,3.00,0.00,5
1773236041000,64.1365051166667,-21.8067643333333,0.00,0.00,0.00,true,true,0.00,3.00,0.00,6
1773236046000,64.1365051166667,-21.8067643333333,0.00,0.00,0.00,true,true,0.00,5.00,0.00,7
1773236049000,64.1365051166667,-21.8067643333333,0.00,0.00,0.00,true,true,0.00,3.00,0.00,8
1773236054000,64.1365051166667,-21.8067643333333,0.00,0.00,0.00,true,true,0.00,5.00,0.00,9
1773236058000,64.1365051166667,-21.8067643333333,0.00,0.00,0.00,true,true,0.00,4.00,0.00,10
1773236063000,64.1365051166667,-21.8067643333333,0.00,0.00,0.00,true,true,0.00,5.00,0.00,11
1773236067000,64.1365051166667,-21.8067643333333,0.00,0.00,0.00,true,true,0.00,4.00,0.00,12
1773236069000,64.1365051166667,-21.8067643333333,0.00,0.00,0.00,true,true,0.00,2.00,0.00,13
1773236071000,64.1365051166667,-21.8067643333333,0.00,0.00,0.00,true,true,0.00,2.00,0.00,14
1773236076000,64.1365051166667,-21.8067643333333,0.00,0.00,0.00,true,true,0.00,5.00,0.00,15
1773236080000,64.1365051166667,-21.8067643333333,0.00,0.00,0.00,true,true,0.00,4.00,0.00,16
1773236082000,64.1365051166667,-21.8067643333333,0.00,0.00,0.00,true,true,0.00,2.00,0.00,17
1773236091000,64.13720195,-21.810056,0.00,0.00,0.00,true,false,0.00,5.00,0.00,1
1773236093000,64.13720195,-21.810056,0.00,0.00,0.00,true,true,0.00,2.00,0.00,2
1773236095000,64.13720195,-21.810056,0.00,0.00,0.00,true,true,0.00,2.00,0.00,3
1773236097000,64.13720195,-21.810056,0.00,0.00,0.00,true,true,0.00,2.00,0.00,4
1773236100000,64.13720195,-21.810056,0.00,0.00,0.00,true,true,0.00,3.00,0.00,5
1773236105000,64.13720195,-21.810056,0.00,0.00,0.00,true,true,0.00,5.00,0.00,6
1773236107000,64.13720195,-21.810056,0.00,0.00,0.00,true,true,0.00,2.00,0.00,7
1773236112000,64.13720195,-21.810056,0.00,0.00,0.00,true,true,0.00,5.00,0.00,8
1773236116000,64.13720195,-21.810056,0.00,0.00,0.00,true,true,0.00,4.00,0.00,9
1773236120000,64.13720195,-21.810056,0.00,0.00,0.00,true,true,0.00,4.00,0.00,10
1773236126000,64.1367618833333,-21.812304,0.00,0.00,0.00,true,false,0.00,4.00,0.00,1
1773236133000,64.1367618833333,-21.812304,0.00,0.00,0.00,true,true,0.00,7.00,0.00,2
1773236135000,64.1367618833333,-21.812304,0.00,0.00,0.00,true,true,0.00,2.00,0.00,3
1773236137000,64.1367618833333,-21.812304,0.00,0.00,0.00,true,true,0.00,2.00,0.00,4
1773236141000,64.1367618833333,-21.812304,0.00,0.00,0.00,true,true,0.00,4.00,0.00,5
1773236146000,64.1367618833333,-21.812304,0.00,0.00,0.00,true,true,0.00,5.00,0.00,6
1773236152000,64.1383434,-21.8160503333333,0.00,0.00,0.00,true,false,0.00,3.00,0.00,1
1773236154000,64.1383434,-21.8160503333333,0.00,0.00,0.00,true,true,0.00,2.00,0.00,2
1773236156000,64.1383434,-21.8160503333333,0.00,0.00,0.00,true,true,0.00,2.00,0.00,3
1773236161000,64.1383434,-21.8160503333333,0.00,0.00,0.00,true,true,0.00,5.00,0.00,4
1773236163000,64.1383434,-21.8160503333333,0.00,0.00,0.00,true,true,0.00,2.00,0.00,5
1773236165000,64.1383434,-21.8160503333333,0.00,0.00,0.00,true,true,0.00,2.00,0.00,6
1773236172000,64.1392705833333,-21.8182976666667,0.00,0.00,0.00,true,false,0.00,4.00,0.00,1
1773236174000,64.1392705833333,-21.8182976666667,0.00,0.00,0.00,true,true,0.00,2.00,0.00,2
1773236179000,64.1392705833333,-21.8182976666667,0.00,0.00,0.00,true,true,0.00,5.00,0.00,3
1773236187000,64.1404206333333,-21.8171851666667,92.91,26.30,24.98,false,false,138.63,8.00,62.39,0
1773236189000,64.1404206333333,-21.8171851666667,55.92,0.00,24.98,true,false,3.01,2.00,5.42,1
1773236193000,64.1404206333333,-21.8171851666667,3.45,3.45,3.28,false,false,12.48,4.00,11.23,0
1773236195000,64.1404206333333,-21.8171851666667,8.59,0.00,3.28,true,false,9.10,2.00,16.37,1
1773236198000,64.1404206333333,-21.8171851666667,0.00,0.00,0.00,true,true,1.95,3.00,2.34,2
1773236200000,64.1404206333333,-21.8171851666667,0.00,0.00,0.00,true,true,1.07,2.00,1.92,3
1773236202000,64.1404206333333,-21.8171851666667,0.00,0.00,0.00,true,true,0.31,2.00,0.56,4
1773236204000,64.1404206333333,-21.8171851666667,0.00,0.00,0.00,true,true,0.10,2.00,0.18,5
1773236209000,64.1404206333333,-21.8171851666667,0.00,0.00,0.00,true,true,0.03,5.00,0.02,6
1773236213000,64.1404206333333,-21.8171851666667,0.00,0.00,0.00,true,true,0.00,4.00,0.00,7
1773236219000,64.1397908666667,-21.8121218333333,0.00,0.00,0.00,true,false,0.00,4.00,0.00,1
1773236224000,64.1397908666667,-21.8121218333333,0.00,0.00,0.00,true,true,0.00,5.00,0.00,2
1773236226000,64.1397908666667,-21.8121218333333,0.00,0.00,0.00,true,true,0.00,2.00,0.00,3
1773236230000,64.1397908666667,-21.8121218333333,0.00,0.00,0.00,true,true,0.00,4.00,0.00,4
1773236232000,64.1397908666667,-21.8121218333333,0.00,0.00,0.00,true,true,0.00,2.00,0.00,5
1773236236000,64.1397908666667,-21.8121218333333,0.00,0.00,0.00,true,true,0.00,4.00,0.00,6
1773236240000,64.1385418166667,-21.8084973333333,0.00,0.00,0.00,true,false,0.00,2.00,0.00,1
1773236243000,64.1385418166667,-21.8084973333333,0.00,0.00,0.00,true,true,0.00,3.00,0.00,2
1773236245000,64.1385418166667,-21.8084973333333,0.00,0.00,0.00,true,true,0.00,2.00,0.00,3
1773236249000,64.1385418166667,-21.8084973333333,0.00,0.00,0.00,true,true,0.00,4.00,0.00,4
1773236251000,64.1385418166667,-21.8084973333333,0.00,0.00,0.00,true,true,0.00,2.00,0.00,5
1773236253000,64.1385418166667,-21.8084973333333,0.00,0.00,0.00,true,true,0.00,2.00,0.00,6
1773236257000,64.1385418166667,-21.8084973333333,0.00,0.00,0.00,true,true,0.00,4.00,0.00,7
1773236259000,64.1385418166667,-21.8084973333333,0.00,0.00,0.00,true,true,0.00,2.00,0.00,8
1773236261000,64.1385418166667,-21.8084973333333,0.00,0.00,0.00,true,true,0.00,2.00,0.00,9
1773236264000,64.1385418166667,-21.8084973333333,0.00,0.00,0.00,true,true,0.00,3.00,0.00,10
1773236268000,64.1385418166667,-21.8084973333333,0.00,0.00,0.00,true,true,0.00,4.00,0.00,11
1773236273000,64.1385418166667,-21.8084973333333,0.00,0.00,0.00,true,true,0.00,5.00,0.00,12
1773236277000,64.1385418166667,-21.8084973333333,0.00,0.00,0.00,true,true,0.00,4.00,0.00,13
1773236282000,64.1385418166667,-21.8084973333333,0.00,0.00,0.00,true,true,0.00,5.00,0.00,14
1773236285000,64.1385418166667,-21.8084973333333,0.00,0.00,0.00,true,true,0.00,3.00,0.00,15
1773236287000,64.1385418166667,-21.8084973333333,0.00,0.00,0.00,true,true,0.00,2.00,0.00,16
1773236292000,64.1385418166667,-21.8084973333333,0.00,0.00,0.00,true,true,0.00,5.00,0.00,17
1773236298000,64.1385418166667,-21.8084973333333,0.00,0.00,0.00,true,true,0.00,6.00,0.00,18
1773236300000,64.1385418166667,-21.8084973333333,0.00,0.00,0.00,true,true,0.00,2.00,0.00,19
1773236302000,64.1385418166667,-21.8084973333333,0.00,0.00,0.00,true,true,0.00,2.00,0.00,20
1773236306000,64.1385418166667,-21.8084973333333,0.00,0.00,0.00,true,true,0.00,4.00,0.00,21
1773236310000,64.1385418166667,-21.8084973333333,0.00,0.00,0.00,true,true,0.00,4.00,0.00,22
1773236312000,64.1385418166667,-21.8084973333333,0.00,0.00,0.00,true,true,0.00,2.00,0.00,23
1773236315000,64.1385418166667,-21.8084973333333,0.00,0.00,0.00,true,true,0.00,3.00,0.00,24
1773236319000,64.1385418166667,-21.8084973333333,0.00,0.00,0.00,true,true,0.00,4.00,0.00,25
1773236321000,64.1385418166667,-21.8084973333333,0.00,0.00,0.00,true,true,0.00,2.00,0.00,26
1773236325000,64.1385418166667,-21.8084973333333,0.00,0.00,0.00,true,true,0.00,4.00,0.00,27
1773236329000,64.13840405,-21.8071228333333,0.00,0.00,0.00,true,false,0.00,2.00,0.00,1
1773236331000,64.13840405,-21.8071228333333,0.00,0.00,0.00,true,true,0.00,2.00,0.00,2
1773236336000,64.13840405,-21.8071228333333,0.00,0.00,0.00,true,true,0.00,5.00,0.00,3
1773236338000,64.13840405,-21.8071228333333,0.00,0.00,0.00,true,true,0.00,2.00,0.00,4
1773236340000,64.13840405,-21.8071228333333,0.00,0.00,0.00,true,true,0.00,2.00,0.00,5
1773236342000,64.13840405,-21.8071228333333,0.00,0.00,0.00,true,true,0.00,2.00,0.00,6
1773236346000,64.13840405,-21.8071228333333,0.00,0.00,0.00,true,true,0.00,4.00,0.00,7
1773236348000,64.13840405,-21.8071228333333,0.00,0.00,0.00,true,true,0.00,2.00,0.00,8
1773236350000,64.13840405,-21.8071228333333,0.00,0.00,0.00,true,true,0.00,2.00,0.00,9
1773236352000,64.13840405,-21.8071228333333,0.00,0.00,0.00,true,true,0.00,2.00,0.00,10
1773236357000,64.13840405,-21.8071228333333,0.00,0.00,0.00,true,true,0.00,5.00,0.00,11
1773236360000,64.13840405,-21.8071228333333,0.00,0.00,0.00,true,true,0.00,3.00,0.00,12
1773236364000,64.13840405,-21.8071228333333,0.00,0.00,0.00,true,true,0.00,4.00,0.00,13
1773236368000,64.1446196333333,-21.8059541666667,0.00,0.00,0.00,true,false,0.00,2.00,0.00,1
1773236372000,64.1446196333333,-21.8059541666667,0.00,0.00,0.00,true,true,0.00,4.00,0.00,2
1773236375000,64.1446196333333,-21.8059541666667,0.00,0.00,0.00,true,true,0.00,3.00,0.00,3
1773236378000,64.1446196333333,-21.8059541666667,0.00,0.00,0.00,true,true,0.00,3.00,0.00,4
1773236382000,64.1446196333333,-21.8059541666667,0.00,0.00,0.00,true,true,0.00,4.00,0.00,5
1773236384000,64.1446196333333,-21.8059541666667,0.00,0.00,0.00,true,true,0.00,2.00,0.00,6
1773236390000,64.1446196333333,-21.8059541666667,0.00,0.00,0.00,true,true,0.00,6.00,0.00,7
1773236393000,64.1446196333333,-21.8059541666667,0.00,0.00,0.00,true,true,0.00,3.00,0.00,8
1773236396000,64.1446196333333,-21.8059541666667,0.00,0.00,0.00,true,true,0.00,3.00,0.00,9
1773236399000,64.1446196333333,-21.8059541666667,0.00,0.00,0.00,true,true,0.00,3.00,0.00,10
1773236401000,64.1446196333333,-21.8059541666667,0.00,0.00,0.00,true,true,0.00,2.00,0.00,11
1773236408000,64.1446196333333,-21.8059541666667,0.00,0.00,0.00,true,true,0.00,7.00,0.00,12
1773236412000,64.1446196333333,-21.8059541666667,0.00,0.00,0.00,true,true,0.00,4.00,0.00,13
1773236414000,64.1446196333333,-21.8059541666667,0.00,0.00,0.00,true,true,0.00,2.00,0.00,14
1773236416000,64.1446196333333,-21.8059541666667,0.00,0.00,0.00,true,true,0.00,2.00,0.00,15
1773236420000,64.1446196333333,-21.8059541666667,0.00,0.00,0.00,true,true,0.00,4.00,0.00,16
1773236422000,64.1446196333333,-21.8059541666667,0.00,0.00,0.00,true,true,0.00,2.00,0.00,17
1773236429000,64.14344615,-21.8074726666667,111.02,31.73,30.14,false,false,149.71,7.00,76.99,0
1773236432000,64.14344615,-21.8074726666667,43.27,0.00,30.14,true,false,5.40,3.00,6.48,1
1773236435000,64.14344615,-21.8074726666667,4.34,4.34,4.12,false,false,14.86,3.00,17.83,0
1773236439000,64.14344615,-21.8074726666667,6.85,0.00,4.12,true,false,9.43,4.00,8.48,1
1773236442000,64.14344615,-21.8074726666667,0.00,0.00,0.00,true,true,1.77,3.00,2.12,2
1773236445000,64.14344615,-21.8074726666667,0.00,0.00,0.00,true,true,0.71,3.00,0.85,3
1773236447000,64.14344615,-21.8074726666667,0.00,0.00,0.00,true,true,0.13,2.00,0.24,4
1773236449000,64.14344615,-21.8074726666667,0.00,0.00,0.00,true,true,0.04,2.00,0.07,5
1773236451000,64.14344615,-21.8074726666667,0.00,0.00,0.00,true,true,0.01,2.00,0.02,6
1773236455000,64.14344615,-21.8074726666667,0.00,0.00,0.00,true,true,0.00,4.00,0.00,7
1773236457000,64.14344615,-21.8074726666667,0.00,0.00,0.00,true,true,0.00,2.00,0.00,8
1773236464000,64.14344615,-21.8074726666667,0.00,0.00,0.00,true,true,0.00,7.00,0.00,9
1773236466000,64.14344615,-21.8074726666667,0.00,0.00,0.00,true,true,0.00,2.00,0.00,10
1773236472000,64.14344615,-21.8074726666667,0.00,0.00,0.00,true,true,0.00,6.00,0.00,11
1773236474000,64.14344615,-21.8074726666667,0.00,0.00,0.00,true,true,0.00,2.00,0.00,12
1773236476000,64.14344615,-21.8074726666667,0.00,0.00,0.00,true,true,0.00,2.00,0.00,13
1773236478000,64.14344615,-21.8074726666667,0.00,0.00,0.00,true,true,0.00,2.00,0.00,14
1773236483000,64.14344615,-21.8074726666667,0.00,0.00,0.00,true,true,0.00,5.00,0.00,15
1773236485000,64.14344615,-21.8074726666667,0.00,0.00,0.00,true,true,0.00,2.00,0.00,16
1773236487000,64.14344615,-21.8074726666667,0.00,0.00,0.00,true,true,0.00,2.00,0.00,17
1773236491000,64.14344615,-21.8074726666667,0.00,0.00,0.00,true,true,0.00,4.00,0.00,18
1773236496000,64.14344615,-21.8074726666667,0.00,0.00,0.00,true,true,0.00,5.00,0.00,19
1773236498000,64.14344615,-21.8074726666667,0.00,0.00,0.00,true,true,0.00,2.00,0.00,20
1773236502000,64.14344615,-21.8074726666667,0.00,0.00,0.00,true,true,0.00,4.00,0.00,21
1773236506000,64.14344615,-21.8074726666667,0.00,0.00,0.00,true,true,0.00,4.00,0.00,22
1773236511000,64.14344615,-21.8074726666667,0.00,0.00,0.00,true,true,0.00,5.00,0.00,23
1773236514000,64.14344615,-21.8074726666667,0.00,0.00,0.00,true,true,0.00,3.00,0.00,24
1773236517000,64.14344615,-21.8074726666667,0.00,0.00,0.00,true,true,0.00,3.00,0.00,25
1773236521000,64.14344615,-21.8074726666667,0.00,0.00,0.00,true,true,0.00,4.00,0.00,26
1773236526000,64.14344615,-21.8074726666667,0.00,0.00,0.00,true,true,0.00,5.00,0.00,27
1773236528000,64.14344615,-21.8074726666667,0.00,0.00,0.00,true,true,0.00,2.00,0.00,28
1773236532000,64.14344615,-21.8074726666667,0.00,0.00,0.00,true,true,0.00,4.00,0.00,29
1773236534000,64.14344615,-21.8074726666667,0.00,0.00,0.00,true,true,0.00,2.00,0.00,30
1773236537000,64.14344615,-21.8074726666667,0.00,0.00,0.00,true,true,0.00,3.00,0.00,31
1773236539000,64.14344615,-21.8074726666667,0.00,0.00,0.00,true,true,0.00,2.00,0.00,32
1773236546000,64.14344615,-21.8074726666667,0.00,0.00,0.00,true,true,0.00,7.00,0.00,33
1773236548000,64.1433493833333,-21.807488,7.88,2.43,2.31,false,false,10.77,2.00,19.38,0
1773236551000,64.1433493833333,-21.807488,4.99,0.00,2.31,true,false,2.81,3.00,3.37,1
1773236555000,64.1433493833333,-21.807488,0.00,0.00,0.00,true,true,0.74,4.00,0.66,2
1773236557000,64.1433493833333,-21.807488,0.00,0.00,0.00,true,true,0.79,2.00,1.42,3
1773236559000,64.1433493833333,-21.807488,0.00,0.00,0.00,true,true,0.21,2.00,0.38,4
1773236563000,64.1433493833333,-21.807488,0.00,0.00,0.00,true,true,0.07,4.00,0.06,5
1773236567000,64.1433493833333,-21.807488,0.00,0.00,0.00,true,true,0.01,4.00,0.01,6
1773236569000,64.1433493833333,-21.807488,0.00,0.00,0.00,true,true,0.00,2.00,0.00,7
1773236574000,64.1433493833333,-21.807488,0.00,0.00,0.00,true,true,0.00,5.00,0.00,8
1773236578000,64.1433493833333,-21.807488,0.00,0.00,0.00,true,true,0.00,4.00,0.00,9
1773236584000,64.1446245833333,-21.8065955,0.00,0.00,0.00,true,false,0.00,2.00,0.00,1
1773236587000,64.1446245833333,-21.8065955,0.00,0.00,0.00,true,true,0.00,3.00,0.00,2
1773236589000,64.1446245833333,-21.8065955,0.00,0.00,0.00,true,true,0.00,2.00,0.00,3
1773236593000,64.1446245833333,-21.8065955,0.00,0.00,0.00,true,true,0.00,4.00,0.00,4
1773236595000,64.1446245833333,-21.8065955,0.00,0.00,0.00,true,true,0.00,2.00,0.00,5
1773236597000,64.1446245833333,-21.8065955,0.00,0.00,0.00,true,true,0.00,2.00,0.00,6
1773236599000,64.1446245833333,-21.8065955,0.00,0.00,0.00,true,true,0.00,2.00,0.00,7
1773236603000,64.1446245833333,-21.8065955,0.00,0.00,0.00,true,true,0.00,4.00,0.00,8
1773236605000,64.1446245833333,-21.8065955,0.00,0.00,0.00,true,true,0.00,2.00,0.00,9
1773236610000,64.1446245833333,-21.8065955,0.00,0.00,0.00,true,true,0.00,5.00,0.00,10
1773236614000,64.1446245833333,-21.8065955,0.00,0.00,0.00,true,true,0.00,4.00,0.00,11
1773236617000,64.1446245833333,-21.8065955,0.00,0.00,0.00,true,true,0.00,3.00,0.00,12
1773236619000,64.1446245833333,-21.8065955,0.00,0.00,0.00,true,true,0.00,2.00,0.00,13
1773236622000,64.1446245833333,-21.8065955,0.00,0.00,0.00,true,true,0.00,3.00,0.00,14
1773236626000,64.1446245833333,-21.8065955,0.00,0.00,0.00,true,true,0.00,4.00,0.00,15
1773236630000,64.1446245833333,-21.8065955,0.00,0.00,0.00,true,true,0.00,4.00,0.00,16
1773236636000,64.1446245833333,-21.8065955,0.00,0.00,0.00,true,true,0.00,6.00,0.00,17
1773236638000,64.1446245833333,-21.8065955,0.00,0.00,0.00,true,true,0.00,2.00,0.00,18
1773236642000,64.1446245833333,-21.8065955,0.00,0.00,0.00,true,true,0.00,4.00,0.00,19
1773236644000,64.1446245833333,-21.8065955,0.00,0.00,0.00,true,true,0.00,2.00,0.00,20
1773236647000,64.1446245833333,-21.8065955,0.00,0.00,0.00,true,true,0.00,3.00,0.00,21
1773236651000,64.1446245833333,-21.8065955,0.00,0.00,0.00,true,true,0.00,4.00,0.00,22
1773236655000,64.1446245833333,-21.8065955,0.00,0.00,0.00,true,true,0.00,4.00,0.00,23
1773236657000,64.1446245833333,-21.8065955,0.00,0.00,0.00,true,true,0.00,2.00,0.00,24
1773236661000,64.1446245833333,-21.8065955,0.00,0.00,0.00,true,true,0.00,4.00,0.00,25
1773236663000,64.1446245833333,-21.8065955,0.00,0.00,0.00,true,true,0.00,2.00,0.00,26
1773236665000,64.1446245833333,-21.8065955,0.00,0.00,0.00,true,true,0.00,2.00,0.00,27
1773236667000,64.1446245833333,-21.8065955,0.00,0.00,0.00,true,true,0.00,2.00,0.00,28
1773236673000,64.1446245833333,-21.8065955,0.00,0.00,0.00,true,true,0.00,6.00,0.00,29
1773236679000,64.1377003833333,-21.808135,0.00,0.00,0.00,true,false,0.00,2.00,0.00,1
1773236681000,64.1377003833333,-21.808135,0.00,0.00,0.00,true,true,0.00,2.00,0.00,2
1773236683000,64.1377003833333,-21.808135,0.00,0.00,0.00,true,true,0.00,2.00,0.00,3
1773236687000,64.1377003833333,-21.808135,0.00,0.00,0.00,true,true,0.00,4.00,0.00,4
1773236689000,64.1377003833333,-21.808135,0.00,0.00,0.00,true,true,0.00,2.00,0.00,5
1773236693000,64.1377003833333,-21.808135,0.00,0.00,0.00,true,true,0.00,4.00,0.00,6
1773236695000,64.1377003833333,-21.808135,0.00,0.00,0.00,true,true,0.00,2.00,0.00,7
1773236701000,64.1377003833333,-21.808135,0.00,0.00,0.00,true,true,0.00,6.00,0.00,8
1773236704000,64.1377003833333,-21.808135,0.00,0.00,0.00,true,true,0.00,3.00,0.00,9
1773236708000,64.1384034166667,-21.8081873333333,0.00,0.00,0.00,true,false,0.00,2.00,0.00,1
1773236710000,64.1384034166667,-21.8081873333333,0.00,0.00,0.00,true,true,0.00,2.00,0.00,2
1773236715000,64.1384034166667,-21.8081873333333,0.00,0.00,0.00,true,true,0.00,5.00,0.00,3
1773236717000,64.1384034166667,-21.8081873333333,0.00,0.00,0.00,true,true,0.00,2.00,0.00,4
1773236719000,64.1384034166667,-21.8081873333333,0.00,0.00,0.00,true,true,0.00,2.00,0.00,5
1773236723000,64.1384034166667,-21.8081873333333,0.00,0.00,0.00,true,true,0.00,4.00,0.00,6
1773236725000,64.1384034166667,-21.8081873333333,0.00,0.00,0.00,true,true,0.00,2.00,0.00,7
1773236727000,64.1384034166667,-21.8081873333333,0.00,0.00,0.00,true,true,0.00,2.00,0.00,8
1773236734000,64.13960975,-21.811674,0.00,0.00,0.00,true,false,0.00,3.00,0.00,1
1773236736000,64.13960975,-21.811674,0.00,0.00,0.00,true,true,0.00,2.00,0.00,2
1773236738000,64.13960975,-21.811674,0.00,0.00,0.00,true,true,0.00,2.00,0.00,3
1773236744000,64.13960975,-21.811674,0.00,0.00,0.00,true,true,0.00,6.00,0.00,4
1773236746000,64.13960975,-21.811674,0.00,0.00,0.00,true,true,0.00,2.00,0.00,5
1773236750000,64.13960975,-21.811674,0.00,0.00,0.00,true,true,0.00,4.00,0.00,6
1773236755000,64.13960975,-21.811674,0.00,0.00,0.00,true,true,0.00,5.00,0.00,7
1773236757000,64.13960975,-21.811674,0.00,0.00,0.00,true,true,0.00,2.00,0.00,8
1773236759000,64.13960975,-21.811674,0.00,0.00,0.00,true,true,0.00,2.00,0.00,9
1773236765000,64.1406747166667,-21.8166411666667,0.00,0.00,0.00,true,false,0.00,2.00,0.00,1
1773236769000,64.1406747166667,-21.8166411666667,0.00,0.00,0.00,true,true,0.00,4.00,0.00,2
1773236771000,64.1406747166667,-21.8166411666667,0.00,0.00,0.00,true,true,0.00,2.00,0.00,3
1773236776000,64.1406747166667,-21.8166411666667,0.00,0.00,0.00,true,true,0.00,5.00,0.00,4
1773236778000,64.1406747166667,-21.8166411666667,0.00,0.00,0.00,true,true,0.00,2.00,0.00,5
1773236780000,64.1406747166667,-21.8166411666667,0.00,0.00,0.00,true,true,0.00,2.00,0.00,6
1773236787000,64.1395234333333,-21.818172,110.75,29.60,28.12,false,false,147.87,7.00,76.05,0
1773236789000,64.1395234333333,-21.818172,69.80,0.00,28.12,true,false,5.48,2.00,9.86,1
1773236793000,64.1395234333333,-21.818172,3.52,3.52,3.35,false,false,14.63,4.00,13.16,0
1773236797000,64.1395234333333,-21.818172,9.64,9.64,9.16,false,false,11.74,4.00,10.57,0
1773236799000,64.1395234333333,-21.818172,6.44,0.00,9.16,true,false,0.92,2.00,1.65,1
1773236801000,64.1395234333333,-21.818172,0.00,0.00,0.00,true,true,1.20,2.00,2.16,2
1773236803000,64.1395234333333,-21.818172,0.00,0.00,0.00,true,true,1.45,2.00,2.61,3
1773236805000,64.1395234333333,-21.818172,0.00,0.00,0.00,true,true,0.46,2.00,0.83,4
1773236810000,64.1395234333333,-21.818172,0.00,0.00,0.00,true,true,0.15,5.00,0.11,5
1773236814000,64.1395234333333,-21.818172,0.00,0.00,0.00,true,true,0.01,4.00,0.01,6
1773236818000,64.1395234333333,-21.818172,0.00,0.00,0.00,true,true,0.00,4.00,0.00,7
1773236820000,64.1395234333333,-21.818172,0.00,0.00,0.00,true,true,0.00,2.00,0.00,8
1773236822000,64.1395234333333,-21.818172,0.00,0.00,0.00,true,true,0.00,2.00,0.00,9
1773236829000,64.13837745,-21.8165613333333,0.00,0.00,0.00,true,false,0.00,4.00,0.00,1
1773236831000,64.13837745,-21.8165613333333,0.00,0.00,0.00,true,true,0.00,2.00,0.00,2
1773236837000,64.13837745,-21.8165613333333,0.00,0.00,0.00,true,true,0.00,6.00,0.00,3
1773236841000,64.13837745,-21.8165613333333,0.00,0.00,0.00,true,true,0.00,4.00,0.00,4
1773236843000,64.13837745,-21.8165613333333,0.00,0.00,0.00,true,true,0.00,2.00,0.00,5
1773236846000,64.13837745,-21.8165613333333,0.00,0.00,0.00,true,true,0.00,3.00,0.00,6
1773236855000,64.1370140333333,-21.8128696666667,0.00,0.00,0.00,true,false,0.00,3.00,0.00,1
1773236857000,64.1370140333333,-21.8128696666667,0.00,0.00,0.00,true,true,0.00,2.00,0.00,2
1773236861000,64.1370140333333,-21.8128696666667,0.00,0.00,0.00,true,true,0.00,4.00,0.00,3
1773236863000,64.1370140333333,-21.8128696666667,0.00,0.00,0.00,true,true,0.00,2.00,0.00,4
1773236865000,64.1370140333333,-21.8128696666667,0.00,0.00,0.00,true,true,0.00,2.00,0.00,5
1773236871000,64.1370140333333,-21.8128696666667,0.00,0.00,0.00,true,true,0.00,6.00,0.00,6
1773236875000,64.1370140333333,-21.8128696666667,0.00,0.00,0.00,true,true,0.00,4.00,0.00,7
1773236877000,64.1370140333333,-21.8128696666667,0.00,0.00,0.00,true,true,0.00,2.00,0.00,8
1773236880000,64.1370140333333,-21.8128696666667,0.00,0.00,0.00,true,true,0.00,3.00,0.00,9
1773236882000,64.1370140333333,-21.8128696666667,0.00,0.00,0.00,true,true,0.00,2.00,0.00,10
1773236888000,64.1370140333333,-21.8128696666667,0.00,0.00,0.00,true,true,0.00,6.00,0.00,11
1773236890000,64.1370140333333,-21.8128696666667,0.00,0.00,0.00,true,true,0.00,2.00,0.00,12
1773236896000,64.1368528833333,-21.8107076666667,82.13,20.16,19.15,false,false,106.58,6.00,63.95,0
1773236899000,64.1368528833333,-21.8107076666667,33.34,0.00,19.15,true,false,5.68,3.00,6.82,1
1773236903000,64.1368528833333,-21.8107076666667,4.14,4.14,3.93,false,false,10.67,4.00,9.61,0
1773236909000,64.1368528833333,-21.8107076666667,3.29,0.00,3.93,true,false,5.76,6.00,3.46,1
1773236914000,64.1368528833333,-21.8107076666667,0.00,0.00,0.00,true,true,0.06,5.00,0.04,2
1773236920000,64.1368528833333,-21.8107076666667,0.00,0.00,0.00,true,true,0.33,6.00,0.20,3
1773236922000,64.1368528833333,-21.8107076666667,0.00,0.00,0.00,true,true,0.02,2.00,0.03,4
1773236924000,64.1368528833333,-21.8107076666667,0.00,0.00,0.00,true,true,0.00,2.00,0.01,5
1773236928000,64.1368528833333,-21.8107076666667,0.00,0.00,0.00,true,true,0.00,4.00,0.00,6
1773236932000,64.1364788333333,-21.8068696666667,0.00,0.00,0.00,true,false,0.00,2.00,0.00,1
1773236935000,64.1364788333333,-21.8068696666667,0.00,0.00,0.00,true,true,0.00,3.00,0.00,2
1773236938000,64.1364788333333,-21.8068696666667,0.00,0.00,0.00,true,true,0.00,3.00,0.00,3
1773236940000,64.1364788333333,-21.8068696666667,0.00,0.00,0.00,true,true,0.00,2.00,0.00,4
1773236944000,64.1364788333333,-21.8068696666667,0.00,0.00,0.00,true,true,0.00,4.00,0.00,5
1773236946000,64.1364788333333,-21.8068696666667,0.00,0.00,0.00,true,true,0.00,2.00,0.00,6
1773236948000,64.1364788333333,-21.8068696666667,0.00,0.00,0.00,true,true,0.00,2.00,0.00,7
1773236950000,64.1364788333333,-21.8068696666667,0.00,0.00,0.00,true,true,0.00,2.00,0.00,8
1773236955000,64.1364788333333,-21.8068696666667,0.00,0.00,0.00,true,true,0.00,5.00,0.00,9
1773236959000,64.1364788333333,-21.8068696666667,0.00,0.00,0.00,true,true,0.00,4.00,0.00,10
1773236961000,64.1364788333333,-21.8068696666667,0.00,0.00,0.00,true,true,0.00,2.00,0.00,11
1773236967000,64.1364788333333,-21.8068696666667,0.00,0.00,0.00,true,true,0.00,6.00,0.00,12
1773236971000,64.1356791833333,-21.8019793333333,0.00,0.00,0.00,true,false,0.00,2.00,0.00,1
1773236976000,64.1356791833333,-21.8019793333333,0.00,0.00,0.00,true,true,0.00,5.00,0.00,2
1773236982000,64.1356791833333,-21.8019793333333,0.00,0.00,0.00,true,true,0.00,6.00,0.00,3
1773236985000,64.1356791833333,-21.8019793333333,0.00,0.00,0.00,true,true,0.00,3.00,0.00,4
1773236991000,64.1356791833333,-21.8019793333333,0.00,0.00,0.00,true,true,0.00,6.00,0.00,5
1773236996000,64.1356791833333,-21.8019793333333,0.00,0.00,0.00,true,true,0.00,5.00,0.00,6
1773236998000,64.1356791833333,-21.8019793333333,0.00,0.00,0.00,true,true,0.00,2.00,0.00,7
1773237005000,64.1347351166667,-21.7978975,0.00,0.00,0.00,true,false,0.00,3.00,0.00,1
1773237011000,64.1347351166667,-21.7978975,0.00,0.00,0.00,true,true,0.00,6.00,0.00,2
1773237013000,64.1347351166667,-21.7978975,0.00,0.00,0.00,true,true,0.00,2.00,0.00,3
1773237016000,64.1347351166667,-21.7978975,0.00,0.00,0.00,true,true,0.00,3.00,0.00,4
1773237020000,64.1347351166667,-21.7978975,0.00,0.00,0.00,true,true,0.00,4.00,0.00,5
1773237022000,64.1347351166667,-21.7978975,0.00,0.00,0.00,true,true,0.00,2.00,0.00,6
1773237025000,64.1347351166667,-21.7978975,0.00,0.00,0.00,true,true,0.00,3.00,0.00,7
1773237027000,64.1347351166667,-21.7978975,0.00,0.00,0.00,true,true,0.00,2.00,0.00,8
1773237031000,64.1347351166667,-21.7978975,0.00,0.00,0.00,true,true,0.00,4.00,0.00,9
1773237035000,64.1347351166667,-21.7978975,0.00,0.00,0.00,true,true,0.00,4.00,0.00,10
1773237039000,64.1347351166667,-21.7978975,0.00,0.00,0.00,true,true,0.00,4.00,0.00,11
1773237041000,64.1347351166667,-21.7978975,0.00,0.00,0.00,true,true,0.00,2.00,0.00,12
1773237047000,64.13530975,-21.7932411666667,0.00,0.00,0.00,true,false,0.00,2.00,0.00,1
1773237050000,64.13530975,-21.7932411666667,0.00,0.00,0.00,true,true,0.00,3.00,0.00,2
1773237054000,64.13530975,-21.7932411666667,0.00,0.00,0.00,true,true,0.00,4.00,0.00,3
1773237061000,64.13530975,-21.7932411666667,0.00,0.00,0.00,true,true,0.00,7.00,0.00,4
1773237067000,64.13530975,-21.7932411666667,0.00,0.00,0.00,true,true,0.00,6.00,0.00,5
1773237071000,64.13530975,-21.7932411666667,0.00,0.00,0.00,true,true,0.00,4.00,0.00,6
1773237076000,64.13530975,-21.7932411666667,0.00,0.00,0.00,true,true,0.00,5.00,0.00,7
1773237079000,64.13530975,-21.7932411666667,0.00,0.00,0.00,true,true,0.00,3.00,0.00,8
1773237081000,64.13530975,-21.7932411666667,0.00,0.00,0.00,true,true,0.00,2.00,0.00,9
1773237088000,64.13530975,-21.7932411666667,0.00,0.00,0.00,true,true,0.00,7.00,0.00,10
1773237092000,64.13530975,-21.7932411666667,0.00,0.00,0.00,true,true,0.00,4.00,0.00,11
1773237094000,64.13530975,-21.7932411666667,0.00,0.00,0.00,true,true,0.00,2.00,0.00,12
1773237096000,64.13530975,-21.7932411666667,0.00,0.00,0.00,true,true,0.00,2.00,0.00,13
1773237100000,64.13530975,-21.7932411666667,0.00,0.00,0.00,true,true,0.00,4.00,0.00,14
1773237105000,64.13530975,-21.7932411666667,0.00,0.00,0.00,true,true,0.00,5.00,0.00,15
1773237107000,64.13530975,-21.7932411666667,0.00,0.00,0.00,true,true,0.00,2.00,0.00,16
1773237113000,64.1377079166667,-21.7910665,0.00,0.00,0.00,true,false,0.00,2.00,0.00,1
1773237115000,64.1377079166667,-21.7910665,0.00,0.00,0.00,true,true,0.00,2.00,0.00,2
1773237117000,64.1377079166667,-21.7910665,0.00,0.00,0.00,true,true,0.00,2.00,0.00,3
1773237122000,64.1377079166667,-21.7910665,0.00,0.00,0.00,true,true,0.00,5.00,0.00,4
1773237126000,64.1377079166667,-21.7910665,0.00,0.00,0.00,true,true,0.00,4.00,0.00,5
1773237135000,64.1391188833333,-21.7893501666667,0.00,0.00,0.00,true,false,0.00,7.00,0.00,1
1773237137000,64.1391188833333,-21.7893501666667,0.00,0.00,0.00,true,true,0.00,2.00,0.00,2
1773237139000,64.1391188833333,-21.7893501666667,0.00,0.00,0.00,true,true,0.00,2.00,0.00,3
1773237141000,64.1391188833333,-21.7893501666667,0.00,0.00,0.00,true,true,0.00,2.00,0.00,4
1773237147000,64.1391188833333,-21.7893501666667,0.00,0.00,0.00,true,true,0.00,6.00,0.00,5
1773237152000,64.1391188833333,-21.7893501666667,0.00,0.00,0.00,true,true,0.00,5.00,0.00,6
1773237156000,64.1391188833333,-21.7893501666667,0.00,0.00,0.00,true,true,0.00,4.00,0.00,7
1773237159000,64.1391188833333,-21.7893501666667,0.00,0.00,0.00,true,true,0.00,3.00,0.00,8
1773237161000,64.1391188833333,-21.7893501666667,0.00,0.00,0.00,true,true,0.00,2.00,0.00,9
1773237163000,64.1391188833333,-21.7893501666667,0.00,0.00,0.00,true,true,0.00,2.00,0.00,10
1773237169000,64.1393175166667,-21.7848708333333,0.00,0.00,0.00,true,false,0.00,2.00,0.00,1
1773237172000,64.1393175166667,-21.7848708333333,0.00,0.00,0.00,true,true,0.00,3.00,0.00,2
1773237174000,64.1393175166667,-21.7848708333333,0.00,0.00,0.00,true,true,0.00,2.00,0.00,3
1773237178000,64.1393175166667,-21.7848708333333,0.00,0.00,0.00,true,true,0.00,4.00,0.00,4
1773237181000,64.1393175166667,-21.7848708333333,0.00,0.00,0.00,true,true,0.00,3.00,0.00,5
1773237188000,64.1393175166667,-21.7848708333333,0.00,0.00,0.00,true,true,0.00,7.00,0.00,6
1773237191000,64.1393175166667,-21.7848708333333,0.00,0.00,0.00,true,true,0.00,3.00,0.00,7
1773237193000,64.1393175166667,-21.7848708333333,0.00,0.00,0.00,true,true,0.00,2.00,0.00,8
1773237195000,64.1393175166667,-21.7848708333333,0.00,0.00,0.00,true,true,0.00,2.00,0.00,9
1773237199000,64.1393175166667,-21.7848708333333,0.00,0.00,0.00,true,true,0.00,4.00,0.00,10
1773237202000,64.1393175166667,-21.7848708333333,0.00,0.00,0.00,true,true,0.00,3.00,0.00,11
1773237204000,64.1393175166667,-21.7848708333333,0.00,0.00,0.00,true,true,0.00,2.00,0.00,12
1773237212000,64.13963025,-21.7806593333333,0.00,0.00,0.00,true,false,0.00,6.00,0.00,1
1773237216000,64.13963025,-21.7806593333333,0.00,0.00,0.00,true,true,0.00,4.00,0.00,2
1773237218000,64.13963025,-21.7806593333333,0.00,0.00,0.00,true,true,0.00,2.00,0.00,3
1773237220000,64.13963025,-21.7806593333333,0.00,0.00,0.00,true,true,0.00,2.00,0.00,4
1773237226000,64.13963025,-21.7806593333333,0.00,0.00,0.00,true,true,0.00,6.00,0.00,5
1773237228000,64.13963025,-21.7806593333333,0.00,0.00,0.00,true,true,0.00,2.00,0.00,6
1773237234000,64.1386624833333,-21.7767076666667,0.00,0.00,0.00,true,false,0.00,2.00,0.00,1
1773237238000,64.1386624833333,-21.7767076666667,0.00,0.00,0.00,true,true,0.00,4.00,0.00,2
1773237243000,64.1386624833333,-21.7767076666667,0.00,0.00,0.00,true,true,0.00,5.00,0.00,3
1773237245000,64.1386624833333,-21.7767076666667,0.00,0.00,0.00,true,true,0.00,2.00,0.00,4
1773237247000,64.1386624833333,-21.7767076666667,0.00,0.00,0.00,true,true,0.00,2.00,0.00,5
1773237249000,64.1386624833333,-21.7767076666667,0.00,0.00,0.00,true,true,0.00,2.00,0.00,6
1773237253000,64.1386624833333,-21.7767076666667,0.00,0.00,0.00,true,true,0.00,4.00,0.00,7
1773237259000,64.1386624833333,-21.7767076666667,0.00,0.00,0.00,true,true,0.00,6.00,0.00,8
1773237261000,64.1386624833333,-21.7767076666667,0.00,0.00,0.00,true,true,0.00,2.00,0.00,9
1773237266000,64.1382354333333,-21.774263,0.00,0.00,0.00,true,false,0.00,3.00,0.00,1
1773237272000,64.1382354333333,-21.774263,0.00,0.00,0.00,true,true,0.00,6.00,0.00,2
1773237274000,64.1382354333333,-21.774263,0.00,0.00,0.00,true,true,0.00,2.00,0.00,3
1773237278000,64.1382354333333,-21.774263,0.00,0.00,0.00,true,true,0.00,4.00,0.00,4
1773237280000,64.1382354333333,-21.774263,0.00,0.00,0.00,true,true,0.00,2.00,0.00,5
1773237283000,64.1382354333333,-21.774263,0.00,0.00,0.00,true,true,0.00,3.00,0.00,6
1773237285000,64.1382354333333,-21.774263,0.00,0.00,0.00,true,true,0.00,2.00,0.00,7
1773237288000,64.1382354333333,-21.774263,0.00,0.00,0.00,true,true,0.00,3.00,0.00,8
1773237292000,64.1382354333333,-21.774263,0.00,0.00,0.00,true,true,0.00,4.00,0.00,9
1773237300000,64.1382354333333,-21.774263,0.00,0.00,0.00,true,true,0.00,8.00,0.00,10
1773237303000,64.1382354333333,-21.774263,0.00,0.00,0.00,true,true,0.00,3.00,0.00,11
1773237307000,64.1382354333333,-21.774263,0.00,0.00,0.00,true,true,0.00,4.00,0.00,12
1773237309000,64.1382354333333,-21.774263,0.00,0.00,0.00,true,true,0.00,2.00,0.00,13
1773237312000,64.1382354333333,-21.774263,0.00,0.00,0.00,true,true,0.00,3.00,0.00,14
1773237314000,64.1382354333333,-21.774263,0.00,0.00,0.00,true,true,0.00,2.00,0.00,15
1773237317000,64.1382354333333,-21.774263,0.00,0.00,0.00,true,true,0.00,3.00,0.00,16
1773237321000,64.1382354333333,-21.774263,0.00,0.00,0.00,true,true,0.00,4.00,0.00,17
1773237325000,64.1382354333333,-21.774263,0.00,0.00,0.00,true,true,0.00,4.00,0.00,18
1773237327000,64.1382354333333,-21.774263,0.00,0.00,0.00,true,true,0.00,2.00,0.00,19
1773237329000,64.1382354333333,-21.774263,0.00,0.00,0.00,true,true,0.00,2.00,0.00,20
1773237333000,64.1382354333333,-21.774263,0.00,0.00,0.00,true,true,0.00,4.00,0.00,21
1773237339000,64.1394062833333,-21.7721298333333,125.08,33.26,31.60,false,false,166.25,6.00,99.75,0
1773237341000,64.1394062833333,-21.7721298333333,79.36,0.00,31.60,true,false,8.27,2.00,14.89,1
1773237344000,64.1394062833333,-21.7721298333333,16.33,16.33,15.52,false,false,15.81,3.00,18.97,0
1773237346000,64.1394062833333,-21.7721298333333,1.07,1.07,1.01,false,false,15.94,2.00,28.69,0
1773237349000,64.1394062833333,-21.7721298333333,5.81,0.00,1.01,true,false,7.20,3.00,8.64,1
1773237352000,64.1394062833333,-21.7721298333333,0.00,0.00,0.00,true,true,1.33,3.00,1.60,2
1773237356000,64.1394062833333,-21.7721298333333,0.00,0.00,0.00,true,true,0.68,4.00,0.62,3
1773237358000,64.1394062833333,-21.7721298333333,0.00,0.00,0.00,true,true,0.09,2.00,0.15,4
1773237362000,64.1394062833333,-21.7721298333333,0.00,0.00,0.00,true,true,0.02,4.00,0.02,5
1773237364000,64.1394062833333,-21.7721298333333,0.00,0.00,0.00,true,true,0.00,2.00,0.01,6
1773237370000,64.1394062833333,-21.7721298333333,0.00,0.00,0.00,true,true,0.00,6.00,0.00,7
1773237373000,64.1394062833333,-21.7721298333333,0.00,0.00,0.00,true,true,0.00,3.00,0.00,8
1773237377000,64.1449479833333,-21.774152,0.00,0.00,0.00,true,false,0.00,2.00,0.00,1
1773237379000,64.1449479833333,-21.774152,0.00,0.00,0.00,true,true,0.00,2.00,0.00,2
1773237382000,64.1449479833333,-21.774152,0.00,0.00,0.00,true,true,0.00,3.00,0.00,3
1773237390000,64.1449479833333,-21.774152,0.00,0.00,0.00,true,true,0.00,8.00,0.00,4
1773237394000,64.1449479833333,-21.774152,0.00,0.00,0.00,true,true,0.00,4.00,0.00,5
1773237397000,64.1449479833333,-21.774152,0.00,0.00,0.00,true,true,0.00,3.00,0.00,6
1773237401000,64.1449479833333,-21.774152,0.00,0.00,0.00,true,true,0.00,4.00,0.00,7
1773237404000,64.1449479833333,-21.774152,0.00,0.00,0.00,true,true,0.00,3.00,0.00,8
1773237409000,64.1449479833333,-21.774152,0.00,0.00,0.00,true,true,0.00,5.00,0.00,9
1773237413000,64.1449479833333,-21.774152,0.00,0.00,0.00,true,true,0.00,4.00,0.00,10
1773237415000,64.1449479833333,-21.774152,0.00,0.00,0.00,true,true,0.00,2.00,0.00,11
1773237419000,64.1449479833333,-21.774152,0.00,0.00,0.00,true,true,0.00,4.00,0.00,12
1773237421000,64.1449479833333,-21.774152,0.00,0.00,0.00,true,true,0.00,2.00,0.00,13
1773237424000,64.1449479833333,-21.774152,0.00,0.00,0.00,true,true,0.00,3.00,0.00,14
1773237426000,64.1449479833333,-21.774152,0.00,0.00,0.00,true,true,0.00,2.00,0.00,15
1773237428000,64.1449479833333,-21.774152,0.00,0.00,0.00,true,true,0.00,2.00,0.00,16
1773237432000,64.1449479833333,-21.774152,0.00,0.00,0.00,true,true,0.00,4.00,0.00,17
1773237438000,64.1463988,-21.7708783333333,0.00,0.00,0.00,true,false,0.00,4.00,0.00,1
1773237440000,64.1463988,-21.7708783333333,0.00,0.00,0.00,true,true,0.00,2.00,0.00,2
1773237443000,64.1463988,-21.7708783333333,0.00,0.00,0.00,true,true,0.00,3.00,0.00,3
1773237447000,64.1463988,-21.7708783333333,0.00,0.00,0.00,true,true,0.00,4.00,0.00,4
1773237450000,64.1463988,-21.7708783333333,0.00,0.00,0.00,true,true,0.00,3.00,0.00,5
1773237454000,64.1463988,-21.7708783333333,0.00,0.00,0.00,true,true,0.00,4.00,0.00,6
1773237458000,64.1463988,-21.7708783333333,0.00,0.00,0.00,true,true,0.00,4.00,0.00,7
1773237463000,64.1463988,-21.7708783333333,0.00,0.00,0.00,true,true,0.00,5.00,0.00,8
1773237467000,64.1463988,-21.7708783333333,0.00,0.00,0.00,true,true,0.00,4.00,0.00,9
1773237469000,64.1463988,-21.7708783333333,0.00,0.00,0.00,true,true,0.00,2.00,0.00,10
1773237473000,64.1463988,-21.7708783333333,0.00,0.00,0.00,true,true,0.00,4.00,0.00,11
1773237476000,64.1463988,-21.7708783333333,0.00,0.00,0.00,true,true,0.00,3.00,0.00,12
1773237478000,64.1463988,-21.7708783333333,0.00,0.00,0.00,true,true,0.00,2.00,0.00,13
1773237482000,64.1463988,-21.7708783333333,0.00,0.00,0.00,true,true,0.00,4.00,0.00,14
1773237484000,64.1463988,-21.7708783333333,0.00,0.00,0.00,true,true,0.00,2.00,0.00,15
1773237488000,64.1463988,-21.7708783333333,0.00,0.00,0.00,true,true,0.00,4.00,0.00,16
1773237493000,64.1463988,-21.7708783333333,0.00,0.00,0.00,true,true,0.00,5.00,0.00,17
1773237495000,64.1463988,-21.7708783333333,0.00,0.00,0.00,true,true,0.00,2.00,0.00,18
1773237498000,64.1463988,-21.7708783333333,0.00,0.00,0.00,true,true,0.00,3.00,0.00,19
1773237500000,64.1463988,-21.7708783333333,0.00,0.00,0.00,true,true,0.00,2.00,0.00,20
1773237504000,64.1463988,-21.7708783333333,0.00,0.00,0.00,true,true,0.00,4.00,0.00,21
1773237509000,64.1463988,-21.7708783333333,0.00,0.00,0.00,true,true,0.00,5.00,0.00,22
1773237514000,64.1463988,-21.7708783333333,0.00,0.00,0.00,true,true,0.00,5.00,0.00,23
1773237522000,64.1442159333333,-21.774794,0.00,0.00,0.00,true,false,0.00,2.00,0.00,1
1773237524000,64.1442159333333,-21.774794,0.00,0.00,0.00,true,true,0.00,2.00,0.00,2
1773237529000,64.1442159333333,-21.774794,0.00,0.00,0.00,true,true,0.00,5.00,0.00,3
1773237534000,64.1442159333333,-21.774794,0.00,0.00,0.00,true,true,0.00,5.00,0.00,4
1773237539000,64.1442159333333,-21.774794,0.00,0.00,0.00,true,true,0.00,5.00,0.00,5
1773237544000,64.1442159333333,-21.774794,0.00,0.00,0.00,true,true,0.00,5.00,0.00,6
1773237549000,64.1442159333333,-21.774794,0.00,0.00,0.00,true,true,0.00,5.00,0.00,7
1773237557000,64.13947055,-21.7723448333333,0.00,0.00,0.00,true,false,0.00,3.00,0.00,1
1773237559000,64.13947055,-21.7723448333333,0.00,0.00,0.00,true,true,0.00,2.00,0.00,2
1773237563000,64.13947055,-21.7723448333333,0.00,0.00,0.00,true,true,0.00,4.00,0.00,3
1773237572000,64.13947055,-21.7723448333333,0.00,0.00,0.00,true,true,0.00,9.00,0.00,4
1773237577000,64.1382313333333,-21.7740316666667,0.00,0.00,0.00,true,false,0.00,3.00,0.00,1
1773237583000,64.1382313333333,-21.7740316666667,0.00,0.00,0.00,true,true,0.00,6.00,0.00,2
1773237585000,64.1382313333333,-21.7740316666667,0.00,0.00,0.00,true,true,0.00,2.00,0.00,3
1773237592000,64.13864745,-21.7767068333333,100.25,27.55,26.17,false,false,137.97,7.00,70.96,0
1773237594000,64.13864745,-21.7767068333333,62.32,0.00,26.17,true,false,4.69,2.00,8.44,1
1773237597000,64.13864745,-21.7767068333333,12.07,12.07,11.47,false,false,13.20,3.00,15.84,0
1773237600000,64.13864745,-21.7767068333333,5.07,5.07,4.81,false,false,12.63,3.00,15.15,0
1773237603000,64.13864745,-21.7767068333333,5.17,0.00,4.81,true,false,4.35,3.00,5.22,1
1773237610000,64.13864745,-21.7767068333333,0.00,0.00,0.00,true,true,0.03,7.00,0.01,2
1773237618000,64.13963905,-21.7809896666667,0.00,0.00,0.00,true,false,0.00,4.00,0.00,1
1773237620000,64.13963905,-21.7809896666667,0.00,0.00,0.00,true,true,0.00,2.00,0.00,2
1773237623000,64.13963905,-21.7809896666667,0.00,0.00,0.00,true,true,0.00,3.00,0.00,3
1773237629000,64.1393549666667,-21.7845716666667,0.00,0.00,0.00,true,false,0.00,2.00,0.00,1
1773237633000,64.1393549666667,-21.7845716666667,0.00,0.00,0.00,true,true,0.00,4.00,0.00,2
1773237637000,64.1393549666667,-21.7845716666667,0.00,0.00,0.00,true,true,0.00,4.00,0.00,3
1773237640000,64.1393549666667,-21.7845716666667,0.00,0.00,0.00,true,true,0.00,3.00,0.00,4
1773237642000,64.1393549666667,-21.7845716666667,0.00,0.00,0.00,true,true,0.00,2.00,0.00,5
1773237645000,64.1393549666667,-21.7845716666667,0.00,0.00,0.00,true,true,0.00,3.00,0.00,6
1773237650000,64.1393549666667,-21.7845716666667,0.00,0.00,0.00,true,true,0.00,5.00,0.00,7
1773237654000,64.1393549666667,-21.7845716666667,0.00,0.00,0.00,true,true,0.00,4.00,0.00,8
1773237660000,64.1393549666667,-21.7845716666667,0.00,0.00,0.00,true,true,0.00,6.00,0.00,9
1773237662000,64.1393549666667,-21.7845716666667,0.00,0.00,0.00,true,true,0.00,2.00,0.00,10
1773237665000,64.1393549666667,-21.7845716666667,0.00,0.00,0.00,true,true,0.00,3.00,0.00,11
1773237670000,64.13934995,-21.7894338333333,0.00,0.00,0.00,true,false,0.00,3.00,0.00,1
1773237672000,64.13934995,-21.7894338333333,0.00,0.00,0.00,true,true,0.00,2.00,0.00,2
1773237677000,64.13934995,-21.7894338333333,0.00,0.00,0.00,true,true,0.00,5.00,0.00,3
1773237682000,64.13934995,-21.7894338333333,0.00,0.00,0.00,true,true,0.00,5.00,0.00,4
1773237692000,64.1378762333333,-21.790813,0.00,0.00,0.00,true,false,0.00,5.00,0.00,1
1773237695000,64.1378762333333,-21.790813,0.00,0.00,0.00,true,true,0.00,3.00,0.00,2
1773237697000,64.1378762333333,-21.790813,0.00,0.00,0.00,true,true,0.00,2.00,0.00,3
1773237700000,64.1378762333333,-21.790813,0.00,0.00,0.00,true,true,0.00,3.00,0.00,4
1773237702000,64.1378762333333,-21.790813,0.00,0.00,0.00,true,true,0.00,2.00,0.00,5
1773237707000,64.1378762333333,-21.790813,0.00,0.00,0.00,true,true,0.00,5.00,0.00,6
1773237717000,64.1357297833333,-21.7932335,0.00,0.00,0.00,true,false,0.00,5.00,0.00,1
1773237720000,64.1357297833333,-21.7932335,0.00,0.00,0.00,true,true,0.00,3.00,0.00,2
1773237725000,64.1357297833333,-21.7932335,0.00,0.00,0.00,true,true,0.00,5.00,0.00,3
1773237727000,64.1357297833333,-21.7932335,0.00,0.00,0.00,true,true,0.00,2.00,0.00,4
1773237732000,64.1357297833333,-21.7932335,0.00,0.00,0.00,true,true,0.00,5.00,0.00,5
1773237737000,64.1357297833333,-21.7932335,0.00,0.00,0.00,true,true,0.00,5.00,0.00,6
1773237742000,64.1357297833333,-21.7932335,0.00,0.00,0.00,true,true,0.00,5.00,0.00,7
1773237747000,64.1357297833333,-21.7932335,0.00,0.00,0.00,true,true,0.00,5.00,0.00,8
1773237751000,64.1357297833333,-21.7932335,0.00,0.00,0.00,true,true,0.00,4.00,0.00,9
1773237756000,64.1357297833333,-21.7932335,0.00,0.00,0.00,true,true,0.00,5.00,0.00,10
1773237758000,64.1357297833333,-21.7932335,0.00,0.00,0.00,true,true,0.00,2.00,0.00,11
1773237768000,64.1347566166667,-21.7978621666667,0.00,0.00,0.00,true,false,0.00,5.00,0.00,1
1773237771000,64.1347566166667,-21.7978621666667,0.00,0.00,0.00,true,true,0.00,3.00,0.00,2
1773237776000,64.1347566166667,-21.7978621666667,0.00,0.00,0.00,true,true,0.00,5.00,0.00,3
1773237783000,64.1347566166667,-21.7978621666667,0.00,0.00,0.00,true,true,0.00,7.00,0.00,4
1773237788000,64.13571695,-21.8020958333333,0.00,0.00,0.00,true,false,0.00,2.00,0.00,1
1773237792000,64.13571695,-21.8020958333333,0.00,0.00,0.00,true,true,0.00,4.00,0.00,2
1773237798000,64.13571695,-21.8020958333333,0.00,0.00,0.00,true,true,0.00,6.00,0.00,3
1773237801000,64.13571695,-21.8020958333333,0.00,0.00,0.00,true,true,0.00,3.00,0.00,4
1773237805000,64.13571695,-21.8020958333333,0.00,0.00,0.00,true,true,0.00,4.00,0.00,5
1773237813000,64.13647655,-21.8067361666667,0.00,0.00,0.00,true,false,0.00,5.00,0.00,1
1773237818000,64.13647655,-21.8067361666667,0.00,0.00,0.00,true,true,0.00,5.00,0.00,2
1773237823000,64.13647655,-21.8067361666667,0.00,0.00,0.00,true,true,0.00,5.00,0.00,3
1773237828000,64.13647655,-21.8067361666667,0.00,0.00,0.00,true,true,0.00,5.00,0.00,4
1773237833000,64.13647655,-21.8067361666667,0.00,0.00,0.00,true,true,0.00,5.00,0.00,5
1773237835000,64.13647655,-21.8067361666667,0.00,0.00,0.00,true,true,0.00,2.00,0.00,6
1773237838000,64.13647655,-21.8067361666667,0.00,0.00,0.00,true,true,0.00,3.00,0.00,7
1773237843000,64.13647655,-21.8067361666667,0.00,0.00,0.00,true,true,0.00,5.00,0.00,8
1773237848000,64.13647655,-21.8067361666667,0.00,0.00,0.00,true,true,0.00,5.00,0.00,9
1773237853000,64.13647655,-21.8067361666667,0.00,0.00,0.00,true,true,0.00,5.00,0.00,10
1773237858000,64.13647655,-21.8067361666667,0.00,0.00,0.00,true,true,0.00,5.00,0.00,11
1773237861000,64.13647655,-21.8067361666667,0.00,0.00,0.00,true,true,0.00,3.00,0.00,12
1773237863000,64.13647655,-21.8067361666667,0.00,0.00,0.00,true,true,0.00,2.00,0.00,13
1773237868000,64.13647655,-21.8067361666667,0.00,0.00,0.00,true,true,0.00,5.00,0.00,14
1773237873000,64.13647655,-21.8067361666667,0.00,0.00,0.00,true,true,0.00,5.00,0.00,15
1773237878000,64.13647655,-21.8067361666667,0.00,0.00,0.00,true,true,0.00,5.00,0.00,16
1773237881000,64.13647655,-21.8067361666667,0.00,0.00,0.00,true,true,0.00,3.00,0.00,17
1773237888000,64.1371812666667,-21.8100445,0.00,0.00,0.00,true,false,0.00,3.00,0.00,1
1773237891000,64.1371812666667,-21.8100445,0.00,0.00,0.00,true,true,0.00,3.00,0.00,2
1773237893000,64.1371812666667,-21.8100445,0.00,0.00,0.00,true,true,0.00,2.00,0.00,3
1773237898000,64.1371812666667,-21.8100445,0.00,0.00,0.00,true,true,0.00,5.00,0.00,4
1773237901000,64.1371812666667,-21.8100445,0.00,0.00,0.00,true,true,0.00,3.00,0.00,5
1773237908000,64.1367760166667,-21.8123328333333,0.00,0.00,0.00,true,false,0.00,5.00,0.00,1
1773237910000,64.1367760166667,-21.8123328333333,0.00,0.00,0.00,true,true,0.00,2.00,0.00,2
1773237913000,64.1367760166667,-21.8123328333333,0.00,0.00,0.00,true,true,0.00,3.00,0.00,3
1773237918000,64.1367760166667,-21.8123328333333,0.00,0.00,0.00,true,true,0.00,5.00,0.00,4
1773237921000,64.1367760166667,-21.8123328333333,0.00,0.00,0.00,true,true,0.00,3.00,0.00,5
1773237924000,64.1367760166667,-21.8123328333333,0.00,0.00,0.00,true,true,0.00,3.00,0.00,6
1773237929000,64.1367760166667,-21.8123328333333,0.00,0.00,0.00,true,true,0.00,5.00,0.00,7
1773237937000,64.138328,-21.8160388333333,166.85,37.38,35.51,false,false,249.23,8.00,112.15,0
1773237939000,64.138328,-21.8160388333333,100.38,0.00,35.51,true,false,5.39,2.00,9.70,1
1773237942000,64.138328,-21.8160388333333,17.81,17.81,16.92,false,false,22.41,3.00,26.89,0
1773237944000,64.138328,-21.8160388333333,3.04,3.04,2.89,false,false,20.03,2.00,36.06,0
1773237946000,64.138328,-21.8160388333333,7.67,0.00,2.89,true,false,8.57,2.00,15.42,1
1773237950000,64.138328,-21.8160388333333,0.00,0.00,0.00,true,true,2.15,4.00,1.94,2
1773237954000,64.1392914833333,-21.8183578333333,0.00,0.00,0.00,true,false,0.00,2.00,0.00,1
1773237958000,64.1392914833333,-21.8183578333333,0.00,0.00,0.00,true,true,0.00,4.00,0.00,2
1773237963000,64.1392914833333,-21.8183578333333,0.00,0.00,0.00,true,true,0.00,5.00,0.00,3
1773237965000,64.1392914833333,-21.8183578333333,0.00,0.00,0.00,true,true,0.00,2.00,0.00,4
1773237967000,64.1392914833333,-21.8183578333333,0.00,0.00,0.00,true,true,0.00,2.00,0.00,5
1773237973000,64.1403879666667,-21.8172355,104.52,25.30,24.03,false,false,133.37,6.00,80.02,0
1773237975000,64.1403879666667,-21.8172355,67.44,0.00,24.03,true,false,7.54,2.00,13.56,1
1773237980000,64.1403879666667,-21.8172355,17.33,17.33,16.46,false,false,13.15,5.00,9.47,0
1773237987000,64.1403879666667,-21.8172355,0.33,0.00,16.46,true,false,8.80,7.00,4.53,1
1773237992000,64.1403879666667,-21.8172355,0.00,0.00,0.00,true,true,0.79,5.00,0.57,2
1773237994000,64.1403879666667,-21.8172355,0.00,0.00,0.00,true,true,0.02,2.00,0.04,3
1773237998000,64.1403879666667,-21.8172355,0.00,0.00,0.00,true,true,0.01,4.00,0.01,4
1773238007000,64.1397466333333,-21.8121005,0.00,0.00,0.00,true,false,0.00,2.00,0.00,1
1773238009000,64.1397466333333,-21.8121005,0.00,0.00,0.00,true,true,0.00,2.00,0.00,2
1773238013000,64.1397466333333,-21.8121005,0.00,0.00,0.00,true,true,0.00,4.00,0.00,3
1773238015000,64.1397466333333,-21.8121005,0.00,0.00,0.00,true,true,0.00,2.00,0.00,4
1773238018000,64.1397466333333,-21.8121005,0.00,0.00,0.00,true,true,0.00,3.00,0.00,5
1773238022000,64.1397466333333,-21.8121005,0.00,0.00,0.00,true,true,0.00,4.00,0.00,6
1773238027000,64.13856995,-21.8086393333333,0.00,0.00,0.00,true,false,0.00,3.00,0.00,1
1773238030000,64.13856995,-21.8086393333333,0.00,0.00,0.00,true,true,0.00,3.00,0.00,2
1773238037000,64.13856995,-21.8086393333333,0.00,0.00,0.00,true,true,0.00,7.00,0.00,3
1773238042000,64.13856995,-21.8086393333333,0.00,0.00,0.00,true,true,0.00,5.00,0.00,4
1773238044000,64.13856995,-21.8086393333333,0.00,0.00,0.00,true,true,0.00,2.00,0.00,5
1773238047000,64.13856995,-21.8086393333333,0.00,0.00,0.00,true,true,0.00,3.00,0.00,6
1773238054000,64.13856995,-21.8086393333333,0.00,0.00,0.00,true,true,0.00,7.00,0.00,7
1773238057000,64.13856995,-21.8086393333333,0.00,0.00,0.00,true,true,0.00,3.00,0.00,8
1773238062000,64.1384027833333,-21.8071235,0.00,0.00,0.00,true,false,0.00,3.00,0.00,1
1773238064000,64.1384027833333,-21.8071235,0.00,0.00,0.00,true,true,0.00,2.00,0.00,2
1773238067000,64.1384027833333,-21.8071235,0.00,0.00,0.00,true,true,0.00,3.00,0.00,3
1773238069000,64.1384027833333,-21.8071235,0.00,0.00,0.00,true,true,0.00,2.00,0.00,4
1773238072000,64.1384027833333,-21.8071235,0.00,0.00,0.00,true,true,0.00,3.00,0.00,5
1773238074000,64.1384027833333,-21.8071235,0.00,0.00,0.00,true,true,0.00,2.00,0.00,6
1773238078000,64.1384027833333,-21.8071235,0.00,0.00,0.00,true,true,0.00,4.00,0.00,7
1773238081000,64.1384027833333,-21.8071235,0.00,0.00,0.00,true,true,0.00,3.00,0.00,8
1773238083000,64.1384027833333,-21.8071235,0.00,0.00,0.00,true,true,0.00,2.00,0.00,9
1773238086000,64.1384027833333,-21.8071235,0.00,0.00,0.00,true,true,0.00,3.00,0.00,10
1773238088000,64.1384027833333,-21.8071235,0.00,0.00,0.00,true,true,0.00,2.00,0.00,11
1773238090000,64.1384027833333,-21.8071235,0.00,0.00,0.00,true,true,0.00,2.00,0.00,12
1773238093000,64.1384027833333,-21.8071235,0.00,0.00,0.00,true,true,0.00,3.00,0.00,13
1773238099000,64.1384027833333,-21.8071235,0.00,0.00,0.00,true,true,0.00,6.00,0.00,14
1773238101000,64.1384027833333,-21.8071235,0.00,0.00,0.00,true,true,0.00,2.00,0.00,15
1773238104000,64.1384027833333,-21.8071235,0.00,0.00,0.00,true,true,0.00,3.00,0.00,16
1773238111000,64.1444496166667,-21.8060213333333,0.00,0.00,0.00,true,false,0.00,4.00,0.00,1
1773238114000,64.1444496166667,-21.8060213333333,0.00,0.00,0.00,true,true,0.00,3.00,0.00,2
1773238116000,64.1444496166667,-21.8060213333333,0.00,0.00,0.00,true,true,0.00,2.00,0.00,3
1773238119000,64.1444496166667,-21.8060213333333,0.00,0.00,0.00,true,true,0.00,3.00,0.00,4
1773238124000,64.1444496166667,-21.8060213333333,0.00,0.00,0.00,true,true,0.00,5.00,0.00,5
1773238126000,64.1444496166667,-21.8060213333333,0.00,0.00,0.00,true,true,0.00,2.00,0.00,6
1773238129000,64.1444496166667,-21.8060213333333,0.00,0.00,0.00,true,true,0.00,3.00,0.00,7
1773238132000,64.1444496166667,-21.8060213333333,0.00,0.00,0.00,true,true,0.00,3.00,0.00,8
1773238136000,64.1444496166667,-21.8060213333333,0.00,0.00,0.00,true,true,0.00,4.00,0.00,9
1773238138000,64.1444496166667,-21.8060213333333,0.00,0.00,0.00,true,true,0.00,2.00,0.00,10
1773238140000,64.1444496166667,-21.8060213333333,0.00,0.00,0.00,true,true,0.00,2.00,0.00,11
1773238144000,64.1444496166667,-21.8060213333333,0.00,0.00,0.00,true,true,0.00,4.00,0.00,12
1773238146000,64.1444496166667,-21.8060213333333,0.00,0.00,0.00,true,true,0.00,2.00,0.00,13
1773238148000,64.1444496166667,-21.8060213333333,0.00,0.00,0.00,true,true,0.00,2.00,0.00,14
1773238150000,64.1444496166667,-21.8060213333333,0.00,0.00,0.00,true,true,0.00,2.00,0.00,15
1773238155000,64.1444496166667,-21.8060213333333,0.00,0.00,0.00,true,true,0.00,5.00,0.00,16
1773238157000,64.1444496166667,-21.8060213333333,0.00,0.00,0.00,true,true,0.00,2.00,0.00,17
1773238161000,64.1444496166667,-21.8060213333333,0.00,0.00,0.00,true,true,0.00,4.00,0.00,18
1773238167000,64.14339755,-21.8074818333333,0.00,0.00,0.00,true,false,0.00,2.00,0.00,1
1773238169000,64.14339755,-21.8074818333333,0.00,0.00,0.00,true,true,0.00,2.00,0.00,2
1773238174000,64.14339755,-21.8074818333333,0.00,0.00,0.00,true,true,0.00,5.00,0.00,3
1773238176000,64.14339755,-21.8074818333333,0.00,0.00,0.00,true,true,0.00,2.00,0.00,4
1773238180000,64.14339755,-21.8074818333333,0.00,0.00,0.00,true,true,0.00,4.00,0.00,5
1773238185000,64.14339755,-21.8074818333333,0.00,0.00,0.00,true,true,0.00,5.00,0.00,6
1773238187000,64.14339755,-21.8074818333333,0.00,0.00,0.00,true,true,0.00,2.00,0.00,7
1773238191000,64.14339755,-21.8074818333333,0.00,0.00,0.00,true,true,0.00,4.00,0.00,8
1773238193000,64.14339755,-21.8074818333333,0.00,0.00,0.00,true,true,0.00,2.00,0.00,9
1773238195000,64.14339755,-21.8074818333333,0.00,0.00,0.00,true,true,0.00,2.00,0.00,10
1773238202000,64.14339755,-21.8074818333333,0.00,0.00,0.00,true,true,0.00,7.00,0.00,11
1773238205000,64.14339755,-21.8074818333333,0.00,0.00,0.00,true,true,0.00,3.00,0.00,12
1773238207000,64.14339755,-21.8074818333333,0.00,0.00,0.00,true,true,0.00,2.00,0.00,13
1773238212000,64.14339755,-21.8074818333333,0.00,0.00,0.00,true,true,0.00,5.00,0.00,14
1773238217000,64.14339755,-21.8074818333333,0.00,0.00,0.00,true,true,0.00,5.00,0.00,15
1773238221000,64.14339755,-21.8074818333333,0.00,0.00,0.00,true,true,0.00,4.00,0.00,16
1773238225000,64.14339755,-21.8074818333333,0.00,0.00,0.00,true,true,0.00,4.00,0.00,17
1773238231000,64.14339755,-21.8074818333333,0.00,0.00,0.00,true,true,0.00,6.00,0.00,18
1773238233000,64.14339755,-21.8074818333333,0.00,0.00,0.00,true,true,0.00,2.00,0.00,19
1773238235000,64.14339755,-21.8074818333333,0.00,0.00,0.00,true,true,0.00,2.00,0.00,20
1773238237000,64.14339755,-21.8074818333333,0.00,0.00,0.00,true,true,0.00,2.00,0.00,21
1773238243000,64.14339755,-21.8074818333333,0.00,0.00,0.00,true,true,0.00,6.00,0.00,22
1773238247000,64.14339755,-21.8074818333333,0.00,0.00,0.00,true,true,0.00,4.00,0.00,23
1773238252000,64.14339755,-21.8074818333333,0.00,0.00,0.00,true,true,0.00,5.00,0.00,24
1773238254000,64.14339755,-21.8074818333333,0.00,0.00,0.00,true,true,0.00,2.00,0.00,25
1773238258000,64.14339755,-21.8074818333333,0.00,0.00,0.00,true,true,0.00,4.00,0.00,26
1773238262000,64.14339755,-21.8074818333333,0.00,0.00,0.00,true,true,0.00,4.00,0.00,27
1773238264000,64.14339755,-21.8074818333333,0.00,0.00,0.00,true,true,0.00,2.00,0.00,28
1773238266000,64.14339755,-21.8074818333333,0.00,0.00,0.00,true,true,0.00,2.00,0.00,29
1773238270000,64.14339755,-21.8074818333333,0.00,0.00,0.00,true,true,0.00,4.00,0.00,30
1773238272000,64.14339755,-21.8074818333333,0.00,0.00,0.00,true,true,0.00,2.00,0.00,31
1773238275000,64.14339755,-21.8074818333333,0.00,0.00,0.00,true,true,0.00,3.00,0.00,32
1773238279000,64.14339755,-21.8074818333333,0.00,0.00,0.00,true,true,0.00,4.00,0.00,33
1773238284000,64.14326635,-21.8070351666667,20.29,5.22,4.96,false,false,26.14,5.00,18.82,0
1773238286000,64.14326635,-21.8070351666667,13.44,0.00,4.96,true,false,1.98,2.00,3.56,1
1773238290000,64.14326635,-21.8070351666667,0.00,0.00,0.00,true,true,2.44,4.00,2.19,2
1773238292000,64.14326635,-21.8070351666667,0.00,0.00,0.00,true,true,2.23,2.00,4.01,3
1773238294000,64.14326635,-21.8070351666667,0.00,0.00,0.00,true,true,0.61,2.00,1.09,4
1773238300000,64.14326635,-21.8070351666667,0.00,0.00,0.00,true,true,0.19,6.00,0.11,5
1773238302000,64.14326635,-21.8070351666667,0.00,0.00,0.00,true,true,0.01,2.00,0.02,6
1773238309000,64.14326635,-21.8070351666667,0.00,0.00,0.00,true,true,0.00,7.00,0.00,7
1773238315000,64.14326635,-21.8070351666667,0.00,0.00,0.00,true,true,0.00,6.00,0.00,8
1773238320000,64.14326635,-21.8070351666667,0.00,0.00,0.00,true,true,0.00,5.00,0.00,9
1773238322000,64.14326635,-21.8070351666667,0.00,0.00,0.00,true,true,0.00,2.00,0.00,10
1773238326000,64.14326635,-21.8070351666667,0.00,0.00,0.00,true,true,0.00,4.00,0.00,11
1773238328000,64.14326635,-21.8070351666667,0.00,0.00,0.00,true,true,0.00,2.00,0.00,12
1773238330000,64.14326635,-21.8070351666667,0.00,0.00,0.00,true,true,0.00,2.00,0.00,13
1773238332000,64.14326635,-21.8070351666667,0.00,0.00,0.00,true,true,0.00,2.00,0.00,14
1773238335000,64.14326635,-21.8070351666667,0.00,0.00,0.00,true,true,0.00,3.00,0.00,15
1773238337000,64.14326635,-21.8070351666667,0.00,0.00,0.00,true,true,0.00,2.00,0.00,16
1773238342000,64.14326635,-21.8070351666667,0.00,0.00,0.00,true,true,0.00,5.00,0.00,17
1773238345000,64.14326635,-21.8070351666667,0.00,0.00,0.00,true,true,0.00,3.00,0.00,18
1773238349000,64.14326635,-21.8070351666667,0.00,0.00,0.00,true,true,0.00,4.00,0.00,19
1773238351000,64.14326635,-21.8070351666667,0.00,0.00,0.00,true,true,0.00,2.00,0.00,20
1773238354000,64.14326635,-21.8070351666667,0.00,0.00,0.00,true,true,0.00,3.00,0.00,21
1773238356000,64.14326635,-21.8070351666667,0.00,0.00,0.00,true,true,0.00,2.00,0.00,22
1773238362000,64.14326635,-21.8070351666667,0.00,0.00,0.00,true,true,0.00,6.00,0.00,23
1773238364000,64.14326635,-21.8070351666667,0.00,0.00,0.00,true,true,0.00,2.00,0.00,24
1773238368000,64.14326635,-21.8070351666667,0.00,0.00,0.00,true,true,0.00,4.00,0.00,25
1773238371000,64.14326635,-21.8070351666667,0.00,0.00,0.00,true,true,0.00,3.00,0.00,26
1773238373000,64.14326635,-21.8070351666667,0.00,0.00,0.00,true,true,0.00,2.00,0.00,27
1773238377000,64.1446537166667,-21.8066085,0.00,0.00,0.00,true,false,0.00,2.00,0.00,1
1773238382000,64.1446537166667,-21.8066085,0.00,0.00,0.00,true,true,0.00,5.00,0.00,2
1773238386000,64.1446537166667,-21.8066085,0.00,0.00,0.00,true,true,0.00,4.00,0.00,3
1773238388000,64.1446537166667,-21.8066085,0.00,0.00,0.00,true,true,0.00,2.00,0.00,4
1773238391000,64.1446537166667,-21.8066085,0.00,0.00,0.00,true,true,0.00,3.00,0.00,5
1773238395000,64.1446537166667,-21.8066085,0.00,0.00,0.00,true,true,0.00,4.00,0.00,6
1773238397000,64.1446537166667,-21.8066085,0.00,0.00,0.00,true,true,0.00,2.00,0.00,7
1773238401000,64.1446537166667,-21.8066085,0.00,0.00,0.00,true,true,0.00,4.00,0.00,8
1773238403000,64.1446537166667,-21.8066085,0.00,0.00,0.00,true,true,0.00,2.00,0.00,9
1773238405000,64.1446537166667,-21.8066085,0.00,0.00,0.00,true,true,0.00,2.00,0.00,10
1773238407000,64.1446537166667,-21.8066085,0.00,0.00,0.00,true,true,0.00,2.00,0.00,11
1773238412000,64.1446537166667,-21.8066085,0.00,0.00,0.00,true,true,0.00,5.00,0.00,12
1773238414000,64.1446537166667,-21.8066085,0.00,0.00,0.00,true,true,0.00,2.00,0.00,13
1773238416000,64.1446537166667,-21.8066085,0.00,0.00,0.00,true,true,0.00,2.00,0.00,14
1773238418000,64.1446537166667,-21.8066085,0.00,0.00,0.00,true,true,0.00,2.00,0.00,15
1773238422000,64.1446537166667,-21.8066085,0.00,0.00,0.00,true,true,0.00,4.00,0.00,16
1773238428000,64.1446537166667,-21.8066085,0.00,0.00,0.00,true,true,0.00,6.00,0.00,17
1773238433000,64.1446537166667,-21.8066085,0.00,0.00,0.00,true,true,0.00,5.00,0.00,18
1773238435000,64.1446537166667,-21.8066085,0.00,0.00,0.00,true,true,0.00,2.00,0.00,19
1773238441000,64.1376417333333,-21.8082618333333,0.00,0.00,0.00,true,false,0.00,2.00,0.00,1
1773238443000,64.1376417333333,-21.8082618333333,0.00,0.00,0.00,true,true,0.00,2.00,0.00,2
1773238446000,64.1376417333333,-21.8082618333333,0.00,0.00,0.00,true,true,0.00,3.00,0.00,3
1773238448000,64.1376417333333,-21.8082618333333,0.00,0.00,0.00,true,true,0.00,2.00,0.00,4
1773238451000,64.1376417333333,-21.8082618333333,0.00,0.00,0.00,true,true,0.00,3.00,0.00,5
1773238455000,64.1376417333333,-21.8082618333333,0.00,0.00,0.00,true,true,0.00,4.00,0.00,6
1773238457000,64.1376417333333,-21.8082618333333,0.00,0.00,0.00,true,true,0.00,2.00,0.00,7
1773238460000,64.1376417333333,-21.8082618333333,0.00,0.00,0.00,true,true,0.00,3.00,0.00,8
1773238465000,64.1376417333333,-21.8082618333333,0.00,0.00,0.00,true,true,0.00,5.00,0.00,9
1773238468000,64.1376417333333,-21.8082618333333,0.00,0.00,0.00,true,true,0.00,3.00,0.00,10
1773238471000,64.1383742,-21.8081305,62.07,18.38,17.46,false,false,81.55,3.00,97.86,0
1773238473000,64.1383742,-21.8081305,48.65,18.38,17.46,false,false,15.26,2.00,27.47,0
1773238477000,64.1383742,-21.8081305,1.25,0.00,17.46,true,false,5.51,4.00,4.96,1
1773238480000,64.1383742,-21.8081305,0.00,0.00,0.00,true,true,8.11,3.00,9.74,2
1773238486000,64.1383742,-21.8081305,0.00,0.00,0.00,true,true,1.65,6.00,0.99,3
1773238488000,64.1383742,-21.8081305,0.00,0.00,0.00,true,true,0.09,2.00,0.15,4
1773238492000,64.1383742,-21.8081305,0.00,0.00,0.00,true,true,0.02,4.00,0.02,5
1773238499000,64.13959255,-21.8116265,0.00,0.00,0.00,true,false,0.00,2.00,0.00,1
1773238504000,64.13959255,-21.8116265,0.00,0.00,0.00,true,true,0.00,5.00,0.00,2
1773238508000,64.13959255,-21.8116265,0.00,0.00,0.00,true,true,0.00,4.00,0.00,3
1773238513000,64.13959255,-21.8116265,0.00,0.00,0.00,true,true,0.00,5.00,0.00,4
1773238515000,64.13959255,-21.8116265,0.00,0.00,0.00,true,true,0.00,2.00,0.00,5
1773238517000,64.13959255,-21.8116265,0.00,0.00,0.00,true,true,0.00,2.00,0.00,6
1773238521000,64.13959255,-21.8116265,0.00,0.00,0.00,true,true,0.00,4.00,0.00,7
1773238523000,64.13959255,-21.8116265,0.00,0.00,0.00,true,true,0.00,2.00,0.00,8
1773238528000,64.13959255,-21.8116265,0.00,0.00,0.00,true,true,0.00,5.00,0.00,9
1773238533000,64.1406720833333,-21.8166493333333,0.00,0.00,0.00,true,false,0.00,2.00,0.00,1
1773238539000,64.1406720833333,-21.8166493333333,0.00,0.00,0.00,true,true,0.00,6.00,0.00,2
1773238542000,64.1406720833333,-21.8166493333333,0.00,0.00,0.00,true,true,0.00,3.00,0.00,3
1773238546000,64.1406720833333,-21.8166493333333,0.00,0.00,0.00,true,true,0.00,4.00,0.00,4
1773238550000,64.1406720833333,-21.8166493333333,0.00,0.00,0.00,true,true,0.00,4.00,0.00,5
1773238553000,64.1406720833333,-21.8166493333333,0.00,0.00,0.00,true,true,0.00,3.00,0.00,6
1773238555000,64.1406720833333,-21.8166493333333,0.00,0.00,0.00,true,true,0.00,2.00,0.00,7
1773238559000,64.1406720833333,-21.8166493333333,0.00,0.00,0.00,true,true,0.00,4.00,0.00,8
1773238561000,64.1406720833333,-21.8166493333333,0.00,0.00,0.00,true,true,0.00,2.00,0.00,9
1773238568000,64.1394876333333,-21.8182113333333,0.00,0.00,0.00,true,false,0.00,5.00,0.00,1
1773238570000,64.1394876333333,-21.8182113333333,0.00,0.00,0.00,true,true,0.00,2.00,0.00,2
1773238575000,64.1394876333333,-21.8182113333333,0.00,0.00,0.00,true,true,0.00,5.00,0.00,3
1773238581000,64.1394876333333,-21.8182113333333,0.00,0.00,0.00,true,true,0.00,6.00,0.00,4
1773238590000,64.1383443,-21.816462,0.00,0.00,0.00,true,false,0.00,5.00,0.00,1
1773238592000,64.1383443,-21.816462,0.00,0.00,0.00,true,true,0.00,2.00,0.00,2
1773238594000,64.1383443,-21.816462,0.00,0.00,0.00,true,true,0.00,2.00,0.00,3
1773238598000,64.1383443,-21.816462,0.00,0.00,0.00,true,true,0.00,4.00,0.00,4
1773238600000,64.1383443,-21.816462,0.00,0.00,0.00,true,true,0.00,2.00,0.00,5
1773238605000,64.1383443,-21.816462,0.00,0.00,0.00,true,true,0.00,5.00,0.00,6
1773238611000,64.1369596333333,-21.8128568333333,0.00,0.00,0.00,true,false,0.00,2.00,0.00,1
1773238613000,64.1369596333333,-21.8128568333333,0.00,0.00,0.00,true,true,0.00,2.00,0.00,2
1773238616000,64.1369596333333,-21.8128568333333,0.00,0.00,0.00,true,true,0.00,3.00,0.00,3
1773238620000,64.1369596333333,-21.8128568333333,0.00,0.00,0.00,true,true,0.00,4.00,0.00,4
1773238626000,64.1368654666667,-21.8106295,81.71,22.99,21.84,false,false,108.75,6.00,65.25,0
1773238631000,64.1368654666667,-21.8106295,1.65,0.00,21.84,true,false,5.36,5.00,3.86,1
1773238633000,64.1368654666667,-21.8106295,0.00,0.00,0.00,true,true,7.61,2.00,13.70,2
1773238636000,64.1368654666667,-21.8106295,0.00,0.00,0.00,true,true,1.75,3.00,2.10,3
1773238640000,64.1368654666667,-21.8106295,0.00,0.00,0.00,true,true,0.34,4.00,0.31,4
1773238642000,64.1368654666667,-21.8106295,0.00,0.00,0.00,true,true,0.04,2.00,0.08,5
1773238645000,64.1368654666667,-21.8106295,0.00,0.00,0.00,true,true,0.01,3.00,0.01,6
1773238648000,64.1368654666667,-21.8106295,0.00,0.00,0.00,true,true,0.00,3.00,0.00,7
1773238651000,64.1368654666667,-21.8106295,0.00,0.00,0.00,true,true,0.00,3.00,0.00,8
1773238653000,64.1368654666667,-21.8106295,0.00,0.00,0.00,true,true,0.00,2.00,0.00,9
1773238656000,64.1368654666667,-21.8106295,0.00,0.00,0.00,true,true,0.00,3.00,0.00,10
1773238660000,64.1368654666667,-21.8106295,0.00,0.00,0.00,true,true,0.00,4.00,0.00,11
1773238665000,64.1368654666667,-21.8106295,0.00,0.00,0.00,true,true,0.00,5.00,0.00,12
1773238667000,64.1368654666667,-21.8106295,0.00,0.00,0.00,true,true,0.00,2.00,0.00,13
1773238669000,64.1368654666667,-21.8106295,0.00,0.00,0.00,true,true,0.00,2.00,0.00,14
1773238672000,64.1368654666667,-21.8106295,0.00,0.00,0.00,true,true,0.00,3.00,0.00,15
1773238676000,64.1368654666667,-21.8106295,0.00,0.00,0.00,true,true,0.00,4.00,0.00,16
1773238678000,64.1368654666667,-21.8106295,0.00,0.00,0.00,true,true,0.00,2.00,0.00,17
1773238681000,64.1368654666667,-21.8106295,0.00,0.00,0.00,true,true,0.00,3.00,0.00,18
1773238683000,64.1368654666667,-21.8106295,0.00,0.00,0.00,true,true,0.00,2.00,0.00,19
1773238689000,64.1368654666667,-21.8106295,0.00,0.00,0.00,true,true,0.00,6.00,0.00,20
1773238693000,64.1368654666667,-21.8106295,0.00,0.00,0.00,true,true,0.00,4.00,0.00,21
1773238698000,64.1368654666667,-21.8106295,0.00,0.00,0.00,true,true,0.00,5.00,0.00,22
1773238706000,64.1368654666667,-21.8106295,0.00,0.00,0.00,true,true,0.00,8.00,0.00,23
1773238708000,64.1368654666667,-21.8106295,0.00,0.00,0.00,true,true,0.00,2.00,0.00,24
1773238711000,64.1368654666667,-21.8106295,0.00,0.00,0.00,true,true,0.00,3.00,0.00,25
1773238713000,64.1368654666667,-21.8106295,0.00,0.00,0.00,true,true,0.00,2.00,0.00,26
1773238716000,64.1368654666667,-21.8106295,0.00,0.00,0.00,true,true,0.00,3.00,0.00,27
1773238718000,64.1368654666667,-21.8106295,0.00,0.00,0.00,true,true,0.00,2.00,0.00,28
1773238727000,64.1364712333333,-21.806998,0.00,0.00,0.00,true,false,0.00,5.00,0.00,1
1773238729000,64.1364712333333,-21.806998,0.00,0.00,0.00,true,true,0.00,2.00,0.00,2
1773238733000,64.1364712333333,-21.806998,0.00,0.00,0.00,true,true,0.00,4.00,0.00,3
1773238735000,64.1364712333333,-21.806998,0.00,0.00,0.00,true,true,0.00,2.00,0.00,4
1773238738000,64.1364712333333,-21.806998,0.00,0.00,0.00,true,true,0.00,3.00,0.00,5
1773238744000,64.1364712333333,-21.806998,0.00,0.00,0.00,true,true,0.00,6.00,0.00,6
1773238749000,64.1364712333333,-21.806998,0.00,0.00,0.00,true,true,0.00,5.00,0.00,7
1773238753000,64.1364712333333,-21.806998,0.00,0.00,0.00,true,true,0.00,4.00,0.00,8
1773238755000,64.1364712333333,-21.806998,0.00,0.00,0.00,true,true,0.00,2.00,0.00,9
1773238759000,64.1364712333333,-21.806998,0.00,0.00,0.00,true,true,0.00,4.00,0.00,10
1773238762000,64.1364712333333,-21.806998,0.00,0.00,0.00,true,true,0.00,3.00,0.00,11
1773238768000,64.1356661166667,-21.8019965,0.00,0.00,0.00,true,false,0.00,4.00,0.00,1
1773238770000,64.1356661166667,-21.8019965,0.00,0.00,0.00,true,true,0.00,2.00,0.00,2
1773238772000,64.1356661166667,-21.8019965,0.00,0.00,0.00,true,true,0.00,2.00,0.00,3
1773238774000,64.1356661166667,-21.8019965,0.00,0.00,0.00,true,true,0.00,2.00,0.00,4
1773238779000,64.1356661166667,-21.8019965,0.00,0.00,0.00,true,true,0.00,5.00,0.00,5
1773238784000,64.1356661166667,-21.8019965,0.00,0.00,0.00,true,true,0.00,5.00,0.00,6
1773238789000,64.1356661166667,-21.8019965,0.00,0.00,0.00,true,true,0.00,5.00,0.00,7
1773238795000,64.13474205,-21.798032,0.00,0.00,0.00,true,false,0.00,4.00,0.00,1
1773238797000,64.13474205,-21.798032,0.00,0.00,0.00,true,true,0.00,2.00,0.00,2
1773238799000,64.13474205,-21.798032,0.00,0.00,0.00,true,true,0.00,2.00,0.00,3
1773238806000,64.13474205,-21.798032,0.00,0.00,0.00,true,true,0.00,7.00,0.00,4
1773238811000,64.13474205,-21.798032,0.00,0.00,0.00,true,true,0.00,5.00,0.00,5
1773238813000,64.13474205,-21.798032,0.00,0.00,0.00,true,true,0.00,2.00,0.00,6
1773238816000,64.13474205,-21.798032,0.00,0.00,0.00,true,true,0.00,3.00,0.00,7
1773238819000,64.13474205,-21.798032,0.00,0.00,0.00,true,true,0.00,3.00,0.00,8
1773238821000,64.13474205,-21.798032,0.00,0.00,0.00,true,true,0.00,2.00,0.00,9
1773238824000,64.13474205,-21.798032,0.00,0.00,0.00,true,true,0.00,3.00,0.00,10
1773238827000,64.13474205,-21.798032,0.00,0.00,0.00,true,true,0.00,3.00,0.00,11
1773238832000,64.13474205,-21.798032,0.00,0.00,0.00,true,true,0.00,5.00,0.00,12
1773238834000,64.13474205,-21.798032,0.00,0.00,0.00,true,true,0.00,2.00,0.00,13
1773238836000,64.13474205,-21.798032,0.00,0.00,0.00,true,true,0.00,2.00,0.00,14
1773238839000,64.13474205,-21.798032,0.00,0.00,0.00,true,true,0.00,3.00,0.00,15
1773238841000,64.13474205,-21.798032,0.00,0.00,0.00,true,true,0.00,2.00,0.00,16
1773238847000,64.1353185666667,-21.7932706666667,0.00,0.00,0.00,true,false,0.00,2.00,0.00,1
1773238850000,64.1353185666667,-21.7932706666667,0.00,0.00,0.00,true,true,0.00,3.00,0.00,2
1773238854000,64.1353185666667,-21.7932706666667,0.00,0.00,0.00,true,true,0.00,4.00,0.00,3
1773238860000,64.1353185666667,-21.7932706666667,0.00,0.00,0.00,true,true,0.00,6.00,0.00,4
1773238862000,64.1353185666667,-21.7932706666667,0.00,0.00,0.00,true,true,0.00,2.00,0.00,5
1773238864000,64.1353185666667,-21.7932706666667,0.00,0.00,0.00,true,true,0.00,2.00,0.00,6
1773238871000,64.1353185666667,-21.7932706666667,0.00,0.00,0.00,true,true,0.00,7.00,0.00,7
1773238873000,64.1353185666667,-21.7932706666667,0.00,0.00,0.00,true,true,0.00,2.00,0.00,8
1773238875000,64.1353185666667,-21.7932706666667,0.00,0.00,0.00,true,true,0.00,2.00,0.00,9
1773238880000,64.1353185666667,-21.7932706666667,0.00,0.00,0.00,true,true,0.00,5.00,0.00,10
1773238884000,64.1353185666667,-21.7932706666667,0.00,0.00,0.00,true,true,0.00,4.00,0.00,11
1773238892000,64.1353185666667,-21.7932706666667,0.00,0.00,0.00,true,true,0.00,8.00,0.00,12
1773238894000,64.1353185666667,-21.7932706666667,0.00,0.00,0.00,true,true,0.00,2.00,0.00,13
1773238901000,64.13773795,-21.7910025,0.00,0.00,0.00,true,false,0.00,4.00,0.00,1
1773238905000,64.13773795,-21.7910025,0.00,0.00,0.00,true,true,0.00,4.00,0.00,2
1773238907000,64.13773795,-21.7910025,0.00,0.00,0.00,true,true,0.00,2.00,0.00,3
1773238913000,64.13773795,-21.7910025,0.00,0.00,0.00,true,true,0.00,6.00,0.00,4
1773238917000,64.1391834166667,-21.7893535,0.00,0.00,0.00,true,false,0.00,2.00,0.00,1
1773238922000,64.1391834166667,-21.7893535,0.00,0.00,0.00,true,true,0.00,5.00,0.00,2
1773238926000,64.1391834166667,-21.7893535,0.00,0.00,0.00,true,true,0.00,4.00,0.00,3
1773238928000,64.1391834166667,-21.7893535,0.00,0.00,0.00,true,true,0.00,2.00,0.00,4
1773238932000,64.1391834166667,-21.7893535,0.00,0.00,0.00,true,true,0.00,4.00,0.00,5
1773238937000,64.1391834166667,-21.7893535,0.00,0.00,0.00,true,true,0.00,5.00,0.00,6
1773238944000,64.1393012666667,-21.7850188333333,0.00,0.00,0.00,true,false,0.00,3.00,0.00,1
1773238946000,64.1393012666667,-21.7850188333333,0.00,0.00,0.00,true,true,0.00,2.00,0.00,2
1773238949000,64.1393012666667,-21.7850188333333,0.00,0.00,0.00,true,true,0.00,3.00,0.00,3
1773238953000,64.1393012666667,-21.7850188333333,0.00,0.00,0.00,true,true,0.00,4.00,0.00,4
1773238955000,64.1393012666667,-21.7850188333333,0.00,0.00,0.00,true,true,0.00,2.00,0.00,5
1773238958000,64.1393012666667,-21.7850188333333,0.00,0.00,0.00,true,true,0.00,3.00,0.00,6
1773238960000,64.1393012666667,-21.7850188333333,0.00,0.00,0.00,true,true,0.00,2.00,0.00,7
1773238964000,64.1393012666667,-21.7850188333333,0.00,0.00,0.00,true,true,0.00,4.00,0.00,8
1773238966000,64.1393012666667,-21.7850188333333,0.00,0.00,0.00,true,true,0.00,2.00,0.00,9
1773238970000,64.1393012666667,-21.7850188333333,0.00,0.00,0.00,true,true,0.00,4.00,0.00,10
1773238972000,64.1393012666667,-21.7850188333333,0.00,0.00,0.00,true,true,0.00,2.00,0.00,11
1773238975000,64.1393012666667,-21.7850188333333,0.00,0.00,0.00,true,true,0.00,3.00,0.00,12
1773238977000,64.1393012666667,-21.7850188333333,0.00,0.00,0.00,true,true,0.00,2.00,0.00,13
1773238981000,64.1393012666667,-21.7850188333333,0.00,0.00,0.00,true,true,0.00,4.00,0.00,14
1773238985000,64.1393012666667,-21.7850188333333,0.00,0.00,0.00,true,true,0.00,4.00,0.00,15
1773238994000,64.1396182833333,-21.7805778333333,0.00,0.00,0.00,true,false,0.00,6.00,0.00,1
1773238996000,64.1396182833333,-21.7805778333333,0.00,0.00,0.00,true,true,0.00,2.00,0.00,2
1773238999000,64.1396182833333,-21.7805778333333,0.00,0.00,0.00,true,true,0.00,3.00,0.00,3
1773239001000,64.1396182833333,-21.7805778333333,0.00,0.00,0.00,true,true,0.00,2.00,0.00,4
1773239005000,64.1396182833333,-21.7805778333333,0.00,0.00,0.00,true,true,0.00,4.00,0.00,5
1773239007000,64.1396182833333,-21.7805778333333,0.00,0.00,0.00,true,true,0.00,2.00,0.00,6
1773239009000,64.1396182833333,-21.7805778333333,0.00,0.00,0.00,true,true,0.00,2.00,0.00,7
1773239012000,64.1396182833333,-21.7805778333333,0.00,0.00,0.00,true,true,0.00,3.00,0.00,8
1773239015000,64.1396182833333,-21.7805778333333,0.00,0.00,0.00,true,true,0.00,3.00,0.00,9
1773239017000,64.1396182833333,-21.7805778333333,0.00,0.00,0.00,true,true,0.00,2.00,0.00,10
1773239020000,64.1396182833333,-21.7805778333333,0.00,0.00,0.00,true,true,0.00,3.00,0.00,11
1773239022000,64.1396182833333,-21.7805778333333,0.00,0.00,0.00,true,true,0.00,2.00,0.00,12
1773239028000,64.1386689166667,-21.7768486666667,0.00,0.00,0.00,true,false,0.00,3.00,0.00,1
1773239031000,64.1386689166667,-21.7768486666667,0.00,0.00,0.00,true,true,0.00,3.00,0.00,2
1773239036000,64.1386689166667,-21.7768486666667,0.00,0.00,0.00,true,true,0.00,5.00,0.00,3
1773239039000,64.1386689166667,-21.7768486666667,0.00,0.00,0.00,true,true,0.00,3.00,0.00,4
1773239041000,64.1386689166667,-21.7768486666667,0.00,0.00,0.00,true,true,0.00,2.00,0.00,5
1773239043000,64.1386689166667,-21.7768486666667,0.00,0.00,0.00,true,true,0.00,2.00,0.00,6
1773239048000,64.1386689166667,-21.7768486666667,0.00,0.00,0.00,true,true,0.00,5.00,0.00,7
1773239051000,64.1386689166667,-21.7768486666667,0.00,0.00,0.00,true,true,0.00,3.00,0.00,8
1773239053000,64.1386689166667,-21.7768486666667,0.00,0.00,0.00,true,true,0.00,2.00,0.00,9
1773239062000,64.1381911166667,-21.7740356666667,0.00,0.00,0.00,true,false,0.00,5.00,0.00,1
1773239064000,64.1381911166667,-21.7740356666667,0.00,0.00,0.00,true,true,0.00,2.00,0.00,2
1773239066000,64.1381911166667,-21.7740356666667,0.00,0.00,0.00,true,true,0.00,2.00,0.00,3
1773239068000,64.1381911166667,-21.7740356666667,0.00,0.00,0.00,true,true,0.00,2.00,0.00,4
1773239072000,64.1381911166667,-21.7740356666667,0.00,0.00,0.00,true,true,0.00,4.00,0.00,5
1773239074000,64.1381911166667,-21.7740356666667,0.00,0.00,0.00,true,true,0.00,2.00,0.00,6
1773239078000,64.1381911166667,-21.7740356666667,0.00,0.00,0.00,true,true,0.00,4.00,0.00,7
1773239080000,64.1381911166667,-21.7740356666667,0.00,0.00,0.00,true,true,0.00,2.00,0.00,8
1773239082000,64.1381911166667,-21.7740356666667,0.00,0.00,0.00,true,true,0.00,2.00,0.00,9
1773239085000,64.1381911166667,-21.7740356666667,0.00,0.00,0.00,true,true,0.00,3.00,0.00,10
1773239089000,64.1381911166667,-21.7740356666667,0.00,0.00,0.00,true,true,0.00,4.00,0.00,11
1773239093000,64.1392901666667,-21.7720436666667,0.00,0.00,0.00,true,false,0.00,2.00,0.00,1
1773239097000,64.1392901666667,-21.7720436666667,0.00,0.00,0.00,true,true,0.00,4.00,0.00,2
1773239102000,64.1392901666667,-21.7720436666667,0.00,0.00,0.00,true,true,0.00,5.00,0.00,3
1773239104000,64.1392901666667,-21.7720436666667,0.00,0.00,0.00,true,true,0.00,2.00,0.00,4
1773239108000,64.1392901666667,-21.7720436666667,0.00,0.00,0.00,true,true,0.00,4.00,0.00,5
1773239111000,64.1392901666667,-21.7720436666667,0.00,0.00,0.00,true,true,0.00,3.00,0.00,6
1773239113000,64.1392901666667,-21.7720436666667,0.00,0.00,0.00,true,true,0.00,2.00,0.00,7
1773239118000,64.1392901666667,-21.7720436666667,0.00,0.00,0.00,true,true,0.00,5.00,0.00,8
1773239120000,64.1392901666667,-21.7720436666667,0.00,0.00,0.00,true,true,0.00,2.00,0.00,9
1773239124000,64.1392901666667,-21.7720436666667,0.00,0.00,0.00,true,true,0.00,4.00,0.00,10
1773239126000,64.1392901666667,-21.7720436666667,0.00,0.00,0.00,true,true,0.00,2.00,0.00,11
1773239130000,64.1392901666667,-21.7720436666667,0.00,0.00,0.00,true,true,0.00,4.00,0.00,12
1773239132000,64.1392901666667,-21.7720436666667,0.00,0.00,0.00,true,true,0.00,2.00,0.00,13
1773239134000,64.1392901666667,-21.7720436666667,0.00,0.00,0.00,true,true,0.00,2.00,0.00,14
1773239137000,64.1392901666667,-21.7720436666667,0.00,0.00,0.00,true,true,0.00,3.00,0.00,15
1773239144000,64.1449457666667,-21.7741983333333,0.00,0.00,0.00,true,false,0.00,3.00,0.00,1
1773239147000,64.1449457666667,-21.7741983333333,0.00,0.00,0.00,true,true,0.00,3.00,0.00,2
1773239151000,64.1449457666667,-21.7741983333333,0.00,0.00,0.00,true,true,0.00,4.00,0.00,3
1773239160000,64.1449457666667,-21.7741983333333,0.00,0.00,0.00,true,true,0.00,9.00,0.00,4
1773239162000,64.1449457666667,-21.7741983333333,0.00,0.00,0.00,true,true,0.00,2.00,0.00,5
1773239164000,64.1449457666667,-21.7741983333333,0.00,0.00,0.00,true,true,0.00,2.00,0.00,6
1773239168000,64.1449457666667,-21.7741983333333,0.00,0.00,0.00,true,true,0.00,4.00,0.00,7
1773239173000,64.1449457666667,-21.7741983333333,0.00,0.00,0.00,true,true,0.00,5.00,0.00,8
1773239175000,64.1449457666667,-21.7741983333333,0.00,0.00,0.00,true,true,0.00,2.00,0.00,9
1773239177000,64.1449457666667,-21.7741983333333,0.00,0.00,0.00,true,true,0.00,2.00,0.00,10
1773239181000,64.1449457666667,-21.7741983333333,0.00,0.00,0.00,true,true,0.00,4.00,0.00,11
1773239185000,64.1449457666667,-21.7741983333333,0.00,0.00,0.00,true,true,0.00,4.00,0.00,12
1773239187000,64.1449457666667,-21.7741983333333,0.00,0.00,0.00,true,true,0.00,2.00,0.00,13
1773239189000,64.1449457666667,-21.7741983333333,0.00,0.00,0.00,true,true,0.00,2.00,0.00,14
1773239192000,64.1449457666667,-21.7741983333333,0.00,0.00,0.00,true,true,0.00,3.00,0.00,15
1773239194000,64.1449457666667,-21.7741983333333,0.00,0.00,0.00,true,true,0.00,2.00,0.00,16
1773239199000,64.1463564666667,-21.7708966666667,0.00,0.00,0.00,true,false,0.00,3.00,0.00,1
1773239202000,64.1463564666667,-21.7708966666667,0.00,0.00,0.00,true,true,0.00,3.00,0.00,2
1773239205000,64.1463564666667,-21.7708966666667,0.00,0.00,0.00,true,true,0.00,3.00,0.00,3
1773239208000,64.1463564666667,-21.7708966666667,0.00,0.00,0.00,true,true,0.00,3.00,0.00,4
1773239213000,64.1463564666667,-21.7708966666667,0.00,0.00,0.00,true,true,0.00,5.00,0.00,5
1773239216000,64.1463564666667,-21.7708966666667,0.00,0.00,0.00,true,true,0.00,3.00,0.00,6
1773239220000,64.1463564666667,-21.7708966666667,0.00,0.00,0.00,true,true,0.00,4.00,0.00,7
1773239224000,64.1463564666667,-21.7708966666667,0.00,0.00,0.00,true,true,0.00,4.00,0.00,8
1773239228000,64.1463564666667,-21.7708966666667,0.00,0.00,0.00,true,true,0.00,4.00,0.00,9
1773239231000,64.1463564666667,-21.7708966666667,0.00,0.00,0.00,true,true,0.00,3.00,0.00,10
1773239233000,64.1463564666667,-21.7708966666667,0.00,0.00,0.00,true,true,0.00,2.00,0.00,11
1773239238000,64.1463564666667,-21.7708966666667,0.00,0.00,0.00,true,true,0.00,5.00,0.00,12
1773239240000,64.1463564666667,-21.7708966666667,0.00,0.00,0.00,true,true,0.00,2.00,0.00,13
1773239243000,64.1463564666667,-21.7708966666667,0.00,0.00,0.00,true,true,0.00,3.00,0.00,14
1773239247000,64.1463564666667,-21.7708966666667,0.00,0.00,0.00,true,true,0.00,4.00,0.00,15
1773239251000,64.1463564666667,-21.7708966666667,0.00,0.00,0.00,true,true,0.00,4.00,0.00,16
1773239254000,64.1463564666667,-21.7708966666667,0.00,0.00,0.00,true,true,0.00,3.00,0.00,17
1773239257000,64.1463564666667,-21.7708966666667,0.00,0.00,0.00,true,true,0.00,3.00,0.00,18
1773239260000,64.1463564666667,-21.7708966666667,0.00,0.00,0.00,true,true,0.00,3.00,0.00,19
1773239262000,64.1463564666667,-21.7708966666667,0.00,0.00,0.00,true,true,0.00,2.00,0.00,20
1773239266000,64.1463564666667,-21.7708966666667,0.00,0.00,0.00,true,true,0.00,4.00,0.00,21
1773239271000,64.1463564666667,-21.7708966666667,0.00,0.00,0.00,true,true,0.00,5.00,0.00,22
1773239274000,64.1463564666667,-21.7708966666667,0.00,0.00,0.00,true,true,0.00,3.00,0.00,23
1773239277000,64.1463564666667,-21.7708966666667,0.00,0.00,0.00,true,true,0.00,3.00,0.00,24
1773239279000,64.1463564666667,-21.7708966666667,0.00,0.00,0.00,true,true,0.00,2.00,0.00,25
1773239282000,64.1463564666667,-21.7708966666667,0.00,0.00,0.00,true,true,0.00,3.00,0.00,26
1773239286000,64.1463564666667,-21.7708966666667,0.00,0.00,0.00,true,true,0.00,4.00,0.00,27
1773239291000,64.1442432,-21.7747696666667,0.00,0.00,0.00,true,false,0.00,3.00,0.00,1
1773239293000,64.1442432,-21.7747696666667,0.00,0.00,0.00,true,true,0.00,2.00,0.00,2
1773239297000,64.1442432,-21.7747696666667,0.00,0.00,0.00,true,true,0.00,4.00,0.00,3
1773239300000,64.1442432,-21.7747696666667,0.00,0.00,0.00,true,true,0.00,3.00,0.00,4
1773239302000,64.1442432,-21.7747696666667,0.00,0.00,0.00,true,true,0.00,2.00,0.00,5
1773239308000,64.1442432,-21.7747696666667,0.00,0.00,0.00,true,true,0.00,6.00,0.00,6
1773239312000,64.1442432,-21.7747696666667,0.00,0.00,0.00,true,true,0.00,4.00,0.00,7
1773239314000,64.1442432,-21.7747696666667,0.00,0.00,0.00,true,true,0.00,2.00,0.00,8
1773239323000,64.1395467166667,-21.772448,0.00,0.00,0.00,true,false,0.00,4.00,0.00,1
1773239327000,64.1395467166667,-21.772448,0.00,0.00,0.00,true,true,0.00,4.00,0.00,2
1773239329000,64.1395467166667,-21.772448,0.00,0.00,0.00,true,true,0.00,2.00,0.00,3
1773239332000,64.1395467166667,-21.772448,0.00,0.00,0.00,true,true,0.00,3.00,0.00,4
1773239336000,64.1395467166667,-21.772448,0.00,0.00,0.00,true,true,0.00,4.00,0.00,5
1773239338000,64.1395467166667,-21.772448,0.00,0.00,0.00,true,true,0.00,2.00,0.00,6
1773239343000,64.1395467166667,-21.772448,0.00,0.00,0.00,true,true,0.00,5.00,0.00,7
1773239345000,64.1395467166667,-21.772448,0.00,0.00,0.00,true,true,0.00,2.00,0.00,8
1773239347000,64.1395467166667,-21.772448,0.00,0.00,0.00,true,true,0.00,2.00,0.00,9
1773239351000,64.1395467166667,-21.772448,0.00,0.00,0.00,true,true,0.00,4.00,0.00,10
1773239355000,64.1395467166667,-21.772448,0.00,0.00,0.00,true,true,0.00,4.00,0.00,11
1773239357000,64.1395467166667,-21.772448,0.00,0.00,0.00,true,true,0.00,2.00,0.00,12
1773239361000,64.1395467166667,-21.772448,0.00,0.00,0.00,true,true,0.00,4.00,0.00,13
1773239365000,64.1382060833333,-21.7739493333333,0.00,0.00,0.00,true,false,0.00,2.00,0.00,1
1773239368000,64.1382060833333,-21.7739493333333,0.00,0.00,0.00,true,true,0.00,3.00,0.00,2
1773239371000,64.1382060833333,-21.7739493333333,0.00,0.00,0.00,true,true,0.00,3.00,0.00,3
1773239374000,64.1382060833333,-21.7739493333333,0.00,0.00,0.00,true,true,0.00,3.00,0.00,4
1773239381000,64.1385540666667,-21.7764958333333,0.00,0.00,0.00,true,false,0.00,5.00,0.00,1
1773239385000,64.1385540666667,-21.7764958333333,0.00,0.00,0.00,true,true,0.00,4.00,0.00,2
1773239387000,64.1385540666667,-21.7764958333333,0.00,0.00,0.00,true,true,0.00,2.00,0.00,3
1773239391000,64.1385540666667,-21.7764958333333,0.00,0.00,0.00,true,true,0.00,4.00,0.00,4
1773239393000,64.1385540666667,-21.7764958333333,0.00,0.00,0.00,true,true,0.00,2.00,0.00,5
1773239397000,64.1385540666667,-21.7764958333333,0.00,0.00,0.00,true,true,0.00,4.00,0.00,6
1773239410000,64.1396233333333,-21.78102,0.00,0.00,0.00,true,false,0.00,8.00,0.00,1
1773239417000,64.1393383166667,-21.7845673333333,0.00,0.00,0.00,true,false,0.00,2.00,0.00,1
1773239422000,64.1393383166667,-21.7845673333333,0.00,0.00,0.00,true,true,0.00,5.00,0.00,2
1773239428000,64.1393383166667,-21.7845673333333,0.00,0.00,0.00,true,true,0.00,6.00,0.00,3
1773239440000,64.1393979333333,-21.7893485,120.67,33.41,31.74,false,false,232.46,12.00,69.74,0
1773239445000,64.1393979333333,-21.7893485,9.62,0.00,31.74,true,false,1.32,5.00,0.95,1
1773239447000,64.1393979333333,-21.7893485,14.12,14.12,13.41,false,false,11.43,2.00,20.57,0
1773239450000,64.1393979333333,-21.7893485,6.33,0.00,13.41,true,false,1.58,3.00,1.90,1
1773239456000,64.1378394166667,-21.7908196666667,0.00,0.00,0.00,true,false,0.00,2.00,0.00,1
1773239459000,64.1378394166667,-21.7908196666667,0.00,0.00,0.00,true,true,0.00,3.00,0.00,2
1773239463000,64.1378394166667,-21.7908196666667,0.00,0.00,0.00,true,true,0.00,4.00,0.00,3
1773239465000,64.1378394166667,-21.7908196666667,0.00,0.00,0.00,true,true,0.00,2.00,0.00,4
1773239467000,64.1378394166667,-21.7908196666667,0.00,0.00,0.00,true,true,0.00,2.00,0.00,5
1773239469000,64.1378394166667,-21.7908196666667,0.00,0.00,0.00,true,true,0.00,2.00,0.00,6
1773239473000,64.1378394166667,-21.7908196666667,0.00,0.00,0.00,true,true,0.00,4.00,0.00,7
1773239475000,64.1378394166667,-21.7908196666667,0.00,0.00,0.00,true,true,0.00,2.00,0.00,8
1773239477000,64.1378394166667,-21.7908196666667,0.00,0.00,0.00,true,true,0.00,2.00,0.00,9
1773239480000,64.1378394166667,-21.7908196666667,0.00,0.00,0.00,true,true,0.00,3.00,0.00,10
1773239490000,64.1357056833333,-21.79321,0.00,0.00,0.00,true,false,0.00,3.00,0.00,1
1773239492000,64.1357056833333,-21.79321,0.00,0.00,0.00,true,true,0.00,2.00,0.00,2
1773239496000,64.1357056833333,-21.79321,0.00,0.00,0.00,true,true,0.00,4.00,0.00,3
1773239501000,64.1357056833333,-21.79321,0.00,0.00,0.00,true,true,0.00,5.00,0.00,4
1773239504000,64.1357056833333,-21.79321,0.00,0.00,0.00,true,true,0.00,3.00,0.00,5
1773239507000,64.1357056833333,-21.79321,0.00,0.00,0.00,true,true,0.00,3.00,0.00,6
1773239512000,64.1357056833333,-21.79321,0.00,0.00,0.00,true,true,0.00,5.00,0.00,7
1773239519000,64.13475365,-21.7979285,0.00,0.00,0.00,true,false,0.00,3.00,0.00,1
1773239523000,64.13475365,-21.7979285,0.00,0.00,0.00,true,true,0.00,4.00,0.00,2
1773239525000,64.13475365,-21.7979285,0.00,0.00,0.00,true,true,0.00,2.00,0.00,3
1773239527000,64.13475365,-21.7979285,0.00,0.00,0.00,true,true,0.00,2.00,0.00,4
1773239529000,64.13475365,-21.7979285,0.00,0.00,0.00,true,true,0.00,2.00,0.00,5
1773239531000,64.13475365,-21.7979285,0.00,0.00,0.00,true,true,0.00,2.00,0.00,6
1773239537000,64.13475365,-21.7979285,0.00,0.00,0.00,true,true,0.00,6.00,0.00,7
1773239540000,64.13475365,-21.7979285,0.00,0.00,0.00,true,true,0.00,3.00,0.00,8
1773239544000,64.13475365,-21.7979285,0.00,0.00,0.00,true,true,0.00,4.00,0.00,9
1773239546000,64.13475365,-21.7979285,0.00,0.00,0.00,true,true,0.00,2.00,0.00,10
1773239548000,64.13475365,-21.7979285,0.00,0.00,0.00,true,true,0.00,2.00,0.00,11
1773239552000,64.13475365,-21.7979285,0.00,0.00,0.00,true,true,0.00,4.00,0.00,12
1773239554000,64.13475365,-21.7979285,0.00,0.00,0.00,true,true,0.00,2.00,0.00,13
1773239560000,64.1356650333333,-21.8019486666667,0.00,0.00,0.00,true,false,0.00,3.00,0.00,1
1773239562000,64.1356650333333,-21.8019486666667,0.00,0.00,0.00,true,true,0.00,2.00,0.00,2
1773239566000,64.1356650333333,-21.8019486666667,0.00,0.00,0.00,true,true,0.00,4.00,0.00,3
1773239568000,64.1356650333333,-21.8019486666667,0.00,0.00,0.00,true,true,0.00,2.00,0.00,4
1773239573000,64.1356650333333,-21.8019486666667,0.00,0.00,0.00,true,true,0.00,5.00,0.00,5
1773239575000,64.1356650333333,-21.8019486666667,0.00,0.00,0.00,true,true,0.00,2.00,0.00,6
1773239578000,64.1356650333333,-21.8019486666667,0.00,0.00,0.00,true,true,0.00,3.00,0.00,7
1773239584000,64.1364527,-21.8067181666667,0.00,0.00,0.00,true,false,0.00,2.00,0.00,1
1773239588000,64.1364527,-21.8067181666667,0.00,0.00,0.00,true,true,0.00,4.00,0.00,2
1773239590000,64.1364527,-21.8067181666667,0.00,0.00,0.00,true,true,0.00,2.00,0.00,3
1773239593000,64.1364527,-21.8067181666667,0.00,0.00,0.00,true,true,0.00,3.00,0.00,4
1773239598000,64.1364527,-21.8067181666667,0.00,0.00,0.00,true,true,0.00,5.00,0.00,5
1773239601000,64.1364527,-21.8067181666667,0.00,0.00,0.00,true,true,0.00,3.00,0.00,6
1773239606000,64.1364527,-21.8067181666667,0.00,0.00,0.00,true,true,0.00,5.00,0.00,7
1773239612000,64.13716715,-21.8101346666667,0.00,0.00,0.00,true,false,0.00,4.00,0.00,1
1773239616000,64.13716715,-21.8101346666667,0.00,0.00,0.00,true,true,0.00,4.00,0.00,2
1773239622000,64.13716715,-21.8101346666667,0.00,0.00,0.00,true,true,0.00,6.00,0.00,3
1773239627000,64.1367638666667,-21.812342,89.62,21.99,20.89,false,false,116.24,5.00,83.69,0
1773239629000,64.1367638666667,-21.812342,58.84,0.00,20.89,true,false,8.18,2.00,14.72,1
1773239631000,64.1367638666667,-21.812342,28.12,21.99,20.89,false,false,10.87,2.00,19.56,0
1773239635000,64.1367638666667,-21.812342,7.02,7.02,6.67,false,false,12.94,4.00,11.64,0
1773239637000,64.1367638666667,-21.812342,8.57,0.00,6.67,true,false,6.06,2.00,10.90,1
1773239641000,64.1367638666667,-21.812342,0.00,0.00,0.00,true,true,0.59,4.00,0.53,2
1773239643000,64.1367638666667,-21.812342,0.00,0.00,0.00,true,true,1.19,2.00,2.14,3
1773239645000,64.1367638666667,-21.812342,0.00,0.00,0.00,true,true,0.32,2.00,0.58,4
1773239648000,64.1367638666667,-21.812342,0.00,0.00,0.00,true,true,0.10,3.00,0.12,5
1773239652000,64.1367638666667,-21.812342,0.00,0.00,0.00,true,true,0.02,4.00,0.02,6
1773239654000,64.1367638666667,-21.812342,0.00,0.00,0.00,true,true,0.00,2.00,0.00,7
1773239657000,64.1367638666667,-21.812342,0.00,0.00,0.00,true,true,0.00,3.00,0.00,8
1773239659000,64.1367638666667,-21.812342,0.00,0.00,0.00,true,true,0.00,2.00,0.00,9
1773239663000,64.1367638666667,-21.812342,0.00,0.00,0.00,true,true,0.00,4.00,0.00,10
1773239665000,64.1367638666667,-21.812342,0.00,0.00,0.00,true,true,0.00,2.00,0.00,11
1773239669000,64.1367638666667,-21.812342,0.00,0.00,0.00,true,true,0.00,4.00,0.00,12
1773239671000,64.1367638666667,-21.812342,0.00,0.00,0.00,true,true,0.00,2.00,0.00,13
1773239677000,64.1367638666667,-21.812342,0.00,0.00,0.00,true,true,0.00,6.00,0.00,14
1773239680000,64.1367638666667,-21.812342,0.00,0.00,0.00,true,true,0.00,3.00,0.00,15
1773239682000,64.1367638666667,-21.812342,0.00,0.00,0.00,true,true,0.00,2.00,0.00,16
1773239684000,64.1367638666667,-21.812342,0.00,0.00,0.00,true,true,0.00,2.00,0.00,17
1773239690000,64.1382901,-21.815942,0.00,0.00,0.00,true,false,0.00,2.00,0.00,1
1773239692000,64.1382901,-21.815942,0.00,0.00,0.00,true,true,0.00,2.00,0.00,2
1773239699000,64.1382901,-21.815942,0.00,0.00,0.00,true,true,0.00,7.00,0.00,3
1773239702000,64.1382901,-21.815942,0.00,0.00,0.00,true,true,0.00,3.00,0.00,4
1773239705000,64.1382901,-21.815942,0.00,0.00,0.00,true,true,0.00,3.00,0.00,5
1773239709000,64.1382901,-21.815942,0.00,0.00,0.00,true,true,0.00,4.00,0.00,6
1773239711000,64.1382901,-21.815942,0.00,0.00,0.00,true,true,0.00,2.00,0.00,7
1773239717000,64.1392083166667,-21.818359,120.69,31.09,29.54,false,false,155.52,6.00,93.31,0
1773239720000,64.1392083166667,-21.818359,49.24,0.00,29.54,true,false,8.50,3.00,10.20,1
1773239724000,64.1392083166667,-21.818359,6.05,6.05,5.75,false,false,15.69,4.00,14.12,0
1773239726000,64.1392083166667,-21.818359,9.76,0.00,5.75,true,false,8.51,2.00,15.32,1
1773239729000,64.1392083166667,-21.818359,0.00,0.00,0.00,true,true,1.40,3.00,1.68,2
1773239732000,64.1392083166667,-21.818359,0.00,0.00,0.00,true,true,1.37,3.00,1.64,3
1773239735000,64.1392083166667,-21.818359,0.00,0.00,0.00,true,true,0.27,3.00,0.32,4
1773239739000,64.14038,-21.8172326666667,0.00,0.00,0.00,true,false,0.00,2.00,0.00,1
1773239742000,64.14038,-21.8172326666667,0.00,0.00,0.00,true,true,0.00,3.00,0.00,2
1773239748000,64.14038,-21.8172326666667,0.00,0.00,0.00,true,true,0.00,6.00,0.00,3
1773239750000,64.14038,-21.8172326666667,0.00,0.00,0.00,true,true,0.00,2.00,0.00,4
1773239754000,64.14038,-21.8172326666667,0.00,0.00,0.00,true,true,0.00,4.00,0.00,5
1773239757000,64.14038,-21.8172326666667,0.00,0.00,0.00,true,true,0.00,3.00,0.00,6
1773239760000,64.14038,-21.8172326666667,0.00,0.00,0.00,true,true,0.00,3.00,0.00,7
1773239763000,64.14038,-21.8172326666667,0.00,0.00,0.00,true,true,0.00,3.00,0.00,8
1773239765000,64.14038,-21.8172326666667,0.00,0.00,0.00,true,true,0.00,2.00,0.00,9
1773239767000,64.14038,-21.8172326666667,0.00,0.00,0.00,true,true,0.00,2.00,0.00,10
1773239769000,64.14038,-21.8172326666667,0.00,0.00,0.00,true,true,0.00,2.00,0.00,11
1773239776000,64.1398112166667,-21.812312,0.00,0.00,0.00,true,false,0.00,4.00,0.00,1
1773239783000,64.1398112166667,-21.812312,0.00,0.00,0.00,true,true,0.00,7.00,0.00,2
1773239787000,64.1398112166667,-21.812312,0.00,0.00,0.00,true,true,0.00,4.00,0.00,3
1773239790000,64.1398112166667,-21.812312,0.00,0.00,0.00,true,true,0.00,3.00,0.00,4
1773239794000,64.1398112166667,-21.812312,0.00,0.00,0.00,true,true,0.00,4.00,0.00,5
1773239800000,64.1398112166667,-21.812312,0.00,0.00,0.00,true,true,0.00,6.00,0.00,6
1773239802000,64.1398112166667,-21.812312,0.00,0.00,0.00,true,true,0.00,2.00,0.00,7
1773239806000,64.1398112166667,-21.812312,0.00,0.00,0.00,true,true,0.00,4.00,0.00,8
1773239808000,64.1398112166667,-21.812312,0.00,0.00,0.00,true,true,0.00,2.00,0.00,9
1773239813000,64.13853785,-21.8086773333333,0.00,0.00,0.00,true,false,0.00,2.00,0.00,1
1773239817000,64.13853785,-21.8086773333333,0.00,0.00,0.00,true,true,0.00,4.00,0.00,2
1773239820000,64.13853785,-21.8086773333333,0.00,0.00,0.00,true,true,0.00,3.00,0.00,3
1773239822000,64.13853785,-21.8086773333333,0.00,0.00,0.00,true,true,0.00,2.00,0.00,4
1773239826000,64.13853785,-21.8086773333333,0.00,0.00,0.00,true,true,0.00,4.00,0.00,5
1773239829000,64.13853785,-21.8086773333333,0.00,0.00,0.00,true,true,0.00,3.00,0.00,6
1773239831000,64.13853785,-21.8086773333333,0.00,0.00,0.00,true,true,0.00,2.00,0.00,7
1773239833000,64.13853785,-21.8086773333333,0.00,0.00,0.00,true,true,0.00,2.00,0.00,8
1773239835000,64.13853785,-21.8086773333333,0.00,0.00,0.00,true,true,0.00,2.00,0.00,9
1773239841000,64.13853785,-21.8086773333333,0.00,0.00,0.00,true,true,0.00,6.00,0.00,10
1773239843000,64.13853785,-21.8086773333333,0.00,0.00,0.00,true,true,0.00,2.00,0.00,11
1773239848000,64.13853785,-21.8086773333333,0.00,0.00,0.00,true,true,0.00,5.00,0.00,12
1773239850000,64.13853785,-21.8086773333333,0.00,0.00,0.00,true,true,0.00,2.00,0.00,13
1773239855000,64.13853785,-21.8086773333333,0.00,0.00,0.00,true,true,0.00,5.00,0.00,14
1773239858000,64.13853785,-21.8086773333333,0.00,0.00,0.00,true,true,0.00,3.00,0.00,15
1773239861000,64.13853785,-21.8086773333333,0.00,0.00,0.00,true,true,0.00,3.00,0.00,16
1773239863000,64.13853785,-21.8086773333333,0.00,0.00,0.00,true,true,0.00,2.00,0.00,17
1773239867000,64.13853785,-21.8086773333333,0.00,0.00,0.00,true,true,0.00,4.00,0.00,18
1773239870000,64.13853785,-21.8086773333333,0.00,0.00,0.00,true,true,0.00,3.00,0.00,19
1773239873000,64.13853785,-21.8086773333333,0.00,0.00,0.00,true,true,0.00,3.00,0.00,20
1773239881000,64.13853785,-21.8086773333333,0.00,0.00,0.00,true,true,0.00,8.00,0.00,21
1773239883000,64.13853785,-21.8086773333333,0.00,0.00,0.00,true,true,0.00,2.00,0.00,22
1773239887000,64.13853785,-21.8086773333333,0.00,0.00,0.00,true,true,0.00,4.00,0.00,23
1773239894000,64.13853785,-21.8086773333333,0.00,0.00,0.00,true,true,0.00,7.00,0.00,24
1773239898000,64.13853785,-21.8086773333333,0.00,0.00,0.00,true,true,0.00,4.00,0.00,25
1773239903000,64.13853785,-21.8086773333333,0.00,0.00,0.00,true,true,0.00,5.00,0.00,26
1773239907000,64.13853785,-21.8086773333333,0.00,0.00,0.00,true,true,0.00,4.00,0.00,27
1773239912000,64.13853785,-21.8086773333333,0.00,0.00,0.00,true,true,0.00,5.00,0.00,28
1773239915000,64.13853785,-21.8086773333333,0.00,0.00,0.00,true,true,0.00,3.00,0.00,29
1773239918000,64.13853785,-21.8086773333333,0.00,0.00,0.00,true,true,0.00,3.00,0.00,30
1773239921000,64.13853785,-21.8086773333333,0.00,0.00,0.00,true,true,0.00,3.00,0.00,31
1773239925000,64.13853785,-21.8086773333333,0.00,0.00,0.00,true,true,0.00,4.00,0.00,32
1773239933000,64.13843515,-21.80712,0.00,0.00,0.00,true,false,0.00,6.00,0.00,1
1773239936000,64.13843515,-21.80712,0.00,0.00,0.00,true,true,0.00,3.00,0.00,2
1773239938000,64.13843515,-21.80712,0.00,0.00,0.00,true,true,0.00,2.00,0.00,3
1773239940000,64.13843515,-21.80712,0.00,0.00,0.00,true,true,0.00,2.00,0.00,4
1773239942000,64.13843515,-21.80712,0.00,0.00,0.00,true,true,0.00,2.00,0.00,5
1773239947000,64.13843515,-21.80712,0.00,0.00,0.00,true,true,0.00,5.00,0.00,6
1773239949000,64.13843515,-21.80712,0.00,0.00,0.00,true,true,0.00,2.00,0.00,7
1773239951000,64.13843515,-21.80712,0.00,0.00,0.00,true,true,0.00,2.00,0.00,8
1773239953000,64.13843515,-21.80712,0.00,0.00,0.00,true,true,0.00,2.00,0.00,9
1773239958000,64.13843515,-21.80712,0.00,0.00,0.00,true,true,0.00,5.00,0.00,10
1773239962000,64.13843515,-21.80712,0.00,0.00,0.00,true,true,0.00,4.00,0.00,11
1773239966000,64.13843515,-21.80712,0.00,0.00,0.00,true,true,0.00,4.00,0.00,12
1773239968000,64.13843515,-21.80712,0.00,0.00,0.00,true,true,0.00,2.00,0.00,13
1773239970000,64.13843515,-21.80712,0.00,0.00,0.00,true,true,0.00,2.00,0.00,14
1773239973000,64.13843515,-21.80712,0.00,0.00,0.00,true,true,0.00,3.00,0.00,15
1773239976000,64.13843515,-21.80712,0.00,0.00,0.00,true,true,0.00,3.00,0.00,16
1773239981000,64.13843515,-21.80712,0.00,0.00,0.00,true,true,0.00,5.00,0.00,17
1773239985000,64.13843515,-21.80712,0.00,0.00,0.00,true,true,0.00,4.00,0.00,18
1773239987000,64.13843515,-21.80712,0.00,0.00,0.00,true,true,0.00,2.00,0.00,19
1773239993000,64.1446955166667,-21.805963,0.00,0.00,0.00,true,false,0.00,2.00,0.00,1
1773239996000,64.1446955166667,-21.805963,0.00,0.00,0.00,true,true,0.00,3.00,0.00,2
1773239998000,64.1446955166667,-21.805963,0.00,0.00,0.00,true,true,0.00,2.00,0.00,3
1773240002000,64.1446955166667,-21.805963,0.00,0.00,0.00,true,true,0.00,4.00,0.00,4
1773240007000,64.1446955166667,-21.805963,0.00,0.00,0.00,true,true,0.00,5.00,0.00,5
1773240011000,64.1446955166667,-21.805963,0.00,0.00,0.00,true,true,0.00,4.00,0.00,6
1773240013000,64.1446955166667,-21.805963,0.00,0.00,0.00,true,true,0.00,2.00,0.00,7
1773240017000,64.1446955166667,-21.805963,0.00,0.00,0.00,true,true,0.00,4.00,0.00,8
1773240020000,64.1446955166667,-21.805963,0.00,0.00,0.00,true,true,0.00,3.00,0.00,9
1773240022000,64.1446955166667,-21.805963,0.00,0.00,0.00,true,true,0.00,2.00,0.00,10
1773240026000,64.1446955166667,-21.805963,0.00,0.00,0.00,true,true,0.00,4.00,0.00,11
1773240031000,64.1434110666667,-21.807478,124.58,32.12,30.52,false,false,160.46,5.00,115.53,0
1773240035000,64.1434110666667,-21.807478,25.49,25.49,24.21,false,false,12.19,4.00,10.98,0
1773240037000,64.1434110666667,-21.807478,5.07,5.07,4.82,false,false,14.04,2.00,25.28,0
1773240041000,64.1434110666667,-21.807478,5.43,0.00,4.82,true,false,7.59,4.00,6.83,1
1773240043000,64.1434110666667,-21.807478,0.00,0.00,0.00,true,true,1.73,2.00,3.12,2
1773240048000,64.1434110666667,-21.807478,0.00,0.00,0.00,true,true,0.35,5.00,0.25,3
1773240050000,64.1434110666667,-21.807478,0.00,0.00,0.00,true,true,0.03,2.00,0.05,4
1773240053000,64.1434110666667,-21.807478,0.00,0.00,0.00,true,true,0.01,3.00,0.01,5
1773240057000,64.1434110666667,-21.807478,0.00,0.00,0.00,true,true,0.00,4.00,0.00,6
1773240059000,64.1434110666667,-21.807478,0.00,0.00,0.00,true,true,0.00,2.00,0.00,7
1773240064000,64.1434110666667,-21.807478,0.00,0.00,0.00,true,true,0.00,5.00,0.00,8
1773240066000,64.1434110666667,-21.807478,0.00,0.00,0.00,true,true,0.00,2.00,0.00,9
1773240068000,64.1434110666667,-21.807478,0.00,0.00,0.00,true,true,0.00,2.00,0.00,10
1773240071000,64.1434110666667,-21.807478,0.00,0.00,0.00,true,true,0.00,3.00,0.00,11
1773240073000,64.1434110666667,-21.807478,0.00,0.00,0.00,true,true,0.00,2.00,0.00,12
1773240079000,64.1434110666667,-21.807478,0.00,0.00,0.00,true,true,0.00,6.00,0.00,13
1773240083000,64.1434110666667,-21.807478,0.00,0.00,0.00,true,true,0.00,4.00,0.00,14
1773240088000,64.1434110666667,-21.807478,0.00,0.00,0.00,true,true,0.00,5.00,0.00,15
1773240092000,64.1434110666667,-21.807478,0.00,0.00,0.00,true,true,0.00,4.00,0.00,16
1773240096000,64.1434110666667,-21.807478,0.00,0.00,0.00,true,true,0.00,4.00,0.00,17
1773240098000,64.1434110666667,-21.807478,0.00,0.00,0.00,true,true,0.00,2.00,0.00,18
1773240102000,64.1434110666667,-21.807478,0.00,0.00,0.00,true,true,0.00,4.00,0.00,19
1773240104000,64.1434110666667,-21.807478,0.00,0.00,0.00,true,true,0.00,2.00,0.00,20
1773240106000,64.1434110666667,-21.807478,0.00,0.00,0.00,true,true,0.00,2.00,0.00,21
1773240108000,64.1434110666667,-21.807478,0.00,0.00,0.00,true,true,0.00,2.00,0.00,22
1773240113000,64.1434110666667,-21.807478,0.00,0.00,0.00,true,true,0.00,5.00,0.00,23
1773240117000,64.1434110666667,-21.807478,0.00,0.00,0.00,true,true,0.00,4.00,0.00,24
1773240119000,64.1434110666667,-21.807478,0.00,0.00,0.00,true,true,0.00,2.00,0.00,25
1773240121000,64.1434110666667,-21.807478,0.00,0.00,0.00,true,true,0.00,2.00,0.00,26
1773240129000,64.1434110666667,-21.807478,0.00,0.00,0.00,true,true,0.00,8.00,0.00,27
1773240133000,64.1434110666667,-21.807478,0.00,0.00,0.00,true,true,0.00,4.00,0.00,28
1773240137000,64.1434110666667,-21.807478,0.00,0.00,0.00,true,true,0.00,4.00,0.00,29
1773240141000,64.1434110666667,-21.807478,0.00,0.00,0.00,true,true,0.00,4.00,0.00,30
1773240143000,64.1434110666667,-21.807478,0.00,0.00,0.00,true,true,0.00,2.00,0.00,31
1773240149000,64.1434110666667,-21.807478,0.00,0.00,0.00,true,true,0.00,6.00,0.00,32
1773240152000,64.1432188166667,-21.8070551666667,23.00,5.61,5.33,false,false,29.63,3.00,35.55,0
1773240156000,64.1432188166667,-21.8070551666667,6.89,0.00,5.33,true,false,5.05,4.00,4.54,1
1773240163000,64.1432188166667,-21.8070551666667,0.00,0.00,0.00,true,true,2.48,7.00,1.27,2
1773240165000,64.1432188166667,-21.8070551666667,0.00,0.00,0.00,true,true,0.52,2.00,0.94,3
1773240167000,64.1432188166667,-21.8070551666667,0.00,0.00,0.00,true,true,0.13,2.00,0.24,4
1773240169000,64.1432188166667,-21.8070551666667,0.00,0.00,0.00,true,true,0.04,2.00,0.07,5
1773240171000,64.1432188166667,-21.8070551666667,0.00,0.00,0.00,true,true,0.01,2.00,0.02,6
1773240174000,64.1432188166667,-21.8070551666667,0.00,0.00,0.00,true,true,0.00,3.00,0.00,7
1773240178000,64.1432188166667,-21.8070551666667,0.00,0.00,0.00,true,true,0.00,4.00,0.00,8
1773240184000,64.14456085,-21.8066581666667,112.90,31.86,30.27,false,false,150.21,6.00,90.13,0
1773240186000,64.14456085,-21.8066581666667,71.58,0.00,30.27,true,false,7.43,2.00,13.38,1
1773240190000,64.14456085,-21.8066581666667,2.93,2.93,2.78,false,false,14.27,4.00,12.84,0
1773240195000,64.14456085,-21.8066581666667,8.92,8.92,8.48,false,false,11.79,5.00,8.49,0
1773240198000,64.14456085,-21.8066581666667,3.60,0.00,8.48,true,false,0.59,3.00,0.70,1
1773240202000,64.14456085,-21.8066581666667,0.00,0.00,0.00,true,true,1.18,4.00,1.06,2
1773240204000,64.14456085,-21.8066581666667,0.00,0.00,0.00,true,true,0.63,2.00,1.13,3
1773240208000,64.14456085,-21.8066581666667,0.00,0.00,0.00,true,true,0.17,4.00,0.15,4
1773240215000,64.14456085,-21.8066581666667,0.00,0.00,0.00,true,true,0.02,7.00,0.01,5
1773240217000,64.14456085,-21.8066581666667,0.00,0.00,0.00,true,true,0.00,2.00,0.00,6
1773240219000,64.14456085,-21.8066581666667,0.00,0.00,0.00,true,true,0.00,2.00,0.00,7
1773240224000,64.14456085,-21.8066581666667,0.00,0.00,0.00,true,true,0.00,5.00,0.00,8
1773240226000,64.14456085,-21.8066581666667,0.00,0.00,0.00,true,true,0.00,2.00,0.00,9
1773240230000,64.14456085,-21.8066581666667,0.00,0.00,0.00,true,true,0.00,4.00,0.00,10
1773240233000,64.14456085,-21.8066581666667,0.00,0.00,0.00,true,true,0.00,3.00,0.00,11
1773240235000,64.14456085,-21.8066581666667,0.00,0.00,0.00,true,true,0.00,2.00,0.00,12
1773240240000,64.14456085,-21.8066581666667,0.00,0.00,0.00,true,true,0.00,5.00,0.00,13
1773240242000,64.14456085,-21.8066581666667,0.00,0.00,0.00,true,true,0.00,2.00,0.00,14
1773240245000,64.14456085,-21.8066581666667,0.00,0.00,0.00,true,true,0.00,3.00,0.00,15
1773240248000,64.14456085,-21.8066581666667,0.00,0.00,0.00,true,true,0.00,3.00,0.00,16
1773240253000,64.14456085,-21.8066581666667,0.00,0.00,0.00,true,true,0.00,5.00,0.00,17
1773240257000,64.14456085,-21.8066581666667,0.00,0.00,0.00,true,true,0.00,4.00,0.00,18
1773240259000,64.14456085,-21.8066581666667,0.00,0.00,0.00,true,true,0.00,2.00,0.00,19
1773240261000,64.14456085,-21.8066581666667,0.00,0.00,0.00,true,true,0.00,2.00,0.00,20
1773240263000,64.14456085,-21.8066581666667,0.00,0.00,0.00,true,true,0.00,2.00,0.00,21
1773240270000,64.1376581833333,-21.80819,0.00,0.00,0.00,true,false,0.00,3.00,0.00,1
1773240272000,64.1376581833333,-21.80819,0.00,0.00,0.00,true,true,0.00,2.00,0.00,2
1773240275000,64.1376581833333,-21.80819,0.00,0.00,0.00,true,true,0.00,3.00,0.00,3
1773240279000,64.1376581833333,-21.80819,0.00,0.00,0.00,true,true,0.00,4.00,0.00,4
1773240283000,64.1376581833333,-21.80819,0.00,0.00,0.00,true,true,0.00,4.00,0.00,5
1773240285000,64.1376581833333,-21.80819,0.00,0.00,0.00,true,true,0.00,2.00,0.00,6
1773240289000,64.1376581833333,-21.80819,0.00,0.00,0.00,true,true,0.00,4.00,0.00,7
1773240291000,64.1376581833333,-21.80819,0.00,0.00,0.00,true,true,0.00,2.00,0.00,8
1773240294000,64.1376581833333,-21.80819,0.00,0.00,0.00,true,true,0.00,3.00,0.00,9
1773240298000,64.1383809166667,-21.8081415,63.14,19.30,18.33,false,false,80.26,4.00,72.23,0
1773240300000,64.1383809166667,-21.8081415,45.20,19.30,18.33,false,false,10.13,2.00,18.24,0
1773240304000,64.1383809166667,-21.8081415,0.08,0.00,18.33,true,false,6.78,4.00,6.10,1
1773240308000,64.1383809166667,-21.8081415,0.00,0.00,0.00,true,true,7.54,4.00,6.78,2
1773240312000,64.1383809166667,-21.8081415,0.00,0.00,0.00,true,true,0.87,4.00,0.79,3
1773240317000,64.1383809166667,-21.8081415,0.00,0.00,0.00,true,true,0.10,5.00,0.07,4
1773240319000,64.1383809166667,-21.8081415,0.00,0.00,0.00,true,true,0.01,2.00,0.01,5
1773240323000,64.1383809166667,-21.8081415,0.00,0.00,0.00,true,true,0.00,4.00,0.00,6
1773240325000,64.1383809166667,-21.8081415,0.00,0.00,0.00,true,true,0.00,2.00,0.00,7
1773240327000,64.1383809166667,-21.8081415,0.00,0.00,0.00,true,true,0.00,2.00,0.00,8
1773240336000,64.1396055666667,-21.8116905,0.00,0.00,0.00,true,false,0.00,5.00,0.00,1
1773240338000,64.1396055666667,-21.8116905,0.00,0.00,0.00,true,true,0.00,2.00,0.00,2
1773240342000,64.1396055666667,-21.8116905,0.00,0.00,0.00,true,true,0.00,4.00,0.00,3
1773240344000,64.1396055666667,-21.8116905,0.00,0.00,0.00,true,true,0.00,2.00,0.00,4
1773240348000,64.1396055666667,-21.8116905,0.00,0.00,0.00,true,true,0.00,4.00,0.00,5
1773240350000,64.1396055666667,-21.8116905,0.00,0.00,0.00,true,true,0.00,2.00,0.00,6
1773240354000,64.1396055666667,-21.8116905,0.00,0.00,0.00,true,true,0.00,4.00,0.00,7
1773240359000,64.1396055666667,-21.8116905,0.00,0.00,0.00,true,true,0.00,5.00,0.00,8
1773240367000,64.1406784,-21.8165425,0.00,0.00,0.00,true,false,0.00,5.00,0.00,1
1773240369000,64.1406784,-21.8165425,0.00,0.00,0.00,true,true,0.00,2.00,0.00,2
1773240371000,64.1406784,-21.8165425,0.00,0.00,0.00,true,true,0.00,2.00,0.00,3
1773240374000,64.1406784,-21.8165425,0.00,0.00,0.00,true,true,0.00,3.00,0.00,4
1773240378000,64.1406784,-21.8165425,0.00,0.00,0.00,true,true,0.00,4.00,0.00,5
1773240382000,64.1406784,-21.8165425,0.00,0.00,0.00,true,true,0.00,4.00,0.00,6
1773240385000,64.1406784,-21.8165425,0.00,0.00,0.00,true,true,0.00,3.00,0.00,7
1773240389000,64.1406784,-21.8165425,0.00,0.00,0.00,true,true,0.00,4.00,0.00,8
1773240391000,64.1406784,-21.8165425,0.00,0.00,0.00,true,true,0.00,2.00,0.00,9
1773240393000,64.1406784,-21.8165425,0.00,0.00,0.00,true,true,0.00,2.00,0.00,10
1773240398000,64.1395161666667,-21.8181728333333,0.00,0.00,0.00,true,false,0.00,2.00,0.00,1
1773240400000,64.1395161666667,-21.8181728333333,0.00,0.00,0.00,true,true,0.00,2.00,0.00,2
1773240406000,64.1395161666667,-21.8181728333333,0.00,0.00,0.00,true,true,0.00,6.00,0.00,3
1773240409000,64.1395161666667,-21.8181728333333,0.00,0.00,0.00,true,true,0.00,3.00,0.00,4
1773240411000,64.1395161666667,-21.8181728333333,0.00,0.00,0.00,true,true,0.00,2.00,0.00,5
1773240416000,64.1383646,-21.8166646666667,117.84,29.49,28.02,false,false,147.35,5.00,106.09,0
1773240418000,64.1383646,-21.8166646666667,79.27,29.49,28.02,false,false,12.68,2.00,22.82,0
1773240425000,64.1383646,-21.8166646666667,44.52,27.94,26.54,false,false,13.90,7.00,7.15,0
1773240429000,64.1383646,-21.8166646666667,10.28,0.00,26.54,true,false,5.95,4.00,5.36,1
1773240434000,64.1383646,-21.8166646666667,0.00,0.00,0.00,true,true,4.78,5.00,3.44,2
1773240437000,64.1383646,-21.8166646666667,0.00,0.00,0.00,true,true,1.41,3.00,1.70,3
1773240439000,64.1383646,-21.8166646666667,0.00,0.00,0.00,true,true,0.24,2.00,0.44,4
1773240445000,64.13695145,-21.8128653333333,0.00,0.00,0.00,true,false,0.00,2.00,0.00,1
1773240449000,64.13695145,-21.8128653333333,0.00,0.00,0.00,true,true,0.00,4.00,0.00,2
1773240454000,64.13695145,-21.8128653333333,0.00,0.00,0.00,true,true,0.00,5.00,0.00,3
1773240456000,64.13695145,-21.8128653333333,0.00,0.00,0.00,true,true,0.00,2.00,0.00,4
1773240458000,64.13695145,-21.8128653333333,0.00,0.00,0.00,true,true,0.00,2.00,0.00,5
1773240463000,64.13695145,-21.8128653333333,0.00,0.00,0.00,true,true,0.00,5.00,0.00,6
1773240467000,64.13695145,-21.8128653333333,0.00,0.00,0.00,true,true,0.00,4.00,0.00,7
1773240470000,64.13695145,-21.8128653333333,0.00,0.00,0.00,true,true,0.00,3.00,0.00,8
1773240476000,64.1368569,-21.810694,80.66,19.05,18.10,false,false,106.05,6.00,63.63,0
1773240481000,64.1368569,-21.810694,1.47,0.00,18.10,true,false,5.47,5.00,3.94,1
1773240483000,64.1368569,-21.810694,0.00,0.00,0.00,true,true,7.55,2.00,13.58,2
1773240485000,64.1368569,-21.810694,0.00,0.00,0.00,true,true,1.76,2.00,3.16,3
1773240489000,64.1368569,-21.810694,0.00,0.00,0.00,true,true,0.52,4.00,0.47,4
1773240495000,64.1368569,-21.810694,0.00,0.00,0.00,true,true,0.07,6.00,0.04,5
1773240498000,64.1368569,-21.810694,0.00,0.00,0.00,true,true,0.00,3.00,0.00,6
1773240502000,64.1368569,-21.810694,0.00,0.00,0.00,true,true,0.00,4.00,0.00,7
1773240504000,64.1368569,-21.810694,0.00,0.00,0.00,true,true,0.00,2.00,0.00,8
1773240507000,64.1368569,-21.810694,0.00,0.00,0.00,true,true,0.00,3.00,0.00,9
1773240511000,64.1368569,-21.810694,0.00,0.00,0.00,true,true,0.00,4.00,0.00,10
1773240513000,64.1368569,-21.810694,0.00,0.00,0.00,true,true,0.00,2.00,0.00,11
1773240516000,64.1368569,-21.810694,0.00,0.00,0.00,true,true,0.00,3.00,0.00,12
1773240522000,64.1364790333333,-21.8070153333333,140.65,36.66,34.83,false,false,183.64,6.00,110.18,0
1773240525000,64.1364790333333,-21.8070153333333,56.81,0.00,34.83,true,false,9.70,3.00,11.64,1
1773240528000,64.1364790333333,-21.8070153333333,6.78,6.78,6.44,false,false,18.21,3.00,21.86,0
1773240531000,64.1364790333333,-21.8070153333333,6.71,6.71,6.38,false,false,12.16,3.00,14.59,0
1773240533000,64.1364790333333,-21.8070153333333,6.48,0.00,6.38,true,false,3.40,2.00,6.12,1
1773240536000,64.1364790333333,-21.8070153333333,0.00,0.00,0.00,true,true,0.10,3.00,0.11,2
1773240539000,64.1364790333333,-21.8070153333333,0.00,0.00,0.00,true,true,1.15,3.00,1.39,3
1773240545000,64.1364790333333,-21.8070153333333,0.00,0.00,0.00,true,true,0.22,6.00,0.13,4
1773240552000,64.1356805333333,-21.8020405,0.00,0.00,0.00,true,false,0.00,4.00,0.00,1
1773240555000,64.1356805333333,-21.8020405,0.00,0.00,0.00,true,true,0.00,3.00,0.00,2
1773240558000,64.1356805333333,-21.8020405,0.00,0.00,0.00,true,true,0.00,3.00,0.00,3
1773240561000,64.1356805333333,-21.8020405,0.00,0.00,0.00,true,true,0.00,3.00,0.00,4
1773240565000,64.1356805333333,-21.8020405,0.00,0.00,0.00,true,true,0.00,4.00,0.00,5
1773240567000,64.1356805333333,-21.8020405,0.00,0.00,0.00,true,true,0.00,2.00,0.00,6
1773240570000,64.1356805333333,-21.8020405,0.00,0.00,0.00,true,true,0.00,3.00,0.00,7
1773240575000,64.1356805333333,-21.8020405,0.00,0.00,0.00,true,true,0.00,5.00,0.00,8
1773240582000,64.1347350833333,-21.7980063333333,157.64,38.08,36.18,false,false,222.38,7.00,114.37,0
1773240586000,64.1347350833333,-21.7980063333333,24.43,0.00,36.18,true,false,7.06,4.00,6.35,1
1773240591000,64.1347350833333,-21.7980063333333,15.72,15.72,14.93,false,false,17.97,5.00,12.94,0
1773240593000,64.1347350833333,-21.7980063333333,12.11,0.00,14.93,true,false,3.84,2.00,6.91,1
1773240595000,64.1347350833333,-21.7980063333333,0.00,0.00,0.00,true,true,1.28,2.00,2.31,2
1773240600000,64.1347350833333,-21.7980063333333,0.00,0.00,0.00,true,true,2.38,5.00,1.72,3
1773240602000,64.1347350833333,-21.7980063333333,0.00,0.00,0.00,true,true,0.21,2.00,0.38,4
1773240606000,64.1347350833333,-21.7980063333333,0.00,0.00,0.00,true,true,0.06,4.00,0.05,5
1773240609000,64.1347350833333,-21.7980063333333,0.00,0.00,0.00,true,true,0.01,3.00,0.01,6
1773240611000,64.1347350833333,-21.7980063333333,0.00,0.00,0.00,true,true,0.00,2.00,0.00,7
1773240617000,64.1347350833333,-21.7980063333333,0.00,0.00,0.00,true,true,0.00,6.00,0.00,8
1773240623000,64.1353778833333,-21.7932751666667,0.00,0.00,0.00,true,false,0.00,2.00,0.00,1
1773240626000,64.1353778833333,-21.7932751666667,0.00,0.00,0.00,true,true,0.00,3.00,0.00,2
1773240629000,64.1353778833333,-21.7932751666667,0.00,0.00,0.00,true,true,0.00,3.00,0.00,3
1773240634000,64.1353778833333,-21.7932751666667,0.00,0.00,0.00,true,true,0.00,5.00,0.00,4
1773240637000,64.1353778833333,-21.7932751666667,0.00,0.00,0.00,true,true,0.00,3.00,0.00,5
1773240639000,64.1353778833333,-21.7932751666667,0.00,0.00,0.00,true,true,0.00,2.00,0.00,6
1773240645000,64.1353778833333,-21.7932751666667,0.00,0.00,0.00,true,true,0.00,6.00,0.00,7
1773240647000,64.1353778833333,-21.7932751666667,0.00,0.00,0.00,true,true,0.00,2.00,0.00,8
1773240649000,64.1353778833333,-21.7932751666667,0.00,0.00,0.00,true,true,0.00,2.00,0.00,9
1773240652000,64.1353778833333,-21.7932751666667,0.00,0.00,0.00,true,true,0.00,3.00,0.00,10
1773240657000,64.1353778833333,-21.7932751666667,0.00,0.00,0.00,true,true,0.00,5.00,0.00,11
1773240664000,64.1353778833333,-21.7932751666667,0.00,0.00,0.00,true,true,0.00,7.00,0.00,12
1773240667000,64.1353778833333,-21.7932751666667,0.00,0.00,0.00,true,true,0.00,3.00,0.00,13
1773240678000,64.1376827833333,-21.7911101666667,0.00,0.00,0.00,true,false,0.00,5.00,0.00,1
1773240684000,64.1376827833333,-21.7911101666667,0.00,0.00,0.00,true,true,0.00,6.00,0.00,2
1773240694000,64.1391123,-21.7893726666667,105.44,30.84,29.30,false,false,179.75,10.00,64.71,0
1773240703000,64.1391123,-21.7893726666667,57.08,0.00,29.30,true,false,1.89,9.00,0.75,1
1773240706000,64.1391123,-21.7893726666667,0.00,0.00,0.00,true,true,3.75,3.00,4.50,2
1773240710000,64.1391123,-21.7893726666667,0.00,0.00,0.00,true,true,7.23,4.00,6.51,3
1773240712000,64.1391123,-21.7893726666667,0.00,0.00,0.00,true,true,0.84,2.00,1.52,4
1773240715000,64.1391123,-21.7893726666667,0.00,0.00,0.00,true,true,0.23,3.00,0.27,5
1773240717000,64.1391123,-21.7893726666667,0.00,0.00,0.00,true,true,0.05,2.00,0.08,6
1773240719000,64.1391123,-21.7893726666667,0.00,0.00,0.00,true,true,0.01,2.00,0.02,7
1773240722000,64.1391123,-21.7893726666667,0.00,0.00,0.00,true,true,0.00,3.00,0.01,8
1773240724000,64.1391123,-21.7893726666667,0.00,0.00,0.00,true,true,0.00,2.00,0.00,9
1773240728000,64.1391123,-21.7893726666667,0.00,0.00,0.00,true,true,0.00,4.00,0.00,10
1773240732000,64.1391123,-21.7893726666667,0.00,0.00,0.00,true,true,0.00,4.00,0.00,11
1773240734000,64.1391123,-21.7893726666667,0.00,0.00,0.00,true,true,0.00,2.00,0.00,12
1773240743000,64.1393070333333,-21.7848338333333,0.00,0.00,0.00,true,false,0.00,4.00,0.00,1
1773240745000,64.1393070333333,-21.7848338333333,0.00,0.00,0.00,true,true,0.00,2.00,0.00,2
1773240748000,64.1393070333333,-21.7848338333333,0.00,0.00,0.00,true,true,0.00,3.00,0.00,3
1773240750000,64.1393070333333,-21.7848338333333,0.00,0.00,0.00,true,true,0.00,2.00,0.00,4
1773240754000,64.1393070333333,-21.7848338333333,0.00,0.00,0.00,true,true,0.00,4.00,0.00,5
1773240759000,64.1393070333333,-21.7848338333333,0.00,0.00,0.00,true,true,0.00,5.00,0.00,6
1773240764000,64.1393070333333,-21.7848338333333,0.00,0.00,0.00,true,true,0.00,5.00,0.00,7
1773240766000,64.1393070333333,-21.7848338333333,0.00,0.00,0.00,true,true,0.00,2.00,0.00,8
1773240770000,64.1393070333333,-21.7848338333333,0.00,0.00,0.00,true,true,0.00,4.00,0.00,9
1773240772000,64.1393070333333,-21.7848338333333,0.00,0.00,0.00,true,true,0.00,2.00,0.00,10
1773240775000,64.1393070333333,-21.7848338333333,0.00,0.00,0.00,true,true,0.00,3.00,0.00,11
1773240784000,64.1396258666667,-21.780583,0.00,0.00,0.00,true,false,0.00,7.00,0.00,1
1773240786000,64.1396258666667,-21.780583,0.00,0.00,0.00,true,true,0.00,2.00,0.00,2
1773240790000,64.1396258666667,-21.780583,0.00,0.00,0.00,true,true,0.00,4.00,0.00,3
1773240793000,64.1396258666667,-21.780583,0.00,0.00,0.00,true,true,0.00,3.00,0.00,4
1773240796000,64.1396258666667,-21.780583,0.00,0.00,0.00,true,true,0.00,3.00,0.00,5
1773240801000,64.1396258666667,-21.780583,0.00,0.00,0.00,true,true,0.00,5.00,0.00,6
1773240805000,64.1396258666667,-21.780583,0.00,0.00,0.00,true,true,0.00,4.00,0.00,7
1773240808000,64.1396258666667,-21.780583,0.00,0.00,0.00,true,true,0.00,3.00,0.00,8
1773240811000,64.1396258666667,-21.780583,0.00,0.00,0.00,true,true,0.00,3.00,0.00,9
1773240814000,64.1396258666667,-21.780583,0.00,0.00,0.00,true,true,0.00,3.00,0.00,10
1773240823000,64.1386745333333,-21.7768383333333,0.00,0.00,0.00,true,false,0.00,3.00,0.00,1
1773240825000,64.1386745333333,-21.7768383333333,0.00,0.00,0.00,true,true,0.00,2.00,0.00,2
1773240829000,64.1386745333333,-21.7768383333333,0.00,0.00,0.00,true,true,0.00,4.00,0.00,3
1773240831000,64.1386745333333,-21.7768383333333,0.00,0.00,0.00,true,true,0.00,2.00,0.00,4
1773240834000,64.1386745333333,-21.7768383333333,0.00,0.00,0.00,true,true,0.00,3.00,0.00,5
1773240840000,64.1386745333333,-21.7768383333333,0.00,0.00,0.00,true,true,0.00,6.00,0.00,6
1773240843000,64.1386745333333,-21.7768383333333,0.00,0.00,0.00,true,true,0.00,3.00,0.00,7
1773240849000,64.1382119333333,-21.77432,100.52,23.86,22.66,false,false,132.73,6.00,79.64,0
1773240851000,64.1382119333333,-21.77432,63.95,0.00,22.66,true,false,6.74,2.00,12.13,1
1773240855000,64.1382119333333,-21.77432,2.57,2.57,2.45,false,false,12.70,4.00,11.43,0
1773240858000,64.1382119333333,-21.77432,9.01,9.01,8.56,false,false,10.57,3.00,12.69,0
1773240863000,64.1382119333333,-21.77432,0.39,0.00,8.56,true,false,1.52,5.00,1.09,1
1773240866000,64.1382119333333,-21.77432,0.00,0.00,0.00,true,true,0.88,3.00,1.05,2
1773240870000,64.1382119333333,-21.77432,0.00,0.00,0.00,true,true,0.21,4.00,0.19,3
1773240873000,64.1382119333333,-21.77432,0.00,0.00,0.00,true,true,0.03,3.00,0.03,4
1773240875000,64.1382119333333,-21.77432,0.00,0.00,0.00,true,true,0.00,2.00,0.01,5
1773240881000,64.1382119333333,-21.77432,0.00,0.00,0.00,true,true,0.00,6.00,0.00,6
1773240886000,64.1382119333333,-21.77432,0.00,0.00,0.00,true,true,0.00,5.00,0.00,7
1773240892000,64.1382119333333,-21.77432,0.00,0.00,0.00,true,true,0.00,6.00,0.00,8
1773240894000,64.1382119333333,-21.77432,0.00,0.00,0.00,true,true,0.00,2.00,0.00,9
1773240898000,64.1382119333333,-21.77432,0.00,0.00,0.00,true,true,0.00,4.00,0.00,10
1773240900000,64.1382119333333,-21.77432,0.00,0.00,0.00,true,true,0.00,2.00,0.00,11
1773240902000,64.1382119333333,-21.77432,0.00,0.00,0.00,true,true,0.00,2.00,0.00,12
1773240905000,64.1382119333333,-21.77432,0.00,0.00,0.00,true,true,0.00,3.00,0.00,13
1773240908000,64.1382119333333,-21.77432,0.00,0.00,0.00,true,true,0.00,3.00,0.00,14
1773240915000,64.1393699333333,-21.7721143333333,122.17,35.45,33.68,false,false,167.37,7.00,86.08,0
1773240917000,64.1393699333333,-21.7721143333333,75.99,0.00,33.68,true,false,5.80,2.00,10.45,1
1773240920000,64.1393699333333,-21.7721143333333,14.77,14.77,14.03,false,false,16.05,3.00,19.26,0
1773240926000,64.1393699333333,-21.7721143333333,15.78,15.78,14.99,false,false,15.39,6.00,9.23,0
1773240928000,64.1393699333333,-21.7721143333333,10.83,0.00,14.99,true,false,2.10,2.00,3.78,1
1773240930000,64.1393699333333,-21.7721143333333,0.00,0.00,0.00,true,true,1.73,2.00,3.11,2
1773240934000,64.1393699333333,-21.7721143333333,0.00,0.00,0.00,true,true,2.29,4.00,2.06,3
1773240938000,64.1393699333333,-21.7721143333333,0.00,0.00,0.00,true,true,0.31,4.00,0.28,4
1773240941000,64.1393699333333,-21.7721143333333,0.00,0.00,0.00,true,true,0.04,3.00,0.04,5
1773240943000,64.1393699333333,-21.7721143333333,0.00,0.00,0.00,true,true,0.01,2.00,0.01,6
1773240949000,64.1393699333333,-21.7721143333333,0.00,0.00,0.00,true,true,0.00,6.00,0.00,7
1773240958000,64.1393699333333,-21.7721143333333,0.00,0.00,0.00,true,true,0.00,9.00,0.00,8
1773240963000,64.14492405,-21.7741708333333,0.00,0.00,0.00,true,false,0.00,3.00,0.00,1
1773240967000,64.14492405,-21.7741708333333,0.00,0.00,0.00,true,true,0.00,4.00,0.00,2
1773240969000,64.14492405,-21.7741708333333,0.00,0.00,0.00,true,true,0.00,2.00,0.00,3
1773240975000,64.14492405,-21.7741708333333,0.00,0.00,0.00,true,true,0.00,6.00,0.00,4
1773240978000,64.14492405,-21.7741708333333,0.00,0.00,0.00,true,true,0.00,3.00,0.00,5
1773240984000,64.14492405,-21.7741708333333,0.00,0.00,0.00,true,true,0.00,6.00,0.00,6
1773240987000,64.14492405,-21.7741708333333,0.00,0.00,0.00,true,true,0.00,3.00,0.00,7
1773240990000,64.14492405,-21.7741708333333,0.00,0.00,0.00,true,true,0.00,3.00,0.00,8
1773240993000,64.14492405,-21.7741708333333,0.00,0.00,0.00,true,true,0.00,3.00,0.00,9
1773240995000,64.14492405,-21.7741708333333,0.00,0.00,0.00,true,true,0.00,2.00,0.00,10
1773240999000,64.14492405,-21.7741708333333,0.00,0.00,0.00,true,true,0.00,4.00,0.00,11
1773241002000,64.14492405,-21.7741708333333,0.00,0.00,0.00,true,true,0.00,3.00,0.00,12
1773241010000,64.1463866666667,-21.770939,0.00,0.00,0.00,true,false,0.00,6.00,0.00,1
1773241013000,64.1463866666667,-21.770939,0.00,0.00,0.00,true,true,0.00,3.00,0.00,2
1773241015000,64.1463866666667,-21.770939,0.00,0.00,0.00,true,true,0.00,2.00,0.00,3
1773241017000,64.1463866666667,-21.770939,0.00,0.00,0.00,true,true,0.00,2.00,0.00,4
1773241019000,64.1463866666667,-21.770939,0.00,0.00,0.00,true,true,0.00,2.00,0.00,5
1773241022000,64.1463866666667,-21.770939,0.00,0.00,0.00,true,true,0.00,3.00,0.00,6
1773241030000,64.1463866666667,-21.770939,0.00,0.00,0.00,true,true,0.00,8.00,0.00,7
1773241033000,64.1463866666667,-21.770939,0.00,0.00,0.00,true,true,0.00,3.00,0.00,8
1773241037000,64.1463866666667,-21.770939,0.00,0.00,0.00,true,true,0.00,4.00,0.00,9
1773241039000,64.1463866666667,-21.770939,0.00,0.00,0.00,true,true,0.00,2.00,0.00,10
1773241043000,64.1463866666667,-21.770939,0.00,0.00,0.00,true,true,0.00,4.00,0.00,11
1773241045000,64.1463866666667,-21.770939,0.00,0.00,0.00,true,true,0.00,2.00,0.00,12
1773241051000,64.1463866666667,-21.770939,0.00,0.00,0.00,true,true,0.00,6.00,0.00,13
1773241053000,64.1463866666667,-21.770939,0.00,0.00,0.00,true,true,0.00,2.00,0.00,14
1773241058000,64.1463866666667,-21.770939,0.00,0.00,0.00,true,true,0.00,5.00,0.00,15
1773241060000,64.1463866666667,-21.770939,0.00,0.00,0.00,true,true,0.00,2.00,0.00,16
1773241064000,64.1463866666667,-21.770939,0.00,0.00,0.00,true,true,0.00,4.00,0.00,17
1773241071000,64.1463866666667,-21.770939,0.00,0.00,0.00,true,true,0.00,7.00,0.00,18
1773241073000,64.1463866666667,-21.770939,0.00,0.00,0.00,true,true,0.00,2.00,0.00,19
1773241077000,64.1463866666667,-21.770939,0.00,0.00,0.00,true,true,0.00,4.00,0.00,20
1773241079000,64.1463866666667,-21.770939,0.00,0.00,0.00,true,true,0.00,2.00,0.00,21
1773241083000,64.1463866666667,-21.770939,0.00,0.00,0.00,true,true,0.00,4.00,0.00,22
1773241094000,64.1442113,-21.7747921666667,0.00,0.00,0.00,true,false,0.00,5.00,0.00,1
1773241100000,64.1442113,-21.7747921666667,0.00,0.00,0.00,true,true,0.00,6.00,0.00,2
1773241103000,64.1442113,-21.7747921666667,0.00,0.00,0.00,true,true,0.00,3.00,0.00,3
1773241106000,64.1442113,-21.7747921666667,0.00,0.00,0.00,true,true,0.00,3.00,0.00,4
1773241109000,64.1442113,-21.7747921666667,0.00,0.00,0.00,true,true,0.00,3.00,0.00,5
1773241112000,64.1442113,-21.7747921666667,0.00,0.00,0.00,true,true,0.00,3.00,0.00,6
1773241120000,64.1396284,-21.7725566666667,0.00,0.00,0.00,true,false,0.00,2.00,0.00,1
1773241123000,64.1396284,-21.7725566666667,0.00,0.00,0.00,true,true,0.00,3.00,0.00,2
1773241127000,64.1396284,-21.7725566666667,0.00,0.00,0.00,true,true,0.00,4.00,0.00,3
1773241129000,64.1396284,-21.7725566666667,0.00,0.00,0.00,true,true,0.00,2.00,0.00,4
1773241133000,64.1396284,-21.7725566666667,0.00,0.00,0.00,true,true,0.00,4.00,0.00,5
1773241135000,64.1396284,-21.7725566666667,0.00,0.00,0.00,true,true,0.00,2.00,0.00,6
1773241141000,64.1396284,-21.7725566666667,0.00,0.00,0.00,true,true,0.00,6.00,0.00,7
1773241145000,64.1396284,-21.7725566666667,0.00,0.00,0.00,true,true,0.00,4.00,0.00,8
1773241149000,64.1396284,-21.7725566666667,0.00,0.00,0.00,true,true,0.00,4.00,0.00,9
1773241152000,64.1396284,-21.7725566666667,0.00,0.00,0.00,true,true,0.00,3.00,0.00,10
1773241156000,64.1396284,-21.7725566666667,0.00,0.00,0.00,true,true,0.00,4.00,0.00,11
1773241158000,64.1396284,-21.7725566666667,0.00,0.00,0.00,true,true,0.00,2.00,0.00,12
1773241160000,64.1396284,-21.7725566666667,0.00,0.00,0.00,true,true,0.00,2.00,0.00,13
1773241164000,64.1396284,-21.7725566666667,0.00,0.00,0.00,true,true,0.00,4.00,0.00,14
1773241166000,64.1396284,-21.7725566666667,0.00,0.00,0.00,true,true,0.00,2.00,0.00,15
1773241171000,64.1382124666667,-21.773956,0.00,0.00,0.00,true,false,0.00,2.00,0.00,1
1773241175000,64.1382124666667,-21.773956,0.00,0.00,0.00,true,true,0.00,4.00,0.00,2
1773241178000,64.1382124666667,-21.773956,0.00,0.00,0.00,true,true,0.00,3.00,0.00,3
1773241180000,64.1382124666667,-21.773956,0.00,0.00,0.00,true,true,0.00,2.00,0.00,4
1773241189000,64.13858185,-21.7765568333333,87.37,23.88,22.69,false,false,132.88,9.00,53.15,0
1773241191000,64.13858185,-21.7765568333333,53.93,0.00,22.69,true,false,2.22,2.00,4.00,1
1773241195000,64.13858185,-21.7765568333333,3.76,3.76,3.58,false,false,12.35,4.00,11.12,0
1773241200000,64.13858185,-21.7765568333333,6.77,0.00,3.58,true,false,9.11,5.00,6.56,1
1773241202000,64.13858185,-21.7765568333333,0.00,0.00,0.00,true,true,0.29,2.00,0.53,2
1773241211000,64.13965455,-21.780849,0.00,0.00,0.00,true,false,0.00,5.00,0.00,1
1773241213000,64.13965455,-21.780849,0.00,0.00,0.00,true,true,0.00,2.00,0.00,2
1773241216000,64.13965455,-21.780849,0.00,0.00,0.00,true,true,0.00,3.00,0.00,3
1773241221000,64.13965455,-21.780849,0.00,0.00,0.00,true,true,0.00,5.00,0.00,4
1773241230000,64.1393569166667,-21.7845848333333,0.00,0.00,0.00,true,false,0.00,4.00,0.00,1
1773241234000,64.1393569166667,-21.7845848333333,0.00,0.00,0.00,true,true,0.00,4.00,0.00,2
1773241237000,64.1393569166667,-21.7845848333333,0.00,0.00,0.00,true,true,0.00,3.00,0.00,3
1773241243000,64.1393569166667,-21.7845848333333,0.00,0.00,0.00,true,true,0.00,6.00,0.00,4
1773241252000,64.1393616833333,-21.7894316666667,0.00,0.00,0.00,true,false,0.00,3.00,0.00,1
1773241256000,64.1393616833333,-21.7894316666667,0.00,0.00,0.00,true,true,0.00,4.00,0.00,2
1773241261000,64.1393616833333,-21.7894316666667,0.00,0.00,0.00,true,true,0.00,5.00,0.00,3
1773241266000,64.1393616833333,-21.7894316666667,0.00,0.00,0.00,true,true,0.00,5.00,0.00,4
1773241272000,64.1378930666667,-21.7907245,0.00,0.00,0.00,true,false,0.00,2.00,0.00,1
1773241275000,64.1378930666667,-21.7907245,0.00,0.00,0.00,true,true,0.00,3.00,0.00,2
1773241279000,64.1378930666667,-21.7907245,0.00,0.00,0.00,true,true,0.00,4.00,0.00,3
1773241285000,64.1378930666667,-21.7907245,0.00,0.00,0.00,true,true,0.00,6.00,0.00,4
1773241287000,64.1378930666667,-21.7907245,0.00,0.00,0.00,true,true,0.00,2.00,0.00,5
1773241292000,64.1378930666667,-21.7907245,0.00,0.00,0.00,true,true,0.00,5.00,0.00,6
1773241297000,64.1378930666667,-21.7907245,0.00,0.00,0.00,true,true,0.00,5.00,0.00,7
1773241307000,64.1357888,-21.793169,0.00,0.00,0.00,true,false,0.00,5.00,0.00,1
1773241312000,64.1357888,-21.793169,0.00,0.00,0.00,true,true,0.00,5.00,0.00,2
1773241319000,64.1357888,-21.793169,0.00,0.00,0.00,true,true,0.00,7.00,0.00,3
1773241322000,64.1357888,-21.793169,0.00,0.00,0.00,true,true,0.00,3.00,0.00,4
1773241324000,64.1357888,-21.793169,0.00,0.00,0.00,true,true,0.00,2.00,0.00,5
1773241326000,64.1357888,-21.793169,0.00,0.00,0.00,true,true,0.00,2.00,0.00,6
1773241328000,64.1357888,-21.793169,0.00,0.00,0.00,true,true,0.00,2.00,0.00,7
1773241333000,64.1357888,-21.793169,0.00,0.00,0.00,true,true,0.00,5.00,0.00,8
1773241339000,64.1357888,-21.793169,0.00,0.00,0.00,true,true,0.00,6.00,0.00,9
1773241348000,64.1347490166667,-21.797863,0.00,0.00,0.00,true,false,0.00,2.00,0.00,1
1773241352000,64.1347490166667,-21.797863,0.00,0.00,0.00,true,true,0.00,4.00,0.00,2
1773241354000,64.1347490166667,-21.797863,0.00,0.00,0.00,true,true,0.00,2.00,0.00,3
1773241357000,64.1347490166667,-21.797863,0.00,0.00,0.00,true,true,0.00,3.00,0.00,4
1773241359000,64.1347490166667,-21.797863,0.00,0.00,0.00,true,true,0.00,2.00,0.00,5
1773241363000,64.1347490166667,-21.797863,0.00,0.00,0.00,true,true,0.00,4.00,0.00,6
1773241365000,64.1347490166667,-21.797863,0.00,0.00,0.00,true,true,0.00,2.00,0.00,7
1773241369000,64.1347490166667,-21.797863,0.00,0.00,0.00,true,true,0.00,4.00,0.00,8
1773241376000,64.13569255,-21.8020156666667,0.00,0.00,0.00,true,false,0.00,2.00,0.00,1
1773241380000,64.13569255,-21.8020156666667,0.00,0.00,0.00,true,true,0.00,4.00,0.00,2
1773241385000,64.13569255,-21.8020156666667,0.00,0.00,0.00,true,true,0.00,5.00,0.00,3
1773241387000,64.13569255,-21.8020156666667,0.00,0.00,0.00,true,true,0.00,2.00,0.00,4
1773241389000,64.13569255,-21.8020156666667,0.00,0.00,0.00,true,true,0.00,2.00,0.00,5
1773241395000,64.13569255,-21.8020156666667,0.00,0.00,0.00,true,true,0.00,6.00,0.00,6
1773241398000,64.13569255,-21.8020156666667,0.00,0.00,0.00,true,true,0.00,3.00,0.00,7
1773241404000,64.1364555333333,-21.806688,0.00,0.00,0.00,true,false,0.00,4.00,0.00,1
1773241406000,64.1364555333333,-21.806688,0.00,0.00,0.00,true,true,0.00,2.00,0.00,2
1773241408000,64.1364555333333,-21.806688,0.00,0.00,0.00,true,true,0.00,2.00,0.00,3
1773241411000,64.1364555333333,-21.806688,0.00,0.00,0.00,true,true,0.00,3.00,0.00,4
1773241415000,64.1364555333333,-21.806688,0.00,0.00,0.00,true,true,0.00,4.00,0.00,5
1773241421000,64.1364555333333,-21.806688,0.00,0.00,0.00,true,true,0.00,6.00,0.00,6
1773241423000,64.1364555333333,-21.806688,0.00,0.00,0.00,true,true,0.00,2.00,0.00,7
1773241425000,64.1364555333333,-21.806688,0.00,0.00,0.00,true,true,0.00,2.00,0.00,8
1773241428000,64.1364555333333,-21.806688,0.00,0.00,0.00,true,true,0.00,3.00,0.00,9
1773241432000,64.1364555333333,-21.806688,0.00,0.00,0.00,true,true,0.00,4.00,0.00,10
1773241435000,64.1364555333333,-21.806688,0.00,0.00,0.00,true,true,0.00,3.00,0.00,11
1773241440000,64.1364555333333,-21.806688,0.00,0.00,0.00,true,true,0.00,5.00,0.00,12
1773241442000,64.1364555333333,-21.806688,0.00,0.00,0.00,true,true,0.00,2.00,0.00,13
1773241445000,64.1364555333333,-21.806688,0.00,0.00,0.00,true,true,0.00,3.00,0.00,14
1773241447000,64.1364555333333,-21.806688,0.00,0.00,0.00,true,true,0.00,2.00,0.00,15
1773241453000,64.137185,-21.8100905,0.00,0.00,0.00,true,false,0.00,2.00,0.00,1
1773241457000,64.137185,-21.8100905,0.00,0.00,0.00,true,true,0.00,4.00,0.00,2
1773241459000,64.137185,-21.8100905,0.00,0.00,0.00,true,true,0.00,2.00,0.00,3
1773241462000,64.137185,-21.8100905,0.00,0.00,0.00,true,true,0.00,3.00,0.00,4
1773241465000,64.137185,-21.8100905,0.00,0.00,0.00,true,true,0.00,3.00,0.00,5
1773241470000,64.1367368,-21.812298,93.01,25.01,23.76,false,false,118.26,5.00,85.15,0
1773241472000,64.1367368,-21.812298,62.07,0.00,23.76,true,false,9.56,2.00,17.20,1
1773241474000,64.1367368,-21.812298,30.18,28.35,26.93,false,false,11.06,2.00,19.91,0
1773241480000,64.1367368,-21.812298,19.97,19.97,18.97,false,false,13.62,6.00,8.17,0
1773241486000,64.1367368,-21.812298,2.06,0.00,18.97,true,false,3.62,6.00,2.17,1
1773241492000,64.1367368,-21.812298,0.00,0.00,0.00,true,true,1.40,6.00,0.84,2
1773241498000,64.1367368,-21.812298,0.00,0.00,0.00,true,true,0.09,6.00,0.06,3
1773241501000,64.1367368,-21.812298,0.00,0.00,0.00,true,true,0.00,3.00,0.01,4
1773241503000,64.1367368,-21.812298,0.00,0.00,0.00,true,true,0.00,2.00,0.00,5
1773241505000,64.1367368,-21.812298,0.00,0.00,0.00,true,true,0.00,2.00,0.00,6
1773241509000,64.1367368,-21.812298,0.00,0.00,0.00,true,true,0.00,4.00,0.00,7
1773241514000,64.1382855666667,-21.815926,0.00,0.00,0.00,true,false,0.00,3.00,0.00,1
1773241518000,64.1382855666667,-21.815926,0.00,0.00,0.00,true,true,0.00,4.00,0.00,2
1773241524000,64.1382855666667,-21.815926,0.00,0.00,0.00,true,true,0.00,6.00,0.00,3
1773241526000,64.1382855666667,-21.815926,0.00,0.00,0.00,true,true,0.00,2.00,0.00,4
1773241529000,64.1382855666667,-21.815926,0.00,0.00,0.00,true,true,0.00,3.00,0.00,5
1773241535000,64.1393101833333,-21.8183388333333,0.00,0.00,0.00,true,false,0.00,4.00,0.00,1
1773241539000,64.1393101833333,-21.8183388333333,0.00,0.00,0.00,true,true,0.00,4.00,0.00,2
1773241541000,64.1393101833333,-21.8183388333333,0.00,0.00,0.00,true,true,0.00,2.00,0.00,3
1773241546000,64.1393101833333,-21.8183388333333,0.00,0.00,0.00,true,true,0.00,5.00,0.00,4
1773241552000,64.1403590166667,-21.8172341666667,0.00,0.00,0.00,true,false,0.00,4.00,0.00,1
1773241556000,64.1403590166667,-21.8172341666667,0.00,0.00,0.00,true,true,0.00,4.00,0.00,2
1773241559000,64.1403590166667,-21.8172341666667,0.00,0.00,0.00,true,true,0.00,3.00,0.00,3
1773241563000,64.1403590166667,-21.8172341666667,0.00,0.00,0.00,true,true,0.00,4.00,0.00,4
1773241567000,64.1403590166667,-21.8172341666667,0.00,0.00,0.00,true,true,0.00,4.00,0.00,5
1773241569000,64.1403590166667,-21.8172341666667,0.00,0.00,0.00,true,true,0.00,2.00,0.00,6
1773241571000,64.1403590166667,-21.8172341666667,0.00,0.00,0.00,true,true,0.00,2.00,0.00,7
1773241574000,64.1403590166667,-21.8172341666667,0.00,0.00,0.00,true,true,0.00,3.00,0.00,8
1773241578000,64.1403590166667,-21.8172341666667,0.00,0.00,0.00,true,true,0.00,4.00,0.00,9
1773241580000,64.1403590166667,-21.8172341666667,0.00,0.00,0.00,true,true,0.00,2.00,0.00,10
1773241584000,64.1403590166667,-21.8172341666667,0.00,0.00,0.00,true,true,0.00,4.00,0.00,11
1773241588000,64.1403590166667,-21.8172341666667,0.00,0.00,0.00,true,true,0.00,4.00,0.00,12
1773241592000,64.1403590166667,-21.8172341666667,0.00,0.00,0.00,true,true,0.00,4.00,0.00,13
1773241594000,64.1403590166667,-21.8172341666667,0.00,0.00,0.00,true,true,0.00,2.00,0.00,14
1773241599000,64.1397513833333,-21.8121435,0.00,0.00,0.00,true,false,0.00,3.00,0.00,1
1773241601000,64.1397513833333,-21.8121435,0.00,0.00,0.00,true,true,0.00,2.00,0.00,2
1773241604000,64.1397513833333,-21.8121435,0.00,0.00,0.00,true,true,0.00,3.00,0.00,3
1773241606000,64.1397513833333,-21.8121435,0.00,0.00,0.00,true,true,0.00,2.00,0.00,4
1773241610000,64.1397513833333,-21.8121435,0.00,0.00,0.00,true,true,0.00,4.00,0.00,5
1773241614000,64.1397513833333,-21.8121435,0.00,0.00,0.00,true,true,0.00,4.00,0.00,6
1773241616000,64.1397513833333,-21.8121435,0.00,0.00,0.00,true,true,0.00,2.00,0.00,7
1773241624000,64.13854605,-21.8086413333333,0.00,0.00,0.00,true,false,0.00,5.00,0.00,1
1773241628000,64.13854605,-21.8086413333333,0.00,0.00,0.00,true,true,0.00,4.00,0.00,2
1773241630000,64.13854605,-21.8086413333333,0.00,0.00,0.00,true,true,0.00,2.00,0.00,3
1773241632000,64.13854605,-21.8086413333333,0.00,0.00,0.00,true,true,0.00,2.00,0.00,4
1773241635000,64.13854605,-21.8086413333333,0.00,0.00,0.00,true,true,0.00,3.00,0.00,5
1773241637000,64.13854605,-21.8086413333333,0.00,0.00,0.00,true,true,0.00,2.00,0.00,6
1773241641000,64.13854605,-21.8086413333333,0.00,0.00,0.00,true,true,0.00,4.00,0.00,7
1773241645000,64.13854605,-21.8086413333333,0.00,0.00,0.00,true,true,0.00,4.00,0.00,8
1773241647000,64.13854605,-21.8086413333333,0.00,0.00,0.00,true,true,0.00,2.00,0.00,9
1773241652000,64.13854605,-21.8086413333333,0.00,0.00,0.00,true,true,0.00,5.00,0.00,10
1773241654000,64.13854605,-21.8086413333333,0.00,0.00,0.00,true,true,0.00,2.00,0.00,11
1773241658000,64.1383552666667,-21.8071893333333,58.48,15.58,14.80,false,false,73.68,4.00,66.31,0
1773241660000,64.1383552666667,-21.8071893333333,42.03,0.00,14.80,true,false,9.55,2.00,17.20,1
1773241664000,64.1383552666667,-21.8071893333333,0.00,0.00,0.00,true,true,6.25,4.00,5.62,2
1773241666000,64.1383552666667,-21.8071893333333,0.00,0.00,0.00,true,true,7.03,2.00,12.65,3
1773241668000,64.1383552666667,-21.8071893333333,0.00,0.00,0.00,true,true,1.92,2.00,3.45,4
1773241670000,64.1383552666667,-21.8071893333333,0.00,0.00,0.00,true,true,0.59,2.00,1.05,5
1773241678000,64.1383552666667,-21.8071893333333,0.00,0.00,0.00,true,true,0.19,8.00,0.08,6
1773241682000,64.1383552666667,-21.8071893333333,0.00,0.00,0.00,true,true,0.00,4.00,0.00,7
1773241684000,64.1383552666667,-21.8071893333333,0.00,0.00,0.00,true,true,0.00,2.00,0.00,8
1773241687000,64.1383552666667,-21.8071893333333,0.00,0.00,0.00,true,true,0.00,3.00,0.00,9
1773241691000,64.1383552666667,-21.8071893333333,0.00,0.00,0.00,true,true,0.00,4.00,0.00,10
1773241693000,64.1383552666667,-21.8071893333333,0.00,0.00,0.00,true,true,0.00,2.00,0.00,11
1773241699000,64.14474975,-21.8059763333333,0.00,0.00,0.00,true,false,0.00,2.00,0.00,1
1773241703000,64.14474975,-21.8059763333333,0.00,0.00,0.00,true,true,0.00,4.00,0.00,2
1773241705000,64.14474975,-21.8059763333333,0.00,0.00,0.00,true,true,0.00,2.00,0.00,3
1773241709000,64.14474975,-21.8059763333333,0.00,0.00,0.00,true,true,0.00,4.00,0.00,4
1773241713000,64.14474975,-21.8059763333333,0.00,0.00,0.00,true,true,0.00,4.00,0.00,5
1773241717000,64.14474975,-21.8059763333333,0.00,0.00,0.00,true,true,0.00,4.00,0.00,6
1773241719000,64.14474975,-21.8059763333333,0.00,0.00,0.00,true,true,0.00,2.00,0.00,7
1773241723000,64.14474975,-21.8059763333333,0.00,0.00,0.00,true,true,0.00,4.00,0.00,8
1773241727000,64.14474975,-21.8059763333333,0.00,0.00,0.00,true,true,0.00,4.00,0.00,9
1773241729000,64.14474975,-21.8059763333333,0.00,0.00,0.00,true,true,0.00,2.00,0.00,10
1773241733000,64.14474975,-21.8059763333333,0.00,0.00,0.00,true,true,0.00,4.00,0.00,11
1773241738000,64.14474975,-21.8059763333333,0.00,0.00,0.00,true,true,0.00,5.00,0.00,12
1773241744000,64.14474975,-21.8059763333333,0.00,0.00,0.00,true,true,0.00,6.00,0.00,13
1773241747000,64.14474975,-21.8059763333333,0.00,0.00,0.00,true,true,0.00,3.00,0.00,14
1773241751000,64.14474975,-21.8059763333333,0.00,0.00,0.00,true,true,0.00,4.00,0.00,15
1773241753000,64.14474975,-21.8059763333333,0.00,0.00,0.00,true,true,0.00,2.00,0.00,16
1773241757000,64.14474975,-21.8059763333333,0.00,0.00,0.00,true,true,0.00,4.00,0.00,17
1773241759000,64.14474975,-21.8059763333333,0.00,0.00,0.00,true,true,0.00,2.00,0.00,18
1773241762000,64.14474975,-21.8059763333333,0.00,0.00,0.00,true,true,0.00,3.00,0.00,19
1773241768000,64.14474975,-21.8059763333333,0.00,0.00,0.00,true,true,0.00,6.00,0.00,20
1773241772000,64.14474975,-21.8059763333333,0.00,0.00,0.00,true,true,0.00,4.00,0.00,21
1773241774000,64.14474975,-21.8059763333333,0.00,0.00,0.00,true,true,0.00,2.00,0.00,22
1773241779000,64.14474975,-21.8059763333333,0.00,0.00,0.00,true,true,0.00,5.00,0.00,23
1773241786000,64.1434079833333,-21.807487,0.00,0.00,0.00,true,false,0.00,4.00,0.00,1
1773241788000,64.1434079833333,-21.807487,0.00,0.00,0.00,true,true,0.00,2.00,0.00,2
1773241792000,64.1434079833333,-21.807487,0.00,0.00,0.00,true,true,0.00,4.00,0.00,3
1773241794000,64.1434079833333,-21.807487,0.00,0.00,0.00,true,true,0.00,2.00,0.00,4
1773241796000,64.1434079833333,-21.807487,0.00,0.00,0.00,true,true,0.00,2.00,0.00,5
1773241800000,64.1434079833333,-21.807487,0.00,0.00,0.00,true,true,0.00,4.00,0.00,6
1773241806000,64.1434079833333,-21.807487,0.00,0.00,0.00,true,true,0.00,6.00,0.00,7
1773241808000,64.1434079833333,-21.807487,0.00,0.00,0.00,true,true,0.00,2.00,0.00,8
1773241810000,64.1434079833333,-21.807487,0.00,0.00,0.00,true,true,0.00,2.00,0.00,9
1773241815000,64.1434079833333,-21.807487,0.00,0.00,0.00,true,true,0.00,5.00,0.00,10
1773241820000,64.1434079833333,-21.807487,0.00,0.00,0.00,true,true,0.00,5.00,0.00,11
1773241824000,64.1434079833333,-21.807487,0.00,0.00,0.00,true,true,0.00,4.00,0.00,12
1773241827000,64.1434079833333,-21.807487,0.00,0.00,0.00,true,true,0.00,3.00,0.00,13
1773241831000,64.1434079833333,-21.807487,0.00,0.00,0.00,true,true,0.00,4.00,0.00,14
1773241833000,64.1434079833333,-21.807487,0.00,0.00,0.00,true,true,0.00,2.00,0.00,15
1773241835000,64.1434079833333,-21.807487,0.00,0.00,0.00,true,true,0.00,2.00,0.00,16
1773241838000,64.1434079833333,-21.807487,0.00,0.00,0.00,true,true,0.00,3.00,0.00,17
1773241842000,64.1434079833333,-21.807487,0.00,0.00,0.00,true,true,0.00,4.00,0.00,18
1773241844000,64.1434079833333,-21.807487,0.00,0.00,0.00,true,true,0.00,2.00,0.00,19
1773241848000,64.1434079833333,-21.807487,0.00,0.00,0.00,true,true,0.00,4.00,0.00,20
1773241851000,64.1434079833333,-21.807487,0.00,0.00,0.00,true,true,0.00,3.00,0.00,21
1773241855000,64.1434079833333,-21.807487,0.00,0.00,0.00,true,true,0.00,4.00,0.00,22
1773241857000,64.1434079833333,-21.807487,0.00,0.00,0.00,true,true,0.00,2.00,0.00,23
1773241863000,64.1434079833333,-21.807487,0.00,0.00,0.00,true,true,0.00,6.00,0.00,24
1773241865000,64.1434079833333,-21.807487,0.00,0.00,0.00,true,true,0.00,2.00,0.00,25
1773241867000,64.1434079833333,-21.807487,0.00,0.00,0.00,true,true,0.00,2.00,0.00,26
1773241873000,64.1434079833333,-21.807487,0.00,0.00,0.00,true,true,0.00,6.00,0.00,27
1773241876000,64.1434079833333,-21.807487,0.00,0.00,0.00,true,true,0.00,3.00,0.00,28
1773241880000,64.1434079833333,-21.807487,0.00,0.00,0.00,true,true,0.00,4.00,0.00,29
1773241882000,64.1434079833333,-21.807487,0.00,0.00,0.00,true,true,0.00,2.00,0.00,30
1773241885000,64.1434079833333,-21.807487,0.00,0.00,0.00,true,true,0.00,3.00,0.00,31
1773241887000,64.1434079833333,-21.807487,0.00,0.00,0.00,true,true,0.00,2.00,0.00,32
1773241891000,64.1434079833333,-21.807487,0.00,0.00,0.00,true,true,0.00,4.00,0.00,33
1773241893000,64.1434079833333,-21.807487,0.00,0.00,0.00,true,true,0.00,2.00,0.00,34
1773241895000,64.1434079833333,-21.807487,0.00,0.00,0.00,true,true,0.00,2.00,0.00,35
1773241899000,64.1434079833333,-21.807487,0.00,0.00,0.00,true,true,0.00,4.00,0.00,36
1773241901000,64.1434079833333,-21.807487,0.00,0.00,0.00,true,true,0.00,2.00,0.00,37
1773241905000,64.1432582,-21.8070833333333,20.42,6.61,6.28,false,false,25.72,4.00,23.14,0
1773241907000,64.1432582,-21.8070833333333,14.74,0.00,6.28,true,false,3.42,2.00,6.16,1
1773241910000,64.1432582,-21.8070833333333,0.00,0.00,0.00,true,true,2.16,3.00,2.59,2
1773241913000,64.1432582,-21.8070833333333,0.00,0.00,0.00,true,true,2.95,3.00,3.55,3
1773241916000,64.1432582,-21.8070833333333,0.00,0.00,0.00,true,true,0.57,3.00,0.69,4
1773241918000,64.1432582,-21.8070833333333,0.00,0.00,0.00,true,true,0.11,2.00,0.20,5
1773241921000,64.1432582,-21.8070833333333,0.00,0.00,0.00,true,true,0.03,3.00,0.04,6
1773241925000,64.1432582,-21.8070833333333,0.00,0.00,0.00,true,true,0.01,4.00,0.01,7
1773241931000,64.1432582,-21.8070833333333,0.00,0.00,0.00,true,true,0.00,6.00,0.00,8
1773241935000,64.1432582,-21.8070833333333,0.00,0.00,0.00,true,true,0.00,4.00,0.00,9
1773241941000,64.1432582,-21.8070833333333,0.00,0.00,0.00,true,true,0.00,6.00,0.00,10
1773241943000,64.1432582,-21.8070833333333,0.00,0.00,0.00,true,true,0.00,2.00,0.00,11
1773241946000,64.1432582,-21.8070833333333,0.00,0.00,0.00,true,true,0.00,3.00,0.00,12
1773241948000,64.1432582,-21.8070833333333,0.00,0.00,0.00,true,true,0.00,2.00,0.00,13
1773241950000,64.1432582,-21.8070833333333,0.00,0.00,0.00,true,true,0.00,2.00,0.00,14
1773241955000,64.1432582,-21.8070833333333,0.00,0.00,0.00,true,true,0.00,5.00,0.00,15
1773241958000,64.1432582,-21.8070833333333,0.00,0.00,0.00,true,true,0.00,3.00,0.00,16
1773241960000,64.1432582,-21.8070833333333,0.00,0.00,0.00,true,true,0.00,2.00,0.00,17
1773241968000,64.1445394,-21.8066695,0.00,0.00,0.00,true,false,0.00,4.00,0.00,1
1773241974000,64.1445394,-21.8066695,0.00,0.00,0.00,true,true,0.00,6.00,0.00,2
1773241977000,64.1445394,-21.8066695,0.00,0.00,0.00,true,true,0.00,3.00,0.00,3
1773241981000,64.1445394,-21.8066695,0.00,0.00,0.00,true,true,0.00,4.00,0.00,4
1773241987000,64.1445394,-21.8066695,0.00,0.00,0.00,true,true,0.00,6.00,0.00,5
1773241992000,64.1445394,-21.8066695,0.00,0.00,0.00,true,true,0.00,5.00,0.00,6
1773241994000,64.1445394,-21.8066695,0.00,0.00,0.00,true,true,0.00,2.00,0.00,7
1773241999000,64.1445394,-21.8066695,0.00,0.00,0.00,true,true,0.00,5.00,0.00,8
1773242002000,64.1445394,-21.8066695,0.00,0.00,0.00,true,true,0.00,3.00,0.00,9
1773242006000,64.1445394,-21.8066695,0.00,0.00,0.00,true,true,0.00,4.00,0.00,10
1773242009000,64.1445394,-21.8066695,0.00,0.00,0.00,true,true,0.00,3.00,0.00,11
1773242015000,64.1445394,-21.8066695,0.00,0.00,0.00,true,true,0.00,6.00,0.00,12
1773242018000,64.1445394,-21.8066695,0.00,0.00,0.00,true,true,0.00,3.00,0.00,13
1773242022000,64.1445394,-21.8066695,0.00,0.00,0.00,true,true,0.00,4.00,0.00,14
1773242024000,64.1445394,-21.8066695,0.00,0.00,0.00,true,true,0.00,2.00,0.00,15
1773242026000,64.1445394,-21.8066695,0.00,0.00,0.00,true,true,0.00,2.00,0.00,16
1773242028000,64.1445394,-21.8066695,0.00,0.00,0.00,true,true,0.00,2.00,0.00,17
1773242032000,64.1445394,-21.8066695,0.00,0.00,0.00,true,true,0.00,4.00,0.00,18
1773242034000,64.1445394,-21.8066695,0.00,0.00,0.00,true,true,0.00,2.00,0.00,19
1773242037000,64.1445394,-21.8066695,0.00,0.00,0.00,true,true,0.00,3.00,0.00,20
1773242041000,64.1445394,-21.8066695,0.00,0.00,0.00,true,true,0.00,4.00,0.00,21
1773242046000,64.1445394,-21.8066695,0.00,0.00,0.00,true,true,0.00,5.00,0.00,22
1773242048000,64.1445394,-21.8066695,0.00,0.00,0.00,true,true,0.00,2.00,0.00,23
1773242052000,64.1445394,-21.8066695,0.00,0.00,0.00,true,true,0.00,4.00,0.00,24
1773242056000,64.1445394,-21.8066695,0.00,0.00,0.00,true,true,0.00,4.00,0.00,25
1773242059000,64.1445394,-21.8066695,0.00,0.00,0.00,true,true,0.00,3.00,0.00,26
1773242063000,64.1445394,-21.8066695,0.00,0.00,0.00,true,true,0.00,4.00,0.00,27
1773242067000,64.1445394,-21.8066695,0.00,0.00,0.00,true,true,0.00,4.00,0.00,28
1773242071000,64.1445394,-21.8066695,0.00,0.00,0.00,true,true,0.00,4.00,0.00,29
1773242073000,64.1445394,-21.8066695,0.00,0.00,0.00,true,true,0.00,2.00,0.00,30
1773242078000,64.1445394,-21.8066695,0.00,0.00,0.00,true,true,0.00,5.00,0.00,31
1773242080000,64.1445394,-21.8066695,0.00,0.00,0.00,true,true,0.00,2.00,0.00,32
1773242083000,64.1445394,-21.8066695,0.00,0.00,0.00,true,true,0.00,3.00,0.00,33
1773242093000,64.1376476666667,-21.8082473333333,0.00,0.00,0.00,true,false,0.00,6.00,0.00,1
1773242097000,64.1376476666667,-21.8082473333333,0.00,0.00,0.00,true,true,0.00,4.00,0.00,2
1773242101000,64.1376476666667,-21.8082473333333,0.00,0.00,0.00,true,true,0.00,4.00,0.00,3
1773242103000,64.1376476666667,-21.8082473333333,0.00,0.00,0.00,true,true,0.00,2.00,0.00,4
1773242107000,64.1376476666667,-21.8082473333333,0.00,0.00,0.00,true,true,0.00,4.00,0.00,5
1773242110000,64.1376476666667,-21.8082473333333,0.00,0.00,0.00,true,true,0.00,3.00,0.00,6
1773242112000,64.1376476666667,-21.8082473333333,0.00,0.00,0.00,true,true,0.00,2.00,0.00,7
1773242114000,64.1376476666667,-21.8082473333333,0.00,0.00,0.00,true,true,0.00,2.00,0.00,8
1773242120000,64.1376476666667,-21.8082473333333,0.00,0.00,0.00,true,true,0.00,6.00,0.00,9
1773242124000,64.1376476666667,-21.8082473333333,0.00,0.00,0.00,true,true,0.00,4.00,0.00,10
1773242128000,64.1384035,-21.8082268333333,65.79,16.81,15.97,false,false,83.90,4.00,75.51,0
1773242132000,64.1384035,-21.8082268333333,16.07,0.00,15.97,true,false,9.65,4.00,8.69,1
1773242137000,64.1384035,-21.8082268333333,0.00,0.00,0.00,true,true,7.34,5.00,5.28,2
1773242142000,64.1384035,-21.8082268333333,0.00,0.00,0.00,true,true,2.22,5.00,1.60,3
1773242144000,64.1384035,-21.8082268333333,0.00,0.00,0.00,true,true,0.16,2.00,0.29,4
1773242147000,64.1384035,-21.8082268333333,0.00,0.00,0.00,true,true,0.04,3.00,0.05,5
1773242154000,64.13959865,-21.8116811666667,0.00,0.00,0.00,true,false,0.00,3.00,0.00,1
1773242157000,64.13959865,-21.8116811666667,0.00,0.00,0.00,true,true,0.00,3.00,0.00,2
1773242164000,64.13959865,-21.8116811666667,0.00,0.00,0.00,true,true,0.00,7.00,0.00,3
1773242166000,64.13959865,-21.8116811666667,0.00,0.00,0.00,true,true,0.00,2.00,0.00,4
1773242170000,64.13959865,-21.8116811666667,0.00,0.00,0.00,true,true,0.00,4.00,0.00,5
1773242173000,64.13959865,-21.8116811666667,0.00,0.00,0.00,true,true,0.00,3.00,0.00,6
1773242175000,64.13959865,-21.8116811666667,0.00,0.00,0.00,true,true,0.00,2.00,0.00,7
1773242177000,64.13959865,-21.8116811666667,0.00,0.00,0.00,true,true,0.00,2.00,0.00,8
1773242188000,64.1406552,-21.8167495,0.00,0.00,0.00,true,false,0.00,4.00,0.00,1
1773242192000,64.1406552,-21.8167495,0.00,0.00,0.00,true,true,0.00,4.00,0.00,2
1773242194000,64.1406552,-21.8167495,0.00,0.00,0.00,true,true,0.00,2.00,0.00,3
1773242197000,64.1406552,-21.8167495,0.00,0.00,0.00,true,true,0.00,3.00,0.00,4
1773242202000,64.139508,-21.8181985,114.51,29.13,27.67,false,false,145.51,5.00,104.77,0
1773242206000,64.139508,-21.8181985,24.04,24.04,22.84,false,false,11.82,4.00,10.64,0
1773242208000,64.139508,-21.8181985,5.05,5.05,4.80,false,false,12.90,2.00,23.22,0
1773242214000,64.139508,-21.8181985,6.95,0.00,4.80,true,false,7.07,6.00,4.24,1
1773242217000,64.139508,-21.8181985,0.00,0.00,0.00,true,true,0.84,3.00,1.01,2
1773242219000,64.139508,-21.8181985,0.00,0.00,0.00,true,true,0.84,2.00,1.52,3
1773242222000,64.139508,-21.8181985,0.00,0.00,0.00,true,true,0.24,3.00,0.28,4
1773242229000,64.1383621333333,-21.8164921666667,0.00,0.00,0.00,true,false,0.00,5.00,0.00,1
1773242232000,64.1383621333333,-21.8164921666667,0.00,0.00,0.00,true,true,0.00,3.00,0.00,2
1773242235000,64.1383621333333,-21.8164921666667,0.00,0.00,0.00,true,true,0.00,3.00,0.00,3
1773242237000,64.1383621333333,-21.8164921666667,0.00,0.00,0.00,true,true,0.00,2.00,0.00,4
1773242241000,64.1383621333333,-21.8164921666667,0.00,0.00,0.00,true,true,0.00,4.00,0.00,5
1773242244000,64.1383621333333,-21.8164921666667,0.00,0.00,0.00,true,true,0.00,3.00,0.00,6
1773242249000,64.1383621333333,-21.8164921666667,0.00,0.00,0.00,true,true,0.00,5.00,0.00,7
1773242255000,64.1369271833333,-21.8127798333333,0.00,0.00,0.00,true,false,0.00,2.00,0.00,1
1773242258000,64.1369271833333,-21.8127798333333,0.00,0.00,0.00,true,true,0.00,3.00,0.00,2
1773242260000,64.1369271833333,-21.8127798333333,0.00,0.00,0.00,true,true,0.00,2.00,0.00,3
1773242265000,64.1369271833333,-21.8127798333333,0.00,0.00,0.00,true,true,0.00,5.00,0.00,4
1773242267000,64.1369271833333,-21.8127798333333,0.00,0.00,0.00,true,true,0.00,2.00,0.00,5
1773242271000,64.1369193,-21.8105783333333,84.91,24.03,22.83,false,false,107.00,4.00,96.30,0
1773242273000,64.1369193,-21.8105783333333,61.05,25.63,24.35,false,false,13.90,2.00,25.01,0
1773242278000,64.1369193,-21.8105783333333,13.87,0.00,24.35,true,false,9.06,5.00,6.53,1
1773242281000,64.1369193,-21.8105783333333,0.00,0.00,0.00,true,true,7.99,3.00,9.59,2
1773242285000,64.1369193,-21.8105783333333,0.00,0.00,0.00,true,true,0.62,4.00,0.56,3
1773242287000,64.1369193,-21.8105783333333,0.00,0.00,0.00,true,true,0.08,2.00,0.14,4
1773242290000,64.1369193,-21.8105783333333,0.00,0.00,0.00,true,true,0.02,3.00,0.02,5
1773242296000,64.1365136833333,-21.8070848333333,134.52,35.07,33.32,false,false,175.66,6.00,105.39,0
1773242300000,64.1365136833333,-21.8070848333333,24.37,0.00,33.32,true,false,9.27,4.00,8.35,1
1773242302000,64.1365136833333,-21.8070848333333,3.42,3.42,3.25,false,false,15.36,2.00,27.64,0
1773242305000,64.1365136833333,-21.8070848333333,4.64,0.00,3.25,true,false,7.76,3.00,9.31,1
1773242307000,64.1365136833333,-21.8070848333333,0.00,0.00,0.00,true,true,2.14,2.00,3.85,2
1773242313000,64.1365136833333,-21.8070848333333,0.00,0.00,0.00,true,true,0.13,6.00,0.08,3
1773242315000,64.1365136833333,-21.8070848333333,0.00,0.00,0.00,true,true,0.01,2.00,0.01,4
1773242325000,64.1356839333333,-21.8020991666667,0.00,0.00,0.00,true,false,0.00,6.00,0.00,1
1773242327000,64.1356839333333,-21.8020991666667,0.00,0.00,0.00,true,true,0.00,2.00,0.00,2
1773242330000,64.1356839333333,-21.8020991666667,0.00,0.00,0.00,true,true,0.00,3.00,0.00,3
1773242332000,64.1356839333333,-21.8020991666667,0.00,0.00,0.00,true,true,0.00,2.00,0.00,4
1773242336000,64.1356839333333,-21.8020991666667,0.00,0.00,0.00,true,true,0.00,4.00,0.00,5
1773242338000,64.1356839333333,-21.8020991666667,0.00,0.00,0.00,true,true,0.00,2.00,0.00,6
1773242342000,64.1356839333333,-21.8020991666667,0.00,0.00,0.00,true,true,0.00,4.00,0.00,7
1773242345000,64.1356839333333,-21.8020991666667,0.00,0.00,0.00,true,true,0.00,3.00,0.00,8
1773242348000,64.1356839333333,-21.8020991666667,0.00,0.00,0.00,true,true,0.00,3.00,0.00,9
1773242352000,64.1356839333333,-21.8020991666667,0.00,0.00,0.00,true,true,0.00,4.00,0.00,10
1773242354000,64.1356839333333,-21.8020991666667,0.00,0.00,0.00,true,true,0.00,2.00,0.00,11
1773242356000,64.1356839333333,-21.8020991666667,0.00,0.00,0.00,true,true,0.00,2.00,0.00,12
1773242362000,64.1347469333333,-21.7980376666667,0.00,0.00,0.00,true,false,0.00,2.00,0.00,1
1773242367000,64.1347469333333,-21.7980376666667,0.00,0.00,0.00,true,true,0.00,5.00,0.00,2
1773242369000,64.1347469333333,-21.7980376666667,0.00,0.00,0.00,true,true,0.00,2.00,0.00,3
1773242371000,64.1347469333333,-21.7980376666667,0.00,0.00,0.00,true,true,0.00,2.00,0.00,4
1773242374000,64.1347469333333,-21.7980376666667,0.00,0.00,0.00,true,true,0.00,3.00,0.00,5
1773242376000,64.1347469333333,-21.7980376666667,0.00,0.00,0.00,true,true,0.00,2.00,0.00,6
1773242380000,64.1347469333333,-21.7980376666667,0.00,0.00,0.00,true,true,0.00,4.00,0.00,7
1773242386000,64.1347469333333,-21.7980376666667,0.00,0.00,0.00,true,true,0.00,6.00,0.00,8
1773242390000,64.1347469333333,-21.7980376666667,0.00,0.00,0.00,true,true,0.00,4.00,0.00,9
1773242399000,64.1353493333333,-21.7933025,0.00,0.00,0.00,true,false,0.00,2.00,0.00,1
1773242402000,64.1353493333333,-21.7933025,0.00,0.00,0.00,true,true,0.00,3.00,0.00,2
1773242405000,64.1353493333333,-21.7933025,0.00,0.00,0.00,true,true,0.00,3.00,0.00,3
1773242407000,64.1353493333333,-21.7933025,0.00,0.00,0.00,true,true,0.00,2.00,0.00,4
1773242414000,64.1353493333333,-21.7933025,0.00,0.00,0.00,true,true,0.00,7.00,0.00,5
1773242416000,64.1353493333333,-21.7933025,0.00,0.00,0.00,true,true,0.00,2.00,0.00,6
1773242418000,64.1353493333333,-21.7933025,0.00,0.00,0.00,true,true,0.00,2.00,0.00,7
1773242421000,64.1353493333333,-21.7933025,0.00,0.00,0.00,true,true,0.00,3.00,0.00,8
1773242427000,64.1376439333333,-21.7912025,0.00,0.00,0.00,true,false,0.00,4.00,0.00,1
1773242431000,64.1376439333333,-21.7912025,0.00,0.00,0.00,true,true,0.00,4.00,0.00,2
1773242433000,64.1376439333333,-21.7912025,0.00,0.00,0.00,true,true,0.00,2.00,0.00,3
1773242436000,64.1376439333333,-21.7912025,0.00,0.00,0.00,true,true,0.00,3.00,0.00,4
1773242441000,64.1376439333333,-21.7912025,0.00,0.00,0.00,true,true,0.00,5.00,0.00,5
1773242446000,64.1390957166667,-21.7894038333333,0.00,0.00,0.00,true,false,0.00,2.00,0.00,1
1773242451000,64.1390957166667,-21.7894038333333,0.00,0.00,0.00,true,true,0.00,5.00,0.00,2
1773242455000,64.1390957166667,-21.7894038333333,0.00,0.00,0.00,true,true,0.00,4.00,0.00,3
1773242458000,64.1390957166667,-21.7894038333333,0.00,0.00,0.00,true,true,0.00,3.00,0.00,4
1773242464000,64.1390957166667,-21.7894038333333,0.00,0.00,0.00,true,true,0.00,6.00,0.00,5
1773242466000,64.1390957166667,-21.7894038333333,0.00,0.00,0.00,true,true,0.00,2.00,0.00,6
1773242469000,64.1390957166667,-21.7894038333333,0.00,0.00,0.00,true,true,0.00,3.00,0.00,7
1773242472000,64.1390957166667,-21.7894038333333,0.00,0.00,0.00,true,true,0.00,3.00,0.00,8
1773242476000,64.1390957166667,-21.7894038333333,0.00,0.00,0.00,true,true,0.00,4.00,0.00,9
1773242483000,64.1393091333333,-21.784739,0.00,0.00,0.00,true,false,0.00,2.00,0.00,1
1773242485000,64.1393091333333,-21.784739,0.00,0.00,0.00,true,true,0.00,2.00,0.00,2
1773242489000,64.1393091333333,-21.784739,0.00,0.00,0.00,true,true,0.00,4.00,0.00,3
1773242493000,64.1393091333333,-21.784739,0.00,0.00,0.00,true,true,0.00,4.00,0.00,4
1773242499000,64.139626,-21.7805286666667,0.00,0.00,0.00,true,false,0.00,2.00,0.00,1
1773242501000,64.139626,-21.7805286666667,0.00,0.00,0.00,true,true,0.00,2.00,0.00,2
1773242504000,64.139626,-21.7805286666667,0.00,0.00,0.00,true,true,0.00,3.00,0.00,3
1773242507000,64.139626,-21.7805286666667,0.00,0.00,0.00,true,true,0.00,3.00,0.00,4
1773242509000,64.139626,-21.7805286666667,0.00,0.00,0.00,true,true,0.00,2.00,0.00,5
1773242513000,64.139626,-21.7805286666667,0.00,0.00,0.00,true,true,0.00,4.00,0.00,6
1773242515000,64.139626,-21.7805286666667,0.00,0.00,0.00,true,true,0.00,2.00,0.00,7
1773242522000,64.1387126333333,-21.7769243333333,150.05,40.44,38.41,false,false,202.39,7.00,104.09,0
1773242524000,64.1387126333333,-21.7769243333333,94.11,0.00,38.41,true,false,7.30,2.00,13.14,1
1773242526000,64.1387126333333,-21.7769243333333,42.88,42.81,40.67,false,false,19.79,2.00,35.62,0
1773242528000,64.1387126333333,-21.7769243333333,12.32,12.32,11.71,false,false,21.31,2.00,38.36,0
1773242531000,64.1387126333333,-21.7769243333333,5.89,5.89,5.60,false,false,14.10,3.00,16.92,0
1773242534000,64.1387126333333,-21.7769243333333,6.19,0.00,5.60,true,false,5.30,3.00,6.36,1
1773242536000,64.1387126333333,-21.7769243333333,0.00,0.00,0.00,true,true,0.08,2.00,0.14,2
1773242541000,64.1387126333333,-21.7769243333333,0.00,0.00,0.00,true,true,0.97,5.00,0.70,3
1773242544000,64.1387126333333,-21.7769243333333,0.00,0.00,0.00,true,true,0.09,3.00,0.10,4
1773242548000,64.1387126333333,-21.7769243333333,0.00,0.00,0.00,true,true,0.01,4.00,0.01,5
1773242550000,64.1387126333333,-21.7769243333333,0.00,0.00,0.00,true,true,0.00,2.00,0.00,6
1773242559000,64.1382025,-21.7741146666667,0.00,0.00,0.00,true,false,0.00,5.00,0.00,1
1773242561000,64.1382025,-21.7741146666667,0.00,0.00,0.00,true,true,0.00,2.00,0.00,2
1773242565000,64.1382025,-21.7741146666667,0.00,0.00,0.00,true,true,0.00,4.00,0.00,3
1773242569000,64.1382025,-21.7741146666667,0.00,0.00,0.00,true,true,0.00,4.00,0.00,4
1773242572000,64.1382025,-21.7741146666667,0.00,0.00,0.00,true,true,0.00,3.00,0.00,5
1773242574000,64.1382025,-21.7741146666667,0.00,0.00,0.00,true,true,0.00,2.00,0.00,6
1773242581000,64.1392920333333,-21.772031,117.53,28.40,26.98,false,false,157.74,7.00,81.12,0
1773242585000,64.1392920333333,-21.772031,19.52,0.00,26.98,true,false,5.76,4.00,5.19,1
1773242592000,64.1392920333333,-21.772031,17.41,17.41,16.54,false,false,13.81,7.00,7.10,0
1773242597000,64.1392920333333,-21.772031,0.03,0.00,16.54,true,false,1.68,5.00,1.21,1
1773242600000,64.1392920333333,-21.772031,0.00,0.00,0.00,true,true,1.56,3.00,1.88,2
1773242602000,64.1392920333333,-21.772031,0.00,0.00,0.00,true,true,0.27,2.00,0.49,3
1773242605000,64.1392920333333,-21.772031,0.00,0.00,0.00,true,true,0.08,3.00,0.09,4
1773242607000,64.1392920333333,-21.772031,0.00,0.00,0.00,true,true,0.02,2.00,0.03,5
1773242611000,64.1392920333333,-21.772031,0.00,0.00,0.00,true,true,0.00,4.00,0.00,6
1773242615000,64.1392920333333,-21.772031,0.00,0.00,0.00,true,true,0.00,4.00,0.00,7
1773242618000,64.1392920333333,-21.772031,0.00,0.00,0.00,true,true,0.00,3.00,0.00,8
1773242620000,64.1392920333333,-21.772031,0.00,0.00,0.00,true,true,0.00,2.00,0.00,9
1773242627000,64.1449315,-21.7741903333333,0.00,0.00,0.00,true,false,0.00,2.00,0.00,1
1773242630000,64.1449315,-21.7741903333333,0.00,0.00,0.00,true,true,0.00,3.00,0.00,2
1773242633000,64.1449315,-21.7741903333333,0.00,0.00,0.00,true,true,0.00,3.00,0.00,3
1773242635000,64.1449315,-21.7741903333333,0.00,0.00,0.00,true,true,0.00,2.00,0.00,4
1773242640000,64.1449315,-21.7741903333333,0.00,0.00,0.00,true,true,0.00,5.00,0.00,5
1773242642000,64.1449315,-21.7741903333333,0.00,0.00,0.00,true,true,0.00,2.00,0.00,6
1773242648000,64.1449315,-21.7741903333333,0.00,0.00,0.00,true,true,0.00,6.00,0.00,7
1773242650000,64.1449315,-21.7741903333333,0.00,0.00,0.00,true,true,0.00,2.00,0.00,8
1773242653000,64.1449315,-21.7741903333333,0.00,0.00,0.00,true,true,0.00,3.00,0.00,9
1773242655000,64.1449315,-21.7741903333333,0.00,0.00,0.00,true,true,0.00,2.00,0.00,10
1773242657000,64.1449315,-21.7741903333333,0.00,0.00,0.00,true,true,0.00,2.00,0.00,11
1773242661000,64.1449315,-21.7741903333333,0.00,0.00,0.00,true,true,0.00,4.00,0.00,12
1773242667000,64.1449315,-21.7741903333333,0.00,0.00,0.00,true,true,0.00,6.00,0.00,13
1773242671000,64.1449315,-21.7741903333333,0.00,0.00,0.00,true,true,0.00,4.00,0.00,14
1773242679000,64.1463511666667,-21.7709473333333,0.00,0.00,0.00,true,false,0.00,5.00,0.00,1
1773242684000,64.1463511666667,-21.7709473333333,0.00,0.00,0.00,true,true,0.00,5.00,0.00,2
1773242686000,64.1463511666667,-21.7709473333333,0.00,0.00,0.00,true,true,0.00,2.00,0.00,3
1773242690000,64.1463511666667,-21.7709473333333,0.00,0.00,0.00,true,true,0.00,4.00,0.00,4
1773242696000,64.1463511666667,-21.7709473333333,0.00,0.00,0.00,true,true,0.00,6.00,0.00,5
1773242699000,64.1463511666667,-21.7709473333333,0.00,0.00,0.00,true,true,0.00,3.00,0.00,6
1773242704000,64.1463511666667,-21.7709473333333,0.00,0.00,0.00,true,true,0.00,5.00,0.00,7
1773242707000,64.1463511666667,-21.7709473333333,0.00,0.00,0.00,true,true,0.00,3.00,0.00,8
1773242712000,64.1463511666667,-21.7709473333333,0.00,0.00,0.00,true,true,0.00,5.00,0.00,9
1773242716000,64.1463511666667,-21.7709473333333,0.00,0.00,0.00,true,true,0.00,4.00,0.00,10
1773242718000,64.1463511666667,-21.7709473333333,0.00,0.00,0.00,true,true,0.00,2.00,0.00,11
1773242721000,64.1463511666667,-21.7709473333333,0.00,0.00,0.00,true,true,0.00,3.00,0.00,12
1773242724000,64.1463511666667,-21.7709473333333,0.00,0.00,0.00,true,true,0.00,3.00,0.00,13
1773242726000,64.1463511666667,-21.7709473333333,0.00,0.00,0.00,true,true,0.00,2.00,0.00,14
1773242732000,64.1463511666667,-21.7709473333333,0.00,0.00,0.00,true,true,0.00,6.00,0.00,15
1773242737000,64.1463511666667,-21.7709473333333,0.00,0.00,0.00,true,true,0.00,5.00,0.00,16
1773242739000,64.1463511666667,-21.7709473333333,0.00,0.00,0.00,true,true,0.00,2.00,0.00,17
1773242741000,64.1463511666667,-21.7709473333333,0.00,0.00,0.00,true,true,0.00,2.00,0.00,18
1773242745000,64.1463511666667,-21.7709473333333,0.00,0.00,0.00,true,true,0.00,4.00,0.00,19
1773242747000,64.1463511666667,-21.7709473333333,0.00,0.00,0.00,true,true,0.00,2.00,0.00,20
1773242750000,64.1463511666667,-21.7709473333333,0.00,0.00,0.00,true,true,0.00,3.00,0.00,21
1773242752000,64.1463511666667,-21.7709473333333,0.00,0.00,0.00,true,true,0.00,2.00,0.00,22
1773242754000,64.1463511666667,-21.7709473333333,0.00,0.00,0.00,true,true,0.00,2.00,0.00,23
1773242762000,64.1463511666667,-21.7709473333333,0.00,0.00,0.00,true,true,0.00,8.00,0.00,24
1773242764000,64.1463511666667,-21.7709473333333,0.00,0.00,0.00,true,true,0.00,2.00,0.00,25
1773242767000,64.1463511666667,-21.7709473333333,0.00,0.00,0.00,true,true,0.00,3.00,0.00,26
1773242772000,64.1463511666667,-21.7709473333333,0.00,0.00,0.00,true,true,0.00,5.00,0.00,27
1773242775000,64.1463511666667,-21.7709473333333,0.00,0.00,0.00,true,true,0.00,3.00,0.00,28
1773242849000,64.1464387,-21.771496,2.75,1.17,1.11,false,false,28.38,74.00,1.38,0
1773242853000,64.1464387,-21.771496,0.18,0.00,1.11,true,false,0.00,4.00,0.00,1
1773242856000,64.1464387,-21.771496,0.00,0.00,0.00,true,true,0.43,3.00,0.52,2
1773242860000,64.1464387,-21.771496,0.00,0.00,0.00,true,true,0.10,4.00,0.09,3
1773242862000,64.1464387,-21.771496,0.00,0.00,0.00,true,true,0.01,2.00,0.02,4
1773242868000,64.1464387,-21.771496,0.00,0.00,0.00,true,true,0.00,6.00,0.00,5
1773242873000,64.1464387,-21.771496,0.00,0.00,0.00,true,true,0.00,5.00,0.00,6
1773242876000,64.1464387,-21.771496,0.00,0.00,0.00,true,true,0.00,3.00,0.00,7
1773242888000,64.1441544166667,-21.7748256666667,0.00,0.00,0.00,true,false,0.00,5.00,0.00,1
1773242893000,64.1441544166667,-21.7748256666667,0.00,0.00,0.00,true,true,0.00,5.00,0.00,2
1773242899000,64.1441544166667,-21.7748256666667,0.00,0.00,0.00,true,true,0.00,6.00,0.00,3
1773242902000,64.1441544166667,-21.7748256666667,0.00,0.00,0.00,true,true,0.00,3.00,0.00,4
1773242907000,64.1441544166667,-21.7748256666667,0.00,0.00,0.00,true,true,0.00,5.00,0.00,5
1773242911000,64.1441544166667,-21.7748256666667,0.00,0.00,0.00,true,true,0.00,4.00,0.00,6
1773242917000,64.1395036,-21.7724393333333,0.00,0.00,0.00,true,false,0.00,4.00,0.00,1
1773242922000,64.1395036,-21.7724393333333,0.00,0.00,0.00,true,true,0.00,5.00,0.00,2
1773242926000,64.1395036,-21.7724393333333,0.00,0.00,0.00,true,true,0.00,4.00,0.00,3
1773242930000,64.1395036,-21.7724393333333,0.00,0.00,0.00,true,true,0.00,4.00,0.00,4
1773242934000,64.1395036,-21.7724393333333,0.00,0.00,0.00,true,true,0.00,4.00,0.00,5
1773242936000,64.1395036,-21.7724393333333,0.00,0.00,0.00,true,true,0.00,2.00,0.00,6
1773242938000,64.1395036,-21.7724393333333,0.00,0.00,0.00,true,true,0.00,2.00,0.00,7
1773242942000,64.1395036,-21.7724393333333,0.00,0.00,0.00,true,true,0.00,4.00,0.00,8
1773242948000,64.1395036,-21.7724393333333,0.00,0.00,0.00,true,true,0.00,6.00,0.00,9
1773242951000,64.1395036,-21.7724393333333,0.00,0.00,0.00,true,true,0.00,3.00,0.00,10
1773242955000,64.1395036,-21.7724393333333,0.00,0.00,0.00,true,true,0.00,4.00,0.00,11
1773242960000,64.1382280333333,-21.774049,0.00,0.00,0.00,true,false,0.00,3.00,0.00,1
1773242963000,64.1382280333333,-21.774049,0.00,0.00,0.00,true,true,0.00,3.00,0.00,2
1773242968000,64.1382280333333,-21.774049,0.00,0.00,0.00,true,true,0.00,5.00,0.00,3
1773242972000,64.1385818,-21.7766156666667,0.00,0.00,0.00,true,false,0.00,2.00,0.00,1
1773242975000,64.1385818,-21.7766156666667,0.00,0.00,0.00,true,true,0.00,3.00,0.00,2
1773242978000,64.1385818,-21.7766156666667,0.00,0.00,0.00,true,true,0.00,3.00,0.00,3
1773242982000,64.1385818,-21.7766156666667,0.00,0.00,0.00,true,true,0.00,4.00,0.00,4
1773242984000,64.1385818,-21.7766156666667,0.00,0.00,0.00,true,true,0.00,2.00,0.00,5
1773242987000,64.1385818,-21.7766156666667,0.00,0.00,0.00,true,true,0.00,3.00,0.00,6
1773242997000,64.1396509,-21.781043,0.00,0.00,0.00,true,false,0.00,3.00,0.00,1
1773242999000,64.1396509,-21.781043,0.00,0.00,0.00,true,true,0.00,2.00,0.00,2
1773243002000,64.1396509,-21.781043,0.00,0.00,0.00,true,true,0.00,3.00,0.00,3
1773243005000,64.1396509,-21.781043,0.00,0.00,0.00,true,true,0.00,3.00,0.00,4
1773243011000,64.1393579333333,-21.7845686666667,0.00,0.00,0.00,true,false,0.00,4.00,0.00,1
1773243013000,64.1393579333333,-21.7845686666667,0.00,0.00,0.00,true,true,0.00,2.00,0.00,2
1773243016000,64.1393579333333,-21.7845686666667,0.00,0.00,0.00,true,true,0.00,3.00,0.00,3
1773243018000,64.1393579333333,-21.7845686666667,0.00,0.00,0.00,true,true,0.00,2.00,0.00,4
1773243022000,64.1393579333333,-21.7845686666667,0.00,0.00,0.00,true,true,0.00,4.00,0.00,5
1773243026000,64.1393579333333,-21.7845686666667,0.00,0.00,0.00,true,true,0.00,4.00,0.00,6
1773243035000,64.1393649833333,-21.7894588333333,0.00,0.00,0.00,true,false,0.00,4.00,0.00,1
1773243039000,64.1393649833333,-21.7894588333333,0.00,0.00,0.00,true,true,0.00,4.00,0.00,2
1773243041000,64.1393649833333,-21.7894588333333,0.00,0.00,0.00,true,true,0.00,2.00,0.00,3
1773243044000,64.1393649833333,-21.7894588333333,0.00,0.00,0.00,true,true,0.00,3.00,0.00,4
1773243050000,64.1378742166667,-21.7908211666667,0.00,0.00,0.00,true,false,0.00,4.00,0.00,1
1773243057000,64.1378742166667,-21.7908211666667,0.00,0.00,0.00,true,true,0.00,7.00,0.00,2
1773243060000,64.1378742166667,-21.7908211666667,0.00,0.00,0.00,true,true,0.00,3.00,0.00,3
1773243062000,64.1378742166667,-21.7908211666667,0.00,0.00,0.00,true,true,0.00,2.00,0.00,4
1773243067000,64.1378742166667,-21.7908211666667,0.00,0.00,0.00,true,true,0.00,5.00,0.00,5
1773243072000,64.1357620333333,-21.7932445,0.00,0.00,0.00,true,false,0.00,2.00,0.00,1
1773243078000,64.1357620333333,-21.7932445,0.00,0.00,0.00,true,true,0.00,6.00,0.00,2
1773243082000,64.1357620333333,-21.7932445,0.00,0.00,0.00,true,true,0.00,4.00,0.00,3
1773243084000,64.1357620333333,-21.7932445,0.00,0.00,0.00,true,true,0.00,2.00,0.00,4
1773243087000,64.1357620333333,-21.7932445,0.00,0.00,0.00,true,true,0.00,3.00,0.00,5
1773243092000,64.1357620333333,-21.7932445,0.00,0.00,0.00,true,true,0.00,5.00,0.00,6
1773243099000,64.1357620333333,-21.7932445,0.00,0.00,0.00,true,true,0.00,7.00,0.00,7
1773243101000,64.1357620333333,-21.7932445,0.00,0.00,0.00,true,true,0.00,2.00,0.00,8
1773243107000,64.1347178666667,-21.7978746666667,0.00,0.00,0.00,true,false,0.00,3.00,0.00,1
1773243111000,64.1347178666667,-21.7978746666667,0.00,0.00,0.00,true,true,0.00,4.00,0.00,2
1773243113000,64.1347178666667,-21.7978746666667,0.00,0.00,0.00,true,true,0.00,2.00,0.00,3
1773243119000,64.1347178666667,-21.7978746666667,0.00,0.00,0.00,true,true,0.00,6.00,0.00,4
1773243122000,64.1347178666667,-21.7978746666667,0.00,0.00,0.00,true,true,0.00,3.00,0.00,5
1773243124000,64.1347178666667,-21.7978746666667,0.00,0.00,0.00,true,true,0.00,2.00,0.00,6
1773243126000,64.1347178666667,-21.7978746666667,0.00,0.00,0.00,true,true,0.00,2.00,0.00,7
1773243134000,64.13568055,-21.8020646666667,162.91,39.38,37.41,false,false,229.97,8.00,103.49,0
1773243137000,64.13568055,-21.8020646666667,62.52,0.00,37.41,true,false,5.74,3.00,6.89,1
1773243141000,64.13568055,-21.8020646666667,9.96,9.96,9.46,false,false,22.65,4.00,20.38,0
1773243143000,64.13568055,-21.8020646666667,13.95,13.95,13.25,false,false,11.08,2.00,19.94,0
1773243149000,64.13568055,-21.8020646666667,2.93,0.00,13.25,true,false,1.50,6.00,0.90,1
1773243157000,64.1364646833333,-21.8067865,0.00,0.00,0.00,true,false,0.00,2.00,0.00,1
1773243159000,64.1364646833333,-21.8067865,0.00,0.00,0.00,true,true,0.00,2.00,0.00,2
1773243162000,64.1364646833333,-21.8067865,0.00,0.00,0.00,true,true,0.00,3.00,0.00,3
1773243164000,64.1364646833333,-21.8067865,0.00,0.00,0.00,true,true,0.00,2.00,0.00,4
1773243168000,64.1364646833333,-21.8067865,0.00,0.00,0.00,true,true,0.00,4.00,0.00,5
1773243170000,64.1364646833333,-21.8067865,0.00,0.00,0.00,true,true,0.00,2.00,0.00,6
1773243172000,64.1364646833333,-21.8067865,0.00,0.00,0.00,true,true,0.00,2.00,0.00,7
1773243176000,64.1364646833333,-21.8067865,0.00,0.00,0.00,true,true,0.00,4.00,0.00,8
1773243178000,64.1364646833333,-21.8067865,0.00,0.00,0.00,true,true,0.00,2.00,0.00,9
1773243183000,64.1364646833333,-21.8067865,0.00,0.00,0.00,true,true,0.00,5.00,0.00,10
1773243185000,64.1364646833333,-21.8067865,0.00,0.00,0.00,true,true,0.00,2.00,0.00,11
1773243188000,64.1364646833333,-21.8067865,0.00,0.00,0.00,true,true,0.00,3.00,0.00,12
1773243191000,64.1364646833333,-21.8067865,0.00,0.00,0.00,true,true,0.00,3.00,0.00,13
1773243196000,64.1364646833333,-21.8067865,0.00,0.00,0.00,true,true,0.00,5.00,0.00,14
1773243198000,64.1364646833333,-21.8067865,0.00,0.00,0.00,true,true,0.00,2.00,0.00,15
1773243202000,64.1364646833333,-21.8067865,0.00,0.00,0.00,true,true,0.00,4.00,0.00,16
1773243205000,64.1364646833333,-21.8067865,0.00,0.00,0.00,true,true,0.00,3.00,0.00,17
1773243212000,64.1364646833333,-21.8067865,0.00,0.00,0.00,true,true,0.00,7.00,0.00,18
1773243216000,64.1364646833333,-21.8067865,0.00,0.00,0.00,true,true,0.00,4.00,0.00,19
1773243220000,64.1364646833333,-21.8067865,0.00,0.00,0.00,true,true,0.00,4.00,0.00,20
1773243224000,64.1364646833333,-21.8067865,0.00,0.00,0.00,true,true,0.00,4.00,0.00,21
1773243228000,64.1364646833333,-21.8067865,0.00,0.00,0.00,true,true,0.00,4.00,0.00,22
1773243231000,64.1364646833333,-21.8067865,0.00,0.00,0.00,true,true,0.00,3.00,0.00,23
1773243234000,64.1364646833333,-21.8067865,0.00,0.00,0.00,true,true,0.00,3.00,0.00,24
1773243239000,64.1364646833333,-21.8067865,0.00,0.00,0.00,true,true,0.00,5.00,0.00,25
1773243244000,64.137234,-21.8100771666667,0.00,0.00,0.00,true,false,0.00,2.00,0.00,1
1773243247000,64.137234,-21.8100771666667,0.00,0.00,0.00,true,true,0.00,3.00,0.00,2
1773243249000,64.137234,-21.8100771666667,0.00,0.00,0.00,true,true,0.00,2.00,0.00,3
1773243256000,64.137234,-21.8100771666667,0.00,0.00,0.00,true,true,0.00,7.00,0.00,4
1773243260000,64.1367278666667,-21.812305,95.74,24.37,23.15,false,false,121.98,4.00,109.78,0
1773243265000,64.1367278666667,-21.812305,3.21,3.21,3.05,false,false,13.51,5.00,9.73,0
1773243269000,64.1367278666667,-21.812305,6.56,0.00,3.05,true,false,8.87,4.00,7.98,1
1773243272000,64.1367278666667,-21.812305,0.00,0.00,0.00,true,true,1.38,3.00,1.66,2
1773243277000,64.1367278666667,-21.812305,0.00,0.00,0.00,true,true,0.72,5.00,0.52,3
1773243285000,64.1383013666667,-21.8159583333333,166.71,35.86,34.07,false,false,249.08,8.00,112.08,0
1773243290000,64.1383013666667,-21.8159583333333,8.36,0.00,34.07,true,false,5.38,5.00,3.88,1
1773243300000,64.1383013666667,-21.8159583333333,3.84,3.84,3.65,false,false,15.56,10.00,5.60,0
1773243306000,64.1383013666667,-21.8159583333333,0.98,0.00,3.65,true,false,0.08,6.00,0.05,1
1773243316000,64.1393431666667,-21.8184108333333,0.00,0.00,0.00,true,false,0.00,6.00,0.00,1
1773243321000,64.1393431666667,-21.8184108333333,0.00,0.00,0.00,true,true,0.00,5.00,0.00,2
1773243326000,64.1404461833333,-21.817269,103.64,30.28,28.76,false,false,134.42,5.00,96.79,0
1773243331000,64.1404461833333,-21.817269,0.03,0.00,28.76,true,false,9.61,5.00,6.92,1
1773243334000,64.1404461833333,-21.817269,0.00,0.00,0.00,true,true,9.64,3.00,11.57,2
1773243336000,64.1404461833333,-21.817269,0.00,0.00,0.00,true,true,1.65,2.00,2.96,3
1773243341000,64.1404461833333,-21.817269,0.00,0.00,0.00,true,true,0.46,5.00,0.33,4
1773243346000,64.1404461833333,-21.817269,0.00,0.00,0.00,true,true,0.04,5.00,0.03,5
1773243350000,64.1404461833333,-21.817269,0.00,0.00,0.00,true,true,0.00,4.00,0.00,6
1773243352000,64.1404461833333,-21.817269,0.00,0.00,0.00,true,true,0.00,2.00,0.00,7
1773243362000,64.13979685,-21.8122883333333,0.00,0.00,0.00,true,false,0.00,6.00,0.00,1
1773243365000,64.13979685,-21.8122883333333,0.00,0.00,0.00,true,true,0.00,3.00,0.00,2
1773243367000,64.13979685,-21.8122883333333,0.00,0.00,0.00,true,true,0.00,2.00,0.00,3
1773243370000,64.13979685,-21.8122883333333,0.00,0.00,0.00,true,true,0.00,3.00,0.00,4
1773243372000,64.13979685,-21.8122883333333,0.00,0.00,0.00,true,true,0.00,2.00,0.00,5
1773243374000,64.13979685,-21.8122883333333,0.00,0.00,0.00,true,true,0.00,2.00,0.00,6
1773243376000,64.13979685,-21.8122883333333,0.00,0.00,0.00,true,true,0.00,2.00,0.00,7
1773243380000,64.13979685,-21.8122883333333,0.00,0.00,0.00,true,true,0.00,4.00,0.00,8
1773243382000,64.13979685,-21.8122883333333,0.00,0.00,0.00,true,true,0.00,2.00,0.00,9
1773243389000,64.13979685,-21.8122883333333,0.00,0.00,0.00,true,true,0.00,7.00,0.00,10
1773243391000,64.13979685,-21.8122883333333,0.00,0.00,0.00,true,true,0.00,2.00,0.00,11
1773243398000,64.1385176666667,-21.8085796666667,167.97,37.53,35.65,false,false,229.45,7.00,118.00,0
1773243401000,64.1385176666667,-21.8085796666667,64.82,0.00,35.65,true,false,7.97,3.00,9.56,1
1773243406000,64.1385176666667,-21.8085796666667,22.92,22.92,21.77,false,false,22.39,5.00,16.12,0
1773243408000,64.1385176666667,-21.8085796666667,19.96,0.00,21.77,true,false,8.71,2.00,15.68,1
1773243413000,64.1385176666667,-21.8085796666667,0.00,0.00,0.00,true,true,1.06,5.00,0.76,2
1773243417000,64.1385176666667,-21.8085796666667,0.00,0.00,0.00,true,true,2.38,4.00,2.14,3
1773243422000,64.1385176666667,-21.8085796666667,0.00,0.00,0.00,true,true,0.27,5.00,0.19,4
1773243425000,64.1385176666667,-21.8085796666667,0.00,0.00,0.00,true,true,0.02,3.00,0.02,5
1773243427000,64.1385176666667,-21.8085796666667,0.00,0.00,0.00,true,true,0.00,2.00,0.01,6
1773243431000,64.1385176666667,-21.8085796666667,0.00,0.00,0.00,true,true,0.00,4.00,0.00,7
1773243433000,64.1385176666667,-21.8085796666667,0.00,0.00,0.00,true,true,0.00,2.00,0.00,8
1773243437000,64.1385176666667,-21.8085796666667,0.00,0.00,0.00,true,true,0.00,4.00,0.00,9
1773243442000,64.1385176666667,-21.8085796666667,0.00,0.00,0.00,true,true,0.00,5.00,0.00,10
1773243445000,64.1385176666667,-21.8085796666667,0.00,0.00,0.00,true,true,0.00,3.00,0.00,11
1773243452000,64.13846095,-21.8071645,0.00,0.00,0.00,true,false,0.00,5.00,0.00,1
1773243457000,64.13846095,-21.8071645,0.00,0.00,0.00,true,true,0.00,5.00,0.00,2
1773243462000,64.13846095,-21.8071645,0.00,0.00,0.00,true,true,0.00,5.00,0.00,3
1773243466000,64.13846095,-21.8071645,0.00,0.00,0.00,true,true,0.00,4.00,0.00,4
1773243468000,64.13846095,-21.8071645,0.00,0.00,0.00,true,true,0.00,2.00,0.00,5
1773243471000,64.13846095,-21.8071645,0.00,0.00,0.00,true,true,0.00,3.00,0.00,6
1773243477000,64.13846095,-21.8071645,0.00,0.00,0.00,true,true,0.00,6.00,0.00,7
1773243481000,64.13846095,-21.8071645,0.00,0.00,0.00,true,true,0.00,4.00,0.00,8
1773243485000,64.13846095,-21.8071645,0.00,0.00,0.00,true,true,0.00,4.00,0.00,9
1773243487000,64.13846095,-21.8071645,0.00,0.00,0.00,true,true,0.00,2.00,0.00,10
1773243490000,64.13846095,-21.8071645,0.00,0.00,0.00,true,true,0.00,3.00,0.00,11
1773243496000,64.13846095,-21.8071645,0.00,0.00,0.00,true,true,0.00,6.00,0.00,12
1773243498000,64.13846095,-21.8071645,0.00,0.00,0.00,true,true,0.00,2.00,0.00,13
1773243500000,64.13846095,-21.8071645,0.00,0.00,0.00,true,true,0.00,2.00,0.00,14
1773243502000,64.13846095,-21.8071645,0.00,0.00,0.00,true,true,0.00,2.00,0.00,15
1773243506000,64.13846095,-21.8071645,0.00,0.00,0.00,true,true,0.00,4.00,0.00,16
1773243508000,64.13846095,-21.8071645,0.00,0.00,0.00,true,true,0.00,2.00,0.00,17
1773243512000,64.13846095,-21.8071645,0.00,0.00,0.00,true,true,0.00,4.00,0.00,18
1773243516000,64.13846095,-21.8071645,0.00,0.00,0.00,true,true,0.00,4.00,0.00,19
1773243520000,64.13846095,-21.8071645,0.00,0.00,0.00,true,true,0.00,4.00,0.00,20
1773243525000,64.13846095,-21.8071645,0.00,0.00,0.00,true,true,0.00,5.00,0.00,21
1773243527000,64.13846095,-21.8071645,0.00,0.00,0.00,true,true,0.00,2.00,0.00,22
1773243531000,64.13846095,-21.8071645,0.00,0.00,0.00,true,true,0.00,4.00,0.00,23
1773243533000,64.13846095,-21.8071645,0.00,0.00,0.00,true,true,0.00,2.00,0.00,24
1773243537000,64.13846095,-21.8071645,0.00,0.00,0.00,true,true,0.00,4.00,0.00,25
1773243540000,64.13846095,-21.8071645,0.00,0.00,0.00,true,true,0.00,3.00,0.00,26
1773243542000,64.13846095,-21.8071645,0.00,0.00,0.00,true,true,0.00,2.00,0.00,27
1773243545000,64.13846095,-21.8071645,0.00,0.00,0.00,true,true,0.00,3.00,0.00,28
1773243551000,64.1446751333333,-21.8060271666667,0.00,0.00,0.00,true,false,0.00,3.00,0.00,1
1773243554000,64.1446751333333,-21.8060271666667,0.00,0.00,0.00,true,true,0.00,3.00,0.00,2
1773243556000,64.1446751333333,-21.8060271666667,0.00,0.00,0.00,true,true,0.00,2.00,0.00,3
1773243560000,64.1446751333333,-21.8060271666667,0.00,0.00,0.00,true,true,0.00,4.00,0.00,4
1773243567000,64.1446751333333,-21.8060271666667,0.00,0.00,0.00,true,true,0.00,7.00,0.00,5
1773243571000,64.1446751333333,-21.8060271666667,0.00,0.00,0.00,true,true,0.00,4.00,0.00,6
1773243573000,64.1446751333333,-21.8060271666667,0.00,0.00,0.00,true,true,0.00,2.00,0.00,7
1773243577000,64.1446751333333,-21.8060271666667,0.00,0.00,0.00,true,true,0.00,4.00,0.00,8
1773243583000,64.1446751333333,-21.8060271666667,0.00,0.00,0.00,true,true,0.00,6.00,0.00,9
1773243588000,64.1446751333333,-21.8060271666667,0.00,0.00,0.00,true,true,0.00,5.00,0.00,10
1773243592000,64.1446751333333,-21.8060271666667,0.00,0.00,0.00,true,true,0.00,4.00,0.00,11
1773243595000,64.1446751333333,-21.8060271666667,0.00,0.00,0.00,true,true,0.00,3.00,0.00,12
1773243599000,64.1446751333333,-21.8060271666667,0.00,0.00,0.00,true,true,0.00,4.00,0.00,13
1773243601000,64.1446751333333,-21.8060271666667,0.00,0.00,0.00,true,true,0.00,2.00,0.00,14
1773243605000,64.1446751333333,-21.8060271666667,0.00,0.00,0.00,true,true,0.00,4.00,0.00,15
1773243610000,64.1446751333333,-21.8060271666667,0.00,0.00,0.00,true,true,0.00,5.00,0.00,16
1773243615000,64.1446751333333,-21.8060271666667,0.00,0.00,0.00,true,true,0.00,5.00,0.00,17
1773243619000,64.1446751333333,-21.8060271666667,0.00,0.00,0.00,true,true,0.00,4.00,0.00,18
1773243622000,64.1446751333333,-21.8060271666667,0.00,0.00,0.00,true,true,0.00,3.00,0.00,19
1773243624000,64.1446751333333,-21.8060271666667,0.00,0.00,0.00,true,true,0.00,2.00,0.00,20
1773243628000,64.1446751333333,-21.8060271666667,0.00,0.00,0.00,true,true,0.00,4.00,0.00,21
1773243631000,64.1446751333333,-21.8060271666667,0.00,0.00,0.00,true,true,0.00,3.00,0.00,22
1773243633000,64.1446751333333,-21.8060271666667,0.00,0.00,0.00,true,true,0.00,2.00,0.00,23
1773243636000,64.1446751333333,-21.8060271666667,0.00,0.00,0.00,true,true,0.00,3.00,0.00,24
1773243641000,64.1446751333333,-21.8060271666667,0.00,0.00,0.00,true,true,0.00,5.00,0.00,25
1773243643000,64.1446751333333,-21.8060271666667,0.00,0.00,0.00,true,true,0.00,2.00,0.00,26
1773243649000,64.1434283666667,-21.8075345,0.00,0.00,0.00,true,false,0.00,2.00,0.00,1
1773243653000,64.1434283666667,-21.8075345,0.00,0.00,0.00,true,true,0.00,4.00,0.00,2
1773243655000,64.1434283666667,-21.8075345,0.00,0.00,0.00,true,true,0.00,2.00,0.00,3
1773243658000,64.1434283666667,-21.8075345,0.00,0.00,0.00,true,true,0.00,3.00,0.00,4
1773243661000,64.1434283666667,-21.8075345,0.00,0.00,0.00,true,true,0.00,3.00,0.00,5
1773243663000,64.1434283666667,-21.8075345,0.00,0.00,0.00,true,true,0.00,2.00,0.00,6
1773243666000,64.1434283666667,-21.8075345,0.00,0.00,0.00,true,true,0.00,3.00,0.00,7
1773243672000,64.1434283666667,-21.8075345,0.00,0.00,0.00,true,true,0.00,6.00,0.00,8
1773243676000,64.1434283666667,-21.8075345,0.00,0.00,0.00,true,true,0.00,4.00,0.00,9
1773243678000,64.1434283666667,-21.8075345,0.00,0.00,0.00,true,true,0.00,2.00,0.00,10
1773243681000,64.1434283666667,-21.8075345,0.00,0.00,0.00,true,true,0.00,3.00,0.00,11
1773243684000,64.1434283666667,-21.8075345,0.00,0.00,0.00,true,true,0.00,3.00,0.00,12
1773243687000,64.1434283666667,-21.8075345,0.00,0.00,0.00,true,true,0.00,3.00,0.00,13
1773243689000,64.1434283666667,-21.8075345,0.00,0.00,0.00,true,true,0.00,2.00,0.00,14
1773243692000,64.1434283666667,-21.8075345,0.00,0.00,0.00,true,true,0.00,3.00,0.00,15
1773243694000,64.1434283666667,-21.8075345,0.00,0.00,0.00,true,true,0.00,2.00,0.00,16
1773243698000,64.1434283666667,-21.8075345,0.00,0.00,0.00,true,true,0.00,4.00,0.00,17
1773243704000,64.1434283666667,-21.8075345,0.00,0.00,0.00,true,true,0.00,6.00,0.00,18
1773243707000,64.1434283666667,-21.8075345,0.00,0.00,0.00,true,true,0.00,3.00,0.00,19
1773243713000,64.1434283666667,-21.8075345,0.00,0.00,0.00,true,true,0.00,6.00,0.00,20
1773243717000,64.1434283666667,-21.8075345,0.00,0.00,0.00,true,true,0.00,4.00,0.00,21
1773243719000,64.1434283666667,-21.8075345,0.00,0.00,0.00,true,true,0.00,2.00,0.00,22
1773243726000,64.1434283666667,-21.8075345,0.00,0.00,0.00,true,true,0.00,7.00,0.00,23
1773243730000,64.1434283666667,-21.8075345,0.00,0.00,0.00,true,true,0.00,4.00,0.00,24
1773243732000,64.1434283666667,-21.8075345,0.00,0.00,0.00,true,true,0.00,2.00,0.00,25
1773243734000,64.1434283666667,-21.8075345,0.00,0.00,0.00,true,true,0.00,2.00,0.00,26
1773243736000,64.1434283666667,-21.8075345,0.00,0.00,0.00,true,true,0.00,2.00,0.00,27
1773243742000,64.1434283666667,-21.8075345,0.00,0.00,0.00,true,true,0.00,6.00,0.00,28
1773243747000,64.1434283666667,-21.8075345,0.00,0.00,0.00,true,true,0.00,5.00,0.00,29
1773243750000,64.1434283666667,-21.8075345,0.00,0.00,0.00,true,true,0.00,3.00,0.00,30
1773243756000,64.1434283666667,-21.8075345,0.00,0.00,0.00,true,true,0.00,6.00,0.00,31
1773243759000,64.1434283666667,-21.8075345,0.00,0.00,0.00,true,true,0.00,3.00,0.00,32
1773243765000,64.1434283666667,-21.8075345,0.00,0.00,0.00,true,true,0.00,6.00,0.00,33
1773243770000,64.1445953333333,-21.806694,0.00,0.00,0.00,false,false,35.10,3.00,42.12,0
1773243776000,64.1445953333333,-21.806694,6.79,0.00,0.00,true,false,0.91,6.00,0.55,1
1773243787000,64.1445953333333,-21.806694,0.00,0.00,0.00,true,true,2.78,11.00,0.91,2
1773243793000,64.1445953333333,-21.806694,0.00,0.00,0.00,true,true,0.14,6.00,0.08,3
1773243795000,64.1445953333333,-21.806694,0.00,0.00,0.00,true,true,0.01,2.00,0.01,4
1773243799000,64.1445953333333,-21.806694,0.00,0.00,0.00,true,true,0.00,4.00,0.00,5
1773243802000,64.1445953333333,-21.806694,0.00,0.00,0.00,true,true,0.00,3.00,0.00,6
1773243810000,64.1445953333333,-21.806694,0.00,0.00,0.00,true,true,0.00,8.00,0.00,7
1773243812000,64.1445953333333,-21.806694,0.00,0.00,0.00,true,true,0.00,2.00,0.00,8
1773243814000,64.1445953333333,-21.806694,0.00,0.00,0.00,true,true,0.00,2.00,0.00,9
1773243817000,64.1445953333333,-21.806694,0.00,0.00,0.00,true,true,0.00,3.00,0.00,10
1773243820000,64.1445953333333,-21.806694,0.00,0.00,0.00,true,true,0.00,3.00,0.00,11
1773243822000,64.1445953333333,-21.806694,0.00,0.00,0.00,true,true,0.00,2.00,0.00,12
1773243824000,64.1445953333333,-21.806694,0.00,0.00,0.00,true,true,0.00,2.00,0.00,13
1773243828000,64.1445953333333,-21.806694,0.00,0.00,0.00,true,true,0.00,4.00,0.00,14
1773243831000,64.1445953333333,-21.806694,0.00,0.00,0.00,true,true,0.00,3.00,0.00,15
1773243833000,64.1445953333333,-21.806694,0.00,0.00,0.00,true,true,0.00,2.00,0.00,16
1773243838000,64.1445953333333,-21.806694,0.00,0.00,0.00,true,true,0.00,5.00,0.00,17
1773243845000,64.1445953333333,-21.806694,0.00,0.00,0.00,true,true,0.00,7.00,0.00,18
1773243847000,64.1445953333333,-21.806694,0.00,0.00,0.00,true,true,0.00,2.00,0.00,19
1773243862000,64.1445953333333,-21.806694,0.00,0.00,0.00,true,true,0.00,15.00,0.00,20
1773243864000,64.1445953333333,-21.806694,0.00,0.00,0.00,true,true,0.00,2.00,0.00,21
1773243867000,64.1445953333333,-21.806694,0.00,0.00,0.00,true,true,0.00,3.00,0.00,22
1773243870000,64.1445953333333,-21.806694,0.00,0.00,0.00,true,true,0.00,3.00,0.00,23
1773243872000,64.1445953333333,-21.806694,0.00,0.00,0.00,true,true,0.00,2.00,0.00,24
1773243877000,64.1445953333333,-21.806694,0.00,0.00,0.00,true,true,0.00,5.00,0.00,25
1773243884000,64.1445953333333,-21.806694,0.00,0.00,0.00,true,true,0.00,7.00,0.00,26
1773243888000,64.1445953333333,-21.806694,0.00,0.00,0.00,true,true,0.00,4.00,0.00,27
1773243890000,64.1445953333333,-21.806694,0.00,0.00,0.00,true,true,0.00,2.00,0.00,28
1773243896000,64.1397782833333,-21.8070951666667,0.00,0.00,0.00,true,false,0.00,3.00,0.00,1
1773243900000,64.1397782833333,-21.8070951666667,0.00,0.00,0.00,true,true,0.00,4.00,0.00,2
1773243903000,64.1397782833333,-21.8070951666667,0.00,0.00,0.00,true,true,0.00,3.00,0.00,3
1773243912000,64.1377258166667,-21.8081866666667,0.00,0.00,0.00,true,false,0.00,4.00,0.00,1
1773243914000,64.1377258166667,-21.8081866666667,0.00,0.00,0.00,true,true,0.00,2.00,0.00,2
1773243919000,64.1377258166667,-21.8081866666667,0.00,0.00,0.00,true,true,0.00,5.00,0.00,3
1773243927000,64.1377258166667,-21.8081866666667,0.00,0.00,0.00,true,true,0.00,8.00,0.00,4
1773243929000,64.1377258166667,-21.8081866666667,0.00,0.00,0.00,true,true,0.00,2.00,0.00,5
1773243931000,64.1377258166667,-21.8081866666667,0.00,0.00,0.00,true,true,0.00,2.00,0.00,6
1773243935000,64.1377258166667,-21.8081866666667,0.00,0.00,0.00,true,true,0.00,4.00,0.00,7
1773243941000,64.1384126333333,-21.8082681666667,0.00,0.00,0.00,true,false,0.00,4.00,0.00,1
1773243946000,64.1384126333333,-21.8082681666667,0.00,0.00,0.00,true,true,0.00,5.00,0.00,2
1773243948000,64.1384126333333,-21.8082681666667,0.00,0.00,0.00,true,true,0.00,2.00,0.00,3
1773243952000,64.1384126333333,-21.8082681666667,0.00,0.00,0.00,true,true,0.00,4.00,0.00,4
1773243956000,64.1384126333333,-21.8082681666667,0.00,0.00,0.00,true,true,0.00,4.00,0.00,5
1773243964000,64.1396132666667,-21.8117068333333,0.00,0.00,0.00,true,false,0.00,5.00,0.00,1
1773243967000,64.1396132666667,-21.8117068333333,0.00,0.00,0.00,true,true,0.00,3.00,0.00,2
1773243972000,64.1396132666667,-21.8117068333333,0.00,0.00,0.00,true,true,0.00,5.00,0.00,3
1773243979000,64.1396132666667,-21.8117068333333,0.00,0.00,0.00,true,true,0.00,7.00,0.00,4
1773243981000,64.1396132666667,-21.8117068333333,0.00,0.00,0.00,true,true,0.00,2.00,0.00,5
1773243989000,64.1396132666667,-21.8117068333333,0.00,0.00,0.00,true,true,0.00,8.00,0.00,6
1773243998000,64.14068265,-21.8166,0.00,0.00,0.00,true,false,0.00,5.00,0.00,1
1773244002000,64.14068265,-21.8166,0.00,0.00,0.00,true,true,0.00,4.00,0.00,2
1773244004000,64.14068265,-21.8166,0.00,0.00,0.00,true,true,0.00,2.00,0.00,3
1773244006000,64.14068265,-21.8166,0.00,0.00,0.00,true,true,0.00,2.00,0.00,4
1773244012000,64.14068265,-21.8166,0.00,0.00,0.00,true,true,0.00,6.00,0.00,5
1773244015000,64.14068265,-21.8166,0.00,0.00,0.00,true,true,0.00,3.00,0.00,6
1773244017000,64.14068265,-21.8166,0.00,0.00,0.00,true,true,0.00,2.00,0.00,7
1773244021000,64.14068265,-21.8166,0.00,0.00,0.00,true,true,0.00,4.00,0.00,8
1773244026000,64.13949855,-21.8182753333333,0.00,0.00,0.00,true,false,0.00,2.00,0.00,1
1773244029000,64.13949855,-21.8182753333333,0.00,0.00,0.00,true,true,0.00,3.00,0.00,2
1773244032000,64.13949855,-21.8182753333333,0.00,0.00,0.00,true,true,0.00,3.00,0.00,3
1773244037000,64.13949855,-21.8182753333333,0.00,0.00,0.00,true,true,0.00,5.00,0.00,4
1773244042000,64.13949855,-21.8182753333333,0.00,0.00,0.00,true,true,0.00,5.00,0.00,5
1773244044000,64.13949855,-21.8182753333333,0.00,0.00,0.00,true,true,0.00,2.00,0.00,6
1773244049000,64.1383682666667,-21.8166145,118.31,26.87,25.53,false,false,149.18,5.00,107.41,0
1773244053000,64.1383682666667,-21.8166145,25.00,25.00,23.75,false,false,12.25,4.00,11.03,0
1773244055000,64.1383682666667,-21.8166145,5.28,5.28,5.02,false,false,13.38,2.00,24.08,0
1773244058000,64.1383682666667,-21.8166145,3.64,0.00,5.02,true,false,7.35,3.00,8.82,1
1773244062000,64.1383682666667,-21.8166145,0.00,0.00,0.00,true,true,2.38,4.00,2.14,2
1773244069000,64.1383682666667,-21.8166145,0.00,0.00,0.00,true,true,0.21,7.00,0.11,3
1773244077000,64.13698145,-21.812908,0.00,0.00,0.00,true,false,0.00,4.00,0.00,1
1773244079000,64.13698145,-21.812908,0.00,0.00,0.00,true,true,0.00,2.00,0.00,2
1773244084000,64.13698145,-21.812908,0.00,0.00,0.00,true,true,0.00,5.00,0.00,3
1773244090000,64.1368683666667,-21.8107081666667,80.16,22.75,21.61,false,false,107.65,6.00,64.59,0
1773244093000,64.1368683666667,-21.8107081666667,31.67,0.00,21.61,true,false,5.14,3.00,6.16,1
1773244097000,64.1368683666667,-21.8107081666667,4.07,4.07,3.87,false,false,10.35,4.00,9.31,0
1773244099000,64.1368683666667,-21.8107081666667,6.37,0.00,3.87,true,false,5.45,2.00,9.82,1
1773244103000,64.1368683666667,-21.8107081666667,0.00,0.00,0.00,true,true,0.86,4.00,0.78,2
1773244105000,64.1368683666667,-21.8107081666667,0.00,0.00,0.00,true,true,0.82,2.00,1.47,3
1773244110000,64.1368683666667,-21.8107081666667,0.00,0.00,0.00,true,true,0.22,5.00,0.16,4
1773244113000,64.1368683666667,-21.8107081666667,0.00,0.00,0.00,true,true,0.02,3.00,0.02,5
1773244115000,64.1368683666667,-21.8107081666667,0.00,0.00,0.00,true,true,0.00,2.00,0.01,6
1773244120000,64.1368683666667,-21.8107081666667,0.00,0.00,0.00,true,true,0.00,5.00,0.00,7
1773244125000,64.1368683666667,-21.8107081666667,0.00,0.00,0.00,true,true,0.00,5.00,0.00,8
1773244129000,64.1368683666667,-21.8107081666667,0.00,0.00,0.00,true,true,0.00,4.00,0.00,9
1773244133000,64.1368683666667,-21.8107081666667,0.00,0.00,0.00,true,true,0.00,4.00,0.00,10
1773244135000,64.1368683666667,-21.8107081666667,0.00,0.00,0.00,true,true,0.00,2.00,0.00,11
1773244138000,64.1368683666667,-21.8107081666667,0.00,0.00,0.00,true,true,0.00,3.00,0.00,12
1773244140000,64.1368683666667,-21.8107081666667,0.00,0.00,0.00,true,true,0.00,2.00,0.00,13
1773244144000,64.1368683666667,-21.8107081666667,0.00,0.00,0.00,true,true,0.00,4.00,0.00,14
1773244146000,64.1368683666667,-21.8107081666667,0.00,0.00,0.00,true,true,0.00,2.00,0.00,15
1773244149000,64.1368683666667,-21.8107081666667,0.00,0.00,0.00,true,true,0.00,3.00,0.00,16
1773244153000,64.1368683666667,-21.8107081666667,0.00,0.00,0.00,true,true,0.00,4.00,0.00,17
1773244155000,64.1368683666667,-21.8107081666667,0.00,0.00,0.00,true,true,0.00,2.00,0.00,18
1773244164000,64.1368683666667,-21.8107081666667,0.00,0.00,0.00,true,true,0.00,9.00,0.00,19
1773244169000,64.1368683666667,-21.8107081666667,0.00,0.00,0.00,true,true,0.00,5.00,0.00,20
1773244175000,64.1365536833333,-21.8073898333333,0.00,0.00,0.00,true,false,0.00,2.00,0.00,1
1773244179000,64.1365536833333,-21.8073898333333,0.00,0.00,0.00,true,true,0.00,4.00,0.00,2
1773244181000,64.1365536833333,-21.8073898333333,0.00,0.00,0.00,true,true,0.00,2.00,0.00,3
1773244186000,64.1365536833333,-21.8073898333333,0.00,0.00,0.00,true,true,0.00,5.00,0.00,4
1773244190000,64.1365536833333,-21.8073898333333,0.00,0.00,0.00,true,true,0.00,4.00,0.00,5
1773244193000,64.1365536833333,-21.8073898333333,0.00,0.00,0.00,true,true,0.00,3.00,0.00,6
1773244195000,64.1365536833333,-21.8073898333333,0.00,0.00,0.00,true,true,0.00,2.00,0.00,7
1773244199000,64.1365536833333,-21.8073898333333,0.00,0.00,0.00,true,true,0.00,4.00,0.00,8
1773244201000,64.1365536833333,-21.8073898333333,0.00,0.00,0.00,true,true,0.00,2.00,0.00,9
1773244205000,64.1365536833333,-21.8073898333333,0.00,0.00,0.00,true,true,0.00,4.00,0.00,10
1773244207000,64.1365536833333,-21.8073898333333,0.00,0.00,0.00,true,true,0.00,2.00,0.00,11
1773244211000,64.1365536833333,-21.8073898333333,0.00,0.00,0.00,true,true,0.00,4.00,0.00,12
1773244214000,64.1365536833333,-21.8073898333333,0.00,0.00,0.00,true,true,0.00,3.00,0.00,13
1773244218000,64.1365536833333,-21.8073898333333,0.00,0.00,0.00,true,true,0.00,4.00,0.00,14
1773244220000,64.1365536833333,-21.8073898333333,0.00,0.00,0.00,true,true,0.00,2.00,0.00,15
1773244225000,64.1365536833333,-21.8073898333333,0.00,0.00,0.00,true,true,0.00,5.00,0.00,16
1773244240000,64.1356759166667,-21.8020866666667,0.00,0.00,0.00,true,false,0.00,10.00,0.00,1
1773244245000,64.1356759166667,-21.8020866666667,0.00,0.00,0.00,true,true,0.00,5.00,0.00,2
1773244251000,64.1356759166667,-21.8020866666667,0.00,0.00,0.00,true,true,0.00,6.00,0.00,3
1773244255000,64.1356759166667,-21.8020866666667,0.00,0.00,0.00,true,true,0.00,4.00,0.00,4
1773244258000,64.1356759166667,-21.8020866666667,0.00,0.00,0.00,true,true,0.00,3.00,0.00,5
1773244264000,64.1347756166667,-21.7982166666667,0.00,0.00,0.00,true,false,0.00,4.00,0.00,1
1773244266000,64.1347756166667,-21.7982166666667,0.00,0.00,0.00,true,true,0.00,2.00,0.00,2
1773244270000,64.1347756166667,-21.7982166666667,0.00,0.00,0.00,true,true,0.00,4.00,0.00,3
1773244275000,64.1347756166667,-21.7982166666667,0.00,0.00,0.00,true,true,0.00,5.00,0.00,4
1773244278000,64.1347756166667,-21.7982166666667,0.00,0.00,0.00,true,true,0.00,3.00,0.00,5
1773244280000,64.1347756166667,-21.7982166666667,0.00,0.00,0.00,true,true,0.00,2.00,0.00,6
1773244286000,64.1347756166667,-21.7982166666667,0.00,0.00,0.00,true,true,0.00,6.00,0.00,7
1773244290000,64.1347756166667,-21.7982166666667,0.00,0.00,0.00,true,true,0.00,4.00,0.00,8
1773244300000,64.13531145,-21.7933158333333,0.00,0.00,0.00,true,false,0.00,5.00,0.00,1
1773244305000,64.13531145,-21.7933158333333,0.00,0.00,0.00,true,true,0.00,5.00,0.00,2
1773244312000,64.13531145,-21.7933158333333,0.00,0.00,0.00,true,true,0.00,7.00,0.00,3
1773244325000,64.13531145,-21.7933158333333,0.00,0.00,0.00,true,true,0.00,13.00,0.00,4
1773244330000,64.13531145,-21.7933158333333,0.00,0.00,0.00,true,true,0.00,5.00,0.00,5
1773244337000,64.1376840833333,-21.791135,0.00,0.00,0.00,true,false,0.00,2.00,0.00,1
1773244341000,64.1376840833333,-21.791135,0.00,0.00,0.00,true,true,0.00,4.00,0.00,2
1773244345000,64.1376840833333,-21.791135,0.00,0.00,0.00,true,true,0.00,4.00,0.00,3
1773244347000,64.1376840833333,-21.791135,0.00,0.00,0.00,true,true,0.00,2.00,0.00,4
1773244349000,64.1376840833333,-21.791135,0.00,0.00,0.00,true,true,0.00,2.00,0.00,5
1773244354000,64.1376840833333,-21.791135,0.00,0.00,0.00,true,true,0.00,5.00,0.00,6
1773244360000,64.1389846833333,-21.7895013333333,122.74,31.25,29.68,false,false,164.76,6.00,98.86,0
1773244365000,64.1389846833333,-21.7895013333333,2.63,0.00,29.68,true,false,7.90,5.00,5.69,1
1773244368000,64.1389846833333,-21.7895013333333,9.80,9.80,9.31,false,false,11.40,3.00,13.68,0
1773244371000,64.1389846833333,-21.7895013333333,4.77,0.00,9.31,true,false,1.57,3.00,1.89,1
1773244377000,64.1389846833333,-21.7895013333333,0.00,0.00,0.00,true,true,1.23,6.00,0.74,2
1773244382000,64.1389846833333,-21.7895013333333,0.00,0.00,0.00,true,true,0.48,5.00,0.34,3
1773244385000,64.1389846833333,-21.7895013333333,0.00,0.00,0.00,true,true,0.03,3.00,0.04,4
1773244387000,64.1389846833333,-21.7895013333333,0.00,0.00,0.00,true,true,0.01,2.00,0.01,5
1773244393000,64.1389846833333,-21.7895013333333,0.00,0.00,0.00,true,true,0.00,6.00,0.00,6
1773244396000,64.1389846833333,-21.7895013333333,0.00,0.00,0.00,true,true,0.00,3.00,0.00,7
1773244399000,64.1389846833333,-21.7895013333333,0.00,0.00,0.00,true,true,0.00,3.00,0.00,8
1773244405000,64.1389846833333,-21.7895013333333,0.00,0.00,0.00,true,true,0.00,6.00,0.00,9
1773244412000,64.1393185333333,-21.7849391666667,0.00,0.00,0.00,true,false,0.00,4.00,0.00,1
1773244414000,64.1393185333333,-21.7849391666667,0.00,0.00,0.00,true,true,0.00,2.00,0.00,2
1773244419000,64.1393185333333,-21.7849391666667,0.00,0.00,0.00,true,true,0.00,5.00,0.00,3
1773244443000,64.13964265,-21.7804768333333,63.78,22.57,21.44,false,false,219.83,24.00,32.97,0
1773244447000,64.13964265,-21.7804768333333,5.26,0.00,21.44,true,false,0.10,4.00,0.09,1
1773244450000,64.13964265,-21.7804768333333,0.00,0.00,0.00,true,true,8.42,3.00,10.10,2
1773244453000,64.13964265,-21.7804768333333,0.00,0.00,0.00,true,true,2.21,3.00,2.65,3
1773244455000,64.13964265,-21.7804768333333,0.00,0.00,0.00,true,true,0.42,2.00,0.75,4
1773244459000,64.13964265,-21.7804768333333,0.00,0.00,0.00,true,true,0.12,4.00,0.11,5
1773244461000,64.13964265,-21.7804768333333,0.00,0.00,0.00,true,true,0.02,2.00,0.03,6
1773244466000,64.13964265,-21.7804768333333,0.00,0.00,0.00,true,true,0.00,5.00,0.00,7
1773244475000,64.1387574166667,-21.7770541666667,0.00,0.00,0.00,true,false,0.00,5.00,0.00,1
1773244480000,64.1387574166667,-21.7770541666667,0.00,0.00,0.00,true,true,0.00,5.00,0.00,2
1773244486000,64.1387574166667,-21.7770541666667,0.00,0.00,0.00,true,true,0.00,6.00,0.00,3
1773244494000,64.1387574166667,-21.7770541666667,0.00,0.00,0.00,true,true,0.00,8.00,0.00,4
1773244500000,64.1382249833333,-21.7744051666667,0.00,0.00,0.00,true,false,0.00,4.00,0.00,1
1773244504000,64.1382249833333,-21.7744051666667,0.00,0.00,0.00,true,true,0.00,4.00,0.00,2
1773244506000,64.1382249833333,-21.7744051666667,0.00,0.00,0.00,true,true,0.00,2.00,0.00,3
1773244511000,64.1382249833333,-21.7744051666667,0.00,0.00,0.00,true,true,0.00,5.00,0.00,4
1773244516000,64.1382249833333,-21.7744051666667,0.00,0.00,0.00,true,true,0.00,5.00,0.00,5
1773244521000,64.1382249833333,-21.7744051666667,0.00,0.00,0.00,true,true,0.00,5.00,0.00,6
1773244523000,64.1382249833333,-21.7744051666667,0.00,0.00,0.00,true,true,0.00,2.00,0.00,7
1773244528000,64.1382249833333,-21.7744051666667,0.00,0.00,0.00,true,true,0.00,5.00,0.00,8
1773244530000,64.1382249833333,-21.7744051666667,0.00,0.00,0.00,true,true,0.00,2.00,0.00,9
1773244534000,64.1382249833333,-21.7744051666667,0.00,0.00,0.00,true,true,0.00,4.00,0.00,10
1773244536000,64.1382249833333,-21.7744051666667,0.00,0.00,0.00,true,true,0.00,2.00,0.00,11
1773244540000,64.1382249833333,-21.7744051666667,0.00,0.00,0.00,true,true,0.00,4.00,0.00,12
1773244543000,64.1382249833333,-21.7744051666667,0.00,0.00,0.00,true,true,0.00,3.00,0.00,13
1773244548000,64.1382249833333,-21.7744051666667,0.00,0.00,0.00,true,true,0.00,5.00,0.00,14
1773244553000,64.1382249833333,-21.7744051666667,0.00,0.00,0.00,true,true,0.00,5.00,0.00,15
1773244558000,64.1382249833333,-21.7744051666667,0.00,0.00,0.00,true,true,0.00,5.00,0.00,16
1773244560000,64.1382249833333,-21.7744051666667,0.00,0.00,0.00,true,true,0.00,2.00,0.00,17
1773244563000,64.1382249833333,-21.7744051666667,0.00,0.00,0.00,true,true,0.00,3.00,0.00,18
1773244568000,64.1382249833333,-21.7744051666667,0.00,0.00,0.00,true,true,0.00,5.00,0.00,19
1773244573000,64.1382249833333,-21.7744051666667,0.00,0.00,0.00,true,true,0.00,5.00,0.00,20
1773244578000,64.1393662333333,-21.7721835,0.00,0.00,0.00,true,false,0.00,2.00,0.00,1
1773244581000,64.1393662333333,-21.7721835,0.00,0.00,0.00,true,true,0.00,3.00,0.00,2
1773244586000,64.1393662333333,-21.7721835,0.00,0.00,0.00,true,true,0.00,5.00,0.00,3
1773244590000,64.1393662333333,-21.7721835,0.00,0.00,0.00,true,true,0.00,4.00,0.00,4
1773244593000,64.1393662333333,-21.7721835,0.00,0.00,0.00,true,true,0.00,3.00,0.00,5
1773244606000,64.1393662333333,-21.7721835,0.00,0.00,0.00,true,true,0.00,13.00,0.00,6
1773244609000,64.1393662333333,-21.7721835,0.00,0.00,0.00,true,true,0.00,3.00,0.00,7
1773244615000,64.1393662333333,-21.7721835,0.00,0.00,0.00,true,true,0.00,6.00,0.00,8
1773244623000,64.14490005,-21.7742223333333,0.00,0.00,0.00,true,false,0.00,2.00,0.00,1
1773244628000,64.14490005,-21.7742223333333,0.00,0.00,0.00,true,true,0.00,5.00,0.00,2
1773244635000,64.14490005,-21.7742223333333,0.00,0.00,0.00,true,true,0.00,7.00,0.00,3
1773244638000,64.14490005,-21.7742223333333,0.00,0.00,0.00,true,true,0.00,3.00,0.00,4
1773244642000,64.14490005,-21.7742223333333,0.00,0.00,0.00,true,true,0.00,4.00,0.00,5
1773244644000,64.14490005,-21.7742223333333,0.00,0.00,0.00,true,true,0.00,2.00,0.00,6
1773244648000,64.14490005,-21.7742223333333,0.00,0.00,0.00,true,true,0.00,4.00,0.00,7
1773244653000,64.14490005,-21.7742223333333,0.00,0.00,0.00,true,true,0.00,5.00,0.00,8
1773244655000,64.14490005,-21.7742223333333,0.00,0.00,0.00,true,true,0.00,2.00,0.00,9
1773244659000,64.14490005,-21.7742223333333,0.00,0.00,0.00,true,true,0.00,4.00,0.00,10
1773244662000,64.14490005,-21.7742223333333,0.00,0.00,0.00,true,true,0.00,3.00,0.00,11
1773244675000,64.14490005,-21.7742223333333,0.00,0.00,0.00,true,true,0.00,13.00,0.00,12
1773244683000,64.14490005,-21.7742223333333,0.00,0.00,0.00,true,true,0.00,8.00,0.00,13
1773244685000,64.14490005,-21.7742223333333,0.00,0.00,0.00,true,true,0.00,2.00,0.00,14
1773244719000,64.14490005,-21.7742223333333,0.00,0.00,0.00,true,true,0.00,34.00,0.00,15
1773245110000,64.1388816666667,-21.7772333333333,0.00,0.00,0.00,false,false,39.89,2.00,71.81,0
1773245117000,64.13917,-21.7779166666667,16.22,16.22,15.41,false,false,48.32,7.00,24.85,0
1773245119000,64.13917,-21.7779166666667,7.71,0.00,15.41,true,false,1.64,2.00,2.94,1
1773245124000,64.1394416666667,-21.7785833333333,31.87,29.30,27.83,false,false,41.61,5.00,29.96,0
1773245129000,64.1396383333333,-21.7793833333333,33.93,29.76,28.27,false,false,46.85,5.00,33.73,0
1773245133000,64.1396566666667,-21.78045,45.08,27.90,26.50,false,false,52.46,4.00,47.21,0
1773245135000,64.1395933333333,-21.7812333333333,56.18,33.52,31.85,false,false,41.20,2.00,74.16,0
1773245138000,64.1395933333333,-21.7812333333333,23.98,0.00,31.85,true,false,5.01,3.00,6.02,1
1773245140000,64.1395933333333,-21.7812333333333,0.00,0.00,0.00,true,true,8.61,2.00,15.49,2
1773245144000,64.1395916666667,-21.7812333333333,0.00,0.00,0.00,true,true,6.33,4.00,5.70,3
1773245149000,64.13958,-21.7813,0.00,0.00,0.00,true,true,2.67,5.00,1.93,4
1773245153000,64.1395033333333,-21.7819166666667,24.61,6.92,6.58,false,false,31.35,4.00,28.22,0
1773245155000,64.1395033333333,-21.7819166666667,17.24,0.00,6.58,true,false,3.49,2.00,6.28,1
1773245160000,64.139425,-21.7827666666667,29.62,13.80,13.11,false,false,39.48,5.00,28.43,0
1773245167000,64.13934,-21.78465,55.04,26.30,24.99,false,false,93.34,7.00,48.00,0
1773245169000,64.13934,-21.78465,32.76,0.00,24.99,true,false,1.16,2.00,2.09,1
1773245173000,64.1393216666667,-21.7856333333333,35.86,32.65,31.02,false,false,40.30,4.00,36.27,0
1773245180000,64.1393383333333,-21.7866166666667,20.60,20.60,19.57,false,false,48.33,7.00,24.85,0
1773245185000,64.139385,-21.7876166666667,35.72,33.88,32.19,false,false,48.19,5.00,34.70,0
1773245190000,64.1394016666667,-21.7886333333333,36.65,30.26,28.75,false,false,50.80,5.00,36.58,0
1773245195000,64.1394383333333,-21.7892333333333,20.16,20.16,19.15,false,false,29.51,5.00,21.25,0
1773245198000,64.1394383333333,-21.78925,6.53,0.00,19.15,true,false,0.76,3.00,0.91,1
1773245201000,64.1394383333333,-21.78925,0.00,0.00,0.00,true,true,3.00,3.00,3.60,2
1773245207000,64.1394183333333,-21.7893666666667,0.00,0.00,0.00,true,true,4.80,6.00,2.88,3
1773245211000,64.1394183333333,-21.7893666666667,0.00,0.00,0.00,true,true,0.25,4.00,0.23,4
1773245214000,64.139135,-21.7895,24.73,6.84,6.50,false,false,32.13,3.00,38.55,0
1773245216000,64.139135,-21.7895,19.06,0.00,6.50,true,false,5.68,2.00,10.23,1
1773245221000,64.1387333333333,-21.7896666666667,32.33,14.57,13.84,false,false,43.03,5.00,30.98,0
1773245226000,64.1382833333333,-21.79005,39.93,24.72,23.49,false,false,54.72,5.00,39.40,0
1773245231000,64.13797,-21.79055,30.66,30.66,29.13,false,false,43.31,5.00,31.19,0
1773245234000,64.1376966666667,-21.7910666666667,40.89,31.87,30.28,false,false,38.73,3.00,46.48,0
1773245236000,64.1376966666667,-21.7910666666667,26.39,0.00,30.28,true,false,2.29,2.00,4.13,1
1773245240000,64.13738,-21.7917,35.66,34.09,32.39,false,false,40.98,4.00,36.89,0
1773245242000,64.13738,-21.7917,22.58,0.00,32.39,true,false,1.57,2.00,2.83,1
1773245246000,64.13682,-21.7924833333333,56.60,38.06,36.15,false,false,67.99,4.00,61.19,0
1773245250000,64.13682,-21.7924833333333,11.89,0.00,36.15,true,false,5.79,4.00,5.21,1
1773245254000,64.13652,-21.7927833333333,24.83,24.83,23.59,false,false,29.74,4.00,26.77,0
1773245260000,64.1361283333333,-21.7930166666667,29.01,27.56,26.19,false,false,46.87,6.00,28.12,0
1773245262000,64.1357116666667,-21.7932,52.40,35.87,34.07,false,false,47.40,2.00,85.33,0
1773245266000,64.1355916666667,-21.79325,23.32,23.32,22.16,false,false,21.62,4.00,19.46,0
1773245269000,64.13559,-21.79325,5.10,0.00,22.16,true,false,4.42,3.00,5.30,1
1773245273000,64.13559,-21.79325,0.00,0.00,0.00,true,true,4.29,4.00,3.86,2
1773245275000,64.135565,-21.7932666666667,0.00,0.00,0.00,true,true,1.68,2.00,3.02,3
1773245277000,64.135565,-21.7932666666667,0.00,0.00,0.00,true,true,0.46,2.00,0.82,4
1773245280000,64.1353766666667,-21.79335,16.07,6.27,5.96,false,false,21.43,3.00,25.72,0
1773245284000,64.1351633333333,-21.79345,24.66,11.62,11.04,false,false,28.76,4.00,25.89,0
1773245292000,64.1349133333333,-21.7936833333333,9.26,9.26,8.79,false,false,31.35,8.00,14.11,0
1773245295000,64.1345783333333,-21.7943833333333,42.79,22.02,20.92,false,false,50.01,3.00,60.01,0
1773245297000,64.1345783333333,-21.7943833333333,30.76,0.00,20.92,true,false,7.09,2.00,12.77,1
1773245299000,64.1345783333333,-21.7943833333333,0.00,0.00,0.00,true,true,4.61,2.00,8.29,2
1773245305000,64.134415,-21.7952166666667,30.23,20.48,19.45,false,false,38.36,6.00,23.02,0
1773245307000,64.1343883333333,-21.7961,50.57,31.43,29.86,false,false,45.15,2.00,81.27,0
1773245314000,64.1344966666667,-21.7969333333333,19.14,19.14,18.19,false,false,49.73,7.00,25.57,0
1773245317000,64.1346966666667,-21.7976833333333,39.24,28.91,27.47,false,false,41.80,3.00,50.16,0
1773245320000,64.1346966666667,-21.7976833333333,17.61,0.00,27.47,true,false,4.45,3.00,5.33,1
1773245327000,64.13485,-21.7982833333333,13.53,13.53,12.85,false,false,28.57,7.00,14.69,0
1773245330000,64.13485,-21.7982833333333,4.54,0.00,12.85,true,false,0.21,3.00,0.26,1
1773245332000,64.13485,-21.7982833333333,0.00,0.00,0.00,true,true,1.93,2.00,3.48,2
1773245335000,64.1348616666667,-21.79835,0.00,0.00,0.00,true,true,2.26,3.00,2.71,3
1773245339000,64.1348616666667,-21.79835,0.00,0.00,0.00,true,true,0.47,4.00,0.42,4
1773245341000,64.1349583333333,-21.7988333333333,18.61,7.53,7.15,false,false,25.88,2.00,46.59,0
1773245343000,64.1349583333333,-21.7988333333333,16.34,0.00,7.15,true,false,7.04,2.00,12.67,1
1773245347000,64.1350883333333,-21.7993833333333,25.28,14.30,13.58,false,false,29.37,4.00,26.44,0
1773245350000,64.1352,-21.7998666666667,30.68,19.83,18.84,false,false,28.13,3.00,33.75,0
1773245352000,64.1352,-21.7998666666667,19.64,0.00,18.84,true,false,1.28,2.00,2.30,1
1773245354000,64.1352,-21.7998666666667,0.00,0.00,0.00,true,true,4.50,2.00,8.10,2
1773245357000,64.1353416666667,-21.8005166666667,22.84,22.84,21.69,false,false,30.49,3.00,36.58,0
1773245360000,64.135535,-21.8013333333333,47.55,29.59,28.11,false,false,51.72,3.00,62.07,0
1773245362000,64.135535,-21.8013333333333,33.62,0.00,28.11,true,false,6.41,2.00,11.53,1
1773245365000,64.1356866666667,-21.8019833333333,35.12,32.14,30.53,false,false,30.01,3.00,36.01,0
1773245368000,64.1356866666667,-21.8019833333333,13.31,0.00,30.53,true,false,0.42,3.00,0.50,1
1773245371000,64.13578,-21.8024166666667,18.42,18.42,17.50,false,false,17.85,3.00,21.42,0
1773245374000,64.13578,-21.8024166666667,7.78,0.00,17.50,true,false,1.31,3.00,1.57,1
1773245376000,64.13578,-21.8024166666667,0.00,0.00,0.00,true,true,2.70,2.00,4.86,2
1773245380000,64.13578,-21.8024166666667,0.00,0.00,0.00,true,true,2.02,4.00,1.82,3
1773245385000,64.1357933333333,-21.8024833333333,0.00,0.00,0.00,true,true,3.29,5.00,2.37,4
1773245389000,64.1359066666667,-21.8031333333333,26.89,7.50,7.13,false,false,34.25,4.00,30.83,0
1773245391000,64.1359066666667,-21.8031333333333,18.83,0.00,7.13,true,false,3.81,2.00,6.86,1
1773245395000,64.1360516666667,-21.80405,37.46,16.07,15.26,false,false,44.38,4.00,39.94,0
1773245397000,64.1361933333333,-21.80495,58.07,27.78,26.39,false,false,49.56,2.00,89.20,0
1773245402000,64.1361933333333,-21.80495,0.07,0.00,26.39,true,false,7.83,5.00,5.64,1
1773245406000,64.1363233333333,-21.8058166666667,29.97,29.26,27.79,false,false,38.32,4.00,34.49,0
1773245411000,64.1364816666667,-21.80685,42.29,34.43,32.71,false,false,57.52,5.00,41.41,0
1773245417000,64.1365266666667,-21.8071166666667,1.12,1.12,1.07,false,false,15.08,6.00,9.05,0
1773245422000,64.1365266666667,-21.8071166666667,2.09,0.00,1.07,true,false,2.62,5.00,1.88,1
1773245426000,64.1365266666667,-21.8071166666667,0.00,0.00,0.00,true,true,0.29,4.00,0.26,2
1773245429000,64.1365433333333,-21.8072,0.00,0.00,0.00,true,true,4.68,3.00,5.61,3
1773245433000,64.1366916666667,-21.8077333333333,24.76,7.98,7.59,false,false,31.53,4.00,28.38,0
1773245435000,64.1366916666667,-21.8077333333333,17.64,0.00,7.59,true,false,3.86,2.00,6.96,1
1773245437000,64.1366916666667,-21.8077333333333,0.00,0.00,0.00,true,true,2.68,2.00,4.83,2
1773245441000,64.1369566666667,-21.80845,33.33,19.30,18.34,false,false,41.83,4.00,37.64,0
1773245443000,64.1369566666667,-21.80845,24.23,0.00,18.34,true,false,5.82,2.00,10.47,1
1773245445000,64.137035,-21.8086666666667,21.98,17.77,16.88,false,false,10.19,2.00,18.33,0
1773245447000,64.137035,-21.8086666666667,13.17,0.00,16.88,true,false,1.01,2.00,1.82,1
1773245450000,64.1370366666667,-21.8086666666667,0.00,0.00,0.00,true,true,4.10,3.00,4.92,2
1773245452000,64.1370366666667,-21.8086666666667,0.00,0.00,0.00,true,true,3.30,2.00,5.95,3
1773245457000,64.1370366666667,-21.8086666666667,0.00,0.00,0.00,true,true,0.97,5.00,0.70,4
1773245461000,64.1370366666667,-21.8086666666667,0.00,0.00,0.00,true,true,0.09,4.00,0.08,5
1773245466000,64.1370366666667,-21.8086666666667,0.00,0.00,0.00,true,true,0.01,5.00,0.01,6
1773245471000,64.1370366666667,-21.8086666666667,0.00,0.00,0.00,true,true,0.00,5.00,0.00,7
1773245474000,64.1370366666667,-21.8086666666667,0.00,0.00,0.00,true,true,0.00,3.00,0.00,8
1773245476000,64.1370366666667,-21.8086666666667,0.00,0.00,0.00,true,true,0.00,2.00,0.00,9
1773245478000,64.1370366666667,-21.8086666666667,0.00,0.00,0.00,true,true,0.00,2.00,0.00,10
1773245481000,64.1370366666667,-21.8086666666667,0.00,0.00,0.00,true,true,0.00,3.00,0.00,11
1773245484000,64.1370366666667,-21.8086666666667,0.00,0.00,0.00,true,true,0.00,3.00,0.00,12
1773245487000,64.1370366666667,-21.8086666666667,0.00,0.00,0.00,true,true,0.00,3.00,0.00,13
1773245490000,64.1370466666667,-21.8087,0.00,0.00,0.00,true,true,1.96,3.00,2.36,14
1773255750000,64.1358566666667,-21.8027666666667,0.22,0.11,0.10,false,false,316.80,10260.00,0.11,0
1773255753000,64.1360916666667,-21.8042666666667,59.55,0.08,0.08,false,false,77.43,3.00,92.91,0
1773255757000,64.136265,-21.8054,68.28,0.06,0.06,false,false,77.10,4.00,69.39,0
1773255759000,64.136265,-21.8054,42.02,0.00,0.06,true,false,1.27,2.00,2.28,1
1773255765000,64.136265,-21.8054,0.00,0.00,0.00,true,true,9.92,6.00,5.95,2
1773255774000,64.1366466666667,-21.80755,68.07,37.21,35.35,false,false,108.37,9.00,43.35,0
1773255779000,64.13699,-21.8084833333333,42.14,31.52,29.94,false,false,60.79,5.00,43.77,0
1773255782000,64.1370433333333,-21.8086166666667,20.19,0.00,29.94,true,false,7.15,3.00,8.58,1
1773255787000,64.137045,-21.8086333333333,0.00,0.00,0.00,true,true,4.09,5.00,2.95,2
1773255791000,64.137045,-21.8086333333333,0.00,0.00,0.00,true,true,2.51,4.00,2.26,3
1773255796000,64.137045,-21.8086333333333,0.00,0.00,0.00,true,true,0.28,5.00,0.20,4
1773255802000,64.137045,-21.8086333333333,0.00,0.00,0.00,true,true,0.02,6.00,0.01,5
1773255809000,64.137045,-21.8086333333333,0.00,0.00,0.00,true,true,0.00,7.00,0.00,6
1773255811000,64.137045,-21.8086333333333,0.00,0.00,0.00,true,true,0.00,2.00,0.00,7
1773255816000,64.137045,-21.8086333333333,0.00,0.00,0.00,true,true,0.00,5.00,0.00,8
1773255820000,64.137045,-21.8086333333333,0.00,0.00,0.00,true,true,0.00,4.00,0.00,9
1773255824000,64.137045,-21.8086333333333,0.00,0.00,0.00,true,true,0.00,4.00,0.00,10
1773255826000,64.137045,-21.8086333333333,0.00,0.00,0.00,true,true,0.00,2.00,0.00,11
1773255828000,64.137045,-21.8086333333333,0.00,0.00,0.00,true,true,0.00,2.00,0.00,12
1773255831000,64.1370483333333,-21.8086333333333,0.00,0.00,0.00,true,true,0.37,3.00,0.44,13
1773255837000,64.13726,-21.8092166666667,28.31,7.84,7.45,false,false,36.87,6.00,22.12,0
1773255839000,64.1373483333333,-21.8097166666667,37.07,14.99,14.24,false,false,28.08,2.00,50.54,0
1773255841000,64.1373483333333,-21.8097166666667,24.78,0.00,14.24,true,false,3.56,2.00,6.41,1
1773255844000,64.1370266666667,-21.8104,38.89,19.29,18.32,false,false,48.39,3.00,58.07,0
1773255850000,64.1370266666667,-21.8104,6.69,6.69,6.35,false,false,10.44,6.00,6.26,0
1773255854000,64.1365816666667,-21.8114666666667,0.00,0.00,0.00,true,false,0.00,2.00,0.00,1
1773255856000,64.1365816666667,-21.8114666666667,0.00,0.00,0.00,true,true,0.00,2.00,0.00,2
1773255858000,64.136655,-21.8121166666667,23.22,19.54,18.56,false,false,32.62,2.00,58.72,0
1773255861000,64.1368,-21.8124166666667,30.15,20.83,19.79,false,false,29.45,3.00,35.33,0
1773255867000,64.137075,-21.813,26.15,22.18,21.07,false,false,44.39,6.00,26.64,0
1773255869000,64.137075,-21.813,15.32,0.00,21.07,true,false,0.82,2.00,1.47,1
1773255873000,64.137435,-21.8138333333333,43.95,31.54,29.96,false,false,53.12,4.00,47.81,0
1773255876000,64.1376533333333,-21.8143666666667,46.62,31.13,29.58,false,false,40.13,3.00,48.15,0
1773255880000,64.1376533333333,-21.8143666666667,6.43,0.00,29.58,true,false,0.68,4.00,0.61,1
1773255882000,64.13791,-21.8149166666667,27.42,27.42,26.05,false,false,32.77,2.00,58.98,0
1773255887000,64.13791,-21.8149166666667,3.37,0.00,26.05,true,false,7.93,5.00,5.71,1
1773255889000,64.1382116666667,-21.8156166666667,35.02,27.50,26.13,false,false,45.18,2.00,81.33,0
1773255891000,64.1383466666667,-21.8161166666667,49.00,27.52,26.14,false,false,39.76,2.00,71.56,0
1773255893000,64.1383466666667,-21.8161166666667,34.83,0.00,26.14,true,false,6.25,2.00,11.25,1
1773255898000,64.1384616666667,-21.8171666666667,34.18,28.17,26.76,false,false,46.87,5.00,33.75,0
1773255900000,64.1384616666667,-21.8171666666667,20.74,0.00,26.76,true,false,2.08,2.00,3.74,1
1773255904000,64.138705,-21.81845,52.40,35.51,33.74,false,false,63.15,4.00,56.84,0
1773255908000,64.1391116666667,-21.81845,41.73,29.98,28.48,false,false,48.59,4.00,43.73,0
1773255913000,64.1393933333333,-21.8182666666667,26.37,26.37,25.05,false,false,37.24,5.00,26.81,0
1773255917000,64.1397083333333,-21.8178333333333,35.20,26.97,25.62,false,false,40.58,4.00,36.52,0
1773255921000,64.1401616666667,-21.81735,48.96,32.44,30.82,false,false,56.73,4.00,51.05,0
1773255923000,64.1401616666667,-21.81735,30.82,0.00,30.82,true,false,2.18,2.00,3.92,1
1773255928000,64.1405383333333,-21.8170833333333,26.35,26.35,25.04,false,false,37.13,5.00,26.73,0
1773255930000,64.1405383333333,-21.8170833333333,15.36,0.00,25.04,true,false,0.77,2.00,1.38,1
1773255932000,64.1405383333333,-21.8170833333333,0.00,0.00,0.00,true,true,3.96,2.00,7.14,2
1773255936000,64.1406883333333,-21.8162666666667,32.59,18.88,17.94,false,false,40.93,4.00,36.84,0
1773255941000,64.1405566666667,-21.8149,0.00,0.00,0.00,true,false,0.00,3.00,0.00,1
1773255943000,64.1405566666667,-21.8149,0.00,0.00,0.00,true,true,0.00,2.00,0.00,2
1773255945000,64.140485,-21.8142166666667,23.43,17.53,16.65,false,false,34.15,2.00,61.47,0
1773255949000,64.1403,-21.8132833333333,50.15,27.31,25.94,false,false,59.66,4.00,53.70,0
1773255952000,64.1403,-21.8132833333333,21.81,0.00,25.94,true,false,4.78,3.00,5.73,1
1773255954000,64.1399533333333,-21.8125333333333,45.24,36.82,34.98,false,false,47.04,2.00,84.67,0
1773255957000,64.1397116666667,-21.8119833333333,53.01,43.67,41.48,false,false,48.09,3.00,57.71,0
1773255961000,64.1397116666667,-21.8119833333333,8.39,0.00,41.48,true,false,2.34,4.00,2.11,1
1773255963000,64.1395666666667,-21.8113166666667,25.72,25.72,24.43,false,false,29.48,2.00,53.06,0
1773255965000,64.1395666666667,-21.8113166666667,20.60,0.00,24.43,true,false,6.93,2.00,12.48,1
1773255968000,64.1395666666667,-21.8113166666667,0.00,0.00,0.00,true,true,2.31,3.00,2.77,2
1773255974000,64.1389966666667,-21.8096166666667,76.76,29.57,28.09,false,false,99.98,6.00,59.99,0
1773255978000,64.1389966666667,-21.8096166666667,13.95,0.00,28.09,true,false,5.32,4.00,4.78,1
1773255980000,64.1389966666667,-21.8096166666667,0.00,0.00,0.00,true,true,8.77,2.00,15.79,2
1773255987000,64.13808,-21.8080833333333,89.98,37.29,35.42,false,false,121.86,7.00,62.67,0
1773255992000,64.13808,-21.8080833333333,3.13,0.00,35.42,true,false,4.34,5.00,3.13,1
1773255994000,64.13808,-21.8080833333333,0.00,0.00,0.00,true,true,8.60,2.00,15.49,2
1773255999000,64.1375716666667,-21.8091833333333,0.00,0.00,0.00,true,false,0.00,3.00,0.00,1
1773256001000,64.1373583333333,-21.8095833333333,24.03,22.06,20.96,false,false,30.64,2.00,55.15,0
1773256003000,64.1373583333333,-21.8095833333333,19.59,0.00,20.96,true,false,6.88,2.00,12.39,1
1773256007000,64.13716,-21.8092833333333,21.25,15.06,14.31,false,false,25.91,4.00,23.32,0
1773256009000,64.13716,-21.8092833333333,14.83,0.00,14.31,true,false,4.17,2.00,7.50,1
1773256013000,64.137155,-21.8092666666667,0.00,0.00,0.00,true,true,2.07,4.00,1.86,2
1773256020000,64.137155,-21.8092666666667,0.00,0.00,0.00,true,true,2.39,7.00,1.23,3
1773256022000,64.137155,-21.8092666666667,0.00,0.00,0.00,true,true,0.08,2.00,0.14,4
1773256024000,64.137155,-21.8092666666667,0.00,0.00,0.00,true,true,0.02,2.00,0.04,5
1773256028000,64.137155,-21.8092666666667,0.00,0.00,0.00,true,true,0.01,4.00,0.01,6
1773256030000,64.1371383333333,-21.8092,0.00,0.00,0.00,true,true,3.73,2.00,6.71,7
1773256035000,64.1372183333333,-21.8086166666667,24.28,7.75,7.37,false,false,30.41,5.00,21.90,0
1773256037000,64.1372183333333,-21.8086166666667,16.32,0.00,7.37,true,false,2.59,2.00,4.67,1
1773256043000,64.13768,-21.8078833333333,43.09,16.85,16.01,false,false,60.22,6.00,36.13,0
1773256045000,64.13768,-21.8078833333333,27.06,0.00,16.01,true,false,2.34,2.00,4.22,1
1773256050000,64.1384716666667,-21.8070666666667,69.27,32.54,30.92,false,false,90.82,5.00,65.39,0
1773256060000,64.14002,-21.80675,0.00,0.00,0.00,false,false,73.28,8.00,32.98,0
1773256063000,64.140715,-21.8067333333333,77.52,49.32,46.85,false,false,77.41,3.00,92.89,0
1773256067000,64.141035,-21.8067166666667,43.31,43.31,41.14,false,false,42.32,4.00,38.09,0
1773256069000,64.141045,-21.8067166666667,23.34,0.00,41.14,true,false,3.75,2.00,6.75,1
1773256071000,64.141045,-21.8067166666667,0.00,0.00,0.00,true,true,7.53,2.00,13.55,2
1773256076000,64.1410466666667,-21.8067333333333,0.00,0.00,0.00,true,true,6.12,5.00,4.41,3
1773256083000,64.1410466666667,-21.8067333333333,0.00,0.00,0.00,true,true,0.54,7.00,0.28,4
1773256085000,64.1410466666667,-21.8067333333333,0.00,0.00,0.00,true,true,0.02,2.00,0.03,5
1773256090000,64.14108,-21.8067333333333,0.00,0.00,0.00,true,true,3.70,5.00,2.66,6
1773256092000,64.14108,-21.8067333333333,0.00,0.00,0.00,true,true,0.29,2.00,0.53,7
1773256094000,64.14108,-21.8067333333333,0.00,0.00,0.00,true,true,0.08,2.00,0.14,8
1773256098000,64.14147,-21.8067166666667,34.48,11.30,10.73,false,false,43.32,4.00,38.99,0
1773256103000,64.14208,-21.8066333333333,0.00,0.00,0.00,true,false,0.00,3.00,0.00,1
1773256107000,64.1426716666667,-21.8065,50.29,34.00,32.30,false,false,65.99,4.00,59.39,0
1773256111000,64.1432466666667,-21.8063833333333,61.61,42.64,40.51,false,false,70.33,4.00,63.30,0
1773256113000,64.1432466666667,-21.8063833333333,38.06,0.00,40.51,true,false,1.68,2.00,3.03,1
1773256118000,64.1438116666667,-21.8062166666667,39.34,38.72,36.79,false,false,54.46,5.00,39.21,0
1773256120000,64.1438116666667,-21.8062166666667,23.47,0.00,36.79,true,false,0.24,2.00,0.44,1
1773256126000,64.14385,-21.8062166666667,0.00,0.00,0.00,true,true,1.60,6.00,0.96,2
1773256131000,64.14408,-21.80615,18.14,16.80,15.96,false,false,23.55,5.00,16.96,0
1773256133000,64.14408,-21.80615,11.93,0.00,15.96,true,false,1.68,2.00,3.03,1
1773256137000,64.144395,-21.80605,27.69,12.39,11.77,false,false,33.11,4.00,29.80,0
1773256139000,64.14471,-21.80595,43.78,19.08,18.13,false,false,37.84,2.00,68.10,0
1773256141000,64.14471,-21.80595,31.28,0.00,18.13,true,false,6.11,2.00,11.00,1
1773256144000,64.1450433333333,-21.8059166666667,35.30,29.83,28.34,false,false,31.50,3.00,37.80,0
1773256146000,64.1450433333333,-21.8059166666667,22.54,0.00,28.34,true,false,1.35,2.00,2.43,1
1773256148000,64.1450433333333,-21.8059166666667,0.00,0.00,0.00,true,true,5.41,2.00,9.73,2
1773256152000,64.14504,-21.8065166666667,24.05,12.69,12.06,false,false,30.11,4.00,27.10,0
1773256159000,64.1438416666667,-21.8068333333333,94.28,21.13,20.07,false,false,135.29,7.00,69.58,0
1773256161000,64.1438416666667,-21.8068333333333,57.96,0.00,20.07,true,false,4.21,2.00,7.58,1
1773256163000,64.1438416666667,-21.8068333333333,25.81,25.81,24.52,false,false,12.43,2.00,22.38,0
1773256165000,64.1438416666667,-21.8068333333333,7.24,7.24,6.88,false,false,13.00,2.00,23.40,0
1773256172000,64.14311,-21.8071333333333,52.55,39.00,37.05,false,false,74.13,7.00,38.12,0
1773256174000,64.14313,-21.8074833333333,36.14,20.44,19.42,false,false,17.55,2.00,31.59,0
1773256176000,64.14313,-21.8074833333333,19.19,0.00,19.42,true,false,8.06,2.00,14.51,1
1773256180000,64.1434883333333,-21.8072833333333,36.77,9.52,9.04,false,false,48.57,4.00,43.72,0
1773256185000,64.1434883333333,-21.8072833333333,4.39,0.00,9.04,true,false,9.25,5.00,6.66,1
1773256187000,64.14349,-21.8072833333333,0.00,0.00,0.00,true,true,3.02,2.00,5.43,2
1773256189000,64.14349,-21.8072833333333,0.00,0.00,0.00,true,true,1.41,2.00,2.53,3
1773256193000,64.14349,-21.8072833333333,0.00,0.00,0.00,true,true,0.42,4.00,0.38,4
1773256195000,64.14349,-21.8072833333333,0.00,0.00,0.00,true,true,0.06,2.00,0.10,5
1773256200000,64.14349,-21.8072833333333,0.00,0.00,0.00,true,true,0.02,5.00,0.01,6
1773256202000,64.14349,-21.8072833333333,0.00,0.00,0.00,true,true,0.00,2.00,0.00,7
1773256206000,64.14349,-21.8072833333333,0.00,0.00,0.00,true,true,0.00,4.00,0.00,8
1773256209000,64.14349,-21.8072833333333,0.00,0.00,0.00,true,true,0.00,3.00,0.00,9
1773256215000,64.14349,-21.8072833333333,0.00,0.00,0.00,true,true,0.00,6.00,0.00,10
1773256219000,64.14349,-21.8072833333333,0.00,0.00,0.00,true,true,0.00,4.00,0.00,11
1773256221000,64.14349,-21.8072833333333,0.00,0.00,0.00,true,true,0.00,2.00,0.00,12
1773256224000,64.14349,-21.8072833333333,0.00,0.00,0.00,true,true,0.00,3.00,0.00,13
1773256226000,64.14349,-21.8072833333333,0.00,0.00,0.00,true,true,0.00,2.00,0.00,14
1773256232000,64.14349,-21.8072833333333,0.00,0.00,0.00,true,true,0.00,6.00,0.00,15
1773256236000,64.14349,-21.8072833333333,0.00,0.00,0.00,true,true,0.00,4.00,0.00,16
1773256239000,64.14349,-21.8072833333333,0.00,0.00,0.00,true,true,0.00,3.00,0.00,17
1773256241000,64.14349,-21.8072833333333,0.00,0.00,0.00,true,true,0.00,2.00,0.00,18
1773256243000,64.14349,-21.8072833333333,0.00,0.00,0.00,true,true,0.00,2.00,0.00,19
1773256245000,64.14349,-21.8072833333333,0.00,0.00,0.00,true,true,0.00,2.00,0.00,20
1773256250000,64.14349,-21.8072833333333,0.00,0.00,0.00,true,true,0.00,5.00,0.00,21
1773256252000,64.14349,-21.8072833333333,0.00,0.00,0.00,true,true,0.00,2.00,0.00,22
1773256254000,64.14349,-21.8072833333333,0.00,0.00,0.00,true,true,0.00,2.00,0.00,23
1773256256000,64.14349,-21.8072833333333,0.00,0.00,0.00,true,true,0.00,2.00,0.00,24
1773256259000,64.14349,-21.8072833333333,0.00,0.00,0.00,true,true,0.00,3.00,0.00,25
1773256264000,64.14349,-21.8072833333333,0.00,0.00,0.00,true,true,0.00,5.00,0.00,26
1773256268000,64.14349,-21.8072833333333,0.00,0.00,0.00,true,true,0.00,4.00,0.00,27
1773256270000,64.14349,-21.8072833333333,0.00,0.00,0.00,true,true,0.00,2.00,0.00,28
1773256272000,64.14349,-21.8072833333333,0.00,0.00,0.00,true,true,0.00,2.00,0.00,29
1773256274000,64.14349,-21.8072833333333,0.00,0.00,0.00,true,true,0.00,2.00,0.00,30
1773256276000,64.14349,-21.8072833333333,0.00,0.00,0.00,true,true,0.00,2.00,0.00,31
1773256279000,64.14349,-21.8072833333333,0.00,0.00,0.00,true,true,0.00,3.00,0.00,32
1773256283000,64.14349,-21.8072833333333,0.00,0.00,0.00,true,true,0.00,4.00,0.00,33
1773256285000,64.14349,-21.8072833333333,0.00,0.00,0.00,true,true,0.00,2.00,0.00,34
1773256287000,64.14349,-21.8072833333333,0.00,0.00,0.00,true,true,0.00,2.00,0.00,35
1773256292000,64.14349,-21.8072833333333,0.00,0.00,0.00,true,true,0.00,5.00,0.00,36
1773256294000,64.14349,-21.8072833333333,0.00,0.00,0.00,true,true,0.00,2.00,0.00,37
1773256298000,64.14349,-21.8072833333333,0.00,0.00,0.00,true,true,0.00,4.00,0.00,38
1773256300000,64.14349,-21.8072833333333,0.00,0.00,0.00,true,true,0.00,2.00,0.00,39
1773256305000,64.14349,-21.8072833333333,0.00,0.00,0.00,true,true,0.00,5.00,0.00,40
1773256307000,64.14349,-21.8072833333333,0.00,0.00,0.00,true,true,0.00,2.00,0.00,41
1773256311000,64.14349,-21.8072833333333,0.00,0.00,0.00,true,true,0.00,4.00,0.00,42
1773256316000,64.14349,-21.8072833333333,0.00,0.00,0.00,true,true,0.00,5.00,0.00,43
1773256318000,64.14349,-21.8072833333333,0.00,0.00,0.00,true,true,0.00,2.00,0.00,44
1773256320000,64.14349,-21.8072833333333,0.00,0.00,0.00,true,true,0.00,2.00,0.00,45
1773256322000,64.14349,-21.8072833333333,0.00,0.00,0.00,true,true,0.00,2.00,0.00,46
1773256327000,64.14349,-21.8072833333333,0.00,0.00,0.00,true,true,0.00,5.00,0.00,47
1773256332000,64.14349,-21.8072833333333,0.00,0.00,0.00,true,true,0.00,5.00,0.00,48
1773256338000,64.14349,-21.8072833333333,0.00,0.00,0.00,true,true,0.00,6.00,0.00,49
1773256341000,64.14349,-21.8072833333333,0.00,0.00,0.00,true,true,0.00,3.00,0.00,50
1773256343000,64.14349,-21.8072833333333,0.00,0.00,0.00,true,true,0.00,2.00,0.00,51
1773256345000,64.14349,-21.8072833333333,0.00,0.00,0.00,true,true,0.00,2.00,0.00,52
1773256347000,64.1435216666667,-21.8072833333333,0.00,0.00,0.00,true,true,3.52,2.00,6.33,53
1773256352000,64.1435216666667,-21.8072833333333,0.00,0.00,0.00,true,true,1.13,5.00,0.81,54
1773256354000,64.1436733333333,-21.8071666666667,13.02,5.86,5.57,false,false,17.86,2.00,32.15,0
1773256356000,64.1436733333333,-21.8071666666667,11.27,0.00,5.57,true,false,4.71,2.00,8.48,1
1773256358000,64.1437866666667,-21.8068333333333,19.55,10.95,10.41,false,false,19.88,2.00,35.79,0
1773256360000,64.1437866666667,-21.8068333333333,15.30,0.00,10.41,true,false,4.81,2.00,8.65,1
1773256367000,64.1445566666667,-21.8066333333333,58.18,28.64,27.21,false,false,83.91,7.00,43.15,0
1773256369000,64.1445566666667,-21.8066333333333,36.46,0.00,27.21,true,false,2.44,2.00,4.39,1
1773256371000,64.1445566666667,-21.8066333333333,0.00,0.00,0.00,true,true,7.84,2.00,14.11,2
1773256373000,64.1449916666667,-21.8065,27.29,27.29,25.93,false,false,40.40,2.00,72.71,0
1773256377000,64.1450666666667,-21.8061666666667,24.75,24.75,23.51,false,false,27.66,4.00,24.89,0
1773256380000,64.14505,-21.8061,10.50,0.00,23.51,true,false,6.02,3.00,7.23,1
1773256384000,64.14479,-21.8059666666667,25.39,9.95,9.45,false,false,32.80,4.00,29.52,0
1773256386000,64.14479,-21.8059666666667,18.45,0.00,9.45,true,false,4.70,2.00,8.46,1
1773256388000,64.14479,-21.8059666666667,0.00,0.00,0.00,true,true,2.66,2.00,4.80,2
1773256391000,64.1441816666667,-21.80615,48.30,25.31,24.04,false,false,64.41,3.00,77.29,0
1773256397000,64.1435216666667,-21.80635,53.83,36.08,34.28,false,false,87.70,6.00,52.62,0
1773256403000,64.142855,-21.8065166666667,0.00,0.00,0.00,true,false,0.00,4.00,0.00,1
1773256407000,64.14219,-21.80675,0.00,0.00,0.00,true,false,0.00,2.00,0.00,1
1773256411000,64.1414833333333,-21.8069333333333,60.97,47.45,45.08,false,false,78.94,4.00,71.05,0
1773256415000,64.1407916666667,-21.8069666666667,72.14,56.10,53.30,false,false,82.11,4.00,73.90,0
1773256417000,64.1407916666667,-21.8069666666667,44.33,0.00,53.30,true,false,1.84,2.00,3.30,1
1773256424000,64.1393133333333,-21.807,0.00,0.00,0.00,false,false,83.08,5.00,59.82,0
1773256427000,64.1393133333333,-21.807,22.21,0.00,0.00,true,false,0.78,3.00,0.94,1
1773256431000,64.1385916666667,-21.8072333333333,59.77,49.19,46.73,false,false,72.47,4.00,65.22,0
1773256433000,64.1385916666667,-21.8072333333333,40.01,0.00,46.73,true,false,5.77,2.00,10.39,1
1773256437000,64.1379283333333,-21.8078333333333,0.00,0.00,0.00,true,false,0.00,2.00,0.00,1
1773256443000,64.1372683333333,-21.8093,0.00,0.00,0.00,false,false,33.76,4.00,30.38,0
1773256445000,64.1372683333333,-21.8093,18.38,0.00,0.00,true,false,0.50,2.00,0.90,1