ts,lat,lng,kalman_speed,endpoint_speed,final_speed,is_stale,is_stationary,raw_dist,raw_dt,raw_implied,stat_count
1773218922000,64.1480596333333,-21.7858563333333,0.00,0.00,0.00,false,false,0.00,0.00,0.00,0
1773218928000,64.1475964,-21.7853286666667,0.00,0.00,0.00,false,false,57.46,6.00,34.48,0
1773218930000,64.1475964,-21.7853286666667,20.85,0.00,0.00,true,false,0.37,2.00,0.67,1
1773218934000,64.1472652,-21.7853306666667,27.87,27.58,26.20,false,false,32.36,4.00,29.13,0
1773218936000,64.1472652,-21.7853306666667,17.84,0.00,26.20,true,false,2.06,2.00,3.70,1
1773218939000,64.1469436666667,-21.7860886666667,42.00,26.39,25.07,false,false,48.93,3.00,58.72,0
1773218943000,64.1465656333333,-21.7870181666667,0.00,0.00,0.00,true,false,0.00,2.00,0.00,1
1773218947000,64.1465656333333,-21.7870181666667,0.00,0.00,0.00,true,true,0.00,4.00,0.00,2
1773218949000,64.1460789666667,-21.7876288333333,43.47,27.76,26.37,false,false,61.64,2.00,110.94,0
1773218951000,64.1460789666667,-21.7876288333333,38.25,22.21,21.10,false,false,16.59,2.00,29.87,0
1773218954000,64.1459252666667,-21.7878636666667,27.96,22.75,21.62,false,false,18.23,3.00,21.88,0
1773218956000,64.1459252666667,-21.7878636666667,15.19,0.00,21.62,true,false,2.95,2.00,5.32,1
1773218959000,64.1459259666667,-21.7878678333333,0.00,0.00,0.00,true,true,5.37,3.00,6.45,2
1773218961000,64.1459259666667,-21.7878678333333,0.00,0.00,0.00,true,true,3.82,2.00,6.87,3
1773218965000,64.1459258,-21.7878678333333,0.00,0.00,0.00,true,true,1.10,4.00,0.99,4
1773218969000,64.1459093666667,-21.7879011666667,0.00,0.00,0.00,true,true,2.29,4.00,2.06,5
1773218973000,64.1457535833333,-21.7882785,19.96,5.87,5.58,false,false,25.47,4.00,22.93,0
1773218975000,64.1457535833333,-21.7882785,14.09,0.00,5.58,true,false,2.96,2.00,5.32,1
1773218978000,64.1455756666667,-21.78871,25.37,11.95,11.35,false,false,26.61,3.00,31.93,0
1773218982000,64.1453106166667,-21.7893296666667,38.68,20.86,19.82,false,false,45.11,4.00,40.60,0
1773218985000,64.1453106166667,-21.7893296666667,15.61,0.00,19.82,true,false,2.13,3.00,2.56,1
1773218990000,64.1451158666667,-21.790122,29.21,24.16,22.95,false,false,38.95,5.00,28.05,0
1773218994000,64.1449062666667,-21.7905971666667,30.29,27.79,26.40,false,false,34.02,4.00,30.61,0
1773218999000,64.1445730833333,-21.7913413333333,38.08,29.05,27.59,false,false,52.11,5.00,37.52,0
1773219001000,64.1445730833333,-21.7913413333333,23.04,0.00,27.59,true,false,0.82,2.00,1.47,1
1773219003000,64.1444697333333,-21.7916,22.22,22.22,21.11,false,false,11.70,2.00,21.05,0
1773219013000,64.1444440166667,-21.7916518333333,13.74,0.00,21.11,true,false,3.47,10.00,1.25,1
1773219020000,64.1443134666667,-21.791916,18.82,12.72,12.08,false,false,18.67,7.00,9.60,0
1773219022000,64.1440158,-21.7920736666667,36.53,11.18,10.62,false,false,35.20,2.00,63.36,0
1773219026000,64.1440158,-21.7920736666667,9.53,0.00,10.62,true,false,6.79,4.00,6.11,1
1773219028000,64.1437479,-21.7922353333333,24.80,12.38,11.76,false,false,26.61,2.00,47.90,0
1773219032000,64.1433669166667,-21.7923381666667,41.30,23.55,22.38,false,false,48.34,4.00,43.51,0
1773219036000,64.1433669166667,-21.7923381666667,7.55,0.00,22.38,true,false,2.79,4.00,2.51,1
1773219038000,64.1429803166667,-21.7922753333333,31.92,26.00,24.70,false,false,38.10,2.00,68.58,0
1773219041000,64.1429803166667,-21.7922753333333,18.71,0.00,24.70,true,false,9.20,3.00,11.04,1
1773219044000,64.1427402666667,-21.7923385,24.43,24.43,23.21,false,false,23.34,3.00,28.01,0
1773219049000,64.1423426333333,-21.7924416666667,33.92,24.14,22.94,false,false,45.99,5.00,33.11,0
1773219051000,64.1423426333333,-21.7924416666667,20.80,0.00,22.94,true,false,0.99,2.00,1.78,1
1773219054000,64.1421921333333,-21.7924913333333,16.87,16.87,16.03,false,false,12.19,3.00,14.63,0
1773219056000,64.1421921333333,-21.7924913333333,9.65,0.00,16.03,true,false,1.02,2.00,1.84,1
1773219059000,64.1421943666667,-21.7924968333333,0.00,0.00,0.00,true,true,3.23,3.00,3.87,2
1773219062000,64.1421943666667,-21.7924968333333,0.00,0.00,0.00,true,true,2.38,3.00,2.85,3
1773219067000,64.1421944666667,-21.7924968333333,0.00,0.00,0.00,true,true,0.47,5.00,0.34,4
1773219070000,64.1421945166667,-21.792497,0.00,0.00,0.00,true,true,0.04,3.00,0.05,5
1773219076000,64.1421374,-21.792513,0.00,0.00,0.00,true,true,6.38,6.00,3.83,6
1773219079000,64.1418984,-21.792695,22.11,6.17,5.86,false,false,28.28,3.00,33.94,0
1773219081000,64.1418984,-21.792695,16.77,0.00,5.86,true,false,4.78,2.00,8.60,1
1773219084000,64.1414976166667,-21.7931035,41.37,17.55,16.67,false,false,46.63,3.00,55.96,0
1773219087000,64.1410352166667,-21.7932146666667,58.75,28.28,26.86,false,false,57.99,3.00,69.59,0
1773219091000,64.1408384166667,-21.7934433333333,29.91,29.91,28.42,false,false,28.69,4.00,25.82,0
1773219095000,64.1408384166667,-21.7934433333333,0.86,0.00,28.42,true,false,4.65,4.00,4.19,1
1773219097000,64.140798,-21.794014,19.60,19.60,18.62,false,false,26.45,2.00,47.61,0
1773219100000,64.140798,-21.794014,12.53,0.00,18.62,true,false,7.02,3.00,8.43,1
1773219104000,64.1408048,-21.7940111666667,0.00,0.00,0.00,true,true,2.17,4.00,1.95,2
1773219110000,64.14080865,-21.7940698333333,0.00,0.00,0.00,true,true,1.00,6.00,0.60,3
1773219114000,64.1408416,-21.794616,21.14,10.78,10.24,false,false,26.84,4.00,24.16,0
1773219116000,64.1408416,-21.794616,14.74,0.00,10.24,true,false,2.92,2.00,5.25,1
1773219119000,64.1408878166667,-21.795678,43.01,15.41,14.64,false,false,49.50,3.00,59.40,0
1773219123000,64.1408878166667,-21.795678,11.35,0.00,14.64,true,false,7.51,4.00,6.76,1
1773219125000,64.14079295,-21.7963981666667,29.26,27.10,25.75,false,false,31.93,2.00,57.48,0
1773219129000,64.14079295,-21.7963981666667,9.09,0.00,25.75,true,false,7.18,4.00,6.46,1
1773219131000,64.14054845,-21.7967253333333,25.32,25.32,24.05,false,false,29.32,2.00,52.78,0
1773219133000,64.14054845,-21.7967253333333,20.36,0.00,24.05,true,false,7.05,2.00,12.68,1
1773219135000,64.1404546333333,-21.796193,20.83,16.28,15.46,false,false,29.01,2.00,52.21,0
1773219137000,64.1404546333333,-21.796193,18.04,11.67,11.09,false,false,10.62,2.00,19.11,0
1773219143000,64.1404115833333,-21.7950941666667,38.73,19.58,18.60,false,false,54.71,6.00,32.82,0
1773219148000,64.1402789166667,-21.7937006666667,51.95,31.71,30.12,false,false,70.85,5.00,51.01,0
1773219152000,64.1401263666667,-21.7921245,69.33,43.20,41.04,false,false,79.83,4.00,71.85,0
1773219157000,64.1399228333333,-21.7900673333333,76.03,49.57,47.09,false,false,104.95,5.00,75.56,0
1773219159000,64.1399228333333,-21.7900673333333,45.35,0.00,47.09,true,false,0.65,2.00,1.16,1
1773219163000,64.13974865,-21.7893746666667,27.68,27.68,26.29,false,false,28.58,4.00,25.73,0
1773219165000,64.13974865,-21.7893746666667,15.00,0.00,26.29,true,false,3.42,2.00,6.16,1
1773219168000,64.1392434333333,-21.789347,44.40,37.51,35.63,false,false,54.16,3.00,64.99,0
1773219172000,64.1390982666667,-21.7894076666667,26.04,23.31,22.14,false,false,26.19,4.00,23.57,0
1773219177000,64.1391054166667,-21.7894133333333,4.99,0.00,22.14,true,false,3.99,5.00,2.87,1
1773219182000,64.1390777333333,-21.789421,0.00,0.00,0.00,true,true,0.09,5.00,0.07,2
1773219184000,64.1390777333333,-21.789421,0.00,0.00,0.00,true,true,0.51,2.00,0.91,3
1773219188000,64.1388071833333,-21.789541,24.39,8.89,8.45,false,false,30.72,4.00,27.65,0
1773219193000,64.1382485333333,-21.7900643333333,53.14,17.09,16.24,false,false,70.88,5.00,51.03,0
1773219197000,64.1382485333333,-21.7900643333333,9.03,0.00,16.24,true,false,2.89,4.00,2.60,1
1773219202000,64.1378769833333,-21.7907105,34.87,26.54,25.21,false,false,45.85,5.00,33.02,0
1773219204000,64.13756935,-21.7913293333333,56.00,34.48,32.76,false,false,48.03,2.00,86.45,0
1773219208000,64.13756935,-21.7913293333333,12.56,0.00,32.76,true,false,7.51,4.00,6.76,1
1773219213000,64.1369879833333,-21.7922998333333,55.63,31.90,30.30,false,false,72.95,5.00,52.52,0
1773219217000,64.1366065166667,-21.7927178333333,47.18,40.21,38.20,false,false,51.14,4.00,46.03,0
1773219219000,64.1362803833333,-21.7929375,54.53,44.01,41.81,false,false,36.88,2.00,66.38,0
1773219224000,64.1362803833333,-21.7929375,3.87,0.00,41.81,true,false,3.46,5.00,2.49,1
1773219228000,64.1357287666667,-21.7931916666667,43.77,40.27,38.25,false,false,56.46,4.00,50.81,0
1773219232000,64.1356437333333,-21.7932185,18.39,18.39,17.47,false,false,16.26,4.00,14.63,0
1773219234000,64.1356475166667,-21.7932021666667,7.94,0.00,17.47,true,false,4.34,2.00,7.82,1
1773219237000,64.1356141833333,-21.7932146666667,0.00,0.00,0.00,true,true,0.28,3.00,0.33,2
1773219239000,64.1356141833333,-21.7932146666667,0.00,0.00,0.00,true,true,1.37,2.00,2.47,3
1773219243000,64.13537165,-21.7933136666667,21.45,9.64,9.15,false,false,26.95,4.00,24.26,0
1773219248000,64.13537165,-21.7933136666667,1.19,0.00,9.15,true,false,3.70,5.00,2.66,1
1773219252000,64.1350881666667,-21.7934753333333,24.06,12.72,12.08,false,false,30.45,4.00,27.41,0
1773219254000,64.1347973333333,-21.7938318333333,42.95,20.25,19.24,false,false,39.79,2.00,71.63,0
1773219258000,64.1347973333333,-21.7938318333333,10.76,0.00,19.24,true,false,7.24,4.00,6.52,1
1773219261000,64.1344865166667,-21.7947505,43.24,24.12,22.91,false,false,51.95,3.00,62.34,0
1773219264000,64.1343948666667,-21.7960068333333,67.40,38.23,36.32,false,false,69.43,3.00,83.32,0
1773219266000,64.1343948666667,-21.7960068333333,45.98,0.00,36.32,true,false,7.58,2.00,13.64,1
1773219270000,64.1345750333333,-21.797146,46.19,36.60,34.77,false,false,52.82,4.00,47.54,0
1773219275000,64.1347393333333,-21.7977966666667,26.76,26.76,25.42,false,false,38.96,5.00,28.05,0
1773219281000,64.1348412,-21.7981613333333,7.88,7.88,7.49,false,false,19.21,6.00,11.53,0
1773219285000,64.1348421,-21.7981346666667,0.93,0.00,7.49,true,false,2.31,4.00,2.08,1
1773219288000,64.1348421,-21.7981346666667,0.00,0.00,0.00,true,true,1.19,3.00,1.43,2
1773219290000,64.1348397333333,-21.7981283333333,0.00,0.00,0.00,true,true,0.51,2.00,0.92,3
1773219294000,64.1348561833333,-21.7982323333333,0.00,0.00,0.00,true,true,5.25,4.00,4.72,4
1773219298000,64.1349854166667,-21.798876,27.49,8.09,7.68,false,false,35.12,4.00,31.61,0
1773219303000,64.1351718833333,-21.7996866666667,35.59,16.75,15.91,false,false,48.62,5.00,35.01,0
1773219307000,64.1351718833333,-21.7996866666667,5.16,0.00,15.91,true,false,0.80,4.00,0.72,1
1773219310000,64.1352708833333,-21.8001498333333,17.80,17.80,16.91,false,false,20.74,3.00,24.89,0
1773219313000,64.1352708833333,-21.8001498333333,8.75,0.00,16.91,true,false,2.92,3.00,3.50,1
1773219316000,64.1354753666667,-21.8010426666667,38.62,23.68,22.49,false,false,46.72,3.00,56.07,0
1773219319000,64.1356689166667,-21.8019083333333,55.74,27.25,25.89,false,false,54.79,3.00,65.75,0
1773219322000,64.1356689166667,-21.8019083333333,23.85,0.00,25.89,true,false,4.34,3.00,5.21,1
1773219326000,64.1357750333333,-21.8024255,18.48,18.48,17.56,false,false,19.68,4.00,17.71,0
1773219328000,64.1357750333333,-21.8024255,10.48,0.00,17.56,true,false,0.86,2.00,1.56,1
1773219330000,64.13593475,-21.803333,37.13,31.44,29.87,false,false,44.52,2.00,80.14,0
1773219335000,64.1361858333333,-21.8049403333333,71.94,35.53,33.75,false,false,94.73,5.00,68.21,0
1773219339000,64.1361858333333,-21.8049403333333,12.47,0.00,33.75,true,false,3.85,4.00,3.46,1
1773219341000,64.1363904166667,-21.806294,51.56,47.94,45.54,false,false,61.03,2.00,109.86,0
1773219343000,64.1364538,-21.8066963333333,56.22,52.92,50.27,false,false,35.37,2.00,63.67,0
1773219347000,64.1365177333333,-21.807032,22.24,22.24,21.13,false,false,19.83,4.00,17.85,0
1773219354000,64.13652275,-21.8070681666667,11.71,0.00,21.13,true,false,4.08,7.00,2.10,1
1773219357000,64.13652275,-21.8070681666667,0.00,0.00,0.00,true,true,1.56,3.00,1.88,2
1773219359000,64.1366440166667,-21.8075616666667,20.70,13.53,12.85,false,false,28.86,2.00,51.95,0
1773219363000,64.1366440166667,-21.8075616666667,8.79,0.00,12.85,true,false,8.01,4.00,7.20,1
1773219365000,64.1366440166667,-21.8075616666667,0.00,0.00,0.00,true,true,2.01,2.00,3.61,2
1773219370000,64.1368457833333,-21.8082248333333,29.84,14.99,14.24,false,false,37.38,5.00,26.91,0
1773219372000,64.1369584833333,-21.8085423333333,34.55,20.73,19.69,false,false,23.04,2.00,41.48,0
1773219375000,64.1371043,-21.8090468333333,36.27,19.88,18.89,false,false,31.06,3.00,37.27,0
1773219378000,64.1371043,-21.8090468333333,13.78,0.00,18.89,true,false,0.53,3.00,0.63,1
1773219381000,64.1369073333333,-21.8096593333333,28.30,23.82,22.63,false,false,35.57,3.00,42.68,0
1773219383000,64.1369073333333,-21.8096593333333,21.61,0.00,22.63,true,false,6.80,2.00,12.24,1
1773219387000,64.1364894666667,-21.8104996666667,49.67,26.00,24.70,false,false,59.31,4.00,53.38,0
1773219390000,64.1358875166667,-21.811577,86.65,43.84,41.65,false,false,89.76,3.00,107.71,0
1773219394000,64.1358875166667,-21.811577,17.90,0.00,41.65,true,false,8.75,4.00,7.87,1
1773219396000,64.1358875166667,-21.811577,2.97,2.97,2.82,false,false,10.81,2.00,19.46,0
1773219402000,64.1341999333333,-21.8135408333333,0.00,0.00,0.00,false,false,98.59,4.00,88.73,0
1773219409000,64.1333562,-21.8140713333333,37.50,37.50,35.63,false,false,98.58,7.00,50.70,0
1773219413000,64.1325766166667,-21.8143751666667,72.42,67.85,64.46,false,false,85.63,4.00,77.07,0
1773219415000,64.1325766166667,-21.8143751666667,46.53,0.00,64.46,true,false,4.65,2.00,8.38,1
1773219418000,64.1323922333333,-21.8144085,25.44,25.44,24.17,false,false,11.10,3.00,13.31,0
1773219422000,64.1323961666667,-21.8143933333333,1.87,0.00,24.17,true,false,6.23,4.00,5.60,1
1773219424000,64.1323961666667,-21.8143933333333,0.00,0.00,0.00,true,true,4.33,2.00,7.79,2
1773219429000,64.1323962833333,-21.8143931666667,0.00,0.00,0.00,true,true,0.96,5.00,0.69,3
1773219431000,64.1323661166667,-21.814386,0.00,0.00,0.00,true,true,3.29,2.00,5.91,4
1773219434000,64.1323661166667,-21.814386,0.00,0.00,0.00,true,true,0.87,3.00,1.04,5
1773219438000,64.1321188666667,-21.8143371666667,21.79,6.96,6.62,false,false,27.72,4.00,24.95,0
1773219440000,64.1315761833333,-21.8142381666667,59.04,20.58,19.56,false,false,63.92,2.00,115.05,0
1773219443000,64.1315761833333,-21.8142381666667,32.44,23.53,22.35,false,false,14.09,3.00,16.91,0
1773219445000,64.1315761833333,-21.8142381666667,14.96,0.00,22.35,true,false,7.15,2.00,12.88,1
1773219451000,64.1304440666667,-21.8132795,95.17,46.66,44.33,false,false,127.00,6.00,76.20,0
1773219453000,64.1304440666667,-21.8132795,60.64,0.00,44.33,true,false,5.84,2.00,10.50,1
1773219455000,64.1298305166667,-21.812661,80.68,50.08,47.57,false,false,62.21,2.00,111.98,0
1773219460000,64.1293239166667,-21.812364,44.08,44.08,41.88,false,false,66.40,5.00,47.81,0
1773219465000,64.1293239166667,-21.812364,6.22,0.00,41.88,true,false,4.13,5.00,2.97,1
1773219469000,64.1290260166667,-21.812289,21.71,21.71,20.63,false,false,28.58,4.00,25.72,0
1773219471000,64.1290260166667,-21.812289,15.80,0.00,20.63,true,false,3.90,2.00,7.02,1
1773219474000,64.1288848333333,-21.8122893333333,16.02,16.02,15.22,false,false,13.47,3.00,16.17,0
1773219483000,64.1288512166667,-21.8122941666667,7.47,0.00,15.22,true,false,3.83,9.00,1.53,1
1773219486000,64.1288512166667,-21.8122941666667,0.00,0.00,0.00,true,true,0.59,3.00,0.70,2
1773219488000,64.1288511,-21.812294,0.00,0.00,0.00,true,true,0.98,2.00,1.77,3
1773219490000,64.1288511,-21.812294,0.00,0.00,0.00,true,true,0.27,2.00,0.49,4
1773219493000,64.1288505666667,-21.8122941666667,0.00,0.00,0.00,true,true,0.14,3.00,0.17,5
1773219495000,64.1288074,-21.8122908333333,0.00,0.00,0.00,true,true,4.82,2.00,8.68,6
1773219499000,64.1288074,-21.8122908333333,0.00,0.00,0.00,true,true,1.41,4.00,1.27,7
1773219501000,64.1285351,-21.8122711666667,21.83,9.74,9.25,false,false,30.44,2.00,54.78,0
1773219503000,64.1285351,-21.8122711666667,19.22,0.00,9.25,true,false,8.31,2.00,14.96,1
1773219507000,64.12809215,-21.8122366666667,40.49,21.70,20.61,false,false,48.03,4.00,43.22,0
1773219510000,64.1275720166667,-21.8122016666667,61.70,32.98,31.34,false,false,61.49,3.00,73.78,0
1773219515000,64.1270988166667,-21.8121686666667,39.64,39.64,37.66,false,false,57.57,5.00,41.45,0
1773219517000,64.1270988166667,-21.8121686666667,21.80,0.00,37.66,true,false,2.25,2.00,4.04,1
1773219520000,64.1265803666667,-21.8121285,47.02,46.05,43.75,false,false,51.21,3.00,61.45,0
1773219522000,64.1265803666667,-21.8121285,33.43,0.00,43.75,true,false,6.57,2.00,11.82,1
1773227495000,64.1236116833333,-21.7876166666667,0.00,0.00,0.00,true,false,0.00,4.00,0.00,1
1773227502000,64.1236116833333,-21.7876166666667,0.00,0.00,0.00,true,true,0.00,7.00,0.00,2
1773227504000,64.1236116833333,-21.7876166666667,0.00,0.00,0.00,true,true,0.00,2.00,0.00,3
1773227508000,64.1236116833333,-21.7876166666667,0.00,0.00,0.00,true,true,0.00,4.00,0.00,4
1773227510000,64.1236116833333,-21.7876166666667,0.00,0.00,0.00,true,true,0.00,2.00,0.00,5
1773227514000,64.1236116833333,-21.7876166666667,0.00,0.00,0.00,true,true,0.00,4.00,0.00,6
1773227516000,64.1236116833333,-21.7876166666667,0.00,0.00,0.00,true,true,0.00,2.00,0.00,7
1773227518000,64.1236116833333,-21.7876166666667,0.00,0.00,0.00,true,true,0.00,2.00,0.00,8
1773227520000,64.1236116833333,-21.7876166666667,0.00,0.00,0.00,true,true,0.00,2.00,0.00,9
1773227526000,64.1236116833333,-21.7876166666667,0.00,0.00,0.00,true,true,0.00,6.00,0.00,10
1773227528000,64.1236116833333,-21.7876166666667,0.00,0.00,0.00,true,true,0.00,2.00,0.00,11
1773227531000,64.1236116833333,-21.7876166666667,0.00,0.00,0.00,true,true,0.00,3.00,0.00,12
1773227537000,64.1236116833333,-21.7876166666667,0.00,0.00,0.00,true,true,0.00,6.00,0.00,13
1773227541000,64.1236120666667,-21.7876168333333,0.00,0.00,0.00,true,true,0.04,4.00,0.04,14
1773227543000,64.1236120666667,-21.7876168333333,0.00,0.00,0.00,true,true,0.00,2.00,0.01,15
1773227545000,64.1236120666667,-21.7876168333333,0.00,0.00,0.00,true,true,0.00,2.00,0.00,16
1773227547000,64.1236120666667,-21.7876168333333,0.00,0.00,0.00,true,true,0.00,2.00,0.00,17
1773227552000,64.1236120666667,-21.7876168333333,0.00,0.00,0.00,true,true,0.00,5.00,0.00,18
1773227556000,64.1236120666667,-21.7876168333333,0.00,0.00,0.00,true,true,0.00,4.00,0.00,19
1773227558000,64.1236120666667,-21.7876168333333,0.00,0.00,0.00,true,true,0.00,2.00,0.00,20
1773227562000,64.1236120666667,-21.7876168333333,0.00,0.00,0.00,true,true,0.00,4.00,0.00,21
1773227564000,64.1236120666667,-21.7876168333333,0.00,0.00,0.00,true,true,0.00,2.00,0.00,22
1773227568000,64.1236120666667,-21.7876168333333,0.00,0.00,0.00,true,true,0.00,4.00,0.00,23
1773227571000,64.1236120666667,-21.7876168333333,0.00,0.00,0.00,true,true,0.00,3.00,0.00,24
1773227575000,64.1236120666667,-21.7876168333333,0.00,0.00,0.00,true,true,0.00,4.00,0.00,25
1773227577000,64.1236120666667,-21.7876168333333,0.00,0.00,0.00,true,true,0.00,2.00,0.00,26
1773227581000,64.1236120666667,-21.7876168333333,0.00,0.00,0.00,true,true,0.00,4.00,0.00,27
1773227583000,64.1236120666667,-21.7876168333333,0.00,0.00,0.00,true,true,0.00,2.00,0.00,28
1773227585000,64.1236120666667,-21.7876168333333,0.00,0.00,0.00,true,true,0.00,2.00,0.00,29
1773227592000,64.1236120666667,-21.7876168333333,0.00,0.00,0.00,true,true,0.00,7.00,0.00,30
1773227594000,64.1236120666667,-21.7876168333333,0.00,0.00,0.00,true,true,0.00,2.00,0.00,31
1773227596000,64.1236120666667,-21.7876168333333,0.00,0.00,0.00,true,true,0.00,2.00,0.00,32
1773227598000,64.1236120666667,-21.7876168333333,0.00,0.00,0.00,true,true,0.00,2.00,0.00,33
1773227602000,64.1236120666667,-21.7876168333333,0.00,0.00,0.00,true,true,0.00,4.00,0.00,34
1773227604000,64.1236120666667,-21.7876168333333,0.00,0.00,0.00,true,true,0.00,2.00,0.00,35
1773227607000,64.1236120666667,-21.7876168333333,0.00,0.00,0.00,true,true,0.00,3.00,0.00,36
1773227612000,64.1236120666667,-21.7876168333333,0.00,0.00,0.00,true,true,0.00,5.00,0.00,37
1773227615000,64.1236120666667,-21.7876168333333,0.00,0.00,0.00,true,true,0.00,3.00,0.00,38
1773227619000,64.1236120666667,-21.7876168333333,0.00,0.00,0.00,true,true,0.00,4.00,0.00,39
1773227621000,64.1236120666667,-21.7876168333333,0.00,0.00,0.00,true,true,0.00,2.00,0.00,40
1773227623000,64.1236120666667,-21.7876168333333,0.00,0.00,0.00,true,true,0.00,2.00,0.00,41
1773227625000,64.1236120666667,-21.7876168333333,0.00,0.00,0.00,true,true,0.00,2.00,0.00,42
1773227627000,64.1236120666667,-21.7876168333333,0.00,0.00,0.00,true,true,0.00,2.00,0.00,43
1773227632000,64.1236120666667,-21.7876168333333,0.00,0.00,0.00,true,true,0.00,5.00,0.00,44
1773227636000,64.1236120666667,-21.7876168333333,0.00,0.00,0.00,true,true,0.00,4.00,0.00,45
1773227638000,64.1236120666667,-21.7876168333333,0.00,0.00,0.00,true,true,0.00,2.00,0.00,46
1773227641000,64.1236120666667,-21.7876168333333,0.00,0.00,0.00,true,true,0.00,3.00,0.00,47
1773227645000,64.1236120666667,-21.7876168333333,0.00,0.00,0.00,true,true,0.00,4.00,0.00,48
1773227647000,64.1236120666667,-21.7876168333333,0.00,0.00,0.00,true,true,0.00,2.00,0.00,49
1773227651000,64.1236120666667,-21.7876168333333,0.00,0.00,0.00,true,true,0.00,4.00,0.00,50
1773227653000,64.1236120666667,-21.7876168333333,0.00,0.00,0.00,true,true,0.00,2.00,0.00,51
1773227655000,64.1236120666667,-21.7876168333333,0.00,0.00,0.00,true,true,0.00,2.00,0.00,52
1773227657000,64.1236120666667,-21.7876168333333,0.00,0.00,0.00,true,true,0.00,2.00,0.00,53
1773227662000,64.12361205,-21.787616,0.00,0.00,0.00,true,true,0.04,5.00,0.03,54
1773227666000,64.12361205,-21.787616,0.00,0.00,0.00,true,true,0.00,4.00,0.00,55
1773227668000,64.12361205,-21.787616,0.00,0.00,0.00,true,true,0.00,2.00,0.00,56
1773227672000,64.12361205,-21.787616,0.00,0.00,0.00,true,true,0.00,4.00,0.00,57
1773227674000,64.12361205,-21.787616,0.00,0.00,0.00,true,true,0.00,2.00,0.00,58
1773227678000,64.12361205,-21.787616,0.00,0.00,0.00,true,true,0.00,4.00,0.00,59
1773227680000,64.12361205,-21.787616,0.00,0.00,0.00,true,true,0.00,2.00,0.00,60
1773227682000,64.12361205,-21.787616,0.00,0.00,0.00,true,true,0.00,2.00,0.00,61
1773227685000,64.12361205,-21.787616,0.00,0.00,0.00,true,true,0.00,3.00,0.00,62
1773227689000,64.12361205,-21.787616,0.00,0.00,0.00,true,true,0.00,4.00,0.00,63
1773227691000,64.12361205,-21.787616,0.00,0.00,0.00,true,true,0.00,2.00,0.00,64
1773227693000,64.12361205,-21.787616,0.00,0.00,0.00,true,true,0.00,2.00,0.00,65
1773227695000,64.12361205,-21.787616,0.00,0.00,0.00,true,true,0.00,2.00,0.00,66
1773227701000,64.12361205,-21.787616,0.00,0.00,0.00,true,true,0.00,6.00,0.00,67
1773227705000,64.12361205,-21.787616,0.00,0.00,0.00,true,true,0.00,4.00,0.00,68
1773227707000,64.12361205,-21.787616,0.00,0.00,0.00,true,true,0.00,2.00,0.00,69
1773227713000,64.12361205,-21.787616,0.00,0.00,0.00,true,true,0.00,6.00,0.00,70
1773227716000,64.12361205,-21.787616,0.00,0.00,0.00,true,true,0.00,3.00,0.00,71
1773227718000,64.12361205,-21.787616,0.00,0.00,0.00,true,true,0.00,2.00,0.00,72
1773227720000,64.12361205,-21.787616,0.00,0.00,0.00,true,true,0.00,2.00,0.00,73
1773227723000,64.12361205,-21.787616,0.00,0.00,0.00,true,true,0.00,3.00,0.00,74
1773227727000,64.12361205,-21.787616,0.00,0.00,0.00,true,true,0.00,4.00,0.00,75
1773227731000,64.12361205,-21.787616,0.00,0.00,0.00,true,true,0.00,4.00,0.00,76
1773227734000,64.12361205,-21.787616,0.00,0.00,0.00,true,true,0.00,3.00,0.00,77
1773227736000,64.12361205,-21.787616,0.00,0.00,0.00,true,true,0.00,2.00,0.00,78
1773227740000,64.12361205,-21.787616,0.00,0.00,0.00,true,true,0.00,4.00,0.00,79
1773227742000,64.12361205,-21.787616,0.00,0.00,0.00,true,true,0.00,2.00,0.00,80
1773227744000,64.12361205,-21.787616,0.00,0.00,0.00,true,true,0.00,2.00,0.00,81
1773227746000,64.12361205,-21.787616,0.00,0.00,0.00,true,true,0.00,2.00,0.00,82
1773227752000,64.12361205,-21.787616,0.00,0.00,0.00,true,true,0.00,6.00,0.00,83
1773227757000,64.12361205,-21.787616,0.00,0.00,0.00,true,true,0.00,5.00,0.00,84
1773227760000,64.12361205,-21.787616,0.00,0.00,0.00,true,true,0.00,3.00,0.00,85
1773227764000,64.12361205,-21.787616,0.00,0.00,0.00,true,true,0.00,4.00,0.00,86
1773227766000,64.12361205,-21.787616,0.00,0.00,0.00,true,true,0.00,2.00,0.00,87
1773227772000,64.12361205,-21.787616,0.00,0.00,0.00,true,true,0.00,6.00,0.00,88
1773227775000,64.12361205,-21.787616,0.00,0.00,0.00,true,true,0.00,3.00,0.00,89
1773227777000,64.12361205,-21.787616,0.00,0.00,0.00,true,true,0.00,2.00,0.00,90
1773227781000,64.12361135,-21.7876141666667,0.00,0.00,0.00,true,true,0.12,4.00,0.11,91
1773227784000,64.12361135,-21.7876141666667,0.00,0.00,0.00,true,true,0.02,3.00,0.02,92
1773227790000,64.12361135,-21.7876141666667,0.00,0.00,0.00,true,true,0.00,6.00,0.00,93
1773227792000,64.12361135,-21.7876141666667,0.00,0.00,0.00,true,true,0.00,2.00,0.00,94
1773227796000,64.12361135,-21.7876141666667,0.00,0.00,0.00,true,true,0.00,4.00,0.00,95
1773227799000,64.12361135,-21.7876141666667,0.00,0.00,0.00,true,true,0.00,3.00,0.00,96
1773227801000,64.12361135,-21.7876141666667,0.00,0.00,0.00,true,true,0.00,2.00,0.00,97
1773227805000,64.12361135,-21.7876141666667,0.00,0.00,0.00,true,true,0.00,4.00,0.00,98
1773227807000,64.12361135,-21.7876141666667,0.00,0.00,0.00,true,true,0.00,2.00,0.00,99
1773227809000,64.12361135,-21.7876141666667,0.00,0.00,0.00,true,true,0.00,2.00,0.00,100
1773227812000,64.12361135,-21.7876141666667,0.00,0.00,0.00,true,true,0.00,3.00,0.00,101
1773227815000,64.12361135,-21.7876141666667,0.00,0.00,0.00,true,true,0.00,3.00,0.00,102
1773227819000,64.12361135,-21.7876141666667,0.00,0.00,0.00,true,true,0.00,4.00,0.00,103
1773227823000,64.12361135,-21.7876141666667,0.00,0.00,0.00,true,true,0.00,4.00,0.00,104
1773227827000,64.12361135,-21.7876141666667,0.00,0.00,0.00,true,true,0.00,4.00,0.00,105
1773227830000,64.12361135,-21.7876141666667,0.00,0.00,0.00,true,true,0.00,3.00,0.00,106
1773227832000,64.12361135,-21.7876141666667,0.00,0.00,0.00,true,true,0.00,2.00,0.00,107
1773227836000,64.12361135,-21.7876141666667,0.00,0.00,0.00,true,true,0.00,4.00,0.00,108
1773227839000,64.12361135,-21.7876141666667,0.00,0.00,0.00,true,true,0.00,3.00,0.00,109
1773227841000,64.12361135,-21.7876141666667,0.00,0.00,0.00,true,true,0.00,2.00,0.00,110
1773227847000,64.12361135,-21.7876141666667,0.00,0.00,0.00,true,true,0.00,6.00,0.00,111
1773227853000,64.12361135,-21.7876141666667,0.00,0.00,0.00,true,true,0.00,6.00,0.00,112
1773227856000,64.12361135,-21.7876141666667,0.00,0.00,0.00,true,true,0.00,3.00,0.00,113
1773227860000,64.12361135,-21.7876141666667,0.00,0.00,0.00,true,true,0.00,4.00,0.00,114
1773227863000,64.12361135,-21.7876141666667,0.00,0.00,0.00,true,true,0.00,3.00,0.00,115
1773227865000,64.12361135,-21.7876141666667,0.00,0.00,0.00,true,true,0.00,2.00,0.00,116
1773227868000,64.12361135,-21.7876141666667,0.00,0.00,0.00,true,true,0.00,3.00,0.00,117
1773227873000,64.12361135,-21.7876141666667,0.00,0.00,0.00,true,true,0.00,5.00,0.00,118
1773227876000,64.12361135,-21.7876141666667,0.00,0.00,0.00,true,true,0.00,3.00,0.00,119
1773227879000,64.12361135,-21.7876141666667,0.00,0.00,0.00,true,true,0.00,3.00,0.00,120
1773227881000,64.12361135,-21.7876141666667,0.00,0.00,0.00,true,true,0.00,2.00,0.00,121
1773227886000,64.12361135,-21.7876141666667,0.00,0.00,0.00,true,true,0.00,5.00,0.00,122
1773227890000,64.12361135,-21.7876141666667,0.00,0.00,0.00,true,true,0.00,4.00,0.00,123
1773227895000,64.12361135,-21.7876141666667,0.00,0.00,0.00,true,true,0.00,5.00,0.00,124
1773227897000,64.12361135,-21.7876141666667,0.00,0.00,0.00,true,true,0.00,2.00,0.00,125
1773227900000,64.1236114,-21.7876118333333,0.00,0.00,0.00,true,true,0.11,3.00,0.14,126
1773227902000,64.1236114,-21.7876118333333,0.00,0.00,0.00,true,true,0.02,2.00,0.04,127
1773227905000,64.1236114,-21.7876118333333,0.00,0.00,0.00,true,true,0.01,3.00,0.01,128
1773227907000,64.1236114,-21.7876118333333,0.00,0.00,0.00,true,true,0.00,2.00,0.00,129
1773227910000,64.1236114,-21.7876118333333,0.00,0.00,0.00,true,true,0.00,3.00,0.00,130
1773227912000,64.1236114,-21.7876118333333,0.00,0.00,0.00,true,true,0.00,2.00,0.00,131
1773227916000,64.1236114,-21.7876118333333,0.00,0.00,0.00,true,true,0.00,4.00,0.00,132
1773227918000,64.1236114,-21.7876118333333,0.00,0.00,0.00,true,true,0.00,2.00,0.00,133
1773227923000,64.1236114,-21.7876118333333,0.00,0.00,0.00,true,true,0.00,5.00,0.00,134
1773227925000,64.1236114,-21.7876118333333,0.00,0.00,0.00,true,true,0.00,2.00,0.00,135
1773227927000,64.1236114,-21.7876118333333,0.00,0.00,0.00,true,true,0.00,2.00,0.00,136
1773227930000,64.1236114,-21.7876118333333,0.00,0.00,0.00,true,true,0.00,3.00,0.00,137
1773227934000,64.1236114,-21.7876118333333,0.00,0.00,0.00,true,true,0.00,4.00,0.00,138
1773227938000,64.1236114,-21.7876118333333,0.00,0.00,0.00,true,true,0.00,4.00,0.00,139
1773227940000,64.1236114,-21.7876118333333,0.00,0.00,0.00,true,true,0.00,2.00,0.00,140
1773227944000,64.1236114,-21.7876118333333,0.00,0.00,0.00,true,true,0.00,4.00,0.00,141
1773227946000,64.1236114,-21.7876118333333,0.00,0.00,0.00,true,true,0.00,2.00,0.00,142
1773227953000,64.1236114,-21.7876118333333,0.00,0.00,0.00,true,true,0.00,7.00,0.00,143
1773227955000,64.1236114,-21.7876118333333,0.00,0.00,0.00,true,true,0.00,2.00,0.00,144
1773227959000,64.1236114,-21.7876118333333,0.00,0.00,0.00,true,true,0.00,4.00,0.00,145
1773227961000,64.1236114,-21.7876118333333,0.00,0.00,0.00,true,true,0.00,2.00,0.00,146
1773227964000,64.1236114,-21.7876118333333,0.00,0.00,0.00,true,true,0.00,3.00,0.00,147
1773227966000,64.1236114,-21.7876118333333,0.00,0.00,0.00,true,true,0.00,2.00,0.00,148
1773227968000,64.1236114,-21.7876118333333,0.00,0.00,0.00,true,true,0.00,2.00,0.00,149
1773227974000,64.1236114,-21.7876118333333,0.00,0.00,0.00,true,true,0.00,6.00,0.00,150
1773227976000,64.1236114,-21.7876118333333,0.00,0.00,0.00,true,true,0.00,2.00,0.00,151
1773227980000,64.1236114,-21.7876118333333,0.00,0.00,0.00,true,true,0.00,4.00,0.00,152
1773227982000,64.1236114,-21.7876118333333,0.00,0.00,0.00,true,true,0.00,2.00,0.00,153
1773227986000,64.1236114,-21.7876118333333,0.00,0.00,0.00,true,true,0.00,4.00,0.00,154
1773227988000,64.1236114,-21.7876118333333,0.00,0.00,0.00,true,true,0.00,2.00,0.00,155
1773227991000,64.1236114,-21.7876118333333,0.00,0.00,0.00,true,true,0.00,3.00,0.00,156
1773227995000,64.1236114,-21.7876118333333,0.00,0.00,0.00,true,true,0.00,4.00,0.00,157
1773228001000,64.1236114,-21.7876118333333,0.00,0.00,0.00,true,true,0.00,6.00,0.00,158
1773228003000,64.1236114,-21.7876118333333,0.00,0.00,0.00,true,true,0.00,2.00,0.00,159
1773228007000,64.1236114,-21.7876118333333,0.00,0.00,0.00,true,true,0.00,4.00,0.00,160
1773228010000,64.1236114,-21.7876118333333,0.00,0.00,0.00,true,true,0.00,3.00,0.00,161
1773228012000,64.1236114,-21.7876118333333,0.00,0.00,0.00,true,true,0.00,2.00,0.00,162
1773228016000,64.1236114,-21.7876118333333,0.00,0.00,0.00,true,true,0.00,4.00,0.00,163
1773228018000,64.1236114,-21.7876118333333,0.00,0.00,0.00,true,true,0.00,2.00,0.00,164
1773228020000,64.1236116333333,-21.787611,0.00,0.00,0.00,true,true,0.05,2.00,0.09,165
1773228024000,64.1236116333333,-21.787611,0.00,0.00,0.00,true,true,0.01,4.00,0.01,166
1773228026000,64.1236116333333,-21.787611,0.00,0.00,0.00,true,true,0.00,2.00,0.00,167
1773228028000,64.1236116333333,-21.787611,0.00,0.00,0.00,true,true,0.00,2.00,0.00,168
1773228031000,64.1236116333333,-21.787611,0.00,0.00,0.00,true,true,0.00,3.00,0.00,169
1773228035000,64.1236116333333,-21.787611,0.00,0.00,0.00,true,true,0.00,4.00,0.00,170
1773228037000,64.1236116333333,-21.787611,0.00,0.00,0.00,true,true,0.00,2.00,0.00,171
1773228041000,64.1236116333333,-21.787611,0.00,0.00,0.00,true,true,0.00,4.00,0.00,172
1773228043000,64.1236116333333,-21.787611,0.00,0.00,0.00,true,true,0.00,2.00,0.00,173
1773228048000,64.1236116333333,-21.787611,0.00,0.00,0.00,true,true,0.00,5.00,0.00,174
1773228052000,64.1236116333333,-21.787611,0.00,0.00,0.00,true,true,0.00,4.00,0.00,175
1773228054000,64.1236116333333,-21.787611,0.00,0.00,0.00,true,true,0.00,2.00,0.00,176
1773228057000,64.1236116333333,-21.787611,0.00,0.00,0.00,true,true,0.00,3.00,0.00,177
1773228059000,64.1236116333333,-21.787611,0.00,0.00,0.00,true,true,0.00,2.00,0.00,178
1773228062000,64.1236116333333,-21.787611,0.00,0.00,0.00,true,true,0.00,3.00,0.00,179
1773228064000,64.1236116333333,-21.787611,0.00,0.00,0.00,true,true,0.00,2.00,0.00,180
1773228067000,64.1236116333333,-21.787611,0.00,0.00,0.00,true,true,0.00,3.00,0.00,181
1773228069000,64.1236116333333,-21.787611,0.00,0.00,0.00,true,true,0.00,2.00,0.00,182
1773228074000,64.1236116333333,-21.787611,0.00,0.00,0.00,true,true,0.00,5.00,0.00,183
1773228076000,64.1236116333333,-21.787611,0.00,0.00,0.00,true,true,0.00,2.00,0.00,184
1773228078000,64.1236116333333,-21.787611,0.00,0.00,0.00,true,true,0.00,2.00,0.00,185
1773228081000,64.1236116333333,-21.787611,0.00,0.00,0.00,true,true,0.00,3.00,0.00,186
1773228085000,64.1236116333333,-21.787611,0.00,0.00,0.00,true,true,0.00,4.00,0.00,187
1773228089000,64.1236116333333,-21.787611,0.00,0.00,0.00,true,true,0.00,4.00,0.00,188
1773228092000,64.1236116333333,-21.787611,0.00,0.00,0.00,true,true,0.00,3.00,0.00,189
1773228096000,64.1236116333333,-21.787611,0.00,0.00,0.00,true,true,0.00,4.00,0.00,190
1773228098000,64.1236116333333,-21.787611,0.00,0.00,0.00,true,true,0.00,2.00,0.00,191
1773228100000,64.1236116333333,-21.787611,0.00,0.00,0.00,true,true,0.00,2.00,0.00,192
1773228102000,64.1236116333333,-21.787611,0.00,0.00,0.00,true,true,0.00,2.00,0.00,193
1773228104000,64.1236116333333,-21.787611,0.00,0.00,0.00,true,true,0.00,2.00,0.00,194
1773228109000,64.1236116333333,-21.787611,0.00,0.00,0.00,true,true,0.00,5.00,0.00,195
1773228111000,64.1236116333333,-21.787611,0.00,0.00,0.00,true,true,0.00,2.00,0.00,196
1773228114000,64.1236116333333,-21.787611,0.00,0.00,0.00,true,true,0.00,3.00,0.00,197
1773228120000,64.1236116333333,-21.787611,0.00,0.00,0.00,true,true,0.00,6.00,0.00,198
1773228124000,64.1236116333333,-21.787611,0.00,0.00,0.00,true,true,0.00,4.00,0.00,199
1773228127000,64.1236116333333,-21.787611,0.00,0.00,0.00,true,true,0.00,3.00,0.00,200
1773228129000,64.1236116333333,-21.787611,0.00,0.00,0.00,true,true,0.00,2.00,0.00,201
1773228133000,64.1236116333333,-21.787611,0.00,0.00,0.00,true,true,0.00,4.00,0.00,202
1773228135000,64.1236116333333,-21.787611,0.00,0.00,0.00,true,true,0.00,2.00,0.00,203
1773228140000,64.1236116333333,-21.787611,0.00,0.00,0.00,true,true,0.00,5.00,0.00,204
1773228144000,64.1236115333333,-21.7876105,0.00,0.00,0.00,true,true,0.03,4.00,0.02,205
1773228149000,64.1236115333333,-21.7876105,0.00,0.00,0.00,true,true,0.00,5.00,0.00,206
1773228151000,64.1236115333333,-21.7876105,0.00,0.00,0.00,true,true,0.00,2.00,0.00,207
1773228155000,64.1236115333333,-21.7876105,0.00,0.00,0.00,true,true,0.00,4.00,0.00,208
1773228157000,64.1236115333333,-21.7876105,0.00,0.00,0.00,true,true,0.00,2.00,0.00,209
1773228162000,64.1236115333333,-21.7876105,0.00,0.00,0.00,true,true,0.00,5.00,0.00,210
1773228166000,64.1236115333333,-21.7876105,0.00,0.00,0.00,true,true,0.00,4.00,0.00,211
1773228170000,64.1236115333333,-21.7876105,0.00,0.00,0.00,true,true,0.00,4.00,0.00,212
1773228172000,64.1236115333333,-21.7876105,0.00,0.00,0.00,true,true,0.00,2.00,0.00,213
1773228174000,64.1236115333333,-21.7876105,0.00,0.00,0.00,true,true,0.00,2.00,0.00,214
1773228180000,64.1236115333333,-21.7876105,0.00,0.00,0.00,true,true,0.00,6.00,0.00,215
1773228182000,64.1236115333333,-21.7876105,0.00,0.00,0.00,true,true,0.00,2.00,0.00,216
1773228186000,64.1236115333333,-21.7876105,0.00,0.00,0.00,true,true,0.00,4.00,0.00,217
1773228189000,64.1236115333333,-21.7876105,0.00,0.00,0.00,true,true,0.00,3.00,0.00,218
1773228191000,64.1236115333333,-21.7876105,0.00,0.00,0.00,true,true,0.00,2.00,0.00,219
1773228195000,64.1236115333333,-21.7876105,0.00,0.00,0.00,true,true,0.00,4.00,0.00,220
1773228197000,64.1236115333333,-21.7876105,0.00,0.00,0.00,true,true,0.00,2.00,0.00,221
1773228202000,64.1236115333333,-21.7876105,0.00,0.00,0.00,true,true,0.00,5.00,0.00,222
1773228204000,64.1236115333333,-21.7876105,0.00,0.00,0.00,true,true,0.00,2.00,0.00,223
1773228206000,64.1236115333333,-21.7876105,0.00,0.00,0.00,true,true,0.00,2.00,0.00,224
1773228210000,64.1236115333333,-21.7876105,0.00,0.00,0.00,true,true,0.00,4.00,0.00,225
1773228212000,64.1236115333333,-21.7876105,0.00,0.00,0.00,true,true,0.00,2.00,0.00,226
1773228214000,64.1236115333333,-21.7876105,0.00,0.00,0.00,true,true,0.00,2.00,0.00,227
1773228219000,64.1236115333333,-21.7876105,0.00,0.00,0.00,true,true,0.00,5.00,0.00,228
1773228221000,64.1236115333333,-21.7876105,0.00,0.00,0.00,true,true,0.00,2.00,0.00,229
1773228225000,64.1236115333333,-21.7876105,0.00,0.00,0.00,true,true,0.00,4.00,0.00,230
1773228227000,64.1236115333333,-21.7876105,0.00,0.00,0.00,true,true,0.00,2.00,0.00,231
1773228229000,64.1236115333333,-21.7876105,0.00,0.00,0.00,true,true,0.00,2.00,0.00,232
1773228234000,64.1236115333333,-21.7876105,0.00,0.00,0.00,true,true,0.00,5.00,0.00,233
1773228236000,64.1236115333333,-21.7876105,0.00,0.00,0.00,true,true,0.00,2.00,0.00,234
1773228241000,64.1236115333333,-21.7876105,0.00,0.00,0.00,true,true,0.00,5.00,0.00,235
1773228245000,64.1236115333333,-21.7876105,0.00,0.00,0.00,true,true,0.00,4.00,0.00,236
1773228247000,64.1236115333333,-21.7876105,0.00,0.00,0.00,true,true,0.00,2.00,0.00,237
1773228250000,64.1236115333333,-21.7876105,0.00,0.00,0.00,true,true,0.00,3.00,0.00,238
1773228254000,64.1236115333333,-21.7876105,0.00,0.00,0.00,true,true,0.00,4.00,0.00,239
1773228256000,64.1236115333333,-21.7876105,0.00,0.00,0.00,true,true,0.00,2.00,0.00,240
1773228260000,64.1236115333333,-21.7876105,0.00,0.00,0.00,true,true,0.00,4.00,0.00,241
1773228262000,64.1236115333333,-21.7876105,0.00,0.00,0.00,true,true,0.00,2.00,0.00,242
1773228265000,64.1236115166667,-21.7876106666667,0.00,0.00,0.00,true,true,0.01,3.00,0.01,243
1773228269000,64.1236115166667,-21.7876106666667,0.00,0.00,0.00,true,true,0.00,4.00,0.00,244
1773228272000,64.1236115166667,-21.7876106666667,0.00,0.00,0.00,true,true,0.00,3.00,0.00,245
1773228276000,64.1236115166667,-21.7876106666667,0.00,0.00,0.00,true,true,0.00,4.00,0.00,246
1773228278000,64.1236115166667,-21.7876106666667,0.00,0.00,0.00,true,true,0.00,2.00,0.00,247
1773228280000,64.1236115166667,-21.7876106666667,0.00,0.00,0.00,true,true,0.00,2.00,0.00,248
1773228282000,64.1236115166667,-21.7876106666667,0.00,0.00,0.00,true,true,0.00,2.00,0.00,249
1773228289000,64.1236115166667,-21.7876106666667,0.00,0.00,0.00,true,true,0.00,7.00,0.00,250
1773228291000,64.1236115166667,-21.7876106666667,0.00,0.00,0.00,true,true,0.00,2.00,0.00,251
1773228295000,64.1236115166667,-21.7876106666667,0.00,0.00,0.00,true,true,0.00,4.00,0.00,252
1773228297000,64.1236115166667,-21.7876106666667,0.00,0.00,0.00,true,true,0.00,2.00,0.00,253
1773228300000,64.1236115166667,-21.7876106666667,0.00,0.00,0.00,true,true,0.00,3.00,0.00,254
1773228304000,64.1236115166667,-21.7876106666667,0.00,0.00,0.00,true,true,0.00,4.00,0.00,255
1773228306000,64.1236115166667,-21.7876106666667,0.00,0.00,0.00,true,true,0.00,2.00,0.00,256
1773228308000,64.1236115166667,-21.7876106666667,0.00,0.00,0.00,true,true,0.00,2.00,0.00,257
1773228312000,64.1236115166667,-21.7876106666667,0.00,0.00,0.00,true,true,0.00,4.00,0.00,258
1773228314000,64.1236115166667,-21.7876106666667,0.00,0.00,0.00,true,true,0.00,2.00,0.00,259
1773228321000,64.1236115166667,-21.7876106666667,0.00,0.00,0.00,true,true,0.00,7.00,0.00,260
1773228323000,64.1236115166667,-21.7876106666667,0.00,0.00,0.00,true,true,0.00,2.00,0.00,261
1773228327000,64.1236115166667,-21.7876106666667,0.00,0.00,0.00,true,true,0.00,4.00,0.00,262
1773228329000,64.1236115166667,-21.7876106666667,0.00,0.00,0.00,true,true,0.00,2.00,0.00,263
1773228331000,64.1236115166667,-21.7876106666667,0.00,0.00,0.00,true,true,0.00,2.00,0.00,264
1773228333000,64.1236115166667,-21.7876106666667,0.00,0.00,0.00,true,true,0.00,2.00,0.00,265
1773228337000,64.1236115166667,-21.7876106666667,0.00,0.00,0.00,true,true,0.00,4.00,0.00,266
1773228341000,64.1236115166667,-21.7876106666667,0.00,0.00,0.00,true,true,0.00,4.00,0.00,267
1773228343000,64.1236115166667,-21.7876106666667,0.00,0.00,0.00,true,true,0.00,2.00,0.00,268
1773228346000,64.1236115166667,-21.7876106666667,0.00,0.00,0.00,true,true,0.00,3.00,0.00,269
1773228348000,64.1236115166667,-21.7876106666667,0.00,0.00,0.00,true,true,0.00,2.00,0.00,270
1773228351000,64.1236115166667,-21.7876106666667,0.00,0.00,0.00,true,true,0.00,3.00,0.00,271
1773228353000,64.1236115166667,-21.7876106666667,0.00,0.00,0.00,true,true,0.00,2.00,0.00,272
1773228356000,64.1236115166667,-21.7876106666667,0.00,0.00,0.00,true,true,0.00,3.00,0.00,273
1773228358000,64.1236115166667,-21.7876106666667,0.00,0.00,0.00,true,true,0.00,2.00,0.00,274
1773228362000,64.1236115166667,-21.7876106666667,0.00,0.00,0.00,true,true,0.00,4.00,0.00,275
1773228366000,64.1236115166667,-21.7876106666667,0.00,0.00,0.00,true,true,0.00,4.00,0.00,276
1773228370000,64.1236115166667,-21.7876106666667,0.00,0.00,0.00,true,true,0.00,4.00,0.00,277
1773228372000,64.1236115166667,-21.7876106666667,0.00,0.00,0.00,true,true,0.00,2.00,0.00,278
1773228376000,64.1236115166667,-21.7876106666667,0.00,0.00,0.00,true,true,0.00,4.00,0.00,279
1773228381000,64.1236115166667,-21.7876106666667,0.00,0.00,0.00,true,true,0.00,5.00,0.00,280
1773228391000,64.1236119,-21.787613,0.00,0.00,0.00,true,true,0.12,10.00,0.04,281
1773228397000,64.1236119,-21.787613,0.00,0.00,0.00,true,true,0.00,6.00,0.00,282
1773228400000,64.1236119,-21.787613,0.00,0.00,0.00,true,true,0.00,3.00,0.00,283
1773228405000,64.1236119,-21.787613,0.00,0.00,0.00,true,true,0.00,5.00,0.00,284
1773228411000,64.1236119,-21.787613,0.00,0.00,0.00,true,true,0.00,6.00,0.00,285
1773228414000,64.1236119,-21.787613,0.00,0.00,0.00,true,true,0.00,3.00,0.00,286
1773228416000,64.1236119,-21.787613,0.00,0.00,0.00,true,true,0.00,2.00,0.00,287
1773228420000,64.1236119,-21.787613,0.00,0.00,0.00,true,true,0.00,4.00,0.00,288
1773228422000,64.1236119,-21.787613,0.00,0.00,0.00,true,true,0.00,2.00,0.00,289
1773228427000,64.1236119,-21.787613,0.00,0.00,0.00,true,true,0.00,5.00,0.00,290
1773228433000,64.1236119,-21.787613,0.00,0.00,0.00,true,true,0.00,6.00,0.00,291
1773228437000,64.1236119,-21.787613,0.00,0.00,0.00,true,true,0.00,4.00,0.00,292
1773228439000,64.1236119,-21.787613,0.00,0.00,0.00,true,true,0.00,2.00,0.00,293
1773228442000,64.1236119,-21.787613,0.00,0.00,0.00,true,true,0.00,3.00,0.00,294
1773228444000,64.1236119,-21.787613,0.00,0.00,0.00,true,true,0.00,2.00,0.00,295
1773228447000,64.1236119,-21.787613,0.00,0.00,0.00,true,true,0.00,3.00,0.00,296
1773228452000,64.1236119,-21.787613,0.00,0.00,0.00,true,true,0.00,5.00,0.00,297
1773228457000,64.1236119,-21.787613,0.00,0.00,0.00,true,true,0.00,5.00,0.00,298
1773228461000,64.1236119,-21.787613,0.00,0.00,0.00,true,true,0.00,4.00,0.00,299
1773228463000,64.1236119,-21.787613,0.00,0.00,0.00,true,true,0.00,2.00,0.00,300
1773228468000,64.1236119,-21.787613,0.00,0.00,0.00,true,true,0.00,5.00,0.00,301
1773228472000,64.1236119,-21.787613,0.00,0.00,0.00,true,true,0.00,4.00,0.00,302
1773228477000,64.1236119,-21.787613,0.00,0.00,0.00,true,true,0.00,5.00,0.00,303
1773228479000,64.1236119,-21.787613,0.00,0.00,0.00,true,true,0.00,2.00,0.00,304
1773228482000,64.1236119,-21.787613,0.00,0.00,0.00,true,true,0.00,3.00,0.00,305
1773228486000,64.1236119,-21.787613,0.00,0.00,0.00,true,true,0.00,4.00,0.00,306
1773228488000,64.1236119,-21.787613,0.00,0.00,0.00,true,true,0.00,2.00,0.00,307
1773228492000,64.1236119,-21.787613,0.00,0.00,0.00,true,true,0.00,4.00,0.00,308
1773228494000,64.1236119,-21.787613,0.00,0.00,0.00,true,true,0.00,2.00,0.00,309
1773228497000,64.1236119,-21.787613,0.00,0.00,0.00,true,true,0.00,3.00,0.00,310
1773228501000,64.1236119,-21.787613,0.00,0.00,0.00,true,true,0.00,4.00,0.00,311
1773228503000,64.1236119,-21.787613,0.00,0.00,0.00,true,true,0.00,2.00,0.00,312
1773228509000,64.1236124666667,-21.7876126666667,0.00,0.00,0.00,true,true,0.06,6.00,0.04,313
1773228512000,64.1236124666667,-21.7876126666667,0.00,0.00,0.00,true,true,0.00,3.00,0.00,314
1773228517000,64.1236124666667,-21.7876126666667,0.00,0.00,0.00,true,true,0.00,5.00,0.00,315
1773228521000,64.1236124666667,-21.7876126666667,0.00,0.00,0.00,true,true,0.00,4.00,0.00,316
1773228523000,64.1236124666667,-21.7876126666667,0.00,0.00,0.00,true,true,0.00,2.00,0.00,317
1773228527000,64.1236124666667,-21.7876126666667,0.00,0.00,0.00,true,true,0.00,4.00,0.00,318
1773228529000,64.1236124666667,-21.7876126666667,0.00,0.00,0.00,true,true,0.00,2.00,0.00,319
1773228532000,64.1236124666667,-21.7876126666667,0.00,0.00,0.00,true,true,0.00,3.00,0.00,320
1773228537000,64.1236124666667,-21.7876126666667,0.00,0.00,0.00,true,true,0.00,5.00,0.00,321
1773228543000,64.1236124666667,-21.7876126666667,0.00,0.00,0.00,true,true,0.00,6.00,0.00,322
1773228547000,64.1236124666667,-21.7876126666667,0.00,0.00,0.00,true,true,0.00,4.00,0.00,323
1773228549000,64.1236124666667,-21.7876126666667,0.00,0.00,0.00,true,true,0.00,2.00,0.00,324
1773228552000,64.1236124666667,-21.7876126666667,0.00,0.00,0.00,true,true,0.00,3.00,0.00,325
1773228556000,64.1236124666667,-21.7876126666667,0.00,0.00,0.00,true,true,0.00,4.00,0.00,326
1773228558000,64.1236124666667,-21.7876126666667,0.00,0.00,0.00,true,true,0.00,2.00,0.00,327
1773228562000,64.1236124666667,-21.7876126666667,0.00,0.00,0.00,true,true,0.00,4.00,0.00,328
1773228567000,64.1236124666667,-21.7876126666667,0.00,0.00,0.00,true,true,0.00,5.00,0.00,329
1773228569000,64.1236124666667,-21.7876126666667,0.00,0.00,0.00,true,true,0.00,2.00,0.00,330
1773228573000,64.1236124666667,-21.7876126666667,0.00,0.00,0.00,true,true,0.00,4.00,0.00,331
1773228576000,64.1236124666667,-21.7876126666667,0.00,0.00,0.00,true,true,0.00,3.00,0.00,332
1773228583000,64.1236124666667,-21.7876126666667,0.00,0.00,0.00,true,true,0.00,7.00,0.00,333
1773228586000,64.1236124666667,-21.7876126666667,0.00,0.00,0.00,true,true,0.00,3.00,0.00,334
1773228588000,64.1236124666667,-21.7876126666667,0.00,0.00,0.00,true,true,0.00,2.00,0.00,335
1773228590000,64.1236124666667,-21.7876126666667,0.00,0.00,0.00,true,true,0.00,2.00,0.00,336
1773228592000,64.1236124666667,-21.7876126666667,0.00,0.00,0.00,true,true,0.00,2.00,0.00,337
1773228595000,64.1236124666667,-21.7876126666667,0.00,0.00,0.00,true,true,0.00,3.00,0.00,338
1773228598000,64.1236124666667,-21.7876126666667,0.00,0.00,0.00,true,true,0.00,3.00,0.00,339
1773228601000,64.1236124666667,-21.7876126666667,0.00,0.00,0.00,true,true,0.00,3.00,0.00,340
1773228608000,64.1236124666667,-21.7876126666667,0.00,0.00,0.00,true,true,0.00,7.00,0.00,341
1773228611000,64.1236124666667,-21.7876126666667,0.00,0.00,0.00,true,true,0.00,3.00,0.00,342
1773228614000,64.1236124666667,-21.7876126666667,0.00,0.00,0.00,true,true,0.00,3.00,0.00,343
1773228616000,64.1236124666667,-21.7876126666667,0.00,0.00,0.00,true,true,0.00,2.00,0.00,344
1773228620000,64.1236124666667,-21.7876126666667,0.00,0.00,0.00,true,true,0.00,4.00,0.00,345
1773228624000,64.1236124666667,-21.7876126666667,0.00,0.00,0.00,true,true,0.00,4.00,0.00,346
1773228626000,64.1236124666667,-21.7876126666667,0.00,0.00,0.00,true,true,0.00,2.00,0.00,347
1773228631000,64.1236123666667,-21.787613,0.00,0.00,0.00,true,true,0.02,5.00,0.01,348
1773228635000,64.1236123666667,-21.787613,0.00,0.00,0.00,true,true,0.00,4.00,0.00,349
1773228638000,64.1236123666667,-21.787613,0.00,0.00,0.00,true,true,0.00,3.00,0.00,350
1773228643000,64.1236123666667,-21.787613,0.00,0.00,0.00,true,true,0.00,5.00,0.00,351
1773228646000,64.1236123666667,-21.787613,0.00,0.00,0.00,true,true,0.00,3.00,0.00,352
1773228648000,64.1236123666667,-21.787613,0.00,0.00,0.00,true,true,0.00,2.00,0.00,353
1773228652000,64.1236123666667,-21.787613,0.00,0.00,0.00,true,true,0.00,4.00,0.00,354
1773228658000,64.1236123666667,-21.787613,0.00,0.00,0.00,true,true,0.00,6.00,0.00,355
1773228663000,64.1236123666667,-21.787613,0.00,0.00,0.00,true,true,0.00,5.00,0.00,356
1773228667000,64.1236123666667,-21.787613,0.00,0.00,0.00,true,true,0.00,4.00,0.00,357
1773228669000,64.1236123666667,-21.787613,0.00,0.00,0.00,true,true,0.00,2.00,0.00,358
1773228672000,64.1236123666667,-21.787613,0.00,0.00,0.00,true,true,0.00,3.00,0.00,359
1773228675000,64.1236123666667,-21.787613,0.00,0.00,0.00,true,true,0.00,3.00,0.00,360
1773228680000,64.1236123666667,-21.787613,0.00,0.00,0.00,true,true,0.00,5.00,0.00,361
1773228683000,64.1236123666667,-21.787613,0.00,0.00,0.00,true,true,0.00,3.00,0.00,362
1773228685000,64.1236123666667,-21.787613,0.00,0.00,0.00,true,true,0.00,2.00,0.00,363
1773228694000,64.1236123666667,-21.787613,0.00,0.00,0.00,true,true,0.00,9.00,0.00,364
1773228696000,64.1236123666667,-21.787613,0.00,0.00,0.00,true,true,0.00,2.00,0.00,365
1773228702000,64.1236123666667,-21.787613,0.00,0.00,0.00,true,true,0.00,6.00,0.00,366
1773228705000,64.1236123666667,-21.787613,0.00,0.00,0.00,true,true,0.00,3.00,0.00,367
1773228710000,64.1236123666667,-21.787613,0.00,0.00,0.00,true,true,0.00,5.00,0.00,368
1773228714000,64.1236123666667,-21.787613,0.00,0.00,0.00,true,true,0.00,4.00,0.00,369
1773228716000,64.1236123666667,-21.787613,0.00,0.00,0.00,true,true,0.00,2.00,0.00,370
1773228719000,64.1236123666667,-21.787613,0.00,0.00,0.00,true,true,0.00,3.00,0.00,371
1773228721000,64.1236123666667,-21.787613,0.00,0.00,0.00,true,true,0.00,2.00,0.00,372
1773228726000,64.1236123666667,-21.787613,0.00,0.00,0.00,true,true,0.00,5.00,0.00,373
1773228732000,64.1236123666667,-21.787613,0.00,0.00,0.00,true,true,0.00,6.00,0.00,374
1773228736000,64.1236123666667,-21.787613,0.00,0.00,0.00,true,true,0.00,4.00,0.00,375
1773228739000,64.1236123666667,-21.787613,0.00,0.00,0.00,true,true,0.00,3.00,0.00,376
1773228741000,64.1236123666667,-21.787613,0.00,0.00,0.00,true,true,0.00,2.00,0.00,377
1773228746000,64.1236123666667,-21.787613,0.00,0.00,0.00,true,true,0.00,5.00,0.00,378
1773228748000,64.12361225,-21.7876141666667,0.00,0.00,0.00,true,true,0.06,2.00,0.10,379
1773228751000,64.12361225,-21.7876141666667,0.00,0.00,0.00,true,true,0.02,3.00,0.02,380
1773228755000,64.12361225,-21.7876141666667,0.00,0.00,0.00,true,true,0.00,4.00,0.00,381
1773228757000,64.12361225,-21.7876141666667,0.00,0.00,0.00,true,true,0.00,2.00,0.00,382
1773228761000,64.12361225,-21.7876141666667,0.00,0.00,0.00,true,true,0.00,4.00,0.00,383
1773228763000,64.12361225,-21.7876141666667,0.00,0.00,0.00,true,true,0.00,2.00,0.00,384
1773228766000,64.12361225,-21.7876141666667,0.00,0.00,0.00,true,true,0.00,3.00,0.00,385
1773228773000,64.12361225,-21.7876141666667,0.00,0.00,0.00,true,true,0.00,7.00,0.00,386
1773228779000,64.12361225,-21.7876141666667,0.00,0.00,0.00,true,true,0.00,6.00,0.00,387
1773228781000,64.12361225,-21.7876141666667,0.00,0.00,0.00,true,true,0.00,2.00,0.00,388
1773228783000,64.12361225,-21.7876141666667,0.00,0.00,0.00,true,true,0.00,2.00,0.00,389
1773228788000,64.12361225,-21.7876141666667,0.00,0.00,0.00,true,true,0.00,5.00,0.00,390
1773228790000,64.12361225,-21.7876141666667,0.00,0.00,0.00,true,true,0.00,2.00,0.00,391
1773228797000,64.12361225,-21.7876141666667,0.00,0.00,0.00,true,true,0.00,7.00,0.00,392
1773228799000,64.12361225,-21.7876141666667,0.00,0.00,0.00,true,true,0.00,2.00,0.00,393
1773228802000,64.12361225,-21.7876141666667,0.00,0.00,0.00,true,true,0.00,3.00,0.00,394
1773228804000,64.12361225,-21.7876141666667,0.00,0.00,0.00,true,true,0.00,2.00,0.00,395
1773228810000,64.12361225,-21.7876141666667,0.00,0.00,0.00,true,true,0.00,6.00,0.00,396
1773228816000,64.12361225,-21.7876141666667,0.00,0.00,0.00,true,true,0.00,6.00,0.00,397
1773228819000,64.12361225,-21.7876141666667,0.00,0.00,0.00,true,true,0.00,3.00,0.00,398
1773228823000,64.12361225,-21.7876141666667,0.00,0.00,0.00,true,true,0.00,4.00,0.00,399
1773228829000,64.12361225,-21.7876141666667,0.00,0.00,0.00,true,true,0.00,6.00,0.00,400
1773228831000,64.12361225,-21.7876141666667,0.00,0.00,0.00,true,true,0.00,2.00,0.00,401
1773228833000,64.12361225,-21.7876141666667,0.00,0.00,0.00,true,true,0.00,2.00,0.00,402
1773228835000,64.12361225,-21.7876141666667,0.00,0.00,0.00,true,true,0.00,2.00,0.00,403
1773228840000,64.12361225,-21.7876141666667,0.00,0.00,0.00,true,true,0.00,5.00,0.00,404
1773228844000,64.12361225,-21.7876141666667,0.00,0.00,0.00,true,true,0.00,4.00,0.00,405
1773228846000,64.12361225,-21.7876141666667,0.00,0.00,0.00,true,true,0.00,2.00,0.00,406
1773228850000,64.12361225,-21.7876141666667,0.00,0.00,0.00,true,true,0.00,4.00,0.00,407
1773228852000,64.12361225,-21.7876141666667,0.00,0.00,0.00,true,true,0.00,2.00,0.00,408
1773228855000,64.12361225,-21.7876141666667,0.00,0.00,0.00,true,true,0.00,3.00,0.00,409
1773228859000,64.12361225,-21.7876141666667,0.00,0.00,0.00,true,true,0.00,4.00,0.00,410
1773228862000,64.12361225,-21.7876141666667,0.00,0.00,0.00,true,true,0.00,3.00,0.00,411
1773228865000,64.12361225,-21.7876141666667,0.00,0.00,0.00,true,true,0.00,3.00,0.00,412
1773228867000,64.12361225,-21.7876141666667,0.00,0.00,0.00,true,true,0.00,2.00,0.00,413
1773228871000,64.1236124833333,-21.787614,0.00,0.00,0.00,true,true,0.03,4.00,0.02,414
1773228876000,64.1236124833333,-21.787614,0.00,0.00,0.00,true,true,0.00,5.00,0.00,415
1773228880000,64.1236124833333,-21.787614,0.00,0.00,0.00,true,true,0.00,4.00,0.00,416
1773228885000,64.1236124833333,-21.787614,0.00,0.00,0.00,true,true,0.00,5.00,0.00,417
1773228889000,64.1236124833333,-21.787614,0.00,0.00,0.00,true,true,0.00,4.00,0.00,418
1773228891000,64.1236124833333,-21.787614,0.00,0.00,0.00,true,true,0.00,2.00,0.00,419
1773228895000,64.1236124833333,-21.787614,0.00,0.00,0.00,true,true,0.00,4.00,0.00,420
1773228897000,64.1236124833333,-21.787614,0.00,0.00,0.00,true,true,0.00,2.00,0.00,421
1773228900000,64.1236124833333,-21.787614,0.00,0.00,0.00,true,true,0.00,3.00,0.00,422
1773228902000,64.1236124833333,-21.787614,0.00,0.00,0.00,true,true,0.00,2.00,0.00,423
1773228906000,64.1236124833333,-21.787614,0.00,0.00,0.00,true,true,0.00,4.00,0.00,424
1773228910000,64.1236124833333,-21.787614,0.00,0.00,0.00,true,true,0.00,4.00,0.00,425
1773228912000,64.1236124833333,-21.787614,0.00,0.00,0.00,true,true,0.00,2.00,0.00,426
1773228917000,64.1236124833333,-21.787614,0.00,0.00,0.00,true,true,0.00,5.00,0.00,427
1773228919000,64.1236124833333,-21.787614,0.00,0.00,0.00,true,true,0.00,2.00,0.00,428
1773228921000,64.1236124833333,-21.787614,0.00,0.00,0.00,true,true,0.00,2.00,0.00,429
1773228926000,64.1236124833333,-21.787614,0.00,0.00,0.00,true,true,0.00,5.00,0.00,430
1773228930000,64.1236124833333,-21.787614,0.00,0.00,0.00,true,true,0.00,4.00,0.00,431
1773228932000,64.1236124833333,-21.787614,0.00,0.00,0.00,true,true,0.00,2.00,0.00,432
1773228935000,64.1236124833333,-21.787614,0.00,0.00,0.00,true,true,0.00,3.00,0.00,433
1773228938000,64.1236124833333,-21.787614,0.00,0.00,0.00,true,true,0.00,3.00,0.00,434
1773228941000,64.1236124833333,-21.787614,0.00,0.00,0.00,true,true,0.00,3.00,0.00,435
1773228944000,64.1236124833333,-21.787614,0.00,0.00,0.00,true,true,0.00,3.00,0.00,436
1773228949000,64.1236124833333,-21.787614,0.00,0.00,0.00,true,true,0.00,5.00,0.00,437
1773228951000,64.1236124833333,-21.787614,0.00,0.00,0.00,true,true,0.00,2.00,0.00,438
1773228953000,64.1236124833333,-21.787614,0.00,0.00,0.00,true,true,0.00,2.00,0.00,439
1773228956000,64.1236124833333,-21.787614,0.00,0.00,0.00,true,true,0.00,3.00,0.00,440
1773228959000,64.1236124833333,-21.787614,0.00,0.00,0.00,true,true,0.00,3.00,0.00,441
1773228964000,64.1236124833333,-21.787614,0.00,0.00,0.00,true,true,0.00,5.00,0.00,442
1773228969000,64.1236124833333,-21.787614,0.00,0.00,0.00,true,true,0.00,5.00,0.00,443
1773228973000,64.1236124833333,-21.787614,0.00,0.00,0.00,true,true,0.00,4.00,0.00,444
1773228976000,64.1236124833333,-21.787614,0.00,0.00,0.00,true,true,0.00,3.00,0.00,445
1773228979000,64.1236124833333,-21.787614,0.00,0.00,0.00,true,true,0.00,3.00,0.00,446
1773228981000,64.1236124833333,-21.787614,0.00,0.00,0.00,true,true,0.00,2.00,0.00,447
1773228984000,64.1236124833333,-21.787614,0.00,0.00,0.00,true,true,0.00,3.00,0.00,448
1773228988000,64.1236124833333,-21.787614,0.00,0.00,0.00,true,true,0.00,4.00,0.00,449
1773228991000,64.1236124833333,-21.787614,0.00,0.00,0.00,true,true,0.00,3.00,0.00,450
1773228997000,64.1236127833333,-21.7876141666667,0.00,0.00,0.00,true,true,0.03,6.00,0.02,451
1773229000000,64.1236127833333,-21.7876141666667,0.00,0.00,0.00,true,true,0.00,3.00,0.00,452
1773229002000,64.1236127833333,-21.7876141666667,0.00,0.00,0.00,true,true,0.00,2.00,0.00,453
1773229006000,64.1236127833333,-21.7876141666667,0.00,0.00,0.00,true,true,0.00,4.00,0.00,454
1773229009000,64.1236127833333,-21.7876141666667,0.00,0.00,0.00,true,true,0.00,3.00,0.00,455
1773229012000,64.1236127833333,-21.7876141666667,0.00,0.00,0.00,true,true,0.00,3.00,0.00,456
1773229015000,64.1236127833333,-21.7876141666667,0.00,0.00,0.00,true,true,0.00,3.00,0.00,457
1773229021000,64.1236127833333,-21.7876141666667,0.00,0.00,0.00,true,true,0.00,6.00,0.00,458
1773229024000,64.1236127833333,-21.7876141666667,0.00,0.00,0.00,true,true,0.00,3.00,0.00,459
1773229028000,64.1236127833333,-21.7876141666667,0.00,0.00,0.00,true,true,0.00,4.00,0.00,460
1773229032000,64.1236127833333,-21.7876141666667,0.00,0.00,0.00,true,true,0.00,4.00,0.00,461
1773229036000,64.1236127833333,-21.7876141666667,0.00,0.00,0.00,true,true,0.00,4.00,0.00,462
1773229041000,64.1236127833333,-21.7876141666667,0.00,0.00,0.00,true,true,0.00,5.00,0.00,463
1773229044000,64.1236127833333,-21.7876141666667,0.00,0.00,0.00,true,true,0.00,3.00,0.00,464
1773229047000,64.1236127833333,-21.7876141666667,0.00,0.00,0.00,true,true,0.00,3.00,0.00,465
1773229052000,64.1236127833333,-21.7876141666667,0.00,0.00,0.00,true,true,0.00,5.00,0.00,466
1773229054000,64.1236127833333,-21.7876141666667,0.00,0.00,0.00,true,true,0.00,2.00,0.00,467
1773229056000,64.1236127833333,-21.7876141666667,0.00,0.00,0.00,true,true,0.00,2.00,0.00,468
1773229059000,64.1236127833333,-21.7876141666667,0.00,0.00,0.00,true,true,0.00,3.00,0.00,469
1773229062000,64.1236127833333,-21.7876141666667,0.00,0.00,0.00,true,true,0.00,3.00,0.00,470
1773229065000,64.1236127833333,-21.7876141666667,0.00,0.00,0.00,true,true,0.00,3.00,0.00,471
1773229069000,64.1236127833333,-21.7876141666667,0.00,0.00,0.00,true,true,0.00,4.00,0.00,472
1773229071000,64.1236127833333,-21.7876141666667,0.00,0.00,0.00,true,true,0.00,2.00,0.00,473
1773229076000,64.1236127833333,-21.7876141666667,0.00,0.00,0.00,true,true,0.00,5.00,0.00,474
1773229078000,64.1236127833333,-21.7876141666667,0.00,0.00,0.00,true,true,0.00,2.00,0.00,475
1773229082000,64.1236127833333,-21.7876141666667,0.00,0.00,0.00,true,true,0.00,4.00,0.00,476
1773229086000,64.1236127833333,-21.7876141666667,0.00,0.00,0.00,true,true,0.00,4.00,0.00,477
1773229088000,64.1236127833333,-21.7876141666667,0.00,0.00,0.00,true,true,0.00,2.00,0.00,478
1773229090000,64.1236127833333,-21.7876141666667,0.00,0.00,0.00,true,true,0.00,2.00,0.00,479
1773229094000,64.1236127833333,-21.7876141666667,0.00,0.00,0.00,true,true,0.00,4.00,0.00,480
1773229096000,64.1236127833333,-21.7876141666667,0.00,0.00,0.00,true,true,0.00,2.00,0.00,481
1773229098000,64.1236127833333,-21.7876141666667,0.00,0.00,0.00,true,true,0.00,2.00,0.00,482
1773229103000,64.1236127833333,-21.7876141666667,0.00,0.00,0.00,true,true,0.00,5.00,0.00,483
1773229107000,64.1236127833333,-21.7876141666667,0.00,0.00,0.00,true,true,0.00,4.00,0.00,484
1773229109000,64.1236127833333,-21.7876141666667,0.00,0.00,0.00,true,true,0.00,2.00,0.00,485
1773229113000,64.1236127833333,-21.7876141666667,0.00,0.00,0.00,true,true,0.00,4.00,0.00,486
1773229120000,64.1236122333333,-21.7876131666667,0.00,0.00,0.00,true,true,0.08,7.00,0.04,487
1773229122000,64.1236122333333,-21.7876131666667,0.00,0.00,0.00,true,true,0.00,2.00,0.00,488
1773229124000,64.1236122333333,-21.7876131666667,0.00,0.00,0.00,true,true,0.00,2.00,0.00,489
1773229128000,64.1236122333333,-21.7876131666667,0.00,0.00,0.00,true,true,0.00,4.00,0.00,490
1773229130000,64.1236122333333,-21.7876131666667,0.00,0.00,0.00,true,true,0.00,2.00,0.00,491
1773229134000,64.1236122333333,-21.7876131666667,0.00,0.00,0.00,true,true,0.00,4.00,0.00,492
1773229136000,64.1236122333333,-21.7876131666667,0.00,0.00,0.00,true,true,0.00,2.00,0.00,493
1773229139000,64.1236122333333,-21.7876131666667,0.00,0.00,0.00,true,true,0.00,3.00,0.00,494
1773229145000,64.1236122333333,-21.7876131666667,0.00,0.00,0.00,true,true,0.00,6.00,0.00,495
1773229147000,64.1236122333333,-21.7876131666667,0.00,0.00,0.00,true,true,0.00,2.00,0.00,496
1773229152000,64.1236122333333,-21.7876131666667,0.00,0.00,0.00,true,true,0.00,5.00,0.00,497
1773229154000,64.1236122333333,-21.7876131666667,0.00,0.00,0.00,true,true,0.00,2.00,0.00,498
1773229160000,64.1236122333333,-21.7876131666667,0.00,0.00,0.00,true,true,0.00,6.00,0.00,499
1773229163000,64.1236122333333,-21.7876131666667,0.00,0.00,0.00,true,true,0.00,3.00,0.00,500
1773229165000,64.1236122333333,-21.7876131666667,0.00,0.00,0.00,true,true,0.00,2.00,0.00,501
1773229169000,64.1236122333333,-21.7876131666667,0.00,0.00,0.00,true,true,0.00,4.00,0.00,502
1773229178000,64.1236122333333,-21.7876131666667,0.00,0.00,0.00,true,true,0.00,9.00,0.00,503
1773229180000,64.1236122333333,-21.7876131666667,0.00,0.00,0.00,true,true,0.00,2.00,0.00,504
1773229185000,64.1236122333333,-21.7876131666667,0.00,0.00,0.00,true,true,0.00,5.00,0.00,505
1773229187000,64.1236122333333,-21.7876131666667,0.00,0.00,0.00,true,true,0.00,2.00,0.00,506
1773229191000,64.1236122333333,-21.7876131666667,0.00,0.00,0.00,true,true,0.00,4.00,0.00,507
1773229193000,64.1236122333333,-21.7876131666667,0.00,0.00,0.00,true,true,0.00,2.00,0.00,508
1773229195000,64.1236122333333,-21.7876131666667,0.00,0.00,0.00,true,true,0.00,2.00,0.00,509
1773229199000,64.1236122333333,-21.7876131666667,0.00,0.00,0.00,true,true,0.00,4.00,0.00,510
1773229202000,64.1236122333333,-21.7876131666667,0.00,0.00,0.00,true,true,0.00,3.00,0.00,511
1773229206000,64.1236122333333,-21.7876131666667,0.00,0.00,0.00,true,true,0.00,4.00,0.00,512
1773229211000,64.1236122333333,-21.7876131666667,0.00,0.00,0.00,true,true,0.00,5.00,0.00,513
1773229215000,64.1236122333333,-21.7876131666667,0.00,0.00,0.00,true,true,0.00,4.00,0.00,514
1773229220000,64.1236122333333,-21.7876131666667,0.00,0.00,0.00,true,true,0.00,5.00,0.00,515
1773229226000,64.1236122333333,-21.7876131666667,0.00,0.00,0.00,true,true,0.00,6.00,0.00,516
1773229230000,64.1236122333333,-21.7876131666667,0.00,0.00,0.00,true,true,0.00,4.00,0.00,517
1773229234000,64.1236122333333,-21.7876131666667,0.00,0.00,0.00,true,true,0.00,4.00,0.00,518
1773229237000,64.1236122333333,-21.7876131666667,0.00,0.00,0.00,true,true,0.00,3.00,0.00,519
1773229239000,64.1236140833333,-21.7876146666667,0.00,0.00,0.00,true,true,0.22,2.00,0.39,520
1773229243000,64.1236140833333,-21.7876146666667,0.00,0.00,0.00,true,true,0.06,4.00,0.06,521
1773229248000,64.1236140833333,-21.7876146666667,0.00,0.00,0.00,true,true,0.01,5.00,0.01,522
1773229250000,64.1236140833333,-21.7876146666667,0.00,0.00,0.00,true,true,0.00,2.00,0.00,523
1773229253000,64.1236140833333,-21.7876146666667,0.00,0.00,0.00,true,true,0.00,3.00,0.00,524
1773229257000,64.1236140833333,-21.7876146666667,0.00,0.00,0.00,true,true,0.00,4.00,0.00,525
1773229259000,64.1236140833333,-21.7876146666667,0.00,0.00,0.00,true,true,0.00,2.00,0.00,526
1773229263000,64.1236140833333,-21.7876146666667,0.00,0.00,0.00,true,true,0.00,4.00,0.00,527
1773229265000,64.1236140833333,-21.7876146666667,0.00,0.00,0.00,true,true,0.00,2.00,0.00,528
1773229268000,64.1236140833333,-21.7876146666667,0.00,0.00,0.00,true,true,0.00,3.00,0.00,529
1773229270000,64.1236140833333,-21.7876146666667,0.00,0.00,0.00,true,true,0.00,2.00,0.00,530
1773229272000,64.1236140833333,-21.7876146666667,0.00,0.00,0.00,true,true,0.00,2.00,0.00,531
1773229274000,64.1236140833333,-21.7876146666667,0.00,0.00,0.00,true,true,0.00,2.00,0.00,532
1773229279000,64.1236140833333,-21.7876146666667,0.00,0.00,0.00,true,true,0.00,5.00,0.00,533
1773229284000,64.1236140833333,-21.7876146666667,0.00,0.00,0.00,true,true,0.00,5.00,0.00,534
1773229286000,64.1236140833333,-21.7876146666667,0.00,0.00,0.00,true,true,0.00,2.00,0.00,535
1773229288000,64.1236140833333,-21.7876146666667,0.00,0.00,0.00,true,true,0.00,2.00,0.00,536
1773229291000,64.1236140833333,-21.7876146666667,0.00,0.00,0.00,true,true,0.00,3.00,0.00,537
1773229294000,64.1236140833333,-21.7876146666667,0.00,0.00,0.00,true,true,0.00,3.00,0.00,538
1773229297000,64.1236140833333,-21.7876146666667,0.00,0.00,0.00,true,true,0.00,3.00,0.00,539
1773229304000,64.1236140833333,-21.7876146666667,0.00,0.00,0.00,true,true,0.00,7.00,0.00,540
1773229306000,64.1236140833333,-21.7876146666667,0.00,0.00,0.00,true,true,0.00,2.00,0.00,541
1773229309000,64.1236140833333,-21.7876146666667,0.00,0.00,0.00,true,true,0.00,3.00,0.00,542
1773229312000,64.1236140833333,-21.7876146666667,0.00,0.00,0.00,true,true,0.00,3.00,0.00,543
1773229315000,64.1236140833333,-21.7876146666667,0.00,0.00,0.00,true,true,0.00,3.00,0.00,544
1773229317000,64.1236140833333,-21.7876146666667,0.00,0.00,0.00,true,true,0.00,2.00,0.00,545
1773229320000,64.1236140833333,-21.7876146666667,0.00,0.00,0.00,true,true,0.00,3.00,0.00,546
1773229322000,64.1236140833333,-21.7876146666667,0.00,0.00,0.00,true,true,0.00,2.00,0.00,547
1773229325000,64.1236140833333,-21.7876146666667,0.00,0.00,0.00,true,true,0.00,3.00,0.00,548
1773229328000,64.1236140833333,-21.7876146666667,0.00,0.00,0.00,true,true,0.00,3.00,0.00,549
1773229330000,64.1236140833333,-21.7876146666667,0.00,0.00,0.00,true,true,0.00,2.00,0.00,550
1773229334000,64.1236140833333,-21.7876146666667,0.00,0.00,0.00,true,true,0.00,4.00,0.00,551
1773229339000,64.1236140833333,-21.7876146666667,0.00,0.00,0.00,true,true,0.00,5.00,0.00,552
1773229344000,64.1236140833333,-21.7876146666667,0.00,0.00,0.00,true,true,0.00,5.00,0.00,553
1773229346000,64.1236140833333,-21.7876146666667,0.00,0.00,0.00,true,true,0.00,2.00,0.00,554
1773229350000,64.1236140833333,-21.7876146666667,0.00,0.00,0.00,true,true,0.00,4.00,0.00,555
1773229354000,64.1236140833333,-21.7876146666667,0.00,0.00,0.00,true,true,0.00,4.00,0.00,556
1773229357000,64.1236140833333,-21.7876146666667,0.00,0.00,0.00,true,true,0.00,3.00,0.00,557
1773229359000,64.1236140833333,-21.7876146666667,0.00,0.00,0.00,true,true,0.00,2.00,0.00,558
1773229363000,64.12361645,-21.7876173333333,0.00,0.00,0.00,true,true,0.29,4.00,0.26,559
1773229365000,64.12361645,-21.7876173333333,0.00,0.00,0.00,true,true,0.04,2.00,0.07,560
1773229367000,64.12361645,-21.7876173333333,0.00,0.00,0.00,true,true,0.01,2.00,0.02,561
1773229374000,64.12361645,-21.7876173333333,0.00,0.00,0.00,true,true,0.00,7.00,0.00,562
1773229376000,64.12361645,-21.7876173333333,0.00,0.00,0.00,true,true,0.00,2.00,0.00,563
1773229380000,64.12361645,-21.7876173333333,0.00,0.00,0.00,true,true,0.00,4.00,0.00,564
1773229382000,64.12361645,-21.7876173333333,0.00,0.00,0.00,true,true,0.00,2.00,0.00,565
1773229384000,64.12361645,-21.7876173333333,0.00,0.00,0.00,true,true,0.00,2.00,0.00,566
1773229386000,64.12361645,-21.7876173333333,0.00,0.00,0.00,true,true,0.00,2.00,0.00,567
1773229389000,64.12361645,-21.7876173333333,0.00,0.00,0.00,true,true,0.00,3.00,0.00,568
1773229392000,64.12361645,-21.7876173333333,0.00,0.00,0.00,true,true,0.00,3.00,0.00,569
1773229397000,64.12361645,-21.7876173333333,0.00,0.00,0.00,true,true,0.00,5.00,0.00,570
1773229402000,64.12361645,-21.7876173333333,0.00,0.00,0.00,true,true,0.00,5.00,0.00,571
1773229406000,64.12361645,-21.7876173333333,0.00,0.00,0.00,true,true,0.00,4.00,0.00,572
1773229410000,64.12361645,-21.7876173333333,0.00,0.00,0.00,true,true,0.00,4.00,0.00,573
1773229412000,64.12361645,-21.7876173333333,0.00,0.00,0.00,true,true,0.00,2.00,0.00,574
1773229416000,64.12361645,-21.7876173333333,0.00,0.00,0.00,true,true,0.00,4.00,0.00,575
1773229418000,64.12361645,-21.7876173333333,0.00,0.00,0.00,true,true,0.00,2.00,0.00,576
1773229425000,64.12361645,-21.7876173333333,0.00,0.00,0.00,true,true,0.00,7.00,0.00,577
1773229427000,64.12361645,-21.7876173333333,0.00,0.00,0.00,true,true,0.00,2.00,0.00,578
1773229430000,64.12361645,-21.7876173333333,0.00,0.00,0.00,true,true,0.00,3.00,0.00,579
1773229432000,64.12361645,-21.7876173333333,0.00,0.00,0.00,true,true,0.00,2.00,0.00,580
1773229436000,64.12361645,-21.7876173333333,0.00,0.00,0.00,true,true,0.00,4.00,0.00,581
1773229438000,64.12361645,-21.7876173333333,0.00,0.00,0.00,true,true,0.00,2.00,0.00,582
1773229442000,64.12361645,-21.7876173333333,0.00,0.00,0.00,true,true,0.00,4.00,0.00,583
1773229447000,64.12361645,-21.7876173333333,0.00,0.00,0.00,true,true,0.00,5.00,0.00,584
1773229451000,64.12361645,-21.7876173333333,0.00,0.00,0.00,true,true,0.00,4.00,0.00,585
1773229453000,64.12361645,-21.7876173333333,0.00,0.00,0.00,true,true,0.00,2.00,0.00,586
1773229461000,64.12361645,-21.7876173333333,0.00,0.00,0.00,true,true,0.00,8.00,0.00,587
1773229465000,64.12361645,-21.7876173333333,0.00,0.00,0.00,true,true,0.00,4.00,0.00,588
1773229472000,64.12361645,-21.7876173333333,0.00,0.00,0.00,true,true,0.00,7.00,0.00,589
1773229476000,64.12361645,-21.7876173333333,0.00,0.00,0.00,true,true,0.00,4.00,0.00,590
1773229480000,64.12361645,-21.7876173333333,0.00,0.00,0.00,true,true,0.00,4.00,0.00,591
1773229486000,64.1236192166667,-21.787619,0.00,0.00,0.00,true,true,0.32,6.00,0.19,592
1773229490000,64.1236192166667,-21.787619,0.00,0.00,0.00,true,true,0.02,4.00,0.01,593
1773229495000,64.1236192166667,-21.787619,0.00,0.00,0.00,true,true,0.00,5.00,0.00,594
1773229497000,64.1236192166667,-21.787619,0.00,0.00,0.00,true,true,0.00,2.00,0.00,595
1773229501000,64.1236192166667,-21.787619,0.00,0.00,0.00,true,true,0.00,4.00,0.00,596
1773229504000,64.1236192166667,-21.787619,0.00,0.00,0.00,true,true,0.00,3.00,0.00,597
1773229507000,64.1236192166667,-21.787619,0.00,0.00,0.00,true,true,0.00,3.00,0.00,598
1773229510000,64.1236192166667,-21.787619,0.00,0.00,0.00,true,true,0.00,3.00,0.00,599
1773229512000,64.1236192166667,-21.787619,0.00,0.00,0.00,true,true,0.00,2.00,0.00,600
1773229517000,64.1236192166667,-21.787619,0.00,0.00,0.00,true,true,0.00,5.00,0.00,601
1773229520000,64.1236192166667,-21.787619,0.00,0.00,0.00,true,true,0.00,3.00,0.00,602
1773229522000,64.1236192166667,-21.787619,0.00,0.00,0.00,true,true,0.00,2.00,0.00,603
1773229526000,64.1236192166667,-21.787619,0.00,0.00,0.00,true,true,0.00,4.00,0.00,604
1773229531000,64.1236192166667,-21.787619,0.00,0.00,0.00,true,true,0.00,5.00,0.00,605
1773229536000,64.1236192166667,-21.787619,0.00,0.00,0.00,true,true,0.00,5.00,0.00,606
1773229538000,64.1236192166667,-21.787619,0.00,0.00,0.00,true,true,0.00,2.00,0.00,607
1773229542000,64.1236192166667,-21.787619,0.00,0.00,0.00,true,true,0.00,4.00,0.00,608
1773229547000,64.1236192166667,-21.787619,0.00,0.00,0.00,true,true,0.00,5.00,0.00,609
1773229551000,64.1236192166667,-21.787619,0.00,0.00,0.00,true,true,0.00,4.00,0.00,610
1773229554000,64.1236192166667,-21.787619,0.00,0.00,0.00,true,true,0.00,3.00,0.00,611
1773229557000,64.1236192166667,-21.787619,0.00,0.00,0.00,true,true,0.00,3.00,0.00,612
1773229559000,64.1236192166667,-21.787619,0.00,0.00,0.00,true,true,0.00,2.00,0.00,613
1773229564000,64.1236192166667,-21.787619,0.00,0.00,0.00,true,true,0.00,5.00,0.00,614
1773229568000,64.1236192166667,-21.787619,0.00,0.00,0.00,true,true,0.00,4.00,0.00,615
1773229572000,64.1236192166667,-21.787619,0.00,0.00,0.00,true,true,0.00,4.00,0.00,616
1773229575000,64.1236192166667,-21.787619,0.00,0.00,0.00,true,true,0.00,3.00,0.00,617
1773229577000,64.1236192166667,-21.787619,0.00,0.00,0.00,true,true,0.00,2.00,0.00,618
1773229580000,64.1236192166667,-21.787619,0.00,0.00,0.00,true,true,0.00,3.00,0.00,619
1773229583000,64.1236192166667,-21.787619,0.00,0.00,0.00,true,true,0.00,3.00,0.00,620
1773229587000,64.1236192166667,-21.787619,0.00,0.00,0.00,true,true,0.00,4.00,0.00,621
1773229589000,64.1236192166667,-21.787619,0.00,0.00,0.00,true,true,0.00,2.00,0.00,622
1773229592000,64.1236192166667,-21.787619,0.00,0.00,0.00,true,true,0.00,3.00,0.00,623
1773229594000,64.1236192166667,-21.787619,0.00,0.00,0.00,true,true,0.00,2.00,0.00,624
1773229598000,64.1236192166667,-21.787619,0.00,0.00,0.00,true,true,0.00,4.00,0.00,625
1773229602000,64.1236192166667,-21.787619,0.00,0.00,0.00,true,true,0.00,4.00,0.00,626
1773229604000,64.1236192166667,-21.787619,0.00,0.00,0.00,true,true,0.00,2.00,0.00,627
1773229609000,64.123621,-21.7876213333333,0.00,0.00,0.00,true,true,0.23,5.00,0.16,628
1773229613000,64.123621,-21.7876213333333,0.00,0.00,0.00,true,true,0.02,4.00,0.02,629
1773229618000,64.123621,-21.7876213333333,0.00,0.00,0.00,true,true,0.00,5.00,0.00,630
1773229624000,64.123621,-21.7876213333333,0.00,0.00,0.00,true,true,0.00,6.00,0.00,631
1773229629000,64.123621,-21.7876213333333,0.00,0.00,0.00,true,true,0.00,5.00,0.00,632
1773229633000,64.123621,-21.7876213333333,0.00,0.00,0.00,true,true,0.00,4.00,0.00,633
1773229635000,64.123621,-21.7876213333333,0.00,0.00,0.00,true,true,0.00,2.00,0.00,634
1773229638000,64.123621,-21.7876213333333,0.00,0.00,0.00,true,true,0.00,3.00,0.00,635
1773229642000,64.123621,-21.7876213333333,0.00,0.00,0.00,true,true,0.00,4.00,0.00,636
1773229644000,64.123621,-21.7876213333333,0.00,0.00,0.00,true,true,0.00,2.00,0.00,637
1773229651000,64.123621,-21.7876213333333,0.00,0.00,0.00,true,true,0.00,7.00,0.00,638
1773229653000,64.123621,-21.7876213333333,0.00,0.00,0.00,true,true,0.00,2.00,0.00,639
1773229658000,64.123621,-21.7876213333333,0.00,0.00,0.00,true,true,0.00,5.00,0.00,640
1773229660000,64.123621,-21.7876213333333,0.00,0.00,0.00,true,true,0.00,2.00,0.00,641
1773229664000,64.123621,-21.7876213333333,0.00,0.00,0.00,true,true,0.00,4.00,0.00,642
1773229666000,64.123621,-21.7876213333333,0.00,0.00,0.00,true,true,0.00,2.00,0.00,643
1773229672000,64.123621,-21.7876213333333,0.00,0.00,0.00,true,true,0.00,6.00,0.00,644
1773229675000,64.123621,-21.7876213333333,0.00,0.00,0.00,true,true,0.00,3.00,0.00,645
1773229678000,64.123621,-21.7876213333333,0.00,0.00,0.00,true,true,0.00,3.00,0.00,646
1773229681000,64.123621,-21.7876213333333,0.00,0.00,0.00,true,true,0.00,3.00,0.00,647
1773229683000,64.123621,-21.7876213333333,0.00,0.00,0.00,true,true,0.00,2.00,0.00,648
1773229687000,64.123621,-21.7876213333333,0.00,0.00,0.00,true,true,0.00,4.00,0.00,649
1773229689000,64.123621,-21.7876213333333,0.00,0.00,0.00,true,true,0.00,2.00,0.00,650
1773229694000,64.123621,-21.7876213333333,0.00,0.00,0.00,true,true,0.00,5.00,0.00,651
1773229700000,64.123621,-21.7876213333333,0.00,0.00,0.00,true,true,0.00,6.00,0.00,652
1773229707000,64.123621,-21.7876213333333,0.00,0.00,0.00,true,true,0.00,7.00,0.00,653
1773229709000,64.123621,-21.7876213333333,0.00,0.00,0.00,true,true,0.00,2.00,0.00,654
1773229715000,64.123621,-21.7876213333333,0.00,0.00,0.00,true,true,0.00,6.00,0.00,655
1773229718000,64.123621,-21.7876213333333,0.00,0.00,0.00,true,true,0.00,3.00,0.00,656
1773229720000,64.123621,-21.7876213333333,0.00,0.00,0.00,true,true,0.00,2.00,0.00,657
1773229723000,64.123621,-21.7876213333333,0.00,0.00,0.00,true,true,0.00,3.00,0.00,658
1773229727000,64.123621,-21.7876213333333,0.00,0.00,0.00,true,true,0.00,4.00,0.00,659
1773229729000,64.1236227,-21.7876218333333,0.00,0.00,0.00,true,true,0.19,2.00,0.34,660
1773229733000,64.1236227,-21.7876218333333,0.00,0.00,0.00,true,true,0.05,4.00,0.05,661
1773229735000,64.1236227,-21.7876218333333,0.00,0.00,0.00,true,true,0.01,2.00,0.01,662
1773229738000,64.1236227,-21.7876218333333,0.00,0.00,0.00,true,true,0.00,3.00,0.00,663
1773229744000,64.1236227,-21.7876218333333,0.00,0.00,0.00,true,true,0.00,6.00,0.00,664
1773229749000,64.1236227,-21.7876218333333,0.00,0.00,0.00,true,true,0.00,5.00,0.00,665
1773229753000,64.1236227,-21.7876218333333,0.00,0.00,0.00,true,true,0.00,4.00,0.00,666
1773229757000,64.1236227,-21.7876218333333,0.00,0.00,0.00,true,true,0.00,4.00,0.00,667
1773229759000,64.1236227,-21.7876218333333,0.00,0.00,0.00,true,true,0.00,2.00,0.00,668
1773229762000,64.1236227,-21.7876218333333,0.00,0.00,0.00,true,true,0.00,3.00,0.00,669
1773229764000,64.1236227,-21.7876218333333,0.00,0.00,0.00,true,true,0.00,2.00,0.00,670
1773229766000,64.1236227,-21.7876218333333,0.00,0.00,0.00,true,true,0.00,2.00,0.00,671
1773229769000,64.1236227,-21.7876218333333,0.00,0.00,0.00,true,true,0.00,3.00,0.00,672
1773229775000,64.1236227,-21.7876218333333,0.00,0.00,0.00,true,true,0.00,6.00,0.00,673
1773229779000,64.1236227,-21.7876218333333,0.00,0.00,0.00,true,true,0.00,4.00,0.00,674
1773229781000,64.1236227,-21.7876218333333,0.00,0.00,0.00,true,true,0.00,2.00,0.00,675
1773229783000,64.1236227,-21.7876218333333,0.00,0.00,0.00,true,true,0.00,2.00,0.00,676
1773229788000,64.1236227,-21.7876218333333,0.00,0.00,0.00,true,true,0.00,5.00,0.00,677
1773229790000,64.1236227,-21.7876218333333,0.00,0.00,0.00,true,true,0.00,2.00,0.00,678
1773229795000,64.1236227,-21.7876218333333,0.00,0.00,0.00,true,true,0.00,5.00,0.00,679
1773229799000,64.1236227,-21.7876218333333,0.00,0.00,0.00,true,true,0.00,4.00,0.00,680
1773229803000,64.1236227,-21.7876218333333,0.00,0.00,0.00,true,true,0.00,4.00,0.00,681
1773229805000,64.1236227,-21.7876218333333,0.00,0.00,0.00,true,true,0.00,2.00,0.00,682
1773229807000,64.1236227,-21.7876218333333,0.00,0.00,0.00,true,true,0.00,2.00,0.00,683
1773229814000,64.1236227,-21.7876218333333,0.00,0.00,0.00,true,true,0.00,7.00,0.00,684
1773229818000,64.1236227,-21.7876218333333,0.00,0.00,0.00,true,true,0.00,4.00,0.00,685
1773229822000,64.1236227,-21.7876218333333,0.00,0.00,0.00,true,true,0.00,4.00,0.00,686
1773229824000,64.1236227,-21.7876218333333,0.00,0.00,0.00,true,true,0.00,2.00,0.00,687
1773229831000,64.1236227,-21.7876218333333,0.00,0.00,0.00,true,true,0.00,7.00,0.00,688
1773229833000,64.1236227,-21.7876218333333,0.00,0.00,0.00,true,true,0.00,2.00,0.00,689
1773229835000,64.1236227,-21.7876218333333,0.00,0.00,0.00,true,true,0.00,2.00,0.00,690
1773229837000,64.1236227,-21.7876218333333,0.00,0.00,0.00,true,true,0.00,2.00,0.00,691
1773229841000,64.1236227,-21.7876218333333,0.00,0.00,0.00,true,true,0.00,4.00,0.00,692
1773229843000,64.1236227,-21.7876218333333,0.00,0.00,0.00,true,true,0.00,2.00,0.00,693
1773229846000,64.1236227,-21.7876218333333,0.00,0.00,0.00,true,true,0.00,3.00,0.00,694
1773229850000,64.1236238666667,-21.7876218333333,0.00,0.00,0.00,true,true,0.13,4.00,0.12,695
1773229852000,64.1236238666667,-21.7876218333333,0.00,0.00,0.00,true,true,0.02,2.00,0.03,696
1773229857000,64.1236238666667,-21.7876218333333,0.00,0.00,0.00,true,true,0.00,5.00,0.00,697
1773229860000,64.1236238666667,-21.7876218333333,0.00,0.00,0.00,true,true,0.00,3.00,0.00,698
1773229863000,64.1236238666667,-21.7876218333333,0.00,0.00,0.00,true,true,0.00,3.00,0.00,699
1773229865000,64.1236238666667,-21.7876218333333,0.00,0.00,0.00,true,true,0.00,2.00,0.00,700
1773229867000,64.1236238666667,-21.7876218333333,0.00,0.00,0.00,true,true,0.00,2.00,0.00,701
1773229871000,64.1236238666667,-21.7876218333333,0.00,0.00,0.00,true,true,0.00,4.00,0.00,702
1773229875000,64.1236238666667,-21.7876218333333,0.00,0.00,0.00,true,true,0.00,4.00,0.00,703
1773229878000,64.1236238666667,-21.7876218333333,0.00,0.00,0.00,true,true,0.00,3.00,0.00,704
1773229884000,64.1236238666667,-21.7876218333333,0.00,0.00,0.00,true,true,0.00,6.00,0.00,705
1773229889000,64.1236238666667,-21.7876218333333,0.00,0.00,0.00,true,true,0.00,5.00,0.00,706
1773229892000,64.1236238666667,-21.7876218333333,0.00,0.00,0.00,true,true,0.00,3.00,0.00,707
1773229895000,64.1236238666667,-21.7876218333333,0.00,0.00,0.00,true,true,0.00,3.00,0.00,708
1773229897000,64.1236238666667,-21.7876218333333,0.00,0.00,0.00,true,true,0.00,2.00,0.00,709
1773229900000,64.1236238666667,-21.7876218333333,0.00,0.00,0.00,true,true,0.00,3.00,0.00,710
1773229905000,64.1236238666667,-21.7876218333333,0.00,0.00,0.00,true,true,0.00,5.00,0.00,711
1773229910000,64.1236238666667,-21.7876218333333,0.00,0.00,0.00,true,true,0.00,5.00,0.00,712
1773229912000,64.1236238666667,-21.7876218333333,0.00,0.00,0.00,true,true,0.00,2.00,0.00,713
1773229916000,64.1236238666667,-21.7876218333333,0.00,0.00,0.00,true,true,0.00,4.00,0.00,714
1773229921000,64.1236238666667,-21.7876218333333,0.00,0.00,0.00,true,true,0.00,5.00,0.00,715
1773229926000,64.1236238666667,-21.7876218333333,0.00,0.00,0.00,true,true,0.00,5.00,0.00,716
1773229929000,64.1236238666667,-21.7876218333333,0.00,0.00,0.00,true,true,0.00,3.00,0.00,717
1773229931000,64.1236238666667,-21.7876218333333,0.00,0.00,0.00,true,true,0.00,2.00,0.00,718
1773229936000,64.1236238666667,-21.7876218333333,0.00,0.00,0.00,true,true,0.00,5.00,0.00,719
1773229941000,64.1236238666667,-21.7876218333333,0.00,0.00,0.00,true,true,0.00,5.00,0.00,720
1773229945000,64.1236238666667,-21.7876218333333,0.00,0.00,0.00,true,true,0.00,4.00,0.00,721
1773229950000,64.1236238666667,-21.7876218333333,0.00,0.00,0.00,true,true,0.00,5.00,0.00,722
1773229953000,64.1236238666667,-21.7876218333333,0.00,0.00,0.00,true,true,0.00,3.00,0.00,723
1773229956000,64.1236238666667,-21.7876218333333,0.00,0.00,0.00,true,true,0.00,3.00,0.00,724
1773229961000,64.1236238666667,-21.7876218333333,0.00,0.00,0.00,true,true,0.00,5.00,0.00,725
1773229965000,64.1236238666667,-21.7876218333333,0.00,0.00,0.00,true,true,0.00,4.00,0.00,726
1773229967000,64.1236238666667,-21.7876218333333,0.00,0.00,0.00,true,true,0.00,2.00,0.00,727
1773229970000,64.1236249833333,-21.787622,0.00,0.00,0.00,true,true,0.12,3.00,0.15,728
1773229972000,64.1236249833333,-21.787622,0.00,0.00,0.00,true,true,0.03,2.00,0.05,729
1773229976000,64.1236249833333,-21.787622,0.00,0.00,0.00,true,true,0.01,4.00,0.01,730
1773229978000,64.1236249833333,-21.787622,0.00,0.00,0.00,true,true,0.00,2.00,0.00,731
1773229982000,64.1236249833333,-21.787622,0.00,0.00,0.00,true,true,0.00,4.00,0.00,732
1773229987000,64.1236249833333,-21.787622,0.00,0.00,0.00,true,true,0.00,5.00,0.00,733
1773229991000,64.1236249833333,-21.787622,0.00,0.00,0.00,true,true,0.00,4.00,0.00,734
1773229995000,64.1236249833333,-21.787622,0.00,0.00,0.00,true,true,0.00,4.00,0.00,735
1773230000000,64.1236249833333,-21.787622,0.00,0.00,0.00,true,true,0.00,5.00,0.00,736
1773230002000,64.1236249833333,-21.787622,0.00,0.00,0.00,true,true,0.00,2.00,0.00,737
1773230006000,64.1236249833333,-21.787622,0.00,0.00,0.00,true,true,0.00,4.00,0.00,738
1773230008000,64.1236249833333,-21.787622,0.00,0.00,0.00,true,true,0.00,2.00,0.00,739
1773230013000,64.1236249833333,-21.787622,0.00,0.00,0.00,true,true,0.00,5.00,0.00,740
1773230015000,64.1236249833333,-21.787622,0.00,0.00,0.00,true,true,0.00,2.00,0.00,741
1773230019000,64.1236249833333,-21.787622,0.00,0.00,0.00,true,true,0.00,4.00,0.00,742
1773230021000,64.1236249833333,-21.787622,0.00,0.00,0.00,true,true,0.00,2.00,0.00,743
1773230027000,64.1236249833333,-21.787622,0.00,0.00,0.00,true,true,0.00,6.00,0.00,744
1773230033000,64.1236249833333,-21.787622,0.00,0.00,0.00,true,true,0.00,6.00,0.00,745
1773230037000,64.1236249833333,-21.787622,0.00,0.00,0.00,true,true,0.00,4.00,0.00,746
1773230041000,64.1236249833333,-21.787622,0.00,0.00,0.00,true,true,0.00,4.00,0.00,747
1773230045000,64.1236249833333,-21.787622,0.00,0.00,0.00,true,true,0.00,4.00,0.00,748
1773230048000,64.1236249833333,-21.787622,0.00,0.00,0.00,true,true,0.00,3.00,0.00,749
1773230051000,64.1236249833333,-21.787622,0.00,0.00,0.00,true,true,0.00,3.00,0.00,750
1773230053000,64.1236249833333,-21.787622,0.00,0.00,0.00,true,true,0.00,2.00,0.00,751
1773230056000,64.1236249833333,-21.787622,0.00,0.00,0.00,true,true,0.00,3.00,0.00,752
1773230062000,64.1236249833333,-21.787622,0.00,0.00,0.00,true,true,0.00,6.00,0.00,753
1773230066000,64.1236249833333,-21.787622,0.00,0.00,0.00,true,true,0.00,4.00,0.00,754
1773230069000,64.1236249833333,-21.787622,0.00,0.00,0.00,true,true,0.00,3.00,0.00,755
1773230072000,64.1236249833333,-21.787622,0.00,0.00,0.00,true,true,0.00,3.00,0.00,756
1773230074000,64.1236249833333,-21.787622,0.00,0.00,0.00,true,true,0.00,2.00,0.00,757
1773230077000,64.1236249833333,-21.787622,0.00,0.00,0.00,true,true,0.00,3.00,0.00,758
1773230080000,64.1236249833333,-21.787622,0.00,0.00,0.00,true,true,0.00,3.00,0.00,759
1773230082000,64.1236249833333,-21.787622,0.00,0.00,0.00,true,true,0.00,2.00,0.00,760
1773230087000,64.1236249833333,-21.787622,0.00,0.00,0.00,true,true,0.00,5.00,0.00,761
1773230089000,64.1236249833333,-21.787622,0.00,0.00,0.00,true,true,0.00,2.00,0.00,762
1773230092000,64.1236256,-21.7876206666667,0.00,0.00,0.00,true,true,0.09,3.00,0.11,763
1773230095000,64.1236256,-21.7876206666667,0.00,0.00,0.00,true,true,0.02,3.00,0.02,764
1773230099000,64.1236256,-21.7876206666667,0.00,0.00,0.00,true,true,0.00,4.00,0.00,765
1773230103000,64.1236256,-21.7876206666667,0.00,0.00,0.00,true,true,0.00,4.00,0.00,766
1773230105000,64.1236256,-21.7876206666667,0.00,0.00,0.00,true,true,0.00,2.00,0.00,767
1773230108000,64.1236256,-21.7876206666667,0.00,0.00,0.00,true,true,0.00,3.00,0.00,768
1773230113000,64.1236256,-21.7876206666667,0.00,0.00,0.00,true,true,0.00,5.00,0.00,769
1773230119000,64.1236256,-21.7876206666667,0.00,0.00,0.00,true,true,0.00,6.00,0.00,770
1773230125000,64.1236256,-21.7876206666667,0.00,0.00,0.00,true,true,0.00,6.00,0.00,771
1773230130000,64.1236256,-21.7876206666667,0.00,0.00,0.00,true,true,0.00,5.00,0.00,772
1773230134000,64.1236256,-21.7876206666667,0.00,0.00,0.00,true,true,0.00,4.00,0.00,773
1773230138000,64.1236256,-21.7876206666667,0.00,0.00,0.00,true,true,0.00,4.00,0.00,774
1773230144000,64.1236256,-21.7876206666667,0.00,0.00,0.00,true,true,0.00,6.00,0.00,775
1773230149000,64.1236256,-21.7876206666667,0.00,0.00,0.00,true,true,0.00,5.00,0.00,776
1773230154000,64.1236256,-21.7876206666667,0.00,0.00,0.00,true,true,0.00,5.00,0.00,777
1773230159000,64.1236256,-21.7876206666667,0.00,0.00,0.00,true,true,0.00,5.00,0.00,778
1773230164000,64.1236256,-21.7876206666667,0.00,0.00,0.00,true,true,0.00,5.00,0.00,779
1773230167000,64.1236256,-21.7876206666667,0.00,0.00,0.00,true,true,0.00,3.00,0.00,780
1773230169000,64.1236256,-21.7876206666667,0.00,0.00,0.00,true,true,0.00,2.00,0.00,781
1773230174000,64.1236256,-21.7876206666667,0.00,0.00,0.00,true,true,0.00,5.00,0.00,782
1773230179000,64.1236256,-21.7876206666667,0.00,0.00,0.00,true,true,0.00,5.00,0.00,783
1773230192000,64.1236256,-21.7876206666667,0.00,0.00,0.00,true,true,0.00,13.00,0.00,784
1773230196000,64.1236256,-21.7876206666667,0.00,0.00,0.00,true,true,0.00,4.00,0.00,785
1773230199000,64.1236256,-21.7876206666667,0.00,0.00,0.00,true,true,0.00,3.00,0.00,786
1773230205000,64.1236256,-21.7876206666667,0.00,0.00,0.00,true,true,0.00,6.00,0.00,787
1773230207000,64.1236256,-21.7876206666667,0.00,0.00,0.00,true,true,0.00,2.00,0.00,788
1773230210000,64.1236256,-21.7876206666667,0.00,0.00,0.00,true,true,0.00,3.00,0.00,789
1773230216000,64.12362575,-21.787621,0.00,0.00,0.00,true,true,0.02,6.00,0.01,790
1773230221000,64.12362575,-21.787621,0.00,0.00,0.00,true,true,0.00,5.00,0.00,791
1773230226000,64.12362575,-21.787621,0.00,0.00,0.00,true,true,0.00,5.00,0.00,792
1773230229000,64.12362575,-21.787621,0.00,0.00,0.00,true,true,0.00,3.00,0.00,793
1773230232000,64.12362575,-21.787621,0.00,0.00,0.00,true,true,0.00,3.00,0.00,794
1773230238000,64.12362575,-21.787621,0.00,0.00,0.00,true,true,0.00,6.00,0.00,795
1773230243000,64.12362575,-21.787621,0.00,0.00,0.00,true,true,0.00,5.00,0.00,796
1773230247000,64.12362575,-21.787621,0.00,0.00,0.00,true,true,0.00,4.00,0.00,797
1773230249000,64.12362575,-21.787621,0.00,0.00,0.00,true,true,0.00,2.00,0.00,798
1773230252000,64.12362575,-21.787621,0.00,0.00,0.00,true,true,0.00,3.00,0.00,799
1773230254000,64.12362575,-21.787621,0.00,0.00,0.00,true,true,0.00,2.00,0.00,800
1773230258000,64.12362575,-21.787621,0.00,0.00,0.00,true,true,0.00,4.00,0.00,801
1773230261000,64.12362575,-21.787621,0.00,0.00,0.00,true,true,0.00,3.00,0.00,802
1773230264000,64.12362575,-21.787621,0.00,0.00,0.00,true,true,0.00,3.00,0.00,803
1773230269000,64.12362575,-21.787621,0.00,0.00,0.00,true,true,0.00,5.00,0.00,804
1773230273000,64.12362575,-21.787621,0.00,0.00,0.00,true,true,0.00,4.00,0.00,805
1773230278000,64.12362575,-21.787621,0.00,0.00,0.00,true,true,0.00,5.00,0.00,806
1773230281000,64.12362575,-21.787621,0.00,0.00,0.00,true,true,0.00,3.00,0.00,807
1773230284000,64.12362575,-21.787621,0.00,0.00,0.00,true,true,0.00,3.00,0.00,808
1773230289000,64.12362575,-21.787621,0.00,0.00,0.00,true,true,0.00,5.00,0.00,809
1773230293000,64.12362575,-21.787621,0.00,0.00,0.00,true,true,0.00,4.00,0.00,810
1773230298000,64.12362575,-21.787621,0.00,0.00,0.00,true,true,0.00,5.00,0.00,811
1773230305000,64.12362575,-21.787621,0.00,0.00,0.00,true,true,0.00,7.00,0.00,812
1773230307000,64.12362575,-21.787621,0.00,0.00,0.00,true,true,0.00,2.00,0.00,813
1773230309000,64.12362575,-21.787621,0.00,0.00,0.00,true,true,0.00,2.00,0.00,814
1773230312000,64.12362575,-21.787621,0.00,0.00,0.00,true,true,0.00,3.00,0.00,815
1773230314000,64.12362575,-21.787621,0.00,0.00,0.00,true,true,0.00,2.00,0.00,816
1773230318000,64.12362575,-21.787621,0.00,0.00,0.00,true,true,0.00,4.00,0.00,817
1773230324000,64.12362575,-21.787621,0.00,0.00,0.00,true,true,0.00,6.00,0.00,818
1773230327000,64.12362575,-21.787621,0.00,0.00,0.00,true,true,0.00,3.00,0.00,819
1773230329000,64.12362575,-21.787621,0.00,0.00,0.00,true,true,0.00,2.00,0.00,820
1773230333000,64.12362575,-21.787621,0.00,0.00,0.00,true,true,0.00,4.00,0.00,821
1773230338000,64.12362645,-21.7876213333333,0.00,0.00,0.00,true,true,0.08,5.00,0.06,822
1773230341000,64.12362645,-21.7876213333333,0.00,0.00,0.00,true,true,0.01,3.00,0.01,823
1773230345000,64.12362645,-21.7876213333333,0.00,0.00,0.00,true,true,0.00,4.00,0.00,824
1773230347000,64.12362645,-21.7876213333333,0.00,0.00,0.00,true,true,0.00,2.00,0.00,825
1773230349000,64.12362645,-21.7876213333333,0.00,0.00,0.00,true,true,0.00,2.00,0.00,826
1773230353000,64.12362645,-21.7876213333333,0.00,0.00,0.00,true,true,0.00,4.00,0.00,827
1773230355000,64.12362645,-21.7876213333333,0.00,0.00,0.00,true,true,0.00,2.00,0.00,828
1773230360000,64.12362645,-21.7876213333333,0.00,0.00,0.00,true,true,0.00,5.00,0.00,829
1773230364000,64.12362645,-21.7876213333333,0.00,0.00,0.00,true,true,0.00,4.00,0.00,830
1773230369000,64.12362645,-21.7876213333333,0.00,0.00,0.00,true,true,0.00,5.00,0.00,831
1773230375000,64.12362645,-21.7876213333333,0.00,0.00,0.00,true,true,0.00,6.00,0.00,832
1773230380000,64.12362645,-21.7876213333333,0.00,0.00,0.00,true,true,0.00,5.00,0.00,833
1773230384000,64.12362645,-21.7876213333333,0.00,0.00,0.00,true,true,0.00,4.00,0.00,834
1773230386000,64.12362645,-21.7876213333333,0.00,0.00,0.00,true,true,0.00,2.00,0.00,835
1773230389000,64.12362645,-21.7876213333333,0.00,0.00,0.00,true,true,0.00,3.00,0.00,836
1773230393000,64.12362645,-21.7876213333333,0.00,0.00,0.00,true,true,0.00,4.00,0.00,837
1773230395000,64.12362645,-21.7876213333333,0.00,0.00,0.00,true,true,0.00,2.00,0.00,838
1773230399000,64.12362645,-21.7876213333333,0.00,0.00,0.00,true,true,0.00,4.00,0.00,839
1773230401000,64.12362645,-21.7876213333333,0.00,0.00,0.00,true,true,0.00,2.00,0.00,840
1773230408000,64.12362645,-21.7876213333333,0.00,0.00,0.00,true,true,0.00,7.00,0.00,841
1773230410000,64.12362645,-21.7876213333333,0.00,0.00,0.00,true,true,0.00,2.00,0.00,842
1773230413000,64.12362645,-21.7876213333333,0.00,0.00,0.00,true,true,0.00,3.00,0.00,843
1773230419000,64.12362645,-21.7876213333333,0.00,0.00,0.00,true,true,0.00,6.00,0.00,844
1773230426000,64.12362645,-21.7876213333333,0.00,0.00,0.00,true,true,0.00,7.00,0.00,845
1773230430000,64.12362645,-21.7876213333333,0.00,0.00,0.00,true,true,0.00,4.00,0.00,846
1773230432000,64.12362645,-21.7876213333333,0.00,0.00,0.00,true,true,0.00,2.00,0.00,847
1773230436000,64.12362645,-21.7876213333333,0.00,0.00,0.00,true,true,0.00,4.00,0.00,848
1773230447000,64.12362645,-21.7876213333333,0.00,0.00,0.00,true,true,0.00,11.00,0.00,849
1773230450000,64.12362645,-21.7876213333333,0.00,0.00,0.00,true,true,0.00,3.00,0.00,850
1773230452000,64.12362645,-21.7876213333333,0.00,0.00,0.00,true,true,0.00,2.00,0.00,851
1773230455000,64.12362645,-21.7876213333333,0.00,0.00,0.00,true,true,0.00,3.00,0.00,852
1773230460000,64.12362595,-21.7876236666667,0.00,0.00,0.00,true,true,0.13,5.00,0.09,853
1773230465000,64.12362595,-21.7876236666667,0.00,0.00,0.00,true,true,0.01,5.00,0.01,854
1773230467000,64.12362595,-21.7876236666667,0.00,0.00,0.00,true,true,0.00,2.00,0.00,855
1773230470000,64.12362595,-21.7876236666667,0.00,0.00,0.00,true,true,0.00,3.00,0.00,856
1773230474000,64.12362595,-21.7876236666667,0.00,0.00,0.00,true,true,0.00,4.00,0.00,857
1773230476000,64.12362595,-21.7876236666667,0.00,0.00,0.00,true,true,0.00,2.00,0.00,858
1773230479000,64.12362595,-21.7876236666667,0.00,0.00,0.00,true,true,0.00,3.00,0.00,859
1773230481000,64.12362595,-21.7876236666667,0.00,0.00,0.00,true,true,0.00,2.00,0.00,860
1773230485000,64.12362595,-21.7876236666667,0.00,0.00,0.00,true,true,0.00,4.00,0.00,861
1773230490000,64.12362595,-21.7876236666667,0.00,0.00,0.00,true,true,0.00,5.00,0.00,862
1773230494000,64.12362595,-21.7876236666667,0.00,0.00,0.00,true,true,0.00,4.00,0.00,863
1773230498000,64.12362595,-21.7876236666667,0.00,0.00,0.00,true,true,0.00,4.00,0.00,864
1773230500000,64.12362595,-21.7876236666667,0.00,0.00,0.00,true,true,0.00,2.00,0.00,865
1773230504000,64.12362595,-21.7876236666667,0.00,0.00,0.00,true,true,0.00,4.00,0.00,866
1773230509000,64.12362595,-21.7876236666667,0.00,0.00,0.00,true,true,0.00,5.00,0.00,867
1773230511000,64.12362595,-21.7876236666667,0.00,0.00,0.00,true,true,0.00,2.00,0.00,868
1773230515000,64.12362595,-21.7876236666667,0.00,0.00,0.00,true,true,0.00,4.00,0.00,869
1773230517000,64.12362595,-21.7876236666667,0.00,0.00,0.00,true,true,0.00,2.00,0.00,870
1773230519000,64.12362595,-21.7876236666667,0.00,0.00,0.00,true,true,0.00,2.00,0.00,871
1773230523000,64.12362595,-21.7876236666667,0.00,0.00,0.00,true,true,0.00,4.00,0.00,872
1773230529000,64.12362595,-21.7876236666667,0.00,0.00,0.00,true,true,0.00,6.00,0.00,873
1773230531000,64.12362595,-21.7876236666667,0.00,0.00,0.00,true,true,0.00,2.00,0.00,874
1773230535000,64.12362595,-21.7876236666667,0.00,0.00,0.00,true,true,0.00,4.00,0.00,875
1773230538000,64.12362595,-21.7876236666667,0.00,0.00,0.00,true,true,0.00,3.00,0.00,876
1773230544000,64.12362595,-21.7876236666667,0.00,0.00,0.00,true,true,0.00,6.00,0.00,877
1773230546000,64.12362595,-21.7876236666667,0.00,0.00,0.00,true,true,0.00,2.00,0.00,878
1773230551000,64.12362595,-21.7876236666667,0.00,0.00,0.00,true,true,0.00,5.00,0.00,879
1773230553000,64.12362595,-21.7876236666667,0.00,0.00,0.00,true,true,0.00,2.00,0.00,880
1773230557000,64.12362595,-21.7876236666667,0.00,0.00,0.00,true,true,0.00,4.00,0.00,881
1773230561000,64.12362595,-21.7876236666667,0.00,0.00,0.00,true,true,0.00,4.00,0.00,882
1773230564000,64.12362595,-21.7876236666667,0.00,0.00,0.00,true,true,0.00,3.00,0.00,883
1773230566000,64.12362595,-21.7876236666667,0.00,0.00,0.00,true,true,0.00,2.00,0.00,884
1773230570000,64.12362595,-21.7876236666667,0.00,0.00,0.00,true,true,0.00,4.00,0.00,885
1773230575000,64.12362595,-21.7876236666667,0.00,0.00,0.00,true,true,0.00,5.00,0.00,886
1773230581000,64.1236245333333,-21.7876255,0.00,0.00,0.00,true,true,0.18,6.00,0.11,887
1773230583000,64.1236245333333,-21.7876255,0.00,0.00,0.00,true,true,0.01,2.00,0.02,888
1773230585000,64.1236245333333,-21.7876255,0.00,0.00,0.00,true,true,0.00,2.00,0.00,889
1773230588000,64.1236245333333,-21.7876255,0.00,0.00,0.00,true,true,0.00,3.00,0.00,890
1773230590000,64.1236245333333,-21.7876255,0.00,0.00,0.00,true,true,0.00,2.00,0.00,891
1773230594000,64.1236245333333,-21.7876255,0.00,0.00,0.00,true,true,0.00,4.00,0.00,892
1773230598000,64.1236245333333,-21.7876255,0.00,0.00,0.00,true,true,0.00,4.00,0.00,893
1773230600000,64.1236245333333,-21.7876255,0.00,0.00,0.00,true,true,0.00,2.00,0.00,894
1773230605000,64.1236245333333,-21.7876255,0.00,0.00,0.00,true,true,0.00,5.00,0.00,895
1773230608000,64.1236245333333,-21.7876255,0.00,0.00,0.00,true,true,0.00,3.00,0.00,896
1773230611000,64.1236245333333,-21.7876255,0.00,0.00,0.00,true,true,0.00,3.00,0.00,897
1773230614000,64.1236245333333,-21.7876255,0.00,0.00,0.00,true,true,0.00,3.00,0.00,898
1773230618000,64.1236245333333,-21.7876255,0.00,0.00,0.00,true,true,0.00,4.00,0.00,899
1773230620000,64.1236245333333,-21.7876255,0.00,0.00,0.00,true,true,0.00,2.00,0.00,900
1773230623000,64.1236245333333,-21.7876255,0.00,0.00,0.00,true,true,0.00,3.00,0.00,901
1773230627000,64.1236245333333,-21.7876255,0.00,0.00,0.00,true,true,0.00,4.00,0.00,902
1773230629000,64.1236245333333,-21.7876255,0.00,0.00,0.00,true,true,0.00,2.00,0.00,903
1773230633000,64.1236245333333,-21.7876255,0.00,0.00,0.00,true,true,0.00,4.00,0.00,904
1773230637000,64.1236245333333,-21.7876255,0.00,0.00,0.00,true,true,0.00,4.00,0.00,905
1773230643000,64.1236245333333,-21.7876255,0.00,0.00,0.00,true,true,0.00,6.00,0.00,906
1773230652000,64.1236245333333,-21.7876255,0.00,0.00,0.00,true,true,0.00,9.00,0.00,907
1773230656000,64.1236245333333,-21.7876255,0.00,0.00,0.00,true,true,0.00,4.00,0.00,908
1773230658000,64.1236245333333,-21.7876255,0.00,0.00,0.00,true,true,0.00,2.00,0.00,909
1773230661000,64.1236245333333,-21.7876255,0.00,0.00,0.00,true,true,0.00,3.00,0.00,910
1773230663000,64.1236245333333,-21.7876255,0.00,0.00,0.00,true,true,0.00,2.00,0.00,911
1773230667000,64.1236245333333,-21.7876255,0.00,0.00,0.00,true,true,0.00,4.00,0.00,912
1773230671000,64.1236245333333,-21.7876255,0.00,0.00,0.00,true,true,0.00,4.00,0.00,913
1773230673000,64.1236245333333,-21.7876255,0.00,0.00,0.00,true,true,0.00,2.00,0.00,914
1773230678000,64.1236245333333,-21.7876255,0.00,0.00,0.00,true,true,0.00,5.00,0.00,915
1773230680000,64.1236245333333,-21.7876255,0.00,0.00,0.00,true,true,0.00,2.00,0.00,916
1773230682000,64.1236245333333,-21.7876255,0.00,0.00,0.00,true,true,0.00,2.00,0.00,917
1773230684000,64.1236245333333,-21.7876255,0.00,0.00,0.00,true,true,0.00,2.00,0.00,918
1773230688000,64.1236245333333,-21.7876255,0.00,0.00,0.00,true,true,0.00,4.00,0.00,919
1773230694000,64.1236245333333,-21.7876255,0.00,0.00,0.00,true,true,0.00,6.00,0.00,920
1773230697000,64.1236245333333,-21.7876255,0.00,0.00,0.00,true,true,0.00,3.00,0.00,921
1773230699000,64.1236242833333,-21.7876256666667,0.00,0.00,0.00,true,true,0.03,2.00,0.05,922
1773230701000,64.1236242833333,-21.7876256666667,0.00,0.00,0.00,true,true,0.01,2.00,0.01,923
1773230705000,64.1236242833333,-21.7876256666667,0.00,0.00,0.00,true,true,0.00,4.00,0.00,924
1773230707000,64.1236242833333,-21.7876256666667,0.00,0.00,0.00,true,true,0.00,2.00,0.00,925
1773230709000,64.1236242833333,-21.7876256666667,0.00,0.00,0.00,true,true,0.00,2.00,0.00,926
1773230714000,64.1236242833333,-21.7876256666667,0.00,0.00,0.00,true,true,0.00,5.00,0.00,927
1773230718000,64.1236242833333,-21.7876256666667,0.00,0.00,0.00,true,true,0.00,4.00,0.00,928
1773230724000,64.1236242833333,-21.7876256666667,0.00,0.00,0.00,true,true,0.00,6.00,0.00,929
1773230729000,64.1236242833333,-21.7876256666667,0.00,0.00,0.00,true,true,0.00,5.00,0.00,930
1773230733000,64.1236242833333,-21.7876256666667,0.00,0.00,0.00,true,true,0.00,4.00,0.00,931
1773230737000,64.1236242833333,-21.7876256666667,0.00,0.00,0.00,true,true,0.00,4.00,0.00,932
1773230739000,64.1236242833333,-21.7876256666667,0.00,0.00,0.00,true,true,0.00,2.00,0.00,933
1773230744000,64.1236242833333,-21.7876256666667,0.00,0.00,0.00,true,true,0.00,5.00,0.00,934
1773230750000,64.1236242833333,-21.7876256666667,0.00,0.00,0.00,true,true,0.00,6.00,0.00,935
1773230754000,64.1236242833333,-21.7876256666667,0.00,0.00,0.00,true,true,0.00,4.00,0.00,936
1773230758000,64.1236242833333,-21.7876256666667,0.00,0.00,0.00,true,true,0.00,4.00,0.00,937
1773230760000,64.1236242833333,-21.7876256666667,0.00,0.00,0.00,true,true,0.00,2.00,0.00,938
1773230768000,64.1236242833333,-21.7876256666667,0.00,0.00,0.00,true,true,0.00,8.00,0.00,939
1773230771000,64.1236242833333,-21.7876256666667,0.00,0.00,0.00,true,true,0.00,3.00,0.00,940
1773230773000,64.1236242833333,-21.7876256666667,0.00,0.00,0.00,true,true,0.00,2.00,0.00,941
1773230780000,64.1236242833333,-21.7876256666667,0.00,0.00,0.00,true,true,0.00,7.00,0.00,942
1773230784000,64.1236242833333,-21.7876256666667,0.00,0.00,0.00,true,true,0.00,4.00,0.00,943
1773230786000,64.1236242833333,-21.7876256666667,0.00,0.00,0.00,true,true,0.00,2.00,0.00,944
1773230789000,64.1236242833333,-21.7876256666667,0.00,0.00,0.00,true,true,0.00,3.00,0.00,945
1773230792000,64.1236242833333,-21.7876256666667,0.00,0.00,0.00,true,true,0.00,3.00,0.00,946
1773230794000,64.1236242833333,-21.7876256666667,0.00,0.00,0.00,true,true,0.00,2.00,0.00,947
1773230800000,64.1236242833333,-21.7876256666667,0.00,0.00,0.00,true,true,0.00,6.00,0.00,948
1773230804000,64.1236242833333,-21.7876256666667,0.00,0.00,0.00,true,true,0.00,4.00,0.00,949
1773230806000,64.1236242833333,-21.7876256666667,0.00,0.00,0.00,true,true,0.00,2.00,0.00,950
1773230808000,64.1236242833333,-21.7876256666667,0.00,0.00,0.00,true,true,0.00,2.00,0.00,951
1773230812000,64.1236242833333,-21.7876256666667,0.00,0.00,0.00,true,true,0.00,4.00,0.00,952
1773230816000,64.1236242833333,-21.7876256666667,0.00,0.00,0.00,true,true,0.00,4.00,0.00,953
1773230818000,64.1236242833333,-21.7876256666667,0.00,0.00,0.00,true,true,0.00,2.00,0.00,954
1773230820000,64.1236242833333,-21.7876256666667,0.00,0.00,0.00,true,true,0.00,2.00,0.00,955
1773230823000,64.1236242333333,-21.7876258333333,0.00,0.00,0.00,true,true,0.01,3.00,0.01,956
1773230825000,64.1236242333333,-21.7876258333333,0.00,0.00,0.00,true,true,0.00,2.00,0.00,957
1773230830000,64.1236242333333,-21.7876258333333,0.00,0.00,0.00,true,true,0.00,5.00,0.00,958
1773230834000,64.1236242333333,-21.7876258333333,0.00,0.00,0.00,true,true,0.00,4.00,0.00,959
1773230837000,64.1236242333333,-21.7876258333333,0.00,0.00,0.00,true,true,0.00,3.00,0.00,960
1773230839000,64.1236242333333,-21.7876258333333,0.00,0.00,0.00,true,true,0.00,2.00,0.00,961
1773230843000,64.1236242333333,-21.7876258333333,0.00,0.00,0.00,true,true,0.00,4.00,0.00,962
1773230846000,64.1236242333333,-21.7876258333333,0.00,0.00,0.00,true,true,0.00,3.00,0.00,963
1773230851000,64.1236242333333,-21.7876258333333,0.00,0.00,0.00,true,true,0.00,5.00,0.00,964
1773230856000,64.1236242333333,-21.7876258333333,0.00,0.00,0.00,true,true,0.00,5.00,0.00,965
1773230860000,64.1236242333333,-21.7876258333333,0.00,0.00,0.00,true,true,0.00,4.00,0.00,966
1773230863000,64.1236242333333,-21.7876258333333,0.00,0.00,0.00,true,true,0.00,3.00,0.00,967
1773230865000,64.1236242333333,-21.7876258333333,0.00,0.00,0.00,true,true,0.00,2.00,0.00,968
1773230868000,64.1236242333333,-21.7876258333333,0.00,0.00,0.00,true,true,0.00,3.00,0.00,969
1773230871000,64.1236242333333,-21.7876258333333,0.00,0.00,0.00,true,true,0.00,3.00,0.00,970
1773230874000,64.1236242333333,-21.7876258333333,0.00,0.00,0.00,true,true,0.00,3.00,0.00,971
1773230876000,64.1236242333333,-21.7876258333333,0.00,0.00,0.00,true,true,0.00,2.00,0.00,972
1773230879000,64.1236242333333,-21.7876258333333,0.00,0.00,0.00,true,true,0.00,3.00,0.00,973
1773230883000,64.1236242333333,-21.7876258333333,0.00,0.00,0.00,true,true,0.00,4.00,0.00,974
1773230886000,64.1236242333333,-21.7876258333333,0.00,0.00,0.00,true,true,0.00,3.00,0.00,975
1773230893000,64.1236242333333,-21.7876258333333,0.00,0.00,0.00,true,true,0.00,7.00,0.00,976
1773230895000,64.1236242333333,-21.7876258333333,0.00,0.00,0.00,true,true,0.00,2.00,0.00,977
1773230898000,64.1236242333333,-21.7876258333333,0.00,0.00,0.00,true,true,0.00,3.00,0.00,978
1773230902000,64.1236242333333,-21.7876258333333,0.00,0.00,0.00,true,true,0.00,4.00,0.00,979
1773230905000,64.1236242333333,-21.7876258333333,0.00,0.00,0.00,true,true,0.00,3.00,0.00,980
1773230908000,64.1236242333333,-21.7876258333333,0.00,0.00,0.00,true,true,0.00,3.00,0.00,981
1773230910000,64.1236242333333,-21.7876258333333,0.00,0.00,0.00,true,true,0.00,2.00,0.00,982
1773230915000,64.1236242333333,-21.7876258333333,0.00,0.00,0.00,true,true,0.00,5.00,0.00,983
1773230920000,64.1236242333333,-21.7876258333333,0.00,0.00,0.00,true,true,0.00,5.00,0.00,984
1773230922000,64.1236242333333,-21.7876258333333,0.00,0.00,0.00,true,true,0.00,2.00,0.00,985
1773230928000,64.1236242333333,-21.7876258333333,0.00,0.00,0.00,true,true,0.00,6.00,0.00,986
1773230930000,64.1236242333333,-21.7876258333333,0.00,0.00,0.00,true,true,0.00,2.00,0.00,987
1773230932000,64.1236242333333,-21.7876258333333,0.00,0.00,0.00,true,true,0.00,2.00,0.00,988
1773230936000,64.1236242333333,-21.7876258333333,0.00,0.00,0.00,true,true,0.00,4.00,0.00,989
1773230938000,64.1236242333333,-21.7876258333333,0.00,0.00,0.00,true,true,0.00,2.00,0.00,990
1773230940000,64.12362405,-21.7876243333333,0.00,0.00,0.00,true,true,0.08,2.00,0.14,991
1773230945000,64.12362405,-21.7876243333333,0.00,0.00,0.00,true,true,0.02,5.00,0.02,992
1773230950000,64.12362405,-21.7876243333333,0.00,0.00,0.00,true,true,0.00,5.00,0.00,993
1773230954000,64.12362405,-21.7876243333333,0.00,0.00,0.00,true,true,0.00,4.00,0.00,994
1773230958000,64.12362405,-21.7876243333333,0.00,0.00,0.00,true,true,0.00,4.00,0.00,995
1773230962000,64.12362405,-21.7876243333333,0.00,0.00,0.00,true,true,0.00,4.00,0.00,996
1773230964000,64.12362405,-21.7876243333333,0.00,0.00,0.00,true,true,0.00,2.00,0.00,997
1773230966000,64.12362405,-21.7876243333333,0.00,0.00,0.00,true,true,0.00,2.00,0.00,998
1773230970000,64.12362405,-21.7876243333333,0.00,0.00,0.00,true,true,0.00,4.00,0.00,999
1773230974000,64.12362405,-21.7876243333333,0.00,0.00,0.00,true,true,0.00,4.00,0.00,1000
1773230980000,64.12362405,-21.7876243333333,0.00,0.00,0.00,true,true,0.00,6.00,0.00,1001
1773230984000,64.12362405,-21.7876243333333,0.00,0.00,0.00,true,true,0.00,4.00,0.00,1002
1773230986000,64.12362405,-21.7876243333333,0.00,0.00,0.00,true,true,0.00,2.00,0.00,1003
1773230988000,64.12362405,-21.7876243333333,0.00,0.00,0.00,true,true,0.00,2.00,0.00,1004
1773230992000,64.12362405,-21.7876243333333,0.00,0.00,0.00,true,true,0.00,4.00,0.00,1005
1773230994000,64.12362405,-21.7876243333333,0.00,0.00,0.00,true,true,0.00,2.00,0.00,1006
1773230999000,64.12362405,-21.7876243333333,0.00,0.00,0.00,true,true,0.00,5.00,0.00,1007
1773231005000,64.12362405,-21.7876243333333,0.00,0.00,0.00,true,true,0.00,6.00,0.00,1008
1773231009000,64.12362405,-21.7876243333333,0.00,0.00,0.00,true,true,0.00,4.00,0.00,1009
1773231011000,64.12362405,-21.7876243333333,0.00,0.00,0.00,true,true,0.00,2.00,0.00,1010
1773231013000,64.12362405,-21.7876243333333,0.00,0.00,0.00,true,true,0.00,2.00,0.00,1011
1773231016000,64.12362405,-21.7876243333333,0.00,0.00,0.00,true,true,0.00,3.00,0.00,1012
1773231019000,64.12362405,-21.7876243333333,0.00,0.00,0.00,true,true,0.00,3.00,0.00,1013
1773231022000,64.12362405,-21.7876243333333,0.00,0.00,0.00,true,true,0.00,3.00,0.00,1014
1773231025000,64.12362405,-21.7876243333333,0.00,0.00,0.00,true,true,0.00,3.00,0.00,1015
1773231028000,64.12362405,-21.7876243333333,0.00,0.00,0.00,true,true,0.00,3.00,0.00,1016
1773231033000,64.12362405,-21.7876243333333,0.00,0.00,0.00,true,true,0.00,5.00,0.00,1017
1773231037000,64.12362405,-21.7876243333333,0.00,0.00,0.00,true,true,0.00,4.00,0.00,1018
1773231039000,64.12362405,-21.7876243333333,0.00,0.00,0.00,true,true,0.00,2.00,0.00,1019
1773231041000,64.12362405,-21.7876243333333,0.00,0.00,0.00,true,true,0.00,2.00,0.00,1020
1773231043000,64.12362405,-21.7876243333333,0.00,0.00,0.00,true,true,0.00,2.00,0.00,1021
1773231046000,64.12362405,-21.7876243333333,0.00,0.00,0.00,true,true,0.00,3.00,0.00,1022
1773231049000,64.12362405,-21.7876243333333,0.00,0.00,0.00,true,true,0.00,3.00,0.00,1023
1773231052000,64.12362405,-21.7876243333333,0.00,0.00,0.00,true,true,0.00,3.00,0.00,1024
1773231058000,64.12362405,-21.7876243333333,0.00,0.00,0.00,true,true,0.00,6.00,0.00,1025
1773231062000,64.1236241,-21.7876231666667,0.00,0.00,0.00,true,true,0.06,4.00,0.05,1026
1773231064000,64.1236241,-21.7876231666667,0.00,0.00,0.00,true,true,0.01,2.00,0.01,1027
1773231066000,64.1236241,-21.7876231666667,0.00,0.00,0.00,true,true,0.00,2.00,0.00,1028
1773231069000,64.1236241,-21.7876231666667,0.00,0.00,0.00,true,true,0.00,3.00,0.00,1029
1773231073000,64.1236241,-21.7876231666667,0.00,0.00,0.00,true,true,0.00,4.00,0.00,1030
1773231081000,64.1236241,-21.7876231666667,0.00,0.00,0.00,true,true,0.00,8.00,0.00,1031
1773231085000,64.1236241,-21.7876231666667,0.00,0.00,0.00,true,true,0.00,4.00,0.00,1032
1773231087000,64.1236241,-21.7876231666667,0.00,0.00,0.00,true,true,0.00,2.00,0.00,1033
1773231090000,64.1236241,-21.7876231666667,0.00,0.00,0.00,true,true,0.00,3.00,0.00,1034
1773231094000,64.1236241,-21.7876231666667,0.00,0.00,0.00,true,true,0.00,4.00,0.00,1035
1773231096000,64.1236241,-21.7876231666667,0.00,0.00,0.00,true,true,0.00,2.00,0.00,1036
1773231100000,64.1236241,-21.7876231666667,0.00,0.00,0.00,true,true,0.00,4.00,0.00,1037
1773231104000,64.1236241,-21.7876231666667,0.00,0.00,0.00,true,true,0.00,4.00,0.00,1038
1773231106000,64.1236241,-21.7876231666667,0.00,0.00,0.00,true,true,0.00,2.00,0.00,1039
1773231109000,64.1236241,-21.7876231666667,0.00,0.00,0.00,true,true,0.00,3.00,0.00,1040
1773231111000,64.1236241,-21.7876231666667,0.00,0.00,0.00,true,true,0.00,2.00,0.00,1041
1773231115000,64.1236241,-21.7876231666667,0.00,0.00,0.00,true,true,0.00,4.00,0.00,1042
1773231117000,64.1236241,-21.7876231666667,0.00,0.00,0.00,true,true,0.00,2.00,0.00,1043
1773231121000,64.1236241,-21.7876231666667,0.00,0.00,0.00,true,true,0.00,4.00,0.00,1044
1773231123000,64.1236241,-21.7876231666667,0.00,0.00,0.00,true,true,0.00,2.00,0.00,1045
1773231128000,64.1236241,-21.7876231666667,0.00,0.00,0.00,true,true,0.00,5.00,0.00,1046
1773231130000,64.1236241,-21.7876231666667,0.00,0.00,0.00,true,true,0.00,2.00,0.00,1047
1773231132000,64.1236241,-21.7876231666667,0.00,0.00,0.00,true,true,0.00,2.00,0.00,1048
1773231135000,64.1236241,-21.7876231666667,0.00,0.00,0.00,true,true,0.00,3.00,0.00,1049
1773231143000,64.1236241,-21.7876231666667,0.00,0.00,0.00,true,true,0.00,8.00,0.00,1050
1773231147000,64.1236241,-21.7876231666667,0.00,0.00,0.00,true,true,0.00,4.00,0.00,1051
1773231149000,64.1236241,-21.7876231666667,0.00,0.00,0.00,true,true,0.00,2.00,0.00,1052
1773231151000,64.1236241,-21.7876231666667,0.00,0.00,0.00,true,true,0.00,2.00,0.00,1053
1773231154000,64.1236241,-21.7876231666667,0.00,0.00,0.00,true,true,0.00,3.00,0.00,1054
1773231158000,64.1236241,-21.7876231666667,0.00,0.00,0.00,true,true,0.00,4.00,0.00,1055
1773231160000,64.1236241,-21.7876231666667,0.00,0.00,0.00,true,true,0.00,2.00,0.00,1056
1773231166000,64.1236241,-21.7876231666667,0.00,0.00,0.00,true,true,0.00,6.00,0.00,1057
1773231168000,64.1236241,-21.7876231666667,0.00,0.00,0.00,true,true,0.00,2.00,0.00,1058
1773231170000,64.1236241,-21.7876231666667,0.00,0.00,0.00,true,true,0.00,2.00,0.00,1059
1773231175000,64.1236241,-21.7876231666667,0.00,0.00,0.00,true,true,0.00,5.00,0.00,1060
1773231177000,64.1236241,-21.7876231666667,0.00,0.00,0.00,true,true,0.00,2.00,0.00,1061
1773231179000,64.1236241,-21.7876231666667,0.00,0.00,0.00,true,true,0.00,2.00,0.00,1062
1773231181000,64.1236241,-21.7876231666667,0.00,0.00,0.00,true,true,0.00,2.00,0.00,1063
1773231185000,64.1236240333333,-21.7876216666667,0.00,0.00,0.00,true,true,0.07,4.00,0.07,1064
1773231189000,64.1236240333333,-21.7876216666667,0.00,0.00,0.00,true,true,0.01,4.00,0.01,1065
1773231191000,64.1236240333333,-21.7876216666667,0.00,0.00,0.00,true,true,0.00,2.00,0.00,1066
1773231195000,64.1236240333333,-21.7876216666667,0.00,0.00,0.00,true,true,0.00,4.00,0.00,1067
1773231197000,64.1236240333333,-21.7876216666667,0.00,0.00,0.00,true,true,0.00,2.00,0.00,1068
1773231201000,64.1236240333333,-21.7876216666667,0.00,0.00,0.00,true,true,0.00,4.00,0.00,1069
1773231206000,64.1236240333333,-21.7876216666667,0.00,0.00,0.00,true,true,0.00,5.00,0.00,1070
1773231208000,64.1236240333333,-21.7876216666667,0.00,0.00,0.00,true,true,0.00,2.00,0.00,1071
1773231210000,64.1236240333333,-21.7876216666667,0.00,0.00,0.00,true,true,0.00,2.00,0.00,1072
1773231214000,64.1236240333333,-21.7876216666667,0.00,0.00,0.00,true,true,0.00,4.00,0.00,1073
1773231216000,64.1236240333333,-21.7876216666667,0.00,0.00,0.00,true,true,0.00,2.00,0.00,1074
1773231222000,64.1236240333333,-21.7876216666667,0.00,0.00,0.00,true,true,0.00,6.00,0.00,1075
1773231225000,64.1236240333333,-21.7876216666667,0.00,0.00,0.00,true,true,0.00,3.00,0.00,1076
1773231227000,64.1236240333333,-21.7876216666667,0.00,0.00,0.00,true,true,0.00,2.00,0.00,1077
1773231231000,64.1236240333333,-21.7876216666667,0.00,0.00,0.00,true,true,0.00,4.00,0.00,1078
1773231233000,64.1236240333333,-21.7876216666667,0.00,0.00,0.00,true,true,0.00,2.00,0.00,1079
1773231235000,64.1236240333333,-21.7876216666667,0.00,0.00,0.00,true,true,0.00,2.00,0.00,1080
1773231238000,64.1236240333333,-21.7876216666667,0.00,0.00,0.00,true,true,0.00,3.00,0.00,1081
1773231240000,64.1236240333333,-21.7876216666667,0.00,0.00,0.00,true,true,0.00,2.00,0.00,1082
1773231246000,64.1236240333333,-21.7876216666667,0.00,0.00,0.00,true,true,0.00,6.00,0.00,1083
1773231250000,64.1236240333333,-21.7876216666667,0.00,0.00,0.00,true,true,0.00,4.00,0.00,1084
1773231252000,64.1236240333333,-21.7876216666667,0.00,0.00,0.00,true,true,0.00,2.00,0.00,1085
1773231255000,64.1236240333333,-21.7876216666667,0.00,0.00,0.00,true,true,0.00,3.00,0.00,1086
1773231257000,64.1236240333333,-21.7876216666667,0.00,0.00,0.00,true,true,0.00,2.00,0.00,1087
1773231259000,64.1236240333333,-21.7876216666667,0.00,0.00,0.00,true,true,0.00,2.00,0.00,1088
1773231264000,64.1236240333333,-21.7876216666667,0.00,0.00,0.00,true,true,0.00,5.00,0.00,1089
1773231266000,64.1236240333333,-21.7876216666667,0.00,0.00,0.00,true,true,0.00,2.00,0.00,1090
1773231271000,64.1236240333333,-21.7876216666667,0.00,0.00,0.00,true,true,0.00,5.00,0.00,1091
1773231273000,64.1236240333333,-21.7876216666667,0.00,0.00,0.00,true,true,0.00,2.00,0.00,1092
1773231275000,64.1236240333333,-21.7876216666667,0.00,0.00,0.00,true,true,0.00,2.00,0.00,1093
1773231279000,64.1236240333333,-21.7876216666667,0.00,0.00,0.00,true,true,0.00,4.00,0.00,1094
1773231281000,64.1236240333333,-21.7876216666667,0.00,0.00,0.00,true,true,0.00,2.00,0.00,1095
1773231285000,64.1236240333333,-21.7876216666667,0.00,0.00,0.00,true,true,0.00,4.00,0.00,1096
1773231287000,64.1236240333333,-21.7876216666667,0.00,0.00,0.00,true,true,0.00,2.00,0.00,1097
1773231293000,64.1236240333333,-21.7876216666667,0.00,0.00,0.00,true,true,0.00,6.00,0.00,1098
1773231296000,64.1236240333333,-21.7876216666667,0.00,0.00,0.00,true,true,0.00,3.00,0.00,1099
1773231301000,64.1236240333333,-21.7876216666667,0.00,0.00,0.00,true,true,0.00,5.00,0.00,1100
1773231305000,64.1236245166667,-21.78762,0.00,0.00,0.00,true,true,0.10,4.00,0.09,1101
1773231307000,64.1236245166667,-21.78762,0.00,0.00,0.00,true,true,0.01,2.00,0.02,1102
1773231312000,64.1236245166667,-21.78762,0.00,0.00,0.00,true,true,0.00,5.00,0.00,1103
1773231316000,64.1236245166667,-21.78762,0.00,0.00,0.00,true,true,0.00,4.00,0.00,1104
1773231318000,64.1236245166667,-21.78762,0.00,0.00,0.00,true,true,0.00,2.00,0.00,1105
1773231322000,64.1236245166667,-21.78762,0.00,0.00,0.00,true,true,0.00,4.00,0.00,1106
1773231327000,64.1236245166667,-21.78762,0.00,0.00,0.00,true,true,0.00,5.00,0.00,1107
1773231331000,64.1236245166667,-21.78762,0.00,0.00,0.00,true,true,0.00,4.00,0.00,1108
1773231333000,64.1236245166667,-21.78762,0.00,0.00,0.00,true,true,0.00,2.00,0.00,1109
1773231336000,64.1236245166667,-21.78762,0.00,0.00,0.00,true,true,0.00,3.00,0.00,1110
1773231340000,64.1236245166667,-21.78762,0.00,0.00,0.00,true,true,0.00,4.00,0.00,1111
1773231342000,64.1236245166667,-21.78762,0.00,0.00,0.00,true,true,0.00,2.00,0.00,1112
1773231345000,64.1236245166667,-21.78762,0.00,0.00,0.00,true,true,0.00,3.00,0.00,1113
1773231351000,64.1236245166667,-21.78762,0.00,0.00,0.00,true,true,0.00,6.00,0.00,1114
1773231353000,64.1236245166667,-21.78762,0.00,0.00,0.00,true,true,0.00,2.00,0.00,1115
1773231357000,64.1236245166667,-21.78762,0.00,0.00,0.00,true,true,0.00,4.00,0.00,1116
1773231364000,64.1236245166667,-21.78762,0.00,0.00,0.00,true,true,0.00,7.00,0.00,1117
1773231369000,64.1236245166667,-21.78762,0.00,0.00,0.00,true,true,0.00,5.00,0.00,1118
1773231371000,64.1236245166667,-21.78762,0.00,0.00,0.00,true,true,0.00,2.00,0.00,1119
1773231374000,64.1236245166667,-21.78762,0.00,0.00,0.00,true,true,0.00,3.00,0.00,1120
1773231378000,64.1236245166667,-21.78762,0.00,0.00,0.00,true,true,0.00,4.00,0.00,1121
1773231380000,64.1236245166667,-21.78762,0.00,0.00,0.00,true,true,0.00,2.00,0.00,1122
1773231383000,64.1236245166667,-21.78762,0.00,0.00,0.00,true,true,0.00,3.00,0.00,1123
1773231387000,64.1236245166667,-21.78762,0.00,0.00,0.00,true,true,0.00,4.00,0.00,1124
1773231389000,64.1236245166667,-21.78762,0.00,0.00,0.00,true,true,0.00,2.00,0.00,1125
1773231394000,64.1236245166667,-21.78762,0.00,0.00,0.00,true,true,0.00,5.00,0.00,1126
1773231396000,64.1236245166667,-21.78762,0.00,0.00,0.00,true,true,0.00,2.00,0.00,1127
1773231406000,64.1236245166667,-21.78762,0.00,0.00,0.00,true,true,0.00,10.00,0.00,1128
1773231410000,64.1236245166667,-21.78762,0.00,0.00,0.00,true,true,0.00,4.00,0.00,1129
1773231412000,64.1236245166667,-21.78762,0.00,0.00,0.00,true,true,0.00,2.00,0.00,1130
1773231415000,64.1236245166667,-21.78762,0.00,0.00,0.00,true,true,0.00,3.00,0.00,1131
1773231424000,64.1236245166667,-21.78762,0.00,0.00,0.00,true,true,0.00,9.00,0.00,1132
1773231426000,64.1236246833333,-21.787617,0.00,0.00,0.00,true,true,0.15,2.00,0.26,1133
1773231429000,64.1236246833333,-21.787617,0.00,0.00,0.00,true,true,0.04,3.00,0.05,1134
1773231431000,64.1236246833333,-21.787617,0.00,0.00,0.00,true,true,0.01,2.00,0.01,1135
1773231435000,64.1236246833333,-21.787617,0.00,0.00,0.00,true,true,0.00,4.00,0.00,1136
1773231437000,64.1236246833333,-21.787617,0.00,0.00,0.00,true,true,0.00,2.00,0.00,1137
1773231443000,64.1236246833333,-21.787617,0.00,0.00,0.00,true,true,0.00,6.00,0.00,1138
1773231446000,64.1236246833333,-21.787617,0.00,0.00,0.00,true,true,0.00,3.00,0.00,1139
1773231450000,64.1236246833333,-21.787617,0.00,0.00,0.00,true,true,0.00,4.00,0.00,1140
1773231452000,64.1236246833333,-21.787617,0.00,0.00,0.00,true,true,0.00,2.00,0.00,1141
1773231455000,64.1236246833333,-21.787617,0.00,0.00,0.00,true,true,0.00,3.00,0.00,1142
1773231457000,64.1236246833333,-21.787617,0.00,0.00,0.00,true,true,0.00,2.00,0.00,1143
1773231459000,64.1236246833333,-21.787617,0.00,0.00,0.00,true,true,0.00,2.00,0.00,1144
1773231463000,64.1236246833333,-21.787617,0.00,0.00,0.00,true,true,0.00,4.00,0.00,1145
1773231465000,64.1236246833333,-21.787617,0.00,0.00,0.00,true,true,0.00,2.00,0.00,1146
1773231467000,64.1236246833333,-21.787617,0.00,0.00,0.00,true,true,0.00,2.00,0.00,1147
1773231470000,64.1236246833333,-21.787617,0.00,0.00,0.00,true,true,0.00,3.00,0.00,1148
1773231473000,64.1236246833333,-21.787617,0.00,0.00,0.00,true,true,0.00,3.00,0.00,1149
1773231477000,64.1236246833333,-21.787617,0.00,0.00,0.00,true,true,0.00,4.00,0.00,1150
1773231479000,64.1236246833333,-21.787617,0.00,0.00,0.00,true,true,0.00,2.00,0.00,1151
1773231484000,64.1236246833333,-21.787617,0.00,0.00,0.00,true,true,0.00,5.00,0.00,1152
1773231486000,64.1236246833333,-21.787617,0.00,0.00,0.00,true,true,0.00,2.00,0.00,1153
1773231489000,64.1236246833333,-21.787617,0.00,0.00,0.00,true,true,0.00,3.00,0.00,1154
1773231492000,64.1236246833333,-21.787617,0.00,0.00,0.00,true,true,0.00,3.00,0.00,1155
1773231497000,64.1236246833333,-21.787617,0.00,0.00,0.00,true,true,0.00,5.00,0.00,1156
1773231501000,64.1236246833333,-21.787617,0.00,0.00,0.00,true,true,0.00,4.00,0.00,1157
1773231504000,64.1236246833333,-21.787617,0.00,0.00,0.00,true,true,0.00,3.00,0.00,1158
1773231507000,64.1236246833333,-21.787617,0.00,0.00,0.00,true,true,0.00,3.00,0.00,1159
1773231510000,64.1236246833333,-21.787617,0.00,0.00,0.00,true,true,0.00,3.00,0.00,1160
1773231512000,64.1236246833333,-21.787617,0.00,0.00,0.00,true,true,0.00,2.00,0.00,1161
1773231515000,64.1236246833333,-21.787617,0.00,0.00,0.00,true,true,0.00,3.00,0.00,1162
1773231517000,64.1236246833333,-21.787617,0.00,0.00,0.00,true,true,0.00,2.00,0.00,1163
1773231521000,64.1236246833333,-21.787617,0.00,0.00,0.00,true,true,0.00,4.00,0.00,1164
1773231527000,64.1236246833333,-21.787617,0.00,0.00,0.00,true,true,0.00,6.00,0.00,1165
1773231529000,64.1236246833333,-21.787617,0.00,0.00,0.00,true,true,0.00,2.00,0.00,1166
1773231532000,64.1236246833333,-21.787617,0.00,0.00,0.00,true,true,0.00,3.00,0.00,1167
1773231534000,64.1236246833333,-21.787617,0.00,0.00,0.00,true,true,0.00,2.00,0.00,1168
1773231536000,64.1236246833333,-21.787617,0.00,0.00,0.00,true,true,0.00,2.00,0.00,1169
1773231541000,64.1236246833333,-21.787617,0.00,0.00,0.00,true,true,0.00,5.00,0.00,1170
1773231544000,64.1236246833333,-21.787617,0.00,0.00,0.00,true,true,0.00,3.00,0.00,1171
1773231550000,64.12362435,-21.7876146666667,0.00,0.00,0.00,true,true,0.12,6.00,0.07,1172
1773231553000,64.12362435,-21.7876146666667,0.00,0.00,0.00,true,true,0.01,3.00,0.01,1173
1773231555000,64.12362435,-21.7876146666667,0.00,0.00,0.00,true,true,0.00,2.00,0.00,1174
1773231560000,64.12362435,-21.7876146666667,0.00,0.00,0.00,true,true,0.00,5.00,0.00,1175
1773231563000,64.12362435,-21.7876146666667,0.00,0.00,0.00,true,true,0.00,3.00,0.00,1176
1773231565000,64.12362435,-21.7876146666667,0.00,0.00,0.00,true,true,0.00,2.00,0.00,1177
1773231570000,64.12362435,-21.7876146666667,0.00,0.00,0.00,true,true,0.00,5.00,0.00,1178
1773231574000,64.12362435,-21.7876146666667,0.00,0.00,0.00,true,true,0.00,4.00,0.00,1179
1773231576000,64.12362435,-21.7876146666667,0.00,0.00,0.00,true,true,0.00,2.00,0.00,1180
1773231579000,64.12362435,-21.7876146666667,0.00,0.00,0.00,true,true,0.00,3.00,0.00,1181
1773231584000,64.12362435,-21.7876146666667,0.00,0.00,0.00,true,true,0.00,5.00,0.00,1182
1773231589000,64.12362435,-21.7876146666667,0.00,0.00,0.00,true,true,0.00,5.00,0.00,1183
1773231591000,64.12362435,-21.7876146666667,0.00,0.00,0.00,true,true,0.00,2.00,0.00,1184
1773231594000,64.12362435,-21.7876146666667,0.00,0.00,0.00,true,true,0.00,3.00,0.00,1185
1773231596000,64.12362435,-21.7876146666667,0.00,0.00,0.00,true,true,0.00,2.00,0.00,1186
1773231598000,64.12362435,-21.7876146666667,0.00,0.00,0.00,true,true,0.00,2.00,0.00,1187
1773231602000,64.12362435,-21.7876146666667,0.00,0.00,0.00,true,true,0.00,4.00,0.00,1188
1773231604000,64.12362435,-21.7876146666667,0.00,0.00,0.00,true,true,0.00,2.00,0.00,1189
1773231608000,64.12362435,-21.7876146666667,0.00,0.00,0.00,true,true,0.00,4.00,0.00,1190
1773231610000,64.12362435,-21.7876146666667,0.00,0.00,0.00,true,true,0.00,2.00,0.00,1191
1773231613000,64.12362435,-21.7876146666667,0.00,0.00,0.00,true,true,0.00,3.00,0.00,1192
1773231615000,64.12362435,-21.7876146666667,0.00,0.00,0.00,true,true,0.00,2.00,0.00,1193
1773231619000,64.12362435,-21.7876146666667,0.00,0.00,0.00,true,true,0.00,4.00,0.00,1194
1773231625000,64.12362435,-21.7876146666667,0.00,0.00,0.00,true,true,0.00,6.00,0.00,1195
1773231636000,64.12362435,-21.7876146666667,0.00,0.00,0.00,true,true,0.00,11.00,0.00,1196
1773231638000,64.12362435,-21.7876146666667,0.00,0.00,0.00,true,true,0.00,2.00,0.00,1197
1773231641000,64.12362435,-21.7876146666667,0.00,0.00,0.00,true,true,0.00,3.00,0.00,1198
1773231647000,64.12362435,-21.7876146666667,0.00,0.00,0.00,true,true,0.00,6.00,0.00,1199
1773231649000,64.12362435,-21.7876146666667,0.00,0.00,0.00,true,true,0.00,2.00,0.00,1200
1773231652000,64.12362435,-21.7876146666667,0.00,0.00,0.00,true,true,0.00,3.00,0.00,1201
1773231654000,64.12362435,-21.7876146666667,0.00,0.00,0.00,true,true,0.00,2.00,0.00,1202
1773231656000,64.12362435,-21.7876146666667,0.00,0.00,0.00,true,true,0.00,2.00,0.00,1203
1773231660000,64.12362435,-21.7876146666667,0.00,0.00,0.00,true,true,0.00,4.00,0.00,1204
1773231662000,64.12362435,-21.7876146666667,0.00,0.00,0.00,true,true,0.00,2.00,0.00,1205
1773231668000,64.1236242666667,-21.787614,0.00,0.00,0.00,true,true,0.03,6.00,0.02,1206
1773231671000,64.1236242666667,-21.787614,0.00,0.00,0.00,true,true,0.00,3.00,0.00,1207
1773231674000,64.1236242666667,-21.787614,0.00,0.00,0.00,true,true,0.00,3.00,0.00,1208
1773231677000,64.1236242666667,-21.787614,0.00,0.00,0.00,true,true,0.00,3.00,0.00,1209
1773231679000,64.1236242666667,-21.787614,0.00,0.00,0.00,true,true,0.00,2.00,0.00,1210
1773231682000,64.1236242666667,-21.787614,0.00,0.00,0.00,true,true,0.00,3.00,0.00,1211
1773231684000,64.1236242666667,-21.787614,0.00,0.00,0.00,true,true,0.00,2.00,0.00,1212
1773231686000,64.1236242666667,-21.787614,0.00,0.00,0.00,true,true,0.00,2.00,0.00,1213
1773231690000,64.1236242666667,-21.787614,0.00,0.00,0.00,true,true,0.00,4.00,0.00,1214
1773231692000,64.1236242666667,-21.787614,0.00,0.00,0.00,true,true,0.00,2.00,0.00,1215
1773231694000,64.1236242666667,-21.787614,0.00,0.00,0.00,true,true,0.00,2.00,0.00,1216
1773231700000,64.1236242666667,-21.787614,0.00,0.00,0.00,true,true,0.00,6.00,0.00,1217
1773231706000,64.1236242666667,-21.787614,0.00,0.00,0.00,true,true,0.00,6.00,0.00,1218
1773231708000,64.1236242666667,-21.787614,0.00,0.00,0.00,true,true,0.00,2.00,0.00,1219
1773231710000,64.1236242666667,-21.787614,0.00,0.00,0.00,true,true,0.00,2.00,0.00,1220
1773231715000,64.1236242666667,-21.787614,0.00,0.00,0.00,true,true,0.00,5.00,0.00,1221
1773231719000,64.1236242666667,-21.787614,0.00,0.00,0.00,true,true,0.00,4.00,0.00,1222
1773231721000,64.1236242666667,-21.787614,0.00,0.00,0.00,true,true,0.00,2.00,0.00,1223
1773231725000,64.1236242666667,-21.787614,0.00,0.00,0.00,true,true,0.00,4.00,0.00,1224
1773231730000,64.1236242666667,-21.787614,0.00,0.00,0.00,true,true,0.00,5.00,0.00,1225
1773231732000,64.1236242666667,-21.787614,0.00,0.00,0.00,true,true,0.00,2.00,0.00,1226
1773231735000,64.1236242666667,-21.787614,0.00,0.00,0.00,true,true,0.00,3.00,0.00,1227
1773231738000,64.1236242666667,-21.787614,0.00,0.00,0.00,true,true,0.00,3.00,0.00,1228
1773231740000,64.1236242666667,-21.787614,0.00,0.00,0.00,true,true,0.00,2.00,0.00,1229
1773231746000,64.1236242666667,-21.787614,0.00,0.00,0.00,true,true,0.00,6.00,0.00,1230
1773231750000,64.1236242666667,-21.787614,0.00,0.00,0.00,true,true,0.00,4.00,0.00,1231
1773231752000,64.1236242666667,-21.787614,0.00,0.00,0.00,true,true,0.00,2.00,0.00,1232
1773231759000,64.1236242666667,-21.787614,0.00,0.00,0.00,true,true,0.00,7.00,0.00,1233
1773231764000,64.1236242666667,-21.787614,0.00,0.00,0.00,true,true,0.00,5.00,0.00,1234
1773231768000,64.1236242666667,-21.787614,0.00,0.00,0.00,true,true,0.00,4.00,0.00,1235
1773231770000,64.1236242666667,-21.787614,0.00,0.00,0.00,true,true,0.00,2.00,0.00,1236
1773231772000,64.1236242666667,-21.787614,0.00,0.00,0.00,true,true,0.00,2.00,0.00,1237
1773231774000,64.1236242666667,-21.787614,0.00,0.00,0.00,true,true,0.00,2.00,0.00,1238
1773231778000,64.1236242666667,-21.787614,0.00,0.00,0.00,true,true,0.00,4.00,0.00,1239
1773231780000,64.1236242666667,-21.787614,0.00,0.00,0.00,true,true,0.00,2.00,0.00,1240
1773231782000,64.1236242666667,-21.787614,0.00,0.00,0.00,true,true,0.00,2.00,0.00,1241
1773231787000,64.1236242166667,-21.7876165,0.00,0.00,0.00,true,true,0.12,5.00,0.09,1242
1773231790000,64.1236242166667,-21.7876165,0.00,0.00,0.00,true,true,0.01,3.00,0.01,1243
1773231792000,64.1236242166667,-21.7876165,0.00,0.00,0.00,true,true,0.00,2.00,0.00,1244
1773231796000,64.1236242166667,-21.7876165,0.00,0.00,0.00,true,true,0.00,4.00,0.00,1245
1773231798000,64.1236242166667,-21.7876165,0.00,0.00,0.00,true,true,0.00,2.00,0.00,1246
1773231805000,64.1236242166667,-21.7876165,0.00,0.00,0.00,true,true,0.00,7.00,0.00,1247
1773231807000,64.1236242166667,-21.7876165,0.00,0.00,0.00,true,true,0.00,2.00,0.00,1248
1773231810000,64.1236242166667,-21.7876165,0.00,0.00,0.00,true,true,0.00,3.00,0.00,1249
1773231812000,64.1236242166667,-21.7876165,0.00,0.00,0.00,true,true,0.00,2.00,0.00,1250
1773231816000,64.1236242166667,-21.7876165,0.00,0.00,0.00,true,true,0.00,4.00,0.00,1251
1773231818000,64.1236242166667,-21.7876165,0.00,0.00,0.00,true,true,0.00,2.00,0.00,1252
1773231820000,64.1236242166667,-21.7876165,0.00,0.00,0.00,true,true,0.00,2.00,0.00,1253
1773231822000,64.1236242166667,-21.7876165,0.00,0.00,0.00,true,true,0.00,2.00,0.00,1254
1773231827000,64.1236242166667,-21.7876165,0.00,0.00,0.00,true,true,0.00,5.00,0.00,1255
1773231831000,64.1236242166667,-21.7876165,0.00,0.00,0.00,true,true,0.00,4.00,0.00,1256
1773231833000,64.1236242166667,-21.7876165,0.00,0.00,0.00,true,true,0.00,2.00,0.00,1257
1773231839000,64.1236242166667,-21.7876165,0.00,0.00,0.00,true,true,0.00,6.00,0.00,1258
1773231843000,64.1236242166667,-21.7876165,0.00,0.00,0.00,true,true,0.00,4.00,0.00,1259
1773231848000,64.1236242166667,-21.7876165,0.00,0.00,0.00,true,true,0.00,5.00,0.00,1260
1773231851000,64.1236242166667,-21.7876165,0.00,0.00,0.00,true,true,0.00,3.00,0.00,1261
1773231855000,64.1236242166667,-21.7876165,0.00,0.00,0.00,true,true,0.00,4.00,0.00,1262
1773231861000,64.1236242166667,-21.7876165,0.00,0.00,0.00,true,true,0.00,6.00,0.00,1263
1773231864000,64.1236242166667,-21.7876165,0.00,0.00,0.00,true,true,0.00,3.00,0.00,1264
1773231866000,64.1236242166667,-21.7876165,0.00,0.00,0.00,true,true,0.00,2.00,0.00,1265
1773231868000,64.1236242166667,-21.7876165,0.00,0.00,0.00,true,true,0.00,2.00,0.00,1266
1773231871000,64.1236242166667,-21.7876165,0.00,0.00,0.00,true,true,0.00,3.00,0.00,1267
1773231873000,64.1236242166667,-21.7876165,0.00,0.00,0.00,true,true,0.00,2.00,0.00,1268
1773231877000,64.1236242166667,-21.7876165,0.00,0.00,0.00,true,true,0.00,4.00,0.00,1269
1773231883000,64.1236242166667,-21.7876165,0.00,0.00,0.00,true,true,0.00,6.00,0.00,1270
1773231888000,64.1236242166667,-21.7876165,0.00,0.00,0.00,true,true,0.00,5.00,0.00,1271
1773231890000,64.1236242166667,-21.7876165,0.00,0.00,0.00,true,true,0.00,2.00,0.00,1272
1773231894000,64.1236242166667,-21.7876165,0.00,0.00,0.00,true,true,0.00,4.00,0.00,1273
1773231898000,64.1236242166667,-21.7876165,0.00,0.00,0.00,true,true,0.00,4.00,0.00,1274
1773231901000,64.1236242166667,-21.7876165,0.00,0.00,0.00,true,true,0.00,3.00,0.00,1275
1773231903000,64.1236242166667,-21.7876165,0.00,0.00,0.00,true,true,0.00,2.00,0.00,1276
1773231905000,64.1236242166667,-21.7876165,0.00,0.00,0.00,true,true,0.00,2.00,0.00,1277
1773231908000,64.1236242166667,-21.7876165,0.00,0.00,0.00,true,true,0.00,3.00,0.00,1278
1773231911000,64.1236252,-21.7876183333333,0.00,0.00,0.00,true,true,0.14,3.00,0.17,1279
1773231915000,64.1236252,-21.7876183333333,0.00,0.00,0.00,true,true,0.03,4.00,0.02,1280
1773231917000,64.1236252,-21.7876183333333,0.00,0.00,0.00,true,true,0.00,2.00,0.01,1281
1773231920000,64.1236252,-21.7876183333333,0.00,0.00,0.00,true,true,0.00,3.00,0.00,1282
1773231922000,64.1236252,-21.7876183333333,0.00,0.00,0.00,true,true,0.00,2.00,0.00,1283
1773231924000,64.1236252,-21.7876183333333,0.00,0.00,0.00,true,true,0.00,2.00,0.00,1284
1773231928000,64.1236252,-21.7876183333333,0.00,0.00,0.00,true,true,0.00,4.00,0.00,1285
1773231930000,64.1236252,-21.7876183333333,0.00,0.00,0.00,true,true,0.00,2.00,0.00,1286
1773231936000,64.1236252,-21.7876183333333,0.00,0.00,0.00,true,true,0.00,6.00,0.00,1287
1773231940000,64.1236252,-21.7876183333333,0.00,0.00,0.00,true,true,0.00,4.00,0.00,1288
1773231942000,64.1236252,-21.7876183333333,0.00,0.00,0.00,true,true,0.00,2.00,0.00,1289
1773231945000,64.1236252,-21.7876183333333,0.00,0.00,0.00,true,true,0.00,3.00,0.00,1290
1773231949000,64.1236252,-21.7876183333333,0.00,0.00,0.00,true,true,0.00,4.00,0.00,1291
1773231955000,64.1236252,-21.7876183333333,0.00,0.00,0.00,true,true,0.00,6.00,0.00,1292
1773231958000,64.1236252,-21.7876183333333,0.00,0.00,0.00,true,true,0.00,3.00,0.00,1293
1773231960000,64.1236252,-21.7876183333333,0.00,0.00,0.00,true,true,0.00,2.00,0.00,1294
1773231963000,64.1236252,-21.7876183333333,0.00,0.00,0.00,true,true,0.00,3.00,0.00,1295
1773231966000,64.1236252,-21.7876183333333,0.00,0.00,0.00,true,true,0.00,3.00,0.00,1296
1773231971000,64.1236252,-21.7876183333333,0.00,0.00,0.00,true,true,0.00,5.00,0.00,1297
1773231977000,64.1236252,-21.7876183333333,0.00,0.00,0.00,true,true,0.00,6.00,0.00,1298
1773231979000,64.1236252,-21.7876183333333,0.00,0.00,0.00,true,true,0.00,2.00,0.00,1299
1773231981000,64.1236252,-21.7876183333333,0.00,0.00,0.00,true,true,0.00,2.00,0.00,1300
1773231984000,64.1236252,-21.7876183333333,0.00,0.00,0.00,true,true,0.00,3.00,0.00,1301
1773231990000,64.1236252,-21.7876183333333,0.00,0.00,0.00,true,true,0.00,6.00,0.00,1302
1773231992000,64.1236252,-21.7876183333333,0.00,0.00,0.00,true,true,0.00,2.00,0.00,1303
1773231996000,64.1236252,-21.7876183333333,0.00,0.00,0.00,true,true,0.00,4.00,0.00,1304
1773232002000,64.1236252,-21.7876183333333,0.00,0.00,0.00,true,true,0.00,6.00,0.00,1305
1773232005000,64.1236252,-21.7876183333333,0.00,0.00,0.00,true,true,0.00,3.00,0.00,1306
1773232009000,64.1236252,-21.7876183333333,0.00,0.00,0.00,true,true,0.00,4.00,0.00,1307
1773232011000,64.1236252,-21.7876183333333,0.00,0.00,0.00,true,true,0.00,2.00,0.00,1308
1773232016000,64.1236252,-21.7876183333333,0.00,0.00,0.00,true,true,0.00,5.00,0.00,1309
1773232020000,64.1236252,-21.7876183333333,0.00,0.00,0.00,true,true,0.00,4.00,0.00,1310
1773232022000,64.1236252,-21.7876183333333,0.00,0.00,0.00,true,true,0.00,2.00,0.00,1311
1773232025000,64.1236252,-21.7876183333333,0.00,0.00,0.00,true,true,0.00,3.00,0.00,1312
1773232027000,64.1236252,-21.7876183333333,0.00,0.00,0.00,true,true,0.00,2.00,0.00,1313
1773232030000,64.1236250833333,-21.7876198333333,0.00,0.00,0.00,true,true,0.07,3.00,0.09,1314
1773232032000,64.1236250833333,-21.7876198333333,0.00,0.00,0.00,true,true,0.02,2.00,0.03,1315
1773232035000,64.1236250833333,-21.7876198333333,0.00,0.00,0.00,true,true,0.00,3.00,0.01,1316
1773232039000,64.1236250833333,-21.7876198333333,0.00,0.00,0.00,true,true,0.00,4.00,0.00,1317
1773232041000,64.1236250833333,-21.7876198333333,0.00,0.00,0.00,true,true,0.00,2.00,0.00,1318
1773232044000,64.1236250833333,-21.7876198333333,0.00,0.00,0.00,true,true,0.00,3.00,0.00,1319
1773232046000,64.1236250833333,-21.7876198333333,0.00,0.00,0.00,true,true,0.00,2.00,0.00,1320
1773232050000,64.1236250833333,-21.7876198333333,0.00,0.00,0.00,true,true,0.00,4.00,0.00,1321
1773232052000,64.1236250833333,-21.7876198333333,0.00,0.00,0.00,true,true,0.00,2.00,0.00,1322
1773232055000,64.1236250833333,-21.7876198333333,0.00,0.00,0.00,true,true,0.00,3.00,0.00,1323
1773232061000,64.1236250833333,-21.7876198333333,0.00,0.00,0.00,true,true,0.00,6.00,0.00,1324
1773232063000,64.1236250833333,-21.7876198333333,0.00,0.00,0.00,true,true,0.00,2.00,0.00,1325
1773232066000,64.1236250833333,-21.7876198333333,0.00,0.00,0.00,true,true,0.00,3.00,0.00,1326
1773232068000,64.1236250833333,-21.7876198333333,0.00,0.00,0.00,true,true,0.00,2.00,0.00,1327
1773232074000,64.1236250833333,-21.7876198333333,0.00,0.00,0.00,true,true,0.00,6.00,0.00,1328
1773232078000,64.1236250833333,-21.7876198333333,0.00,0.00,0.00,true,true,0.00,4.00,0.00,1329
1773232080000,64.1236250833333,-21.7876198333333,0.00,0.00,0.00,true,true,0.00,2.00,0.00,1330
1773232082000,64.1236250833333,-21.7876198333333,0.00,0.00,0.00,true,true,0.00,2.00,0.00,1331
1773232085000,64.1236250833333,-21.7876198333333,0.00,0.00,0.00,true,true,0.00,3.00,0.00,1332
1773232089000,64.1236250833333,-21.7876198333333,0.00,0.00,0.00,true,true,0.00,4.00,0.00,1333
1773232093000,64.1236250833333,-21.7876198333333,0.00,0.00,0.00,true,true,0.00,4.00,0.00,1334
1773232099000,64.1236250833333,-21.7876198333333,0.00,0.00,0.00,true,true,0.00,6.00,0.00,1335
1773232104000,64.1236250833333,-21.7876198333333,0.00,0.00,0.00,true,true,0.00,5.00,0.00,1336
1773232106000,64.1236250833333,-21.7876198333333,0.00,0.00,0.00,true,true,0.00,2.00,0.00,1337
1773232108000,64.1236250833333,-21.7876198333333,0.00,0.00,0.00,true,true,0.00,2.00,0.00,1338
1773232113000,64.1236250833333,-21.7876198333333,0.00,0.00,0.00,true,true,0.00,5.00,0.00,1339
1773232119000,64.1236250833333,-21.7876198333333,0.00,0.00,0.00,true,true,0.00,6.00,0.00,1340
1773232121000,64.1236250833333,-21.7876198333333,0.00,0.00,0.00,true,true,0.00,2.00,0.00,1341
1773232125000,64.1236250833333,-21.7876198333333,0.00,0.00,0.00,true,true,0.00,4.00,0.00,1342
1773232127000,64.1236250833333,-21.7876198333333,0.00,0.00,0.00,true,true,0.00,2.00,0.00,1343
1773232129000,64.1236250833333,-21.7876198333333,0.00,0.00,0.00,true,true,0.00,2.00,0.00,1344
1773232132000,64.1236250833333,-21.7876198333333,0.00,0.00,0.00,true,true,0.00,3.00,0.00,1345
1773232136000,64.1236250833333,-21.7876198333333,0.00,0.00,0.00,true,true,0.00,4.00,0.00,1346
1773232142000,64.1236250833333,-21.7876198333333,0.00,0.00,0.00,true,true,0.00,6.00,0.00,1347
1773232145000,64.1236250833333,-21.7876198333333,0.00,0.00,0.00,true,true,0.00,3.00,0.00,1348
1773232149000,64.1236250833333,-21.7876198333333,0.00,0.00,0.00,true,true,0.00,4.00,0.00,1349
1773232151000,64.1236254833333,-21.787619,0.00,0.00,0.00,true,true,0.06,2.00,0.11,1350
1773232155000,64.1236254833333,-21.787619,0.00,0.00,0.00,true,true,0.02,4.00,0.01,1351
1773232157000,64.1236254833333,-21.787619,0.00,0.00,0.00,true,true,0.00,2.00,0.00,1352
1773232159000,64.1236254833333,-21.787619,0.00,0.00,0.00,true,true,0.00,2.00,0.00,1353
1773232163000,64.1236254833333,-21.787619,0.00,0.00,0.00,true,true,0.00,4.00,0.00,1354
1773232168000,64.1236254833333,-21.787619,0.00,0.00,0.00,true,true,0.00,5.00,0.00,1355
1773232170000,64.1236254833333,-21.787619,0.00,0.00,0.00,true,true,0.00,2.00,0.00,1356
1773232174000,64.1236254833333,-21.787619,0.00,0.00,0.00,true,true,0.00,4.00,0.00,1357
1773232179000,64.1236254833333,-21.787619,0.00,0.00,0.00,true,true,0.00,5.00,0.00,1358
1773232183000,64.1236254833333,-21.787619,0.00,0.00,0.00,true,true,0.00,4.00,0.00,1359
1773232187000,64.1236254833333,-21.787619,0.00,0.00,0.00,true,true,0.00,4.00,0.00,1360
1773232189000,64.1236254833333,-21.787619,0.00,0.00,0.00,true,true,0.00,2.00,0.00,1361
1773232191000,64.1236254833333,-21.787619,0.00,0.00,0.00,true,true,0.00,2.00,0.00,1362
1773232193000,64.1236254833333,-21.787619,0.00,0.00,0.00,true,true,0.00,2.00,0.00,1363
1773232196000,64.1236254833333,-21.787619,0.00,0.00,0.00,true,true,0.00,3.00,0.00,1364
1773232199000,64.1236254833333,-21.787619,0.00,0.00,0.00,true,true,0.00,3.00,0.00,1365
1773232202000,64.1236254833333,-21.787619,0.00,0.00,0.00,true,true,0.00,3.00,0.00,1366
1773232204000,64.1236254833333,-21.787619,0.00,0.00,0.00,true,true,0.00,2.00,0.00,1367
1773232208000,64.1236254833333,-21.787619,0.00,0.00,0.00,true,true,0.00,4.00,0.00,1368
1773232214000,64.1236254833333,-21.787619,0.00,0.00,0.00,true,true,0.00,6.00,0.00,1369
1773232218000,64.1236254833333,-21.787619,0.00,0.00,0.00,true,true,0.00,4.00,0.00,1370
1773232220000,64.1236254833333,-21.787619,0.00,0.00,0.00,true,true,0.00,2.00,0.00,1371
1773232223000,64.1236254833333,-21.787619,0.00,0.00,0.00,true,true,0.00,3.00,0.00,1372
1773232227000,64.1236254833333,-21.787619,0.00,0.00,0.00,true,true,0.00,4.00,0.00,1373
1773232229000,64.1236254833333,-21.787619,0.00,0.00,0.00,true,true,0.00,2.00,0.00,1374
1773232231000,64.1236254833333,-21.787619,0.00,0.00,0.00,true,true,0.00,2.00,0.00,1375
1773232235000,64.1236254833333,-21.787619,0.00,0.00,0.00,true,true,0.00,4.00,0.00,1376
1773232237000,64.1236254833333,-21.787619,0.00,0.00,0.00,true,true,0.00,2.00,0.00,1377
1773232243000,64.1236254833333,-21.787619,0.00,0.00,0.00,true,true,0.00,6.00,0.00,1378
1773232245000,64.1236254833333,-21.787619,0.00,0.00,0.00,true,true,0.00,2.00,0.00,1379
1773232248000,64.1236254833333,-21.787619,0.00,0.00,0.00,true,true,0.00,3.00,0.00,1380
1773232252000,64.1236254833333,-21.787619,0.00,0.00,0.00,true,true,0.00,4.00,0.00,1381
1773232255000,64.1236254833333,-21.787619,0.00,0.00,0.00,true,true,0.00,3.00,0.00,1382
1773232257000,64.1236254833333,-21.787619,0.00,0.00,0.00,true,true,0.00,2.00,0.00,1383
1773232259000,64.1236254833333,-21.787619,0.00,0.00,0.00,true,true,0.00,2.00,0.00,1384
1773232265000,64.1236254833333,-21.787619,0.00,0.00,0.00,true,true,0.00,6.00,0.00,1385
1773232267000,64.1236254833333,-21.787619,0.00,0.00,0.00,true,true,0.00,2.00,0.00,1386
1773232270000,64.1236254833333,-21.787619,0.00,0.00,0.00,true,true,0.00,3.00,0.00,1387
1773232273000,64.1236256833333,-21.7876203333333,0.00,0.00,0.00,true,true,0.07,3.00,0.08,1388
1773232275000,64.1236256833333,-21.7876203333333,0.00,0.00,0.00,true,true,0.01,2.00,0.02,1389
1773232279000,64.1236256833333,-21.7876203333333,0.00,0.00,0.00,true,true,0.00,4.00,0.00,1390
1773232281000,64.1236256833333,-21.7876203333333,0.00,0.00,0.00,true,true,0.00,2.00,0.00,1391
1773232285000,64.1236256833333,-21.7876203333333,0.00,0.00,0.00,true,true,0.00,4.00,0.00,1392
1773232287000,64.1236256833333,-21.7876203333333,0.00,0.00,0.00,true,true,0.00,2.00,0.00,1393
1773232291000,64.1236256833333,-21.7876203333333,0.00,0.00,0.00,true,true,0.00,4.00,0.00,1394
1773232296000,64.1236256833333,-21.7876203333333,0.00,0.00,0.00,true,true,0.00,5.00,0.00,1395
1773232298000,64.1236256833333,-21.7876203333333,0.00,0.00,0.00,true,true,0.00,2.00,0.00,1396
1773232300000,64.1236256833333,-21.7876203333333,0.00,0.00,0.00,true,true,0.00,2.00,0.00,1397
1773232304000,64.1236256833333,-21.7876203333333,0.00,0.00,0.00,true,true,0.00,4.00,0.00,1398
1773232310000,64.1236256833333,-21.7876203333333,0.00,0.00,0.00,true,true,0.00,6.00,0.00,1399
1773232312000,64.1236256833333,-21.7876203333333,0.00,0.00,0.00,true,true,0.00,2.00,0.00,1400
1773232315000,64.1236256833333,-21.7876203333333,0.00,0.00,0.00,true,true,0.00,3.00,0.00,1401
1773232317000,64.1236256833333,-21.7876203333333,0.00,0.00,0.00,true,true,0.00,2.00,0.00,1402
1773232319000,64.1236256833333,-21.7876203333333,0.00,0.00,0.00,true,true,0.00,2.00,0.00,1403
1773232321000,64.1236256833333,-21.7876203333333,0.00,0.00,0.00,true,true,0.00,2.00,0.00,1404
1773232326000,64.1236256833333,-21.7876203333333,0.00,0.00,0.00,true,true,0.00,5.00,0.00,1405
1773232328000,64.1236256833333,-21.7876203333333,0.00,0.00,0.00,true,true,0.00,2.00,0.00,1406
1773232332000,64.1236256833333,-21.7876203333333,0.00,0.00,0.00,true,true,0.00,4.00,0.00,1407
1773232334000,64.1236256833333,-21.7876203333333,0.00,0.00,0.00,true,true,0.00,2.00,0.00,1408
1773232338000,64.1236256833333,-21.7876203333333,0.00,0.00,0.00,true,true,0.00,4.00,0.00,1409
1773232342000,64.1236256833333,-21.7876203333333,0.00,0.00,0.00,true,true,0.00,4.00,0.00,1410
1773232348000,64.1236256833333,-21.7876203333333,0.00,0.00,0.00,true,true,0.00,6.00,0.00,1411
1773232350000,64.1236256833333,-21.7876203333333,0.00,0.00,0.00,true,true,0.00,2.00,0.00,1412
1773232354000,64.1236256833333,-21.7876203333333,0.00,0.00,0.00,true,true,0.00,4.00,0.00,1413
1773232356000,64.1236256833333,-21.7876203333333,0.00,0.00,0.00,true,true,0.00,2.00,0.00,1414
1773232358000,64.1236256833333,-21.7876203333333,0.00,0.00,0.00,true,true,0.00,2.00,0.00,1415
1773232360000,64.1236256833333,-21.7876203333333,0.00,0.00,0.00,true,true,0.00,2.00,0.00,1416
1773232362000,64.1236256833333,-21.7876203333333,0.00,0.00,0.00,true,true,0.00,2.00,0.00,1417
1773232367000,64.1236256833333,-21.7876203333333,0.00,0.00,0.00,true,true,0.00,5.00,0.00,1418
1773232369000,64.1236256833333,-21.7876203333333,0.00,0.00,0.00,true,true,0.00,2.00,0.00,1419
1773232373000,64.1236256833333,-21.7876203333333,0.00,0.00,0.00,true,true,0.00,4.00,0.00,1420
1773232375000,64.1236256833333,-21.7876203333333,0.00,0.00,0.00,true,true,0.00,2.00,0.00,1421
1773232379000,64.1236256833333,-21.7876203333333,0.00,0.00,0.00,true,true,0.00,4.00,0.00,1422
1773232383000,64.1236256833333,-21.7876203333333,0.00,0.00,0.00,true,true,0.00,4.00,0.00,1423
1773232389000,64.1236256833333,-21.7876203333333,0.00,0.00,0.00,true,true,0.00,6.00,0.00,1424
1773232391000,64.1236256833333,-21.7876203333333,0.00,0.00,0.00,true,true,0.00,2.00,0.00,1425
1773232395000,64.1236259666667,-21.7876216666667,0.00,0.00,0.00,true,true,0.07,4.00,0.06,1426
1773232398000,64.1236259666667,-21.7876216666667,0.00,0.00,0.00,true,true,0.01,3.00,0.01,1427
1773232400000,64.1236259666667,-21.7876216666667,0.00,0.00,0.00,true,true,0.00,2.00,0.00,1428
1773232402000,64.1236259666667,-21.7876216666667,0.00,0.00,0.00,true,true,0.00,2.00,0.00,1429
1773232406000,64.1236259666667,-21.7876216666667,0.00,0.00,0.00,true,true,0.00,4.00,0.00,1430
1773232408000,64.1236259666667,-21.7876216666667,0.00,0.00,0.00,true,true,0.00,2.00,0.00,1431
1773232410000,64.1236259666667,-21.7876216666667,0.00,0.00,0.00,true,true,0.00,2.00,0.00,1432
1773232413000,64.1236259666667,-21.7876216666667,0.00,0.00,0.00,true,true,0.00,3.00,0.00,1433
1773232417000,64.1236259666667,-21.7876216666667,0.00,0.00,0.00,true,true,0.00,4.00,0.00,1434
1773232419000,64.1236259666667,-21.7876216666667,0.00,0.00,0.00,true,true,0.00,2.00,0.00,1435
1773232423000,64.1236259666667,-21.7876216666667,0.00,0.00,0.00,true,true,0.00,4.00,0.00,1436
1773232425000,64.1236259666667,-21.7876216666667,0.00,0.00,0.00,true,true,0.00,2.00,0.00,1437
1773232427000,64.1236259666667,-21.7876216666667,0.00,0.00,0.00,true,true,0.00,2.00,0.00,1438
1773232431000,64.1236259666667,-21.7876216666667,0.00,0.00,0.00,true,true,0.00,4.00,0.00,1439
1773232433000,64.1236259666667,-21.7876216666667,0.00,0.00,0.00,true,true,0.00,2.00,0.00,1440
1773232435000,64.1236259666667,-21.7876216666667,0.00,0.00,0.00,true,true,0.00,2.00,0.00,1441
1773232440000,64.1236259666667,-21.7876216666667,0.00,0.00,0.00,true,true,0.00,5.00,0.00,1442
1773232442000,64.1236259666667,-21.7876216666667,0.00,0.00,0.00,true,true,0.00,2.00,0.00,1443
1773232446000,64.1236259666667,-21.7876216666667,0.00,0.00,0.00,true,true,0.00,4.00,0.00,1444
1773232450000,64.1236259666667,-21.7876216666667,0.00,0.00,0.00,true,true,0.00,4.00,0.00,1445
1773232452000,64.1236259666667,-21.7876216666667,0.00,0.00,0.00,true,true,0.00,2.00,0.00,1446
1773232454000,64.1236259666667,-21.7876216666667,0.00,0.00,0.00,true,true,0.00,2.00,0.00,1447
1773232459000,64.1236259666667,-21.7876216666667,0.00,0.00,0.00,true,true,0.00,5.00,0.00,1448
1773232461000,64.1236259666667,-21.7876216666667,0.00,0.00,0.00,true,true,0.00,2.00,0.00,1449
1773232465000,64.1236259666667,-21.7876216666667,0.00,0.00,0.00,true,true,0.00,4.00,0.00,1450
1773232467000,64.1236259666667,-21.7876216666667,0.00,0.00,0.00,true,true,0.00,2.00,0.00,1451
1773232471000,64.1236259666667,-21.7876216666667,0.00,0.00,0.00,true,true,0.00,4.00,0.00,1452
1773232473000,64.1236259666667,-21.7876216666667,0.00,0.00,0.00,true,true,0.00,2.00,0.00,1453
1773232478000,64.1236259666667,-21.7876216666667,0.00,0.00,0.00,true,true,0.00,5.00,0.00,1454
1773232480000,64.1236259666667,-21.7876216666667,0.00,0.00,0.00,true,true,0.00,2.00,0.00,1455
1773232484000,64.1236259666667,-21.7876216666667,0.00,0.00,0.00,true,true,0.00,4.00,0.00,1456
1773232486000,64.1236259666667,-21.7876216666667,0.00,0.00,0.00,true,true,0.00,2.00,0.00,1457
1773232492000,64.1236259666667,-21.7876216666667,0.00,0.00,0.00,true,true,0.00,6.00,0.00,1458
1773232494000,64.1236259666667,-21.7876216666667,0.00,0.00,0.00,true,true,0.00,2.00,0.00,1459
1773232497000,64.1236259666667,-21.7876216666667,0.00,0.00,0.00,true,true,0.00,3.00,0.00,1460
1773232501000,64.1236259666667,-21.7876216666667,0.00,0.00,0.00,true,true,0.00,4.00,0.00,1461
1773232503000,64.1236259666667,-21.7876216666667,0.00,0.00,0.00,true,true,0.00,2.00,0.00,1462
1773232505000,64.1236259666667,-21.7876216666667,0.00,0.00,0.00,true,true,0.00,2.00,0.00,1463
1773232509000,64.1236259666667,-21.7876216666667,0.00,0.00,0.00,true,true,0.00,4.00,0.00,1464
1773232511000,64.1236259666667,-21.7876216666667,0.00,0.00,0.00,true,true,0.00,2.00,0.00,1465
1773232515000,64.1236259666667,-21.7876216666667,0.00,0.00,0.00,true,true,0.00,4.00,0.00,1466
1773232517000,64.1236259666667,-21.7876216666667,0.00,0.00,0.00,true,true,0.00,2.00,0.00,1467
1773232519000,64.1236288,-21.7876223333333,0.00,0.00,0.00,true,true,0.32,2.00,0.57,1468
1773232524000,64.1236288,-21.7876223333333,0.00,0.00,0.00,true,true,0.10,5.00,0.07,1469
1773232526000,64.1236288,-21.7876223333333,0.00,0.00,0.00,true,true,0.01,2.00,0.02,1470
1773232529000,64.1236288,-21.7876223333333,0.00,0.00,0.00,true,true,0.00,3.00,0.00,1471
1773232531000,64.1236288,-21.7876223333333,0.00,0.00,0.00,true,true,0.00,2.00,0.00,1472
1773232533000,64.1236288,-21.7876223333333,0.00,0.00,0.00,true,true,0.00,2.00,0.00,1473
1773232537000,64.1236288,-21.7876223333333,0.00,0.00,0.00,true,true,0.00,4.00,0.00,1474
1773232539000,64.1236288,-21.7876223333333,0.00,0.00,0.00,true,true,0.00,2.00,0.00,1475
1773232543000,64.1236288,-21.7876223333333,0.00,0.00,0.00,true,true,0.00,4.00,0.00,1476
1773232545000,64.1236288,-21.7876223333333,0.00,0.00,0.00,true,true,0.00,2.00,0.00,1477
1773232550000,64.1236288,-21.7876223333333,0.00,0.00,0.00,true,true,0.00,5.00,0.00,1478
1773232554000,64.1236288,-21.7876223333333,0.00,0.00,0.00,true,true,0.00,4.00,0.00,1479
1773232556000,64.1236288,-21.7876223333333,0.00,0.00,0.00,true,true,0.00,2.00,0.00,1480
1773232558000,64.1236288,-21.7876223333333,0.00,0.00,0.00,true,true,0.00,2.00,0.00,1481
1773232562000,64.1236288,-21.7876223333333,0.00,0.00,0.00,true,true,0.00,4.00,0.00,1482
1773232564000,64.1236288,-21.7876223333333,0.00,0.00,0.00,true,true,0.00,2.00,0.00,1483
1773232568000,64.1236288,-21.7876223333333,0.00,0.00,0.00,true,true,0.00,4.00,0.00,1484
1773232573000,64.1236288,-21.7876223333333,0.00,0.00,0.00,true,true,0.00,5.00,0.00,1485
1773232575000,64.1236288,-21.7876223333333,0.00,0.00,0.00,true,true,0.00,2.00,0.00,1486
1773232579000,64.1236288,-21.7876223333333,0.00,0.00,0.00,true,true,0.00,4.00,0.00,1487
1773232581000,64.1236288,-21.7876223333333,0.00,0.00,0.00,true,true,0.00,2.00,0.00,1488
1773232583000,64.1236288,-21.7876223333333,0.00,0.00,0.00,true,true,0.00,2.00,0.00,1489
1773232587000,64.1236288,-21.7876223333333,0.00,0.00,0.00,true,true,0.00,4.00,0.00,1490
1773232591000,64.1236288,-21.7876223333333,0.00,0.00,0.00,true,true,0.00,4.00,0.00,1491
1773232595000,64.1236288,-21.7876223333333,0.00,0.00,0.00,true,true,0.00,4.00,0.00,1492
1773232598000,64.1236288,-21.7876223333333,0.00,0.00,0.00,true,true,0.00,3.00,0.00,1493
1773232600000,64.1236288,-21.7876223333333,0.00,0.00,0.00,true,true,0.00,2.00,0.00,1494
1773232602000,64.1236288,-21.7876223333333,0.00,0.00,0.00,true,true,0.00,2.00,0.00,1495
1773232606000,64.1236288,-21.7876223333333,0.00,0.00,0.00,true,true,0.00,4.00,0.00,1496
1773232608000,64.1236288,-21.7876223333333,0.00,0.00,0.00,true,true,0.00,2.00,0.00,1497
1773232615000,64.1236288,-21.7876223333333,0.00,0.00,0.00,true,true,0.00,7.00,0.00,1498
1773232617000,64.1236288,-21.7876223333333,0.00,0.00,0.00,true,true,0.00,2.00,0.00,1499
1773232621000,64.1236288,-21.7876223333333,0.00,0.00,0.00,true,true,0.00,4.00,0.00,1500
1773232625000,64.1236288,-21.7876223333333,0.00,0.00,0.00,true,true,0.00,4.00,0.00,1501
1773232627000,64.1236288,-21.7876223333333,0.00,0.00,0.00,true,true,0.00,2.00,0.00,1502
1773232631000,64.1236288,-21.7876223333333,0.00,0.00,0.00,true,true,0.00,4.00,0.00,1503
1773232633000,64.1236288,-21.7876223333333,0.00,0.00,0.00,true,true,0.00,2.00,0.00,1504
1773232635000,64.1236288,-21.7876223333333,0.00,0.00,0.00,true,true,0.00,2.00,0.00,1505
1773232640000,64.1236288,-21.7876223333333,0.00,0.00,0.00,true,true,0.00,5.00,0.00,1506
1773232642000,64.12363125,-21.7876183333333,0.00,0.00,0.00,true,true,0.33,2.00,0.60,1507
1773232646000,64.12363125,-21.7876183333333,0.00,0.00,0.00,true,true,0.09,4.00,0.08,1508
1773232650000,64.12363125,-21.7876183333333,0.00,0.00,0.00,true,true,0.01,4.00,0.01,1509
1773232655000,64.12363125,-21.7876183333333,0.00,0.00,0.00,true,true,0.00,5.00,0.00,1510
1773232657000,64.12363125,-21.7876183333333,0.00,0.00,0.00,true,true,0.00,2.00,0.00,1511
1773232661000,64.12363125,-21.7876183333333,0.00,0.00,0.00,true,true,0.00,4.00,0.00,1512
1773232667000,64.12363125,-21.7876183333333,0.00,0.00,0.00,true,true,0.00,6.00,0.00,1513
1773232669000,64.12363125,-21.7876183333333,0.00,0.00,0.00,true,true,0.00,2.00,0.00,1514
1773232674000,64.12363125,-21.7876183333333,0.00,0.00,0.00,true,true,0.00,5.00,0.00,1515
1773232676000,64.12363125,-21.7876183333333,0.00,0.00,0.00,true,true,0.00,2.00,0.00,1516
1773232680000,64.12363125,-21.7876183333333,0.00,0.00,0.00,true,true,0.00,4.00,0.00,1517
1773232682000,64.12363125,-21.7876183333333,0.00,0.00,0.00,true,true,0.00,2.00,0.00,1518
1773232685000,64.12363125,-21.7876183333333,0.00,0.00,0.00,true,true,0.00,3.00,0.00,1519
1773232691000,64.12363125,-21.7876183333333,0.00,0.00,0.00,true,true,0.00,6.00,0.00,1520
1773232694000,64.12363125,-21.7876183333333,0.00,0.00,0.00,true,true,0.00,3.00,0.00,1521
1773232700000,64.12363125,-21.7876183333333,0.00,0.00,0.00,true,true,0.00,6.00,0.00,1522
1773232702000,64.12363125,-21.7876183333333,0.00,0.00,0.00,true,true,0.00,2.00,0.00,1523
1773232704000,64.12363125,-21.7876183333333,0.00,0.00,0.00,true,true,0.00,2.00,0.00,1524
1773232708000,64.12363125,-21.7876183333333,0.00,0.00,0.00,true,true,0.00,4.00,0.00,1525
1773232710000,64.12363125,-21.7876183333333,0.00,0.00,0.00,true,true,0.00,2.00,0.00,1526
1773232712000,64.12363125,-21.7876183333333,0.00,0.00,0.00,true,true,0.00,2.00,0.00,1527
1773232715000,64.12363125,-21.7876183333333,0.00,0.00,0.00,true,true,0.00,3.00,0.00,1528
1773232717000,64.12363125,-21.7876183333333,0.00,0.00,0.00,true,true,0.00,2.00,0.00,1529
1773232722000,64.12363125,-21.7876183333333,0.00,0.00,0.00,true,true,0.00,5.00,0.00,1530
1773232724000,64.12363125,-21.7876183333333,0.00,0.00,0.00,true,true,0.00,2.00,0.00,1531
1773232728000,64.12363125,-21.7876183333333,0.00,0.00,0.00,true,true,0.00,4.00,0.00,1532
1773232730000,64.12363125,-21.7876183333333,0.00,0.00,0.00,true,true,0.00,2.00,0.00,1533
1773232735000,64.12363125,-21.7876183333333,0.00,0.00,0.00,true,true,0.00,5.00,0.00,1534
1773232739000,64.12363125,-21.7876183333333,0.00,0.00,0.00,true,true,0.00,4.00,0.00,1535
1773232743000,64.12363125,-21.7876183333333,0.00,0.00,0.00,true,true,0.00,4.00,0.00,1536
1773232745000,64.12363125,-21.7876183333333,0.00,0.00,0.00,true,true,0.00,2.00,0.00,1537
1773232749000,64.12363125,-21.7876183333333,0.00,0.00,0.00,true,true,0.00,4.00,0.00,1538
1773232751000,64.12363125,-21.7876183333333,0.00,0.00,0.00,true,true,0.00,2.00,0.00,1539
1773232753000,64.12363125,-21.7876183333333,0.00,0.00,0.00,true,true,0.00,2.00,0.00,1540
1773232760000,64.12363125,-21.7876183333333,0.00,0.00,0.00,true,true,0.00,7.00,0.00,1541
1773232766000,64.1236314,-21.7876175,0.00,0.00,0.00,true,true,0.04,6.00,0.03,1542
1773232768000,64.1236314,-21.7876175,0.00,0.00,0.00,true,true,0.00,2.00,0.00,1543
1773232770000,64.1236314,-21.7876175,0.00,0.00,0.00,true,true,0.00,2.00,0.00,1544
1773232772000,64.1236314,-21.7876175,0.00,0.00,0.00,true,true,0.00,2.00,0.00,1545
1773232777000,64.1236314,-21.7876175,0.00,0.00,0.00,true,true,0.00,5.00,0.00,1546
1773232779000,64.1236314,-21.7876175,0.00,0.00,0.00,true,true,0.00,2.00,0.00,1547
1773232781000,64.1236314,-21.7876175,0.00,0.00,0.00,true,true,0.00,2.00,0.00,1548
1773232785000,64.1236314,-21.7876175,0.00,0.00,0.00,true,true,0.00,4.00,0.00,1549
1773232787000,64.1236314,-21.7876175,0.00,0.00,0.00,true,true,0.00,2.00,0.00,1550
1773232791000,64.1236314,-21.7876175,0.00,0.00,0.00,true,true,0.00,4.00,0.00,1551
1773232793000,64.1236314,-21.7876175,0.00,0.00,0.00,true,true,0.00,2.00,0.00,1552
1773232796000,64.1236314,-21.7876175,0.00,0.00,0.00,true,true,0.00,3.00,0.00,1553
1773232798000,64.1236314,-21.7876175,0.00,0.00,0.00,true,true,0.00,2.00,0.00,1554
1773232802000,64.1236314,-21.7876175,0.00,0.00,0.00,true,true,0.00,4.00,0.00,1555
1773232804000,64.1236314,-21.7876175,0.00,0.00,0.00,true,true,0.00,2.00,0.00,1556
1773232808000,64.1236314,-21.7876175,0.00,0.00,0.00,true,true,0.00,4.00,0.00,1557
1773232810000,64.1236314,-21.7876175,0.00,0.00,0.00,true,true,0.00,2.00,0.00,1558
1773232814000,64.1236314,-21.7876175,0.00,0.00,0.00,true,true,0.00,4.00,0.00,1559
1773232816000,64.1236314,-21.7876175,0.00,0.00,0.00,true,true,0.00,2.00,0.00,1560
1773232818000,64.1236314,-21.7876175,0.00,0.00,0.00,true,true,0.00,2.00,0.00,1561
1773232822000,64.1236314,-21.7876175,0.00,0.00,0.00,true,true,0.00,4.00,0.00,1562
1773232827000,64.1236314,-21.7876175,0.00,0.00,0.00,true,true,0.00,5.00,0.00,1563
1773232833000,64.1236314,-21.7876175,0.00,0.00,0.00,true,true,0.00,6.00,0.00,1564
1773232835000,64.1236314,-21.7876175,0.00,0.00,0.00,true,true,0.00,2.00,0.00,1565
1773232837000,64.1236314,-21.7876175,0.00,0.00,0.00,true,true,0.00,2.00,0.00,1566
1773232840000,64.1236314,-21.7876175,0.00,0.00,0.00,true,true,0.00,3.00,0.00,1567
1773232846000,64.1236314,-21.7876175,0.00,0.00,0.00,true,true,0.00,6.00,0.00,1568
1773232848000,64.1236314,-21.7876175,0.00,0.00,0.00,true,true,0.00,2.00,0.00,1569
1773232852000,64.1236314,-21.7876175,0.00,0.00,0.00,true,true,0.00,4.00,0.00,1570
1773232857000,64.1236314,-21.7876175,0.00,0.00,0.00,true,true,0.00,5.00,0.00,1571
1773232862000,64.1236314,-21.7876175,0.00,0.00,0.00,true,true,0.00,5.00,0.00,1572
1773232864000,64.1236314,-21.7876175,0.00,0.00,0.00,true,true,0.00,2.00,0.00,1573
1773232868000,64.1236314,-21.7876175,0.00,0.00,0.00,true,true,0.00,4.00,0.00,1574
1773232870000,64.1236314,-21.7876175,0.00,0.00,0.00,true,true,0.00,2.00,0.00,1575
1773232874000,64.1236314,-21.7876175,0.00,0.00,0.00,true,true,0.00,4.00,0.00,1576
1773232876000,64.1236314,-21.7876175,0.00,0.00,0.00,true,true,0.00,2.00,0.00,1577
1773232878000,64.1236314,-21.7876175,0.00,0.00,0.00,true,true,0.00,2.00,0.00,1578
1773232881000,64.1236314,-21.7876175,0.00,0.00,0.00,true,true,0.00,3.00,0.00,1579
1773232885000,64.1236500833333,-21.7875818333333,0.00,0.00,0.00,true,true,2.70,4.00,2.43,1580
1773232887000,64.1236500833333,-21.7875818333333,0.00,0.00,0.00,true,true,0.34,2.00,0.62,1581
1773232889000,64.1236500833333,-21.7875818333333,0.00,0.00,0.00,true,true,0.09,2.00,0.17,1582
1773232891000,64.1236500833333,-21.7875818333333,0.00,0.00,0.00,true,true,0.03,2.00,0.05,1583
1773232893000,64.1236500833333,-21.7875818333333,0.00,0.00,0.00,true,true,0.01,2.00,0.02,1584
1773232898000,64.1236500833333,-21.7875818333333,0.00,0.00,0.00,true,true,0.00,5.00,0.00,1585
1773232900000,64.1236500833333,-21.7875818333333,0.00,0.00,0.00,true,true,0.00,2.00,0.00,1586
1773232902000,64.1236500833333,-21.7875818333333,0.00,0.00,0.00,true,true,0.00,2.00,0.00,1587
1773232906000,64.1236500833333,-21.7875818333333,0.00,0.00,0.00,true,true,0.00,4.00,0.00,1588
1773232910000,64.1236500833333,-21.7875818333333,0.00,0.00,0.00,true,true,0.00,4.00,0.00,1589
1773232912000,64.1236500833333,-21.7875818333333,0.00,0.00,0.00,true,true,0.00,2.00,0.00,1590
1773232914000,64.1236500833333,-21.7875818333333,0.00,0.00,0.00,true,true,0.00,2.00,0.00,1591
1773232917000,64.1236500833333,-21.7875818333333,0.00,0.00,0.00,true,true,0.00,3.00,0.00,1592
1773232919000,64.1236500833333,-21.7875818333333,0.00,0.00,0.00,true,true,0.00,2.00,0.00,1593
1773232921000,64.1236500833333,-21.7875818333333,0.00,0.00,0.00,true,true,0.00,2.00,0.00,1594
1773232925000,64.1236500833333,-21.7875818333333,0.00,0.00,0.00,true,true,0.00,4.00,0.00,1595
1773232927000,64.1236500833333,-21.7875818333333,0.00,0.00,0.00,true,true,0.00,2.00,0.00,1596
1773232931000,64.1236500833333,-21.7875818333333,0.00,0.00,0.00,true,true,0.00,4.00,0.00,1597
1773232936000,64.1236500833333,-21.7875818333333,0.00,0.00,0.00,true,true,0.00,5.00,0.00,1598
1773232940000,64.1236500833333,-21.7875818333333,0.00,0.00,0.00,true,true,0.00,4.00,0.00,1599
1773232942000,64.1236500833333,-21.7875818333333,0.00,0.00,0.00,true,true,0.00,2.00,0.00,1600
1773232944000,64.1236500833333,-21.7875818333333,0.00,0.00,0.00,true,true,0.00,2.00,0.00,1601
1773232946000,64.1236500833333,-21.7875818333333,0.00,0.00,0.00,true,true,0.00,2.00,0.00,1602
1773232949000,64.1236500833333,-21.7875818333333,0.00,0.00,0.00,true,true,0.00,3.00,0.00,1603
1773232955000,64.1236500833333,-21.7875818333333,0.00,0.00,0.00,true,true,0.00,6.00,0.00,1604
1773232957000,64.1236500833333,-21.7875818333333,0.00,0.00,0.00,true,true,0.00,2.00,0.00,1605
1773232961000,64.1236500833333,-21.7875818333333,0.00,0.00,0.00,true,true,0.00,4.00,0.00,1606
1773232963000,64.1236500833333,-21.7875818333333,0.00,0.00,0.00,true,true,0.00,2.00,0.00,1607
1773232967000,64.1236500833333,-21.7875818333333,0.00,0.00,0.00,true,true,0.00,4.00,0.00,1608
1773232969000,64.1236500833333,-21.7875818333333,0.00,0.00,0.00,true,true,0.00,2.00,0.00,1609
1773232972000,64.1236500833333,-21.7875818333333,0.00,0.00,0.00,true,true,0.00,3.00,0.00,1610
1773232974000,64.1236500833333,-21.7875818333333,0.00,0.00,0.00,true,true,0.00,2.00,0.00,1611
1773232980000,64.1236500833333,-21.7875818333333,0.00,0.00,0.00,true,true,0.00,6.00,0.00,1612
1773232982000,64.1236500833333,-21.7875818333333,0.00,0.00,0.00,true,true,0.00,2.00,0.00,1613
1773232986000,64.1236500833333,-21.7875818333333,0.00,0.00,0.00,true,true,0.00,4.00,0.00,1614
1773232988000,64.1236500833333,-21.7875818333333,0.00,0.00,0.00,true,true,0.00,2.00,0.00,1615
1773232991000,64.1236500833333,-21.7875818333333,0.00,0.00,0.00,true,true,0.00,3.00,0.00,1616
1773232995000,64.1236500833333,-21.7875818333333,0.00,0.00,0.00,true,true,0.00,4.00,0.00,1617
1773232997000,64.1236500833333,-21.7875818333333,0.00,0.00,0.00,true,true,0.00,2.00,0.00,1618
1773232999000,64.1236500833333,-21.7875818333333,0.00,0.00,0.00,true,true,0.00,2.00,0.00,1619
1773233001000,64.1236500833333,-21.7875818333333,0.00,0.00,0.00,true,true,0.00,2.00,0.00,1620
1773233003000,64.12365465,-21.7875791666667,0.00,0.00,0.00,true,true,0.52,2.00,0.94,1621
1773233008000,64.12365465,-21.7875791666667,0.00,0.00,0.00,true,true,0.17,5.00,0.12,1622
1773233010000,64.12365465,-21.7875791666667,0.00,0.00,0.00,true,true,0.02,2.00,0.03,1623
1773233012000,64.12365465,-21.7875791666667,0.00,0.00,0.00,true,true,0.00,2.00,0.01,1624
1773233016000,64.12365465,-21.7875791666667,0.00,0.00,0.00,true,true,0.00,4.00,0.00,1625
1773233020000,64.12365465,-21.7875791666667,0.00,0.00,0.00,true,true,0.00,4.00,0.00,1626
1773233022000,64.12365465,-21.7875791666667,0.00,0.00,0.00,true,true,0.00,2.00,0.00,1627
1773233027000,64.12365465,-21.7875791666667,0.00,0.00,0.00,true,true,0.00,5.00,0.00,1628
1773233029000,64.12365465,-21.7875791666667,0.00,0.00,0.00,true,true,0.00,2.00,0.00,1629
1773233031000,64.12365465,-21.7875791666667,0.00,0.00,0.00,true,true,0.00,2.00,0.00,1630
1773233035000,64.12365465,-21.7875791666667,0.00,0.00,0.00,true,true,0.00,4.00,0.00,1631
1773233037000,64.12365465,-21.7875791666667,0.00,0.00,0.00,true,true,0.00,2.00,0.00,1632
1773233041000,64.12365465,-21.7875791666667,0.00,0.00,0.00,true,true,0.00,4.00,0.00,1633
1773233043000,64.12365465,-21.7875791666667,0.00,0.00,0.00,true,true,0.00,2.00,0.00,1634
1773233046000,64.12365465,-21.7875791666667,0.00,0.00,0.00,true,true,0.00,3.00,0.00,1635
1773233052000,64.12365465,-21.7875791666667,0.00,0.00,0.00,true,true,0.00,6.00,0.00,1636
1773233054000,64.12365465,-21.7875791666667,0.00,0.00,0.00,true,true,0.00,2.00,0.00,1637
1773233056000,64.12365465,-21.7875791666667,0.00,0.00,0.00,true,true,0.00,2.00,0.00,1638
1773233060000,64.12365465,-21.7875791666667,0.00,0.00,0.00,true,true,0.00,4.00,0.00,1639
1773233062000,64.12365465,-21.7875791666667,0.00,0.00,0.00,true,true,0.00,2.00,0.00,1640
1773233064000,64.12365465,-21.7875791666667,0.00,0.00,0.00,true,true,0.00,2.00,0.00,1641
1773233067000,64.12365465,-21.7875791666667,0.00,0.00,0.00,true,true,0.00,3.00,0.00,1642
1773233071000,64.12365465,-21.7875791666667,0.00,0.00,0.00,true,true,0.00,4.00,0.00,1643
1773233074000,64.12365465,-21.7875791666667,0.00,0.00,0.00,true,true,0.00,3.00,0.00,1644
1773233077000,64.12365465,-21.7875791666667,0.00,0.00,0.00,true,true,0.00,3.00,0.00,1645
1773233079000,64.12365465,-21.7875791666667,0.00,0.00,0.00,true,true,0.00,2.00,0.00,1646
1773233084000,64.12365465,-21.7875791666667,0.00,0.00,0.00,true,true,0.00,5.00,0.00,1647
1773233086000,64.12365465,-21.7875791666667,0.00,0.00,0.00,true,true,0.00,2.00,0.00,1648
1773233090000,64.12365465,-21.7875791666667,0.00,0.00,0.00,true,true,0.00,4.00,0.00,1649
1773233094000,64.12365465,-21.7875791666667,0.00,0.00,0.00,true,true,0.00,4.00,0.00,1650
1773233097000,64.12365465,-21.7875791666667,0.00,0.00,0.00,true,true,0.00,3.00,0.00,1651
1773233099000,64.12365465,-21.7875791666667,0.00,0.00,0.00,true,true,0.00,2.00,0.00,1652
1773233104000,64.12365465,-21.7875791666667,0.00,0.00,0.00,true,true,0.00,5.00,0.00,1653
1773233106000,64.12365465,-21.7875791666667,0.00,0.00,0.00,true,true,0.00,2.00,0.00,1654
1773233110000,64.12365465,-21.7875791666667,0.00,0.00,0.00,true,true,0.00,4.00,0.00,1655
1773233112000,64.12365465,-21.7875791666667,0.00,0.00,0.00,true,true,0.00,2.00,0.00,1656
1773233116000,64.12365465,-21.7875791666667,0.00,0.00,0.00,true,true,0.00,4.00,0.00,1657
1773233118000,64.12365465,-21.7875791666667,0.00,0.00,0.00,true,true,0.00,2.00,0.00,1658
1773233120000,64.12365465,-21.7875791666667,0.00,0.00,0.00,true,true,0.00,2.00,0.00,1659
1773233123000,64.12365465,-21.7875791666667,0.00,0.00,0.00,true,true,0.00,3.00,0.00,1660
1773233125000,64.1236549166667,-21.787581,0.00,0.00,0.00,true,true,0.09,2.00,0.17,1661
1773233129000,64.1236549166667,-21.787581,0.00,0.00,0.00,true,true,0.03,4.00,0.02,1662
1773233133000,64.1236549166667,-21.787581,0.00,0.00,0.00,true,true,0.00,4.00,0.00,1663
1773233135000,64.1236549166667,-21.787581,0.00,0.00,0.00,true,true,0.00,2.00,0.00,1664
1773233137000,64.1236549166667,-21.787581,0.00,0.00,0.00,true,true,0.00,2.00,0.00,1665
1773233139000,64.1236549166667,-21.787581,0.00,0.00,0.00,true,true,0.00,2.00,0.00,1666
1773233146000,64.1236549166667,-21.787581,0.00,0.00,0.00,true,true,0.00,7.00,0.00,1667
1773233148000,64.1236549166667,-21.787581,0.00,0.00,0.00,true,true,0.00,2.00,0.00,1668
1773233150000,64.1236549166667,-21.787581,0.00,0.00,0.00,true,true,0.00,2.00,0.00,1669
1773233154000,64.1236549166667,-21.787581,0.00,0.00,0.00,true,true,0.00,4.00,0.00,1670
1773233156000,64.1236549166667,-21.787581,0.00,0.00,0.00,true,true,0.00,2.00,0.00,1671
1773233160000,64.1236549166667,-21.787581,0.00,0.00,0.00,true,true,0.00,4.00,0.00,1672
1773233162000,64.1236549166667,-21.787581,0.00,0.00,0.00,true,true,0.00,2.00,0.00,1673
1773233164000,64.1236549166667,-21.787581,0.00,0.00,0.00,true,true,0.00,2.00,0.00,1674
1773233169000,64.1236549166667,-21.787581,0.00,0.00,0.00,true,true,0.00,5.00,0.00,1675
1773233171000,64.1236549166667,-21.787581,0.00,0.00,0.00,true,true,0.00,2.00,0.00,1676
1773233173000,64.1236549166667,-21.787581,0.00,0.00,0.00,true,true,0.00,2.00,0.00,1677
1773233175000,64.1236549166667,-21.787581,0.00,0.00,0.00,true,true,0.00,2.00,0.00,1678
1773233181000,64.1236549166667,-21.787581,0.00,0.00,0.00,true,true,0.00,6.00,0.00,1679
1773233184000,64.1236549166667,-21.787581,0.00,0.00,0.00,true,true,0.00,3.00,0.00,1680
1773233186000,64.1236549166667,-21.787581,0.00,0.00,0.00,true,true,0.00,2.00,0.00,1681
1773233190000,64.1236549166667,-21.787581,0.00,0.00,0.00,true,true,0.00,4.00,0.00,1682
1773233193000,64.1236549166667,-21.787581,0.00,0.00,0.00,true,true,0.00,3.00,0.00,1683
1773233195000,64.1236549166667,-21.787581,0.00,0.00,0.00,true,true,0.00,2.00,0.00,1684
1773233199000,64.1236549166667,-21.787581,0.00,0.00,0.00,true,true,0.00,4.00,0.00,1685
1773233203000,64.1236549166667,-21.787581,0.00,0.00,0.00,true,true,0.00,4.00,0.00,1686
1773233207000,64.1236549166667,-21.787581,0.00,0.00,0.00,true,true,0.00,4.00,0.00,1687
1773233209000,64.1236549166667,-21.787581,0.00,0.00,0.00,true,true,0.00,2.00,0.00,1688
1773233211000,64.1236549166667,-21.787581,0.00,0.00,0.00,true,true,0.00,2.00,0.00,1689
1773233216000,64.1236549166667,-21.787581,0.00,0.00,0.00,true,true,0.00,5.00,0.00,1690
1773233221000,64.1236549166667,-21.787581,0.00,0.00,0.00,true,true,0.00,5.00,0.00,1691
1773233223000,64.1236549166667,-21.787581,0.00,0.00,0.00,true,true,0.00,2.00,0.00,1692
1773233225000,64.1236549166667,-21.787581,0.00,0.00,0.00,true,true,0.00,2.00,0.00,1693
1773233229000,64.1236549166667,-21.787581,0.00,0.00,0.00,true,true,0.00,4.00,0.00,1694
1773233231000,64.1236549166667,-21.787581,0.00,0.00,0.00,true,true,0.00,2.00,0.00,1695
1773233235000,64.1236549166667,-21.787581,0.00,0.00,0.00,true,true,0.00,4.00,0.00,1696
1773233237000,64.1236549166667,-21.787581,0.00,0.00,0.00,true,true,0.00,2.00,0.00,1697
1773233241000,64.1236549166667,-21.787581,0.00,0.00,0.00,true,true,0.00,4.00,0.00,1698
1773233244000,64.1236549,-21.7875831666667,0.00,0.00,0.00,true,true,0.11,3.00,0.13,1699
1773233248000,64.1236549,-21.7875831666667,0.00,0.00,0.00,true,true,0.02,4.00,0.02,1700
1773233250000,64.1236549,-21.7875831666667,0.00,0.00,0.00,true,true,0.00,2.00,0.00,1701
1773233252000,64.1236549,-21.7875831666667,0.00,0.00,0.00,true,true,0.00,2.00,0.00,1702
1773233255000,64.1236549,-21.7875831666667,0.00,0.00,0.00,true,true,0.00,3.00,0.00,1703
1773233259000,64.1236549,-21.7875831666667,0.00,0.00,0.00,true,true,0.00,4.00,0.00,1704
1773233261000,64.1236549,-21.7875831666667,0.00,0.00,0.00,true,true,0.00,2.00,0.00,1705
1773233265000,64.1236549,-21.7875831666667,0.00,0.00,0.00,true,true,0.00,4.00,0.00,1706
1773233267000,64.1236549,-21.7875831666667,0.00,0.00,0.00,true,true,0.00,2.00,0.00,1707
1773233273000,64.1236549,-21.7875831666667,0.00,0.00,0.00,true,true,0.00,6.00,0.00,1708
1773233276000,64.1236549,-21.7875831666667,0.00,0.00,0.00,true,true,0.00,3.00,0.00,1709
1773233278000,64.1236549,-21.7875831666667,0.00,0.00,0.00,true,true,0.00,2.00,0.00,1710
1773233281000,64.1236549,-21.7875831666667,0.00,0.00,0.00,true,true,0.00,3.00,0.00,1711
1773233283000,64.1236549,-21.7875831666667,0.00,0.00,0.00,true,true,0.00,2.00,0.00,1712
1773233287000,64.1236549,-21.7875831666667,0.00,0.00,0.00,true,true,0.00,4.00,0.00,1713
1773233289000,64.1236549,-21.7875831666667,0.00,0.00,0.00,true,true,0.00,2.00,0.00,1714
1773233293000,64.1236549,-21.7875831666667,0.00,0.00,0.00,true,true,0.00,4.00,0.00,1715
1773233299000,64.1236549,-21.7875831666667,0.00,0.00,0.00,true,true,0.00,6.00,0.00,1716
1773233301000,64.1236549,-21.7875831666667,0.00,0.00,0.00,true,true,0.00,2.00,0.00,1717
1773233303000,64.1236549,-21.7875831666667,0.00,0.00,0.00,true,true,0.00,2.00,0.00,1718
1773233305000,64.1236549,-21.7875831666667,0.00,0.00,0.00,true,true,0.00,2.00,0.00,1719
1773233309000,64.1236549,-21.7875831666667,0.00,0.00,0.00,true,true,0.00,4.00,0.00,1720
1773233313000,64.1236549,-21.7875831666667,0.00,0.00,0.00,true,true,0.00,4.00,0.00,1721
1773233315000,64.1236549,-21.7875831666667,0.00,0.00,0.00,true,true,0.00,2.00,0.00,1722
1773233317000,64.1236549,-21.7875831666667,0.00,0.00,0.00,true,true,0.00,2.00,0.00,1723
1773233319000,64.1236549,-21.7875831666667,0.00,0.00,0.00,true,true,0.00,2.00,0.00,1724
1773233327000,64.1236549,-21.7875831666667,0.00,0.00,0.00,true,true,0.00,8.00,0.00,1725
1773233329000,64.1236549,-21.7875831666667,0.00,0.00,0.00,true,true,0.00,2.00,0.00,1726
1773233331000,64.1236549,-21.7875831666667,0.00,0.00,0.00,true,true,0.00,2.00,0.00,1727
1773233333000,64.1236549,-21.7875831666667,0.00,0.00,0.00,true,true,0.00,2.00,0.00,1728
1773233338000,64.1236549,-21.7875831666667,0.00,0.00,0.00,true,true,0.00,5.00,0.00,1729
1773233340000,64.1236549,-21.7875831666667,0.00,0.00,0.00,true,true,0.00,2.00,0.00,1730
1773233342000,64.1236549,-21.7875831666667,0.00,0.00,0.00,true,true,0.00,2.00,0.00,1731
1773233346000,64.1236549,-21.7875831666667,0.00,0.00,0.00,true,true,0.00,4.00,0.00,1732
1773233348000,64.1236549,-21.7875831666667,0.00,0.00,0.00,true,true,0.00,2.00,0.00,1733
1773233352000,64.1236549,-21.7875831666667,0.00,0.00,0.00,true,true,0.00,4.00,0.00,1734
1773233354000,64.1236549,-21.7875831666667,0.00,0.00,0.00,true,true,0.00,2.00,0.00,1735
1773233359000,64.1236549,-21.7875831666667,0.00,0.00,0.00,true,true,0.00,5.00,0.00,1736
1773233364000,64.1236549,-21.7875831666667,0.00,0.00,0.00,true,true,0.00,5.00,0.00,1737
1773233366000,64.12365495,-21.7875845,0.00,0.00,0.00,true,true,0.07,2.00,0.12,1738
1773233368000,64.12365495,-21.7875845,0.00,0.00,0.00,true,true,0.02,2.00,0.03,1739
1773233370000,64.12365495,-21.7875845,0.00,0.00,0.00,true,true,0.01,2.00,0.01,1740
1773233374000,64.12365495,-21.7875845,0.00,0.00,0.00,true,true,0.00,4.00,0.00,1741
1773233379000,64.12365495,-21.7875845,0.00,0.00,0.00,true,true,0.00,5.00,0.00,1742
1773233381000,64.12365495,-21.7875845,0.00,0.00,0.00,true,true,0.00,2.00,0.00,1743
1773233385000,64.12365495,-21.7875845,0.00,0.00,0.00,true,true,0.00,4.00,0.00,1744
1773233387000,64.12365495,-21.7875845,0.00,0.00,0.00,true,true,0.00,2.00,0.00,1745
1773233391000,64.12365495,-21.7875845,0.00,0.00,0.00,true,true,0.00,4.00,0.00,1746
1773233393000,64.12365495,-21.7875845,0.00,0.00,0.00,true,true,0.00,2.00,0.00,1747
1773233395000,64.12365495,-21.7875845,0.00,0.00,0.00,true,true,0.00,2.00,0.00,1748
1773233399000,64.12365495,-21.7875845,0.00,0.00,0.00,true,true,0.00,4.00,0.00,1749
1773233405000,64.12365495,-21.7875845,0.00,0.00,0.00,true,true,0.00,6.00,0.00,1750
1773233411000,64.12365495,-21.7875845,0.00,0.00,0.00,true,true,0.00,6.00,0.00,1751
1773233414000,64.12365495,-21.7875845,0.00,0.00,0.00,true,true,0.00,3.00,0.00,1752
1773233417000,64.12365495,-21.7875845,0.00,0.00,0.00,true,true,0.00,3.00,0.00,1753
1773233421000,64.12365495,-21.7875845,0.00,0.00,0.00,true,true,0.00,4.00,0.00,1754
1773233425000,64.12365495,-21.7875845,0.00,0.00,0.00,true,true,0.00,4.00,0.00,1755
1773233430000,64.12365495,-21.7875845,0.00,0.00,0.00,true,true,0.00,5.00,0.00,1756
1773233432000,64.12365495,-21.7875845,0.00,0.00,0.00,true,true,0.00,2.00,0.00,1757
1773233436000,64.12365495,-21.7875845,0.00,0.00,0.00,true,true,0.00,4.00,0.00,1758
1773233438000,64.12365495,-21.7875845,0.00,0.00,0.00,true,true,0.00,2.00,0.00,1759
1773233440000,64.12365495,-21.7875845,0.00,0.00,0.00,true,true,0.00,2.00,0.00,1760
1773233443000,64.12365495,-21.7875845,0.00,0.00,0.00,true,true,0.00,3.00,0.00,1761
1773233445000,64.12365495,-21.7875845,0.00,0.00,0.00,true,true,0.00,2.00,0.00,1762
1773233455000,64.12365495,-21.7875845,0.00,0.00,0.00,true,true,0.00,10.00,0.00,1763
1773233457000,64.12365495,-21.7875845,0.00,0.00,0.00,true,true,0.00,2.00,0.00,1764
1773233461000,64.12365495,-21.7875845,0.00,0.00,0.00,true,true,0.00,4.00,0.00,1765
1773233463000,64.12365495,-21.7875845,0.00,0.00,0.00,true,true,0.00,2.00,0.00,1766
1773233465000,64.12365495,-21.7875845,0.00,0.00,0.00,true,true,0.00,2.00,0.00,1767
1773233468000,64.12365495,-21.7875845,0.00,0.00,0.00,true,true,0.00,3.00,0.00,1768
1773233470000,64.12365495,-21.7875845,0.00,0.00,0.00,true,true,0.00,2.00,0.00,1769
1773233473000,64.12365495,-21.7875845,0.00,0.00,0.00,true,true,0.00,3.00,0.00,1770
1773233477000,64.12365495,-21.7875845,0.00,0.00,0.00,true,true,0.00,4.00,0.00,1771
1773233483000,64.12365495,-21.7875845,0.00,0.00,0.00,true,true,0.00,6.00,0.00,1772
1773233485000,64.12365495,-21.7875845,0.00,0.00,0.00,true,true,0.00,2.00,0.00,1773
1773233488000,64.1236547166667,-21.7875873333333,0.00,0.00,0.00,true,true,0.14,3.00,0.17,1774
1773233490000,64.1236547166667,-21.7875873333333,0.00,0.00,0.00,true,true,0.03,2.00,0.05,1775
1773233494000,64.1236547166667,-21.7875873333333,0.00,0.00,0.00,true,true,0.01,4.00,0.01,1776
1773233496000,64.1236547166667,-21.7875873333333,0.00,0.00,0.00,true,true,0.00,2.00,0.00,1777
1773233498000,64.1236547166667,-21.7875873333333,0.00,0.00,0.00,true,true,0.00,2.00,0.00,1778
1773233502000,64.1236547166667,-21.7875873333333,0.00,0.00,0.00,true,true,0.00,4.00,0.00,1779
1773233506000,64.1236547166667,-21.7875873333333,0.00,0.00,0.00,true,true,0.00,4.00,0.00,1780
1773233509000,64.1236547166667,-21.7875873333333,0.00,0.00,0.00,true,true,0.00,3.00,0.00,1781
1773233513000,64.1236547166667,-21.7875873333333,0.00,0.00,0.00,true,true,0.00,4.00,0.00,1782
1773233515000,64.1236547166667,-21.7875873333333,0.00,0.00,0.00,true,true,0.00,2.00,0.00,1783
1773233519000,64.1236547166667,-21.7875873333333,0.00,0.00,0.00,true,true,0.00,4.00,0.00,1784
1773233521000,64.1236547166667,-21.7875873333333,0.00,0.00,0.00,true,true,0.00,2.00,0.00,1785
1773233523000,64.1236547166667,-21.7875873333333,0.00,0.00,0.00,true,true,0.00,2.00,0.00,1786
1773233527000,64.1236547166667,-21.7875873333333,0.00,0.00,0.00,true,true,0.00,4.00,0.00,1787
1773233530000,64.1236547166667,-21.7875873333333,0.00,0.00,0.00,true,true,0.00,3.00,0.00,1788
1773233532000,64.1236547166667,-21.7875873333333,0.00,0.00,0.00,true,true,0.00,2.00,0.00,1789
1773233536000,64.1236547166667,-21.7875873333333,0.00,0.00,0.00,true,true,0.00,4.00,0.00,1790
1773233538000,64.1236547166667,-21.7875873333333,0.00,0.00,0.00,true,true,0.00,2.00,0.00,1791
1773233540000,64.1236547166667,-21.7875873333333,0.00,0.00,0.00,true,true,0.00,2.00,0.00,1792
1773233543000,64.1236547166667,-21.7875873333333,0.00,0.00,0.00,true,true,0.00,3.00,0.00,1793
1773233546000,64.1236547166667,-21.7875873333333,0.00,0.00,0.00,true,true,0.00,3.00,0.00,1794
1773233548000,64.1236547166667,-21.7875873333333,0.00,0.00,0.00,true,true,0.00,2.00,0.00,1795
1773233551000,64.1236547166667,-21.7875873333333,0.00,0.00,0.00,true,true,0.00,3.00,0.00,1796
1773233555000,64.1236547166667,-21.7875873333333,0.00,0.00,0.00,true,true,0.00,4.00,0.00,1797
1773233557000,64.1236547166667,-21.7875873333333,0.00,0.00,0.00,true,true,0.00,2.00,0.00,1798
1773233559000,64.1236547166667,-21.7875873333333,0.00,0.00,0.00,true,true,0.00,2.00,0.00,1799
1773233564000,64.1236547166667,-21.7875873333333,0.00,0.00,0.00,true,true,0.00,5.00,0.00,1800
1773233566000,64.1236547166667,-21.7875873333333,0.00,0.00,0.00,true,true,0.00,2.00,0.00,1801
1773233571000,64.1236547166667,-21.7875873333333,0.00,0.00,0.00,true,true,0.00,5.00,0.00,1802
1773233575000,64.1236547166667,-21.7875873333333,0.00,0.00,0.00,true,true,0.00,4.00,0.00,1803
1773233577000,64.1236547166667,-21.7875873333333,0.00,0.00,0.00,true,true,0.00,2.00,0.00,1804
1773233579000,64.1236547166667,-21.7875873333333,0.00,0.00,0.00,true,true,0.00,2.00,0.00,1805
1773233581000,64.1236547166667,-21.7875873333333,0.00,0.00,0.00,true,true,0.00,2.00,0.00,1806
1773233589000,64.1236547166667,-21.7875873333333,0.00,0.00,0.00,true,true,0.00,8.00,0.00,1807
1773233591000,64.1236547166667,-21.7875873333333,0.00,0.00,0.00,true,true,0.00,2.00,0.00,1808
1773233596000,64.1236547166667,-21.7875873333333,0.00,0.00,0.00,true,true,0.00,5.00,0.00,1809
1773233600000,64.1236547166667,-21.7875873333333,0.00,0.00,0.00,true,true,0.00,4.00,0.00,1810
1773233602000,64.1236547166667,-21.7875873333333,0.00,0.00,0.00,true,true,0.00,2.00,0.00,1811
1773233604000,64.1236547166667,-21.7875873333333,0.00,0.00,0.00,true,true,0.00,2.00,0.00,1812
1773233606000,64.1236547166667,-21.7875873333333,0.00,0.00,0.00,true,true,0.00,2.00,0.00,1813
1773233610000,64.1236539,-21.787587,0.00,0.00,0.00,true,true,0.09,4.00,0.08,1814
1773233612000,64.1236539,-21.787587,0.00,0.00,0.00,true,true,0.01,2.00,0.02,1815
1773233616000,64.1236539,-21.787587,0.00,0.00,0.00,true,true,0.00,4.00,0.00,1816
1773233618000,64.1236539,-21.787587,0.00,0.00,0.00,true,true,0.00,2.00,0.00,1817
1773233621000,64.1236539,-21.787587,0.00,0.00,0.00,true,true,0.00,3.00,0.00,1818
1773233623000,64.1236539,-21.787587,0.00,0.00,0.00,true,true,0.00,2.00,0.00,1819
1773233627000,64.1236539,-21.787587,0.00,0.00,0.00,true,true,0.00,4.00,0.00,1820
1773233629000,64.1236539,-21.787587,0.00,0.00,0.00,true,true,0.00,2.00,0.00,1821
1773233635000,64.1236539,-21.787587,0.00,0.00,0.00,true,true,0.00,6.00,0.00,1822
1773233637000,64.1236539,-21.787587,0.00,0.00,0.00,true,true,0.00,2.00,0.00,1823
1773233639000,64.1236539,-21.787587,0.00,0.00,0.00,true,true,0.00,2.00,0.00,1824
1773233642000,64.1236539,-21.787587,0.00,0.00,0.00,true,true,0.00,3.00,0.00,1825
1773233646000,64.1236539,-21.787587,0.00,0.00,0.00,true,true,0.00,4.00,0.00,1826
1773233648000,64.1236539,-21.787587,0.00,0.00,0.00,true,true,0.00,2.00,0.00,1827
1773233652000,64.1236539,-21.787587,0.00,0.00,0.00,true,true,0.00,4.00,0.00,1828
1773233657000,64.1236539,-21.787587,0.00,0.00,0.00,true,true,0.00,5.00,0.00,1829
1773233659000,64.1236539,-21.787587,0.00,0.00,0.00,true,true,0.00,2.00,0.00,1830
1773233665000,64.1236539,-21.787587,0.00,0.00,0.00,true,true,0.00,6.00,0.00,1831
1773233667000,64.1236539,-21.787587,0.00,0.00,0.00,true,true,0.00,2.00,0.00,1832
1773233669000,64.1236539,-21.787587,0.00,0.00,0.00,true,true,0.00,2.00,0.00,1833
1773233673000,64.1236539,-21.787587,0.00,0.00,0.00,true,true,0.00,4.00,0.00,1834
1773233676000,64.1236539,-21.787587,0.00,0.00,0.00,true,true,0.00,3.00,0.00,1835
1773233678000,64.1236539,-21.787587,0.00,0.00,0.00,true,true,0.00,2.00,0.00,1836
1773233682000,64.1236539,-21.787587,0.00,0.00,0.00,true,true,0.00,4.00,0.00,1837
1773233686000,64.1236539,-21.787587,0.00,0.00,0.00,true,true,0.00,4.00,0.00,1838
1773233690000,64.1236539,-21.787587,0.00,0.00,0.00,true,true,0.00,4.00,0.00,1839
1773233694000,64.1236539,-21.787587,0.00,0.00,0.00,true,true,0.00,4.00,0.00,1840
1773233697000,64.1236539,-21.787587,0.00,0.00,0.00,true,true,0.00,3.00,0.00,1841
1773233701000,64.1236539,-21.787587,0.00,0.00,0.00,true,true,0.00,4.00,0.00,1842
1773233703000,64.1236539,-21.787587,0.00,0.00,0.00,true,true,0.00,2.00,0.00,1843
1773233707000,64.1236539,-21.787587,0.00,0.00,0.00,true,true,0.00,4.00,0.00,1844
1773233709000,64.1236539,-21.787587,0.00,0.00,0.00,true,true,0.00,2.00,0.00,1845
1773233712000,64.1236539,-21.787587,0.00,0.00,0.00,true,true,0.00,3.00,0.00,1846
1773233716000,64.1236539,-21.787587,0.00,0.00,0.00,true,true,0.00,4.00,0.00,1847
1773233718000,64.1236539,-21.787587,0.00,0.00,0.00,true,true,0.00,2.00,0.00,1848
1773233720000,64.1236539,-21.787587,0.00,0.00,0.00,true,true,0.00,2.00,0.00,1849
1773233724000,64.1236539,-21.787587,0.00,0.00,0.00,true,true,0.00,4.00,0.00,1850
1773233726000,64.1236539,-21.787587,0.00,0.00,0.00,true,true,0.00,2.00,0.00,1851
1773233730000,64.1236539,-21.787587,0.00,0.00,0.00,true,true,0.00,4.00,0.00,1852
1773233732000,64.1236539,-21.787587,0.00,0.00,0.00,true,true,0.00,2.00,0.00,1853
1773233734000,64.1236525166667,-21.7875895,0.00,0.00,0.00,true,true,0.20,2.00,0.35,1854
1773233738000,64.1236525166667,-21.7875895,0.00,0.00,0.00,true,true,0.06,4.00,0.05,1855
1773233740000,64.1236525166667,-21.7875895,0.00,0.00,0.00,true,true,0.01,2.00,0.02,1856
1773233744000,64.1236525166667,-21.7875895,0.00,0.00,0.00,true,true,0.00,4.00,0.00,1857
1773233746000,64.1236525166667,-21.7875895,0.00,0.00,0.00,true,true,0.00,2.00,0.00,1858
1773233749000,64.1236525166667,-21.7875895,0.00,0.00,0.00,true,true,0.00,3.00,0.00,1859
1773233751000,64.1236525166667,-21.7875895,0.00,0.00,0.00,true,true,0.00,2.00,0.00,1860
1773233755000,64.1236525166667,-21.7875895,0.00,0.00,0.00,true,true,0.00,4.00,0.00,1861
1773233757000,64.1236525166667,-21.7875895,0.00,0.00,0.00,true,true,0.00,2.00,0.00,1862
1773233759000,64.1236525166667,-21.7875895,0.00,0.00,0.00,true,true,0.00,2.00,0.00,1863
1773233763000,64.1236525166667,-21.7875895,0.00,0.00,0.00,true,true,0.00,4.00,0.00,1864
1773233765000,64.1236525166667,-21.7875895,0.00,0.00,0.00,true,true,0.00,2.00,0.00,1865
1773233769000,64.1236525166667,-21.7875895,0.00,0.00,0.00,true,true,0.00,4.00,0.00,1866
1773233771000,64.1236525166667,-21.7875895,0.00,0.00,0.00,true,true,0.00,2.00,0.00,1867
1773233773000,64.1236525166667,-21.7875895,0.00,0.00,0.00,true,true,0.00,2.00,0.00,1868
1773233775000,64.1236525166667,-21.7875895,0.00,0.00,0.00,true,true,0.00,2.00,0.00,1869
1773233782000,64.1236525166667,-21.7875895,0.00,0.00,0.00,true,true,0.00,7.00,0.00,1870
1773233786000,64.1236525166667,-21.7875895,0.00,0.00,0.00,true,true,0.00,4.00,0.00,1871
1773233788000,64.1236525166667,-21.7875895,0.00,0.00,0.00,true,true,0.00,2.00,0.00,1872
1773233790000,64.1236525166667,-21.7875895,0.00,0.00,0.00,true,true,0.00,2.00,0.00,1873
1773233796000,64.1236525166667,-21.7875895,0.00,0.00,0.00,true,true,0.00,6.00,0.00,1874
1773233798000,64.1236525166667,-21.7875895,0.00,0.00,0.00,true,true,0.00,2.00,0.00,1875
1773233802000,64.1236525166667,-21.7875895,0.00,0.00,0.00,true,true,0.00,4.00,0.00,1876
1773233807000,64.1236525166667,-21.7875895,0.00,0.00,0.00,true,true,0.00,5.00,0.00,1877
1773233809000,64.1236525166667,-21.7875895,0.00,0.00,0.00,true,true,0.00,2.00,0.00,1878
1773233813000,64.1236525166667,-21.7875895,0.00,0.00,0.00,true,true,0.00,4.00,0.00,1879
1773233816000,64.1236525166667,-21.7875895,0.00,0.00,0.00,true,true,0.00,3.00,0.00,1880
1773233821000,64.1236525166667,-21.7875895,0.00,0.00,0.00,true,true,0.00,5.00,0.00,1881
1773233823000,64.1236525166667,-21.7875895,0.00,0.00,0.00,true,true,0.00,2.00,0.00,1882
1773233825000,64.1236525166667,-21.7875895,0.00,0.00,0.00,true,true,0.00,2.00,0.00,1883
1773233827000,64.1236525166667,-21.7875895,0.00,0.00,0.00,true,true,0.00,2.00,0.00,1884
1773233830000,64.1236525166667,-21.7875895,0.00,0.00,0.00,true,true,0.00,3.00,0.00,1885
1773233836000,64.1236525166667,-21.7875895,0.00,0.00,0.00,true,true,0.00,6.00,0.00,1886
1773233838000,64.1236525166667,-21.7875895,0.00,0.00,0.00,true,true,0.00,2.00,0.00,1887
1773233841000,64.1236525166667,-21.7875895,0.00,0.00,0.00,true,true,0.00,3.00,0.00,1888
1773233848000,64.1236525166667,-21.7875895,0.00,0.00,0.00,true,true,0.00,7.00,0.00,1889
1773233851000,64.1236525166667,-21.7875895,0.00,0.00,0.00,true,true,0.00,3.00,0.00,1890
1773233853000,64.1236525166667,-21.7875895,0.00,0.00,0.00,true,true,0.00,2.00,0.00,1891
1773233857000,64.1236529166667,-21.7875898333333,0.00,0.00,0.00,true,true,0.05,4.00,0.04,1892
1773233862000,64.1236529166667,-21.7875898333333,0.00,0.00,0.00,true,true,0.01,5.00,0.00,1893
1773233864000,64.1236529166667,-21.7875898333333,0.00,0.00,0.00,true,true,0.00,2.00,0.00,1894
1773233870000,64.1236529166667,-21.7875898333333,0.00,0.00,0.00,true,true,0.00,6.00,0.00,1895
1773233872000,64.1236529166667,-21.7875898333333,0.00,0.00,0.00,true,true,0.00,2.00,0.00,1896
1773233876000,64.1236529166667,-21.7875898333333,0.00,0.00,0.00,true,true,0.00,4.00,0.00,1897
1773233878000,64.1236529166667,-21.7875898333333,0.00,0.00,0.00,true,true,0.00,2.00,0.00,1898
1773233881000,64.1236529166667,-21.7875898333333,0.00,0.00,0.00,true,true,0.00,3.00,0.00,1899
1773233887000,64.1236529166667,-21.7875898333333,0.00,0.00,0.00,true,true,0.00,6.00,0.00,1900
1773233893000,64.1236529166667,-21.7875898333333,0.00,0.00,0.00,true,true,0.00,6.00,0.00,1901
1773233899000,64.1236529166667,-21.7875898333333,0.00,0.00,0.00,true,true,0.00,6.00,0.00,1902
1773233901000,64.1236529166667,-21.7875898333333,0.00,0.00,0.00,true,true,0.00,2.00,0.00,1903
1773233903000,64.1236529166667,-21.7875898333333,0.00,0.00,0.00,true,true,0.00,2.00,0.00,1904
1773233906000,64.1236529166667,-21.7875898333333,0.00,0.00,0.00,true,true,0.00,3.00,0.00,1905
1773233911000,64.1236529166667,-21.7875898333333,0.00,0.00,0.00,true,true,0.00,5.00,0.00,1906
1773233915000,64.1236529166667,-21.7875898333333,0.00,0.00,0.00,true,true,0.00,4.00,0.00,1907
1773233921000,64.1236529166667,-21.7875898333333,0.00,0.00,0.00,true,true,0.00,6.00,0.00,1908
1773233923000,64.1236529166667,-21.7875898333333,0.00,0.00,0.00,true,true,0.00,2.00,0.00,1909
1773233925000,64.1236529166667,-21.7875898333333,0.00,0.00,0.00,true,true,0.00,2.00,0.00,1910
1773233929000,64.1236529166667,-21.7875898333333,0.00,0.00,0.00,true,true,0.00,4.00,0.00,1911
1773233931000,64.1236529166667,-21.7875898333333,0.00,0.00,0.00,true,true,0.00,2.00,0.00,1912
1773233933000,64.1236529166667,-21.7875898333333,0.00,0.00,0.00,true,true,0.00,2.00,0.00,1913
1773233936000,64.1236529166667,-21.7875898333333,0.00,0.00,0.00,true,true,0.00,3.00,0.00,1914
1773233942000,64.1236529166667,-21.7875898333333,0.00,0.00,0.00,true,true,0.00,6.00,0.00,1915
1773233946000,64.1236529166667,-21.7875898333333,0.00,0.00,0.00,true,true,0.00,4.00,0.00,1916
1773233948000,64.1236529166667,-21.7875898333333,0.00,0.00,0.00,true,true,0.00,2.00,0.00,1917
1773233951000,64.1236529166667,-21.7875898333333,0.00,0.00,0.00,true,true,0.00,3.00,0.00,1918
1773233957000,64.1236529166667,-21.7875898333333,0.00,0.00,0.00,true,true,0.00,6.00,0.00,1919
1773233959000,64.1236529166667,-21.7875898333333,0.00,0.00,0.00,true,true,0.00,2.00,0.00,1920
1773233965000,64.1236529166667,-21.7875898333333,0.00,0.00,0.00,true,true,0.00,6.00,0.00,1921
1773233967000,64.1236529166667,-21.7875898333333,0.00,0.00,0.00,true,true,0.00,2.00,0.00,1922
1773233971000,64.1236529166667,-21.7875898333333,0.00,0.00,0.00,true,true,0.00,4.00,0.00,1923
1773233973000,64.1236529166667,-21.7875898333333,0.00,0.00,0.00,true,true,0.00,2.00,0.00,1924
1773233975000,64.1236529166667,-21.7875898333333,0.00,0.00,0.00,true,true,0.00,2.00,0.00,1925
1773233977000,64.1236532,-21.7875898333333,0.00,0.00,0.00,true,true,0.03,2.00,0.06,1926
1773233982000,64.1236532,-21.7875898333333,0.00,0.00,0.00,true,true,0.01,5.00,0.01,1927
1773233984000,64.1236532,-21.7875898333333,0.00,0.00,0.00,true,true,0.00,2.00,0.00,1928
1773233986000,64.1236532,-21.7875898333333,0.00,0.00,0.00,true,true,0.00,2.00,0.00,1929
1773233988000,64.1236532,-21.7875898333333,0.00,0.00,0.00,true,true,0.00,2.00,0.00,1930
1773233992000,64.1236532,-21.7875898333333,0.00,0.00,0.00,true,true,0.00,4.00,0.00,1931
1773233994000,64.1236532,-21.7875898333333,0.00,0.00,0.00,true,true,0.00,2.00,0.00,1932
1773233998000,64.1236532,-21.7875898333333,0.00,0.00,0.00,true,true,0.00,4.00,0.00,1933
1773234001000,64.1236532,-21.7875898333333,0.00,0.00,0.00,true,true,0.00,3.00,0.00,1934
1773234003000,64.1236532,-21.7875898333333,0.00,0.00,0.00,true,true,0.00,2.00,0.00,1935
1773234007000,64.1236532,-21.7875898333333,0.00,0.00,0.00,true,true,0.00,4.00,0.00,1936
1773234009000,64.1236532,-21.7875898333333,0.00,0.00,0.00,true,true,0.00,2.00,0.00,1937
1773234011000,64.1236532,-21.7875898333333,0.00,0.00,0.00,true,true,0.00,2.00,0.00,1938
1773234015000,64.1236532,-21.7875898333333,0.00,0.00,0.00,true,true,0.00,4.00,0.00,1939
1773234019000,64.1236532,-21.7875898333333,0.00,0.00,0.00,true,true,0.00,4.00,0.00,1940
1773234021000,64.1236532,-21.7875898333333,0.00,0.00,0.00,true,true,0.00,2.00,0.00,1941
1773234023000,64.1236532,-21.7875898333333,0.00,0.00,0.00,true,true,0.00,2.00,0.00,1942
1773234027000,64.1236532,-21.7875898333333,0.00,0.00,0.00,true,true,0.00,4.00,0.00,1943
1773234032000,64.1236532,-21.7875898333333,0.00,0.00,0.00,true,true,0.00,5.00,0.00,1944
1773234034000,64.1236532,-21.7875898333333,0.00,0.00,0.00,true,true,0.00,2.00,0.00,1945
1773234040000,64.1236532,-21.7875898333333,0.00,0.00,0.00,true,true,0.00,6.00,0.00,1946
1773234044000,64.1236532,-21.7875898333333,0.00,0.00,0.00,true,true,0.00,4.00,0.00,1947
1773234046000,64.1236532,-21.7875898333333,0.00,0.00,0.00,true,true,0.00,2.00,0.00,1948
1773234048000,64.1236532,-21.7875898333333,0.00,0.00,0.00,true,true,0.00,2.00,0.00,1949
1773234051000,64.1236532,-21.7875898333333,0.00,0.00,0.00,true,true,0.00,3.00,0.00,1950
1773234053000,64.1236532,-21.7875898333333,0.00,0.00,0.00,true,true,0.00,2.00,0.00,1951
1773234058000,64.1236532,-21.7875898333333,0.00,0.00,0.00,true,true,0.00,5.00,0.00,1952
1773234060000,64.1236532,-21.7875898333333,0.00,0.00,0.00,true,true,0.00,2.00,0.00,1953
1773234062000,64.1236532,-21.7875898333333,0.00,0.00,0.00,true,true,0.00,2.00,0.00,1954
1773234065000,64.1236532,-21.7875898333333,0.00,0.00,0.00,true,true,0.00,3.00,0.00,1955
1773234069000,64.1236532,-21.7875898333333,0.00,0.00,0.00,true,true,0.00,4.00,0.00,1956
1773234077000,64.1236532,-21.7875898333333,0.00,0.00,0.00,true,true,0.00,8.00,0.00,1957
1773234079000,64.1236532,-21.7875898333333,0.00,0.00,0.00,true,true,0.00,2.00,0.00,1958
1773234083000,64.1236532,-21.7875898333333,0.00,0.00,0.00,true,true,0.00,4.00,0.00,1959
1773234085000,64.1236532,-21.7875898333333,0.00,0.00,0.00,true,true,0.00,2.00,0.00,1960
1773234087000,64.1236532,-21.7875898333333,0.00,0.00,0.00,true,true,0.00,2.00,0.00,1961
1773234089000,64.1236532,-21.7875898333333,0.00,0.00,0.00,true,true,0.00,2.00,0.00,1962
1773234093000,64.1236532,-21.7875898333333,0.00,0.00,0.00,true,true,0.00,4.00,0.00,1963
1773234098000,64.12365275,-21.7875901666667,0.00,0.00,0.00,true,true,0.05,5.00,0.04,1964
1773234100000,64.12365275,-21.7875901666667,0.00,0.00,0.00,true,true,0.00,2.00,0.01,1965
1773234103000,64.12365275,-21.7875901666667,0.00,0.00,0.00,true,true,0.00,3.00,0.00,1966
1773234107000,64.12365275,-21.7875901666667,0.00,0.00,0.00,true,true,0.00,4.00,0.00,1967
1773234109000,64.12365275,-21.7875901666667,0.00,0.00,0.00,true,true,0.00,2.00,0.00,1968
1773234113000,64.12365275,-21.7875901666667,0.00,0.00,0.00,true,true,0.00,4.00,0.00,1969
1773234115000,64.12365275,-21.7875901666667,0.00,0.00,0.00,true,true,0.00,2.00,0.00,1970
1773234118000,64.12365275,-21.7875901666667,0.00,0.00,0.00,true,true,0.00,3.00,0.00,1971
1773234124000,64.12365275,-21.7875901666667,0.00,0.00,0.00,true,true,0.00,6.00,0.00,1972
1773234126000,64.12365275,-21.7875901666667,0.00,0.00,0.00,true,true,0.00,2.00,0.00,1973
1773234128000,64.12365275,-21.7875901666667,0.00,0.00,0.00,true,true,0.00,2.00,0.00,1974
1773234130000,64.12365275,-21.7875901666667,0.00,0.00,0.00,true,true,0.00,2.00,0.00,1975
1773234133000,64.12365275,-21.7875901666667,0.00,0.00,0.00,true,true,0.00,3.00,0.00,1976
1773234138000,64.12365275,-21.7875901666667,0.00,0.00,0.00,true,true,0.00,5.00,0.00,1977
1773234140000,64.12365275,-21.7875901666667,0.00,0.00,0.00,true,true,0.00,2.00,0.00,1978
1773234143000,64.12365275,-21.7875901666667,0.00,0.00,0.00,true,true,0.00,3.00,0.00,1979
1773234145000,64.12365275,-21.7875901666667,0.00,0.00,0.00,true,true,0.00,2.00,0.00,1980
1773234148000,64.12365275,-21.7875901666667,0.00,0.00,0.00,true,true,0.00,3.00,0.00,1981
1773234150000,64.12365275,-21.7875901666667,0.00,0.00,0.00,true,true,0.00,2.00,0.00,1982
1773234154000,64.12365275,-21.7875901666667,0.00,0.00,0.00,true,true,0.00,4.00,0.00,1983
1773234156000,64.12365275,-21.7875901666667,0.00,0.00,0.00,true,true,0.00,2.00,0.00,1984
1773234158000,64.12365275,-21.7875901666667,0.00,0.00,0.00,true,true,0.00,2.00,0.00,1985
1773234162000,64.12365275,-21.7875901666667,0.00,0.00,0.00,true,true,0.00,4.00,0.00,1986
1773234164000,64.12365275,-21.7875901666667,0.00,0.00,0.00,true,true,0.00,2.00,0.00,1987
1773234168000,64.12365275,-21.7875901666667,0.00,0.00,0.00,true,true,0.00,4.00,0.00,1988
1773234173000,64.12365275,-21.7875901666667,0.00,0.00,0.00,true,true,0.00,5.00,0.00,1989
1773234175000,64.12365275,-21.7875901666667,0.00,0.00,0.00,true,true,0.00,2.00,0.00,1990
1773234178000,64.12365275,-21.7875901666667,0.00,0.00,0.00,true,true,0.00,3.00,0.00,1991
1773234182000,64.12365275,-21.7875901666667,0.00,0.00,0.00,true,true,0.00,4.00,0.00,1992
1773234184000,64.12365275,-21.7875901666667,0.00,0.00,0.00,true,true,0.00,2.00,0.00,1993
1773234187000,64.12365275,-21.7875901666667,0.00,0.00,0.00,true,true,0.00,3.00,0.00,1994
1773234189000,64.12365275,-21.7875901666667,0.00,0.00,0.00,true,true,0.00,2.00,0.00,1995
1773234192000,64.12365275,-21.7875901666667,0.00,0.00,0.00,true,true,0.00,3.00,0.00,1996
1773234196000,64.12365275,-21.7875901666667,0.00,0.00,0.00,true,true,0.00,4.00,0.00,1997
1773234200000,64.12365275,-21.7875901666667,0.00,0.00,0.00,true,true,0.00,4.00,0.00,1998
1773234204000,64.12365275,-21.7875901666667,0.00,0.00,0.00,true,true,0.00,4.00,0.00,1999
1773234206000,64.12365275,-21.7875901666667,0.00,0.00,0.00,true,true,0.00,2.00,0.00,2000
1773234210000,64.12365275,-21.7875901666667,0.00,0.00,0.00,true,true,0.00,4.00,0.00,2001
1773234215000,64.12365275,-21.7875901666667,0.00,0.00,0.00,true,true,0.00,5.00,0.00,2002
1773234217000,64.1236523666667,-21.7875908333333,0.00,0.00,0.00,true,true,0.05,2.00,0.10,2003
1773234221000,64.1236523666667,-21.7875908333333,0.00,0.00,0.00,true,true,0.01,4.00,0.01,2004
1773234223000,64.1236523666667,-21.7875908333333,0.00,0.00,0.00,true,true,0.00,2.00,0.00,2005
1773234225000,64.1236523666667,-21.7875908333333,0.00,0.00,0.00,true,true,0.00,2.00,0.00,2006
1773234229000,64.1236523666667,-21.7875908333333,0.00,0.00,0.00,true,true,0.00,4.00,0.00,2007
1773234231000,64.1236523666667,-21.7875908333333,0.00,0.00,0.00,true,true,0.00,2.00,0.00,2008
1773234234000,64.1236523666667,-21.7875908333333,0.00,0.00,0.00,true,true,0.00,3.00,0.00,2009
1773234236000,64.1236523666667,-21.7875908333333,0.00,0.00,0.00,true,true,0.00,2.00,0.00,2010
1773234240000,64.1236523666667,-21.7875908333333,0.00,0.00,0.00,true,true,0.00,4.00,0.00,2011
1773234243000,64.1236523666667,-21.7875908333333,0.00,0.00,0.00,true,true,0.00,3.00,0.00,2012
1773234245000,64.1236523666667,-21.7875908333333,0.00,0.00,0.00,true,true,0.00,2.00,0.00,2013
1773234250000,64.1236523666667,-21.7875908333333,0.00,0.00,0.00,true,true,0.00,5.00,0.00,2014
1773234254000,64.1236523666667,-21.7875908333333,0.00,0.00,0.00,true,true,0.00,4.00,0.00,2015
1773234256000,64.1236523666667,-21.7875908333333,0.00,0.00,0.00,true,true,0.00,2.00,0.00,2016
1773234259000,64.1236523666667,-21.7875908333333,0.00,0.00,0.00,true,true,0.00,3.00,0.00,2017
1773234263000,64.1236523666667,-21.7875908333333,0.00,0.00,0.00,true,true,0.00,4.00,0.00,2018
1773234265000,64.1236523666667,-21.7875908333333,0.00,0.00,0.00,true,true,0.00,2.00,0.00,2019
1773234267000,64.1236523666667,-21.7875908333333,0.00,0.00,0.00,true,true,0.00,2.00,0.00,2020
1773234269000,64.1236523666667,-21.7875908333333,0.00,0.00,0.00,true,true,0.00,2.00,0.00,2021
1773234273000,64.1236523666667,-21.7875908333333,0.00,0.00,0.00,true,true,0.00,4.00,0.00,2022
1773234276000,64.1236523666667,-21.7875908333333,0.00,0.00,0.00,true,true,0.00,3.00,0.00,2023
1773234278000,64.1236523666667,-21.7875908333333,0.00,0.00,0.00,true,true,0.00,2.00,0.00,2024
1773234281000,64.1236523666667,-21.7875908333333,0.00,0.00,0.00,true,true,0.00,3.00,0.00,2025
1773234283000,64.1236523666667,-21.7875908333333,0.00,0.00,0.00,true,true,0.00,2.00,0.00,2026
1773234286000,64.1236523666667,-21.7875908333333,0.00,0.00,0.00,true,true,0.00,3.00,0.00,2027
1773234292000,64.1236523666667,-21.7875908333333,0.00,0.00,0.00,true,true,0.00,6.00,0.00,2028
1773234294000,64.1236523666667,-21.7875908333333,0.00,0.00,0.00,true,true,0.00,2.00,0.00,2029
1773234297000,64.1236523666667,-21.7875908333333,0.00,0.00,0.00,true,true,0.00,3.00,0.00,2030
1773234301000,64.1236523666667,-21.7875908333333,0.00,0.00,0.00,true,true,0.00,4.00,0.00,2031
1773234307000,64.1236523666667,-21.7875908333333,0.00,0.00,0.00,true,true,0.00,6.00,0.00,2032
1773234309000,64.1236523666667,-21.7875908333333,0.00,0.00,0.00,true,true,0.00,2.00,0.00,2033
1773234312000,64.1236523666667,-21.7875908333333,0.00,0.00,0.00,true,true,0.00,3.00,0.00,2034
1773234314000,64.1236523666667,-21.7875908333333,0.00,0.00,0.00,true,true,0.00,2.00,0.00,2035
1773234317000,64.1236523666667,-21.7875908333333,0.00,0.00,0.00,true,true,0.00,3.00,0.00,2036
1773234319000,64.1236523666667,-21.7875908333333,0.00,0.00,0.00,true,true,0.00,2.00,0.00,2037
1773234322000,64.1236523666667,-21.7875908333333,0.00,0.00,0.00,true,true,0.00,3.00,0.00,2038
1773234327000,64.1236523666667,-21.7875908333333,0.00,0.00,0.00,true,true,0.00,5.00,0.00,2039
1773234333000,64.1236523666667,-21.7875908333333,0.00,0.00,0.00,true,true,0.00,6.00,0.00,2040
1773234336000,64.1236523666667,-21.7875908333333,0.00,0.00,0.00,true,true,0.00,3.00,0.00,2041
1773234339000,64.1236523666667,-21.7875908333333,0.00,0.00,0.00,true,true,0.00,3.00,0.00,2042
1773234342000,64.12365105,-21.7875925,0.00,0.00,0.00,true,true,0.17,3.00,0.20,2043
1773234347000,64.12365105,-21.7875925,0.00,0.00,0.00,true,true,0.03,5.00,0.02,2044
1773234350000,64.12365105,-21.7875925,0.00,0.00,0.00,true,true,0.00,3.00,0.00,2045
1773234354000,64.12365105,-21.7875925,0.00,0.00,0.00,true,true,0.00,4.00,0.00,2046
1773234356000,64.12365105,-21.7875925,0.00,0.00,0.00,true,true,0.00,2.00,0.00,2047
1773234360000,64.12365105,-21.7875925,0.00,0.00,0.00,true,true,0.00,4.00,0.00,2048
1773234362000,64.12365105,-21.7875925,0.00,0.00,0.00,true,true,0.00,2.00,0.00,2049
1773234366000,64.12365105,-21.7875925,0.00,0.00,0.00,true,true,0.00,4.00,0.00,2050
1773234373000,64.12365105,-21.7875925,0.00,0.00,0.00,true,true,0.00,7.00,0.00,2051
1773234375000,64.12365105,-21.7875925,0.00,0.00,0.00,true,true,0.00,2.00,0.00,2052
1773234378000,64.12365105,-21.7875925,0.00,0.00,0.00,true,true,0.00,3.00,0.00,2053
1773234380000,64.12365105,-21.7875925,0.00,0.00,0.00,true,true,0.00,2.00,0.00,2054
1773234384000,64.12365105,-21.7875925,0.00,0.00,0.00,true,true,0.00,4.00,0.00,2055
1773234386000,64.12365105,-21.7875925,0.00,0.00,0.00,true,true,0.00,2.00,0.00,2056
1773234390000,64.12365105,-21.7875925,0.00,0.00,0.00,true,true,0.00,4.00,0.00,2057
1773234393000,64.12365105,-21.7875925,0.00,0.00,0.00,true,true,0.00,3.00,0.00,2058
1773234397000,64.12365105,-21.7875925,0.00,0.00,0.00,true,true,0.00,4.00,0.00,2059
1773234400000,64.12365105,-21.7875925,0.00,0.00,0.00,true,true,0.00,3.00,0.00,2060
1773234403000,64.12365105,-21.7875925,0.00,0.00,0.00,true,true,0.00,3.00,0.00,2061
1773234406000,64.12365105,-21.7875925,0.00,0.00,0.00,true,true,0.00,3.00,0.00,2062
1773234408000,64.12365105,-21.7875925,0.00,0.00,0.00,true,true,0.00,2.00,0.00,2063
1773234411000,64.12365105,-21.7875925,0.00,0.00,0.00,true,true,0.00,3.00,0.00,2064
1773234413000,64.12365105,-21.7875925,0.00,0.00,0.00,true,true,0.00,2.00,0.00,2065
1773234417000,64.12365105,-21.7875925,0.00,0.00,0.00,true,true,0.00,4.00,0.00,2066
1773234422000,64.12365105,-21.7875925,0.00,0.00,0.00,true,true,0.00,5.00,0.00,2067
1773234424000,64.12365105,-21.7875925,0.00,0.00,0.00,true,true,0.00,2.00,0.00,2068
1773234428000,64.12365105,-21.7875925,0.00,0.00,0.00,true,true,0.00,4.00,0.00,2069
1773234433000,64.12365105,-21.7875925,0.00,0.00,0.00,true,true,0.00,5.00,0.00,2070
1773234436000,64.12365105,-21.7875925,0.00,0.00,0.00,true,true,0.00,3.00,0.00,2071
1773234441000,64.12365105,-21.7875925,0.00,0.00,0.00,true,true,0.00,5.00,0.00,2072
1773234444000,64.12365105,-21.7875925,0.00,0.00,0.00,true,true,0.00,3.00,0.00,2073
1773234446000,64.12365105,-21.7875925,0.00,0.00,0.00,true,true,0.00,2.00,0.00,2074
1773234450000,64.12365105,-21.7875925,0.00,0.00,0.00,true,true,0.00,4.00,0.00,2075
1773234452000,64.12365105,-21.7875925,0.00,0.00,0.00,true,true,0.00,2.00,0.00,2076
1773234454000,64.12365105,-21.7875925,0.00,0.00,0.00,true,true,0.00,2.00,0.00,2077
1773234456000,64.12365105,-21.7875925,0.00,0.00,0.00,true,true,0.00,2.00,0.00,2078
1773234459000,64.12365105,-21.7875925,0.00,0.00,0.00,true,true,0.00,3.00,0.00,2079
1773234463000,64.1236513333333,-21.7875928333333,0.00,0.00,0.00,true,true,0.04,4.00,0.03,2080
1773234466000,64.1236513333333,-21.7875928333333,0.00,0.00,0.00,true,true,0.00,3.00,0.01,2081
1773234469000,64.1236513333333,-21.7875928333333,0.00,0.00,0.00,true,true,0.00,3.00,0.00,2082
1773234473000,64.1236513333333,-21.7875928333333,0.00,0.00,0.00,true,true,0.00,4.00,0.00,2083
1773234476000,64.1236513333333,-21.7875928333333,0.00,0.00,0.00,true,true,0.00,3.00,0.00,2084
1773234478000,64.1236513333333,-21.7875928333333,0.00,0.00,0.00,true,true,0.00,2.00,0.00,2085
1773234481000,64.1236513333333,-21.7875928333333,0.00,0.00,0.00,true,true,0.00,3.00,0.00,2086
1773234486000,64.1236513333333,-21.7875928333333,0.00,0.00,0.00,true,true,0.00,5.00,0.00,2087
1773234493000,64.1236513333333,-21.7875928333333,0.00,0.00,0.00,true,true,0.00,7.00,0.00,2088
1773234496000,64.1236513333333,-21.7875928333333,0.00,0.00,0.00,true,true,0.00,3.00,0.00,2089
1773234499000,64.1236513333333,-21.7875928333333,0.00,0.00,0.00,true,true,0.00,3.00,0.00,2090
1773234501000,64.1236513333333,-21.7875928333333,0.00,0.00,0.00,true,true,0.00,2.00,0.00,2091
1773234504000,64.1236513333333,-21.7875928333333,0.00,0.00,0.00,true,true,0.00,3.00,0.00,2092
1773234506000,64.1236513333333,-21.7875928333333,0.00,0.00,0.00,true,true,0.00,2.00,0.00,2093
1773234510000,64.1236513333333,-21.7875928333333,0.00,0.00,0.00,true,true,0.00,4.00,0.00,2094
1773234516000,64.1236513333333,-21.7875928333333,0.00,0.00,0.00,true,true,0.00,6.00,0.00,2095
1773234518000,64.1236513333333,-21.7875928333333,0.00,0.00,0.00,true,true,0.00,2.00,0.00,2096
1773234521000,64.1236513333333,-21.7875928333333,0.00,0.00,0.00,true,true,0.00,3.00,0.00,2097
1773234526000,64.1236513333333,-21.7875928333333,0.00,0.00,0.00,true,true,0.00,5.00,0.00,2098
1773234531000,64.1236513333333,-21.7875928333333,0.00,0.00,0.00,true,true,0.00,5.00,0.00,2099
1773234533000,64.1236513333333,-21.7875928333333,0.00,0.00,0.00,true,true,0.00,2.00,0.00,2100
1773234536000,64.1236513333333,-21.7875928333333,0.00,0.00,0.00,true,true,0.00,3.00,0.00,2101
1773234538000,64.1236513333333,-21.7875928333333,0.00,0.00,0.00,true,true,0.00,2.00,0.00,2102
1773234541000,64.1236513333333,-21.7875928333333,0.00,0.00,0.00,true,true,0.00,3.00,0.00,2103
1773234545000,64.1236513333333,-21.7875928333333,0.00,0.00,0.00,true,true,0.00,4.00,0.00,2104
1773234547000,64.1236513333333,-21.7875928333333,0.00,0.00,0.00,true,true,0.00,2.00,0.00,2105
1773234553000,64.1236513333333,-21.7875928333333,0.00,0.00,0.00,true,true,0.00,6.00,0.00,2106
1773234558000,64.1236513333333,-21.7875928333333,0.00,0.00,0.00,true,true,0.00,5.00,0.00,2107
1773234562000,64.1236513333333,-21.7875928333333,0.00,0.00,0.00,true,true,0.00,4.00,0.00,2108
1773234564000,64.1236513333333,-21.7875928333333,0.00,0.00,0.00,true,true,0.00,2.00,0.00,2109
1773234566000,64.1236513333333,-21.7875928333333,0.00,0.00,0.00,true,true,0.00,2.00,0.00,2110
1773234570000,64.1236513333333,-21.7875928333333,0.00,0.00,0.00,true,true,0.00,4.00,0.00,2111
1773234574000,64.1236513333333,-21.7875928333333,0.00,0.00,0.00,true,true,0.00,4.00,0.00,2112
1773234580000,64.1236513333333,-21.7875928333333,0.00,0.00,0.00,true,true,0.00,6.00,0.00,2113
1773234583000,64.1236513333333,-21.7875928333333,0.00,0.00,0.00,true,true,0.00,3.00,0.00,2114
1773234585000,64.1236519333333,-21.7875945,0.00,0.00,0.00,true,true,0.10,2.00,0.19,2115
1773234588000,64.1236519333333,-21.7875945,0.00,0.00,0.00,true,true,0.03,3.00,0.04,2116
1773234593000,64.1236519333333,-21.7875945,0.00,0.00,0.00,true,true,0.01,5.00,0.00,2117
1773234600000,64.1236519333333,-21.7875945,0.00,0.00,0.00,true,true,0.00,7.00,0.00,2118
1773234602000,64.1236519333333,-21.7875945,0.00,0.00,0.00,true,true,0.00,2.00,0.00,2119
1773234605000,64.1236519333333,-21.7875945,0.00,0.00,0.00,true,true,0.00,3.00,0.00,2120
1773234609000,64.1236519333333,-21.7875945,0.00,0.00,0.00,true,true,0.00,4.00,0.00,2121
1773234611000,64.1236519333333,-21.7875945,0.00,0.00,0.00,true,true,0.00,2.00,0.00,2122
1773234613000,64.1236519333333,-21.7875945,0.00,0.00,0.00,true,true,0.00,2.00,0.00,2123
1773234617000,64.1236519333333,-21.7875945,0.00,0.00,0.00,true,true,0.00,4.00,0.00,2124
1773234621000,64.1236519333333,-21.7875945,0.00,0.00,0.00,true,true,0.00,4.00,0.00,2125
1773234623000,64.1236519333333,-21.7875945,0.00,0.00,0.00,true,true,0.00,2.00,0.00,2126
1773234626000,64.1236519333333,-21.7875945,0.00,0.00,0.00,true,true,0.00,3.00,0.00,2127
1773234628000,64.1236519333333,-21.7875945,0.00,0.00,0.00,true,true,0.00,2.00,0.00,2128
1773234634000,64.1236519333333,-21.7875945,0.00,0.00,0.00,true,true,0.00,6.00,0.00,2129
1773234638000,64.1236519333333,-21.7875945,0.00,0.00,0.00,true,true,0.00,4.00,0.00,2130
1773234642000,64.1236519333333,-21.7875945,0.00,0.00,0.00,true,true,0.00,4.00,0.00,2131
1773234645000,64.1236519333333,-21.7875945,0.00,0.00,0.00,true,true,0.00,3.00,0.00,2132
1773234648000,64.1236519333333,-21.7875945,0.00,0.00,0.00,true,true,0.00,3.00,0.00,2133
1773234651000,64.1236519333333,-21.7875945,0.00,0.00,0.00,true,true,0.00,3.00,0.00,2134
1773234655000,64.1236519333333,-21.7875945,0.00,0.00,0.00,true,true,0.00,4.00,0.00,2135
1773234658000,64.1236519333333,-21.7875945,0.00,0.00,0.00,true,true,0.00,3.00,0.00,2136
1773234662000,64.1236519333333,-21.7875945,0.00,0.00,0.00,true,true,0.00,4.00,0.00,2137
1773234664000,64.1236519333333,-21.7875945,0.00,0.00,0.00,true,true,0.00,2.00,0.00,2138
1773234668000,64.1236519333333,-21.7875945,0.00,0.00,0.00,true,true,0.00,4.00,0.00,2139
1773234670000,64.1236519333333,-21.7875945,0.00,0.00,0.00,true,true,0.00,2.00,0.00,2140
1773234674000,64.1236519333333,-21.7875945,0.00,0.00,0.00,true,true,0.00,4.00,0.00,2141
1773234678000,64.1236519333333,-21.7875945,0.00,0.00,0.00,true,true,0.00,4.00,0.00,2142
1773234683000,64.1236519333333,-21.7875945,0.00,0.00,0.00,true,true,0.00,5.00,0.00,2143
1773234687000,64.1236519333333,-21.7875945,0.00,0.00,0.00,true,true,0.00,4.00,0.00,2144
1773234689000,64.1236519333333,-21.7875945,0.00,0.00,0.00,true,true,0.00,2.00,0.00,2145
1773234693000,64.1236519333333,-21.7875945,0.00,0.00,0.00,true,true,0.00,4.00,0.00,2146
1773234695000,64.1236519333333,-21.7875945,0.00,0.00,0.00,true,true,0.00,2.00,0.00,2147
1773234699000,64.1236519333333,-21.7875945,0.00,0.00,0.00,true,true,0.00,4.00,0.00,2148
1773234702000,64.1236519333333,-21.7875945,0.00,0.00,0.00,true,true,0.00,3.00,0.00,2149
1773234704000,64.1236519333333,-21.7875945,0.00,0.00,0.00,true,true,0.00,2.00,0.00,2150
1773234706000,64.1236515333333,-21.787595,0.00,0.00,0.00,true,true,0.05,2.00,0.09,2151
1773234713000,64.1236515333333,-21.787595,0.00,0.00,0.00,true,true,0.02,7.00,0.01,2152
1773234718000,64.1236515333333,-21.787595,0.00,0.00,0.00,true,true,0.00,5.00,0.00,2153
1773234720000,64.1236515333333,-21.787595,0.00,0.00,0.00,true,true,0.00,2.00,0.00,2154
1773234722000,64.1236515333333,-21.787595,0.00,0.00,0.00,true,true,0.00,2.00,0.00,2155
1773234726000,64.1236515333333,-21.787595,0.00,0.00,0.00,true,true,0.00,4.00,0.00,2156
1773234728000,64.1236515333333,-21.787595,0.00,0.00,0.00,true,true,0.00,2.00,0.00,2157
1773234732000,64.1236515333333,-21.787595,0.00,0.00,0.00,true,true,0.00,4.00,0.00,2158
1773234738000,64.1236515333333,-21.787595,0.00,0.00,0.00,true,true,0.00,6.00,0.00,2159
1773234743000,64.1236515333333,-21.787595,0.00,0.00,0.00,true,true,0.00,5.00,0.00,2160
1773234745000,64.1236515333333,-21.787595,0.00,0.00,0.00,true,true,0.00,2.00,0.00,2161
1773234749000,64.1236515333333,-21.787595,0.00,0.00,0.00,true,true,0.00,4.00,0.00,2162
1773234751000,64.1236515333333,-21.787595,0.00,0.00,0.00,true,true,0.00,2.00,0.00,2163
1773234753000,64.1236515333333,-21.787595,0.00,0.00,0.00,true,true,0.00,2.00,0.00,2164
1773234756000,64.1236515333333,-21.787595,0.00,0.00,0.00,true,true,0.00,3.00,0.00,2165
1773234760000,64.1236515333333,-21.787595,0.00,0.00,0.00,true,true,0.00,4.00,0.00,2166
1773234762000,64.1236515333333,-21.787595,0.00,0.00,0.00,true,true,0.00,2.00,0.00,2167
1773234764000,64.1236515333333,-21.787595,0.00,0.00,0.00,true,true,0.00,2.00,0.00,2168
1773234770000,64.1236515333333,-21.787595,0.00,0.00,0.00,true,true,0.00,6.00,0.00,2169
1773234774000,64.1236515333333,-21.787595,0.00,0.00,0.00,true,true,0.00,4.00,0.00,2170
1773234779000,64.1236515333333,-21.787595,0.00,0.00,0.00,true,true,0.00,5.00,0.00,2171
1773234781000,64.1236515333333,-21.787595,0.00,0.00,0.00,true,true,0.00,2.00,0.00,2172
1773234785000,64.1236515333333,-21.787595,0.00,0.00,0.00,true,true,0.00,4.00,0.00,2173
1773234787000,64.1236515333333,-21.787595,0.00,0.00,0.00,true,true,0.00,2.00,0.00,2174
1773234789000,64.1236515333333,-21.787595,0.00,0.00,0.00,true,true,0.00,2.00,0.00,2175
1773234792000,64.1236515333333,-21.787595,0.00,0.00,0.00,true,true,0.00,3.00,0.00,2176
1773234794000,64.1236515333333,-21.787595,0.00,0.00,0.00,true,true,0.00,2.00,0.00,2177
1773234798000,64.1236515333333,-21.787595,0.00,0.00,0.00,true,true,0.00,4.00,0.00,2178
1773234800000,64.1236515333333,-21.787595,0.00,0.00,0.00,true,true,0.00,2.00,0.00,2179
1773234804000,64.1236515333333,-21.787595,0.00,0.00,0.00,true,true,0.00,4.00,0.00,2180
1773234806000,64.1236515333333,-21.787595,0.00,0.00,0.00,true,true,0.00,2.00,0.00,2181
1773234810000,64.1236515333333,-21.787595,0.00,0.00,0.00,true,true,0.00,4.00,0.00,2182
1773234812000,64.1236515333333,-21.787595,0.00,0.00,0.00,true,true,0.00,2.00,0.00,2183
1773234817000,64.1236515333333,-21.787595,0.00,0.00,0.00,true,true,0.00,5.00,0.00,2184
1773234819000,64.1236515333333,-21.787595,0.00,0.00,0.00,true,true,0.00,2.00,0.00,2185
1773234823000,64.1236515333333,-21.787595,0.00,0.00,0.00,true,true,0.00,4.00,0.00,2186
1773234825000,64.1236515333333,-21.787595,0.00,0.00,0.00,true,true,0.00,2.00,0.00,2187
1773234829000,64.1236511166667,-21.7875983333333,0.00,0.00,0.00,true,true,0.17,4.00,0.15,2188
1773234831000,64.1236511166667,-21.7875983333333,0.00,0.00,0.00,true,true,0.02,2.00,0.04,2189
1773234833000,64.1236511166667,-21.7875983333333,0.00,0.00,0.00,true,true,0.01,2.00,0.01,2190
1773234835000,64.1236511166667,-21.7875983333333,0.00,0.00,0.00,true,true,0.00,2.00,0.00,2191
1773234838000,64.1236511166667,-21.7875983333333,0.00,0.00,0.00,true,true,0.00,3.00,0.00,2192
1773234843000,64.1236511166667,-21.7875983333333,0.00,0.00,0.00,true,true,0.00,5.00,0.00,2193
1773234848000,64.1236511166667,-21.7875983333333,0.00,0.00,0.00,true,true,0.00,5.00,0.00,2194
1773234850000,64.1236511166667,-21.7875983333333,0.00,0.00,0.00,true,true,0.00,2.00,0.00,2195
1773234853000,64.1236511166667,-21.7875983333333,0.00,0.00,0.00,true,true,0.00,3.00,0.00,2196
1773234856000,64.1236511166667,-21.7875983333333,0.00,0.00,0.00,true,true,0.00,3.00,0.00,2197
1773234859000,64.1236511166667,-21.7875983333333,0.00,0.00,0.00,true,true,0.00,3.00,0.00,2198
1773234861000,64.1236511166667,-21.7875983333333,0.00,0.00,0.00,true,true,0.00,2.00,0.00,2199
1773234865000,64.1236511166667,-21.7875983333333,0.00,0.00,0.00,true,true,0.00,4.00,0.00,2200
1773234870000,64.1236511166667,-21.7875983333333,0.00,0.00,0.00,true,true,0.00,5.00,0.00,2201
1773234874000,64.1236511166667,-21.7875983333333,0.00,0.00,0.00,true,true,0.00,4.00,0.00,2202
1773234876000,64.1236511166667,-21.7875983333333,0.00,0.00,0.00,true,true,0.00,2.00,0.00,2203
1773234879000,64.1236511166667,-21.7875983333333,0.00,0.00,0.00,true,true,0.00,3.00,0.00,2204
1773234885000,64.1236511166667,-21.7875983333333,0.00,0.00,0.00,true,true,0.00,6.00,0.00,2205
1773234894000,64.1236511166667,-21.7875983333333,0.00,0.00,0.00,true,true,0.00,9.00,0.00,2206
1773234896000,64.1236511166667,-21.7875983333333,0.00,0.00,0.00,true,true,0.00,2.00,0.00,2207
1773234898000,64.1236511166667,-21.7875983333333,0.00,0.00,0.00,true,true,0.00,2.00,0.00,2208
1773234900000,64.1236511166667,-21.7875983333333,0.00,0.00,0.00,true,true,0.00,2.00,0.00,2209
1773234905000,64.1236511166667,-21.7875983333333,0.00,0.00,0.00,true,true,0.00,5.00,0.00,2210
1773234907000,64.1236511166667,-21.7875983333333,0.00,0.00,0.00,true,true,0.00,2.00,0.00,2211
1773234911000,64.1236511166667,-21.7875983333333,0.00,0.00,0.00,true,true,0.00,4.00,0.00,2212
1773234913000,64.1236511166667,-21.7875983333333,0.00,0.00,0.00,true,true,0.00,2.00,0.00,2213
1773234919000,64.1236511166667,-21.7875983333333,0.00,0.00,0.00,true,true,0.00,6.00,0.00,2214
1773234921000,64.1236511166667,-21.7875983333333,0.00,0.00,0.00,true,true,0.00,2.00,0.00,2215
1773234925000,64.1236511166667,-21.7875983333333,0.00,0.00,0.00,true,true,0.00,4.00,0.00,2216
1773234928000,64.1236511166667,-21.7875983333333,0.00,0.00,0.00,true,true,0.00,3.00,0.00,2217
1773234930000,64.1236511166667,-21.7875983333333,0.00,0.00,0.00,true,true,0.00,2.00,0.00,2218
1773234935000,64.1236511166667,-21.7875983333333,0.00,0.00,0.00,true,true,0.00,5.00,0.00,2219
1773234937000,64.1236511166667,-21.7875983333333,0.00,0.00,0.00,true,true,0.00,2.00,0.00,2220
1773234939000,64.1236511166667,-21.7875983333333,0.00,0.00,0.00,true,true,0.00,2.00,0.00,2221
1773234941000,64.1236511166667,-21.7875983333333,0.00,0.00,0.00,true,true,0.00,2.00,0.00,2222
1773234945000,64.1236511166667,-21.7875983333333,0.00,0.00,0.00,true,true,0.00,4.00,0.00,2223
1773234949000,64.1236511166667,-21.7875983333333,0.00,0.00,0.00,true,true,0.00,4.00,0.00,2224
1773234951000,64.1236503,-21.7876006666667,0.00,0.00,0.00,true,true,0.15,2.00,0.26,2225
1773234954000,64.1236503,-21.7876006666667,0.00,0.00,0.00,true,true,0.04,3.00,0.05,2226
1773234956000,64.1236503,-21.7876006666667,0.00,0.00,0.00,true,true,0.01,2.00,0.01,2227
1773234958000,64.1236503,-21.7876006666667,0.00,0.00,0.00,true,true,0.00,2.00,0.00,2228
1773234964000,64.1236503,-21.7876006666667,0.00,0.00,0.00,true,true,0.00,6.00,0.00,2229
1773234968000,64.1236503,-21.7876006666667,0.00,0.00,0.00,true,true,0.00,4.00,0.00,2230
1773234970000,64.1236503,-21.7876006666667,0.00,0.00,0.00,true,true,0.00,2.00,0.00,2231
1773234973000,64.1236503,-21.7876006666667,0.00,0.00,0.00,true,true,0.00,3.00,0.00,2232
1773234975000,64.1236503,-21.7876006666667,0.00,0.00,0.00,true,true,0.00,2.00,0.00,2233
1773234979000,64.1236503,-21.7876006666667,0.00,0.00,0.00,true,true,0.00,4.00,0.00,2234
1773234981000,64.1236503,-21.7876006666667,0.00,0.00,0.00,true,true,0.00,2.00,0.00,2235
1773234983000,64.1236503,-21.7876006666667,0.00,0.00,0.00,true,true,0.00,2.00,0.00,2236
1773234985000,64.1236503,-21.7876006666667,0.00,0.00,0.00,true,true,0.00,2.00,0.00,2237
1773234990000,64.1236503,-21.7876006666667,0.00,0.00,0.00,true,true,0.00,5.00,0.00,2238
1773234992000,64.1236503,-21.7876006666667,0.00,0.00,0.00,true,true,0.00,2.00,0.00,2239
1773234994000,64.1236503,-21.7876006666667,0.00,0.00,0.00,true,true,0.00,2.00,0.00,2240
1773234998000,64.1236503,-21.7876006666667,0.00,0.00,0.00,true,true,0.00,4.00,0.00,2241
1773235004000,64.1236503,-21.7876006666667,0.00,0.00,0.00,true,true,0.00,6.00,0.00,2242
1773235006000,64.1236503,-21.7876006666667,0.00,0.00,0.00,true,true,0.00,2.00,0.00,2243
1773235008000,64.1236503,-21.7876006666667,0.00,0.00,0.00,true,true,0.00,2.00,0.00,2244
1773235010000,64.1236503,-21.7876006666667,0.00,0.00,0.00,true,true,0.00,2.00,0.00,2245
1773235015000,64.1236503,-21.7876006666667,0.00,0.00,0.00,true,true,0.00,5.00,0.00,2246
1773235017000,64.1236503,-21.7876006666667,0.00,0.00,0.00,true,true,0.00,2.00,0.00,2247
1773235022000,64.1236503,-21.7876006666667,0.00,0.00,0.00,true,true,0.00,5.00,0.00,2248
1773235024000,64.1236503,-21.7876006666667,0.00,0.00,0.00,true,true,0.00,2.00,0.00,2249
1773235028000,64.1236503,-21.7876006666667,0.00,0.00,0.00,true,true,0.00,4.00,0.00,2250
1773235030000,64.1236503,-21.7876006666667,0.00,0.00,0.00,true,true,0.00,2.00,0.00,2251
1773235032000,64.1236503,-21.7876006666667,0.00,0.00,0.00,true,true,0.00,2.00,0.00,2252
1773235035000,64.1236503,-21.7876006666667,0.00,0.00,0.00,true,true,0.00,3.00,0.00,2253
1773235039000,64.1236503,-21.7876006666667,0.00,0.00,0.00,true,true,0.00,4.00,0.00,2254
1773235045000,64.1236503,-21.7876006666667,0.00,0.00,0.00,true,true,0.00,6.00,0.00,2255
1773235047000,64.1236503,-21.7876006666667,0.00,0.00,0.00,true,true,0.00,2.00,0.00,2256
1773235049000,64.1236503,-21.7876006666667,0.00,0.00,0.00,true,true,0.00,2.00,0.00,2257
1773235051000,64.1236503,-21.7876006666667,0.00,0.00,0.00,true,true,0.00,2.00,0.00,2258
1773235056000,64.1236503,-21.7876006666667,0.00,0.00,0.00,true,true,0.00,5.00,0.00,2259
1773235058000,64.1236503,-21.7876006666667,0.00,0.00,0.00,true,true,0.00,2.00,0.00,2260
1773235060000,64.1236503,-21.7876006666667,0.00,0.00,0.00,true,true,0.00,2.00,0.00,2261
1773235066000,64.1236503,-21.7876006666667,0.00,0.00,0.00,true,true,0.00,6.00,0.00,2262
1773235070000,64.1236503,-21.7876006666667,0.00,0.00,0.00,true,true,0.00,4.00,0.00,2263
1773235072000,64.1236503,-21.7876006666667,0.00,0.00,0.00,true,true,0.00,2.00,0.00,2264
1773235075000,64.1236505666667,-21.7876005,0.00,0.00,0.00,true,true,0.03,3.00,0.04,2265
1773235077000,64.1236505666667,-21.7876005,0.00,0.00,0.00,true,true,0.01,2.00,0.01,2266
1773235079000,64.1236505666667,-21.7876005,0.00,0.00,0.00,true,true,0.00,2.00,0.00,2267
1773235083000,64.1236505666667,-21.7876005,0.00,0.00,0.00,true,true,0.00,4.00,0.00,2268
1773235086000,64.1236505666667,-21.7876005,0.00,0.00,0.00,true,true,0.00,3.00,0.00,2269
1773235088000,64.1236505666667,-21.7876005,0.00,0.00,0.00,true,true,0.00,2.00,0.00,2270
1773235090000,64.1236505666667,-21.7876005,0.00,0.00,0.00,true,true,0.00,2.00,0.00,2271
1773235092000,64.1236505666667,-21.7876005,0.00,0.00,0.00,true,true,0.00,2.00,0.00,2272
1773235099000,64.1236505666667,-21.7876005,0.00,0.00,0.00,true,true,0.00,7.00,0.00,2273
1773235103000,64.1236505666667,-21.7876005,0.00,0.00,0.00,true,true,0.00,4.00,0.00,2274
1773235105000,64.1236505666667,-21.7876005,0.00,0.00,0.00,true,true,0.00,2.00,0.00,2275
1773235109000,64.1236505666667,-21.7876005,0.00,0.00,0.00,true,true,0.00,4.00,0.00,2276
1773235111000,64.1236505666667,-21.7876005,0.00,0.00,0.00,true,true,0.00,2.00,0.00,2277
1773235113000,64.1236505666667,-21.7876005,0.00,0.00,0.00,true,true,0.00,2.00,0.00,2278
1773235117000,64.1236505666667,-21.7876005,0.00,0.00,0.00,true,true,0.00,4.00,0.00,2279
1773235120000,64.1236505666667,-21.7876005,0.00,0.00,0.00,true,true,0.00,3.00,0.00,2280
1773235124000,64.1236505666667,-21.7876005,0.00,0.00,0.00,true,true,0.00,4.00,0.00,2281
1773235126000,64.1236505666667,-21.7876005,0.00,0.00,0.00,true,true,0.00,2.00,0.00,2282
1773235128000,64.1236505666667,-21.7876005,0.00,0.00,0.00,true,true,0.00,2.00,0.00,2283
1773235132000,64.1236505666667,-21.7876005,0.00,0.00,0.00,true,true,0.00,4.00,0.00,2284
1773235137000,64.1236505666667,-21.7876005,0.00,0.00,0.00,true,true,0.00,5.00,0.00,2285
1773235139000,64.1236505666667,-21.7876005,0.00,0.00,0.00,true,true,0.00,2.00,0.00,2286
1773235142000,64.1236505666667,-21.7876005,0.00,0.00,0.00,true,true,0.00,3.00,0.00,2287
1773235144000,64.1236505666667,-21.7876005,0.00,0.00,0.00,true,true,0.00,2.00,0.00,2288
1773235148000,64.1236505666667,-21.7876005,0.00,0.00,0.00,true,true,0.00,4.00,0.00,2289
1773235152000,64.1236505666667,-21.7876005,0.00,0.00,0.00,true,true,0.00,4.00,0.00,2290
1773235154000,64.1236505666667,-21.7876005,0.00,0.00,0.00,true,true,0.00,2.00,0.00,2291
1773235158000,64.1236505666667,-21.7876005,0.00,0.00,0.00,true,true,0.00,4.00,0.00,2292
1773235161000,64.1236505666667,-21.7876005,0.00,0.00,0.00,true,true,0.00,3.00,0.00,2293
1773235164000,64.1236505666667,-21.7876005,0.00,0.00,0.00,true,true,0.00,3.00,0.00,2294
1773235167000,64.1236505666667,-21.7876005,0.00,0.00,0.00,true,true,0.00,3.00,0.00,2295
1773235169000,64.1236505666667,-21.7876005,0.00,0.00,0.00,true,true,0.00,2.00,0.00,2296
1773235174000,64.1236505666667,-21.7876005,0.00,0.00,0.00,true,true,0.00,5.00,0.00,2297
1773235176000,64.1236505666667,-21.7876005,0.00,0.00,0.00,true,true,0.00,2.00,0.00,2298
1773235180000,64.1236505666667,-21.7876005,0.00,0.00,0.00,true,true,0.00,4.00,0.00,2299
1773235182000,64.1236505666667,-21.7876005,0.00,0.00,0.00,true,true,0.00,2.00,0.00,2300
1773235188000,64.1236505666667,-21.7876005,0.00,0.00,0.00,true,true,0.00,6.00,0.00,2301
1773235193000,64.1236503833333,-21.7875998333333,0.00,0.00,0.00,true,true,0.04,5.00,0.03,2302
1773235195000,64.1236503833333,-21.7875998333333,0.00,0.00,0.00,true,true,0.00,2.00,0.00,2303
1773235197000,64.1236503833333,-21.7875998333333,0.00,0.00,0.00,true,true,0.00,2.00,0.00,2304
1773235201000,64.1236503833333,-21.7875998333333,0.00,0.00,0.00,true,true,0.00,4.00,0.00,2305
1773235205000,64.1236503833333,-21.7875998333333,0.00,0.00,0.00,true,true,0.00,4.00,0.00,2306
1773235209000,64.1236503833333,-21.7875998333333,0.00,0.00,0.00,true,true,0.00,4.00,0.00,2307
1773235212000,64.1236503833333,-21.7875998333333,0.00,0.00,0.00,true,true,0.00,3.00,0.00,2308
1773235214000,64.1236503833333,-21.7875998333333,0.00,0.00,0.00,true,true,0.00,2.00,0.00,2309
1773235219000,64.1236503833333,-21.7875998333333,0.00,0.00,0.00,true,true,0.00,5.00,0.00,2310
1773235221000,64.1236503833333,-21.7875998333333,0.00,0.00,0.00,true,true,0.00,2.00,0.00,2311
1773235223000,64.1236503833333,-21.7875998333333,0.00,0.00,0.00,true,true,0.00,2.00,0.00,2312
1773235227000,64.1236503833333,-21.7875998333333,0.00,0.00,0.00,true,true,0.00,4.00,0.00,2313
1773235229000,64.1236503833333,-21.7875998333333,0.00,0.00,0.00,true,true,0.00,2.00,0.00,2314
1773235234000,64.1236503833333,-21.7875998333333,0.00,0.00,0.00,true,true,0.00,5.00,0.00,2315
1773235236000,64.1236503833333,-21.7875998333333,0.00,0.00,0.00,true,true,0.00,2.00,0.00,2316
1773235241000,64.1236503833333,-21.7875998333333,0.00,0.00,0.00,true,true,0.00,5.00,0.00,2317
1773235243000,64.1236503833333,-21.7875998333333,0.00,0.00,0.00,true,true,0.00,2.00,0.00,2318
1773235247000,64.1236503833333,-21.7875998333333,0.00,0.00,0.00,true,true,0.00,4.00,0.00,2319
1773235249000,64.1236503833333,-21.7875998333333,0.00,0.00,0.00,true,true,0.00,2.00,0.00,2320
1773235251000,64.1236503833333,-21.7875998333333,0.00,0.00,0.00,true,true,0.00,2.00,0.00,2321
1773235254000,64.1236503833333,-21.7875998333333,0.00,0.00,0.00,true,true,0.00,3.00,0.00,2322
1773235256000,64.1236503833333,-21.7875998333333,0.00,0.00,0.00,true,true,0.00,2.00,0.00,2323
1773235260000,64.1236503833333,-21.7875998333333,0.00,0.00,0.00,true,true,0.00,4.00,0.00,2324
1773235262000,64.1236503833333,-21.7875998333333,0.00,0.00,0.00,true,true,0.00,2.00,0.00,2325
1773235266000,64.1236503833333,-21.7875998333333,0.00,0.00,0.00,true,true,0.00,4.00,0.00,2326
1773235268000,64.1236503833333,-21.7875998333333,0.00,0.00,0.00,true,true,0.00,2.00,0.00,2327
1773235272000,64.1236503833333,-21.7875998333333,0.00,0.00,0.00,true,true,0.00,4.00,0.00,2328
1773235276000,64.1236503833333,-21.7875998333333,0.00,0.00,0.00,true,true,0.00,4.00,0.00,2329
1773235279000,64.1236503833333,-21.7875998333333,0.00,0.00,0.00,true,true,0.00,3.00,0.00,2330
1773235281000,64.1236503833333,-21.7875998333333,0.00,0.00,0.00,true,true,0.00,2.00,0.00,2331
1773235285000,64.1236503833333,-21.7875998333333,0.00,0.00,0.00,true,true,0.00,4.00,0.00,2332
1773235287000,64.1236503833333,-21.7875998333333,0.00,0.00,0.00,true,true,0.00,2.00,0.00,2333
1773235291000,64.1236503833333,-21.7875998333333,0.00,0.00,0.00,true,true,0.00,4.00,0.00,2334
1773235293000,64.1236503833333,-21.7875998333333,0.00,0.00,0.00,true,true,0.00,2.00,0.00,2335
1773235298000,64.1236503833333,-21.7875998333333,0.00,0.00,0.00,true,true,0.00,5.00,0.00,2336
1773235304000,64.1236503833333,-21.7875998333333,0.00,0.00,0.00,true,true,0.00,6.00,0.00,2337
1773235307000,64.1236503833333,-21.7875998333333,0.00,0.00,0.00,true,true,0.00,3.00,0.00,2338
1773235309000,64.1236503833333,-21.7875998333333,0.00,0.00,0.00,true,true,0.00,2.00,0.00,2339
1773235311000,64.1236503833333,-21.7875998333333,0.00,0.00,0.00,true,true,0.00,2.00,0.00,2340
1773235315000,64.12364905,-21.7876001666667,0.00,0.00,0.00,true,true,0.15,4.00,0.13,2341
1773235319000,64.12364905,-21.7876001666667,0.00,0.00,0.00,true,true,0.02,4.00,0.02,2342
1773235323000,64.12364905,-21.7876001666667,0.00,0.00,0.00,true,true,0.00,4.00,0.00,2343
1773235326000,64.12364905,-21.7876001666667,0.00,0.00,0.00,true,true,0.00,3.00,0.00,2344
1773235331000,64.12364905,-21.7876001666667,0.00,0.00,0.00,true,true,0.00,5.00,0.00,2345
1773235333000,64.12364905,-21.7876001666667,0.00,0.00,0.00,true,true,0.00,2.00,0.00,2346
1773235335000,64.12364905,-21.7876001666667,0.00,0.00,0.00,true,true,0.00,2.00,0.00,2347
1773235341000,64.12364905,-21.7876001666667,0.00,0.00,0.00,true,true,0.00,6.00,0.00,2348
1773235348000,64.12364905,-21.7876001666667,0.00,0.00,0.00,true,true,0.00,7.00,0.00,2349
1773235350000,64.12364905,-21.7876001666667,0.00,0.00,0.00,true,true,0.00,2.00,0.00,2350
1773235352000,64.12364905,-21.7876001666667,0.00,0.00,0.00,true,true,0.00,2.00,0.00,2351
1773235356000,64.12364905,-21.7876001666667,0.00,0.00,0.00,true,true,0.00,4.00,0.00,2352
1773235358000,64.12364905,-21.7876001666667,0.00,0.00,0.00,true,true,0.00,2.00,0.00,2353
1773235364000,64.12364905,-21.7876001666667,0.00,0.00,0.00,true,true,0.00,6.00,0.00,2354
1773235369000,64.12364905,-21.7876001666667,0.00,0.00,0.00,true,true,0.00,5.00,0.00,2355
1773235373000,64.12364905,-21.7876001666667,0.00,0.00,0.00,true,true,0.00,4.00,0.00,2356
1773235375000,64.12364905,-21.7876001666667,0.00,0.00,0.00,true,true,0.00,2.00,0.00,2357
1773235377000,64.12364905,-21.7876001666667,0.00,0.00,0.00,true,true,0.00,2.00,0.00,2358
1773235381000,64.12364905,-21.7876001666667,0.00,0.00,0.00,true,true,0.00,4.00,0.00,2359
1773235384000,64.12364905,-21.7876001666667,0.00,0.00,0.00,true,true,0.00,3.00,0.00,2360
1773235386000,64.12364905,-21.7876001666667,0.00,0.00,0.00,true,true,0.00,2.00,0.00,2361
1773235390000,64.12364905,-21.7876001666667,0.00,0.00,0.00,true,true,0.00,4.00,0.00,2362
1773235392000,64.12364905,-21.7876001666667,0.00,0.00,0.00,true,true,0.00,2.00,0.00,2363
1773235398000,64.12364905,-21.7876001666667,0.00,0.00,0.00,true,true,0.00,6.00,0.00,2364
1773235401000,64.12364905,-21.7876001666667,0.00,0.00,0.00,true,true,0.00,3.00,0.00,2365
1773235406000,64.12364905,-21.7876001666667,0.00,0.00,0.00,true,true,0.00,5.00,0.00,2366
1773235408000,64.12364905,-21.7876001666667,0.00,0.00,0.00,true,true,0.00,2.00,0.00,2367
1773235410000,64.12364905,-21.7876001666667,0.00,0.00,0.00,true,true,0.00,2.00,0.00,2368
1773235414000,64.12364905,-21.7876001666667,0.00,0.00,0.00,true,true,0.00,4.00,0.00,2369
1773235419000,64.12364905,-21.7876001666667,0.00,0.00,0.00,true,true,0.00,5.00,0.00,2370
1773235423000,64.12364905,-21.7876001666667,0.00,0.00,0.00,true,true,0.00,4.00,0.00,2371
1773235428000,64.12364905,-21.7876001666667,0.00,0.00,0.00,true,true,0.00,5.00,0.00,2372
1773235430000,64.12364905,-21.7876001666667,0.00,0.00,0.00,true,true,0.00,2.00,0.00,2373
1773235432000,64.12364905,-21.7876001666667,0.00,0.00,0.00,true,true,0.00,2.00,0.00,2374
1773235440000,64.1236490166667,-21.7875995,0.00,0.00,0.00,true,true,0.03,8.00,0.01,2375
1773235442000,64.1236490166667,-21.7875995,0.00,0.00,0.00,true,true,0.00,2.00,0.00,2376
1773235446000,64.1236490166667,-21.7875995,0.00,0.00,0.00,true,true,0.00,4.00,0.00,2377
1773235448000,64.1236490166667,-21.7875995,0.00,0.00,0.00,true,true,0.00,2.00,0.00,2378
1773235453000,64.1236490166667,-21.7875995,0.00,0.00,0.00,true,true,0.00,5.00,0.00,2379
1773235455000,64.1236490166667,-21.7875995,0.00,0.00,0.00,true,true,0.00,2.00,0.00,2380
1773235458000,64.1236490166667,-21.7875995,0.00,0.00,0.00,true,true,0.00,3.00,0.00,2381
1773235464000,64.1236490166667,-21.7875995,0.00,0.00,0.00,true,true,0.00,6.00,0.00,2382
1773235469000,64.1236490166667,-21.7875995,0.00,0.00,0.00,true,true,0.00,5.00,0.00,2383
1773235471000,64.1236490166667,-21.7875995,0.00,0.00,0.00,true,true,0.00,2.00,0.00,2384
1773235477000,64.1236490166667,-21.7875995,0.00,0.00,0.00,true,true,0.00,6.00,0.00,2385
1773235479000,64.1236490166667,-21.7875995,0.00,0.00,0.00,true,true,0.00,2.00,0.00,2386
1773235483000,64.1236490166667,-21.7875995,0.00,0.00,0.00,true,true,0.00,4.00,0.00,2387
1773235485000,64.1236490166667,-21.7875995,0.00,0.00,0.00,true,true,0.00,2.00,0.00,2388
1773235488000,64.1236490166667,-21.7875995,0.00,0.00,0.00,true,true,0.00,3.00,0.00,2389
1773235490000,64.1236490166667,-21.7875995,0.00,0.00,0.00,true,true,0.00,2.00,0.00,2390
1773235494000,64.1236490166667,-21.7875995,0.00,0.00,0.00,true,true,0.00,4.00,0.00,2391
1773235499000,64.1236490166667,-21.7875995,0.00,0.00,0.00,true,true,0.00,5.00,0.00,2392
1773235501000,64.1236490166667,-21.7875995,0.00,0.00,0.00,true,true,0.00,2.00,0.00,2393
1773235505000,64.1236490166667,-21.7875995,0.00,0.00,0.00,true,true,0.00,4.00,0.00,2394
1773235508000,64.1236490166667,-21.7875995,0.00,0.00,0.00,true,true,0.00,3.00,0.00,2395
1773235510000,64.1236490166667,-21.7875995,0.00,0.00,0.00,true,true,0.00,2.00,0.00,2396
1773235514000,64.1236490166667,-21.7875995,0.00,0.00,0.00,true,true,0.00,4.00,0.00,2397
1773235516000,64.1236490166667,-21.7875995,0.00,0.00,0.00,true,true,0.00,2.00,0.00,2398
1773235519000,64.1236490166667,-21.7875995,0.00,0.00,0.00,true,true,0.00,3.00,0.00,2399
1773235523000,64.1236490166667,-21.7875995,0.00,0.00,0.00,true,true,0.00,4.00,0.00,2400
1773235525000,64.1236490166667,-21.7875995,0.00,0.00,0.00,true,true,0.00,2.00,0.00,2401
1773235529000,64.1236490166667,-21.7875995,0.00,0.00,0.00,true,true,0.00,4.00,0.00,2402
1773235531000,64.1236490166667,-21.7875995,0.00,0.00,0.00,true,true,0.00,2.00,0.00,2403
1773235535000,64.1236490166667,-21.7875995,0.00,0.00,0.00,true,true,0.00,4.00,0.00,2404
1773235538000,64.1236490166667,-21.7875995,0.00,0.00,0.00,true,true,0.00,3.00,0.00,2405
1773235540000,64.1236490166667,-21.7875995,0.00,0.00,0.00,true,true,0.00,2.00,0.00,2406
1773235543000,64.1236490166667,-21.7875995,0.00,0.00,0.00,true,true,0.00,3.00,0.00,2407
1773235545000,64.1236490166667,-21.7875995,0.00,0.00,0.00,true,true,0.00,2.00,0.00,2408
1773235551000,64.1236490166667,-21.7875995,0.00,0.00,0.00,true,true,0.00,6.00,0.00,2409
1773235555000,64.1236490166667,-21.7875995,0.00,0.00,0.00,true,true,0.00,4.00,0.00,2410
1773235561000,64.1236498333333,-21.7875961666667,0.00,0.00,0.00,true,true,0.19,6.00,0.11,2411
1773235563000,64.1236498333333,-21.7875961666667,0.00,0.00,0.00,true,true,0.01,2.00,0.02,2412
1773235565000,64.1236498333333,-21.7875961666667,0.00,0.00,0.00,true,true,0.00,2.00,0.00,2413
1773235569000,64.1236498333333,-21.7875961666667,0.00,0.00,0.00,true,true,0.00,4.00,0.00,2414
1773235573000,64.1236498333333,-21.7875961666667,0.00,0.00,0.00,true,true,0.00,4.00,0.00,2415
1773235575000,64.1236498333333,-21.7875961666667,0.00,0.00,0.00,true,true,0.00,2.00,0.00,2416
1773235577000,64.1236498333333,-21.7875961666667,0.00,0.00,0.00,true,true,0.00,2.00,0.00,2417
1773235581000,64.1236498333333,-21.7875961666667,0.00,0.00,0.00,true,true,0.00,4.00,0.00,2418
1773235584000,64.1236498333333,-21.7875961666667,0.00,0.00,0.00,true,true,0.00,3.00,0.00,2419
1773235589000,64.1236498333333,-21.7875961666667,0.00,0.00,0.00,true,true,0.00,5.00,0.00,2420
1773235591000,64.1236498333333,-21.7875961666667,0.00,0.00,0.00,true,true,0.00,2.00,0.00,2421
1773235597000,64.1236498333333,-21.7875961666667,0.00,0.00,0.00,true,true,0.00,6.00,0.00,2422
1773235601000,64.1236498333333,-21.7875961666667,0.00,0.00,0.00,true,true,0.00,4.00,0.00,2423
1773235604000,64.1236498333333,-21.7875961666667,0.00,0.00,0.00,true,true,0.00,3.00,0.00,2424
1773235606000,64.1236498333333,-21.7875961666667,0.00,0.00,0.00,true,true,0.00,2.00,0.00,2425
1773235608000,64.1236498333333,-21.7875961666667,0.00,0.00,0.00,true,true,0.00,2.00,0.00,2426
1773235611000,64.1236498333333,-21.7875961666667,0.00,0.00,0.00,true,true,0.00,3.00,0.00,2427
1773235614000,64.1236498333333,-21.7875961666667,0.00,0.00,0.00,true,true,0.00,3.00,0.00,2428
1773235619000,64.1236498333333,-21.7875961666667,0.00,0.00,0.00,true,true,0.00,5.00,0.00,2429
1773235623000,64.1236498333333,-21.7875961666667,0.00,0.00,0.00,true,true,0.00,4.00,0.00,2430
1773235625000,64.1236498333333,-21.7875961666667,0.00,0.00,0.00,true,true,0.00,2.00,0.00,2431
1773235629000,64.1236498333333,-21.7875961666667,0.00,0.00,0.00,true,true,0.00,4.00,0.00,2432
1773235631000,64.1236498333333,-21.7875961666667,0.00,0.00,0.00,true,true,0.00,2.00,0.00,2433
1773235633000,64.1236498333333,-21.7875961666667,0.00,0.00,0.00,true,true,0.00,2.00,0.00,2434
1773235635000,64.1236498333333,-21.7875961666667,0.00,0.00,0.00,true,true,0.00,2.00,0.00,2435
1773235640000,64.1236498333333,-21.7875961666667,0.00,0.00,0.00,true,true,0.00,5.00,0.00,2436
1773235642000,64.1236498333333,-21.7875961666667,0.00,0.00,0.00,true,true,0.00,2.00,0.00,2437
1773235648000,64.1236498333333,-21.7875961666667,0.00,0.00,0.00,true,true,0.00,6.00,0.00,2438
1773235654000,64.1236498333333,-21.7875961666667,0.00,0.00,0.00,true,true,0.00,6.00,0.00,2439
1773235659000,64.1236498333333,-21.7875961666667,0.00,0.00,0.00,true,true,0.00,5.00,0.00,2440
1773235663000,64.1236498333333,-21.7875961666667,0.00,0.00,0.00,true,true,0.00,4.00,0.00,2441
1773235666000,64.1236498333333,-21.7875961666667,0.00,0.00,0.00,true,true,0.00,3.00,0.00,2442
1773235670000,64.1236498333333,-21.7875961666667,0.00,0.00,0.00,true,true,0.00,4.00,0.00,2443
1773235672000,64.1236498333333,-21.7875961666667,0.00,0.00,0.00,true,true,0.00,2.00,0.00,2444
1773235674000,64.1236498333333,-21.7875961666667,0.00,0.00,0.00,true,true,0.00,2.00,0.00,2445
1773235677000,64.1236498333333,-21.7875961666667,0.00,0.00,0.00,true,true,0.00,3.00,0.00,2446
1773235679000,64.1236498333333,-21.7875961666667,0.00,0.00,0.00,true,true,0.00,2.00,0.00,2447
1773235683000,64.1236498,-21.7875983333333,0.00,0.00,0.00,true,true,0.11,4.00,0.09,2448
1773235685000,64.1236498,-21.7875983333333,0.00,0.00,0.00,true,true,0.01,2.00,0.03,2449
1773235689000,64.1236498,-21.7875983333333,0.00,0.00,0.00,true,true,0.00,4.00,0.00,2450
1773235691000,64.1236498,-21.7875983333333,0.00,0.00,0.00,true,true,0.00,2.00,0.00,2451
1773235693000,64.1236498,-21.7875983333333,0.00,0.00,0.00,true,true,0.00,2.00,0.00,2452
1773235697000,64.1236498,-21.7875983333333,0.00,0.00,0.00,true,true,0.00,4.00,0.00,2453
1773235699000,64.1236498,-21.7875983333333,0.00,0.00,0.00,true,true,0.00,2.00,0.00,2454
1773235701000,64.1236498,-21.7875983333333,0.00,0.00,0.00,true,true,0.00,2.00,0.00,2455
1773235704000,64.1236498,-21.7875983333333,0.00,0.00,0.00,true,true,0.00,3.00,0.00,2456
1773235708000,64.1236498,-21.7875983333333,0.00,0.00,0.00,true,true,0.00,4.00,0.00,2457
1773235710000,64.1236498,-21.7875983333333,0.00,0.00,0.00,true,true,0.00,2.00,0.00,2458
1773235714000,64.1236498,-21.7875983333333,0.00,0.00,0.00,true,true,0.00,4.00,0.00,2459
1773235719000,64.1236498,-21.7875983333333,0.00,0.00,0.00,true,true,0.00,5.00,0.00,2460
1773235721000,64.1236498,-21.7875983333333,0.00,0.00,0.00,true,true,0.00,2.00,0.00,2461
1773235725000,64.1236498,-21.7875983333333,0.00,0.00,0.00,true,true,0.00,4.00,0.00,2462
1773235730000,64.1236498,-21.7875983333333,0.00,0.00,0.00,true,true,0.00,5.00,0.00,2463
1773235736000,64.1236498,-21.7875983333333,0.00,0.00,0.00,true,true,0.00,6.00,0.00,2464
1773235741000,64.1236498,-21.7875983333333,0.00,0.00,0.00,true,true,0.00,5.00,0.00,2465
1773235745000,64.1236498,-21.7875983333333,0.00,0.00,0.00,true,true,0.00,4.00,0.00,2466
1773235747000,64.1236498,-21.7875983333333,0.00,0.00,0.00,true,true,0.00,2.00,0.00,2467
1773235749000,64.1236498,-21.7875983333333,0.00,0.00,0.00,true,true,0.00,2.00,0.00,2468
1773235751000,64.1236498,-21.7875983333333,0.00,0.00,0.00,true,true,0.00,2.00,0.00,2469
1773235754000,64.1236498,-21.7875983333333,0.00,0.00,0.00,true,true,0.00,3.00,0.00,2470
1773235759000,64.1236498,-21.7875983333333,0.00,0.00,0.00,true,true,0.00,5.00,0.00,2471
1773235761000,64.1236498,-21.7875983333333,0.00,0.00,0.00,true,true,0.00,2.00,0.00,2472
1773235764000,64.1236498,-21.7875983333333,0.00,0.00,0.00,true,true,0.00,3.00,0.00,2473
1773235768000,64.1236498,-21.7875983333333,0.00,0.00,0.00,true,true,0.00,4.00,0.00,2474
1773235772000,64.1236498,-21.7875983333333,0.00,0.00,0.00,true,true,0.00,4.00,0.00,2475
1773235774000,64.1236498,-21.7875983333333,0.00,0.00,0.00,true,true,0.00,2.00,0.00,2476
1773235776000,64.1236498,-21.7875983333333,0.00,0.00,0.00,true,true,0.00,2.00,0.00,2477
1773235779000,64.1236498,-21.7875983333333,0.00,0.00,0.00,true,true,0.00,3.00,0.00,2478
1773235781000,64.1236498,-21.7875983333333,0.00,0.00,0.00,true,true,0.00,2.00,0.00,2479
1773235787000,64.1236498,-21.7875983333333,0.00,0.00,0.00,true,true,0.00,6.00,0.00,2480
1773235789000,64.1236498,-21.7875983333333,0.00,0.00,0.00,true,true,0.00,2.00,0.00,2481
1773235791000,64.1236498,-21.7875983333333,0.00,0.00,0.00,true,true,0.00,2.00,0.00,2482
1773235796000,64.1236498,-21.7875983333333,0.00,0.00,0.00,true,true,0.00,5.00,0.00,2483
1773235800000,64.1236498,-21.7875983333333,0.00,0.00,0.00,true,true,0.00,4.00,0.00,2484
1773235806000,64.12364945,-21.7876006666667,0.00,0.00,0.00,true,true,0.12,6.00,0.07,2485
1773235808000,64.12364945,-21.7876006666667,0.00,0.00,0.00,true,true,0.01,2.00,0.01,2486
1773235810000,64.12364945,-21.7876006666667,0.00,0.00,0.00,true,true,0.00,2.00,0.00,2487
1773235813000,64.12364945,-21.7876006666667,0.00,0.00,0.00,true,true,0.00,3.00,0.00,2488
1773235815000,64.12364945,-21.7876006666667,0.00,0.00,0.00,true,true,0.00,2.00,0.00,2489
1773235821000,64.12364945,-21.7876006666667,0.00,0.00,0.00,true,true,0.00,6.00,0.00,2490
1773235825000,64.12364945,-21.7876006666667,0.00,0.00,0.00,true,true,0.00,4.00,0.00,2491
1773235829000,64.12364945,-21.7876006666667,0.00,0.00,0.00,true,true,0.00,4.00,0.00,2492
1773235831000,64.12364945,-21.7876006666667,0.00,0.00,0.00,true,true,0.00,2.00,0.00,2493
1773235835000,64.12364945,-21.7876006666667,0.00,0.00,0.00,true,true,0.00,4.00,0.00,2494
1773235837000,64.12364945,-21.7876006666667,0.00,0.00,0.00,true,true,0.00,2.00,0.00,2495
1773235839000,64.12364945,-21.7876006666667,0.00,0.00,0.00,true,true,0.00,2.00,0.00,2496
1773235841000,64.12364945,-21.7876006666667,0.00,0.00,0.00,true,true,0.00,2.00,0.00,2497
1773235846000,64.12364945,-21.7876006666667,0.00,0.00,0.00,true,true,0.00,5.00,0.00,2498
1773235852000,64.12364945,-21.7876006666667,0.00,0.00,0.00,true,true,0.00,6.00,0.00,2499
1773235859000,64.12364945,-21.7876006666667,0.00,0.00,0.00,true,true,0.00,7.00,0.00,2500
1773235861000,64.12364945,-21.7876006666667,0.00,0.00,0.00,true,true,0.00,2.00,0.00,2501
1773235865000,64.12364945,-21.7876006666667,0.00,0.00,0.00,true,true,0.00,4.00,0.00,2502
1773235867000,64.12364945,-21.7876006666667,0.00,0.00,0.00,true,true,0.00,2.00,0.00,2503
1773235869000,64.12364945,-21.7876006666667,0.00,0.00,0.00,true,true,0.00,2.00,0.00,2504
1773235872000,64.12364945,-21.7876006666667,0.00,0.00,0.00,true,true,0.00,3.00,0.00,2505
1773235874000,64.12364945,-21.7876006666667,0.00,0.00,0.00,true,true,0.00,2.00,0.00,2506
1773235879000,64.12364945,-21.7876006666667,0.00,0.00,0.00,true,true,0.00,5.00,0.00,2507
1773235881000,64.12364945,-21.7876006666667,0.00,0.00,0.00,true,true,0.00,2.00,0.00,2508
1773235883000,64.12364945,-21.7876006666667,0.00,0.00,0.00,true,true,0.00,2.00,0.00,2509
1773235890000,64.12364945,-21.7876006666667,0.00,0.00,0.00,true,true,0.00,7.00,0.00,2510
1773235892000,64.12364945,-21.7876006666667,0.00,0.00,0.00,true,true,0.00,2.00,0.00,2511
1773235897000,64.12364945,-21.7876006666667,0.00,0.00,0.00,true,true,0.00,5.00,0.00,2512
1773235901000,64.12364945,-21.7876006666667,0.00,0.00,0.00,true,true,0.00,4.00,0.00,2513
1773235907000,64.12364945,-21.7876006666667,0.00,0.00,0.00,true,true,0.00,6.00,0.00,2514
1773235911000,64.12364945,-21.7876006666667,0.00,0.00,0.00,true,true,0.00,4.00,0.00,2515
1773235914000,64.12364945,-21.7876006666667,0.00,0.00,0.00,true,true,0.00,3.00,0.00,2516
1773235917000,64.12364945,-21.7876006666667,0.00,0.00,0.00,true,true,0.00,3.00,0.00,2517
1773235919000,64.12364945,-21.7876006666667,0.00,0.00,0.00,true,true,0.00,2.00,0.00,2518
1773235922000,64.12364945,-21.7876006666667,0.00,0.00,0.00,true,true,0.00,3.00,0.00,2519
1773235926000,64.12364945,-21.7876006666667,0.00,0.00,0.00,true,true,0.00,4.00,0.00,2520
1773235928000,64.1236482,-21.7875993333333,0.00,0.00,0.00,true,true,0.15,2.00,0.28,2521
1773235932000,64.1236482,-21.7875993333333,0.00,0.00,0.00,true,true,0.04,4.00,0.04,2522
1773235934000,64.1236482,-21.7875993333333,0.00,0.00,0.00,true,true,0.01,2.00,0.01,2523
1773235937000,64.1236482,-21.7875993333333,0.00,0.00,0.00,true,true,0.00,3.00,0.00,2524
1773235939000,64.1236482,-21.7875993333333,0.00,0.00,0.00,true,true,0.00,2.00,0.00,2525
1773235943000,64.1236482,-21.7875993333333,0.00,0.00,0.00,true,true,0.00,4.00,0.00,2526
1773235946000,64.1236482,-21.7875993333333,0.00,0.00,0.00,true,true,0.00,3.00,0.00,2527
1773235948000,64.1236482,-21.7875993333333,0.00,0.00,0.00,true,true,0.00,2.00,0.00,2528
1773235950000,64.1236482,-21.7875993333333,0.00,0.00,0.00,true,true,0.00,2.00,0.00,2529
1773235953000,64.1236482,-21.7875993333333,0.00,0.00,0.00,true,true,0.00,3.00,0.00,2530
1773235955000,64.1236482,-21.7875993333333,0.00,0.00,0.00,true,true,0.00,2.00,0.00,2531
1773235958000,64.1236482,-21.7875993333333,0.00,0.00,0.00,true,true,0.00,3.00,0.00,2532
1773235963000,64.1236482,-21.7875993333333,0.00,0.00,0.00,true,true,0.00,5.00,0.00,2533
1773235965000,64.1236482,-21.7875993333333,0.00,0.00,0.00,true,true,0.00,2.00,0.00,2534
1773235968000,64.1236482,-21.7875993333333,0.00,0.00,0.00,true,true,0.00,3.00,0.00,2535
1773235970000,64.1236482,-21.7875993333333,0.00,0.00,0.00,true,true,0.00,2.00,0.00,2536
1773235975000,64.1236482,-21.7875993333333,0.00,0.00,0.00,true,true,0.00,5.00,0.00,2537
1773235978000,64.1236482,-21.7875993333333,0.00,0.00,0.00,true,true,0.00,3.00,0.00,2538
1773235980000,64.1236482,-21.7875993333333,0.00,0.00,0.00,true,true,0.00,2.00,0.00,2539
1773235985000,64.1236482,-21.7875993333333,0.00,0.00,0.00,true,true,0.00,5.00,0.00,2540
1773235989000,64.1236482,-21.7875993333333,0.00,0.00,0.00,true,true,0.00,4.00,0.00,2541
1773235991000,64.1236482,-21.7875993333333,0.00,0.00,0.00,true,true,0.00,2.00,0.00,2542
1773235995000,64.1236482,-21.7875993333333,0.00,0.00,0.00,true,true,0.00,4.00,0.00,2543
1773235997000,64.1236482,-21.7875993333333,0.00,0.00,0.00,true,true,0.00,2.00,0.00,2544
1773236000000,64.1236482,-21.7875993333333,0.00,0.00,0.00,true,true,0.00,3.00,0.00,2545
1773236003000,64.1236482,-21.7875993333333,0.00,0.00,0.00,true,true,0.00,3.00,0.00,2546
1773236005000,64.1236482,-21.7875993333333,0.00,0.00,0.00,true,true,0.00,2.00,0.00,2547
1773236011000,64.1236482,-21.7875993333333,0.00,0.00,0.00,true,true,0.00,6.00,0.00,2548
1773236015000,64.1236482,-21.7875993333333,0.00,0.00,0.00,true,true,0.00,4.00,0.00,2549
1773236017000,64.1236482,-21.7875993333333,0.00,0.00,0.00,true,true,0.00,2.00,0.00,2550
1773236020000,64.1236482,-21.7875993333333,0.00,0.00,0.00,true,true,0.00,3.00,0.00,2551
1773236023000,64.1236482,-21.7875993333333,0.00,0.00,0.00,true,true,0.00,3.00,0.00,2552
1773236027000,64.1236482,-21.7875993333333,0.00,0.00,0.00,true,true,0.00,4.00,0.00,2553
1773236030000,64.1236482,-21.7875993333333,0.00,0.00,0.00,true,true,0.00,3.00,0.00,2554
1773236035000,64.1236482,-21.7875993333333,0.00,0.00,0.00,true,true,0.00,5.00,0.00,2555
1773236038000,64.1236482,-21.7875993333333,0.00,0.00,0.00,true,true,0.00,3.00,0.00,2556
1773236041000,64.1236482,-21.7875993333333,0.00,0.00,0.00,true,true,0.00,3.00,0.00,2557
1773236046000,64.1236482,-21.7875993333333,0.00,0.00,0.00,true,true,0.00,5.00,0.00,2558
1773236049000,64.1236478833333,-21.7875973333333,0.00,0.00,0.00,true,true,0.10,3.00,0.12,2559
1773236054000,64.1236478833333,-21.7875973333333,0.00,0.00,0.00,true,true,0.02,5.00,0.01,2560
1773236058000,64.1236478833333,-21.7875973333333,0.00,0.00,0.00,true,true,0.00,4.00,0.00,2561
1773236063000,64.1236478833333,-21.7875973333333,0.00,0.00,0.00,true,true,0.00,5.00,0.00,2562
1773236067000,64.1236478833333,-21.7875973333333,0.00,0.00,0.00,true,true,0.00,4.00,0.00,2563
1773236069000,64.1236478833333,-21.7875973333333,0.00,0.00,0.00,true,true,0.00,2.00,0.00,2564
1773236071000,64.1236478833333,-21.7875973333333,0.00,0.00,0.00,true,true,0.00,2.00,0.00,2565
1773236076000,64.1236478833333,-21.7875973333333,0.00,0.00,0.00,true,true,0.00,5.00,0.00,2566
1773236080000,64.1236478833333,-21.7875973333333,0.00,0.00,0.00,true,true,0.00,4.00,0.00,2567
1773236082000,64.1236478833333,-21.7875973333333,0.00,0.00,0.00,true,true,0.00,2.00,0.00,2568
1773236086000,64.1236478833333,-21.7875973333333,0.00,0.00,0.00,true,true,0.00,4.00,0.00,2569
1773236091000,64.1236478833333,-21.7875973333333,0.00,0.00,0.00,true,true,0.00,5.00,0.00,2570
1773236093000,64.1236478833333,-21.7875973333333,0.00,0.00,0.00,true,true,0.00,2.00,0.00,2571
1773236095000,64.1236478833333,-21.7875973333333,0.00,0.00,0.00,true,true,0.00,2.00,0.00,2572
1773236097000,64.1236478833333,-21.7875973333333,0.00,0.00,0.00,true,true,0.00,2.00,0.00,2573
1773236100000,64.1236478833333,-21.7875973333333,0.00,0.00,0.00,true,true,0.00,3.00,0.00,2574
1773236105000,64.1236478833333,-21.7875973333333,0.00,0.00,0.00,true,true,0.00,5.00,0.00,2575
1773236107000,64.1236478833333,-21.7875973333333,0.00,0.00,0.00,true,true,0.00,2.00,0.00,2576
1773236112000,64.1236478833333,-21.7875973333333,0.00,0.00,0.00,true,true,0.00,5.00,0.00,2577
1773236116000,64.1236478833333,-21.7875973333333,0.00,0.00,0.00,true,true,0.00,4.00,0.00,2578
1773236120000,64.1236478833333,-21.7875973333333,0.00,0.00,0.00,true,true,0.00,4.00,0.00,2579
1773236122000,64.1236478833333,-21.7875973333333,0.00,0.00,0.00,true,true,0.00,2.00,0.00,2580
1773236126000,64.1236478833333,-21.7875973333333,0.00,0.00,0.00,true,true,0.00,4.00,0.00,2581
1773236133000,64.1236478833333,-21.7875973333333,0.00,0.00,0.00,true,true,0.00,7.00,0.00,2582
1773236135000,64.1236478833333,-21.7875973333333,0.00,0.00,0.00,true,true,0.00,2.00,0.00,2583
1773236137000,64.1236478833333,-21.7875973333333,0.00,0.00,0.00,true,true,0.00,2.00,0.00,2584
1773236141000,64.1236478833333,-21.7875973333333,0.00,0.00,0.00,true,true,0.00,4.00,0.00,2585
1773236146000,64.1236478833333,-21.7875973333333,0.00,0.00,0.00,true,true,0.00,5.00,0.00,2586
1773236149000,64.1236478833333,-21.7875973333333,0.00,0.00,0.00,true,true,0.00,3.00,0.00,2587
1773236152000,64.1236478833333,-21.7875973333333,0.00,0.00,0.00,true,true,0.00,3.00,0.00,2588
1773236154000,64.1236478833333,-21.7875973333333,0.00,0.00,0.00,true,true,0.00,2.00,0.00,2589
1773236156000,64.1236478833333,-21.7875973333333,0.00,0.00,0.00,true,true,0.00,2.00,0.00,2590
1773236161000,64.1236478833333,-21.7875973333333,0.00,0.00,0.00,true,true,0.00,5.00,0.00,2591
1773236163000,64.1236478833333,-21.7875973333333,0.00,0.00,0.00,true,true,0.00,2.00,0.00,2592
1773236165000,64.1236478833333,-21.7875973333333,0.00,0.00,0.00,true,true,0.00,2.00,0.00,2593
1773236168000,64.1236478833333,-21.7875973333333,0.00,0.00,0.00,true,true,0.00,3.00,0.00,2594
1773236172000,64.1236477666667,-21.7875956666667,0.00,0.00,0.00,true,true,0.08,4.00,0.07,2595
1773236174000,64.1236477666667,-21.7875956666667,0.00,0.00,0.00,true,true,0.01,2.00,0.02,2596
1773236179000,64.1236477666667,-21.7875956666667,0.00,0.00,0.00,true,true,0.00,5.00,0.00,2597
1773236187000,64.1236477666667,-21.7875956666667,0.00,0.00,0.00,true,true,0.00,8.00,0.00,2598
1773236189000,64.1236477666667,-21.7875956666667,0.00,0.00,0.00,true,true,0.00,2.00,0.00,2599
1773236193000,64.1236477666667,-21.7875956666667,0.00,0.00,0.00,true,true,0.00,4.00,0.00,2600
1773236195000,64.1236477666667,-21.7875956666667,0.00,0.00,0.00,true,true,0.00,2.00,0.00,2601
1773236198000,64.1236477666667,-21.7875956666667,0.00,0.00,0.00,true,true,0.00,3.00,0.00,2602
1773236200000,64.1236477666667,-21.7875956666667,0.00,0.00,0.00,true,true,0.00,2.00,0.00,2603
1773236202000,64.1236477666667,-21.7875956666667,0.00,0.00,0.00,true,true,0.00,2.00,0.00,2604
1773236204000,64.1236477666667,-21.7875956666667,0.00,0.00,0.00,true,true,0.00,2.00,0.00,2605
1773236209000,64.1236477666667,-21.7875956666667,0.00,0.00,0.00,true,true,0.00,5.00,0.00,2606
1773236213000,64.1236477666667,-21.7875956666667,0.00,0.00,0.00,true,true,0.00,4.00,0.00,2607
1773236215000,64.1236477666667,-21.7875956666667,0.00,0.00,0.00,true,true,0.00,2.00,0.00,2608
1773236219000,64.1236477666667,-21.7875956666667,0.00,0.00,0.00,true,true,0.00,4.00,0.00,2609
1773236224000,64.1236477666667,-21.7875956666667,0.00,0.00,0.00,true,true,0.00,5.00,0.00,2610
1773236226000,64.1236477666667,-21.7875956666667,0.00,0.00,0.00,true,true,0.00,2.00,0.00,2611
1773236230000,64.1236477666667,-21.7875956666667,0.00,0.00,0.00,true,true,0.00,4.00,0.00,2612
1773236232000,64.1236477666667,-21.7875956666667,0.00,0.00,0.00,true,true,0.00,2.00,0.00,2613
1773236236000,64.1236477666667,-21.7875956666667,0.00,0.00,0.00,true,true,0.00,4.00,0.00,2614
1773236238000,64.1236477666667,-21.7875956666667,0.00,0.00,0.00,true,true,0.00,2.00,0.00,2615
1773236240000,64.1236477666667,-21.7875956666667,0.00,0.00,0.00,true,true,0.00,2.00,0.00,2616
1773236243000,64.1236477666667,-21.7875956666667,0.00,0.00,0.00,true,true,0.00,3.00,0.00,2617
1773236245000,64.1236477666667,-21.7875956666667,0.00,0.00,0.00,true,true,0.00,2.00,0.00,2618
1773236249000,64.1236477666667,-21.7875956666667,0.00,0.00,0.00,true,true,0.00,4.00,0.00,2619
1773236251000,64.1236477666667,-21.7875956666667,0.00,0.00,0.00,true,true,0.00,2.00,0.00,2620
1773236253000,64.1236477666667,-21.7875956666667,0.00,0.00,0.00,true,true,0.00,2.00,0.00,2621
1773236257000,64.1236477666667,-21.7875956666667,0.00,0.00,0.00,true,true,0.00,4.00,0.00,2622
1773236259000,64.1236477666667,-21.7875956666667,0.00,0.00,0.00,true,true,0.00,2.00,0.00,2623
1773236261000,64.1236477666667,-21.7875956666667,0.00,0.00,0.00,true,true,0.00,2.00,0.00,2624
1773236264000,64.1236477666667,-21.7875956666667,0.00,0.00,0.00,true,true,0.00,3.00,0.00,2625
1773236268000,64.1236477666667,-21.7875956666667,0.00,0.00,0.00,true,true,0.00,4.00,0.00,2626
1773236273000,64.1236477666667,-21.7875956666667,0.00,0.00,0.00,true,true,0.00,5.00,0.00,2627
1773236277000,64.1236477666667,-21.7875956666667,0.00,0.00,0.00,true,true,0.00,4.00,0.00,2628
1773236282000,64.1236477666667,-21.7875956666667,0.00,0.00,0.00,true,true,0.00,5.00,0.00,2629
1773236285000,64.1236477666667,-21.7875956666667,0.00,0.00,0.00,true,true,0.00,3.00,0.00,2630
1773236287000,64.1236477666667,-21.7875956666667,0.00,0.00,0.00,true,true,0.00,2.00,0.00,2631
1773236292000,64.1236479,-21.7875958333333,0.00,0.00,0.00,true,true,0.02,5.00,0.01,2632
1773236298000,64.1236479,-21.7875958333333,0.00,0.00,0.00,true,true,0.00,6.00,0.00,2633
1773236300000,64.1236479,-21.7875958333333,0.00,0.00,0.00,true,true,0.00,2.00,0.00,2634
1773236302000,64.1236479,-21.7875958333333,0.00,0.00,0.00,true,true,0.00,2.00,0.00,2635
1773236306000,64.1236479,-21.7875958333333,0.00,0.00,0.00,true,true,0.00,4.00,0.00,2636
1773236310000,64.1236479,-21.7875958333333,0.00,0.00,0.00,true,true,0.00,4.00,0.00,2637
1773236312000,64.1236479,-21.7875958333333,0.00,0.00,0.00,true,true,0.00,2.00,0.00,2638
1773236315000,64.1236479,-21.7875958333333,0.00,0.00,0.00,true,true,0.00,3.00,0.00,2639
1773236319000,64.1236479,-21.7875958333333,0.00,0.00,0.00,true,true,0.00,4.00,0.00,2640
1773236321000,64.1236479,-21.7875958333333,0.00,0.00,0.00,true,true,0.00,2.00,0.00,2641
1773236325000,64.1236479,-21.7875958333333,0.00,0.00,0.00,true,true,0.00,4.00,0.00,2642
1773236327000,64.1236479,-21.7875958333333,0.00,0.00,0.00,true,true,0.00,2.00,0.00,2643
1773236329000,64.1236479,-21.7875958333333,0.00,0.00,0.00,true,true,0.00,2.00,0.00,2644
1773236331000,64.1236479,-21.7875958333333,0.00,0.00,0.00,true,true,0.00,2.00,0.00,2645
1773236336000,64.1236479,-21.7875958333333,0.00,0.00,0.00,true,true,0.00,5.00,0.00,2646
1773236338000,64.1236479,-21.7875958333333,0.00,0.00,0.00,true,true,0.00,2.00,0.00,2647
1773236340000,64.1236479,-21.7875958333333,0.00,0.00,0.00,true,true,0.00,2.00,0.00,2648
1773236342000,64.1236479,-21.7875958333333,0.00,0.00,0.00,true,true,0.00,2.00,0.00,2649
1773236346000,64.1236479,-21.7875958333333,0.00,0.00,0.00,true,true,0.00,4.00,0.00,2650
1773236348000,64.1236479,-21.7875958333333,0.00,0.00,0.00,true,true,0.00,2.00,0.00,2651
1773236350000,64.1236479,-21.7875958333333,0.00,0.00,0.00,true,true,0.00,2.00,0.00,2652
1773236352000,64.1236479,-21.7875958333333,0.00,0.00,0.00,true,true,0.00,2.00,0.00,2653
1773236357000,64.1236479,-21.7875958333333,0.00,0.00,0.00,true,true,0.00,5.00,0.00,2654
1773236360000,64.1236479,-21.7875958333333,0.00,0.00,0.00,true,true,0.00,3.00,0.00,2655
1773236364000,64.1236479,-21.7875958333333,0.00,0.00,0.00,true,true,0.00,4.00,0.00,2656
1773236366000,64.1236479,-21.7875958333333,0.00,0.00,0.00,true,true,0.00,2.00,0.00,2657
1773236368000,64.1236479,-21.7875958333333,0.00,0.00,0.00,true,true,0.00,2.00,0.00,2658
1773236372000,64.1236479,-21.7875958333333,0.00,0.00,0.00,true,true,0.00,4.00,0.00,2659
1773236375000,64.1236479,-21.7875958333333,0.00,0.00,0.00,true,true,0.00,3.00,0.00,2660
1773236378000,64.1236479,-21.7875958333333,0.00,0.00,0.00,true,true,0.00,3.00,0.00,2661
1773236382000,64.1236479,-21.7875958333333,0.00,0.00,0.00,true,true,0.00,4.00,0.00,2662
1773236384000,64.1236479,-21.7875958333333,0.00,0.00,0.00,true,true,0.00,2.00,0.00,2663
1773236390000,64.1236479,-21.7875958333333,0.00,0.00,0.00,true,true,0.00,6.00,0.00,2664
1773236393000,64.1236479,-21.7875958333333,0.00,0.00,0.00,true,true,0.00,3.00,0.00,2665
1773236396000,64.1236479,-21.7875958333333,0.00,0.00,0.00,true,true,0.00,3.00,0.00,2666
1773236399000,64.1236479,-21.7875958333333,0.00,0.00,0.00,true,true,0.00,3.00,0.00,2667
1773236401000,64.1236479,-21.7875958333333,0.00,0.00,0.00,true,true,0.00,2.00,0.00,2668
1773236408000,64.1236479,-21.7875958333333,0.00,0.00,0.00,true,true,0.00,7.00,0.00,2669
1773236412000,64.12364685,-21.7875956666667,0.00,0.00,0.00,true,true,0.12,4.00,0.11,2670
1773236414000,64.12364685,-21.7875956666667,0.00,0.00,0.00,true,true,0.01,2.00,0.02,2671
1773236416000,64.12364685,-21.7875956666667,0.00,0.00,0.00,true,true,0.00,2.00,0.01,2672
1773236420000,64.12364685,-21.7875956666667,0.00,0.00,0.00,true,true,0.00,4.00,0.00,2673
1773236422000,64.12364685,-21.7875956666667,0.00,0.00,0.00,true,true,0.00,2.00,0.00,2674
1773236429000,64.12364685,-21.7875956666667,0.00,0.00,0.00,true,true,0.00,7.00,0.00,2675
1773236432000,64.12364685,-21.7875956666667,0.00,0.00,0.00,true,true,0.00,3.00,0.00,2676
1773236435000,64.12364685,-21.7875956666667,0.00,0.00,0.00,true,true,0.00,3.00,0.00,2677
1773236439000,64.12364685,-21.7875956666667,0.00,0.00,0.00,true,true,0.00,4.00,0.00,2678
1773236442000,64.12364685,-21.7875956666667,0.00,0.00,0.00,true,true,0.00,3.00,0.00,2679
1773236445000,64.12364685,-21.7875956666667,0.00,0.00,0.00,true,true,0.00,3.00,0.00,2680
1773236447000,64.12364685,-21.7875956666667,0.00,0.00,0.00,true,true,0.00,2.00,0.00,2681
1773236449000,64.12364685,-21.7875956666667,0.00,0.00,0.00,true,true,0.00,2.00,0.00,2682
1773236451000,64.12364685,-21.7875956666667,0.00,0.00,0.00,true,true,0.00,2.00,0.00,2683
1773236455000,64.12364685,-21.7875956666667,0.00,0.00,0.00,true,true,0.00,4.00,0.00,2684
1773236457000,64.12364685,-21.7875956666667,0.00,0.00,0.00,true,true,0.00,2.00,0.00,2685
1773236464000,64.12364685,-21.7875956666667,0.00,0.00,0.00,true,true,0.00,7.00,0.00,2686
1773236466000,64.12364685,-21.7875956666667,0.00,0.00,0.00,true,true,0.00,2.00,0.00,2687
1773236472000,64.12364685,-21.7875956666667,0.00,0.00,0.00,true,true,0.00,6.00,0.00,2688
1773236474000,64.12364685,-21.7875956666667,0.00,0.00,0.00,true,true,0.00,2.00,0.00,2689
1773236476000,64.12364685,-21.7875956666667,0.00,0.00,0.00,true,true,0.00,2.00,0.00,2690
1773236478000,64.12364685,-21.7875956666667,0.00,0.00,0.00,true,true,0.00,2.00,0.00,2691
1773236483000,64.12364685,-21.7875956666667,0.00,0.00,0.00,true,true,0.00,5.00,0.00,2692
1773236485000,64.12364685,-21.7875956666667,0.00,0.00,0.00,true,true,0.00,2.00,0.00,2693
1773236487000,64.12364685,-21.7875956666667,0.00,0.00,0.00,true,true,0.00,2.00,0.00,2694
1773236491000,64.12364685,-21.7875956666667,0.00,0.00,0.00,true,true,0.00,4.00,0.00,2695
1773236496000,64.12364685,-21.7875956666667,0.00,0.00,0.00,true,true,0.00,5.00,0.00,2696
1773236498000,64.12364685,-21.7875956666667,0.00,0.00,0.00,true,true,0.00,2.00,0.00,2697
1773236502000,64.12364685,-21.7875956666667,0.00,0.00,0.00,true,true,0.00,4.00,0.00,2698
1773236506000,64.12364685,-21.7875956666667,0.00,0.00,0.00,true,true,0.00,4.00,0.00,2699
1773236511000,64.12364685,-21.7875956666667,0.00,0.00,0.00,true,true,0.00,5.00,0.00,2700
1773236514000,64.12364685,-21.7875956666667,0.00,0.00,0.00,true,true,0.00,3.00,0.00,2701
1773236517000,64.12364685,-21.7875956666667,0.00,0.00,0.00,true,true,0.00,3.00,0.00,2702
1773236521000,64.12364685,-21.7875956666667,0.00,0.00,0.00,true,true,0.00,4.00,0.00,2703
1773236526000,64.12364685,-21.7875956666667,0.00,0.00,0.00,true,true,0.00,5.00,0.00,2704
1773236528000,64.12364685,-21.7875956666667,0.00,0.00,0.00,true,true,0.00,2.00,0.00,2705
1773236532000,64.12364615,-21.7875961666667,0.00,0.00,0.00,true,true,0.08,4.00,0.07,2706
1773236534000,64.12364615,-21.7875961666667,0.00,0.00,0.00,true,true,0.01,2.00,0.02,2707
1773236537000,64.12364615,-21.7875961666667,0.00,0.00,0.00,true,true,0.00,3.00,0.00,2708
1773236539000,64.12364615,-21.7875961666667,0.00,0.00,0.00,true,true,0.00,2.00,0.00,2709
1773236546000,64.12364615,-21.7875961666667,0.00,0.00,0.00,true,true,0.00,7.00,0.00,2710
1773236548000,64.12364615,-21.7875961666667,0.00,0.00,0.00,true,true,0.00,2.00,0.00,2711
1773236551000,64.12364615,-21.7875961666667,0.00,0.00,0.00,true,true,0.00,3.00,0.00,2712
1773236555000,64.12364615,-21.7875961666667,0.00,0.00,0.00,true,true,0.00,4.00,0.00,2713
1773236557000,64.12364615,-21.7875961666667,0.00,0.00,0.00,true,true,0.00,2.00,0.00,2714
1773236559000,64.12364615,-21.7875961666667,0.00,0.00,0.00,true,true,0.00,2.00,0.00,2715
1773236563000,64.12364615,-21.7875961666667,0.00,0.00,0.00,true,true,0.00,4.00,0.00,2716
1773236567000,64.12364615,-21.7875961666667,0.00,0.00,0.00,true,true,0.00,4.00,0.00,2717
1773236569000,64.12364615,-21.7875961666667,0.00,0.00,0.00,true,true,0.00,2.00,0.00,2718
1773236574000,64.12364615,-21.7875961666667,0.00,0.00,0.00,true,true,0.00,5.00,0.00,2719
1773236578000,64.12364615,-21.7875961666667,0.00,0.00,0.00,true,true,0.00,4.00,0.00,2720
1773236582000,64.12364615,-21.7875961666667,0.00,0.00,0.00,true,true,0.00,4.00,0.00,2721
1773236584000,64.12364615,-21.7875961666667,0.00,0.00,0.00,true,true,0.00,2.00,0.00,2722
1773236587000,64.12364615,-21.7875961666667,0.00,0.00,0.00,true,true,0.00,3.00,0.00,2723
1773236589000,64.12364615,-21.7875961666667,0.00,0.00,0.00,true,true,0.00,2.00,0.00,2724
1773236593000,64.12364615,-21.7875961666667,0.00,0.00,0.00,true,true,0.00,4.00,0.00,2725
1773236595000,64.12364615,-21.7875961666667,0.00,0.00,0.00,true,true,0.00,2.00,0.00,2726
1773236597000,64.12364615,-21.7875961666667,0.00,0.00,0.00,true,true,0.00,2.00,0.00,2727
1773236599000,64.12364615,-21.7875961666667,0.00,0.00,0.00,true,true,0.00,2.00,0.00,2728
1773236603000,64.12364615,-21.7875961666667,0.00,0.00,0.00,true,true,0.00,4.00,0.00,2729
1773236605000,64.12364615,-21.7875961666667,0.00,0.00,0.00,true,true,0.00,2.00,0.00,2730
1773236610000,64.12364615,-21.7875961666667,0.00,0.00,0.00,true,true,0.00,5.00,0.00,2731
1773236614000,64.12364615,-21.7875961666667,0.00,0.00,0.00,true,true,0.00,4.00,0.00,2732
1773236617000,64.12364615,-21.7875961666667,0.00,0.00,0.00,true,true,0.00,3.00,0.00,2733
1773236619000,64.12364615,-21.7875961666667,0.00,0.00,0.00,true,true,0.00,2.00,0.00,2734
1773236622000,64.12364615,-21.7875961666667,0.00,0.00,0.00,true,true,0.00,3.00,0.00,2735
1773236626000,64.12364615,-21.7875961666667,0.00,0.00,0.00,true,true,0.00,4.00,0.00,2736
1773236630000,64.12364615,-21.7875961666667,0.00,0.00,0.00,true,true,0.00,4.00,0.00,2737
1773236636000,64.12364615,-21.7875961666667,0.00,0.00,0.00,true,true,0.00,6.00,0.00,2738
1773236638000,64.12364615,-21.7875961666667,0.00,0.00,0.00,true,true,0.00,2.00,0.00,2739
1773236642000,64.12364615,-21.7875961666667,0.00,0.00,0.00,true,true,0.00,4.00,0.00,2740
1773236644000,64.12364615,-21.7875961666667,0.00,0.00,0.00,true,true,0.00,2.00,0.00,2741
1773236647000,64.12364615,-21.7875961666667,0.00,0.00,0.00,true,true,0.00,3.00,0.00,2742
1773236651000,64.1236457333333,-21.7875958333333,0.00,0.00,0.00,true,true,0.05,4.00,0.04,2743
1773236655000,64.1236457333333,-21.7875958333333,0.00,0.00,0.00,true,true,0.01,4.00,0.01,2744
1773236657000,64.1236457333333,-21.7875958333333,0.00,0.00,0.00,true,true,0.00,2.00,0.00,2745
1773236661000,64.1236457333333,-21.7875958333333,0.00,0.00,0.00,true,true,0.00,4.00,0.00,2746
1773236663000,64.1236457333333,-21.7875958333333,0.00,0.00,0.00,true,true,0.00,2.00,0.00,2747
1773236665000,64.1236457333333,-21.7875958333333,0.00,0.00,0.00,true,true,0.00,2.00,0.00,2748
1773236667000,64.1236457333333,-21.7875958333333,0.00,0.00,0.00,true,true,0.00,2.00,0.00,2749
1773236673000,64.1236457333333,-21.7875958333333,0.00,0.00,0.00,true,true,0.00,6.00,0.00,2750
1773236677000,64.1236457333333,-21.7875958333333,0.00,0.00,0.00,true,true,0.00,4.00,0.00,2751
1773236679000,64.1236457333333,-21.7875958333333,0.00,0.00,0.00,true,true,0.00,2.00,0.00,2752
1773236681000,64.1236457333333,-21.7875958333333,0.00,0.00,0.00,true,true,0.00,2.00,0.00,2753
1773236683000,64.1236457333333,-21.7875958333333,0.00,0.00,0.00,true,true,0.00,2.00,0.00,2754
1773236687000,64.1236457333333,-21.7875958333333,0.00,0.00,0.00,true,true,0.00,4.00,0.00,2755
1773236689000,64.1236457333333,-21.7875958333333,0.00,0.00,0.00,true,true,0.00,2.00,0.00,2756
1773236693000,64.1236457333333,-21.7875958333333,0.00,0.00,0.00,true,true,0.00,4.00,0.00,2757
1773236695000,64.1236457333333,-21.7875958333333,0.00,0.00,0.00,true,true,0.00,2.00,0.00,2758
1773236701000,64.1236457333333,-21.7875958333333,0.00,0.00,0.00,true,true,0.00,6.00,0.00,2759
1773236704000,64.1236457333333,-21.7875958333333,0.00,0.00,0.00,true,true,0.00,3.00,0.00,2760
1773236706000,64.1236457333333,-21.7875958333333,0.00,0.00,0.00,true,true,0.00,2.00,0.00,2761
1773236708000,64.1236457333333,-21.7875958333333,0.00,0.00,0.00,true,true,0.00,2.00,0.00,2762
1773236710000,64.1236457333333,-21.7875958333333,0.00,0.00,0.00,true,true,0.00,2.00,0.00,2763
1773236715000,64.1236457333333,-21.7875958333333,0.00,0.00,0.00,true,true,0.00,5.00,0.00,2764
1773236717000,64.1236457333333,-21.7875958333333,0.00,0.00,0.00,true,true,0.00,2.00,0.00,2765
1773236719000,64.1236457333333,-21.7875958333333,0.00,0.00,0.00,true,true,0.00,2.00,0.00,2766
1773236723000,64.1236457333333,-21.7875958333333,0.00,0.00,0.00,true,true,0.00,4.00,0.00,2767
1773236725000,64.1236457333333,-21.7875958333333,0.00,0.00,0.00,true,true,0.00,2.00,0.00,2768
1773236727000,64.1236457333333,-21.7875958333333,0.00,0.00,0.00,true,true,0.00,2.00,0.00,2769
1773236731000,64.1236457333333,-21.7875958333333,0.00,0.00,0.00,true,true,0.00,4.00,0.00,2770
1773236734000,64.1236457333333,-21.7875958333333,0.00,0.00,0.00,true,true,0.00,3.00,0.00,2771
1773236736000,64.1236457333333,-21.7875958333333,0.00,0.00,0.00,true,true,0.00,2.00,0.00,2772
1773236738000,64.1236457333333,-21.7875958333333,0.00,0.00,0.00,true,true,0.00,2.00,0.00,2773
1773236744000,64.1236457333333,-21.7875958333333,0.00,0.00,0.00,true,true,0.00,6.00,0.00,2774
1773236746000,64.1236457333333,-21.7875958333333,0.00,0.00,0.00,true,true,0.00,2.00,0.00,2775
1773236750000,64.1236457333333,-21.7875958333333,0.00,0.00,0.00,true,true,0.00,4.00,0.00,2776
1773236755000,64.1236457333333,-21.7875958333333,0.00,0.00,0.00,true,true,0.00,5.00,0.00,2777
1773236757000,64.1236457333333,-21.7875958333333,0.00,0.00,0.00,true,true,0.00,2.00,0.00,2778
1773236759000,64.1236457333333,-21.7875958333333,0.00,0.00,0.00,true,true,0.00,2.00,0.00,2779
1773236763000,64.1236457333333,-21.7875958333333,0.00,0.00,0.00,true,true,0.00,4.00,0.00,2780
1773236765000,64.1236457333333,-21.7875958333333,0.00,0.00,0.00,true,true,0.00,2.00,0.00,2781
1773236769000,64.1236457333333,-21.7875958333333,0.00,0.00,0.00,true,true,0.00,4.00,0.00,2782
1773236771000,64.1236457333333,-21.7875958333333,0.00,0.00,0.00,true,true,0.00,2.00,0.00,2783
1773236776000,64.1236451333333,-21.7875955,0.00,0.00,0.00,true,true,0.07,5.00,0.05,2784
1773236778000,64.1236451333333,-21.7875955,0.00,0.00,0.00,true,true,0.01,2.00,0.01,2785
1773236780000,64.1236451333333,-21.7875955,0.00,0.00,0.00,true,true,0.00,2.00,0.00,2786
1773236787000,64.1236451333333,-21.7875955,0.00,0.00,0.00,true,true,0.00,7.00,0.00,2787
1773236789000,64.1236451333333,-21.7875955,0.00,0.00,0.00,true,true,0.00,2.00,0.00,2788
1773236793000,64.1236451333333,-21.7875955,0.00,0.00,0.00,true,true,0.00,4.00,0.00,2789
1773236797000,64.1236451333333,-21.7875955,0.00,0.00,0.00,true,true,0.00,4.00,0.00,2790
1773236799000,64.1236451333333,-21.7875955,0.00,0.00,0.00,true,true,0.00,2.00,0.00,2791
1773236801000,64.1236451333333,-21.7875955,0.00,0.00,0.00,true,true,0.00,2.00,0.00,2792
1773236803000,64.1236451333333,-21.7875955,0.00,0.00,0.00,true,true,0.00,2.00,0.00,2793
1773236805000,64.1236451333333,-21.7875955,0.00,0.00,0.00,true,true,0.00,2.00,0.00,2794
1773236810000,64.1236451333333,-21.7875955,0.00,0.00,0.00,true,true,0.00,5.00,0.00,2795
1773236814000,64.1236451333333,-21.7875955,0.00,0.00,0.00,true,true,0.00,4.00,0.00,2796
1773236818000,64.1236451333333,-21.7875955,0.00,0.00,0.00,true,true,0.00,4.00,0.00,2797
1773236820000,64.1236451333333,-21.7875955,0.00,0.00,0.00,true,true,0.00,2.00,0.00,2798
1773236822000,64.1236451333333,-21.7875955,0.00,0.00,0.00,true,true,0.00,2.00,0.00,2799
1773236825000,64.1236451333333,-21.7875955,0.00,0.00,0.00,true,true,0.00,3.00,0.00,2800
1773236829000,64.1236451333333,-21.7875955,0.00,0.00,0.00,true,true,0.00,4.00,0.00,2801
1773236831000,64.1236451333333,-21.7875955,0.00,0.00,0.00,true,true,0.00,2.00,0.00,2802
1773236837000,64.1236451333333,-21.7875955,0.00,0.00,0.00,true,true,0.00,6.00,0.00,2803
1773236841000,64.1236451333333,-21.7875955,0.00,0.00,0.00,true,true,0.00,4.00,0.00,2804
1773236843000,64.1236451333333,-21.7875955,0.00,0.00,0.00,true,true,0.00,2.00,0.00,2805
1773236846000,64.1236451333333,-21.7875955,0.00,0.00,0.00,true,true,0.00,3.00,0.00,2806
1773236852000,64.1236451333333,-21.7875955,0.00,0.00,0.00,true,true,0.00,6.00,0.00,2807
1773236855000,64.1236451333333,-21.7875955,0.00,0.00,0.00,true,true,0.00,3.00,0.00,2808
1773236857000,64.1236451333333,-21.7875955,0.00,0.00,0.00,true,true,0.00,2.00,0.00,2809
1773236861000,64.1236451333333,-21.7875955,0.00,0.00,0.00,true,true,0.00,4.00,0.00,2810
1773236863000,64.1236451333333,-21.7875955,0.00,0.00,0.00,true,true,0.00,2.00,0.00,2811
1773236865000,64.1236451333333,-21.7875955,0.00,0.00,0.00,true,true,0.00,2.00,0.00,2812
1773236871000,64.1236451333333,-21.7875955,0.00,0.00,0.00,true,true,0.00,6.00,0.00,2813
1773236875000,64.1236451333333,-21.7875955,0.00,0.00,0.00,true,true,0.00,4.00,0.00,2814
1773236877000,64.1236451333333,-21.7875955,0.00,0.00,0.00,true,true,0.00,2.00,0.00,2815
1773236880000,64.1236451333333,-21.7875955,0.00,0.00,0.00,true,true,0.00,3.00,0.00,2816
1773236882000,64.1236451333333,-21.7875955,0.00,0.00,0.00,true,true,0.00,2.00,0.00,2817
1773236888000,64.1236451333333,-21.7875955,0.00,0.00,0.00,true,true,0.00,6.00,0.00,2818
1773236890000,64.1236451333333,-21.7875955,0.00,0.00,0.00,true,true,0.00,2.00,0.00,2819
1773236896000,64.1236458666667,-21.7875953333333,0.00,0.00,0.00,true,true,0.08,6.00,0.05,2820
1773236899000,64.1236458666667,-21.7875953333333,0.00,0.00,0.00,true,true,0.00,3.00,0.01,2821
1773236903000,64.1236458666667,-21.7875953333333,0.00,0.00,0.00,true,true,0.00,4.00,0.00,2822
1773236909000,64.1236458666667,-21.7875953333333,0.00,0.00,0.00,true,true,0.00,6.00,0.00,2823
1773236914000,64.1236458666667,-21.7875953333333,0.00,0.00,0.00,true,true,0.00,5.00,0.00,2824
1773236920000,64.1236458666667,-21.7875953333333,0.00,0.00,0.00,true,true,0.00,6.00,0.00,2825
1773236922000,64.1236458666667,-21.7875953333333,0.00,0.00,0.00,true,true,0.00,2.00,0.00,2826
1773236924000,64.1236458666667,-21.7875953333333,0.00,0.00,0.00,true,true,0.00,2.00,0.00,2827
1773236928000,64.1236458666667,-21.7875953333333,0.00,0.00,0.00,true,true,0.00,4.00,0.00,2828
1773236930000,64.1236458666667,-21.7875953333333,0.00,0.00,0.00,true,true,0.00,2.00,0.00,2829
1773236932000,64.1236458666667,-21.7875953333333,0.00,0.00,0.00,true,true,0.00,2.00,0.00,2830
1773236935000,64.1236458666667,-21.7875953333333,0.00,0.00,0.00,true,true,0.00,3.00,0.00,2831
1773236938000,64.1236458666667,-21.7875953333333,0.00,0.00,0.00,true,true,0.00,3.00,0.00,2832
1773236940000,64.1236458666667,-21.7875953333333,0.00,0.00,0.00,true,true,0.00,2.00,0.00,2833
1773236944000,64.1236458666667,-21.7875953333333,0.00,0.00,0.00,true,true,0.00,4.00,0.00,2834
1773236946000,64.1236458666667,-21.7875953333333,0.00,0.00,0.00,true,true,0.00,2.00,0.00,2835
1773236948000,64.1236458666667,-21.7875953333333,0.00,0.00,0.00,true,true,0.00,2.00,0.00,2836
1773236950000,64.1236458666667,-21.7875953333333,0.00,0.00,0.00,true,true,0.00,2.00,0.00,2837
1773236955000,64.1236458666667,-21.7875953333333,0.00,0.00,0.00,true,true,0.00,5.00,0.00,2838
1773236959000,64.1236458666667,-21.7875953333333,0.00,0.00,0.00,true,true,0.00,4.00,0.00,2839
1773236961000,64.1236458666667,-21.7875953333333,0.00,0.00,0.00,true,true,0.00,2.00,0.00,2840
1773236967000,64.1236458666667,-21.7875953333333,0.00,0.00,0.00,true,true,0.00,6.00,0.00,2841
1773236969000,64.1236458666667,-21.7875953333333,0.00,0.00,0.00,true,true,0.00,2.00,0.00,2842
1773236971000,64.1236458666667,-21.7875953333333,0.00,0.00,0.00,true,true,0.00,2.00,0.00,2843
1773236976000,64.1236458666667,-21.7875953333333,0.00,0.00,0.00,true,true,0.00,5.00,0.00,2844
1773236982000,64.1236458666667,-21.7875953333333,0.00,0.00,0.00,true,true,0.00,6.00,0.00,2845
1773236985000,64.1236458666667,-21.7875953333333,0.00,0.00,0.00,true,true,0.00,3.00,0.00,2846
1773236991000,64.1236458666667,-21.7875953333333,0.00,0.00,0.00,true,true,0.00,6.00,0.00,2847
1773236996000,64.1236458666667,-21.7875953333333,0.00,0.00,0.00,true,true,0.00,5.00,0.00,2848
1773236998000,64.1236458666667,-21.7875953333333,0.00,0.00,0.00,true,true,0.00,2.00,0.00,2849
1773237002000,64.1236458666667,-21.7875953333333,0.00,0.00,0.00,true,true,0.00,4.00,0.00,2850
1773237005000,64.1236458666667,-21.7875953333333,0.00,0.00,0.00,true,true,0.00,3.00,0.00,2851
1773237011000,64.1236458666667,-21.7875953333333,0.00,0.00,0.00,true,true,0.00,6.00,0.00,2852
1773237013000,64.1236458666667,-21.7875953333333,0.00,0.00,0.00,true,true,0.00,2.00,0.00,2853
1773237016000,64.12364575,-21.7875955,0.00,0.00,0.00,true,true,0.02,3.00,0.02,2854
1773237020000,64.12364575,-21.7875955,0.00,0.00,0.00,true,true,0.00,4.00,0.00,2855
1773237022000,64.12364575,-21.7875955,0.00,0.00,0.00,true,true,0.00,2.00,0.00,2856
1773237025000,64.12364575,-21.7875955,0.00,0.00,0.00,true,true,0.00,3.00,0.00,2857
1773237027000,64.12364575,-21.7875955,0.00,0.00,0.00,true,true,0.00,2.00,0.00,2858
1773237031000,64.12364575,-21.7875955,0.00,0.00,0.00,true,true,0.00,4.00,0.00,2859
1773237035000,64.12364575,-21.7875955,0.00,0.00,0.00,true,true,0.00,4.00,0.00,2860
1773237039000,64.12364575,-21.7875955,0.00,0.00,0.00,true,true,0.00,4.00,0.00,2861
1773237041000,64.12364575,-21.7875955,0.00,0.00,0.00,true,true,0.00,2.00,0.00,2862
1773237045000,64.12364575,-21.7875955,0.00,0.00,0.00,true,true,0.00,4.00,0.00,2863
1773237047000,64.12364575,-21.7875955,0.00,0.00,0.00,true,true,0.00,2.00,0.00,2864
1773237050000,64.12364575,-21.7875955,0.00,0.00,0.00,true,true,0.00,3.00,0.00,2865
1773237054000,64.12364575,-21.7875955,0.00,0.00,0.00,true,true,0.00,4.00,0.00,2866
1773237061000,64.12364575,-21.7875955,0.00,0.00,0.00,true,true,0.00,7.00,0.00,2867
1773237067000,64.12364575,-21.7875955,0.00,0.00,0.00,true,true,0.00,6.00,0.00,2868
1773237071000,64.12364575,-21.7875955,0.00,0.00,0.00,true,true,0.00,4.00,0.00,2869
1773237076000,64.12364575,-21.7875955,0.00,0.00,0.00,true,true,0.00,5.00,0.00,2870
1773237079000,64.12364575,-21.7875955,0.00,0.00,0.00,true,true,0.00,3.00,0.00,2871
1773237081000,64.12364575,-21.7875955,0.00,0.00,0.00,true,true,0.00,2.00,0.00,2872
1773237088000,64.12364575,-21.7875955,0.00,0.00,0.00,true,true,0.00,7.00,0.00,2873
1773237092000,64.12364575,-21.7875955,0.00,0.00,0.00,true,true,0.00,4.00,0.00,2874
1773237094000,64.12364575,-21.7875955,0.00,0.00,0.00,true,true,0.00,2.00,0.00,2875
1773237096000,64.12364575,-21.7875955,0.00,0.00,0.00,true,true,0.00,2.00,0.00,2876
1773237100000,64.12364575,-21.7875955,0.00,0.00,0.00,true,true,0.00,4.00,0.00,2877
1773237105000,64.12364575,-21.7875955,0.00,0.00,0.00,true,true,0.00,5.00,0.00,2878
1773237107000,64.12364575,-21.7875955,0.00,0.00,0.00,true,true,0.00,2.00,0.00,2879
1773237111000,64.12364575,-21.7875955,0.00,0.00,0.00,true,true,0.00,4.00,0.00,2880
1773237113000,64.12364575,-21.7875955,0.00,0.00,0.00,true,true,0.00,2.00,0.00,2881
1773237115000,64.12364575,-21.7875955,0.00,0.00,0.00,true,true,0.00,2.00,0.00,2882
1773237117000,64.12364575,-21.7875955,0.00,0.00,0.00,true,true,0.00,2.00,0.00,2883
1773237122000,64.12364575,-21.7875955,0.00,0.00,0.00,true,true,0.00,5.00,0.00,2884
1773237126000,64.12364575,-21.7875955,0.00,0.00,0.00,true,true,0.00,4.00,0.00,2885
1773237128000,64.12364575,-21.7875955,0.00,0.00,0.00,true,true,0.00,2.00,0.00,2886
1773237135000,64.12364575,-21.7875955,0.00,0.00,0.00,true,true,0.00,7.00,0.00,2887
1773237137000,64.12364575,-21.7875955,0.00,0.00,0.00,true,true,0.00,2.00,0.00,2888
1773237139000,64.12364475,-21.787596,0.00,0.00,0.00,true,true,0.11,2.00,0.20,2889
1773237141000,64.12364475,-21.787596,0.00,0.00,0.00,true,true,0.03,2.00,0.06,2890
1773237147000,64.12364475,-21.787596,0.00,0.00,0.00,true,true,0.01,6.00,0.01,2891
1773237152000,64.12364475,-21.787596,0.00,0.00,0.00,true,true,0.00,5.00,0.00,2892
1773237156000,64.12364475,-21.787596,0.00,0.00,0.00,true,true,0.00,4.00,0.00,2893
1773237159000,64.12364475,-21.787596,0.00,0.00,0.00,true,true,0.00,3.00,0.00,2894
1773237161000,64.12364475,-21.787596,0.00,0.00,0.00,true,true,0.00,2.00,0.00,2895
1773237163000,64.12364475,-21.787596,0.00,0.00,0.00,true,true,0.00,2.00,0.00,2896
1773237167000,64.12364475,-21.787596,0.00,0.00,0.00,true,true,0.00,4.00,0.00,2897
1773237169000,64.12364475,-21.787596,0.00,0.00,0.00,true,true,0.00,2.00,0.00,2898
1773237172000,64.12364475,-21.787596,0.00,0.00,0.00,true,true,0.00,3.00,0.00,2899
1773237174000,64.12364475,-21.787596,0.00,0.00,0.00,true,true,0.00,2.00,0.00,2900
1773237178000,64.12364475,-21.787596,0.00,0.00,0.00,true,true,0.00,4.00,0.00,2901
1773237181000,64.12364475,-21.787596,0.00,0.00,0.00,true,true,0.00,3.00,0.00,2902
1773237188000,64.12364475,-21.787596,0.00,0.00,0.00,true,true,0.00,7.00,0.00,2903
1773237191000,64.12364475,-21.787596,0.00,0.00,0.00,true,true,0.00,3.00,0.00,2904
1773237193000,64.12364475,-21.787596,0.00,0.00,0.00,true,true,0.00,2.00,0.00,2905
1773237195000,64.12364475,-21.787596,0.00,0.00,0.00,true,true,0.00,2.00,0.00,2906
1773237199000,64.12364475,-21.787596,0.00,0.00,0.00,true,true,0.00,4.00,0.00,2907
1773237202000,64.12364475,-21.787596,0.00,0.00,0.00,true,true,0.00,3.00,0.00,2908
1773237204000,64.12364475,-21.787596,0.00,0.00,0.00,true,true,0.00,2.00,0.00,2909
1773237206000,64.12364475,-21.787596,0.00,0.00,0.00,true,true,0.00,2.00,0.00,2910
1773237212000,64.12364475,-21.787596,0.00,0.00,0.00,true,true,0.00,6.00,0.00,2911
1773237216000,64.12364475,-21.787596,0.00,0.00,0.00,true,true,0.00,4.00,0.00,2912
1773237218000,64.12364475,-21.787596,0.00,0.00,0.00,true,true,0.00,2.00,0.00,2913
1773237220000,64.12364475,-21.787596,0.00,0.00,0.00,true,true,0.00,2.00,0.00,2914
1773237226000,64.12364475,-21.787596,0.00,0.00,0.00,true,true,0.00,6.00,0.00,2915
1773237228000,64.12364475,-21.787596,0.00,0.00,0.00,true,true,0.00,2.00,0.00,2916
1773237232000,64.12364475,-21.787596,0.00,0.00,0.00,true,true,0.00,4.00,0.00,2917
1773237234000,64.12364475,-21.787596,0.00,0.00,0.00,true,true,0.00,2.00,0.00,2918
1773237238000,64.12364475,-21.787596,0.00,0.00,0.00,true,true,0.00,4.00,0.00,2919
1773237243000,64.12364475,-21.787596,0.00,0.00,0.00,true,true,0.00,5.00,0.00,2920
1773237245000,64.12364475,-21.787596,0.00,0.00,0.00,true,true,0.00,2.00,0.00,2921
1773237247000,64.12364475,-21.787596,0.00,0.00,0.00,true,true,0.00,2.00,0.00,2922
1773237249000,64.12364475,-21.787596,0.00,0.00,0.00,true,true,0.00,2.00,0.00,2923
1773237253000,64.12364475,-21.787596,0.00,0.00,0.00,true,true,0.00,4.00,0.00,2924
1773237259000,64.1236437,-21.7875958333333,0.00,0.00,0.00,true,true,0.12,6.00,0.07,2925
1773237261000,64.1236437,-21.7875958333333,0.00,0.00,0.00,true,true,0.01,2.00,0.01,2926
1773237263000,64.1236437,-21.7875958333333,0.00,0.00,0.00,true,true,0.00,2.00,0.00,2927
1773237266000,64.1236437,-21.7875958333333,0.00,0.00,0.00,true,true,0.00,3.00,0.00,2928
1773237272000,64.1236437,-21.7875958333333,0.00,0.00,0.00,true,true,0.00,6.00,0.00,2929
1773237274000,64.1236437,-21.7875958333333,0.00,0.00,0.00,true,true,0.00,2.00,0.00,2930
1773237278000,64.1236437,-21.7875958333333,0.00,0.00,0.00,true,true,0.00,4.00,0.00,2931
1773237280000,64.1236437,-21.7875958333333,0.00,0.00,0.00,true,true,0.00,2.00,0.00,2932
1773237283000,64.1236437,-21.7875958333333,0.00,0.00,0.00,true,true,0.00,3.00,0.00,2933
1773237285000,64.1236437,-21.7875958333333,0.00,0.00,0.00,true,true,0.00,2.00,0.00,2934
1773237288000,64.1236437,-21.7875958333333,0.00,0.00,0.00,true,true,0.00,3.00,0.00,2935
1773237292000,64.1236437,-21.7875958333333,0.00,0.00,0.00,true,true,0.00,4.00,0.00,2936
1773237300000,64.1236437,-21.7875958333333,0.00,0.00,0.00,true,true,0.00,8.00,0.00,2937
1773237303000,64.1236437,-21.7875958333333,0.00,0.00,0.00,true,true,0.00,3.00,0.00,2938
1773237307000,64.1236437,-21.7875958333333,0.00,0.00,0.00,true,true,0.00,4.00,0.00,2939
1773237309000,64.1236437,-21.7875958333333,0.00,0.00,0.00,true,true,0.00,2.00,0.00,2940
1773237312000,64.1236437,-21.7875958333333,0.00,0.00,0.00,true,true,0.00,3.00,0.00,2941
1773237314000,64.1236437,-21.7875958333333,0.00,0.00,0.00,true,true,0.00,2.00,0.00,2942
1773237317000,64.1236437,-21.7875958333333,0.00,0.00,0.00,true,true,0.00,3.00,0.00,2943
1773237321000,64.1236437,-21.7875958333333,0.00,0.00,0.00,true,true,0.00,4.00,0.00,2944
1773237325000,64.1236437,-21.7875958333333,0.00,0.00,0.00,true,true,0.00,4.00,0.00,2945
1773237327000,64.1236437,-21.7875958333333,0.00,0.00,0.00,true,true,0.00,2.00,0.00,2946
1773237329000,64.1236437,-21.7875958333333,0.00,0.00,0.00,true,true,0.00,2.00,0.00,2947
1773237333000,64.1236437,-21.7875958333333,0.00,0.00,0.00,true,true,0.00,4.00,0.00,2948
1773237339000,64.1236437,-21.7875958333333,0.00,0.00,0.00,true,true,0.00,6.00,0.00,2949
1773237341000,64.1236437,-21.7875958333333,0.00,0.00,0.00,true,true,0.00,2.00,0.00,2950
1773237344000,64.1236437,-21.7875958333333,0.00,0.00,0.00,true,true,0.00,3.00,0.00,2951
1773237346000,64.1236437,-21.7875958333333,0.00,0.00,0.00,true,true,0.00,2.00,0.00,2952
1773237349000,64.1236437,-21.7875958333333,0.00,0.00,0.00,true,true,0.00,3.00,0.00,2953
1773237352000,64.1236437,-21.7875958333333,0.00,0.00,0.00,true,true,0.00,3.00,0.00,2954
1773237356000,64.1236437,-21.7875958333333,0.00,0.00,0.00,true,true,0.00,4.00,0.00,2955
1773237358000,64.1236437,-21.7875958333333,0.00,0.00,0.00,true,true,0.00,2.00,0.00,2956
1773237362000,64.1236437,-21.7875958333333,0.00,0.00,0.00,true,true,0.00,4.00,0.00,2957
1773237364000,64.1236437,-21.7875958333333,0.00,0.00,0.00,true,true,0.00,2.00,0.00,2958
1773237370000,64.1236437,-21.7875958333333,0.00,0.00,0.00,true,true,0.00,6.00,0.00,2959
1773237373000,64.1236437,-21.7875958333333,0.00,0.00,0.00,true,true,0.00,3.00,0.00,2960
1773237375000,64.1236437,-21.7875958333333,0.00,0.00,0.00,true,true,0.00,2.00,0.00,2961
1773237377000,64.1236437,-21.7875958333333,0.00,0.00,0.00,true,true,0.00,2.00,0.00,2962
1773237379000,64.1236437,-21.7875958333333,0.00,0.00,0.00,true,true,0.00,2.00,0.00,2963
1773237382000,64.1236456166667,-21.7876,0.00,0.00,0.00,true,true,0.29,3.00,0.35,2964
1773237390000,64.1236456166667,-21.7876,0.00,0.00,0.00,true,true,0.06,8.00,0.03,2965
1773237394000,64.1236456166667,-21.7876,0.00,0.00,0.00,true,true,0.00,4.00,0.00,2966
1773237397000,64.1236456166667,-21.7876,0.00,0.00,0.00,true,true,0.00,3.00,0.00,2967
1773237401000,64.1236456166667,-21.7876,0.00,0.00,0.00,true,true,0.00,4.00,0.00,2968
1773237404000,64.1236456166667,-21.7876,0.00,0.00,0.00,true,true,0.00,3.00,0.00,2969
1773237409000,64.1236456166667,-21.7876,0.00,0.00,0.00,true,true,0.00,5.00,0.00,2970
1773237413000,64.1236456166667,-21.7876,0.00,0.00,0.00,true,true,0.00,4.00,0.00,2971
1773237415000,64.1236456166667,-21.7876,0.00,0.00,0.00,true,true,0.00,2.00,0.00,2972
1773237419000,64.1236456166667,-21.7876,0.00,0.00,0.00,true,true,0.00,4.00,0.00,2973
1773237421000,64.1236456166667,-21.7876,0.00,0.00,0.00,true,true,0.00,2.00,0.00,2974
1773237424000,64.1236456166667,-21.7876,0.00,0.00,0.00,true,true,0.00,3.00,0.00,2975
1773237426000,64.1236456166667,-21.7876,0.00,0.00,0.00,true,true,0.00,2.00,0.00,2976
1773237428000,64.1236456166667,-21.7876,0.00,0.00,0.00,true,true,0.00,2.00,0.00,2977
1773237432000,64.1236456166667,-21.7876,0.00,0.00,0.00,true,true,0.00,4.00,0.00,2978
1773237434000,64.1236456166667,-21.7876,0.00,0.00,0.00,true,true,0.00,2.00,0.00,2979
1773237438000,64.1236456166667,-21.7876,0.00,0.00,0.00,true,true,0.00,4.00,0.00,2980
1773237440000,64.1236456166667,-21.7876,0.00,0.00,0.00,true,true,0.00,2.00,0.00,2981
1773237443000,64.1236456166667,-21.7876,0.00,0.00,0.00,true,true,0.00,3.00,0.00,2982
1773237447000,64.1236456166667,-21.7876,0.00,0.00,0.00,true,true,0.00,4.00,0.00,2983
1773237450000,64.1236456166667,-21.7876,0.00,0.00,0.00,true,true,0.00,3.00,0.00,2984
1773237454000,64.1236456166667,-21.7876,0.00,0.00,0.00,true,true,0.00,4.00,0.00,2985
1773237458000,64.1236456166667,-21.7876,0.00,0.00,0.00,true,true,0.00,4.00,0.00,2986
1773237463000,64.1236456166667,-21.7876,0.00,0.00,0.00,true,true,0.00,5.00,0.00,2987
1773237467000,64.1236456166667,-21.7876,0.00,0.00,0.00,true,true,0.00,4.00,0.00,2988
1773237469000,64.1236456166667,-21.7876,0.00,0.00,0.00,true,true,0.00,2.00,0.00,2989
1773237473000,64.1236456166667,-21.7876,0.00,0.00,0.00,true,true,0.00,4.00,0.00,2990
1773237476000,64.1236456166667,-21.7876,0.00,0.00,0.00,true,true,0.00,3.00,0.00,2991
1773237478000,64.1236456166667,-21.7876,0.00,0.00,0.00,true,true,0.00,2.00,0.00,2992
1773237482000,64.1236456166667,-21.7876,0.00,0.00,0.00,true,true,0.00,4.00,0.00,2993
1773237484000,64.1236456166667,-21.7876,0.00,0.00,0.00,true,true,0.00,2.00,0.00,2994
1773237488000,64.1236456166667,-21.7876,0.00,0.00,0.00,true,true,0.00,4.00,0.00,2995
1773237493000,64.1236456166667,-21.7876,0.00,0.00,0.00,true,true,0.00,5.00,0.00,2996
1773237495000,64.1236456166667,-21.7876,0.00,0.00,0.00,true,true,0.00,2.00,0.00,2997
1773237498000,64.1236456166667,-21.7876,0.00,0.00,0.00,true,true,0.00,3.00,0.00,2998
1773237500000,64.1236456166667,-21.7876,0.00,0.00,0.00,true,true,0.00,2.00,0.00,2999
1773237504000,64.1236481333333,-21.7876046666667,0.00,0.00,0.00,true,true,0.36,4.00,0.32,3000
1773237509000,64.1236481333333,-21.7876046666667,0.00,0.00,0.00,true,true,0.05,5.00,0.04,3001
1773237514000,64.1236481333333,-21.7876046666667,0.00,0.00,0.00,true,true,0.00,5.00,0.00,3002
1773237520000,64.1236481333333,-21.7876046666667,0.00,0.00,0.00,true,true,0.00,6.00,0.00,3003
1773237522000,64.1236481333333,-21.7876046666667,0.00,0.00,0.00,true,true,0.00,2.00,0.00,3004
1773237524000,64.1236481333333,-21.7876046666667,0.00,0.00,0.00,true,true,0.00,2.00,0.00,3005
1773237529000,64.1236481333333,-21.7876046666667,0.00,0.00,0.00,true,true,0.00,5.00,0.00,3006
1773237534000,64.1236481333333,-21.7876046666667,0.00,0.00,0.00,true,true,0.00,5.00,0.00,3007
1773237539000,64.1236481333333,-21.7876046666667,0.00,0.00,0.00,true,true,0.00,5.00,0.00,3008
1773237544000,64.1236481333333,-21.7876046666667,0.00,0.00,0.00,true,true,0.00,5.00,0.00,3009
1773237549000,64.1236481333333,-21.7876046666667,0.00,0.00,0.00,true,true,0.00,5.00,0.00,3010
1773237554000,64.1236481333333,-21.7876046666667,0.00,0.00,0.00,true,true,0.00,5.00,0.00,3011
1773237557000,64.1236481333333,-21.7876046666667,0.00,0.00,0.00,true,true,0.00,3.00,0.00,3012
1773237559000,64.1236481333333,-21.7876046666667,0.00,0.00,0.00,true,true,0.00,2.00,0.00,3013
1773237563000,64.1236481333333,-21.7876046666667,0.00,0.00,0.00,true,true,0.00,4.00,0.00,3014
1773237572000,64.1236481333333,-21.7876046666667,0.00,0.00,0.00,true,true,0.00,9.00,0.00,3015
1773237574000,64.1236481333333,-21.7876046666667,0.00,0.00,0.00,true,true,0.00,2.00,0.00,3016
1773237577000,64.1236481333333,-21.7876046666667,0.00,0.00,0.00,true,true,0.00,3.00,0.00,3017
1773237583000,64.1236481333333,-21.7876046666667,0.00,0.00,0.00,true,true,0.00,6.00,0.00,3018
1773237585000,64.1236481333333,-21.7876046666667,0.00,0.00,0.00,true,true,0.00,2.00,0.00,3019
1773237592000,64.1236481333333,-21.7876046666667,0.00,0.00,0.00,true,true,0.00,7.00,0.00,3020
1773237594000,64.1236481333333,-21.7876046666667,0.00,0.00,0.00,true,true,0.00,2.00,0.00,3021
1773237597000,64.1236481333333,-21.7876046666667,0.00,0.00,0.00,true,true,0.00,3.00,0.00,3022
1773237600000,64.1236481333333,-21.7876046666667,0.00,0.00,0.00,true,true,0.00,3.00,0.00,3023
1773237603000,64.1236481333333,-21.7876046666667,0.00,0.00,0.00,true,true,0.00,3.00,0.00,3024
1773237610000,64.1236481333333,-21.7876046666667,0.00,0.00,0.00,true,true,0.00,7.00,0.00,3025
1773237614000,64.1236481333333,-21.7876046666667,0.00,0.00,0.00,true,true,0.00,4.00,0.00,3026
1773237618000,64.1236481333333,-21.7876046666667,0.00,0.00,0.00,true,true,0.00,4.00,0.00,3027
1773237620000,64.1236481333333,-21.7876046666667,0.00,0.00,0.00,true,true,0.00,2.00,0.00,3028
1773237623000,64.1236509666667,-21.787607,0.00,0.00,0.00,true,true,0.33,3.00,0.40,3029
1773237627000,64.1236509666667,-21.787607,0.00,0.00,0.00,true,true,0.07,4.00,0.06,3030
1773237629000,64.1236509666667,-21.787607,0.00,0.00,0.00,true,true,0.01,2.00,0.02,3031
1773237633000,64.1236509666667,-21.787607,0.00,0.00,0.00,true,true,0.00,4.00,0.00,3032
1773237637000,64.1236509666667,-21.787607,0.00,0.00,0.00,true,true,0.00,4.00,0.00,3033
1773237640000,64.1236509666667,-21.787607,0.00,0.00,0.00,true,true,0.00,3.00,0.00,3034
1773237642000,64.1236509666667,-21.787607,0.00,0.00,0.00,true,true,0.00,2.00,0.00,3035
1773237645000,64.1236509666667,-21.787607,0.00,0.00,0.00,true,true,0.00,3.00,0.00,3036
1773237650000,64.1236509666667,-21.787607,0.00,0.00,0.00,true,true,0.00,5.00,0.00,3037
1773237654000,64.1236509666667,-21.787607,0.00,0.00,0.00,true,true,0.00,4.00,0.00,3038
1773237660000,64.1236509666667,-21.787607,0.00,0.00,0.00,true,true,0.00,6.00,0.00,3039
1773237662000,64.1236509666667,-21.787607,0.00,0.00,0.00,true,true,0.00,2.00,0.00,3040
1773237665000,64.1236509666667,-21.787607,0.00,0.00,0.00,true,true,0.00,3.00,0.00,3041
1773237667000,64.1236509666667,-21.787607,0.00,0.00,0.00,true,true,0.00,2.00,0.00,3042
1773237670000,64.1236509666667,-21.787607,0.00,0.00,0.00,true,true,0.00,3.00,0.00,3043
1773237672000,64.1236509666667,-21.787607,0.00,0.00,0.00,true,true,0.00,2.00,0.00,3044
1773237677000,64.1236509666667,-21.787607,0.00,0.00,0.00,true,true,0.00,5.00,0.00,3045
1773237682000,64.1236509666667,-21.787607,0.00,0.00,0.00,true,true,0.00,5.00,0.00,3046
1773237687000,64.1236509666667,-21.787607,0.00,0.00,0.00,true,true,0.00,5.00,0.00,3047
1773237692000,64.1236509666667,-21.787607,0.00,0.00,0.00,true,true,0.00,5.00,0.00,3048
1773237695000,64.1236509666667,-21.787607,0.00,0.00,0.00,true,true,0.00,3.00,0.00,3049
1773237697000,64.1236509666667,-21.787607,0.00,0.00,0.00,true,true,0.00,2.00,0.00,3050
1773237700000,64.1236509666667,-21.787607,0.00,0.00,0.00,true,true,0.00,3.00,0.00,3051
1773237702000,64.1236509666667,-21.787607,0.00,0.00,0.00,true,true,0.00,2.00,0.00,3052
1773237707000,64.1236509666667,-21.787607,0.00,0.00,0.00,true,true,0.00,5.00,0.00,3053
1773237712000,64.1236509666667,-21.787607,0.00,0.00,0.00,true,true,0.00,5.00,0.00,3054
1773237717000,64.1236509666667,-21.787607,0.00,0.00,0.00,true,true,0.00,5.00,0.00,3055
1773237720000,64.1236509666667,-21.787607,0.00,0.00,0.00,true,true,0.00,3.00,0.00,3056
1773237725000,64.1236509666667,-21.787607,0.00,0.00,0.00,true,true,0.00,5.00,0.00,3057
1773237727000,64.1236509666667,-21.787607,0.00,0.00,0.00,true,true,0.00,2.00,0.00,3058
1773237732000,64.1236509666667,-21.787607,0.00,0.00,0.00,true,true,0.00,5.00,0.00,3059
1773237737000,64.1236509666667,-21.787607,0.00,0.00,0.00,true,true,0.00,5.00,0.00,3060
1773237742000,64.1236509666667,-21.787607,0.00,0.00,0.00,true,true,0.00,5.00,0.00,3061
1773237747000,64.1236524333333,-21.7876116666667,0.00,0.00,0.00,true,true,0.28,5.00,0.20,3062
1773237751000,64.1236524333333,-21.7876116666667,0.00,0.00,0.00,true,true,0.02,4.00,0.02,3063
1773237756000,64.1236524333333,-21.7876116666667,0.00,0.00,0.00,true,true,0.00,5.00,0.00,3064
1773237758000,64.1236524333333,-21.7876116666667,0.00,0.00,0.00,true,true,0.00,2.00,0.00,3065
1773237763000,64.1236524333333,-21.7876116666667,0.00,0.00,0.00,true,true,0.00,5.00,0.00,3066
1773237768000,64.1236524333333,-21.7876116666667,0.00,0.00,0.00,true,true,0.00,5.00,0.00,3067
1773237771000,64.1236524333333,-21.7876116666667,0.00,0.00,0.00,true,true,0.00,3.00,0.00,3068
1773237776000,64.1236524333333,-21.7876116666667,0.00,0.00,0.00,true,true,0.00,5.00,0.00,3069
1773237783000,64.1236524333333,-21.7876116666667,0.00,0.00,0.00,true,true,0.00,7.00,0.00,3070
1773237786000,64.1236524333333,-21.7876116666667,0.00,0.00,0.00,true,true,0.00,3.00,0.00,3071
1773237788000,64.1236524333333,-21.7876116666667,0.00,0.00,0.00,true,true,0.00,2.00,0.00,3072
1773237792000,64.1236524333333,-21.7876116666667,0.00,0.00,0.00,true,true,0.00,4.00,0.00,3073
1773237798000,64.1236524333333,-21.7876116666667,0.00,0.00,0.00,true,true,0.00,6.00,0.00,3074
1773237801000,64.1236524333333,-21.7876116666667,0.00,0.00,0.00,true,true,0.00,3.00,0.00,3075
1773237805000,64.1236524333333,-21.7876116666667,0.00,0.00,0.00,true,true,0.00,4.00,0.00,3076
1773237808000,64.1236524333333,-21.7876116666667,0.00,0.00,0.00,true,true,0.00,3.00,0.00,3077
1773237813000,64.1236524333333,-21.7876116666667,0.00,0.00,0.00,true,true,0.00,5.00,0.00,3078
1773237818000,64.1236524333333,-21.7876116666667,0.00,0.00,0.00,true,true,0.00,5.00,0.00,3079
1773237823000,64.1236524333333,-21.7876116666667,0.00,0.00,0.00,true,true,0.00,5.00,0.00,3080
1773237828000,64.1236524333333,-21.7876116666667,0.00,0.00,0.00,true,true,0.00,5.00,0.00,3081
1773237833000,64.1236524333333,-21.7876116666667,0.00,0.00,0.00,true,true,0.00,5.00,0.00,3082
1773237835000,64.1236524333333,-21.7876116666667,0.00,0.00,0.00,true,true,0.00,2.00,0.00,3083
1773237838000,64.1236524333333,-21.7876116666667,0.00,0.00,0.00,true,true,0.00,3.00,0.00,3084
1773237843000,64.1236524333333,-21.7876116666667,0.00,0.00,0.00,true,true,0.00,5.00,0.00,3085
1773237848000,64.1236524333333,-21.7876116666667,0.00,0.00,0.00,true,true,0.00,5.00,0.00,3086
1773237853000,64.1236524333333,-21.7876116666667,0.00,0.00,0.00,true,true,0.00,5.00,0.00,3087
1773237858000,64.1236524333333,-21.7876116666667,0.00,0.00,0.00,true,true,0.00,5.00,0.00,3088
1773237861000,64.1236524333333,-21.7876116666667,0.00,0.00,0.00,true,true,0.00,3.00,0.00,3089
1773237863000,64.1236524333333,-21.7876116666667,0.00,0.00,0.00,true,true,0.00,2.00,0.00,3090
1773237868000,64.1236523833333,-21.7876161666667,0.00,0.00,0.00,true,true,0.22,5.00,0.16,3091
1773237873000,64.1236523833333,-21.7876161666667,0.00,0.00,0.00,true,true,0.02,5.00,0.01,3092
1773237878000,64.1236523833333,-21.7876161666667,0.00,0.00,0.00,true,true,0.00,5.00,0.00,3093
1773237881000,64.1236523833333,-21.7876161666667,0.00,0.00,0.00,true,true,0.00,3.00,0.00,3094
1773237885000,64.1236523833333,-21.7876161666667,0.00,0.00,0.00,true,true,0.00,4.00,0.00,3095
1773237888000,64.1236523833333,-21.7876161666667,0.00,0.00,0.00,true,true,0.00,3.00,0.00,3096
1773237891000,64.1236523833333,-21.7876161666667,0.00,0.00,0.00,true,true,0.00,3.00,0.00,3097
1773237893000,64.1236523833333,-21.7876161666667,0.00,0.00,0.00,true,true,0.00,2.00,0.00,3098
1773237898000,64.1236523833333,-21.7876161666667,0.00,0.00,0.00,true,true,0.00,5.00,0.00,3099
1773237901000,64.1236523833333,-21.7876161666667,0.00,0.00,0.00,true,true,0.00,3.00,0.00,3100
1773237903000,64.1236523833333,-21.7876161666667,0.00,0.00,0.00,true,true,0.00,2.00,0.00,3101
1773237908000,64.1236523833333,-21.7876161666667,0.00,0.00,0.00,true,true,0.00,5.00,0.00,3102
1773237910000,64.1236523833333,-21.7876161666667,0.00,0.00,0.00,true,true,0.00,2.00,0.00,3103
1773237913000,64.1236523833333,-21.7876161666667,0.00,0.00,0.00,true,true,0.00,3.00,0.00,3104
1773237918000,64.1236523833333,-21.7876161666667,0.00,0.00,0.00,true,true,0.00,5.00,0.00,3105
1773237921000,64.1236523833333,-21.7876161666667,0.00,0.00,0.00,true,true,0.00,3.00,0.00,3106
1773237924000,64.1236523833333,-21.7876161666667,0.00,0.00,0.00,true,true,0.00,3.00,0.00,3107
1773237929000,64.1236523833333,-21.7876161666667,0.00,0.00,0.00,true,true,0.00,5.00,0.00,3108
1773237937000,64.1236523833333,-21.7876161666667,0.00,0.00,0.00,true,true,0.00,8.00,0.00,3109
1773237939000,64.1236523833333,-21.7876161666667,0.00,0.00,0.00,true,true,0.00,2.00,0.00,3110
1773237942000,64.1236523833333,-21.7876161666667,0.00,0.00,0.00,true,true,0.00,3.00,0.00,3111
1773237944000,64.1236523833333,-21.7876161666667,0.00,0.00,0.00,true,true,0.00,2.00,0.00,3112
1773237946000,64.1236523833333,-21.7876161666667,0.00,0.00,0.00,true,true,0.00,2.00,0.00,3113
1773237950000,64.1236523833333,-21.7876161666667,0.00,0.00,0.00,true,true,0.00,4.00,0.00,3114
1773237952000,64.1236523833333,-21.7876161666667,0.00,0.00,0.00,true,true,0.00,2.00,0.00,3115
1773237954000,64.1236523833333,-21.7876161666667,0.00,0.00,0.00,true,true,0.00,2.00,0.00,3116
1773237958000,64.1236523833333,-21.7876161666667,0.00,0.00,0.00,true,true,0.00,4.00,0.00,3117
1773237963000,64.1236523833333,-21.7876161666667,0.00,0.00,0.00,true,true,0.00,5.00,0.00,3118
1773237965000,64.1236523833333,-21.7876161666667,0.00,0.00,0.00,true,true,0.00,2.00,0.00,3119
1773237967000,64.1236523833333,-21.7876161666667,0.00,0.00,0.00,true,true,0.00,2.00,0.00,3120
1773237973000,64.1236523833333,-21.7876161666667,0.00,0.00,0.00,true,true,0.00,6.00,0.00,3121
1773237975000,64.1236523833333,-21.7876161666667,0.00,0.00,0.00,true,true,0.00,2.00,0.00,3122
1773237980000,64.1236523833333,-21.7876161666667,0.00,0.00,0.00,true,true,0.00,5.00,0.00,3123
1773237987000,64.1236522666667,-21.7876168333333,0.00,0.00,0.00,true,true,0.03,7.00,0.02,3124
1773237992000,64.1236522666667,-21.7876168333333,0.00,0.00,0.00,true,true,0.00,5.00,0.00,3125
1773237994000,64.1236522666667,-21.7876168333333,0.00,0.00,0.00,true,true,0.00,2.00,0.00,3126
1773237998000,64.1236522666667,-21.7876168333333,0.00,0.00,0.00,true,true,0.00,4.00,0.00,3127
1773238005000,64.1236522666667,-21.7876168333333,0.00,0.00,0.00,true,true,0.00,7.00,0.00,3128
1773238007000,64.1236522666667,-21.7876168333333,0.00,0.00,0.00,true,true,0.00,2.00,0.00,3129
1773238009000,64.1236522666667,-21.7876168333333,0.00,0.00,0.00,true,true,0.00,2.00,0.00,3130
1773238013000,64.1236522666667,-21.7876168333333,0.00,0.00,0.00,true,true,0.00,4.00,0.00,3131
1773238015000,64.1236522666667,-21.7876168333333,0.00,0.00,0.00,true,true,0.00,2.00,0.00,3132
1773238018000,64.1236522666667,-21.7876168333333,0.00,0.00,0.00,true,true,0.00,3.00,0.00,3133
1773238022000,64.1236522666667,-21.7876168333333,0.00,0.00,0.00,true,true,0.00,4.00,0.00,3134
1773238024000,64.1236522666667,-21.7876168333333,0.00,0.00,0.00,true,true,0.00,2.00,0.00,3135
1773238027000,64.1236522666667,-21.7876168333333,0.00,0.00,0.00,true,true,0.00,3.00,0.00,3136
1773238030000,64.1236522666667,-21.7876168333333,0.00,0.00,0.00,true,true,0.00,3.00,0.00,3137
1773238037000,64.1236522666667,-21.7876168333333,0.00,0.00,0.00,true,true,0.00,7.00,0.00,3138
1773238042000,64.1236522666667,-21.7876168333333,0.00,0.00,0.00,true,true,0.00,5.00,0.00,3139
1773238044000,64.1236522666667,-21.7876168333333,0.00,0.00,0.00,true,true,0.00,2.00,0.00,3140
1773238047000,64.1236522666667,-21.7876168333333,0.00,0.00,0.00,true,true,0.00,3.00,0.00,3141
1773238054000,64.1236522666667,-21.7876168333333,0.00,0.00,0.00,true,true,0.00,7.00,0.00,3142
1773238057000,64.1236522666667,-21.7876168333333,0.00,0.00,0.00,true,true,0.00,3.00,0.00,3143
1773238059000,64.1236522666667,-21.7876168333333,0.00,0.00,0.00,true,true,0.00,2.00,0.00,3144
1773238062000,64.1236522666667,-21.7876168333333,0.00,0.00,0.00,true,true,0.00,3.00,0.00,3145
1773238064000,64.1236522666667,-21.7876168333333,0.00,0.00,0.00,true,true,0.00,2.00,0.00,3146
1773238067000,64.1236522666667,-21.7876168333333,0.00,0.00,0.00,true,true,0.00,3.00,0.00,3147
1773238069000,64.1236522666667,-21.7876168333333,0.00,0.00,0.00,true,true,0.00,2.00,0.00,3148
1773238072000,64.1236522666667,-21.7876168333333,0.00,0.00,0.00,true,true,0.00,3.00,0.00,3149
1773238074000,64.1236522666667,-21.7876168333333,0.00,0.00,0.00,true,true,0.00,2.00,0.00,3150
1773238078000,64.1236522666667,-21.7876168333333,0.00,0.00,0.00,true,true,0.00,4.00,0.00,3151
1773238081000,64.1236522666667,-21.7876168333333,0.00,0.00,0.00,true,true,0.00,3.00,0.00,3152
1773238083000,64.1236522666667,-21.7876168333333,0.00,0.00,0.00,true,true,0.00,2.00,0.00,3153
1773238086000,64.1236522666667,-21.7876168333333,0.00,0.00,0.00,true,true,0.00,3.00,0.00,3154
1773238088000,64.1236522666667,-21.7876168333333,0.00,0.00,0.00,true,true,0.00,2.00,0.00,3155
1773238090000,64.1236522666667,-21.7876168333333,0.00,0.00,0.00,true,true,0.00,2.00,0.00,3156
1773238093000,64.1236522666667,-21.7876168333333,0.00,0.00,0.00,true,true,0.00,3.00,0.00,3157
1773238099000,64.1236522666667,-21.7876168333333,0.00,0.00,0.00,true,true,0.00,6.00,0.00,3158
1773238101000,64.1236522666667,-21.7876168333333,0.00,0.00,0.00,true,true,0.00,2.00,0.00,3159
1773238104000,64.1236522666667,-21.7876168333333,0.00,0.00,0.00,true,true,0.00,3.00,0.00,3160
1773238107000,64.1236522166667,-21.7876188333333,0.00,0.00,0.00,true,true,0.10,3.00,0.12,3161
1773238111000,64.1236522166667,-21.7876188333333,0.00,0.00,0.00,true,true,0.02,4.00,0.02,3162
1773238114000,64.1236522166667,-21.7876188333333,0.00,0.00,0.00,true,true,0.00,3.00,0.00,3163
1773238116000,64.1236522166667,-21.7876188333333,0.00,0.00,0.00,true,true,0.00,2.00,0.00,3164
1773238119000,64.1236522166667,-21.7876188333333,0.00,0.00,0.00,true,true,0.00,3.00,0.00,3165
1773238124000,64.1236522166667,-21.7876188333333,0.00,0.00,0.00,true,true,0.00,5.00,0.00,3166
1773238126000,64.1236522166667,-21.7876188333333,0.00,0.00,0.00,true,true,0.00,2.00,0.00,3167
1773238129000,64.1236522166667,-21.7876188333333,0.00,0.00,0.00,true,true,0.00,3.00,0.00,3168
1773238132000,64.1236522166667,-21.7876188333333,0.00,0.00,0.00,true,true,0.00,3.00,0.00,3169
1773238136000,64.1236522166667,-21.7876188333333,0.00,0.00,0.00,true,true,0.00,4.00,0.00,3170
1773238138000,64.1236522166667,-21.7876188333333,0.00,0.00,0.00,true,true,0.00,2.00,0.00,3171
1773238140000,64.1236522166667,-21.7876188333333,0.00,0.00,0.00,true,true,0.00,2.00,0.00,3172
1773238144000,64.1236522166667,-21.7876188333333,0.00,0.00,0.00,true,true,0.00,4.00,0.00,3173
1773238146000,64.1236522166667,-21.7876188333333,0.00,0.00,0.00,true,true,0.00,2.00,0.00,3174
1773238148000,64.1236522166667,-21.7876188333333,0.00,0.00,0.00,true,true,0.00,2.00,0.00,3175
1773238150000,64.1236522166667,-21.7876188333333,0.00,0.00,0.00,true,true,0.00,2.00,0.00,3176
1773238155000,64.1236522166667,-21.7876188333333,0.00,0.00,0.00,true,true,0.00,5.00,0.00,3177
1773238157000,64.1236522166667,-21.7876188333333,0.00,0.00,0.00,true,true,0.00,2.00,0.00,3178
1773238161000,64.1236522166667,-21.7876188333333,0.00,0.00,0.00,true,true,0.00,4.00,0.00,3179
1773238165000,64.1236522166667,-21.7876188333333,0.00,0.00,0.00,true,true,0.00,4.00,0.00,3180
1773238167000,64.1236522166667,-21.7876188333333,0.00,0.00,0.00,true,true,0.00,2.00,0.00,3181
1773238169000,64.1236522166667,-21.7876188333333,0.00,0.00,0.00,true,true,0.00,2.00,0.00,3182
1773238174000,64.1236522166667,-21.7876188333333,0.00,0.00,0.00,true,true,0.00,5.00,0.00,3183
1773238176000,64.1236522166667,-21.7876188333333,0.00,0.00,0.00,true,true,0.00,2.00,0.00,3184
1773238180000,64.1236522166667,-21.7876188333333,0.00,0.00,0.00,true,true,0.00,4.00,0.00,3185
1773238185000,64.1236522166667,-21.7876188333333,0.00,0.00,0.00,true,true,0.00,5.00,0.00,3186
1773238187000,64.1236522166667,-21.7876188333333,0.00,0.00,0.00,true,true,0.00,2.00,0.00,3187
1773238191000,64.1236522166667,-21.7876188333333,0.00,0.00,0.00,true,true,0.00,4.00,0.00,3188
1773238193000,64.1236522166667,-21.7876188333333,0.00,0.00,0.00,true,true,0.00,2.00,0.00,3189
1773238195000,64.1236522166667,-21.7876188333333,0.00,0.00,0.00,true,true,0.00,2.00,0.00,3190
1773238202000,64.1236522166667,-21.7876188333333,0.00,0.00,0.00,true,true,0.00,7.00,0.00,3191
1773238205000,64.1236522166667,-21.7876188333333,0.00,0.00,0.00,true,true,0.00,3.00,0.00,3192
1773238207000,64.1236522166667,-21.7876188333333,0.00,0.00,0.00,true,true,0.00,2.00,0.00,3193
1773238212000,64.1236522166667,-21.7876188333333,0.00,0.00,0.00,true,true,0.00,5.00,0.00,3194
1773238217000,64.1236522166667,-21.7876188333333,0.00,0.00,0.00,true,true,0.00,5.00,0.00,3195
1773238221000,64.1236522166667,-21.7876188333333,0.00,0.00,0.00,true,true,0.00,4.00,0.00,3196
1773238225000,64.1236522166667,-21.7876188333333,0.00,0.00,0.00,true,true,0.00,4.00,0.00,3197
1773238231000,64.1236507666667,-21.7876176666667,0.00,0.00,0.00,true,true,0.17,6.00,0.10,3198
1773238233000,64.1236507666667,-21.7876176666667,0.00,0.00,0.00,true,true,0.01,2.00,0.02,3199
1773238235000,64.1236507666667,-21.7876176666667,0.00,0.00,0.00,true,true,0.00,2.00,0.00,3200
1773238237000,64.1236507666667,-21.7876176666667,0.00,0.00,0.00,true,true,0.00,2.00,0.00,3201
1773238243000,64.1236507666667,-21.7876176666667,0.00,0.00,0.00,true,true,0.00,6.00,0.00,3202
1773238247000,64.1236507666667,-21.7876176666667,0.00,0.00,0.00,true,true,0.00,4.00,0.00,3203
1773238252000,64.1236507666667,-21.7876176666667,0.00,0.00,0.00,true,true,0.00,5.00,0.00,3204
1773238254000,64.1236507666667,-21.7876176666667,0.00,0.00,0.00,true,true,0.00,2.00,0.00,3205
1773238258000,64.1236507666667,-21.7876176666667,0.00,0.00,0.00,true,true,0.00,4.00,0.00,3206
1773238262000,64.1236507666667,-21.7876176666667,0.00,0.00,0.00,true,true,0.00,4.00,0.00,3207
1773238264000,64.1236507666667,-21.7876176666667,0.00,0.00,0.00,true,true,0.00,2.00,0.00,3208
1773238266000,64.1236507666667,-21.7876176666667,0.00,0.00,0.00,true,true,0.00,2.00,0.00,3209
1773238270000,64.1236507666667,-21.7876176666667,0.00,0.00,0.00,true,true,0.00,4.00,0.00,3210
1773238272000,64.1236507666667,-21.7876176666667,0.00,0.00,0.00,true,true,0.00,2.00,0.00,3211
1773238275000,64.1236507666667,-21.7876176666667,0.00,0.00,0.00,true,true,0.00,3.00,0.00,3212
1773238279000,64.1236507666667,-21.7876176666667,0.00,0.00,0.00,true,true,0.00,4.00,0.00,3213
1773238284000,64.1236507666667,-21.7876176666667,0.00,0.00,0.00,true,true,0.00,5.00,0.00,3214
1773238286000,64.1236507666667,-21.7876176666667,0.00,0.00,0.00,true,true,0.00,2.00,0.00,3215
1773238290000,64.1236507666667,-21.7876176666667,0.00,0.00,0.00,true,true,0.00,4.00,0.00,3216
1773238292000,64.1236507666667,-21.7876176666667,0.00,0.00,0.00,true,true,0.00,2.00,0.00,3217
1773238294000,64.1236507666667,-21.7876176666667,0.00,0.00,0.00,true,true,0.00,2.00,0.00,3218
1773238300000,64.1236507666667,-21.7876176666667,0.00,0.00,0.00,true,true,0.00,6.00,0.00,3219
1773238302000,64.1236507666667,-21.7876176666667,0.00,0.00,0.00,true,true,0.00,2.00,0.00,3220
1773238309000,64.1236507666667,-21.7876176666667,0.00,0.00,0.00,true,true,0.00,7.00,0.00,3221
1773238315000,64.1236507666667,-21.7876176666667,0.00,0.00,0.00,true,true,0.00,6.00,0.00,3222
1773238320000,64.1236507666667,-21.7876176666667,0.00,0.00,0.00,true,true,0.00,5.00,0.00,3223
1773238322000,64.1236507666667,-21.7876176666667,0.00,0.00,0.00,true,true,0.00,2.00,0.00,3224
1773238326000,64.1236507666667,-21.7876176666667,0.00,0.00,0.00,true,true,0.00,4.00,0.00,3225
1773238328000,64.1236507666667,-21.7876176666667,0.00,0.00,0.00,true,true,0.00,2.00,0.00,3226
1773238330000,64.1236507666667,-21.7876176666667,0.00,0.00,0.00,true,true,0.00,2.00,0.00,3227
1773238332000,64.1236507666667,-21.7876176666667,0.00,0.00,0.00,true,true,0.00,2.00,0.00,3228
1773238335000,64.1236507666667,-21.7876176666667,0.00,0.00,0.00,true,true,0.00,3.00,0.00,3229
1773238337000,64.1236507666667,-21.7876176666667,0.00,0.00,0.00,true,true,0.00,2.00,0.00,3230
1773238342000,64.1236507666667,-21.7876176666667,0.00,0.00,0.00,true,true,0.00,5.00,0.00,3231
1773238345000,64.1236507666667,-21.7876176666667,0.00,0.00,0.00,true,true,0.00,3.00,0.00,3232
1773238349000,64.12364985,-21.7876168333333,0.00,0.00,0.00,true,true,0.11,4.00,0.10,3233
1773238351000,64.12364985,-21.7876168333333,0.00,0.00,0.00,true,true,0.01,2.00,0.02,3234
1773238354000,64.12364985,-21.7876168333333,0.00,0.00,0.00,true,true,0.00,3.00,0.00,3235
1773238356000,64.12364985,-21.7876168333333,0.00,0.00,0.00,true,true,0.00,2.00,0.00,3236
1773238362000,64.12364985,-21.7876168333333,0.00,0.00,0.00,true,true,0.00,6.00,0.00,3237
1773238364000,64.12364985,-21.7876168333333,0.00,0.00,0.00,true,true,0.00,2.00,0.00,3238
1773238368000,64.12364985,-21.7876168333333,0.00,0.00,0.00,true,true,0.00,4.00,0.00,3239
1773238371000,64.12364985,-21.7876168333333,0.00,0.00,0.00,true,true,0.00,3.00,0.00,3240
1773238373000,64.12364985,-21.7876168333333,0.00,0.00,0.00,true,true,0.00,2.00,0.00,3241
1773238375000,64.12364985,-21.7876168333333,0.00,0.00,0.00,true,true,0.00,2.00,0.00,3242
1773238377000,64.12364985,-21.7876168333333,0.00,0.00,0.00,true,true,0.00,2.00,0.00,3243
1773238382000,64.12364985,-21.7876168333333,0.00,0.00,0.00,true,true,0.00,5.00,0.00,3244
1773238386000,64.12364985,-21.7876168333333,0.00,0.00,0.00,true,true,0.00,4.00,0.00,3245
1773238388000,64.12364985,-21.7876168333333,0.00,0.00,0.00,true,true,0.00,2.00,0.00,3246
1773238391000,64.12364985,-21.7876168333333,0.00,0.00,0.00,true,true,0.00,3.00,0.00,3247
1773238395000,64.12364985,-21.7876168333333,0.00,0.00,0.00,true,true,0.00,4.00,0.00,3248
1773238397000,64.12364985,-21.7876168333333,0.00,0.00,0.00,true,true,0.00,2.00,0.00,3249
1773238401000,64.12364985,-21.7876168333333,0.00,0.00,0.00,true,true,0.00,4.00,0.00,3250
1773238403000,64.12364985,-21.7876168333333,0.00,0.00,0.00,true,true,0.00,2.00,0.00,3251
1773238405000,64.12364985,-21.7876168333333,0.00,0.00,0.00,true,true,0.00,2.00,0.00,3252
1773238407000,64.12364985,-21.7876168333333,0.00,0.00,0.00,true,true,0.00,2.00,0.00,3253
1773238412000,64.12364985,-21.7876168333333,0.00,0.00,0.00,true,true,0.00,5.00,0.00,3254
1773238414000,64.12364985,-21.7876168333333,0.00,0.00,0.00,true,true,0.00,2.00,0.00,3255
1773238416000,64.12364985,-21.7876168333333,0.00,0.00,0.00,true,true,0.00,2.00,0.00,3256
1773238418000,64.12364985,-21.7876168333333,0.00,0.00,0.00,true,true,0.00,2.00,0.00,3257
1773238422000,64.12364985,-21.7876168333333,0.00,0.00,0.00,true,true,0.00,4.00,0.00,3258
1773238428000,64.12364985,-21.7876168333333,0.00,0.00,0.00,true,true,0.00,6.00,0.00,3259
1773238433000,64.12364985,-21.7876168333333,0.00,0.00,0.00,true,true,0.00,5.00,0.00,3260
1773238435000,64.12364985,-21.7876168333333,0.00,0.00,0.00,true,true,0.00,2.00,0.00,3261
1773238439000,64.12364985,-21.7876168333333,0.00,0.00,0.00,true,true,0.00,4.00,0.00,3262
1773238441000,64.12364985,-21.7876168333333,0.00,0.00,0.00,true,true,0.00,2.00,0.00,3263
1773238443000,64.12364985,-21.7876168333333,0.00,0.00,0.00,true,true,0.00,2.00,0.00,3264
1773238446000,64.12364985,-21.7876168333333,0.00,0.00,0.00,true,true,0.00,3.00,0.00,3265
1773238448000,64.12364985,-21.7876168333333,0.00,0.00,0.00,true,true,0.00,2.00,0.00,3266
1773238451000,64.12364985,-21.7876168333333,0.00,0.00,0.00,true,true,0.00,3.00,0.00,3267
1773238455000,64.12364985,-21.7876168333333,0.00,0.00,0.00,true,true,0.00,4.00,0.00,3268
1773238457000,64.12364985,-21.7876168333333,0.00,0.00,0.00,true,true,0.00,2.00,0.00,3269
1773238460000,64.12364985,-21.7876168333333,0.00,0.00,0.00,true,true,0.00,3.00,0.00,3270
1773238465000,64.12364985,-21.7876168333333,0.00,0.00,0.00,true,true,0.00,5.00,0.00,3271
1773238468000,64.12364985,-21.7876168333333,0.00,0.00,0.00,true,true,0.00,3.00,0.00,3272
1773238471000,64.12364985,-21.7876168333333,0.00,0.00,0.00,true,true,0.00,3.00,0.00,3273
1773238473000,64.12365985,-21.7876253333333,0.00,0.00,0.00,true,true,1.18,2.00,2.13,3274
1773238477000,64.12365985,-21.7876253333333,0.00,0.00,0.00,true,true,0.34,4.00,0.31,3275
1773238480000,64.12365985,-21.7876253333333,0.00,0.00,0.00,true,true,0.05,3.00,0.06,3276
1773238486000,64.12365985,-21.7876253333333,0.00,0.00,0.00,true,true,0.01,6.00,0.01,3277
1773238488000,64.12365985,-21.7876253333333,0.00,0.00,0.00,true,true,0.00,2.00,0.00,3278
1773238492000,64.12365985,-21.7876253333333,0.00,0.00,0.00,true,true,0.00,4.00,0.00,3279
1773238497000,64.12365985,-21.7876253333333,0.00,0.00,0.00,true,true,0.00,5.00,0.00,3280
1773238499000,64.12365985,-21.7876253333333,0.00,0.00,0.00,true,true,0.00,2.00,0.00,3281
1773238504000,64.12365985,-21.7876253333333,0.00,0.00,0.00,true,true,0.00,5.00,0.00,3282
1773238508000,64.12365985,-21.7876253333333,0.00,0.00,0.00,true,true,0.00,4.00,0.00,3283
1773238513000,64.12365985,-21.7876253333333,0.00,0.00,0.00,true,true,0.00,5.00,0.00,3284
1773238515000,64.12365985,-21.7876253333333,0.00,0.00,0.00,true,true,0.00,2.00,0.00,3285
1773238517000,64.12365985,-21.7876253333333,0.00,0.00,0.00,true,true,0.00,2.00,0.00,3286
1773238521000,64.12365985,-21.7876253333333,0.00,0.00,0.00,true,true,0.00,4.00,0.00,3287
1773238523000,64.12365985,-21.7876253333333,0.00,0.00,0.00,true,true,0.00,2.00,0.00,3288
1773238528000,64.12365985,-21.7876253333333,0.00,0.00,0.00,true,true,0.00,5.00,0.00,3289
1773238531000,64.12365985,-21.7876253333333,0.00,0.00,0.00,true,true,0.00,3.00,0.00,3290
1773238533000,64.12365985,-21.7876253333333,0.00,0.00,0.00,true,true,0.00,2.00,0.00,3291
1773238539000,64.12365985,-21.7876253333333,0.00,0.00,0.00,true,true,0.00,6.00,0.00,3292
1773238542000,64.12365985,-21.7876253333333,0.00,0.00,0.00,true,true,0.00,3.00,0.00,3293
1773238546000,64.12365985,-21.7876253333333,0.00,0.00,0.00,true,true,0.00,4.00,0.00,3294
1773238550000,64.12365985,-21.7876253333333,0.00,0.00,0.00,true,true,0.00,4.00,0.00,3295
1773238553000,64.12365985,-21.7876253333333,0.00,0.00,0.00,true,true,0.00,3.00,0.00,3296
1773238555000,64.12365985,-21.7876253333333,0.00,0.00,0.00,true,true,0.00,2.00,0.00,3297
1773238559000,64.12365985,-21.7876253333333,0.00,0.00,0.00,true,true,0.00,4.00,0.00,3298
1773238561000,64.12365985,-21.7876253333333,0.00,0.00,0.00,true,true,0.00,2.00,0.00,3299
1773238563000,64.12365985,-21.7876253333333,0.00,0.00,0.00,true,true,0.00,2.00,0.00,3300
1773238568000,64.12365985,-21.7876253333333,0.00,0.00,0.00,true,true,0.00,5.00,0.00,3301
1773238570000,64.12365985,-21.7876253333333,0.00,0.00,0.00,true,true,0.00,2.00,0.00,3302
1773238575000,64.12365985,-21.7876253333333,0.00,0.00,0.00,true,true,0.00,5.00,0.00,3303
1773238581000,64.12365985,-21.7876253333333,0.00,0.00,0.00,true,true,0.00,6.00,0.00,3304
1773238585000,64.12365985,-21.7876253333333,0.00,0.00,0.00,true,true,0.00,4.00,0.00,3305
1773238590000,64.12365985,-21.7876253333333,0.00,0.00,0.00,true,true,0.00,5.00,0.00,3306
1773238592000,64.1236564,-21.7876258333333,0.00,0.00,0.00,true,true,0.38,2.00,0.69,3307
1773238594000,64.1236564,-21.7876258333333,0.00,0.00,0.00,true,true,0.10,2.00,0.18,3308
1773238598000,64.1236564,-21.7876258333333,0.00,0.00,0.00,true,true,0.03,4.00,0.03,3309
1773238600000,64.1236564,-21.7876258333333,0.00,0.00,0.00,true,true,0.00,2.00,0.01,3310
1773238605000,64.1236564,-21.7876258333333,0.00,0.00,0.00,true,true,0.00,5.00,0.00,3311
1773238609000,64.1236564,-21.7876258333333,0.00,0.00,0.00,true,true,0.00,4.00,0.00,3312
1773238611000,64.1236564,-21.7876258333333,0.00,0.00,0.00,true,true,0.00,2.00,0.00,3313
1773238613000,64.1236564,-21.7876258333333,0.00,0.00,0.00,true,true,0.00,2.00,0.00,3314
1773238616000,64.1236564,-21.7876258333333,0.00,0.00,0.00,true,true,0.00,3.00,0.00,3315
1773238620000,64.1236564,-21.7876258333333,0.00,0.00,0.00,true,true,0.00,4.00,0.00,3316
1773238626000,64.1236564,-21.7876258333333,0.00,0.00,0.00,true,true,0.00,6.00,0.00,3317
1773238631000,64.1236564,-21.7876258333333,0.00,0.00,0.00,true,true,0.00,5.00,0.00,3318
1773238633000,64.1236564,-21.7876258333333,0.00,0.00,0.00,true,true,0.00,2.00,0.00,3319
1773238636000,64.1236564,-21.7876258333333,0.00,0.00,0.00,true,true,0.00,3.00,0.00,3320
1773238640000,64.1236564,-21.7876258333333,0.00,0.00,0.00,true,true,0.00,4.00,0.00,3321
1773238642000,64.1236564,-21.7876258333333,0.00,0.00,0.00,true,true,0.00,2.00,0.00,3322
1773238645000,64.1236564,-21.7876258333333,0.00,0.00,0.00,true,true,0.00,3.00,0.00,3323
1773238648000,64.1236564,-21.7876258333333,0.00,0.00,0.00,true,true,0.00,3.00,0.00,3324
1773238651000,64.1236564,-21.7876258333333,0.00,0.00,0.00,true,true,0.00,3.00,0.00,3325
1773238653000,64.1236564,-21.7876258333333,0.00,0.00,0.00,true,true,0.00,2.00,0.00,3326
1773238656000,64.1236564,-21.7876258333333,0.00,0.00,0.00,true,true,0.00,3.00,0.00,3327
1773238660000,64.1236564,-21.7876258333333,0.00,0.00,0.00,true,true,0.00,4.00,0.00,3328
1773238665000,64.1236564,-21.7876258333333,0.00,0.00,0.00,true,true,0.00,5.00,0.00,3329
1773238667000,64.1236564,-21.7876258333333,0.00,0.00,0.00,true,true,0.00,2.00,0.00,3330
1773238669000,64.1236564,-21.7876258333333,0.00,0.00,0.00,true,true,0.00,2.00,0.00,3331
1773238672000,64.1236564,-21.7876258333333,0.00,0.00,0.00,true,true,0.00,3.00,0.00,3332
1773238676000,64.1236564,-21.7876258333333,0.00,0.00,0.00,true,true,0.00,4.00,0.00,3333
1773238678000,64.1236564,-21.7876258333333,0.00,0.00,0.00,true,true,0.00,2.00,0.00,3334
1773238681000,64.1236564,-21.7876258333333,0.00,0.00,0.00,true,true,0.00,3.00,0.00,3335
1773238683000,64.1236564,-21.7876258333333,0.00,0.00,0.00,true,true,0.00,2.00,0.00,3336
1773238689000,64.1236564,-21.7876258333333,0.00,0.00,0.00,true,true,0.00,6.00,0.00,3337
1773238693000,64.1236564,-21.7876258333333,0.00,0.00,0.00,true,true,0.00,4.00,0.00,3338
1773238698000,64.1236564,-21.7876258333333,0.00,0.00,0.00,true,true,0.00,5.00,0.00,3339
1773238706000,64.1236564,-21.7876258333333,0.00,0.00,0.00,true,true,0.00,8.00,0.00,3340
1773238708000,64.1236564,-21.7876258333333,0.00,0.00,0.00,true,true,0.00,2.00,0.00,3341
1773238711000,64.1236564,-21.7876258333333,0.00,0.00,0.00,true,true,0.00,3.00,0.00,3342
1773238713000,64.1236564,-21.7876258333333,0.00,0.00,0.00,true,true,0.00,2.00,0.00,3343
1773238716000,64.1236539,-21.7876303333333,0.00,0.00,0.00,true,true,0.35,3.00,0.42,3344
1773238718000,64.1236539,-21.7876303333333,0.00,0.00,0.00,true,true,0.07,2.00,0.13,3345
1773238722000,64.1236539,-21.7876303333333,0.00,0.00,0.00,true,true,0.02,4.00,0.02,3346
1773238727000,64.1236539,-21.7876303333333,0.00,0.00,0.00,true,true,0.00,5.00,0.00,3347
1773238729000,64.1236539,-21.7876303333333,0.00,0.00,0.00,true,true,0.00,2.00,0.00,3348
1773238733000,64.1236539,-21.7876303333333,0.00,0.00,0.00,true,true,0.00,4.00,0.00,3349
1773238735000,64.1236539,-21.7876303333333,0.00,0.00,0.00,true,true,0.00,2.00,0.00,3350
1773238738000,64.1236539,-21.7876303333333,0.00,0.00,0.00,true,true,0.00,3.00,0.00,3351
1773238744000,64.1236539,-21.7876303333333,0.00,0.00,0.00,true,true,0.00,6.00,0.00,3352
1773238749000,64.1236539,-21.7876303333333,0.00,0.00,0.00,true,true,0.00,5.00,0.00,3353
1773238753000,64.1236539,-21.7876303333333,0.00,0.00,0.00,true,true,0.00,4.00,0.00,3354
1773238755000,64.1236539,-21.7876303333333,0.00,0.00,0.00,true,true,0.00,2.00,0.00,3355
1773238759000,64.1236539,-21.7876303333333,0.00,0.00,0.00,true,true,0.00,4.00,0.00,3356
1773238762000,64.1236539,-21.7876303333333,0.00,0.00,0.00,true,true,0.00,3.00,0.00,3357
1773238764000,64.1236539,-21.7876303333333,0.00,0.00,0.00,true,true,0.00,2.00,0.00,3358
1773238768000,64.1236539,-21.7876303333333,0.00,0.00,0.00,true,true,0.00,4.00,0.00,3359
1773238770000,64.1236539,-21.7876303333333,0.00,0.00,0.00,true,true,0.00,2.00,0.00,3360
1773238772000,64.1236539,-21.7876303333333,0.00,0.00,0.00,true,true,0.00,2.00,0.00,3361
1773238774000,64.1236539,-21.7876303333333,0.00,0.00,0.00,true,true,0.00,2.00,0.00,3362
1773238779000,64.1236539,-21.7876303333333,0.00,0.00,0.00,true,true,0.00,5.00,0.00,3363
1773238784000,64.1236539,-21.7876303333333,0.00,0.00,0.00,true,true,0.00,5.00,0.00,3364
1773238789000,64.1236539,-21.7876303333333,0.00,0.00,0.00,true,true,0.00,5.00,0.00,3365
1773238791000,64.1236539,-21.7876303333333,0.00,0.00,0.00,true,true,0.00,2.00,0.00,3366
1773238795000,64.1236539,-21.7876303333333,0.00,0.00,0.00,true,true,0.00,4.00,0.00,3367
1773238797000,64.1236539,-21.7876303333333,0.00,0.00,0.00,true,true,0.00,2.00,0.00,3368
1773238799000,64.1236539,-21.7876303333333,0.00,0.00,0.00,true,true,0.00,2.00,0.00,3369
1773238806000,64.1236539,-21.7876303333333,0.00,0.00,0.00,true,true,0.00,7.00,0.00,3370
1773238811000,64.1236539,-21.7876303333333,0.00,0.00,0.00,true,true,0.00,5.00,0.00,3371
1773238813000,64.1236539,-21.7876303333333,0.00,0.00,0.00,true,true,0.00,2.00,0.00,3372
1773238816000,64.1236539,-21.7876303333333,0.00,0.00,0.00,true,true,0.00,3.00,0.00,3373
1773238819000,64.1236539,-21.7876303333333,0.00,0.00,0.00,true,true,0.00,3.00,0.00,3374
1773238821000,64.1236539,-21.7876303333333,0.00,0.00,0.00,true,true,0.00,2.00,0.00,3375
1773238824000,64.1236539,-21.7876303333333,0.00,0.00,0.00,true,true,0.00,3.00,0.00,3376
1773238827000,64.1236539,-21.7876303333333,0.00,0.00,0.00,true,true,0.00,3.00,0.00,3377
1773238832000,64.1236539,-21.7876303333333,0.00,0.00,0.00,true,true,0.00,5.00,0.00,3378
1773238834000,64.1236512666667,-21.7876325,0.00,0.00,0.00,true,true,0.31,2.00,0.56,3379
1773238836000,64.1236512666667,-21.7876325,0.00,0.00,0.00,true,true,0.08,2.00,0.15,3380
1773238839000,64.1236512666667,-21.7876325,0.00,0.00,0.00,true,true,0.02,3.00,0.03,3381
1773238841000,64.1236512666667,-21.7876325,0.00,0.00,0.00,true,true,0.01,2.00,0.01,3382
1773238845000,64.1236512666667,-21.7876325,0.00,0.00,0.00,true,true,0.00,4.00,0.00,3383
1773238847000,64.1236512666667,-21.7876325,0.00,0.00,0.00,true,true,0.00,2.00,0.00,3384
1773238850000,64.1236512666667,-21.7876325,0.00,0.00,0.00,true,true,0.00,3.00,0.00,3385
1773238854000,64.1236512666667,-21.7876325,0.00,0.00,0.00,true,true,0.00,4.00,0.00,3386
1773238860000,64.1236512666667,-21.7876325,0.00,0.00,0.00,true,true,0.00,6.00,0.00,3387
1773238862000,64.1236512666667,-21.7876325,0.00,0.00,0.00,true,true,0.00,2.00,0.00,3388
1773238864000,64.1236512666667,-21.7876325,0.00,0.00,0.00,true,true,0.00,2.00,0.00,3389
1773238871000,64.1236512666667,-21.7876325,0.00,0.00,0.00,true,true,0.00,7.00,0.00,3390
1773238873000,64.1236512666667,-21.7876325,0.00,0.00,0.00,true,true,0.00,2.00,0.00,3391
1773238875000,64.1236512666667,-21.7876325,0.00,0.00,0.00,true,true,0.00,2.00,0.00,3392
1773238880000,64.1236512666667,-21.7876325,0.00,0.00,0.00,true,true,0.00,5.00,0.00,3393
1773238884000,64.1236512666667,-21.7876325,0.00,0.00,0.00,true,true,0.00,4.00,0.00,3394
1773238892000,64.1236512666667,-21.7876325,0.00,0.00,0.00,true,true,0.00,8.00,0.00,3395
1773238894000,64.1236512666667,-21.7876325,0.00,0.00,0.00,true,true,0.00,2.00,0.00,3396
1773238897000,64.1236512666667,-21.7876325,0.00,0.00,0.00,true,true,0.00,3.00,0.00,3397
1773238901000,64.1236512666667,-21.7876325,0.00,0.00,0.00,true,true,0.00,4.00,0.00,3398
1773238905000,64.1236512666667,-21.7876325,0.00,0.00,0.00,true,true,0.00,4.00,0.00,3399
1773238907000,64.1236512666667,-21.7876325,0.00,0.00,0.00,true,true,0.00,2.00,0.00,3400
1773238913000,64.1236512666667,-21.7876325,0.00,0.00,0.00,true,true,0.00,6.00,0.00,3401
1773238915000,64.1236512666667,-21.7876325,0.00,0.00,0.00,true,true,0.00,2.00,0.00,3402
1773238917000,64.1236512666667,-21.7876325,0.00,0.00,0.00,true,true,0.00,2.00,0.00,3403
1773238922000,64.1236512666667,-21.7876325,0.00,0.00,0.00,true,true,0.00,5.00,0.00,3404
1773238926000,64.1236512666667,-21.7876325,0.00,0.00,0.00,true,true,0.00,4.00,0.00,3405
1773238928000,64.1236512666667,-21.7876325,0.00,0.00,0.00,true,true,0.00,2.00,0.00,3406
1773238932000,64.1236512666667,-21.7876325,0.00,0.00,0.00,true,true,0.00,4.00,0.00,3407
1773238937000,64.1236512666667,-21.7876325,0.00,0.00,0.00,true,true,0.00,5.00,0.00,3408
1773238941000,64.1236512666667,-21.7876325,0.00,0.00,0.00,true,true,0.00,4.00,0.00,3409
1773238944000,64.1236512666667,-21.7876325,0.00,0.00,0.00,true,true,0.00,3.00,0.00,3410
1773238946000,64.1236512666667,-21.7876325,0.00,0.00,0.00,true,true,0.00,2.00,0.00,3411
1773238949000,64.1236512666667,-21.7876325,0.00,0.00,0.00,true,true,0.00,3.00,0.00,3412
1773238953000,64.1236512666667,-21.7876325,0.00,0.00,0.00,true,true,0.00,4.00,0.00,3413
1773238955000,64.1236512666667,-21.7876325,0.00,0.00,0.00,true,true,0.00,2.00,0.00,3414
1773238958000,64.1236488833333,-21.7876358333333,0.00,0.00,0.00,true,true,0.31,3.00,0.37,3415
1773238960000,64.1236488833333,-21.7876358333333,0.00,0.00,0.00,true,true,0.06,2.00,0.11,3416
1773238964000,64.1236488833333,-21.7876358333333,0.00,0.00,0.00,true,true,0.02,4.00,0.02,3417
1773238966000,64.1236488833333,-21.7876358333333,0.00,0.00,0.00,true,true,0.00,2.00,0.00,3418
1773238970000,64.1236488833333,-21.7876358333333,0.00,0.00,0.00,true,true,0.00,4.00,0.00,3419
1773238972000,64.1236488833333,-21.7876358333333,0.00,0.00,0.00,true,true,0.00,2.00,0.00,3420
1773238975000,64.1236488833333,-21.7876358333333,0.00,0.00,0.00,true,true,0.00,3.00,0.00,3421
1773238977000,64.1236488833333,-21.7876358333333,0.00,0.00,0.00,true,true,0.00,2.00,0.00,3422
1773238981000,64.1236488833333,-21.7876358333333,0.00,0.00,0.00,true,true,0.00,4.00,0.00,3423
1773238985000,64.1236488833333,-21.7876358333333,0.00,0.00,0.00,true,true,0.00,4.00,0.00,3424
1773238988000,64.1236488833333,-21.7876358333333,0.00,0.00,0.00,true,true,0.00,3.00,0.00,3425
1773238994000,64.1236488833333,-21.7876358333333,0.00,0.00,0.00,true,true,0.00,6.00,0.00,3426
1773238996000,64.1236488833333,-21.7876358333333,0.00,0.00,0.00,true,true,0.00,2.00,0.00,3427
1773238999000,64.1236488833333,-21.7876358333333,0.00,0.00,0.00,true,true,0.00,3.00,0.00,3428
1773239001000,64.1236488833333,-21.7876358333333,0.00,0.00,0.00,true,true,0.00,2.00,0.00,3429
1773239005000,64.1236488833333,-21.7876358333333,0.00,0.00,0.00,true,true,0.00,4.00,0.00,3430
1773239007000,64.1236488833333,-21.7876358333333,0.00,0.00,0.00,true,true,0.00,2.00,0.00,3431
1773239009000,64.1236488833333,-21.7876358333333,0.00,0.00,0.00,true,true,0.00,2.00,0.00,3432
1773239012000,64.1236488833333,-21.7876358333333,0.00,0.00,0.00,true,true,0.00,3.00,0.00,3433
1773239015000,64.1236488833333,-21.7876358333333,0.00,0.00,0.00,true,true,0.00,3.00,0.00,3434
1773239017000,64.1236488833333,-21.7876358333333,0.00,0.00,0.00,true,true,0.00,2.00,0.00,3435
1773239020000,64.1236488833333,-21.7876358333333,0.00,0.00,0.00,true,true,0.00,3.00,0.00,3436
1773239022000,64.1236488833333,-21.7876358333333,0.00,0.00,0.00,true,true,0.00,2.00,0.00,3437
1773239025000,64.1236488833333,-21.7876358333333,0.00,0.00,0.00,true,true,0.00,3.00,0.00,3438
1773239028000,64.1236488833333,-21.7876358333333,0.00,0.00,0.00,true,true,0.00,3.00,0.00,3439
1773239031000,64.1236488833333,-21.7876358333333,0.00,0.00,0.00,true,true,0.00,3.00,0.00,3440
1773239036000,64.1236488833333,-21.7876358333333,0.00,0.00,0.00,true,true,0.00,5.00,0.00,3441
1773239039000,64.1236488833333,-21.7876358333333,0.00,0.00,0.00,true,true,0.00,3.00,0.00,3442
1773239041000,64.1236488833333,-21.7876358333333,0.00,0.00,0.00,true,true,0.00,2.00,0.00,3443
1773239043000,64.1236488833333,-21.7876358333333,0.00,0.00,0.00,true,true,0.00,2.00,0.00,3444
1773239048000,64.1236488833333,-21.7876358333333,0.00,0.00,0.00,true,true,0.00,5.00,0.00,3445
1773239051000,64.1236488833333,-21.7876358333333,0.00,0.00,0.00,true,true,0.00,3.00,0.00,3446
1773239053000,64.1236488833333,-21.7876358333333,0.00,0.00,0.00,true,true,0.00,2.00,0.00,3447
1773239057000,64.1236488833333,-21.7876358333333,0.00,0.00,0.00,true,true,0.00,4.00,0.00,3448
1773239062000,64.1236488833333,-21.7876358333333,0.00,0.00,0.00,true,true,0.00,5.00,0.00,3449
1773239064000,64.1236488833333,-21.7876358333333,0.00,0.00,0.00,true,true,0.00,2.00,0.00,3450
1773239066000,64.1236488833333,-21.7876358333333,0.00,0.00,0.00,true,true,0.00,2.00,0.00,3451
1773239068000,64.1236488833333,-21.7876358333333,0.00,0.00,0.00,true,true,0.00,2.00,0.00,3452
1773239072000,64.1236488833333,-21.7876358333333,0.00,0.00,0.00,true,true,0.00,4.00,0.00,3453
1773239074000,64.1236488833333,-21.7876358333333,0.00,0.00,0.00,true,true,0.00,2.00,0.00,3454
1773239078000,64.1236469833333,-21.7876373333333,0.00,0.00,0.00,true,true,0.22,4.00,0.20,3455
1773239080000,64.1236469833333,-21.7876373333333,0.00,0.00,0.00,true,true,0.03,2.00,0.05,3456
1773239082000,64.1236469833333,-21.7876373333333,0.00,0.00,0.00,true,true,0.01,2.00,0.01,3457
1773239085000,64.1236469833333,-21.7876373333333,0.00,0.00,0.00,true,true,0.00,3.00,0.00,3458
1773239089000,64.1236469833333,-21.7876373333333,0.00,0.00,0.00,true,true,0.00,4.00,0.00,3459
1773239091000,64.1236469833333,-21.7876373333333,0.00,0.00,0.00,true,true,0.00,2.00,0.00,3460
1773239093000,64.1236469833333,-21.7876373333333,0.00,0.00,0.00,true,true,0.00,2.00,0.00,3461
1773239097000,64.1236469833333,-21.7876373333333,0.00,0.00,0.00,true,true,0.00,4.00,0.00,3462
1773239102000,64.1236469833333,-21.7876373333333,0.00,0.00,0.00,true,true,0.00,5.00,0.00,3463
1773239104000,64.1236469833333,-21.7876373333333,0.00,0.00,0.00,true,true,0.00,2.00,0.00,3464
1773239108000,64.1236469833333,-21.7876373333333,0.00,0.00,0.00,true,true,0.00,4.00,0.00,3465
1773239111000,64.1236469833333,-21.7876373333333,0.00,0.00,0.00,true,true,0.00,3.00,0.00,3466
1773239113000,64.1236469833333,-21.7876373333333,0.00,0.00,0.00,true,true,0.00,2.00,0.00,3467
1773239118000,64.1236469833333,-21.7876373333333,0.00,0.00,0.00,true,true,0.00,5.00,0.00,3468
1773239120000,64.1236469833333,-21.7876373333333,0.00,0.00,0.00,true,true,0.00,2.00,0.00,3469
1773239124000,64.1236469833333,-21.7876373333333,0.00,0.00,0.00,true,true,0.00,4.00,0.00,3470
1773239126000,64.1236469833333,-21.7876373333333,0.00,0.00,0.00,true,true,0.00,2.00,0.00,3471
1773239130000,64.1236469833333,-21.7876373333333,0.00,0.00,0.00,true,true,0.00,4.00,0.00,3472
1773239132000,64.1236469833333,-21.7876373333333,0.00,0.00,0.00,true,true,0.00,2.00,0.00,3473
1773239134000,64.1236469833333,-21.7876373333333,0.00,0.00,0.00,true,true,0.00,2.00,0.00,3474
1773239137000,64.1236469833333,-21.7876373333333,0.00,0.00,0.00,true,true,0.00,3.00,0.00,3475
1773239141000,64.1236469833333,-21.7876373333333,0.00,0.00,0.00,true,true,0.00,4.00,0.00,3476
1773239144000,64.1236469833333,-21.7876373333333,0.00,0.00,0.00,true,true,0.00,3.00,0.00,3477
1773239147000,64.1236469833333,-21.7876373333333,0.00,0.00,0.00,true,true,0.00,3.00,0.00,3478
1773239151000,64.1236469833333,-21.7876373333333,0.00,0.00,0.00,true,true,0.00,4.00,0.00,3479
1773239160000,64.1236469833333,-21.7876373333333,0.00,0.00,0.00,true,true,0.00,9.00,0.00,3480
1773239162000,64.1236469833333,-21.7876373333333,0.00,0.00,0.00,true,true,0.00,2.00,0.00,3481
1773239164000,64.1236469833333,-21.7876373333333,0.00,0.00,0.00,true,true,0.00,2.00,0.00,3482
1773239168000,64.1236469833333,-21.7876373333333,0.00,0.00,0.00,true,true,0.00,4.00,0.00,3483
1773239173000,64.1236469833333,-21.7876373333333,0.00,0.00,0.00,true,true,0.00,5.00,0.00,3484
1773239175000,64.1236469833333,-21.7876373333333,0.00,0.00,0.00,true,true,0.00,2.00,0.00,3485
1773239177000,64.1236469833333,-21.7876373333333,0.00,0.00,0.00,true,true,0.00,2.00,0.00,3486
1773239181000,64.1236469833333,-21.7876373333333,0.00,0.00,0.00,true,true,0.00,4.00,0.00,3487
1773239185000,64.1236469833333,-21.7876373333333,0.00,0.00,0.00,true,true,0.00,4.00,0.00,3488
1773239187000,64.1236469833333,-21.7876373333333,0.00,0.00,0.00,true,true,0.00,2.00,0.00,3489
1773239189000,64.1236469833333,-21.7876373333333,0.00,0.00,0.00,true,true,0.00,2.00,0.00,3490
1773239192000,64.1236469833333,-21.7876373333333,0.00,0.00,0.00,true,true,0.00,3.00,0.00,3491
1773239194000,64.1236469833333,-21.7876373333333,0.00,0.00,0.00,true,true,0.00,2.00,0.00,3492
1773239196000,64.1236441166667,-21.7876396666667,0.00,0.00,0.00,true,true,0.34,2.00,0.61,3493
1773239199000,64.1236441166667,-21.7876396666667,0.00,0.00,0.00,true,true,0.11,3.00,0.13,3494
1773239202000,64.1236441166667,-21.7876396666667,0.00,0.00,0.00,true,true,0.02,3.00,0.03,3495
1773239205000,64.1236441166667,-21.7876396666667,0.00,0.00,0.00,true,true,0.00,3.00,0.01,3496
1773239208000,64.1236441166667,-21.7876396666667,0.00,0.00,0.00,true,true,0.00,3.00,0.00,3497
1773239213000,64.1236441166667,-21.7876396666667,0.00,0.00,0.00,true,true,0.00,5.00,0.00,3498
1773239216000,64.1236441166667,-21.7876396666667,0.00,0.00,0.00,true,true,0.00,3.00,0.00,3499
1773239220000,64.1236441166667,-21.7876396666667,0.00,0.00,0.00,true,true,0.00,4.00,0.00,3500
1773239224000,64.1236441166667,-21.7876396666667,0.00,0.00,0.00,true,true,0.00,4.00,0.00,3501
1773239228000,64.1236441166667,-21.7876396666667,0.00,0.00,0.00,true,true,0.00,4.00,0.00,3502
1773239231000,64.1236441166667,-21.7876396666667,0.00,0.00,0.00,true,true,0.00,3.00,0.00,3503
1773239233000,64.1236441166667,-21.7876396666667,0.00,0.00,0.00,true,true,0.00,2.00,0.00,3504
1773239238000,64.1236441166667,-21.7876396666667,0.00,0.00,0.00,true,true,0.00,5.00,0.00,3505
1773239240000,64.1236441166667,-21.7876396666667,0.00,0.00,0.00,true,true,0.00,2.00,0.00,3506
1773239243000,64.1236441166667,-21.7876396666667,0.00,0.00,0.00,true,true,0.00,3.00,0.00,3507
1773239247000,64.1236441166667,-21.7876396666667,0.00,0.00,0.00,true,true,0.00,4.00,0.00,3508
1773239251000,64.1236441166667,-21.7876396666667,0.00,0.00,0.00,true,true,0.00,4.00,0.00,3509
1773239254000,64.1236441166667,-21.7876396666667,0.00,0.00,0.00,true,true,0.00,3.00,0.00,3510
1773239257000,64.1236441166667,-21.7876396666667,0.00,0.00,0.00,true,true,0.00,3.00,0.00,3511
1773239260000,64.1236441166667,-21.7876396666667,0.00,0.00,0.00,true,true,0.00,3.00,0.00,3512
1773239262000,64.1236441166667,-21.7876396666667,0.00,0.00,0.00,true,true,0.00,2.00,0.00,3513
1773239266000,64.1236441166667,-21.7876396666667,0.00,0.00,0.00,true,true,0.00,4.00,0.00,3514
1773239271000,64.1236441166667,-21.7876396666667,0.00,0.00,0.00,true,true,0.00,5.00,0.00,3515
1773239274000,64.1236441166667,-21.7876396666667,0.00,0.00,0.00,true,true,0.00,3.00,0.00,3516
1773239277000,64.1236441166667,-21.7876396666667,0.00,0.00,0.00,true,true,0.00,3.00,0.00,3517
1773239279000,64.1236441166667,-21.7876396666667,0.00,0.00,0.00,true,true,0.00,2.00,0.00,3518
1773239282000,64.1236441166667,-21.7876396666667,0.00,0.00,0.00,true,true,0.00,3.00,0.00,3519
1773239286000,64.1236441166667,-21.7876396666667,0.00,0.00,0.00,true,true,0.00,4.00,0.00,3520
1773239288000,64.1236441166667,-21.7876396666667,0.00,0.00,0.00,true,true,0.00,2.00,0.00,3521
1773239291000,64.1236441166667,-21.7876396666667,0.00,0.00,0.00,true,true,0.00,3.00,0.00,3522
1773239293000,64.1236441166667,-21.7876396666667,0.00,0.00,0.00,true,true,0.00,2.00,0.00,3523
1773239297000,64.1236441166667,-21.7876396666667,0.00,0.00,0.00,true,true,0.00,4.00,0.00,3524
1773239300000,64.1236441166667,-21.7876396666667,0.00,0.00,0.00,true,true,0.00,3.00,0.00,3525
1773239302000,64.1236441166667,-21.7876396666667,0.00,0.00,0.00,true,true,0.00,2.00,0.00,3526
1773239308000,64.1236441166667,-21.7876396666667,0.00,0.00,0.00,true,true,0.00,6.00,0.00,3527
1773239312000,64.1236441166667,-21.7876396666667,0.00,0.00,0.00,true,true,0.00,4.00,0.00,3528
1773239314000,64.1236441166667,-21.7876396666667,0.00,0.00,0.00,true,true,0.00,2.00,0.00,3529
1773239319000,64.1236417666667,-21.7876426666667,0.00,0.00,0.00,true,true,0.30,5.00,0.22,3530
1773239323000,64.1236417666667,-21.7876426666667,0.00,0.00,0.00,true,true,0.03,4.00,0.02,3531
1773239327000,64.1236417666667,-21.7876426666667,0.00,0.00,0.00,true,true,0.00,4.00,0.00,3532
1773239329000,64.1236417666667,-21.7876426666667,0.00,0.00,0.00,true,true,0.00,2.00,0.00,3533
1773239332000,64.1236417666667,-21.7876426666667,0.00,0.00,0.00,true,true,0.00,3.00,0.00,3534
1773239336000,64.1236417666667,-21.7876426666667,0.00,0.00,0.00,true,true,0.00,4.00,0.00,3535
1773239338000,64.1236417666667,-21.7876426666667,0.00,0.00,0.00,true,true,0.00,2.00,0.00,3536
1773239343000,64.1236417666667,-21.7876426666667,0.00,0.00,0.00,true,true,0.00,5.00,0.00,3537
1773239345000,64.1236417666667,-21.7876426666667,0.00,0.00,0.00,true,true,0.00,2.00,0.00,3538
1773239347000,64.1236417666667,-21.7876426666667,0.00,0.00,0.00,true,true,0.00,2.00,0.00,3539
1773239351000,64.1236417666667,-21.7876426666667,0.00,0.00,0.00,true,true,0.00,4.00,0.00,3540
1773239355000,64.1236417666667,-21.7876426666667,0.00,0.00,0.00,true,true,0.00,4.00,0.00,3541
1773239357000,64.1236417666667,-21.7876426666667,0.00,0.00,0.00,true,true,0.00,2.00,0.00,3542
1773239361000,64.1236417666667,-21.7876426666667,0.00,0.00,0.00,true,true,0.00,4.00,0.00,3543
1773239363000,64.1236417666667,-21.7876426666667,0.00,0.00,0.00,true,true,0.00,2.00,0.00,3544
1773239365000,64.1236417666667,-21.7876426666667,0.00,0.00,0.00,true,true,0.00,2.00,0.00,3545
1773239368000,64.1236417666667,-21.7876426666667,0.00,0.00,0.00,true,true,0.00,3.00,0.00,3546
1773239371000,64.1236417666667,-21.7876426666667,0.00,0.00,0.00,true,true,0.00,3.00,0.00,3547
1773239374000,64.1236417666667,-21.7876426666667,0.00,0.00,0.00,true,true,0.00,3.00,0.00,3548
1773239376000,64.1236417666667,-21.7876426666667,0.00,0.00,0.00,true,true,0.00,2.00,0.00,3549
1773239381000,64.1236417666667,-21.7876426666667,0.00,0.00,0.00,true,true,0.00,5.00,0.00,3550
1773239385000,64.1236417666667,-21.7876426666667,0.00,0.00,0.00,true,true,0.00,4.00,0.00,3551
1773239387000,64.1236417666667,-21.7876426666667,0.00,0.00,0.00,true,true,0.00,2.00,0.00,3552
1773239391000,64.1236417666667,-21.7876426666667,0.00,0.00,0.00,true,true,0.00,4.00,0.00,3553
1773239393000,64.1236417666667,-21.7876426666667,0.00,0.00,0.00,true,true,0.00,2.00,0.00,3554
1773239397000,64.1236417666667,-21.7876426666667,0.00,0.00,0.00,true,true,0.00,4.00,0.00,3555
1773239402000,64.1236417666667,-21.7876426666667,0.00,0.00,0.00,true,true,0.00,5.00,0.00,3556
1773239410000,64.1236417666667,-21.7876426666667,0.00,0.00,0.00,true,true,0.00,8.00,0.00,3557
1773239415000,64.1236417666667,-21.7876426666667,0.00,0.00,0.00,true,true,0.00,5.00,0.00,3558
1773239417000,64.1236417666667,-21.7876426666667,0.00,0.00,0.00,true,true,0.00,2.00,0.00,3559
1773239422000,64.1236417666667,-21.7876426666667,0.00,0.00,0.00,true,true,0.00,5.00,0.00,3560
1773239428000,64.1236417666667,-21.7876426666667,0.00,0.00,0.00,true,true,0.00,6.00,0.00,3561
1773239440000,64.1236398166667,-21.7876428333333,0.00,0.00,0.00,true,true,0.22,12.00,0.06,3562
1773239445000,64.1236398166667,-21.7876428333333,0.00,0.00,0.00,true,true,0.00,5.00,0.00,3563
1773239447000,64.1236398166667,-21.7876428333333,0.00,0.00,0.00,true,true,0.00,2.00,0.00,3564
1773239450000,64.1236398166667,-21.7876428333333,0.00,0.00,0.00,true,true,0.00,3.00,0.00,3565
1773239454000,64.1236398166667,-21.7876428333333,0.00,0.00,0.00,true,true,0.00,4.00,0.00,3566
1773239456000,64.1236398166667,-21.7876428333333,0.00,0.00,0.00,true,true,0.00,2.00,0.00,3567
1773239459000,64.1236398166667,-21.7876428333333,0.00,0.00,0.00,true,true,0.00,3.00,0.00,3568
1773239463000,64.1236398166667,-21.7876428333333,0.00,0.00,0.00,true,true,0.00,4.00,0.00,3569
1773239465000,64.1236398166667,-21.7876428333333,0.00,0.00,0.00,true,true,0.00,2.00,0.00,3570
1773239467000,64.1236398166667,-21.7876428333333,0.00,0.00,0.00,true,true,0.00,2.00,0.00,3571
1773239469000,64.1236398166667,-21.7876428333333,0.00,0.00,0.00,true,true,0.00,2.00,0.00,3572
1773239473000,64.1236398166667,-21.7876428333333,0.00,0.00,0.00,true,true,0.00,4.00,0.00,3573
1773239475000,64.1236398166667,-21.7876428333333,0.00,0.00,0.00,true,true,0.00,2.00,0.00,3574
1773239477000,64.1236398166667,-21.7876428333333,0.00,0.00,0.00,true,true,0.00,2.00,0.00,3575
1773239480000,64.1236398166667,-21.7876428333333,0.00,0.00,0.00,true,true,0.00,3.00,0.00,3576
1773239487000,64.1236398166667,-21.7876428333333,0.00,0.00,0.00,true,true,0.00,7.00,0.00,3577
1773239490000,64.1236398166667,-21.7876428333333,0.00,0.00,0.00,true,true,0.00,3.00,0.00,3578
1773239492000,64.1236398166667,-21.7876428333333,0.00,0.00,0.00,true,true,0.00,2.00,0.00,3579
1773239496000,64.1236398166667,-21.7876428333333,0.00,0.00,0.00,true,true,0.00,4.00,0.00,3580
1773239501000,64.1236398166667,-21.7876428333333,0.00,0.00,0.00,true,true,0.00,5.00,0.00,3581
1773239504000,64.1236398166667,-21.7876428333333,0.00,0.00,0.00,true,true,0.00,3.00,0.00,3582
1773239507000,64.1236398166667,-21.7876428333333,0.00,0.00,0.00,true,true,0.00,3.00,0.00,3583
1773239512000,64.1236398166667,-21.7876428333333,0.00,0.00,0.00,true,true,0.00,5.00,0.00,3584
1773239516000,64.1236398166667,-21.7876428333333,0.00,0.00,0.00,true,true,0.00,4.00,0.00,3585
1773239519000,64.1236398166667,-21.7876428333333,0.00,0.00,0.00,true,true,0.00,3.00,0.00,3586
1773239523000,64.1236398166667,-21.7876428333333,0.00,0.00,0.00,true,true,0.00,4.00,0.00,3587
1773239525000,64.1236398166667,-21.7876428333333,0.00,0.00,0.00,true,true,0.00,2.00,0.00,3588
1773239527000,64.1236398166667,-21.7876428333333,0.00,0.00,0.00,true,true,0.00,2.00,0.00,3589
1773239529000,64.1236398166667,-21.7876428333333,0.00,0.00,0.00,true,true,0.00,2.00,0.00,3590
1773239531000,64.1236398166667,-21.7876428333333,0.00,0.00,0.00,true,true,0.00,2.00,0.00,3591
1773239537000,64.1236398166667,-21.7876428333333,0.00,0.00,0.00,true,true,0.00,6.00,0.00,3592
1773239540000,64.1236398166667,-21.7876428333333,0.00,0.00,0.00,true,true,0.00,3.00,0.00,3593
1773239544000,64.1236398166667,-21.7876428333333,0.00,0.00,0.00,true,true,0.00,4.00,0.00,3594
1773239546000,64.1236398166667,-21.7876428333333,0.00,0.00,0.00,true,true,0.00,2.00,0.00,3595
1773239548000,64.1236398166667,-21.7876428333333,0.00,0.00,0.00,true,true,0.00,2.00,0.00,3596
1773239552000,64.1236398166667,-21.7876428333333,0.00,0.00,0.00,true,true,0.00,4.00,0.00,3597
1773239554000,64.1236398166667,-21.7876428333333,0.00,0.00,0.00,true,true,0.00,2.00,0.00,3598
1773239557000,64.1236398166667,-21.7876428333333,0.00,0.00,0.00,true,true,0.00,3.00,0.00,3599
1773239560000,64.1236383833333,-21.7876433333333,0.00,0.00,0.00,true,true,0.16,3.00,0.19,3600
1773239562000,64.1236383833333,-21.7876433333333,0.00,0.00,0.00,true,true,0.03,2.00,0.06,3601
1773239566000,64.1236383833333,-21.7876433333333,0.00,0.00,0.00,true,true,0.01,4.00,0.01,3602
1773239568000,64.1236383833333,-21.7876433333333,0.00,0.00,0.00,true,true,0.00,2.00,0.00,3603
1773239573000,64.1236383833333,-21.7876433333333,0.00,0.00,0.00,true,true,0.00,5.00,0.00,3604
1773239575000,64.1236383833333,-21.7876433333333,0.00,0.00,0.00,true,true,0.00,2.00,0.00,3605
1773239578000,64.1236383833333,-21.7876433333333,0.00,0.00,0.00,true,true,0.00,3.00,0.00,3606
1773239582000,64.1236383833333,-21.7876433333333,0.00,0.00,0.00,true,true,0.00,4.00,0.00,3607
1773239584000,64.1236383833333,-21.7876433333333,0.00,0.00,0.00,true,true,0.00,2.00,0.00,3608
1773239588000,64.1236383833333,-21.7876433333333,0.00,0.00,0.00,true,true,0.00,4.00,0.00,3609
1773239590000,64.1236383833333,-21.7876433333333,0.00,0.00,0.00,true,true,0.00,2.00,0.00,3610
1773239593000,64.1236383833333,-21.7876433333333,0.00,0.00,0.00,true,true,0.00,3.00,0.00,3611
1773239598000,64.1236383833333,-21.7876433333333,0.00,0.00,0.00,true,true,0.00,5.00,0.00,3612
1773239601000,64.1236383833333,-21.7876433333333,0.00,0.00,0.00,true,true,0.00,3.00,0.00,3613
1773239606000,64.1236383833333,-21.7876433333333,0.00,0.00,0.00,true,true,0.00,5.00,0.00,3614
1773239608000,64.1236383833333,-21.7876433333333,0.00,0.00,0.00,true,true,0.00,2.00,0.00,3615
1773239612000,64.1236383833333,-21.7876433333333,0.00,0.00,0.00,true,true,0.00,4.00,0.00,3616
1773239616000,64.1236383833333,-21.7876433333333,0.00,0.00,0.00,true,true,0.00,4.00,0.00,3617
1773239622000,64.1236383833333,-21.7876433333333,0.00,0.00,0.00,true,true,0.00,6.00,0.00,3618
1773239627000,64.1236383833333,-21.7876433333333,0.00,0.00,0.00,true,true,0.00,5.00,0.00,3619
1773239629000,64.1236383833333,-21.7876433333333,0.00,0.00,0.00,true,true,0.00,2.00,0.00,3620
1773239631000,64.1236383833333,-21.7876433333333,0.00,0.00,0.00,true,true,0.00,2.00,0.00,3621
1773239635000,64.1236383833333,-21.7876433333333,0.00,0.00,0.00,true,true,0.00,4.00,0.00,3622
1773239637000,64.1236383833333,-21.7876433333333,0.00,0.00,0.00,true,true,0.00,2.00,0.00,3623
1773239641000,64.1236383833333,-21.7876433333333,0.00,0.00,0.00,true,true,0.00,4.00,0.00,3624
1773239643000,64.1236383833333,-21.7876433333333,0.00,0.00,0.00,true,true,0.00,2.00,0.00,3625
1773239645000,64.1236383833333,-21.7876433333333,0.00,0.00,0.00,true,true,0.00,2.00,0.00,3626
1773239648000,64.1236383833333,-21.7876433333333,0.00,0.00,0.00,true,true,0.00,3.00,0.00,3627
1773239652000,64.1236383833333,-21.7876433333333,0.00,0.00,0.00,true,true,0.00,4.00,0.00,3628
1773239654000,64.1236383833333,-21.7876433333333,0.00,0.00,0.00,true,true,0.00,2.00,0.00,3629
1773239657000,64.1236383833333,-21.7876433333333,0.00,0.00,0.00,true,true,0.00,3.00,0.00,3630
1773239659000,64.1236383833333,-21.7876433333333,0.00,0.00,0.00,true,true,0.00,2.00,0.00,3631
1773239663000,64.1236383833333,-21.7876433333333,0.00,0.00,0.00,true,true,0.00,4.00,0.00,3632
1773239665000,64.1236383833333,-21.7876433333333,0.00,0.00,0.00,true,true,0.00,2.00,0.00,3633
1773239669000,64.1236383833333,-21.7876433333333,0.00,0.00,0.00,true,true,0.00,4.00,0.00,3634
1773239671000,64.1236383833333,-21.7876433333333,0.00,0.00,0.00,true,true,0.00,2.00,0.00,3635
1773239677000,64.1236383833333,-21.7876433333333,0.00,0.00,0.00,true,true,0.00,6.00,0.00,3636
1773239680000,64.1236368166667,-21.7876436666667,0.00,0.00,0.00,true,true,0.17,3.00,0.21,3637
1773239682000,64.1236368166667,-21.7876436666667,0.00,0.00,0.00,true,true,0.03,2.00,0.05,3638
1773239684000,64.1236368166667,-21.7876436666667,0.00,0.00,0.00,true,true,0.01,2.00,0.02,3639
1773239688000,64.1236368166667,-21.7876436666667,0.00,0.00,0.00,true,true,0.00,4.00,0.00,3640
1773239690000,64.1236368166667,-21.7876436666667,0.00,0.00,0.00,true,true,0.00,2.00,0.00,3641
1773239692000,64.1236368166667,-21.7876436666667,0.00,0.00,0.00,true,true,0.00,2.00,0.00,3642
1773239699000,64.1236368166667,-21.7876436666667,0.00,0.00,0.00,true,true,0.00,7.00,0.00,3643
1773239702000,64.1236368166667,-21.7876436666667,0.00,0.00,0.00,true,true,0.00,3.00,0.00,3644
1773239705000,64.1236368166667,-21.7876436666667,0.00,0.00,0.00,true,true,0.00,3.00,0.00,3645
1773239709000,64.1236368166667,-21.7876436666667,0.00,0.00,0.00,true,true,0.00,4.00,0.00,3646
1773239711000,64.1236368166667,-21.7876436666667,0.00,0.00,0.00,true,true,0.00,2.00,0.00,3647
1773239717000,64.1236368166667,-21.7876436666667,0.00,0.00,0.00,true,true,0.00,6.00,0.00,3648
1773239720000,64.1236368166667,-21.7876436666667,0.00,0.00,0.00,true,true,0.00,3.00,0.00,3649
1773239724000,64.1236368166667,-21.7876436666667,0.00,0.00,0.00,true,true,0.00,4.00,0.00,3650
1773239726000,64.1236368166667,-21.7876436666667,0.00,0.00,0.00,true,true,0.00,2.00,0.00,3651
1773239729000,64.1236368166667,-21.7876436666667,0.00,0.00,0.00,true,true,0.00,3.00,0.00,3652
1773239732000,64.1236368166667,-21.7876436666667,0.00,0.00,0.00,true,true,0.00,3.00,0.00,3653
1773239735000,64.1236368166667,-21.7876436666667,0.00,0.00,0.00,true,true,0.00,3.00,0.00,3654
1773239737000,64.1236368166667,-21.7876436666667,0.00,0.00,0.00,true,true,0.00,2.00,0.00,3655
1773239739000,64.1236368166667,-21.7876436666667,0.00,0.00,0.00,true,true,0.00,2.00,0.00,3656
1773239742000,64.1236368166667,-21.7876436666667,0.00,0.00,0.00,true,true,0.00,3.00,0.00,3657
1773239748000,64.1236368166667,-21.7876436666667,0.00,0.00,0.00,true,true,0.00,6.00,0.00,3658
1773239750000,64.1236368166667,-21.7876436666667,0.00,0.00,0.00,true,true,0.00,2.00,0.00,3659
1773239757000,64.1461453833333,-21.7734616666667,0.00,0.00,0.00,false,false,18.85,3.00,22.62,0
1773239760000,64.1462705666667,-21.7734593333333,18.73,18.73,17.79,false,false,14.37,3.00,17.25,0
1773239763000,64.1464398666667,-21.7733285,21.34,20.90,19.86,false,false,19.21,3.00,23.05,0
1773239765000,64.1466458833333,-21.773162,30.47,25.00,23.75,false,false,25.02,2.00,45.04,0
1773239767000,64.1468836833333,-21.7729728333333,40.51,28.89,27.44,false,false,31.76,2.00,57.16,0
1773239772000,64.1477346333333,-21.7723876666667,0.00,0.00,0.00,false,false,34.54,3.00,41.45,0
1773239776000,64.1483537,-21.7720606666667,60.53,54.11,51.41,false,false,71.43,4.00,64.28,0
1773239783000,64.1496359833333,-21.7717435,80.84,63.80,60.61,false,false,145.74,7.00,74.95,0
1773239787000,64.1502199333333,-21.7717148333333,61.83,61.83,58.74,false,false,65.82,4.00,59.24,0
1773239790000,64.1504743833333,-21.771713,41.92,41.92,39.82,false,false,25.69,3.00,30.83,0
1773239794000,64.1508903,-21.7717036666667,38.03,38.03,36.13,false,false,41.62,4.00,37.46,0
1773239800000,64.1511976,-21.7712136666667,23.70,23.70,22.51,false,false,41.10,6.00,24.66,0
1773239802000,64.15130085,-21.7712123333333,20.10,20.10,19.09,false,false,10.06,2.00,18.11,0
1773239806000,64.1513573166667,-21.7716858333333,20.06,20.06,19.06,false,false,26.11,4.00,23.49,0
1773239808000,64.1513219333333,-21.7719581666667,24.17,19.00,18.05,false,false,18.79,2.00,33.83,0
1773239811000,64.15130465,-21.772162,18.27,10.83,10.29,false,false,12.78,3.00,15.34,0
1773239813000,64.15129495,-21.7723418333333,16.32,0.00,10.29,true,false,7.37,2.00,13.26,1
1773239817000,64.1512953166667,-21.7729393333333,24.29,20.09,19.09,false,false,28.19,4.00,25.37,0
1773239820000,64.1513051833333,-21.7740531666667,51.32,29.55,28.07,false,false,55.59,3.00,66.71,0
1773239822000,64.15131255,-21.7744675,49.94,31.28,29.72,false,false,26.54,2.00,47.78,0
1773239826000,64.151308,-21.7747598333333,16.65,16.65,15.81,false,false,13.65,4.00,12.28,0
1773239829000,64.1512922833333,-21.7748683333333,5.94,0.00,15.81,true,false,2.05,3.00,2.47,1
1773239831000,64.1512905833333,-21.7748595,0.00,0.00,0.00,true,true,3.05,2.00,5.50,2
1773239833000,64.1512906666667,-21.7748593333333,0.00,0.00,0.00,true,true,1.78,2.00,3.20,3
1773239835000,64.1512906666667,-21.7748593333333,0.00,0.00,0.00,true,true,0.55,2.00,1.00,4
1773239841000,64.1512513833333,-21.7751891666667,13.03,5.22,4.96,false,false,16.44,6.00,9.86,0
1773239843000,64.15117395,-21.7756066666667,24.49,9.81,9.32,false,false,22.99,2.00,41.37,0
1773239848000,64.1509453,-21.7762623333333,33.16,16.54,15.71,false,false,44.77,5.00,32.24,0
1773239850000,64.1506993666667,-21.7770245,54.07,26.23,24.92,false,false,47.02,2.00,84.64,0
1773239855000,64.15048615,-21.7778486666667,37.36,30.66,29.12,false,false,54.02,5.00,38.89,0
1773239858000,64.1503794,-21.7783161666667,31.81,31.81,30.22,false,false,23.98,3.00,28.77,0
1773239861000,64.15025895,-21.7792578333333,46.86,40.83,38.79,false,false,46.55,3.00,55.86,0
1773239863000,64.1502888833333,-21.7797233333333,46.30,43.92,41.72,false,false,26.84,2.00,48.30,0
1773239867000,64.15048105,-21.78042,37.72,35.24,33.48,false,false,42.33,4.00,38.10,0
1773239870000,64.1506827166667,-21.7807498333333,35.31,34.16,32.45,false,false,30.11,3.00,36.13,0
1773239873000,64.15081295,-21.7809781666667,26.96,26.96,25.62,false,false,18.60,3.00,22.32,0
1773239881000,64.15130255,-21.782545,49.78,35.48,33.71,false,false,91.31,8.00,41.09,0
1773239883000,64.1513598333333,-21.7830885,49.63,36.36,34.54,false,false,28.12,2.00,50.62,0
1773239887000,64.1513434,-21.784092,44.81,36.40,34.58,false,false,49.78,4.00,44.80,0
1773239894000,64.15104815,-21.7846998333333,25.66,25.66,24.38,false,false,46.39,7.00,23.86,0
1773239898000,64.1507546,-21.784718,29.75,26.13,24.82,false,false,33.73,4.00,30.36,0
1773239903000,64.1505732833333,-21.7847881666667,13.99,13.99,13.29,false,false,20.91,5.00,15.06,0
1773239907000,64.1504371333333,-21.784832,12.62,12.62,11.99,false,false,13.79,4.00,12.42,0
1773239912000,64.15025475,-21.7849248333333,14.96,14.96,14.21,false,false,20.55,5.00,14.79,0
1773239915000,64.1502503833333,-21.7849255,5.82,0.00,14.21,true,false,0.71,3.00,0.85,1
1773239918000,64.1502506833333,-21.7849255,0.00,0.00,0.00,true,true,2.05,3.00,2.46,2
1773239921000,64.1502507333333,-21.7849255,0.00,0.00,0.00,true,true,1.29,3.00,1.55,3
1773239925000,64.1502508833333,-21.7849255,0.00,0.00,0.00,true,true,0.26,4.00,0.24,4
1773239927000,64.1502508,-21.7849255,0.00,0.00,0.00,true,true,0.02,2.00,0.04,5
1773239933000,64.1502499,-21.7849258333333,0.00,0.00,0.00,true,true,0.09,6.00,0.06,6
1773239936000,64.15012895,-21.7849853333333,10.66,2.77,2.63,false,false,13.74,3.00,16.49,0
1773239938000,64.15001645,-21.785058,17.32,5.68,5.40,false,false,15.31,2.00,27.57,0
1773239940000,64.14990765,-21.7851573333333,21.38,9.55,9.07,false,false,15.64,2.00,28.15,0
1773239942000,64.14990765,-21.7851573333333,14.71,0.00,9.07,true,false,1.91,2.00,3.45,1
1773239947000,64.1498633666667,-21.7858345,25.44,15.83,15.04,false,false,32.14,5.00,23.14,0
1773239949000,64.1498975,-21.7861901666667,29.71,17.68,16.79,false,false,20.33,2.00,36.60,0
1773239951000,64.1499405333333,-21.7865555,32.13,20.24,19.23,false,false,20.16,2.00,36.29,0
1773239953000,64.1499859,-21.786902,32.68,23.55,22.37,false,false,18.75,2.00,33.76,0
1773239958000,64.1501386833333,-21.7877276666667,31.56,28.63,27.20,false,false,43.94,5.00,31.64,0
1773239962000,64.1501369333333,-21.7878931666667,10.01,0.00,27.20,true,false,7.72,4.00,6.95,1
1773239966000,64.1500057166667,-21.7879701666667,12.60,12.60,11.97,false,false,16.22,4.00,14.60,0
1773239968000,64.1499350333333,-21.787982,14.67,0.00,11.97,true,false,9.99,2.00,17.99,1
1773239970000,64.1498446833333,-21.7880263333333,16.61,12.01,11.41,false,false,10.99,2.00,19.78,0
1773239973000,64.1498429,-21.7880205,7.00,0.00,11.41,true,false,1.03,3.00,1.23,1
1773239976000,64.14984295,-21.7880205,0.00,0.00,0.00,true,true,2.75,3.00,3.29,2
1773239981000,64.14984315,-21.7880211666667,0.00,0.00,0.00,true,true,1.70,5.00,1.22,3
1773239985000,64.14984345,-21.7880213333333,0.00,0.00,0.00,true,true,0.17,4.00,0.15,4
1773239987000,64.1498434333333,-21.7880211666667,0.00,0.00,0.00,true,true,0.02,2.00,0.03,5
1773239991000,64.1498434,-21.7880211666667,0.00,0.00,0.00,true,true,0.00,4.00,0.00,6
1773239993000,64.14984335,-21.7880213333333,0.00,0.00,0.00,true,true,0.01,2.00,0.02,7
1773239996000,64.1498202166667,-21.7880261666667,0.00,0.00,0.00,true,true,2.58,3.00,3.10,8
1773239998000,64.1497487833333,-21.788062,0.00,0.00,0.00,true,true,8.64,2.00,15.56,9
1773240002000,64.1495841166667,-21.7883426666667,19.99,7.87,7.47,false,false,25.11,4.00,22.60,0
1773240007000,64.1493632333333,-21.7880143333333,23.16,12.01,11.41,false,false,30.74,5.00,22.14,0
1773240011000,64.14919035,-21.7874096666667,31.84,15.69,14.90,false,false,37.18,4.00,33.46,0
1773240013000,64.1490308833333,-21.787104,36.42,20.86,19.82,false,false,24.28,2.00,43.70,0
1773240017000,64.1488409333333,-21.7867928333333,26.34,22.40,21.28,false,false,27.95,4.00,25.15,0
1773240020000,64.1481358333333,-21.785966,75.74,39.60,37.62,false,false,86.75,3.00,104.10,0
1773240022000,64.1481358333333,-21.785966,54.48,40.51,38.48,false,false,11.77,2.00,21.19,0
1773240026000,64.1477141166667,-21.7855001666667,40.82,40.82,38.78,false,false,43.36,4.00,39.03,0
1773240031000,64.1473625833333,-21.7852053333333,27.31,27.31,25.95,false,false,39.27,5.00,28.28,0
1773240035000,64.1471061166667,-21.7857498333333,32.06,32.06,30.45,false,false,38.68,4.00,34.81,0
1773240037000,64.1469744666667,-21.7860711666667,36.59,27.37,26.00,false,false,24.48,2.00,44.06,0
1773240041000,64.14668885,-21.7867586666667,42.31,31.34,29.78,false,false,47.86,4.00,43.07,0
1773240043000,64.1465548333333,-21.7870936666667,41.95,31.83,30.23,false,false,23.00,2.00,41.40,0
1773240048000,64.1463762833333,-21.7874523333333,16.44,16.44,15.62,false,false,26.26,5.00,18.90,0
1773240050000,64.1463762833333,-21.7874523333333,7.83,0.00,15.62,true,false,2.75,2.00,4.96,1
1773240053000,64.14593525,-21.7878586666667,40.74,32.50,30.88,false,false,49.89,3.00,59.87,0
1773240057000,64.1458567,-21.7880451666667,21.34,21.34,20.27,false,false,20.71,4.00,18.64,0
1773240059000,64.1457577833333,-21.7882648333333,21.64,21.64,20.56,false,false,12.74,2.00,22.94,0
1773240064000,64.1455920833333,-21.7886686666667,19.44,19.44,18.47,false,false,27.26,5.00,19.63,0
1773240066000,64.1454469666667,-21.7890135,28.36,28.36,26.95,false,false,23.02,2.00,41.44,0
1773240068000,64.1453372666667,-21.7892788333333,31.98,22.97,21.83,false,false,20.96,2.00,37.73,0
1773240071000,64.14524465,-21.7895783333333,26.46,25.92,24.62,false,false,19.35,3.00,23.22,0
1773240073000,64.1451345666667,-21.7900636666667,33.47,28.65,27.21,false,false,25.17,2.00,45.31,0
1773240079000,64.1448720833333,-21.7906886666667,25.07,25.07,23.82,false,false,44.84,6.00,26.90,0
1773240083000,64.1447858333333,-21.7908766666667,13.21,13.21,12.55,false,false,12.71,4.00,11.44,0
1773240088000,64.14448275,-21.7915758333333,34.75,26.35,25.04,false,false,46.14,5.00,33.22,0
1773240092000,64.1444659166667,-21.791616,8.18,0.00,25.04,true,false,4.78,4.00,4.30,1
1773240096000,64.14446705,-21.791612,0.00,0.00,0.00,true,true,3.98,4.00,3.59,2
1773240098000,64.14446695,-21.791612,0.00,0.00,0.00,true,true,1.50,2.00,2.69,3
1773240102000,64.1444669666667,-21.7916118333333,0.00,0.00,0.00,true,true,0.41,4.00,0.37,4
1773240104000,64.1444336666667,-21.7916838333333,0.00,0.00,0.00,true,true,5.04,2.00,9.06,5
1773240106000,64.1443965833333,-21.791769,0.00,0.00,0.00,true,true,7.21,2.00,12.98,6
1773240108000,64.1443546666667,-21.7918661666667,0.00,0.00,0.00,true,true,8.83,2.00,15.90,7
1773240113000,64.1441814666667,-21.7920546666667,19.44,9.20,8.74,false,false,23.97,5.00,17.26,0
1773240117000,64.1440753666667,-21.7920948333333,13.44,11.87,11.27,false,false,14.02,4.00,12.62,0
1773240119000,64.1438798,-21.7921276666667,23.16,15.66,14.87,false,false,21.11,2.00,38.00,0
1773240121000,64.1437510333333,-21.7922266666667,27.07,18.03,17.13,false,false,18.59,2.00,33.47,0
1773240129000,64.1431731,-21.792296,31.26,22.80,21.66,false,false,65.89,8.00,29.65,0
1773240133000,64.1428962666667,-21.7923545,28.32,25.86,24.56,false,false,31.01,4.00,27.91,0
1773240137000,64.14269745,-21.7923803333333,20.65,20.65,19.62,false,false,21.69,4.00,19.52,0
1773240141000,64.142552,-21.7924138333333,14.51,14.51,13.78,false,false,15.11,4.00,13.60,0
1773240143000,64.1422457333333,-21.7924853333333,32.71,27.47,26.09,false,false,33.27,2.00,59.88,0
1773240149000,64.1418503666667,-21.7927543333333,31.32,26.78,25.44,false,false,52.50,6.00,31.50,0
1773240152000,64.14173915,-21.7929588333333,23.02,23.02,21.87,false,false,15.99,3.00,19.18,0
1773240156000,64.1412992333333,-21.793171,40.42,30.34,28.82,false,false,47.89,4.00,43.10,0
1773240163000,64.1409549,-21.793286,14.12,14.12,13.41,false,false,41.53,7.00,21.36,0
1773240165000,64.1408023166667,-21.7935711666667,22.48,22.48,21.36,false,false,20.71,2.00,37.28,0
1773240167000,64.1407901,-21.7941753333333,33.05,27.31,25.95,false,false,32.99,2.00,59.38,0
1773240169000,64.1408127666667,-21.7944603333333,33.78,26.71,25.38,false,false,22.29,2.00,40.13,0
1773240171000,64.1408279,-21.7947281666667,30.74,22.06,20.96,false,false,15.71,2.00,28.27,0
1773240174000,64.1408427,-21.7950796666667,23.68,23.68,22.50,false,false,16.47,3.00,19.77,0
1773240178000,64.14088325,-21.7958768333333,32.11,31.07,29.51,false,false,37.00,4.00,33.30,0
1773240184000,64.1407259166667,-21.7965106666667,21.47,21.47,20.40,false,false,36.48,6.00,21.89,0
1773240186000,64.1406386666667,-21.7966695,21.89,21.89,20.79,false,false,12.81,2.00,23.07,0
1773240190000,64.14046165,-21.7966435,18.17,18.17,17.26,false,false,20.52,4.00,18.47,0
1773240195000,64.1404465833333,-21.7961665,19.75,11.78,11.19,false,false,25.51,5.00,18.36,0
1773240198000,64.1404264666667,-21.7953671666667,38.66,10.17,9.66,false,false,40.80,3.00,48.96,0
1773240202000,64.1403286666667,-21.7943195,48.96,23.02,21.87,false,false,56.17,4.00,50.55,0
1773240204000,64.1402814,-21.7937356666667,51.36,29.55,28.07,false,false,30.55,2.00,54.99,0
1773240208000,64.1401716,-21.7924933333333,55.68,40.77,38.73,false,false,62.51,4.00,56.25,0
1773240215000,64.1399907666667,-21.7906721666667,43.65,43.65,41.46,false,false,91.48,7.00,47.04,0
1773240217000,64.13994845,-21.7902083333333,42.31,42.31,40.19,false,false,22.47,2.00,40.45,0
1773240219000,64.1399010666667,-21.789779,40.54,40.54,38.52,false,false,21.06,2.00,37.90,0
1773240224000,64.13976135,-21.7894033333333,14.87,14.87,14.12,false,false,23.37,5.00,16.83,0
1773240226000,64.1396400333333,-21.7893,18.15,18.15,17.24,false,false,13.81,2.00,24.86,0
1773240230000,64.1395067666667,-21.7892835,15.28,15.28,14.52,false,false,16.74,4.00,15.07,0
1773240233000,64.1391389666667,-21.7894318333333,37.07,21.95,20.86,false,false,41.41,3.00,49.70,0
1773240235000,64.1390958166667,-21.7894506666667,29.71,20.46,19.44,false,false,10.13,2.00,18.23,0
1773240240000,64.1390937333333,-21.7894545,5.59,0.00,19.44,true,false,2.76,5.00,1.99,1
1773240242000,64.13909365,-21.789454,0.00,0.00,0.00,true,true,3.82,2.00,6.88,2
1773240245000,64.1390936166667,-21.789454,0.00,0.00,0.00,true,true,0.19,3.00,0.23,3
1773240248000,64.1390548333333,-21.7894583333333,0.00,0.00,0.00,true,true,4.27,3.00,5.13,4
1773240253000,64.1386871,-21.7896476666667,33.55,9.29,8.82,false,false,42.66,5.00,30.71,0
1773240257000,64.13837305,-21.789939,36.45,17.68,16.80,false,false,41.03,4.00,36.93,0
1773240259000,64.1381064166667,-21.7903183333333,47.16,24.88,23.64,false,false,35.45,2.00,63.81,0
1773240261000,64.1381064166667,-21.7903183333333,31.87,0.00,23.64,true,false,4.39,2.00,7.89,1
1773240263000,64.1378492666667,-21.7907883333333,39.94,35.70,33.92,false,false,30.14,2.00,54.26,0
1773240267000,64.1375675,-21.7913421666667,40.68,38.36,36.44,false,false,45.34,4.00,40.81,0
1773240270000,64.1374039166667,-21.7916688333333,33.34,33.34,31.67,false,false,24.30,3.00,29.16,0
1773240272000,64.1374039166667,-21.7916688333333,19.16,0.00,31.67,true,false,1.74,2.00,3.14,1
1773240275000,64.1371375333333,-21.79212,30.48,30.48,28.96,false,false,31.06,3.00,37.27,0
1773240279000,64.1366131833333,-21.7927363333333,57.83,37.53,35.65,false,false,68.67,4.00,61.80,0
1773240283000,64.13650395,-21.7928108333333,20.87,20.87,19.82,false,false,17.19,4.00,15.47,0
1773240285000,64.1363632666667,-21.7928988333333,20.29,20.29,19.28,false,false,10.99,2.00,19.78,0
1773240289000,64.1359855833333,-21.7930793333333,36.30,36.30,34.48,false,false,42.70,4.00,38.43,0
1773240291000,64.13561825,-21.793237,53.50,39.92,37.92,false,false,44.15,2.00,79.47,0
1773240294000,64.13546245,-21.793299,38.00,31.40,29.83,false,false,24.09,3.00,28.91,0
1773240298000,64.13524515,-21.7934133333333,20.95,20.95,19.91,false,false,20.56,4.00,18.50,0
1773240300000,64.1351528166667,-21.7934725,18.27,0.00,19.91,true,false,7.94,2.00,14.29,1
1773240304000,64.1349709,-21.7935938333333,18.06,18.06,17.16,false,false,20.04,4.00,18.03,0
1773240308000,64.1346871833333,-21.7940613333333,32.63,23.50,22.33,false,false,38.84,4.00,34.96,0
1773240312000,64.1344489166667,-21.7949018333333,43.99,27.38,26.01,false,false,51.12,4.00,46.00,0
1773240317000,64.1343721166667,-21.7959098333333,37.49,29.41,27.94,false,false,52.23,5.00,37.61,0
1773240319000,64.1344280833333,-21.796626,47.85,32.76,31.12,false,false,35.88,2.00,64.59,0
1773240323000,64.1345090333333,-21.797051,26.83,26.83,25.48,false,false,27.09,4.00,24.38,0
1773240325000,64.1345090333333,-21.797051,14.06,0.00,25.48,true,false,3.81,2.00,6.86,1
1773240327000,64.1347480333333,-21.7979551666667,40.68,36.43,34.61,false,false,46.64,2.00,83.96,0
1773240331000,64.13480265,-21.7981646666667,23.56,23.56,22.38,false,false,23.72,4.00,21.35,0
1773240336000,64.1348232666667,-21.7982301666667,1.16,0.00,22.38,true,false,0.96,5.00,0.69,1
1773240338000,64.1348214166667,-21.798228,0.00,0.00,0.00,true,true,2.62,2.00,4.72,2
1773240342000,64.1348215833333,-21.7982281666667,0.00,0.00,0.00,true,true,0.51,4.00,0.46,3
1773240344000,64.1348215833333,-21.7982281666667,0.00,0.00,0.00,true,true,0.06,2.00,0.12,4
1773240348000,64.1348215833333,-21.7982281666667,0.00,0.00,0.00,true,true,0.02,4.00,0.02,5
1773240350000,64.1348346833333,-21.7982886666667,0.00,0.00,0.00,true,true,3.28,2.00,5.90,6
1773240354000,64.13499075,-21.7990628333333,33.60,10.05,9.55,false,false,42.31,4.00,38.08,0
1773240359000,64.13510005,-21.799497,20.62,14.59,13.86,false,false,29.94,5.00,21.56,0
1773240362000,64.1351735,-21.7997756666667,18.58,16.93,16.08,false,false,14.56,3.00,17.47,0
1773240367000,64.13530265,-21.8003761666667,23.47,22.19,21.08,false,false,32.05,5.00,23.08,0
1773240369000,64.1354511,-21.8010171666667,40.16,28.24,26.83,false,false,35.73,2.00,64.32,0
1773240371000,64.1355592,-21.8014796666667,46.56,28.21,26.79,false,false,31.44,2.00,56.59,0
1773240374000,64.1355592,-21.8014796666667,19.47,0.00,26.79,true,false,2.73,3.00,3.28,1
1773240378000,64.1357396333333,-21.8023005,31.57,30.98,29.43,false,false,37.00,4.00,33.30,0
1773240382000,64.1357541666667,-21.802371,8.59,0.00,29.43,true,false,5.74,4.00,5.17,1
1773240385000,64.1357542666667,-21.8023673333333,0.00,0.00,0.00,true,true,3.58,3.00,4.30,2
1773240389000,64.1357542333333,-21.8023671666667,0.00,0.00,0.00,true,true,1.93,4.00,1.73,3
1773240391000,64.1357610166667,-21.8024025,0.00,0.00,0.00,true,true,1.64,2.00,2.95,4
1773240393000,64.1357945,-21.8025701666667,0.00,0.00,0.00,true,true,9.40,2.00,16.92,5
1773240396000,64.135845,-21.802859,13.48,6.62,6.29,false,false,17.98,3.00,21.57,0
1773240398000,64.13590515,-21.8032365,24.48,12.57,11.94,false,false,23.37,2.00,42.07,0
1773240400000,64.1360089833333,-21.8039106666667,41.81,26.20,24.89,false,false,39.39,2.00,70.90,0
1773240406000,64.1361975166667,-21.8051036666667,41.87,33.53,31.86,false,false,69.76,6.00,41.86,0
1773240409000,64.13633635,-21.8060245,51.48,40.06,38.06,false,false,47.34,3.00,56.80,0
1773240411000,64.13633635,-21.8060245,32.74,0.00,38.06,true,false,2.13,2.00,3.84,1
1773240416000,64.1364814,-21.8069156666667,27.36,27.36,26.00,false,false,38.76,5.00,27.91,0
1773240418000,64.1365167666667,-21.807111,23.34,0.00,26.00,true,false,9.70,2.00,17.46,1
1773240425000,64.1365176666667,-21.8071166666667,0.00,0.00,0.00,true,true,1.16,7.00,0.60,2
1773240429000,64.1365175833333,-21.8071168333333,0.00,0.00,0.00,true,true,1.64,4.00,1.48,3
1773240434000,64.1366481666667,-21.8076266666667,22.09,13.32,12.65,false,false,28.53,5.00,20.54,0
1773240437000,64.1367502666667,-21.8079598333333,24.77,10.08,9.58,false,false,21.87,3.00,26.25,0
1773240439000,64.13692125,-21.8084925,38.18,13.84,13.14,false,false,32.71,2.00,58.88,0
1773240443000,64.1369882333333,-21.808688,18.29,18.29,17.37,false,false,17.40,4.00,15.66,0
1773240445000,64.1369882333333,-21.808688,8.59,0.00,17.37,true,false,3.38,2.00,6.08,1
1773240449000,64.1369897166667,-21.8086996666667,0.00,0.00,0.00,true,true,3.14,4.00,2.83,2
1773240454000,64.1369915833333,-21.8087036666667,0.00,0.00,0.00,true,true,1.40,5.00,1.01,3
1773240456000,64.1369915833333,-21.8087036666667,0.00,0.00,0.00,true,true,0.11,2.00,0.19,4
1773240458000,64.1369915833333,-21.8087036666667,0.00,0.00,0.00,true,true,0.03,2.00,0.05,5
1773240463000,64.13699155,-21.8087036666667,0.00,0.00,0.00,true,true,0.01,5.00,0.01,6
1773240467000,64.1369912666667,-21.8087035,0.00,0.00,0.00,true,true,0.03,4.00,0.03,7
1773240470000,64.1369912666667,-21.8087035,0.00,0.00,0.00,true,true,0.00,3.00,0.00,8
1773240476000,64.1369912333333,-21.8087035,0.00,0.00,0.00,true,true,0.00,6.00,0.00,9
1773240481000,64.1369912,-21.8087033333333,0.00,0.00,0.00,true,true,0.01,5.00,0.01,10
1773240483000,64.1369912166667,-21.8087033333333,0.00,0.00,0.00,true,true,0.00,2.00,0.00,11
1773240485000,64.1369912333333,-21.8087033333333,0.00,0.00,0.00,true,true,0.00,2.00,0.00,12
1773240489000,64.1370124333333,-21.8087601666667,0.00,0.00,0.00,true,true,3.63,4.00,3.27,13
1773240495000,64.1370987333333,-21.8091808333333,17.35,4.94,4.69,false,false,23.06,6.00,13.83,0
1773240498000,64.13704845,-21.809351,12.80,6.79,6.45,false,false,10.61,3.00,12.73,0
1773240502000,64.1366541,-21.81018,48.70,15.32,14.55,false,false,60.49,4.00,54.44,0
1773240504000,64.1364668833333,-21.8105573333333,53.49,20.31,19.29,false,false,33.73,2.00,60.72,0
1773240507000,64.1362648166667,-21.810944,43.25,26.93,25.58,false,false,31.08,3.00,37.30,0
1773240511000,64.1359289166667,-21.8115256666667,40.10,38.88,36.93,false,false,44.06,4.00,39.66,0
1773240513000,64.1356799666667,-21.8119128333333,47.76,47.15,44.79,false,false,32.96,2.00,59.32,0
1773240516000,64.1351355,-21.812638,72.78,53.15,50.50,false,false,72.89,3.00,87.47,0
1773240522000,64.1343817833333,-21.8134063333333,55.50,53.98,51.28,false,false,98.44,6.00,59.06,0
1773240525000,64.1335943166667,-21.8139628333333,89.91,66.22,62.91,false,false,90.45,3.00,108.54,0
1773240528000,64.1332739666667,-21.8141241666667,66.20,66.20,62.89,false,false,43.96,3.00,52.75,0
1773240531000,64.1329525833333,-21.8142528333333,47.50,47.50,45.13,false,false,30.63,3.00,36.75,0
1773240533000,64.1329525833333,-21.8142528333333,25.85,0.00,45.13,true,false,4.81,2.00,8.65,1
1773240536000,64.1321775166667,-21.8143856666667,67.88,64.20,60.99,false,false,77.44,3.00,92.93,0
1773240539000,64.1318661833333,-21.8143756666667,60.10,49.68,47.20,false,false,46.33,3.00,55.60,0
1773240545000,64.1308225833333,-21.8137366666667,74.83,57.86,54.97,false,false,118.26,6.00,70.96,0
1773240548000,64.1302942666667,-21.8131621666667,77.84,63.59,60.41,false,false,66.40,3.00,79.67,0
1773240552000,64.1298571,-21.8127148333333,52.25,52.25,49.64,false,false,53.90,4.00,48.51,0
1773240555000,64.1295209333333,-21.8124771666667,45.69,45.69,43.40,false,false,35.14,3.00,42.17,0
1773240558000,64.1294208333333,-21.8124295,24.26,24.26,23.05,false,false,10.12,3.00,12.15,0
1773240561000,64.1293651833333,-21.8124091666667,9.73,0.00,23.05,true,false,1.90,3.00,2.28,1
1773240565000,64.1293337666667,-21.812402,0.00,0.00,0.00,true,true,0.93,4.00,0.84,2
1773240567000,64.129337,-21.8124028333333,0.00,0.00,0.00,true,true,1.73,2.00,3.11,3
1773240570000,64.12933765,-21.812403,0.00,0.00,0.00,true,true,0.54,3.00,0.65,4
1773240575000,64.1293350333333,-21.812402,0.00,0.00,0.00,true,true,0.18,5.00,0.13,5
1773240582000,64.1292875166667,-21.8123866666667,0.00,0.00,0.00,true,true,5.34,7.00,2.75,6
1773240586000,64.1292052166667,-21.8123645,0.00,0.00,0.00,true,true,9.37,4.00,8.43,7
1773240591000,64.12888885,-21.812322,27.99,7.50,7.12,false,false,36.18,5.00,26.05,0
1773240593000,64.12877605,-21.8123095,27.74,9.80,9.31,false,false,15.21,2.00,27.38,0
1773240595000,64.1286622666667,-21.812294,25.73,13.50,12.82,false,false,12.56,2.00,22.62,0
1773240600000,64.12828765,-21.8122611666667,29.77,22.27,21.16,false,false,40.77,5.00,29.35,0
1773240602000,64.12828765,-21.8122611666667,18.02,0.00,21.16,true,false,0.45,2.00,0.80,1
1773240606000,64.1280097333333,-21.8122428333333,23.26,23.26,22.09,false,false,26.62,4.00,23.96,0
1773240609000,64.1277223833333,-21.812223,33.49,26.38,25.06,false,false,32.77,3.00,39.32,0
1773240611000,64.12756035,-21.8122131666667,34.75,27.58,26.20,false,false,20.40,2.00,36.73,0
1773240617000,64.1271016333333,-21.8121796666667,29.70,27.94,26.54,false,false,51.46,6.00,30.87,0
1773240621000,64.1269816166667,-21.8121748333333,14.01,14.01,13.31,false,false,12.96,4.00,11.67,0
1773240623000,64.1269855666667,-21.8121798333333,6.44,0.00,13.31,true,false,2.67,2.00,4.81,1
1773240626000,64.1269865833333,-21.8121766666667,0.00,0.00,0.00,true,true,2.92,3.00,3.50,2
1773240629000,64.1269865333333,-21.8121768333333,0.00,0.00,0.00,true,true,1.67,3.00,2.00,3
1773240634000,64.1269865333333,-21.8121768333333,0.00,0.00,0.00,true,true,0.32,5.00,0.23,4
1773240637000,64.1269677166667,-21.8121718333333,0.00,0.00,0.00,true,true,2.08,3.00,2.49,5
1773240639000,64.1268988666667,-21.8121608333333,0.00,0.00,0.00,true,true,8.02,2.00,14.43,6
1773240645000,64.1266449833333,-21.8121336666667,23.78,7.21,6.85,false,false,30.47,6.00,18.28,0
1773240647000,64.1264695166667,-21.8121221666667,29.63,11.51,10.93,false,false,21.18,2.00,38.13,0
1773240649000,64.12615435,-21.8121423333333,44.12,22.21,21.10,false,false,37.07,2.00,66.73,0
1773240652000,64.1256756333333,-21.8121236666667,61.03,34.49,32.76,false,false,59.27,3.00,71.13,0
1773240657000,64.1250725333333,-21.8121233333333,50.72,40.62,38.59,false,false,71.70,5.00,51.62,0
1773240664000,64.1245816166667,-21.8122486666667,19.18,19.18,18.22,false,false,53.77,7.00,27.65,0
1773240667000,64.1245272833333,-21.8124146666667,12.81,0.00,18.22,true,false,9.46,3.00,11.35,1
1773240673000,64.1245255833333,-21.8124353333333,0.00,0.00,0.00,true,true,2.41,6.00,1.45,2
1773240678000,64.1245255166667,-21.8124361666667,0.00,0.00,0.00,true,true,1.06,5.00,0.76,3
1773240684000,64.1245255166667,-21.8124361666667,0.00,0.00,0.00,true,true,0.07,6.00,0.04,4
1773240694000,64.1244471333333,-21.8131035,19.71,5.29,5.03,false,false,33.58,10.00,12.09,0
1773240703000,64.1242923666667,-21.8151088333333,50.84,13.33,12.67,false,false,99.31,9.00,39.73,0
1773240706000,64.1242095166667,-21.8164666666667,71.00,21.68,20.60,false,false,67.35,3.00,80.82,0
1773240710000,64.124173,-21.8179141666667,67.60,30.23,28.72,false,false,74.59,4.00,67.13,0
1773240712000,64.1241637666667,-21.8186426666667,65.71,39.07,37.11,false,false,34.98,2.00,62.97,0
1773240715000,64.1241637666667,-21.8186426666667,23.66,0.00,37.11,true,false,0.94,3.00,1.13,1
1773240717000,64.1241527666667,-21.819696,42.26,42.26,40.15,false,false,39.94,2.00,71.88,0
1773240719000,64.12414555,-21.8205935,61.06,55.49,52.72,false,false,51.40,2.00,92.53,0
1773240722000,64.1241804166667,-21.8216186666667,66.87,53.93,51.24,false,false,58.71,3.00,70.46,0
1773240724000,64.1241740666667,-21.8218905,51.45,47.28,44.92,false,false,14.89,2.00,26.81,0
1773240728000,64.1241689833333,-21.8220666666667,7.57,0.00,44.92,true,false,2.21,4.00,1.99,1
1773240732000,64.1241710166667,-21.8220595,0.00,0.00,0.00,true,true,7.93,4.00,7.14,2
1773240734000,64.1241728166667,-21.8220528333333,0.00,0.00,0.00,true,true,2.25,2.00,4.06,3
1773240739000,64.1241728166667,-21.8220528333333,0.00,0.00,0.00,true,true,0.61,5.00,0.44,4
1773240743000,64.12416995,-21.8222968333333,9.24,3.74,3.55,false,false,11.81,4.00,10.63,0
1773240745000,64.1241612166667,-21.8225143333333,14.16,4.60,4.37,false,false,11.94,2.00,21.49,0
1773240748000,64.1241435166667,-21.8227601666667,15.77,7.68,7.30,false,false,13.95,3.00,16.73,0
1773240750000,64.12412475,-21.823045,19.71,10.90,10.35,false,false,14.44,2.00,26.00,0
1773240754000,64.1240989333333,-21.8237903333333,32.50,20.33,19.32,false,false,37.97,4.00,34.18,0
1773240759000,64.1240658666667,-21.8245616666667,28.41,24.87,23.62,false,false,39.87,5.00,28.71,0
1773240764000,64.1239855333333,-21.827685,115.01,47.69,45.30,false,false,151.66,5.00,109.19,0
1773240766000,64.1239855333333,-21.827685,73.77,0.00,45.30,true,false,8.10,2.00,14.57,1
1773240770000,64.1239621333333,-21.8293251666667,60.43,54.95,52.21,false,false,65.17,4.00,58.65,0
1773240775000,64.1239411666667,-21.831865,0.00,0.00,0.00,false,false,41.70,3.00,50.04,0
1773240777000,64.1239401833333,-21.832743,61.46,60.65,57.62,false,false,43.75,2.00,78.76,0
1773240784000,64.1239847833333,-21.8359355,90.51,71.76,68.17,false,false,159.06,7.00,81.80,0
1773240786000,64.1239847833333,-21.8359355,54.25,0.00,68.17,true,false,1.41,2.00,2.54,1
1773240790000,64.1240751833333,-21.8383268333333,89.02,71.10,67.54,false,false,104.01,4.00,93.61,0
1773240796000,64.1242573166667,-21.8412025,0.00,0.00,0.00,false,false,46.19,3.00,55.43,0
1773240801000,64.1245065833333,-21.8438025,95.07,78.87,74.92,false,false,130.55,5.00,94.00,0
1773240805000,64.1246747333333,-21.8453215,74.61,74.61,70.88,false,false,79.69,4.00,71.72,0
1773240808000,64.12484535,-21.8466835,77.54,76.78,72.94,false,false,66.00,3.00,79.20,0
1773240811000,64.1249339166667,-21.8473273333333,53.88,53.88,51.19,false,false,33.50,3.00,40.19,0
1773240814000,64.1250250166667,-21.8479731666667,40.41,40.41,38.39,false,false,27.13,3.00,32.55,0
1773240820000,64.1254098166667,-21.850491,85.39,64.37,61.16,false,false,126.21,6.00,75.73,0
1773240823000,64.1255105,-21.851106,57.16,57.16,54.31,false,false,34.99,3.00,41.99,0
1773240825000,64.1256171333333,-21.8517348333333,53.53,53.53,50.85,false,false,26.66,2.00,47.98,0
1773240829000,64.1258380333333,-21.853036,59.03,58.94,55.99,false,false,66.40,4.00,59.76,0
1773240831000,64.1259535166667,-21.853701,61.11,61.11,58.06,false,false,35.70,2.00,64.26,0
1773240834000,64.1260784666667,-21.8543675,49.84,49.84,47.35,false,false,36.03,3.00,43.24,0
1773240840000,64.1265309,-21.8568151666667,82.79,63.40,60.23,false,false,126.08,6.00,75.65,0
1773240843000,64.1265309,-21.8568151666667,30.77,0.00,60.23,true,false,2.27,3.00,2.73,1
1773240849000,64.1266932666667,-21.8576725,17.75,17.75,16.86,false,false,34.09,6.00,20.46,0
1773240851000,64.12669225,-21.8576608333333,9.34,0.00,16.86,true,false,1.44,2.00,2.60,1
1773240855000,64.1266903,-21.8576583333333,0.00,0.00,0.00,true,true,3.12,4.00,2.81,2
1773240858000,64.1266903,-21.8576583333333,0.00,0.00,0.00,true,true,1.70,3.00,2.04,3
1773240863000,64.1266903,-21.8576583333333,0.00,0.00,0.00,true,true,0.31,5.00,0.22,4
1773240866000,64.1266903,-21.8576583333333,0.00,0.00,0.00,true,true,0.02,3.00,0.03,5
1773240870000,64.1266903,-21.8576583333333,0.00,0.00,0.00,true,true,0.00,4.00,0.00,6
1773240873000,64.1266903,-21.8576583333333,0.00,0.00,0.00,true,true,0.00,3.00,0.00,7
1773240875000,64.1266922166667,-21.8577111666667,0.00,0.00,0.00,true,true,2.58,2.00,4.64,8
1773240881000,64.1267914333333,-21.85848,31.00,8.29,7.87,false,false,39.67,6.00,23.80,0
1773240886000,64.12685895,-21.858896,16.16,11.32,10.76,false,false,23.77,5.00,17.12,0
1773240892000,64.1273370166667,-21.8617095,104.17,34.25,32.54,false,false,145.30,6.00,87.18,0
1773240894000,64.1273370166667,-21.8617095,64.92,0.00,32.54,true,false,5.57,2.00,10.03,1
1773240898000,64.1275710333333,-21.8630696666667,53.34,43.48,41.30,false,false,57.55,4.00,51.80,0
1773240900000,64.1276917666667,-21.8637751666667,57.18,52.25,49.64,false,false,34.99,2.00,62.98,0
1773240905000,64.1280503333333,-21.8658696666667,0.00,0.00,0.00,false,false,36.52,3.00,43.82,0
1773240908000,64.12817055,-21.8665733333333,44.12,43.88,41.69,false,false,37.66,3.00,45.19,0
1773240915000,64.1286178666667,-21.8691983333333,81.48,58.12,55.21,false,false,137.27,7.00,70.59,0
1773240917000,64.1287129333333,-21.8697531666667,70.60,57.31,54.45,false,false,30.72,2.00,55.30,0
1773240920000,64.12879295,-21.8702243333333,41.24,41.24,39.18,false,false,20.81,3.00,24.97,0
1773240926000,64.12892345,-21.8710166666667,14.57,14.57,13.84,false,false,33.80,6.00,20.28,0
1773240928000,64.1289269166667,-21.8710276666667,7.67,0.00,13.84,true,false,1.20,2.00,2.16,1
1773240930000,64.1289269166667,-21.8710276666667,0.00,0.00,0.00,true,true,2.41,2.00,4.33,2
1773240934000,64.1289288166667,-21.8710195,0.00,0.00,0.00,true,true,2.29,4.00,2.06,3
1773240938000,64.1289346333333,-21.8710631666667,0.00,0.00,0.00,true,true,1.91,4.00,1.72,4
1773240941000,64.1289827666667,-21.8713723333333,12.41,4.43,4.21,false,false,16.17,3.00,19.41,0
1773240943000,64.1290368833333,-21.8717055,21.74,8.42,8.00,false,false,20.16,2.00,36.29,0
1773240949000,64.1293328833333,-21.8734126666667,66.09,23.53,22.36,false,false,93.01,6.00,55.80,0
1773240958000,64.1296596166667,-21.8753801666667,28.52,28.52,27.10,false,false,105.44,9.00,42.18,0
1773240960000,64.1296596166667,-21.8753801666667,15.72,0.00,27.10,true,false,0.90,2.00,1.61,1
1773240963000,64.1297337,-21.875813,19.76,19.76,18.77,false,false,18.27,3.00,21.93,0
1773240967000,64.1298752833333,-21.8766765,38.43,38.43,36.50,false,false,45.78,4.00,41.20,0
1773240969000,64.1299434833333,-21.8770803333333,40.33,34.28,32.57,false,false,23.99,2.00,43.19,0
1773240975000,64.1301422333333,-21.878252,36.12,31.62,30.04,false,false,61.79,6.00,37.07,0
1773240978000,64.1302307666667,-21.878768,33.43,33.43,31.76,false,false,26.64,3.00,31.97,0
1773240984000,64.1305515333333,-21.8806563333333,65.37,43.19,41.04,false,false,97.85,6.00,58.71,0
1773240987000,64.1307843,-21.8820331666667,80.54,50.19,47.68,false,false,73.87,3.00,88.65,0
1773240990000,64.1308804666667,-21.8826226666667,55.14,49.44,46.96,false,false,33.85,3.00,40.62,0
1773240993000,64.1310209333333,-21.8835175,50.66,50.66,48.13,false,false,40.05,3.00,48.05,0
1773240995000,64.1310666333333,-21.883818,41.03,41.03,38.98,false,false,14.34,2.00,25.81,0
1773240999000,64.1312986333333,-21.8853598333333,64.64,58.28,55.37,false,false,75.26,4.00,67.74,0
1773241002000,64.1313960833333,-21.8860031666667,51.84,49.02,46.57,false,false,37.13,3.00,44.56,0
1773241004000,64.13159355,-21.8873105,76.63,61.94,58.84,false,false,64.19,2.00,115.54,0
1773241010000,64.1316882333333,-21.8879381666667,9.90,9.90,9.40,false,false,42.36,6.00,25.41,0
1773241013000,64.1318811166667,-21.8891833333333,49.52,49.52,47.05,false,false,59.41,3.00,71.30,0
1773241015000,64.1319357166667,-21.8895595,49.86,48.53,46.11,false,false,27.99,2.00,50.39,0
1773241017000,64.1319507166667,-21.8896465,34.19,0.00,46.11,true,false,4.68,2.00,8.42,1
1773241019000,64.1319515166667,-21.8896368333333,0.00,0.00,0.00,true,true,7.54,2.00,13.57,2
1773241022000,64.1319504166667,-21.8896291666667,0.00,0.00,0.00,true,true,8.89,3.00,10.67,3
1773241030000,64.1319506,-21.8896295,0.00,0.00,0.00,true,true,1.93,8.00,0.87,4
1773241033000,64.13195485,-21.889673,0.00,0.00,0.00,true,true,2.12,3.00,2.54,5
1773241037000,64.1320288333333,-21.890185,20.88,4.96,4.71,false,false,26.56,4.00,23.91,0
1773241039000,64.1320288333333,-21.890185,14.81,0.00,4.71,true,false,3.17,2.00,5.70,1
1773241043000,64.1321592,-21.8910048333333,33.60,12.11,11.51,false,false,40.11,4.00,36.10,0
1773241045000,64.1322733666667,-21.8916978333333,48.26,25.58,24.30,false,false,39.11,2.00,70.39,0
1773241051000,64.1325512833333,-21.8935418333333,63.74,39.81,37.82,false,false,100.35,6.00,60.21,0
1773241053000,64.1326197333333,-21.8940025,55.88,44.21,42.00,false,false,24.74,2.00,44.53,0
1773241058000,64.1327744833333,-21.8951591666667,38.75,38.75,36.81,false,false,56.01,5.00,40.33,0
1773241060000,64.1328422,-21.8956113333333,38.69,38.69,36.75,false,false,21.45,2.00,38.61,0
1773241064000,64.1329446333333,-21.8962228333333,29.81,29.81,28.32,false,false,31.81,4.00,28.63,0
1773241071000,64.13310985,-21.8973076666667,27.24,27.24,25.88,false,false,54.38,7.00,27.96,0
1773241073000,64.1331279833333,-21.897445,21.01,0.00,25.88,true,false,6.86,2.00,12.34,1
1773241077000,64.1331382,-21.897515,0.00,0.00,0.00,true,true,1.46,4.00,1.31,2
1773241079000,64.1331369833333,-21.8975063333333,0.00,0.00,0.00,true,true,3.16,2.00,5.68,3
1773241083000,64.1331371333333,-21.8975063333333,0.00,0.00,0.00,true,true,0.85,4.00,0.77,4
1773241089000,64.1331371333333,-21.8975063333333,0.00,0.00,0.00,true,true,0.11,6.00,0.07,5
1773241094000,64.1331371333333,-21.8975063333333,0.00,0.00,0.00,true,true,0.01,5.00,0.00,6
1773241100000,64.1331722666667,-21.8977603333333,9.62,1.95,1.86,false,false,12.95,6.00,7.77,0
1773241103000,64.1332744166667,-21.8984545,31.79,7.27,6.91,false,false,36.20,3.00,43.44,0
1773241106000,64.1333424166667,-21.8989135,33.15,11.27,10.70,false,false,28.28,3.00,33.93,0
1773241109000,64.1334641833333,-21.8997083333333,43.47,20.31,19.30,false,false,41.25,3.00,49.51,0
1773241112000,64.1336451333333,-21.9009265,65.35,35.05,33.30,false,false,65.12,3.00,78.14,0
1773241118000,64.1338725166667,-21.9024781666667,47.13,47.13,44.77,false,false,85.07,6.00,51.04,0
1773241120000,64.1339548666667,-21.9030196666667,47.44,47.44,45.07,false,false,26.61,2.00,47.90,0
1773241123000,64.1340781,-21.9038306666667,49.21,49.21,46.75,false,false,41.83,3.00,50.20,0
1773241127000,64.1341147666667,-21.9040655,16.14,16.14,15.34,false,false,12.57,4.00,11.31,0
1773241129000,64.1341143,-21.9040595,5.69,0.00,15.34,true,false,5.57,2.00,10.02,1
1773241133000,64.1341143166667,-21.9040596666667,0.00,0.00,0.00,true,true,3.94,4.00,3.55,2
1773241135000,64.1341143166667,-21.9040596666667,0.00,0.00,0.00,true,true,1.36,2.00,2.44,3
1773241141000,64.1341143166667,-21.9040596666667,0.00,0.00,0.00,true,true,0.37,6.00,0.22,4
1773241145000,64.1341143166667,-21.9040596666667,0.00,0.00,0.00,true,true,0.02,4.00,0.02,5
1773241149000,64.1341143166667,-21.9040596666667,0.00,0.00,0.00,true,true,0.00,4.00,0.00,6
1773241152000,64.1341257666667,-21.9041391666667,0.00,0.00,0.00,true,true,4.07,3.00,4.88,7
1773241156000,64.1342031666667,-21.9046586666667,21.52,5.26,5.00,false,false,27.39,4.00,24.65,0
1773241158000,64.1342589833333,-21.9050346666667,29.22,10.58,10.05,false,false,22.66,2.00,40.78,0
1773241160000,64.1342589833333,-21.9050346666667,20.03,0.00,10.05,true,false,2.91,2.00,5.23,1
1773241164000,64.1343820166667,-21.905869,33.16,22.24,21.13,false,false,38.73,4.00,34.85,0
1773241166000,64.1344865833333,-21.9065476666667,46.66,31.77,30.18,false,false,37.26,2.00,67.06,0
1773241169000,64.1346281833333,-21.9075038333333,58.24,40.40,38.38,false,false,54.20,3.00,65.04,0
1773241171000,64.13469865,-21.9079916666667,55.29,41.97,39.87,false,false,28.11,2.00,50.59,0
1773241175000,64.1348097,-21.9088716666667,40.83,40.83,38.79,false,false,43.28,4.00,38.95,0
1773241178000,64.1348815,-21.9093773333333,32.66,32.66,31.03,false,false,23.34,3.00,28.01,0
1773241180000,64.1348815,-21.9093773333333,18.60,0.00,31.03,true,false,1.93,2.00,3.48,1
1773241189000,64.1349018166667,-21.9094906666667,0.00,0.00,0.00,true,true,0.62,9.00,0.25,2
1773241191000,64.1349018166667,-21.9094906666667,0.00,0.00,0.00,true,true,0.78,2.00,1.40,3
1773241195000,64.1349018166667,-21.9094906666667,0.00,0.00,0.00,true,true,0.21,4.00,0.19,4
1773241200000,64.1349018166667,-21.9094906666667,0.00,0.00,0.00,true,true,0.03,5.00,0.02,5
1773241202000,64.1349018166667,-21.9094906666667,0.00,0.00,0.00,true,true,0.00,2.00,0.00,6
1773241206000,64.1349018166667,-21.9094906666667,0.00,0.00,0.00,true,true,0.00,4.00,0.00,7
1773241211000,64.1349018166667,-21.9094906666667,0.00,0.00,0.00,true,true,0.00,5.00,0.00,8
1773241213000,64.1349018166667,-21.9094906666667,0.00,0.00,0.00,true,true,0.00,2.00,0.00,9
1773241216000,64.1349018166667,-21.9094906666667,0.00,0.00,0.00,true,true,0.00,3.00,0.00,10
1773241221000,64.1349131833333,-21.909577,0.00,0.00,0.00,true,true,4.38,5.00,3.15,11
1773241226000,64.13501195,-21.9102478333333,26.81,6.97,6.62,false,false,34.75,5.00,25.02,0
1773241230000,64.13506985,-21.9105383333333,17.55,10.26,9.75,false,false,18.02,4.00,16.22,0
1773241234000,64.1352025,-21.9112208333333,29.70,15.49,14.71,false,false,35.00,4.00,31.50,0
1773241237000,64.1353512833333,-21.9120266666667,44.70,22.76,21.62,false,false,44.28,3.00,53.14,0
1773241243000,64.1355589166667,-21.9133876666667,44.00,32.45,30.83,false,false,73.53,6.00,44.12,0
1773241249000,64.1357892166667,-21.9148538333333,45.73,37.50,35.62,false,false,75.66,6.00,45.40,0
1773241252000,64.1358634833333,-21.9152193333333,31.20,31.20,29.64,false,false,19.70,3.00,23.64,0
1773241256000,64.1359330666667,-21.9156141666667,17.81,17.81,16.92,false,false,17.61,4.00,15.84,0
1773241261000,64.1359245166667,-21.9156026666667,3.68,0.00,16.92,true,false,2.99,5.00,2.15,1
1773241266000,64.1359245166667,-21.9156026666667,0.00,0.00,0.00,true,true,2.08,5.00,1.50,2
1773241270000,64.13593725,-21.9159038333333,11.70,9.18,8.72,false,false,14.90,4.00,13.41,0
1773241272000,64.13593725,-21.9159038333333,8.19,0.00,8.72,true,false,1.65,2.00,2.97,1
1773241275000,64.1360062666667,-21.9165258333333,25.68,8.52,8.09,false,false,29.89,3.00,35.87,0
1773241279000,64.1360560166667,-21.916966,24.29,13.55,12.87,false,false,26.77,4.00,24.10,0
1773241285000,64.1362790166667,-21.9191113333333,74.23,33.10,31.45,false,false,106.94,6.00,64.16,0
1773241287000,64.1363195666667,-21.9196728333333,66.50,39.75,37.76,false,false,30.94,2.00,55.69,0
1773241292000,64.1363676166667,-21.9208205,35.79,35.79,34.00,false,false,53.46,5.00,38.49,0
1773241297000,64.1366516666667,-21.9220521666667,47.40,45.41,43.14,false,false,64.44,5.00,46.40,0
1773241302000,64.1367448166667,-21.922334,11.22,11.22,10.66,false,false,18.83,5.00,13.56,0
1773241307000,64.1367908666667,-21.9226103333333,7.74,7.74,7.35,false,false,10.96,5.00,7.89,0
1773241312000,64.13678905,-21.9226056666667,1.04,0.00,7.35,true,false,0.77,5.00,0.56,1
1773241319000,64.13678905,-21.9226056666667,0.00,0.00,0.00,true,true,0.81,7.00,0.42,2
1773241322000,64.13678905,-21.9226056666667,0.00,0.00,0.00,true,true,0.04,3.00,0.05,3
1773241324000,64.13678905,-21.9226056666667,0.00,0.00,0.00,true,true,0.01,2.00,0.01,4
1773241326000,64.13678905,-21.9226056666667,0.00,0.00,0.00,true,true,0.00,2.00,0.00,5
1773241328000,64.13678905,-21.9226056666667,0.00,0.00,0.00,true,true,0.00,2.00,0.00,6
1773241333000,64.13678905,-21.9226056666667,0.00,0.00,0.00,true,true,0.00,5.00,0.00,7
1773241339000,64.13678905,-21.9226056666667,0.00,0.00,0.00,true,true,0.00,6.00,0.00,8
1773241346000,64.13678905,-21.9226056666667,0.00,0.00,0.00,true,true,0.00,7.00,0.00,9
1773241348000,64.13678905,-21.9226056666667,0.00,0.00,0.00,true,true,0.00,2.00,0.00,10
1773241352000,64.13678905,-21.9226056666667,0.00,0.00,0.00,true,true,0.00,4.00,0.00,11
1773241354000,64.136796,-21.9226531666667,0.00,0.00,0.00,true,true,2.43,2.00,4.38,12
1773241357000,64.1368184666667,-21.9227915,0.00,0.00,0.00,true,true,7.83,3.00,9.40,13
1773241359000,64.1368641333333,-21.9229375,7.13,5.02,4.77,false,false,10.27,2.00,18.49,0
1773241363000,64.1370759666667,-21.9228438333333,20.49,8.14,7.74,false,false,25.23,4.00,22.71,0
1773241365000,64.1372059833333,-21.9226938333333,25.59,12.89,12.25,false,false,19.26,2.00,34.66,0
1773241369000,64.1375747833333,-21.9222973333333,40.79,21.19,20.13,false,false,47.65,4.00,42.88,0
1773241374000,64.1380095166667,-21.9218608333333,39.75,29.63,28.15,false,false,55.31,5.00,39.82,0
1773241376000,64.1382262666667,-21.9216433333333,42.77,34.72,32.98,false,false,26.18,2.00,47.12,0
1773241380000,64.1385426833333,-21.9212976666667,36.80,36.80,34.96,false,false,40.00,4.00,36.00,0
1773241385000,64.1391811666667,-21.9206155,57.11,43.50,41.32,false,false,77.28,5.00,55.64,0
1773241387000,64.1394953833333,-21.9202688333333,63.74,47.03,44.68,false,false,40.72,2.00,73.29,0
1773241389000,64.1397019666667,-21.9200475,58.31,49.86,47.36,false,false,27.68,2.00,49.83,0
1773241395000,64.1402766,-21.919446,35.33,35.33,33.56,false,false,67.86,6.00,40.72,0
1773241398000,64.1403701,-21.9193506666667,20.06,0.00,33.56,true,false,9.71,3.00,11.65,1
1773241400000,64.14074785,-21.9189451666667,42.61,42.61,40.48,false,false,42.96,2.00,77.33,0
1773241404000,64.1410774833333,-21.9185575,44.79,41.19,39.13,false,false,50.10,4.00,45.09,0
1773241406000,64.1410774833333,-21.9185575,27.21,0.00,39.13,true,false,0.44,2.00,0.80,1
1773241408000,64.1411321666667,-21.9184896666667,0.00,0.00,0.00,true,true,0.35,2.00,0.63,2
1773241411000,64.1411687333333,-21.91845,0.00,0.00,0.00,true,true,0.08,3.00,0.10,3
1773241415000,64.14117385,-21.9184418333333,0.00,0.00,0.00,true,true,0.68,4.00,0.61,4
1773241421000,64.1411747666667,-21.9184411666667,0.00,0.00,0.00,true,true,0.19,6.00,0.11,5
1773241423000,64.1411747666667,-21.9184411666667,0.00,0.00,0.00,true,true,0.01,2.00,0.02,6
1773241425000,64.1411747666667,-21.9184411666667,0.00,0.00,0.00,true,true,0.00,2.00,0.00,7
1773241428000,64.1411747666667,-21.9184411666667,0.00,0.00,0.00,true,true,0.00,3.00,0.00,8
1773241432000,64.1411957333333,-21.9184173333333,0.00,0.00,0.00,true,true,2.60,4.00,2.34,9
1773241435000,64.14125805,-21.9183518333333,0.00,0.00,0.00,true,true,7.94,3.00,9.53,10
1773241440000,64.1416097,-21.9179791666667,34.85,11.29,10.72,false,false,44.46,5.00,32.01,0
1773241442000,64.14168055,-21.9179086666667,29.52,13.11,12.45,false,false,12.11,2.00,21.80,0
1773241445000,64.1419880833333,-21.9176043333333,37.69,20.99,19.94,false,false,35.30,3.00,42.36,0
1773241447000,64.1421524,-21.917432,38.56,27.99,26.59,false,false,22.19,2.00,39.95,0
1773241451000,64.1425003333333,-21.917046,38.92,34.19,32.48,false,false,43.30,4.00,38.97,0
1773241453000,64.1425953166667,-21.9169325,31.99,31.99,30.39,false,false,11.97,2.00,21.55,0
1773241457000,64.14293585,-21.9165268333333,35.53,35.53,33.75,false,false,40.00,4.00,36.00,0
1773241459000,64.1430935166667,-21.916348,35.81,35.28,33.51,false,false,20.13,2.00,36.24,0
1773241462000,64.1430947666667,-21.9163438333333,13.48,0.00,33.51,true,false,0.32,3.00,0.39,1
1773241465000,64.1430898666667,-21.9163478333333,0.00,0.00,0.00,true,true,6.61,3.00,7.94,2
1773241470000,64.1430898833333,-21.9163478333333,0.00,0.00,0.00,true,true,3.46,5.00,2.49,3
1773241472000,64.1430898833333,-21.9163478333333,0.00,0.00,0.00,true,true,0.28,2.00,0.50,4
1773241474000,64.1430898833333,-21.9163478333333,0.00,0.00,0.00,true,true,0.07,2.00,0.13,5
1773241480000,64.1430898833333,-21.9163478333333,0.00,0.00,0.00,true,true,0.02,6.00,0.01,6
1773241486000,64.1430898833333,-21.9163478333333,0.00,0.00,0.00,true,true,0.00,6.00,0.00,7
1773241492000,64.1430898833333,-21.9163478333333,0.00,0.00,0.00,true,true,0.00,6.00,0.00,8
1773241498000,64.1430898833333,-21.9163478333333,0.00,0.00,0.00,true,true,0.00,6.00,0.00,9
1773241501000,64.14309475,-21.9163425,0.00,0.00,0.00,true,true,0.60,3.00,0.72,10
1773241503000,64.1432533666667,-21.9161898333333,13.73,3.09,2.93,false,false,19.21,2.00,34.57,0
1773241505000,64.1433604833333,-21.9160736666667,21.14,6.23,5.92,false,false,18.50,2.00,33.30,0
1773241509000,64.1434542833333,-21.9159941666667,13.93,9.32,8.85,false,false,14.45,4.00,13.00,0
1773241511000,64.1434866666667,-21.9159556666667,10.36,0.00,8.85,true,false,2.78,2.00,5.00,1
1773241514000,64.1434941333333,-21.9159878333333,0.00,0.00,0.00,true,true,2.06,3.00,2.47,2
1773241518000,64.1434941333333,-21.9159878333333,0.00,0.00,0.00,true,true,2.05,4.00,1.84,3
1773241524000,64.1434941333333,-21.9159878333333,0.00,0.00,0.00,true,true,0.26,6.00,0.16,4
1773241526000,64.1435417,-21.9159573333333,0.00,0.00,0.00,true,true,5.47,2.00,9.85,5
1773241529000,64.1435909333333,-21.9159081666667,0.00,0.00,0.00,true,true,7.37,3.00,8.84,6
1773241531000,64.1436386666667,-21.9158568333333,0.00,0.00,0.00,true,true,7.29,2.00,13.12,7
1773241535000,64.1436755833333,-21.9157965,0.00,0.00,0.00,true,true,7.11,4.00,6.40,8
1773241539000,64.1436857,-21.9157895,0.00,0.00,0.00,true,true,2.13,4.00,1.92,9
1773241541000,64.1437037833333,-21.9157715,0.00,0.00,0.00,true,true,2.44,2.00,4.39,10
1773241546000,64.1438012333333,-21.9157456666667,9.19,5.23,4.96,false,false,11.52,5.00,8.30,0
1773241548000,64.1438479166667,-21.9158803333333,10.67,0.00,4.96,true,false,8.89,2.00,15.99,1
1773241552000,64.1438549,-21.9159881666667,0.00,0.00,0.00,true,true,7.19,4.00,6.47,2
1773241556000,64.14387945,-21.9161723333333,0.00,0.00,0.00,true,true,9.41,4.00,8.47,3
1773241559000,64.1439226,-21.9164441666667,11.62,8.14,7.73,false,false,15.14,3.00,18.16,0
1773241563000,64.1439823,-21.9168016666667,18.21,11.65,11.07,false,false,21.30,4.00,19.17,0
1773241567000,64.1440721,-21.9173321666667,24.82,14.15,13.44,false,false,28.67,4.00,25.81,0
1773241569000,64.14411835,-21.9176101666667,26.01,17.77,16.89,false,false,15.44,2.00,27.79,0
1773241571000,64.1441673166667,-21.9178845,26.28,21.36,20.29,false,false,14.84,2.00,26.72,0
1773241574000,64.1442266833333,-21.9181496666667,20.78,20.78,19.74,false,false,14.60,3.00,17.52,0
1773241578000,64.1443580666667,-21.9186813333333,24.76,24.07,22.86,false,false,28.16,4.00,25.34,0
1773241580000,64.1443971833333,-21.9188505,22.02,0.00,22.86,true,false,9.95,2.00,17.91,1
1773241584000,64.1444326833333,-21.918998,0.00,0.00,0.00,true,true,7.15,4.00,6.43,2
1773241588000,64.1444364,-21.9189966666667,0.00,0.00,0.00,true,true,2.17,4.00,1.96,3
1773241592000,64.1444364,-21.9189966666667,0.00,0.00,0.00,true,true,0.25,4.00,0.23,4
1773241594000,64.1444364,-21.9189966666667,0.00,0.00,0.00,true,true,0.03,2.00,0.05,5
1773241596000,64.1444364,-21.9189966666667,0.00,0.00,0.00,true,true,0.01,2.00,0.01,6
1773241599000,64.1444364,-21.9189966666667,0.00,0.00,0.00,true,true,0.00,3.00,0.00,7
1773241601000,64.1444548333333,-21.9190815,0.00,0.00,0.00,true,true,4.60,2.00,8.28,8
1773241604000,64.1445656833333,-21.9194813333333,18.28,8.27,7.85,false,false,24.34,3.00,29.21,0
1773241606000,64.1446259,-21.9198068333333,26.64,13.37,12.71,false,false,22.28,2.00,40.10,0
1773241610000,64.1446259,-21.9198068333333,5.91,0.00,12.71,true,false,3.58,4.00,3.23,1
1773241614000,64.1447823,-21.9208896666667,41.40,23.89,22.69,false,false,51.90,4.00,46.71,0
1773241616000,64.1449017333333,-21.9215531666667,53.74,31.14,29.58,false,false,40.17,2.00,72.30,0
1773241619000,64.1449639333333,-21.9219053333333,37.29,30.15,28.64,false,false,23.12,3.00,27.75,0
1773241624000,64.1450924166667,-21.922571,20.92,20.92,19.87,false,false,30.99,5.00,22.31,0
1773241628000,64.1452784333333,-21.9235036666667,40.42,38.68,36.74,false,false,48.12,4.00,43.31,0
1773241630000,64.14533875,-21.9238015,37.73,34.69,32.95,false,false,18.73,2.00,33.71,0
1773241632000,64.1453953666667,-21.9240708333333,32.57,30.12,28.61,false,false,13.52,2.00,24.33,0
1773241635000,64.1453953666667,-21.9240708333333,10.52,0.00,28.61,true,false,2.26,3.00,2.71,1
1773241637000,64.14545285,-21.9242866666667,0.00,0.00,0.00,true,true,6.08,2.00,10.94,2
1773241641000,64.1455646833333,-21.9248451666667,23.78,20.05,19.05,false,false,29.87,4.00,26.88,0
1773241645000,64.1456622166667,-21.9253145,26.08,19.61,18.63,false,false,29.36,4.00,26.42,0
1773241647000,64.1457202166667,-21.9256498333333,28.50,20.32,19.30,false,false,17.87,2.00,32.16,0
1773241652000,64.1457677166667,-21.9259208333333,8.99,8.99,8.54,false,false,15.11,5.00,10.88,0
1773241654000,64.14588205,-21.9265111666667,26.75,24.98,23.73,false,false,29.30,2.00,52.74,0
1773241658000,64.1460477333333,-21.9274256666667,46.42,28.84,27.39,false,false,54.50,4.00,49.05,0
1773241660000,64.1461169,-21.9277661666667,43.30,31.00,29.45,false,false,21.45,2.00,38.61,0
1773241664000,64.1461912333333,-21.9280961666667,18.48,18.48,17.55,false,false,16.87,4.00,15.19,0
1773241666000,64.1462626666667,-21.9284246666667,20.94,20.94,19.89,false,false,13.69,2.00,24.65,0
1773241668000,64.14632785,-21.9287536666667,25.63,25.63,24.35,false,false,18.48,2.00,33.26,0
1773241670000,64.1463951666667,-21.9290715,28.98,26.60,25.27,false,false,19.26,2.00,34.66,0
1773241678000,64.1465985166667,-21.9300158333333,20.70,20.70,19.66,false,false,52.74,8.00,23.73,0
1773241682000,64.1467512833333,-21.93082,35.86,29.20,27.74,false,false,42.31,4.00,38.08,0
1773241684000,64.1467907166667,-21.9310111666667,30.42,27.70,26.31,false,false,12.46,2.00,22.43,0
1773241687000,64.1468476666667,-21.9312853333333,20.84,20.84,19.80,false,false,12.75,3.00,15.30,0
1773241691000,64.1468598166667,-21.9313165,2.24,0.00,19.80,true,false,0.93,4.00,0.84,1
1773241693000,64.1468597666667,-21.9313165,0.00,0.00,0.00,true,true,3.00,2.00,5.39,2
1773241697000,64.1468597666667,-21.9313165,0.00,0.00,0.00,true,true,1.14,4.00,1.03,3
1773241699000,64.1468597666667,-21.9313165,0.00,0.00,0.00,true,true,0.15,2.00,0.27,4
1773241703000,64.1468619,-21.9313283333333,0.00,0.00,0.00,true,true,0.58,4.00,0.52,5
1773241705000,64.1468880333333,-21.931471,0.00,0.00,0.00,true,true,7.59,2.00,13.67,6
1773241709000,64.14694805,-21.9317825,14.78,5.54,5.27,false,false,18.61,4.00,16.75,0
1773241713000,64.1470053833333,-21.9320788333333,16.18,9.08,8.63,false,false,18.22,4.00,16.39,0
1773241717000,64.14720135,-21.9330618333333,43.39,18.55,17.62,false,false,52.70,4.00,47.43,0
1773241719000,64.1472523333333,-21.9332758333333,37.43,23.38,22.22,false,false,15.86,2.00,28.55,0
1773241723000,64.14732755,-21.9336458333333,18.37,18.37,17.45,false,false,17.60,4.00,15.84,0
1773241727000,64.1474763833333,-21.9343233333333,28.76,27.30,25.93,false,false,33.69,4.00,30.32,0
1773241729000,64.1475226666667,-21.934544,26.93,26.93,25.59,false,false,13.45,2.00,24.20,0
1773241733000,64.14758715,-21.9348405,15.40,15.40,14.63,false,false,15.40,4.00,13.86,0
1773241738000,64.1476095833333,-21.934943,1.64,0.00,14.63,true,false,3.66,5.00,2.63,1
1773241744000,64.1476113833333,-21.9349518333333,0.00,0.00,0.00,true,true,0.87,6.00,0.52,2
1773241747000,64.1476114,-21.9349518333333,0.00,0.00,0.00,true,true,0.17,3.00,0.20,3
1773241751000,64.1476113666667,-21.9349518333333,0.00,0.00,0.00,true,true,0.03,4.00,0.03,4
1773241753000,64.1476112666667,-21.9349516666667,0.00,0.00,0.00,true,true,0.02,2.00,0.03,5
1773241757000,64.1476112833333,-21.9349516666667,0.00,0.00,0.00,true,true,0.00,4.00,0.00,6
1773241759000,64.1476112666667,-21.9349515,0.00,0.00,0.00,true,true,0.01,2.00,0.02,7
1773241762000,64.1476112333333,-21.9349513333333,0.00,0.00,0.00,true,true,0.01,3.00,0.01,8
1773241768000,64.1476111666667,-21.9349513333333,0.00,0.00,0.00,true,true,0.01,6.00,0.01,9
1773241772000,64.1476134666667,-21.9349621666667,0.00,0.00,0.00,true,true,0.58,4.00,0.53,10
1773241774000,64.14763475,-21.9350443333333,0.00,0.00,0.00,true,true,4.70,2.00,8.47,11
1773241779000,64.1477431666667,-21.9355215,21.81,5.63,5.35,false,false,27.39,5.00,19.72,0
1773241782000,64.1477298,-21.935691,15.19,6.88,6.53,false,false,10.29,3.00,12.34,0
1773241786000,64.1475144833333,-21.9360636666667,24.84,11.00,10.45,false,false,30.64,4.00,27.58,0
1773241788000,64.1475144833333,-21.9360636666667,17.02,0.00,10.45,true,false,3.55,2.00,6.38,1
1773241792000,64.1473676,-21.9363078333333,15.68,13.62,12.94,false,false,17.23,4.00,15.50,0
1773241794000,64.1473676,-21.9363078333333,9.28,0.00,12.94,true,false,0.22,2.00,0.40,1
1773241796000,64.1473663833333,-21.9363095,0.00,0.00,0.00,true,true,2.28,2.00,4.10,2
1773241800000,64.1473663833333,-21.9363095,0.00,0.00,0.00,true,true,2.27,4.00,2.05,3
1773241806000,64.1473489833333,-21.9363323333333,0.00,0.00,0.00,true,true,1.91,6.00,1.15,4
1773241808000,64.1473489833333,-21.9363323333333,0.00,0.00,0.00,true,true,0.10,2.00,0.17,5
1773241810000,64.14728475,-21.936416,0.00,0.00,0.00,true,true,8.23,2.00,14.82,6
1773241815000,64.1470353,-21.9367745,28.18,8.18,7.77,false,false,35.13,5.00,25.30,0
1773241820000,64.1466286666667,-21.9373985,42.30,17.56,16.68,false,false,57.44,5.00,41.36,0
1773241824000,64.1463617333333,-21.937817,34.66,26.26,24.94,false,false,37.28,4.00,33.55,0
1773241827000,64.1461179833333,-21.938214,37.17,31.17,29.61,false,false,32.16,3.00,38.59,0
1773241831000,64.1460208166667,-21.938367,15.48,15.48,14.70,false,false,13.68,4.00,12.31,0
1773241833000,64.1459259666667,-21.9385101666667,15.93,0.00,14.70,true,false,9.24,2.00,16.62,1
1773241835000,64.14583145,-21.9386561666667,18.68,18.68,17.75,false,false,12.84,2.00,23.11,0
1773241838000,64.1457085166667,-21.9389541666667,22.71,22.71,21.57,false,false,21.08,3.00,25.29,0
1773241842000,64.1457640666667,-21.9392011666667,12.69,12.69,12.06,false,false,14.59,4.00,13.13,0
1773241844000,64.1457945833333,-21.9392973333333,12.18,0.00,12.06,true,false,7.75,2.00,13.95,1
1773241848000,64.1458551833333,-21.9396028333333,14.37,12.86,12.21,false,false,16.28,4.00,14.66,0
1773241851000,64.14598385,-21.9402366666667,31.44,17.66,16.78,false,false,34.32,3.00,41.18,0
1773241855000,64.1461369,-21.9408835,35.22,22.23,21.12,false,false,39.75,4.00,35.78,0
1773241857000,64.1462018833333,-21.9411681666667,32.80,25.70,24.42,false,false,16.20,2.00,29.16,0
1773241863000,64.14629505,-21.9415518333333,6.22,6.22,5.91,false,false,20.41,6.00,12.25,0
1773241865000,64.1462994,-21.9415546666667,2.60,0.00,5.91,true,false,1.58,2.00,2.84,1
1773241867000,64.14630005,-21.9415515,0.00,0.00,0.00,true,true,1.41,2.00,2.53,2
1773241873000,64.1462997666667,-21.9415505,0.00,0.00,0.00,true,true,0.89,6.00,0.54,3
1773241876000,64.1462997666667,-21.9415508333333,0.00,0.00,0.00,true,true,0.04,3.00,0.04,4
1773241880000,64.1462997166667,-21.941551,0.00,0.00,0.00,true,true,0.01,4.00,0.01,5
1773241882000,64.1463073333333,-21.941596,0.00,0.00,0.00,true,true,2.34,2.00,4.22,6
1773241885000,64.1463405,-21.9417846666667,7.97,2.43,2.31,false,false,10.52,3.00,12.62,0
1773241887000,64.1464158666667,-21.9421613333333,20.35,8.31,7.89,false,false,22.26,2.00,40.07,0
1773241891000,64.1465389666667,-21.9427258333333,30.87,15.09,14.34,false,false,35.83,4.00,32.24,0
1773241893000,64.1466397166667,-21.9431058333333,35.33,23.36,22.19,false,false,23.41,2.00,42.14,0
1773241895000,64.1466843166667,-21.9432801666667,29.77,25.42,24.15,false,false,11.54,2.00,20.78,0
1773241899000,64.14671255,-21.9434121666667,7.10,0.00,24.15,true,false,4.65,4.00,4.19,1
1773241901000,64.14671255,-21.9434121666667,0.00,0.00,0.00,true,true,3.97,2.00,7.15,2
1773241905000,64.1465937333333,-21.9437248333333,15.48,12.55,11.93,false,false,19.49,4.00,17.54,0
1773241907000,64.1464308666667,-21.9439261666667,25.71,11.84,11.25,false,false,23.08,2.00,41.54,0
1773241910000,64.1461931166667,-21.9442216666667,35.22,17.08,16.23,false,false,34.07,3.00,40.88,0
1773241913000,64.1460049333333,-21.9444576666667,33.02,24.07,22.87,false,false,26.45,3.00,31.74,0
1773241916000,64.14559115,-21.9449541666667,51.04,34.89,33.15,false,false,51.32,3.00,61.59,0
1773241918000,64.1453946166667,-21.9451866666667,51.59,41.82,39.73,false,false,29.15,2.00,52.48,0
1773241921000,64.1452105333333,-21.9454051666667,36.74,36.74,34.90,false,false,23.26,3.00,27.91,0
1773241925000,64.14462905,-21.9460818333333,58.37,47.02,44.67,false,false,68.29,4.00,61.46,0
1773241931000,64.1441255833333,-21.9466548333333,34.80,34.80,33.06,false,false,65.92,6.00,39.55,0
1773241935000,64.1438383166667,-21.946978,31.12,31.12,29.56,false,false,33.99,4.00,30.60,0
1773241941000,64.143388,-21.9475231666667,34.27,34.27,32.55,false,false,56.07,6.00,33.64,0
1773241943000,64.14330175,-21.947623,28.20,28.20,26.79,false,false,10.94,2.00,19.69,0
1773241946000,64.14319245,-21.9478275,20.47,20.47,19.45,false,false,13.63,3.00,16.35,0
1773241948000,64.14311095,-21.9479495,18.76,0.00,19.45,true,false,8.93,2.00,16.07,1
1773241950000,64.1429837833333,-21.9483526666667,27.20,27.20,25.84,false,false,23.54,2.00,42.37,0
1773241955000,64.1428518333333,-21.9487025,18.21,18.21,17.30,false,false,26.65,5.00,19.19,0
1773241958000,64.1427472833333,-21.9487115,13.19,13.19,12.53,false,false,10.74,3.00,12.89,0
1773241960000,64.1426115166667,-21.9485008333333,19.05,18.61,17.68,false,false,19.74,2.00,35.53,0
1773241964000,64.14257005,-21.9482126666667,17.06,13.83,13.14,false,false,19.62,4.00,17.66,0
1773241968000,64.1425724166667,-21.9481981666667,3.86,0.00,13.14,true,false,3.11,4.00,2.80,1
1773241974000,64.1425724,-21.9481981666667,0.00,0.00,0.00,true,true,2.11,6.00,1.27,2
1773241977000,64.1425686666667,-21.9481493333333,0.00,0.00,0.00,true,true,2.02,3.00,2.42,3
1773241981000,64.1424816166667,-21.9478126666667,15.17,6.23,5.92,false,false,19.32,4.00,17.39,0
1773241987000,64.14216485,-21.9471996666667,32.66,10.43,9.91,false,false,48.28,6.00,28.97,0
1773241992000,64.1420757833333,-21.9470321666667,8.50,8.50,8.07,false,false,14.02,5.00,10.09,0
1773241994000,64.1418973333333,-21.946693,22.43,18.85,17.90,false,false,23.56,2.00,42.41,0
1773241999000,64.1418819666667,-21.9466638333333,3.39,0.00,17.90,true,false,7.14,5.00,5.14,1
1773242002000,64.141882,-21.9466643333333,0.00,0.00,0.00,true,true,1.99,3.00,2.39,2
1773242006000,64.141882,-21.9466643333333,0.00,0.00,0.00,true,true,0.83,4.00,0.75,3
1773242009000,64.1418821,-21.9466641666667,0.00,0.00,0.00,true,true,0.11,3.00,0.13,4
1773242015000,64.1418820333333,-21.9466643333333,0.00,0.00,0.00,true,true,0.02,6.00,0.01,5
1773242018000,64.141882,-21.9466643333333,0.00,0.00,0.00,true,true,0.00,3.00,0.00,6
1773242022000,64.1418820166667,-21.9466643333333,0.00,0.00,0.00,true,true,0.00,4.00,0.00,7
1773242024000,64.1418820166667,-21.9466643333333,0.00,0.00,0.00,true,true,0.00,2.00,0.00,8
1773242026000,64.1418820166667,-21.9466643333333,0.00,0.00,0.00,true,true,0.00,2.00,0.00,9
1773242028000,64.1418820166667,-21.9466643333333,0.00,0.00,0.00,true,true,0.00,2.00,0.00,10
1773242032000,64.1418820166667,-21.9466643333333,0.00,0.00,0.00,true,true,0.00,4.00,0.00,11
1773242034000,64.1418820166667,-21.9466643333333,0.00,0.00,0.00,true,true,0.00,2.00,0.00,12
1773242037000,64.1418820166667,-21.9466643333333,0.00,0.00,0.00,true,true,0.00,3.00,0.00,13
1773242041000,64.1418820166667,-21.9466643333333,0.00,0.00,0.00,true,true,0.00,4.00,0.00,14
1773242046000,64.1417635666667,-21.946362,15.31,3.94,3.74,false,false,19.72,5.00,14.20,0
1773242048000,64.1416360833333,-21.94608,24.64,8.86,8.42,false,false,21.19,2.00,38.14,0
1773242052000,64.1414667,-21.945742,25.36,12.86,12.22,false,false,28.30,4.00,25.47,0
1773242056000,64.1408592666667,-21.9445653333333,72.59,28.92,27.47,false,false,88.54,4.00,79.69,0
1773242059000,64.1406503666667,-21.9441558333333,55.04,36.64,34.81,false,false,37.62,3.00,45.15,0
1773242063000,64.1402243666667,-21.9433335,52.42,47.76,45.37,false,false,57.83,4.00,52.04,0
1773242067000,64.1398105166667,-21.9425371666667,53.53,50.39,47.87,false,false,59.66,4.00,53.69,0
1773242071000,64.13944545,-21.9417821666667,49.88,49.88,47.39,false,false,54.83,4.00,49.35,0
1773242073000,64.1392937833333,-21.9414076666667,47.35,47.35,44.98,false,false,24.28,2.00,43.71,0
1773242078000,64.1390162,-21.9407495,29.62,29.62,28.14,false,false,43.51,5.00,31.33,0
1773242080000,64.1389044833333,-21.9405056666667,28.74,28.74,27.31,false,false,15.27,2.00,27.49,0
1773242083000,64.13879355,-21.9402493333333,23.61,23.61,22.43,false,false,17.21,3.00,20.65,0
1773242087000,64.1387739333333,-21.940209,4.24,0.00,22.43,true,false,1.60,4.00,1.44,1
1773242093000,64.1387709,-21.940205,0.00,0.00,0.00,true,true,2.73,6.00,1.64,2
1773242097000,64.1387709,-21.940205,0.00,0.00,0.00,true,true,0.48,4.00,0.43,3
1773242101000,64.1387709,-21.940205,0.00,0.00,0.00,true,true,0.05,4.00,0.05,4
1773242103000,64.1387709,-21.940205,0.00,0.00,0.00,true,true,0.01,2.00,0.01,5
1773242107000,64.1387709,-21.940205,0.00,0.00,0.00,true,true,0.00,4.00,0.00,6
1773242110000,64.1387709,-21.940205,0.00,0.00,0.00,true,true,0.00,3.00,0.00,7
1773242112000,64.1387709,-21.940205,0.00,0.00,0.00,true,true,0.00,2.00,0.00,8
1773242114000,64.1387709,-21.940205,0.00,0.00,0.00,true,true,0.00,2.00,0.00,9
1773242120000,64.1387709,-21.940205,0.00,0.00,0.00,true,true,0.00,6.00,0.00,10
1773242124000,64.1387709,-21.940205,0.00,0.00,0.00,true,true,0.00,4.00,0.00,11
1773242128000,64.1387709,-21.940205,0.00,0.00,0.00,true,true,0.00,4.00,0.00,12
1773242132000,64.1387709,-21.940205,0.00,0.00,0.00,true,true,0.00,4.00,0.00,13
1773242137000,64.1387029166667,-21.9400133333333,9.30,1.88,1.78,false,false,11.99,5.00,8.63,0
1773242142000,64.1387543333333,-21.9394801666667,20.49,5.76,5.47,false,false,27.10,5.00,19.51,0
1773242144000,64.1388648166667,-21.9392428333333,24.54,8.61,8.18,false,false,18.35,2.00,33.03,0
1773242147000,64.1390000166667,-21.9389506666667,26.16,12.50,11.87,false,false,23.05,3.00,27.67,0
1773242151000,64.1393692166667,-21.9382985,44.62,21.58,20.50,false,false,52.63,4.00,47.37,0
1773242154000,64.1395239,-21.9379536666667,36.71,28.66,27.22,false,false,26.91,3.00,32.29,0
1773242157000,64.13956785,-21.9377146666667,21.13,21.13,20.07,false,false,11.28,3.00,13.54,0
1773242164000,64.13990765,-21.9379341666667,25.13,23.79,22.60,false,false,36.04,7.00,18.53,0
1773242166000,64.1401511666667,-21.9381293333333,36.28,25.40,24.13,false,false,29.49,2.00,53.08,0
1773242170000,64.1403516,-21.9383043333333,26.47,20.70,19.66,false,false,28.04,4.00,25.24,0
1773242173000,64.1405684,-21.9384808333333,28.02,22.53,21.41,false,false,24.10,3.00,28.91,0
1773242175000,64.14100735,-21.9388276666667,53.51,33.78,32.10,false,false,51.92,2.00,93.46,0
1773242177000,64.14100735,-21.9388276666667,40.39,35.93,34.13,false,false,10.36,2.00,18.65,0
1773242184000,64.1418481333333,-21.9394886666667,51.03,39.98,37.98,false,false,92.67,7.00,47.66,0
1773242188000,64.1422788666667,-21.9398306666667,46.68,45.35,43.08,false,false,51.15,4.00,46.03,0
1773242192000,64.1427270666667,-21.9401733333333,46.66,46.66,44.33,false,false,51.84,4.00,46.66,0
1773242194000,64.1430481333333,-21.9402621666667,53.59,44.97,42.72,false,false,35.91,2.00,64.64,0
1773242197000,64.14315365,-21.9401936666667,30.37,30.37,28.86,false,false,15.35,3.00,18.42,0
1773242202000,64.1432185833333,-21.9401393333333,4.81,0.00,28.86,true,false,5.72,5.00,4.12,1
1773242206000,64.14321525,-21.940139,0.00,0.00,0.00,true,true,3.73,4.00,3.36,2
1773242208000,64.14321525,-21.9401393333333,0.00,0.00,0.00,true,true,0.54,2.00,0.98,3
1773242214000,64.1432151,-21.940139,0.00,0.00,0.00,true,true,0.14,6.00,0.08,4
1773242217000,64.1432177333333,-21.940139,0.00,0.00,0.00,true,true,0.29,3.00,0.35,5
1773242219000,64.1432561166667,-21.9401521666667,0.00,0.00,0.00,true,true,4.36,2.00,7.84,6
1773242222000,64.1433151333333,-21.9401598333333,0.00,0.00,0.00,true,true,7.78,3.00,9.34,7
1773242224000,64.1433975,-21.940131,7.51,4.56,4.33,false,false,10.83,2.00,19.49,0
1773242229000,64.1437785666667,-21.939962,36.30,15.18,14.42,false,false,46.24,5.00,33.29,0
1773242232000,64.1440342833333,-21.9398526666667,37.67,22.04,20.94,false,false,32.03,3.00,38.43,0
1773242235000,64.1443011666667,-21.9397193333333,37.09,26.57,25.24,false,false,30.63,3.00,36.76,0
1773242237000,64.14443065,-21.9396651666667,32.80,30.32,28.81,false,false,14.47,2.00,26.04,0
1773242241000,64.1448272833333,-21.9395165,37.90,34.25,32.54,false,false,42.86,4.00,38.57,0
1773242244000,64.14499285,-21.9394423333333,28.73,28.73,27.30,false,false,19.60,3.00,23.52,0
1773242249000,64.145226,-21.9393178333333,16.60,16.60,15.77,false,false,24.42,5.00,17.58,0
1773242253000,64.1452742166667,-21.9392896666667,5.51,0.00,15.77,true,false,4.30,4.00,3.87,1
1773242255000,64.1453049333333,-21.9392751666667,0.00,0.00,0.00,true,true,1.90,2.00,3.43,2
1773242258000,64.1453585833333,-21.9392478333333,0.00,0.00,0.00,true,true,5.79,3.00,6.95,3
1773242260000,64.14554545,-21.9389948333333,17.52,14.66,13.93,false,false,25.22,2.00,45.40,0
1773242265000,64.1457460666667,-21.938647,26.29,14.93,14.18,false,false,35.23,5.00,25.36,0
1773242267000,64.14584265,-21.9384835,26.08,19.11,18.15,false,false,14.32,2.00,25.77,0
1773242271000,64.14604775,-21.9381195,25.90,22.46,21.34,false,false,28.76,4.00,25.88,0
1773242273000,64.1461091,-21.9380046666667,21.88,0.00,21.34,true,false,8.78,2.00,15.80,1
1773242278000,64.1461899166667,-21.9378656666667,0.00,0.00,0.00,true,true,9.70,5.00,6.98,2
1773242281000,64.1461983166667,-21.937851,0.00,0.00,0.00,true,true,0.59,3.00,0.71,3
1773242285000,64.14623645,-21.9377988333333,0.00,0.00,0.00,true,true,4.83,4.00,4.35,4
1773242287000,64.14634715,-21.9376616666667,10.49,9.00,8.55,false,false,14.57,2.00,26.22,0
1773242290000,64.1464977833333,-21.9374291666667,22.14,10.89,10.35,false,false,24.12,3.00,28.94,0
1773242296000,64.1465211333333,-21.9373848333333,1.25,0.00,10.35,true,false,6.50,6.00,3.90,1
1773242300000,64.1465191,-21.9373838333333,0.00,0.00,0.00,true,true,1.78,4.00,1.60,2
1773242302000,64.1465176666667,-21.9373833333333,0.00,0.00,0.00,true,true,0.19,2.00,0.34,3
1773242305000,64.14651605,-21.9373831666667,0.00,0.00,0.00,true,true,0.23,3.00,0.27,4
1773242307000,64.1465155166667,-21.9373826666667,0.00,0.00,0.00,true,true,0.11,2.00,0.19,5
1773242313000,64.14651445,-21.9373826666667,0.00,0.00,0.00,true,true,0.15,6.00,0.09,6
1773242315000,64.1465139333333,-21.9373818333333,0.00,0.00,0.00,true,true,0.08,2.00,0.14,7
1773242319000,64.1465337666667,-21.9373543333333,0.00,0.00,0.00,true,true,2.57,4.00,2.31,8
1773242325000,64.1466812333333,-21.9371236666667,15.16,4.01,3.81,false,false,20.17,6.00,12.10,0
1773242327000,64.1468632666667,-21.9368413333333,27.87,8.41,7.99,false,false,25.42,2.00,45.76,0
1773242330000,64.1468632666667,-21.9368413333333,13.38,0.00,7.99,true,false,4.39,3.00,5.27,1
1773242332000,64.1471897,-21.9363225,36.37,19.27,18.31,false,false,40.48,2.00,72.87,0
1773242336000,64.14734985,-21.9360608333333,29.18,23.36,22.19,false,false,31.37,4.00,28.24,0
1773242338000,64.1474444166667,-21.9358861666667,26.34,26.34,25.02,false,false,12.27,2.00,22.08,0
1773242342000,64.1475502166667,-21.9356918333333,14.22,14.22,13.51,false,false,14.01,4.00,12.61,0
1773242345000,64.1475696333333,-21.9356561666667,5.73,0.00,13.51,true,false,0.76,3.00,0.91,1
1773242348000,64.1475674666667,-21.935662,0.00,0.00,0.00,true,true,2.37,3.00,2.84,2
1773242352000,64.14756505,-21.9356673333333,0.00,0.00,0.00,true,true,1.73,4.00,1.55,3
1773242354000,64.1475635666667,-21.935673,0.00,0.00,0.00,true,true,0.53,2.00,0.95,4
1773242356000,64.1475624166667,-21.9356791666667,0.00,0.00,0.00,true,true,0.47,2.00,0.84,5
1773242360000,64.1475607166667,-21.9356883333333,0.00,0.00,0.00,true,true,0.63,4.00,0.56,6
1773242362000,64.1475585666667,-21.9356925,0.00,0.00,0.00,true,true,0.39,2.00,0.71,7
1773242367000,64.1475577666667,-21.9356921666667,0.00,0.00,0.00,true,true,0.17,5.00,0.13,8
1773242369000,64.1475559666667,-21.9356906666667,0.00,0.00,0.00,true,true,0.22,2.00,0.40,9
1773242371000,64.1475536166667,-21.9356886666667,0.00,0.00,0.00,true,true,0.34,2.00,0.61,10
1773242374000,64.1475504,-21.9356833333333,0.00,0.00,0.00,true,true,0.54,3.00,0.65,11
1773242376000,64.1475492,-21.9356806666667,0.00,0.00,0.00,true,true,0.30,2.00,0.54,12
1773242380000,64.1475481833333,-21.9356738333333,0.00,0.00,0.00,true,true,0.43,4.00,0.39,13
1773242386000,64.1475482166667,-21.9356738333333,0.00,0.00,0.00,true,true,0.06,6.00,0.03,14
1773242390000,64.14754825,-21.9356736666667,0.00,0.00,0.00,true,true,0.01,4.00,0.01,15
1773242397000,64.1475525166667,-21.935667,0.00,0.00,0.00,true,true,0.57,7.00,0.30,16
1773242399000,64.1475620833333,-21.9356506666667,0.00,0.00,0.00,true,true,1.34,2.00,2.42,17
1773242402000,64.1475769,-21.9356235,0.00,0.00,0.00,true,true,2.45,3.00,2.94,18
1773242405000,64.1476781333333,-21.9353475,13.56,4.06,3.86,false,false,17.96,3.00,21.55,0
1773242407000,64.1476614833333,-21.9351965,14.43,0.00,3.86,true,false,9.97,2.00,17.95,1
1773242414000,64.1475051666667,-21.9346648333333,21.75,10.35,9.83,false,false,32.86,7.00,16.90,0
1773242416000,64.1474963833333,-21.9346095,15.36,0.00,9.83,true,false,3.43,2.00,6.17,1
1773242418000,64.1474981833333,-21.9346098333333,0.00,0.00,0.00,true,true,2.46,2.00,4.42,2
1773242421000,64.1475032,-21.9346121666667,0.00,0.00,0.00,true,true,3.76,3.00,4.51,3
1773242423000,64.14750335,-21.9346121666667,0.00,0.00,0.00,true,true,0.80,2.00,1.45,4
1773242427000,64.1474914333333,-21.9344938333333,0.00,0.00,0.00,true,true,5.73,4.00,5.15,5
1773242431000,64.1474399666667,-21.934101,16.22,6.11,5.80,false,false,20.71,4.00,18.64,0
1773242433000,64.1473924666667,-21.9338336666667,21.55,9.46,8.99,false,false,16.44,2.00,29.60,0
1773242436000,64.1473387,-21.9335381666667,21.25,13.25,12.58,false,false,17.58,3.00,21.09,0
1773242441000,64.1472475833333,-21.9330771666667,17.32,15.94,15.14,false,false,24.52,5.00,17.65,0
1773242444000,64.14718685,-21.932827,16.60,16.60,15.77,false,false,13.51,3.00,16.21,0
1773242446000,64.1471249333333,-21.932531,21.23,20.11,19.11,false,false,15.78,2.00,28.40,0
1773242451000,64.1469834833333,-21.931841,28.75,21.36,20.29,false,false,38.88,5.00,27.99,0
1773242455000,64.1468719833333,-21.931307,26.89,22.73,21.60,false,false,29.57,4.00,26.61,0
1773242458000,64.1468712,-21.9313123333333,9.31,0.00,21.60,true,false,0.51,3.00,0.62,1
1773242464000,64.14687075,-21.9313123333333,0.00,0.00,0.00,true,true,4.05,6.00,2.43,2
1773242466000,64.1468537166667,-21.9312116666667,0.00,0.00,0.00,true,true,4.24,2.00,7.63,3
1773242469000,64.1467750333333,-21.9308151666667,17.09,10.98,10.43,false,false,22.25,3.00,26.70,0
1773242472000,64.1467154833333,-21.9305653333333,20.04,8.46,8.04,false,false,18.16,3.00,21.79,0
1773242476000,64.1466257833333,-21.930044,24.51,13.46,12.78,false,false,27.96,4.00,25.17,0
1773242481000,64.1465175,-21.9294848333333,21.71,20.53,19.50,false,false,30.43,5.00,21.91,0
1773242483000,64.1463983666667,-21.9289365,34.54,25.70,24.42,false,false,29.48,2.00,53.06,0
1773242485000,64.14633795,-21.9286896666667,33.91,25.64,24.36,false,false,18.32,2.00,32.97,0
1773242489000,64.14627755,-21.9284298333333,15.11,15.11,14.35,false,false,14.05,4.00,12.64,0
1773242493000,64.1461567666667,-21.9278473333333,23.94,23.94,22.74,false,false,28.07,4.00,25.27,0
1773242497000,64.14607965,-21.9273445,24.42,24.42,23.20,false,false,27.23,4.00,24.51,0
1773242499000,64.1459925666667,-21.926869,32.76,24.74,23.50,false,false,25.12,2.00,45.22,0
1773242501000,64.1459354666667,-21.9266316666667,31.38,24.61,23.38,false,false,16.28,2.00,29.30,0
1773242504000,64.1459354666667,-21.9266316666667,11.33,0.00,23.38,true,false,0.85,3.00,1.02,1
1773242507000,64.1458592333333,-21.926256,15.09,15.09,14.33,false,false,14.41,3.00,17.30,0
1773242509000,64.1458439166667,-21.9261873333333,12.54,0.00,14.33,true,false,4.72,2.00,8.49,1
1773242513000,64.1458365833333,-21.9261621666667,0.00,0.00,0.00,true,true,0.45,4.00,0.41,2
1773242515000,64.1458365833333,-21.9261621666667,0.00,0.00,0.00,true,true,1.85,2.00,3.33,3
1773242522000,64.14582345,-21.926089,0.00,0.00,0.00,true,true,3.34,7.00,1.72,4
1773242524000,64.1458007166667,-21.9259711666667,0.00,0.00,0.00,true,true,6.38,2.00,11.48,5
1773242526000,64.1457462,-21.9256928333333,11.71,5.57,5.30,false,false,16.48,2.00,29.66,0
1773242528000,64.1457230666667,-21.9256048333333,13.97,0.00,5.30,true,false,9.84,2.00,17.72,1
1773242531000,64.1457151333333,-21.9255955,0.00,0.00,0.00,true,true,1.98,3.00,2.38,2
1773242534000,64.14571285,-21.9255936666667,0.00,0.00,0.00,true,true,1.97,3.00,2.37,3
1773242536000,64.1457126166667,-21.9255926666667,0.00,0.00,0.00,true,true,0.33,2.00,0.60,4
1773242541000,64.1456711333333,-21.9254096666667,0.00,0.00,0.00,true,true,9.92,5.00,7.14,5
1773242544000,64.1455677666667,-21.9249808333333,19.01,7.84,7.45,false,false,24.66,3.00,29.59,0
1773242548000,64.1454955166667,-21.9245891666667,21.98,11.56,10.98,false,false,24.91,4.00,22.42,0
1773242550000,64.1454955166667,-21.9245891666667,13.53,0.00,10.98,true,false,0.52,2.00,0.94,1
1773242554000,64.14535895,-21.9238875,28.70,18.31,17.40,false,false,34.13,4.00,30.72,0
1773242559000,64.1451275833333,-21.9226716666667,49.73,29.18,27.72,false,false,66.95,5.00,48.20,0
1773242561000,64.1450640333333,-21.9223253333333,44.33,29.74,28.25,false,false,20.31,2.00,36.55,0
1773242565000,64.1450187666667,-21.922001,16.82,16.82,15.98,false,false,14.64,4.00,13.18,0
1773242569000,64.1449438333333,-21.9215815,15.95,15.95,15.15,false,false,17.58,4.00,15.82,0
1773242572000,64.1448846666667,-21.9212323333333,19.62,19.62,18.63,false,false,18.07,3.00,21.68,0
1773242574000,64.1448496666667,-21.921038,19.73,19.73,18.75,false,false,11.07,2.00,19.92,0
1773242581000,64.1447310666667,-21.9204846666667,13.54,13.54,12.86,false,false,29.99,7.00,15.43,0
1773242585000,64.1446878666667,-21.9202591666667,10.87,10.87,10.33,false,false,11.66,4.00,10.49,0
1773242592000,64.1446816333333,-21.9202105,2.76,0.00,10.33,true,false,2.13,7.00,1.09,1
1773242597000,64.1446395666667,-21.9200346666667,0.00,0.00,0.00,true,true,9.12,5.00,6.57,2
1773242600000,64.1445822166667,-21.9198645,8.82,8.82,8.38,false,false,11.33,3.00,13.59,0
1773242602000,64.14457395,-21.9198281666667,8.11,0.00,8.38,true,false,3.91,2.00,7.04,1
1773242605000,64.14456845,-21.9198006666667,0.00,0.00,0.00,true,true,1.22,3.00,1.47,2
1773242607000,64.14456795,-21.9197991666667,0.00,0.00,0.00,true,true,1.07,2.00,1.93,3
1773242611000,64.1445678666667,-21.9197991666667,0.00,0.00,0.00,true,true,0.31,4.00,0.28,4
1773242615000,64.1445678833333,-21.9197991666667,0.00,0.00,0.00,true,true,0.04,4.00,0.04,5
1773242618000,64.1445679,-21.9197991666667,0.00,0.00,0.00,true,true,0.01,3.00,0.01,6
1773242620000,64.1445679833333,-21.9197993333333,0.00,0.00,0.00,true,true,0.01,2.00,0.02,7
1773242625000,64.1445519833333,-21.919719,0.00,0.00,0.00,true,true,4.29,5.00,3.09,8
1773242627000,64.14451085,-21.9195466666667,0.00,0.00,0.00,true,true,9.91,2.00,17.84,9
1773242630000,64.1444567,-21.919339,10.92,6.12,5.82,false,false,14.35,3.00,17.23,0
1773242633000,64.1443735833333,-21.9188455,25.57,12.25,11.64,false,false,28.54,3.00,34.25,0
1773242635000,64.1443735833333,-21.9188455,18.31,0.00,11.64,true,false,3.79,2.00,6.81,1
1773242640000,64.1441817,-21.9177573333333,41.26,24.88,23.63,false,false,54.00,5.00,38.88,0
1773242642000,64.14413315,-21.9174875,36.70,26.00,24.70,false,false,16.68,2.00,30.02,0
1773242648000,64.144071,-21.91716,1.60,1.60,1.52,false,false,15.70,6.00,9.42,0
1773242650000,64.1440676,-21.9171411666667,0.31,0.00,1.52,true,false,1.46,2.00,2.64,1
1773242653000,64.1440648,-21.9171378333333,0.00,0.00,0.00,true,true,0.38,3.00,0.46,2
1773242655000,64.1440638833333,-21.9171336666667,0.00,0.00,0.00,true,true,0.19,2.00,0.33,3
1773242657000,64.1440635666667,-21.9171335,0.00,0.00,0.00,true,true,0.08,2.00,0.15,4
1773242661000,64.1440613666667,-21.9171228333333,0.00,0.00,0.00,true,true,0.60,4.00,0.54,5
1773242667000,64.1439856166667,-21.9167446666667,15.27,4.51,4.28,false,false,20.30,6.00,12.18,0
1773242671000,64.1438856666667,-21.9163465,20.26,8.65,8.21,false,false,23.31,4.00,20.98,0
1773242674000,64.1438445666667,-21.916122,16.87,10.38,9.86,false,false,12.50,3.00,15.00,0
1773242679000,64.1437050333333,-21.9159415,12.15,11.49,10.92,false,false,17.03,5.00,12.26,0
1773242684000,64.1435261333333,-21.9161875,18.09,11.71,11.13,false,false,24.03,5.00,17.30,0
1773242686000,64.1435261333333,-21.9161875,11.51,0.00,11.13,true,false,1.49,2.00,2.69,1
1773242690000,64.1434150833333,-21.9162883333333,9.98,9.93,9.43,false,false,10.94,4.00,9.84,0
1773242696000,64.1433307333333,-21.9162966666667,4.86,0.00,9.43,true,false,9.40,6.00,5.64,1
1773242699000,64.1432854166667,-21.9163401666667,0.00,0.00,0.00,true,true,5.06,3.00,6.07,2
1773242704000,64.1432053,-21.9163976666667,0.00,0.00,0.00,true,true,9.59,5.00,6.91,3
1773242707000,64.14295635,-21.9166971666667,24.80,11.66,11.08,false,false,31.97,3.00,38.36,0
1773242712000,64.1428789,-21.9167878333333,9.73,9.73,9.24,false,false,15.16,5.00,10.92,0
1773242716000,64.1428785333333,-21.9167875,0.09,0.00,9.24,true,false,1.48,4.00,1.34,1
1773242718000,64.1428784833333,-21.9167875,0.00,0.00,0.00,true,true,1.37,2.00,2.46,2
1773242721000,64.1428784833333,-21.9167875,0.00,0.00,0.00,true,true,0.38,3.00,0.46,3
1773242724000,64.1428784833333,-21.9167875,0.00,0.00,0.00,true,true,0.08,3.00,0.09,4
1773242726000,64.1428785333333,-21.9167873333333,0.00,0.00,0.00,true,true,0.02,2.00,0.04,5
1773242732000,64.1428523,-21.9167991666667,0.00,0.00,0.00,true,true,2.96,6.00,1.78,6
1773242737000,64.1426114,-21.91698,21.80,5.90,5.60,false,false,28.31,5.00,20.38,0
1773242739000,64.1424265333333,-21.9172016666667,31.39,10.82,10.28,false,false,25.18,2.00,45.33,0
1773242741000,64.1424265333333,-21.9172016666667,21.50,0.00,10.28,true,false,3.49,2.00,6.28,1
1773242745000,64.1421219333333,-21.9175446666667,29.18,17.39,16.52,false,false,33.55,4.00,30.20,0
1773242747000,64.1419279666667,-21.9177723333333,35.86,27.14,25.79,false,false,25.53,2.00,45.96,0
1773242750000,64.1417695333333,-21.917954,30.07,29.04,27.58,false,false,22.22,3.00,26.67,0
1773242752000,64.1417226166667,-21.9180106666667,21.48,0.00,27.58,true,false,4.32,2.00,7.78,1
1773242754000,64.14171545,-21.9180228333333,0.00,0.00,0.00,true,true,2.63,2.00,4.74,2
1773242762000,64.1417164666667,-21.9180266666667,0.00,0.00,0.00,true,true,4.60,8.00,2.07,3
1773242764000,64.1417164666667,-21.9180265,0.00,0.00,0.00,true,true,0.12,2.00,0.21,4
1773242767000,64.1417165666667,-21.9180266666667,0.00,0.00,0.00,true,true,0.04,3.00,0.05,5
1773242772000,64.14171565,-21.9180273333333,0.00,0.00,0.00,true,true,0.10,5.00,0.07,6
1773242775000,64.1416826166667,-21.9180691666667,0.00,0.00,0.00,true,true,4.20,3.00,5.04,7
1773242849000,64.1388072166667,-21.9214011666667,34.79,15.00,14.25,false,false,358.62,74.00,17.45,0
1773242853000,64.1387762,-21.9214286666667,5.40,0.00,14.25,true,false,3.70,4.00,3.33,1
1773242856000,64.1387738333333,-21.9214273333333,0.00,0.00,0.00,true,true,4.74,3.00,5.69,2
1773242860000,64.1387737333333,-21.9214273333333,0.00,0.00,0.00,true,true,1.58,4.00,1.42,3
1773242862000,64.1387737,-21.9214273333333,0.00,0.00,0.00,true,true,0.19,2.00,0.34,4
1773242868000,64.1387563833333,-21.9214393333333,0.00,0.00,0.00,true,true,1.96,6.00,1.17,5
1773242873000,64.1385630333333,-21.9216325,18.13,4.62,4.39,false,false,23.53,5.00,16.94,0
1773242876000,64.1384628166667,-21.9217418333333,17.27,6.80,6.46,false,false,14.01,3.00,16.81,0
1773242883000,64.1380880666667,-21.9221375,25.99,13.10,12.44,false,false,45.64,7.00,23.47,0
1773242888000,64.13803905,-21.9221926666667,3.12,0.00,12.44,true,false,6.47,5.00,4.66,1
1773242893000,64.13791315,-21.9223288333333,10.10,10.10,9.60,false,false,13.39,5.00,9.64,0
1773242899000,64.1376310333333,-21.9226298333333,23.76,15.84,15.04,false,false,35.21,6.00,21.13,0
1773242902000,64.1375585333333,-21.922711,15.92,0.00,15.04,true,false,9.83,3.00,11.79,1
1773242907000,64.1375475833333,-21.92272,0.00,0.00,0.00,true,true,0.40,5.00,0.29,2
1773242911000,64.13754725,-21.9227206666667,0.00,0.00,0.00,true,true,1.69,4.00,1.52,3
1773242913000,64.1375404333333,-21.922728,0.00,0.00,0.00,true,true,0.65,2.00,1.17,4
1773242917000,64.1374100166667,-21.9228756666667,12.97,5.46,5.19,false,false,16.33,4.00,14.70,0
1773242922000,64.1371424333333,-21.9231641666667,26.14,9.22,8.76,false,false,34.99,5.00,25.19,0
1773242926000,64.1367214,-21.9235738333333,44.23,19.09,18.14,false,false,52.09,4.00,46.88,0
1773242930000,64.1363813833333,-21.9237016666667,37.54,26.17,24.86,false,false,40.77,4.00,36.70,0
1773242934000,64.1360479166667,-21.9237523333333,33.35,29.70,28.21,false,false,36.45,4.00,32.81,0
1773242936000,64.1360479166667,-21.9237523333333,19.59,0.00,28.21,true,false,1.02,2.00,1.83,1
1773242938000,64.13579945,-21.9237416666667,27.58,27.58,26.20,false,false,22.47,2.00,40.45,0
1773242942000,64.1353074166667,-21.9236815,49.55,35.40,33.63,false,false,58.22,4.00,52.40,0
1773242948000,64.1350845166667,-21.92414,19.33,19.33,18.37,false,false,35.98,6.00,21.59,0
1773242951000,64.13507065,-21.9249141666667,36.54,25.92,24.63,false,false,38.95,3.00,46.74,0
1773242955000,64.13521425,-21.9256366666667,37.92,24.67,23.43,false,false,42.94,4.00,38.65,0
1773242957000,64.13537065,-21.9257933333333,34.72,20.91,19.86,false,false,21.10,2.00,37.99,0
1773242960000,64.1356173,-21.9255928333333,31.47,19.78,18.79,false,false,33.38,3.00,40.06,0
1773242963000,64.1357216833333,-21.9251973333333,29.93,20.99,19.94,false,false,29.91,3.00,35.89,0
1773242968000,64.1358560833333,-21.9239235,51.46,21.11,20.05,false,false,68.18,5.00,49.09,0
1773242970000,64.1359147333333,-21.9230853333333,62.91,35.10,33.34,false,false,44.19,2.00,79.55,0
1773242972000,64.1359574,-21.922536,60.28,41.03,38.98,false,false,31.20,2.00,56.16,0
1773242975000,64.1360549,-21.9217425,51.70,46.32,44.01,false,false,38.98,3.00,46.77,0
1773242978000,64.1360823666667,-21.9215686666667,24.17,0.00,44.01,true,false,7.00,3.00,8.40,1
1773242982000,64.1360818166667,-21.9215601666667,0.00,0.00,0.00,true,true,6.76,4.00,6.09,2
1773242984000,64.1360845166667,-21.9215485,0.00,0.00,0.00,true,true,3.59,2.00,6.45,3
1773242987000,64.1361118666667,-21.9213868333333,0.00,0.00,0.00,true,true,7.46,3.00,8.95,4
1773242994000,64.1361609833333,-21.9210413333333,14.01,6.82,6.48,false,false,19.17,7.00,9.86,0
1773242997000,64.1361745333333,-21.9209216666667,10.09,0.00,6.48,true,false,6.67,3.00,8.01,1
1773242999000,64.1361745333333,-21.9209216666667,0.00,0.00,0.00,true,true,0.85,2.00,1.53,2
1773243002000,64.1361831666667,-21.9208456666667,0.00,0.00,0.00,true,true,2.02,3.00,2.43,3
1773243005000,64.13619785,-21.9207031666667,0.00,0.00,0.00,true,true,7.53,3.00,9.04,4
1773243007000,64.13620175,-21.9206575,0.00,0.00,0.00,true,true,3.73,2.00,6.71,5
1773243011000,64.1362135333333,-21.9205503333333,0.00,0.00,0.00,true,true,6.45,4.00,5.80,6
1773243013000,64.1362185166667,-21.9204545,0.00,0.00,0.00,true,true,5.57,2.00,10.02,7
1773243016000,64.1362262833333,-21.9203475,0.00,0.00,0.00,true,true,6.79,3.00,8.15,8
1773243018000,64.1362303166667,-21.9202225,0.00,0.00,0.00,true,true,7.48,2.00,13.46,9
1773243022000,64.13623385,-21.919815,17.50,9.85,9.35,false,false,21.98,4.00,19.78,0
1773243026000,64.1362258,-21.9195745,13.80,11.37,10.80,false,false,14.73,4.00,13.25,0
1773243031000,64.13621585,-21.9193986666667,5.22,0.00,10.80,true,false,8.09,5.00,5.82,1
1773243035000,64.13620955,-21.9193248333333,0.00,0.00,0.00,true,true,2.85,4.00,2.56,2
1773243039000,64.13617635,-21.9189035,16.05,11.02,10.47,false,false,20.48,4.00,18.43,0
1773243041000,64.1361466833333,-21.9185795,22.93,11.50,10.93,false,false,18.44,2.00,33.20,0
1773243044000,64.136092,-21.9180578333333,30.16,15.01,14.26,false,false,28.64,3.00,34.37,0
1773243046000,64.13603445,-21.9177015,32.63,20.34,19.33,false,false,20.40,2.00,36.72,0
1773243050000,64.1359652,-21.9171208333333,27.89,26.47,25.15,false,false,30.30,4.00,27.27,0
1773243057000,64.1358048666667,-21.9158136666667,35.73,31.09,29.54,false,false,65.16,7.00,33.51,0
1773243060000,64.1357609166667,-21.9154961666667,25.28,25.28,24.02,false,false,16.54,3.00,19.85,0
1773243062000,64.1356974666667,-21.9150641666667,29.50,29.50,28.03,false,false,19.94,2.00,35.89,0
1773243067000,64.1356741833333,-21.9149131666667,4.29,0.00,28.03,true,false,9.42,5.00,6.78,1
1773243070000,64.1356712,-21.9149081666667,0.00,0.00,0.00,true,true,2.39,3.00,2.87,2
1773243072000,64.1356713833333,-21.9149101666667,0.00,0.00,0.00,true,true,1.13,2.00,2.03,3
1773243078000,64.1356693333333,-21.9148975,0.00,0.00,0.00,true,true,0.34,6.00,0.20,4
1773243082000,64.1356154833333,-21.9145086666667,15.54,5.12,4.86,false,false,19.84,4.00,17.86,0
1773243084000,64.1356154833333,-21.9145086666667,10.87,0.00,4.86,true,false,2.19,2.00,3.95,1
1773243087000,64.1355052166667,-21.9137663333333,31.62,12.36,11.75,false,false,36.37,3.00,43.64,0
1773243092000,64.13533605,-21.9126298333333,47.31,21.01,19.96,false,false,63.85,5.00,45.97,0
1773243099000,64.1351399166667,-21.9115106666667,24.82,24.82,23.58,false,false,60.21,7.00,30.96,0
1773243101000,64.1351104166667,-21.9113745,19.21,0.00,23.58,true,false,6.40,2.00,11.52,1
1773243104000,64.13511045,-21.9113756666667,0.00,0.00,0.00,true,true,1.96,3.00,2.35,2
1773243107000,64.13511115,-21.9113788333333,0.00,0.00,0.00,true,true,3.60,3.00,4.32,3
1773243111000,64.1351112,-21.911379,0.00,0.00,0.00,true,true,0.70,4.00,0.63,4
1773243113000,64.1351112166667,-21.9113791666667,0.00,0.00,0.00,true,true,0.10,2.00,0.17,5
1773243119000,64.1351112833333,-21.9113796666667,0.00,0.00,0.00,true,true,0.05,6.00,0.03,6
1773243122000,64.1351113166667,-21.9113798333333,0.00,0.00,0.00,true,true,0.01,3.00,0.01,7
1773243124000,64.1351113,-21.9113798333333,0.00,0.00,0.00,true,true,0.00,2.00,0.00,8
1773243126000,64.1351113333333,-21.91138,0.00,0.00,0.00,true,true,0.01,2.00,0.02,9
1773243134000,64.1351113,-21.9113801666667,0.00,0.00,0.00,true,true,0.01,8.00,0.00,10
1773243137000,64.1351117166667,-21.9113818333333,0.00,0.00,0.00,true,true,0.09,3.00,0.11,11
1773243141000,64.1350587333333,-21.9111005,11.70,2.80,2.66,false,false,14.87,4.00,13.38,0
1773243143000,64.13500725,-21.9108296666667,18.64,5.51,5.24,false,false,16.14,2.00,29.05,0
1773243149000,64.1348196,-21.9096365,44.38,14.18,13.47,false,false,64.22,6.00,38.53,0
1773243155000,64.1346699666667,-21.9086271666667,29.26,24.39,23.17,false,false,53.61,6.00,32.16,0
1773243159000,64.1343904833333,-21.9067855,0.00,0.00,0.00,false,false,26.99,2.00,48.59,0
1773243162000,64.13431125,-21.9062676666667,36.63,36.63,34.80,false,false,28.15,3.00,33.78,0
1773243164000,64.1342351333333,-21.9057571666667,40.09,40.09,38.08,false,false,25.35,2.00,45.63,0
1773243168000,64.13408285,-21.904806,44.89,42.18,40.07,false,false,50.58,4.00,45.52,0
1773243170000,64.13408285,-21.904806,27.57,0.00,40.07,true,false,0.83,2.00,1.50,1
1773243172000,64.1339616666667,-21.9042101666667,34.42,34.42,32.70,false,false,25.39,2.00,45.69,0
1773243176000,64.1338433,-21.9036496666667,30.51,30.51,28.99,false,false,33.35,4.00,30.02,0
1773243178000,64.13383975,-21.903626,18.74,0.00,28.99,true,false,0.55,2.00,1.00,1
1773243183000,64.1338405,-21.9036346666667,0.00,0.00,0.00,true,true,4.91,5.00,3.53,2
1773243185000,64.1338405,-21.9036346666667,0.00,0.00,0.00,true,true,2.64,2.00,4.75,3
1773243188000,64.1338405666667,-21.9036353333333,0.00,0.00,0.00,true,true,0.73,3.00,0.87,4
1773243191000,64.1338405833333,-21.9036353333333,0.00,0.00,0.00,true,true,0.15,3.00,0.18,5
1773243196000,64.1338405666667,-21.9036356666667,0.00,0.00,0.00,true,true,0.04,5.00,0.03,6
1773243198000,64.1338405833333,-21.9036358333333,0.00,0.00,0.00,true,true,0.01,2.00,0.02,7
1773243202000,64.1338405833333,-21.9036356666667,0.00,0.00,0.00,true,true,0.01,4.00,0.00,8
1773243205000,64.1338248666667,-21.9034465,0.00,0.00,0.00,true,true,9.36,3.00,11.23,9
1773243212000,64.1337329333333,-21.9026583333333,30.03,8.38,7.96,false,false,41.32,7.00,21.25,0
1773243216000,64.1335528666667,-21.9016568333333,46.30,18.21,17.30,false,false,54.02,4.00,48.62,0
1773243220000,64.1335118833333,-21.901422,17.39,17.39,16.52,false,false,14.56,4.00,13.11,0
1773243224000,64.13344925,-21.9010406666667,14.45,14.45,13.73,false,false,15.58,4.00,14.02,0
1773243228000,64.1333992333333,-21.9007168333333,14.61,14.61,13.88,false,false,16.26,4.00,14.63,0
1773243231000,64.1333717666667,-21.9005223333333,12.91,0.00,13.88,true,false,9.96,3.00,11.95,1
1773243234000,64.1333426166667,-21.9003288333333,0.00,0.00,0.00,true,true,9.55,3.00,11.46,2
1773243239000,64.1333122166667,-21.9001476666667,0.00,0.00,0.00,true,true,9.20,5.00,6.63,3
1773243242000,64.1333017333333,-21.9000785,0.00,0.00,0.00,true,true,4.30,3.00,5.16,4
1773243244000,64.1332991666667,-21.9000551666667,0.00,0.00,0.00,true,true,1.91,2.00,3.43,5
1773243247000,64.1332989666667,-21.900053,0.00,0.00,0.00,true,true,0.64,3.00,0.77,6
1773243249000,64.13329895,-21.900053,0.00,0.00,0.00,true,true,0.13,2.00,0.24,7
1773243256000,64.1332989666667,-21.900053,0.00,0.00,0.00,true,true,0.04,7.00,0.02,8
1773243260000,64.1332989166667,-21.9000531666667,0.00,0.00,0.00,true,true,0.01,4.00,0.01,9
1773243265000,64.1332988833333,-21.9000531666667,0.00,0.00,0.00,true,true,0.00,5.00,0.00,10
1773243269000,64.1332988,-21.9000531666667,0.00,0.00,0.00,true,true,0.01,4.00,0.01,11
1773243272000,64.1332986166667,-21.9000531666667,0.00,0.00,0.00,true,true,0.02,3.00,0.03,12
1773243277000,64.1332985333333,-21.9000533333333,0.00,0.00,0.00,true,true,0.02,5.00,0.01,13
1773243285000,64.1332984666667,-21.9000533333333,0.00,0.00,0.00,true,true,0.01,8.00,0.00,14
1773243290000,64.1332870333333,-21.8999791666667,0.00,0.00,0.00,true,true,3.82,5.00,2.75,15
1773243300000,64.1331164,-21.8988283333333,34.99,7.29,6.93,false,false,59.31,10.00,21.35,0
1773243306000,64.1330938,-21.8986885,2.53,0.00,6.93,true,false,7.88,6.00,4.73,1
1773243310000,64.1330945,-21.8986896666667,0.00,0.00,0.00,true,true,2.35,4.00,2.12,2
1773243316000,64.13309445,-21.8986898333333,0.00,0.00,0.00,true,true,0.05,6.00,0.03,3
1773243321000,64.1330944333333,-21.89869,0.00,0.00,0.00,true,true,0.01,5.00,0.00,4
1773243326000,64.1330942666667,-21.89869,0.00,0.00,0.00,true,true,0.02,5.00,0.01,5
1773243331000,64.1330941833333,-21.8986901666667,0.00,0.00,0.00,true,true,0.01,5.00,0.01,6
1773243334000,64.1330941833333,-21.8986903333333,0.00,0.00,0.00,true,true,0.01,3.00,0.01,7
1773243336000,64.1330943166667,-21.8986903333333,0.00,0.00,0.00,true,true,0.01,2.00,0.03,8
1773243341000,64.13309415,-21.8986905,0.00,0.00,0.00,true,true,0.02,5.00,0.01,9
1773243346000,64.1330941666667,-21.8986905,0.00,0.00,0.00,true,true,0.00,5.00,0.00,10
1773243350000,64.1330942166667,-21.8986905,0.00,0.00,0.00,true,true,0.01,4.00,0.01,11
1773243352000,64.1330942166667,-21.8986906666667,0.00,0.00,0.00,true,true,0.01,2.00,0.01,12
1773243356000,64.1330942666667,-21.8986906666667,0.00,0.00,0.00,true,true,0.01,4.00,0.01,13
1773243362000,64.1330943333333,-21.898691,0.00,0.00,0.00,true,true,0.02,6.00,0.01,14
1773243365000,64.1330943333333,-21.898691,0.00,0.00,0.00,true,true,0.00,3.00,0.00,15
1773243367000,64.13307805,-21.8985878333333,0.00,0.00,0.00,true,true,5.33,2.00,9.59,16
1773243370000,64.1329935166667,-21.8980315,22.71,6.78,6.44,false,false,30.11,3.00,36.13,0
1773243372000,64.1328965333333,-21.8973656666667,41.93,15.29,14.52,false,false,40.32,2.00,72.58,0
1773243374000,64.1328189166667,-21.8968326666667,50.05,28.56,27.14,false,false,35.37,2.00,63.67,0
1773243376000,64.1327332666667,-21.896249,53.97,40.94,38.89,false,false,33.71,2.00,60.69,0
1773243380000,64.1326370333333,-21.8956441666667,32.53,32.53,30.91,false,false,33.18,4.00,29.86,0
1773243382000,64.1325385166667,-21.8950415,39.25,39.25,37.29,false,false,27.44,2.00,49.40,0
1773243389000,64.1322633166667,-21.8935118333333,44.18,42.31,40.19,false,false,82.94,7.00,42.65,0
1773243391000,64.13224755,-21.8934216666667,29.78,0.00,40.19,true,false,4.96,2.00,8.93,1
1773243398000,64.1322458666667,-21.8934038333333,0.00,0.00,0.00,true,true,4.23,7.00,2.17,2
1773243401000,64.1322456833333,-21.8934038333333,0.00,0.00,0.00,true,true,2.15,3.00,2.58,3
1773243406000,64.1322456166667,-21.893404,0.00,0.00,0.00,true,true,0.37,5.00,0.27,4
1773243408000,64.1322455333333,-21.8934041666667,0.00,0.00,0.00,true,true,0.03,2.00,0.06,5
1773243413000,64.1322455166667,-21.8934043333333,0.00,0.00,0.00,true,true,0.02,5.00,0.01,6
1773243417000,64.13224555,-21.8934045,0.00,0.00,0.00,true,true,0.01,4.00,0.01,7
1773243422000,64.1322454666667,-21.8934046666667,0.00,0.00,0.00,true,true,0.01,5.00,0.01,8
1773243425000,64.1322459333333,-21.8934046666667,0.00,0.00,0.00,true,true,0.05,3.00,0.06,9
1773243427000,64.1322459333333,-21.8934048333333,0.00,0.00,0.00,true,true,0.01,2.00,0.02,10
1773243431000,64.1322464666667,-21.8934068333333,0.00,0.00,0.00,true,true,0.12,4.00,0.11,11
1773243433000,64.1322475666667,-21.8934113333333,0.00,0.00,0.00,true,true,0.27,2.00,0.48,12
1773243437000,64.13225,-21.8934211666667,0.00,0.00,0.00,true,true,0.62,4.00,0.56,13
1773243442000,64.1322518833333,-21.8934285,0.00,0.00,0.00,true,true,0.50,5.00,0.36,14
1773243445000,64.132253,-21.8934318333333,0.00,0.00,0.00,true,true,0.24,3.00,0.29,15
1773243447000,64.13225465,-21.893419,0.00,0.00,0.00,true,true,0.63,2.00,1.13,16
1773243452000,64.1322395166667,-21.8931113333333,12.17,2.76,2.62,false,false,15.21,5.00,10.95,0
1773243457000,64.1321697166667,-21.8926256666667,19.30,7.13,6.77,false,false,26.13,5.00,18.81,0
1773243462000,64.1319094666667,-21.890905,67.44,23.08,21.92,false,false,89.18,5.00,64.21,0
1773243466000,64.1316836166667,-21.8894146666667,72.31,35.13,33.37,false,false,81.13,4.00,73.02,0
1773243468000,64.1316389333333,-21.8891206666667,54.67,37.63,35.74,false,false,15.81,2.00,28.46,0
1773243471000,64.1315101166667,-21.8882988333333,47.31,46.83,44.49,false,false,35.87,3.00,43.05,0
1773243477000,64.1313281666667,-21.8871856666667,29.66,29.66,28.18,false,false,55.79,6.00,33.48,0
1773243481000,64.1312450833333,-21.8866691666667,23.82,23.82,22.63,false,false,25.53,4.00,22.97,0
1773243485000,64.1312270166667,-21.886563,6.78,0.00,22.63,true,false,4.72,4.00,4.25,1
1773243487000,64.1312270833333,-21.8865616666667,0.00,0.00,0.00,true,true,2.44,2.00,4.39,2
1773243490000,64.1312263833333,-21.886555,0.00,0.00,0.00,true,true,1.34,3.00,1.61,3
1773243496000,64.1312257,-21.8865435,0.00,0.00,0.00,true,true,0.31,6.00,0.19,4
1773243498000,64.1312258,-21.8865436666667,0.00,0.00,0.00,true,true,0.02,2.00,0.03,5
1773243500000,64.1312258,-21.8865443333333,0.00,0.00,0.00,true,true,0.03,2.00,0.05,6
1773243502000,64.1312259666667,-21.8865443333333,0.00,0.00,0.00,true,true,0.02,2.00,0.04,7
1773243506000,64.1312255333333,-21.8865391666667,0.00,0.00,0.00,true,true,0.25,4.00,0.23,8
1773243508000,64.1312235166667,-21.8865261666667,0.00,0.00,0.00,true,true,0.71,2.00,1.27,9
1773243512000,64.1312199166667,-21.8865038333333,0.00,0.00,0.00,true,true,1.35,4.00,1.21,10
1773243516000,64.1312165666667,-21.886483,0.00,0.00,0.00,true,true,1.26,4.00,1.13,11
1773243520000,64.1312157333333,-21.8864798333333,0.00,0.00,0.00,true,true,0.33,4.00,0.29,12
1773243525000,64.1311790333333,-21.886248,9.32,2.85,2.71,false,false,12.02,5.00,8.65,0
1773243527000,64.1311227,-21.8858925,19.72,6.20,5.89,false,false,19.28,2.00,34.70,0
1773243531000,64.1310734833333,-21.885582,18.00,9.02,8.57,false,false,19.74,4.00,17.77,0
1773243533000,64.1310168833333,-21.8852141666667,24.21,13.86,13.17,false,false,18.67,2.00,33.61,0
1773243537000,64.1308552833333,-21.8841296666667,48.94,25.59,24.31,false,false,58.04,4.00,52.23,0
1773243540000,64.1307625833333,-21.8835161666667,45.03,33.69,32.01,false,false,35.67,3.00,42.81,0
1773243542000,64.1307072833333,-21.8831646666667,39.57,33.64,31.96,false,false,17.23,2.00,31.02,0
1773243545000,64.13062285,-21.8826325,33.78,33.78,32.09,false,false,25.29,3.00,30.35,0
1773243548000,64.13062285,-21.8826325,11.29,0.00,32.09,true,false,1.61,3.00,1.93,1
1773243551000,64.1305804166667,-21.8823685,0.00,0.00,0.00,true,true,7.87,3.00,9.45,2
1773243554000,64.13051505,-21.8819925,14.67,14.67,13.93,false,false,19.37,3.00,23.24,0
1773243556000,64.1305031666667,-21.8819288333333,13.92,0.00,13.93,true,false,7.09,2.00,12.75,1
1773243560000,64.1304965166667,-21.8819026666667,0.00,0.00,0.00,true,true,1.17,4.00,1.06,2
1773243567000,64.1304942666667,-21.8818908333333,0.00,0.00,0.00,true,true,1.33,7.00,0.68,3
1773243571000,64.1304942666667,-21.8818908333333,0.00,0.00,0.00,true,true,0.04,4.00,0.04,4
1773243573000,64.130494,-21.8818906666667,0.00,0.00,0.00,true,true,0.03,2.00,0.05,5
1773243577000,64.1304801666667,-21.8818075,0.00,0.00,0.00,true,true,4.33,4.00,3.89,6
1773243583000,64.13037715,-21.881193,24.47,5.78,5.49,false,false,32.54,6.00,19.53,0
1773243588000,64.1303160333333,-21.8808385,13.79,9.39,8.92,false,false,20.13,5.00,14.49,0
1773243592000,64.1302260833333,-21.8803191666667,22.31,14.04,13.33,false,false,26.17,4.00,23.55,0
1773243595000,64.1301526166667,-21.8798996666667,25.82,16.98,16.13,false,false,23.16,3.00,27.79,0
1773243599000,64.13012985,-21.8797671666667,9.36,0.00,16.13,true,false,7.73,4.00,6.95,1
1773243601000,64.1301100166667,-21.8796541666667,0.00,0.00,0.00,true,true,3.35,2.00,6.02,2
1773243605000,64.1300535833333,-21.8793241666667,13.28,13.28,12.61,false,false,16.72,4.00,15.04,0
1773243610000,64.1300028166667,-21.8790313333333,12.56,12.56,11.93,false,false,17.51,5.00,12.61,0
1773243615000,64.1299433666667,-21.8786773333333,13.26,11.47,10.89,false,false,18.36,5.00,13.22,0
1773243619000,64.1298773,-21.8782905,17.59,13.85,13.16,false,false,20.25,4.00,18.22,0
1773243622000,64.1298575833333,-21.8781751666667,11.41,0.00,13.16,true,false,6.63,3.00,7.95,1
1773243624000,64.1298435166667,-21.8781003333333,0.00,0.00,0.00,true,true,2.54,2.00,4.56,2
1773243628000,64.1298359166667,-21.878061,0.00,0.00,0.00,true,true,1.02,4.00,0.91,3
1773243631000,64.12983585,-21.8780608333333,0.00,0.00,0.00,true,true,0.15,3.00,0.18,4
1773243633000,64.1298358666667,-21.8780606666667,0.00,0.00,0.00,true,true,0.03,2.00,0.06,5
1773243636000,64.1298335666667,-21.8780475,0.00,0.00,0.00,true,true,0.70,3.00,0.84,6
1773243641000,64.1297558,-21.8775906666667,18.90,5.63,5.35,false,false,23.97,5.00,17.26,0
1773243643000,64.1297558,-21.8775906666667,12.63,0.00,5.35,true,false,1.96,2.00,3.52,1
1773243647000,64.1296274166667,-21.8768246666667,31.35,14.47,13.74,false,false,37.62,4.00,33.86,0
1773243649000,64.1295157333333,-21.8761625,45.77,22.22,21.10,false,false,37.53,2.00,67.55,0
1773243653000,64.1294347333333,-21.875686,29.46,26.02,24.72,false,false,30.32,4.00,27.29,0
1773243655000,64.12931375,-21.8749343333333,43.68,35.47,33.70,false,false,36.20,2.00,65.15,0
1773243658000,64.1291344,-21.8738663333333,62.29,46.43,44.11,false,false,61.00,3.00,73.20,0
1773243661000,64.1290036666667,-21.8729993333333,60.53,50.95,48.40,false,false,49.59,3.00,59.51,0
1773243663000,64.1290036666667,-21.8729993333333,36.81,0.00,48.40,true,false,0.52,2.00,0.94,1
1773243666000,64.1287329166667,-21.8713313333333,71.38,62.37,59.25,false,false,76.61,3.00,91.94,0
1773243672000,64.1285860666667,-21.8706326666667,16.55,16.55,15.72,false,false,47.30,6.00,28.38,0
1773243676000,64.1285636333333,-21.8704836666667,5.11,0.00,15.72,true,false,3.85,4.00,3.47,1
1773243678000,64.1285684333333,-21.8704906666667,0.00,0.00,0.00,true,true,2.19,2.00,3.94,2
1773243681000,64.1285685333333,-21.8704921666667,0.00,0.00,0.00,true,true,1.41,3.00,1.69,3
1773243684000,64.1285687333333,-21.8704925,0.00,0.00,0.00,true,true,0.31,3.00,0.37,4
1773243687000,64.1285689,-21.870493,0.00,0.00,0.00,true,true,0.09,3.00,0.11,5
1773243689000,64.1285691,-21.8704931666667,0.00,0.00,0.00,true,true,0.04,2.00,0.07,6
1773243694000,64.1285668666667,-21.8704361666667,0.00,0.00,0.00,true,true,2.77,5.00,2.00,7
1773243698000,64.1285195,-21.8699538333333,18.97,5.65,5.37,false,false,24.26,4.00,21.84,0
1773243704000,64.1282872666667,-21.8686045,50.18,17.43,16.55,false,false,73.16,6.00,43.90,0
1773243707000,64.1280356833333,-21.8671255,79.49,31.29,29.72,false,false,79.16,3.00,95.00,0
1773243713000,64.1278336,-21.8659428333333,30.70,30.70,29.17,false,false,67.98,6.00,40.79,0
1773243717000,64.1276497833333,-21.8648388333333,46.46,45.41,43.14,false,false,54.14,4.00,48.73,0
1773243719000,64.1275641666667,-21.8643356666667,48.35,48.35,45.94,false,false,28.42,2.00,51.15,0
1773243726000,64.1272893333333,-21.8627961666667,39.12,39.12,37.16,false,false,81.50,7.00,41.91,0
1773243730000,64.1270950833333,-21.8618086666667,45.96,43.57,41.39,false,false,52.17,4.00,46.95,0
1773243732000,64.1270950833333,-21.8618086666667,28.10,0.00,41.39,true,false,0.97,2.00,1.74,1
1773243734000,64.1269628833333,-21.8610085,41.51,41.51,39.44,false,false,34.99,2.00,62.98,0
1773243736000,64.12682695,-21.8601851666667,58.64,46.05,43.74,false,false,48.63,2.00,87.54,0
1773243742000,64.1265876333333,-21.8587283333333,47.56,47.56,45.18,false,false,83.73,6.00,50.24,0
1773243747000,64.1264158833333,-21.8577538333333,35.39,35.39,33.62,false,false,50.24,5.00,36.17,0
1773243750000,64.1263896166667,-21.8576228333333,16.98,0.00,33.62,true,false,5.87,3.00,7.05,1
1773243756000,64.1263883833333,-21.8576296666667,0.00,0.00,0.00,true,true,4.31,6.00,2.59,2
1773243759000,64.1263883833333,-21.8576296666667,0.00,0.00,0.00,true,true,1.66,3.00,1.99,3
1773243765000,64.1263809333333,-21.8575776666667,0.00,0.00,0.00,true,true,2.38,6.00,1.43,4
1773243767000,64.1263513333333,-21.8573896666667,0.00,0.00,0.00,true,true,9.83,2.00,17.69,5
1773243770000,64.1262715333333,-21.8568973333333,21.56,6.76,6.43,false,false,28.06,3.00,33.67,0
1773243776000,64.1259769166667,-21.8550131666667,72.58,24.29,23.08,false,false,102.71,6.00,61.62,0
1773243787000,64.1253066,-21.8510313333333,66.55,43.98,41.78,false,false,210.83,11.00,69.00,0
1773243793000,64.1249310833333,-21.8486143333333,76.73,59.64,56.66,false,false,124.56,6.00,74.73,0
1773243795000,64.1248037,-21.8477803333333,77.42,63.91,60.71,false,false,43.55,2.00,78.39,0
1773243799000,64.1245779166667,-21.8460648333333,78.43,69.32,65.85,false,false,87.30,4.00,78.57,0
1773243802000,64.1243816666667,-21.8443355,94.95,75.83,72.04,false,false,87.01,3.00,104.41,0
1773243810000,64.1241183833333,-21.8414386666667,51.71,51.71,49.12,false,false,147.72,8.00,66.47,0
1773243812000,64.1240615666667,-21.8406695,57.48,57.48,54.60,false,false,36.47,2.00,65.64,0
1773243817000,64.12392585,-21.8384371666667,82.54,75.89,72.10,false,false,111.54,5.00,80.31,0
1773243820000,64.1238880666667,-21.8377025,59.14,59.14,56.18,false,false,38.48,3.00,46.18,0
1773243822000,64.12385755,-21.8369768333333,57.25,57.25,54.39,false,false,30.20,2.00,54.36,0
1773243824000,64.1238311666667,-21.8362571666667,58.97,58.97,56.03,false,false,34.36,2.00,61.85,0
1773243828000,64.1237929833333,-21.8348403333333,62.37,62.37,59.26,false,false,69.79,4.00,62.81,0
1773243831000,64.1237759333333,-21.833443,75.04,62.47,59.34,false,false,68.55,3.00,82.26,0
1773243833000,64.1237748166667,-21.8327508333333,71.50,66.64,63.30,false,false,36.65,2.00,65.97,0
1773243838000,64.1237760666667,-21.8313723333333,44.44,44.44,42.22,false,false,65.57,5.00,47.21,0
1773243845000,64.1237981,-21.8292888333333,52.92,52.92,50.28,false,false,98.36,7.00,50.59,0
1773243847000,64.1238079166667,-21.82858,57.05,57.05,54.19,false,false,34.85,2.00,62.73,0
1773243862000,64.1238587,-21.8231733333333,68.84,57.89,54.99,false,false,264.22,15.00,63.41,0
1773243864000,64.1238587,-21.8231733333333,41.52,0.00,54.99,true,false,0.07,2.00,0.13,1
1773243867000,64.1238268666667,-21.8222733333333,40.35,40.35,38.33,false,false,33.21,3.00,39.85,0
1773243870000,64.1238270166667,-21.8220018333333,24.70,24.70,23.46,false,false,12.92,3.00,15.50,0
1773243872000,64.1238321666667,-21.8217221666667,21.85,0.00,23.46,true,false,9.71,2.00,17.47,1
1773243877000,64.12383805,-21.8212453333333,15.19,15.19,14.43,false,false,22.04,5.00,15.87,0
1773243884000,64.1238362,-21.8212588333333,6.75,0.00,14.43,true,false,1.39,7.00,0.71,1
1773243888000,64.1238368,-21.821259,0.00,0.00,0.00,true,true,0.99,4.00,0.89,2
1773243890000,64.1238367166667,-21.821259,0.00,0.00,0.00,true,true,0.70,2.00,1.25,3
1773243893000,64.1238366333333,-21.8212593333333,0.00,0.00,0.00,true,true,0.17,3.00,0.20,4
1773243896000,64.1238366333333,-21.8212596666667,0.00,0.00,0.00,true,true,0.02,3.00,0.02,5
1773243900000,64.1238430166667,-21.8211783333333,0.00,0.00,0.00,true,true,4.02,4.00,3.62,6
1773243903000,64.1238595666667,-21.8209693333333,8.30,3.43,3.26,false,false,10.83,3.00,12.99,0
1773243908000,64.1239100333333,-21.8198001666667,45.54,14.25,13.54,false,false,59.03,5.00,42.50,0
1773243912000,64.1239268833333,-21.8186851666667,51.33,23.75,22.56,false,false,58.00,4.00,52.20,0
1773243914000,64.1239268833333,-21.8186851666667,31.30,0.00,22.56,true,false,0.91,2.00,1.63,1
1773243919000,64.1239323,-21.816707,67.33,41.16,39.10,false,false,88.70,5.00,63.86,0
1773243927000,64.12385875,-21.8139565,59.45,51.05,48.50,false,false,137.73,8.00,61.98,0
1773243929000,64.1238445166667,-21.8134383333333,53.33,52.94,50.29,false,false,24.98,2.00,44.97,0
1773243931000,64.1238527,-21.8127933333333,53.00,53.00,50.35,false,false,29.33,2.00,52.79,0
1773243935000,64.1238708166667,-21.812673,11.11,0.00,50.35,true,false,6.56,4.00,5.91,1
1773243937000,64.1238775666667,-21.81266,0.00,0.00,0.00,true,true,6.65,2.00,11.96,2
1773243941000,64.1238802166667,-21.8126683333333,0.00,0.00,0.00,true,true,3.84,4.00,3.46,3
1773243946000,64.1238805166667,-21.8126673333333,0.00,0.00,0.00,true,true,0.47,5.00,0.34,4
1773243948000,64.1238805166667,-21.8126673333333,0.00,0.00,0.00,true,true,0.04,2.00,0.06,5
1773243952000,64.1238805666667,-21.8126673333333,0.00,0.00,0.00,true,true,0.01,4.00,0.01,6
1773243956000,64.1238805666667,-21.8126673333333,0.00,0.00,0.00,true,true,0.00,4.00,0.00,7
1773243959000,64.1238805666667,-21.8126675,0.00,0.00,0.00,true,true,0.01,3.00,0.01,8
1773243964000,64.12388055,-21.8126676666667,0.00,0.00,0.00,true,true,0.01,5.00,0.01,9
1773243967000,64.12388055,-21.8126678333333,0.00,0.00,0.00,true,true,0.01,3.00,0.01,10
1773243972000,64.1239449666667,-21.8124035,11.50,2.64,2.51,false,false,14.70,5.00,10.58,0
1773243979000,64.1243201,-21.8116768333333,35.41,10.73,10.19,false,false,55.68,7.00,28.64,0
1773243981000,64.1244975166667,-21.8116371666667,34.95,13.89,13.20,false,false,20.83,2.00,37.50,0
1773243989000,64.1253924,-21.8117786666667,54.25,24.99,23.74,false,false,101.11,8.00,45.50,0
1773243993000,64.1258613666667,-21.8118285,48.26,31.01,29.46,false,false,52.85,4.00,47.57,0
1773243998000,64.1263196833333,-21.8118786666667,35.32,35.32,33.55,false,false,50.29,5.00,36.21,0
1773244002000,64.1267185333333,-21.8119103333333,38.32,38.32,36.41,false,false,43.07,4.00,38.76,0
1773244004000,64.1267185333333,-21.8119103333333,23.22,0.00,36.41,true,false,0.43,2.00,0.77,1
1773244006000,64.1271427333333,-21.811935,43.01,41.25,39.18,false,false,41.49,2.00,74.68,0
1773244012000,64.1272450166667,-21.8119356666667,2.40,2.40,2.28,false,false,20.02,6.00,12.01,0
1773244015000,64.1272491666667,-21.811935,1.08,0.00,2.28,true,false,2.49,3.00,2.98,1
1773244017000,64.1272490166667,-21.8119356666667,0.00,0.00,0.00,true,true,0.78,2.00,1.41,2
1773244021000,64.1272489166667,-21.8119356666667,0.00,0.00,0.00,true,true,0.07,4.00,0.07,3
1773244024000,64.1272564166667,-21.8119371666667,0.00,0.00,0.00,true,true,0.83,3.00,0.99,4
1773244026000,64.12749695,-21.8119585,18.83,7.21,6.85,false,false,26.87,2.00,48.36,0
1773244029000,64.1277093833333,-21.8119746666667,30.55,13.17,12.51,false,false,31.25,3.00,37.50,0
1773244032000,64.1280989333333,-21.8120033333333,46.47,22.70,21.56,false,false,46.52,3.00,55.82,0
1773244037000,64.1286707166667,-21.8120436666667,48.88,35.59,33.81,false,false,67.60,5.00,48.67,0
1773244042000,64.1295969,-21.8122338333333,76.34,52.13,49.52,false,false,103.47,5.00,74.50,0
1773244044000,64.1299079333333,-21.8124211666667,73.08,53.81,51.12,false,false,38.30,2.00,68.95,0
1773244049000,64.1307881,-21.8133036666667,77.02,62.70,59.57,false,false,106.08,5.00,76.38,0
1773244053000,64.1310953166667,-21.8136125,39.76,39.76,37.78,false,false,37.98,4.00,34.18,0
1773244055000,64.131417,-21.8138753333333,47.25,47.25,44.89,false,false,32.61,2.00,58.70,0
1773244058000,64.1320875666667,-21.814128,76.53,65.65,62.37,false,false,78.44,3.00,94.12,0
1773244062000,64.1326868166667,-21.8140668333333,68.31,63.83,60.64,false,false,74.93,4.00,67.44,0
1773244069000,64.1332119666667,-21.813811,17.67,17.67,16.78,false,false,59.22,7.00,30.46,0
1773244073000,64.1333261666667,-21.8137483333333,10.58,10.58,10.05,false,false,10.78,4.00,9.70,0
1773244077000,64.1333206333333,-21.8137488333333,0.37,0.00,10.05,true,false,1.52,4.00,1.36,1
1773244079000,64.1333205166667,-21.8137491666667,0.00,0.00,0.00,true,true,1.53,2.00,2.75,2
1773244084000,64.1333203166667,-21.8137491666667,0.00,0.00,0.00,true,true,0.47,5.00,0.34,3
1773244090000,64.1333403166667,-21.813752,0.00,0.00,0.00,true,true,2.19,6.00,1.31,4
1773244093000,64.13341515,-21.8137646666667,0.00,0.00,0.00,true,true,8.43,3.00,10.12,5
1773244097000,64.1335346166667,-21.8137205,11.63,4.29,4.08,false,false,14.81,4.00,13.33,0
1773244099000,64.13377735,-21.8135733333333,28.27,9.27,8.81,false,false,29.64,2.00,53.35,0
1773244103000,64.134194,-21.8132888333333,46.66,18.89,17.94,false,false,54.57,4.00,49.11,0
1773244105000,64.1344286666667,-21.8130998333333,50.06,30.02,28.52,false,false,30.69,2.00,55.25,0
1773244110000,64.1351709833333,-21.812321,68.06,43.92,41.73,false,false,92.02,5.00,66.25,0
1773244113000,64.1354107333333,-21.8120098333333,49.42,49.42,46.95,false,false,32.63,3.00,39.15,0
1773244115000,64.1358704666667,-21.811338,69.83,57.77,54.88,false,false,56.49,2.00,101.69,0
1773244120000,64.1362961,-21.8105828333333,46.75,46.75,44.41,false,false,68.10,5.00,49.03,0
1773244125000,64.13665655,-21.8098115,37.18,37.18,35.32,false,false,52.50,5.00,37.80,0
1773244129000,64.1369499166667,-21.8091053333333,41.21,41.21,39.15,false,false,46.44,4.00,41.80,0
1773244133000,64.1369079166667,-21.8085658333333,24.85,24.85,23.61,false,false,27.12,4.00,24.40,0
1773244135000,64.1368147333333,-21.8082841666667,26.32,26.32,25.01,false,false,19.39,2.00,34.90,0
1773244138000,64.1366257833333,-21.8075573333333,42.16,30.25,28.74,false,false,43.03,3.00,51.63,0
1773244140000,64.1366257833333,-21.8075573333333,28.91,0.00,28.74,true,false,4.48,2.00,8.06,1
1773244144000,64.13649475,-21.8069336666667,25.65,25.65,24.37,false,false,28.08,4.00,25.27,0
1773244146000,64.13646275,-21.806765,21.48,0.00,24.37,true,false,8.49,2.00,15.27,1
1773244149000,64.13645195,-21.8067145,0.00,0.00,0.00,true,true,1.18,3.00,1.41,2
1773244153000,64.1364517333333,-21.806715,0.00,0.00,0.00,true,true,3.44,4.00,3.10,3
1773244155000,64.1364519166667,-21.806715,0.00,0.00,0.00,true,true,0.44,2.00,0.80,4
1773244164000,64.13644815,-21.8066736666667,0.00,0.00,0.00,true,true,1.94,9.00,0.77,5
1773244169000,64.1363239666667,-21.8058635,32.48,7.26,6.90,false,false,41.75,5.00,30.06,0
1773244173000,64.1362147333333,-21.8051925,33.85,11.76,11.17,false,false,37.83,4.00,34.05,0
1773244175000,64.1360948666667,-21.804404,49.74,19.46,18.49,false,false,40.76,2.00,73.36,0
1773244179000,64.1359306833333,-21.8033438333333,53.94,26.02,24.72,false,false,60.55,4.00,54.50,0
1773244181000,64.1358501833333,-21.8028506666667,51.29,41.72,39.63,false,false,26.27,2.00,47.29,0
1773244186000,64.1356762833333,-21.801976,30.92,30.92,29.38,false,false,45.69,5.00,32.90,0
1773244190000,64.1356134,-21.8016991666667,14.24,14.24,13.53,false,false,13.05,4.00,11.74,0
1773244193000,64.1356106833333,-21.8017008333333,3.37,0.00,13.53,true,false,2.38,3.00,2.86,1
1773244195000,64.1356106833333,-21.8017008333333,0.00,0.00,0.00,true,true,2.52,2.00,4.54,2
1773244199000,64.13561085,-21.801701,0.00,0.00,0.00,true,true,1.26,4.00,1.13,3
1773244201000,64.1356108833333,-21.8017011666667,0.00,0.00,0.00,true,true,0.18,2.00,0.32,4
1773244205000,64.1355564333333,-21.8014366666667,11.24,3.41,3.24,false,false,14.16,4.00,12.74,0
1773244207000,64.1354934833333,-21.8011548333333,19.14,7.59,7.21,false,false,17.26,2.00,31.06,0
1773244211000,64.1354111666667,-21.8008101666667,19.79,10.93,10.38,false,false,22.08,4.00,19.88,0
1773244214000,64.1352392833333,-21.8000783333333,38.13,21.34,20.27,false,false,40.47,3.00,48.57,0
1773244218000,64.1351316166667,-21.7996211666667,28.07,24.16,22.96,false,false,29.55,4.00,26.60,0
1773244220000,64.1350432666667,-21.799225,31.26,29.16,27.71,false,false,20.03,2.00,36.05,0
1773244225000,64.1349007333333,-21.798604,24.77,24.77,23.53,false,false,35.28,5.00,25.40,0
1773244230000,64.1347407833333,-21.7979353333333,26.27,26.27,24.95,false,false,36.34,5.00,26.17,0
1773244240000,64.1346753166667,-21.7977236666667,9.39,9.39,8.92,false,false,12.74,10.00,4.59,0
1773244245000,64.13467735,-21.7977335,0.15,0.00,8.92,true,false,1.17,5.00,0.84,1
1773244251000,64.1346315,-21.7975096666667,9.56,9.56,9.08,false,false,12.83,6.00,7.70,0
1773244255000,64.1344987333333,-21.7969128333333,27.33,11.21,10.65,false,false,33.15,4.00,29.83,0
1773244258000,64.13442925,-21.7965151666667,27.67,9.91,9.42,false,false,23.23,3.00,27.88,0
1773244260000,64.13442925,-21.7965151666667,16.91,0.00,9.42,true,false,0.32,2.00,0.58,1
1773244264000,64.1345031166667,-21.7946423333333,71.43,28.65,27.22,false,false,87.67,4.00,78.91,0
1773244266000,64.1345031166667,-21.7946423333333,49.89,0.00,27.22,true,false,9.74,2.00,17.53,1
1773244270000,64.1348531833333,-21.7937303333333,46.53,38.24,36.33,false,false,52.73,4.00,47.46,0
1773244275000,64.13520135,-21.793359,32.22,32.22,30.61,false,false,45.59,5.00,32.82,0
1773244278000,64.13520135,-21.793359,10.93,0.00,30.61,true,false,2.46,3.00,2.95,1
1773244280000,64.13544385,-21.7932833333333,22.62,22.62,21.49,false,false,22.58,2.00,40.64,0
1773244286000,64.1356133,-21.793202,11.83,11.83,11.24,false,false,23.83,6.00,14.30,0
1773244290000,64.1356142166667,-21.7932025,1.02,0.00,11.24,true,false,0.68,4.00,0.61,1
1773244295000,64.1356142166667,-21.7932026666667,0.00,0.00,0.00,true,true,1.53,5.00,1.10,2
1773244300000,64.13587495,-21.7931053333333,22.46,12.42,11.80,false,false,29.11,5.00,20.96,0
1773244305000,64.1360584666667,-21.7930293333333,15.98,10.00,9.50,false,false,22.80,5.00,16.41,0
1773244312000,64.1367543,-21.7925566666667,50.63,18.09,17.19,false,false,79.99,7.00,41.14,0
1773244325000,64.1379335333333,-21.7906323333333,44.18,29.46,27.99,false,false,162.37,13.00,44.96,0
1773244330000,64.1381342166667,-21.7902716666667,18.33,18.33,17.42,false,false,28.31,5.00,20.38,0
1773244335000,64.1385961666667,-21.7897185,41.84,35.41,33.64,false,false,55.96,5.00,40.29,0
1773244337000,64.1387839166667,-21.7895751666667,42.46,38.96,37.01,false,false,24.20,2.00,43.56,0
1773244341000,64.1389546166667,-21.7894815,20.70,20.70,19.66,false,false,19.87,4.00,17.89,0
1773244345000,64.1392486166667,-21.7893721666667,25.98,25.98,24.68,false,false,29.77,4.00,26.80,0
1773244347000,64.13924695,-21.7893758333333,16.01,0.00,24.68,true,false,0.79,2.00,1.42,1
1773244349000,64.13924585,-21.7893775,0.00,0.00,0.00,true,true,3.88,2.00,6.98,2
1773244354000,64.1392457333333,-21.7893773333333,0.00,0.00,0.00,true,true,3.89,5.00,2.80,3
1773244360000,64.1393382333333,-21.7893535,0.00,0.00,0.00,true,true,9.99,6.00,5.99,4
1773244365000,64.1395879333333,-21.7893035,21.82,6.82,6.48,false,false,28.30,5.00,20.38,0
1773244368000,64.1395879333333,-21.7893035,9.21,0.00,6.48,true,false,1.98,3.00,2.38,1
1773244371000,64.1398965333333,-21.7889326666667,30.66,12.35,11.74,false,false,36.17,3.00,43.40,0
1773244377000,64.1399851166667,-21.7892983333333,15.29,12.88,12.24,false,false,20.41,6.00,12.24,0
1773244382000,64.1399689833333,-21.7904208333333,42.61,14.26,13.55,false,false,56.62,5.00,40.77,0
1773244385000,64.1400553166667,-21.7912563333333,48.89,19.45,18.47,false,false,44.07,3.00,52.89,0
1773244387000,64.1401530166667,-21.7922425,65.58,29.52,28.04,false,false,50.88,2.00,91.59,0
1773244393000,64.1403605,-21.7942111666667,62.35,42.73,40.60,false,false,105.12,6.00,63.07,0
1773244396000,64.1404646833333,-21.7953713333333,66.48,56.71,53.88,false,false,57.32,3.00,68.78,0
1773244399000,64.1405117666667,-21.7958558333333,43.33,43.33,41.17,false,false,25.05,3.00,30.06,0
1773244405000,64.1408037333333,-21.7963085,21.19,21.19,20.13,false,false,35.14,6.00,21.08,0
1773244408000,64.1408800166667,-21.7960656666667,18.33,18.33,17.42,false,false,17.32,3.00,20.78,0
1773244412000,64.1408597833333,-21.7953918333333,29.20,15.11,14.36,false,false,35.57,4.00,32.01,0
1773244414000,64.14082025,-21.7945755,48.38,11.05,10.50,false,false,43.00,2.00,77.39,0
1773244443000,64.1410814666667,-21.7931723333333,30.51,11.84,11.25,false,false,80.11,29.00,9.94,0
1773244447000,64.14157135,-21.7930616666667,45.77,15.35,14.58,false,false,54.65,4.00,49.19,0
1773244450000,64.1417139666667,-21.7929788333333,33.70,15.09,14.34,false,false,23.31,3.00,27.98,0
1773244453000,64.1418371166667,-21.7928201666667,22.45,14.53,13.80,false,false,14.05,3.00,16.86,0
1773244455000,64.1419393833333,-21.792629,22.18,13.71,13.03,false,false,12.78,2.00,23.01,0
1773244459000,64.1423352166667,-21.7924306666667,37.77,32.39,30.77,false,false,44.43,4.00,39.98,0
1773244461000,64.1423352166667,-21.7924306666667,24.80,0.00,30.77,true,false,3.15,2.00,5.67,1
1773244466000,64.14246695,-21.792413,0.00,0.00,0.00,true,true,9.99,5.00,7.19,2
1773244470000,64.1424600333333,-21.792413,0.00,0.00,0.00,true,true,2.88,4.00,2.59,3
1773244475000,64.1424597666667,-21.7924128333333,0.00,0.00,0.00,true,true,0.35,5.00,0.25,4
1773244480000,64.1424691666667,-21.7924118333333,0.00,0.00,0.00,true,true,1.02,5.00,0.73,5
1773244486000,64.1427849,-21.7923561666667,26.19,7.22,6.86,false,false,35.22,6.00,21.13,0
1773244494000,64.14310225,-21.7922911666667,12.13,9.11,8.66,false,false,37.03,8.00,16.66,0
1773244496000,64.1432413333333,-21.7922968333333,18.42,12.05,11.45,false,false,15.00,2.00,26.99,0
1773244500000,64.1435234166667,-21.7924376666667,29.27,17.03,16.18,false,false,34.18,4.00,30.76,0
1773244504000,64.1439240166667,-21.7921241666667,41.12,24.36,23.14,false,false,48.21,4.00,43.39,0
1773244506000,64.1440458666667,-21.792072,36.14,25.36,24.09,false,false,15.96,2.00,28.72,0
1773244511000,64.1442553,-21.7920331666667,13.32,13.32,12.65,false,false,21.44,5.00,15.44,0
1773244516000,64.1444841333333,-21.7917108333333,20.31,20.31,19.30,false,false,27.38,5.00,19.71,0
1773244521000,64.1445571833333,-21.7915071666667,9.29,9.29,8.83,false,false,13.82,5.00,9.95,0
1773244523000,64.1445969166667,-21.7914121666667,9.48,0.00,8.83,true,false,5.42,2.00,9.76,1
1773244528000,64.1446064333333,-21.7913836666667,0.00,0.00,0.00,true,true,1.81,5.00,1.30,2
1773244530000,64.1446064,-21.7913838333333,0.00,0.00,0.00,true,true,0.94,2.00,1.69,3
1773244534000,64.1446063833333,-21.7913841666667,0.00,0.00,0.00,true,true,0.26,4.00,0.24,4
1773244536000,64.14460635,-21.7913841666667,0.00,0.00,0.00,true,true,0.04,2.00,0.07,5
1773244540000,64.1446063166667,-21.7913841666667,0.00,0.00,0.00,true,true,0.01,4.00,0.01,6
1773244543000,64.14462795,-21.7913355,0.00,0.00,0.00,true,true,3.37,3.00,4.04,7
1773244548000,64.1447936,-21.7909225,21.82,6.11,5.81,false,false,27.83,5.00,20.04,0
1773244553000,64.1451161166667,-21.7901745,39.52,15.46,14.68,false,false,53.24,5.00,38.33,0
1773244558000,64.14526845,-21.789609,23.37,18.54,17.61,false,false,33.87,5.00,24.39,0
1773244560000,64.1453398333333,-21.7893155,24.82,23.27,22.11,false,false,14.98,2.00,26.96,0
1773244563000,64.1455701833333,-21.7887551666667,37.69,29.38,27.91,false,false,37.77,3.00,45.33,0
1773244568000,64.1457867333333,-21.7882505,26.34,26.34,25.02,false,false,37.88,5.00,27.27,0
1773244573000,64.1461069,-21.787544,35.36,30.34,28.82,false,false,48.28,5.00,34.76,0
1773244576000,64.1461353,-21.787525,15.41,0.00,28.82,true,false,4.06,3.00,4.87,1
1773244578000,64.1461307333333,-21.7875285,0.00,0.00,0.00,true,true,4.89,2.00,8.80,2
1773244581000,64.1461293833333,-21.7875286666667,0.00,0.00,0.00,true,true,3.89,3.00,4.67,3
1773244586000,64.14613335,-21.7875271666667,0.00,0.00,0.00,true,true,0.48,5.00,0.34,4
1773244590000,64.1462343,-21.7874886666667,8.89,3.05,2.90,false,false,11.34,4.00,10.21,0
1773244593000,64.1463549833333,-21.787424,14.74,5.28,5.01,false,false,15.02,3.00,18.03,0
1773244606000,64.1472777166667,-21.7853336666667,62.97,21.36,20.29,false,false,145.46,13.00,40.28,0
1773244609000,64.14727615,-21.785033,31.56,22.60,21.47,false,false,15.02,3.00,18.03,0
1773244615000,64.1474706,-21.784778,8.31,8.31,7.90,false,false,17.41,6.00,10.45,0
1773244621000,64.1478478666667,-21.7856575,43.71,23.25,22.09,false,false,61.00,6.00,36.60,0
1773244623000,64.14804565,-21.7858738333333,44.58,24.30,23.08,false,false,26.39,2.00,47.49,0
1773244628000,64.1484914333333,-21.7863721666667,40.21,23.57,22.39,false,false,56.15,5.00,40.43,0
1773244635000,64.1492859166667,-21.7875235,58.77,35.17,33.41,false,false,103.98,7.00,53.47,0
1773244638000,64.1493136,-21.7875795,23.88,0.00,33.41,true,false,5.03,3.00,6.03,1
1773244642000,64.1493025833333,-21.7875706666667,0.00,0.00,0.00,true,true,8.59,4.00,7.73,2
1773244644000,64.14930235,-21.7875706666667,0.00,0.00,0.00,true,true,4.19,2.00,7.54,3
1773244648000,64.1493020833333,-21.7875706666667,0.00,0.00,0.00,true,true,1.16,4.00,1.04,4
1773244653000,64.1493778333333,-21.7876876666667,0.00,0.00,0.00,true,true,10.00,5.00,7.20,5
1773244655000,64.1494369833333,-21.787742,0.00,0.00,0.00,true,true,7.82,2.00,14.08,6
1773244659000,64.1496110666667,-21.7878533333333,17.55,7.82,7.43,false,false,22.10,4.00,19.89,0
1773244662000,64.1497198833333,-21.7879096666667,17.99,9.85,9.36,false,false,15.21,3.00,18.26,0
1773244675000,64.1500650333333,-21.7874645,15.39,11.33,10.77,false,false,44.17,13.00,12.23,0
1773244683000,64.1498769666667,-21.7858245,49.65,12.72,12.09,false,false,82.59,8.00,37.16,0
1773244685000,64.1498442166667,-21.7855378333333,40.61,13.93,13.23,false,false,15.59,2.00,28.05,0
1773244719000,64.1506815,-21.7847783333333,44.29,11.45,10.87,false,false,100.20,34.00,10.61,0
1773244745000,64.15054265,-21.7804993333333,91.74,16.08,15.28,false,false,208.49,26.00,28.87,0
1773244750000,64.1505457,-21.780515,12.57,0.00,15.28,true,false,0.67,5.00,0.49,1
1773244755000,64.1504711666667,-21.7803505,0.00,0.00,0.00,true,true,4.62,5.00,3.33,2
1773244760000,64.1503132666667,-21.7797915,25.96,13.61,12.92,false,false,33.63,5.00,24.22,0
1773244770000,64.1506151333333,-21.7772648333333,66.01,25.72,24.43,false,false,128.91,10.00,46.41,0
1773244775000,64.15087025,-21.7764466666667,33.50,23.98,22.78,false,false,49.82,5.00,35.87,0
1773244780000,64.1512678,-21.7751068333333,56.11,32.91,31.26,false,false,75.86,5.00,54.62,0
1773244784000,64.1512988666667,-21.774672,25.06,25.06,23.81,false,false,23.38,4.00,21.04,0
1773244790000,64.1512892833333,-21.7727711666667,61.16,42.87,40.73,false,false,89.37,6.00,53.62,0
1773244796000,64.1512423666667,-21.7719796666667,16.29,16.29,15.48,false,false,41.33,6.00,24.80,0
1773244798000,64.15114875,-21.7717963333333,16.89,16.89,16.04,false,false,11.95,2.00,21.50,0
1773244800000,64.1510285333333,-21.771745,19.46,19.46,18.48,false,false,15.62,2.00,28.12,0
1773244803000,64.1506927833333,-21.7717336666667,36.68,29.86,28.37,false,false,40.27,3.00,48.32,0
1773244805000,64.1506927833333,-21.7717336666667,26.30,0.00,28.37,true,false,5.80,2.00,10.44,1
1773244810000,64.1501145,-21.7717656666667,45.11,32.36,30.74,false,false,59.90,5.00,43.13,0
1773244813000,64.1497159166667,-21.771793,51.84,38.24,36.33,false,false,46.32,3.00,55.59,0
1773244816000,64.149157,-21.7718665,67.39,46.84,44.50,false,false,63.65,3.00,76.39,0
1773244818000,64.1488778333333,-21.7719336666667,65.67,48.49,46.07,false,false,35.01,2.00,63.01,0
1773244820000,64.1486084666667,-21.772014,60.90,55.72,52.93,false,false,29.49,2.00,53.09,0
1773244825000,64.1480847,-21.7722281666667,38.59,38.59,36.66,false,false,56.95,5.00,41.00,0
1773244828000,64.1478208166667,-21.7723696666667,35.13,35.13,33.37,false,false,27.68,3.00,33.21,0
1773244835000,64.1468749333333,-21.773016,64.54,49.23,46.76,false,false,108.83,7.00,55.97,0
1773244837000,64.14650475,-21.773308,71.26,51.57,48.99,false,false,44.86,2.00,80.74,0
1773244843000,64.1460762666667,-21.7738823333333,25.09,25.09,23.84,false,false,57.48,6.00,34.49,0
1773244846000,64.1459746333333,-21.7739161666667,14.58,0.00,23.84,true,false,8.09,3.00,9.71,1
1773244848000,64.1458891333333,-21.7738786666667,0.00,0.00,0.00,true,true,8.99,2.00,16.18,2
1773244855000,64.1455056,-21.7741463333333,32.85,29.13,27.67,false,false,44.18,7.00,22.72,0
1773244860000,64.1450928166667,-21.7744591666667,36.14,26.08,24.78,false,false,49.88,5.00,35.91,0
1773244863000,64.1450818,-21.7744693333333,13.95,0.00,24.78,true,false,1.66,3.00,1.99,1
1773244865000,64.1450271333333,-21.7745236666667,0.00,0.00,0.00,true,true,1.84,2.00,3.31,2
1773244870000,64.1448780833333,-21.7748645,17.60,17.60,16.72,false,false,21.98,5.00,15.83,0
1773244872000,64.1447347666667,-21.7748311666667,21.04,19.47,18.49,false,false,17.20,2.00,30.95,0
1773244878000,64.1447297166667,-21.7742758333333,24.72,8.27,7.85,false,false,29.13,6.00,17.48,0
1773244883000,64.14501715,-21.7742731666667,25.59,2.15,2.04,false,false,33.57,5.00,24.17,0
1773244888000,64.1452667,-21.774193,21.19,4.87,4.62,false,false,29.83,5.00,21.48,0
1773244892000,64.1456463166667,-21.773895,37.32,15.96,15.16,false,false,44.20,4.00,39.78,0
1773244897000,64.1456716166667,-21.7738926666667,1.10,0.00,15.16,true,false,5.08,5.00,3.66,1
1773244902000,64.1456711333333,-21.7738956666667,0.00,0.00,0.00,true,true,3.58,5.00,2.58,2
1773244908000,64.14567105,-21.7738958333333,0.00,0.00,0.00,true,true,0.38,6.00,0.23,3
1773244919000,64.1456711333333,-21.7738971666667,0.00,0.00,0.00,true,true,0.07,11.00,0.02,4
1773244921000,64.14567115,-21.773897,0.00,0.00,0.00,true,true,0.01,2.00,0.01,5
1773244925000,64.1456710166667,-21.7738975,0.00,0.00,0.00,true,true,0.03,4.00,0.02,6
1773244937000,64.1459295333333,-21.7737665,15.49,3.02,2.87,false,false,29.39,12.00,8.82,0
1773244943000,64.14606115,-21.7734751666667,12.23,4.93,4.68,false,false,20.49,6.00,12.30,0
1773244947000,64.1462189333333,-21.7735065,14.33,8.20,7.79,false,false,17.06,4.00,15.36,0
1773244952000,64.1465221666667,-21.773303,26.57,11.49,10.91,false,false,35.68,5.00,25.69,0
1773244957000,64.14723155,-21.7727518333333,63.24,20.50,19.47,false,false,84.40,5.00,60.77,0
1773244961000,64.1477990333333,-21.7723923333333,62.06,32.74,31.11,false,false,68.78,4.00,61.90,0
1773244968000,64.1485877666667,-21.7720185,39.80,39.80,37.81,false,false,89.30,7.00,45.92,0
1773244973000,64.1497471666667,-21.7717663333333,96.19,55.56,52.79,false,false,128.31,5.00,92.38,0
1773244983000,64.1510394666667,-21.7716516666667,26.50,26.50,25.18,false,false,148.64,10.00,53.51,0
1773244992000,64.1513923,-21.7714728333333,11.00,11.00,10.45,false,false,38.85,9.00,15.54,0
1773244999000,64.1513309333333,-21.772316,32.05,32.05,30.45,false,false,41.41,7.00,21.30,0
1773245003000,64.1513241333333,-21.7727381666667,21.32,21.32,20.25,false,false,22.16,4.00,19.95,0
1773245007000,64.1513301,-21.7739365,47.35,21.71,20.63,false,false,56.95,4.00,51.25,0
1773245012000,64.1513179,-21.77496,37.88,20.28,19.26,false,false,53.55,5.00,38.56,0
1773245017000,64.15103025,-21.7761638333333,48.49,33.26,31.60,false,false,65.93,5.00,47.47,0
1773245023000,64.1506514333333,-21.7773585,43.00,38.38,36.46,false,false,73.31,6.00,43.98,0
1773245028000,64.1504348333333,-21.7782293333333,34.23,34.23,32.51,false,false,48.29,5.00,34.77,0
1773245034000,64.1502933666667,-21.7795575,41.20,39.45,37.48,false,false,65.90,6.00,39.54,0
1773245037000,64.1503535166667,-21.7799746666667,30.65,30.65,29.12,false,false,22.19,3.00,26.63,0
1773245039000,64.1505905833333,-21.7806006666667,44.59,36.10,34.29,false,false,40.15,2.00,72.26,0
1773245042000,64.1506946166667,-21.7807681666667,32.15,31.33,29.77,false,false,22.08,3.00,26.49,0
1773245046000,64.1508282333333,-21.7809958333333,16.71,16.71,15.88,false,false,16.36,4.00,14.72,0
1773245048000,64.15105405,-21.7814723333333,32.60,32.29,30.68,false,false,31.59,2.00,56.86,0
1773245052000,64.1513289333333,-21.7825898333333,57.79,40.04,38.04,false,false,68.25,4.00,61.43,0
1773245054000,64.1513785333333,-21.7830911666667,55.40,35.80,34.01,false,false,29.88,2.00,53.79,0
1773245057000,64.15137405,-21.7840395,54.23,42.16,40.05,false,false,46.76,3.00,56.11,0
1773245061000,64.1513255666667,-21.7844075,22.75,22.75,21.61,false,false,21.32,4.00,19.19,0
1773245063000,64.1512228833333,-21.7846566666667,22.75,22.75,21.61,false,false,15.16,2.00,27.29,0
1773245065000,64.1510796333333,-21.7847341666667,24.87,24.87,23.62,false,false,18.65,2.00,33.56,0
1773245070000,64.15077475,-21.7847475,27.52,23.55,22.37,false,false,37.15,5.00,26.75,0
1773245072000,64.15049265,-21.784863,39.62,25.40,24.13,false,false,32.21,2.00,57.98,0
1773245074000,64.15036835,-21.7848978333333,37.09,30.20,28.69,false,false,18.49,2.00,33.27,0
1773245080000,64.1502632333333,-21.784962,3.83,3.83,3.64,false,false,11.22,6.00,6.73,0
1773245084000,64.1502653666667,-21.7849628333333,2.88,0.00,3.64,true,false,3.14,4.00,2.83,1
1773245088000,64.1502633666667,-21.7849638333333,0.00,0.00,0.00,true,true,0.34,4.00,0.31,2
1773245093000,64.14999875,-21.7851151666667,23.76,9.65,9.16,false,false,30.65,5.00,22.07,0
1773245099000,64.1498913833333,-21.7852516666667,6.38,6.38,6.07,false,false,15.87,6.00,9.52,0
1773245104000,64.14992125,-21.7862493333333,37.22,10.96,10.41,false,false,48.59,5.00,34.98,0
1773245108000,64.1500031166667,-21.7869753333333,35.75,15.28,14.51,false,false,39.54,4.00,35.59,0
1773245110000,64.1500031166667,-21.7869753333333,21.25,0.00,14.51,true,false,0.70,2.00,1.26,1
1773245117000,64.1501636833333,-21.787878,21.96,20.28,19.27,false,false,42.07,7.00,21.64,0
1773245119000,64.15011485,-21.7879915,15.71,0.00,19.27,true,false,7.54,2.00,13.58,1
1773245124000,64.1498853833333,-21.7880561666667,22.61,15.78,15.00,false,false,28.32,5.00,20.39,0
1773245129000,64.149848,-21.7880655,3.65,0.00,15.00,true,false,6.78,5.00,4.88,1
1773245133000,64.1498487166667,-21.7880626666667,0.00,0.00,0.00,true,true,1.89,4.00,1.70,2
1773245135000,64.1498487833333,-21.7880633333333,0.00,0.00,0.00,true,true,0.66,2.00,1.19,3
1773245138000,64.1498483,-21.7880633333333,0.00,0.00,0.00,true,true,0.13,3.00,0.15,4
1773245140000,64.1498481833333,-21.7880635,0.00,0.00,0.00,true,true,0.02,2.00,0.03,5
1773245144000,64.14984775,-21.7880638333333,0.00,0.00,0.00,true,true,0.05,4.00,0.04,6
1773245149000,64.1498473166667,-21.7880633333333,0.00,0.00,0.00,true,true,0.06,5.00,0.04,7
1773245153000,64.14984685,-21.7880638333333,0.00,0.00,0.00,true,true,0.06,4.00,0.05,8
1773245155000,64.1498465833333,-21.788064,0.00,0.00,0.00,true,true,0.04,2.00,0.07,9
1773245160000,64.14984615,-21.7880645,0.00,0.00,0.00,true,true,0.06,5.00,0.05,10
1773245167000,64.1498453666667,-21.7880651666667,0.00,0.00,0.00,true,true,0.10,7.00,0.05,11
1773245169000,64.1498008666667,-21.7880776666667,0.00,0.00,0.00,true,true,4.98,2.00,8.96,12
1773245173000,64.14964855,-21.7882833333333,16.55,4.41,4.19,false,false,20.82,4.00,18.74,0
1773245180000,64.1493877833333,-21.7880805,19.10,7.35,6.98,false,false,32.35,7.00,16.64,0
1773245185000,64.1491714666667,-21.7873748333333,31.64,11.83,11.24,false,false,42.58,5.00,30.66,0
1773245190000,64.1488179,-21.7867553333333,36.79,20.46,19.44,false,false,50.47,5.00,36.34,0
1773245195000,64.1481113833333,-21.7859493333333,65.69,29.68,28.19,false,false,88.47,5.00,63.70,0
1773245198000,64.1478939833333,-21.7857125,46.05,33.34,31.67,false,false,29.51,3.00,35.41,0
1773245201000,64.14762995,-21.785411,38.48,38.48,36.55,false,false,28.44,3.00,34.13,0
1773245207000,64.1473179666667,-21.785302,15.71,15.71,14.92,false,false,33.21,6.00,19.93,0
1773245211000,64.1468965166667,-21.786299,54.39,36.82,34.98,false,false,67.34,4.00,60.61,0
1773245214000,64.1467783833333,-21.7865841666667,38.79,28.68,27.25,false,false,25.09,3.00,30.10,0
1773245216000,64.1466506,-21.7868921666667,35.61,29.92,28.43,false,false,17.04,2.00,30.67,0
1773245221000,64.1463844,-21.7874683333333,27.59,27.59,26.21,false,false,39.44,5.00,28.39,0
1773245226000,64.1460404166667,-21.7877165,28.65,28.65,27.22,false,false,39.42,5.00,28.39,0
1773245231000,64.1456898,-21.7884545,38.86,30.62,29.08,false,false,52.73,5.00,37.96,0
1773245234000,64.14561465,-21.788612,23.47,23.47,22.30,false,false,12.64,3.00,15.17,0
1773245236000,64.14561465,-21.788612,11.83,0.00,22.30,true,false,3.40,2.00,6.11,1
1773245240000,64.1453067166667,-21.7893883333333,38.19,28.75,27.31,false,false,46.31,4.00,41.68,0
1773245242000,64.1452236333333,-21.7897356666667,39.74,30.05,28.55,false,false,23.62,2.00,42.52,0
1773245246000,64.1450410833333,-21.7903655,34.39,28.18,26.77,false,false,37.44,4.00,33.69,0
1773245250000,64.1448381166667,-21.7908418333333,28.94,28.94,27.49,false,false,31.34,4.00,28.21,0
1773245254000,64.14472935,-21.7910765,16.22,16.22,15.41,false,false,15.96,4.00,14.36,0
1773245260000,64.1444702333333,-21.7916555,24.72,24.72,23.49,false,false,38.36,6.00,23.02,0
1773245262000,64.1444693666667,-21.791655,14.91,0.00,23.49,true,false,0.61,2.00,1.10,1
1773245269000,64.1444477333333,-21.7916883333333,0.00,0.00,0.00,true,true,0.75,7.00,0.38,2
1773245273000,64.1443994,-21.791798,0.00,0.00,0.00,true,true,6.54,4.00,5.89,3
1773245275000,64.1443022833333,-21.7919935,10.97,10.97,10.42,false,false,15.08,2.00,27.15,0
1773245277000,64.1441956666667,-21.7920866666667,18.03,7.84,7.44,false,false,16.51,2.00,29.72,0
1773245280000,64.1440757,-21.7921233333333,18.93,9.86,9.37,false,false,16.66,3.00,19.99,0
1773245284000,64.1438283166667,-21.7921921666667,24.62,17.54,16.66,false,false,28.33,4.00,25.49,0
1773245292000,64.1433842166667,-21.7924246666667,22.55,22.15,21.04,false,false,51.48,8.00,23.16,0
1773245295000,64.1430775166667,-21.7923295,34.33,24.69,23.45,false,false,34.25,3.00,41.10,0
1773245297000,64.1429326833333,-21.7923743333333,34.07,25.40,24.13,false,false,18.74,2.00,33.73,0
1773245299000,64.1427567666667,-21.7924085,34.43,27.91,26.52,false,false,19.55,2.00,35.18,0
1773245305000,64.1426071833333,-21.7924445,2.90,2.90,2.75,false,false,16.94,6.00,10.16,0
1773245307000,64.1422734666667,-21.7925221666667,27.11,27.11,25.76,false,false,34.92,2.00,62.86,0
1773245314000,64.1418167833333,-21.7928785,34.18,27.04,25.68,false,false,62.07,7.00,31.92,0
1773245317000,64.1413516333333,-21.7931878333333,54.17,32.43,30.81,false,false,54.12,3.00,64.95,0
1773245320000,64.1413516333333,-21.7931878333333,22.97,0.00,30.81,true,false,4.37,3.00,5.25,1
1773245327000,64.1408,-21.7936265,32.18,32.18,30.57,false,false,57.30,7.00,29.47,0
1773245330000,64.1407919666667,-21.7942931666667,31.59,29.08,27.62,false,false,32.64,3.00,39.17,0
1773245332000,64.1408151833333,-21.7947743333333,37.35,28.88,27.44,false,false,28.11,2.00,50.59,0
1773245335000,64.1408607666667,-21.7953835,38.91,23.93,22.74,false,false,33.79,3.00,40.55,0
1773245339000,64.1408953333333,-21.7959731666667,28.18,27.34,25.97,false,false,29.60,4.00,26.64,0
1773245341000,64.1408742,-21.7962636666667,25.55,25.55,24.27,false,false,12.61,2.00,22.69,0
1773245343000,64.1407988666667,-21.7964405,21.89,21.89,20.80,false,false,12.54,2.00,22.58,0
1773245347000,64.1405625666667,-21.7967621666667,27.60,24.10,22.90,false,false,32.51,4.00,29.26,0
1773245350000,64.1404481333333,-21.7964435,22.43,16.54,15.71,false,false,23.17,3.00,27.81,0
1773245352000,64.1404481333333,-21.7964435,14.89,0.00,15.71,true,false,5.11,2.00,9.20,1
1773245354000,64.1404641,-21.7961501666667,15.58,12.72,12.08,false,false,15.37,2.00,27.66,0
1773245357000,64.1404321666667,-21.7952981666667,38.96,17.69,16.80,false,false,44.44,3.00,53.33,0
1773245360000,64.14035905,-21.7944948333333,49.52,31.09,29.54,false,false,46.54,3.00,55.84,0
1773245362000,64.1403043333333,-21.7939061666667,52.64,37.23,35.37,false,false,32.09,2.00,57.77,0
1773245365000,64.140218,-21.7929746666667,55.45,47.12,44.77,false,false,47.63,3.00,57.16,0
1773245368000,64.1401555833333,-21.7923506666667,44.64,44.64,42.41,false,false,31.92,3.00,38.31,0
1773245371000,64.1400381333333,-21.7911026666667,61.33,53.52,50.85,false,false,59.25,3.00,71.10,0
1773245374000,64.1399843833333,-21.790525,47.58,47.58,45.20,false,false,32.95,3.00,39.54,0
1773245376000,64.1399423166667,-21.7900396666667,43.48,43.48,41.31,false,false,20.56,2.00,37.00,0
1773245380000,64.13977455,-21.7893535,33.90,33.90,32.20,false,false,36.53,4.00,32.88,0
1773245385000,64.1396495666667,-21.7892906666667,10.57,10.57,10.04,false,false,15.03,5.00,10.82,0
1773245391000,64.1396345833333,-21.7892943333333,2.63,0.00,10.04,true,false,3.50,6.00,2.10,1
1773245395000,64.1395999833333,-21.7892798333333,0.00,0.00,0.00,true,true,3.15,4.00,2.83,2
1773245397000,64.1395992666667,-21.7892795,0.00,0.00,0.00,true,true,0.70,2.00,1.25,3
1773245402000,64.13959825,-21.7892803333333,0.00,0.00,0.00,true,true,0.28,5.00,0.20,4
1773245406000,64.1395976,-21.7892805,0.00,0.00,0.00,true,true,0.10,4.00,0.09,5
1773245411000,64.1395971,-21.7892811666667,0.00,0.00,0.00,true,true,0.07,5.00,0.05,6
1773245417000,64.1394745666667,-21.7893048333333,10.16,2.29,2.18,false,false,13.65,6.00,8.19,0
1773245422000,64.1391087333333,-21.7894688333333,31.69,7.96,7.57,false,false,42.02,5.00,30.26,0
1773245426000,64.1391043333333,-21.7894768333333,6.01,0.00,7.57,true,false,2.55,4.00,2.29,1
1773245429000,64.1391043666667,-21.7894766666667,0.00,0.00,0.00,true,true,3.62,3.00,4.34,2
1773245433000,64.1390353666667,-21.7894896666667,0.00,0.00,0.00,true,true,6.17,4.00,5.56,3
1773245435000,64.1387445333333,-21.7896441666667,24.39,16.57,15.74,false,false,33.89,2.00,61.00,0
1773245437000,64.1387445333333,-21.7896441666667,21.39,0.00,15.74,true,false,9.20,2.00,16.56,1
1773245441000,64.1382731833333,-21.7901078333333,46.77,23.37,22.20,false,false,55.66,4.00,50.10,0
1773245443000,64.1381219666667,-21.79034,45.71,30.08,28.58,false,false,24.76,2.00,44.56,0
1773245445000,64.1381219666667,-21.79034,28.09,0.00,28.58,true,false,1.31,2.00,2.35,1
1773245447000,64.1380086166667,-21.790548,0.00,0.00,0.00,true,true,8.72,2.00,15.70,2
1773245450000,64.1376566166667,-21.7912128333333,36.31,36.31,34.49,false,false,48.55,3.00,58.26,0
1773245452000,64.1374839166667,-21.7915501666667,47.18,36.73,34.89,false,false,35.87,2.00,64.57,0
1773245457000,64.1373039666667,-21.7918815,18.82,18.82,17.88,false,false,30.27,5.00,21.79,0
1773245461000,64.13673865,-21.7926426666667,57.02,42.77,40.63,false,false,69.81,4.00,62.83,0
1773245466000,64.1362981333333,-21.7929751666667,39.89,39.89,37.90,false,false,56.99,5.00,41.03,0
1773245471000,64.1360968,-21.7930713333333,13.76,13.76,13.07,false,false,21.48,5.00,15.47,0
1773245474000,64.1354218333333,-21.7933565,62.25,40.17,38.16,false,false,73.78,3.00,88.54,0
1773245476000,64.1354218333333,-21.7933565,45.29,41.91,39.81,false,false,10.68,2.00,19.22,0
1773245478000,64.1352530333333,-21.7934448333333,36.67,35.94,34.14,false,false,12.53,2.00,22.56,0
1773245481000,64.13515075,-21.7935008333333,19.60,0.00,34.14,true,false,7.80,3.00,9.36,1
1773245484000,64.1349241666667,-21.7936893333333,23.78,23.78,22.59,false,false,21.95,3.00,26.34,0
1773245487000,64.1346439333333,-21.7942101666667,39.67,26.56,25.23,false,false,41.35,3.00,49.62,0
1773245490000,64.1345299666667,-21.794578,34.17,29.71,28.22,false,false,26.46,3.00,31.76,0