ts,lat,lng,dt_s,dist_m,implied_speed_kmh,is_stale,stale_run,real_gap_s
1773218922000,64.0855916833333,-21.9390936666667,0.0,0.0,0.0,true,1,0
1773218928000,64.0863187333333,-21.9378236666667,6.0,101.7,61.0,false,1,6.0
1773218930000,64.0863187333333,-21.9378236666667,2.0,0.0,0.0,true,1,0
1773218934000,64.0869549166667,-21.93682,4.0,85.9,77.3,false,1,6.0
1773218934000,64.0869549166667,-21.93682,0.0,0.0,0.0,true,1,0
1773218936000,64.0869549166667,-21.93682,2.0,0.0,0.0,true,2,0
1773218939000,64.0874916666667,-21.9359676666667,3.0,72.6,87.2,false,2,5.0
1773218941000,64.0874916666667,-21.9359676666667,2.0,0.0,0.0,true,1,0
1773218941000,64.0874916666667,-21.9359676666667,0.0,0.0,0.0,true,2,0
1773218943000,64.0880323166667,-21.9350923333333,2.0,73.6,132.6,false,2,4.0
1773218947000,64.0880323166667,-21.9350923333333,4.0,0.0,0.0,true,1,0
1773218949000,64.08834555,-21.9345325,2.0,44.2,79.5,false,1,6.0
1773218949000,64.08834555,-21.9345325,0.0,0.0,0.0,true,1,0
1773218951000,64.0883977666667,-21.9344308333333,2.0,7.6,13.7,false,1,2.0
1773218954000,64.0883977666667,-21.9344308333333,3.0,0.0,0.0,true,1,0
1773218954000,64.0883977666667,-21.9344308333333,0.0,0.0,0.0,true,2,0
1773218956000,64.0884022,-21.9344151666667,2.0,0.9,1.6,false,2,5.0
1773218959000,64.0884022,-21.9344151666667,3.0,0.0,0.0,true,1,0
1773218959000,64.0884022,-21.9344151666667,0.0,0.0,0.0,true,2,0
1773218961000,64.08841415,-21.9343915,2.0,1.8,3.2,false,2,5.0
1773218965000,64.08841415,-21.9343915,4.0,0.0,0.0,true,1,0
1773218965000,64.08841415,-21.9343915,0.0,0.0,0.0,true,2,0
1773218969000,64.0884125,-21.9343941666667,4.0,0.2,0.2,true,3,0
1773218973000,64.08841255,-21.9343941666667,4.0,0.0,0.0,true,4,0
1773218973000,64.08841255,-21.9343941666667,0.0,0.0,0.0,true,5,0
1773218975000,64.08841255,-21.9343941666667,2.0,0.0,0.0,true,6,0
1773218978000,64.0884129166667,-21.934394,3.0,0.0,0.0,true,7,0
1773218978000,64.0884129166667,-21.934394,0.0,0.0,0.0,true,8,0
1773218982000,64.0884383333333,-21.9343478333333,4.0,3.6,3.2,false,8,21.0
1773218985000,64.0886408666667,-21.9339193333333,3.0,30.7,36.8,false,0,3.0
1773218985000,64.0886408666667,-21.9339193333333,0.0,0.0,0.0,true,1,0
1773218985000,64.0886408666667,-21.9339193333333,0.0,0.0,0.0,true,2,0
1773218990000,64.0890004666667,-21.9330691666667,5.0,57.5,41.4,false,2,5.0
1773218990000,64.0890004666667,-21.9330691666667,0.0,0.0,0.0,true,1,0
1773218994000,64.0894199833333,-21.9319775,4.0,70.6,63.6,false,1,4.0
1773218994000,64.0894199833333,-21.9319775,0.0,0.0,0.0,true,1,0
1773218999000,64.0894199833333,-21.9319775,5.0,0.0,0.0,true,2,0
1773219001000,64.0898067,-21.930878,2.0,68.6,123.4,false,2,7.0
1773219001000,64.0898067,-21.930878,0.0,0.0,0.0,true,1,0
1773219003000,64.0898067,-21.930878,2.0,0.0,0.0,true,2,0
1773219013000,64.0903334833333,-21.9294241666667,10.0,91.8,33.0,false,2,12.0
1773219013000,64.0903334833333,-21.9294241666667,0.0,0.0,0.0,true,1,0
1773219013000,64.0903334833333,-21.9294241666667,0.0,0.0,0.0,true,2,0
1773219013000,64.0903334833333,-21.9294241666667,0.0,0.0,0.0,true,3,0
1773219020000,64.0903335666667,-21.9294256666667,7.0,0.1,0.0,true,4,0
1773219022000,64.0903335666667,-21.9294256666667,2.0,0.0,0.0,true,5,0
1773219022000,64.0903335666667,-21.9294256666667,0.0,0.0,0.0,true,6,0
1773219026000,64.0903343666667,-21.9294258333333,4.0,0.1,0.1,true,7,0
1773219026000,64.0903343666667,-21.9294258333333,0.0,0.0,0.0,true,8,0
1773219028000,64.0903343666667,-21.9294258333333,2.0,0.0,0.0,true,9,0
1773219032000,64.0903374166667,-21.9294173333333,4.0,0.5,0.5,false,9,19.0
1773219032000,64.0903374166667,-21.9294173333333,0.0,0.0,0.0,true,1,0
1773219036000,64.0903730333333,-21.9293198333333,4.0,6.2,5.6,false,1,4.0
1773219038000,64.0903730333333,-21.9293198333333,2.0,0.0,0.0,true,1,0
1773219038000,64.0903730333333,-21.9293198333333,0.0,0.0,0.0,true,2,0
1773219041000,64.0904213,-21.9291895,3.0,8.3,10.0,false,2,5.0
1773219044000,64.0904213,-21.9291895,3.0,0.0,0.0,true,1,0
1773219044000,64.0904213,-21.9291895,0.0,0.0,0.0,true,2,0
1773219049000,64.0904681666667,-21.9290441666667,5.0,8.8,6.3,false,2,8.0
1773219049000,64.0904681666667,-21.9290441666667,0.0,0.0,0.0,true,1,0
1773219051000,64.0905194833333,-21.9288915,2.0,9.4,16.8,false,1,2.0
1773219054000,64.0905194833333,-21.9288915,3.0,0.0,0.0,true,1,0
1773219054000,64.0905194833333,-21.9288915,0.0,0.0,0.0,true,2,0
1773219056000,64.0905704166667,-21.9287413333333,2.0,9.2,16.6,false,2,5.0
1773219059000,64.0905704166667,-21.9287413333333,3.0,0.0,0.0,true,1,0
1773219059000,64.0905704166667,-21.9287413333333,0.0,0.0,0.0,true,2,0
1773219062000,64.0905704166667,-21.9287413333333,3.0,0.0,0.0,true,3,0
1773219067000,64.0905811666667,-21.9286938333333,5.0,2.6,1.9,false,3,11.0
1773219067000,64.0905811666667,-21.9286938333333,0.0,0.0,0.0,true,1,0
1773219070000,64.0905811666667,-21.9286938333333,3.0,0.0,0.0,true,2,0
1773219070000,64.0905811666667,-21.9286938333333,0.0,0.0,0.0,true,3,0
1773219070000,64.0905811666667,-21.9286938333333,0.0,0.0,0.0,true,4,0
1773219076000,64.090581,-21.9286938333333,6.0,0.0,0.0,true,5,0
1773219079000,64.0905992666667,-21.9286351666667,3.0,3.5,4.2,false,5,12.0
1773219079000,64.0905992666667,-21.9286351666667,0.0,0.0,0.0,true,1,0
1773219081000,64.0905992666667,-21.9286351666667,2.0,0.0,0.0,true,2,0
1773219084000,64.0907526833333,-21.928182,3.0,27.9,33.4,false,2,5.0
1773219084000,64.0907526833333,-21.928182,0.0,0.0,0.0,true,1,0
1773219087000,64.09105475,-21.9274365,3.0,49.4,59.3,false,1,3.0
1773219087000,64.09105475,-21.9274365,0.0,0.0,0.0,true,1,0
1773219091000,64.09105475,-21.9274365,4.0,0.0,0.0,true,2,0
1773219091000,64.09105475,-21.9274365,0.0,0.0,0.0,true,3,0
1773219095000,64.0915111833333,-21.9266556666667,4.0,63.4,57.0,false,3,8.0
1773219097000,64.0915111833333,-21.9266556666667,2.0,0.0,0.0,true,1,0
1773219097000,64.0915111833333,-21.9266556666667,0.0,0.0,0.0,true,2,0
1773219100000,64.09213845,-21.9258313333333,3.0,80.4,96.5,false,2,5.0
1773219104000,64.09290705,-21.9249795,4.0,95.0,85.5,false,0,4.0
1773219104000,64.09290705,-21.9249795,0.0,0.0,0.0,true,1,0
1773219110000,64.0937701666667,-21.924045,6.0,106.2,63.7,false,1,6.0
1773219110000,64.0937701666667,-21.924045,0.0,0.0,0.0,true,1,0
1773219110000,64.0937701666667,-21.924045,0.0,0.0,0.0,true,2,0
1773219114000,64.09468085,-21.923044,4.0,112.3,101.1,false,2,4.0
1773219114000,64.09468085,-21.923044,0.0,0.0,0.0,true,1,0
1773219116000,64.095234,-21.9224426666667,2.0,68.1,122.6,false,1,2.0
1773219119000,64.095234,-21.9224426666667,3.0,0.0,0.0,true,1,0
1773219119000,64.095234,-21.9224426666667,0.0,0.0,0.0,true,2,0
1773219123000,64.0963343,-21.9212418333333,4.0,135.5,122.0,false,2,7.0
1773219125000,64.0963343,-21.9212418333333,2.0,0.0,0.0,true,1,0
1773219129000,64.0972063833333,-21.9202245,4.0,108.8,98.0,false,1,6.0
1773219131000,64.0972063833333,-21.9202245,2.0,0.0,0.0,true,1,0
1773219133000,64.0979711666667,-21.9190181666667,2.0,103.3,185.9,false,1,4.0
1773219135000,64.0979711666667,-21.9190181666667,2.0,0.0,0.0,true,1,0
1773219135000,64.0979711666667,-21.9190181666667,0.0,0.0,0.0,true,2,0
1773219135000,64.0979711666667,-21.9190181666667,0.0,0.0,0.0,true,3,0
1773219137000,64.09858125,-21.9175536666667,2.0,98.3,176.9,false,3,4.0
1773219143000,64.0990593,-21.9162235,6.0,83.7,50.2,false,0,6.0
1773219143000,64.0990593,-21.9162235,0.0,0.0,0.0,true,1,0
1773219143000,64.0990593,-21.9162235,0.0,0.0,0.0,true,2,0
1773219148000,64.0993987333333,-21.9152633333333,5.0,60.0,43.2,false,2,5.0
1773219148000,64.0993987333333,-21.9152633333333,0.0,0.0,0.0,true,1,0
1773219152000,64.0995599666667,-21.914777,4.0,29.7,26.7,false,1,4.0
1773219152000,64.0995599666667,-21.914777,0.0,0.0,0.0,true,1,0
1773219157000,64.0995968333333,-21.9146646666667,5.0,6.8,4.9,false,1,5.0
1773219157000,64.0995968333333,-21.9146646666667,0.0,0.0,0.0,true,1,0
1773219159000,64.0995888166667,-21.9146691666667,2.0,0.9,1.7,false,1,2.0
1773219163000,64.0995888166667,-21.9146691666667,4.0,0.0,0.0,true,1,0
1773219163000,64.0995888166667,-21.9146691666667,0.0,0.0,0.0,true,2,0
1773219165000,64.0995887166667,-21.9146695,2.0,0.0,0.0,true,3,0
1773219168000,64.0995887166667,-21.9146695,3.0,0.0,0.0,true,4,0
1773219168000,64.0995887166667,-21.9146695,0.0,0.0,0.0,true,5,0
1773219168000,64.0995887166667,-21.9146695,0.0,0.0,0.0,true,6,0
1773219172000,64.0995887166667,-21.9146696666667,4.0,0.0,0.0,true,7,0
1773219172000,64.0995887166667,-21.9146696666667,0.0,0.0,0.0,true,8,0
1773219177000,64.0996103666667,-21.9146116666667,5.0,3.7,2.7,false,8,18.0
1773219177000,64.0996103666667,-21.9146116666667,0.0,0.0,0.0,true,1,0
1773219182000,64.09982005,-21.914002,5.0,37.7,27.1,false,1,5.0
1773219184000,64.09982005,-21.914002,2.0,0.0,0.0,true,1,0
1773219184000,64.09982005,-21.914002,0.0,0.0,0.0,true,2,0
1773219188000,64.1001462166667,-21.9130698333333,4.0,58.0,52.2,false,2,6.0
1773219188000,64.1001462166667,-21.9130698333333,0.0,0.0,0.0,true,1,0
1773219193000,64.1005781166667,-21.9118071666667,5.0,77.9,56.1,false,1,5.0
1773219193000,64.1005781166667,-21.9118071666667,0.0,0.0,0.0,true,1,0
1773219193000,64.1005781166667,-21.9118071666667,0.0,0.0,0.0,true,2,0
1773219197000,64.1010018666667,-21.9104955,4.0,79.2,71.3,false,2,4.0
1773219197000,64.1010018666667,-21.9104955,0.0,0.0,0.0,true,1,0
1773219202000,64.1012761333333,-21.9095108333333,5.0,56.7,40.8,false,1,5.0
1773219202000,64.1012761333333,-21.9095108333333,0.0,0.0,0.0,true,1,0
1773219204000,64.1012761333333,-21.9095108333333,2.0,0.0,0.0,true,2,0
1773219208000,64.1014608,-21.9087946666667,4.0,40.4,36.4,false,2,6.0
1773219208000,64.1014608,-21.9087946666667,0.0,0.0,0.0,true,1,0
1773219213000,64.1016769666667,-21.907926,5.0,48.6,35.0,false,1,5.0
1773219213000,64.1016769666667,-21.907926,0.0,0.0,0.0,true,1,0
1773219217000,64.1020178833333,-21.9067491666667,4.0,68.6,61.7,false,1,4.0
1773219217000,64.1020178833333,-21.9067491666667,0.0,0.0,0.0,true,1,0
1773219219000,64.1020178833333,-21.9067491666667,2.0,0.0,0.0,true,2,0
1773219224000,64.1024971333333,-21.9055508333333,5.0,78.9,56.8,false,2,7.0
1773219224000,64.1024971333333,-21.9055508333333,0.0,0.0,0.0,true,1,0
1773219224000,64.1024971333333,-21.9055508333333,0.0,0.0,0.0,true,2,0
1773219228000,64.1030995,-21.904536,4.0,83.2,74.8,false,2,4.0
1773219228000,64.1030995,-21.904536,0.0,0.0,0.0,true,1,0
1773219232000,64.10379865,-21.9037918333333,4.0,85.7,77.2,false,1,4.0
1773219234000,64.10379865,-21.9037918333333,2.0,0.0,0.0,true,1,0
1773219234000,64.10379865,-21.9037918333333,0.0,0.0,0.0,true,2,0
1773219237000,64.1045185,-21.903428,3.0,82.0,98.4,false,2,5.0
1773219237000,64.1045185,-21.903428,0.0,0.0,0.0,true,1,0
1773219239000,64.1045185,-21.903428,2.0,0.0,0.0,true,2,0
1773219243000,64.10513365,-21.9033706666667,4.0,68.5,61.6,false,2,6.0
1773219243000,64.10513365,-21.9033706666667,0.0,0.0,0.0,true,1,0
1773219248000,64.1055269166667,-21.9034821666667,5.0,44.1,31.7,false,1,5.0
1773219248000,64.1055269166667,-21.9034821666667,0.0,0.0,0.0,true,1,0
1773219252000,64.1055269166667,-21.9034821666667,4.0,0.0,0.0,true,2,0
1773219254000,64.1060549666667,-21.9037151666667,2.0,59.8,107.6,false,2,6.0
1773219258000,64.1062485333333,-21.9038478333333,4.0,22.5,20.2,false,0,4.0
1773219258000,64.1062485333333,-21.9038478333333,0.0,0.0,0.0,true,1,0
1773219258000,64.1062485333333,-21.9038478333333,0.0,0.0,0.0,true,2,0
1773219261000,64.1062485333333,-21.9038478333333,3.0,0.0,0.0,true,3,0
1773219264000,64.1062483166667,-21.9038495,3.0,0.1,0.1,true,4,0
1773219266000,64.1062483166667,-21.9038495,2.0,0.0,0.0,true,5,0
1773219266000,64.1062483166667,-21.9038495,0.0,0.0,0.0,true,6,0
1773219266000,64.1062483166667,-21.9038495,0.0,0.0,0.0,true,7,0
1773219270000,64.1062480666667,-21.9038498333333,4.0,0.0,0.0,true,8,0
1773219275000,64.1062877333333,-21.9038918333333,5.0,4.9,3.5,false,8,17.0
1773219275000,64.1062877333333,-21.9038918333333,0.0,0.0,0.0,true,1,0
1773219275000,64.1062877333333,-21.9038918333333,0.0,0.0,0.0,true,2,0
1773219281000,64.1064956666667,-21.9041323333333,6.0,25.9,15.5,false,2,6.0
1773219281000,64.1064956666667,-21.9041323333333,0.0,0.0,0.0,true,1,0
1773219285000,64.1069226,-21.9045465,4.0,51.6,46.4,false,1,4.0
1773219285000,64.1069226,-21.9045465,0.0,0.0,0.0,true,1,0
1773219288000,64.1073309333333,-21.9049321666667,3.0,49.1,58.9,false,1,3.0
1773219290000,64.1073309333333,-21.9049321666667,2.0,0.0,0.0,true,1,0
1773219290000,64.1073309333333,-21.9049321666667,0.0,0.0,0.0,true,2,0
1773219294000,64.10775125,-21.9053323333333,4.0,50.6,45.6,false,2,6.0
1773219294000,64.10775125,-21.9053323333333,0.0,0.0,0.0,true,1,0
1773219298000,64.1080713666667,-21.9056268333333,4.0,38.4,34.5,false,1,4.0
1773219298000,64.1080713666667,-21.9056268333333,0.0,0.0,0.0,true,1,0
1773219303000,64.10823935,-21.9057796666667,5.0,20.1,14.5,false,1,5.0
1773219303000,64.10823935,-21.9057796666667,0.0,0.0,0.0,true,1,0
1773219307000,64.1083580833333,-21.9058951666667,4.0,14.3,12.9,false,1,4.0
1773219307000,64.1083580833333,-21.9058951666667,0.0,0.0,0.0,true,1,0
1773219310000,64.1083580833333,-21.9058951666667,3.0,0.0,0.0,true,2,0
1773219310000,64.1083580833333,-21.9058951666667,0.0,0.0,0.0,true,3,0
1773219313000,64.1084606833333,-21.9059761666667,3.0,12.1,14.5,false,3,6.0
1773219313000,64.1084606833333,-21.9059761666667,0.0,0.0,0.0,true,1,0
1773219316000,64.1084606833333,-21.9059761666667,3.0,0.0,0.0,true,2,0
1773219319000,64.1085519,-21.9060533333333,3.0,10.8,13.0,false,2,6.0
1773219322000,64.1086522333333,-21.9061353333333,3.0,11.8,14.2,false,0,3.0
1773219326000,64.1086522333333,-21.9061353333333,4.0,0.0,0.0,true,1,0
1773219326000,64.1086522333333,-21.9061353333333,0.0,0.0,0.0,true,2,0
1773219328000,64.1086522333333,-21.9061353333333,2.0,0.0,0.0,true,3,0
1773219330000,64.1087756666667,-21.9062386666667,2.0,14.6,26.3,false,3,8.0
1773219330000,64.1087756666667,-21.9062386666667,0.0,0.0,0.0,true,1,0
1773219335000,64.1088781666667,-21.906333,5.0,12.3,8.8,false,1,5.0
1773219335000,64.1088781666667,-21.906333,0.0,0.0,0.0,true,1,0
1773219339000,64.1090109,-21.9064475,4.0,15.8,14.2,false,1,4.0
1773219341000,64.1090109,-21.9064475,2.0,0.0,0.0,true,1,0
1773219341000,64.1090109,-21.9064475,0.0,0.0,0.0,true,2,0
1773219343000,64.1090109,-21.9064475,2.0,0.0,0.0,true,3,0
1773219347000,64.1091546166667,-21.9065741666667,4.0,17.1,15.4,false,3,8.0
1773219347000,64.1091546166667,-21.9065741666667,0.0,0.0,0.0,true,1,0
1773219347000,64.1091546166667,-21.9065741666667,0.0,0.0,0.0,true,2,0
1773219347000,64.1091546166667,-21.9065741666667,0.0,0.0,0.0,true,3,0
1773219354000,64.1093509333333,-21.906744,7.0,23.3,12.0,false,3,7.0
1773219357000,64.1095077666667,-21.9068751666667,3.0,18.6,22.3,false,0,3.0
1773219359000,64.1095077666667,-21.9068751666667,2.0,0.0,0.0,true,1,0
1773219359000,64.1095077666667,-21.9068751666667,0.0,0.0,0.0,true,2,0
1773219363000,64.1096815,-21.907007,4.0,20.4,18.3,false,2,6.0
1773219365000,64.1096815,-21.907007,2.0,0.0,0.0,true,1,0
1773219365000,64.1096815,-21.907007,0.0,0.0,0.0,true,2,0
1773219365000,64.1096815,-21.907007,0.0,0.0,0.0,true,3,0
1773219370000,64.1100823833333,-21.9072261666667,5.0,45.8,33.0,false,3,7.0
1773219372000,64.1100823833333,-21.9072261666667,2.0,0.0,0.0,true,1,0
1773219375000,64.1102721,-21.9072915,3.0,21.3,25.6,false,1,5.0
1773219375000,64.1102721,-21.9072915,0.0,0.0,0.0,true,1,0
1773219378000,64.1102721,-21.9072915,3.0,0.0,0.0,true,2,0
1773219381000,64.1103400333333,-21.9073038333333,3.0,7.6,9.1,false,2,6.0
1773219381000,64.1103400333333,-21.9073038333333,0.0,0.0,0.0,true,1,0
1773219383000,64.1103400333333,-21.9073038333333,2.0,0.0,0.0,true,2,0
1773219387000,64.1103993333333,-21.9073106666667,4.0,6.6,5.9,false,2,6.0
1773219387000,64.1103993333333,-21.9073106666667,0.0,0.0,0.0,true,1,0
1773219390000,64.1104907166667,-21.907293,3.0,10.2,12.2,false,1,3.0
1773219390000,64.1104907166667,-21.907293,0.0,0.0,0.0,true,1,0
1773219394000,64.1104907166667,-21.907293,4.0,0.0,0.0,true,2,0
1773219396000,64.1105615833333,-21.9071863333333,2.0,9.4,17.0,false,2,6.0
1773219396000,64.1105615833333,-21.9071863333333,0.0,0.0,0.0,true,1,0
1773219398000,64.1105615833333,-21.9071863333333,2.0,0.0,0.0,true,2,0
1773219402000,64.1105637333333,-21.9071801666667,4.0,0.4,0.3,true,3,0
1773219402000,64.1105637333333,-21.9071801666667,0.0,0.0,0.0,true,4,0
1773219409000,64.1105637166667,-21.90718,7.0,0.0,0.0,true,5,0
1773219413000,64.1105981166667,-21.9070723333333,4.0,6.5,5.8,false,5,17.0
1773219413000,64.1105981166667,-21.9070723333333,0.0,0.0,0.0,true,1,0
1773219415000,64.1105981166667,-21.9070723333333,2.0,0.0,0.0,true,2,0
1773219418000,64.11071485,-21.9068586666667,3.0,16.6,19.9,false,2,5.0
1773219418000,64.11071485,-21.9068586666667,0.0,0.0,0.0,true,1,0
1773219422000,64.1108406333333,-21.9071913333333,4.0,21.4,19.2,false,1,4.0
1773219422000,64.1108406333333,-21.9071913333333,0.0,0.0,0.0,true,1,0
1773219424000,64.1108406333333,-21.9071913333333,2.0,0.0,0.0,true,2,0
1773219429000,64.1110103166667,-21.9073276666667,5.0,20.0,14.4,false,2,7.0
1773219429000,64.1110103166667,-21.9073276666667,0.0,0.0,0.0,true,1,0
1773219431000,64.1110103166667,-21.9073276666667,2.0,0.0,0.0,true,2,0
1773219434000,64.1111608333333,-21.907176,3.0,18.3,21.9,false,2,5.0
1773219434000,64.1111608333333,-21.907176,0.0,0.0,0.0,true,1,0
1773219438000,64.111153,-21.907144,4.0,1.8,1.6,false,1,4.0
1773219440000,64.111153,-21.907144,2.0,0.0,0.0,true,1,0
1773219440000,64.111153,-21.907144,0.0,0.0,0.0,true,2,0
1773219443000,64.1111536,-21.9071146666667,3.0,1.4,1.7,false,2,5.0
1773219445000,64.1111536,-21.9071146666667,2.0,0.0,0.0,true,1,0
1773219445000,64.1111536,-21.9071146666667,0.0,0.0,0.0,true,2,0
1773219451000,64.1111560166667,-21.9070815,6.0,1.6,1.0,false,2,8.0
1773219451000,64.1111560166667,-21.9070815,0.0,0.0,0.0,true,1,0
1773219453000,64.1111458833333,-21.9070301666667,2.0,2.7,4.9,false,1,2.0
1773219455000,64.1111458833333,-21.9070301666667,2.0,0.0,0.0,true,1,0
1773219455000,64.1111458833333,-21.9070301666667,0.0,0.0,0.0,true,2,0
1773219460000,64.1111353666667,-21.9069868333333,5.0,2.4,1.7,false,2,7.0
1773219460000,64.1111353666667,-21.9069868333333,0.0,0.0,0.0,true,1,0
1773219460000,64.1111353666667,-21.9069868333333,0.0,0.0,0.0,true,2,0
1773219465000,64.1111375333333,-21.9069626666667,5.0,1.2,0.9,false,2,5.0
1773219469000,64.1111516666667,-21.9069795,4.0,1.8,1.6,false,0,4.0
1773219469000,64.1111516666667,-21.9069795,0.0,0.0,0.0,true,1,0
1773219471000,64.1111671,-21.9069288333333,2.0,3.0,5.4,false,1,2.0
1773219474000,64.1111671,-21.9069288333333,3.0,0.0,0.0,true,1,0
1773219474000,64.1111671,-21.9069288333333,0.0,0.0,0.0,true,2,0
1773219474000,64.1111671,-21.9069288333333,0.0,0.0,0.0,true,3,0
1773219483000,64.1119374333333,-21.907221,9.0,86.8,34.7,false,3,12.0
1773219483000,64.1119374333333,-21.907221,0.0,0.0,0.0,true,1,0
1773219486000,64.1119374333333,-21.907221,3.0,0.0,0.0,true,2,0
1773219488000,64.1127806833333,-21.9060793333333,2.0,108.9,196.1,false,2,5.0
1773219488000,64.1127806833333,-21.9060793333333,0.0,0.0,0.0,true,1,0
1773219490000,64.1127806833333,-21.9060793333333,2.0,0.0,0.0,true,2,0
1773219490000,64.1127806833333,-21.9060793333333,0.0,0.0,0.0,true,3,0
1773219493000,64.1132997833333,-21.904781,3.0,85.5,102.6,false,3,5.0
1773219495000,64.1132997833333,-21.904781,2.0,0.0,0.0,true,1,0
1773219499000,64.1136961833333,-21.9034976666667,4.0,76.3,68.7,false,1,6.0
1773219501000,64.1136961833333,-21.9034976666667,2.0,0.0,0.0,true,1,0
1773219501000,64.1136961833333,-21.9034976666667,0.0,0.0,0.0,true,2,0
1773219503000,64.1139718166667,-21.902602,2.0,53.2,95.8,false,2,4.0
1773219507000,64.1141002833333,-21.902163,4.0,25.7,23.1,false,0,4.0
1773219507000,64.1141002833333,-21.902163,0.0,0.0,0.0,true,1,0
1773219507000,64.1141002833333,-21.902163,0.0,0.0,0.0,true,2,0
1773219510000,64.1141002833333,-21.902163,3.0,0.0,0.0,true,3,0
1773219515000,64.11420215,-21.9018683333333,5.0,18.2,13.1,false,3,8.0
1773219517000,64.11420215,-21.9018683333333,2.0,0.0,0.0,true,1,0
1773219520000,64.1143212666667,-21.9015805,3.0,19.3,23.1,false,1,5.0
1773219522000,64.1143212666667,-21.9015805,2.0,0.0,0.0,true,1,0
1773227491000,64.1232244,-21.7899428333333,7969.0,5508.3,2.5,false,1,7971.0
1773227495000,64.1232244,-21.7899428333333,4.0,0.0,0.0,true,1,0
1773227495000,64.1232244,-21.7899428333333,0.0,0.0,0.0,true,2,0
1773227495000,64.1232244,-21.7899428333333,0.0,0.0,0.0,true,3,0
1773227495000,64.1232244,-21.7899428333333,0.0,0.0,0.0,true,4,0
1773227502000,64.1232244,-21.7899428333333,7.0,0.0,0.0,true,5,0
1773227504000,64.1232244,-21.7899428333333,2.0,0.0,0.0,true,6,0
1773227504000,64.1232244,-21.7899428333333,0.0,0.0,0.0,true,7,0
1773227508000,64.1232244,-21.7899428333333,4.0,0.0,0.0,true,8,0
1773227510000,64.1232244,-21.7899428333333,2.0,0.0,0.0,true,9,0
1773227514000,64.1232244,-21.7899428333333,4.0,0.0,0.0,true,10,0
1773227514000,64.1232244,-21.7899428333333,0.0,0.0,0.0,true,11,0
1773227516000,64.1232244,-21.7899428333333,2.0,0.0,0.0,true,12,0
1773227516000,64.1232244,-21.7899428333333,0.0,0.0,0.0,true,13,0
1773227518000,64.1232244,-21.7899428333333,2.0,0.0,0.0,true,14,0
1773227520000,64.1232244,-21.7899428333333,2.0,0.0,0.0,true,15,0
1773227526000,64.1232244,-21.7899428333333,6.0,0.0,0.0,true,16,0
1773227528000,64.1232244,-21.7899428333333,2.0,0.0,0.0,true,17,0
1773227528000,64.1232244,-21.7899428333333,0.0,0.0,0.0,true,18,0
1773227531000,64.1232244,-21.7899428333333,3.0,0.0,0.0,true,19,0
1773227537000,64.1232244,-21.7899428333333,6.0,0.0,0.0,true,20,0
1773227537000,64.1232244,-21.7899428333333,0.0,0.0,0.0,true,21,0
1773227541000,64.1232244,-21.7899428333333,4.0,0.0,0.0,true,22,0
1773227543000,64.1232244,-21.7899428333333,2.0,0.0,0.0,true,23,0
1773227543000,64.1232244,-21.7899428333333,0.0,0.0,0.0,true,24,0
1773227545000,64.1232244,-21.7899428333333,2.0,0.0,0.0,true,25,0
1773227547000,64.1232244,-21.7899428333333,2.0,0.0,0.0,true,26,0
1773227547000,64.1232244,-21.7899428333333,0.0,0.0,0.0,true,27,0
1773227552000,64.1232244,-21.7899428333333,5.0,0.0,0.0,true,28,0
1773227552000,64.1232244,-21.7899428333333,0.0,0.0,0.0,true,29,0
1773227556000,64.1232244,-21.7899428333333,4.0,0.0,0.0,true,30,0
1773227558000,64.1232244,-21.7899428333333,2.0,0.0,0.0,true,31,0
1773227558000,64.1232244,-21.7899428333333,0.0,0.0,0.0,true,32,0
1773227562000,64.1232244,-21.7899428333333,4.0,0.0,0.0,true,33,0
1773227564000,64.1232244,-21.7899428333333,2.0,0.0,0.0,true,34,0
1773227564000,64.1232244,-21.7899428333333,0.0,0.0,0.0,true,35,0
1773227568000,64.1232241333333,-21.789942,4.0,0.1,0.0,true,36,0
1773227571000,64.1232241333333,-21.789942,3.0,0.0,0.0,true,37,0
1773227571000,64.1232241333333,-21.789942,0.0,0.0,0.0,true,38,0
1773227575000,64.1232241333333,-21.789942,4.0,0.0,0.0,true,39,0
1773227575000,64.1232241333333,-21.789942,0.0,0.0,0.0,true,40,0
1773227577000,64.1232241333333,-21.789942,2.0,0.0,0.0,true,41,0
1773227581000,64.1232241333333,-21.789942,4.0,0.0,0.0,true,42,0
1773227581000,64.1232241333333,-21.789942,0.0,0.0,0.0,true,43,0
1773227583000,64.1232241333333,-21.789942,2.0,0.0,0.0,true,44,0
1773227585000,64.1232241333333,-21.789942,2.0,0.0,0.0,true,45,0
1773227585000,64.1232241333333,-21.789942,0.0,0.0,0.0,true,46,0
1773227592000,64.1232241333333,-21.789942,7.0,0.0,0.0,true,47,0
1773227594000,64.1232241333333,-21.789942,2.0,0.0,0.0,true,48,0
1773227594000,64.1232241333333,-21.789942,0.0,0.0,0.0,true,49,0
1773227596000,64.1232241333333,-21.789942,2.0,0.0,0.0,true,50,0
1773227598000,64.1232241333333,-21.789942,2.0,0.0,0.0,true,51,0
1773227598000,64.1232241333333,-21.789942,0.0,0.0,0.0,true,52,0
1773227602000,64.1232241333333,-21.789942,4.0,0.0,0.0,true,53,0
1773227602000,64.1232241333333,-21.789942,0.0,0.0,0.0,true,54,0
1773227604000,64.1232241333333,-21.789942,2.0,0.0,0.0,true,55,0
1773227607000,64.1232241333333,-21.789942,3.0,0.0,0.0,true,56,0
1773227607000,64.1232241333333,-21.789942,0.0,0.0,0.0,true,57,0
1773227612000,64.1232241333333,-21.789942,5.0,0.0,0.0,true,58,0
1773227615000,64.1232241333333,-21.789942,3.0,0.0,0.0,true,59,0
1773227615000,64.1232241333333,-21.789942,0.0,0.0,0.0,true,60,0
1773227619000,64.1232241333333,-21.789942,4.0,0.0,0.0,true,61,0
1773227621000,64.1232241333333,-21.789942,2.0,0.0,0.0,true,62,0
1773227621000,64.1232241333333,-21.789942,0.0,0.0,0.0,true,63,0
1773227623000,64.1232241333333,-21.789942,2.0,0.0,0.0,true,64,0
1773227623000,64.1232241333333,-21.789942,0.0,0.0,0.0,true,65,0
1773227625000,64.1232241333333,-21.789942,2.0,0.0,0.0,true,66,0
1773227627000,64.1232241333333,-21.789942,2.0,0.0,0.0,true,67,0
1773227627000,64.1232241333333,-21.789942,0.0,0.0,0.0,true,68,0
1773227632000,64.1232241333333,-21.789942,5.0,0.0,0.0,true,69,0
1773227636000,64.1232241333333,-21.789942,4.0,0.0,0.0,true,70,0
1773227636000,64.1232241333333,-21.789942,0.0,0.0,0.0,true,71,0
1773227638000,64.1232241333333,-21.789942,2.0,0.0,0.0,true,72,0
1773227641000,64.1232241333333,-21.789942,3.0,0.0,0.0,true,73,0
1773227641000,64.1232241333333,-21.789942,0.0,0.0,0.0,true,74,0
1773227645000,64.1232241333333,-21.789942,4.0,0.0,0.0,true,75,0
1773227647000,64.1232241333333,-21.789942,2.0,0.0,0.0,true,76,0
1773227651000,64.1232241333333,-21.789942,4.0,0.0,0.0,true,77,0
1773227653000,64.1232241333333,-21.789942,2.0,0.0,0.0,true,78,0
1773227653000,64.1232241333333,-21.789942,0.0,0.0,0.0,true,79,0
1773227655000,64.1232241333333,-21.789942,2.0,0.0,0.0,true,80,0
1773227657000,64.1232241333333,-21.789942,2.0,0.0,0.0,true,81,0
1773227657000,64.1232241333333,-21.789942,0.0,0.0,0.0,true,82,0
1773227662000,64.1232241333333,-21.789942,5.0,0.0,0.0,true,83,0
1773227666000,64.1232241333333,-21.789942,4.0,0.0,0.0,true,84,0
1773227666000,64.1232241333333,-21.789942,0.0,0.0,0.0,true,85,0
1773227666000,64.1232241333333,-21.789942,0.0,0.0,0.0,true,86,0
1773227668000,64.1232241333333,-21.789942,2.0,0.0,0.0,true,87,0
1773227672000,64.1232241333333,-21.789942,4.0,0.0,0.0,true,88,0
1773227674000,64.1232241333333,-21.789942,2.0,0.0,0.0,true,89,0
1773227678000,64.1232241333333,-21.789942,4.0,0.0,0.0,true,90,0
1773227678000,64.1232241333333,-21.789942,0.0,0.0,0.0,true,91,0
1773227680000,64.1232241333333,-21.789942,2.0,0.0,0.0,true,92,0
1773227682000,64.1232241333333,-21.789942,2.0,0.0,0.0,true,93,0
1773227682000,64.1232241333333,-21.789942,0.0,0.0,0.0,true,94,0
1773227685000,64.1232241333333,-21.789942,3.0,0.0,0.0,true,95,0
1773227689000,64.1232236166667,-21.7899401666667,4.0,0.1,0.1,true,96,0
1773227689000,64.1232236166667,-21.7899401666667,0.0,0.0,0.0,true,97,0
1773227691000,64.1232236166667,-21.7899401666667,2.0,0.0,0.0,true,98,0
1773227693000,64.1232236166667,-21.7899401666667,2.0,0.0,0.0,true,99,0
1773227695000,64.1232236166667,-21.7899401666667,2.0,0.0,0.0,true,100,0
1773227695000,64.1232236166667,-21.7899401666667,0.0,0.0,0.0,true,101,0
1773227701000,64.1232236166667,-21.7899401666667,6.0,0.0,0.0,true,102,0
1773227705000,64.1232236166667,-21.7899401666667,4.0,0.0,0.0,true,103,0
1773227705000,64.1232236166667,-21.7899401666667,0.0,0.0,0.0,true,104,0
1773227707000,64.1232236166667,-21.7899401666667,2.0,0.0,0.0,true,105,0
1773227707000,64.1232236166667,-21.7899401666667,0.0,0.0,0.0,true,106,0
1773227713000,64.1232236166667,-21.7899401666667,6.0,0.0,0.0,true,107,0
1773227713000,64.1232236166667,-21.7899401666667,0.0,0.0,0.0,true,108,0
1773227713000,64.1232236166667,-21.7899401666667,0.0,0.0,0.0,true,109,0
1773227716000,64.1232236166667,-21.7899401666667,3.0,0.0,0.0,true,110,0
1773227718000,64.1232236166667,-21.7899401666667,2.0,0.0,0.0,true,111,0
1773227718000,64.1232236166667,-21.7899401666667,0.0,0.0,0.0,true,112,0
1773227720000,64.1232236166667,-21.7899401666667,2.0,0.0,0.0,true,113,0
1773227723000,64.1232236166667,-21.7899401666667,3.0,0.0,0.0,true,114,0
1773227727000,64.1232236166667,-21.7899401666667,4.0,0.0,0.0,true,115,0
1773227727000,64.1232236166667,-21.7899401666667,0.0,0.0,0.0,true,116,0
1773227731000,64.1232236166667,-21.7899401666667,4.0,0.0,0.0,true,117,0
1773227731000,64.1232236166667,-21.7899401666667,0.0,0.0,0.0,true,118,0
1773227734000,64.1232236166667,-21.7899401666667,3.0,0.0,0.0,true,119,0
1773227736000,64.1232236166667,-21.7899401666667,2.0,0.0,0.0,true,120,0
1773227736000,64.1232236166667,-21.7899401666667,0.0,0.0,0.0,true,121,0
1773227740000,64.1232236166667,-21.7899401666667,4.0,0.0,0.0,true,122,0
1773227740000,64.1232236166667,-21.7899401666667,0.0,0.0,0.0,true,123,0
1773227742000,64.1232236166667,-21.7899401666667,2.0,0.0,0.0,true,124,0
1773227744000,64.1232236166667,-21.7899401666667,2.0,0.0,0.0,true,125,0
1773227746000,64.1232236166667,-21.7899401666667,2.0,0.0,0.0,true,126,0
1773227746000,64.1232236166667,-21.7899401666667,0.0,0.0,0.0,true,127,0
1773227752000,64.1232236166667,-21.7899401666667,6.0,0.0,0.0,true,128,0
1773227757000,64.1232236166667,-21.7899401666667,5.0,0.0,0.0,true,129,0
1773227757000,64.1232236166667,-21.7899401666667,0.0,0.0,0.0,true,130,0
1773227757000,64.1232236166667,-21.7899401666667,0.0,0.0,0.0,true,131,0
1773227757000,64.1232236166667,-21.7899401666667,0.0,0.0,0.0,true,132,0
1773227760000,64.1232236166667,-21.7899401666667,3.0,0.0,0.0,true,133,0
1773227764000,64.1232236166667,-21.7899401666667,4.0,0.0,0.0,true,134,0
1773227766000,64.1232236166667,-21.7899401666667,2.0,0.0,0.0,true,135,0
1773227766000,64.1232236166667,-21.7899401666667,0.0,0.0,0.0,true,136,0
1773227772000,64.1232236166667,-21.7899401666667,6.0,0.0,0.0,true,137,0
1773227772000,64.1232236166667,-21.7899401666667,0.0,0.0,0.0,true,138,0
1773227775000,64.1232236166667,-21.7899401666667,3.0,0.0,0.0,true,139,0
1773227775000,64.1232236166667,-21.7899401666667,0.0,0.0,0.0,true,140,0
1773227777000,64.1232236166667,-21.7899401666667,2.0,0.0,0.0,true,141,0
1773227777000,64.1232236166667,-21.7899401666667,0.0,0.0,0.0,true,142,0
1773227781000,64.1232236166667,-21.7899401666667,4.0,0.0,0.0,true,143,0
1773227781000,64.1232236166667,-21.7899401666667,0.0,0.0,0.0,true,144,0
1773227784000,64.1232236166667,-21.7899401666667,3.0,0.0,0.0,true,145,0
1773227790000,64.1232236166667,-21.7899401666667,6.0,0.0,0.0,true,146,0
1773227790000,64.1232236166667,-21.7899401666667,0.0,0.0,0.0,true,147,0
1773227792000,64.1232236166667,-21.7899401666667,2.0,0.0,0.0,true,148,0
1773227792000,64.1232236166667,-21.7899401666667,0.0,0.0,0.0,true,149,0
1773227796000,64.1232236166667,-21.7899401666667,4.0,0.0,0.0,true,150,0
1773227796000,64.1232236166667,-21.7899401666667,0.0,0.0,0.0,true,151,0
1773227799000,64.1232236166667,-21.7899401666667,3.0,0.0,0.0,true,152,0
1773227801000,64.1232236166667,-21.7899401666667,2.0,0.0,0.0,true,153,0
1773227805000,64.1232236166667,-21.7899401666667,4.0,0.0,0.0,true,154,0
1773227807000,64.1232236166667,-21.7899401666667,2.0,0.0,0.0,true,155,0
1773227807000,64.1232236166667,-21.7899401666667,0.0,0.0,0.0,true,156,0
1773227809000,64.1232234,-21.7899405,2.0,0.0,0.1,true,157,0
1773227812000,64.1232234,-21.7899405,3.0,0.0,0.0,true,158,0
1773227815000,64.1232234,-21.7899405,3.0,0.0,0.0,true,159,0
1773227815000,64.1232234,-21.7899405,0.0,0.0,0.0,true,160,0
1773227819000,64.1232234,-21.7899405,4.0,0.0,0.0,true,161,0
1773227819000,64.1232234,-21.7899405,0.0,0.0,0.0,true,162,0
1773227819000,64.1232234,-21.7899405,0.0,0.0,0.0,true,163,0
1773227823000,64.1232234,-21.7899405,4.0,0.0,0.0,true,164,0
1773227823000,64.1232234,-21.7899405,0.0,0.0,0.0,true,165,0
1773227827000,64.1232234,-21.7899405,4.0,0.0,0.0,true,166,0
1773227827000,64.1232234,-21.7899405,0.0,0.0,0.0,true,167,0
1773227830000,64.1232234,-21.7899405,3.0,0.0,0.0,true,168,0
1773227832000,64.1232234,-21.7899405,2.0,0.0,0.0,true,169,0
1773227836000,64.1232234,-21.7899405,4.0,0.0,0.0,true,170,0
1773227839000,64.1232234,-21.7899405,3.0,0.0,0.0,true,171,0
1773227841000,64.1232234,-21.7899405,2.0,0.0,0.0,true,172,0
1773227841000,64.1232234,-21.7899405,0.0,0.0,0.0,true,173,0
1773227841000,64.1232234,-21.7899405,0.0,0.0,0.0,true,174,0
1773227847000,64.1232234,-21.7899405,6.0,0.0,0.0,true,175,0
1773227847000,64.1232234,-21.7899405,0.0,0.0,0.0,true,176,0
1773227847000,64.1232234,-21.7899405,0.0,0.0,0.0,true,177,0
1773227853000,64.1232234,-21.7899405,6.0,0.0,0.0,true,178,0
1773227853000,64.1232234,-21.7899405,0.0,0.0,0.0,true,179,0
1773227856000,64.1232234,-21.7899405,3.0,0.0,0.0,true,180,0
1773227856000,64.1232234,-21.7899405,0.0,0.0,0.0,true,181,0
1773227860000,64.1232234,-21.7899405,4.0,0.0,0.0,true,182,0
1773227863000,64.1232234,-21.7899405,3.0,0.0,0.0,true,183,0
1773227865000,64.1232234,-21.7899405,2.0,0.0,0.0,true,184,0
1773227865000,64.1232234,-21.7899405,0.0,0.0,0.0,true,185,0
1773227868000,64.1232234,-21.7899405,3.0,0.0,0.0,true,186,0
1773227868000,64.1232234,-21.7899405,0.0,0.0,0.0,true,187,0
1773227873000,64.1232234,-21.7899405,5.0,0.0,0.0,true,188,0
1773227876000,64.1232234,-21.7899405,3.0,0.0,0.0,true,189,0
1773227876000,64.1232234,-21.7899405,0.0,0.0,0.0,true,190,0
1773227879000,64.1232234,-21.7899405,3.0,0.0,0.0,true,191,0
1773227879000,64.1232234,-21.7899405,0.0,0.0,0.0,true,192,0
1773227881000,64.1232234,-21.7899405,2.0,0.0,0.0,true,193,0
1773227881000,64.1232234,-21.7899405,0.0,0.0,0.0,true,194,0
1773227886000,64.1232234,-21.7899405,5.0,0.0,0.0,true,195,0
1773227886000,64.1232234,-21.7899405,0.0,0.0,0.0,true,196,0
1773227890000,64.1232234,-21.7899405,4.0,0.0,0.0,true,197,0
1773227890000,64.1232234,-21.7899405,0.0,0.0,0.0,true,198,0
1773227895000,64.1232234,-21.7899405,5.0,0.0,0.0,true,199,0
1773227895000,64.1232234,-21.7899405,0.0,0.0,0.0,true,200,0
1773227897000,64.1232234,-21.7899405,2.0,0.0,0.0,true,201,0
1773227900000,64.1232234,-21.7899405,3.0,0.0,0.0,true,202,0
1773227902000,64.1232234,-21.7899405,2.0,0.0,0.0,true,203,0
1773227902000,64.1232234,-21.7899405,0.0,0.0,0.0,true,204,0
1773227905000,64.1232234,-21.7899405,3.0,0.0,0.0,true,205,0
1773227907000,64.1232234,-21.7899405,2.0,0.0,0.0,true,206,0
1773227910000,64.1232234,-21.7899405,3.0,0.0,0.0,true,207,0
1773227910000,64.1232234,-21.7899405,0.0,0.0,0.0,true,208,0
1773227912000,64.1232234,-21.7899405,2.0,0.0,0.0,true,209,0
1773227916000,64.1232234,-21.7899405,4.0,0.0,0.0,true,210,0
1773227916000,64.1232234,-21.7899405,0.0,0.0,0.0,true,211,0
1773227918000,64.1232234,-21.7899405,2.0,0.0,0.0,true,212,0
1773227923000,64.1232234,-21.7899405,5.0,0.0,0.0,true,213,0
1773227925000,64.1232234,-21.7899405,2.0,0.0,0.0,true,214,0
1773227925000,64.1232234,-21.7899405,0.0,0.0,0.0,true,215,0
1773227927000,64.1232234,-21.7899405,2.0,0.0,0.0,true,216,0
1773227930000,64.1232224666667,-21.7899395,3.0,0.1,0.1,true,217,0
1773227934000,64.1232224666667,-21.7899395,4.0,0.0,0.0,true,218,0
1773227934000,64.1232224666667,-21.7899395,0.0,0.0,0.0,true,219,0
1773227938000,64.1232224666667,-21.7899395,4.0,0.0,0.0,true,220,0
1773227938000,64.1232224666667,-21.7899395,0.0,0.0,0.0,true,221,0
1773227940000,64.1232224666667,-21.7899395,2.0,0.0,0.0,true,222,0
1773227940000,64.1232224666667,-21.7899395,0.0,0.0,0.0,true,223,0
1773227944000,64.1232224666667,-21.7899395,4.0,0.0,0.0,true,224,0
1773227944000,64.1232224666667,-21.7899395,0.0,0.0,0.0,true,225,0
1773227946000,64.1232224666667,-21.7899395,2.0,0.0,0.0,true,226,0
1773227953000,64.1232224666667,-21.7899395,7.0,0.0,0.0,true,227,0
1773227953000,64.1232224666667,-21.7899395,0.0,0.0,0.0,true,228,0
1773227955000,64.1232224666667,-21.7899395,2.0,0.0,0.0,true,229,0
1773227955000,64.1232224666667,-21.7899395,0.0,0.0,0.0,true,230,0
1773227959000,64.1232224666667,-21.7899395,4.0,0.0,0.0,true,231,0
1773227961000,64.1232224666667,-21.7899395,2.0,0.0,0.0,true,232,0
1773227964000,64.1232224666667,-21.7899395,3.0,0.0,0.0,true,233,0
1773227964000,64.1232224666667,-21.7899395,0.0,0.0,0.0,true,234,0
1773227966000,64.1232224666667,-21.7899395,2.0,0.0,0.0,true,235,0
1773227968000,64.1232224666667,-21.7899395,2.0,0.0,0.0,true,236,0
1773227968000,64.1232224666667,-21.7899395,0.0,0.0,0.0,true,237,0
1773227974000,64.1232224666667,-21.7899395,6.0,0.0,0.0,true,238,0
1773227974000,64.1232224666667,-21.7899395,0.0,0.0,0.0,true,239,0
1773227976000,64.1232224666667,-21.7899395,2.0,0.0,0.0,true,240,0
1773227980000,64.1232224666667,-21.7899395,4.0,0.0,0.0,true,241,0
1773227980000,64.1232224666667,-21.7899395,0.0,0.0,0.0,true,242,0
1773227982000,64.1232224666667,-21.7899395,2.0,0.0,0.0,true,243,0
1773227986000,64.1232224666667,-21.7899395,4.0,0.0,0.0,true,244,0
1773227986000,64.1232224666667,-21.7899395,0.0,0.0,0.0,true,245,0
1773227988000,64.1232224666667,-21.7899395,2.0,0.0,0.0,true,246,0
1773227991000,64.1232224666667,-21.7899395,3.0,0.0,0.0,true,247,0
1773227991000,64.1232224666667,-21.7899395,0.0,0.0,0.0,true,248,0
1773227995000,64.1232224666667,-21.7899395,4.0,0.0,0.0,true,249,0
1773227995000,64.1232224666667,-21.7899395,0.0,0.0,0.0,true,250,0
1773227995000,64.1232224666667,-21.7899395,0.0,0.0,0.0,true,251,0
1773228001000,64.1232224666667,-21.7899395,6.0,0.0,0.0,true,252,0
1773228001000,64.1232224666667,-21.7899395,0.0,0.0,0.0,true,253,0
1773228003000,64.1232224666667,-21.7899395,2.0,0.0,0.0,true,254,0
1773228007000,64.1232224666667,-21.7899395,4.0,0.0,0.0,true,255,0
1773228007000,64.1232224666667,-21.7899395,0.0,0.0,0.0,true,256,0
1773228010000,64.1232224666667,-21.7899395,3.0,0.0,0.0,true,257,0
1773228012000,64.1232224666667,-21.7899395,2.0,0.0,0.0,true,258,0
1773228012000,64.1232224666667,-21.7899395,0.0,0.0,0.0,true,259,0
1773228016000,64.1232224666667,-21.7899395,4.0,0.0,0.0,true,260,0
1773228018000,64.1232224666667,-21.7899395,2.0,0.0,0.0,true,261,0
1773228018000,64.1232224666667,-21.7899395,0.0,0.0,0.0,true,262,0
1773228020000,64.1232224666667,-21.7899395,2.0,0.0,0.0,true,263,0
1773228024000,64.1232224666667,-21.7899395,4.0,0.0,0.0,true,264,0
1773228026000,64.1232224666667,-21.7899395,2.0,0.0,0.0,true,265,0
1773228028000,64.1232224666667,-21.7899395,2.0,0.0,0.0,true,266,0
1773228028000,64.1232224666667,-21.7899395,0.0,0.0,0.0,true,267,0
1773228031000,64.1232224666667,-21.7899395,3.0,0.0,0.0,true,268,0
1773228035000,64.1232224666667,-21.7899395,4.0,0.0,0.0,true,269,0
1773228035000,64.1232224666667,-21.7899395,0.0,0.0,0.0,true,270,0
1773228037000,64.1232224666667,-21.7899395,2.0,0.0,0.0,true,271,0
1773228041000,64.1232224666667,-21.7899395,4.0,0.0,0.0,true,272,0
1773228041000,64.1232224666667,-21.7899395,0.0,0.0,0.0,true,273,0
1773228043000,64.1232224666667,-21.7899395,2.0,0.0,0.0,true,274,0
1773228048000,64.1232224666667,-21.7899395,5.0,0.0,0.0,true,275,0
1773228048000,64.1232224666667,-21.7899395,0.0,0.0,0.0,true,276,0
1773228052000,64.1232226333333,-21.7899368333333,4.0,0.1,0.1,true,277,0
1773228052000,64.1232226333333,-21.7899368333333,0.0,0.0,0.0,true,278,0
1773228054000,64.1232226333333,-21.7899368333333,2.0,0.0,0.0,true,279,0
1773228057000,64.1232226333333,-21.7899368333333,3.0,0.0,0.0,true,280,0
1773228057000,64.1232226333333,-21.7899368333333,0.0,0.0,0.0,true,281,0
1773228059000,64.1232226333333,-21.7899368333333,2.0,0.0,0.0,true,282,0
1773228062000,64.1232226333333,-21.7899368333333,3.0,0.0,0.0,true,283,0
1773228064000,64.1232226333333,-21.7899368333333,2.0,0.0,0.0,true,284,0
1773228064000,64.1232226333333,-21.7899368333333,0.0,0.0,0.0,true,285,0
1773228067000,64.1232226333333,-21.7899368333333,3.0,0.0,0.0,true,286,0
1773228069000,64.1232226333333,-21.7899368333333,2.0,0.0,0.0,true,287,0
1773228074000,64.1232226333333,-21.7899368333333,5.0,0.0,0.0,true,288,0
1773228074000,64.1232226333333,-21.7899368333333,0.0,0.0,0.0,true,289,0
1773228076000,64.1232226333333,-21.7899368333333,2.0,0.0,0.0,true,290,0
1773228076000,64.1232226333333,-21.7899368333333,0.0,0.0,0.0,true,291,0
1773228078000,64.1232226333333,-21.7899368333333,2.0,0.0,0.0,true,292,0
1773228081000,64.1232226333333,-21.7899368333333,3.0,0.0,0.0,true,293,0
1773228085000,64.1232226333333,-21.7899368333333,4.0,0.0,0.0,true,294,0
1773228085000,64.1232226333333,-21.7899368333333,0.0,0.0,0.0,true,295,0
1773228089000,64.1232226333333,-21.7899368333333,4.0,0.0,0.0,true,296,0
1773228092000,64.1232226333333,-21.7899368333333,3.0,0.0,0.0,true,297,0
1773228092000,64.1232226333333,-21.7899368333333,0.0,0.0,0.0,true,298,0
1773228096000,64.1232226333333,-21.7899368333333,4.0,0.0,0.0,true,299,0
1773228096000,64.1232226333333,-21.7899368333333,0.0,0.0,0.0,true,300,0
1773228098000,64.1232226333333,-21.7899368333333,2.0,0.0,0.0,true,301,0
1773228100000,64.1232226333333,-21.7899368333333,2.0,0.0,0.0,true,302,0
1773228102000,64.1232226333333,-21.7899368333333,2.0,0.0,0.0,true,303,0
1773228104000,64.1232226333333,-21.7899368333333,2.0,0.0,0.0,true,304,0
1773228104000,64.1232226333333,-21.7899368333333,0.0,0.0,0.0,true,305,0
1773228109000,64.1232226333333,-21.7899368333333,5.0,0.0,0.0,true,306,0
1773228109000,64.1232226333333,-21.7899368333333,0.0,0.0,0.0,true,307,0
1773228111000,64.1232226333333,-21.7899368333333,2.0,0.0,0.0,true,308,0
1773228114000,64.1232226333333,-21.7899368333333,3.0,0.0,0.0,true,309,0
1773228120000,64.1232226333333,-21.7899368333333,6.0,0.0,0.0,true,310,0
1773228120000,64.1232226333333,-21.7899368333333,0.0,0.0,0.0,true,311,0
1773228120000,64.1232226333333,-21.7899368333333,0.0,0.0,0.0,true,312,0
1773228124000,64.1232226333333,-21.7899368333333,4.0,0.0,0.0,true,313,0
1773228124000,64.1232226333333,-21.7899368333333,0.0,0.0,0.0,true,314,0
1773228127000,64.1232226333333,-21.7899368333333,3.0,0.0,0.0,true,315,0
1773228127000,64.1232226333333,-21.7899368333333,0.0,0.0,0.0,true,316,0
1773228129000,64.1232226333333,-21.7899368333333,2.0,0.0,0.0,true,317,0
1773228133000,64.1232226333333,-21.7899368333333,4.0,0.0,0.0,true,318,0
1773228135000,64.1232226333333,-21.7899368333333,2.0,0.0,0.0,true,319,0
1773228140000,64.1232226333333,-21.7899368333333,5.0,0.0,0.0,true,320,0
1773228140000,64.1232226333333,-21.7899368333333,0.0,0.0,0.0,true,321,0
1773228144000,64.1232226333333,-21.7899368333333,4.0,0.0,0.0,true,322,0
1773228144000,64.1232226333333,-21.7899368333333,0.0,0.0,0.0,true,323,0
1773228144000,64.1232226333333,-21.7899368333333,0.0,0.0,0.0,true,324,0
1773228144000,64.1232226333333,-21.7899368333333,0.0,0.0,0.0,true,325,0
1773228149000,64.1232226333333,-21.7899368333333,5.0,0.0,0.0,true,326,0
1773228151000,64.1232226333333,-21.7899368333333,2.0,0.0,0.0,true,327,0
1773228155000,64.1232226333333,-21.7899368333333,4.0,0.0,0.0,true,328,0
1773228155000,64.1232226333333,-21.7899368333333,0.0,0.0,0.0,true,329,0
1773228157000,64.1232226333333,-21.7899368333333,2.0,0.0,0.0,true,330,0
1773228157000,64.1232226333333,-21.7899368333333,0.0,0.0,0.0,true,331,0
1773228162000,64.1232226333333,-21.7899368333333,5.0,0.0,0.0,true,332,0
1773228162000,64.1232226333333,-21.7899368333333,0.0,0.0,0.0,true,333,0
1773228166000,64.1232226333333,-21.7899368333333,4.0,0.0,0.0,true,334,0
1773228170000,64.1232226333333,-21.7899368333333,4.0,0.0,0.0,true,335,0
1773228170000,64.1232226333333,-21.7899368333333,0.0,0.0,0.0,true,336,0
1773228172000,64.1232226333333,-21.7899368333333,2.0,0.0,0.0,true,337,0
1773228174000,64.1232218333333,-21.7899353333333,2.0,0.1,0.2,true,338,0
1773228174000,64.1232218333333,-21.7899353333333,0.0,0.0,0.0,true,339,0
1773228180000,64.1232218333333,-21.7899353333333,6.0,0.0,0.0,true,340,0
1773228180000,64.1232218333333,-21.7899353333333,0.0,0.0,0.0,true,341,0
1773228182000,64.1232218333333,-21.7899353333333,2.0,0.0,0.0,true,342,0
1773228186000,64.1232218333333,-21.7899353333333,4.0,0.0,0.0,true,343,0
1773228186000,64.1232218333333,-21.7899353333333,0.0,0.0,0.0,true,344,0
1773228189000,64.1232218333333,-21.7899353333333,3.0,0.0,0.0,true,345,0
1773228191000,64.1232218333333,-21.7899353333333,2.0,0.0,0.0,true,346,0
1773228191000,64.1232218333333,-21.7899353333333,0.0,0.0,0.0,true,347,0
1773228195000,64.1232218333333,-21.7899353333333,4.0,0.0,0.0,true,348,0
1773228197000,64.1232218333333,-21.7899353333333,2.0,0.0,0.0,true,349,0
1773228197000,64.1232218333333,-21.7899353333333,0.0,0.0,0.0,true,350,0
1773228202000,64.1232218333333,-21.7899353333333,5.0,0.0,0.0,true,351,0
1773228202000,64.1232218333333,-21.7899353333333,0.0,0.0,0.0,true,352,0
1773228204000,64.1232218333333,-21.7899353333333,2.0,0.0,0.0,true,353,0
1773228206000,64.1232218333333,-21.7899353333333,2.0,0.0,0.0,true,354,0
1773228206000,64.1232218333333,-21.7899353333333,0.0,0.0,0.0,true,355,0
1773228210000,64.1232218333333,-21.7899353333333,4.0,0.0,0.0,true,356,0
1773228212000,64.1232218333333,-21.7899353333333,2.0,0.0,0.0,true,357,0
1773228212000,64.1232218333333,-21.7899353333333,0.0,0.0,0.0,true,358,0
1773228214000,64.1232218333333,-21.7899353333333,2.0,0.0,0.0,true,359,0
1773228219000,64.1232218333333,-21.7899353333333,5.0,0.0,0.0,true,360,0
1773228219000,64.1232218333333,-21.7899353333333,0.0,0.0,0.0,true,361,0
1773228221000,64.1232218333333,-21.7899353333333,2.0,0.0,0.0,true,362,0
1773228225000,64.1232218333333,-21.7899353333333,4.0,0.0,0.0,true,363,0
1773228227000,64.1232218333333,-21.7899353333333,2.0,0.0,0.0,true,364,0
1773228229000,64.1232218333333,-21.7899353333333,2.0,0.0,0.0,true,365,0
1773228229000,64.1232218333333,-21.7899353333333,0.0,0.0,0.0,true,366,0
1773228229000,64.1232218333333,-21.7899353333333,0.0,0.0,0.0,true,367,0
1773228234000,64.1232218333333,-21.7899353333333,5.0,0.0,0.0,true,368,0
1773228234000,64.1232218333333,-21.7899353333333,0.0,0.0,0.0,true,369,0
1773228236000,64.1232218333333,-21.7899353333333,2.0,0.0,0.0,true,370,0
1773228241000,64.1232218333333,-21.7899353333333,5.0,0.0,0.0,true,371,0
1773228241000,64.1232218333333,-21.7899353333333,0.0,0.0,0.0,true,372,0
1773228245000,64.1232218333333,-21.7899353333333,4.0,0.0,0.0,true,373,0
1773228247000,64.1232218333333,-21.7899353333333,2.0,0.0,0.0,true,374,0
1773228247000,64.1232218333333,-21.7899353333333,0.0,0.0,0.0,true,375,0
1773228250000,64.1232218333333,-21.7899353333333,3.0,0.0,0.0,true,376,0
1773228250000,64.1232218333333,-21.7899353333333,0.0,0.0,0.0,true,377,0
1773228254000,64.1232218333333,-21.7899353333333,4.0,0.0,0.0,true,378,0
1773228256000,64.1232218333333,-21.7899353333333,2.0,0.0,0.0,true,379,0
1773228256000,64.1232218333333,-21.7899353333333,0.0,0.0,0.0,true,380,0
1773228260000,64.1232218333333,-21.7899353333333,4.0,0.0,0.0,true,381,0
1773228262000,64.1232218333333,-21.7899353333333,2.0,0.0,0.0,true,382,0
1773228265000,64.1232218333333,-21.7899353333333,3.0,0.0,0.0,true,383,0
1773228265000,64.1232218333333,-21.7899353333333,0.0,0.0,0.0,true,384,0
1773228269000,64.1232218333333,-21.7899353333333,4.0,0.0,0.0,true,385,0
1773228269000,64.1232218333333,-21.7899353333333,0.0,0.0,0.0,true,386,0
1773228272000,64.1232218333333,-21.7899353333333,3.0,0.0,0.0,true,387,0
1773228276000,64.1232218333333,-21.7899353333333,4.0,0.0,0.0,true,388,0
1773228276000,64.1232218333333,-21.7899353333333,0.0,0.0,0.0,true,389,0
1773228278000,64.1232218333333,-21.7899353333333,2.0,0.0,0.0,true,390,0
1773228280000,64.1232218333333,-21.7899353333333,2.0,0.0,0.0,true,391,0
1773228280000,64.1232218333333,-21.7899353333333,0.0,0.0,0.0,true,392,0
1773228282000,64.1232218333333,-21.7899353333333,2.0,0.0,0.0,true,393,0
1773228282000,64.1232218333333,-21.7899353333333,0.0,0.0,0.0,true,394,0
1773228289000,64.1232218333333,-21.7899353333333,7.0,0.0,0.0,true,395,0
1773228289000,64.1232218333333,-21.7899353333333,0.0,0.0,0.0,true,396,0
1773228291000,64.1232218333333,-21.7899353333333,2.0,0.0,0.0,true,397,0
1773228295000,64.1232224,-21.7899335,4.0,0.1,0.1,true,398,0
1773228297000,64.1232224,-21.7899335,2.0,0.0,0.0,true,399,0
1773228297000,64.1232224,-21.7899335,0.0,0.0,0.0,true,400,0
1773228300000,64.1232224,-21.7899335,3.0,0.0,0.0,true,401,0
1773228300000,64.1232224,-21.7899335,0.0,0.0,0.0,true,402,0
1773228304000,64.1232224,-21.7899335,4.0,0.0,0.0,true,403,0
1773228306000,64.1232224,-21.7899335,2.0,0.0,0.0,true,404,0
1773228308000,64.1232224,-21.7899335,2.0,0.0,0.0,true,405,0
1773228308000,64.1232224,-21.7899335,0.0,0.0,0.0,true,406,0
1773228312000,64.1232224,-21.7899335,4.0,0.0,0.0,true,407,0
1773228312000,64.1232224,-21.7899335,0.0,0.0,0.0,true,408,0
1773228314000,64.1232224,-21.7899335,2.0,0.0,0.0,true,409,0
1773228321000,64.1232224,-21.7899335,7.0,0.0,0.0,true,410,0
1773228321000,64.1232224,-21.7899335,0.0,0.0,0.0,true,411,0
1773228323000,64.1232224,-21.7899335,2.0,0.0,0.0,true,412,0
1773228327000,64.1232224,-21.7899335,4.0,0.0,0.0,true,413,0
1773228327000,64.1232224,-21.7899335,0.0,0.0,0.0,true,414,0
1773228329000,64.1232224,-21.7899335,2.0,0.0,0.0,true,415,0
1773228329000,64.1232224,-21.7899335,0.0,0.0,0.0,true,416,0
1773228331000,64.1232224,-21.7899335,2.0,0.0,0.0,true,417,0
1773228333000,64.1232224,-21.7899335,2.0,0.0,0.0,true,418,0
1773228333000,64.1232224,-21.7899335,0.0,0.0,0.0,true,419,0
1773228337000,64.1232224,-21.7899335,4.0,0.0,0.0,true,420,0
1773228341000,64.1232224,-21.7899335,4.0,0.0,0.0,true,421,0
1773228343000,64.1232224,-21.7899335,2.0,0.0,0.0,true,422,0
1773228346000,64.1232224,-21.7899335,3.0,0.0,0.0,true,423,0
1773228346000,64.1232224,-21.7899335,0.0,0.0,0.0,true,424,0
1773228348000,64.1232224,-21.7899335,2.0,0.0,0.0,true,425,0
1773228351000,64.1232224,-21.7899335,3.0,0.0,0.0,true,426,0
1773228351000,64.1232224,-21.7899335,0.0,0.0,0.0,true,427,0
1773228353000,64.1232224,-21.7899335,2.0,0.0,0.0,true,428,0
1773228356000,64.1232224,-21.7899335,3.0,0.0,0.0,true,429,0
1773228358000,64.1232224,-21.7899335,2.0,0.0,0.0,true,430,0
1773228362000,64.1232224,-21.7899335,4.0,0.0,0.0,true,431,0
1773228362000,64.1232224,-21.7899335,0.0,0.0,0.0,true,432,0
1773228366000,64.1232224,-21.7899335,4.0,0.0,0.0,true,433,0
1773228366000,64.1232224,-21.7899335,0.0,0.0,0.0,true,434,0
1773228370000,64.1232224,-21.7899335,4.0,0.0,0.0,true,435,0
1773228370000,64.1232224,-21.7899335,0.0,0.0,0.0,true,436,0
1773228372000,64.1232224,-21.7899335,2.0,0.0,0.0,true,437,0
1773228372000,64.1232224,-21.7899335,0.0,0.0,0.0,true,438,0
1773228376000,64.1232224,-21.7899335,4.0,0.0,0.0,true,439,0
1773228381000,64.1232224,-21.7899335,5.0,0.0,0.0,true,440,0
1773228381000,64.1232224,-21.7899335,0.0,0.0,0.0,true,441,0
1773228381000,64.1232224,-21.7899335,0.0,0.0,0.0,true,442,0
1773228381000,64.1232224,-21.7899335,0.0,0.0,0.0,true,443,0
1773228381000,64.1232224,-21.7899335,0.0,0.0,0.0,true,444,0
1773228381000,64.1232224,-21.7899335,0.0,0.0,0.0,true,445,0
1773228391000,64.1232224,-21.7899335,10.0,0.0,0.0,true,446,0
1773228391000,64.1232224,-21.7899335,0.0,0.0,0.0,true,447,0
1773228391000,64.1232224,-21.7899335,0.0,0.0,0.0,true,448,0
1773228397000,64.1232224,-21.7899335,6.0,0.0,0.0,true,449,0
1773228397000,64.1232224,-21.7899335,0.0,0.0,0.0,true,450,0
1773228400000,64.1232224,-21.7899335,3.0,0.0,0.0,true,451,0
1773228400000,64.1232224,-21.7899335,0.0,0.0,0.0,true,452,0
1773228400000,64.1232224,-21.7899335,0.0,0.0,0.0,true,453,0
1773228405000,64.1232224,-21.7899335,5.0,0.0,0.0,true,454,0
1773228405000,64.1232224,-21.7899335,0.0,0.0,0.0,true,455,0
1773228411000,64.1232224,-21.7899335,6.0,0.0,0.0,true,456,0
1773228411000,64.1232224,-21.7899335,0.0,0.0,0.0,true,457,0
1773228414000,64.1232224,-21.7899335,3.0,0.0,0.0,true,458,0
1773228416000,64.1232222,-21.7899333333333,2.0,0.0,0.0,true,459,0
1773228420000,64.1232222,-21.7899333333333,4.0,0.0,0.0,true,460,0
1773228420000,64.1232222,-21.7899333333333,0.0,0.0,0.0,true,461,0
1773228422000,64.1232222,-21.7899333333333,2.0,0.0,0.0,true,462,0
1773228422000,64.1232222,-21.7899333333333,0.0,0.0,0.0,true,463,0
1773228427000,64.1232222,-21.7899333333333,5.0,0.0,0.0,true,464,0
1773228427000,64.1232222,-21.7899333333333,0.0,0.0,0.0,true,465,0
1773228427000,64.1232222,-21.7899333333333,0.0,0.0,0.0,true,466,0
1773228433000,64.1232222,-21.7899333333333,6.0,0.0,0.0,true,467,0
1773228437000,64.1232222,-21.7899333333333,4.0,0.0,0.0,true,468,0
1773228437000,64.1232222,-21.7899333333333,0.0,0.0,0.0,true,469,0
1773228439000,64.1232222,-21.7899333333333,2.0,0.0,0.0,true,470,0
1773228439000,64.1232222,-21.7899333333333,0.0,0.0,0.0,true,471,0
1773228442000,64.1232222,-21.7899333333333,3.0,0.0,0.0,true,472,0
1773228444000,64.1232222,-21.7899333333333,2.0,0.0,0.0,true,473,0
1773228444000,64.1232222,-21.7899333333333,0.0,0.0,0.0,true,474,0
1773228447000,64.1232222,-21.7899333333333,3.0,0.0,0.0,true,475,0
1773228447000,64.1232222,-21.7899333333333,0.0,0.0,0.0,true,476,0
1773228452000,64.1232222,-21.7899333333333,5.0,0.0,0.0,true,477,0
1773228452000,64.1232222,-21.7899333333333,0.0,0.0,0.0,true,478,0
1773228457000,64.1232222,-21.7899333333333,5.0,0.0,0.0,true,479,0
1773228457000,64.1232222,-21.7899333333333,0.0,0.0,0.0,true,480,0
1773228461000,64.1232222,-21.7899333333333,4.0,0.0,0.0,true,481,0
1773228461000,64.1232222,-21.7899333333333,0.0,0.0,0.0,true,482,0
1773228463000,64.1232222,-21.7899333333333,2.0,0.0,0.0,true,483,0
1773228468000,64.1232222,-21.7899333333333,5.0,0.0,0.0,true,484,0
1773228468000,64.1232222,-21.7899333333333,0.0,0.0,0.0,true,485,0
1773228468000,64.1232222,-21.7899333333333,0.0,0.0,0.0,true,486,0
1773228472000,64.1232222,-21.7899333333333,4.0,0.0,0.0,true,487,0
1773228472000,64.1232222,-21.7899333333333,0.0,0.0,0.0,true,488,0
1773228477000,64.1232222,-21.7899333333333,5.0,0.0,0.0,true,489,0
1773228479000,64.1232222,-21.7899333333333,2.0,0.0,0.0,true,490,0
1773228479000,64.1232222,-21.7899333333333,0.0,0.0,0.0,true,491,0
1773228482000,64.1232222,-21.7899333333333,3.0,0.0,0.0,true,492,0
1773228482000,64.1232222,-21.7899333333333,0.0,0.0,0.0,true,493,0
1773228486000,64.1232222,-21.7899333333333,4.0,0.0,0.0,true,494,0
1773228488000,64.1232222,-21.7899333333333,2.0,0.0,0.0,true,495,0
1773228488000,64.1232222,-21.7899333333333,0.0,0.0,0.0,true,496,0
1773228492000,64.1232222,-21.7899333333333,4.0,0.0,0.0,true,497,0
1773228494000,64.1232222,-21.7899333333333,2.0,0.0,0.0,true,498,0
1773228494000,64.1232222,-21.7899333333333,0.0,0.0,0.0,true,499,0
1773228497000,64.1232222,-21.7899333333333,3.0,0.0,0.0,true,500,0
1773228501000,64.1232222,-21.7899333333333,4.0,0.0,0.0,true,501,0
1773228501000,64.1232222,-21.7899333333333,0.0,0.0,0.0,true,502,0
1773228503000,64.1232222,-21.7899333333333,2.0,0.0,0.0,true,503,0
1773228503000,64.1232222,-21.7899333333333,0.0,0.0,0.0,true,504,0
1773228509000,64.1232222,-21.7899333333333,6.0,0.0,0.0,true,505,0
1773228512000,64.1232222,-21.7899333333333,3.0,0.0,0.0,true,506,0
1773228512000,64.1232222,-21.7899333333333,0.0,0.0,0.0,true,507,0
1773228512000,64.1232222,-21.7899333333333,0.0,0.0,0.0,true,508,0
1773228517000,64.1232222,-21.7899333333333,5.0,0.0,0.0,true,509,0
1773228517000,64.1232222,-21.7899333333333,0.0,0.0,0.0,true,510,0
1773228521000,64.1232222,-21.7899333333333,4.0,0.0,0.0,true,511,0
1773228521000,64.1232222,-21.7899333333333,0.0,0.0,0.0,true,512,0
1773228523000,64.1232222,-21.7899333333333,2.0,0.0,0.0,true,513,0
1773228527000,64.1232222,-21.7899333333333,4.0,0.0,0.0,true,514,0
1773228527000,64.1232222,-21.7899333333333,0.0,0.0,0.0,true,515,0
1773228529000,64.1232222,-21.7899333333333,2.0,0.0,0.0,true,516,0
1773228529000,64.1232222,-21.7899333333333,0.0,0.0,0.0,true,517,0
1773228532000,64.1232222,-21.7899333333333,3.0,0.0,0.0,true,518,0
1773228537000,64.1232217833333,-21.7899313333333,5.0,0.1,0.1,true,519,0
1773228537000,64.1232217833333,-21.7899313333333,0.0,0.0,0.0,true,520,0
1773228537000,64.1232217833333,-21.7899313333333,0.0,0.0,0.0,true,521,0
1773228543000,64.1232217833333,-21.7899313333333,6.0,0.0,0.0,true,522,0
1773228543000,64.1232217833333,-21.7899313333333,0.0,0.0,0.0,true,523,0
1773228547000,64.1232217833333,-21.7899313333333,4.0,0.0,0.0,true,524,0
1773228549000,64.1232217833333,-21.7899313333333,2.0,0.0,0.0,true,525,0
1773228549000,64.1232217833333,-21.7899313333333,0.0,0.0,0.0,true,526,0
1773228552000,64.1232217833333,-21.7899313333333,3.0,0.0,0.0,true,527,0
1773228556000,64.1232217833333,-21.7899313333333,4.0,0.0,0.0,true,528,0
1773228556000,64.1232217833333,-21.7899313333333,0.0,0.0,0.0,true,529,0
1773228558000,64.1232217833333,-21.7899313333333,2.0,0.0,0.0,true,530,0
1773228558000,64.1232217833333,-21.7899313333333,0.0,0.0,0.0,true,531,0
1773228562000,64.1232217833333,-21.7899313333333,4.0,0.0,0.0,true,532,0
1773228567000,64.1232217833333,-21.7899313333333,5.0,0.0,0.0,true,533,0
1773228567000,64.1232217833333,-21.7899313333333,0.0,0.0,0.0,true,534,0
1773228569000,64.1232217833333,-21.7899313333333,2.0,0.0,0.0,true,535,0
1773228569000,64.1232217833333,-21.7899313333333,0.0,0.0,0.0,true,536,0
1773228569000,64.1232217833333,-21.7899313333333,0.0,0.0,0.0,true,537,0
1773228573000,64.1232217833333,-21.7899313333333,4.0,0.0,0.0,true,538,0
1773228576000,64.1232217833333,-21.7899313333333,3.0,0.0,0.0,true,539,0
1773228576000,64.1232217833333,-21.7899313333333,0.0,0.0,0.0,true,540,0
1773228583000,64.1232217833333,-21.7899313333333,7.0,0.0,0.0,true,541,0
1773228583000,64.1232217833333,-21.7899313333333,0.0,0.0,0.0,true,542,0
1773228586000,64.1232217833333,-21.7899313333333,3.0,0.0,0.0,true,543,0
1773228588000,64.1232217833333,-21.7899313333333,2.0,0.0,0.0,true,544,0
1773228588000,64.1232217833333,-21.7899313333333,0.0,0.0,0.0,true,545,0
1773228590000,64.1232217833333,-21.7899313333333,2.0,0.0,0.0,true,546,0
1773228592000,64.1232217833333,-21.7899313333333,2.0,0.0,0.0,true,547,0
1773228592000,64.1232217833333,-21.7899313333333,0.0,0.0,0.0,true,548,0
1773228595000,64.1232217833333,-21.7899313333333,3.0,0.0,0.0,true,549,0
1773228595000,64.1232217833333,-21.7899313333333,0.0,0.0,0.0,true,550,0
1773228598000,64.1232217833333,-21.7899313333333,3.0,0.0,0.0,true,551,0
1773228601000,64.1232217833333,-21.7899313333333,3.0,0.0,0.0,true,552,0
1773228601000,64.1232217833333,-21.7899313333333,0.0,0.0,0.0,true,553,0
1773228608000,64.1232217833333,-21.7899313333333,7.0,0.0,0.0,true,554,0
1773228608000,64.1232217833333,-21.7899313333333,0.0,0.0,0.0,true,555,0
1773228611000,64.1232217833333,-21.7899313333333,3.0,0.0,0.0,true,556,0
1773228614000,64.1232217833333,-21.7899313333333,3.0,0.0,0.0,true,557,0
1773228614000,64.1232217833333,-21.7899313333333,0.0,0.0,0.0,true,558,0
1773228616000,64.1232217833333,-21.7899313333333,2.0,0.0,0.0,true,559,0
1773228620000,64.1232217833333,-21.7899313333333,4.0,0.0,0.0,true,560,0
1773228620000,64.1232217833333,-21.7899313333333,0.0,0.0,0.0,true,561,0
1773228624000,64.1232217833333,-21.7899313333333,4.0,0.0,0.0,true,562,0
1773228624000,64.1232217833333,-21.7899313333333,0.0,0.0,0.0,true,563,0
1773228626000,64.1232217833333,-21.7899313333333,2.0,0.0,0.0,true,564,0
1773228626000,64.1232217833333,-21.7899313333333,0.0,0.0,0.0,true,565,0
1773228626000,64.1232217833333,-21.7899313333333,0.0,0.0,0.0,true,566,0
1773228631000,64.1232217833333,-21.7899313333333,5.0,0.0,0.0,true,567,0
1773228635000,64.1232217833333,-21.7899313333333,4.0,0.0,0.0,true,568,0
1773228635000,64.1232217833333,-21.7899313333333,0.0,0.0,0.0,true,569,0
1773228638000,64.1232217833333,-21.7899313333333,3.0,0.0,0.0,true,570,0
1773228643000,64.1232217833333,-21.7899313333333,5.0,0.0,0.0,true,571,0
1773228643000,64.1232217833333,-21.7899313333333,0.0,0.0,0.0,true,572,0
1773228643000,64.1232217833333,-21.7899313333333,0.0,0.0,0.0,true,573,0
1773228646000,64.1232217833333,-21.7899313333333,3.0,0.0,0.0,true,574,0
1773228646000,64.1232217833333,-21.7899313333333,0.0,0.0,0.0,true,575,0
1773228648000,64.1232217833333,-21.7899313333333,2.0,0.0,0.0,true,576,0
1773228648000,64.1232217833333,-21.7899313333333,0.0,0.0,0.0,true,577,0
1773228652000,64.1232217833333,-21.7899313333333,4.0,0.0,0.0,true,578,0
1773228658000,64.1232217833333,-21.7899313333333,6.0,0.0,0.0,true,579,0
1773228658000,64.1232217833333,-21.7899313333333,0.0,0.0,0.0,true,580,0
1773228663000,64.1232211833333,-21.7899268333333,5.0,0.2,0.2,true,581,0
1773228663000,64.1232211833333,-21.7899268333333,0.0,0.0,0.0,true,582,0
1773228663000,64.1232211833333,-21.7899268333333,0.0,0.0,0.0,true,583,0
1773228667000,64.1232211833333,-21.7899268333333,4.0,0.0,0.0,true,584,0
1773228669000,64.1232211833333,-21.7899268333333,2.0,0.0,0.0,true,585,0
1773228669000,64.1232211833333,-21.7899268333333,0.0,0.0,0.0,true,586,0
1773228672000,64.1232211833333,-21.7899268333333,3.0,0.0,0.0,true,587,0
1773228672000,64.1232211833333,-21.7899268333333,0.0,0.0,0.0,true,588,0
1773228675000,64.1232211833333,-21.7899268333333,3.0,0.0,0.0,true,589,0
1773228680000,64.1232211833333,-21.7899268333333,5.0,0.0,0.0,true,590,0
1773228680000,64.1232211833333,-21.7899268333333,0.0,0.0,0.0,true,591,0
1773228683000,64.1232211833333,-21.7899268333333,3.0,0.0,0.0,true,592,0
1773228685000,64.1232211833333,-21.7899268333333,2.0,0.0,0.0,true,593,0
1773228685000,64.1232211833333,-21.7899268333333,0.0,0.0,0.0,true,594,0
1773228685000,64.1232211833333,-21.7899268333333,0.0,0.0,0.0,true,595,0
1773228685000,64.1232211833333,-21.7899268333333,0.0,0.0,0.0,true,596,0
1773228685000,64.1232211833333,-21.7899268333333,0.0,0.0,0.0,true,597,0
1773228694000,64.1232211833333,-21.7899268333333,9.0,0.0,0.0,true,598,0
1773228696000,64.1232211833333,-21.7899268333333,2.0,0.0,0.0,true,599,0
1773228696000,64.1232211833333,-21.7899268333333,0.0,0.0,0.0,true,600,0
1773228702000,64.1232211833333,-21.7899268333333,6.0,0.0,0.0,true,601,0
1773228702000,64.1232211833333,-21.7899268333333,0.0,0.0,0.0,true,602,0
1773228702000,64.1232211833333,-21.7899268333333,0.0,0.0,0.0,true,603,0
1773228705000,64.1232211833333,-21.7899268333333,3.0,0.0,0.0,true,604,0
1773228705000,64.1232211833333,-21.7899268333333,0.0,0.0,0.0,true,605,0
1773228710000,64.1232211833333,-21.7899268333333,5.0,0.0,0.0,true,606,0
1773228714000,64.1232211833333,-21.7899268333333,4.0,0.0,0.0,true,607,0
1773228714000,64.1232211833333,-21.7899268333333,0.0,0.0,0.0,true,608,0
1773228716000,64.1232211833333,-21.7899268333333,2.0,0.0,0.0,true,609,0
1773228719000,64.1232211833333,-21.7899268333333,3.0,0.0,0.0,true,610,0
1773228719000,64.1232211833333,-21.7899268333333,0.0,0.0,0.0,true,611,0
1773228721000,64.1232211833333,-21.7899268333333,2.0,0.0,0.0,true,612,0
1773228721000,64.1232211833333,-21.7899268333333,0.0,0.0,0.0,true,613,0
1773228726000,64.1232211833333,-21.7899268333333,5.0,0.0,0.0,true,614,0
1773228732000,64.1232211833333,-21.7899268333333,6.0,0.0,0.0,true,615,0
1773228732000,64.1232211833333,-21.7899268333333,0.0,0.0,0.0,true,616,0
1773228732000,64.1232211833333,-21.7899268333333,0.0,0.0,0.0,true,617,0
1773228736000,64.1232211833333,-21.7899268333333,4.0,0.0,0.0,true,618,0
1773228736000,64.1232211833333,-21.7899268333333,0.0,0.0,0.0,true,619,0
1773228739000,64.1232211833333,-21.7899268333333,3.0,0.0,0.0,true,620,0
1773228741000,64.1232211833333,-21.7899268333333,2.0,0.0,0.0,true,621,0
1773228741000,64.1232211833333,-21.7899268333333,0.0,0.0,0.0,true,622,0
1773228746000,64.1232211833333,-21.7899268333333,5.0,0.0,0.0,true,623,0
1773228746000,64.1232211833333,-21.7899268333333,0.0,0.0,0.0,true,624,0
1773228748000,64.1232211833333,-21.7899268333333,2.0,0.0,0.0,true,625,0
1773228751000,64.1232211833333,-21.7899268333333,3.0,0.0,0.0,true,626,0
1773228751000,64.1232211833333,-21.7899268333333,0.0,0.0,0.0,true,627,0
1773228755000,64.1232211833333,-21.7899268333333,4.0,0.0,0.0,true,628,0
1773228757000,64.1232211833333,-21.7899268333333,2.0,0.0,0.0,true,629,0
1773228761000,64.1232211833333,-21.7899268333333,4.0,0.0,0.0,true,630,0
1773228761000,64.1232211833333,-21.7899268333333,0.0,0.0,0.0,true,631,0
1773228763000,64.1232211833333,-21.7899268333333,2.0,0.0,0.0,true,632,0
1773228766000,64.1232211833333,-21.7899268333333,3.0,0.0,0.0,true,633,0
1773228773000,64.1232211833333,-21.7899268333333,7.0,0.0,0.0,true,634,0
1773228779000,64.1232211833333,-21.7899268333333,6.0,0.0,0.0,true,635,0
1773228781000,64.1232205833333,-21.789924,2.0,0.2,0.3,true,636,0
1773228781000,64.1232205833333,-21.789924,0.0,0.0,0.0,true,637,0
1773228783000,64.1232205833333,-21.789924,2.0,0.0,0.0,true,638,0
1773228783000,64.1232205833333,-21.789924,0.0,0.0,0.0,true,639,0
1773228783000,64.1232205833333,-21.789924,0.0,0.0,0.0,true,640,0
1773228788000,64.1232205833333,-21.789924,5.0,0.0,0.0,true,641,0
1773228788000,64.1232205833333,-21.789924,0.0,0.0,0.0,true,642,0
1773228790000,64.1232205833333,-21.789924,2.0,0.0,0.0,true,643,0
1773228797000,64.1232205833333,-21.789924,7.0,0.0,0.0,true,644,0
1773228797000,64.1232205833333,-21.789924,0.0,0.0,0.0,true,645,0
1773228799000,64.1232205833333,-21.789924,2.0,0.0,0.0,true,646,0
1773228799000,64.1232205833333,-21.789924,0.0,0.0,0.0,true,647,0
1773228802000,64.1232205833333,-21.789924,3.0,0.0,0.0,true,648,0
1773228802000,64.1232205833333,-21.789924,0.0,0.0,0.0,true,649,0
1773228804000,64.1232205833333,-21.789924,2.0,0.0,0.0,true,650,0
1773228810000,64.1232205833333,-21.789924,6.0,0.0,0.0,true,651,0
1773228810000,64.1232205833333,-21.789924,0.0,0.0,0.0,true,652,0
1773228810000,64.1232205833333,-21.789924,0.0,0.0,0.0,true,653,0
1773228816000,64.1232205833333,-21.789924,6.0,0.0,0.0,true,654,0
1773228816000,64.1232205833333,-21.789924,0.0,0.0,0.0,true,655,0
1773228819000,64.1232205833333,-21.789924,3.0,0.0,0.0,true,656,0
1773228823000,64.1232205833333,-21.789924,4.0,0.0,0.0,true,657,0
1773228823000,64.1232205833333,-21.789924,0.0,0.0,0.0,true,658,0
1773228823000,64.1232205833333,-21.789924,0.0,0.0,0.0,true,659,0
1773228829000,64.1232205833333,-21.789924,6.0,0.0,0.0,true,660,0
1773228829000,64.1232205833333,-21.789924,0.0,0.0,0.0,true,661,0
1773228831000,64.1232205833333,-21.789924,2.0,0.0,0.0,true,662,0
1773228831000,64.1232205833333,-21.789924,0.0,0.0,0.0,true,663,0
1773228833000,64.1232205833333,-21.789924,2.0,0.0,0.0,true,664,0
1773228835000,64.1232205833333,-21.789924,2.0,0.0,0.0,true,665,0
1773228840000,64.1232205833333,-21.789924,5.0,0.0,0.0,true,666,0
1773228840000,64.1232205833333,-21.789924,0.0,0.0,0.0,true,667,0
1773228840000,64.1232205833333,-21.789924,0.0,0.0,0.0,true,668,0
1773228844000,64.1232205833333,-21.789924,4.0,0.0,0.0,true,669,0
1773228844000,64.1232205833333,-21.789924,0.0,0.0,0.0,true,670,0
1773228846000,64.1232205833333,-21.789924,2.0,0.0,0.0,true,671,0
1773228850000,64.1232205833333,-21.789924,4.0,0.0,0.0,true,672,0
1773228852000,64.1232205833333,-21.789924,2.0,0.0,0.0,true,673,0
1773228852000,64.1232205833333,-21.789924,0.0,0.0,0.0,true,674,0
1773228855000,64.1232205833333,-21.789924,3.0,0.0,0.0,true,675,0
1773228855000,64.1232205833333,-21.789924,0.0,0.0,0.0,true,676,0
1773228859000,64.1232205833333,-21.789924,4.0,0.0,0.0,true,677,0
1773228862000,64.1232205833333,-21.789924,3.0,0.0,0.0,true,678,0
1773228865000,64.1232205833333,-21.789924,3.0,0.0,0.0,true,679,0
1773228867000,64.1232205833333,-21.789924,2.0,0.0,0.0,true,680,0
1773228867000,64.1232205833333,-21.789924,0.0,0.0,0.0,true,681,0
1773228871000,64.1232205833333,-21.789924,4.0,0.0,0.0,true,682,0
1773228871000,64.1232205833333,-21.789924,0.0,0.0,0.0,true,683,0
1773228876000,64.1232205833333,-21.789924,5.0,0.0,0.0,true,684,0
1773228876000,64.1232205833333,-21.789924,0.0,0.0,0.0,true,685,0
1773228876000,64.1232205833333,-21.789924,0.0,0.0,0.0,true,686,0
1773228880000,64.1232205833333,-21.789924,4.0,0.0,0.0,true,687,0
1773228880000,64.1232205833333,-21.789924,0.0,0.0,0.0,true,688,0
1773228885000,64.1232205833333,-21.789924,5.0,0.0,0.0,true,689,0
1773228885000,64.1232205833333,-21.789924,0.0,0.0,0.0,true,690,0
1773228889000,64.1232205833333,-21.789924,4.0,0.0,0.0,true,691,0
1773228889000,64.1232205833333,-21.789924,0.0,0.0,0.0,true,692,0
1773228891000,64.1232205833333,-21.789924,2.0,0.0,0.0,true,693,0
1773228895000,64.1232205833333,-21.789924,4.0,0.0,0.0,true,694,0
1773228897000,64.1232205833333,-21.789924,2.0,0.0,0.0,true,695,0
1773228897000,64.1232205833333,-21.789924,0.0,0.0,0.0,true,696,0
1773228900000,64.1232205833333,-21.789924,3.0,0.0,0.0,true,697,0
1773228902000,64.1232195333333,-21.7899228333333,2.0,0.1,0.2,true,698,0
1773228902000,64.1232195333333,-21.7899228333333,0.0,0.0,0.0,true,699,0
1773228906000,64.1232195333333,-21.7899228333333,4.0,0.0,0.0,true,700,0
1773228910000,64.1232195333333,-21.7899228333333,4.0,0.0,0.0,true,701,0
1773228910000,64.1232195333333,-21.7899228333333,0.0,0.0,0.0,true,702,0
1773228912000,64.1232195333333,-21.7899228333333,2.0,0.0,0.0,true,703,0
1773228912000,64.1232195333333,-21.7899228333333,0.0,0.0,0.0,true,704,0
1773228917000,64.1232195333333,-21.7899228333333,5.0,0.0,0.0,true,705,0
1773228919000,64.1232195333333,-21.7899228333333,2.0,0.0,0.0,true,706,0
1773228919000,64.1232195333333,-21.7899228333333,0.0,0.0,0.0,true,707,0
1773228921000,64.1232195333333,-21.7899228333333,2.0,0.0,0.0,true,708,0
1773228921000,64.1232195333333,-21.7899228333333,0.0,0.0,0.0,true,709,0
1773228926000,64.1232195333333,-21.7899228333333,5.0,0.0,0.0,true,710,0
1773228930000,64.1232195333333,-21.7899228333333,4.0,0.0,0.0,true,711,0
1773228932000,64.1232195333333,-21.7899228333333,2.0,0.0,0.0,true,712,0
1773228932000,64.1232195333333,-21.7899228333333,0.0,0.0,0.0,true,713,0
1773228935000,64.1232195333333,-21.7899228333333,3.0,0.0,0.0,true,714,0
1773228935000,64.1232195333333,-21.7899228333333,0.0,0.0,0.0,true,715,0
1773228938000,64.1232195333333,-21.7899228333333,3.0,0.0,0.0,true,716,0
1773228941000,64.1232195333333,-21.7899228333333,3.0,0.0,0.0,true,717,0
1773228941000,64.1232195333333,-21.7899228333333,0.0,0.0,0.0,true,718,0
1773228944000,64.1232195333333,-21.7899228333333,3.0,0.0,0.0,true,719,0
1773228949000,64.1232195333333,-21.7899228333333,5.0,0.0,0.0,true,720,0
1773228949000,64.1232195333333,-21.7899228333333,0.0,0.0,0.0,true,721,0
1773228951000,64.1232195333333,-21.7899228333333,2.0,0.0,0.0,true,722,0
1773228951000,64.1232195333333,-21.7899228333333,0.0,0.0,0.0,true,723,0
1773228953000,64.1232195333333,-21.7899228333333,2.0,0.0,0.0,true,724,0
1773228956000,64.1232195333333,-21.7899228333333,3.0,0.0,0.0,true,725,0
1773228959000,64.1232195333333,-21.7899228333333,3.0,0.0,0.0,true,726,0
1773228959000,64.1232195333333,-21.7899228333333,0.0,0.0,0.0,true,727,0
1773228964000,64.1232195333333,-21.7899228333333,5.0,0.0,0.0,true,728,0
1773228964000,64.1232195333333,-21.7899228333333,0.0,0.0,0.0,true,729,0
1773228964000,64.1232195333333,-21.7899228333333,0.0,0.0,0.0,true,730,0
1773228969000,64.1232195333333,-21.7899228333333,5.0,0.0,0.0,true,731,0
1773228969000,64.1232195333333,-21.7899228333333,0.0,0.0,0.0,true,732,0
1773228973000,64.1232195333333,-21.7899228333333,4.0,0.0,0.0,true,733,0
1773228973000,64.1232195333333,-21.7899228333333,0.0,0.0,0.0,true,734,0
1773228976000,64.1232195333333,-21.7899228333333,3.0,0.0,0.0,true,735,0
1773228979000,64.1232195333333,-21.7899228333333,3.0,0.0,0.0,true,736,0
1773228979000,64.1232195333333,-21.7899228333333,0.0,0.0,0.0,true,737,0
1773228981000,64.1232195333333,-21.7899228333333,2.0,0.0,0.0,true,738,0
1773228984000,64.1232195333333,-21.7899228333333,3.0,0.0,0.0,true,739,0
1773228988000,64.1232195333333,-21.7899228333333,4.0,0.0,0.0,true,740,0
1773228988000,64.1232195333333,-21.7899228333333,0.0,0.0,0.0,true,741,0
1773228991000,64.1232195333333,-21.7899228333333,3.0,0.0,0.0,true,742,0
1773228991000,64.1232195333333,-21.7899228333333,0.0,0.0,0.0,true,743,0
1773228997000,64.1232195333333,-21.7899228333333,6.0,0.0,0.0,true,744,0
1773228997000,64.1232195333333,-21.7899228333333,0.0,0.0,0.0,true,745,0
1773229000000,64.1232195333333,-21.7899228333333,3.0,0.0,0.0,true,746,0
1773229002000,64.1232195333333,-21.7899228333333,2.0,0.0,0.0,true,747,0
1773229002000,64.1232195333333,-21.7899228333333,0.0,0.0,0.0,true,748,0
1773229002000,64.1232195333333,-21.7899228333333,0.0,0.0,0.0,true,749,0
1773229006000,64.1232195333333,-21.7899228333333,4.0,0.0,0.0,true,750,0
1773229006000,64.1232195333333,-21.7899228333333,0.0,0.0,0.0,true,751,0
1773229009000,64.1232195333333,-21.7899228333333,3.0,0.0,0.0,true,752,0
1773229012000,64.1232195333333,-21.7899228333333,3.0,0.0,0.0,true,753,0
1773229015000,64.1232195333333,-21.7899228333333,3.0,0.0,0.0,true,754,0
1773229015000,64.1232195333333,-21.7899228333333,0.0,0.0,0.0,true,755,0
1773229021000,64.1232195333333,-21.7899228333333,6.0,0.0,0.0,true,756,0
1773229021000,64.1232195333333,-21.7899228333333,0.0,0.0,0.0,true,757,0
1773229021000,64.1232195333333,-21.7899228333333,0.0,0.0,0.0,true,758,0
1773229021000,64.1232195333333,-21.7899228333333,0.0,0.0,0.0,true,759,0
1773229024000,64.1232187333333,-21.7899213333333,3.0,0.1,0.1,true,760,0
1773229028000,64.1232187333333,-21.7899213333333,4.0,0.0,0.0,true,761,0
1773229028000,64.1232187333333,-21.7899213333333,0.0,0.0,0.0,true,762,0
1773229032000,64.1232187333333,-21.7899213333333,4.0,0.0,0.0,true,763,0
1773229036000,64.1232187333333,-21.7899213333333,4.0,0.0,0.0,true,764,0
1773229036000,64.1232187333333,-21.7899213333333,0.0,0.0,0.0,true,765,0
1773229036000,64.1232187333333,-21.7899213333333,0.0,0.0,0.0,true,766,0
1773229041000,64.1232187333333,-21.7899213333333,5.0,0.0,0.0,true,767,0
1773229041000,64.1232187333333,-21.7899213333333,0.0,0.0,0.0,true,768,0
1773229044000,64.1232187333333,-21.7899213333333,3.0,0.0,0.0,true,769,0
1773229047000,64.1232187333333,-21.7899213333333,3.0,0.0,0.0,true,770,0
1773229047000,64.1232187333333,-21.7899213333333,0.0,0.0,0.0,true,771,0
1773229052000,64.1232187333333,-21.7899213333333,5.0,0.0,0.0,true,772,0
1773229054000,64.1232187333333,-21.7899213333333,2.0,0.0,0.0,true,773,0
1773229054000,64.1232187333333,-21.7899213333333,0.0,0.0,0.0,true,774,0
1773229056000,64.1232187333333,-21.7899213333333,2.0,0.0,0.0,true,775,0
1773229059000,64.1232187333333,-21.7899213333333,3.0,0.0,0.0,true,776,0
1773229059000,64.1232187333333,-21.7899213333333,0.0,0.0,0.0,true,777,0
1773229062000,64.1232187333333,-21.7899213333333,3.0,0.0,0.0,true,778,0
1773229065000,64.1232187333333,-21.7899213333333,3.0,0.0,0.0,true,779,0
1773229065000,64.1232187333333,-21.7899213333333,0.0,0.0,0.0,true,780,0
1773229069000,64.1232187333333,-21.7899213333333,4.0,0.0,0.0,true,781,0
1773229069000,64.1232187333333,-21.7899213333333,0.0,0.0,0.0,true,782,0
1773229071000,64.1232187333333,-21.7899213333333,2.0,0.0,0.0,true,783,0
1773229071000,64.1232187333333,-21.7899213333333,0.0,0.0,0.0,true,784,0
1773229076000,64.1232187333333,-21.7899213333333,5.0,0.0,0.0,true,785,0
1773229078000,64.1232187333333,-21.7899213333333,2.0,0.0,0.0,true,786,0
1773229082000,64.1232187333333,-21.7899213333333,4.0,0.0,0.0,true,787,0
1773229082000,64.1232187333333,-21.7899213333333,0.0,0.0,0.0,true,788,0
1773229086000,64.1232187333333,-21.7899213333333,4.0,0.0,0.0,true,789,0
1773229088000,64.1232187333333,-21.7899213333333,2.0,0.0,0.0,true,790,0
1773229088000,64.1232187333333,-21.7899213333333,0.0,0.0,0.0,true,791,0
1773229090000,64.1232187333333,-21.7899213333333,2.0,0.0,0.0,true,792,0
1773229090000,64.1232187333333,-21.7899213333333,0.0,0.0,0.0,true,793,0
1773229094000,64.1232187333333,-21.7899213333333,4.0,0.0,0.0,true,794,0
1773229096000,64.1232187333333,-21.7899213333333,2.0,0.0,0.0,true,795,0
1773229098000,64.1232187333333,-21.7899213333333,2.0,0.0,0.0,true,796,0
1773229098000,64.1232187333333,-21.7899213333333,0.0,0.0,0.0,true,797,0
1773229103000,64.1232187333333,-21.7899213333333,5.0,0.0,0.0,true,798,0
1773229103000,64.1232187333333,-21.7899213333333,0.0,0.0,0.0,true,799,0
1773229107000,64.1232187333333,-21.7899213333333,4.0,0.0,0.0,true,800,0
1773229109000,64.1232187333333,-21.7899213333333,2.0,0.0,0.0,true,801,0
1773229109000,64.1232187333333,-21.7899213333333,0.0,0.0,0.0,true,802,0
1773229113000,64.1232187333333,-21.7899213333333,4.0,0.0,0.0,true,803,0
1773229113000,64.1232187333333,-21.7899213333333,0.0,0.0,0.0,true,804,0
1773229113000,64.1232187333333,-21.7899213333333,0.0,0.0,0.0,true,805,0
1773229120000,64.1232187333333,-21.7899213333333,7.0,0.0,0.0,true,806,0
1773229120000,64.1232187333333,-21.7899213333333,0.0,0.0,0.0,true,807,0
1773229122000,64.1232187333333,-21.7899213333333,2.0,0.0,0.0,true,808,0
1773229124000,64.1232187333333,-21.7899213333333,2.0,0.0,0.0,true,809,0
1773229124000,64.1232187333333,-21.7899213333333,0.0,0.0,0.0,true,810,0
1773229128000,64.1232187333333,-21.7899213333333,4.0,0.0,0.0,true,811,0
1773229130000,64.1232187333333,-21.7899213333333,2.0,0.0,0.0,true,812,0
1773229134000,64.1232187333333,-21.7899213333333,4.0,0.0,0.0,true,813,0
1773229134000,64.1232187333333,-21.7899213333333,0.0,0.0,0.0,true,814,0
1773229136000,64.1232187333333,-21.7899213333333,2.0,0.0,0.0,true,815,0
1773229139000,64.1232187333333,-21.7899213333333,3.0,0.0,0.0,true,816,0
1773229139000,64.1232187333333,-21.7899213333333,0.0,0.0,0.0,true,817,0
1773229145000,64.12321815,-21.7899195,6.0,0.1,0.1,true,818,0
1773229145000,64.12321815,-21.7899195,0.0,0.0,0.0,true,819,0
1773229147000,64.12321815,-21.7899195,2.0,0.0,0.0,true,820,0
1773229147000,64.12321815,-21.7899195,0.0,0.0,0.0,true,821,0
1773229147000,64.12321815,-21.7899195,0.0,0.0,0.0,true,822,0
1773229152000,64.12321815,-21.7899195,5.0,0.0,0.0,true,823,0
1773229152000,64.12321815,-21.7899195,0.0,0.0,0.0,true,824,0
1773229154000,64.12321815,-21.7899195,2.0,0.0,0.0,true,825,0
1773229160000,64.12321815,-21.7899195,6.0,0.0,0.0,true,826,0
1773229163000,64.12321815,-21.7899195,3.0,0.0,0.0,true,827,0
1773229163000,64.12321815,-21.7899195,0.0,0.0,0.0,true,828,0
1773229165000,64.12321815,-21.7899195,2.0,0.0,0.0,true,829,0
1773229169000,64.12321815,-21.7899195,4.0,0.0,0.0,true,830,0
1773229169000,64.12321815,-21.7899195,0.0,0.0,0.0,true,831,0
1773229178000,64.12321815,-21.7899195,9.0,0.0,0.0,true,832,0
1773229178000,64.12321815,-21.7899195,0.0,0.0,0.0,true,833,0
1773229180000,64.12321815,-21.7899195,2.0,0.0,0.0,true,834,0
1773229180000,64.12321815,-21.7899195,0.0,0.0,0.0,true,835,0
1773229185000,64.12321815,-21.7899195,5.0,0.0,0.0,true,836,0
1773229187000,64.12321815,-21.7899195,2.0,0.0,0.0,true,837,0
1773229187000,64.12321815,-21.7899195,0.0,0.0,0.0,true,838,0
1773229191000,64.12321815,-21.7899195,4.0,0.0,0.0,true,839,0
1773229193000,64.12321815,-21.7899195,2.0,0.0,0.0,true,840,0
1773229193000,64.12321815,-21.7899195,0.0,0.0,0.0,true,841,0
1773229195000,64.12321815,-21.7899195,2.0,0.0,0.0,true,842,0
1773229199000,64.12321815,-21.7899195,4.0,0.0,0.0,true,843,0
1773229199000,64.12321815,-21.7899195,0.0,0.0,0.0,true,844,0
1773229202000,64.12321815,-21.7899195,3.0,0.0,0.0,true,845,0
1773229206000,64.12321815,-21.7899195,4.0,0.0,0.0,true,846,0
1773229206000,64.12321815,-21.7899195,0.0,0.0,0.0,true,847,0
1773229211000,64.12321815,-21.7899195,5.0,0.0,0.0,true,848,0
1773229211000,64.12321815,-21.7899195,0.0,0.0,0.0,true,849,0
1773229211000,64.12321815,-21.7899195,0.0,0.0,0.0,true,850,0
1773229215000,64.12321815,-21.7899195,4.0,0.0,0.0,true,851,0
1773229215000,64.12321815,-21.7899195,0.0,0.0,0.0,true,852,0
1773229215000,64.12321815,-21.7899195,0.0,0.0,0.0,true,853,0
1773229220000,64.12321815,-21.7899195,5.0,0.0,0.0,true,854,0
1773229220000,64.12321815,-21.7899195,0.0,0.0,0.0,true,855,0
1773229226000,64.12321815,-21.7899195,6.0,0.0,0.0,true,856,0
1773229226000,64.12321815,-21.7899195,0.0,0.0,0.0,true,857,0
1773229230000,64.12321815,-21.7899195,4.0,0.0,0.0,true,858,0
1773229230000,64.12321815,-21.7899195,0.0,0.0,0.0,true,859,0
1773229230000,64.12321815,-21.7899195,0.0,0.0,0.0,true,860,0
1773229234000,64.12321815,-21.7899195,4.0,0.0,0.0,true,861,0
1773229237000,64.12321815,-21.7899195,3.0,0.0,0.0,true,862,0
1773229237000,64.12321815,-21.7899195,0.0,0.0,0.0,true,863,0
1773229239000,64.12321815,-21.7899195,2.0,0.0,0.0,true,864,0
1773229243000,64.12321815,-21.7899195,4.0,0.0,0.0,true,865,0
1773229243000,64.12321815,-21.7899195,0.0,0.0,0.0,true,866,0
1773229248000,64.12321815,-21.7899195,5.0,0.0,0.0,true,867,0
1773229248000,64.12321815,-21.7899195,0.0,0.0,0.0,true,868,0
1773229250000,64.12321815,-21.7899195,2.0,0.0,0.0,true,869,0
1773229253000,64.12321815,-21.7899195,3.0,0.0,0.0,true,870,0
1773229253000,64.12321815,-21.7899195,0.0,0.0,0.0,true,871,0
1773229257000,64.12321815,-21.7899195,4.0,0.0,0.0,true,872,0
1773229259000,64.12321815,-21.7899195,2.0,0.0,0.0,true,873,0
1773229259000,64.12321815,-21.7899195,0.0,0.0,0.0,true,874,0
1773229263000,64.12321815,-21.7899195,4.0,0.0,0.0,true,875,0
1773229265000,64.12321815,-21.7899195,2.0,0.0,0.0,true,876,0
1773229268000,64.12321705,-21.7899186666667,3.0,0.1,0.2,true,877,0
1773229270000,64.12321705,-21.7899186666667,2.0,0.0,0.0,true,878,0
1773229270000,64.12321705,-21.7899186666667,0.0,0.0,0.0,true,879,0
1773229272000,64.12321705,-21.7899186666667,2.0,0.0,0.0,true,880,0
1773229274000,64.12321705,-21.7899186666667,2.0,0.0,0.0,true,881,0
1773229274000,64.12321705,-21.7899186666667,0.0,0.0,0.0,true,882,0
1773229279000,64.12321705,-21.7899186666667,5.0,0.0,0.0,true,883,0
1773229279000,64.12321705,-21.7899186666667,0.0,0.0,0.0,true,884,0
1773229284000,64.12321705,-21.7899186666667,5.0,0.0,0.0,true,885,0
1773229286000,64.12321705,-21.7899186666667,2.0,0.0,0.0,true,886,0
1773229286000,64.12321705,-21.7899186666667,0.0,0.0,0.0,true,887,0
1773229288000,64.12321705,-21.7899186666667,2.0,0.0,0.0,true,888,0
1773229288000,64.12321705,-21.7899186666667,0.0,0.0,0.0,true,889,0
1773229291000,64.12321705,-21.7899186666667,3.0,0.0,0.0,true,890,0
1773229294000,64.12321705,-21.7899186666667,3.0,0.0,0.0,true,891,0
1773229294000,64.12321705,-21.7899186666667,0.0,0.0,0.0,true,892,0
1773229297000,64.12321705,-21.7899186666667,3.0,0.0,0.0,true,893,0
1773229304000,64.12321705,-21.7899186666667,7.0,0.0,0.0,true,894,0
1773229304000,64.12321705,-21.7899186666667,0.0,0.0,0.0,true,895,0
1773229306000,64.12321705,-21.7899186666667,2.0,0.0,0.0,true,896,0
1773229306000,64.12321705,-21.7899186666667,0.0,0.0,0.0,true,897,0
1773229309000,64.12321705,-21.7899186666667,3.0,0.0,0.0,true,898,0
1773229312000,64.12321705,-21.7899186666667,3.0,0.0,0.0,true,899,0
1773229312000,64.12321705,-21.7899186666667,0.0,0.0,0.0,true,900,0
1773229315000,64.12321705,-21.7899186666667,3.0,0.0,0.0,true,901,0
1773229317000,64.12321705,-21.7899186666667,2.0,0.0,0.0,true,902,0
1773229317000,64.12321705,-21.7899186666667,0.0,0.0,0.0,true,903,0
1773229320000,64.12321705,-21.7899186666667,3.0,0.0,0.0,true,904,0
1773229322000,64.12321705,-21.7899186666667,2.0,0.0,0.0,true,905,0
1773229325000,64.12321705,-21.7899186666667,3.0,0.0,0.0,true,906,0
1773229328000,64.12321705,-21.7899186666667,3.0,0.0,0.0,true,907,0
1773229328000,64.12321705,-21.7899186666667,0.0,0.0,0.0,true,908,0
1773229330000,64.12321705,-21.7899186666667,2.0,0.0,0.0,true,909,0
1773229330000,64.12321705,-21.7899186666667,0.0,0.0,0.0,true,910,0
1773229334000,64.12321705,-21.7899186666667,4.0,0.0,0.0,true,911,0
1773229339000,64.12321705,-21.7899186666667,5.0,0.0,0.0,true,912,0
1773229339000,64.12321705,-21.7899186666667,0.0,0.0,0.0,true,913,0
1773229339000,64.12321705,-21.7899186666667,0.0,0.0,0.0,true,914,0
1773229344000,64.12321705,-21.7899186666667,5.0,0.0,0.0,true,915,0
1773229346000,64.12321705,-21.7899186666667,2.0,0.0,0.0,true,916,0
1773229346000,64.12321705,-21.7899186666667,0.0,0.0,0.0,true,917,0
1773229350000,64.12321705,-21.7899186666667,4.0,0.0,0.0,true,918,0
1773229350000,64.12321705,-21.7899186666667,0.0,0.0,0.0,true,919,0
1773229354000,64.12321705,-21.7899186666667,4.0,0.0,0.0,true,920,0
1773229354000,64.12321705,-21.7899186666667,0.0,0.0,0.0,true,921,0
1773229357000,64.12321705,-21.7899186666667,3.0,0.0,0.0,true,922,0
1773229359000,64.12321705,-21.7899186666667,2.0,0.0,0.0,true,923,0
1773229359000,64.12321705,-21.7899186666667,0.0,0.0,0.0,true,924,0
1773229363000,64.12321705,-21.7899186666667,4.0,0.0,0.0,true,925,0
1773229365000,64.12321705,-21.7899186666667,2.0,0.0,0.0,true,926,0
1773229365000,64.12321705,-21.7899186666667,0.0,0.0,0.0,true,927,0
1773229367000,64.12321705,-21.7899186666667,2.0,0.0,0.0,true,928,0
1773229374000,64.12321705,-21.7899186666667,7.0,0.0,0.0,true,929,0
1773229374000,64.12321705,-21.7899186666667,0.0,0.0,0.0,true,930,0
1773229374000,64.12321705,-21.7899186666667,0.0,0.0,0.0,true,931,0
1773229376000,64.12321705,-21.7899186666667,2.0,0.0,0.0,true,932,0
1773229380000,64.12321705,-21.7899186666667,4.0,0.0,0.0,true,933,0
1773229382000,64.12321705,-21.7899186666667,2.0,0.0,0.0,true,934,0
1773229384000,64.12321705,-21.7899186666667,2.0,0.0,0.0,true,935,0
1773229386000,64.12321635,-21.7899178333333,2.0,0.1,0.2,true,936,0
1773229386000,64.12321635,-21.7899178333333,0.0,0.0,0.0,true,937,0
1773229386000,64.12321635,-21.7899178333333,0.0,0.0,0.0,true,938,0
1773229389000,64.12321635,-21.7899178333333,3.0,0.0,0.0,true,939,0
1773229392000,64.12321635,-21.7899178333333,3.0,0.0,0.0,true,940,0
1773229392000,64.12321635,-21.7899178333333,0.0,0.0,0.0,true,941,0
1773229397000,64.12321635,-21.7899178333333,5.0,0.0,0.0,true,942,0
1773229402000,64.12321635,-21.7899178333333,5.0,0.0,0.0,true,943,0
1773229402000,64.12321635,-21.7899178333333,0.0,0.0,0.0,true,944,0
1773229406000,64.12321635,-21.7899178333333,4.0,0.0,0.0,true,945,0
1773229406000,64.12321635,-21.7899178333333,0.0,0.0,0.0,true,946,0
1773229406000,64.12321635,-21.7899178333333,0.0,0.0,0.0,true,947,0
1773229410000,64.12321635,-21.7899178333333,4.0,0.0,0.0,true,948,0
1773229412000,64.12321635,-21.7899178333333,2.0,0.0,0.0,true,949,0
1773229412000,64.12321635,-21.7899178333333,0.0,0.0,0.0,true,950,0
1773229416000,64.12321635,-21.7899178333333,4.0,0.0,0.0,true,951,0
1773229416000,64.12321635,-21.7899178333333,0.0,0.0,0.0,true,952,0
1773229418000,64.12321635,-21.7899178333333,2.0,0.0,0.0,true,953,0
1773229425000,64.12321635,-21.7899178333333,7.0,0.0,0.0,true,954,0
1773229425000,64.12321635,-21.7899178333333,0.0,0.0,0.0,true,955,0
1773229427000,64.12321635,-21.7899178333333,2.0,0.0,0.0,true,956,0
1773229430000,64.12321635,-21.7899178333333,3.0,0.0,0.0,true,957,0
1773229430000,64.12321635,-21.7899178333333,0.0,0.0,0.0,true,958,0
1773229432000,64.12321635,-21.7899178333333,2.0,0.0,0.0,true,959,0
1773229436000,64.12321635,-21.7899178333333,4.0,0.0,0.0,true,960,0
1773229436000,64.12321635,-21.7899178333333,0.0,0.0,0.0,true,961,0
1773229438000,64.12321635,-21.7899178333333,2.0,0.0,0.0,true,962,0
1773229442000,64.12321635,-21.7899178333333,4.0,0.0,0.0,true,963,0
1773229442000,64.12321635,-21.7899178333333,0.0,0.0,0.0,true,964,0
1773229447000,64.12321635,-21.7899178333333,5.0,0.0,0.0,true,965,0
1773229447000,64.12321635,-21.7899178333333,0.0,0.0,0.0,true,966,0
1773229447000,64.12321635,-21.7899178333333,0.0,0.0,0.0,true,967,0
1773229451000,64.12321635,-21.7899178333333,4.0,0.0,0.0,true,968,0
1773229451000,64.12321635,-21.7899178333333,0.0,0.0,0.0,true,969,0
1773229453000,64.12321635,-21.7899178333333,2.0,0.0,0.0,true,970,0
1773229453000,64.12321635,-21.7899178333333,0.0,0.0,0.0,true,971,0
1773229453000,64.12321635,-21.7899178333333,0.0,0.0,0.0,true,972,0
1773229461000,64.12321635,-21.7899178333333,8.0,0.0,0.0,true,973,0
1773229461000,64.12321635,-21.7899178333333,0.0,0.0,0.0,true,974,0
1773229461000,64.12321635,-21.7899178333333,0.0,0.0,0.0,true,975,0
1773229465000,64.12321635,-21.7899178333333,4.0,0.0,0.0,true,976,0
1773229465000,64.12321635,-21.7899178333333,0.0,0.0,0.0,true,977,0
1773229465000,64.12321635,-21.7899178333333,0.0,0.0,0.0,true,978,0
1773229472000,64.12321635,-21.7899178333333,7.0,0.0,0.0,true,979,0
1773229476000,64.12321635,-21.7899178333333,4.0,0.0,0.0,true,980,0
1773229476000,64.12321635,-21.7899178333333,0.0,0.0,0.0,true,981,0
1773229480000,64.12321635,-21.7899178333333,4.0,0.0,0.0,true,982,0
1773229480000,64.12321635,-21.7899178333333,0.0,0.0,0.0,true,983,0
1773229480000,64.12321635,-21.7899178333333,0.0,0.0,0.0,true,984,0
1773229486000,64.12321635,-21.7899178333333,6.0,0.0,0.0,true,985,0
1773229486000,64.12321635,-21.7899178333333,0.0,0.0,0.0,true,986,0
1773229490000,64.12321635,-21.7899178333333,4.0,0.0,0.0,true,987,0
1773229490000,64.12321635,-21.7899178333333,0.0,0.0,0.0,true,988,0
1773229490000,64.12321635,-21.7899178333333,0.0,0.0,0.0,true,989,0
1773229495000,64.12321635,-21.7899178333333,5.0,0.0,0.0,true,990,0
1773229497000,64.12321635,-21.7899178333333,2.0,0.0,0.0,true,991,0
1773229497000,64.12321635,-21.7899178333333,0.0,0.0,0.0,true,992,0
1773229501000,64.12321635,-21.7899178333333,4.0,0.0,0.0,true,993,0
1773229504000,64.12321635,-21.7899178333333,3.0,0.0,0.0,true,994,0
1773229504000,64.12321635,-21.7899178333333,0.0,0.0,0.0,true,995,0
1773229507000,64.12321635,-21.7899178333333,3.0,0.0,0.0,true,996,0
1773229507000,64.12321635,-21.7899178333333,0.0,0.0,0.0,true,997,0
1773229510000,64.1232155666667,-21.7899168333333,3.0,0.1,0.1,true,998,0
1773229512000,64.1232155666667,-21.7899168333333,2.0,0.0,0.0,true,999,0
1773229512000,64.1232155666667,-21.7899168333333,0.0,0.0,0.0,true,1000,0
1773229517000,64.1232155666667,-21.7899168333333,5.0,0.0,0.0,true,1001,0
1773229517000,64.1232155666667,-21.7899168333333,0.0,0.0,0.0,true,1002,0
1773229520000,64.1232155666667,-21.7899168333333,3.0,0.0,0.0,true,1003,0
1773229522000,64.1232155666667,-21.7899168333333,2.0,0.0,0.0,true,1004,0
1773229526000,64.1232155666667,-21.7899168333333,4.0,0.0,0.0,true,1005,0
1773229526000,64.1232155666667,-21.7899168333333,0.0,0.0,0.0,true,1006,0
1773229531000,64.1232155666667,-21.7899168333333,5.0,0.0,0.0,true,1007,0
1773229531000,64.1232155666667,-21.7899168333333,0.0,0.0,0.0,true,1008,0
1773229531000,64.1232155666667,-21.7899168333333,0.0,0.0,0.0,true,1009,0
1773229536000,64.1232155666667,-21.7899168333333,5.0,0.0,0.0,true,1010,0
1773229536000,64.1232155666667,-21.7899168333333,0.0,0.0,0.0,true,1011,0
1773229538000,64.1232155666667,-21.7899168333333,2.0,0.0,0.0,true,1012,0
1773229542000,64.1232155666667,-21.7899168333333,4.0,0.0,0.0,true,1013,0
1773229542000,64.1232155666667,-21.7899168333333,0.0,0.0,0.0,true,1014,0
1773229547000,64.1232155666667,-21.7899168333333,5.0,0.0,0.0,true,1015,0
1773229547000,64.1232155666667,-21.7899168333333,0.0,0.0,0.0,true,1016,0
1773229547000,64.1232155666667,-21.7899168333333,0.0,0.0,0.0,true,1017,0
1773229551000,64.1232155666667,-21.7899168333333,4.0,0.0,0.0,true,1018,0
1773229551000,64.1232155666667,-21.7899168333333,0.0,0.0,0.0,true,1019,0
1773229554000,64.1232155666667,-21.7899168333333,3.0,0.0,0.0,true,1020,0
1773229557000,64.1232155666667,-21.7899168333333,3.0,0.0,0.0,true,1021,0
1773229557000,64.1232155666667,-21.7899168333333,0.0,0.0,0.0,true,1022,0
1773229559000,64.1232155666667,-21.7899168333333,2.0,0.0,0.0,true,1023,0
1773229564000,64.1232155666667,-21.7899168333333,5.0,0.0,0.0,true,1024,0
1773229564000,64.1232155666667,-21.7899168333333,0.0,0.0,0.0,true,1025,0
1773229568000,64.1232155666667,-21.7899168333333,4.0,0.0,0.0,true,1026,0
1773229568000,64.1232155666667,-21.7899168333333,0.0,0.0,0.0,true,1027,0
1773229568000,64.1232155666667,-21.7899168333333,0.0,0.0,0.0,true,1028,0
1773229572000,64.1232155666667,-21.7899168333333,4.0,0.0,0.0,true,1029,0
1773229575000,64.1232155666667,-21.7899168333333,3.0,0.0,0.0,true,1030,0
1773229575000,64.1232155666667,-21.7899168333333,0.0,0.0,0.0,true,1031,0
1773229577000,64.1232155666667,-21.7899168333333,2.0,0.0,0.0,true,1032,0
1773229580000,64.1232155666667,-21.7899168333333,3.0,0.0,0.0,true,1033,0
1773229583000,64.1232155666667,-21.7899168333333,3.0,0.0,0.0,true,1034,0
1773229587000,64.1232155666667,-21.7899168333333,4.0,0.0,0.0,true,1035,0
1773229587000,64.1232155666667,-21.7899168333333,0.0,0.0,0.0,true,1036,0
1773229589000,64.1232155666667,-21.7899168333333,2.0,0.0,0.0,true,1037,0
1773229592000,64.1232155666667,-21.7899168333333,3.0,0.0,0.0,true,1038,0
1773229592000,64.1232155666667,-21.7899168333333,0.0,0.0,0.0,true,1039,0
1773229594000,64.1232155666667,-21.7899168333333,2.0,0.0,0.0,true,1040,0
1773229598000,64.1232155666667,-21.7899168333333,4.0,0.0,0.0,true,1041,0
1773229598000,64.1232155666667,-21.7899168333333,0.0,0.0,0.0,true,1042,0
1773229602000,64.1232155666667,-21.7899168333333,4.0,0.0,0.0,true,1043,0
1773229602000,64.1232155666667,-21.7899168333333,0.0,0.0,0.0,true,1044,0
1773229604000,64.1232155666667,-21.7899168333333,2.0,0.0,0.0,true,1045,0
1773229609000,64.1232155666667,-21.7899168333333,5.0,0.0,0.0,true,1046,0
1773229609000,64.1232155666667,-21.7899168333333,0.0,0.0,0.0,true,1047,0
1773229609000,64.1232155666667,-21.7899168333333,0.0,0.0,0.0,true,1048,0
1773229613000,64.1232155666667,-21.7899168333333,4.0,0.0,0.0,true,1049,0
1773229613000,64.1232155666667,-21.7899168333333,0.0,0.0,0.0,true,1050,0
1773229613000,64.1232155666667,-21.7899168333333,0.0,0.0,0.0,true,1051,0
1773229618000,64.1232155666667,-21.7899168333333,5.0,0.0,0.0,true,1052,0
1773229618000,64.1232155666667,-21.7899168333333,0.0,0.0,0.0,true,1053,0
1773229624000,64.1232155666667,-21.7899168333333,6.0,0.0,0.0,true,1054,0
1773229624000,64.1232155666667,-21.7899168333333,0.0,0.0,0.0,true,1055,0
1773229624000,64.1232155666667,-21.7899168333333,0.0,0.0,0.0,true,1056,0
1773229629000,64.1232155666667,-21.7899168333333,5.0,0.0,0.0,true,1057,0
1773229629000,64.1232155666667,-21.7899168333333,0.0,0.0,0.0,true,1058,0
1773229633000,64.1232152166667,-21.7899165,4.0,0.0,0.0,true,1059,0
1773229635000,64.1232152166667,-21.7899165,2.0,0.0,0.0,true,1060,0
1773229638000,64.1232152166667,-21.7899165,3.0,0.0,0.0,true,1061,0
1773229638000,64.1232152166667,-21.7899165,0.0,0.0,0.0,true,1062,0
1773229642000,64.1232152166667,-21.7899165,4.0,0.0,0.0,true,1063,0
1773229644000,64.1232152166667,-21.7899165,2.0,0.0,0.0,true,1064,0
1773229644000,64.1232152166667,-21.7899165,0.0,0.0,0.0,true,1065,0
1773229651000,64.1232152166667,-21.7899165,7.0,0.0,0.0,true,1066,0
1773229651000,64.1232152166667,-21.7899165,0.0,0.0,0.0,true,1067,0
1773229651000,64.1232152166667,-21.7899165,0.0,0.0,0.0,true,1068,0
1773229653000,64.1232152166667,-21.7899165,2.0,0.0,0.0,true,1069,0
1773229653000,64.1232152166667,-21.7899165,0.0,0.0,0.0,true,1070,0
1773229658000,64.1232152166667,-21.7899165,5.0,0.0,0.0,true,1071,0
1773229660000,64.1232152166667,-21.7899165,2.0,0.0,0.0,true,1072,0
1773229660000,64.1232152166667,-21.7899165,0.0,0.0,0.0,true,1073,0
1773229664000,64.1232152166667,-21.7899165,4.0,0.0,0.0,true,1074,0
1773229664000,64.1232152166667,-21.7899165,0.0,0.0,0.0,true,1075,0
1773229666000,64.1232152166667,-21.7899165,2.0,0.0,0.0,true,1076,0
1773229666000,64.1232152166667,-21.7899165,0.0,0.0,0.0,true,1077,0
1773229672000,64.1232152166667,-21.7899165,6.0,0.0,0.0,true,1078,0
1773229675000,64.1232152166667,-21.7899165,3.0,0.0,0.0,true,1079,0
1773229675000,64.1232152166667,-21.7899165,0.0,0.0,0.0,true,1080,0
1773229678000,64.1232152166667,-21.7899165,3.0,0.0,0.0,true,1081,0
1773229681000,64.1232152166667,-21.7899165,3.0,0.0,0.0,true,1082,0
1773229681000,64.1232152166667,-21.7899165,0.0,0.0,0.0,true,1083,0
1773229681000,64.1232152166667,-21.7899165,0.0,0.0,0.0,true,1084,0
1773229683000,64.1232152166667,-21.7899165,2.0,0.0,0.0,true,1085,0
1773229687000,64.1232152166667,-21.7899165,4.0,0.0,0.0,true,1086,0
1773229687000,64.1232152166667,-21.7899165,0.0,0.0,0.0,true,1087,0
1773229689000,64.1232152166667,-21.7899165,2.0,0.0,0.0,true,1088,0
1773229694000,64.1232152166667,-21.7899165,5.0,0.0,0.0,true,1089,0
1773229694000,64.1232152166667,-21.7899165,0.0,0.0,0.0,true,1090,0
1773229694000,64.1232152166667,-21.7899165,0.0,0.0,0.0,true,1091,0
1773229700000,64.1232152166667,-21.7899165,6.0,0.0,0.0,true,1092,0
1773229700000,64.1232152166667,-21.7899165,0.0,0.0,0.0,true,1093,0
1773229700000,64.1232152166667,-21.7899165,0.0,0.0,0.0,true,1094,0
1773229707000,64.1232152166667,-21.7899165,7.0,0.0,0.0,true,1095,0
1773229707000,64.1232152166667,-21.7899165,0.0,0.0,0.0,true,1096,0
1773229709000,64.1232152166667,-21.7899165,2.0,0.0,0.0,true,1097,0
1773229709000,64.1232152166667,-21.7899165,0.0,0.0,0.0,true,1098,0
1773229715000,64.1232152166667,-21.7899165,6.0,0.0,0.0,true,1099,0
1773229715000,64.1232152166667,-21.7899165,0.0,0.0,0.0,true,1100,0
1773229718000,64.1232152166667,-21.7899165,3.0,0.0,0.0,true,1101,0
1773229718000,64.1232152166667,-21.7899165,0.0,0.0,0.0,true,1102,0
1773229720000,64.1232152166667,-21.7899165,2.0,0.0,0.0,true,1103,0
1773229723000,64.1232152166667,-21.7899165,3.0,0.0,0.0,true,1104,0
1773229723000,64.1232152166667,-21.7899165,0.0,0.0,0.0,true,1105,0
1773229727000,64.1232152166667,-21.7899165,4.0,0.0,0.0,true,1106,0
1773229729000,64.1232152166667,-21.7899165,2.0,0.0,0.0,true,1107,0
1773229729000,64.1232152166667,-21.7899165,0.0,0.0,0.0,true,1108,0
1773229733000,64.1232152166667,-21.7899165,4.0,0.0,0.0,true,1109,0
1773229733000,64.1232152166667,-21.7899165,0.0,0.0,0.0,true,1110,0
1773229735000,64.1232152166667,-21.7899165,2.0,0.0,0.0,true,1111,0
1773229738000,64.1232152166667,-21.7899165,3.0,0.0,0.0,true,1112,0
1773229738000,64.1232152166667,-21.7899165,0.0,0.0,0.0,true,1113,0
1773229744000,64.1232152166667,-21.7899165,6.0,0.0,0.0,true,1114,0
1773229744000,64.1232152166667,-21.7899165,0.0,0.0,0.0,true,1115,0
1773229744000,64.1232152166667,-21.7899165,0.0,0.0,0.0,true,1116,0
1773229749000,64.1232152166667,-21.7899165,5.0,0.0,0.0,true,1117,0
1773229753000,64.1232152166667,-21.7899165,4.0,0.0,0.0,true,1118,0
1773229753000,64.1232152166667,-21.7899165,0.0,0.0,0.0,true,1119,0
1773229757000,64.123215,-21.7899168333333,4.0,0.0,0.0,true,1120,0
1773229759000,64.123215,-21.7899168333333,2.0,0.0,0.0,true,1121,0
1773229759000,64.123215,-21.7899168333333,0.0,0.0,0.0,true,1122,0
1773229762000,64.123215,-21.7899168333333,3.0,0.0,0.0,true,1123,0
1773229764000,64.123215,-21.7899168333333,2.0,0.0,0.0,true,1124,0
1773229764000,64.123215,-21.7899168333333,0.0,0.0,0.0,true,1125,0
1773229766000,64.123215,-21.7899168333333,2.0,0.0,0.0,true,1126,0
1773229766000,64.123215,-21.7899168333333,0.0,0.0,0.0,true,1127,0
1773229769000,64.123215,-21.7899168333333,3.0,0.0,0.0,true,1128,0
1773229775000,64.123215,-21.7899168333333,6.0,0.0,0.0,true,1129,0
1773229775000,64.123215,-21.7899168333333,0.0,0.0,0.0,true,1130,0
1773229779000,64.123215,-21.7899168333333,4.0,0.0,0.0,true,1131,0
1773229781000,64.123215,-21.7899168333333,2.0,0.0,0.0,true,1132,0
1773229783000,64.123215,-21.7899168333333,2.0,0.0,0.0,true,1133,0
1773229783000,64.123215,-21.7899168333333,0.0,0.0,0.0,true,1134,0
1773229788000,64.123215,-21.7899168333333,5.0,0.0,0.0,true,1135,0
1773229788000,64.123215,-21.7899168333333,0.0,0.0,0.0,true,1136,0
1773229788000,64.123215,-21.7899168333333,0.0,0.0,0.0,true,1137,0
1773229790000,64.123215,-21.7899168333333,2.0,0.0,0.0,true,1138,0
1773229795000,64.123215,-21.7899168333333,5.0,0.0,0.0,true,1139,0
1773229795000,64.123215,-21.7899168333333,0.0,0.0,0.0,true,1140,0
1773229799000,64.123215,-21.7899168333333,4.0,0.0,0.0,true,1141,0
1773229799000,64.123215,-21.7899168333333,0.0,0.0,0.0,true,1142,0
1773229803000,64.123215,-21.7899168333333,4.0,0.0,0.0,true,1143,0
1773229805000,64.123215,-21.7899168333333,2.0,0.0,0.0,true,1144,0
1773229807000,64.123215,-21.7899168333333,2.0,0.0,0.0,true,1145,0
1773229807000,64.123215,-21.7899168333333,0.0,0.0,0.0,true,1146,0
1773229807000,64.123215,-21.7899168333333,0.0,0.0,0.0,true,1147,0
1773229814000,64.123215,-21.7899168333333,7.0,0.0,0.0,true,1148,0
1773229814000,64.123215,-21.7899168333333,0.0,0.0,0.0,true,1149,0
1773229818000,64.123215,-21.7899168333333,4.0,0.0,0.0,true,1150,0
1773229818000,64.123215,-21.7899168333333,0.0,0.0,0.0,true,1151,0
1773229822000,64.123215,-21.7899168333333,4.0,0.0,0.0,true,1152,0
1773229824000,64.123215,-21.7899168333333,2.0,0.0,0.0,true,1153,0
1773229824000,64.123215,-21.7899168333333,0.0,0.0,0.0,true,1154,0
1773229824000,64.123215,-21.7899168333333,0.0,0.0,0.0,true,1155,0
1773229831000,64.123215,-21.7899168333333,7.0,0.0,0.0,true,1156,0
1773229833000,64.123215,-21.7899168333333,2.0,0.0,0.0,true,1157,0
1773229833000,64.123215,-21.7899168333333,0.0,0.0,0.0,true,1158,0
1773229835000,64.123215,-21.7899168333333,2.0,0.0,0.0,true,1159,0
1773229837000,64.123215,-21.7899168333333,2.0,0.0,0.0,true,1160,0
1773229841000,64.123215,-21.7899168333333,4.0,0.0,0.0,true,1161,0
1773229841000,64.123215,-21.7899168333333,0.0,0.0,0.0,true,1162,0
1773229843000,64.123215,-21.7899168333333,2.0,0.0,0.0,true,1163,0
1773229843000,64.123215,-21.7899168333333,0.0,0.0,0.0,true,1164,0
1773229846000,64.123215,-21.7899168333333,3.0,0.0,0.0,true,1165,0
1773229850000,64.123215,-21.7899168333333,4.0,0.0,0.0,true,1166,0
1773229850000,64.123215,-21.7899168333333,0.0,0.0,0.0,true,1167,0
1773229852000,64.123215,-21.7899168333333,2.0,0.0,0.0,true,1168,0
1773229857000,64.123215,-21.7899168333333,5.0,0.0,0.0,true,1169,0
1773229860000,64.123215,-21.7899168333333,3.0,0.0,0.0,true,1170,0
1773229860000,64.123215,-21.7899168333333,0.0,0.0,0.0,true,1171,0
1773229863000,64.123215,-21.7899168333333,3.0,0.0,0.0,true,1172,0
1773229865000,64.123215,-21.7899168333333,2.0,0.0,0.0,true,1173,0
1773229865000,64.123215,-21.7899168333333,0.0,0.0,0.0,true,1174,0
1773229867000,64.123215,-21.7899168333333,2.0,0.0,0.0,true,1175,0
1773229871000,64.123215,-21.7899168333333,4.0,0.0,0.0,true,1176,0
1773229871000,64.123215,-21.7899168333333,0.0,0.0,0.0,true,1177,0
1773229875000,64.123215,-21.7899168333333,4.0,0.0,0.0,true,1178,0
1773229878000,64.1232144333333,-21.7899151666667,3.0,0.1,0.1,true,1179,0
1773229878000,64.1232144333333,-21.7899151666667,0.0,0.0,0.0,true,1180,0
1773229878000,64.1232144333333,-21.7899151666667,0.0,0.0,0.0,true,1181,0
1773229884000,64.1232144333333,-21.7899151666667,6.0,0.0,0.0,true,1182,0
1773229884000,64.1232144333333,-21.7899151666667,0.0,0.0,0.0,true,1183,0
1773229889000,64.1232144333333,-21.7899151666667,5.0,0.0,0.0,true,1184,0
1773229889000,64.1232144333333,-21.7899151666667,0.0,0.0,0.0,true,1185,0
1773229892000,64.1232144333333,-21.7899151666667,3.0,0.0,0.0,true,1186,0
1773229895000,64.1232144333333,-21.7899151666667,3.0,0.0,0.0,true,1187,0
1773229895000,64.1232144333333,-21.7899151666667,0.0,0.0,0.0,true,1188,0
1773229897000,64.1232144333333,-21.7899151666667,2.0,0.0,0.0,true,1189,0
1773229897000,64.1232144333333,-21.7899151666667,0.0,0.0,0.0,true,1190,0
1773229900000,64.1232144333333,-21.7899151666667,3.0,0.0,0.0,true,1191,0
1773229905000,64.1232144333333,-21.7899151666667,5.0,0.0,0.0,true,1192,0
1773229905000,64.1232144333333,-21.7899151666667,0.0,0.0,0.0,true,1193,0
1773229905000,64.1232144333333,-21.7899151666667,0.0,0.0,0.0,true,1194,0
1773229910000,64.1232144333333,-21.7899151666667,5.0,0.0,0.0,true,1195,0
1773229912000,64.1232144333333,-21.7899151666667,2.0,0.0,0.0,true,1196,0
1773229912000,64.1232144333333,-21.7899151666667,0.0,0.0,0.0,true,1197,0
1773229916000,64.1232144333333,-21.7899151666667,4.0,0.0,0.0,true,1198,0
1773229916000,64.1232144333333,-21.7899151666667,0.0,0.0,0.0,true,1199,0
1773229921000,64.1232144333333,-21.7899151666667,5.0,0.0,0.0,true,1200,0
1773229921000,64.1232144333333,-21.7899151666667,0.0,0.0,0.0,true,1201,0
1773229921000,64.1232144333333,-21.7899151666667,0.0,0.0,0.0,true,1202,0
1773229926000,64.1232144333333,-21.7899151666667,5.0,0.0,0.0,true,1203,0
1773229929000,64.1232144333333,-21.7899151666667,3.0,0.0,0.0,true,1204,0
1773229929000,64.1232144333333,-21.7899151666667,0.0,0.0,0.0,true,1205,0
1773229931000,64.1232144333333,-21.7899151666667,2.0,0.0,0.0,true,1206,0
1773229931000,64.1232144333333,-21.7899151666667,0.0,0.0,0.0,true,1207,0
1773229931000,64.1232144333333,-21.7899151666667,0.0,0.0,0.0,true,1208,0
1773229936000,64.1232144333333,-21.7899151666667,5.0,0.0,0.0,true,1209,0
1773229941000,64.1232144333333,-21.7899151666667,5.0,0.0,0.0,true,1210,0
1773229941000,64.1232144333333,-21.7899151666667,0.0,0.0,0.0,true,1211,0
1773229945000,64.1232144333333,-21.7899151666667,4.0,0.0,0.0,true,1212,0
1773229945000,64.1232144333333,-21.7899151666667,0.0,0.0,0.0,true,1213,0
1773229945000,64.1232144333333,-21.7899151666667,0.0,0.0,0.0,true,1214,0
1773229950000,64.1232144333333,-21.7899151666667,5.0,0.0,0.0,true,1215,0
1773229950000,64.1232144333333,-21.7899151666667,0.0,0.0,0.0,true,1216,0
1773229950000,64.1232144333333,-21.7899151666667,0.0,0.0,0.0,true,1217,0
1773229953000,64.1232144333333,-21.7899151666667,3.0,0.0,0.0,true,1218,0
1773229956000,64.1232144333333,-21.7899151666667,3.0,0.0,0.0,true,1219,0
1773229961000,64.1232144333333,-21.7899151666667,5.0,0.0,0.0,true,1220,0
1773229961000,64.1232144333333,-21.7899151666667,0.0,0.0,0.0,true,1221,0
1773229965000,64.1232144333333,-21.7899151666667,4.0,0.0,0.0,true,1222,0
1773229965000,64.1232144333333,-21.7899151666667,0.0,0.0,0.0,true,1223,0
1773229967000,64.1232144333333,-21.7899151666667,2.0,0.0,0.0,true,1224,0
1773229970000,64.1232144333333,-21.7899151666667,3.0,0.0,0.0,true,1225,0
1773229970000,64.1232144333333,-21.7899151666667,0.0,0.0,0.0,true,1226,0
1773229972000,64.1232144333333,-21.7899151666667,2.0,0.0,0.0,true,1227,0
1773229976000,64.1232144333333,-21.7899151666667,4.0,0.0,0.0,true,1228,0
1773229976000,64.1232144333333,-21.7899151666667,0.0,0.0,0.0,true,1229,0
1773229978000,64.1232144333333,-21.7899151666667,2.0,0.0,0.0,true,1230,0
1773229982000,64.1232144333333,-21.7899151666667,4.0,0.0,0.0,true,1231,0
1773229982000,64.1232144333333,-21.7899151666667,0.0,0.0,0.0,true,1232,0
1773229987000,64.1232144333333,-21.7899151666667,5.0,0.0,0.0,true,1233,0
1773229987000,64.1232144333333,-21.7899151666667,0.0,0.0,0.0,true,1234,0
1773229991000,64.1232144333333,-21.7899151666667,4.0,0.0,0.0,true,1235,0
1773229991000,64.1232144333333,-21.7899151666667,0.0,0.0,0.0,true,1236,0
1773229991000,64.1232144333333,-21.7899151666667,0.0,0.0,0.0,true,1237,0
1773229995000,64.1232144333333,-21.7899151666667,4.0,0.0,0.0,true,1238,0
1773230000000,64.1232152833333,-21.7899143333333,5.0,0.1,0.1,true,1239,0
1773230000000,64.1232152833333,-21.7899143333333,0.0,0.0,0.0,true,1240,0
1773230002000,64.1232152833333,-21.7899143333333,2.0,0.0,0.0,true,1241,0
1773230006000,64.1232152833333,-21.7899143333333,4.0,0.0,0.0,true,1242,0
1773230008000,64.1232152833333,-21.7899143333333,2.0,0.0,0.0,true,1243,0
1773230008000,64.1232152833333,-21.7899143333333,0.0,0.0,0.0,true,1244,0
1773230013000,64.1232152833333,-21.7899143333333,5.0,0.0,0.0,true,1245,0
1773230013000,64.1232152833333,-21.7899143333333,0.0,0.0,0.0,true,1246,0
1773230015000,64.1232152833333,-21.7899143333333,2.0,0.0,0.0,true,1247,0
1773230019000,64.1232152833333,-21.7899143333333,4.0,0.0,0.0,true,1248,0
1773230019000,64.1232152833333,-21.7899143333333,0.0,0.0,0.0,true,1249,0
1773230021000,64.1232152833333,-21.7899143333333,2.0,0.0,0.0,true,1250,0
1773230021000,64.1232152833333,-21.7899143333333,0.0,0.0,0.0,true,1251,0
1773230027000,64.1232152833333,-21.7899143333333,6.0,0.0,0.0,true,1252,0
1773230027000,64.1232152833333,-21.7899143333333,0.0,0.0,0.0,true,1253,0
1773230027000,64.1232152833333,-21.7899143333333,0.0,0.0,0.0,true,1254,0
1773230027000,64.1232152833333,-21.7899143333333,0.0,0.0,0.0,true,1255,0
1773230033000,64.1232152833333,-21.7899143333333,6.0,0.0,0.0,true,1256,0
1773230037000,64.1232152833333,-21.7899143333333,4.0,0.0,0.0,true,1257,0
1773230037000,64.1232152833333,-21.7899143333333,0.0,0.0,0.0,true,1258,0
1773230041000,64.1232152833333,-21.7899143333333,4.0,0.0,0.0,true,1259,0
1773230041000,64.1232152833333,-21.7899143333333,0.0,0.0,0.0,true,1260,0
1773230045000,64.1232152833333,-21.7899143333333,4.0,0.0,0.0,true,1261,0
1773230045000,64.1232152833333,-21.7899143333333,0.0,0.0,0.0,true,1262,0
1773230048000,64.1232152833333,-21.7899143333333,3.0,0.0,0.0,true,1263,0
1773230051000,64.1232152833333,-21.7899143333333,3.0,0.0,0.0,true,1264,0
1773230051000,64.1232152833333,-21.7899143333333,0.0,0.0,0.0,true,1265,0
1773230053000,64.1232152833333,-21.7899143333333,2.0,0.0,0.0,true,1266,0
1773230056000,64.1232152833333,-21.7899143333333,3.0,0.0,0.0,true,1267,0
1773230056000,64.1232152833333,-21.7899143333333,0.0,0.0,0.0,true,1268,0
1773230056000,64.1232152833333,-21.7899143333333,0.0,0.0,0.0,true,1269,0
1773230062000,64.1232152833333,-21.7899143333333,6.0,0.0,0.0,true,1270,0
1773230062000,64.1232152833333,-21.7899143333333,0.0,0.0,0.0,true,1271,0
1773230066000,64.1232152833333,-21.7899143333333,4.0,0.0,0.0,true,1272,0
1773230069000,64.1232152833333,-21.7899143333333,3.0,0.0,0.0,true,1273,0
1773230069000,64.1232152833333,-21.7899143333333,0.0,0.0,0.0,true,1274,0
1773230072000,64.1232152833333,-21.7899143333333,3.0,0.0,0.0,true,1275,0
1773230074000,64.1232152833333,-21.7899143333333,2.0,0.0,0.0,true,1276,0
1773230077000,64.1232152833333,-21.7899143333333,3.0,0.0,0.0,true,1277,0
1773230080000,64.1232152833333,-21.7899143333333,3.0,0.0,0.0,true,1278,0
1773230080000,64.1232152833333,-21.7899143333333,0.0,0.0,0.0,true,1279,0
1773230080000,64.1232152833333,-21.7899143333333,0.0,0.0,0.0,true,1280,0
1773230082000,64.1232152833333,-21.7899143333333,2.0,0.0,0.0,true,1281,0
1773230087000,64.1232152833333,-21.7899143333333,5.0,0.0,0.0,true,1282,0
1773230087000,64.1232152833333,-21.7899143333333,0.0,0.0,0.0,true,1283,0
1773230087000,64.1232152833333,-21.7899143333333,0.0,0.0,0.0,true,1284,0
1773230089000,64.1232152833333,-21.7899143333333,2.0,0.0,0.0,true,1285,0
1773230092000,64.1232152833333,-21.7899143333333,3.0,0.0,0.0,true,1286,0
1773230095000,64.1232152833333,-21.7899143333333,3.0,0.0,0.0,true,1287,0
1773230095000,64.1232152833333,-21.7899143333333,0.0,0.0,0.0,true,1288,0
1773230099000,64.1232152833333,-21.7899143333333,4.0,0.0,0.0,true,1289,0
1773230099000,64.1232152833333,-21.7899143333333,0.0,0.0,0.0,true,1290,0
1773230103000,64.1232152833333,-21.7899143333333,4.0,0.0,0.0,true,1291,0
1773230105000,64.1232152833333,-21.7899143333333,2.0,0.0,0.0,true,1292,0
1773230105000,64.1232152833333,-21.7899143333333,0.0,0.0,0.0,true,1293,0
1773230108000,64.1232152833333,-21.7899143333333,3.0,0.0,0.0,true,1294,0
1773230108000,64.1232152833333,-21.7899143333333,0.0,0.0,0.0,true,1295,0
1773230113000,64.1232152833333,-21.7899143333333,5.0,0.0,0.0,true,1296,0
1773230113000,64.1232152833333,-21.7899143333333,0.0,0.0,0.0,true,1297,0
1773230113000,64.1232152833333,-21.7899143333333,0.0,0.0,0.0,true,1298,0
1773230113000,64.1232152833333,-21.7899143333333,0.0,0.0,0.0,true,1299,0
1773230119000,64.1232154666667,-21.7899143333333,6.0,0.0,0.0,true,1300,0
1773230125000,64.1232154666667,-21.7899143333333,6.0,0.0,0.0,true,1301,0
1773230125000,64.1232154666667,-21.7899143333333,0.0,0.0,0.0,true,1302,0
1773230125000,64.1232154666667,-21.7899143333333,0.0,0.0,0.0,true,1303,0
1773230130000,64.1232154666667,-21.7899143333333,5.0,0.0,0.0,true,1304,0
1773230130000,64.1232154666667,-21.7899143333333,0.0,0.0,0.0,true,1305,0
1773230130000,64.1232154666667,-21.7899143333333,0.0,0.0,0.0,true,1306,0
1773230134000,64.1232154666667,-21.7899143333333,4.0,0.0,0.0,true,1307,0
1773230138000,64.1232154666667,-21.7899143333333,4.0,0.0,0.0,true,1308,0
1773230138000,64.1232154666667,-21.7899143333333,0.0,0.0,0.0,true,1309,0
1773230138000,64.1232154666667,-21.7899143333333,0.0,0.0,0.0,true,1310,0
1773230144000,64.1232154666667,-21.7899143333333,6.0,0.0,0.0,true,1311,0
1773230144000,64.1232154666667,-21.7899143333333,0.0,0.0,0.0,true,1312,0
1773230149000,64.1232154666667,-21.7899143333333,5.0,0.0,0.0,true,1313,0
1773230154000,64.1232154666667,-21.7899143333333,5.0,0.0,0.0,true,1314,0
1773230154000,64.1232154666667,-21.7899143333333,0.0,0.0,0.0,true,1315,0
1773230154000,64.1232154666667,-21.7899143333333,0.0,0.0,0.0,true,1316,0
1773230159000,64.1232154666667,-21.7899143333333,5.0,0.0,0.0,true,1317,0
1773230159000,64.1232154666667,-21.7899143333333,0.0,0.0,0.0,true,1318,0
1773230164000,64.1232154666667,-21.7899143333333,5.0,0.0,0.0,true,1319,0
1773230164000,64.1232154666667,-21.7899143333333,0.0,0.0,0.0,true,1320,0
1773230164000,64.1232154666667,-21.7899143333333,0.0,0.0,0.0,true,1321,0
1773230167000,64.1232154666667,-21.7899143333333,3.0,0.0,0.0,true,1322,0
1773230169000,64.1232154666667,-21.7899143333333,2.0,0.0,0.0,true,1323,0
1773230169000,64.1232154666667,-21.7899143333333,0.0,0.0,0.0,true,1324,0
1773230174000,64.1232154666667,-21.7899143333333,5.0,0.0,0.0,true,1325,0
1773230174000,64.1232154666667,-21.7899143333333,0.0,0.0,0.0,true,1326,0
1773230174000,64.1232154666667,-21.7899143333333,0.0,0.0,0.0,true,1327,0
1773230179000,64.1232154666667,-21.7899143333333,5.0,0.0,0.0,true,1328,0
1773230179000,64.1232154666667,-21.7899143333333,0.0,0.0,0.0,true,1329,0
1773230179000,64.1232154666667,-21.7899143333333,0.0,0.0,0.0,true,1330,0
1773230179000,64.1232154666667,-21.7899143333333,0.0,0.0,0.0,true,1331,0
1773230179000,64.1232154666667,-21.7899143333333,0.0,0.0,0.0,true,1332,0
1773230179000,64.1232154666667,-21.7899143333333,0.0,0.0,0.0,true,1333,0
1773230192000,64.1232154666667,-21.7899143333333,13.0,0.0,0.0,true,1334,0
1773230192000,64.1232154666667,-21.7899143333333,0.0,0.0,0.0,true,1335,0
1773230196000,64.1232154666667,-21.7899143333333,4.0,0.0,0.0,true,1336,0
1773230196000,64.1232154666667,-21.7899143333333,0.0,0.0,0.0,true,1337,0
1773230199000,64.1232154666667,-21.7899143333333,3.0,0.0,0.0,true,1338,0
1773230199000,64.1232154666667,-21.7899143333333,0.0,0.0,0.0,true,1339,0
1773230205000,64.1232154666667,-21.7899143333333,6.0,0.0,0.0,true,1340,0
1773230205000,64.1232154666667,-21.7899143333333,0.0,0.0,0.0,true,1341,0
1773230207000,64.1232154666667,-21.7899143333333,2.0,0.0,0.0,true,1342,0
1773230210000,64.1232154666667,-21.7899143333333,3.0,0.0,0.0,true,1343,0
1773230210000,64.1232154666667,-21.7899143333333,0.0,0.0,0.0,true,1344,0
1773230210000,64.1232154666667,-21.7899143333333,0.0,0.0,0.0,true,1345,0
1773230216000,64.1232154666667,-21.7899143333333,6.0,0.0,0.0,true,1346,0
1773230216000,64.1232154666667,-21.7899143333333,0.0,0.0,0.0,true,1347,0
1773230216000,64.1232154666667,-21.7899143333333,0.0,0.0,0.0,true,1348,0
1773230221000,64.1232154666667,-21.7899143333333,5.0,0.0,0.0,true,1349,0
1773230221000,64.1232154666667,-21.7899143333333,0.0,0.0,0.0,true,1350,0
1773230221000,64.1232154666667,-21.7899143333333,0.0,0.0,0.0,true,1351,0
1773230226000,64.1232154666667,-21.7899143333333,5.0,0.0,0.0,true,1352,0
1773230229000,64.1232154666667,-21.7899143333333,3.0,0.0,0.0,true,1353,0
1773230232000,64.1232154666667,-21.7899143333333,3.0,0.0,0.0,true,1354,0
1773230232000,64.1232154666667,-21.7899143333333,0.0,0.0,0.0,true,1355,0
1773230232000,64.1232154666667,-21.7899143333333,0.0,0.0,0.0,true,1356,0
1773230238000,64.12321675,-21.789914,6.0,0.1,0.1,true,1357,0
1773230238000,64.12321675,-21.789914,0.0,0.0,0.0,true,1358,0
1773230238000,64.12321675,-21.789914,0.0,0.0,0.0,true,1359,0
1773230243000,64.12321675,-21.789914,5.0,0.0,0.0,true,1360,0
1773230247000,64.12321675,-21.789914,4.0,0.0,0.0,true,1361,0
1773230247000,64.12321675,-21.789914,0.0,0.0,0.0,true,1362,0
1773230249000,64.12321675,-21.789914,2.0,0.0,0.0,true,1363,0
1773230252000,64.12321675,-21.789914,3.0,0.0,0.0,true,1364,0
1773230254000,64.12321675,-21.789914,2.0,0.0,0.0,true,1365,0
1773230254000,64.12321675,-21.789914,0.0,0.0,0.0,true,1366,0
1773230258000,64.12321675,-21.789914,4.0,0.0,0.0,true,1367,0
1773230258000,64.12321675,-21.789914,0.0,0.0,0.0,true,1368,0
1773230261000,64.12321675,-21.789914,3.0,0.0,0.0,true,1369,0
1773230264000,64.12321675,-21.789914,3.0,0.0,0.0,true,1370,0
1773230264000,64.12321675,-21.789914,0.0,0.0,0.0,true,1371,0
1773230264000,64.12321675,-21.789914,0.0,0.0,0.0,true,1372,0
1773230269000,64.12321675,-21.789914,5.0,0.0,0.0,true,1373,0
1773230269000,64.12321675,-21.789914,0.0,0.0,0.0,true,1374,0
1773230273000,64.12321675,-21.789914,4.0,0.0,0.0,true,1375,0
1773230273000,64.12321675,-21.789914,0.0,0.0,0.0,true,1376,0
1773230278000,64.12321675,-21.789914,5.0,0.0,0.0,true,1377,0
1773230278000,64.12321675,-21.789914,0.0,0.0,0.0,true,1378,0
1773230281000,64.12321675,-21.789914,3.0,0.0,0.0,true,1379,0
1773230284000,64.12321675,-21.789914,3.0,0.0,0.0,true,1380,0
1773230284000,64.12321675,-21.789914,0.0,0.0,0.0,true,1381,0
1773230289000,64.12321675,-21.789914,5.0,0.0,0.0,true,1382,0
1773230289000,64.12321675,-21.789914,0.0,0.0,0.0,true,1383,0
1773230289000,64.12321675,-21.789914,0.0,0.0,0.0,true,1384,0
1773230293000,64.12321675,-21.789914,4.0,0.0,0.0,true,1385,0
1773230293000,64.12321675,-21.789914,0.0,0.0,0.0,true,1386,0
1773230298000,64.12321675,-21.789914,5.0,0.0,0.0,true,1387,0
1773230298000,64.12321675,-21.789914,0.0,0.0,0.0,true,1388,0
1773230305000,64.12321675,-21.789914,7.0,0.0,0.0,true,1389,0
1773230307000,64.12321675,-21.789914,2.0,0.0,0.0,true,1390,0
1773230307000,64.12321675,-21.789914,0.0,0.0,0.0,true,1391,0
1773230309000,64.12321675,-21.789914,2.0,0.0,0.0,true,1392,0
1773230312000,64.12321675,-21.789914,3.0,0.0,0.0,true,1393,0
1773230312000,64.12321675,-21.789914,0.0,0.0,0.0,true,1394,0
1773230314000,64.12321675,-21.789914,2.0,0.0,0.0,true,1395,0
1773230314000,64.12321675,-21.789914,0.0,0.0,0.0,true,1396,0
1773230318000,64.12321675,-21.789914,4.0,0.0,0.0,true,1397,0
1773230324000,64.12321675,-21.789914,6.0,0.0,0.0,true,1398,0
1773230324000,64.12321675,-21.789914,0.0,0.0,0.0,true,1399,0
1773230327000,64.12321675,-21.789914,3.0,0.0,0.0,true,1400,0
1773230329000,64.12321675,-21.789914,2.0,0.0,0.0,true,1401,0
1773230329000,64.12321675,-21.789914,0.0,0.0,0.0,true,1402,0
1773230329000,64.12321675,-21.789914,0.0,0.0,0.0,true,1403,0
1773230333000,64.12321675,-21.789914,4.0,0.0,0.0,true,1404,0
1773230333000,64.12321675,-21.789914,0.0,0.0,0.0,true,1405,0
1773230338000,64.12321675,-21.789914,5.0,0.0,0.0,true,1406,0
1773230341000,64.12321675,-21.789914,3.0,0.0,0.0,true,1407,0
1773230341000,64.12321675,-21.789914,0.0,0.0,0.0,true,1408,0
1773230345000,64.12321675,-21.789914,4.0,0.0,0.0,true,1409,0
1773230347000,64.12321675,-21.789914,2.0,0.0,0.0,true,1410,0
1773230347000,64.12321675,-21.789914,0.0,0.0,0.0,true,1411,0
1773230349000,64.12321675,-21.789914,2.0,0.0,0.0,true,1412,0
1773230349000,64.12321675,-21.789914,0.0,0.0,0.0,true,1413,0
1773230353000,64.12321675,-21.789914,4.0,0.0,0.0,true,1414,0
1773230355000,64.12321675,-21.789914,2.0,0.0,0.0,true,1415,0
1773230355000,64.12321675,-21.789914,0.0,0.0,0.0,true,1416,0
1773230360000,64.12321675,-21.789914,5.0,0.0,0.0,true,1417,0
1773230364000,64.1232181833333,-21.7899148333333,4.0,0.2,0.1,true,1418,0
1773230364000,64.1232181833333,-21.7899148333333,0.0,0.0,0.0,true,1419,0
1773230364000,64.1232181833333,-21.7899148333333,0.0,0.0,0.0,true,1420,0
1773230364000,64.1232181833333,-21.7899148333333,0.0,0.0,0.0,true,1421,0
1773230369000,64.1232181833333,-21.7899148333333,5.0,0.0,0.0,true,1422,0
1773230369000,64.1232181833333,-21.7899148333333,0.0,0.0,0.0,true,1423,0
1773230369000,64.1232181833333,-21.7899148333333,0.0,0.0,0.0,true,1424,0
1773230375000,64.1232181833333,-21.7899148333333,6.0,0.0,0.0,true,1425,0
1773230380000,64.1232181833333,-21.7899148333333,5.0,0.0,0.0,true,1426,0
1773230380000,64.1232181833333,-21.7899148333333,0.0,0.0,0.0,true,1427,0
1773230380000,64.1232181833333,-21.7899148333333,0.0,0.0,0.0,true,1428,0
1773230384000,64.1232181833333,-21.7899148333333,4.0,0.0,0.0,true,1429,0
1773230384000,64.1232181833333,-21.7899148333333,0.0,0.0,0.0,true,1430,0
1773230386000,64.1232181833333,-21.7899148333333,2.0,0.0,0.0,true,1431,0
1773230389000,64.1232181833333,-21.7899148333333,3.0,0.0,0.0,true,1432,0
1773230393000,64.1232181833333,-21.7899148333333,4.0,0.0,0.0,true,1433,0
1773230393000,64.1232181833333,-21.7899148333333,0.0,0.0,0.0,true,1434,0
1773230395000,64.1232181833333,-21.7899148333333,2.0,0.0,0.0,true,1435,0
1773230395000,64.1232181833333,-21.7899148333333,0.0,0.0,0.0,true,1436,0
1773230399000,64.1232181833333,-21.7899148333333,4.0,0.0,0.0,true,1437,0
1773230401000,64.1232181833333,-21.7899148333333,2.0,0.0,0.0,true,1438,0
1773230401000,64.1232181833333,-21.7899148333333,0.0,0.0,0.0,true,1439,0
1773230408000,64.1232181833333,-21.7899148333333,7.0,0.0,0.0,true,1440,0
1773230408000,64.1232181833333,-21.7899148333333,0.0,0.0,0.0,true,1441,0
1773230410000,64.1232181833333,-21.7899148333333,2.0,0.0,0.0,true,1442,0
1773230413000,64.1232181833333,-21.7899148333333,3.0,0.0,0.0,true,1443,0
1773230413000,64.1232181833333,-21.7899148333333,0.0,0.0,0.0,true,1444,0
1773230419000,64.1232181833333,-21.7899148333333,6.0,0.0,0.0,true,1445,0
1773230419000,64.1232181833333,-21.7899148333333,0.0,0.0,0.0,true,1446,0
1773230419000,64.1232181833333,-21.7899148333333,0.0,0.0,0.0,true,1447,0
1773230426000,64.1232181833333,-21.7899148333333,7.0,0.0,0.0,true,1448,0
1773230426000,64.1232181833333,-21.7899148333333,0.0,0.0,0.0,true,1449,0
1773230426000,64.1232181833333,-21.7899148333333,0.0,0.0,0.0,true,1450,0
1773230430000,64.1232181833333,-21.7899148333333,4.0,0.0,0.0,true,1451,0
1773230430000,64.1232181833333,-21.7899148333333,0.0,0.0,0.0,true,1452,0
1773230432000,64.1232181833333,-21.7899148333333,2.0,0.0,0.0,true,1453,0
1773230436000,64.1232181833333,-21.7899148333333,4.0,0.0,0.0,true,1454,0
1773230436000,64.1232181833333,-21.7899148333333,0.0,0.0,0.0,true,1455,0
1773230436000,64.1232181833333,-21.7899148333333,0.0,0.0,0.0,true,1456,0
1773230436000,64.1232181833333,-21.7899148333333,0.0,0.0,0.0,true,1457,0
1773230436000,64.1232181833333,-21.7899148333333,0.0,0.0,0.0,true,1458,0
1773230447000,64.1232181833333,-21.7899148333333,11.0,0.0,0.0,true,1459,0
1773230447000,64.1232181833333,-21.7899148333333,0.0,0.0,0.0,true,1460,0
1773230450000,64.1232181833333,-21.7899148333333,3.0,0.0,0.0,true,1461,0
1773230452000,64.1232181833333,-21.7899148333333,2.0,0.0,0.0,true,1462,0
1773230455000,64.1232181833333,-21.7899148333333,3.0,0.0,0.0,true,1463,0
1773230455000,64.1232181833333,-21.7899148333333,0.0,0.0,0.0,true,1464,0
1773230455000,64.1232181833333,-21.7899148333333,0.0,0.0,0.0,true,1465,0
1773230460000,64.1232181833333,-21.7899148333333,5.0,0.0,0.0,true,1466,0
1773230460000,64.1232181833333,-21.7899148333333,0.0,0.0,0.0,true,1467,0
1773230465000,64.1232181833333,-21.7899148333333,5.0,0.0,0.0,true,1468,0
1773230467000,64.1232181833333,-21.7899148333333,2.0,0.0,0.0,true,1469,0
1773230467000,64.1232181833333,-21.7899148333333,0.0,0.0,0.0,true,1470,0
1773230470000,64.1232181833333,-21.7899148333333,3.0,0.0,0.0,true,1471,0
1773230470000,64.1232181833333,-21.7899148333333,0.0,0.0,0.0,true,1472,0
1773230474000,64.1232181833333,-21.7899148333333,4.0,0.0,0.0,true,1473,0
1773230476000,64.1232181833333,-21.7899148333333,2.0,0.0,0.0,true,1474,0
1773230479000,64.1232181833333,-21.7899148333333,3.0,0.0,0.0,true,1475,0
1773230481000,64.1232181833333,-21.7899148333333,2.0,0.0,0.0,true,1476,0
1773230481000,64.1232181833333,-21.7899148333333,0.0,0.0,0.0,true,1477,0
1773230485000,64.1232189166667,-21.7899165,4.0,0.1,0.1,true,1478,0
1773230485000,64.1232189166667,-21.7899165,0.0,0.0,0.0,true,1479,0
1773230490000,64.1232189166667,-21.7899165,5.0,0.0,0.0,true,1480,0
1773230490000,64.1232189166667,-21.7899165,0.0,0.0,0.0,true,1481,0
1773230490000,64.1232189166667,-21.7899165,0.0,0.0,0.0,true,1482,0
1773230494000,64.1232189166667,-21.7899165,4.0,0.0,0.0,true,1483,0
1773230494000,64.1232189166667,-21.7899165,0.0,0.0,0.0,true,1484,0
1773230498000,64.1232189166667,-21.7899165,4.0,0.0,0.0,true,1485,0
1773230500000,64.1232189166667,-21.7899165,2.0,0.0,0.0,true,1486,0
1773230500000,64.1232189166667,-21.7899165,0.0,0.0,0.0,true,1487,0
1773230504000,64.1232189166667,-21.7899165,4.0,0.0,0.0,true,1488,0
1773230504000,64.1232189166667,-21.7899165,0.0,0.0,0.0,true,1489,0
1773230509000,64.1232189166667,-21.7899165,5.0,0.0,0.0,true,1490,0
1773230511000,64.1232189166667,-21.7899165,2.0,0.0,0.0,true,1491,0
1773230511000,64.1232189166667,-21.7899165,0.0,0.0,0.0,true,1492,0
1773230515000,64.1232189166667,-21.7899165,4.0,0.0,0.0,true,1493,0
1773230515000,64.1232189166667,-21.7899165,0.0,0.0,0.0,true,1494,0
1773230517000,64.1232189166667,-21.7899165,2.0,0.0,0.0,true,1495,0
1773230519000,64.1232189166667,-21.7899165,2.0,0.0,0.0,true,1496,0
1773230523000,64.1232189166667,-21.7899165,4.0,0.0,0.0,true,1497,0
1773230523000,64.1232189166667,-21.7899165,0.0,0.0,0.0,true,1498,0
1773230529000,64.1232189166667,-21.7899165,6.0,0.0,0.0,true,1499,0
1773230529000,64.1232189166667,-21.7899165,0.0,0.0,0.0,true,1500,0
1773230531000,64.1232189166667,-21.7899165,2.0,0.0,0.0,true,1501,0
1773230531000,64.1232189166667,-21.7899165,0.0,0.0,0.0,true,1502,0
1773230531000,64.1232189166667,-21.7899165,0.0,0.0,0.0,true,1503,0
1773230535000,64.1232189166667,-21.7899165,4.0,0.0,0.0,true,1504,0
1773230535000,64.1232189166667,-21.7899165,0.0,0.0,0.0,true,1505,0
1773230538000,64.1232189166667,-21.7899165,3.0,0.0,0.0,true,1506,0
1773230544000,64.1232189166667,-21.7899165,6.0,0.0,0.0,true,1507,0
1773230544000,64.1232189166667,-21.7899165,0.0,0.0,0.0,true,1508,0
1773230546000,64.1232189166667,-21.7899165,2.0,0.0,0.0,true,1509,0
1773230546000,64.1232189166667,-21.7899165,0.0,0.0,0.0,true,1510,0
1773230546000,64.1232189166667,-21.7899165,0.0,0.0,0.0,true,1511,0
1773230551000,64.1232189166667,-21.7899165,5.0,0.0,0.0,true,1512,0
1773230553000,64.1232189166667,-21.7899165,2.0,0.0,0.0,true,1513,0
1773230553000,64.1232189166667,-21.7899165,0.0,0.0,0.0,true,1514,0
1773230557000,64.1232189166667,-21.7899165,4.0,0.0,0.0,true,1515,0
1773230561000,64.1232189166667,-21.7899165,4.0,0.0,0.0,true,1516,0
1773230561000,64.1232189166667,-21.7899165,0.0,0.0,0.0,true,1517,0
1773230564000,64.1232189166667,-21.7899165,3.0,0.0,0.0,true,1518,0
1773230566000,64.1232189166667,-21.7899165,2.0,0.0,0.0,true,1519,0
1773230566000,64.1232189166667,-21.7899165,0.0,0.0,0.0,true,1520,0
1773230570000,64.1232189166667,-21.7899165,4.0,0.0,0.0,true,1521,0
1773230570000,64.1232189166667,-21.7899165,0.0,0.0,0.0,true,1522,0
1773230570000,64.1232189166667,-21.7899165,0.0,0.0,0.0,true,1523,0
1773230575000,64.1232189166667,-21.7899165,5.0,0.0,0.0,true,1524,0
1773230575000,64.1232189166667,-21.7899165,0.0,0.0,0.0,true,1525,0
1773230581000,64.1232189166667,-21.7899165,6.0,0.0,0.0,true,1526,0
1773230583000,64.1232189166667,-21.7899165,2.0,0.0,0.0,true,1527,0
1773230583000,64.1232189166667,-21.7899165,0.0,0.0,0.0,true,1528,0
1773230585000,64.1232189166667,-21.7899165,2.0,0.0,0.0,true,1529,0
1773230588000,64.1232189166667,-21.7899165,3.0,0.0,0.0,true,1530,0
1773230588000,64.1232189166667,-21.7899165,0.0,0.0,0.0,true,1531,0
1773230590000,64.1232189166667,-21.7899165,2.0,0.0,0.0,true,1532,0
1773230594000,64.1232189166667,-21.7899165,4.0,0.0,0.0,true,1533,0
1773230594000,64.1232189166667,-21.7899165,0.0,0.0,0.0,true,1534,0
1773230598000,64.1232189166667,-21.7899165,4.0,0.0,0.0,true,1535,0
1773230598000,64.1232189166667,-21.7899165,0.0,0.0,0.0,true,1536,0
1773230600000,64.1232189166667,-21.7899165,2.0,0.0,0.0,true,1537,0
1773230605000,64.1232202,-21.7899165,5.0,0.1,0.1,true,1538,0
1773230605000,64.1232202,-21.7899165,0.0,0.0,0.0,true,1539,0
1773230608000,64.1232202,-21.7899165,3.0,0.0,0.0,true,1540,0
1773230611000,64.1232202,-21.7899165,3.0,0.0,0.0,true,1541,0
1773230611000,64.1232202,-21.7899165,0.0,0.0,0.0,true,1542,0
1773230614000,64.1232202,-21.7899165,3.0,0.0,0.0,true,1543,0
1773230614000,64.1232202,-21.7899165,0.0,0.0,0.0,true,1544,0
1773230618000,64.1232202,-21.7899165,4.0,0.0,0.0,true,1545,0
1773230620000,64.1232202,-21.7899165,2.0,0.0,0.0,true,1546,0
1773230623000,64.1232202,-21.7899165,3.0,0.0,0.0,true,1547,0
1773230623000,64.1232202,-21.7899165,0.0,0.0,0.0,true,1548,0
1773230627000,64.1232202,-21.7899165,4.0,0.0,0.0,true,1549,0
1773230627000,64.1232202,-21.7899165,0.0,0.0,0.0,true,1550,0
1773230629000,64.1232202,-21.7899165,2.0,0.0,0.0,true,1551,0
1773230633000,64.1232202,-21.7899165,4.0,0.0,0.0,true,1552,0
1773230633000,64.1232202,-21.7899165,0.0,0.0,0.0,true,1553,0
1773230637000,64.1232202,-21.7899165,4.0,0.0,0.0,true,1554,0
1773230637000,64.1232202,-21.7899165,0.0,0.0,0.0,true,1555,0
1773230637000,64.1232202,-21.7899165,0.0,0.0,0.0,true,1556,0
1773230643000,64.1232202,-21.7899165,6.0,0.0,0.0,true,1557,0
1773230643000,64.1232202,-21.7899165,0.0,0.0,0.0,true,1558,0
1773230643000,64.1232202,-21.7899165,0.0,0.0,0.0,true,1559,0
1773230643000,64.1232202,-21.7899165,0.0,0.0,0.0,true,1560,0
1773230643000,64.1232202,-21.7899165,0.0,0.0,0.0,true,1561,0
1773230652000,64.1232202,-21.7899165,9.0,0.0,0.0,true,1562,0
1773230656000,64.1232202,-21.7899165,4.0,0.0,0.0,true,1563,0
1773230656000,64.1232202,-21.7899165,0.0,0.0,0.0,true,1564,0
1773230658000,64.1232202,-21.7899165,2.0,0.0,0.0,true,1565,0
1773230661000,64.1232202,-21.7899165,3.0,0.0,0.0,true,1566,0
1773230661000,64.1232202,-21.7899165,0.0,0.0,0.0,true,1567,0
1773230663000,64.1232202,-21.7899165,2.0,0.0,0.0,true,1568,0
1773230667000,64.1232202,-21.7899165,4.0,0.0,0.0,true,1569,0
1773230667000,64.1232202,-21.7899165,0.0,0.0,0.0,true,1570,0
1773230671000,64.1232202,-21.7899165,4.0,0.0,0.0,true,1571,0
1773230671000,64.1232202,-21.7899165,0.0,0.0,0.0,true,1572,0
1773230673000,64.1232202,-21.7899165,2.0,0.0,0.0,true,1573,0
1773230678000,64.1232202,-21.7899165,5.0,0.0,0.0,true,1574,0
1773230678000,64.1232202,-21.7899165,0.0,0.0,0.0,true,1575,0
1773230680000,64.1232202,-21.7899165,2.0,0.0,0.0,true,1576,0
1773230682000,64.1232202,-21.7899165,2.0,0.0,0.0,true,1577,0
1773230682000,64.1232202,-21.7899165,0.0,0.0,0.0,true,1578,0
1773230684000,64.1232202,-21.7899165,2.0,0.0,0.0,true,1579,0
1773230688000,64.1232202,-21.7899165,4.0,0.0,0.0,true,1580,0
1773230688000,64.1232202,-21.7899165,0.0,0.0,0.0,true,1581,0
1773230694000,64.1232202,-21.7899165,6.0,0.0,0.0,true,1582,0
1773230697000,64.1232202,-21.7899165,3.0,0.0,0.0,true,1583,0
1773230697000,64.1232202,-21.7899165,0.0,0.0,0.0,true,1584,0
1773230699000,64.1232202,-21.7899165,2.0,0.0,0.0,true,1585,0
1773230701000,64.1232202,-21.7899165,2.0,0.0,0.0,true,1586,0
1773230701000,64.1232202,-21.7899165,0.0,0.0,0.0,true,1587,0
1773230705000,64.1232202,-21.7899165,4.0,0.0,0.0,true,1588,0
1773230705000,64.1232202,-21.7899165,0.0,0.0,0.0,true,1589,0
1773230707000,64.1232202,-21.7899165,2.0,0.0,0.0,true,1590,0
1773230709000,64.1232202,-21.7899165,2.0,0.0,0.0,true,1591,0
1773230709000,64.1232202,-21.7899165,0.0,0.0,0.0,true,1592,0
1773230714000,64.1232202,-21.7899165,5.0,0.0,0.0,true,1593,0
1773230714000,64.1232202,-21.7899165,0.0,0.0,0.0,true,1594,0
1773230718000,64.1232202,-21.7899165,4.0,0.0,0.0,true,1595,0
1773230718000,64.1232202,-21.7899165,0.0,0.0,0.0,true,1596,0
1773230724000,64.1232202,-21.7899165,6.0,0.0,0.0,true,1597,0
1773230724000,64.1232202,-21.7899165,0.0,0.0,0.0,true,1598,0
1773230724000,64.1232202,-21.7899165,0.0,0.0,0.0,true,1599,0
1773230724000,64.1232202,-21.7899165,0.0,0.0,0.0,true,1600,0
1773230729000,64.1232211833333,-21.7899163333333,5.0,0.1,0.1,true,1601,0
1773230733000,64.1232211833333,-21.7899163333333,4.0,0.0,0.0,true,1602,0
1773230737000,64.1232211833333,-21.7899163333333,4.0,0.0,0.0,true,1603,0
1773230737000,64.1232211833333,-21.7899163333333,0.0,0.0,0.0,true,1604,0
1773230739000,64.1232211833333,-21.7899163333333,2.0,0.0,0.0,true,1605,0
1773230739000,64.1232211833333,-21.7899163333333,0.0,0.0,0.0,true,1606,0
1773230739000,64.1232211833333,-21.7899163333333,0.0,0.0,0.0,true,1607,0
1773230744000,64.1232211833333,-21.7899163333333,5.0,0.0,0.0,true,1608,0
1773230744000,64.1232211833333,-21.7899163333333,0.0,0.0,0.0,true,1609,0
1773230750000,64.1232211833333,-21.7899163333333,6.0,0.0,0.0,true,1610,0
1773230750000,64.1232211833333,-21.7899163333333,0.0,0.0,0.0,true,1611,0
1773230750000,64.1232211833333,-21.7899163333333,0.0,0.0,0.0,true,1612,0
1773230754000,64.1232211833333,-21.7899163333333,4.0,0.0,0.0,true,1613,0
1773230758000,64.1232211833333,-21.7899163333333,4.0,0.0,0.0,true,1614,0
1773230758000,64.1232211833333,-21.7899163333333,0.0,0.0,0.0,true,1615,0
1773230760000,64.1232211833333,-21.7899163333333,2.0,0.0,0.0,true,1616,0
1773230760000,64.1232211833333,-21.7899163333333,0.0,0.0,0.0,true,1617,0
1773230760000,64.1232211833333,-21.7899163333333,0.0,0.0,0.0,true,1618,0
1773230768000,64.1232211833333,-21.7899163333333,8.0,0.0,0.0,true,1619,0
1773230768000,64.1232211833333,-21.7899163333333,0.0,0.0,0.0,true,1620,0
1773230771000,64.1232211833333,-21.7899163333333,3.0,0.0,0.0,true,1621,0
1773230773000,64.1232211833333,-21.7899163333333,2.0,0.0,0.0,true,1622,0
1773230773000,64.1232211833333,-21.7899163333333,0.0,0.0,0.0,true,1623,0
1773230773000,64.1232211833333,-21.7899163333333,0.0,0.0,0.0,true,1624,0
1773230773000,64.1232211833333,-21.7899163333333,0.0,0.0,0.0,true,1625,0
1773230780000,64.1232211833333,-21.7899163333333,7.0,0.0,0.0,true,1626,0
1773230784000,64.1232211833333,-21.7899163333333,4.0,0.0,0.0,true,1627,0
1773230784000,64.1232211833333,-21.7899163333333,0.0,0.0,0.0,true,1628,0
1773230786000,64.1232211833333,-21.7899163333333,2.0,0.0,0.0,true,1629,0
1773230789000,64.1232211833333,-21.7899163333333,3.0,0.0,0.0,true,1630,0
1773230789000,64.1232211833333,-21.7899163333333,0.0,0.0,0.0,true,1631,0
1773230792000,64.1232211833333,-21.7899163333333,3.0,0.0,0.0,true,1632,0
1773230794000,64.1232211833333,-21.7899163333333,2.0,0.0,0.0,true,1633,0
1773230794000,64.1232211833333,-21.7899163333333,0.0,0.0,0.0,true,1634,0
1773230800000,64.1232211833333,-21.7899163333333,6.0,0.0,0.0,true,1635,0
1773230800000,64.1232211833333,-21.7899163333333,0.0,0.0,0.0,true,1636,0
1773230800000,64.1232211833333,-21.7899163333333,0.0,0.0,0.0,true,1637,0
1773230804000,64.1232211833333,-21.7899163333333,4.0,0.0,0.0,true,1638,0
1773230804000,64.1232211833333,-21.7899163333333,0.0,0.0,0.0,true,1639,0
1773230806000,64.1232211833333,-21.7899163333333,2.0,0.0,0.0,true,1640,0
1773230808000,64.1232211833333,-21.7899163333333,2.0,0.0,0.0,true,1641,0
1773230812000,64.1232211833333,-21.7899163333333,4.0,0.0,0.0,true,1642,0
1773230816000,64.1232211833333,-21.7899163333333,4.0,0.0,0.0,true,1643,0
1773230818000,64.1232211833333,-21.7899163333333,2.0,0.0,0.0,true,1644,0
1773230818000,64.1232211833333,-21.7899163333333,0.0,0.0,0.0,true,1645,0
1773230820000,64.1232211833333,-21.7899163333333,2.0,0.0,0.0,true,1646,0
1773230823000,64.1232211833333,-21.7899163333333,3.0,0.0,0.0,true,1647,0
1773230823000,64.1232211833333,-21.7899163333333,0.0,0.0,0.0,true,1648,0
1773230825000,64.1232211833333,-21.7899163333333,2.0,0.0,0.0,true,1649,0
1773230825000,64.1232211833333,-21.7899163333333,0.0,0.0,0.0,true,1650,0
1773230830000,64.1232211833333,-21.7899163333333,5.0,0.0,0.0,true,1651,0
1773230834000,64.1232211833333,-21.7899163333333,4.0,0.0,0.0,true,1652,0
1773230834000,64.1232211833333,-21.7899163333333,0.0,0.0,0.0,true,1653,0
1773230837000,64.1232211833333,-21.7899163333333,3.0,0.0,0.0,true,1654,0
1773230839000,64.1232211833333,-21.7899163333333,2.0,0.0,0.0,true,1655,0
1773230839000,64.1232211833333,-21.7899163333333,0.0,0.0,0.0,true,1656,0
1773230843000,64.1232211833333,-21.7899163333333,4.0,0.0,0.0,true,1657,0
1773230843000,64.1232211833333,-21.7899163333333,0.0,0.0,0.0,true,1658,0
1773230846000,64.12322195,-21.7899163333333,3.0,0.1,0.1,true,1659,0
1773230846000,64.12322195,-21.7899163333333,0.0,0.0,0.0,true,1660,0
1773230851000,64.12322195,-21.7899163333333,5.0,0.0,0.0,true,1661,0
1773230851000,64.12322195,-21.7899163333333,0.0,0.0,0.0,true,1662,0
1773230851000,64.12322195,-21.7899163333333,0.0,0.0,0.0,true,1663,0
1773230851000,64.12322195,-21.7899163333333,0.0,0.0,0.0,true,1664,0
1773230856000,64.12322195,-21.7899163333333,5.0,0.0,0.0,true,1665,0
1773230860000,64.12322195,-21.7899163333333,4.0,0.0,0.0,true,1666,0
1773230863000,64.12322195,-21.7899163333333,3.0,0.0,0.0,true,1667,0
1773230865000,64.12322195,-21.7899163333333,2.0,0.0,0.0,true,1668,0
1773230865000,64.12322195,-21.7899163333333,0.0,0.0,0.0,true,1669,0
1773230868000,64.12322195,-21.7899163333333,3.0,0.0,0.0,true,1670,0
1773230871000,64.12322195,-21.7899163333333,3.0,0.0,0.0,true,1671,0
1773230871000,64.12322195,-21.7899163333333,0.0,0.0,0.0,true,1672,0
1773230874000,64.12322195,-21.7899163333333,3.0,0.0,0.0,true,1673,0
1773230876000,64.12322195,-21.7899163333333,2.0,0.0,0.0,true,1674,0
1773230876000,64.12322195,-21.7899163333333,0.0,0.0,0.0,true,1675,0
1773230879000,64.12322195,-21.7899163333333,3.0,0.0,0.0,true,1676,0
1773230883000,64.12322195,-21.7899163333333,4.0,0.0,0.0,true,1677,0
1773230883000,64.12322195,-21.7899163333333,0.0,0.0,0.0,true,1678,0
1773230883000,64.12322195,-21.7899163333333,0.0,0.0,0.0,true,1679,0
1773230886000,64.12322195,-21.7899163333333,3.0,0.0,0.0,true,1680,0
1773230893000,64.12322195,-21.7899163333333,7.0,0.0,0.0,true,1681,0
1773230893000,64.12322195,-21.7899163333333,0.0,0.0,0.0,true,1682,0
1773230895000,64.12322195,-21.7899163333333,2.0,0.0,0.0,true,1683,0
1773230895000,64.12322195,-21.7899163333333,0.0,0.0,0.0,true,1684,0
1773230898000,64.12322195,-21.7899163333333,3.0,0.0,0.0,true,1685,0
1773230898000,64.12322195,-21.7899163333333,0.0,0.0,0.0,true,1686,0
1773230902000,64.12322195,-21.7899163333333,4.0,0.0,0.0,true,1687,0
1773230905000,64.12322195,-21.7899163333333,3.0,0.0,0.0,true,1688,0
1773230908000,64.12322195,-21.7899163333333,3.0,0.0,0.0,true,1689,0
1773230908000,64.12322195,-21.7899163333333,0.0,0.0,0.0,true,1690,0
1773230910000,64.12322195,-21.7899163333333,2.0,0.0,0.0,true,1691,0
1773230910000,64.12322195,-21.7899163333333,0.0,0.0,0.0,true,1692,0
1773230915000,64.12322195,-21.7899163333333,5.0,0.0,0.0,true,1693,0
1773230915000,64.12322195,-21.7899163333333,0.0,0.0,0.0,true,1694,0
1773230915000,64.12322195,-21.7899163333333,0.0,0.0,0.0,true,1695,0
1773230920000,64.12322195,-21.7899163333333,5.0,0.0,0.0,true,1696,0
1773230922000,64.12322195,-21.7899163333333,2.0,0.0,0.0,true,1697,0
1773230922000,64.12322195,-21.7899163333333,0.0,0.0,0.0,true,1698,0
1773230928000,64.12322195,-21.7899163333333,6.0,0.0,0.0,true,1699,0
1773230930000,64.12322195,-21.7899163333333,2.0,0.0,0.0,true,1700,0
1773230930000,64.12322195,-21.7899163333333,0.0,0.0,0.0,true,1701,0
1773230932000,64.12322195,-21.7899163333333,2.0,0.0,0.0,true,1702,0
1773230936000,64.12322195,-21.7899163333333,4.0,0.0,0.0,true,1703,0
1773230938000,64.12322195,-21.7899163333333,2.0,0.0,0.0,true,1704,0
1773230940000,64.12322195,-21.7899163333333,2.0,0.0,0.0,true,1705,0
1773230945000,64.12322195,-21.7899163333333,5.0,0.0,0.0,true,1706,0
1773230945000,64.12322195,-21.7899163333333,0.0,0.0,0.0,true,1707,0
1773230950000,64.12322195,-21.7899163333333,5.0,0.0,0.0,true,1708,0
1773230950000,64.12322195,-21.7899163333333,0.0,0.0,0.0,true,1709,0
1773230950000,64.12322195,-21.7899163333333,0.0,0.0,0.0,true,1710,0
1773230954000,64.12322195,-21.7899163333333,4.0,0.0,0.0,true,1711,0
1773230954000,64.12322195,-21.7899163333333,0.0,0.0,0.0,true,1712,0
1773230958000,64.12322195,-21.7899163333333,4.0,0.0,0.0,true,1713,0
1773230962000,64.12322195,-21.7899163333333,4.0,0.0,0.0,true,1714,0
1773230962000,64.12322195,-21.7899163333333,0.0,0.0,0.0,true,1715,0
1773230964000,64.12322195,-21.7899163333333,2.0,0.0,0.0,true,1716,0
1773230964000,64.12322195,-21.7899163333333,0.0,0.0,0.0,true,1717,0
1773230966000,64.1232243333333,-21.789917,2.0,0.3,0.5,true,1718,0
1773230970000,64.1232243333333,-21.789917,4.0,0.0,0.0,true,1719,0
1773230970000,64.1232243333333,-21.789917,0.0,0.0,0.0,true,1720,0
1773230974000,64.1232243333333,-21.789917,4.0,0.0,0.0,true,1721,0
1773230974000,64.1232243333333,-21.789917,0.0,0.0,0.0,true,1722,0
1773230980000,64.1232243333333,-21.789917,6.0,0.0,0.0,true,1723,0
1773230980000,64.1232243333333,-21.789917,0.0,0.0,0.0,true,1724,0
1773230984000,64.1232243333333,-21.789917,4.0,0.0,0.0,true,1725,0
1773230986000,64.1232243333333,-21.789917,2.0,0.0,0.0,true,1726,0
1773230986000,64.1232243333333,-21.789917,0.0,0.0,0.0,true,1727,0
1773230988000,64.1232243333333,-21.789917,2.0,0.0,0.0,true,1728,0
1773230992000,64.1232243333333,-21.789917,4.0,0.0,0.0,true,1729,0
1773230992000,64.1232243333333,-21.789917,0.0,0.0,0.0,true,1730,0
1773230994000,64.1232243333333,-21.789917,2.0,0.0,0.0,true,1731,0
1773230994000,64.1232243333333,-21.789917,0.0,0.0,0.0,true,1732,0
1773230999000,64.1232243333333,-21.789917,5.0,0.0,0.0,true,1733,0
1773230999000,64.1232243333333,-21.789917,0.0,0.0,0.0,true,1734,0
1773230999000,64.1232243333333,-21.789917,0.0,0.0,0.0,true,1735,0
1773231005000,64.1232243333333,-21.789917,6.0,0.0,0.0,true,1736,0
1773231005000,64.1232243333333,-21.789917,0.0,0.0,0.0,true,1737,0
1773231009000,64.1232243333333,-21.789917,4.0,0.0,0.0,true,1738,0
1773231011000,64.1232243333333,-21.789917,2.0,0.0,0.0,true,1739,0
1773231013000,64.1232243333333,-21.789917,2.0,0.0,0.0,true,1740,0
1773231013000,64.1232243333333,-21.789917,0.0,0.0,0.0,true,1741,0
1773231016000,64.1232243333333,-21.789917,3.0,0.0,0.0,true,1742,0
1773231019000,64.1232243333333,-21.789917,3.0,0.0,0.0,true,1743,0
1773231019000,64.1232243333333,-21.789917,0.0,0.0,0.0,true,1744,0
1773231022000,64.1232243333333,-21.789917,3.0,0.0,0.0,true,1745,0
1773231022000,64.1232243333333,-21.789917,0.0,0.0,0.0,true,1746,0
1773231025000,64.1232243333333,-21.789917,3.0,0.0,0.0,true,1747,0
1773231028000,64.1232243333333,-21.789917,3.0,0.0,0.0,true,1748,0
1773231028000,64.1232243333333,-21.789917,0.0,0.0,0.0,true,1749,0
1773231033000,64.1232243333333,-21.789917,5.0,0.0,0.0,true,1750,0
1773231037000,64.1232243333333,-21.789917,4.0,0.0,0.0,true,1751,0
1773231037000,64.1232243333333,-21.789917,0.0,0.0,0.0,true,1752,0
1773231039000,64.1232243333333,-21.789917,2.0,0.0,0.0,true,1753,0
1773231041000,64.1232243333333,-21.789917,2.0,0.0,0.0,true,1754,0
1773231041000,64.1232243333333,-21.789917,0.0,0.0,0.0,true,1755,0
1773231043000,64.1232243333333,-21.789917,2.0,0.0,0.0,true,1756,0
1773231043000,64.1232243333333,-21.789917,0.0,0.0,0.0,true,1757,0
1773231046000,64.1232243333333,-21.789917,3.0,0.0,0.0,true,1758,0
1773231049000,64.1232243333333,-21.789917,3.0,0.0,0.0,true,1759,0
1773231049000,64.1232243333333,-21.789917,0.0,0.0,0.0,true,1760,0
1773231052000,64.1232243333333,-21.789917,3.0,0.0,0.0,true,1761,0
1773231058000,64.1232243333333,-21.789917,6.0,0.0,0.0,true,1762,0
1773231058000,64.1232243333333,-21.789917,0.0,0.0,0.0,true,1763,0
1773231062000,64.1232243333333,-21.789917,4.0,0.0,0.0,true,1764,0
1773231064000,64.1232243333333,-21.789917,2.0,0.0,0.0,true,1765,0
1773231064000,64.1232243333333,-21.789917,0.0,0.0,0.0,true,1766,0
1773231066000,64.1232243333333,-21.789917,2.0,0.0,0.0,true,1767,0
1773231069000,64.1232243333333,-21.789917,3.0,0.0,0.0,true,1768,0
1773231069000,64.1232243333333,-21.789917,0.0,0.0,0.0,true,1769,0
1773231073000,64.1232243333333,-21.789917,4.0,0.0,0.0,true,1770,0
1773231073000,64.1232243333333,-21.789917,0.0,0.0,0.0,true,1771,0
1773231073000,64.1232243333333,-21.789917,0.0,0.0,0.0,true,1772,0
1773231081000,64.1232243333333,-21.789917,8.0,0.0,0.0,true,1773,0
1773231081000,64.1232243333333,-21.789917,0.0,0.0,0.0,true,1774,0
1773231081000,64.1232243333333,-21.789917,0.0,0.0,0.0,true,1775,0
1773231085000,64.1232243333333,-21.789917,4.0,0.0,0.0,true,1776,0
1773231085000,64.1232243333333,-21.789917,0.0,0.0,0.0,true,1777,0
1773231087000,64.1232262,-21.7899166666667,2.0,0.2,0.4,true,1778,0
1773231090000,64.1232262,-21.7899166666667,3.0,0.0,0.0,true,1779,0
1773231094000,64.1232262,-21.7899166666667,4.0,0.0,0.0,true,1780,0
1773231096000,64.1232262,-21.7899166666667,2.0,0.0,0.0,true,1781,0
1773231096000,64.1232262,-21.7899166666667,0.0,0.0,0.0,true,1782,0
1773231100000,64.1232262,-21.7899166666667,4.0,0.0,0.0,true,1783,0
1773231100000,64.1232262,-21.7899166666667,0.0,0.0,0.0,true,1784,0
1773231104000,64.1232262,-21.7899166666667,4.0,0.0,0.0,true,1785,0
1773231106000,64.1232262,-21.7899166666667,2.0,0.0,0.0,true,1786,0
1773231106000,64.1232262,-21.7899166666667,0.0,0.0,0.0,true,1787,0
1773231109000,64.1232262,-21.7899166666667,3.0,0.0,0.0,true,1788,0
1773231111000,64.1232262,-21.7899166666667,2.0,0.0,0.0,true,1789,0
1773231115000,64.1232262,-21.7899166666667,4.0,0.0,0.0,true,1790,0
1773231117000,64.1232262,-21.7899166666667,2.0,0.0,0.0,true,1791,0
1773231117000,64.1232262,-21.7899166666667,0.0,0.0,0.0,true,1792,0
1773231117000,64.1232262,-21.7899166666667,0.0,0.0,0.0,true,1793,0
1773231121000,64.1232262,-21.7899166666667,4.0,0.0,0.0,true,1794,0
1773231123000,64.1232262,-21.7899166666667,2.0,0.0,0.0,true,1795,0
1773231123000,64.1232262,-21.7899166666667,0.0,0.0,0.0,true,1796,0
1773231128000,64.1232262,-21.7899166666667,5.0,0.0,0.0,true,1797,0
1773231130000,64.1232262,-21.7899166666667,2.0,0.0,0.0,true,1798,0
1773231132000,64.1232262,-21.7899166666667,2.0,0.0,0.0,true,1799,0
1773231135000,64.1232262,-21.7899166666667,3.0,0.0,0.0,true,1800,0
1773231135000,64.1232262,-21.7899166666667,0.0,0.0,0.0,true,1801,0
1773231143000,64.1232262,-21.7899166666667,8.0,0.0,0.0,true,1802,0
1773231147000,64.1232262,-21.7899166666667,4.0,0.0,0.0,true,1803,0
1773231149000,64.1232262,-21.7899166666667,2.0,0.0,0.0,true,1804,0
1773231151000,64.1232262,-21.7899166666667,2.0,0.0,0.0,true,1805,0
1773231151000,64.1232262,-21.7899166666667,0.0,0.0,0.0,true,1806,0
1773231154000,64.1232262,-21.7899166666667,3.0,0.0,0.0,true,1807,0
1773231158000,64.1232262,-21.7899166666667,4.0,0.0,0.0,true,1808,0
1773231158000,64.1232262,-21.7899166666667,0.0,0.0,0.0,true,1809,0
1773231160000,64.1232262,-21.7899166666667,2.0,0.0,0.0,true,1810,0
1773231160000,64.1232262,-21.7899166666667,0.0,0.0,0.0,true,1811,0
1773231166000,64.1232262,-21.7899166666667,6.0,0.0,0.0,true,1812,0
1773231168000,64.1232262,-21.7899166666667,2.0,0.0,0.0,true,1813,0
1773231168000,64.1232262,-21.7899166666667,0.0,0.0,0.0,true,1814,0
1773231170000,64.1232262,-21.7899166666667,2.0,0.0,0.0,true,1815,0
1773231170000,64.1232262,-21.7899166666667,0.0,0.0,0.0,true,1816,0
1773231175000,64.1232262,-21.7899166666667,5.0,0.0,0.0,true,1817,0
1773231177000,64.1232262,-21.7899166666667,2.0,0.0,0.0,true,1818,0
1773231177000,64.1232262,-21.7899166666667,0.0,0.0,0.0,true,1819,0
1773231179000,64.1232262,-21.7899166666667,2.0,0.0,0.0,true,1820,0
1773231181000,64.1232262,-21.7899166666667,2.0,0.0,0.0,true,1821,0
1773231185000,64.1232262,-21.7899166666667,4.0,0.0,0.0,true,1822,0
1773231185000,64.1232262,-21.7899166666667,0.0,0.0,0.0,true,1823,0
1773231189000,64.1232262,-21.7899166666667,4.0,0.0,0.0,true,1824,0
1773231189000,64.1232262,-21.7899166666667,0.0,0.0,0.0,true,1825,0
1773231191000,64.1232262,-21.7899166666667,2.0,0.0,0.0,true,1826,0
1773231195000,64.1232262,-21.7899166666667,4.0,0.0,0.0,true,1827,0
1773231195000,64.1232262,-21.7899166666667,0.0,0.0,0.0,true,1828,0
1773231197000,64.1232262,-21.7899166666667,2.0,0.0,0.0,true,1829,0
1773231201000,64.1232262,-21.7899166666667,4.0,0.0,0.0,true,1830,0
1773231201000,64.1232262,-21.7899166666667,0.0,0.0,0.0,true,1831,0
1773231206000,64.1232262,-21.7899166666667,5.0,0.0,0.0,true,1832,0
1773231206000,64.1232262,-21.7899166666667,0.0,0.0,0.0,true,1833,0
1773231208000,64.1232262,-21.7899166666667,2.0,0.0,0.0,true,1834,0
1773231210000,64.1232273333333,-21.7899165,2.0,0.1,0.2,true,1835,0
1773231210000,64.1232273333333,-21.7899165,0.0,0.0,0.0,true,1836,0
1773231214000,64.1232273333333,-21.7899165,4.0,0.0,0.0,true,1837,0
1773231216000,64.1232273333333,-21.7899165,2.0,0.0,0.0,true,1838,0
1773231216000,64.1232273333333,-21.7899165,0.0,0.0,0.0,true,1839,0
1773231222000,64.1232273333333,-21.7899165,6.0,0.0,0.0,true,1840,0
1773231225000,64.1232273333333,-21.7899165,3.0,0.0,0.0,true,1841,0
1773231225000,64.1232273333333,-21.7899165,0.0,0.0,0.0,true,1842,0
1773231227000,64.1232273333333,-21.7899165,2.0,0.0,0.0,true,1843,0
1773231231000,64.1232273333333,-21.7899165,4.0,0.0,0.0,true,1844,0
1773231231000,64.1232273333333,-21.7899165,0.0,0.0,0.0,true,1845,0
1773231233000,64.1232273333333,-21.7899165,2.0,0.0,0.0,true,1846,0
1773231235000,64.1232273333333,-21.7899165,2.0,0.0,0.0,true,1847,0
1773231235000,64.1232273333333,-21.7899165,0.0,0.0,0.0,true,1848,0
1773231238000,64.1232273333333,-21.7899165,3.0,0.0,0.0,true,1849,0
1773231240000,64.1232273333333,-21.7899165,2.0,0.0,0.0,true,1850,0
1773231240000,64.1232273333333,-21.7899165,0.0,0.0,0.0,true,1851,0
1773231246000,64.1232273333333,-21.7899165,6.0,0.0,0.0,true,1852,0
1773231246000,64.1232273333333,-21.7899165,0.0,0.0,0.0,true,1853,0
1773231250000,64.1232273333333,-21.7899165,4.0,0.0,0.0,true,1854,0
1773231252000,64.1232273333333,-21.7899165,2.0,0.0,0.0,true,1855,0
1773231252000,64.1232273333333,-21.7899165,0.0,0.0,0.0,true,1856,0
1773231255000,64.1232273333333,-21.7899165,3.0,0.0,0.0,true,1857,0
1773231257000,64.1232273333333,-21.7899165,2.0,0.0,0.0,true,1858,0
1773231257000,64.1232273333333,-21.7899165,0.0,0.0,0.0,true,1859,0
1773231259000,64.1232273333333,-21.7899165,2.0,0.0,0.0,true,1860,0
1773231264000,64.1232273333333,-21.7899165,5.0,0.0,0.0,true,1861,0
1773231264000,64.1232273333333,-21.7899165,0.0,0.0,0.0,true,1862,0
1773231266000,64.1232273333333,-21.7899165,2.0,0.0,0.0,true,1863,0
1773231271000,64.1232273333333,-21.7899165,5.0,0.0,0.0,true,1864,0
1773231271000,64.1232273333333,-21.7899165,0.0,0.0,0.0,true,1865,0
1773231273000,64.1232273333333,-21.7899165,2.0,0.0,0.0,true,1866,0
1773231275000,64.1232273333333,-21.7899165,2.0,0.0,0.0,true,1867,0
1773231275000,64.1232273333333,-21.7899165,0.0,0.0,0.0,true,1868,0
1773231279000,64.1232273333333,-21.7899165,4.0,0.0,0.0,true,1869,0
1773231279000,64.1232273333333,-21.7899165,0.0,0.0,0.0,true,1870,0
1773231281000,64.1232273333333,-21.7899165,2.0,0.0,0.0,true,1871,0
1773231285000,64.1232273333333,-21.7899165,4.0,0.0,0.0,true,1872,0
1773231285000,64.1232273333333,-21.7899165,0.0,0.0,0.0,true,1873,0
1773231287000,64.1232273333333,-21.7899165,2.0,0.0,0.0,true,1874,0
1773231293000,64.1232273333333,-21.7899165,6.0,0.0,0.0,true,1875,0
1773231293000,64.1232273333333,-21.7899165,0.0,0.0,0.0,true,1876,0
1773231296000,64.1232273333333,-21.7899165,3.0,0.0,0.0,true,1877,0
1773231296000,64.1232273333333,-21.7899165,0.0,0.0,0.0,true,1878,0
1773231296000,64.1232273333333,-21.7899165,0.0,0.0,0.0,true,1879,0
1773231296000,64.1232273333333,-21.7899165,0.0,0.0,0.0,true,1880,0
1773231301000,64.1232273333333,-21.7899165,5.0,0.0,0.0,true,1881,0
1773231301000,64.1232273333333,-21.7899165,0.0,0.0,0.0,true,1882,0
1773231305000,64.1232273333333,-21.7899165,4.0,0.0,0.0,true,1883,0
1773231307000,64.1232273333333,-21.7899165,2.0,0.0,0.0,true,1884,0
1773231312000,64.1232273333333,-21.7899165,5.0,0.0,0.0,true,1885,0
1773231312000,64.1232273333333,-21.7899165,0.0,0.0,0.0,true,1886,0
1773231316000,64.1232273333333,-21.7899165,4.0,0.0,0.0,true,1887,0
1773231316000,64.1232273333333,-21.7899165,0.0,0.0,0.0,true,1888,0
1773231318000,64.1232273333333,-21.7899165,2.0,0.0,0.0,true,1889,0
1773231318000,64.1232273333333,-21.7899165,0.0,0.0,0.0,true,1890,0
1773231322000,64.1232273333333,-21.7899165,4.0,0.0,0.0,true,1891,0
1773231322000,64.1232273333333,-21.7899165,0.0,0.0,0.0,true,1892,0
1773231327000,64.1232273333333,-21.7899165,5.0,0.0,0.0,true,1893,0
1773231327000,64.1232273333333,-21.7899165,0.0,0.0,0.0,true,1894,0
1773231331000,64.1232275166667,-21.7899166666667,4.0,0.0,0.0,true,1895,0
1773231333000,64.1232275166667,-21.7899166666667,2.0,0.0,0.0,true,1896,0
1773231333000,64.1232275166667,-21.7899166666667,0.0,0.0,0.0,true,1897,0
1773231336000,64.1232275166667,-21.7899166666667,3.0,0.0,0.0,true,1898,0
1773231336000,64.1232275166667,-21.7899166666667,0.0,0.0,0.0,true,1899,0
1773231340000,64.1232275166667,-21.7899166666667,4.0,0.0,0.0,true,1900,0
1773231340000,64.1232275166667,-21.7899166666667,0.0,0.0,0.0,true,1901,0
1773231342000,64.1232275166667,-21.7899166666667,2.0,0.0,0.0,true,1902,0
1773231345000,64.1232275166667,-21.7899166666667,3.0,0.0,0.0,true,1903,0
1773231351000,64.1232275166667,-21.7899166666667,6.0,0.0,0.0,true,1904,0
1773231351000,64.1232275166667,-21.7899166666667,0.0,0.0,0.0,true,1905,0
1773231353000,64.1232275166667,-21.7899166666667,2.0,0.0,0.0,true,1906,0
1773231357000,64.1232275166667,-21.7899166666667,4.0,0.0,0.0,true,1907,0
1773231357000,64.1232275166667,-21.7899166666667,0.0,0.0,0.0,true,1908,0
1773231357000,64.1232275166667,-21.7899166666667,0.0,0.0,0.0,true,1909,0
1773231357000,64.1232275166667,-21.7899166666667,0.0,0.0,0.0,true,1910,0
1773231364000,64.1232275166667,-21.7899166666667,7.0,0.0,0.0,true,1911,0
1773231364000,64.1232275166667,-21.7899166666667,0.0,0.0,0.0,true,1912,0
1773231364000,64.1232275166667,-21.7899166666667,0.0,0.0,0.0,true,1913,0
1773231369000,64.1232275166667,-21.7899166666667,5.0,0.0,0.0,true,1914,0
1773231371000,64.1232275166667,-21.7899166666667,2.0,0.0,0.0,true,1915,0
1773231371000,64.1232275166667,-21.7899166666667,0.0,0.0,0.0,true,1916,0
1773231374000,64.1232275166667,-21.7899166666667,3.0,0.0,0.0,true,1917,0
1773231374000,64.1232275166667,-21.7899166666667,0.0,0.0,0.0,true,1918,0
1773231378000,64.1232275166667,-21.7899166666667,4.0,0.0,0.0,true,1919,0
1773231380000,64.1232275166667,-21.7899166666667,2.0,0.0,0.0,true,1920,0
1773231380000,64.1232275166667,-21.7899166666667,0.0,0.0,0.0,true,1921,0
1773231383000,64.1232275166667,-21.7899166666667,3.0,0.0,0.0,true,1922,0
1773231387000,64.1232275166667,-21.7899166666667,4.0,0.0,0.0,true,1923,0
1773231387000,64.1232275166667,-21.7899166666667,0.0,0.0,0.0,true,1924,0
1773231389000,64.1232275166667,-21.7899166666667,2.0,0.0,0.0,true,1925,0
1773231394000,64.1232275166667,-21.7899166666667,5.0,0.0,0.0,true,1926,0
1773231394000,64.1232275166667,-21.7899166666667,0.0,0.0,0.0,true,1927,0
1773231396000,64.1232275166667,-21.7899166666667,2.0,0.0,0.0,true,1928,0
1773231406000,64.1232275166667,-21.7899166666667,10.0,0.0,0.0,true,1929,0
1773231406000,64.1232275166667,-21.7899166666667,0.0,0.0,0.0,true,1930,0
1773231406000,64.1232275166667,-21.7899166666667,0.0,0.0,0.0,true,1931,0
1773231410000,64.1232275166667,-21.7899166666667,4.0,0.0,0.0,true,1932,0
1773231410000,64.1232275166667,-21.7899166666667,0.0,0.0,0.0,true,1933,0
1773231412000,64.1232275166667,-21.7899166666667,2.0,0.0,0.0,true,1934,0
1773231415000,64.1232275166667,-21.7899166666667,3.0,0.0,0.0,true,1935,0
1773231415000,64.1232275166667,-21.7899166666667,0.0,0.0,0.0,true,1936,0
1773231415000,64.1232275166667,-21.7899166666667,0.0,0.0,0.0,true,1937,0
1773231424000,64.1232275166667,-21.7899166666667,9.0,0.0,0.0,true,1938,0
1773231424000,64.1232275166667,-21.7899166666667,0.0,0.0,0.0,true,1939,0
1773231426000,64.1232275166667,-21.7899166666667,2.0,0.0,0.0,true,1940,0
1773231426000,64.1232275166667,-21.7899166666667,0.0,0.0,0.0,true,1941,0
1773231429000,64.1232275166667,-21.7899166666667,3.0,0.0,0.0,true,1942,0
1773231431000,64.1232275166667,-21.7899166666667,2.0,0.0,0.0,true,1943,0
1773231431000,64.1232275166667,-21.7899166666667,0.0,0.0,0.0,true,1944,0
1773231431000,64.1232275166667,-21.7899166666667,0.0,0.0,0.0,true,1945,0
1773231435000,64.1232275166667,-21.7899166666667,4.0,0.0,0.0,true,1946,0
1773231437000,64.1232275166667,-21.7899166666667,2.0,0.0,0.0,true,1947,0
1773231443000,64.1232275166667,-21.7899166666667,6.0,0.0,0.0,true,1948,0
1773231443000,64.1232275166667,-21.7899166666667,0.0,0.0,0.0,true,1949,0
1773231443000,64.1232275166667,-21.7899166666667,0.0,0.0,0.0,true,1950,0
1773231446000,64.1232275166667,-21.7899166666667,3.0,0.0,0.0,true,1951,0
1773231450000,64.1232271,-21.7899161666667,4.0,0.1,0.0,true,1952,0
1773231450000,64.1232271,-21.7899161666667,0.0,0.0,0.0,true,1953,0
1773231452000,64.1232271,-21.7899161666667,2.0,0.0,0.0,true,1954,0
1773231455000,64.1232271,-21.7899161666667,3.0,0.0,0.0,true,1955,0
1773231457000,64.1232271,-21.7899161666667,2.0,0.0,0.0,true,1956,0
1773231459000,64.1232271,-21.7899161666667,2.0,0.0,0.0,true,1957,0
1773231459000,64.1232271,-21.7899161666667,0.0,0.0,0.0,true,1958,0
1773231463000,64.1232271,-21.7899161666667,4.0,0.0,0.0,true,1959,0
1773231465000,64.1232271,-21.7899161666667,2.0,0.0,0.0,true,1960,0
1773231465000,64.1232271,-21.7899161666667,0.0,0.0,0.0,true,1961,0
1773231467000,64.1232271,-21.7899161666667,2.0,0.0,0.0,true,1962,0
1773231467000,64.1232271,-21.7899161666667,0.0,0.0,0.0,true,1963,0
1773231470000,64.1232271,-21.7899161666667,3.0,0.0,0.0,true,1964,0
1773231473000,64.1232271,-21.7899161666667,3.0,0.0,0.0,true,1965,0
1773231477000,64.1232271,-21.7899161666667,4.0,0.0,0.0,true,1966,0
1773231477000,64.1232271,-21.7899161666667,0.0,0.0,0.0,true,1967,0
1773231479000,64.1232271,-21.7899161666667,2.0,0.0,0.0,true,1968,0
1773231479000,64.1232271,-21.7899161666667,0.0,0.0,0.0,true,1969,0
1773231484000,64.1232271,-21.7899161666667,5.0,0.0,0.0,true,1970,0
1773231486000,64.1232271,-21.7899161666667,2.0,0.0,0.0,true,1971,0
1773231486000,64.1232271,-21.7899161666667,0.0,0.0,0.0,true,1972,0
1773231489000,64.1232271,-21.7899161666667,3.0,0.0,0.0,true,1973,0
1773231492000,64.1232271,-21.7899161666667,3.0,0.0,0.0,true,1974,0
1773231492000,64.1232271,-21.7899161666667,0.0,0.0,0.0,true,1975,0
1773231497000,64.1232271,-21.7899161666667,5.0,0.0,0.0,true,1976,0
1773231497000,64.1232271,-21.7899161666667,0.0,0.0,0.0,true,1977,0
1773231501000,64.1232271,-21.7899161666667,4.0,0.0,0.0,true,1978,0
1773231504000,64.1232271,-21.7899161666667,3.0,0.0,0.0,true,1979,0
1773231504000,64.1232271,-21.7899161666667,0.0,0.0,0.0,true,1980,0
1773231507000,64.1232271,-21.7899161666667,3.0,0.0,0.0,true,1981,0
1773231510000,64.1232271,-21.7899161666667,3.0,0.0,0.0,true,1982,0
1773231512000,64.1232271,-21.7899161666667,2.0,0.0,0.0,true,1983,0
1773231512000,64.1232271,-21.7899161666667,0.0,0.0,0.0,true,1984,0
1773231515000,64.1232271,-21.7899161666667,3.0,0.0,0.0,true,1985,0
1773231515000,64.1232271,-21.7899161666667,0.0,0.0,0.0,true,1986,0
1773231517000,64.1232271,-21.7899161666667,2.0,0.0,0.0,true,1987,0
1773231521000,64.1232271,-21.7899161666667,4.0,0.0,0.0,true,1988,0
1773231521000,64.1232271,-21.7899161666667,0.0,0.0,0.0,true,1989,0
1773231527000,64.1232271,-21.7899161666667,6.0,0.0,0.0,true,1990,0
1773231527000,64.1232271,-21.7899161666667,0.0,0.0,0.0,true,1991,0
1773231529000,64.1232271,-21.7899161666667,2.0,0.0,0.0,true,1992,0
1773231532000,64.1232271,-21.7899161666667,3.0,0.0,0.0,true,1993,0
1773231534000,64.1232271,-21.7899161666667,2.0,0.0,0.0,true,1994,0
1773231534000,64.1232271,-21.7899161666667,0.0,0.0,0.0,true,1995,0
1773231536000,64.1232271,-21.7899161666667,2.0,0.0,0.0,true,1996,0
1773231541000,64.1232271,-21.7899161666667,5.0,0.0,0.0,true,1997,0
1773231541000,64.1232271,-21.7899161666667,0.0,0.0,0.0,true,1998,0
1773231544000,64.1232271,-21.7899161666667,3.0,0.0,0.0,true,1999,0
1773231544000,64.1232271,-21.7899161666667,0.0,0.0,0.0,true,2000,0
1773231544000,64.1232271,-21.7899161666667,0.0,0.0,0.0,true,2001,0
1773231550000,64.1232271,-21.7899161666667,6.0,0.0,0.0,true,2002,0
1773231550000,64.1232271,-21.7899161666667,0.0,0.0,0.0,true,2003,0
1773231553000,64.1232271,-21.7899161666667,3.0,0.0,0.0,true,2004,0
1773231553000,64.1232271,-21.7899161666667,0.0,0.0,0.0,true,2005,0
1773231555000,64.1232271,-21.7899161666667,2.0,0.0,0.0,true,2006,0
1773231560000,64.1232271,-21.7899161666667,5.0,0.0,0.0,true,2007,0
1773231560000,64.1232271,-21.7899161666667,0.0,0.0,0.0,true,2008,0
1773231560000,64.1232271,-21.7899161666667,0.0,0.0,0.0,true,2009,0
1773231563000,64.1232271,-21.7899161666667,3.0,0.0,0.0,true,2010,0
1773231565000,64.1232271,-21.7899161666667,2.0,0.0,0.0,true,2011,0
1773231570000,64.12322705,-21.7899168333333,5.0,0.0,0.0,true,2012,0
1773231570000,64.12322705,-21.7899168333333,0.0,0.0,0.0,true,2013,0
1773231574000,64.12322705,-21.7899168333333,4.0,0.0,0.0,true,2014,0
1773231574000,64.12322705,-21.7899168333333,0.0,0.0,0.0,true,2015,0
1773231576000,64.12322705,-21.7899168333333,2.0,0.0,0.0,true,2016,0
1773231576000,64.12322705,-21.7899168333333,0.0,0.0,0.0,true,2017,0
1773231579000,64.12322705,-21.7899168333333,3.0,0.0,0.0,true,2018,0
1773231584000,64.12322705,-21.7899168333333,5.0,0.0,0.0,true,2019,0
1773231584000,64.12322705,-21.7899168333333,0.0,0.0,0.0,true,2020,0
1773231589000,64.12322705,-21.7899168333333,5.0,0.0,0.0,true,2021,0
1773231589000,64.12322705,-21.7899168333333,0.0,0.0,0.0,true,2022,0
1773231591000,64.12322705,-21.7899168333333,2.0,0.0,0.0,true,2023,0
1773231594000,64.12322705,-21.7899168333333,3.0,0.0,0.0,true,2024,0
1773231594000,64.12322705,-21.7899168333333,0.0,0.0,0.0,true,2025,0
1773231596000,64.12322705,-21.7899168333333,2.0,0.0,0.0,true,2026,0
1773231598000,64.12322705,-21.7899168333333,2.0,0.0,0.0,true,2027,0
1773231602000,64.12322705,-21.7899168333333,4.0,0.0,0.0,true,2028,0
1773231602000,64.12322705,-21.7899168333333,0.0,0.0,0.0,true,2029,0
1773231604000,64.12322705,-21.7899168333333,2.0,0.0,0.0,true,2030,0
1773231604000,64.12322705,-21.7899168333333,0.0,0.0,0.0,true,2031,0
1773231608000,64.12322705,-21.7899168333333,4.0,0.0,0.0,true,2032,0
1773231610000,64.12322705,-21.7899168333333,2.0,0.0,0.0,true,2033,0
1773231613000,64.12322705,-21.7899168333333,3.0,0.0,0.0,true,2034,0
1773231615000,64.12322705,-21.7899168333333,2.0,0.0,0.0,true,2035,0
1773231615000,64.12322705,-21.7899168333333,0.0,0.0,0.0,true,2036,0
1773231615000,64.12322705,-21.7899168333333,0.0,0.0,0.0,true,2037,0
1773231619000,64.12322705,-21.7899168333333,4.0,0.0,0.0,true,2038,0
1773231625000,64.12322705,-21.7899168333333,6.0,0.0,0.0,true,2039,0
1773231625000,64.12322705,-21.7899168333333,0.0,0.0,0.0,true,2040,0
1773231625000,64.12322705,-21.7899168333333,0.0,0.0,0.0,true,2041,0
1773231636000,64.12322705,-21.7899168333333,11.0,0.0,0.0,true,2042,0
1773231636000,64.12322705,-21.7899168333333,0.0,0.0,0.0,true,2043,0
1773231638000,64.12322705,-21.7899168333333,2.0,0.0,0.0,true,2044,0
1773231641000,64.12322705,-21.7899168333333,3.0,0.0,0.0,true,2045,0
1773231641000,64.12322705,-21.7899168333333,0.0,0.0,0.0,true,2046,0
1773231647000,64.12322705,-21.7899168333333,6.0,0.0,0.0,true,2047,0
1773231649000,64.12322705,-21.7899168333333,2.0,0.0,0.0,true,2048,0
1773231649000,64.12322705,-21.7899168333333,0.0,0.0,0.0,true,2049,0
1773231652000,64.12322705,-21.7899168333333,3.0,0.0,0.0,true,2050,0
1773231652000,64.12322705,-21.7899168333333,0.0,0.0,0.0,true,2051,0
1773231654000,64.12322705,-21.7899168333333,2.0,0.0,0.0,true,2052,0
1773231656000,64.12322705,-21.7899168333333,2.0,0.0,0.0,true,2053,0
1773231656000,64.12322705,-21.7899168333333,0.0,0.0,0.0,true,2054,0
1773231660000,64.12322705,-21.7899168333333,4.0,0.0,0.0,true,2055,0
1773231662000,64.12322705,-21.7899168333333,2.0,0.0,0.0,true,2056,0
1773231668000,64.12322705,-21.7899168333333,6.0,0.0,0.0,true,2057,0
1773231668000,64.12322705,-21.7899168333333,0.0,0.0,0.0,true,2058,0
1773231671000,64.12322705,-21.7899168333333,3.0,0.0,0.0,true,2059,0
1773231674000,64.12322705,-21.7899168333333,3.0,0.0,0.0,true,2060,0
1773231677000,64.12322705,-21.7899168333333,3.0,0.0,0.0,true,2061,0
1773231677000,64.12322705,-21.7899168333333,0.0,0.0,0.0,true,2062,0
1773231679000,64.12322705,-21.7899168333333,2.0,0.0,0.0,true,2063,0
1773231682000,64.12322705,-21.7899168333333,3.0,0.0,0.0,true,2064,0
1773231684000,64.12322705,-21.7899168333333,2.0,0.0,0.0,true,2065,0
1773231686000,64.12322705,-21.7899168333333,2.0,0.0,0.0,true,2066,0
1773231686000,64.12322705,-21.7899168333333,0.0,0.0,0.0,true,2067,0
1773231690000,64.12322705,-21.7899168333333,4.0,0.0,0.0,true,2068,0
1773231692000,64.1232272,-21.7899178333333,2.0,0.1,0.1,true,2069,0
1773231692000,64.1232272,-21.7899178333333,0.0,0.0,0.0,true,2070,0
1773231694000,64.1232272,-21.7899178333333,2.0,0.0,0.0,true,2071,0
1773231694000,64.1232272,-21.7899178333333,0.0,0.0,0.0,true,2072,0
1773231700000,64.1232272,-21.7899178333333,6.0,0.0,0.0,true,2073,0
1773231700000,64.1232272,-21.7899178333333,0.0,0.0,0.0,true,2074,0
1773231700000,64.1232272,-21.7899178333333,0.0,0.0,0.0,true,2075,0
1773231706000,64.1232272,-21.7899178333333,6.0,0.0,0.0,true,2076,0
1773231708000,64.1232272,-21.7899178333333,2.0,0.0,0.0,true,2077,0
1773231708000,64.1232272,-21.7899178333333,0.0,0.0,0.0,true,2078,0
1773231710000,64.1232272,-21.7899178333333,2.0,0.0,0.0,true,2079,0
1773231715000,64.1232272,-21.7899178333333,5.0,0.0,0.0,true,2080,0
1773231715000,64.1232272,-21.7899178333333,0.0,0.0,0.0,true,2081,0
1773231715000,64.1232272,-21.7899178333333,0.0,0.0,0.0,true,2082,0
1773231715000,64.1232272,-21.7899178333333,0.0,0.0,0.0,true,2083,0
1773231719000,64.1232272,-21.7899178333333,4.0,0.0,0.0,true,2084,0
1773231721000,64.1232272,-21.7899178333333,2.0,0.0,0.0,true,2085,0
1773231725000,64.1232272,-21.7899178333333,4.0,0.0,0.0,true,2086,0
1773231725000,64.1232272,-21.7899178333333,0.0,0.0,0.0,true,2087,0
1773231730000,64.1232272,-21.7899178333333,5.0,0.0,0.0,true,2088,0
1773231732000,64.1232272,-21.7899178333333,2.0,0.0,0.0,true,2089,0
1773231732000,64.1232272,-21.7899178333333,0.0,0.0,0.0,true,2090,0
1773231735000,64.1232272,-21.7899178333333,3.0,0.0,0.0,true,2091,0
1773231738000,64.1232272,-21.7899178333333,3.0,0.0,0.0,true,2092,0
1773231738000,64.1232272,-21.7899178333333,0.0,0.0,0.0,true,2093,0
1773231740000,64.1232272,-21.7899178333333,2.0,0.0,0.0,true,2094,0
1773231740000,64.1232272,-21.7899178333333,0.0,0.0,0.0,true,2095,0
1773231746000,64.1232272,-21.7899178333333,6.0,0.0,0.0,true,2096,0
1773231746000,64.1232272,-21.7899178333333,0.0,0.0,0.0,true,2097,0
1773231746000,64.1232272,-21.7899178333333,0.0,0.0,0.0,true,2098,0
1773231750000,64.1232272,-21.7899178333333,4.0,0.0,0.0,true,2099,0
1773231752000,64.1232272,-21.7899178333333,2.0,0.0,0.0,true,2100,0
1773231752000,64.1232272,-21.7899178333333,0.0,0.0,0.0,true,2101,0
1773231759000,64.1232272,-21.7899178333333,7.0,0.0,0.0,true,2102,0
1773231759000,64.1232272,-21.7899178333333,0.0,0.0,0.0,true,2103,0
1773231759000,64.1232272,-21.7899178333333,0.0,0.0,0.0,true,2104,0
1773231764000,64.1232272,-21.7899178333333,5.0,0.0,0.0,true,2105,0
1773231764000,64.1232272,-21.7899178333333,0.0,0.0,0.0,true,2106,0
1773231768000,64.1232272,-21.7899178333333,4.0,0.0,0.0,true,2107,0
1773231770000,64.1232272,-21.7899178333333,2.0,0.0,0.0,true,2108,0
1773231770000,64.1232272,-21.7899178333333,0.0,0.0,0.0,true,2109,0
1773231772000,64.1232272,-21.7899178333333,2.0,0.0,0.0,true,2110,0
1773231774000,64.1232272,-21.7899178333333,2.0,0.0,0.0,true,2111,0
1773231774000,64.1232272,-21.7899178333333,0.0,0.0,0.0,true,2112,0
1773231778000,64.1232272,-21.7899178333333,4.0,0.0,0.0,true,2113,0
1773231780000,64.1232272,-21.7899178333333,2.0,0.0,0.0,true,2114,0
1773231782000,64.1232272,-21.7899178333333,2.0,0.0,0.0,true,2115,0
1773231782000,64.1232272,-21.7899178333333,0.0,0.0,0.0,true,2116,0
1773231787000,64.1232272,-21.7899178333333,5.0,0.0,0.0,true,2117,0
1773231787000,64.1232272,-21.7899178333333,0.0,0.0,0.0,true,2118,0
1773231790000,64.1232272,-21.7899178333333,3.0,0.0,0.0,true,2119,0
1773231792000,64.1232272,-21.7899178333333,2.0,0.0,0.0,true,2120,0
1773231792000,64.1232272,-21.7899178333333,0.0,0.0,0.0,true,2121,0
1773231796000,64.1232272,-21.7899178333333,4.0,0.0,0.0,true,2122,0
1773231796000,64.1232272,-21.7899178333333,0.0,0.0,0.0,true,2123,0
1773231798000,64.1232272,-21.7899178333333,2.0,0.0,0.0,true,2124,0
1773231805000,64.1232272,-21.7899178333333,7.0,0.0,0.0,true,2125,0
1773231805000,64.1232272,-21.7899178333333,0.0,0.0,0.0,true,2126,0
1773231807000,64.1232272,-21.7899178333333,2.0,0.0,0.0,true,2127,0
1773231810000,64.1232271833333,-21.7899193333333,3.0,0.1,0.1,true,2128,0
1773231810000,64.1232271833333,-21.7899193333333,0.0,0.0,0.0,true,2129,0
1773231812000,64.1232271833333,-21.7899193333333,2.0,0.0,0.0,true,2130,0
1773231816000,64.1232271833333,-21.7899193333333,4.0,0.0,0.0,true,2131,0
1773231816000,64.1232271833333,-21.7899193333333,0.0,0.0,0.0,true,2132,0
1773231818000,64.1232271833333,-21.7899193333333,2.0,0.0,0.0,true,2133,0
1773231818000,64.1232271833333,-21.7899193333333,0.0,0.0,0.0,true,2134,0
1773231820000,64.1232271833333,-21.7899193333333,2.0,0.0,0.0,true,2135,0
1773231822000,64.1232271833333,-21.7899193333333,2.0,0.0,0.0,true,2136,0
1773231827000,64.1232271833333,-21.7899193333333,5.0,0.0,0.0,true,2137,0
1773231827000,64.1232271833333,-21.7899193333333,0.0,0.0,0.0,true,2138,0
1773231831000,64.1232271833333,-21.7899193333333,4.0,0.0,0.0,true,2139,0
1773231833000,64.1232271833333,-21.7899193333333,2.0,0.0,0.0,true,2140,0
1773231833000,64.1232271833333,-21.7899193333333,0.0,0.0,0.0,true,2141,0
1773231839000,64.1232271833333,-21.7899193333333,6.0,0.0,0.0,true,2142,0
1773231839000,64.1232271833333,-21.7899193333333,0.0,0.0,0.0,true,2143,0
1773231839000,64.1232271833333,-21.7899193333333,0.0,0.0,0.0,true,2144,0
1773231843000,64.1232271833333,-21.7899193333333,4.0,0.0,0.0,true,2145,0
1773231843000,64.1232271833333,-21.7899193333333,0.0,0.0,0.0,true,2146,0
1773231848000,64.1232271833333,-21.7899193333333,5.0,0.0,0.0,true,2147,0
1773231848000,64.1232271833333,-21.7899193333333,0.0,0.0,0.0,true,2148,0
1773231851000,64.1232271833333,-21.7899193333333,3.0,0.0,0.0,true,2149,0
1773231851000,64.1232271833333,-21.7899193333333,0.0,0.0,0.0,true,2150,0
1773231851000,64.1232271833333,-21.7899193333333,0.0,0.0,0.0,true,2151,0
1773231855000,64.1232271833333,-21.7899193333333,4.0,0.0,0.0,true,2152,0
1773231861000,64.1232271833333,-21.7899193333333,6.0,0.0,0.0,true,2153,0
1773231864000,64.1232271833333,-21.7899193333333,3.0,0.0,0.0,true,2154,0
1773231864000,64.1232271833333,-21.7899193333333,0.0,0.0,0.0,true,2155,0
1773231866000,64.1232271833333,-21.7899193333333,2.0,0.0,0.0,true,2156,0
1773231866000,64.1232271833333,-21.7899193333333,0.0,0.0,0.0,true,2157,0
1773231868000,64.1232271833333,-21.7899193333333,2.0,0.0,0.0,true,2158,0
1773231871000,64.1232271833333,-21.7899193333333,3.0,0.0,0.0,true,2159,0
1773231871000,64.1232271833333,-21.7899193333333,0.0,0.0,0.0,true,2160,0
1773231873000,64.1232271833333,-21.7899193333333,2.0,0.0,0.0,true,2161,0
1773231877000,64.1232271833333,-21.7899193333333,4.0,0.0,0.0,true,2162,0
1773231877000,64.1232271833333,-21.7899193333333,0.0,0.0,0.0,true,2163,0
1773231883000,64.1232271833333,-21.7899193333333,6.0,0.0,0.0,true,2164,0
1773231883000,64.1232271833333,-21.7899193333333,0.0,0.0,0.0,true,2165,0
1773231883000,64.1232271833333,-21.7899193333333,0.0,0.0,0.0,true,2166,0
1773231888000,64.1232271833333,-21.7899193333333,5.0,0.0,0.0,true,2167,0
1773231890000,64.1232271833333,-21.7899193333333,2.0,0.0,0.0,true,2168,0
1773231890000,64.1232271833333,-21.7899193333333,0.0,0.0,0.0,true,2169,0
1773231890000,64.1232271833333,-21.7899193333333,0.0,0.0,0.0,true,2170,0
1773231894000,64.1232271833333,-21.7899193333333,4.0,0.0,0.0,true,2171,0
1773231898000,64.1232271833333,-21.7899193333333,4.0,0.0,0.0,true,2172,0
1773231898000,64.1232271833333,-21.7899193333333,0.0,0.0,0.0,true,2173,0
1773231901000,64.1232271833333,-21.7899193333333,3.0,0.0,0.0,true,2174,0
1773231903000,64.1232271833333,-21.7899193333333,2.0,0.0,0.0,true,2175,0
1773231905000,64.1232271833333,-21.7899193333333,2.0,0.0,0.0,true,2176,0
1773231905000,64.1232271833333,-21.7899193333333,0.0,0.0,0.0,true,2177,0
1773231908000,64.1232271833333,-21.7899193333333,3.0,0.0,0.0,true,2178,0
1773231911000,64.1232271833333,-21.7899193333333,3.0,0.0,0.0,true,2179,0
1773231911000,64.1232271833333,-21.7899193333333,0.0,0.0,0.0,true,2180,0
1773231915000,64.1232271833333,-21.7899193333333,4.0,0.0,0.0,true,2181,0
1773231917000,64.1232271833333,-21.7899193333333,2.0,0.0,0.0,true,2182,0
1773231920000,64.1232271833333,-21.7899193333333,3.0,0.0,0.0,true,2183,0
1773231922000,64.1232271833333,-21.7899193333333,2.0,0.0,0.0,true,2184,0
1773231922000,64.1232271833333,-21.7899193333333,0.0,0.0,0.0,true,2185,0
1773231924000,64.1232271833333,-21.7899193333333,2.0,0.0,0.0,true,2186,0
1773231924000,64.1232271833333,-21.7899193333333,0.0,0.0,0.0,true,2187,0
1773231928000,64.1232271833333,-21.7899193333333,4.0,0.0,0.0,true,2188,0
1773231930000,64.1232272,-21.7899201666667,2.0,0.0,0.1,true,2189,0
1773231930000,64.1232272,-21.7899201666667,0.0,0.0,0.0,true,2190,0
1773231936000,64.1232272,-21.7899201666667,6.0,0.0,0.0,true,2191,0
1773231940000,64.1232272,-21.7899201666667,4.0,0.0,0.0,true,2192,0
1773231940000,64.1232272,-21.7899201666667,0.0,0.0,0.0,true,2193,0
1773231942000,64.1232272,-21.7899201666667,2.0,0.0,0.0,true,2194,0
1773231942000,64.1232272,-21.7899201666667,0.0,0.0,0.0,true,2195,0
1773231945000,64.1232272,-21.7899201666667,3.0,0.0,0.0,true,2196,0
1773231945000,64.1232272,-21.7899201666667,0.0,0.0,0.0,true,2197,0
1773231949000,64.1232272,-21.7899201666667,4.0,0.0,0.0,true,2198,0
1773231949000,64.1232272,-21.7899201666667,0.0,0.0,0.0,true,2199,0
1773231955000,64.1232272,-21.7899201666667,6.0,0.0,0.0,true,2200,0
1773231955000,64.1232272,-21.7899201666667,0.0,0.0,0.0,true,2201,0
1773231958000,64.1232272,-21.7899201666667,3.0,0.0,0.0,true,2202,0
1773231960000,64.1232272,-21.7899201666667,2.0,0.0,0.0,true,2203,0
1773231960000,64.1232272,-21.7899201666667,0.0,0.0,0.0,true,2204,0
1773231963000,64.1232272,-21.7899201666667,3.0,0.0,0.0,true,2205,0
1773231966000,64.1232272,-21.7899201666667,3.0,0.0,0.0,true,2206,0
1773231966000,64.1232272,-21.7899201666667,0.0,0.0,0.0,true,2207,0
1773231971000,64.1232272,-21.7899201666667,5.0,0.0,0.0,true,2208,0
1773231971000,64.1232272,-21.7899201666667,0.0,0.0,0.0,true,2209,0
1773231971000,64.1232272,-21.7899201666667,0.0,0.0,0.0,true,2210,0
1773231977000,64.1232272,-21.7899201666667,6.0,0.0,0.0,true,2211,0
1773231977000,64.1232272,-21.7899201666667,0.0,0.0,0.0,true,2212,0
1773231979000,64.1232272,-21.7899201666667,2.0,0.0,0.0,true,2213,0
1773231981000,64.1232272,-21.7899201666667,2.0,0.0,0.0,true,2214,0
1773231981000,64.1232272,-21.7899201666667,0.0,0.0,0.0,true,2215,0
1773231984000,64.1232272,-21.7899201666667,3.0,0.0,0.0,true,2216,0
1773231984000,64.1232272,-21.7899201666667,0.0,0.0,0.0,true,2217,0
1773231990000,64.1232272,-21.7899201666667,6.0,0.0,0.0,true,2218,0
1773231992000,64.1232272,-21.7899201666667,2.0,0.0,0.0,true,2219,0
1773231992000,64.1232272,-21.7899201666667,0.0,0.0,0.0,true,2220,0
1773231992000,64.1232272,-21.7899201666667,0.0,0.0,0.0,true,2221,0
1773231996000,64.1232272,-21.7899201666667,4.0,0.0,0.0,true,2222,0
1773232002000,64.1232272,-21.7899201666667,6.0,0.0,0.0,true,2223,0
1773232002000,64.1232272,-21.7899201666667,0.0,0.0,0.0,true,2224,0
1773232002000,64.1232272,-21.7899201666667,0.0,0.0,0.0,true,2225,0
1773232005000,64.1232272,-21.7899201666667,3.0,0.0,0.0,true,2226,0
1773232005000,64.1232272,-21.7899201666667,0.0,0.0,0.0,true,2227,0
1773232009000,64.1232272,-21.7899201666667,4.0,0.0,0.0,true,2228,0
1773232011000,64.1232272,-21.7899201666667,2.0,0.0,0.0,true,2229,0
1773232011000,64.1232272,-21.7899201666667,0.0,0.0,0.0,true,2230,0
1773232016000,64.1232272,-21.7899201666667,5.0,0.0,0.0,true,2231,0
1773232016000,64.1232272,-21.7899201666667,0.0,0.0,0.0,true,2232,0
1773232020000,64.1232272,-21.7899201666667,4.0,0.0,0.0,true,2233,0
1773232020000,64.1232272,-21.7899201666667,0.0,0.0,0.0,true,2234,0
1773232022000,64.1232272,-21.7899201666667,2.0,0.0,0.0,true,2235,0
1773232025000,64.1232272,-21.7899201666667,3.0,0.0,0.0,true,2236,0
1773232027000,64.1232272,-21.7899201666667,2.0,0.0,0.0,true,2237,0
1773232027000,64.1232272,-21.7899201666667,0.0,0.0,0.0,true,2238,0
1773232030000,64.1232272,-21.7899201666667,3.0,0.0,0.0,true,2239,0
1773232032000,64.1232272,-21.7899201666667,2.0,0.0,0.0,true,2240,0
1773232035000,64.1232272,-21.7899201666667,3.0,0.0,0.0,true,2241,0
1773232035000,64.1232272,-21.7899201666667,0.0,0.0,0.0,true,2242,0
1773232039000,64.1232272,-21.7899201666667,4.0,0.0,0.0,true,2243,0
1773232041000,64.1232272,-21.7899201666667,2.0,0.0,0.0,true,2244,0
1773232044000,64.1232272,-21.7899201666667,3.0,0.0,0.0,true,2245,0
1773232046000,64.1232272,-21.7899201666667,2.0,0.0,0.0,true,2246,0
1773232046000,64.1232272,-21.7899201666667,0.0,0.0,0.0,true,2247,0
1773232050000,64.12322775,-21.7899218333333,4.0,0.1,0.1,true,2248,0
1773232052000,64.12322775,-21.7899218333333,2.0,0.0,0.0,true,2249,0
1773232052000,64.12322775,-21.7899218333333,0.0,0.0,0.0,true,2250,0
1773232055000,64.12322775,-21.7899218333333,3.0,0.0,0.0,true,2251,0
1773232055000,64.12322775,-21.7899218333333,0.0,0.0,0.0,true,2252,0
1773232061000,64.12322775,-21.7899218333333,6.0,0.0,0.0,true,2253,0
1773232063000,64.12322775,-21.7899218333333,2.0,0.0,0.0,true,2254,0
1773232066000,64.12322775,-21.7899218333333,3.0,0.0,0.0,true,2255,0
1773232066000,64.12322775,-21.7899218333333,0.0,0.0,0.0,true,2256,0
1773232068000,64.12322775,-21.7899218333333,2.0,0.0,0.0,true,2257,0
1773232068000,64.12322775,-21.7899218333333,0.0,0.0,0.0,true,2258,0
1773232074000,64.12322775,-21.7899218333333,6.0,0.0,0.0,true,2259,0
1773232078000,64.12322775,-21.7899218333333,4.0,0.0,0.0,true,2260,0
1773232078000,64.12322775,-21.7899218333333,0.0,0.0,0.0,true,2261,0
1773232080000,64.12322775,-21.7899218333333,2.0,0.0,0.0,true,2262,0
1773232080000,64.12322775,-21.7899218333333,0.0,0.0,0.0,true,2263,0
1773232082000,64.12322775,-21.7899218333333,2.0,0.0,0.0,true,2264,0
1773232085000,64.12322775,-21.7899218333333,3.0,0.0,0.0,true,2265,0
1773232085000,64.12322775,-21.7899218333333,0.0,0.0,0.0,true,2266,0
1773232089000,64.12322775,-21.7899218333333,4.0,0.0,0.0,true,2267,0
1773232093000,64.12322775,-21.7899218333333,4.0,0.0,0.0,true,2268,0
1773232093000,64.12322775,-21.7899218333333,0.0,0.0,0.0,true,2269,0
1773232093000,64.12322775,-21.7899218333333,0.0,0.0,0.0,true,2270,0
1773232099000,64.12322775,-21.7899218333333,6.0,0.0,0.0,true,2271,0
1773232099000,64.12322775,-21.7899218333333,0.0,0.0,0.0,true,2272,0
1773232104000,64.12322775,-21.7899218333333,5.0,0.0,0.0,true,2273,0
1773232106000,64.12322775,-21.7899218333333,2.0,0.0,0.0,true,2274,0
1773232106000,64.12322775,-21.7899218333333,0.0,0.0,0.0,true,2275,0
1773232108000,64.12322775,-21.7899218333333,2.0,0.0,0.0,true,2276,0
1773232113000,64.12322775,-21.7899218333333,5.0,0.0,0.0,true,2277,0
1773232113000,64.12322775,-21.7899218333333,0.0,0.0,0.0,true,2278,0
1773232119000,64.12322775,-21.7899218333333,6.0,0.0,0.0,true,2279,0
1773232121000,64.12322775,-21.7899218333333,2.0,0.0,0.0,true,2280,0
1773232121000,64.12322775,-21.7899218333333,0.0,0.0,0.0,true,2281,0
1773232125000,64.12322775,-21.7899218333333,4.0,0.0,0.0,true,2282,0
1773232125000,64.12322775,-21.7899218333333,0.0,0.0,0.0,true,2283,0
1773232127000,64.12322775,-21.7899218333333,2.0,0.0,0.0,true,2284,0
1773232129000,64.12322775,-21.7899218333333,2.0,0.0,0.0,true,2285,0
1773232132000,64.12322775,-21.7899218333333,3.0,0.0,0.0,true,2286,0
1773232132000,64.12322775,-21.7899218333333,0.0,0.0,0.0,true,2287,0
1773232136000,64.12322775,-21.7899218333333,4.0,0.0,0.0,true,2288,0
1773232136000,64.12322775,-21.7899218333333,0.0,0.0,0.0,true,2289,0
1773232136000,64.12322775,-21.7899218333333,0.0,0.0,0.0,true,2290,0
1773232142000,64.12322775,-21.7899218333333,6.0,0.0,0.0,true,2291,0
1773232142000,64.12322775,-21.7899218333333,0.0,0.0,0.0,true,2292,0
1773232145000,64.12322775,-21.7899218333333,3.0,0.0,0.0,true,2293,0
1773232145000,64.12322775,-21.7899218333333,0.0,0.0,0.0,true,2294,0
1773232149000,64.12322775,-21.7899218333333,4.0,0.0,0.0,true,2295,0
1773232151000,64.12322775,-21.7899218333333,2.0,0.0,0.0,true,2296,0
1773232151000,64.12322775,-21.7899218333333,0.0,0.0,0.0,true,2297,0
1773232155000,64.12322775,-21.7899218333333,4.0,0.0,0.0,true,2298,0
1773232157000,64.12322775,-21.7899218333333,2.0,0.0,0.0,true,2299,0
1773232159000,64.12322775,-21.7899218333333,2.0,0.0,0.0,true,2300,0
1773232159000,64.12322775,-21.7899218333333,0.0,0.0,0.0,true,2301,0
1773232163000,64.12322775,-21.7899218333333,4.0,0.0,0.0,true,2302,0
1773232163000,64.12322775,-21.7899218333333,0.0,0.0,0.0,true,2303,0
1773232168000,64.12322775,-21.7899218333333,5.0,0.0,0.0,true,2304,0
1773232170000,64.12322775,-21.7899218333333,2.0,0.0,0.0,true,2305,0
1773232170000,64.12322775,-21.7899218333333,0.0,0.0,0.0,true,2306,0
1773232174000,64.1232290166667,-21.7899226666667,4.0,0.1,0.1,true,2307,0
1773232174000,64.1232290166667,-21.7899226666667,0.0,0.0,0.0,true,2308,0
1773232174000,64.1232290166667,-21.7899226666667,0.0,0.0,0.0,true,2309,0
1773232179000,64.1232290166667,-21.7899226666667,5.0,0.0,0.0,true,2310,0
1773232179000,64.1232290166667,-21.7899226666667,0.0,0.0,0.0,true,2311,0
1773232183000,64.1232290166667,-21.7899226666667,4.0,0.0,0.0,true,2312,0
1773232187000,64.1232290166667,-21.7899226666667,4.0,0.0,0.0,true,2313,0
1773232187000,64.1232290166667,-21.7899226666667,0.0,0.0,0.0,true,2314,0
1773232189000,64.1232290166667,-21.7899226666667,2.0,0.0,0.0,true,2315,0
1773232191000,64.1232290166667,-21.7899226666667,2.0,0.0,0.0,true,2316,0
1773232191000,64.1232290166667,-21.7899226666667,0.0,0.0,0.0,true,2317,0
1773232193000,64.1232290166667,-21.7899226666667,2.0,0.0,0.0,true,2318,0
1773232196000,64.1232290166667,-21.7899226666667,3.0,0.0,0.0,true,2319,0
1773232199000,64.1232290166667,-21.7899226666667,3.0,0.0,0.0,true,2320,0
1773232199000,64.1232290166667,-21.7899226666667,0.0,0.0,0.0,true,2321,0
1773232202000,64.1232290166667,-21.7899226666667,3.0,0.0,0.0,true,2322,0
1773232204000,64.1232290166667,-21.7899226666667,2.0,0.0,0.0,true,2323,0
1773232204000,64.1232290166667,-21.7899226666667,0.0,0.0,0.0,true,2324,0
1773232208000,64.1232290166667,-21.7899226666667,4.0,0.0,0.0,true,2325,0
1773232208000,64.1232290166667,-21.7899226666667,0.0,0.0,0.0,true,2326,0
1773232214000,64.1232290166667,-21.7899226666667,6.0,0.0,0.0,true,2327,0
1773232218000,64.1232290166667,-21.7899226666667,4.0,0.0,0.0,true,2328,0
1773232218000,64.1232290166667,-21.7899226666667,0.0,0.0,0.0,true,2329,0
1773232220000,64.1232290166667,-21.7899226666667,2.0,0.0,0.0,true,2330,0
1773232220000,64.1232290166667,-21.7899226666667,0.0,0.0,0.0,true,2331,0
1773232223000,64.1232290166667,-21.7899226666667,3.0,0.0,0.0,true,2332,0
1773232227000,64.1232290166667,-21.7899226666667,4.0,0.0,0.0,true,2333,0
1773232227000,64.1232290166667,-21.7899226666667,0.0,0.0,0.0,true,2334,0
1773232229000,64.1232290166667,-21.7899226666667,2.0,0.0,0.0,true,2335,0
1773232229000,64.1232290166667,-21.7899226666667,0.0,0.0,0.0,true,2336,0
1773232231000,64.1232290166667,-21.7899226666667,2.0,0.0,0.0,true,2337,0
1773232235000,64.1232290166667,-21.7899226666667,4.0,0.0,0.0,true,2338,0
1773232237000,64.1232290166667,-21.7899226666667,2.0,0.0,0.0,true,2339,0
1773232237000,64.1232290166667,-21.7899226666667,0.0,0.0,0.0,true,2340,0
1773232243000,64.1232290166667,-21.7899226666667,6.0,0.0,0.0,true,2341,0
1773232243000,64.1232290166667,-21.7899226666667,0.0,0.0,0.0,true,2342,0
1773232245000,64.1232290166667,-21.7899226666667,2.0,0.0,0.0,true,2343,0
1773232248000,64.1232290166667,-21.7899226666667,3.0,0.0,0.0,true,2344,0
1773232248000,64.1232290166667,-21.7899226666667,0.0,0.0,0.0,true,2345,0
1773232252000,64.1232290166667,-21.7899226666667,4.0,0.0,0.0,true,2346,0
1773232255000,64.1232290166667,-21.7899226666667,3.0,0.0,0.0,true,2347,0
1773232255000,64.1232290166667,-21.7899226666667,0.0,0.0,0.0,true,2348,0
1773232257000,64.1232290166667,-21.7899226666667,2.0,0.0,0.0,true,2349,0
1773232257000,64.1232290166667,-21.7899226666667,0.0,0.0,0.0,true,2350,0
1773232259000,64.1232290166667,-21.7899226666667,2.0,0.0,0.0,true,2351,0
1773232265000,64.1232290166667,-21.7899226666667,6.0,0.0,0.0,true,2352,0
1773232265000,64.1232290166667,-21.7899226666667,0.0,0.0,0.0,true,2353,0
1773232267000,64.1232290166667,-21.7899226666667,2.0,0.0,0.0,true,2354,0
1773232270000,64.1232290166667,-21.7899226666667,3.0,0.0,0.0,true,2355,0
1773232270000,64.1232290166667,-21.7899226666667,0.0,0.0,0.0,true,2356,0
1773232273000,64.1232290166667,-21.7899226666667,3.0,0.0,0.0,true,2357,0
1773232275000,64.1232290166667,-21.7899226666667,2.0,0.0,0.0,true,2358,0
1773232275000,64.1232290166667,-21.7899226666667,0.0,0.0,0.0,true,2359,0
1773232279000,64.1232290166667,-21.7899226666667,4.0,0.0,0.0,true,2360,0
1773232281000,64.1232290166667,-21.7899226666667,2.0,0.0,0.0,true,2361,0
1773232281000,64.1232290166667,-21.7899226666667,0.0,0.0,0.0,true,2362,0
1773232285000,64.1232290166667,-21.7899226666667,4.0,0.0,0.0,true,2363,0
1773232287000,64.1232290166667,-21.7899226666667,2.0,0.0,0.0,true,2364,0
1773232287000,64.1232290166667,-21.7899226666667,0.0,0.0,0.0,true,2365,0
1773232291000,64.1232290166667,-21.7899226666667,4.0,0.0,0.0,true,2366,0
1773232291000,64.1232290166667,-21.7899226666667,0.0,0.0,0.0,true,2367,0
1773232296000,64.1232296833333,-21.7899238333333,5.0,0.1,0.1,true,2368,0
1773232298000,64.1232296833333,-21.7899238333333,2.0,0.0,0.0,true,2369,0
1773232298000,64.1232296833333,-21.7899238333333,0.0,0.0,0.0,true,2370,0
1773232300000,64.1232296833333,-21.7899238333333,2.0,0.0,0.0,true,2371,0
1773232304000,64.1232296833333,-21.7899238333333,4.0,0.0,0.0,true,2372,0
1773232304000,64.1232296833333,-21.7899238333333,0.0,0.0,0.0,true,2373,0
1773232310000,64.1232296833333,-21.7899238333333,6.0,0.0,0.0,true,2374,0
1773232310000,64.1232296833333,-21.7899238333333,0.0,0.0,0.0,true,2375,0
1773232312000,64.1232296833333,-21.7899238333333,2.0,0.0,0.0,true,2376,0
1773232315000,64.1232296833333,-21.7899238333333,3.0,0.0,0.0,true,2377,0
1773232315000,64.1232296833333,-21.7899238333333,0.0,0.0,0.0,true,2378,0
1773232317000,64.1232296833333,-21.7899238333333,2.0,0.0,0.0,true,2379,0
1773232319000,64.1232296833333,-21.7899238333333,2.0,0.0,0.0,true,2380,0
1773232319000,64.1232296833333,-21.7899238333333,0.0,0.0,0.0,true,2381,0
1773232321000,64.1232296833333,-21.7899238333333,2.0,0.0,0.0,true,2382,0
1773232326000,64.1232296833333,-21.7899238333333,5.0,0.0,0.0,true,2383,0
1773232326000,64.1232296833333,-21.7899238333333,0.0,0.0,0.0,true,2384,0
1773232328000,64.1232296833333,-21.7899238333333,2.0,0.0,0.0,true,2385,0
1773232332000,64.1232296833333,-21.7899238333333,4.0,0.0,0.0,true,2386,0
1773232332000,64.1232296833333,-21.7899238333333,0.0,0.0,0.0,true,2387,0
1773232334000,64.1232296833333,-21.7899238333333,2.0,0.0,0.0,true,2388,0
1773232338000,64.1232296833333,-21.7899238333333,4.0,0.0,0.0,true,2389,0
1773232338000,64.1232296833333,-21.7899238333333,0.0,0.0,0.0,true,2390,0
1773232342000,64.1232296833333,-21.7899238333333,4.0,0.0,0.0,true,2391,0
1773232342000,64.1232296833333,-21.7899238333333,0.0,0.0,0.0,true,2392,0
1773232342000,64.1232296833333,-21.7899238333333,0.0,0.0,0.0,true,2393,0
1773232348000,64.1232296833333,-21.7899238333333,6.0,0.0,0.0,true,2394,0
1773232350000,64.1232296833333,-21.7899238333333,2.0,0.0,0.0,true,2395,0
1773232350000,64.1232296833333,-21.7899238333333,0.0,0.0,0.0,true,2396,0
1773232354000,64.1232296833333,-21.7899238333333,4.0,0.0,0.0,true,2397,0
1773232356000,64.1232296833333,-21.7899238333333,2.0,0.0,0.0,true,2398,0
1773232358000,64.1232296833333,-21.7899238333333,2.0,0.0,0.0,true,2399,0
1773232360000,64.1232296833333,-21.7899238333333,2.0,0.0,0.0,true,2400,0
1773232360000,64.1232296833333,-21.7899238333333,0.0,0.0,0.0,true,2401,0
1773232362000,64.1232296833333,-21.7899238333333,2.0,0.0,0.0,true,2402,0
1773232367000,64.1232296833333,-21.7899238333333,5.0,0.0,0.0,true,2403,0
1773232367000,64.1232296833333,-21.7899238333333,0.0,0.0,0.0,true,2404,0
1773232369000,64.1232296833333,-21.7899238333333,2.0,0.0,0.0,true,2405,0
1773232369000,64.1232296833333,-21.7899238333333,0.0,0.0,0.0,true,2406,0
1773232373000,64.1232296833333,-21.7899238333333,4.0,0.0,0.0,true,2407,0
1773232375000,64.1232296833333,-21.7899238333333,2.0,0.0,0.0,true,2408,0
1773232375000,64.1232296833333,-21.7899238333333,0.0,0.0,0.0,true,2409,0
1773232379000,64.1232296833333,-21.7899238333333,4.0,0.0,0.0,true,2410,0
1773232383000,64.1232296833333,-21.7899238333333,4.0,0.0,0.0,true,2411,0
1773232383000,64.1232296833333,-21.7899238333333,0.0,0.0,0.0,true,2412,0
1773232383000,64.1232296833333,-21.7899238333333,0.0,0.0,0.0,true,2413,0
1773232389000,64.1232296833333,-21.7899238333333,6.0,0.0,0.0,true,2414,0
1773232389000,64.1232296833333,-21.7899238333333,0.0,0.0,0.0,true,2415,0
1773232391000,64.1232296833333,-21.7899238333333,2.0,0.0,0.0,true,2416,0
1773232395000,64.1232296833333,-21.7899238333333,4.0,0.0,0.0,true,2417,0
1773232398000,64.1232296833333,-21.7899238333333,3.0,0.0,0.0,true,2418,0
1773232398000,64.1232296833333,-21.7899238333333,0.0,0.0,0.0,true,2419,0
1773232400000,64.1232296833333,-21.7899238333333,2.0,0.0,0.0,true,2420,0
1773232402000,64.1232296833333,-21.7899238333333,2.0,0.0,0.0,true,2421,0
1773232402000,64.1232296833333,-21.7899238333333,0.0,0.0,0.0,true,2422,0
1773232406000,64.1232296833333,-21.7899238333333,4.0,0.0,0.0,true,2423,0
1773232408000,64.1232296833333,-21.7899238333333,2.0,0.0,0.0,true,2424,0
1773232410000,64.1232296833333,-21.7899238333333,2.0,0.0,0.0,true,2425,0
1773232410000,64.1232296833333,-21.7899238333333,0.0,0.0,0.0,true,2426,0
1773232413000,64.1232296833333,-21.7899238333333,3.0,0.0,0.0,true,2427,0
1773232413000,64.1232296833333,-21.7899238333333,0.0,0.0,0.0,true,2428,0
1773232417000,64.1232307333333,-21.789925,4.0,0.1,0.1,true,2429,0
1773232419000,64.1232307333333,-21.789925,2.0,0.0,0.0,true,2430,0
1773232423000,64.1232307333333,-21.789925,4.0,0.0,0.0,true,2431,0
1773232423000,64.1232307333333,-21.789925,0.0,0.0,0.0,true,2432,0
1773232425000,64.1232307333333,-21.789925,2.0,0.0,0.0,true,2433,0
1773232427000,64.1232307333333,-21.789925,2.0,0.0,0.0,true,2434,0
1773232431000,64.1232307333333,-21.789925,4.0,0.0,0.0,true,2435,0
1773232431000,64.1232307333333,-21.789925,0.0,0.0,0.0,true,2436,0
1773232433000,64.1232307333333,-21.789925,2.0,0.0,0.0,true,2437,0
1773232433000,64.1232307333333,-21.789925,0.0,0.0,0.0,true,2438,0
1773232435000,64.1232307333333,-21.789925,2.0,0.0,0.0,true,2439,0
1773232440000,64.1232307333333,-21.789925,5.0,0.0,0.0,true,2440,0
1773232442000,64.1232307333333,-21.789925,2.0,0.0,0.0,true,2441,0
1773232446000,64.1232307333333,-21.789925,4.0,0.0,0.0,true,2442,0
1773232446000,64.1232307333333,-21.789925,0.0,0.0,0.0,true,2443,0
1773232446000,64.1232307333333,-21.789925,0.0,0.0,0.0,true,2444,0
1773232450000,64.1232307333333,-21.789925,4.0,0.0,0.0,true,2445,0
1773232452000,64.1232307333333,-21.789925,2.0,0.0,0.0,true,2446,0
1773232452000,64.1232307333333,-21.789925,0.0,0.0,0.0,true,2447,0
1773232454000,64.1232307333333,-21.789925,2.0,0.0,0.0,true,2448,0
1773232459000,64.1232307333333,-21.789925,5.0,0.0,0.0,true,2449,0
1773232459000,64.1232307333333,-21.789925,0.0,0.0,0.0,true,2450,0
1773232461000,64.1232307333333,-21.789925,2.0,0.0,0.0,true,2451,0
1773232465000,64.1232307333333,-21.789925,4.0,0.0,0.0,true,2452,0
1773232465000,64.1232307333333,-21.789925,0.0,0.0,0.0,true,2453,0
1773232467000,64.1232307333333,-21.789925,2.0,0.0,0.0,true,2454,0
1773232471000,64.1232307333333,-21.789925,4.0,0.0,0.0,true,2455,0
1773232471000,64.1232307333333,-21.789925,0.0,0.0,0.0,true,2456,0
1773232473000,64.1232307333333,-21.789925,2.0,0.0,0.0,true,2457,0
1773232473000,64.1232307333333,-21.789925,0.0,0.0,0.0,true,2458,0
1773232478000,64.1232307333333,-21.789925,5.0,0.0,0.0,true,2459,0
1773232478000,64.1232307333333,-21.789925,0.0,0.0,0.0,true,2460,0
1773232480000,64.1232307333333,-21.789925,2.0,0.0,0.0,true,2461,0
1773232484000,64.1232307333333,-21.789925,4.0,0.0,0.0,true,2462,0
1773232486000,64.1232307333333,-21.789925,2.0,0.0,0.0,true,2463,0
1773232486000,64.1232307333333,-21.789925,0.0,0.0,0.0,true,2464,0
1773232492000,64.1232307333333,-21.789925,6.0,0.0,0.0,true,2465,0
1773232492000,64.1232307333333,-21.789925,0.0,0.0,0.0,true,2466,0
1773232494000,64.1232307333333,-21.789925,2.0,0.0,0.0,true,2467,0
1773232494000,64.1232307333333,-21.789925,0.0,0.0,0.0,true,2468,0
1773232497000,64.1232307333333,-21.789925,3.0,0.0,0.0,true,2469,0
1773232501000,64.1232307333333,-21.789925,4.0,0.0,0.0,true,2470,0
1773232503000,64.1232307333333,-21.789925,2.0,0.0,0.0,true,2471,0
1773232503000,64.1232307333333,-21.789925,0.0,0.0,0.0,true,2472,0
1773232505000,64.1232307333333,-21.789925,2.0,0.0,0.0,true,2473,0
1773232509000,64.1232307333333,-21.789925,4.0,0.0,0.0,true,2474,0
1773232509000,64.1232307333333,-21.789925,0.0,0.0,0.0,true,2475,0
1773232511000,64.1232307333333,-21.789925,2.0,0.0,0.0,true,2476,0
1773232511000,64.1232307333333,-21.789925,0.0,0.0,0.0,true,2477,0
1773232515000,64.1232307333333,-21.789925,4.0,0.0,0.0,true,2478,0
1773232517000,64.1232307333333,-21.789925,2.0,0.0,0.0,true,2479,0
1773232519000,64.1232307333333,-21.789925,2.0,0.0,0.0,true,2480,0
1773232524000,64.1232307333333,-21.789925,5.0,0.0,0.0,true,2481,0
1773232524000,64.1232307333333,-21.789925,0.0,0.0,0.0,true,2482,0
1773232526000,64.1232307333333,-21.789925,2.0,0.0,0.0,true,2483,0
1773232529000,64.1232307333333,-21.789925,3.0,0.0,0.0,true,2484,0
1773232529000,64.1232307333333,-21.789925,0.0,0.0,0.0,true,2485,0
1773232531000,64.1232307333333,-21.789925,2.0,0.0,0.0,true,2486,0
1773232533000,64.1232307333333,-21.789925,2.0,0.0,0.0,true,2487,0
1773232533000,64.1232307333333,-21.789925,0.0,0.0,0.0,true,2488,0
1773232537000,64.1232307333333,-21.789925,4.0,0.0,0.0,true,2489,0
1773232539000,64.12323225,-21.7899265,2.0,0.2,0.3,true,2490,0
1773232543000,64.12323225,-21.7899265,4.0,0.0,0.0,true,2491,0
1773232543000,64.12323225,-21.7899265,0.0,0.0,0.0,true,2492,0
1773232545000,64.12323225,-21.7899265,2.0,0.0,0.0,true,2493,0
1773232545000,64.12323225,-21.7899265,0.0,0.0,0.0,true,2494,0
1773232550000,64.12323225,-21.7899265,5.0,0.0,0.0,true,2495,0
1773232554000,64.12323225,-21.7899265,4.0,0.0,0.0,true,2496,0
1773232554000,64.12323225,-21.7899265,0.0,0.0,0.0,true,2497,0
1773232556000,64.12323225,-21.7899265,2.0,0.0,0.0,true,2498,0
1773232558000,64.12323225,-21.7899265,2.0,0.0,0.0,true,2499,0
1773232558000,64.12323225,-21.7899265,0.0,0.0,0.0,true,2500,0
1773232562000,64.12323225,-21.7899265,4.0,0.0,0.0,true,2501,0
1773232562000,64.12323225,-21.7899265,0.0,0.0,0.0,true,2502,0
1773232564000,64.12323225,-21.7899265,2.0,0.0,0.0,true,2503,0
1773232568000,64.12323225,-21.7899265,4.0,0.0,0.0,true,2504,0
1773232568000,64.12323225,-21.7899265,0.0,0.0,0.0,true,2505,0
1773232573000,64.12323225,-21.7899265,5.0,0.0,0.0,true,2506,0
1773232575000,64.12323225,-21.7899265,2.0,0.0,0.0,true,2507,0
1773232575000,64.12323225,-21.7899265,0.0,0.0,0.0,true,2508,0
1773232579000,64.12323225,-21.7899265,4.0,0.0,0.0,true,2509,0
1773232581000,64.12323225,-21.7899265,2.0,0.0,0.0,true,2510,0
1773232581000,64.12323225,-21.7899265,0.0,0.0,0.0,true,2511,0
1773232583000,64.12323225,-21.7899265,2.0,0.0,0.0,true,2512,0
1773232583000,64.12323225,-21.7899265,0.0,0.0,0.0,true,2513,0
1773232587000,64.12323225,-21.7899265,4.0,0.0,0.0,true,2514,0
1773232591000,64.12323225,-21.7899265,4.0,0.0,0.0,true,2515,0
1773232591000,64.12323225,-21.7899265,0.0,0.0,0.0,true,2516,0
1773232595000,64.12323225,-21.7899265,4.0,0.0,0.0,true,2517,0
1773232595000,64.12323225,-21.7899265,0.0,0.0,0.0,true,2518,0
1773232598000,64.12323225,-21.7899265,3.0,0.0,0.0,true,2519,0
1773232600000,64.12323225,-21.7899265,2.0,0.0,0.0,true,2520,0
1773232602000,64.12323225,-21.7899265,2.0,0.0,0.0,true,2521,0
1773232602000,64.12323225,-21.7899265,0.0,0.0,0.0,true,2522,0
1773232606000,64.12323225,-21.7899265,4.0,0.0,0.0,true,2523,0
1773232608000,64.12323225,-21.7899265,2.0,0.0,0.0,true,2524,0
1773232608000,64.12323225,-21.7899265,0.0,0.0,0.0,true,2525,0
1773232615000,64.12323225,-21.7899265,7.0,0.0,0.0,true,2526,0
1773232615000,64.12323225,-21.7899265,0.0,0.0,0.0,true,2527,0
1773232615000,64.12323225,-21.7899265,0.0,0.0,0.0,true,2528,0
1773232617000,64.12323225,-21.7899265,2.0,0.0,0.0,true,2529,0
1773232621000,64.12323225,-21.7899265,4.0,0.0,0.0,true,2530,0
1773232621000,64.12323225,-21.7899265,0.0,0.0,0.0,true,2531,0
1773232621000,64.12323225,-21.7899265,0.0,0.0,0.0,true,2532,0
1773232625000,64.12323225,-21.7899265,4.0,0.0,0.0,true,2533,0
1773232627000,64.12323225,-21.7899265,2.0,0.0,0.0,true,2534,0
1773232631000,64.12323225,-21.7899265,4.0,0.0,0.0,true,2535,0
1773232633000,64.12323225,-21.7899265,2.0,0.0,0.0,true,2536,0
1773232633000,64.12323225,-21.7899265,0.0,0.0,0.0,true,2537,0
1773232635000,64.12323225,-21.7899265,2.0,0.0,0.0,true,2538,0
1773232635000,64.12323225,-21.7899265,0.0,0.0,0.0,true,2539,0
1773232640000,64.12323225,-21.7899265,5.0,0.0,0.0,true,2540,0
1773232642000,64.12323225,-21.7899265,2.0,0.0,0.0,true,2541,0
1773232642000,64.12323225,-21.7899265,0.0,0.0,0.0,true,2542,0
1773232646000,64.12323225,-21.7899265,4.0,0.0,0.0,true,2543,0
1773232650000,64.12323225,-21.7899265,4.0,0.0,0.0,true,2544,0
1773232650000,64.12323225,-21.7899265,0.0,0.0,0.0,true,2545,0
1773232650000,64.12323225,-21.7899265,0.0,0.0,0.0,true,2546,0
1773232655000,64.12323225,-21.7899265,5.0,0.0,0.0,true,2547,0
1773232655000,64.12323225,-21.7899265,0.0,0.0,0.0,true,2548,0
1773232657000,64.12323225,-21.7899265,2.0,0.0,0.0,true,2549,0
1773232657000,64.12323225,-21.7899265,0.0,0.0,0.0,true,2550,0
1773232661000,64.1232335,-21.7899261666667,4.0,0.1,0.1,true,2551,0
1773232667000,64.1232335,-21.7899261666667,6.0,0.0,0.0,true,2552,0
1773232667000,64.1232335,-21.7899261666667,0.0,0.0,0.0,true,2553,0
1773232669000,64.1232335,-21.7899261666667,2.0,0.0,0.0,true,2554,0
1773232669000,64.1232335,-21.7899261666667,0.0,0.0,0.0,true,2555,0
1773232674000,64.1232335,-21.7899261666667,5.0,0.0,0.0,true,2556,0
1773232674000,64.1232335,-21.7899261666667,0.0,0.0,0.0,true,2557,0
1773232676000,64.1232335,-21.7899261666667,2.0,0.0,0.0,true,2558,0
1773232676000,64.1232335,-21.7899261666667,0.0,0.0,0.0,true,2559,0
1773232680000,64.1232335,-21.7899261666667,4.0,0.0,0.0,true,2560,0
1773232680000,64.1232335,-21.7899261666667,0.0,0.0,0.0,true,2561,0
1773232682000,64.1232335,-21.7899261666667,2.0,0.0,0.0,true,2562,0
1773232685000,64.1232335,-21.7899261666667,3.0,0.0,0.0,true,2563,0
1773232685000,64.1232335,-21.7899261666667,0.0,0.0,0.0,true,2564,0
1773232691000,64.1232335,-21.7899261666667,6.0,0.0,0.0,true,2565,0
1773232694000,64.1232335,-21.7899261666667,3.0,0.0,0.0,true,2566,0
1773232694000,64.1232335,-21.7899261666667,0.0,0.0,0.0,true,2567,0
1773232694000,64.1232335,-21.7899261666667,0.0,0.0,0.0,true,2568,0
1773232700000,64.1232335,-21.7899261666667,6.0,0.0,0.0,true,2569,0
1773232702000,64.1232335,-21.7899261666667,2.0,0.0,0.0,true,2570,0
1773232702000,64.1232335,-21.7899261666667,0.0,0.0,0.0,true,2571,0
1773232704000,64.1232335,-21.7899261666667,2.0,0.0,0.0,true,2572,0
1773232704000,64.1232335,-21.7899261666667,0.0,0.0,0.0,true,2573,0
1773232708000,64.1232335,-21.7899261666667,4.0,0.0,0.0,true,2574,0
1773232710000,64.1232335,-21.7899261666667,2.0,0.0,0.0,true,2575,0
1773232710000,64.1232335,-21.7899261666667,0.0,0.0,0.0,true,2576,0
1773232712000,64.1232335,-21.7899261666667,2.0,0.0,0.0,true,2577,0
1773232715000,64.1232335,-21.7899261666667,3.0,0.0,0.0,true,2578,0
1773232717000,64.1232335,-21.7899261666667,2.0,0.0,0.0,true,2579,0
1773232722000,64.1232335,-21.7899261666667,5.0,0.0,0.0,true,2580,0
1773232722000,64.1232335,-21.7899261666667,0.0,0.0,0.0,true,2581,0
1773232724000,64.1232335,-21.7899261666667,2.0,0.0,0.0,true,2582,0
1773232728000,64.1232335,-21.7899261666667,4.0,0.0,0.0,true,2583,0
1773232730000,64.1232335,-21.7899261666667,2.0,0.0,0.0,true,2584,0
1773232730000,64.1232335,-21.7899261666667,0.0,0.0,0.0,true,2585,0
1773232730000,64.1232335,-21.7899261666667,0.0,0.0,0.0,true,2586,0
1773232735000,64.1232335,-21.7899261666667,5.0,0.0,0.0,true,2587,0
1773232735000,64.1232335,-21.7899261666667,0.0,0.0,0.0,true,2588,0
1773232739000,64.1232335,-21.7899261666667,4.0,0.0,0.0,true,2589,0
1773232739000,64.1232335,-21.7899261666667,0.0,0.0,0.0,true,2590,0
1773232743000,64.1232335,-21.7899261666667,4.0,0.0,0.0,true,2591,0
1773232743000,64.1232335,-21.7899261666667,0.0,0.0,0.0,true,2592,0
1773232745000,64.1232335,-21.7899261666667,2.0,0.0,0.0,true,2593,0
1773232749000,64.1232335,-21.7899261666667,4.0,0.0,0.0,true,2594,0
1773232749000,64.1232335,-21.7899261666667,0.0,0.0,0.0,true,2595,0
1773232751000,64.1232335,-21.7899261666667,2.0,0.0,0.0,true,2596,0
1773232753000,64.1232335,-21.7899261666667,2.0,0.0,0.0,true,2597,0
1773232760000,64.1232335,-21.7899261666667,7.0,0.0,0.0,true,2598,0
1773232760000,64.1232335,-21.7899261666667,0.0,0.0,0.0,true,2599,0
1773232766000,64.1232335,-21.7899261666667,6.0,0.0,0.0,true,2600,0
1773232766000,64.1232335,-21.7899261666667,0.0,0.0,0.0,true,2601,0
1773232768000,64.1232335,-21.7899261666667,2.0,0.0,0.0,true,2602,0
1773232770000,64.1232335,-21.7899261666667,2.0,0.0,0.0,true,2603,0
1773232770000,64.1232335,-21.7899261666667,0.0,0.0,0.0,true,2604,0
1773232772000,64.1232335,-21.7899261666667,2.0,0.0,0.0,true,2605,0
1773232777000,64.1232335,-21.7899261666667,5.0,0.0,0.0,true,2606,0
1773232777000,64.1232335,-21.7899261666667,0.0,0.0,0.0,true,2607,0
1773232779000,64.1232335,-21.7899261666667,2.0,0.0,0.0,true,2608,0
1773232781000,64.1232349333333,-21.7899253333333,2.0,0.2,0.3,true,2609,0
1773232781000,64.1232349333333,-21.7899253333333,0.0,0.0,0.0,true,2610,0
1773232785000,64.1232349333333,-21.7899253333333,4.0,0.0,0.0,true,2611,0
1773232787000,64.1232349333333,-21.7899253333333,2.0,0.0,0.0,true,2612,0
1773232791000,64.1232349333333,-21.7899253333333,4.0,0.0,0.0,true,2613,0
1773232793000,64.1232349333333,-21.7899253333333,2.0,0.0,0.0,true,2614,0
1773232793000,64.1232349333333,-21.7899253333333,0.0,0.0,0.0,true,2615,0
1773232796000,64.1232349333333,-21.7899253333333,3.0,0.0,0.0,true,2616,0
1773232798000,64.1232349333333,-21.7899253333333,2.0,0.0,0.0,true,2617,0
1773232798000,64.1232349333333,-21.7899253333333,0.0,0.0,0.0,true,2618,0
1773232802000,64.1232349333333,-21.7899253333333,4.0,0.0,0.0,true,2619,0
1773232804000,64.1232349333333,-21.7899253333333,2.0,0.0,0.0,true,2620,0
1773232804000,64.1232349333333,-21.7899253333333,0.0,0.0,0.0,true,2621,0
1773232808000,64.1232349333333,-21.7899253333333,4.0,0.0,0.0,true,2622,0
1773232810000,64.1232349333333,-21.7899253333333,2.0,0.0,0.0,true,2623,0
1773232810000,64.1232349333333,-21.7899253333333,0.0,0.0,0.0,true,2624,0
1773232814000,64.1232349333333,-21.7899253333333,4.0,0.0,0.0,true,2625,0
1773232816000,64.1232349333333,-21.7899253333333,2.0,0.0,0.0,true,2626,0
1773232816000,64.1232349333333,-21.7899253333333,0.0,0.0,0.0,true,2627,0
1773232818000,64.1232349333333,-21.7899253333333,2.0,0.0,0.0,true,2628,0
1773232822000,64.1232349333333,-21.7899253333333,4.0,0.0,0.0,true,2629,0
1773232822000,64.1232349333333,-21.7899253333333,0.0,0.0,0.0,true,2630,0
1773232827000,64.1232349333333,-21.7899253333333,5.0,0.0,0.0,true,2631,0
1773232827000,64.1232349333333,-21.7899253333333,0.0,0.0,0.0,true,2632,0
1773232827000,64.1232349333333,-21.7899253333333,0.0,0.0,0.0,true,2633,0
1773232833000,64.1232349333333,-21.7899253333333,6.0,0.0,0.0,true,2634,0
1773232833000,64.1232349333333,-21.7899253333333,0.0,0.0,0.0,true,2635,0
1773232835000,64.1232349333333,-21.7899253333333,2.0,0.0,0.0,true,2636,0
1773232837000,64.1232349333333,-21.7899253333333,2.0,0.0,0.0,true,2637,0
1773232837000,64.1232349333333,-21.7899253333333,0.0,0.0,0.0,true,2638,0
1773232840000,64.1232349333333,-21.7899253333333,3.0,0.0,0.0,true,2639,0
1773232846000,64.1232349333333,-21.7899253333333,6.0,0.0,0.0,true,2640,0
1773232846000,64.1232349333333,-21.7899253333333,0.0,0.0,0.0,true,2641,0
1773232848000,64.1232349333333,-21.7899253333333,2.0,0.0,0.0,true,2642,0
1773232848000,64.1232349333333,-21.7899253333333,0.0,0.0,0.0,true,2643,0
1773232852000,64.1232349333333,-21.7899253333333,4.0,0.0,0.0,true,2644,0
1773232852000,64.1232349333333,-21.7899253333333,0.0,0.0,0.0,true,2645,0
1773232852000,64.1232349333333,-21.7899253333333,0.0,0.0,0.0,true,2646,0
1773232857000,64.1232349333333,-21.7899253333333,5.0,0.0,0.0,true,2647,0
1773232862000,64.1232349333333,-21.7899253333333,5.0,0.0,0.0,true,2648,0
1773232862000,64.1232349333333,-21.7899253333333,0.0,0.0,0.0,true,2649,0
1773232864000,64.1232349333333,-21.7899253333333,2.0,0.0,0.0,true,2650,0
1773232868000,64.1232349333333,-21.7899253333333,4.0,0.0,0.0,true,2651,0
1773232868000,64.1232349333333,-21.7899253333333,0.0,0.0,0.0,true,2652,0
1773232870000,64.1232349333333,-21.7899253333333,2.0,0.0,0.0,true,2653,0
1773232874000,64.1232349333333,-21.7899253333333,4.0,0.0,0.0,true,2654,0
1773232874000,64.1232349333333,-21.7899253333333,0.0,0.0,0.0,true,2655,0
1773232876000,64.1232349333333,-21.7899253333333,2.0,0.0,0.0,true,2656,0
1773232878000,64.1232349333333,-21.7899253333333,2.0,0.0,0.0,true,2657,0
1773232878000,64.1232349333333,-21.7899253333333,0.0,0.0,0.0,true,2658,0
1773232881000,64.1232349333333,-21.7899253333333,3.0,0.0,0.0,true,2659,0
1773232885000,64.1232349333333,-21.7899253333333,4.0,0.0,0.0,true,2660,0
1773232887000,64.1232349333333,-21.7899253333333,2.0,0.0,0.0,true,2661,0
1773232889000,64.1232349333333,-21.7899253333333,2.0,0.0,0.0,true,2662,0
1773232889000,64.1232349333333,-21.7899253333333,0.0,0.0,0.0,true,2663,0
1773232891000,64.1232349333333,-21.7899253333333,2.0,0.0,0.0,true,2664,0
1773232893000,64.1232349333333,-21.7899253333333,2.0,0.0,0.0,true,2665,0
1773232893000,64.1232349333333,-21.7899253333333,0.0,0.0,0.0,true,2666,0
1773232898000,64.1232349333333,-21.7899253333333,5.0,0.0,0.0,true,2667,0
1773232898000,64.1232349333333,-21.7899253333333,0.0,0.0,0.0,true,2668,0
1773232900000,64.1232349333333,-21.7899253333333,2.0,0.0,0.0,true,2669,0
1773232902000,64.1232349333333,-21.7899253333333,2.0,0.0,0.0,true,2670,0
1773232906000,64.1232355833333,-21.7899251666667,4.0,0.1,0.1,true,2671,0
1773232910000,64.1232355833333,-21.7899251666667,4.0,0.0,0.0,true,2672,0
1773232912000,64.1232355833333,-21.7899251666667,2.0,0.0,0.0,true,2673,0
1773232912000,64.1232355833333,-21.7899251666667,0.0,0.0,0.0,true,2674,0
1773232914000,64.1232355833333,-21.7899251666667,2.0,0.0,0.0,true,2675,0
1773232917000,64.1232355833333,-21.7899251666667,3.0,0.0,0.0,true,2676,0
1773232917000,64.1232355833333,-21.7899251666667,0.0,0.0,0.0,true,2677,0
1773232919000,64.1232355833333,-21.7899251666667,2.0,0.0,0.0,true,2678,0
1773232921000,64.1232355833333,-21.7899251666667,2.0,0.0,0.0,true,2679,0
1773232921000,64.1232355833333,-21.7899251666667,0.0,0.0,0.0,true,2680,0
1773232925000,64.1232355833333,-21.7899251666667,4.0,0.0,0.0,true,2681,0
1773232927000,64.1232355833333,-21.7899251666667,2.0,0.0,0.0,true,2682,0
1773232927000,64.1232355833333,-21.7899251666667,0.0,0.0,0.0,true,2683,0
1773232931000,64.1232355833333,-21.7899251666667,4.0,0.0,0.0,true,2684,0
1773232936000,64.1232355833333,-21.7899251666667,5.0,0.0,0.0,true,2685,0
1773232936000,64.1232355833333,-21.7899251666667,0.0,0.0,0.0,true,2686,0
1773232940000,64.1232355833333,-21.7899251666667,4.0,0.0,0.0,true,2687,0
1773232942000,64.1232355833333,-21.7899251666667,2.0,0.0,0.0,true,2688,0
1773232942000,64.1232355833333,-21.7899251666667,0.0,0.0,0.0,true,2689,0
1773232944000,64.1232355833333,-21.7899251666667,2.0,0.0,0.0,true,2690,0
1773232944000,64.1232355833333,-21.7899251666667,0.0,0.0,0.0,true,2691,0
1773232946000,64.1232355833333,-21.7899251666667,2.0,0.0,0.0,true,2692,0
1773232949000,64.1232355833333,-21.7899251666667,3.0,0.0,0.0,true,2693,0
1773232949000,64.1232355833333,-21.7899251666667,0.0,0.0,0.0,true,2694,0
1773232955000,64.1232355833333,-21.7899251666667,6.0,0.0,0.0,true,2695,0
1773232957000,64.1232355833333,-21.7899251666667,2.0,0.0,0.0,true,2696,0
1773232957000,64.1232355833333,-21.7899251666667,0.0,0.0,0.0,true,2697,0
1773232961000,64.1232355833333,-21.7899251666667,4.0,0.0,0.0,true,2698,0
1773232963000,64.1232355833333,-21.7899251666667,2.0,0.0,0.0,true,2699,0
1773232963000,64.1232355833333,-21.7899251666667,0.0,0.0,0.0,true,2700,0
1773232967000,64.1232355833333,-21.7899251666667,4.0,0.0,0.0,true,2701,0
1773232967000,64.1232355833333,-21.7899251666667,0.0,0.0,0.0,true,2702,0
1773232969000,64.1232355833333,-21.7899251666667,2.0,0.0,0.0,true,2703,0
1773232972000,64.1232355833333,-21.7899251666667,3.0,0.0,0.0,true,2704,0
1773232972000,64.1232355833333,-21.7899251666667,0.0,0.0,0.0,true,2705,0
1773232974000,64.1232355833333,-21.7899251666667,2.0,0.0,0.0,true,2706,0
1773232980000,64.1232355833333,-21.7899251666667,6.0,0.0,0.0,true,2707,0
1773232980000,64.1232355833333,-21.7899251666667,0.0,0.0,0.0,true,2708,0
1773232982000,64.1232355833333,-21.7899251666667,2.0,0.0,0.0,true,2709,0
1773232986000,64.1232355833333,-21.7899251666667,4.0,0.0,0.0,true,2710,0
1773232986000,64.1232355833333,-21.7899251666667,0.0,0.0,0.0,true,2711,0
1773232988000,64.1232355833333,-21.7899251666667,2.0,0.0,0.0,true,2712,0
1773232991000,64.1232355833333,-21.7899251666667,3.0,0.0,0.0,true,2713,0
1773232991000,64.1232355833333,-21.7899251666667,0.0,0.0,0.0,true,2714,0
1773232995000,64.1232355833333,-21.7899251666667,4.0,0.0,0.0,true,2715,0
1773232997000,64.1232355833333,-21.7899251666667,2.0,0.0,0.0,true,2716,0
1773232997000,64.1232355833333,-21.7899251666667,0.0,0.0,0.0,true,2717,0
1773232999000,64.1232355833333,-21.7899251666667,2.0,0.0,0.0,true,2718,0
1773233001000,64.1232355833333,-21.7899251666667,2.0,0.0,0.0,true,2719,0
1773233003000,64.1232355833333,-21.7899251666667,2.0,0.0,0.0,true,2720,0
1773233003000,64.1232355833333,-21.7899251666667,0.0,0.0,0.0,true,2721,0
1773233008000,64.1232355833333,-21.7899251666667,5.0,0.0,0.0,true,2722,0
1773233010000,64.1232355833333,-21.7899251666667,2.0,0.0,0.0,true,2723,0
1773233012000,64.1232355833333,-21.7899251666667,2.0,0.0,0.0,true,2724,0
1773233012000,64.1232355833333,-21.7899251666667,0.0,0.0,0.0,true,2725,0
1773233016000,64.1232355833333,-21.7899251666667,4.0,0.0,0.0,true,2726,0
1773233016000,64.1232355833333,-21.7899251666667,0.0,0.0,0.0,true,2727,0
1773233020000,64.1232355833333,-21.7899251666667,4.0,0.0,0.0,true,2728,0
1773233022000,64.1232355833333,-21.7899251666667,2.0,0.0,0.0,true,2729,0
1773233022000,64.1232355833333,-21.7899251666667,0.0,0.0,0.0,true,2730,0
1773233027000,64.12323615,-21.7899245,5.0,0.1,0.1,true,2731,0
1773233029000,64.12323615,-21.7899245,2.0,0.0,0.0,true,2732,0
1773233029000,64.12323615,-21.7899245,0.0,0.0,0.0,true,2733,0
1773233031000,64.12323615,-21.7899245,2.0,0.0,0.0,true,2734,0
1773233035000,64.12323615,-21.7899245,4.0,0.0,0.0,true,2735,0
1773233037000,64.12323615,-21.7899245,2.0,0.0,0.0,true,2736,0
1773233037000,64.12323615,-21.7899245,0.0,0.0,0.0,true,2737,0
1773233037000,64.12323615,-21.7899245,0.0,0.0,0.0,true,2738,0
1773233041000,64.12323615,-21.7899245,4.0,0.0,0.0,true,2739,0
1773233043000,64.12323615,-21.7899245,2.0,0.0,0.0,true,2740,0
1773233043000,64.12323615,-21.7899245,0.0,0.0,0.0,true,2741,0
1773233046000,64.12323615,-21.7899245,3.0,0.0,0.0,true,2742,0
1773233052000,64.12323615,-21.7899245,6.0,0.0,0.0,true,2743,0
1773233052000,64.12323615,-21.7899245,0.0,0.0,0.0,true,2744,0
1773233054000,64.12323615,-21.7899245,2.0,0.0,0.0,true,2745,0
1773233056000,64.12323615,-21.7899245,2.0,0.0,0.0,true,2746,0
1773233056000,64.12323615,-21.7899245,0.0,0.0,0.0,true,2747,0
1773233060000,64.12323615,-21.7899245,4.0,0.0,0.0,true,2748,0
1773233062000,64.12323615,-21.7899245,2.0,0.0,0.0,true,2749,0
1773233064000,64.12323615,-21.7899245,2.0,0.0,0.0,true,2750,0
1773233064000,64.12323615,-21.7899245,0.0,0.0,0.0,true,2751,0
1773233064000,64.12323615,-21.7899245,0.0,0.0,0.0,true,2752,0
1773233067000,64.12323615,-21.7899245,3.0,0.0,0.0,true,2753,0
1773233071000,64.12323615,-21.7899245,4.0,0.0,0.0,true,2754,0
1773233074000,64.12323615,-21.7899245,3.0,0.0,0.0,true,2755,0
1773233077000,64.12323615,-21.7899245,3.0,0.0,0.0,true,2756,0
1773233077000,64.12323615,-21.7899245,0.0,0.0,0.0,true,2757,0
1773233079000,64.12323615,-21.7899245,2.0,0.0,0.0,true,2758,0
1773233079000,64.12323615,-21.7899245,0.0,0.0,0.0,true,2759,0
1773233084000,64.12323615,-21.7899245,5.0,0.0,0.0,true,2760,0
1773233084000,64.12323615,-21.7899245,0.0,0.0,0.0,true,2761,0
1773233086000,64.12323615,-21.7899245,2.0,0.0,0.0,true,2762,0
1773233090000,64.12323615,-21.7899245,4.0,0.0,0.0,true,2763,0
1773233090000,64.12323615,-21.7899245,0.0,0.0,0.0,true,2764,0
1773233094000,64.12323615,-21.7899245,4.0,0.0,0.0,true,2765,0
1773233094000,64.12323615,-21.7899245,0.0,0.0,0.0,true,2766,0
1773233097000,64.12323615,-21.7899245,3.0,0.0,0.0,true,2767,0
1773233097000,64.12323615,-21.7899245,0.0,0.0,0.0,true,2768,0
1773233099000,64.12323615,-21.7899245,2.0,0.0,0.0,true,2769,0
1773233104000,64.12323615,-21.7899245,5.0,0.0,0.0,true,2770,0
1773233106000,64.12323615,-21.7899245,2.0,0.0,0.0,true,2771,0
1773233110000,64.12323615,-21.7899245,4.0,0.0,0.0,true,2772,0
1773233112000,64.12323615,-21.7899245,2.0,0.0,0.0,true,2773,0
1773233112000,64.12323615,-21.7899245,0.0,0.0,0.0,true,2774,0
1773233116000,64.12323615,-21.7899245,4.0,0.0,0.0,true,2775,0
1773233118000,64.12323615,-21.7899245,2.0,0.0,0.0,true,2776,0
1773233118000,64.12323615,-21.7899245,0.0,0.0,0.0,true,2777,0
1773233120000,64.12323615,-21.7899245,2.0,0.0,0.0,true,2778,0
1773233123000,64.12323615,-21.7899245,3.0,0.0,0.0,true,2779,0
1773233123000,64.12323615,-21.7899245,0.0,0.0,0.0,true,2780,0
1773233125000,64.12323615,-21.7899245,2.0,0.0,0.0,true,2781,0
1773233125000,64.12323615,-21.7899245,0.0,0.0,0.0,true,2782,0
1773233129000,64.12323615,-21.7899245,4.0,0.0,0.0,true,2783,0
1773233133000,64.12323615,-21.7899245,4.0,0.0,0.0,true,2784,0
1773233133000,64.12323615,-21.7899245,0.0,0.0,0.0,true,2785,0
1773233135000,64.12323615,-21.7899245,2.0,0.0,0.0,true,2786,0
1773233137000,64.12323615,-21.7899245,2.0,0.0,0.0,true,2787,0
1773233139000,64.12323615,-21.7899245,2.0,0.0,0.0,true,2788,0
1773233139000,64.12323615,-21.7899245,0.0,0.0,0.0,true,2789,0
1773233146000,64.1232367666667,-21.7899236666667,7.0,0.1,0.0,true,2790,0
1773233146000,64.1232367666667,-21.7899236666667,0.0,0.0,0.0,true,2791,0
1773233148000,64.1232367666667,-21.7899236666667,2.0,0.0,0.0,true,2792,0
1773233150000,64.1232367666667,-21.7899236666667,2.0,0.0,0.0,true,2793,0
1773233150000,64.1232367666667,-21.7899236666667,0.0,0.0,0.0,true,2794,0
1773233154000,64.1232367666667,-21.7899236666667,4.0,0.0,0.0,true,2795,0
1773233156000,64.1232367666667,-21.7899236666667,2.0,0.0,0.0,true,2796,0
1773233160000,64.1232367666667,-21.7899236666667,4.0,0.0,0.0,true,2797,0
1773233162000,64.1232367666667,-21.7899236666667,2.0,0.0,0.0,true,2798,0
1773233164000,64.1232367666667,-21.7899236666667,2.0,0.0,0.0,true,2799,0
1773233164000,64.1232367666667,-21.7899236666667,0.0,0.0,0.0,true,2800,0
1773233169000,64.1232367666667,-21.7899236666667,5.0,0.0,0.0,true,2801,0
1773233171000,64.1232367666667,-21.7899236666667,2.0,0.0,0.0,true,2802,0
1773233173000,64.1232367666667,-21.7899236666667,2.0,0.0,0.0,true,2803,0
1773233175000,64.1232367666667,-21.7899236666667,2.0,0.0,0.0,true,2804,0
1773233175000,64.1232367666667,-21.7899236666667,0.0,0.0,0.0,true,2805,0
1773233175000,64.1232367666667,-21.7899236666667,0.0,0.0,0.0,true,2806,0
1773233181000,64.1232367666667,-21.7899236666667,6.0,0.0,0.0,true,2807,0
1773233181000,64.1232367666667,-21.7899236666667,0.0,0.0,0.0,true,2808,0
1773233184000,64.1232367666667,-21.7899236666667,3.0,0.0,0.0,true,2809,0
1773233186000,64.1232367666667,-21.7899236666667,2.0,0.0,0.0,true,2810,0
1773233186000,64.1232367666667,-21.7899236666667,0.0,0.0,0.0,true,2811,0
1773233190000,64.1232367666667,-21.7899236666667,4.0,0.0,0.0,true,2812,0
1773233193000,64.1232367666667,-21.7899236666667,3.0,0.0,0.0,true,2813,0
1773233193000,64.1232367666667,-21.7899236666667,0.0,0.0,0.0,true,2814,0
1773233195000,64.1232367666667,-21.7899236666667,2.0,0.0,0.0,true,2815,0
1773233199000,64.1232367666667,-21.7899236666667,4.0,0.0,0.0,true,2816,0
1773233199000,64.1232367666667,-21.7899236666667,0.0,0.0,0.0,true,2817,0
1773233203000,64.1232367666667,-21.7899236666667,4.0,0.0,0.0,true,2818,0
1773233207000,64.1232367666667,-21.7899236666667,4.0,0.0,0.0,true,2819,0
1773233207000,64.1232367666667,-21.7899236666667,0.0,0.0,0.0,true,2820,0
1773233209000,64.1232367666667,-21.7899236666667,2.0,0.0,0.0,true,2821,0
1773233211000,64.1232367666667,-21.7899236666667,2.0,0.0,0.0,true,2822,0
1773233211000,64.1232367666667,-21.7899236666667,0.0,0.0,0.0,true,2823,0
1773233216000,64.1232367666667,-21.7899236666667,5.0,0.0,0.0,true,2824,0
1773233221000,64.1232367666667,-21.7899236666667,5.0,0.0,0.0,true,2825,0
1773233221000,64.1232367666667,-21.7899236666667,0.0,0.0,0.0,true,2826,0
1773233223000,64.1232367666667,-21.7899236666667,2.0,0.0,0.0,true,2827,0
1773233225000,64.1232367666667,-21.7899236666667,2.0,0.0,0.0,true,2828,0
1773233225000,64.1232367666667,-21.7899236666667,0.0,0.0,0.0,true,2829,0
1773233229000,64.1232367666667,-21.7899236666667,4.0,0.0,0.0,true,2830,0
1773233231000,64.1232367666667,-21.7899236666667,2.0,0.0,0.0,true,2831,0
1773233231000,64.1232367666667,-21.7899236666667,0.0,0.0,0.0,true,2832,0
1773233235000,64.1232367666667,-21.7899236666667,4.0,0.0,0.0,true,2833,0
1773233235000,64.1232367666667,-21.7899236666667,0.0,0.0,0.0,true,2834,0
1773233237000,64.1232367666667,-21.7899236666667,2.0,0.0,0.0,true,2835,0
1773233241000,64.1232367666667,-21.7899236666667,4.0,0.0,0.0,true,2836,0
1773233241000,64.1232367666667,-21.7899236666667,0.0,0.0,0.0,true,2837,0
1773233244000,64.1232367666667,-21.7899236666667,3.0,0.0,0.0,true,2838,0
1773233248000,64.1232367666667,-21.7899236666667,4.0,0.0,0.0,true,2839,0
1773233248000,64.1232367666667,-21.7899236666667,0.0,0.0,0.0,true,2840,0
1773233250000,64.1232367666667,-21.7899236666667,2.0,0.0,0.0,true,2841,0
1773233252000,64.1232367666667,-21.7899236666667,2.0,0.0,0.0,true,2842,0
1773233252000,64.1232367666667,-21.7899236666667,0.0,0.0,0.0,true,2843,0
1773233255000,64.1232367666667,-21.7899236666667,3.0,0.0,0.0,true,2844,0
1773233259000,64.1232367666667,-21.7899236666667,4.0,0.0,0.0,true,2845,0
1773233259000,64.1232367666667,-21.7899236666667,0.0,0.0,0.0,true,2846,0
1773233261000,64.1232367666667,-21.7899236666667,2.0,0.0,0.0,true,2847,0
1773233261000,64.1232367666667,-21.7899236666667,0.0,0.0,0.0,true,2848,0
1773233265000,64.1232367666667,-21.7899236666667,4.0,0.0,0.0,true,2849,0
1773233267000,64.1232370666667,-21.789924,2.0,0.0,0.1,true,2850,0
1773233267000,64.1232370666667,-21.789924,0.0,0.0,0.0,true,2851,0
1773233273000,64.1232370666667,-21.789924,6.0,0.0,0.0,true,2852,0
1773233276000,64.1232370666667,-21.789924,3.0,0.0,0.0,true,2853,0
1773233276000,64.1232370666667,-21.789924,0.0,0.0,0.0,true,2854,0
1773233278000,64.1232370666667,-21.789924,2.0,0.0,0.0,true,2855,0
1773233281000,64.1232370666667,-21.789924,3.0,0.0,0.0,true,2856,0
1773233281000,64.1232370666667,-21.789924,0.0,0.0,0.0,true,2857,0
1773233283000,64.1232370666667,-21.789924,2.0,0.0,0.0,true,2858,0
1773233287000,64.1232370666667,-21.789924,4.0,0.0,0.0,true,2859,0
1773233287000,64.1232370666667,-21.789924,0.0,0.0,0.0,true,2860,0
1773233289000,64.1232370666667,-21.789924,2.0,0.0,0.0,true,2861,0
1773233289000,64.1232370666667,-21.789924,0.0,0.0,0.0,true,2862,0
1773233293000,64.1232370666667,-21.789924,4.0,0.0,0.0,true,2863,0
1773233299000,64.1232370666667,-21.789924,6.0,0.0,0.0,true,2864,0
1773233299000,64.1232370666667,-21.789924,0.0,0.0,0.0,true,2865,0
1773233301000,64.1232370666667,-21.789924,2.0,0.0,0.0,true,2866,0
1773233303000,64.1232370666667,-21.789924,2.0,0.0,0.0,true,2867,0
1773233303000,64.1232370666667,-21.789924,0.0,0.0,0.0,true,2868,0
1773233305000,64.1232370666667,-21.789924,2.0,0.0,0.0,true,2869,0
1773233305000,64.1232370666667,-21.789924,0.0,0.0,0.0,true,2870,0
1773233309000,64.1232370666667,-21.789924,4.0,0.0,0.0,true,2871,0
1773233313000,64.1232370666667,-21.789924,4.0,0.0,0.0,true,2872,0
1773233315000,64.1232370666667,-21.789924,2.0,0.0,0.0,true,2873,0
1773233315000,64.1232370666667,-21.789924,0.0,0.0,0.0,true,2874,0
1773233317000,64.1232370666667,-21.789924,2.0,0.0,0.0,true,2875,0
1773233319000,64.1232370666667,-21.789924,2.0,0.0,0.0,true,2876,0
1773233319000,64.1232370666667,-21.789924,0.0,0.0,0.0,true,2877,0
1773233327000,64.1232370666667,-21.789924,8.0,0.0,0.0,true,2878,0
1773233327000,64.1232370666667,-21.789924,0.0,0.0,0.0,true,2879,0
1773233329000,64.1232370666667,-21.789924,2.0,0.0,0.0,true,2880,0
1773233331000,64.1232370666667,-21.789924,2.0,0.0,0.0,true,2881,0
1773233331000,64.1232370666667,-21.789924,0.0,0.0,0.0,true,2882,0
1773233333000,64.1232370666667,-21.789924,2.0,0.0,0.0,true,2883,0
1773233338000,64.1232370666667,-21.789924,5.0,0.0,0.0,true,2884,0
1773233338000,64.1232370666667,-21.789924,0.0,0.0,0.0,true,2885,0
1773233340000,64.1232370666667,-21.789924,2.0,0.0,0.0,true,2886,0
1773233342000,64.1232370666667,-21.789924,2.0,0.0,0.0,true,2887,0
1773233342000,64.1232370666667,-21.789924,0.0,0.0,0.0,true,2888,0
1773233346000,64.1232370666667,-21.789924,4.0,0.0,0.0,true,2889,0
1773233348000,64.1232370666667,-21.789924,2.0,0.0,0.0,true,2890,0
1773233348000,64.1232370666667,-21.789924,0.0,0.0,0.0,true,2891,0
1773233352000,64.1232370666667,-21.789924,4.0,0.0,0.0,true,2892,0
1773233354000,64.1232370666667,-21.789924,2.0,0.0,0.0,true,2893,0
1773233354000,64.1232370666667,-21.789924,0.0,0.0,0.0,true,2894,0
1773233359000,64.1232370666667,-21.789924,5.0,0.0,0.0,true,2895,0
1773233359000,64.1232370666667,-21.789924,0.0,0.0,0.0,true,2896,0
1773233364000,64.1232370666667,-21.789924,5.0,0.0,0.0,true,2897,0
1773233364000,64.1232370666667,-21.789924,0.0,0.0,0.0,true,2898,0
1773233366000,64.1232370666667,-21.789924,2.0,0.0,0.0,true,2899,0
1773233368000,64.1232370666667,-21.789924,2.0,0.0,0.0,true,2900,0
1773233368000,64.1232370666667,-21.789924,0.0,0.0,0.0,true,2901,0
1773233370000,64.1232370666667,-21.789924,2.0,0.0,0.0,true,2902,0
1773233374000,64.1232370666667,-21.789924,4.0,0.0,0.0,true,2903,0
1773233374000,64.1232370666667,-21.789924,0.0,0.0,0.0,true,2904,0
1773233374000,64.1232370666667,-21.789924,0.0,0.0,0.0,true,2905,0
1773233379000,64.1232370666667,-21.789924,5.0,0.0,0.0,true,2906,0
1773233381000,64.1232370666667,-21.789924,2.0,0.0,0.0,true,2907,0
1773233385000,64.1232370666667,-21.789924,4.0,0.0,0.0,true,2908,0
1773233385000,64.1232370666667,-21.789924,0.0,0.0,0.0,true,2909,0
1773233387000,64.1232360833333,-21.7899245,2.0,0.1,0.2,true,2910,0
1773233391000,64.1232360833333,-21.7899245,4.0,0.0,0.0,true,2911,0
1773233393000,64.1232360833333,-21.7899245,2.0,0.0,0.0,true,2912,0
1773233393000,64.1232360833333,-21.7899245,0.0,0.0,0.0,true,2913,0
1773233395000,64.1232360833333,-21.7899245,2.0,0.0,0.0,true,2914,0
1773233395000,64.1232360833333,-21.7899245,0.0,0.0,0.0,true,2915,0
1773233399000,64.1232360833333,-21.7899245,4.0,0.0,0.0,true,2916,0
1773233405000,64.1232360833333,-21.7899245,6.0,0.0,0.0,true,2917,0
1773233405000,64.1232360833333,-21.7899245,0.0,0.0,0.0,true,2918,0
1773233405000,64.1232360833333,-21.7899245,0.0,0.0,0.0,true,2919,0
1773233405000,64.1232360833333,-21.7899245,0.0,0.0,0.0,true,2920,0
1773233411000,64.1232360833333,-21.7899245,6.0,0.0,0.0,true,2921,0
1773233411000,64.1232360833333,-21.7899245,0.0,0.0,0.0,true,2922,0
1773233411000,64.1232360833333,-21.7899245,0.0,0.0,0.0,true,2923,0
1773233414000,64.1232360833333,-21.7899245,3.0,0.0,0.0,true,2924,0
1773233417000,64.1232360833333,-21.7899245,3.0,0.0,0.0,true,2925,0
1773233417000,64.1232360833333,-21.7899245,0.0,0.0,0.0,true,2926,0
1773233421000,64.1232360833333,-21.7899245,4.0,0.0,0.0,true,2927,0
1773233425000,64.1232360833333,-21.7899245,4.0,0.0,0.0,true,2928,0
1773233425000,64.1232360833333,-21.7899245,0.0,0.0,0.0,true,2929,0
1773233430000,64.1232360833333,-21.7899245,5.0,0.0,0.0,true,2930,0
1773233430000,64.1232360833333,-21.7899245,0.0,0.0,0.0,true,2931,0
1773233432000,64.1232360833333,-21.7899245,2.0,0.0,0.0,true,2932,0
1773233436000,64.1232360833333,-21.7899245,4.0,0.0,0.0,true,2933,0
1773233438000,64.1232360833333,-21.7899245,2.0,0.0,0.0,true,2934,0
1773233438000,64.1232360833333,-21.7899245,0.0,0.0,0.0,true,2935,0
1773233440000,64.1232360833333,-21.7899245,2.0,0.0,0.0,true,2936,0
1773233443000,64.1232360833333,-21.7899245,3.0,0.0,0.0,true,2937,0
1773233443000,64.1232360833333,-21.7899245,0.0,0.0,0.0,true,2938,0
1773233445000,64.1232360833333,-21.7899245,2.0,0.0,0.0,true,2939,0
1773233455000,64.1232360833333,-21.7899245,10.0,0.0,0.0,true,2940,0
1773233455000,64.1232360833333,-21.7899245,0.0,0.0,0.0,true,2941,0
1773233457000,64.1232360833333,-21.7899245,2.0,0.0,0.0,true,2942,0
1773233457000,64.1232360833333,-21.7899245,0.0,0.0,0.0,true,2943,0
1773233461000,64.1232360833333,-21.7899245,4.0,0.0,0.0,true,2944,0
1773233463000,64.1232360833333,-21.7899245,2.0,0.0,0.0,true,2945,0
1773233463000,64.1232360833333,-21.7899245,0.0,0.0,0.0,true,2946,0
1773233465000,64.1232360833333,-21.7899245,2.0,0.0,0.0,true,2947,0
1773233468000,64.1232360833333,-21.7899245,3.0,0.0,0.0,true,2948,0
1773233468000,64.1232360833333,-21.7899245,0.0,0.0,0.0,true,2949,0
1773233470000,64.1232360833333,-21.7899245,2.0,0.0,0.0,true,2950,0
1773233473000,64.1232360833333,-21.7899245,3.0,0.0,0.0,true,2951,0
1773233473000,64.1232360833333,-21.7899245,0.0,0.0,0.0,true,2952,0
1773233477000,64.1232360833333,-21.7899245,4.0,0.0,0.0,true,2953,0
1773233483000,64.1232360833333,-21.7899245,6.0,0.0,0.0,true,2954,0
1773233483000,64.1232360833333,-21.7899245,0.0,0.0,0.0,true,2955,0
1773233485000,64.1232360833333,-21.7899245,2.0,0.0,0.0,true,2956,0
1773233488000,64.1232360833333,-21.7899245,3.0,0.0,0.0,true,2957,0
1773233488000,64.1232360833333,-21.7899245,0.0,0.0,0.0,true,2958,0
1773233490000,64.1232360833333,-21.7899245,2.0,0.0,0.0,true,2959,0
1773233494000,64.1232360833333,-21.7899245,4.0,0.0,0.0,true,2960,0
1773233494000,64.1232360833333,-21.7899245,0.0,0.0,0.0,true,2961,0
1773233496000,64.1232360833333,-21.7899245,2.0,0.0,0.0,true,2962,0
1773233498000,64.1232360833333,-21.7899245,2.0,0.0,0.0,true,2963,0
1773233502000,64.1232360833333,-21.7899245,4.0,0.0,0.0,true,2964,0
1773233502000,64.1232360833333,-21.7899245,0.0,0.0,0.0,true,2965,0
1773233502000,64.1232360833333,-21.7899245,0.0,0.0,0.0,true,2966,0
1773233506000,64.1232360833333,-21.7899245,4.0,0.0,0.0,true,2967,0
1773233509000,64.1232357833333,-21.7899253333333,3.0,0.1,0.1,true,2968,0
1773233509000,64.1232357833333,-21.7899253333333,0.0,0.0,0.0,true,2969,0
1773233513000,64.1232357833333,-21.7899253333333,4.0,0.0,0.0,true,2970,0
1773233515000,64.1232357833333,-21.7899253333333,2.0,0.0,0.0,true,2971,0
1773233515000,64.1232357833333,-21.7899253333333,0.0,0.0,0.0,true,2972,0
1773233519000,64.1232357833333,-21.7899253333333,4.0,0.0,0.0,true,2973,0
1773233521000,64.1232357833333,-21.7899253333333,2.0,0.0,0.0,true,2974,0
1773233521000,64.1232357833333,-21.7899253333333,0.0,0.0,0.0,true,2975,0
1773233523000,64.1232357833333,-21.7899253333333,2.0,0.0,0.0,true,2976,0
1773233527000,64.1232357833333,-21.7899253333333,4.0,0.0,0.0,true,2977,0
1773233530000,64.1232357833333,-21.7899253333333,3.0,0.0,0.0,true,2978,0
1773233530000,64.1232357833333,-21.7899253333333,0.0,0.0,0.0,true,2979,0
1773233532000,64.1232357833333,-21.7899253333333,2.0,0.0,0.0,true,2980,0
1773233536000,64.1232357833333,-21.7899253333333,4.0,0.0,0.0,true,2981,0
1773233536000,64.1232357833333,-21.7899253333333,0.0,0.0,0.0,true,2982,0
1773233538000,64.1232357833333,-21.7899253333333,2.0,0.0,0.0,true,2983,0
1773233538000,64.1232357833333,-21.7899253333333,0.0,0.0,0.0,true,2984,0
1773233540000,64.1232357833333,-21.7899253333333,2.0,0.0,0.0,true,2985,0
1773233543000,64.1232357833333,-21.7899253333333,3.0,0.0,0.0,true,2986,0
1773233546000,64.1232357833333,-21.7899253333333,3.0,0.0,0.0,true,2987,0
1773233548000,64.1232357833333,-21.7899253333333,2.0,0.0,0.0,true,2988,0
1773233548000,64.1232357833333,-21.7899253333333,0.0,0.0,0.0,true,2989,0
1773233551000,64.1232357833333,-21.7899253333333,3.0,0.0,0.0,true,2990,0
1773233551000,64.1232357833333,-21.7899253333333,0.0,0.0,0.0,true,2991,0
1773233555000,64.1232357833333,-21.7899253333333,4.0,0.0,0.0,true,2992,0
1773233557000,64.1232357833333,-21.7899253333333,2.0,0.0,0.0,true,2993,0
1773233559000,64.1232357833333,-21.7899253333333,2.0,0.0,0.0,true,2994,0
1773233564000,64.1232357833333,-21.7899253333333,5.0,0.0,0.0,true,2995,0
1773233566000,64.1232357833333,-21.7899253333333,2.0,0.0,0.0,true,2996,0
1773233566000,64.1232357833333,-21.7899253333333,0.0,0.0,0.0,true,2997,0
1773233566000,64.1232357833333,-21.7899253333333,0.0,0.0,0.0,true,2998,0
1773233571000,64.1232357833333,-21.7899253333333,5.0,0.0,0.0,true,2999,0
1773233571000,64.1232357833333,-21.7899253333333,0.0,0.0,0.0,true,3000,0
1773233575000,64.1232357833333,-21.7899253333333,4.0,0.0,0.0,true,3001,0
1773233577000,64.1232357833333,-21.7899253333333,2.0,0.0,0.0,true,3002,0
1773233577000,64.1232357833333,-21.7899253333333,0.0,0.0,0.0,true,3003,0
1773233579000,64.1232357833333,-21.7899253333333,2.0,0.0,0.0,true,3004,0
1773233579000,64.1232357833333,-21.7899253333333,0.0,0.0,0.0,true,3005,0
1773233581000,64.1232357833333,-21.7899253333333,2.0,0.0,0.0,true,3006,0
1773233589000,64.1232357833333,-21.7899253333333,8.0,0.0,0.0,true,3007,0
1773233589000,64.1232357833333,-21.7899253333333,0.0,0.0,0.0,true,3008,0
1773233591000,64.1232357833333,-21.7899253333333,2.0,0.0,0.0,true,3009,0
1773233591000,64.1232357833333,-21.7899253333333,0.0,0.0,0.0,true,3010,0
1773233596000,64.1232357833333,-21.7899253333333,5.0,0.0,0.0,true,3011,0
1773233596000,64.1232357833333,-21.7899253333333,0.0,0.0,0.0,true,3012,0
1773233600000,64.1232357833333,-21.7899253333333,4.0,0.0,0.0,true,3013,0
1773233600000,64.1232357833333,-21.7899253333333,0.0,0.0,0.0,true,3014,0
1773233602000,64.1232357833333,-21.7899253333333,2.0,0.0,0.0,true,3015,0
1773233604000,64.1232357833333,-21.7899253333333,2.0,0.0,0.0,true,3016,0
1773233604000,64.1232357833333,-21.7899253333333,0.0,0.0,0.0,true,3017,0
1773233606000,64.1232357833333,-21.7899253333333,2.0,0.0,0.0,true,3018,0
1773233610000,64.1232357833333,-21.7899253333333,4.0,0.0,0.0,true,3019,0
1773233612000,64.1232357833333,-21.7899253333333,2.0,0.0,0.0,true,3020,0
1773233616000,64.1232357833333,-21.7899253333333,4.0,0.0,0.0,true,3021,0
1773233616000,64.1232357833333,-21.7899253333333,0.0,0.0,0.0,true,3022,0
1773233618000,64.1232357833333,-21.7899253333333,2.0,0.0,0.0,true,3023,0
1773233621000,64.1232357833333,-21.7899253333333,3.0,0.0,0.0,true,3024,0
1773233621000,64.1232357833333,-21.7899253333333,0.0,0.0,0.0,true,3025,0
1773233623000,64.1232357833333,-21.7899253333333,2.0,0.0,0.0,true,3026,0
1773233627000,64.1232357833333,-21.7899253333333,4.0,0.0,0.0,true,3027,0
1773233629000,64.1232363333333,-21.7899255,2.0,0.1,0.1,true,3028,0
1773233629000,64.1232363333333,-21.7899255,0.0,0.0,0.0,true,3029,0
1773233635000,64.1232363333333,-21.7899255,6.0,0.0,0.0,true,3030,0
1773233635000,64.1232363333333,-21.7899255,0.0,0.0,0.0,true,3031,0
1773233637000,64.1232363333333,-21.7899255,2.0,0.0,0.0,true,3032,0
1773233639000,64.1232363333333,-21.7899255,2.0,0.0,0.0,true,3033,0
1773233639000,64.1232363333333,-21.7899255,0.0,0.0,0.0,true,3034,0
1773233642000,64.1232363333333,-21.7899255,3.0,0.0,0.0,true,3035,0
1773233646000,64.1232363333333,-21.7899255,4.0,0.0,0.0,true,3036,0
1773233646000,64.1232363333333,-21.7899255,0.0,0.0,0.0,true,3037,0
1773233648000,64.1232363333333,-21.7899255,2.0,0.0,0.0,true,3038,0
1773233652000,64.1232363333333,-21.7899255,4.0,0.0,0.0,true,3039,0
1773233652000,64.1232363333333,-21.7899255,0.0,0.0,0.0,true,3040,0
1773233657000,64.1232363333333,-21.7899255,5.0,0.0,0.0,true,3041,0
1773233657000,64.1232363333333,-21.7899255,0.0,0.0,0.0,true,3042,0
1773233659000,64.1232363333333,-21.7899255,2.0,0.0,0.0,true,3043,0
1773233659000,64.1232363333333,-21.7899255,0.0,0.0,0.0,true,3044,0
1773233665000,64.1232363333333,-21.7899255,6.0,0.0,0.0,true,3045,0
1773233665000,64.1232363333333,-21.7899255,0.0,0.0,0.0,true,3046,0
1773233667000,64.1232363333333,-21.7899255,2.0,0.0,0.0,true,3047,0
1773233667000,64.1232363333333,-21.7899255,0.0,0.0,0.0,true,3048,0
1773233669000,64.1232363333333,-21.7899255,2.0,0.0,0.0,true,3049,0
1773233673000,64.1232363333333,-21.7899255,4.0,0.0,0.0,true,3050,0
1773233673000,64.1232363333333,-21.7899255,0.0,0.0,0.0,true,3051,0
1773233676000,64.1232363333333,-21.7899255,3.0,0.0,0.0,true,3052,0
1773233678000,64.1232363333333,-21.7899255,2.0,0.0,0.0,true,3053,0
1773233682000,64.1232363333333,-21.7899255,4.0,0.0,0.0,true,3054,0
1773233682000,64.1232363333333,-21.7899255,0.0,0.0,0.0,true,3055,0
1773233686000,64.1232363333333,-21.7899255,4.0,0.0,0.0,true,3056,0
1773233686000,64.1232363333333,-21.7899255,0.0,0.0,0.0,true,3057,0
1773233686000,64.1232363333333,-21.7899255,0.0,0.0,0.0,true,3058,0
1773233690000,64.1232363333333,-21.7899255,4.0,0.0,0.0,true,3059,0
1773233694000,64.1232363333333,-21.7899255,4.0,0.0,0.0,true,3060,0
1773233694000,64.1232363333333,-21.7899255,0.0,0.0,0.0,true,3061,0
1773233697000,64.1232363333333,-21.7899255,3.0,0.0,0.0,true,3062,0
1773233697000,64.1232363333333,-21.7899255,0.0,0.0,0.0,true,3063,0
1773233701000,64.1232363333333,-21.7899255,4.0,0.0,0.0,true,3064,0
1773233701000,64.1232363333333,-21.7899255,0.0,0.0,0.0,true,3065,0
1773233703000,64.1232363333333,-21.7899255,2.0,0.0,0.0,true,3066,0
1773233707000,64.1232363333333,-21.7899255,4.0,0.0,0.0,true,3067,0
1773233709000,64.1232363333333,-21.7899255,2.0,0.0,0.0,true,3068,0
1773233709000,64.1232363333333,-21.7899255,0.0,0.0,0.0,true,3069,0
1773233712000,64.1232363333333,-21.7899255,3.0,0.0,0.0,true,3070,0
1773233716000,64.1232363333333,-21.7899255,4.0,0.0,0.0,true,3071,0
1773233716000,64.1232363333333,-21.7899255,0.0,0.0,0.0,true,3072,0
1773233718000,64.1232363333333,-21.7899255,2.0,0.0,0.0,true,3073,0
1773233720000,64.1232363333333,-21.7899255,2.0,0.0,0.0,true,3074,0
1773233724000,64.1232363333333,-21.7899255,4.0,0.0,0.0,true,3075,0
1773233724000,64.1232363333333,-21.7899255,0.0,0.0,0.0,true,3076,0
1773233726000,64.1232363333333,-21.7899255,2.0,0.0,0.0,true,3077,0
1773233730000,64.1232363333333,-21.7899255,4.0,0.0,0.0,true,3078,0
1773233732000,64.1232363333333,-21.7899255,2.0,0.0,0.0,true,3079,0
1773233732000,64.1232363333333,-21.7899255,0.0,0.0,0.0,true,3080,0
1773233734000,64.1232363333333,-21.7899255,2.0,0.0,0.0,true,3081,0
1773233738000,64.1232363333333,-21.7899255,4.0,0.0,0.0,true,3082,0
1773233738000,64.1232363333333,-21.7899255,0.0,0.0,0.0,true,3083,0
1773233740000,64.1232363333333,-21.7899255,2.0,0.0,0.0,true,3084,0
1773233744000,64.1232363333333,-21.7899255,4.0,0.0,0.0,true,3085,0
1773233746000,64.1232363333333,-21.7899255,2.0,0.0,0.0,true,3086,0
1773233746000,64.1232363333333,-21.7899255,0.0,0.0,0.0,true,3087,0
1773233749000,64.1232363333333,-21.7899255,3.0,0.0,0.0,true,3088,0
1773233751000,64.1232363333333,-21.7899255,2.0,0.0,0.0,true,3089,0
1773233755000,64.1232362333333,-21.7899255,4.0,0.0,0.0,true,3090,0
1773233755000,64.1232362333333,-21.7899255,0.0,0.0,0.0,true,3091,0
1773233757000,64.1232362333333,-21.7899255,2.0,0.0,0.0,true,3092,0
1773233757000,64.1232362333333,-21.7899255,0.0,0.0,0.0,true,3093,0
1773233759000,64.1232362333333,-21.7899255,2.0,0.0,0.0,true,3094,0
1773233763000,64.1232362333333,-21.7899255,4.0,0.0,0.0,true,3095,0
1773233763000,64.1232362333333,-21.7899255,0.0,0.0,0.0,true,3096,0
1773233765000,64.1232362333333,-21.7899255,2.0,0.0,0.0,true,3097,0
1773233769000,64.1232362333333,-21.7899255,4.0,0.0,0.0,true,3098,0
1773233771000,64.1232362333333,-21.7899255,2.0,0.0,0.0,true,3099,0
1773233771000,64.1232362333333,-21.7899255,0.0,0.0,0.0,true,3100,0
1773233773000,64.1232362333333,-21.7899255,2.0,0.0,0.0,true,3101,0
1773233775000,64.1232362333333,-21.7899255,2.0,0.0,0.0,true,3102,0
1773233775000,64.1232362333333,-21.7899255,0.0,0.0,0.0,true,3103,0
1773233782000,64.1232362333333,-21.7899255,7.0,0.0,0.0,true,3104,0
1773233782000,64.1232362333333,-21.7899255,0.0,0.0,0.0,true,3105,0
1773233786000,64.1232362333333,-21.7899255,4.0,0.0,0.0,true,3106,0
1773233788000,64.1232362333333,-21.7899255,2.0,0.0,0.0,true,3107,0
1773233788000,64.1232362333333,-21.7899255,0.0,0.0,0.0,true,3108,0
1773233788000,64.1232362333333,-21.7899255,0.0,0.0,0.0,true,3109,0
1773233790000,64.1232362333333,-21.7899255,2.0,0.0,0.0,true,3110,0
1773233796000,64.1232362333333,-21.7899255,6.0,0.0,0.0,true,3111,0
1773233796000,64.1232362333333,-21.7899255,0.0,0.0,0.0,true,3112,0
1773233798000,64.1232362333333,-21.7899255,2.0,0.0,0.0,true,3113,0
1773233798000,64.1232362333333,-21.7899255,0.0,0.0,0.0,true,3114,0
1773233802000,64.1232362333333,-21.7899255,4.0,0.0,0.0,true,3115,0
1773233802000,64.1232362333333,-21.7899255,0.0,0.0,0.0,true,3116,0
1773233807000,64.1232362333333,-21.7899255,5.0,0.0,0.0,true,3117,0
1773233809000,64.1232362333333,-21.7899255,2.0,0.0,0.0,true,3118,0
1773233809000,64.1232362333333,-21.7899255,0.0,0.0,0.0,true,3119,0
1773233813000,64.1232362333333,-21.7899255,4.0,0.0,0.0,true,3120,0
1773233813000,64.1232362333333,-21.7899255,0.0,0.0,0.0,true,3121,0
1773233816000,64.1232362333333,-21.7899255,3.0,0.0,0.0,true,3122,0
1773233821000,64.1232362333333,-21.7899255,5.0,0.0,0.0,true,3123,0
1773233823000,64.1232362333333,-21.7899255,2.0,0.0,0.0,true,3124,0
1773233823000,64.1232362333333,-21.7899255,0.0,0.0,0.0,true,3125,0
1773233825000,64.1232362333333,-21.7899255,2.0,0.0,0.0,true,3126,0
1773233825000,64.1232362333333,-21.7899255,0.0,0.0,0.0,true,3127,0
1773233827000,64.1232362333333,-21.7899255,2.0,0.0,0.0,true,3128,0
1773233827000,64.1232362333333,-21.7899255,0.0,0.0,0.0,true,3129,0
1773233830000,64.1232362333333,-21.7899255,3.0,0.0,0.0,true,3130,0
1773233836000,64.1232362333333,-21.7899255,6.0,0.0,0.0,true,3131,0
1773233836000,64.1232362333333,-21.7899255,0.0,0.0,0.0,true,3132,0
1773233838000,64.1232362333333,-21.7899255,2.0,0.0,0.0,true,3133,0
1773233841000,64.1232362333333,-21.7899255,3.0,0.0,0.0,true,3134,0
1773233841000,64.1232362333333,-21.7899255,0.0,0.0,0.0,true,3135,0
1773233841000,64.1232362333333,-21.7899255,0.0,0.0,0.0,true,3136,0
1773233848000,64.1232362333333,-21.7899255,7.0,0.0,0.0,true,3137,0
1773233848000,64.1232362333333,-21.7899255,0.0,0.0,0.0,true,3138,0
1773233851000,64.1232362333333,-21.7899255,3.0,0.0,0.0,true,3139,0
1773233853000,64.1232362333333,-21.7899255,2.0,0.0,0.0,true,3140,0
1773233853000,64.1232362333333,-21.7899255,0.0,0.0,0.0,true,3141,0
1773233857000,64.1232362333333,-21.7899255,4.0,0.0,0.0,true,3142,0
1773233857000,64.1232362333333,-21.7899255,0.0,0.0,0.0,true,3143,0
1773233862000,64.1232362333333,-21.7899255,5.0,0.0,0.0,true,3144,0
1773233862000,64.1232362333333,-21.7899255,0.0,0.0,0.0,true,3145,0
1773233864000,64.1232362333333,-21.7899255,2.0,0.0,0.0,true,3146,0
1773233864000,64.1232362333333,-21.7899255,0.0,0.0,0.0,true,3147,0
1773233870000,64.1232362333333,-21.7899255,6.0,0.0,0.0,true,3148,0
1773233870000,64.1232362333333,-21.7899255,0.0,0.0,0.0,true,3149,0
1773233872000,64.1232369833333,-21.7899268333333,2.0,0.1,0.2,true,3150,0
1773233876000,64.1232369833333,-21.7899268333333,4.0,0.0,0.0,true,3151,0
1773233878000,64.1232369833333,-21.7899268333333,2.0,0.0,0.0,true,3152,0
1773233878000,64.1232369833333,-21.7899268333333,0.0,0.0,0.0,true,3153,0
1773233878000,64.1232369833333,-21.7899268333333,0.0,0.0,0.0,true,3154,0
1773233881000,64.1232369833333,-21.7899268333333,3.0,0.0,0.0,true,3155,0
1773233887000,64.1232369833333,-21.7899268333333,6.0,0.0,0.0,true,3156,0
1773233887000,64.1232369833333,-21.7899268333333,0.0,0.0,0.0,true,3157,0
1773233887000,64.1232369833333,-21.7899268333333,0.0,0.0,0.0,true,3158,0
1773233893000,64.1232369833333,-21.7899268333333,6.0,0.0,0.0,true,3159,0
1773233893000,64.1232369833333,-21.7899268333333,0.0,0.0,0.0,true,3160,0
1773233893000,64.1232369833333,-21.7899268333333,0.0,0.0,0.0,true,3161,0
1773233899000,64.1232369833333,-21.7899268333333,6.0,0.0,0.0,true,3162,0
1773233901000,64.1232369833333,-21.7899268333333,2.0,0.0,0.0,true,3163,0
1773233901000,64.1232369833333,-21.7899268333333,0.0,0.0,0.0,true,3164,0
1773233903000,64.1232369833333,-21.7899268333333,2.0,0.0,0.0,true,3165,0
1773233903000,64.1232369833333,-21.7899268333333,0.0,0.0,0.0,true,3166,0
1773233906000,64.1232369833333,-21.7899268333333,3.0,0.0,0.0,true,3167,0
1773233906000,64.1232369833333,-21.7899268333333,0.0,0.0,0.0,true,3168,0
1773233906000,64.1232369833333,-21.7899268333333,0.0,0.0,0.0,true,3169,0
1773233911000,64.1232369833333,-21.7899268333333,5.0,0.0,0.0,true,3170,0
1773233911000,64.1232369833333,-21.7899268333333,0.0,0.0,0.0,true,3171,0
1773233915000,64.1232369833333,-21.7899268333333,4.0,0.0,0.0,true,3172,0
1773233921000,64.1232369833333,-21.7899268333333,6.0,0.0,0.0,true,3173,0
1773233923000,64.1232369833333,-21.7899268333333,2.0,0.0,0.0,true,3174,0
1773233923000,64.1232369833333,-21.7899268333333,0.0,0.0,0.0,true,3175,0
1773233925000,64.1232369833333,-21.7899268333333,2.0,0.0,0.0,true,3176,0
1773233929000,64.1232369833333,-21.7899268333333,4.0,0.0,0.0,true,3177,0
1773233929000,64.1232369833333,-21.7899268333333,0.0,0.0,0.0,true,3178,0
1773233931000,64.1232369833333,-21.7899268333333,2.0,0.0,0.0,true,3179,0
1773233931000,64.1232369833333,-21.7899268333333,0.0,0.0,0.0,true,3180,0
1773233933000,64.1232369833333,-21.7899268333333,2.0,0.0,0.0,true,3181,0
1773233933000,64.1232369833333,-21.7899268333333,0.0,0.0,0.0,true,3182,0
1773233936000,64.1232369833333,-21.7899268333333,3.0,0.0,0.0,true,3183,0
1773233942000,64.1232369833333,-21.7899268333333,6.0,0.0,0.0,true,3184,0
1773233942000,64.1232369833333,-21.7899268333333,0.0,0.0,0.0,true,3185,0
1773233946000,64.1232369833333,-21.7899268333333,4.0,0.0,0.0,true,3186,0
1773233948000,64.1232369833333,-21.7899268333333,2.0,0.0,0.0,true,3187,0
1773233948000,64.1232369833333,-21.7899268333333,0.0,0.0,0.0,true,3188,0
1773233951000,64.1232369833333,-21.7899268333333,3.0,0.0,0.0,true,3189,0
1773233957000,64.1232369833333,-21.7899268333333,6.0,0.0,0.0,true,3190,0
1773233959000,64.1232369833333,-21.7899268333333,2.0,0.0,0.0,true,3191,0
1773233959000,64.1232369833333,-21.7899268333333,0.0,0.0,0.0,true,3192,0
1773233959000,64.1232369833333,-21.7899268333333,0.0,0.0,0.0,true,3193,0
1773233965000,64.1232369833333,-21.7899268333333,6.0,0.0,0.0,true,3194,0
1773233965000,64.1232369833333,-21.7899268333333,0.0,0.0,0.0,true,3195,0
1773233967000,64.1232369833333,-21.7899268333333,2.0,0.0,0.0,true,3196,0
1773233971000,64.1232369833333,-21.7899268333333,4.0,0.0,0.0,true,3197,0
1773233973000,64.1232369833333,-21.7899268333333,2.0,0.0,0.0,true,3198,0
1773233973000,64.1232369833333,-21.7899268333333,0.0,0.0,0.0,true,3199,0
1773233973000,64.1232369833333,-21.7899268333333,0.0,0.0,0.0,true,3200,0
1773233975000,64.1232369833333,-21.7899268333333,2.0,0.0,0.0,true,3201,0
1773233977000,64.1232369833333,-21.7899268333333,2.0,0.0,0.0,true,3202,0
1773233982000,64.1232369833333,-21.7899268333333,5.0,0.0,0.0,true,3203,0
1773233984000,64.1232369833333,-21.7899268333333,2.0,0.0,0.0,true,3204,0
1773233984000,64.1232369833333,-21.7899268333333,0.0,0.0,0.0,true,3205,0
1773233986000,64.1232369833333,-21.7899268333333,2.0,0.0,0.0,true,3206,0
1773233988000,64.1232369833333,-21.7899268333333,2.0,0.0,0.0,true,3207,0
1773233992000,64.1232369833333,-21.7899268333333,4.0,0.0,0.0,true,3208,0
1773233994000,64.1232374833333,-21.789927,2.0,0.1,0.1,true,3209,0
1773233994000,64.1232374833333,-21.789927,0.0,0.0,0.0,true,3210,0
1773233998000,64.1232374833333,-21.789927,4.0,0.0,0.0,true,3211,0
1773234001000,64.1232374833333,-21.789927,3.0,0.0,0.0,true,3212,0
1773234003000,64.1232374833333,-21.789927,2.0,0.0,0.0,true,3213,0
1773234003000,64.1232374833333,-21.789927,0.0,0.0,0.0,true,3214,0
1773234007000,64.1232374833333,-21.789927,4.0,0.0,0.0,true,3215,0
1773234009000,64.1232374833333,-21.789927,2.0,0.0,0.0,true,3216,0
1773234009000,64.1232374833333,-21.789927,0.0,0.0,0.0,true,3217,0
1773234011000,64.1232374833333,-21.789927,2.0,0.0,0.0,true,3218,0
1773234015000,64.1232374833333,-21.789927,4.0,0.0,0.0,true,3219,0
1773234015000,64.1232374833333,-21.789927,0.0,0.0,0.0,true,3220,0
1773234019000,64.1232374833333,-21.789927,4.0,0.0,0.0,true,3221,0
1773234019000,64.1232374833333,-21.789927,0.0,0.0,0.0,true,3222,0
1773234021000,64.1232374833333,-21.789927,2.0,0.0,0.0,true,3223,0
1773234023000,64.1232374833333,-21.789927,2.0,0.0,0.0,true,3224,0
1773234027000,64.1232374833333,-21.789927,4.0,0.0,0.0,true,3225,0
1773234027000,64.1232374833333,-21.789927,0.0,0.0,0.0,true,3226,0
1773234027000,64.1232374833333,-21.789927,0.0,0.0,0.0,true,3227,0
1773234032000,64.1232374833333,-21.789927,5.0,0.0,0.0,true,3228,0
1773234032000,64.1232374833333,-21.789927,0.0,0.0,0.0,true,3229,0
1773234034000,64.1232374833333,-21.789927,2.0,0.0,0.0,true,3230,0
1773234040000,64.1232374833333,-21.789927,6.0,0.0,0.0,true,3231,0
1773234040000,64.1232374833333,-21.789927,0.0,0.0,0.0,true,3232,0
1773234044000,64.1232374833333,-21.789927,4.0,0.0,0.0,true,3233,0
1773234044000,64.1232374833333,-21.789927,0.0,0.0,0.0,true,3234,0
1773234046000,64.1232374833333,-21.789927,2.0,0.0,0.0,true,3235,0
1773234048000,64.1232374833333,-21.789927,2.0,0.0,0.0,true,3236,0
1773234051000,64.1232374833333,-21.789927,3.0,0.0,0.0,true,3237,0
1773234051000,64.1232374833333,-21.789927,0.0,0.0,0.0,true,3238,0
1773234053000,64.1232374833333,-21.789927,2.0,0.0,0.0,true,3239,0
1773234058000,64.1232374833333,-21.789927,5.0,0.0,0.0,true,3240,0
1773234060000,64.1232374833333,-21.789927,2.0,0.0,0.0,true,3241,0
1773234060000,64.1232374833333,-21.789927,0.0,0.0,0.0,true,3242,0
1773234062000,64.1232374833333,-21.789927,2.0,0.0,0.0,true,3243,0
1773234065000,64.1232374833333,-21.789927,3.0,0.0,0.0,true,3244,0
1773234065000,64.1232374833333,-21.789927,0.0,0.0,0.0,true,3245,0
1773234069000,64.1232374833333,-21.789927,4.0,0.0,0.0,true,3246,0
1773234069000,64.1232374833333,-21.789927,0.0,0.0,0.0,true,3247,0
1773234077000,64.1232374833333,-21.789927,8.0,0.0,0.0,true,3248,0
1773234077000,64.1232374833333,-21.789927,0.0,0.0,0.0,true,3249,0
1773234079000,64.1232374833333,-21.789927,2.0,0.0,0.0,true,3250,0
1773234083000,64.1232374833333,-21.789927,4.0,0.0,0.0,true,3251,0
1773234083000,64.1232374833333,-21.789927,0.0,0.0,0.0,true,3252,0
1773234085000,64.1232374833333,-21.789927,2.0,0.0,0.0,true,3253,0
1773234087000,64.1232374833333,-21.789927,2.0,0.0,0.0,true,3254,0
1773234087000,64.1232374833333,-21.789927,0.0,0.0,0.0,true,3255,0
1773234089000,64.1232374833333,-21.789927,2.0,0.0,0.0,true,3256,0
1773234093000,64.1232374833333,-21.789927,4.0,0.0,0.0,true,3257,0
1773234093000,64.1232374833333,-21.789927,0.0,0.0,0.0,true,3258,0
1773234098000,64.1232374833333,-21.789927,5.0,0.0,0.0,true,3259,0
1773234098000,64.1232374833333,-21.789927,0.0,0.0,0.0,true,3260,0
1773234100000,64.1232374833333,-21.789927,2.0,0.0,0.0,true,3261,0
1773234103000,64.1232374833333,-21.789927,3.0,0.0,0.0,true,3262,0
1773234103000,64.1232374833333,-21.789927,0.0,0.0,0.0,true,3263,0
1773234107000,64.1232374833333,-21.789927,4.0,0.0,0.0,true,3264,0
1773234109000,64.1232374833333,-21.789927,2.0,0.0,0.0,true,3265,0
1773234109000,64.1232374833333,-21.789927,0.0,0.0,0.0,true,3266,0
1773234113000,64.1232374833333,-21.789927,4.0,0.0,0.0,true,3267,0
1773234115000,64.1232367333333,-21.7899261666667,2.0,0.1,0.2,true,3268,0
1773234115000,64.1232367333333,-21.7899261666667,0.0,0.0,0.0,true,3269,0
1773234118000,64.1232367333333,-21.7899261666667,3.0,0.0,0.0,true,3270,0
1773234124000,64.1232367333333,-21.7899261666667,6.0,0.0,0.0,true,3271,0
1773234124000,64.1232367333333,-21.7899261666667,0.0,0.0,0.0,true,3272,0
1773234126000,64.1232367333333,-21.7899261666667,2.0,0.0,0.0,true,3273,0
1773234126000,64.1232367333333,-21.7899261666667,0.0,0.0,0.0,true,3274,0
1773234128000,64.1232367333333,-21.7899261666667,2.0,0.0,0.0,true,3275,0
1773234130000,64.1232367333333,-21.7899261666667,2.0,0.0,0.0,true,3276,0
1773234130000,64.1232367333333,-21.7899261666667,0.0,0.0,0.0,true,3277,0
1773234133000,64.1232367333333,-21.7899261666667,3.0,0.0,0.0,true,3278,0
1773234138000,64.1232367333333,-21.7899261666667,5.0,0.0,0.0,true,3279,0
1773234138000,64.1232367333333,-21.7899261666667,0.0,0.0,0.0,true,3280,0
1773234140000,64.1232367333333,-21.7899261666667,2.0,0.0,0.0,true,3281,0
1773234143000,64.1232367333333,-21.7899261666667,3.0,0.0,0.0,true,3282,0
1773234145000,64.1232367333333,-21.7899261666667,2.0,0.0,0.0,true,3283,0
1773234148000,64.1232367333333,-21.7899261666667,3.0,0.0,0.0,true,3284,0
1773234150000,64.1232367333333,-21.7899261666667,2.0,0.0,0.0,true,3285,0
1773234150000,64.1232367333333,-21.7899261666667,0.0,0.0,0.0,true,3286,0
1773234150000,64.1232367333333,-21.7899261666667,0.0,0.0,0.0,true,3287,0
1773234154000,64.1232367333333,-21.7899261666667,4.0,0.0,0.0,true,3288,0
1773234156000,64.1232367333333,-21.7899261666667,2.0,0.0,0.0,true,3289,0
1773234158000,64.1232367333333,-21.7899261666667,2.0,0.0,0.0,true,3290,0
1773234162000,64.1232367333333,-21.7899261666667,4.0,0.0,0.0,true,3291,0
1773234164000,64.1232367333333,-21.7899261666667,2.0,0.0,0.0,true,3292,0
1773234164000,64.1232367333333,-21.7899261666667,0.0,0.0,0.0,true,3293,0
1773234164000,64.1232367333333,-21.7899261666667,0.0,0.0,0.0,true,3294,0
1773234168000,64.1232367333333,-21.7899261666667,4.0,0.0,0.0,true,3295,0
1773234173000,64.1232367333333,-21.7899261666667,5.0,0.0,0.0,true,3296,0
1773234173000,64.1232367333333,-21.7899261666667,0.0,0.0,0.0,true,3297,0
1773234175000,64.1232367333333,-21.7899261666667,2.0,0.0,0.0,true,3298,0
1773234178000,64.1232367333333,-21.7899261666667,3.0,0.0,0.0,true,3299,0
1773234178000,64.1232367333333,-21.7899261666667,0.0,0.0,0.0,true,3300,0
1773234182000,64.1232367333333,-21.7899261666667,4.0,0.0,0.0,true,3301,0
1773234182000,64.1232367333333,-21.7899261666667,0.0,0.0,0.0,true,3302,0
1773234184000,64.1232367333333,-21.7899261666667,2.0,0.0,0.0,true,3303,0
1773234187000,64.1232367333333,-21.7899261666667,3.0,0.0,0.0,true,3304,0
1773234189000,64.1232367333333,-21.7899261666667,2.0,0.0,0.0,true,3305,0
1773234189000,64.1232367333333,-21.7899261666667,0.0,0.0,0.0,true,3306,0
1773234192000,64.1232367333333,-21.7899261666667,3.0,0.0,0.0,true,3307,0
1773234192000,64.1232367333333,-21.7899261666667,0.0,0.0,0.0,true,3308,0
1773234196000,64.1232367333333,-21.7899261666667,4.0,0.0,0.0,true,3309,0
1773234200000,64.1232367333333,-21.7899261666667,4.0,0.0,0.0,true,3310,0
1773234200000,64.1232367333333,-21.7899261666667,0.0,0.0,0.0,true,3311,0
1773234204000,64.1232367333333,-21.7899261666667,4.0,0.0,0.0,true,3312,0
1773234204000,64.1232367333333,-21.7899261666667,0.0,0.0,0.0,true,3313,0
1773234206000,64.1232367333333,-21.7899261666667,2.0,0.0,0.0,true,3314,0
1773234210000,64.1232367333333,-21.7899261666667,4.0,0.0,0.0,true,3315,0
1773234210000,64.1232367333333,-21.7899261666667,0.0,0.0,0.0,true,3316,0
1773234210000,64.1232367333333,-21.7899261666667,0.0,0.0,0.0,true,3317,0
1773234215000,64.1232367333333,-21.7899261666667,5.0,0.0,0.0,true,3318,0
1773234217000,64.1232367333333,-21.7899261666667,2.0,0.0,0.0,true,3319,0
1773234221000,64.1232367333333,-21.7899261666667,4.0,0.0,0.0,true,3320,0
1773234223000,64.1232367333333,-21.7899261666667,2.0,0.0,0.0,true,3321,0
1773234223000,64.1232367333333,-21.7899261666667,0.0,0.0,0.0,true,3322,0
1773234225000,64.1232367333333,-21.7899261666667,2.0,0.0,0.0,true,3323,0
1773234229000,64.1232367333333,-21.7899261666667,4.0,0.0,0.0,true,3324,0
1773234229000,64.1232367333333,-21.7899261666667,0.0,0.0,0.0,true,3325,0
1773234231000,64.1232367333333,-21.7899261666667,2.0,0.0,0.0,true,3326,0
1773234231000,64.1232367333333,-21.7899261666667,0.0,0.0,0.0,true,3327,0
1773234234000,64.1232367333333,-21.7899261666667,3.0,0.0,0.0,true,3328,0
1773234236000,64.1232366833333,-21.7899238333333,2.0,0.1,0.2,true,3329,0
1773234236000,64.1232366833333,-21.7899238333333,0.0,0.0,0.0,true,3330,0
1773234240000,64.1232366833333,-21.7899238333333,4.0,0.0,0.0,true,3331,0
1773234243000,64.1232366833333,-21.7899238333333,3.0,0.0,0.0,true,3332,0
1773234243000,64.1232366833333,-21.7899238333333,0.0,0.0,0.0,true,3333,0
1773234245000,64.1232366833333,-21.7899238333333,2.0,0.0,0.0,true,3334,0
1773234250000,64.1232366833333,-21.7899238333333,5.0,0.0,0.0,true,3335,0
1773234250000,64.1232366833333,-21.7899238333333,0.0,0.0,0.0,true,3336,0
1773234254000,64.1232366833333,-21.7899238333333,4.0,0.0,0.0,true,3337,0
1773234254000,64.1232366833333,-21.7899238333333,0.0,0.0,0.0,true,3338,0
1773234256000,64.1232366833333,-21.7899238333333,2.0,0.0,0.0,true,3339,0
1773234259000,64.1232366833333,-21.7899238333333,3.0,0.0,0.0,true,3340,0
1773234259000,64.1232366833333,-21.7899238333333,0.0,0.0,0.0,true,3341,0
1773234263000,64.1232366833333,-21.7899238333333,4.0,0.0,0.0,true,3342,0
1773234265000,64.1232366833333,-21.7899238333333,2.0,0.0,0.0,true,3343,0
1773234267000,64.1232366833333,-21.7899238333333,2.0,0.0,0.0,true,3344,0
1773234267000,64.1232366833333,-21.7899238333333,0.0,0.0,0.0,true,3345,0
1773234269000,64.1232366833333,-21.7899238333333,2.0,0.0,0.0,true,3346,0
1773234273000,64.1232366833333,-21.7899238333333,4.0,0.0,0.0,true,3347,0
1773234276000,64.1232366833333,-21.7899238333333,3.0,0.0,0.0,true,3348,0
1773234276000,64.1232366833333,-21.7899238333333,0.0,0.0,0.0,true,3349,0
1773234278000,64.1232366833333,-21.7899238333333,2.0,0.0,0.0,true,3350,0
1773234281000,64.1232366833333,-21.7899238333333,3.0,0.0,0.0,true,3351,0
1773234281000,64.1232366833333,-21.7899238333333,0.0,0.0,0.0,true,3352,0
1773234283000,64.1232366833333,-21.7899238333333,2.0,0.0,0.0,true,3353,0
1773234286000,64.1232366833333,-21.7899238333333,3.0,0.0,0.0,true,3354,0
1773234286000,64.1232366833333,-21.7899238333333,0.0,0.0,0.0,true,3355,0
1773234292000,64.1232366833333,-21.7899238333333,6.0,0.0,0.0,true,3356,0
1773234294000,64.1232366833333,-21.7899238333333,2.0,0.0,0.0,true,3357,0
1773234294000,64.1232366833333,-21.7899238333333,0.0,0.0,0.0,true,3358,0
1773234297000,64.1232366833333,-21.7899238333333,3.0,0.0,0.0,true,3359,0
1773234301000,64.1232366833333,-21.7899238333333,4.0,0.0,0.0,true,3360,0
1773234301000,64.1232366833333,-21.7899238333333,0.0,0.0,0.0,true,3361,0
1773234301000,64.1232366833333,-21.7899238333333,0.0,0.0,0.0,true,3362,0
1773234307000,64.1232366833333,-21.7899238333333,6.0,0.0,0.0,true,3363,0
1773234307000,64.1232366833333,-21.7899238333333,0.0,0.0,0.0,true,3364,0
1773234309000,64.1232366833333,-21.7899238333333,2.0,0.0,0.0,true,3365,0
1773234309000,64.1232366833333,-21.7899238333333,0.0,0.0,0.0,true,3366,0
1773234312000,64.1232366833333,-21.7899238333333,3.0,0.0,0.0,true,3367,0
1773234314000,64.1232366833333,-21.7899238333333,2.0,0.0,0.0,true,3368,0
1773234314000,64.1232366833333,-21.7899238333333,0.0,0.0,0.0,true,3369,0
1773234317000,64.1232366833333,-21.7899238333333,3.0,0.0,0.0,true,3370,0
1773234319000,64.1232366833333,-21.7899238333333,2.0,0.0,0.0,true,3371,0
1773234319000,64.1232366833333,-21.7899238333333,0.0,0.0,0.0,true,3372,0
1773234322000,64.1232366833333,-21.7899238333333,3.0,0.0,0.0,true,3373,0
1773234327000,64.1232366833333,-21.7899238333333,5.0,0.0,0.0,true,3374,0
1773234327000,64.1232366833333,-21.7899238333333,0.0,0.0,0.0,true,3375,0
1773234327000,64.1232366833333,-21.7899238333333,0.0,0.0,0.0,true,3376,0
1773234333000,64.1232366833333,-21.7899238333333,6.0,0.0,0.0,true,3377,0
1773234333000,64.1232366833333,-21.7899238333333,0.0,0.0,0.0,true,3378,0
1773234336000,64.1232366833333,-21.7899238333333,3.0,0.0,0.0,true,3379,0
1773234336000,64.1232366833333,-21.7899238333333,0.0,0.0,0.0,true,3380,0
1773234339000,64.1232366833333,-21.7899238333333,3.0,0.0,0.0,true,3381,0
1773234342000,64.1232366833333,-21.7899238333333,3.0,0.0,0.0,true,3382,0
1773234342000,64.1232366833333,-21.7899238333333,0.0,0.0,0.0,true,3383,0
1773234347000,64.1232366833333,-21.7899238333333,5.0,0.0,0.0,true,3384,0
1773234350000,64.1232366833333,-21.7899238333333,3.0,0.0,0.0,true,3385,0
1773234350000,64.1232366833333,-21.7899238333333,0.0,0.0,0.0,true,3386,0
1773234354000,64.1232366833333,-21.7899238333333,4.0,0.0,0.0,true,3387,0
1773234356000,64.1232363666667,-21.7899225,2.0,0.1,0.1,true,3388,0
1773234356000,64.1232363666667,-21.7899225,0.0,0.0,0.0,true,3389,0
1773234360000,64.1232363666667,-21.7899225,4.0,0.0,0.0,true,3390,0
1773234362000,64.1232363666667,-21.7899225,2.0,0.0,0.0,true,3391,0
1773234362000,64.1232363666667,-21.7899225,0.0,0.0,0.0,true,3392,0
1773234362000,64.1232363666667,-21.7899225,0.0,0.0,0.0,true,3393,0
1773234362000,64.1232363666667,-21.7899225,0.0,0.0,0.0,true,3394,0
1773234366000,64.1232363666667,-21.7899225,4.0,0.0,0.0,true,3395,0
1773234373000,64.1232363666667,-21.7899225,7.0,0.0,0.0,true,3396,0
1773234373000,64.1232363666667,-21.7899225,0.0,0.0,0.0,true,3397,0
1773234375000,64.1232363666667,-21.7899225,2.0,0.0,0.0,true,3398,0
1773234378000,64.1232363666667,-21.7899225,3.0,0.0,0.0,true,3399,0
1773234378000,64.1232363666667,-21.7899225,0.0,0.0,0.0,true,3400,0
1773234380000,64.1232363666667,-21.7899225,2.0,0.0,0.0,true,3401,0
1773234384000,64.1232363666667,-21.7899225,4.0,0.0,0.0,true,3402,0
1773234384000,64.1232363666667,-21.7899225,0.0,0.0,0.0,true,3403,0
1773234386000,64.1232363666667,-21.7899225,2.0,0.0,0.0,true,3404,0
1773234390000,64.1232363666667,-21.7899225,4.0,0.0,0.0,true,3405,0
1773234390000,64.1232363666667,-21.7899225,0.0,0.0,0.0,true,3406,0
1773234393000,64.1232363666667,-21.7899225,3.0,0.0,0.0,true,3407,0
1773234397000,64.1232363666667,-21.7899225,4.0,0.0,0.0,true,3408,0
1773234397000,64.1232363666667,-21.7899225,0.0,0.0,0.0,true,3409,0
1773234400000,64.1232363666667,-21.7899225,3.0,0.0,0.0,true,3410,0
1773234400000,64.1232363666667,-21.7899225,0.0,0.0,0.0,true,3411,0
1773234403000,64.1232363666667,-21.7899225,3.0,0.0,0.0,true,3412,0
1773234406000,64.1232363666667,-21.7899225,3.0,0.0,0.0,true,3413,0
1773234406000,64.1232363666667,-21.7899225,0.0,0.0,0.0,true,3414,0
1773234408000,64.1232363666667,-21.7899225,2.0,0.0,0.0,true,3415,0
1773234411000,64.1232363666667,-21.7899225,3.0,0.0,0.0,true,3416,0
1773234411000,64.1232363666667,-21.7899225,0.0,0.0,0.0,true,3417,0
1773234413000,64.1232363666667,-21.7899225,2.0,0.0,0.0,true,3418,0
1773234417000,64.1232363666667,-21.7899225,4.0,0.0,0.0,true,3419,0
1773234417000,64.1232363666667,-21.7899225,0.0,0.0,0.0,true,3420,0
1773234422000,64.1232363666667,-21.7899225,5.0,0.0,0.0,true,3421,0
1773234422000,64.1232363666667,-21.7899225,0.0,0.0,0.0,true,3422,0
1773234424000,64.1232363666667,-21.7899225,2.0,0.0,0.0,true,3423,0
1773234428000,64.1232363666667,-21.7899225,4.0,0.0,0.0,true,3424,0
1773234428000,64.1232363666667,-21.7899225,0.0,0.0,0.0,true,3425,0
1773234428000,64.1232363666667,-21.7899225,0.0,0.0,0.0,true,3426,0
1773234433000,64.1232363666667,-21.7899225,5.0,0.0,0.0,true,3427,0
1773234436000,64.1232363666667,-21.7899225,3.0,0.0,0.0,true,3428,0
1773234436000,64.1232363666667,-21.7899225,0.0,0.0,0.0,true,3429,0
1773234441000,64.1232363666667,-21.7899225,5.0,0.0,0.0,true,3430,0
1773234444000,64.1232363666667,-21.7899225,3.0,0.0,0.0,true,3431,0
1773234446000,64.1232363666667,-21.7899225,2.0,0.0,0.0,true,3432,0
1773234450000,64.1232363666667,-21.7899225,4.0,0.0,0.0,true,3433,0
1773234450000,64.1232363666667,-21.7899225,0.0,0.0,0.0,true,3434,0
1773234452000,64.1232363666667,-21.7899225,2.0,0.0,0.0,true,3435,0
1773234454000,64.1232363666667,-21.7899225,2.0,0.0,0.0,true,3436,0
1773234454000,64.1232363666667,-21.7899225,0.0,0.0,0.0,true,3437,0
1773234454000,64.1232363666667,-21.7899225,0.0,0.0,0.0,true,3438,0
1773234456000,64.1232363666667,-21.7899225,2.0,0.0,0.0,true,3439,0
1773234459000,64.1232363666667,-21.7899225,3.0,0.0,0.0,true,3440,0
1773234463000,64.1232363666667,-21.7899225,4.0,0.0,0.0,true,3441,0
1773234466000,64.1232363666667,-21.7899225,3.0,0.0,0.0,true,3442,0
1773234469000,64.1232363666667,-21.7899225,3.0,0.0,0.0,true,3443,0
1773234469000,64.1232363666667,-21.7899225,0.0,0.0,0.0,true,3444,0
1773234469000,64.1232363666667,-21.7899225,0.0,0.0,0.0,true,3445,0
1773234473000,64.1232363666667,-21.7899225,4.0,0.0,0.0,true,3446,0
1773234473000,64.1232363666667,-21.7899225,0.0,0.0,0.0,true,3447,0
1773234476000,64.1232363666667,-21.7899225,3.0,0.0,0.0,true,3448,0
1773234478000,64.1232365,-21.7899218333333,2.0,0.0,0.1,true,3449,0
1773234478000,64.1232365,-21.7899218333333,0.0,0.0,0.0,true,3450,0
1773234481000,64.1232365,-21.7899218333333,3.0,0.0,0.0,true,3451,0
1773234481000,64.1232365,-21.7899218333333,0.0,0.0,0.0,true,3452,0
1773234486000,64.1232365,-21.7899218333333,5.0,0.0,0.0,true,3453,0
1773234486000,64.1232365,-21.7899218333333,0.0,0.0,0.0,true,3454,0
1773234493000,64.1232365,-21.7899218333333,7.0,0.0,0.0,true,3455,0
1773234493000,64.1232365,-21.7899218333333,0.0,0.0,0.0,true,3456,0
1773234496000,64.1232365,-21.7899218333333,3.0,0.0,0.0,true,3457,0
1773234499000,64.1232365,-21.7899218333333,3.0,0.0,0.0,true,3458,0
1773234499000,64.1232365,-21.7899218333333,0.0,0.0,0.0,true,3459,0
1773234501000,64.1232365,-21.7899218333333,2.0,0.0,0.0,true,3460,0
1773234501000,64.1232365,-21.7899218333333,0.0,0.0,0.0,true,3461,0
1773234504000,64.1232365,-21.7899218333333,3.0,0.0,0.0,true,3462,0
1773234506000,64.1232365,-21.7899218333333,2.0,0.0,0.0,true,3463,0
1773234510000,64.1232365,-21.7899218333333,4.0,0.0,0.0,true,3464,0
1773234510000,64.1232365,-21.7899218333333,0.0,0.0,0.0,true,3465,0
1773234510000,64.1232365,-21.7899218333333,0.0,0.0,0.0,true,3466,0
1773234516000,64.1232365,-21.7899218333333,6.0,0.0,0.0,true,3467,0
1773234518000,64.1232365,-21.7899218333333,2.0,0.0,0.0,true,3468,0
1773234521000,64.1232365,-21.7899218333333,3.0,0.0,0.0,true,3469,0
1773234521000,64.1232365,-21.7899218333333,0.0,0.0,0.0,true,3470,0
1773234526000,64.1232365,-21.7899218333333,5.0,0.0,0.0,true,3471,0
1773234526000,64.1232365,-21.7899218333333,0.0,0.0,0.0,true,3472,0
1773234531000,64.1232365,-21.7899218333333,5.0,0.0,0.0,true,3473,0
1773234533000,64.1232365,-21.7899218333333,2.0,0.0,0.0,true,3474,0
1773234536000,64.1232365,-21.7899218333333,3.0,0.0,0.0,true,3475,0
1773234536000,64.1232365,-21.7899218333333,0.0,0.0,0.0,true,3476,0
1773234538000,64.1232365,-21.7899218333333,2.0,0.0,0.0,true,3477,0
1773234538000,64.1232365,-21.7899218333333,0.0,0.0,0.0,true,3478,0
1773234541000,64.1232365,-21.7899218333333,3.0,0.0,0.0,true,3479,0
1773234545000,64.1232365,-21.7899218333333,4.0,0.0,0.0,true,3480,0
1773234547000,64.1232365,-21.7899218333333,2.0,0.0,0.0,true,3481,0
1773234547000,64.1232365,-21.7899218333333,0.0,0.0,0.0,true,3482,0
1773234553000,64.1232365,-21.7899218333333,6.0,0.0,0.0,true,3483,0
1773234553000,64.1232365,-21.7899218333333,0.0,0.0,0.0,true,3484,0
1773234553000,64.1232365,-21.7899218333333,0.0,0.0,0.0,true,3485,0
1773234558000,64.1232365,-21.7899218333333,5.0,0.0,0.0,true,3486,0
1773234558000,64.1232365,-21.7899218333333,0.0,0.0,0.0,true,3487,0
1773234562000,64.1232365,-21.7899218333333,4.0,0.0,0.0,true,3488,0
1773234564000,64.1232365,-21.7899218333333,2.0,0.0,0.0,true,3489,0
1773234564000,64.1232365,-21.7899218333333,0.0,0.0,0.0,true,3490,0
1773234566000,64.1232365,-21.7899218333333,2.0,0.0,0.0,true,3491,0
1773234570000,64.1232365,-21.7899218333333,4.0,0.0,0.0,true,3492,0
1773234570000,64.1232365,-21.7899218333333,0.0,0.0,0.0,true,3493,0
1773234574000,64.1232365,-21.7899218333333,4.0,0.0,0.0,true,3494,0
1773234574000,64.1232365,-21.7899218333333,0.0,0.0,0.0,true,3495,0
1773234574000,64.1232365,-21.7899218333333,0.0,0.0,0.0,true,3496,0
1773234580000,64.1232365,-21.7899218333333,6.0,0.0,0.0,true,3497,0
1773234580000,64.1232365,-21.7899218333333,0.0,0.0,0.0,true,3498,0
1773234583000,64.1232365,-21.7899218333333,3.0,0.0,0.0,true,3499,0
1773234585000,64.1232365,-21.7899218333333,2.0,0.0,0.0,true,3500,0
1773234585000,64.1232365,-21.7899218333333,0.0,0.0,0.0,true,3501,0
1773234588000,64.1232365,-21.7899218333333,3.0,0.0,0.0,true,3502,0
1773234593000,64.1232365,-21.7899218333333,5.0,0.0,0.0,true,3503,0
1773234593000,64.1232365,-21.7899218333333,0.0,0.0,0.0,true,3504,0
1773234593000,64.1232365,-21.7899218333333,0.0,0.0,0.0,true,3505,0
1773234593000,64.1232365,-21.7899218333333,0.0,0.0,0.0,true,3506,0
1773234600000,64.1232376666667,-21.7899211666667,7.0,0.1,0.1,true,3507,0
1773234600000,64.1232376666667,-21.7899211666667,0.0,0.0,0.0,true,3508,0
1773234602000,64.1232376666667,-21.7899211666667,2.0,0.0,0.0,true,3509,0
1773234605000,64.1232376666667,-21.7899211666667,3.0,0.0,0.0,true,3510,0
1773234605000,64.1232376666667,-21.7899211666667,0.0,0.0,0.0,true,3511,0
1773234609000,64.1232376666667,-21.7899211666667,4.0,0.0,0.0,true,3512,0
1773234611000,64.1232376666667,-21.7899211666667,2.0,0.0,0.0,true,3513,0
1773234613000,64.1232376666667,-21.7899211666667,2.0,0.0,0.0,true,3514,0
1773234613000,64.1232376666667,-21.7899211666667,0.0,0.0,0.0,true,3515,0
1773234617000,64.1232376666667,-21.7899211666667,4.0,0.0,0.0,true,3516,0
1773234621000,64.1232376666667,-21.7899211666667,4.0,0.0,0.0,true,3517,0
1773234621000,64.1232376666667,-21.7899211666667,0.0,0.0,0.0,true,3518,0
1773234623000,64.1232376666667,-21.7899211666667,2.0,0.0,0.0,true,3519,0
1773234626000,64.1232376666667,-21.7899211666667,3.0,0.0,0.0,true,3520,0
1773234628000,64.1232376666667,-21.7899211666667,2.0,0.0,0.0,true,3521,0
1773234628000,64.1232376666667,-21.7899211666667,0.0,0.0,0.0,true,3522,0
1773234628000,64.1232376666667,-21.7899211666667,0.0,0.0,0.0,true,3523,0
1773234634000,64.1232376666667,-21.7899211666667,6.0,0.0,0.0,true,3524,0
1773234634000,64.1232376666667,-21.7899211666667,0.0,0.0,0.0,true,3525,0
1773234634000,64.1232376666667,-21.7899211666667,0.0,0.0,0.0,true,3526,0
1773234638000,64.1232376666667,-21.7899211666667,4.0,0.0,0.0,true,3527,0
1773234642000,64.1232376666667,-21.7899211666667,4.0,0.0,0.0,true,3528,0
1773234642000,64.1232376666667,-21.7899211666667,0.0,0.0,0.0,true,3529,0
1773234645000,64.1232376666667,-21.7899211666667,3.0,0.0,0.0,true,3530,0
1773234648000,64.1232376666667,-21.7899211666667,3.0,0.0,0.0,true,3531,0
1773234648000,64.1232376666667,-21.7899211666667,0.0,0.0,0.0,true,3532,0
1773234651000,64.1232376666667,-21.7899211666667,3.0,0.0,0.0,true,3533,0
1773234655000,64.1232376666667,-21.7899211666667,4.0,0.0,0.0,true,3534,0
1773234658000,64.1232376666667,-21.7899211666667,3.0,0.0,0.0,true,3535,0
1773234662000,64.1232376666667,-21.7899211666667,4.0,0.0,0.0,true,3536,0
1773234664000,64.1232376666667,-21.7899211666667,2.0,0.0,0.0,true,3537,0
1773234664000,64.1232376666667,-21.7899211666667,0.0,0.0,0.0,true,3538,0
1773234668000,64.1232376666667,-21.7899211666667,4.0,0.0,0.0,true,3539,0
1773234670000,64.1232376666667,-21.7899211666667,2.0,0.0,0.0,true,3540,0
1773234674000,64.1232376666667,-21.7899211666667,4.0,0.0,0.0,true,3541,0
1773234674000,64.1232376666667,-21.7899211666667,0.0,0.0,0.0,true,3542,0
1773234674000,64.1232376666667,-21.7899211666667,0.0,0.0,0.0,true,3543,0
1773234678000,64.1232376666667,-21.7899211666667,4.0,0.0,0.0,true,3544,0
1773234678000,64.1232376666667,-21.7899211666667,0.0,0.0,0.0,true,3545,0
1773234678000,64.1232376666667,-21.7899211666667,0.0,0.0,0.0,true,3546,0
1773234683000,64.1232376666667,-21.7899211666667,5.0,0.0,0.0,true,3547,0
1773234683000,64.1232376666667,-21.7899211666667,0.0,0.0,0.0,true,3548,0
1773234687000,64.1232376666667,-21.7899211666667,4.0,0.0,0.0,true,3549,0
1773234689000,64.1232376666667,-21.7899211666667,2.0,0.0,0.0,true,3550,0
1773234693000,64.1232376666667,-21.7899211666667,4.0,0.0,0.0,true,3551,0
1773234695000,64.1232376666667,-21.7899211666667,2.0,0.0,0.0,true,3552,0
1773234695000,64.1232376666667,-21.7899211666667,0.0,0.0,0.0,true,3553,0
1773234699000,64.1232376666667,-21.7899211666667,4.0,0.0,0.0,true,3554,0
1773234702000,64.1232376666667,-21.7899211666667,3.0,0.0,0.0,true,3555,0
1773234702000,64.1232376666667,-21.7899211666667,0.0,0.0,0.0,true,3556,0
1773234704000,64.1232376666667,-21.7899211666667,2.0,0.0,0.0,true,3557,0
1773234706000,64.1232376666667,-21.7899211666667,2.0,0.0,0.0,true,3558,0
1773234706000,64.1232376666667,-21.7899211666667,0.0,0.0,0.0,true,3559,0
1773234706000,64.1232376666667,-21.7899211666667,0.0,0.0,0.0,true,3560,0
1773234706000,64.1232376666667,-21.7899211666667,0.0,0.0,0.0,true,3561,0
1773234713000,64.1232376666667,-21.7899211666667,7.0,0.0,0.0,true,3562,0
1773234718000,64.1232376666667,-21.7899211666667,5.0,0.0,0.0,true,3563,0
1773234718000,64.1232376666667,-21.7899211666667,0.0,0.0,0.0,true,3564,0
1773234720000,64.1232389333333,-21.7899183333333,2.0,0.2,0.4,true,3565,0
1773234722000,64.1232389333333,-21.7899183333333,2.0,0.0,0.0,true,3566,0
1773234722000,64.1232389333333,-21.7899183333333,0.0,0.0,0.0,true,3567,0
1773234726000,64.1232389333333,-21.7899183333333,4.0,0.0,0.0,true,3568,0
1773234726000,64.1232389333333,-21.7899183333333,0.0,0.0,0.0,true,3569,0
1773234728000,64.1232389333333,-21.7899183333333,2.0,0.0,0.0,true,3570,0
1773234728000,64.1232389333333,-21.7899183333333,0.0,0.0,0.0,true,3571,0
1773234732000,64.1232389333333,-21.7899183333333,4.0,0.0,0.0,true,3572,0
1773234738000,64.1232389333333,-21.7899183333333,6.0,0.0,0.0,true,3573,0
1773234738000,64.1232389333333,-21.7899183333333,0.0,0.0,0.0,true,3574,0
1773234738000,64.1232389333333,-21.7899183333333,0.0,0.0,0.0,true,3575,0
1773234738000,64.1232389333333,-21.7899183333333,0.0,0.0,0.0,true,3576,0
1773234743000,64.1232389333333,-21.7899183333333,5.0,0.0,0.0,true,3577,0
1773234745000,64.1232389333333,-21.7899183333333,2.0,0.0,0.0,true,3578,0
1773234749000,64.1232389333333,-21.7899183333333,4.0,0.0,0.0,true,3579,0
1773234751000,64.1232389333333,-21.7899183333333,2.0,0.0,0.0,true,3580,0
1773234751000,64.1232389333333,-21.7899183333333,0.0,0.0,0.0,true,3581,0
1773234753000,64.1232389333333,-21.7899183333333,2.0,0.0,0.0,true,3582,0
1773234753000,64.1232389333333,-21.7899183333333,0.0,0.0,0.0,true,3583,0
1773234756000,64.1232389333333,-21.7899183333333,3.0,0.0,0.0,true,3584,0
1773234760000,64.1232389333333,-21.7899183333333,4.0,0.0,0.0,true,3585,0
1773234760000,64.1232389333333,-21.7899183333333,0.0,0.0,0.0,true,3586,0
1773234762000,64.1232389333333,-21.7899183333333,2.0,0.0,0.0,true,3587,0
1773234764000,64.1232389333333,-21.7899183333333,2.0,0.0,0.0,true,3588,0
1773234764000,64.1232389333333,-21.7899183333333,0.0,0.0,0.0,true,3589,0
1773234770000,64.1232389333333,-21.7899183333333,6.0,0.0,0.0,true,3590,0
1773234770000,64.1232389333333,-21.7899183333333,0.0,0.0,0.0,true,3591,0
1773234774000,64.1232389333333,-21.7899183333333,4.0,0.0,0.0,true,3592,0
1773234774000,64.1232389333333,-21.7899183333333,0.0,0.0,0.0,true,3593,0
1773234774000,64.1232389333333,-21.7899183333333,0.0,0.0,0.0,true,3594,0
1773234779000,64.1232389333333,-21.7899183333333,5.0,0.0,0.0,true,3595,0
1773234781000,64.1232389333333,-21.7899183333333,2.0,0.0,0.0,true,3596,0
1773234785000,64.1232389333333,-21.7899183333333,4.0,0.0,0.0,true,3597,0
1773234785000,64.1232389333333,-21.7899183333333,0.0,0.0,0.0,true,3598,0
1773234787000,64.1232389333333,-21.7899183333333,2.0,0.0,0.0,true,3599,0
1773234789000,64.1232389333333,-21.7899183333333,2.0,0.0,0.0,true,3600,0
1773234792000,64.1232389333333,-21.7899183333333,3.0,0.0,0.0,true,3601,0
1773234794000,64.1232389333333,-21.7899183333333,2.0,0.0,0.0,true,3602,0
1773234794000,64.1232389333333,-21.7899183333333,0.0,0.0,0.0,true,3603,0
1773234798000,64.1232389333333,-21.7899183333333,4.0,0.0,0.0,true,3604,0
1773234800000,64.1232389333333,-21.7899183333333,2.0,0.0,0.0,true,3605,0
1773234800000,64.1232389333333,-21.7899183333333,0.0,0.0,0.0,true,3606,0
1773234804000,64.1232389333333,-21.7899183333333,4.0,0.0,0.0,true,3607,0
1773234804000,64.1232389333333,-21.7899183333333,0.0,0.0,0.0,true,3608,0
1773234806000,64.1232389333333,-21.7899183333333,2.0,0.0,0.0,true,3609,0
1773234810000,64.1232389333333,-21.7899183333333,4.0,0.0,0.0,true,3610,0
1773234810000,64.1232389333333,-21.7899183333333,0.0,0.0,0.0,true,3611,0
1773234812000,64.1232389333333,-21.7899183333333,2.0,0.0,0.0,true,3612,0
1773234817000,64.1232389333333,-21.7899183333333,5.0,0.0,0.0,true,3613,0
1773234817000,64.1232389333333,-21.7899183333333,0.0,0.0,0.0,true,3614,0
1773234819000,64.1232389333333,-21.7899183333333,2.0,0.0,0.0,true,3615,0
1773234823000,64.1232389333333,-21.7899183333333,4.0,0.0,0.0,true,3616,0
1773234823000,64.1232389333333,-21.7899183333333,0.0,0.0,0.0,true,3617,0
1773234825000,64.1232389333333,-21.7899183333333,2.0,0.0,0.0,true,3618,0
1773234825000,64.1232389333333,-21.7899183333333,0.0,0.0,0.0,true,3619,0
1773234829000,64.1232389333333,-21.7899183333333,4.0,0.0,0.0,true,3620,0
1773234831000,64.1232389333333,-21.7899183333333,2.0,0.0,0.0,true,3621,0
1773234831000,64.1232389333333,-21.7899183333333,0.0,0.0,0.0,true,3622,0
1773234833000,64.1232389333333,-21.7899183333333,2.0,0.0,0.0,true,3623,0
1773234835000,64.1232389333333,-21.7899183333333,2.0,0.0,0.0,true,3624,0
1773234838000,64.1232389333333,-21.7899183333333,3.0,0.0,0.0,true,3625,0
1773234838000,64.1232389333333,-21.7899183333333,0.0,0.0,0.0,true,3626,0
1773234843000,64.1232407166667,-21.7899161666667,5.0,0.2,0.2,true,3627,0
1773234843000,64.1232407166667,-21.7899161666667,0.0,0.0,0.0,true,3628,0
1773234848000,64.1232407166667,-21.7899161666667,5.0,0.0,0.0,true,3629,0
1773234850000,64.1232407166667,-21.7899161666667,2.0,0.0,0.0,true,3630,0
1773234850000,64.1232407166667,-21.7899161666667,0.0,0.0,0.0,true,3631,0
1773234853000,64.1232407166667,-21.7899161666667,3.0,0.0,0.0,true,3632,0
1773234853000,64.1232407166667,-21.7899161666667,0.0,0.0,0.0,true,3633,0
1773234856000,64.1232407166667,-21.7899161666667,3.0,0.0,0.0,true,3634,0
1773234859000,64.1232407166667,-21.7899161666667,3.0,0.0,0.0,true,3635,0
1773234861000,64.1232407166667,-21.7899161666667,2.0,0.0,0.0,true,3636,0
1773234861000,64.1232407166667,-21.7899161666667,0.0,0.0,0.0,true,3637,0
1773234865000,64.1232407166667,-21.7899161666667,4.0,0.0,0.0,true,3638,0
1773234865000,64.1232407166667,-21.7899161666667,0.0,0.0,0.0,true,3639,0
1773234870000,64.1232407166667,-21.7899161666667,5.0,0.0,0.0,true,3640,0
1773234870000,64.1232407166667,-21.7899161666667,0.0,0.0,0.0,true,3641,0
1773234874000,64.1232407166667,-21.7899161666667,4.0,0.0,0.0,true,3642,0
1773234876000,64.1232407166667,-21.7899161666667,2.0,0.0,0.0,true,3643,0
1773234876000,64.1232407166667,-21.7899161666667,0.0,0.0,0.0,true,3644,0
1773234876000,64.1232407166667,-21.7899161666667,0.0,0.0,0.0,true,3645,0
1773234879000,64.1232407166667,-21.7899161666667,3.0,0.0,0.0,true,3646,0
1773234885000,64.1232407166667,-21.7899161666667,6.0,0.0,0.0,true,3647,0
1773234885000,64.1232407166667,-21.7899161666667,0.0,0.0,0.0,true,3648,0
1773234894000,64.1232407166667,-21.7899161666667,9.0,0.0,0.0,true,3649,0
1773234894000,64.1232407166667,-21.7899161666667,0.0,0.0,0.0,true,3650,0
1773234896000,64.1232407166667,-21.7899161666667,2.0,0.0,0.0,true,3651,0
1773234898000,64.1232407166667,-21.7899161666667,2.0,0.0,0.0,true,3652,0
1773234900000,64.1232407166667,-21.7899161666667,2.0,0.0,0.0,true,3653,0
1773234905000,64.1232407166667,-21.7899161666667,5.0,0.0,0.0,true,3654,0
1773234905000,64.1232407166667,-21.7899161666667,0.0,0.0,0.0,true,3655,0
1773234907000,64.1232407166667,-21.7899161666667,2.0,0.0,0.0,true,3656,0
1773234911000,64.1232407166667,-21.7899161666667,4.0,0.0,0.0,true,3657,0
1773234911000,64.1232407166667,-21.7899161666667,0.0,0.0,0.0,true,3658,0
1773234913000,64.1232407166667,-21.7899161666667,2.0,0.0,0.0,true,3659,0
1773234913000,64.1232407166667,-21.7899161666667,0.0,0.0,0.0,true,3660,0
1773234919000,64.1232407166667,-21.7899161666667,6.0,0.0,0.0,true,3661,0
1773234919000,64.1232407166667,-21.7899161666667,0.0,0.0,0.0,true,3662,0
1773234921000,64.1232407166667,-21.7899161666667,2.0,0.0,0.0,true,3663,0
1773234925000,64.1232407166667,-21.7899161666667,4.0,0.0,0.0,true,3664,0
1773234925000,64.1232407166667,-21.7899161666667,0.0,0.0,0.0,true,3665,0
1773234925000,64.1232407166667,-21.7899161666667,0.0,0.0,0.0,true,3666,0
1773234928000,64.1232407166667,-21.7899161666667,3.0,0.0,0.0,true,3667,0
1773234930000,64.1232407166667,-21.7899161666667,2.0,0.0,0.0,true,3668,0
1773234935000,64.1232407166667,-21.7899161666667,5.0,0.0,0.0,true,3669,0
1773234937000,64.1232407166667,-21.7899161666667,2.0,0.0,0.0,true,3670,0
1773234937000,64.1232407166667,-21.7899161666667,0.0,0.0,0.0,true,3671,0
1773234939000,64.1232407166667,-21.7899161666667,2.0,0.0,0.0,true,3672,0
1773234941000,64.1232407166667,-21.7899161666667,2.0,0.0,0.0,true,3673,0
1773234945000,64.1232407166667,-21.7899161666667,4.0,0.0,0.0,true,3674,0
1773234945000,64.1232407166667,-21.7899161666667,0.0,0.0,0.0,true,3675,0
1773234949000,64.1232407166667,-21.7899161666667,4.0,0.0,0.0,true,3676,0
1773234949000,64.1232407166667,-21.7899161666667,0.0,0.0,0.0,true,3677,0
1773234951000,64.1232407166667,-21.7899161666667,2.0,0.0,0.0,true,3678,0
1773234954000,64.1232407166667,-21.7899161666667,3.0,0.0,0.0,true,3679,0
1773234956000,64.1232407166667,-21.7899161666667,2.0,0.0,0.0,true,3680,0
1773234956000,64.1232407166667,-21.7899161666667,0.0,0.0,0.0,true,3681,0
1773234958000,64.1232407166667,-21.7899161666667,2.0,0.0,0.0,true,3682,0
1773234958000,64.1232407166667,-21.7899161666667,0.0,0.0,0.0,true,3683,0
1773234964000,64.1232411166667,-21.7899158333333,6.0,0.0,0.0,true,3684,0
1773234964000,64.1232411166667,-21.7899158333333,0.0,0.0,0.0,true,3685,0
1773234968000,64.1232411166667,-21.7899158333333,4.0,0.0,0.0,true,3686,0
1773234970000,64.1232411166667,-21.7899158333333,2.0,0.0,0.0,true,3687,0
1773234970000,64.1232411166667,-21.7899158333333,0.0,0.0,0.0,true,3688,0
1773234973000,64.1232411166667,-21.7899158333333,3.0,0.0,0.0,true,3689,0
1773234975000,64.1232411166667,-21.7899158333333,2.0,0.0,0.0,true,3690,0
1773234975000,64.1232411166667,-21.7899158333333,0.0,0.0,0.0,true,3691,0
1773234979000,64.1232411166667,-21.7899158333333,4.0,0.0,0.0,true,3692,0
1773234981000,64.1232411166667,-21.7899158333333,2.0,0.0,0.0,true,3693,0
1773234983000,64.1232411166667,-21.7899158333333,2.0,0.0,0.0,true,3694,0
1773234985000,64.1232411166667,-21.7899158333333,2.0,0.0,0.0,true,3695,0
1773234990000,64.1232411166667,-21.7899158333333,5.0,0.0,0.0,true,3696,0
1773234992000,64.1232411166667,-21.7899158333333,2.0,0.0,0.0,true,3697,0
1773234992000,64.1232411166667,-21.7899158333333,0.0,0.0,0.0,true,3698,0
1773234994000,64.1232411166667,-21.7899158333333,2.0,0.0,0.0,true,3699,0
1773234994000,64.1232411166667,-21.7899158333333,0.0,0.0,0.0,true,3700,0
1773234998000,64.1232411166667,-21.7899158333333,4.0,0.0,0.0,true,3701,0
1773235004000,64.1232411166667,-21.7899158333333,6.0,0.0,0.0,true,3702,0
1773235004000,64.1232411166667,-21.7899158333333,0.0,0.0,0.0,true,3703,0
1773235006000,64.1232411166667,-21.7899158333333,2.0,0.0,0.0,true,3704,0
1773235008000,64.1232411166667,-21.7899158333333,2.0,0.0,0.0,true,3705,0
1773235008000,64.1232411166667,-21.7899158333333,0.0,0.0,0.0,true,3706,0
1773235010000,64.1232411166667,-21.7899158333333,2.0,0.0,0.0,true,3707,0
1773235015000,64.1232411166667,-21.7899158333333,5.0,0.0,0.0,true,3708,0
1773235015000,64.1232411166667,-21.7899158333333,0.0,0.0,0.0,true,3709,0
1773235017000,64.1232411166667,-21.7899158333333,2.0,0.0,0.0,true,3710,0
1773235022000,64.1232411166667,-21.7899158333333,5.0,0.0,0.0,true,3711,0
1773235022000,64.1232411166667,-21.7899158333333,0.0,0.0,0.0,true,3712,0
1773235024000,64.1232411166667,-21.7899158333333,2.0,0.0,0.0,true,3713,0
1773235024000,64.1232411166667,-21.7899158333333,0.0,0.0,0.0,true,3714,0
1773235028000,64.1232411166667,-21.7899158333333,4.0,0.0,0.0,true,3715,0
1773235030000,64.1232411166667,-21.7899158333333,2.0,0.0,0.0,true,3716,0
1773235030000,64.1232411166667,-21.7899158333333,0.0,0.0,0.0,true,3717,0
1773235032000,64.1232411166667,-21.7899158333333,2.0,0.0,0.0,true,3718,0
1773235035000,64.1232411166667,-21.7899158333333,3.0,0.0,0.0,true,3719,0
1773235035000,64.1232411166667,-21.7899158333333,0.0,0.0,0.0,true,3720,0
1773235039000,64.1232411166667,-21.7899158333333,4.0,0.0,0.0,true,3721,0
1773235039000,64.1232411166667,-21.7899158333333,0.0,0.0,0.0,true,3722,0
1773235045000,64.1232411166667,-21.7899158333333,6.0,0.0,0.0,true,3723,0
1773235047000,64.1232411166667,-21.7899158333333,2.0,0.0,0.0,true,3724,0
1773235047000,64.1232411166667,-21.7899158333333,0.0,0.0,0.0,true,3725,0
1773235049000,64.1232411166667,-21.7899158333333,2.0,0.0,0.0,true,3726,0
1773235051000,64.1232411166667,-21.7899158333333,2.0,0.0,0.0,true,3727,0
1773235051000,64.1232411166667,-21.7899158333333,0.0,0.0,0.0,true,3728,0
1773235056000,64.1232411166667,-21.7899158333333,5.0,0.0,0.0,true,3729,0
1773235058000,64.1232411166667,-21.7899158333333,2.0,0.0,0.0,true,3730,0
1773235058000,64.1232411166667,-21.7899158333333,0.0,0.0,0.0,true,3731,0
1773235060000,64.1232411166667,-21.7899158333333,2.0,0.0,0.0,true,3732,0
1773235066000,64.1232411166667,-21.7899158333333,6.0,0.0,0.0,true,3733,0
1773235066000,64.1232411166667,-21.7899158333333,0.0,0.0,0.0,true,3734,0
1773235070000,64.1232411166667,-21.7899158333333,4.0,0.0,0.0,true,3735,0
1773235070000,64.1232411166667,-21.7899158333333,0.0,0.0,0.0,true,3736,0
1773235072000,64.1232411166667,-21.7899158333333,2.0,0.0,0.0,true,3737,0
1773235075000,64.1232411166667,-21.7899158333333,3.0,0.0,0.0,true,3738,0
1773235077000,64.1232411166667,-21.7899158333333,2.0,0.0,0.0,true,3739,0
1773235077000,64.1232411166667,-21.7899158333333,0.0,0.0,0.0,true,3740,0
1773235079000,64.1232411166667,-21.7899158333333,2.0,0.0,0.0,true,3741,0
1773235079000,64.1232411166667,-21.7899158333333,0.0,0.0,0.0,true,3742,0
1773235083000,64.1232411166667,-21.7899158333333,4.0,0.0,0.0,true,3743,0
1773235086000,64.1232410166667,-21.7899165,3.0,0.0,0.0,true,3744,0
1773235086000,64.1232410166667,-21.7899165,0.0,0.0,0.0,true,3745,0
1773235088000,64.1232410166667,-21.7899165,2.0,0.0,0.0,true,3746,0
1773235090000,64.1232410166667,-21.7899165,2.0,0.0,0.0,true,3747,0
1773235090000,64.1232410166667,-21.7899165,0.0,0.0,0.0,true,3748,0
1773235092000,64.1232410166667,-21.7899165,2.0,0.0,0.0,true,3749,0
1773235099000,64.1232410166667,-21.7899165,7.0,0.0,0.0,true,3750,0
1773235099000,64.1232410166667,-21.7899165,0.0,0.0,0.0,true,3751,0
1773235103000,64.1232410166667,-21.7899165,4.0,0.0,0.0,true,3752,0
1773235103000,64.1232410166667,-21.7899165,0.0,0.0,0.0,true,3753,0
1773235105000,64.1232410166667,-21.7899165,2.0,0.0,0.0,true,3754,0
1773235109000,64.1232410166667,-21.7899165,4.0,0.0,0.0,true,3755,0
1773235109000,64.1232410166667,-21.7899165,0.0,0.0,0.0,true,3756,0
1773235111000,64.1232410166667,-21.7899165,2.0,0.0,0.0,true,3757,0
1773235113000,64.1232410166667,-21.7899165,2.0,0.0,0.0,true,3758,0
1773235117000,64.1232410166667,-21.7899165,4.0,0.0,0.0,true,3759,0
1773235120000,64.1232410166667,-21.7899165,3.0,0.0,0.0,true,3760,0
1773235120000,64.1232410166667,-21.7899165,0.0,0.0,0.0,true,3761,0
1773235124000,64.1232410166667,-21.7899165,4.0,0.0,0.0,true,3762,0
1773235126000,64.1232410166667,-21.7899165,2.0,0.0,0.0,true,3763,0
1773235126000,64.1232410166667,-21.7899165,0.0,0.0,0.0,true,3764,0
1773235128000,64.1232410166667,-21.7899165,2.0,0.0,0.0,true,3765,0
1773235132000,64.1232410166667,-21.7899165,4.0,0.0,0.0,true,3766,0
1773235132000,64.1232410166667,-21.7899165,0.0,0.0,0.0,true,3767,0
1773235137000,64.1232410166667,-21.7899165,5.0,0.0,0.0,true,3768,0
1773235137000,64.1232410166667,-21.7899165,0.0,0.0,0.0,true,3769,0
1773235139000,64.1232410166667,-21.7899165,2.0,0.0,0.0,true,3770,0
1773235142000,64.1232410166667,-21.7899165,3.0,0.0,0.0,true,3771,0
1773235142000,64.1232410166667,-21.7899165,0.0,0.0,0.0,true,3772,0
1773235144000,64.1232410166667,-21.7899165,2.0,0.0,0.0,true,3773,0
1773235148000,64.1232410166667,-21.7899165,4.0,0.0,0.0,true,3774,0
1773235148000,64.1232410166667,-21.7899165,0.0,0.0,0.0,true,3775,0
1773235152000,64.1232410166667,-21.7899165,4.0,0.0,0.0,true,3776,0
1773235152000,64.1232410166667,-21.7899165,0.0,0.0,0.0,true,3777,0
1773235154000,64.1232410166667,-21.7899165,2.0,0.0,0.0,true,3778,0
1773235158000,64.1232410166667,-21.7899165,4.0,0.0,0.0,true,3779,0
1773235161000,64.1232410166667,-21.7899165,3.0,0.0,0.0,true,3780,0
1773235161000,64.1232410166667,-21.7899165,0.0,0.0,0.0,true,3781,0
1773235164000,64.1232410166667,-21.7899165,3.0,0.0,0.0,true,3782,0
1773235164000,64.1232410166667,-21.7899165,0.0,0.0,0.0,true,3783,0
1773235167000,64.1232410166667,-21.7899165,3.0,0.0,0.0,true,3784,0
1773235169000,64.1232410166667,-21.7899165,2.0,0.0,0.0,true,3785,0
1773235169000,64.1232410166667,-21.7899165,0.0,0.0,0.0,true,3786,0
1773235174000,64.1232410166667,-21.7899165,5.0,0.0,0.0,true,3787,0
1773235176000,64.1232410166667,-21.7899165,2.0,0.0,0.0,true,3788,0
1773235176000,64.1232410166667,-21.7899165,0.0,0.0,0.0,true,3789,0
1773235180000,64.1232410166667,-21.7899165,4.0,0.0,0.0,true,3790,0
1773235182000,64.1232410166667,-21.7899165,2.0,0.0,0.0,true,3791,0
1773235182000,64.1232410166667,-21.7899165,0.0,0.0,0.0,true,3792,0
1773235188000,64.1232410166667,-21.7899165,6.0,0.0,0.0,true,3793,0
1773235188000,64.1232410166667,-21.7899165,0.0,0.0,0.0,true,3794,0
1773235188000,64.1232410166667,-21.7899165,0.0,0.0,0.0,true,3795,0
1773235193000,64.1232410166667,-21.7899165,5.0,0.0,0.0,true,3796,0
1773235193000,64.1232410166667,-21.7899165,0.0,0.0,0.0,true,3797,0
1773235195000,64.1232410166667,-21.7899165,2.0,0.0,0.0,true,3798,0
1773235197000,64.1232410166667,-21.7899165,2.0,0.0,0.0,true,3799,0
1773235197000,64.1232410166667,-21.7899165,0.0,0.0,0.0,true,3800,0
1773235201000,64.1232410166667,-21.7899165,4.0,0.0,0.0,true,3801,0
1773235201000,64.1232410166667,-21.7899165,0.0,0.0,0.0,true,3802,0
1773235205000,64.1232410166667,-21.7899165,4.0,0.0,0.0,true,3803,0
1773235209000,64.1232415833333,-21.789917,4.0,0.1,0.1,true,3804,0
1773235209000,64.1232415833333,-21.789917,0.0,0.0,0.0,true,3805,0
1773235212000,64.1232415833333,-21.789917,3.0,0.0,0.0,true,3806,0
1773235214000,64.1232415833333,-21.789917,2.0,0.0,0.0,true,3807,0
1773235214000,64.1232415833333,-21.789917,0.0,0.0,0.0,true,3808,0
1773235219000,64.1232415833333,-21.789917,5.0,0.0,0.0,true,3809,0
1773235221000,64.1232415833333,-21.789917,2.0,0.0,0.0,true,3810,0
1773235221000,64.1232415833333,-21.789917,0.0,0.0,0.0,true,3811,0
1773235223000,64.1232415833333,-21.789917,2.0,0.0,0.0,true,3812,0
1773235227000,64.1232415833333,-21.789917,4.0,0.0,0.0,true,3813,0
1773235227000,64.1232415833333,-21.789917,0.0,0.0,0.0,true,3814,0
1773235229000,64.1232415833333,-21.789917,2.0,0.0,0.0,true,3815,0
1773235229000,64.1232415833333,-21.789917,0.0,0.0,0.0,true,3816,0
1773235234000,64.1232415833333,-21.789917,5.0,0.0,0.0,true,3817,0
1773235236000,64.1232415833333,-21.789917,2.0,0.0,0.0,true,3818,0
1773235236000,64.1232415833333,-21.789917,0.0,0.0,0.0,true,3819,0
1773235241000,64.1232415833333,-21.789917,5.0,0.0,0.0,true,3820,0
1773235241000,64.1232415833333,-21.789917,0.0,0.0,0.0,true,3821,0
1773235243000,64.1232415833333,-21.789917,2.0,0.0,0.0,true,3822,0
1773235247000,64.1232415833333,-21.789917,4.0,0.0,0.0,true,3823,0
1773235247000,64.1232415833333,-21.789917,0.0,0.0,0.0,true,3824,0
1773235249000,64.1232415833333,-21.789917,2.0,0.0,0.0,true,3825,0
1773235251000,64.1232415833333,-21.789917,2.0,0.0,0.0,true,3826,0
1773235254000,64.1232415833333,-21.789917,3.0,0.0,0.0,true,3827,0
1773235256000,64.1232415833333,-21.789917,2.0,0.0,0.0,true,3828,0
1773235260000,64.1232415833333,-21.789917,4.0,0.0,0.0,true,3829,0
1773235260000,64.1232415833333,-21.789917,0.0,0.0,0.0,true,3830,0
1773235262000,64.1232415833333,-21.789917,2.0,0.0,0.0,true,3831,0
1773235262000,64.1232415833333,-21.789917,0.0,0.0,0.0,true,3832,0
1773235266000,64.1232415833333,-21.789917,4.0,0.0,0.0,true,3833,0
1773235268000,64.1232415833333,-21.789917,2.0,0.0,0.0,true,3834,0
1773235268000,64.1232415833333,-21.789917,0.0,0.0,0.0,true,3835,0
1773235272000,64.1232415833333,-21.789917,4.0,0.0,0.0,true,3836,0
1773235272000,64.1232415833333,-21.789917,0.0,0.0,0.0,true,3837,0
1773235276000,64.1232415833333,-21.789917,4.0,0.0,0.0,true,3838,0
1773235279000,64.1232415833333,-21.789917,3.0,0.0,0.0,true,3839,0
1773235279000,64.1232415833333,-21.789917,0.0,0.0,0.0,true,3840,0
1773235281000,64.1232415833333,-21.789917,2.0,0.0,0.0,true,3841,0
1773235285000,64.1232415833333,-21.789917,4.0,0.0,0.0,true,3842,0
1773235287000,64.1232415833333,-21.789917,2.0,0.0,0.0,true,3843,0
1773235287000,64.1232415833333,-21.789917,0.0,0.0,0.0,true,3844,0
1773235291000,64.1232415833333,-21.789917,4.0,0.0,0.0,true,3845,0
1773235291000,64.1232415833333,-21.789917,0.0,0.0,0.0,true,3846,0
1773235293000,64.1232415833333,-21.789917,2.0,0.0,0.0,true,3847,0
1773235293000,64.1232415833333,-21.789917,0.0,0.0,0.0,true,3848,0
1773235298000,64.1232415833333,-21.789917,5.0,0.0,0.0,true,3849,0
1773235298000,64.1232415833333,-21.789917,0.0,0.0,0.0,true,3850,0
1773235304000,64.1232415833333,-21.789917,6.0,0.0,0.0,true,3851,0
1773235304000,64.1232415833333,-21.789917,0.0,0.0,0.0,true,3852,0
1773235307000,64.1232415833333,-21.789917,3.0,0.0,0.0,true,3853,0
1773235307000,64.1232415833333,-21.789917,0.0,0.0,0.0,true,3854,0
1773235309000,64.1232415833333,-21.789917,2.0,0.0,0.0,true,3855,0
1773235311000,64.1232415833333,-21.789917,2.0,0.0,0.0,true,3856,0
1773235315000,64.1232415833333,-21.789917,4.0,0.0,0.0,true,3857,0
1773235315000,64.1232415833333,-21.789917,0.0,0.0,0.0,true,3858,0
1773235315000,64.1232415833333,-21.789917,0.0,0.0,0.0,true,3859,0
1773235319000,64.1232415833333,-21.789917,4.0,0.0,0.0,true,3860,0
1773235323000,64.1232415833333,-21.789917,4.0,0.0,0.0,true,3861,0
1773235326000,64.1232415833333,-21.789917,3.0,0.0,0.0,true,3862,0
1773235326000,64.1232415833333,-21.789917,0.0,0.0,0.0,true,3863,0
1773235326000,64.1232415833333,-21.789917,0.0,0.0,0.0,true,3864,0
1773235331000,64.12324235,-21.789914,5.0,0.2,0.1,true,3865,0
1773235331000,64.12324235,-21.789914,0.0,0.0,0.0,true,3866,0
1773235333000,64.12324235,-21.789914,2.0,0.0,0.0,true,3867,0
1773235333000,64.12324235,-21.789914,0.0,0.0,0.0,true,3868,0
1773235335000,64.12324235,-21.789914,2.0,0.0,0.0,true,3869,0
1773235341000,64.12324235,-21.789914,6.0,0.0,0.0,true,3870,0
1773235341000,64.12324235,-21.789914,0.0,0.0,0.0,true,3871,0
1773235341000,64.12324235,-21.789914,0.0,0.0,0.0,true,3872,0
1773235348000,64.12324235,-21.789914,7.0,0.0,0.0,true,3873,0
1773235348000,64.12324235,-21.789914,0.0,0.0,0.0,true,3874,0
1773235350000,64.12324235,-21.789914,2.0,0.0,0.0,true,3875,0
1773235352000,64.12324235,-21.789914,2.0,0.0,0.0,true,3876,0
1773235352000,64.12324235,-21.789914,0.0,0.0,0.0,true,3877,0
1773235356000,64.12324235,-21.789914,4.0,0.0,0.0,true,3878,0
1773235356000,64.12324235,-21.789914,0.0,0.0,0.0,true,3879,0
1773235358000,64.12324235,-21.789914,2.0,0.0,0.0,true,3880,0
1773235364000,64.12324235,-21.789914,6.0,0.0,0.0,true,3881,0
1773235364000,64.12324235,-21.789914,0.0,0.0,0.0,true,3882,0
1773235364000,64.12324235,-21.789914,0.0,0.0,0.0,true,3883,0
1773235369000,64.12324235,-21.789914,5.0,0.0,0.0,true,3884,0
1773235369000,64.12324235,-21.789914,0.0,0.0,0.0,true,3885,0
1773235373000,64.12324235,-21.789914,4.0,0.0,0.0,true,3886,0
1773235375000,64.12324235,-21.789914,2.0,0.0,0.0,true,3887,0
1773235375000,64.12324235,-21.789914,0.0,0.0,0.0,true,3888,0
1773235377000,64.12324235,-21.789914,2.0,0.0,0.0,true,3889,0
1773235381000,64.12324235,-21.789914,4.0,0.0,0.0,true,3890,0
1773235381000,64.12324235,-21.789914,0.0,0.0,0.0,true,3891,0
1773235384000,64.12324235,-21.789914,3.0,0.0,0.0,true,3892,0
1773235384000,64.12324235,-21.789914,0.0,0.0,0.0,true,3893,0
1773235386000,64.12324235,-21.789914,2.0,0.0,0.0,true,3894,0
1773235390000,64.12324235,-21.789914,4.0,0.0,0.0,true,3895,0
1773235392000,64.12324235,-21.789914,2.0,0.0,0.0,true,3896,0
1773235392000,64.12324235,-21.789914,0.0,0.0,0.0,true,3897,0
1773235398000,64.12324235,-21.789914,6.0,0.0,0.0,true,3898,0
1773235401000,64.12324235,-21.789914,3.0,0.0,0.0,true,3899,0
1773235401000,64.12324235,-21.789914,0.0,0.0,0.0,true,3900,0
1773235401000,64.12324235,-21.789914,0.0,0.0,0.0,true,3901,0
1773235406000,64.12324235,-21.789914,5.0,0.0,0.0,true,3902,0
1773235406000,64.12324235,-21.789914,0.0,0.0,0.0,true,3903,0
1773235408000,64.12324235,-21.789914,2.0,0.0,0.0,true,3904,0
1773235408000,64.12324235,-21.789914,0.0,0.0,0.0,true,3905,0
1773235410000,64.12324235,-21.789914,2.0,0.0,0.0,true,3906,0
1773235414000,64.12324235,-21.789914,4.0,0.0,0.0,true,3907,0
1773235414000,64.12324235,-21.789914,0.0,0.0,0.0,true,3908,0
1773235419000,64.12324235,-21.789914,5.0,0.0,0.0,true,3909,0
1773235419000,64.12324235,-21.789914,0.0,0.0,0.0,true,3910,0
1773235423000,64.12324235,-21.789914,4.0,0.0,0.0,true,3911,0
1773235423000,64.12324235,-21.789914,0.0,0.0,0.0,true,3912,0
1773235428000,64.12324235,-21.789914,5.0,0.0,0.0,true,3913,0
1773235428000,64.12324235,-21.789914,0.0,0.0,0.0,true,3914,0
1773235430000,64.12324235,-21.789914,2.0,0.0,0.0,true,3915,0
1773235430000,64.12324235,-21.789914,0.0,0.0,0.0,true,3916,0
1773235432000,64.12324235,-21.789914,2.0,0.0,0.0,true,3917,0
1773235432000,64.12324235,-21.789914,0.0,0.0,0.0,true,3918,0
1773235440000,64.12324235,-21.789914,8.0,0.0,0.0,true,3919,0
1773235442000,64.12324235,-21.789914,2.0,0.0,0.0,true,3920,0
1773235442000,64.12324235,-21.789914,0.0,0.0,0.0,true,3921,0
1773235442000,64.12324235,-21.789914,0.0,0.0,0.0,true,3922,0
1773235446000,64.12324235,-21.789914,4.0,0.0,0.0,true,3923,0
1773235448000,64.12324305,-21.7899116666667,2.0,0.1,0.2,true,3924,0
1773235448000,64.12324305,-21.7899116666667,0.0,0.0,0.0,true,3925,0
1773235453000,64.12324305,-21.7899116666667,5.0,0.0,0.0,true,3926,0
1773235455000,64.12324305,-21.7899116666667,2.0,0.0,0.0,true,3927,0
1773235458000,64.12324305,-21.7899116666667,3.0,0.0,0.0,true,3928,0
1773235458000,64.12324305,-21.7899116666667,0.0,0.0,0.0,true,3929,0
1773235464000,64.12324305,-21.7899116666667,6.0,0.0,0.0,true,3930,0
1773235464000,64.12324305,-21.7899116666667,0.0,0.0,0.0,true,3931,0
1773235469000,64.12324305,-21.7899116666667,5.0,0.0,0.0,true,3932,0
1773235471000,64.12324305,-21.7899116666667,2.0,0.0,0.0,true,3933,0
1773235471000,64.12324305,-21.7899116666667,0.0,0.0,0.0,true,3934,0
1773235471000,64.12324305,-21.7899116666667,0.0,0.0,0.0,true,3935,0
1773235477000,64.12324305,-21.7899116666667,6.0,0.0,0.0,true,3936,0
1773235477000,64.12324305,-21.7899116666667,0.0,0.0,0.0,true,3937,0
1773235479000,64.12324305,-21.7899116666667,2.0,0.0,0.0,true,3938,0
1773235483000,64.12324305,-21.7899116666667,4.0,0.0,0.0,true,3939,0
1773235483000,64.12324305,-21.7899116666667,0.0,0.0,0.0,true,3940,0
1773235485000,64.12324305,-21.7899116666667,2.0,0.0,0.0,true,3941,0
1773235488000,64.12324305,-21.7899116666667,3.0,0.0,0.0,true,3942,0
1773235488000,64.12324305,-21.7899116666667,0.0,0.0,0.0,true,3943,0
1773235490000,64.12324305,-21.7899116666667,2.0,0.0,0.0,true,3944,0
1773235494000,64.12324305,-21.7899116666667,4.0,0.0,0.0,true,3945,0
1773235494000,64.12324305,-21.7899116666667,0.0,0.0,0.0,true,3946,0
1773235494000,64.12324305,-21.7899116666667,0.0,0.0,0.0,true,3947,0
1773235499000,64.12324305,-21.7899116666667,5.0,0.0,0.0,true,3948,0
1773235501000,64.12324305,-21.7899116666667,2.0,0.0,0.0,true,3949,0
1773235505000,64.12324305,-21.7899116666667,4.0,0.0,0.0,true,3950,0
1773235508000,64.12324305,-21.7899116666667,3.0,0.0,0.0,true,3951,0
1773235508000,64.12324305,-21.7899116666667,0.0,0.0,0.0,true,3952,0
1773235510000,64.12324305,-21.7899116666667,2.0,0.0,0.0,true,3953,0
1773235510000,64.12324305,-21.7899116666667,0.0,0.0,0.0,true,3954,0
1773235514000,64.12324305,-21.7899116666667,4.0,0.0,0.0,true,3955,0
1773235516000,64.12324305,-21.7899116666667,2.0,0.0,0.0,true,3956,0
1773235516000,64.12324305,-21.7899116666667,0.0,0.0,0.0,true,3957,0
1773235519000,64.12324305,-21.7899116666667,3.0,0.0,0.0,true,3958,0
1773235523000,64.12324305,-21.7899116666667,4.0,0.0,0.0,true,3959,0
1773235523000,64.12324305,-21.7899116666667,0.0,0.0,0.0,true,3960,0
1773235525000,64.12324305,-21.7899116666667,2.0,0.0,0.0,true,3961,0
1773235529000,64.12324305,-21.7899116666667,4.0,0.0,0.0,true,3962,0
1773235529000,64.12324305,-21.7899116666667,0.0,0.0,0.0,true,3963,0
1773235531000,64.12324305,-21.7899116666667,2.0,0.0,0.0,true,3964,0
1773235535000,64.12324305,-21.7899116666667,4.0,0.0,0.0,true,3965,0
1773235535000,64.12324305,-21.7899116666667,0.0,0.0,0.0,true,3966,0
1773235538000,64.12324305,-21.7899116666667,3.0,0.0,0.0,true,3967,0
1773235540000,64.12324305,-21.7899116666667,2.0,0.0,0.0,true,3968,0
1773235540000,64.12324305,-21.7899116666667,0.0,0.0,0.0,true,3969,0
1773235543000,64.12324305,-21.7899116666667,3.0,0.0,0.0,true,3970,0
1773235543000,64.12324305,-21.7899116666667,0.0,0.0,0.0,true,3971,0
1773235545000,64.12324305,-21.7899116666667,2.0,0.0,0.0,true,3972,0
1773235551000,64.12324305,-21.7899116666667,6.0,0.0,0.0,true,3973,0
1773235551000,64.12324305,-21.7899116666667,0.0,0.0,0.0,true,3974,0
1773235555000,64.12324305,-21.7899116666667,4.0,0.0,0.0,true,3975,0
1773235555000,64.12324305,-21.7899116666667,0.0,0.0,0.0,true,3976,0
1773235561000,64.12324305,-21.7899116666667,6.0,0.0,0.0,true,3977,0
1773235561000,64.12324305,-21.7899116666667,0.0,0.0,0.0,true,3978,0
1773235563000,64.12324305,-21.7899116666667,2.0,0.0,0.0,true,3979,0
1773235563000,64.12324305,-21.7899116666667,0.0,0.0,0.0,true,3980,0
1773235565000,64.12324305,-21.7899116666667,2.0,0.0,0.0,true,3981,0
1773235565000,64.12324305,-21.7899116666667,0.0,0.0,0.0,true,3982,0
1773235569000,64.1232436666667,-21.7899101666667,4.0,0.1,0.1,true,3983,0
1773235573000,64.1232436666667,-21.7899101666667,4.0,0.0,0.0,true,3984,0
1773235573000,64.1232436666667,-21.7899101666667,0.0,0.0,0.0,true,3985,0
1773235575000,64.1232436666667,-21.7899101666667,2.0,0.0,0.0,true,3986,0
1773235577000,64.1232436666667,-21.7899101666667,2.0,0.0,0.0,true,3987,0
1773235577000,64.1232436666667,-21.7899101666667,0.0,0.0,0.0,true,3988,0
1773235581000,64.1232436666667,-21.7899101666667,4.0,0.0,0.0,true,3989,0
1773235584000,64.1232436666667,-21.7899101666667,3.0,0.0,0.0,true,3990,0
1773235584000,64.1232436666667,-21.7899101666667,0.0,0.0,0.0,true,3991,0
1773235589000,64.1232436666667,-21.7899101666667,5.0,0.0,0.0,true,3992,0
1773235591000,64.1232436666667,-21.7899101666667,2.0,0.0,0.0,true,3993,0
1773235597000,64.1232436666667,-21.7899101666667,6.0,0.0,0.0,true,3994,0
1773235597000,64.1232436666667,-21.7899101666667,0.0,0.0,0.0,true,3995,0
1773235601000,64.1232436666667,-21.7899101666667,4.0,0.0,0.0,true,3996,0
1773235604000,64.1232436666667,-21.7899101666667,3.0,0.0,0.0,true,3997,0
1773235604000,64.1232436666667,-21.7899101666667,0.0,0.0,0.0,true,3998,0
1773235606000,64.1232436666667,-21.7899101666667,2.0,0.0,0.0,true,3999,0
1773235608000,64.1232436666667,-21.7899101666667,2.0,0.0,0.0,true,4000,0
1773235608000,64.1232436666667,-21.7899101666667,0.0,0.0,0.0,true,4001,0
1773235611000,64.1232436666667,-21.7899101666667,3.0,0.0,0.0,true,4002,0
1773235611000,64.1232436666667,-21.7899101666667,0.0,0.0,0.0,true,4003,0
1773235614000,64.1232436666667,-21.7899101666667,3.0,0.0,0.0,true,4004,0
1773235619000,64.1232436666667,-21.7899101666667,5.0,0.0,0.0,true,4005,0
1773235619000,64.1232436666667,-21.7899101666667,0.0,0.0,0.0,true,4006,0
1773235623000,64.1232436666667,-21.7899101666667,4.0,0.0,0.0,true,4007,0
1773235625000,64.1232436666667,-21.7899101666667,2.0,0.0,0.0,true,4008,0
1773235625000,64.1232436666667,-21.7899101666667,0.0,0.0,0.0,true,4009,0
1773235629000,64.1232436666667,-21.7899101666667,4.0,0.0,0.0,true,4010,0
1773235631000,64.1232436666667,-21.7899101666667,2.0,0.0,0.0,true,4011,0
1773235631000,64.1232436666667,-21.7899101666667,0.0,0.0,0.0,true,4012,0
1773235633000,64.1232436666667,-21.7899101666667,2.0,0.0,0.0,true,4013,0
1773235633000,64.1232436666667,-21.7899101666667,0.0,0.0,0.0,true,4014,0
1773235635000,64.1232436666667,-21.7899101666667,2.0,0.0,0.0,true,4015,0
1773235640000,64.1232436666667,-21.7899101666667,5.0,0.0,0.0,true,4016,0
1773235642000,64.1232436666667,-21.7899101666667,2.0,0.0,0.0,true,4017,0
1773235642000,64.1232436666667,-21.7899101666667,0.0,0.0,0.0,true,4018,0
1773235648000,64.1232436666667,-21.7899101666667,6.0,0.0,0.0,true,4019,0
1773235648000,64.1232436666667,-21.7899101666667,0.0,0.0,0.0,true,4020,0
1773235648000,64.1232436666667,-21.7899101666667,0.0,0.0,0.0,true,4021,0
1773235654000,64.1232436666667,-21.7899101666667,6.0,0.0,0.0,true,4022,0
1773235654000,64.1232436666667,-21.7899101666667,0.0,0.0,0.0,true,4023,0
1773235654000,64.1232436666667,-21.7899101666667,0.0,0.0,0.0,true,4024,0
1773235659000,64.1232436666667,-21.7899101666667,5.0,0.0,0.0,true,4025,0
1773235659000,64.1232436666667,-21.7899101666667,0.0,0.0,0.0,true,4026,0
1773235663000,64.1232436666667,-21.7899101666667,4.0,0.0,0.0,true,4027,0
1773235666000,64.1232436666667,-21.7899101666667,3.0,0.0,0.0,true,4028,0
1773235666000,64.1232436666667,-21.7899101666667,0.0,0.0,0.0,true,4029,0
1773235670000,64.1232436666667,-21.7899101666667,4.0,0.0,0.0,true,4030,0
1773235672000,64.1232436666667,-21.7899101666667,2.0,0.0,0.0,true,4031,0
1773235672000,64.1232436666667,-21.7899101666667,0.0,0.0,0.0,true,4032,0
1773235674000,64.1232436666667,-21.7899101666667,2.0,0.0,0.0,true,4033,0
1773235674000,64.1232436666667,-21.7899101666667,0.0,0.0,0.0,true,4034,0
1773235677000,64.1232436666667,-21.7899101666667,3.0,0.0,0.0,true,4035,0
1773235679000,64.1232436666667,-21.7899101666667,2.0,0.0,0.0,true,4036,0
1773235679000,64.1232436666667,-21.7899101666667,0.0,0.0,0.0,true,4037,0
1773235683000,64.1232436666667,-21.7899101666667,4.0,0.0,0.0,true,4038,0
1773235685000,64.1232436666667,-21.7899101666667,2.0,0.0,0.0,true,4039,0
1773235689000,64.1232436666667,-21.7899101666667,4.0,0.0,0.0,true,4040,0
1773235691000,64.1232436833333,-21.7899091666667,2.0,0.0,0.1,true,4041,0
1773235693000,64.1232436833333,-21.7899091666667,2.0,0.0,0.0,true,4042,0
1773235693000,64.1232436833333,-21.7899091666667,0.0,0.0,0.0,true,4043,0
1773235697000,64.1232436833333,-21.7899091666667,4.0,0.0,0.0,true,4044,0
1773235699000,64.1232436833333,-21.7899091666667,2.0,0.0,0.0,true,4045,0
1773235699000,64.1232436833333,-21.7899091666667,0.0,0.0,0.0,true,4046,0
1773235701000,64.1232436833333,-21.7899091666667,2.0,0.0,0.0,true,4047,0
1773235701000,64.1232436833333,-21.7899091666667,0.0,0.0,0.0,true,4048,0
1773235704000,64.1232436833333,-21.7899091666667,3.0,0.0,0.0,true,4049,0
1773235708000,64.1232436833333,-21.7899091666667,4.0,0.0,0.0,true,4050,0
1773235708000,64.1232436833333,-21.7899091666667,0.0,0.0,0.0,true,4051,0
1773235710000,64.1232436833333,-21.7899091666667,2.0,0.0,0.0,true,4052,0
1773235714000,64.1232436833333,-21.7899091666667,4.0,0.0,0.0,true,4053,0
1773235714000,64.1232436833333,-21.7899091666667,0.0,0.0,0.0,true,4054,0
1773235719000,64.1232436833333,-21.7899091666667,5.0,0.0,0.0,true,4055,0
1773235721000,64.1232436833333,-21.7899091666667,2.0,0.0,0.0,true,4056,0
1773235721000,64.1232436833333,-21.7899091666667,0.0,0.0,0.0,true,4057,0
1773235725000,64.1232436833333,-21.7899091666667,4.0,0.0,0.0,true,4058,0
1773235725000,64.1232436833333,-21.7899091666667,0.0,0.0,0.0,true,4059,0
1773235725000,64.1232436833333,-21.7899091666667,0.0,0.0,0.0,true,4060,0
1773235730000,64.1232436833333,-21.7899091666667,5.0,0.0,0.0,true,4061,0
1773235730000,64.1232436833333,-21.7899091666667,0.0,0.0,0.0,true,4062,0
1773235730000,64.1232436833333,-21.7899091666667,0.0,0.0,0.0,true,4063,0
1773235736000,64.1232436833333,-21.7899091666667,6.0,0.0,0.0,true,4064,0
1773235736000,64.1232436833333,-21.7899091666667,0.0,0.0,0.0,true,4065,0
1773235741000,64.1232436833333,-21.7899091666667,5.0,0.0,0.0,true,4066,0
1773235745000,64.1232436833333,-21.7899091666667,4.0,0.0,0.0,true,4067,0
1773235745000,64.1232436833333,-21.7899091666667,0.0,0.0,0.0,true,4068,0
1773235747000,64.1232436833333,-21.7899091666667,2.0,0.0,0.0,true,4069,0
1773235749000,64.1232436833333,-21.7899091666667,2.0,0.0,0.0,true,4070,0
1773235749000,64.1232436833333,-21.7899091666667,0.0,0.0,0.0,true,4071,0
1773235751000,64.1232436833333,-21.7899091666667,2.0,0.0,0.0,true,4072,0
1773235754000,64.1232436833333,-21.7899091666667,3.0,0.0,0.0,true,4073,0
1773235754000,64.1232436833333,-21.7899091666667,0.0,0.0,0.0,true,4074,0
1773235759000,64.1232436833333,-21.7899091666667,5.0,0.0,0.0,true,4075,0
1773235761000,64.1232436833333,-21.7899091666667,2.0,0.0,0.0,true,4076,0
1773235761000,64.1232436833333,-21.7899091666667,0.0,0.0,0.0,true,4077,0
1773235764000,64.1232436833333,-21.7899091666667,3.0,0.0,0.0,true,4078,0
1773235764000,64.1232436833333,-21.7899091666667,0.0,0.0,0.0,true,4079,0
1773235768000,64.1232436833333,-21.7899091666667,4.0,0.0,0.0,true,4080,0
1773235772000,64.1232436833333,-21.7899091666667,4.0,0.0,0.0,true,4081,0
1773235772000,64.1232436833333,-21.7899091666667,0.0,0.0,0.0,true,4082,0
1773235774000,64.1232436833333,-21.7899091666667,2.0,0.0,0.0,true,4083,0
1773235776000,64.1232436833333,-21.7899091666667,2.0,0.0,0.0,true,4084,0
1773235776000,64.1232436833333,-21.7899091666667,0.0,0.0,0.0,true,4085,0
1773235779000,64.1232436833333,-21.7899091666667,3.0,0.0,0.0,true,4086,0
1773235781000,64.1232436833333,-21.7899091666667,2.0,0.0,0.0,true,4087,0
1773235781000,64.1232436833333,-21.7899091666667,0.0,0.0,0.0,true,4088,0
1773235787000,64.1232436833333,-21.7899091666667,6.0,0.0,0.0,true,4089,0
1773235789000,64.1232436833333,-21.7899091666667,2.0,0.0,0.0,true,4090,0
1773235789000,64.1232436833333,-21.7899091666667,0.0,0.0,0.0,true,4091,0
1773235791000,64.1232436833333,-21.7899091666667,2.0,0.0,0.0,true,4092,0
1773235796000,64.1232436833333,-21.7899091666667,5.0,0.0,0.0,true,4093,0
1773235796000,64.1232436833333,-21.7899091666667,0.0,0.0,0.0,true,4094,0
1773235800000,64.1232436833333,-21.7899091666667,4.0,0.0,0.0,true,4095,0
1773235800000,64.1232436833333,-21.7899091666667,0.0,0.0,0.0,true,4096,0
1773235800000,64.1232436833333,-21.7899091666667,0.0,0.0,0.0,true,4097,0
1773235806000,64.1232436833333,-21.7899091666667,6.0,0.0,0.0,true,4098,0
1773235806000,64.1232436833333,-21.7899091666667,0.0,0.0,0.0,true,4099,0
1773235808000,64.1232436833333,-21.7899091666667,2.0,0.0,0.0,true,4100,0
1773235810000,64.1232436833333,-21.7899091666667,2.0,0.0,0.0,true,4101,0
1773235810000,64.1232436833333,-21.7899091666667,0.0,0.0,0.0,true,4102,0
1773235813000,64.1232448,-21.789907,3.0,0.2,0.2,true,4103,0
1773235815000,64.1232448,-21.789907,2.0,0.0,0.0,true,4104,0
1773235815000,64.1232448,-21.789907,0.0,0.0,0.0,true,4105,0
1773235821000,64.1232448,-21.789907,6.0,0.0,0.0,true,4106,0
1773235821000,64.1232448,-21.789907,0.0,0.0,0.0,true,4107,0
1773235821000,64.1232448,-21.789907,0.0,0.0,0.0,true,4108,0
1773235825000,64.1232448,-21.789907,4.0,0.0,0.0,true,4109,0
1773235825000,64.1232448,-21.789907,0.0,0.0,0.0,true,4110,0
1773235829000,64.1232448,-21.789907,4.0,0.0,0.0,true,4111,0
1773235831000,64.1232448,-21.789907,2.0,0.0,0.0,true,4112,0
1773235835000,64.1232448,-21.789907,4.0,0.0,0.0,true,4113,0
1773235837000,64.1232448,-21.789907,2.0,0.0,0.0,true,4114,0
1773235839000,64.1232448,-21.789907,2.0,0.0,0.0,true,4115,0
1773235839000,64.1232448,-21.789907,0.0,0.0,0.0,true,4116,0
1773235841000,64.1232448,-21.789907,2.0,0.0,0.0,true,4117,0
1773235846000,64.1232448,-21.789907,5.0,0.0,0.0,true,4118,0
1773235846000,64.1232448,-21.789907,0.0,0.0,0.0,true,4119,0
1773235846000,64.1232448,-21.789907,0.0,0.0,0.0,true,4120,0
1773235846000,64.1232448,-21.789907,0.0,0.0,0.0,true,4121,0
1773235852000,64.1232448,-21.789907,6.0,0.0,0.0,true,4122,0
1773235852000,64.1232448,-21.789907,0.0,0.0,0.0,true,4123,0
1773235852000,64.1232448,-21.789907,0.0,0.0,0.0,true,4124,0
1773235859000,64.1232448,-21.789907,7.0,0.0,0.0,true,4125,0
1773235861000,64.1232448,-21.789907,2.0,0.0,0.0,true,4126,0
1773235861000,64.1232448,-21.789907,0.0,0.0,0.0,true,4127,0
1773235865000,64.1232448,-21.789907,4.0,0.0,0.0,true,4128,0
1773235867000,64.1232448,-21.789907,2.0,0.0,0.0,true,4129,0
1773235867000,64.1232448,-21.789907,0.0,0.0,0.0,true,4130,0
1773235869000,64.1232448,-21.789907,2.0,0.0,0.0,true,4131,0
1773235872000,64.1232448,-21.789907,3.0,0.0,0.0,true,4132,0
1773235872000,64.1232448,-21.789907,0.0,0.0,0.0,true,4133,0
1773235874000,64.1232448,-21.789907,2.0,0.0,0.0,true,4134,0
1773235879000,64.1232448,-21.789907,5.0,0.0,0.0,true,4135,0
1773235879000,64.1232448,-21.789907,0.0,0.0,0.0,true,4136,0
1773235881000,64.1232448,-21.789907,2.0,0.0,0.0,true,4137,0
1773235883000,64.1232448,-21.789907,2.0,0.0,0.0,true,4138,0
1773235883000,64.1232448,-21.789907,0.0,0.0,0.0,true,4139,0
1773235890000,64.1232448,-21.789907,7.0,0.0,0.0,true,4140,0
1773235890000,64.1232448,-21.789907,0.0,0.0,0.0,true,4141,0
1773235892000,64.1232448,-21.789907,2.0,0.0,0.0,true,4142,0
1773235897000,64.1232448,-21.789907,5.0,0.0,0.0,true,4143,0
1773235897000,64.1232448,-21.789907,0.0,0.0,0.0,true,4144,0
1773235897000,64.1232448,-21.789907,0.0,0.0,0.0,true,4145,0
1773235901000,64.1232448,-21.789907,4.0,0.0,0.0,true,4146,0
1773235901000,64.1232448,-21.789907,0.0,0.0,0.0,true,4147,0
1773235901000,64.1232448,-21.789907,0.0,0.0,0.0,true,4148,0
1773235901000,64.1232448,-21.789907,0.0,0.0,0.0,true,4149,0
1773235907000,64.1232448,-21.789907,6.0,0.0,0.0,true,4150,0
1773235911000,64.1232448,-21.789907,4.0,0.0,0.0,true,4151,0
1773235911000,64.1232448,-21.789907,0.0,0.0,0.0,true,4152,0
1773235914000,64.1232448,-21.789907,3.0,0.0,0.0,true,4153,0
1773235917000,64.1232448,-21.789907,3.0,0.0,0.0,true,4154,0
1773235917000,64.1232448,-21.789907,0.0,0.0,0.0,true,4155,0
1773235919000,64.1232448,-21.789907,2.0,0.0,0.0,true,4156,0
1773235922000,64.1232448,-21.789907,3.0,0.0,0.0,true,4157,0
1773235922000,64.1232448,-21.789907,0.0,0.0,0.0,true,4158,0
1773235926000,64.1232448,-21.789907,4.0,0.0,0.0,true,4159,0
1773235928000,64.1232448,-21.789907,2.0,0.0,0.0,true,4160,0
1773235928000,64.1232448,-21.789907,0.0,0.0,0.0,true,4161,0
1773235932000,64.1232448,-21.789907,4.0,0.0,0.0,true,4162,0
1773235934000,64.12324515,-21.7899071666667,2.0,0.0,0.1,true,4163,0
1773235934000,64.12324515,-21.7899071666667,0.0,0.0,0.0,true,4164,0
1773235937000,64.12324515,-21.7899071666667,3.0,0.0,0.0,true,4165,0
1773235939000,64.12324515,-21.7899071666667,2.0,0.0,0.0,true,4166,0
1773235943000,64.12324515,-21.7899071666667,4.0,0.0,0.0,true,4167,0
1773235946000,64.12324515,-21.7899071666667,3.0,0.0,0.0,true,4168,0
1773235948000,64.12324515,-21.7899071666667,2.0,0.0,0.0,true,4169,0
1773235948000,64.12324515,-21.7899071666667,0.0,0.0,0.0,true,4170,0
1773235950000,64.12324515,-21.7899071666667,2.0,0.0,0.0,true,4171,0
1773235953000,64.12324515,-21.7899071666667,3.0,0.0,0.0,true,4172,0
1773235955000,64.12324515,-21.7899071666667,2.0,0.0,0.0,true,4173,0
1773235955000,64.12324515,-21.7899071666667,0.0,0.0,0.0,true,4174,0
1773235958000,64.12324515,-21.7899071666667,3.0,0.0,0.0,true,4175,0
1773235958000,64.12324515,-21.7899071666667,0.0,0.0,0.0,true,4176,0
1773235963000,64.12324515,-21.7899071666667,5.0,0.0,0.0,true,4177,0
1773235963000,64.12324515,-21.7899071666667,0.0,0.0,0.0,true,4178,0
1773235965000,64.12324515,-21.7899071666667,2.0,0.0,0.0,true,4179,0
1773235968000,64.12324515,-21.7899071666667,3.0,0.0,0.0,true,4180,0
1773235968000,64.12324515,-21.7899071666667,0.0,0.0,0.0,true,4181,0
1773235970000,64.12324515,-21.7899071666667,2.0,0.0,0.0,true,4182,0
1773235975000,64.12324515,-21.7899071666667,5.0,0.0,0.0,true,4183,0
1773235975000,64.12324515,-21.7899071666667,0.0,0.0,0.0,true,4184,0
1773235978000,64.12324515,-21.7899071666667,3.0,0.0,0.0,true,4185,0
1773235980000,64.12324515,-21.7899071666667,2.0,0.0,0.0,true,4186,0
1773235980000,64.12324515,-21.7899071666667,0.0,0.0,0.0,true,4187,0
1773235985000,64.12324515,-21.7899071666667,5.0,0.0,0.0,true,4188,0
1773235985000,64.12324515,-21.7899071666667,0.0,0.0,0.0,true,4189,0
1773235989000,64.12324515,-21.7899071666667,4.0,0.0,0.0,true,4190,0
1773235989000,64.12324515,-21.7899071666667,0.0,0.0,0.0,true,4191,0
1773235991000,64.12324515,-21.7899071666667,2.0,0.0,0.0,true,4192,0
1773235995000,64.12324515,-21.7899071666667,4.0,0.0,0.0,true,4193,0
1773235997000,64.12324515,-21.7899071666667,2.0,0.0,0.0,true,4194,0
1773235997000,64.12324515,-21.7899071666667,0.0,0.0,0.0,true,4195,0
1773236000000,64.12324515,-21.7899071666667,3.0,0.0,0.0,true,4196,0
1773236003000,64.12324515,-21.7899071666667,3.0,0.0,0.0,true,4197,0
1773236005000,64.12324515,-21.7899071666667,2.0,0.0,0.0,true,4198,0
1773236005000,64.12324515,-21.7899071666667,0.0,0.0,0.0,true,4199,0
1773236005000,64.12324515,-21.7899071666667,0.0,0.0,0.0,true,4200,0
1773236011000,64.12324515,-21.7899071666667,6.0,0.0,0.0,true,4201,0
1773236011000,64.12324515,-21.7899071666667,0.0,0.0,0.0,true,4202,0
1773236015000,64.12324515,-21.7899071666667,4.0,0.0,0.0,true,4203,0
1773236015000,64.12324515,-21.7899071666667,0.0,0.0,0.0,true,4204,0
1773236017000,64.12324515,-21.7899071666667,2.0,0.0,0.0,true,4205,0
1773236020000,64.12324515,-21.7899071666667,3.0,0.0,0.0,true,4206,0
1773236020000,64.12324515,-21.7899071666667,0.0,0.0,0.0,true,4207,0
1773236023000,64.12324515,-21.7899071666667,3.0,0.0,0.0,true,4208,0
1773236027000,64.12324515,-21.7899071666667,4.0,0.0,0.0,true,4209,0
1773236027000,64.12324515,-21.7899071666667,0.0,0.0,0.0,true,4210,0
1773236030000,64.12324515,-21.7899071666667,3.0,0.0,0.0,true,4211,0
1773236030000,64.12324515,-21.7899071666667,0.0,0.0,0.0,true,4212,0
1773236030000,64.12324515,-21.7899071666667,0.0,0.0,0.0,true,4213,0
1773236035000,64.12324515,-21.7899071666667,5.0,0.0,0.0,true,4214,0
1773236038000,64.12324515,-21.7899071666667,3.0,0.0,0.0,true,4215,0
1773236041000,64.12324515,-21.7899071666667,3.0,0.0,0.0,true,4216,0
1773236041000,64.12324515,-21.7899071666667,0.0,0.0,0.0,true,4217,0
1773236046000,64.12324515,-21.7899071666667,5.0,0.0,0.0,true,4218,0
1773236046000,64.12324515,-21.7899071666667,0.0,0.0,0.0,true,4219,0
1773236046000,64.12324515,-21.7899071666667,0.0,0.0,0.0,true,4220,0
1773236049000,64.12324515,-21.7899071666667,3.0,0.0,0.0,true,4221,0
1773236054000,64.1232451833333,-21.789908,5.0,0.0,0.0,true,4222,0
1773236054000,64.1232451833333,-21.789908,0.0,0.0,0.0,true,4223,0
1773236054000,64.1232451833333,-21.789908,0.0,0.0,0.0,true,4224,0
1773236058000,64.1232451833333,-21.789908,4.0,0.0,0.0,true,4225,0
1773236058000,64.1232451833333,-21.789908,0.0,0.0,0.0,true,4226,0
1773236063000,64.1232451833333,-21.789908,5.0,0.0,0.0,true,4227,0
1773236063000,64.1232451833333,-21.789908,0.0,0.0,0.0,true,4228,0
1773236067000,64.1232451833333,-21.789908,4.0,0.0,0.0,true,4229,0
1773236067000,64.1232451833333,-21.789908,0.0,0.0,0.0,true,4230,0
1773236069000,64.1232451833333,-21.789908,2.0,0.0,0.0,true,4231,0
1773236071000,64.1232451833333,-21.789908,2.0,0.0,0.0,true,4232,0
1773236076000,64.1232451833333,-21.789908,5.0,0.0,0.0,true,4233,0
1773236076000,64.1232451833333,-21.789908,0.0,0.0,0.0,true,4234,0
1773236076000,64.1232451833333,-21.789908,0.0,0.0,0.0,true,4235,0
1773236080000,64.1232451833333,-21.789908,4.0,0.0,0.0,true,4236,0
1773236080000,64.1232451833333,-21.789908,0.0,0.0,0.0,true,4237,0
1773236082000,64.1232451833333,-21.789908,2.0,0.0,0.0,true,4238,0
1773236086000,64.1232451833333,-21.789908,4.0,0.0,0.0,true,4239,0
1773236086000,64.1232451833333,-21.789908,0.0,0.0,0.0,true,4240,0
1773236091000,64.1232451833333,-21.789908,5.0,0.0,0.0,true,4241,0
1773236091000,64.1232451833333,-21.789908,0.0,0.0,0.0,true,4242,0
1773236093000,64.1232451833333,-21.789908,2.0,0.0,0.0,true,4243,0
1773236095000,64.1232451833333,-21.789908,2.0,0.0,0.0,true,4244,0
1773236097000,64.1232451833333,-21.789908,2.0,0.0,0.0,true,4245,0
1773236100000,64.1232451833333,-21.789908,3.0,0.0,0.0,true,4246,0
1773236100000,64.1232451833333,-21.789908,0.0,0.0,0.0,true,4247,0
1773236105000,64.1232451833333,-21.789908,5.0,0.0,0.0,true,4248,0
1773236107000,64.1232451833333,-21.789908,2.0,0.0,0.0,true,4249,0
1773236107000,64.1232451833333,-21.789908,0.0,0.0,0.0,true,4250,0
1773236112000,64.1232451833333,-21.789908,5.0,0.0,0.0,true,4251,0
1773236112000,64.1232451833333,-21.789908,0.0,0.0,0.0,true,4252,0
1773236116000,64.1232451833333,-21.789908,4.0,0.0,0.0,true,4253,0
1773236116000,64.1232451833333,-21.789908,0.0,0.0,0.0,true,4254,0
1773236120000,64.1232451833333,-21.789908,4.0,0.0,0.0,true,4255,0
1773236122000,64.1232451833333,-21.789908,2.0,0.0,0.0,true,4256,0
1773236122000,64.1232451833333,-21.789908,0.0,0.0,0.0,true,4257,0
1773236126000,64.1232451833333,-21.789908,4.0,0.0,0.0,true,4258,0
1773236126000,64.1232451833333,-21.789908,0.0,0.0,0.0,true,4259,0
1773236126000,64.1232451833333,-21.789908,0.0,0.0,0.0,true,4260,0
1773236133000,64.1232451833333,-21.789908,7.0,0.0,0.0,true,4261,0
1773236135000,64.1232451833333,-21.789908,2.0,0.0,0.0,true,4262,0
1773236135000,64.1232451833333,-21.789908,0.0,0.0,0.0,true,4263,0
1773236137000,64.1232451833333,-21.789908,2.0,0.0,0.0,true,4264,0
1773236141000,64.1232451833333,-21.789908,4.0,0.0,0.0,true,4265,0
1773236141000,64.1232451833333,-21.789908,0.0,0.0,0.0,true,4266,0
1773236146000,64.1232451833333,-21.789908,5.0,0.0,0.0,true,4267,0
1773236146000,64.1232451833333,-21.789908,0.0,0.0,0.0,true,4268,0
1773236149000,64.1232451833333,-21.789908,3.0,0.0,0.0,true,4269,0
1773236152000,64.1232451833333,-21.789908,3.0,0.0,0.0,true,4270,0
1773236154000,64.1232451833333,-21.789908,2.0,0.0,0.0,true,4271,0
1773236154000,64.1232451833333,-21.789908,0.0,0.0,0.0,true,4272,0
1773236156000,64.1232451833333,-21.789908,2.0,0.0,0.0,true,4273,0
1773236156000,64.1232451833333,-21.789908,0.0,0.0,0.0,true,4274,0
1773236161000,64.1232451833333,-21.789908,5.0,0.0,0.0,true,4275,0
1773236163000,64.1232451833333,-21.789908,2.0,0.0,0.0,true,4276,0
1773236163000,64.1232451833333,-21.789908,0.0,0.0,0.0,true,4277,0
1773236165000,64.1232451833333,-21.789908,2.0,0.0,0.0,true,4278,0
1773236168000,64.1232451833333,-21.789908,3.0,0.0,0.0,true,4279,0
1773236168000,64.1232451833333,-21.789908,0.0,0.0,0.0,true,4280,0
1773236172000,64.1232451833333,-21.789908,4.0,0.0,0.0,true,4281,0
1773236172000,64.1232451833333,-21.789908,0.0,0.0,0.0,true,4282,0
1773236174000,64.1232448833333,-21.789905,2.0,0.1,0.3,true,4283,0
1773236179000,64.1232448833333,-21.789905,5.0,0.0,0.0,true,4284,0
1773236179000,64.1232448833333,-21.789905,0.0,0.0,0.0,true,4285,0
1773236179000,64.1232448833333,-21.789905,0.0,0.0,0.0,true,4286,0
1773236187000,64.1232448833333,-21.789905,8.0,0.0,0.0,true,4287,0
1773236189000,64.1232448833333,-21.789905,2.0,0.0,0.0,true,4288,0
1773236189000,64.1232448833333,-21.789905,0.0,0.0,0.0,true,4289,0
1773236193000,64.1232448833333,-21.789905,4.0,0.0,0.0,true,4290,0
1773236193000,64.1232448833333,-21.789905,0.0,0.0,0.0,true,4291,0
1773236195000,64.1232448833333,-21.789905,2.0,0.0,0.0,true,4292,0
1773236198000,64.1232448833333,-21.789905,3.0,0.0,0.0,true,4293,0
1773236198000,64.1232448833333,-21.789905,0.0,0.0,0.0,true,4294,0
1773236200000,64.1232448833333,-21.789905,2.0,0.0,0.0,true,4295,0
1773236202000,64.1232448833333,-21.789905,2.0,0.0,0.0,true,4296,0
1773236202000,64.1232448833333,-21.789905,0.0,0.0,0.0,true,4297,0
1773236204000,64.1232448833333,-21.789905,2.0,0.0,0.0,true,4298,0
1773236209000,64.1232448833333,-21.789905,5.0,0.0,0.0,true,4299,0
1773236209000,64.1232448833333,-21.789905,0.0,0.0,0.0,true,4300,0
1773236213000,64.1232448833333,-21.789905,4.0,0.0,0.0,true,4301,0
1773236213000,64.1232448833333,-21.789905,0.0,0.0,0.0,true,4302,0
1773236215000,64.1232448833333,-21.789905,2.0,0.0,0.0,true,4303,0
1773236219000,64.1232448833333,-21.789905,4.0,0.0,0.0,true,4304,0
1773236219000,64.1232448833333,-21.789905,0.0,0.0,0.0,true,4305,0
1773236224000,64.1232448833333,-21.789905,5.0,0.0,0.0,true,4306,0
1773236226000,64.1232448833333,-21.789905,2.0,0.0,0.0,true,4307,0
1773236226000,64.1232448833333,-21.789905,0.0,0.0,0.0,true,4308,0
1773236230000,64.1232448833333,-21.789905,4.0,0.0,0.0,true,4309,0
1773236232000,64.1232448833333,-21.789905,2.0,0.0,0.0,true,4310,0
1773236236000,64.1232448833333,-21.789905,4.0,0.0,0.0,true,4311,0
1773236236000,64.1232448833333,-21.789905,0.0,0.0,0.0,true,4312,0
1773236238000,64.1232448833333,-21.789905,2.0,0.0,0.0,true,4313,0
1773236238000,64.1232448833333,-21.789905,0.0,0.0,0.0,true,4314,0
1773236240000,64.1232448833333,-21.789905,2.0,0.0,0.0,true,4315,0
1773236240000,64.1232448833333,-21.789905,0.0,0.0,0.0,true,4316,0
1773236243000,64.1232448833333,-21.789905,3.0,0.0,0.0,true,4317,0
1773236245000,64.1232448833333,-21.789905,2.0,0.0,0.0,true,4318,0
1773236245000,64.1232448833333,-21.789905,0.0,0.0,0.0,true,4319,0
1773236249000,64.1232448833333,-21.789905,4.0,0.0,0.0,true,4320,0
1773236251000,64.1232448833333,-21.789905,2.0,0.0,0.0,true,4321,0
1773236253000,64.1232448833333,-21.789905,2.0,0.0,0.0,true,4322,0
1773236257000,64.1232448833333,-21.789905,4.0,0.0,0.0,true,4323,0
1773236259000,64.1232448833333,-21.789905,2.0,0.0,0.0,true,4324,0
1773236261000,64.1232448833333,-21.789905,2.0,0.0,0.0,true,4325,0
1773236261000,64.1232448833333,-21.789905,0.0,0.0,0.0,true,4326,0
1773236264000,64.1232448833333,-21.789905,3.0,0.0,0.0,true,4327,0
1773236264000,64.1232448833333,-21.789905,0.0,0.0,0.0,true,4328,0
1773236268000,64.1232448833333,-21.789905,4.0,0.0,0.0,true,4329,0
1773236273000,64.1232448833333,-21.789905,5.0,0.0,0.0,true,4330,0
1773236273000,64.1232448833333,-21.789905,0.0,0.0,0.0,true,4331,0
1773236273000,64.1232448833333,-21.789905,0.0,0.0,0.0,true,4332,0
1773236277000,64.1232448833333,-21.789905,4.0,0.0,0.0,true,4333,0
1773236277000,64.1232448833333,-21.789905,0.0,0.0,0.0,true,4334,0
1773236282000,64.1232448833333,-21.789905,5.0,0.0,0.0,true,4335,0
1773236285000,64.1232448833333,-21.789905,3.0,0.0,0.0,true,4336,0
1773236285000,64.1232448833333,-21.789905,0.0,0.0,0.0,true,4337,0
1773236287000,64.1232448833333,-21.789905,2.0,0.0,0.0,true,4338,0
1773236287000,64.1232448833333,-21.789905,0.0,0.0,0.0,true,4339,0
1773236292000,64.1232448833333,-21.789905,5.0,0.0,0.0,true,4340,0
1773236292000,64.1232448833333,-21.789905,0.0,0.0,0.0,true,4341,0
1773236292000,64.1232448833333,-21.789905,0.0,0.0,0.0,true,4342,0
1773236298000,64.1232482833333,-21.7898715,6.0,1.7,1.0,false,4342,8807.0
1773236300000,64.1232482833333,-21.7898715,2.0,0.0,0.0,true,1,0
1773236300000,64.1232482833333,-21.7898715,0.0,0.0,0.0,true,2,0
1773236302000,64.1232482833333,-21.7898715,2.0,0.0,0.0,true,3,0
1773236306000,64.1232482833333,-21.7898715,4.0,0.0,0.0,true,4,0
1773236306000,64.1232482833333,-21.7898715,0.0,0.0,0.0,true,5,0
1773236306000,64.1232482833333,-21.7898715,0.0,0.0,0.0,true,6,0
1773236310000,64.1232482833333,-21.7898715,4.0,0.0,0.0,true,7,0
1773236312000,64.1232482833333,-21.7898715,2.0,0.0,0.0,true,8,0
1773236315000,64.1232482833333,-21.7898715,3.0,0.0,0.0,true,9,0
1773236315000,64.1232482833333,-21.7898715,0.0,0.0,0.0,true,10,0
1773236319000,64.1232482833333,-21.7898715,4.0,0.0,0.0,true,11,0
1773236321000,64.1232482833333,-21.7898715,2.0,0.0,0.0,true,12,0
1773236321000,64.1232482833333,-21.7898715,0.0,0.0,0.0,true,13,0
1773236325000,64.1232482833333,-21.7898715,4.0,0.0,0.0,true,14,0
1773236327000,64.1232482833333,-21.7898715,2.0,0.0,0.0,true,15,0
1773236327000,64.1232482833333,-21.7898715,0.0,0.0,0.0,true,16,0
1773236329000,64.1232482833333,-21.7898715,2.0,0.0,0.0,true,17,0
1773236331000,64.1232482833333,-21.7898715,2.0,0.0,0.0,true,18,0
1773236336000,64.1232482833333,-21.7898715,5.0,0.0,0.0,true,19,0
1773236338000,64.1232482833333,-21.7898715,2.0,0.0,0.0,true,20,0
1773236338000,64.1232482833333,-21.7898715,0.0,0.0,0.0,true,21,0
1773236340000,64.1232482833333,-21.7898715,2.0,0.0,0.0,true,22,0
1773236342000,64.1232482833333,-21.7898715,2.0,0.0,0.0,true,23,0
1773236346000,64.1232482833333,-21.7898715,4.0,0.0,0.0,true,24,0
1773236348000,64.1232482833333,-21.7898715,2.0,0.0,0.0,true,25,0
1773236348000,64.1232482833333,-21.7898715,0.0,0.0,0.0,true,26,0
1773236350000,64.1232482833333,-21.7898715,2.0,0.0,0.0,true,27,0
1773236352000,64.1232482833333,-21.7898715,2.0,0.0,0.0,true,28,0
1773236352000,64.1232482833333,-21.7898715,0.0,0.0,0.0,true,29,0
1773236357000,64.1232482833333,-21.7898715,5.0,0.0,0.0,true,30,0
1773236357000,64.1232482833333,-21.7898715,0.0,0.0,0.0,true,31,0
1773236357000,64.1232482833333,-21.7898715,0.0,0.0,0.0,true,32,0
1773236360000,64.1232482833333,-21.7898715,3.0,0.0,0.0,true,33,0
1773236364000,64.1232482833333,-21.7898715,4.0,0.0,0.0,true,34,0
1773236366000,64.1232482833333,-21.7898715,2.0,0.0,0.0,true,35,0
1773236368000,64.1232482833333,-21.7898715,2.0,0.0,0.0,true,36,0
1773236372000,64.1232482833333,-21.7898715,4.0,0.0,0.0,true,37,0
1773236372000,64.1232482833333,-21.7898715,0.0,0.0,0.0,true,38,0
1773236375000,64.1232482833333,-21.7898715,3.0,0.0,0.0,true,39,0
1773236375000,64.1232482833333,-21.7898715,0.0,0.0,0.0,true,40,0
1773236378000,64.1232482833333,-21.7898715,3.0,0.0,0.0,true,41,0
1773236378000,64.1232482833333,-21.7898715,0.0,0.0,0.0,true,42,0
1773236382000,64.1232482833333,-21.7898715,4.0,0.0,0.0,true,43,0
1773236384000,64.1232482833333,-21.7898715,2.0,0.0,0.0,true,44,0
1773236384000,64.1232482833333,-21.7898715,0.0,0.0,0.0,true,45,0
1773236390000,64.1232482833333,-21.7898715,6.0,0.0,0.0,true,46,0
1773236390000,64.1232482833333,-21.7898715,0.0,0.0,0.0,true,47,0
1773236393000,64.1232482833333,-21.7898715,3.0,0.0,0.0,true,48,0
1773236396000,64.1232482833333,-21.7898715,3.0,0.0,0.0,true,49,0
1773236396000,64.1232482833333,-21.7898715,0.0,0.0,0.0,true,50,0
1773236399000,64.1232482833333,-21.7898715,3.0,0.0,0.0,true,51,0
1773236399000,64.1232482833333,-21.7898715,0.0,0.0,0.0,true,52,0
1773236401000,64.1232482833333,-21.7898715,2.0,0.0,0.0,true,53,0
1773236401000,64.1232482833333,-21.7898715,0.0,0.0,0.0,true,54,0
1773236408000,64.1232482833333,-21.7898715,7.0,0.0,0.0,true,55,0
1773236408000,64.1232482833333,-21.7898715,0.0,0.0,0.0,true,56,0
1773236412000,64.1232482833333,-21.7898715,4.0,0.0,0.0,true,57,0
1773236412000,64.1232482833333,-21.7898715,0.0,0.0,0.0,true,58,0
1773236414000,64.1232482833333,-21.7898715,2.0,0.0,0.0,true,59,0
1773236414000,64.1232482833333,-21.7898715,0.0,0.0,0.0,true,60,0
1773236416000,64.1232482833333,-21.7898715,2.0,0.0,0.0,true,61,0
1773236420000,64.1232472833333,-21.7898736666667,4.0,0.2,0.1,true,62,0
1773236422000,64.1232472833333,-21.7898736666667,2.0,0.0,0.0,true,63,0
1773236429000,64.1232472833333,-21.7898736666667,7.0,0.0,0.0,true,64,0
1773236429000,64.1232472833333,-21.7898736666667,0.0,0.0,0.0,true,65,0
1773236432000,64.1232472833333,-21.7898736666667,3.0,0.0,0.0,true,66,0
1773236432000,64.1232472833333,-21.7898736666667,0.0,0.0,0.0,true,67,0
1773236435000,64.1232472833333,-21.7898736666667,3.0,0.0,0.0,true,68,0
1773236439000,64.1232472833333,-21.7898736666667,4.0,0.0,0.0,true,69,0
1773236442000,64.1232472833333,-21.7898736666667,3.0,0.0,0.0,true,70,0
1773236442000,64.1232472833333,-21.7898736666667,0.0,0.0,0.0,true,71,0
1773236445000,64.1232472833333,-21.7898736666667,3.0,0.0,0.0,true,72,0
1773236447000,64.1232472833333,-21.7898736666667,2.0,0.0,0.0,true,73,0
1773236449000,64.1232472833333,-21.7898736666667,2.0,0.0,0.0,true,74,0
1773236449000,64.1232472833333,-21.7898736666667,0.0,0.0,0.0,true,75,0
1773236451000,64.1232472833333,-21.7898736666667,2.0,0.0,0.0,true,76,0
1773236455000,64.1232472833333,-21.7898736666667,4.0,0.0,0.0,true,77,0
1773236455000,64.1232472833333,-21.7898736666667,0.0,0.0,0.0,true,78,0
1773236457000,64.1232472833333,-21.7898736666667,2.0,0.0,0.0,true,79,0
1773236457000,64.1232472833333,-21.7898736666667,0.0,0.0,0.0,true,80,0
1773236464000,64.1232472833333,-21.7898736666667,7.0,0.0,0.0,true,81,0
1773236464000,64.1232472833333,-21.7898736666667,0.0,0.0,0.0,true,82,0
1773236466000,64.1232472833333,-21.7898736666667,2.0,0.0,0.0,true,83,0
1773236466000,64.1232472833333,-21.7898736666667,0.0,0.0,0.0,true,84,0
1773236472000,64.1232472833333,-21.7898736666667,6.0,0.0,0.0,true,85,0
1773236472000,64.1232472833333,-21.7898736666667,0.0,0.0,0.0,true,86,0
1773236474000,64.1232472833333,-21.7898736666667,2.0,0.0,0.0,true,87,0
1773236476000,64.1232472833333,-21.7898736666667,2.0,0.0,0.0,true,88,0
1773236476000,64.1232472833333,-21.7898736666667,0.0,0.0,0.0,true,89,0
1773236478000,64.1232472833333,-21.7898736666667,2.0,0.0,0.0,true,90,0
1773236483000,64.1232472833333,-21.7898736666667,5.0,0.0,0.0,true,91,0
1773236485000,64.1232472833333,-21.7898736666667,2.0,0.0,0.0,true,92,0
1773236485000,64.1232472833333,-21.7898736666667,0.0,0.0,0.0,true,93,0
1773236487000,64.1232472833333,-21.7898736666667,2.0,0.0,0.0,true,94,0
1773236491000,64.1232472833333,-21.7898736666667,4.0,0.0,0.0,true,95,0
1773236491000,64.1232472833333,-21.7898736666667,0.0,0.0,0.0,true,96,0
1773236491000,64.1232472833333,-21.7898736666667,0.0,0.0,0.0,true,97,0
1773236496000,64.1232472833333,-21.7898736666667,5.0,0.0,0.0,true,98,0
1773236498000,64.1232472833333,-21.7898736666667,2.0,0.0,0.0,true,99,0
1773236498000,64.1232472833333,-21.7898736666667,0.0,0.0,0.0,true,100,0
1773236502000,64.1232472833333,-21.7898736666667,4.0,0.0,0.0,true,101,0
1773236502000,64.1232472833333,-21.7898736666667,0.0,0.0,0.0,true,102,0
1773236506000,64.1232472833333,-21.7898736666667,4.0,0.0,0.0,true,103,0
1773236506000,64.1232472833333,-21.7898736666667,0.0,0.0,0.0,true,104,0
1773236511000,64.1232472833333,-21.7898736666667,5.0,0.0,0.0,true,105,0
1773236514000,64.1232472833333,-21.7898736666667,3.0,0.0,0.0,true,106,0
1773236514000,64.1232472833333,-21.7898736666667,0.0,0.0,0.0,true,107,0
1773236517000,64.1232472833333,-21.7898736666667,3.0,0.0,0.0,true,108,0
1773236521000,64.1232472833333,-21.7898736666667,4.0,0.0,0.0,true,109,0
1773236521000,64.1232472833333,-21.7898736666667,0.0,0.0,0.0,true,110,0
1773236521000,64.1232472833333,-21.7898736666667,0.0,0.0,0.0,true,111,0
1773236521000,64.1232472833333,-21.7898736666667,0.0,0.0,0.0,true,112,0
1773236526000,64.1232472833333,-21.7898736666667,5.0,0.0,0.0,true,113,0
1773236528000,64.1232472833333,-21.7898736666667,2.0,0.0,0.0,true,114,0
1773236528000,64.1232472833333,-21.7898736666667,0.0,0.0,0.0,true,115,0
1773236532000,64.1232472833333,-21.7898736666667,4.0,0.0,0.0,true,116,0
1773236534000,64.1232472833333,-21.7898736666667,2.0,0.0,0.0,true,117,0
1773236537000,64.1232472833333,-21.7898736666667,3.0,0.0,0.0,true,118,0
1773236539000,64.1232463166667,-21.7898735,2.0,0.1,0.2,true,119,0
1773236539000,64.1232463166667,-21.7898735,0.0,0.0,0.0,true,120,0
1773236539000,64.1232463166667,-21.7898735,0.0,0.0,0.0,true,121,0
1773236546000,64.1232463166667,-21.7898735,7.0,0.0,0.0,true,122,0
1773236546000,64.1232463166667,-21.7898735,0.0,0.0,0.0,true,123,0
1773236548000,64.1232463166667,-21.7898735,2.0,0.0,0.0,true,124,0
1773236551000,64.1232463166667,-21.7898735,3.0,0.0,0.0,true,125,0
1773236555000,64.1232463166667,-21.7898735,4.0,0.0,0.0,true,126,0
1773236555000,64.1232463166667,-21.7898735,0.0,0.0,0.0,true,127,0
1773236557000,64.1232463166667,-21.7898735,2.0,0.0,0.0,true,128,0
1773236557000,64.1232463166667,-21.7898735,0.0,0.0,0.0,true,129,0
1773236559000,64.1232463166667,-21.7898735,2.0,0.0,0.0,true,130,0
1773236563000,64.1232463166667,-21.7898735,4.0,0.0,0.0,true,131,0
1773236563000,64.1232463166667,-21.7898735,0.0,0.0,0.0,true,132,0
1773236567000,64.1232463166667,-21.7898735,4.0,0.0,0.0,true,133,0
1773236569000,64.1232463166667,-21.7898735,2.0,0.0,0.0,true,134,0
1773236569000,64.1232463166667,-21.7898735,0.0,0.0,0.0,true,135,0
1773236574000,64.1232463166667,-21.7898735,5.0,0.0,0.0,true,136,0
1773236574000,64.1232463166667,-21.7898735,0.0,0.0,0.0,true,137,0
1773236574000,64.1232463166667,-21.7898735,0.0,0.0,0.0,true,138,0
1773236578000,64.1232463166667,-21.7898735,4.0,0.0,0.0,true,139,0
1773236582000,64.1232463166667,-21.7898735,4.0,0.0,0.0,true,140,0
1773236582000,64.1232463166667,-21.7898735,0.0,0.0,0.0,true,141,0
1773236584000,64.1232463166667,-21.7898735,2.0,0.0,0.0,true,142,0
1773236587000,64.1232463166667,-21.7898735,3.0,0.0,0.0,true,143,0
1773236589000,64.1232463166667,-21.7898735,2.0,0.0,0.0,true,144,0
1773236593000,64.1232463166667,-21.7898735,4.0,0.0,0.0,true,145,0
1773236593000,64.1232463166667,-21.7898735,0.0,0.0,0.0,true,146,0
1773236595000,64.1232463166667,-21.7898735,2.0,0.0,0.0,true,147,0
1773236597000,64.1232463166667,-21.7898735,2.0,0.0,0.0,true,148,0
1773236597000,64.1232463166667,-21.7898735,0.0,0.0,0.0,true,149,0
1773236599000,64.1232463166667,-21.7898735,2.0,0.0,0.0,true,150,0
1773236599000,64.1232463166667,-21.7898735,0.0,0.0,0.0,true,151,0
1773236603000,64.1232463166667,-21.7898735,4.0,0.0,0.0,true,152,0
1773236605000,64.1232463166667,-21.7898735,2.0,0.0,0.0,true,153,0
1773236610000,64.1232463166667,-21.7898735,5.0,0.0,0.0,true,154,0
1773236610000,64.1232463166667,-21.7898735,0.0,0.0,0.0,true,155,0
1773236614000,64.1232463166667,-21.7898735,4.0,0.0,0.0,true,156,0
1773236614000,64.1232463166667,-21.7898735,0.0,0.0,0.0,true,157,0
1773236617000,64.1232463166667,-21.7898735,3.0,0.0,0.0,true,158,0
1773236619000,64.1232463166667,-21.7898735,2.0,0.0,0.0,true,159,0
1773236622000,64.1232463166667,-21.7898735,3.0,0.0,0.0,true,160,0
1773236622000,64.1232463166667,-21.7898735,0.0,0.0,0.0,true,161,0
1773236626000,64.1232463166667,-21.7898735,4.0,0.0,0.0,true,162,0
1773236626000,64.1232463166667,-21.7898735,0.0,0.0,0.0,true,163,0
1773236630000,64.1232463166667,-21.7898735,4.0,0.0,0.0,true,164,0
1773236630000,64.1232463166667,-21.7898735,0.0,0.0,0.0,true,165,0
1773236630000,64.1232463166667,-21.7898735,0.0,0.0,0.0,true,166,0
1773236636000,64.1232463166667,-21.7898735,6.0,0.0,0.0,true,167,0
1773236638000,64.1232463166667,-21.7898735,2.0,0.0,0.0,true,168,0
1773236638000,64.1232463166667,-21.7898735,0.0,0.0,0.0,true,169,0
1773236642000,64.1232463166667,-21.7898735,4.0,0.0,0.0,true,170,0
1773236644000,64.1232463166667,-21.7898735,2.0,0.0,0.0,true,171,0
1773236644000,64.1232463166667,-21.7898735,0.0,0.0,0.0,true,172,0
1773236647000,64.1232463166667,-21.7898735,3.0,0.0,0.0,true,173,0
1773236647000,64.1232463166667,-21.7898735,0.0,0.0,0.0,true,174,0
1773236651000,64.1232463166667,-21.7898735,4.0,0.0,0.0,true,175,0
1773236655000,64.1232463166667,-21.7898735,4.0,0.0,0.0,true,176,0
1773236655000,64.1232463166667,-21.7898735,0.0,0.0,0.0,true,177,0
1773236657000,64.1232463166667,-21.7898735,2.0,0.0,0.0,true,178,0
1773236661000,64.1232463166667,-21.7898735,4.0,0.0,0.0,true,179,0
1773236661000,64.1232463166667,-21.7898735,0.0,0.0,0.0,true,180,0
1773236663000,64.1232457166667,-21.7898735,2.0,0.1,0.1,true,181,0
1773236665000,64.1232457166667,-21.7898735,2.0,0.0,0.0,true,182,0
1773236665000,64.1232457166667,-21.7898735,0.0,0.0,0.0,true,183,0
1773236667000,64.1232457166667,-21.7898735,2.0,0.0,0.0,true,184,0
1773236673000,64.1232457166667,-21.7898735,6.0,0.0,0.0,true,185,0
1773236673000,64.1232457166667,-21.7898735,0.0,0.0,0.0,true,186,0
1773236677000,64.1232457166667,-21.7898735,4.0,0.0,0.0,true,187,0
1773236679000,64.1232457166667,-21.7898735,2.0,0.0,0.0,true,188,0
1773236679000,64.1232457166667,-21.7898735,0.0,0.0,0.0,true,189,0
1773236681000,64.1232457166667,-21.7898735,2.0,0.0,0.0,true,190,0
1773236683000,64.1232457166667,-21.7898735,2.0,0.0,0.0,true,191,0
1773236683000,64.1232457166667,-21.7898735,0.0,0.0,0.0,true,192,0
1773236687000,64.1232457166667,-21.7898735,4.0,0.0,0.0,true,193,0
1773236687000,64.1232457166667,-21.7898735,0.0,0.0,0.0,true,194,0
1773236689000,64.1232457166667,-21.7898735,2.0,0.0,0.0,true,195,0
1773236693000,64.1232457166667,-21.7898735,4.0,0.0,0.0,true,196,0
1773236693000,64.1232457166667,-21.7898735,0.0,0.0,0.0,true,197,0
1773236695000,64.1232457166667,-21.7898735,2.0,0.0,0.0,true,198,0
1773236701000,64.1232457166667,-21.7898735,6.0,0.0,0.0,true,199,0
1773236701000,64.1232457166667,-21.7898735,0.0,0.0,0.0,true,200,0
1773236704000,64.1232457166667,-21.7898735,3.0,0.0,0.0,true,201,0
1773236706000,64.1232457166667,-21.7898735,2.0,0.0,0.0,true,202,0
1773236706000,64.1232457166667,-21.7898735,0.0,0.0,0.0,true,203,0
1773236708000,64.1232457166667,-21.7898735,2.0,0.0,0.0,true,204,0
1773236710000,64.1232457166667,-21.7898735,2.0,0.0,0.0,true,205,0
1773236710000,64.1232457166667,-21.7898735,0.0,0.0,0.0,true,206,0
1773236715000,64.1232457166667,-21.7898735,5.0,0.0,0.0,true,207,0
1773236717000,64.1232457166667,-21.7898735,2.0,0.0,0.0,true,208,0
1773236719000,64.1232457166667,-21.7898735,2.0,0.0,0.0,true,209,0
1773236723000,64.1232457166667,-21.7898735,4.0,0.0,0.0,true,210,0
1773236723000,64.1232457166667,-21.7898735,0.0,0.0,0.0,true,211,0
1773236725000,64.1232457166667,-21.7898735,2.0,0.0,0.0,true,212,0
1773236727000,64.1232457166667,-21.7898735,2.0,0.0,0.0,true,213,0
1773236727000,64.1232457166667,-21.7898735,0.0,0.0,0.0,true,214,0
1773236731000,64.1232457166667,-21.7898735,4.0,0.0,0.0,true,215,0
1773236734000,64.1232457166667,-21.7898735,3.0,0.0,0.0,true,216,0
1773236734000,64.1232457166667,-21.7898735,0.0,0.0,0.0,true,217,0
1773236736000,64.1232457166667,-21.7898735,2.0,0.0,0.0,true,218,0
1773236738000,64.1232457166667,-21.7898735,2.0,0.0,0.0,true,219,0
1773236738000,64.1232457166667,-21.7898735,0.0,0.0,0.0,true,220,0
1773236744000,64.1232457166667,-21.7898735,6.0,0.0,0.0,true,221,0
1773236746000,64.1232457166667,-21.7898735,2.0,0.0,0.0,true,222,0
1773236746000,64.1232457166667,-21.7898735,0.0,0.0,0.0,true,223,0
1773236750000,64.1232457166667,-21.7898735,4.0,0.0,0.0,true,224,0
1773236750000,64.1232457166667,-21.7898735,0.0,0.0,0.0,true,225,0
1773236750000,64.1232457166667,-21.7898735,0.0,0.0,0.0,true,226,0
1773236755000,64.1232457166667,-21.7898735,5.0,0.0,0.0,true,227,0
1773236757000,64.1232457166667,-21.7898735,2.0,0.0,0.0,true,228,0
1773236759000,64.1232457166667,-21.7898735,2.0,0.0,0.0,true,229,0
1773236763000,64.1232457166667,-21.7898735,4.0,0.0,0.0,true,230,0
1773236763000,64.1232457166667,-21.7898735,0.0,0.0,0.0,true,231,0
1773236765000,64.1232457166667,-21.7898735,2.0,0.0,0.0,true,232,0
1773236765000,64.1232457166667,-21.7898735,0.0,0.0,0.0,true,233,0
1773236769000,64.1232457166667,-21.7898735,4.0,0.0,0.0,true,234,0
1773236771000,64.1232457166667,-21.7898735,2.0,0.0,0.0,true,235,0
1773236771000,64.1232457166667,-21.7898735,0.0,0.0,0.0,true,236,0
1773236776000,64.1232457166667,-21.7898735,5.0,0.0,0.0,true,237,0
1773236778000,64.1232457166667,-21.7898735,2.0,0.0,0.0,true,238,0
1773236778000,64.1232457166667,-21.7898735,0.0,0.0,0.0,true,239,0
1773236780000,64.1232457166667,-21.7898735,2.0,0.0,0.0,true,240,0
1773236780000,64.1232457166667,-21.7898735,0.0,0.0,0.0,true,241,0
1773236787000,64.1232456,-21.789874,7.0,0.0,0.0,true,242,0
1773236787000,64.1232456,-21.789874,0.0,0.0,0.0,true,243,0
1773236789000,64.1232456,-21.789874,2.0,0.0,0.0,true,244,0
1773236793000,64.1232456,-21.789874,4.0,0.0,0.0,true,245,0
1773236797000,64.1232456,-21.789874,4.0,0.0,0.0,true,246,0
1773236799000,64.1232456,-21.789874,2.0,0.0,0.0,true,247,0
1773236799000,64.1232456,-21.789874,0.0,0.0,0.0,true,248,0
1773236801000,64.1232456,-21.789874,2.0,0.0,0.0,true,249,0
1773236803000,64.1232456,-21.789874,2.0,0.0,0.0,true,250,0
1773236803000,64.1232456,-21.789874,0.0,0.0,0.0,true,251,0
1773236805000,64.1232456,-21.789874,2.0,0.0,0.0,true,252,0
1773236810000,64.1232456,-21.789874,5.0,0.0,0.0,true,253,0
1773236810000,64.1232456,-21.789874,0.0,0.0,0.0,true,254,0
1773236814000,64.1232456,-21.789874,4.0,0.0,0.0,true,255,0
1773236814000,64.1232456,-21.789874,0.0,0.0,0.0,true,256,0
1773236818000,64.1232456,-21.789874,4.0,0.0,0.0,true,257,0
1773236820000,64.1232456,-21.789874,2.0,0.0,0.0,true,258,0
1773236820000,64.1232456,-21.789874,0.0,0.0,0.0,true,259,0
1773236822000,64.1232456,-21.789874,2.0,0.0,0.0,true,260,0
1773236825000,64.1232456,-21.789874,3.0,0.0,0.0,true,261,0
1773236825000,64.1232456,-21.789874,0.0,0.0,0.0,true,262,0
1773236829000,64.1232456,-21.789874,4.0,0.0,0.0,true,263,0
1773236831000,64.1232456,-21.789874,2.0,0.0,0.0,true,264,0
1773236831000,64.1232456,-21.789874,0.0,0.0,0.0,true,265,0
1773236837000,64.1232456,-21.789874,6.0,0.0,0.0,true,266,0
1773236837000,64.1232456,-21.789874,0.0,0.0,0.0,true,267,0
1773236837000,64.1232456,-21.789874,0.0,0.0,0.0,true,268,0
1773236841000,64.1232456,-21.789874,4.0,0.0,0.0,true,269,0
1773236843000,64.1232456,-21.789874,2.0,0.0,0.0,true,270,0
1773236843000,64.1232456,-21.789874,0.0,0.0,0.0,true,271,0
1773236846000,64.1232456,-21.789874,3.0,0.0,0.0,true,272,0
1773236846000,64.1232456,-21.789874,0.0,0.0,0.0,true,273,0
1773236852000,64.1232456,-21.789874,6.0,0.0,0.0,true,274,0
1773236855000,64.1232456,-21.789874,3.0,0.0,0.0,true,275,0
1773236855000,64.1232456,-21.789874,0.0,0.0,0.0,true,276,0
1773236857000,64.1232456,-21.789874,2.0,0.0,0.0,true,277,0
1773236861000,64.1232456,-21.789874,4.0,0.0,0.0,true,278,0
1773236861000,64.1232456,-21.789874,0.0,0.0,0.0,true,279,0
1773236863000,64.1232456,-21.789874,2.0,0.0,0.0,true,280,0
1773236863000,64.1232456,-21.789874,0.0,0.0,0.0,true,281,0
1773236865000,64.1232456,-21.789874,2.0,0.0,0.0,true,282,0
1773236871000,64.1232456,-21.789874,6.0,0.0,0.0,true,283,0
1773236871000,64.1232456,-21.789874,0.0,0.0,0.0,true,284,0
1773236875000,64.1232456,-21.789874,4.0,0.0,0.0,true,285,0
1773236882000,64.1232447833333,-21.789874,7.0,0.1,0.0,true,286,0
1773236888000,64.1232447833333,-21.7898741666667,6.0,0.0,0.0,true,287,0
1773236888000,64.1232447833333,-21.7898741666667,0.0,0.0,0.0,true,288,0
1773236888000,64.1232447833333,-21.7898741666667,0.0,0.0,0.0,true,289,0
1773236890000,64.1232447833333,-21.7898741666667,2.0,0.0,0.0,true,290,0
1773236896000,64.1232447666667,-21.7898743333333,6.0,0.0,0.0,true,291,0
1773236896000,64.1232447666667,-21.7898743333333,0.0,0.0,0.0,true,292,0
1773236896000,64.1232447666667,-21.7898743333333,0.0,0.0,0.0,true,293,0
1773236899000,64.1232447666667,-21.7898743333333,3.0,0.0,0.0,true,294,0
1773236899000,64.1232447666667,-21.7898743333333,0.0,0.0,0.0,true,295,0
1773236903000,64.12324475,-21.7898743333333,4.0,0.0,0.0,true,296,0
1773236903000,64.12324475,-21.7898743333333,0.0,0.0,0.0,true,297,0
1773236909000,64.1232447333333,-21.7898743333333,6.0,0.0,0.0,true,298,0
1773236909000,64.1232447333333,-21.7898743333333,0.0,0.0,0.0,true,299,0
1773236909000,64.1232447333333,-21.7898743333333,0.0,0.0,0.0,true,300,0
1773236914000,64.1232447166667,-21.7898743333333,5.0,0.0,0.0,true,301,0
1773236914000,64.1232447166667,-21.7898743333333,0.0,0.0,0.0,true,302,0
1773236920000,64.1232446666667,-21.7898746666667,6.0,0.0,0.0,true,303,0
1773236922000,64.1232446666667,-21.7898746666667,2.0,0.0,0.0,true,304,0
1773236922000,64.1232446666667,-21.7898746666667,0.0,0.0,0.0,true,305,0
1773236924000,64.1232446666667,-21.7898746666667,2.0,0.0,0.0,true,306,0
1773236928000,64.12324465,-21.7898746666667,4.0,0.0,0.0,true,307,0
1773236928000,64.12324465,-21.7898746666667,0.0,0.0,0.0,true,308,0
1773236930000,64.12324465,-21.7898746666667,2.0,0.0,0.0,true,309,0
1773236932000,64.1232446166667,-21.7898748333333,2.0,0.0,0.0,true,310,0
1773236935000,64.1232446166667,-21.7898748333333,3.0,0.0,0.0,true,311,0
1773236938000,64.1232445833333,-21.7898748333333,3.0,0.0,0.0,true,312,0
1773236940000,64.1232445833333,-21.7898748333333,2.0,0.0,0.0,true,313,0
1773236940000,64.1232445833333,-21.7898748333333,0.0,0.0,0.0,true,314,0
1773236944000,64.12324455,-21.7898748333333,4.0,0.0,0.0,true,315,0
1773236944000,64.12324455,-21.7898748333333,0.0,0.0,0.0,true,316,0
1773236946000,64.12324455,-21.7898748333333,2.0,0.0,0.0,true,317,0
1773236948000,64.1232445333333,-21.7898748333333,2.0,0.0,0.0,true,318,0
1773236948000,64.1232445333333,-21.7898748333333,0.0,0.0,0.0,true,319,0
1773236950000,64.1232445333333,-21.7898748333333,2.0,0.0,0.0,true,320,0
1773236955000,64.1232445333333,-21.7898748333333,5.0,0.0,0.0,true,321,0
1773236955000,64.1232445333333,-21.7898748333333,0.0,0.0,0.0,true,322,0
1773236959000,64.1232445333333,-21.7898748333333,4.0,0.0,0.0,true,323,0
1773236959000,64.1232445333333,-21.7898748333333,0.0,0.0,0.0,true,324,0
1773236961000,64.1232445333333,-21.7898748333333,2.0,0.0,0.0,true,325,0
1773236967000,64.1232445333333,-21.7898746666667,6.0,0.0,0.0,true,326,0
1773236967000,64.1232445333333,-21.7898746666667,0.0,0.0,0.0,true,327,0
1773236967000,64.1232445333333,-21.7898746666667,0.0,0.0,0.0,true,328,0
1773236969000,64.1232445333333,-21.7898746666667,2.0,0.0,0.0,true,329,0
1773236971000,64.12324455,-21.7898748333333,2.0,0.0,0.0,true,330,0
1773236976000,64.12324455,-21.7898748333333,5.0,0.0,0.0,true,331,0
1773236976000,64.12324455,-21.7898748333333,0.0,0.0,0.0,true,332,0
1773236976000,64.12324455,-21.7898748333333,0.0,0.0,0.0,true,333,0
1773236982000,64.1232445166667,-21.7898748333333,6.0,0.0,0.0,true,334,0
1773236982000,64.1232445166667,-21.7898748333333,0.0,0.0,0.0,true,335,0
1773236982000,64.1232445166667,-21.7898748333333,0.0,0.0,0.0,true,336,0
1773236985000,64.1232445166667,-21.7898748333333,3.0,0.0,0.0,true,337,0
1773236991000,64.12324455,-21.7898748333333,6.0,0.0,0.0,true,338,0
1773236991000,64.12324455,-21.7898748333333,0.0,0.0,0.0,true,339,0
1773236991000,64.12324455,-21.7898748333333,0.0,0.0,0.0,true,340,0
1773236996000,64.12324455,-21.7898748333333,5.0,0.0,0.0,true,341,0
1773236998000,64.12324455,-21.7898748333333,2.0,0.0,0.0,true,342,0
1773237002000,64.1232445666667,-21.7898748333333,4.0,0.0,0.0,true,343,0
1773237002000,64.1232445666667,-21.7898748333333,0.0,0.0,0.0,true,344,0
1773237002000,64.1232445666667,-21.7898748333333,0.0,0.0,0.0,true,345,0
1773237005000,64.1232445666667,-21.7898748333333,3.0,0.0,0.0,true,346,0
1773237011000,64.1232445833333,-21.7898748333333,6.0,0.0,0.0,true,347,0
1773237011000,64.1232445833333,-21.7898748333333,0.0,0.0,0.0,true,348,0
1773237013000,64.12324425,-21.7898755,2.0,0.0,0.1,true,349,0
1773237016000,64.12324425,-21.7898755,3.0,0.0,0.0,true,350,0
1773237016000,64.12324425,-21.7898755,0.0,0.0,0.0,true,351,0
1773237020000,64.1232452666667,-21.7898738333333,4.0,0.1,0.1,true,352,0
1773237022000,64.1232452666667,-21.7898726666667,2.0,0.1,0.1,true,353,0
1773237022000,64.1232452666667,-21.7898726666667,0.0,0.0,0.0,true,354,0
1773237025000,64.1232452666667,-21.7898726666667,3.0,0.0,0.0,true,355,0
1773237025000,64.1232452666667,-21.7898726666667,0.0,0.0,0.0,true,356,0
1773237027000,64.1232445833333,-21.789873,2.0,0.1,0.1,true,357,0
1773237031000,64.1232445833333,-21.789873,4.0,0.0,0.0,true,358,0
1773237031000,64.1232445833333,-21.789873,0.0,0.0,0.0,true,359,0
1773237031000,64.1232445833333,-21.789873,0.0,0.0,0.0,true,360,0
1773237035000,64.1232438166667,-21.789872,4.0,0.1,0.1,true,361,0
1773237039000,64.1232449,-21.7898668333333,4.0,0.3,0.3,true,362,0
1773237041000,64.12324525,-21.7898653333333,2.0,0.1,0.1,true,363,0
1773237045000,64.12324525,-21.7898653333333,4.0,0.0,0.0,true,364,0
1773237045000,64.12324525,-21.7898653333333,0.0,0.0,0.0,true,365,0
1773237047000,64.1232456333333,-21.7898666666667,2.0,0.1,0.1,true,366,0
1773237050000,64.1232456333333,-21.7898666666667,3.0,0.0,0.0,true,367,0
1773237050000,64.1232456333333,-21.7898666666667,0.0,0.0,0.0,true,368,0
1773237054000,64.1232462666667,-21.7898651666667,4.0,0.1,0.1,true,369,0
1773237054000,64.1232462666667,-21.7898651666667,0.0,0.0,0.0,true,370,0
1773237061000,64.1232464333333,-21.789862,7.0,0.2,0.1,true,371,0
1773237061000,64.1232464333333,-21.789862,0.0,0.0,0.0,true,372,0
1773237061000,64.1232464333333,-21.789862,0.0,0.0,0.0,true,373,0
1773237067000,64.1232468,-21.7898606666667,6.0,0.1,0.0,true,374,0
1773237067000,64.1232468,-21.7898606666667,0.0,0.0,0.0,true,375,0
1773237067000,64.1232468,-21.7898606666667,0.0,0.0,0.0,true,376,0
1773237071000,64.1232468333333,-21.7898606666667,4.0,0.0,0.0,true,377,0
1773237071000,64.1232468333333,-21.7898606666667,0.0,0.0,0.0,true,378,0
1773237076000,64.1232468333333,-21.7898606666667,5.0,0.0,0.0,true,379,0
1773237076000,64.1232468333333,-21.7898606666667,0.0,0.0,0.0,true,380,0
1773237079000,64.12324685,-21.7898605,3.0,0.0,0.0,true,381,0
1773237081000,64.12324685,-21.7898605,2.0,0.0,0.0,true,382,0
1773237081000,64.12324685,-21.7898605,0.0,0.0,0.0,true,383,0
1773237081000,64.12324685,-21.7898605,0.0,0.0,0.0,true,384,0
1773237088000,64.1232469,-21.7898605,7.0,0.0,0.0,true,385,0
1773237088000,64.1232469,-21.7898605,0.0,0.0,0.0,true,386,0
1773237092000,64.12324695,-21.7898605,4.0,0.0,0.0,true,387,0
1773237094000,64.12324695,-21.7898605,2.0,0.0,0.0,true,388,0
1773237096000,64.12324695,-21.7898605,2.0,0.0,0.0,true,389,0
1773237096000,64.12324695,-21.7898605,0.0,0.0,0.0,true,390,0
1773237100000,64.1232469833333,-21.7898603333333,4.0,0.0,0.0,true,391,0
1773237100000,64.1232469833333,-21.7898603333333,0.0,0.0,0.0,true,392,0
1773237105000,64.1232470333333,-21.7898603333333,5.0,0.0,0.0,true,393,0
1773237105000,64.1232470333333,-21.7898603333333,0.0,0.0,0.0,true,394,0
1773237107000,64.1232470833333,-21.7898603333333,2.0,0.0,0.0,true,395,0
1773237111000,64.1232470833333,-21.7898603333333,4.0,0.0,0.0,true,396,0
1773237111000,64.1232470833333,-21.7898603333333,0.0,0.0,0.0,true,397,0
1773237113000,64.1232471,-21.7898603333333,2.0,0.0,0.0,true,398,0
1773237115000,64.1232471,-21.7898603333333,2.0,0.0,0.0,true,399,0
1773237117000,64.1232471166667,-21.7898603333333,2.0,0.0,0.0,true,400,0
1773237117000,64.1232471166667,-21.7898603333333,0.0,0.0,0.0,true,401,0
1773237122000,64.1232471,-21.7898603333333,5.0,0.0,0.0,true,402,0
1773237122000,64.1232471,-21.7898603333333,0.0,0.0,0.0,true,403,0
1773237122000,64.1232471,-21.7898603333333,0.0,0.0,0.0,true,404,0
1773237126000,64.1232471,-21.7898603333333,4.0,0.0,0.0,true,405,0
1773237128000,64.1232470833333,-21.7898603333333,2.0,0.0,0.0,true,406,0
1773237128000,64.1232470833333,-21.7898603333333,0.0,0.0,0.0,true,407,0
1773237135000,64.1232470666667,-21.7898601666667,7.0,0.0,0.0,true,408,0
1773237135000,64.1232470666667,-21.7898601666667,0.0,0.0,0.0,true,409,0
1773237137000,64.1232470833333,-21.7898601666667,2.0,0.0,0.0,true,410,0
1773237139000,64.1232470833333,-21.7898601666667,2.0,0.0,0.0,true,411,0
1773237139000,64.1232470833333,-21.7898601666667,0.0,0.0,0.0,true,412,0
1773237141000,64.1232470833333,-21.7898601666667,2.0,0.0,0.0,true,413,0
1773237141000,64.1232470833333,-21.7898601666667,0.0,0.0,0.0,true,414,0
1773237147000,64.12324565,-21.789857,6.0,0.2,0.1,true,415,0
1773237152000,64.1232448166667,-21.7898575,5.0,0.1,0.1,true,416,0
1773237152000,64.1232448166667,-21.7898575,0.0,0.0,0.0,true,417,0
1773237152000,64.1232448166667,-21.7898575,0.0,0.0,0.0,true,418,0
1773237156000,64.1232448166667,-21.7898575,4.0,0.0,0.0,true,419,0
1773237159000,64.1232450666667,-21.7898591666667,3.0,0.1,0.1,true,420,0
1773237159000,64.1232450666667,-21.7898591666667,0.0,0.0,0.0,true,421,0
1773237161000,64.1232450666667,-21.7898591666667,2.0,0.0,0.0,true,422,0
1773237161000,64.1232450666667,-21.7898591666667,0.0,0.0,0.0,true,423,0
1773237163000,64.1232455833333,-21.789865,2.0,0.3,0.5,true,424,0
1773237167000,64.12324595,-21.7898673333333,4.0,0.1,0.1,true,425,0
1773237169000,64.12324595,-21.7898673333333,2.0,0.0,0.0,true,426,0
1773237172000,64.1232464833333,-21.7898693333333,3.0,0.1,0.1,true,427,0
1773237172000,64.1232464833333,-21.7898693333333,0.0,0.0,0.0,true,428,0
1773237174000,64.1232464833333,-21.7898693333333,2.0,0.0,0.0,true,429,0
1773237178000,64.1232471166667,-21.789874,4.0,0.2,0.2,true,430,0
1773237178000,64.1232471166667,-21.789874,0.0,0.0,0.0,true,431,0
1773237178000,64.1232471166667,-21.789874,0.0,0.0,0.0,true,432,0
1773237181000,64.1232484333333,-21.78988,3.0,0.3,0.4,true,433,0
1773237188000,64.12325025,-21.7898845,7.0,0.3,0.2,true,434,0
1773237188000,64.12325025,-21.7898845,0.0,0.0,0.0,true,435,0
1773237191000,64.1232520833333,-21.7898856666667,3.0,0.2,0.3,true,436,0
1773237191000,64.1232520833333,-21.7898856666667,0.0,0.0,0.0,true,437,0
1773237193000,64.1232520833333,-21.7898856666667,2.0,0.0,0.0,true,438,0
1773237195000,64.1232520833333,-21.7898856666667,2.0,0.0,0.0,true,439,0
1773237195000,64.1232520833333,-21.7898856666667,0.0,0.0,0.0,true,440,0
1773237199000,64.1232533333333,-21.7898875,4.0,0.2,0.1,true,441,0
1773237202000,64.1232536166667,-21.7898895,3.0,0.1,0.1,true,442,0
1773237204000,64.1232536166667,-21.7898895,2.0,0.0,0.0,true,443,0
1773237206000,64.12325305,-21.7898933333333,2.0,0.2,0.4,true,444,0
1773237206000,64.12325305,-21.7898933333333,0.0,0.0,0.0,true,445,0
1773237206000,64.12325305,-21.7898933333333,0.0,0.0,0.0,true,446,0
1773237212000,64.12325305,-21.7898933333333,6.0,0.0,0.0,true,447,0
1773237212000,64.12325305,-21.7898933333333,0.0,0.0,0.0,true,448,0
1773237216000,64.1232545666667,-21.789897,4.0,0.2,0.2,true,449,0
1773237218000,64.1232537666667,-21.7898973333333,2.0,0.1,0.2,true,450,0
1773237220000,64.1232537666667,-21.7898973333333,2.0,0.0,0.0,true,451,0
1773237220000,64.1232537666667,-21.7898973333333,0.0,0.0,0.0,true,452,0
1773237226000,64.1232533666667,-21.7898986666667,6.0,0.1,0.0,true,453,0
1773237226000,64.1232533666667,-21.7898986666667,0.0,0.0,0.0,true,454,0
1773237228000,64.1232535833333,-21.7899021666667,2.0,0.2,0.3,true,455,0
1773237228000,64.1232535833333,-21.7899021666667,0.0,0.0,0.0,true,456,0
1773237232000,64.1232535833333,-21.7899021666667,4.0,0.0,0.0,true,457,0
1773237234000,64.1232543666667,-21.7899048333333,2.0,0.2,0.3,true,458,0
1773237234000,64.1232543666667,-21.7899048333333,0.0,0.0,0.0,true,459,0
1773237238000,64.1232543666667,-21.7899048333333,4.0,0.0,0.0,true,460,0
1773237238000,64.1232543666667,-21.7899048333333,0.0,0.0,0.0,true,461,0
1773237243000,64.1232531666667,-21.7899008333333,5.0,0.2,0.2,true,462,0
1773237243000,64.1232531666667,-21.7899008333333,0.0,0.0,0.0,true,463,0
1773237245000,64.12325195,-21.7898926666667,2.0,0.4,0.8,true,464,0
1773237247000,64.12325195,-21.7898926666667,2.0,0.0,0.0,true,465,0
1773237249000,64.12325145,-21.7898865,2.0,0.3,0.5,true,466,0
1773237253000,64.12325145,-21.7898865,4.0,0.0,0.0,true,467,0
1773237253000,64.12325145,-21.7898865,0.0,0.0,0.0,true,468,0
1773237253000,64.12325145,-21.7898865,0.0,0.0,0.0,true,469,0
1773237259000,64.1232494,-21.7898856666667,6.0,0.2,0.1,true,470,0
1773237261000,64.1232471333333,-21.7898823333333,2.0,0.3,0.5,true,471,0
1773237261000,64.1232471333333,-21.7898823333333,0.0,0.0,0.0,true,472,0
1773237263000,64.1232471333333,-21.7898823333333,2.0,0.0,0.0,true,473,0
1773237266000,64.1232459166667,-21.789878,3.0,0.3,0.3,true,474,0
1773237266000,64.1232459166667,-21.789878,0.0,0.0,0.0,true,475,0
1773237266000,64.1232459166667,-21.789878,0.0,0.0,0.0,true,476,0
1773237272000,64.1232434666667,-21.7898733333333,6.0,0.4,0.2,true,477,0
1773237274000,64.1232434666667,-21.7898733333333,2.0,0.0,0.0,true,478,0
1773237274000,64.1232434666667,-21.7898733333333,0.0,0.0,0.0,true,479,0
1773237278000,64.1232428333333,-21.789871,4.0,0.1,0.1,true,480,0
1773237278000,64.1232428333333,-21.789871,0.0,0.0,0.0,true,481,0
1773237280000,64.1232424166667,-21.789874,2.0,0.2,0.3,true,482,0
1773237283000,64.1232424166667,-21.789874,3.0,0.0,0.0,true,483,0
1773237285000,64.1232411666667,-21.7898751666667,2.0,0.2,0.3,true,484,0
1773237288000,64.1232411666667,-21.7898751666667,3.0,0.0,0.0,true,485,0
1773237288000,64.1232411666667,-21.7898751666667,0.0,0.0,0.0,true,486,0
1773237288000,64.1232411666667,-21.7898751666667,0.0,0.0,0.0,true,487,0
1773237292000,64.1232403666667,-21.7898783333333,4.0,0.2,0.2,true,488,0
1773237292000,64.1232403666667,-21.7898783333333,0.0,0.0,0.0,true,489,0
1773237300000,64.1232397333333,-21.7898795,8.0,0.1,0.0,true,490,0
1773237300000,64.1232397333333,-21.7898795,0.0,0.0,0.0,true,491,0
1773237303000,64.1232397333333,-21.7898795,3.0,0.0,0.0,true,492,0
1773237303000,64.1232397333333,-21.7898795,0.0,0.0,0.0,true,493,0
1773237307000,64.12324075,-21.7898808333333,4.0,0.1,0.1,true,494,0
1773237307000,64.12324075,-21.7898808333333,0.0,0.0,0.0,true,495,0
1773237309000,64.12324075,-21.7898808333333,2.0,0.0,0.0,true,496,0
1773237312000,64.1232415833333,-21.7898818333333,3.0,0.1,0.1,true,497,0
1773237312000,64.1232415833333,-21.7898818333333,0.0,0.0,0.0,true,498,0
1773237314000,64.1232415833333,-21.7898818333333,2.0,0.0,0.0,true,499,0
1773237317000,64.12324255,-21.7898803333333,3.0,0.1,0.2,true,500,0
1773237317000,64.12324255,-21.7898803333333,0.0,0.0,0.0,true,501,0
1773237321000,64.123243,-21.7898778333333,4.0,0.1,0.1,true,502,0
1773237325000,64.123243,-21.7898778333333,4.0,0.0,0.0,true,503,0
1773237327000,64.1232438833333,-21.7898761666667,2.0,0.1,0.2,true,504,0
1773237327000,64.1232438833333,-21.7898761666667,0.0,0.0,0.0,true,505,0
1773237329000,64.1232438833333,-21.7898761666667,2.0,0.0,0.0,true,506,0
1773237333000,64.1232443166667,-21.789876,4.0,0.0,0.0,true,507,0
1773237333000,64.1232443166667,-21.789876,0.0,0.0,0.0,true,508,0
1773237333000,64.1232443166667,-21.789876,0.0,0.0,0.0,true,509,0
1773237339000,64.1232445,-21.7898765,6.0,0.0,0.0,true,510,0
1773237341000,64.1232445,-21.7898765,2.0,0.0,0.0,true,511,0
1773237341000,64.1232445,-21.7898765,0.0,0.0,0.0,true,512,0
1773237344000,64.1232445166667,-21.7898766666667,3.0,0.0,0.0,true,513,0
1773237346000,64.1232445166667,-21.7898766666667,2.0,0.0,0.0,true,514,0
1773237349000,64.1232445333333,-21.7898768333333,3.0,0.0,0.0,true,515,0
1773237349000,64.1232445333333,-21.7898768333333,0.0,0.0,0.0,true,516,0
1773237352000,64.1232445333333,-21.789877,3.0,0.0,0.0,true,517,0
1773237352000,64.1232445333333,-21.789877,0.0,0.0,0.0,true,518,0
1773237356000,64.1232445333333,-21.789877,4.0,0.0,0.0,true,519,0
1773237356000,64.1232445333333,-21.789877,0.0,0.0,0.0,true,520,0
1773237358000,64.1232444833333,-21.7898771666667,2.0,0.0,0.0,true,521,0
1773237362000,64.1232444833333,-21.7898771666667,4.0,0.0,0.0,true,522,0
1773237364000,64.1232444166667,-21.7898773333333,2.0,0.0,0.0,true,523,0
1773237364000,64.1232444166667,-21.7898773333333,0.0,0.0,0.0,true,524,0
1773237370000,64.1232443833333,-21.7898775,6.0,0.0,0.0,true,525,0
1773237370000,64.1232443833333,-21.7898775,0.0,0.0,0.0,true,526,0
1773237373000,64.1232443833333,-21.7898775,3.0,0.0,0.0,true,527,0
1773237375000,64.1232443333333,-21.7898775,2.0,0.0,0.0,true,528,0
1773237375000,64.1232443333333,-21.7898775,0.0,0.0,0.0,true,529,0
1773237377000,64.1232443333333,-21.7898775,2.0,0.0,0.0,true,530,0
1773237379000,64.1232443,-21.7898776666667,2.0,0.0,0.0,true,531,0
1773237379000,64.1232443,-21.7898776666667,0.0,0.0,0.0,true,532,0
1773237382000,64.1232443,-21.7898776666667,3.0,0.0,0.0,true,533,0
1773237382000,64.1232443,-21.7898776666667,0.0,0.0,0.0,true,534,0
1773237390000,64.1232442166667,-21.7898778333333,8.0,0.0,0.0,true,535,0
1773237390000,64.1232442166667,-21.7898778333333,0.0,0.0,0.0,true,536,0
1773237390000,64.1232442166667,-21.7898778333333,0.0,0.0,0.0,true,537,0
1773237394000,64.1232441666667,-21.789878,4.0,0.0,0.0,true,538,0
1773237394000,64.1232441666667,-21.789878,0.0,0.0,0.0,true,539,0
1773237397000,64.1232441666667,-21.789878,3.0,0.0,0.0,true,540,0
1773237401000,64.1232441333333,-21.7898781666667,4.0,0.0,0.0,true,541,0
1773237401000,64.1232441333333,-21.7898781666667,0.0,0.0,0.0,true,542,0
1773237401000,64.1232441333333,-21.7898781666667,0.0,0.0,0.0,true,543,0
1773237404000,64.1232441,-21.7898783333333,3.0,0.0,0.0,true,544,0
1773237409000,64.1232440333333,-21.7898783333333,5.0,0.0,0.0,true,545,0
1773237409000,64.1232440333333,-21.7898783333333,0.0,0.0,0.0,true,546,0
1773237413000,64.1232439666667,-21.7898785,4.0,0.0,0.0,true,547,0
1773237413000,64.1232439666667,-21.7898785,0.0,0.0,0.0,true,548,0
1773237415000,64.1232439666667,-21.7898785,2.0,0.0,0.0,true,549,0
1773237419000,64.1232439333333,-21.7898786666667,4.0,0.0,0.0,true,550,0
1773237419000,64.1232439333333,-21.7898786666667,0.0,0.0,0.0,true,551,0
1773237421000,64.1232439333333,-21.7898786666667,2.0,0.0,0.0,true,552,0
1773237424000,64.1232439,-21.7898786666667,3.0,0.0,0.0,true,553,0
1773237424000,64.1232439,-21.7898786666667,0.0,0.0,0.0,true,554,0
1773237426000,64.1232439,-21.7898786666667,2.0,0.0,0.0,true,555,0
1773237428000,64.1232439,-21.7898786666667,2.0,0.0,0.0,true,556,0
1773237432000,64.1232438666667,-21.7898786666667,4.0,0.0,0.0,true,557,0
1773237432000,64.1232438666667,-21.7898786666667,0.0,0.0,0.0,true,558,0
1773237434000,64.12324385,-21.7898785,2.0,0.0,0.0,true,559,0
1773237438000,64.12324385,-21.7898785,4.0,0.0,0.0,true,560,0
1773237440000,64.1232438,-21.7898785,2.0,0.0,0.0,true,561,0
1773237443000,64.1232438,-21.7898785,3.0,0.0,0.0,true,562,0
1773237443000,64.1232438,-21.7898785,0.0,0.0,0.0,true,563,0
1773237443000,64.1232438,-21.7898785,0.0,0.0,0.0,true,564,0
1773237447000,64.12324375,-21.7898783333333,4.0,0.0,0.0,true,565,0
1773237450000,64.1232437,-21.7898783333333,3.0,0.0,0.0,true,566,0
1773237450000,64.1232437,-21.7898783333333,0.0,0.0,0.0,true,567,0
1773237454000,64.1232437,-21.7898783333333,4.0,0.0,0.0,true,568,0
1773237454000,64.1232437,-21.7898783333333,0.0,0.0,0.0,true,569,0
1773237458000,64.1232436333333,-21.7898783333333,4.0,0.0,0.0,true,570,0
1773237458000,64.1232436333333,-21.7898783333333,0.0,0.0,0.0,true,571,0
1773237458000,64.1232436333333,-21.7898783333333,0.0,0.0,0.0,true,572,0
1773237463000,64.1232435833333,-21.7898783333333,5.0,0.0,0.0,true,573,0
1773237467000,64.1232435333333,-21.7898781666667,4.0,0.0,0.0,true,574,0
1773237467000,64.1232435333333,-21.7898781666667,0.0,0.0,0.0,true,575,0
1773237469000,64.1232434833333,-21.7898783333333,2.0,0.0,0.0,true,576,0
1773237469000,64.1232434833333,-21.7898783333333,0.0,0.0,0.0,true,577,0
1773237473000,64.1232434833333,-21.7898783333333,4.0,0.0,0.0,true,578,0
1773237473000,64.1232434833333,-21.7898783333333,0.0,0.0,0.0,true,579,0
1773237476000,64.1232434666667,-21.7898783333333,3.0,0.0,0.0,true,580,0
1773237478000,64.1232434666667,-21.7898783333333,2.0,0.0,0.0,true,581,0
1773237482000,64.1232434833333,-21.7898783333333,4.0,0.0,0.0,true,582,0
1773237482000,64.1232434833333,-21.7898783333333,0.0,0.0,0.0,true,583,0
1773237484000,64.1232434833333,-21.7898783333333,2.0,0.0,0.0,true,584,0
1773237488000,64.1232434666667,-21.7898785,4.0,0.0,0.0,true,585,0
1773237488000,64.1232434666667,-21.7898785,0.0,0.0,0.0,true,586,0
1773237493000,64.1232434333333,-21.7898785,5.0,0.0,0.0,true,587,0
1773237493000,64.1232434333333,-21.7898785,0.0,0.0,0.0,true,588,0
1773237495000,64.1232434,-21.7898786666667,2.0,0.0,0.0,true,589,0
1773237498000,64.1232434,-21.7898786666667,3.0,0.0,0.0,true,590,0
1773237498000,64.1232434,-21.7898786666667,0.0,0.0,0.0,true,591,0
1773237500000,64.1232433833333,-21.7898786666667,2.0,0.0,0.0,true,592,0
1773237504000,64.1232433833333,-21.7898786666667,4.0,0.0,0.0,true,593,0
1773237504000,64.1232433833333,-21.7898786666667,0.0,0.0,0.0,true,594,0
1773237504000,64.1232433833333,-21.7898786666667,0.0,0.0,0.0,true,595,0
1773237509000,64.1232433666667,-21.7898786666667,5.0,0.0,0.0,true,596,0
1773237509000,64.1232433666667,-21.7898786666667,0.0,0.0,0.0,true,597,0
1773237514000,64.1232433166667,-21.7898786666667,5.0,0.0,0.0,true,598,0
1773237514000,64.1232433166667,-21.7898786666667,0.0,0.0,0.0,true,599,0
1773237514000,64.1232433166667,-21.7898786666667,0.0,0.0,0.0,true,600,0
1773237520000,64.1232431833333,-21.7898786666667,6.0,0.0,0.0,true,601,0
1773237522000,64.1232431833333,-21.7898786666667,2.0,0.0,0.0,true,602,0
1773237522000,64.1232431833333,-21.7898786666667,0.0,0.0,0.0,true,603,0
1773237524000,64.1232431833333,-21.7898786666667,2.0,0.0,0.0,true,604,0
1773237524000,64.1232431833333,-21.7898786666667,0.0,0.0,0.0,true,605,0
1773237529000,64.1232431166667,-21.7898786666667,5.0,0.0,0.0,true,606,0
1773237529000,64.1232431166667,-21.7898786666667,0.0,0.0,0.0,true,607,0
1773237529000,64.1232431166667,-21.7898786666667,0.0,0.0,0.0,true,608,0
1773237534000,64.1232430666667,-21.7898788333333,5.0,0.0,0.0,true,609,0
1773237534000,64.1232430666667,-21.7898788333333,0.0,0.0,0.0,true,610,0
1773237534000,64.1232430666667,-21.7898788333333,0.0,0.0,0.0,true,611,0
1773237539000,64.1232430166667,-21.7898788333333,5.0,0.0,0.0,true,612,0
1773237544000,64.12324295,-21.7898786666667,5.0,0.0,0.0,true,613,0
1773237544000,64.12324295,-21.7898786666667,0.0,0.0,0.0,true,614,0
1773237549000,64.1232428666667,-21.7898786666667,5.0,0.0,0.0,true,615,0
1773237549000,64.1232428666667,-21.7898786666667,0.0,0.0,0.0,true,616,0
1773237549000,64.1232428666667,-21.7898786666667,0.0,0.0,0.0,true,617,0
1773237554000,64.1232428166667,-21.7898786666667,5.0,0.0,0.0,true,618,0
1773237554000,64.1232428166667,-21.7898786666667,0.0,0.0,0.0,true,619,0
1773237554000,64.1232428166667,-21.7898786666667,0.0,0.0,0.0,true,620,0
1773237557000,64.1232427833333,-21.7898788333333,3.0,0.0,0.0,true,621,0
1773237559000,64.1232427833333,-21.7898788333333,2.0,0.0,0.0,true,622,0
1773237559000,64.1232427833333,-21.7898788333333,0.0,0.0,0.0,true,623,0
1773237563000,64.1232427666667,-21.7898788333333,4.0,0.0,0.0,true,624,0
1773237563000,64.1232427666667,-21.7898788333333,0.0,0.0,0.0,true,625,0
1773237572000,64.1232427333333,-21.789879,9.0,0.0,0.0,true,626,0
1773237572000,64.1232427333333,-21.789879,0.0,0.0,0.0,true,627,0
1773237574000,64.1232427333333,-21.789879,2.0,0.0,0.0,true,628,0
1773237577000,64.1232427166667,-21.789879,3.0,0.0,0.0,true,629,0
1773237577000,64.1232427166667,-21.789879,0.0,0.0,0.0,true,630,0
1773237577000,64.1232427166667,-21.789879,0.0,0.0,0.0,true,631,0
1773237583000,64.1232427166667,-21.7898791666667,6.0,0.0,0.0,true,632,0
1773237583000,64.1232427166667,-21.7898791666667,0.0,0.0,0.0,true,633,0
1773237585000,64.1232427166667,-21.7898791666667,2.0,0.0,0.0,true,634,0
1773237585000,64.1232427166667,-21.7898791666667,0.0,0.0,0.0,true,635,0
1773237592000,64.12324275,-21.7898795,7.0,0.0,0.0,true,636,0
1773237592000,64.12324275,-21.7898795,0.0,0.0,0.0,true,637,0
1773237594000,64.12324275,-21.7898795,2.0,0.0,0.0,true,638,0
1773237594000,64.12324275,-21.7898795,0.0,0.0,0.0,true,639,0
1773237597000,64.1232427666667,-21.7898795,3.0,0.0,0.0,true,640,0
1773237597000,64.1232427666667,-21.7898795,0.0,0.0,0.0,true,641,0
1773237600000,64.1232427666667,-21.7898795,3.0,0.0,0.0,true,642,0
1773237603000,64.1232427833333,-21.7898795,3.0,0.0,0.0,true,643,0
1773237603000,64.1232427833333,-21.7898795,0.0,0.0,0.0,true,644,0
1773237603000,64.1232427833333,-21.7898795,0.0,0.0,0.0,true,645,0
1773237610000,64.1232428333333,-21.7898795,7.0,0.0,0.0,true,646,0
1773237614000,64.12324285,-21.7898796666667,4.0,0.0,0.0,true,647,0
1773237618000,64.1232428666667,-21.7898796666667,4.0,0.0,0.0,true,648,0
1773237618000,64.1232428666667,-21.7898796666667,0.0,0.0,0.0,true,649,0
1773237620000,64.1232428666667,-21.7898796666667,2.0,0.0,0.0,true,650,0
1773237620000,64.1232428666667,-21.7898796666667,0.0,0.0,0.0,true,651,0
1773237623000,64.1232428666667,-21.7898798333333,3.0,0.0,0.0,true,652,0
1773237627000,64.1232428666667,-21.7898798333333,4.0,0.0,0.0,true,653,0
1773237627000,64.1232428666667,-21.7898798333333,0.0,0.0,0.0,true,654,0
1773237629000,64.1232428166667,-21.7898798333333,2.0,0.0,0.0,true,655,0
1773237629000,64.1232428166667,-21.7898798333333,0.0,0.0,0.0,true,656,0
1773237629000,64.1232428166667,-21.7898798333333,0.0,0.0,0.0,true,657,0
1773237633000,64.1232428,-21.78988,4.0,0.0,0.0,true,658,0
1773237637000,64.1232428,-21.78988,4.0,0.0,0.0,true,659,0
1773237640000,64.1232428333333,-21.78988,3.0,0.0,0.0,true,660,0
1773237642000,64.1232428333333,-21.78988,2.0,0.0,0.0,true,661,0
1773237642000,64.1232428333333,-21.78988,0.0,0.0,0.0,true,662,0
1773237645000,64.1232428333333,-21.7898798333333,3.0,0.0,0.0,true,663,0
1773237645000,64.1232428333333,-21.7898798333333,0.0,0.0,0.0,true,664,0
1773237650000,64.12324285,-21.7898798333333,5.0,0.0,0.0,true,665,0
1773237650000,64.12324285,-21.7898798333333,0.0,0.0,0.0,true,666,0
1773237654000,64.12324285,-21.7898798333333,4.0,0.0,0.0,true,667,0
1773237654000,64.12324285,-21.7898798333333,0.0,0.0,0.0,true,668,0
1773237654000,64.12324285,-21.7898798333333,0.0,0.0,0.0,true,669,0
1773237660000,64.12324285,-21.7898798333333,6.0,0.0,0.0,true,670,0
1773237660000,64.12324285,-21.7898798333333,0.0,0.0,0.0,true,671,0
1773237662000,64.12324285,-21.7898798333333,2.0,0.0,0.0,true,672,0
1773237665000,64.1232428333333,-21.7898798333333,3.0,0.0,0.0,true,673,0
1773237665000,64.1232428333333,-21.7898798333333,0.0,0.0,0.0,true,674,0
1773237667000,64.1232428333333,-21.7898798333333,2.0,0.0,0.0,true,675,0
1773237670000,64.1232428,-21.7898798333333,3.0,0.0,0.0,true,676,0
1773237672000,64.1232428,-21.7898798333333,2.0,0.0,0.0,true,677,0
1773237677000,64.1232427833333,-21.7898796666667,5.0,0.0,0.0,true,678,0
1773237677000,64.1232427833333,-21.7898796666667,0.0,0.0,0.0,true,679,0
1773237682000,64.12324275,-21.7898796666667,5.0,0.0,0.0,true,680,0
1773237682000,64.12324275,-21.7898796666667,0.0,0.0,0.0,true,681,0
1773237682000,64.12324275,-21.7898796666667,0.0,0.0,0.0,true,682,0
1773237687000,64.1232427333333,-21.7898795,5.0,0.0,0.0,true,683,0
1773237687000,64.1232427333333,-21.7898795,0.0,0.0,0.0,true,684,0
1773237692000,64.1232427166667,-21.7898796666667,5.0,0.0,0.0,true,685,0
1773237695000,64.1232426833333,-21.7898796666667,3.0,0.0,0.0,true,686,0
1773237697000,64.1232426833333,-21.7898796666667,2.0,0.0,0.0,true,687,0
1773237700000,64.1232459333333,-21.789874,3.0,0.5,0.5,true,688,0
1773237700000,64.1232459333333,-21.789874,0.0,0.0,0.0,true,689,0
1773237702000,64.1232459333333,-21.789874,2.0,0.0,0.0,true,690,0
1773237707000,64.1232728333333,-21.7898135,5.0,4.2,3.0,false,690,1409.0
1773237707000,64.1232728333333,-21.7898135,0.0,0.0,0.0,true,1,0
1773237707000,64.1232728333333,-21.7898135,0.0,0.0,0.0,true,2,0
1773237712000,64.1232941666667,-21.7897555,5.0,3.7,2.7,false,2,5.0
1773237712000,64.1232941666667,-21.7897555,0.0,0.0,0.0,true,1,0
1773237712000,64.1232941666667,-21.7897555,0.0,0.0,0.0,true,2,0
1773237717000,64.12330575,-21.7896971666667,5.0,3.1,2.2,false,2,5.0
1773237720000,64.12330575,-21.7896971666667,3.0,0.0,0.0,true,1,0
1773237720000,64.12330575,-21.7896971666667,0.0,0.0,0.0,true,2,0
1773237725000,64.1233614666667,-21.7895515,5.0,9.4,6.8,false,2,8.0
1773237727000,64.1233614666667,-21.7895515,2.0,0.0,0.0,true,1,0
1773237727000,64.1233614666667,-21.7895515,0.0,0.0,0.0,true,2,0
1773237727000,64.1233614666667,-21.7895515,0.0,0.0,0.0,true,3,0
1773237732000,64.1233703833333,-21.7895413333333,5.0,1.1,0.8,false,3,7.0
1773237732000,64.1233703833333,-21.7895413333333,0.0,0.0,0.0,true,1,0
1773237732000,64.1233703833333,-21.7895413333333,0.0,0.0,0.0,true,2,0
1773237737000,64.12333905,-21.7894711666667,5.0,4.9,3.5,false,2,5.0
1773237737000,64.12333905,-21.7894711666667,0.0,0.0,0.0,true,1,0
1773237737000,64.12333905,-21.7894711666667,0.0,0.0,0.0,true,2,0
1773237742000,64.1233172166667,-21.7892636666667,5.0,10.4,7.5,false,2,5.0
1773237747000,64.1233192166667,-21.7889175,5.0,16.8,12.1,false,0,5.0
1773237747000,64.1233192166667,-21.7889175,0.0,0.0,0.0,true,1,0
1773237747000,64.1233192166667,-21.7889175,0.0,0.0,0.0,true,2,0
1773237751000,64.12332135,-21.788463,4.0,22.1,19.9,false,2,4.0
1773237756000,64.1233639666667,-21.7880505,5.0,20.6,14.8,false,0,5.0
1773237756000,64.1233639666667,-21.7880505,0.0,0.0,0.0,true,1,0
1773237758000,64.1233639666667,-21.7880505,2.0,0.0,0.0,true,2,0
1773237758000,64.1233639666667,-21.7880505,0.0,0.0,0.0,true,3,0
1773237758000,64.1233639666667,-21.7880505,0.0,0.0,0.0,true,4,0
1773237763000,64.1235005666667,-21.7878691666667,5.0,17.6,12.6,false,4,7.0
1773237763000,64.1235005666667,-21.7878691666667,0.0,0.0,0.0,true,1,0
1773237768000,64.1236525833333,-21.788006,5.0,18.2,13.1,false,1,5.0
1773237768000,64.1236525833333,-21.788006,0.0,0.0,0.0,true,1,0
1773237771000,64.1236850166667,-21.788518,3.0,25.1,30.1,false,1,3.0
1773237771000,64.1236850166667,-21.788518,0.0,0.0,0.0,true,1,0
1773237771000,64.1236850166667,-21.788518,0.0,0.0,0.0,true,2,0
1773237776000,64.12365895,-21.7892015,5.0,33.3,24.0,false,2,5.0
1773237776000,64.12365895,-21.7892015,0.0,0.0,0.0,true,1,0
1773237783000,64.1236526166667,-21.789752,7.0,26.7,13.7,false,1,7.0
1773237786000,64.1236526166667,-21.789752,3.0,0.0,0.0,true,1,0
1773237786000,64.1236526166667,-21.789752,0.0,0.0,0.0,true,2,0
1773237788000,64.12374635,-21.7900266666667,2.0,16.9,30.5,false,2,5.0
1773237792000,64.123843,-21.7902791666667,4.0,16.3,14.7,false,0,4.0
1773237792000,64.123843,-21.7902791666667,0.0,0.0,0.0,true,1,0
1773237792000,64.123843,-21.7902791666667,0.0,0.0,0.0,true,2,0
1773237798000,64.1238865,-21.7909043333333,6.0,30.7,18.4,false,2,6.0
1773237801000,64.1238703833333,-21.7919381666667,3.0,50.2,60.2,false,0,3.0
1773237801000,64.1238703833333,-21.7919381666667,0.0,0.0,0.0,true,1,0
1773237805000,64.1238703833333,-21.7919381666667,4.0,0.0,0.0,true,2,0
1773237808000,64.1238457833333,-21.7930011666667,3.0,51.7,62.0,false,2,7.0
1773237813000,64.1238061,-21.7940055,5.0,48.9,35.2,false,0,5.0
1773237813000,64.1238061,-21.7940055,0.0,0.0,0.0,true,1,0
1773237818000,64.1237973333333,-21.7950168333333,5.0,49.1,35.3,false,1,5.0
1773237818000,64.1237973333333,-21.7950168333333,0.0,0.0,0.0,true,1,0
1773237818000,64.1237973333333,-21.7950168333333,0.0,0.0,0.0,true,2,0
1773237823000,64.1238119333333,-21.7959401666667,5.0,44.8,32.3,false,2,5.0
1773237823000,64.1238119333333,-21.7959401666667,0.0,0.0,0.0,true,1,0
1773237828000,64.1238119333333,-21.7959401666667,5.0,0.0,0.0,true,2,0
1773237833000,64.1240270666667,-21.7963855,5.0,32.2,23.2,false,2,10.0
1773237833000,64.1240270666667,-21.7963855,0.0,0.0,0.0,true,1,0
1773237835000,64.1242624333333,-21.7969155,2.0,36.7,66.0,false,1,2.0
1773237835000,64.1242624333333,-21.7969155,0.0,0.0,0.0,true,1,0
1773237838000,64.1242624333333,-21.7969155,3.0,0.0,0.0,true,2,0
1773237843000,64.1247204166667,-21.797375,5.0,55.6,40.0,false,2,8.0
1773237843000,64.1247204166667,-21.797375,0.0,0.0,0.0,true,1,0
1773237843000,64.1247204166667,-21.797375,0.0,0.0,0.0,true,2,0
1773237848000,64.1247098166667,-21.7973735,5.0,1.2,0.9,false,2,5.0
1773237848000,64.1247098166667,-21.7973735,0.0,0.0,0.0,true,1,0
1773237848000,64.1247098166667,-21.7973735,0.0,0.0,0.0,true,2,0
1773237853000,64.1247029833333,-21.7973853333333,5.0,1.0,0.7,false,2,5.0
1773237853000,64.1247029833333,-21.7973853333333,0.0,0.0,0.0,true,1,0
1773237858000,64.1247375,-21.7974543333333,5.0,5.1,3.7,false,1,5.0
1773237861000,64.1247375,-21.7974543333333,3.0,0.0,0.0,true,1,0
1773237861000,64.1247375,-21.7974543333333,0.0,0.0,0.0,true,2,0
1773237863000,64.1247147166667,-21.7979315,2.0,23.3,41.9,false,2,5.0
1773237863000,64.1247147166667,-21.7979315,0.0,0.0,0.0,true,1,0
1773237868000,64.12465365,-21.7986808333333,5.0,37.0,26.6,false,1,5.0
1773237868000,64.12465365,-21.7986808333333,0.0,0.0,0.0,true,1,0
1773237868000,64.12465365,-21.7986808333333,0.0,0.0,0.0,true,2,0
1773237873000,64.12456105,-21.7996643333333,5.0,48.8,35.2,false,2,5.0
1773237878000,64.1244872166667,-21.800869,5.0,59.0,42.5,false,0,5.0
1773237878000,64.1244872166667,-21.800869,0.0,0.0,0.0,true,1,0
1773237878000,64.1244872166667,-21.800869,0.0,0.0,0.0,true,2,0
1773237881000,64.1244872166667,-21.800869,3.0,0.0,0.0,true,3,0
1773237881000,64.1244872166667,-21.800869,0.0,0.0,0.0,true,4,0
1773237885000,64.1244377166667,-21.8022313333333,4.0,66.3,59.7,false,4,7.0
1773237888000,64.1243985666667,-21.803777,3.0,75.1,90.2,false,0,3.0
1773237888000,64.1243985666667,-21.803777,0.0,0.0,0.0,true,1,0
1773237891000,64.1243985666667,-21.803777,3.0,0.0,0.0,true,2,0
1773237893000,64.1243746666667,-21.8053851666667,2.0,78.1,140.6,false,2,5.0
1773237893000,64.1243746666667,-21.8053851666667,0.0,0.0,0.0,true,1,0
1773237898000,64.1243526333333,-21.8070105,5.0,78.9,56.8,false,1,5.0
1773237901000,64.1243526333333,-21.8070105,3.0,0.0,0.0,true,1,0
1773237901000,64.1243526333333,-21.8070105,0.0,0.0,0.0,true,2,0
1773237903000,64.1243307666667,-21.80865,2.0,79.6,143.3,false,2,5.0
1773237908000,64.1243089833333,-21.8103203333333,5.0,81.1,58.4,false,0,5.0
1773237908000,64.1243089833333,-21.8103203333333,0.0,0.0,0.0,true,1,0
1773237910000,64.1243089833333,-21.8103203333333,2.0,0.0,0.0,true,2,0
1773237910000,64.1243089833333,-21.8103203333333,0.0,0.0,0.0,true,3,0
1773237913000,64.1242895,-21.8120066666667,3.0,81.9,98.2,false,3,5.0
1773237918000,64.1242632833333,-21.8136121666667,5.0,78.0,56.1,false,0,5.0
1773237918000,64.1242632833333,-21.8136121666667,0.0,0.0,0.0,true,1,0
1773237918000,64.1242632833333,-21.8136121666667,0.0,0.0,0.0,true,2,0
1773237921000,64.1242632833333,-21.8136121666667,3.0,0.0,0.0,true,3,0
1773237921000,64.1242632833333,-21.8136121666667,0.0,0.0,0.0,true,4,0
1773237924000,64.1242390833333,-21.8152861666667,3.0,81.3,97.5,false,4,6.0
1773237929000,64.1241913833333,-21.816965,5.0,81.6,58.8,false,0,5.0
1773237929000,64.1241913833333,-21.816965,0.0,0.0,0.0,true,1,0
1773237929000,64.1241913833333,-21.816965,0.0,0.0,0.0,true,2,0
1773237937000,64.1241542,-21.8187196666667,8.0,85.3,38.4,false,2,8.0
1773237937000,64.1241542,-21.8187196666667,0.0,0.0,0.0,true,1,0
1773237939000,64.12412905,-21.820492,2.0,86.1,154.9,false,1,2.0
1773237939000,64.12412905,-21.820492,0.0,0.0,0.0,true,1,0
1773237942000,64.1241096166667,-21.8222686666667,3.0,86.2,103.5,false,1,3.0
1773237944000,64.1241096166667,-21.8222686666667,2.0,0.0,0.0,true,1,0
1773237944000,64.1241096166667,-21.8222686666667,0.0,0.0,0.0,true,2,0
1773237946000,64.1241096166667,-21.8222686666667,2.0,0.0,0.0,true,3,0
1773237950000,64.12408475,-21.8240268333333,4.0,85.4,76.8,false,3,8.0
1773237952000,64.12408475,-21.8240268333333,2.0,0.0,0.0,true,1,0
1773237954000,64.1240617,-21.8257801666667,2.0,85.1,153.2,false,1,4.0
1773237958000,64.1240562833333,-21.8277541666667,4.0,95.8,86.2,false,0,4.0
1773237958000,64.1240562833333,-21.8277541666667,0.0,0.0,0.0,true,1,0
1773237958000,64.1240562833333,-21.8277541666667,0.0,0.0,0.0,true,2,0
1773237963000,64.1240395166667,-21.82974,5.0,96.4,69.4,false,2,5.0
1773237963000,64.1240395166667,-21.82974,0.0,0.0,0.0,true,1,0
1773237965000,64.1240395166667,-21.82974,2.0,0.0,0.0,true,2,0
1773237967000,64.1240395166667,-21.82974,2.0,0.0,0.0,true,3,0
1773237967000,64.1240395166667,-21.82974,0.0,0.0,0.0,true,4,0
1773237973000,64.1240130666667,-21.8335218333333,6.0,183.5,110.1,false,4,10.0
1773237975000,64.1240130666667,-21.8335218333333,2.0,0.0,0.0,true,1,0
1773237980000,64.1240400666667,-21.8354055,5.0,91.5,65.9,false,1,7.0
1773237980000,64.1240400666667,-21.8354055,0.0,0.0,0.0,true,1,0
1773237980000,64.1240400666667,-21.8354055,0.0,0.0,0.0,true,2,0
1773237980000,64.1240400666667,-21.8354055,0.0,0.0,0.0,true,3,0
1773237987000,64.1241817333333,-21.8390005,7.0,175.2,90.1,false,3,7.0
1773237987000,64.1241817333333,-21.8390005,0.0,0.0,0.0,true,1,0
1773237992000,64.1241817333333,-21.8390005,5.0,0.0,0.0,true,2,0
1773237992000,64.1241817333333,-21.8390005,0.0,0.0,0.0,true,3,0
1773237994000,64.1243008,-21.8408346666667,2.0,90.0,162.0,false,3,7.0
1773237994000,64.1243008,-21.8408346666667,0.0,0.0,0.0,true,1,0
1773237998000,64.1244453166667,-21.8426041666667,4.0,87.4,78.6,false,1,4.0
1773237998000,64.1244453166667,-21.8426041666667,0.0,0.0,0.0,true,1,0
1773237998000,64.1244453166667,-21.8426041666667,0.0,0.0,0.0,true,2,0
1773238005000,64.1246030833333,-21.8442321666667,7.0,80.9,41.6,false,2,7.0
1773238007000,64.1246030833333,-21.8442321666667,2.0,0.0,0.0,true,1,0
1773238007000,64.1246030833333,-21.8442321666667,0.0,0.0,0.0,true,2,0
1773238009000,64.1247813333333,-21.8458041666667,2.0,78.8,141.9,false,2,4.0
1773238009000,64.1247813333333,-21.8458041666667,0.0,0.0,0.0,true,1,0
1773238013000,64.1249861,-21.8473743333333,4.0,79.5,71.6,false,1,4.0
1773238015000,64.1249861,-21.8473743333333,2.0,0.0,0.0,true,1,0
1773238015000,64.1249861,-21.8473743333333,0.0,0.0,0.0,true,2,0
1773238018000,64.1252263333333,-21.8488701666667,3.0,77.3,92.8,false,2,5.0
1773238022000,64.1252263333333,-21.8488701666667,4.0,0.0,0.0,true,1,0
1773238024000,64.1254452166667,-21.8502101666667,2.0,69.4,125.0,false,1,6.0
1773238027000,64.1254452166667,-21.8502101666667,3.0,0.0,0.0,true,1,0
1773238027000,64.1254452166667,-21.8502101666667,0.0,0.0,0.0,true,2,0
1773238030000,64.1258638166667,-21.8510986666667,3.0,63.4,76.1,false,2,6.0
1773238030000,64.1258638166667,-21.8510986666667,0.0,0.0,0.0,true,1,0
1773238037000,64.1263373,-21.8506258333333,7.0,57.4,29.5,false,1,7.0
1773238037000,64.1263373,-21.8506258333333,0.0,0.0,0.0,true,1,0
1773238037000,64.1263373,-21.8506258333333,0.0,0.0,0.0,true,2,0
1773238042000,64.1264767333333,-21.8497718333333,5.0,44.2,31.9,false,2,5.0
1773238044000,64.1264767333333,-21.8497718333333,2.0,0.0,0.0,true,1,0
1773238044000,64.1264767333333,-21.8497718333333,0.0,0.0,0.0,true,2,0
1773238047000,64.1261993333333,-21.8491496666667,3.0,43.2,51.8,false,2,5.0
1773238047000,64.1261993333333,-21.8491496666667,0.0,0.0,0.0,true,1,0
1773238054000,64.1257025,-21.8489003333333,7.0,56.6,29.1,false,1,7.0
1773238057000,64.1250805,-21.8486858333333,3.0,69.9,83.9,false,0,3.0
1773238057000,64.1250805,-21.8486858333333,0.0,0.0,0.0,true,1,0
1773238059000,64.1250805,-21.8486858333333,2.0,0.0,0.0,true,2,0
1773238059000,64.1250805,-21.8486858333333,0.0,0.0,0.0,true,3,0
1773238062000,64.1243895,-21.8484555,3.0,77.6,93.2,false,3,5.0
1773238064000,64.1243895,-21.8484555,2.0,0.0,0.0,true,1,0
1773238067000,64.1236935833333,-21.8482303333333,3.0,78.2,93.8,false,1,5.0
1773238067000,64.1236935833333,-21.8482303333333,0.0,0.0,0.0,true,1,0
1773238069000,64.1236935833333,-21.8482303333333,2.0,0.0,0.0,true,2,0
1773238072000,64.1230318,-21.8479853333333,3.0,74.5,89.4,false,2,5.0
1773238074000,64.1230318,-21.8479853333333,2.0,0.0,0.0,true,1,0
1773238078000,64.1224213,-21.8477415,4.0,68.9,62.0,false,1,6.0
1773238078000,64.1224213,-21.8477415,0.0,0.0,0.0,true,1,0
1773238081000,64.1218832333333,-21.8475356666667,3.0,60.7,72.8,false,1,3.0
1773238083000,64.1218832333333,-21.8475356666667,2.0,0.0,0.0,true,1,0
1773238083000,64.1218832333333,-21.8475356666667,0.0,0.0,0.0,true,2,0
1773238086000,64.1215283166667,-21.8474018333333,3.0,40.0,48.0,false,2,5.0
1773238088000,64.1215283166667,-21.8474018333333,2.0,0.0,0.0,true,1,0
1773238088000,64.1215283166667,-21.8474018333333,0.0,0.0,0.0,true,2,0
1773238090000,64.1215283166667,-21.8474018333333,2.0,0.0,0.0,true,3,0
1773238090000,64.1215283166667,-21.8474018333333,0.0,0.0,0.0,true,4,0
1773238093000,64.1213504833333,-21.8473391666667,3.0,20.0,24.0,false,4,7.0
1773238099000,64.1213186166667,-21.8473296666667,6.0,3.6,2.1,false,0,6.0
1773238099000,64.1213186166667,-21.8473296666667,0.0,0.0,0.0,true,1,0
1773238101000,64.1213186166667,-21.8473296666667,2.0,0.0,0.0,true,2,0
1773238101000,64.1213186166667,-21.8473296666667,0.0,0.0,0.0,true,3,0
1773238104000,64.1210824,-21.8472423333333,3.0,26.6,31.9,false,3,5.0
1773238107000,64.1210824,-21.8472423333333,3.0,0.0,0.0,true,1,0
1773238111000,64.1206589666667,-21.8470688333333,4.0,47.8,43.0,false,1,7.0
1773238111000,64.1206589666667,-21.8470688333333,0.0,0.0,0.0,true,1,0
1773238114000,64.1201251333333,-21.8468085,3.0,60.7,72.8,false,1,3.0
1773238116000,64.1201251333333,-21.8468085,2.0,0.0,0.0,true,1,0
1773238119000,64.1195781833333,-21.8464595,3.0,63.1,75.8,false,1,5.0
1773238119000,64.1195781833333,-21.8464595,0.0,0.0,0.0,true,1,0
1773238124000,64.1189630666667,-21.8460073333333,5.0,71.8,51.7,false,1,5.0
1773238124000,64.1189630666667,-21.8460073333333,0.0,0.0,0.0,true,1,0
1773238126000,64.1189630666667,-21.8460073333333,2.0,0.0,0.0,true,2,0
1773238126000,64.1189630666667,-21.8460073333333,0.0,0.0,0.0,true,3,0
1773238129000,64.1182085833333,-21.845402,3.0,88.9,106.7,false,3,5.0
1773238132000,64.1182085833333,-21.845402,3.0,0.0,0.0,true,1,0
1773238136000,64.1175272,-21.8448603333333,4.0,80.2,72.2,false,1,7.0
1773238136000,64.1175272,-21.8448603333333,0.0,0.0,0.0,true,1,0
1773238138000,64.1175272,-21.8448603333333,2.0,0.0,0.0,true,2,0
1773238140000,64.11681035,-21.8443251666667,2.0,83.8,150.9,false,2,4.0
1773238144000,64.1160630166667,-21.843879,4.0,85.9,77.3,false,0,4.0
1773238144000,64.1160630166667,-21.843879,0.0,0.0,0.0,true,1,0
1773238146000,64.1160630166667,-21.843879,2.0,0.0,0.0,true,2,0
1773238146000,64.1160630166667,-21.843879,0.0,0.0,0.0,true,3,0
1773238148000,64.1160630166667,-21.843879,2.0,0.0,0.0,true,4,0
1773238150000,64.1152972666667,-21.8435756666667,2.0,86.4,155.5,false,4,6.0
1773238155000,64.1145216,-21.8434826666667,5.0,86.4,62.2,false,0,5.0
1773238157000,64.1145216,-21.8434826666667,2.0,0.0,0.0,true,1,0
1773238161000,64.11374235,-21.8435565,4.0,86.7,78.1,false,1,6.0
1773238161000,64.11374235,-21.8435565,0.0,0.0,0.0,true,1,0
1773238161000,64.11374235,-21.8435565,0.0,0.0,0.0,true,2,0
1773238165000,64.1129772166667,-21.843776,4.0,85.7,77.2,false,2,4.0
1773238165000,64.1129772166667,-21.843776,0.0,0.0,0.0,true,1,0
1773238167000,64.1129772166667,-21.843776,2.0,0.0,0.0,true,2,0
1773238169000,64.11222835,-21.8440428333333,2.0,84.3,151.7,false,2,4.0
1773238169000,64.11222835,-21.8440428333333,0.0,0.0,0.0,true,1,0
1773238174000,64.11222835,-21.8440428333333,5.0,0.0,0.0,true,2,0
1773238174000,64.11222835,-21.8440428333333,0.0,0.0,0.0,true,3,0
1773238176000,64.11148645,-21.8443286666667,2.0,83.7,150.6,false,3,7.0
1773238180000,64.11074105,-21.8446301666667,4.0,84.2,75.8,false,0,4.0
1773238180000,64.11074105,-21.8446301666667,0.0,0.0,0.0,true,1,0
1773238185000,64.1100114666667,-21.8450253333333,5.0,83.4,60.0,false,1,5.0
1773238187000,64.1100114666667,-21.8450253333333,2.0,0.0,0.0,true,1,0
1773238187000,64.1100114666667,-21.8450253333333,0.0,0.0,0.0,true,2,0
1773238191000,64.1093078166667,-21.845611,4.0,83.2,74.9,false,2,6.0
1773238193000,64.1093078166667,-21.845611,2.0,0.0,0.0,true,1,0
1773238193000,64.1093078166667,-21.845611,0.0,0.0,0.0,true,2,0
1773238195000,64.1084953833333,-21.8466063333333,2.0,102.5,184.4,false,2,4.0
1773238195000,64.1084953833333,-21.8466063333333,0.0,0.0,0.0,true,1,0
1773238202000,64.1078501,-21.8476511666667,7.0,87.9,45.2,false,1,7.0
1773238202000,64.1078501,-21.8476511666667,0.0,0.0,0.0,true,1,0
1773238202000,64.1078501,-21.8476511666667,0.0,0.0,0.0,true,2,0
1773238205000,64.1078501,-21.8476511666667,3.0,0.0,0.0,true,3,0
1773238207000,64.1072589333333,-21.8489048333333,2.0,89.6,161.3,false,3,5.0
1773238212000,64.10675155,-21.8502655,5.0,86.9,62.6,false,0,5.0
1773238212000,64.10675155,-21.8502655,0.0,0.0,0.0,true,1,0
1773238212000,64.10675155,-21.8502655,0.0,0.0,0.0,true,2,0
1773238212000,64.10675155,-21.8502655,0.0,0.0,0.0,true,3,0
1773238217000,64.1063664,-21.8517641666667,5.0,84.4,60.8,false,3,5.0
1773238221000,64.1060674833333,-21.8533128333333,4.0,82.2,74.0,false,0,4.0
1773238221000,64.1060674833333,-21.8533128333333,0.0,0.0,0.0,true,1,0
1773238221000,64.1060674833333,-21.8533128333333,0.0,0.0,0.0,true,2,0
1773238225000,64.1058352333333,-21.8549071666667,4.0,81.6,73.5,false,2,4.0
1773238231000,64.1056741,-21.8565405,6.0,81.3,48.8,false,0,6.0
1773238231000,64.1056741,-21.8565405,0.0,0.0,0.0,true,1,0
1773238233000,64.1056741,-21.8565405,2.0,0.0,0.0,true,2,0
1773238233000,64.1056741,-21.8565405,0.0,0.0,0.0,true,3,0
1773238235000,64.1056741,-21.8565405,2.0,0.0,0.0,true,4,0
1773238237000,64.1055528166667,-21.8581948333333,2.0,81.5,146.6,false,4,6.0
1773238237000,64.1055528166667,-21.8581948333333,0.0,0.0,0.0,true,1,0
1773238243000,64.1054564333333,-21.8598696666667,6.0,82.0,49.2,false,1,6.0
1773238247000,64.1053634333333,-21.8615336666667,4.0,81.5,73.3,false,0,4.0
1773238247000,64.1053634333333,-21.8615336666667,0.0,0.0,0.0,true,1,0
1773238247000,64.1053634333333,-21.8615336666667,0.0,0.0,0.0,true,2,0
1773238247000,64.1053634333333,-21.8615336666667,0.0,0.0,0.0,true,3,0
1773238252000,64.10526855,-21.863132,5.0,78.3,56.4,false,3,5.0
1773238254000,64.10526855,-21.863132,2.0,0.0,0.0,true,1,0
1773238258000,64.10516085,-21.8646291666667,4.0,73.7,66.3,false,1,6.0
1773238258000,64.10516085,-21.8646291666667,0.0,0.0,0.0,true,1,0
1773238262000,64.10501935,-21.8660611666667,4.0,71.3,64.2,false,1,4.0
1773238262000,64.10501935,-21.8660611666667,0.0,0.0,0.0,true,1,0
1773238264000,64.10501935,-21.8660611666667,2.0,0.0,0.0,true,2,0
1773238266000,64.1048166,-21.8675601666667,2.0,76.2,137.2,false,2,4.0
1773238266000,64.1048166,-21.8675601666667,0.0,0.0,0.0,true,1,0
1773238266000,64.1048166,-21.8675601666667,0.0,0.0,0.0,true,2,0
1773238270000,64.1045536833333,-21.8691018333333,4.0,80.4,72.3,false,2,4.0
1773238272000,64.1045536833333,-21.8691018333333,2.0,0.0,0.0,true,1,0
1773238275000,64.1045536833333,-21.8691018333333,3.0,0.0,0.0,true,2,0
1773238279000,64.1042428333333,-21.8705871666667,4.0,80.0,72.0,false,2,9.0
1773238279000,64.1042428333333,-21.8705871666667,0.0,0.0,0.0,true,1,0
1773238284000,64.1038707666667,-21.8720431666667,5.0,81.9,59.0,false,1,5.0
1773238284000,64.1038707666667,-21.8720431666667,0.0,0.0,0.0,true,1,0
1773238286000,64.1034487,-21.8734756666667,2.0,83.9,151.1,false,1,2.0
1773238286000,64.1034487,-21.8734756666667,0.0,0.0,0.0,true,1,0
1773238290000,64.1034487,-21.8734756666667,4.0,0.0,0.0,true,2,0
1773238292000,64.1029759333333,-21.8748801666667,2.0,86.1,155.0,false,2,6.0
1773238292000,64.1029759333333,-21.8748801666667,0.0,0.0,0.0,true,1,0
1773238294000,64.1029759333333,-21.8748801666667,2.0,0.0,0.0,true,2,0
1773238300000,64.1024626666667,-21.8762265,6.0,86.8,52.1,false,2,8.0
1773238300000,64.1024626666667,-21.8762265,0.0,0.0,0.0,true,1,0
1773238302000,64.10193395,-21.8774843333333,2.0,84.8,152.6,false,1,2.0
1773238302000,64.10193395,-21.8774843333333,0.0,0.0,0.0,true,1,0
1773238309000,64.1013979166667,-21.8786608333333,7.0,82.6,42.5,false,1,7.0
1773238309000,64.1013979166667,-21.8786608333333,0.0,0.0,0.0,true,1,0
1773238309000,64.1013979166667,-21.8786608333333,0.0,0.0,0.0,true,2,0
1773238315000,64.1008725166667,-21.8797303333333,6.0,78.2,46.9,false,2,6.0
1773238315000,64.1008725166667,-21.8797303333333,0.0,0.0,0.0,true,1,0
1773238315000,64.1008725166667,-21.8797303333333,0.0,0.0,0.0,true,2,0
1773238320000,64.10035605,-21.8807286666667,5.0,75.2,54.1,false,2,5.0
1773238322000,64.0997417166667,-21.8818471666667,2.0,87.3,157.1,false,0,2.0
1773238322000,64.0997417166667,-21.8818471666667,0.0,0.0,0.0,true,1,0
1773238326000,64.0997417166667,-21.8818471666667,4.0,0.0,0.0,true,2,0
1773238328000,64.0992265833333,-21.8827353333333,2.0,71.7,129.1,false,2,6.0
1773238328000,64.0992265833333,-21.8827353333333,0.0,0.0,0.0,true,1,0
1773238330000,64.0992265833333,-21.8827353333333,2.0,0.0,0.0,true,2,0
1773238332000,64.0986979666667,-21.8835923333333,2.0,72.0,129.6,false,2,4.0
1773238332000,64.0986979666667,-21.8835923333333,0.0,0.0,0.0,true,1,0
1773238335000,64.0986979666667,-21.8835923333333,3.0,0.0,0.0,true,2,0
1773238337000,64.0981528833333,-21.884448,2.0,73.5,132.3,false,2,5.0
1773238342000,64.0975853833333,-21.8852888333333,5.0,75.2,54.1,false,0,5.0
1773238342000,64.0975853833333,-21.8852888333333,0.0,0.0,0.0,true,1,0
1773238345000,64.0975853833333,-21.8852888333333,3.0,0.0,0.0,true,2,0
1773238345000,64.0975853833333,-21.8852888333333,0.0,0.0,0.0,true,3,0
1773238349000,64.0970105833333,-21.8860926666667,4.0,74.9,67.4,false,3,7.0
1773238349000,64.0970105833333,-21.8860926666667,0.0,0.0,0.0,true,1,0
1773238351000,64.09642445,-21.8868711666667,2.0,75.4,135.6,false,1,2.0
1773238354000,64.09642445,-21.8868711666667,3.0,0.0,0.0,true,1,0
1773238354000,64.09642445,-21.8868711666667,0.0,0.0,0.0,true,2,0
1773238356000,64.09642445,-21.8868711666667,2.0,0.0,0.0,true,3,0
1773238362000,64.0952191833333,-21.8883396666667,6.0,151.8,91.1,false,3,11.0
1773238362000,64.0952191833333,-21.8883396666667,0.0,0.0,0.0,true,1,0
1773238364000,64.0952191833333,-21.8883396666667,2.0,0.0,0.0,true,2,0
1773238368000,64.0946038,-21.8890143333333,4.0,75.9,68.3,false,2,6.0
1773238368000,64.0946038,-21.8890143333333,0.0,0.0,0.0,true,1,0
1773238371000,64.0946038,-21.8890143333333,3.0,0.0,0.0,true,2,0
1773238373000,64.0939708666667,-21.8896591666667,2.0,77.0,138.7,false,2,5.0
1773238373000,64.0939708666667,-21.8896591666667,0.0,0.0,0.0,true,1,0
1773238375000,64.0939708666667,-21.8896591666667,2.0,0.0,0.0,true,2,0
1773238377000,64.0933261333333,-21.8902701666667,2.0,77.6,139.7,false,2,4.0
1773238377000,64.0933261333333,-21.8902701666667,0.0,0.0,0.0,true,1,0
1773238382000,64.0926660666667,-21.8908341666667,5.0,78.3,56.4,false,1,5.0
1773238382000,64.0926660666667,-21.8908341666667,0.0,0.0,0.0,true,1,0
1773238386000,64.0926660666667,-21.8908341666667,4.0,0.0,0.0,true,2,0
1773238388000,64.0919878833333,-21.891329,2.0,79.1,142.5,false,2,6.0
1773238388000,64.0919878833333,-21.891329,0.0,0.0,0.0,true,1,0
1773238391000,64.0913120333333,-21.8917461666667,3.0,77.8,93.4,false,1,3.0
1773238395000,64.0913120333333,-21.8917461666667,4.0,0.0,0.0,true,1,0
1773238395000,64.0913120333333,-21.8917461666667,0.0,0.0,0.0,true,2,0
1773238397000,64.0905021833333,-21.8921268333333,2.0,91.9,165.5,false,2,6.0
1773238401000,64.0905021833333,-21.8921268333333,4.0,0.0,0.0,true,1,0
1773238403000,64.0898217833333,-21.8923395,2.0,76.4,137.4,false,1,6.0
1773238405000,64.0898217833333,-21.8923395,2.0,0.0,0.0,true,1,0
1773238407000,64.0891413,-21.8924621666667,2.0,75.9,136.6,false,1,4.0
1773238407000,64.0891413,-21.8924621666667,0.0,0.0,0.0,true,1,0
1773238412000,64.0891413,-21.8924621666667,5.0,0.0,0.0,true,2,0
1773238412000,64.0891413,-21.8924621666667,0.0,0.0,0.0,true,3,0
1773238414000,64.0884422166667,-21.8925255,2.0,77.8,140.0,false,3,7.0
1773238416000,64.0884422166667,-21.8925255,2.0,0.0,0.0,true,1,0
1773238416000,64.0884422166667,-21.8925255,0.0,0.0,0.0,true,2,0
1773238418000,64.0877331,-21.8925756666667,2.0,78.9,142.0,false,2,4.0
1773238422000,64.0870386333333,-21.8926326666667,4.0,77.3,69.5,false,0,4.0
1773238422000,64.0870386333333,-21.8926326666667,0.0,0.0,0.0,true,1,0
1773238428000,64.0863475333333,-21.8927386666667,6.0,77.0,46.2,false,1,6.0
1773238428000,64.0863475333333,-21.8927386666667,0.0,0.0,0.0,true,1,0
1773238428000,64.0863475333333,-21.8927386666667,0.0,0.0,0.0,true,2,0
1773238433000,64.0855049166667,-21.8929918333333,5.0,94.5,68.0,false,2,5.0
1773238435000,64.0855049166667,-21.8929918333333,2.0,0.0,0.0,true,1,0
1773238435000,64.0855049166667,-21.8929918333333,0.0,0.0,0.0,true,2,0
1773238439000,64.0848148166667,-21.8933665,4.0,78.9,71.0,false,2,6.0
1773238439000,64.0848148166667,-21.8933665,0.0,0.0,0.0,true,1,0
1773238441000,64.0848148166667,-21.8933665,2.0,0.0,0.0,true,2,0
1773238443000,64.0841386833333,-21.8939183333333,2.0,79.8,143.7,false,2,4.0
1773238446000,64.0841386833333,-21.8939183333333,3.0,0.0,0.0,true,1,0
1773238448000,64.0834853333333,-21.8946598333333,2.0,81.1,146.0,false,1,5.0
1773238451000,64.0834853333333,-21.8946598333333,3.0,0.0,0.0,true,1,0
1773238455000,64.0828769333333,-21.8955751666667,4.0,81.0,72.9,false,1,7.0
1773238455000,64.0828769333333,-21.8955751666667,0.0,0.0,0.0,true,1,0
1773238457000,64.0828769333333,-21.8955751666667,2.0,0.0,0.0,true,2,0
1773238457000,64.0828769333333,-21.8955751666667,0.0,0.0,0.0,true,3,0
1773238460000,64.08232705,-21.896655,3.0,80.6,96.7,false,3,5.0
1773238465000,64.0818134,-21.897876,5.0,82.4,59.3,false,0,5.0
1773238465000,64.0818134,-21.897876,0.0,0.0,0.0,true,1,0
1773238468000,64.0818134,-21.897876,3.0,0.0,0.0,true,2,0
1773238471000,64.0813184333333,-21.8992136666667,3.0,85.2,102.2,false,2,6.0
1773238471000,64.0813184333333,-21.8992136666667,0.0,0.0,0.0,true,1,0
1773238473000,64.0813184333333,-21.8992136666667,2.0,0.0,0.0,true,2,0
1773238473000,64.0813184333333,-21.8992136666667,0.0,0.0,0.0,true,3,0
1773238473000,64.0813184333333,-21.8992136666667,0.0,0.0,0.0,true,4,0
1773238477000,64.0808515833333,-21.9005843333333,4.0,84.5,76.0,false,4,6.0
1773238477000,64.0808515833333,-21.9005843333333,0.0,0.0,0.0,true,1,0
1773238480000,64.0804075166667,-21.9019511666667,3.0,82.8,99.3,false,1,3.0
1773238486000,64.0799803166667,-21.9033135,6.0,81.5,48.9,false,0,6.0
1773238486000,64.0799803166667,-21.9033135,0.0,0.0,0.0,true,1,0
1773238488000,64.0799803166667,-21.9033135,2.0,0.0,0.0,true,2,0
1773238492000,64.07957475,-21.9046668333333,4.0,79.8,71.8,false,2,6.0
1773238492000,64.07957475,-21.9046668333333,0.0,0.0,0.0,true,1,0
1773238492000,64.07957475,-21.9046668333333,0.0,0.0,0.0,true,2,0
1773238497000,64.0791778833333,-21.9060315,5.0,79.7,57.4,false,2,5.0
1773238499000,64.0787875833333,-21.907425,2.0,80.4,144.8,false,0,2.0
1773238499000,64.0787875833333,-21.907425,0.0,0.0,0.0,true,1,0
1773238504000,64.07840985,-21.9088298333333,5.0,80.2,57.7,false,1,5.0
1773238504000,64.07840985,-21.9088298333333,0.0,0.0,0.0,true,1,0
1773238504000,64.07840985,-21.9088298333333,0.0,0.0,0.0,true,2,0
1773238508000,64.0780433666667,-21.9102518333333,4.0,80.2,72.2,false,2,4.0
1773238508000,64.0780433666667,-21.9102518333333,0.0,0.0,0.0,true,1,0
1773238513000,64.0780433666667,-21.9102518333333,5.0,0.0,0.0,true,2,0
1773238515000,64.0776963666667,-21.9116801666667,2.0,79.4,143.0,false,2,7.0
1773238515000,64.0776963666667,-21.9116801666667,0.0,0.0,0.0,true,1,0
1773238517000,64.0776963666667,-21.9116801666667,2.0,0.0,0.0,true,2,0
1773238517000,64.0776963666667,-21.9116801666667,0.0,0.0,0.0,true,3,0
1773238521000,64.0773554833333,-21.9131213333333,4.0,79.7,71.7,false,3,6.0
1773238523000,64.0770358666667,-21.9145588333333,2.0,78.4,141.1,false,0,2.0
1773238523000,64.0770358666667,-21.9145588333333,0.0,0.0,0.0,true,1,0
1773238528000,64.0770358666667,-21.9145588333333,5.0,0.0,0.0,true,2,0
1773238531000,64.07673435,-21.9159688333333,3.0,76.3,91.6,false,2,8.0
1773238531000,64.07673435,-21.9159688333333,0.0,0.0,0.0,true,1,0
1773238533000,64.07673435,-21.9159688333333,2.0,0.0,0.0,true,2,0
1773238533000,64.07673435,-21.9159688333333,0.0,0.0,0.0,true,3,0
1773238533000,64.07673435,-21.9159688333333,0.0,0.0,0.0,true,4,0
1773238539000,64.0761667166667,-21.918812,6.0,151.9,91.2,false,4,8.0
1773238542000,64.0761667166667,-21.918812,3.0,0.0,0.0,true,1,0
1773238542000,64.0761667166667,-21.918812,0.0,0.0,0.0,true,2,0
1773238546000,64.0759136333333,-21.9202486666667,4.0,75.3,67.8,false,2,7.0
1773238550000,64.0756894,-21.9216731666667,4.0,73.6,66.2,false,0,4.0
1773238550000,64.0756894,-21.9216731666667,0.0,0.0,0.0,true,1,0
1773238553000,64.0755136,-21.9230856666667,3.0,71.4,85.7,false,1,3.0
1773238553000,64.0755136,-21.9230856666667,0.0,0.0,0.0,true,1,0
1773238555000,64.0755136,-21.9230856666667,2.0,0.0,0.0,true,2,0
1773238559000,64.075387,-21.9245265,4.0,71.4,64.3,false,2,6.0
1773238559000,64.075387,-21.9245265,0.0,0.0,0.0,true,1,0
1773238561000,64.075387,-21.9245265,2.0,0.0,0.0,true,2,0
1773238563000,64.075387,-21.9245265,2.0,0.0,0.0,true,3,0
1773238563000,64.075387,-21.9245265,0.0,0.0,0.0,true,4,0
1773238568000,64.0753175166667,-21.9259136666667,5.0,67.9,48.9,false,4,9.0
1773238570000,64.0752916166667,-21.9269101666667,2.0,48.5,87.4,false,0,2.0
1773238570000,64.0752916166667,-21.9269101666667,0.0,0.0,0.0,true,1,0
1773238575000,64.0752919166667,-21.9273265,5.0,20.2,14.6,false,1,5.0
1773238575000,64.0752919166667,-21.9273265,0.0,0.0,0.0,true,1,0
1773238575000,64.0752919166667,-21.9273265,0.0,0.0,0.0,true,2,0
1773238581000,64.0752914666667,-21.9274643333333,6.0,6.7,4.0,false,2,6.0
1773238581000,64.0752914666667,-21.9274643333333,0.0,0.0,0.0,true,1,0
1773238585000,64.0752922666667,-21.9274546666667,4.0,0.5,0.4,true,2,0
1773238585000,64.0752922666667,-21.9274546666667,0.0,0.0,0.0,true,3,0
1773238585000,64.0752922666667,-21.9274546666667,0.0,0.0,0.0,true,4,0
1773238590000,64.0752921,-21.9274545,5.0,0.0,0.0,true,5,0
1773238592000,64.0752921166667,-21.9274545,2.0,0.0,0.0,true,6,0
1773238594000,64.0752921166667,-21.9274545,2.0,0.0,0.0,true,7,0
1773238594000,64.0752921166667,-21.9274545,0.0,0.0,0.0,true,8,0
1773238598000,64.0752915166667,-21.9275176666667,4.0,3.1,2.8,false,8,17.0
1773238598000,64.0752915166667,-21.9275176666667,0.0,0.0,0.0,true,1,0
1773238600000,64.0752915166667,-21.9275176666667,2.0,0.0,0.0,true,2,0
1773238605000,64.0752823833333,-21.9280596666667,5.0,26.4,19.0,false,2,7.0
1773238605000,64.0752823833333,-21.9280596666667,0.0,0.0,0.0,true,1,0
1773238609000,64.07526585,-21.9289031666667,4.0,41.0,36.9,false,1,4.0
1773238611000,64.07526585,-21.9289031666667,2.0,0.0,0.0,true,1,0
1773238611000,64.07526585,-21.9289031666667,0.0,0.0,0.0,true,2,0
1773238613000,64.07524685,-21.9300001666667,2.0,53.4,96.1,false,2,4.0
1773238616000,64.07524685,-21.9300001666667,3.0,0.0,0.0,true,1,0
1773238616000,64.07524685,-21.9300001666667,0.0,0.0,0.0,true,2,0
1773238620000,64.0752143166667,-21.9312055,4.0,58.7,52.8,false,2,7.0
1773238620000,64.0752143166667,-21.9312055,0.0,0.0,0.0,true,1,0
1773238620000,64.0752143166667,-21.9312055,0.0,0.0,0.0,true,2,0
1773238626000,64.0751415,-21.9324395,6.0,60.5,36.3,false,2,6.0
1773238626000,64.0751415,-21.9324395,0.0,0.0,0.0,true,1,0
1773238631000,64.0750277166667,-21.933693,5.0,62.2,44.8,false,1,5.0
1773238633000,64.0748527333333,-21.9349706666667,2.0,65.1,117.2,false,0,2.0
1773238633000,64.0748527333333,-21.9349706666667,0.0,0.0,0.0,true,1,0
1773238636000,64.0748527333333,-21.9349706666667,3.0,0.0,0.0,true,2,0
1773238640000,64.07462415,-21.9362005,4.0,65.0,58.5,false,2,7.0
1773238640000,64.07462415,-21.9362005,0.0,0.0,0.0,true,1,0
1773238642000,64.0743852333333,-21.9373083333333,2.0,60.1,108.1,false,1,2.0
1773238645000,64.0743852333333,-21.9373083333333,3.0,0.0,0.0,true,1,0
1773238645000,64.0743852333333,-21.9373083333333,0.0,0.0,0.0,true,2,0
1773238648000,64.0742003833333,-21.9381038333333,3.0,43.8,52.6,false,2,6.0
1773238651000,64.0742003833333,-21.9381038333333,3.0,0.0,0.0,true,1,0
1773238651000,64.0742003833333,-21.9381038333333,0.0,0.0,0.0,true,2,0
1773238653000,64.0740567,-21.9387358333333,2.0,34.6,62.3,false,2,5.0
1773238656000,64.0740567,-21.9387358333333,3.0,0.0,0.0,true,1,0
1773238656000,64.0740567,-21.9387358333333,0.0,0.0,0.0,true,2,0
1773238660000,64.0738923,-21.9394508333333,4.0,39.3,35.3,false,2,7.0
1773238665000,64.0737176166667,-21.9398595,5.0,27.8,20.0,false,0,5.0
1773238665000,64.0737176166667,-21.9398595,0.0,0.0,0.0,true,1,0
1773238667000,64.0737176166667,-21.9398595,2.0,0.0,0.0,true,2,0
1773238667000,64.0737176166667,-21.9398595,0.0,0.0,0.0,true,3,0
1773238669000,64.07336825,-21.9397141666667,2.0,39.5,71.1,false,3,4.0
1773238672000,64.0728651166667,-21.9395165,3.0,56.8,68.1,false,0,3.0
1773238672000,64.0728651166667,-21.9395165,0.0,0.0,0.0,true,1,0
1773238676000,64.0728651166667,-21.9395165,4.0,0.0,0.0,true,2,0
1773238678000,64.0723024666667,-21.9393371666667,2.0,63.2,113.7,false,2,6.0
1773238678000,64.0723024666667,-21.9393371666667,0.0,0.0,0.0,true,1,0
1773238681000,64.0723024666667,-21.9393371666667,3.0,0.0,0.0,true,2,0
1773238683000,64.0717248166667,-21.9391638333333,2.0,64.8,116.6,false,2,5.0
1773238683000,64.0717248166667,-21.9391638333333,0.0,0.0,0.0,true,1,0
1773238689000,64.0711325333333,-21.9389788333333,6.0,66.5,39.9,false,1,6.0
1773238693000,64.0705273333333,-21.9387941666667,4.0,67.9,61.1,false,0,4.0
1773238693000,64.0705273333333,-21.9387941666667,0.0,0.0,0.0,true,1,0
1773238693000,64.0705273333333,-21.9387941666667,0.0,0.0,0.0,true,2,0
1773238698000,64.0699102166667,-21.9386065,5.0,69.2,49.8,false,2,5.0
1773238698000,64.0699102166667,-21.9386065,0.0,0.0,0.0,true,1,0
1773238698000,64.0699102166667,-21.9386065,0.0,0.0,0.0,true,2,0
1773238698000,64.0699102166667,-21.9386065,0.0,0.0,0.0,true,3,0
1773238706000,64.06930075,-21.9384213333333,8.0,68.4,30.8,false,3,8.0
1773238708000,64.06863025,-21.938217,2.0,75.2,135.4,false,0,2.0
1773238708000,64.06863025,-21.938217,0.0,0.0,0.0,true,1,0
1773238711000,64.06863025,-21.938217,3.0,0.0,0.0,true,2,0
1773238713000,64.06863025,-21.938217,2.0,0.0,0.0,true,3,0
1773238713000,64.06863025,-21.938217,0.0,0.0,0.0,true,4,0
1773238716000,64.0681337333333,-21.938064,3.0,55.7,66.9,false,4,8.0
1773238718000,64.0678622,-21.9379706666667,2.0,30.5,55.0,false,0,2.0
1773238718000,64.0678622,-21.9379706666667,0.0,0.0,0.0,true,1,0
1773238722000,64.0678622,-21.9379706666667,4.0,0.0,0.0,true,2,0
1773238727000,64.0676913,-21.9379156666667,5.0,19.2,13.8,false,2,9.0
1773238727000,64.0676913,-21.9379156666667,0.0,0.0,0.0,true,1,0
1773238729000,64.0674298333333,-21.9378381666667,2.0,29.3,52.8,false,1,2.0
1773238733000,64.0674298333333,-21.9378381666667,4.0,0.0,0.0,true,1,0
1773238733000,64.0674298333333,-21.9378381666667,0.0,0.0,0.0,true,2,0
1773238735000,64.0671895833333,-21.9380063333333,2.0,27.9,50.3,false,2,6.0
1773238735000,64.0671895833333,-21.9380063333333,0.0,0.0,0.0,true,1,0
1773238738000,64.0671895833333,-21.9380063333333,3.0,0.0,0.0,true,2,0
1773238738000,64.0671895833333,-21.9380063333333,0.0,0.0,0.0,true,3,0
1773238738000,64.0671895833333,-21.9380063333333,0.0,0.0,0.0,true,4,0
1773238744000,64.0664420166667,-21.937653,6.0,84.9,50.9,false,4,9.0
1773238749000,64.0664420166667,-21.937653,5.0,0.0,0.0,true,1,0
1773238749000,64.0664420166667,-21.937653,0.0,0.0,0.0,true,2,0
1773238749000,64.0664420166667,-21.937653,0.0,0.0,0.0,true,3,0
1773238753000,64.0657571833333,-21.9377056666667,4.0,76.2,68.6,false,3,9.0
1773238753000,64.0657571833333,-21.9377056666667,0.0,0.0,0.0,true,1,0
1773238755000,64.0651506666667,-21.9378808333333,2.0,68.0,122.4,false,1,2.0
1773238759000,64.06453105,-21.938065,4.0,69.5,62.5,false,0,4.0
1773238759000,64.06453105,-21.938065,0.0,0.0,0.0,true,1,0
1773238762000,64.06453105,-21.938065,3.0,0.0,0.0,true,2,0
1773238764000,64.06453105,-21.938065,2.0,0.0,0.0,true,3,0
1773238768000,64.0639006833333,-21.9382538333333,4.0,70.7,63.6,false,3,9.0
1773238770000,64.0632672833333,-21.9384541666667,2.0,71.1,128.0,false,0,2.0
1773238770000,64.0632672833333,-21.9384541666667,0.0,0.0,0.0,true,1,0
1773238772000,64.0632672833333,-21.9384541666667,2.0,0.0,0.0,true,2,0
1773238774000,64.0626351333333,-21.938679,2.0,71.1,128.0,false,2,4.0
1773238774000,64.0626351333333,-21.938679,0.0,0.0,0.0,true,1,0
1773238779000,64.0626351333333,-21.938679,5.0,0.0,0.0,true,2,0
1773238779000,64.0626351333333,-21.938679,0.0,0.0,0.0,true,3,0
1773238779000,64.0626351333333,-21.938679,0.0,0.0,0.0,true,4,0
1773238784000,64.06200205,-21.9388963333333,5.0,71.2,51.3,false,4,10.0
1773238789000,64.0607807166667,-21.9396038333333,5.0,140.1,100.9,false,0,5.0
1773238789000,64.0607807166667,-21.9396038333333,0.0,0.0,0.0,true,1,0
1773238791000,64.0607807166667,-21.9396038333333,2.0,0.0,0.0,true,2,0
1773238795000,64.0602467,-21.9403386666667,4.0,69.3,62.4,false,2,6.0
1773238795000,64.0602467,-21.9403386666667,0.0,0.0,0.0,true,1,0
1773238797000,64.0602467,-21.9403386666667,2.0,0.0,0.0,true,2,0
1773238799000,64.0602467,-21.9403386666667,2.0,0.0,0.0,true,3,0
1773238799000,64.0602467,-21.9403386666667,0.0,0.0,0.0,true,4,0
1773238799000,64.0602467,-21.9403386666667,0.0,0.0,0.0,true,5,0
1773238799000,64.0602467,-21.9403386666667,0.0,0.0,0.0,true,6,0
1773238806000,64.0594761,-21.9426125,7.0,139.9,72.0,false,6,11.0
1773238811000,64.0592564666667,-21.9440426666667,5.0,73.7,53.1,false,0,5.0
1773238811000,64.0592564666667,-21.9440426666667,0.0,0.0,0.0,true,1,0
1773238813000,64.0592564666667,-21.9440426666667,2.0,0.0,0.0,true,2,0
1773238816000,64.0591062333333,-21.9455738333333,3.0,76.3,91.6,false,2,5.0
1773238816000,64.0591062333333,-21.9455738333333,0.0,0.0,0.0,true,1,0
1773238819000,64.0591062333333,-21.9455738333333,3.0,0.0,0.0,true,2,0
1773238821000,64.0589574166667,-21.9471015,2.0,76.1,137.0,false,2,5.0
1773238821000,64.0589574166667,-21.9471015,0.0,0.0,0.0,true,1,0
1773238824000,64.0589574166667,-21.9471015,3.0,0.0,0.0,true,2,0
1773238827000,64.0587782833333,-21.9486383333333,3.0,77.4,92.8,false,2,6.0
1773238827000,64.0587782833333,-21.9486383333333,0.0,0.0,0.0,true,1,0
1773238832000,64.0585229666667,-21.9501105,5.0,77.0,55.5,false,1,5.0
1773238834000,64.0582320333333,-21.9515906666667,2.0,78.9,142.1,false,0,2.0
1773238834000,64.0582320333333,-21.9515906666667,0.0,0.0,0.0,true,1,0
1773238836000,64.0582320333333,-21.9515906666667,2.0,0.0,0.0,true,2,0
1773238836000,64.0582320333333,-21.9515906666667,0.0,0.0,0.0,true,3,0
1773238839000,64.0579321166667,-21.9530886666667,3.0,80.1,96.2,false,3,5.0
1773238841000,64.0579321166667,-21.9530886666667,2.0,0.0,0.0,true,1,0
1773238841000,64.0579321166667,-21.9530886666667,0.0,0.0,0.0,true,2,0
1773238845000,64.05763575,-21.9545835,4.0,79.8,71.9,false,2,6.0
1773238847000,64.05763575,-21.9545835,2.0,0.0,0.0,true,1,0
1773238847000,64.05763575,-21.9545835,0.0,0.0,0.0,true,2,0
1773238850000,64.0573486166667,-21.9560698333333,3.0,79.0,94.8,false,2,5.0
1773238854000,64.05708045,-21.957586,4.0,79.6,71.6,false,0,4.0
1773238860000,64.05683715,-21.9591451666667,6.0,80.5,48.3,false,0,6.0
1773238860000,64.05683715,-21.9591451666667,0.0,0.0,0.0,true,1,0
1773238862000,64.05683715,-21.9591451666667,2.0,0.0,0.0,true,2,0
1773238864000,64.0565998833333,-21.9607305,2.0,81.5,146.7,false,2,4.0
1773238864000,64.0565998833333,-21.9607305,0.0,0.0,0.0,true,1,0
1773238871000,64.0563569833333,-21.9623345,7.0,82.6,42.5,false,1,7.0
1773238871000,64.0563569833333,-21.9623345,0.0,0.0,0.0,true,1,0
1773238873000,64.0563569833333,-21.9623345,2.0,0.0,0.0,true,2,0
1773238875000,64.0561114666667,-21.9639555,2.0,83.4,150.2,false,2,4.0
1773238875000,64.0561114666667,-21.9639555,0.0,0.0,0.0,true,1,0
1773238880000,64.05586305,-21.9655881666667,5.0,84.1,60.5,false,1,5.0
1773238880000,64.05586305,-21.9655881666667,0.0,0.0,0.0,true,1,0
1773238880000,64.05586305,-21.9655881666667,0.0,0.0,0.0,true,2,0
1773238884000,64.0556183833333,-21.9672193333333,4.0,83.9,75.5,false,2,4.0
1773238892000,64.0553679166667,-21.9688765,8.0,85.3,38.4,false,0,8.0
1773238892000,64.0553679166667,-21.9688765,0.0,0.0,0.0,true,1,0
1773238894000,64.0553679166667,-21.9688765,2.0,0.0,0.0,true,2,0
1773238897000,64.05511505,-21.970545,3.0,85.9,103.1,false,2,5.0
1773238897000,64.05511505,-21.970545,0.0,0.0,0.0,true,1,0
1773238901000,64.0548624166667,-21.9722221666667,4.0,86.3,77.7,false,1,4.0
1773238901000,64.0548624166667,-21.9722221666667,0.0,0.0,0.0,true,1,0
1773238905000,64.0546180333333,-21.9738468333333,4.0,83.6,75.2,false,1,4.0
1773238907000,64.0546180333333,-21.9738468333333,2.0,0.0,0.0,true,1,0
1773238907000,64.0546180333333,-21.9738468333333,0.0,0.0,0.0,true,2,0
1773238907000,64.0546180333333,-21.9738468333333,0.0,0.0,0.0,true,3,0
1773238913000,64.05435735,-21.9754278333333,6.0,82.2,49.3,false,3,8.0
1773238913000,64.05435735,-21.9754278333333,0.0,0.0,0.0,true,1,0
1773238915000,64.05407595,-21.9769985,2.0,82.6,148.6,false,1,2.0
1773238917000,64.05407595,-21.9769985,2.0,0.0,0.0,true,1,0
1773238922000,64.05379935,-21.978626,5.0,84.9,61.2,false,1,7.0
1773238922000,64.05379935,-21.978626,0.0,0.0,0.0,true,1,0
1773238926000,64.05355235,-21.9802763333333,4.0,84.9,76.4,false,1,4.0
1773238926000,64.05355235,-21.9802763333333,0.0,0.0,0.0,true,1,0
1773238928000,64.05355235,-21.9802763333333,2.0,0.0,0.0,true,2,0
1773238932000,64.0533396,-21.981908,4.0,82.8,74.5,false,2,6.0
1773238932000,64.0533396,-21.981908,0.0,0.0,0.0,true,1,0
1773238932000,64.0533396,-21.981908,0.0,0.0,0.0,true,2,0
1773238937000,64.0531417333333,-21.9834786666667,5.0,79.5,57.3,false,2,5.0
1773238937000,64.0531417333333,-21.9834786666667,0.0,0.0,0.0,true,1,0
1773238941000,64.0529276833333,-21.985003,4.0,77.9,70.1,false,1,4.0
1773238944000,64.0526981833333,-21.9865213333333,3.0,78.2,93.8,false,0,3.0
1773238944000,64.0526981833333,-21.9865213333333,0.0,0.0,0.0,true,1,0
1773238946000,64.0526981833333,-21.9865213333333,2.0,0.0,0.0,true,2,0
1773238949000,64.0524790833333,-21.988041,3.0,77.8,93.4,false,2,5.0
1773238949000,64.0524790833333,-21.988041,0.0,0.0,0.0,true,1,0
1773238953000,64.0524790833333,-21.988041,4.0,0.0,0.0,true,2,0
1773238955000,64.05227945,-21.9895255,2.0,75.6,136.0,false,2,6.0
1773238955000,64.05227945,-21.9895255,0.0,0.0,0.0,true,1,0
1773238958000,64.05227945,-21.9895255,3.0,0.0,0.0,true,2,0
1773238960000,64.0521157166667,-21.9909778333333,2.0,73.0,131.3,false,2,5.0
1773238964000,64.0521134,-21.9923926666667,4.0,68.8,62.0,false,0,4.0
1773238964000,64.0521134,-21.9923926666667,0.0,0.0,0.0,true,1,0
1773238966000,64.0521134,-21.9923926666667,2.0,0.0,0.0,true,2,0
1773238970000,64.0521041166667,-21.9936361666667,4.0,60.5,54.5,false,2,6.0
1773238972000,64.0521041166667,-21.9936361666667,2.0,0.0,0.0,true,1,0
1773238975000,64.0519939666667,-21.9944308333333,3.0,40.6,48.7,false,1,5.0
1773238975000,64.0519939666667,-21.9944308333333,0.0,0.0,0.0,true,1,0
1773238977000,64.0519939666667,-21.9944308333333,2.0,0.0,0.0,true,2,0
1773238977000,64.0519939666667,-21.9944308333333,0.0,0.0,0.0,true,3,0
1773238981000,64.0520702833333,-21.9950696666667,4.0,32.2,29.0,false,3,6.0
1773238985000,64.0520702833333,-21.9950696666667,4.0,0.0,0.0,true,1,0
1773238985000,64.0520702833333,-21.9950696666667,0.0,0.0,0.0,true,2,0
1773238985000,64.0520702833333,-21.9950696666667,0.0,0.0,0.0,true,3,0
1773238988000,64.0518362166667,-21.9954296666667,3.0,31.4,37.6,false,3,7.0
1773238994000,64.0516172166667,-21.9948465,6.0,37.4,22.4,false,0,6.0
1773238994000,64.0516172166667,-21.9948465,0.0,0.0,0.0,true,1,0
1773238996000,64.0512502166667,-21.9942006666667,2.0,51.5,92.7,false,1,2.0
1773238996000,64.0512502166667,-21.9942006666667,0.0,0.0,0.0,true,1,0
1773238999000,64.0512502166667,-21.9942006666667,3.0,0.0,0.0,true,2,0
1773238999000,64.0512502166667,-21.9942006666667,0.0,0.0,0.0,true,3,0
1773239001000,64.05085125,-21.993903,2.0,46.7,84.0,false,3,5.0
1773239005000,64.05085125,-21.993903,4.0,0.0,0.0,true,1,0
1773239007000,64.0505899166667,-21.9934095,2.0,37.7,67.9,false,1,6.0
1773239009000,64.0505899166667,-21.9934095,2.0,0.0,0.0,true,1,0
1773239012000,64.0502874333333,-21.9926746666667,3.0,49.1,58.9,false,1,5.0
1773239012000,64.0502874333333,-21.9926746666667,0.0,0.0,0.0,true,1,0
1773239015000,64.0502874333333,-21.9926746666667,3.0,0.0,0.0,true,2,0
1773239017000,64.0498410166667,-21.9921808333333,2.0,55.1,99.3,false,2,5.0
1773239017000,64.0498410166667,-21.9921808333333,0.0,0.0,0.0,true,1,0
1773239020000,64.0498410166667,-21.9921808333333,3.0,0.0,0.0,true,2,0
1773239022000,64.0492627833333,-21.9918121666667,2.0,66.8,120.2,false,2,5.0
1773239022000,64.0492627833333,-21.9918121666667,0.0,0.0,0.0,true,1,0
1773239025000,64.0492627833333,-21.9918121666667,3.0,0.0,0.0,true,2,0
1773239028000,64.0487781666667,-21.9915508333333,3.0,55.4,66.4,false,2,6.0
1773239031000,64.0487781666667,-21.9915508333333,3.0,0.0,0.0,true,1,0
1773239031000,64.0487781666667,-21.9915508333333,0.0,0.0,0.0,true,2,0
1773239036000,64.0482790833333,-21.9911695,5.0,58.5,42.1,false,2,8.0
1773239036000,64.0482790833333,-21.9911695,0.0,0.0,0.0,true,1,0
1773239039000,64.0477572333333,-21.9906523333333,3.0,63.2,75.9,false,1,3.0
1773239039000,64.0477572333333,-21.9906523333333,0.0,0.0,0.0,true,1,0
1773239041000,64.04722485,-21.9900476666667,2.0,66.1,119.0,false,1,2.0
1773239043000,64.04722485,-21.9900476666667,2.0,0.0,0.0,true,1,0
1773239043000,64.04722485,-21.9900476666667,0.0,0.0,0.0,true,2,0
1773239048000,64.0467082666667,-21.989488,5.0,63.6,45.8,false,2,7.0
1773239051000,64.0467082666667,-21.989488,3.0,0.0,0.0,true,1,0
1773239053000,64.0463194333333,-21.9890045,2.0,49.2,88.6,false,1,5.0
1773239053000,64.0463194333333,-21.9890045,0.0,0.0,0.0,true,1,0
1773239057000,64.0460920833333,-21.9889365,4.0,25.5,22.9,false,1,4.0
1773239057000,64.0460920833333,-21.9889365,0.0,0.0,0.0,true,1,0
1773239062000,64.0458361166667,-21.9889666666667,5.0,28.5,20.5,false,1,5.0
1773239064000,64.0458361166667,-21.9889666666667,2.0,0.0,0.0,true,1,0
1773239066000,64.0458361166667,-21.9889666666667,2.0,0.0,0.0,true,2,0
1773239066000,64.0458361166667,-21.9889666666667,0.0,0.0,0.0,true,3,0
1773239068000,64.0454548833333,-21.9885038333333,2.0,48.0,86.4,false,3,6.0
1773239068000,64.0454548833333,-21.9885038333333,0.0,0.0,0.0,true,1,0
1773239072000,64.0449284333333,-21.9881271666667,4.0,61.3,55.2,false,1,4.0
1773239074000,64.0449284333333,-21.9881271666667,2.0,0.0,0.0,true,1,0
1773239074000,64.0449284333333,-21.9881271666667,0.0,0.0,0.0,true,2,0
1773239078000,64.04435235,-21.9878536666667,4.0,65.4,58.9,false,2,6.0
1773239080000,64.04435235,-21.9878536666667,2.0,0.0,0.0,true,1,0
1773239082000,64.0437535666667,-21.987634,2.0,67.4,121.4,false,1,4.0
1773239085000,64.0437535666667,-21.987634,3.0,0.0,0.0,true,1,0
1773239085000,64.0437535666667,-21.987634,0.0,0.0,0.0,true,2,0
1773239089000,64.0431448666667,-21.987419,4.0,68.5,61.6,false,2,7.0
1773239091000,64.0431448666667,-21.987419,2.0,0.0,0.0,true,1,0
1773239093000,64.0425325333333,-21.9871345,2.0,69.5,125.1,false,1,4.0
1773239093000,64.0425325333333,-21.9871345,0.0,0.0,0.0,true,1,0
1773239097000,64.041913,-21.986731,4.0,71.6,64.5,false,1,4.0
1773239097000,64.041913,-21.986731,0.0,0.0,0.0,true,1,0
1773239102000,64.0413066,-21.986214,5.0,72.0,51.8,false,1,5.0
1773239104000,64.0413066,-21.986214,2.0,0.0,0.0,true,1,0
1773239104000,64.0413066,-21.986214,0.0,0.0,0.0,true,2,0
1773239108000,64.0407299,-21.9855901666667,4.0,71.0,63.9,false,2,6.0
1773239108000,64.0407299,-21.9855901666667,0.0,0.0,0.0,true,1,0
1773239108000,64.0407299,-21.9855901666667,0.0,0.0,0.0,true,2,0
1773239111000,64.0402160333333,-21.9849373333333,3.0,65.4,78.5,false,2,3.0
1773239113000,64.0402160333333,-21.9849373333333,2.0,0.0,0.0,true,1,0
1773239113000,64.0402160333333,-21.9849373333333,0.0,0.0,0.0,true,2,0
1773239118000,64.0397692,-21.98424,5.0,60.2,43.3,false,2,7.0
1773239120000,64.0397692,-21.98424,2.0,0.0,0.0,true,1,0
1773239124000,64.0394799166667,-21.9837225,4.0,40.9,36.8,false,1,6.0
1773239124000,64.0394799166667,-21.9837225,0.0,0.0,0.0,true,1,0
1773239126000,64.0394799166667,-21.9837225,2.0,0.0,0.0,true,2,0
1773239130000,64.0391860666667,-21.9836641666667,4.0,32.8,29.5,false,2,6.0
1773239132000,64.0391860666667,-21.9836641666667,2.0,0.0,0.0,true,1,0
1773239134000,64.0391543333333,-21.9831153333333,2.0,26.9,48.5,false,1,4.0
1773239137000,64.0394542333333,-21.982668,3.0,39.8,47.8,false,0,3.0
1773239137000,64.0394542333333,-21.982668,0.0,0.0,0.0,true,1,0
1773239141000,64.0394542333333,-21.982668,4.0,0.0,0.0,true,2,0
1773239141000,64.0394542333333,-21.982668,0.0,0.0,0.0,true,3,0
1773239144000,64.0398530333333,-21.9819991666667,3.0,55.0,66.0,false,3,7.0
1773239147000,64.0398530333333,-21.9819991666667,3.0,0.0,0.0,true,1,0
1773239151000,64.0402457333333,-21.9814363333333,4.0,51.5,46.4,false,1,7.0
1773239151000,64.0402457333333,-21.9814363333333,0.0,0.0,0.0,true,1,0
1773239160000,64.04045845,-21.9799405,9.0,76.6,30.6,false,1,9.0
1773239160000,64.04045845,-21.9799405,0.0,0.0,0.0,true,1,0
1773239162000,64.04045845,-21.9799405,2.0,0.0,0.0,true,2,0
1773239162000,64.04045845,-21.9799405,0.0,0.0,0.0,true,3,0
1773239164000,64.0405419833333,-21.9793611666667,2.0,29.7,53.4,false,3,4.0
1773239164000,64.0405419833333,-21.9793611666667,0.0,0.0,0.0,true,1,0
1773239168000,64.0406908666667,-21.9784886666667,4.0,45.6,41.0,false,1,4.0
1773239168000,64.0406908666667,-21.9784886666667,0.0,0.0,0.0,true,1,0
1773239173000,64.04080065,-21.9774105,5.0,53.9,38.8,false,1,5.0
1773239175000,64.04080065,-21.9774105,2.0,0.0,0.0,true,1,0
1773239177000,64.04080065,-21.9774105,2.0,0.0,0.0,true,2,0
1773239177000,64.04080065,-21.9774105,0.0,0.0,0.0,true,3,0
1773239181000,64.0409105,-21.9763003333333,4.0,55.4,49.9,false,3,8.0
1773239185000,64.04101435,-21.9753533333333,4.0,47.5,42.8,false,0,4.0
1773239187000,64.04101435,-21.9753533333333,2.0,0.0,0.0,true,1,0
1773239187000,64.04101435,-21.9753533333333,0.0,0.0,0.0,true,2,0
1773239189000,64.04098325,-21.9748295,2.0,25.7,46.3,false,2,4.0
1773239192000,64.04098325,-21.9748295,3.0,0.0,0.0,true,1,0
1773239192000,64.04098325,-21.9748295,0.0,0.0,0.0,true,2,0
1773239194000,64.0410460166667,-21.9742905,2.0,27.1,48.9,false,2,5.0
1773239196000,64.0410460166667,-21.9742905,2.0,0.0,0.0,true,1,0
1773239199000,64.0411959,-21.9734293333333,3.0,45.1,54.1,false,1,5.0
1773239199000,64.0411959,-21.9734293333333,0.0,0.0,0.0,true,1,0
1773239202000,64.0411959,-21.9734293333333,3.0,0.0,0.0,true,2,0
1773239205000,64.0413003666667,-21.9723285,3.0,54.8,65.8,false,2,6.0
1773239205000,64.0413003666667,-21.9723285,0.0,0.0,0.0,true,1,0
1773239208000,64.0414052833333,-21.9712306666667,3.0,54.7,65.6,false,1,3.0
1773239208000,64.0414052833333,-21.9712306666667,0.0,0.0,0.0,true,1,0
1773239213000,64.0415113333333,-21.97017,5.0,53.0,38.1,false,1,5.0
1773239216000,64.0415113333333,-21.97017,3.0,0.0,0.0,true,1,0
1773239216000,64.0415113333333,-21.97017,0.0,0.0,0.0,true,2,0
1773239220000,64.04161395,-21.9691186666667,4.0,52.4,47.2,false,2,7.0
1773239220000,64.04161395,-21.9691186666667,0.0,0.0,0.0,true,1,0
1773239220000,64.04161395,-21.9691186666667,0.0,0.0,0.0,true,2,0
1773239224000,64.0417235333333,-21.9680175,4.0,55.0,49.5,false,2,4.0
1773239228000,64.0418369,-21.966869,4.0,57.3,51.6,false,0,4.0
1773239228000,64.0418369,-21.966869,0.0,0.0,0.0,true,1,0
1773239231000,64.0418369,-21.966869,3.0,0.0,0.0,true,2,0
1773239233000,64.0419832333333,-21.9657425,2.0,57.2,102.9,false,2,5.0
1773239233000,64.0419832333333,-21.9657425,0.0,0.0,0.0,true,1,0
1773239238000,64.0421377333333,-21.964686,5.0,54.2,39.0,false,1,5.0
1773239238000,64.0421377333333,-21.964686,0.0,0.0,0.0,true,1,0
1773239240000,64.0421377333333,-21.964686,2.0,0.0,0.0,true,2,0
1773239243000,64.04224735,-21.9639215,3.0,39.2,47.0,false,2,5.0
1773239243000,64.04224735,-21.9639215,0.0,0.0,0.0,true,1,0
1773239243000,64.04224735,-21.9639215,0.0,0.0,0.0,true,2,0
1773239247000,64.04224735,-21.9639215,4.0,0.0,0.0,true,3,0
1773239247000,64.04224735,-21.9639215,0.0,0.0,0.0,true,4,0
1773239251000,64.0422404166667,-21.9633376666667,4.0,28.4,25.6,false,4,8.0
1773239254000,64.0424281333333,-21.9628503333333,3.0,31.6,37.9,false,0,3.0
1773239257000,64.0424281333333,-21.9628503333333,3.0,0.0,0.0,true,1,0
1773239257000,64.0424281333333,-21.9628503333333,0.0,0.0,0.0,true,2,0
1773239260000,64.04256975,-21.9621643333333,3.0,36.9,44.3,false,2,6.0
1773239260000,64.04256975,-21.9621643333333,0.0,0.0,0.0,true,1,0
1773239262000,64.04256975,-21.9621643333333,2.0,0.0,0.0,true,2,0
1773239266000,64.0427459166667,-21.9611561666667,4.0,52.8,47.6,false,2,6.0
1773239271000,64.0429398666667,-21.960069,5.0,57.1,41.1,false,0,5.0
1773239271000,64.0429398666667,-21.960069,0.0,0.0,0.0,true,1,0
1773239274000,64.0431363833333,-21.9589448333333,3.0,58.9,70.7,false,1,3.0
1773239274000,64.0431363833333,-21.9589448333333,0.0,0.0,0.0,true,1,0
1773239277000,64.0431363833333,-21.9589448333333,3.0,0.0,0.0,true,2,0
1773239279000,64.0431363833333,-21.9589448333333,2.0,0.0,0.0,true,3,0
1773239279000,64.0431363833333,-21.9589448333333,0.0,0.0,0.0,true,4,0
1773239282000,64.0433509,-21.9577088333333,3.0,64.7,77.7,false,4,8.0
1773239286000,64.0435136166667,-21.9567435,4.0,50.3,45.3,false,0,4.0
1773239286000,64.0435136166667,-21.9567435,0.0,0.0,0.0,true,1,0
1773239288000,64.0435136166667,-21.9567435,2.0,0.0,0.0,true,2,0
1773239291000,64.0436442,-21.9559591666667,3.0,40.8,49.0,false,2,5.0
1773239293000,64.0436442,-21.9559591666667,2.0,0.0,0.0,true,1,0
1773239297000,64.0436571666667,-21.9554526666667,4.0,24.7,22.2,false,1,6.0
1773239297000,64.0436571666667,-21.9554526666667,0.0,0.0,0.0,true,1,0
1773239300000,64.0436944666667,-21.9550475,3.0,20.2,24.2,false,1,3.0
1773239302000,64.0436944666667,-21.9550475,2.0,0.0,0.0,true,1,0
1773239302000,64.0436944666667,-21.9550475,0.0,0.0,0.0,true,2,0
1773239302000,64.0436944666667,-21.9550475,0.0,0.0,0.0,true,3,0
1773239308000,64.0438909333333,-21.9552016666667,6.0,23.1,13.9,false,3,8.0
1773239308000,64.0438909333333,-21.9552016666667,0.0,0.0,0.0,true,1,0
1773239308000,64.0438909333333,-21.9552016666667,0.0,0.0,0.0,true,2,0
1773239312000,64.04380895,-21.9557061666667,4.0,26.2,23.6,false,2,4.0
1773239314000,64.04380895,-21.9557061666667,2.0,0.0,0.0,true,1,0
1773239314000,64.04380895,-21.9557061666667,0.0,0.0,0.0,true,2,0
1773239319000,64.0436070166667,-21.9566843333333,5.0,52.6,37.9,false,2,7.0
1773239323000,64.04360155,-21.9567198333333,4.0,1.8,1.6,false,0,4.0
1773239323000,64.04360155,-21.9567198333333,0.0,0.0,0.0,true,1,0
1773239323000,64.04360155,-21.9567198333333,0.0,0.0,0.0,true,2,0
1773239327000,64.04359615,-21.9567166666667,4.0,0.6,0.6,false,2,4.0
1773239327000,64.04359615,-21.9567166666667,0.0,0.0,0.0,true,1,0
1773239329000,64.04359615,-21.9567166666667,2.0,0.0,0.0,true,2,0
1773239332000,64.0435960166667,-21.9567163333333,3.0,0.0,0.0,true,3,0
1773239336000,64.0435958333333,-21.956716,4.0,0.0,0.0,true,4,0
1773239338000,64.0435958333333,-21.956716,2.0,0.0,0.0,true,5,0
1773239338000,64.0435958333333,-21.956716,0.0,0.0,0.0,true,6,0
1773239343000,64.0435956666667,-21.956716,5.0,0.0,0.0,true,7,0
1773239345000,64.0435956666667,-21.956716,2.0,0.0,0.0,true,8,0
1773239345000,64.0435956666667,-21.956716,0.0,0.0,0.0,true,9,0
1773239347000,64.0435957,-21.9567161666667,2.0,0.0,0.0,true,10,0
1773239347000,64.0435957,-21.9567161666667,0.0,0.0,0.0,true,11,0
1773239347000,64.0435957,-21.9567161666667,0.0,0.0,0.0,true,12,0
1773239351000,64.04359575,-21.9567161666667,4.0,0.0,0.0,true,13,0
1773239355000,64.0435956166667,-21.9567163333333,4.0,0.0,0.0,true,14,0
1773239357000,64.0435956166667,-21.9567163333333,2.0,0.0,0.0,true,15,0
1773239361000,64.04359545,-21.9567166666667,4.0,0.0,0.0,true,16,0
1773239363000,64.04359545,-21.9567166666667,2.0,0.0,0.0,true,17,0
1773239363000,64.04359545,-21.9567166666667,0.0,0.0,0.0,true,18,0
1773239365000,64.0435954666667,-21.9567166666667,2.0,0.0,0.0,true,19,0
1773239365000,64.0435954666667,-21.9567166666667,0.0,0.0,0.0,true,20,0
1773239368000,64.0435954666667,-21.9567166666667,3.0,0.0,0.0,true,21,0
1773239371000,64.0435955,-21.9567166666667,3.0,0.0,0.0,true,22,0
1773239371000,64.0435955,-21.9567166666667,0.0,0.0,0.0,true,23,0
1773239374000,64.0435955,-21.9567166666667,3.0,0.0,0.0,true,24,0
1773239376000,64.0435955333333,-21.9567166666667,2.0,0.0,0.0,true,25,0
1773239376000,64.0435955333333,-21.9567166666667,0.0,0.0,0.0,true,26,0
1773239381000,64.0435955833333,-21.9567165,5.0,0.0,0.0,true,27,0
1773239385000,64.0435956333333,-21.9567165,4.0,0.0,0.0,true,28,0
1773239385000,64.0435956333333,-21.9567165,0.0,0.0,0.0,true,29,0
1773239387000,64.0435956333333,-21.9567165,2.0,0.0,0.0,true,30,0
1773239391000,64.0435957,-21.9567165,4.0,0.0,0.0,true,31,0
1773239391000,64.0435957,-21.9567165,0.0,0.0,0.0,true,32,0
1773239393000,64.0435957,-21.9567165,2.0,0.0,0.0,true,33,0
1773239397000,64.04359575,-21.9567165,4.0,0.0,0.0,true,34,0
1773239397000,64.04359575,-21.9567165,0.0,0.0,0.0,true,35,0
1773239397000,64.04359575,-21.9567165,0.0,0.0,0.0,true,36,0
1773239397000,64.04359575,-21.9567165,0.0,0.0,0.0,true,37,0
1773239402000,64.0435958,-21.9567166666667,5.0,0.0,0.0,true,38,0
1773239402000,64.0435958,-21.9567166666667,0.0,0.0,0.0,true,39,0
1773239410000,64.0435958666667,-21.9567168333333,8.0,0.0,0.0,true,40,0
1773239410000,64.0435958666667,-21.9567168333333,0.0,0.0,0.0,true,41,0
1773239410000,64.0435958666667,-21.9567168333333,0.0,0.0,0.0,true,42,0
1773239415000,64.043596,-21.956717,5.0,0.0,0.0,true,43,0
1773239417000,64.043596,-21.956717,2.0,0.0,0.0,true,44,0
1773239417000,64.043596,-21.956717,0.0,0.0,0.0,true,45,0
1773239417000,64.043596,-21.956717,0.0,0.0,0.0,true,46,0
1773239422000,64.0435960666667,-21.956717,5.0,0.0,0.0,true,47,0
1773239422000,64.0435960666667,-21.956717,0.0,0.0,0.0,true,48,0
1773239428000,64.0435961166667,-21.956717,6.0,0.0,0.0,true,49,0
1773239428000,64.0435961166667,-21.956717,0.0,0.0,0.0,true,50,0
1773239428000,64.0435961166667,-21.956717,0.0,0.0,0.0,true,51,0
1773239428000,64.0435961166667,-21.956717,0.0,0.0,0.0,true,52,0
1773239428000,64.0435961166667,-21.956717,0.0,0.0,0.0,true,53,0
1773239428000,64.0435961166667,-21.956717,0.0,0.0,0.0,true,54,0
1773239440000,64.0435962,-21.956717,12.0,0.0,0.0,true,55,0
1773239440000,64.0435962,-21.956717,0.0,0.0,0.0,true,56,0
1773239445000,64.0435962,-21.9567168333333,5.0,0.0,0.0,true,57,0
1773239445000,64.0435962,-21.9567168333333,0.0,0.0,0.0,true,58,0
1773239445000,64.0435962,-21.9567168333333,0.0,0.0,0.0,true,59,0
1773239447000,64.0435962,-21.9567168333333,2.0,0.0,0.0,true,60,0
1773239450000,64.0435962166667,-21.9567168333333,3.0,0.0,0.0,true,61,0
1773239454000,64.0435962333333,-21.9567168333333,4.0,0.0,0.0,true,62,0
1773239456000,64.0435962333333,-21.9567168333333,2.0,0.0,0.0,true,63,0
1773239459000,64.04359625,-21.9567168333333,3.0,0.0,0.0,true,64,0
1773239459000,64.04359625,-21.9567168333333,0.0,0.0,0.0,true,65,0
1773239463000,64.0435963,-21.9567168333333,4.0,0.0,0.0,true,66,0
1773239463000,64.0435963,-21.9567168333333,0.0,0.0,0.0,true,67,0
1773239465000,64.0435963,-21.9567168333333,2.0,0.0,0.0,true,68,0
1773239465000,64.0435963,-21.9567168333333,0.0,0.0,0.0,true,69,0
1773239467000,64.0435963,-21.9567168333333,2.0,0.0,0.0,true,70,0
1773239469000,64.04359635,-21.9567168333333,2.0,0.0,0.0,true,71,0
1773239473000,64.04359635,-21.9567168333333,4.0,0.0,0.0,true,72,0
1773239475000,64.0435964166667,-21.9567168333333,2.0,0.0,0.0,true,73,0
1773239475000,64.0435964166667,-21.9567168333333,0.0,0.0,0.0,true,74,0
1773239477000,64.0435964166667,-21.9567168333333,2.0,0.0,0.0,true,75,0
1773239480000,64.0435964833333,-21.9567168333333,3.0,0.0,0.0,true,76,0
1773239480000,64.0435964833333,-21.9567168333333,0.0,0.0,0.0,true,77,0
1773239480000,64.0435964833333,-21.9567168333333,0.0,0.0,0.0,true,78,0
1773239487000,64.0435965166667,-21.9567168333333,7.0,0.0,0.0,true,79,0
1773239490000,64.0435965166667,-21.9567168333333,3.0,0.0,0.0,true,80,0
1773239492000,64.0435965166667,-21.9567168333333,2.0,0.0,0.0,true,81,0
1773239492000,64.0435965166667,-21.9567168333333,0.0,0.0,0.0,true,82,0
1773239496000,64.0435965166667,-21.9567168333333,4.0,0.0,0.0,true,83,0
1773239496000,64.0435965166667,-21.9567168333333,0.0,0.0,0.0,true,84,0
1773239496000,64.0435965166667,-21.9567168333333,0.0,0.0,0.0,true,85,0
1773239501000,64.0435965166667,-21.9567168333333,5.0,0.0,0.0,true,86,0
1773239501000,64.0435965166667,-21.9567168333333,0.0,0.0,0.0,true,87,0
1773239504000,64.0435965166667,-21.9567168333333,3.0,0.0,0.0,true,88,0
1773239504000,64.0435965166667,-21.9567168333333,0.0,0.0,0.0,true,89,0
1773239507000,64.0435965166667,-21.9567168333333,3.0,0.0,0.0,true,90,0
1773239512000,64.0435965166667,-21.9567168333333,5.0,0.0,0.0,true,91,0
1773239512000,64.0435965166667,-21.9567168333333,0.0,0.0,0.0,true,92,0
1773239516000,64.0435992666667,-21.9567216666667,4.0,0.4,0.3,true,93,0
1773239519000,64.04360225,-21.956727,3.0,0.4,0.5,true,94,0
1773239519000,64.04360225,-21.956727,0.0,0.0,0.0,true,95,0
1773239523000,64.04360225,-21.956727,4.0,0.0,0.0,true,96,0
1773239525000,64.0436028,-21.9567305,2.0,0.2,0.3,true,97,0
1773239527000,64.0436028,-21.9567305,2.0,0.0,0.0,true,98,0
1773239527000,64.0436028,-21.9567305,0.0,0.0,0.0,true,99,0
1773239529000,64.0436019333333,-21.9567336666667,2.0,0.2,0.3,true,100,0
1773239531000,64.0436019333333,-21.9567336666667,2.0,0.0,0.0,true,101,0
1773239531000,64.0436019333333,-21.9567336666667,0.0,0.0,0.0,true,102,0
1773239531000,64.0436019333333,-21.9567336666667,0.0,0.0,0.0,true,103,0
1773239537000,64.0436012333333,-21.9567365,6.0,0.2,0.1,true,104,0
1773239540000,64.0435989166667,-21.9567368333333,3.0,0.3,0.3,true,105,0
1773239540000,64.0435989166667,-21.9567368333333,0.0,0.0,0.0,true,106,0
1773239544000,64.0435957333333,-21.956738,4.0,0.4,0.3,true,107,0
1773239544000,64.0435957333333,-21.956738,0.0,0.0,0.0,true,108,0
1773239546000,64.0435957333333,-21.956738,2.0,0.0,0.0,true,109,0
1773239548000,64.0435957333333,-21.956738,2.0,0.0,0.0,true,110,0
1773239552000,64.04359275,-21.956743,4.0,0.4,0.4,true,111,0
1773239552000,64.04359275,-21.956743,0.0,0.0,0.0,true,112,0
1773239554000,64.04359275,-21.956743,2.0,0.0,0.0,true,113,0
1773239557000,64.0435895333333,-21.9567471666667,3.0,0.4,0.5,true,114,0
1773239557000,64.0435895333333,-21.9567471666667,0.0,0.0,0.0,true,115,0
1773239560000,64.0435894166667,-21.9567471666667,3.0,0.0,0.0,true,116,0
1773239562000,64.0435894166667,-21.9567471666667,2.0,0.0,0.0,true,117,0
1773239566000,64.0435892833333,-21.9567471666667,4.0,0.0,0.0,true,118,0
1773239566000,64.0435892833333,-21.9567471666667,0.0,0.0,0.0,true,119,0
1773239568000,64.0435892833333,-21.9567471666667,2.0,0.0,0.0,true,120,0
1773239573000,64.0435891333333,-21.956747,5.0,0.0,0.0,true,121,0
1773239575000,64.0435891333333,-21.956747,2.0,0.0,0.0,true,122,0
1773239578000,64.0435890166667,-21.956747,3.0,0.0,0.0,true,123,0
1773239578000,64.0435890166667,-21.956747,0.0,0.0,0.0,true,124,0
1773239578000,64.0435890166667,-21.956747,0.0,0.0,0.0,true,125,0
1773239582000,64.0435889333333,-21.956747,4.0,0.0,0.0,true,126,0
1773239582000,64.0435889333333,-21.956747,0.0,0.0,0.0,true,127,0
1773239584000,64.0435889333333,-21.956747,2.0,0.0,0.0,true,128,0
1773239588000,64.0435888666667,-21.9567471666667,4.0,0.0,0.0,true,129,0
1773239588000,64.0435888666667,-21.9567471666667,0.0,0.0,0.0,true,130,0
1773239590000,64.0435888666667,-21.9567471666667,2.0,0.0,0.0,true,131,0
1773239590000,64.0435888666667,-21.9567471666667,0.0,0.0,0.0,true,132,0
1773239593000,64.0435888333333,-21.9567471666667,3.0,0.0,0.0,true,133,0
1773239593000,64.0435888333333,-21.9567471666667,0.0,0.0,0.0,true,134,0
1773239598000,64.0435888,-21.9567471666667,5.0,0.0,0.0,true,135,0
1773239601000,64.0435887833333,-21.9567471666667,3.0,0.0,0.0,true,136,0
1773239606000,64.0435887666667,-21.9567471666667,5.0,0.0,0.0,true,137,0
1773239608000,64.0435887666667,-21.9567471666667,2.0,0.0,0.0,true,138,0
1773239608000,64.0435887666667,-21.9567471666667,0.0,0.0,0.0,true,139,0
1773239608000,64.0435887666667,-21.9567471666667,0.0,0.0,0.0,true,140,0
1773239608000,64.0435887666667,-21.9567471666667,0.0,0.0,0.0,true,141,0
1773239612000,64.04356095,-21.9568333333333,4.0,5.2,4.7,false,141,285.0
1773239612000,64.04356095,-21.9568333333333,0.0,0.0,0.0,true,1,0
1773239616000,64.0434665166667,-21.9572916666667,4.0,24.7,22.2,false,1,4.0
1773239616000,64.0434665166667,-21.9572916666667,0.0,0.0,0.0,true,1,0
1773239622000,64.0433301,-21.958058,6.0,40.3,24.2,false,1,6.0
1773239622000,64.0433301,-21.958058,0.0,0.0,0.0,true,1,0
1773239627000,64.0433301,-21.958058,5.0,0.0,0.0,true,2,0
1773239627000,64.0433301,-21.958058,0.0,0.0,0.0,true,3,0
1773239629000,64.0431380166667,-21.9591856666667,2.0,58.9,106.0,false,3,7.0
1773239631000,64.0431380166667,-21.9591856666667,2.0,0.0,0.0,true,1,0
1773239635000,64.04296395,-21.9602141666667,4.0,53.7,48.3,false,1,6.0
1773239635000,64.04296395,-21.9602141666667,0.0,0.0,0.0,true,1,0
1773239637000,64.04296395,-21.9602141666667,2.0,0.0,0.0,true,2,0
1773239641000,64.0427803,-21.9612928333333,4.0,56.3,50.7,false,2,6.0
1773239641000,64.0427803,-21.9612928333333,0.0,0.0,0.0,true,1,0
1773239643000,64.0426004333333,-21.9623365,2.0,54.6,98.3,false,1,2.0
1773239645000,64.0426004333333,-21.9623365,2.0,0.0,0.0,true,1,0
1773239648000,64.0424668833333,-21.9630575,3.0,38.1,45.7,false,1,5.0
1773239648000,64.0424668833333,-21.9630575,0.0,0.0,0.0,true,1,0
1773239652000,64.0424668833333,-21.9630575,4.0,0.0,0.0,true,2,0
1773239652000,64.0424668833333,-21.9630575,0.0,0.0,0.0,true,3,0
1773239654000,64.0425222166667,-21.9635198333333,2.0,23.3,42.0,false,3,6.0
1773239657000,64.04271795,-21.9638451666667,3.0,26.9,32.3,false,0,3.0
1773239659000,64.04271795,-21.9638451666667,2.0,0.0,0.0,true,1,0
1773239659000,64.04271795,-21.9638451666667,0.0,0.0,0.0,true,2,0
1773239663000,64.0430282333333,-21.9641521666667,4.0,37.6,33.8,false,2,6.0
1773239665000,64.0430282333333,-21.9641521666667,2.0,0.0,0.0,true,1,0
1773239665000,64.0430282333333,-21.9641521666667,0.0,0.0,0.0,true,2,0
1773239669000,64.0434094333333,-21.96451,4.0,45.8,41.2,false,2,6.0
1773239671000,64.0434094333333,-21.96451,2.0,0.0,0.0,true,1,0
1773239671000,64.0434094333333,-21.96451,0.0,0.0,0.0,true,2,0
1773239677000,64.0434857333333,-21.964877,6.0,19.8,11.9,false,2,8.0
1773239680000,64.0433652833333,-21.9654821666667,3.0,32.4,38.8,false,0,3.0
1773239680000,64.0433652833333,-21.9654821666667,0.0,0.0,0.0,true,1,0
1773239680000,64.0433652833333,-21.9654821666667,0.0,0.0,0.0,true,2,0
1773239682000,64.0433652833333,-21.9654821666667,2.0,0.0,0.0,true,3,0
1773239684000,64.0433240333333,-21.966045,2.0,27.8,50.0,false,3,4.0
1773239684000,64.0433240333333,-21.966045,0.0,0.0,0.0,true,1,0
1773239688000,64.0433240333333,-21.966045,4.0,0.0,0.0,true,2,0
1773239690000,64.04326265,-21.9666866666667,2.0,32.0,57.5,false,2,6.0
1773239692000,64.0432199833333,-21.9671075,2.0,21.0,37.8,false,0,2.0
1773239699000,64.0431906333333,-21.9674311666667,7.0,16.1,8.3,false,0,7.0
1773239699000,64.0431906333333,-21.9674311666667,0.0,0.0,0.0,true,1,0
1773239702000,64.0431914333333,-21.9674323333333,3.0,0.1,0.1,true,2,0
1773239705000,64.0431914333333,-21.9674323333333,3.0,0.0,0.0,true,3,0
1773239705000,64.0431914333333,-21.9674323333333,0.0,0.0,0.0,true,4,0
1773239709000,64.0431916333333,-21.9674318333333,4.0,0.0,0.0,true,5,0
1773239711000,64.04319185,-21.9674311666667,2.0,0.0,0.1,true,6,0
1773239717000,64.0431918333333,-21.9674311666667,6.0,0.0,0.0,true,7,0
1773239717000,64.0431918333333,-21.9674311666667,0.0,0.0,0.0,true,8,0
1773239717000,64.0431918333333,-21.9674311666667,0.0,0.0,0.0,true,9,0
1773239720000,64.0431918333333,-21.9674311666667,3.0,0.0,0.0,true,10,0
1773239724000,64.0431919166667,-21.9674308333333,4.0,0.0,0.0,true,11,0
1773239726000,64.04318665,-21.9674785,2.0,2.4,4.3,false,11,27.0
1773239726000,64.04318665,-21.9674785,0.0,0.0,0.0,true,1,0
1773239729000,64.04318665,-21.9674785,3.0,0.0,0.0,true,2,0
1773239732000,64.0431334,-21.9679976666667,3.0,26.0,31.1,false,2,6.0
1773239735000,64.0431334,-21.9679976666667,3.0,0.0,0.0,true,1,0
1773239735000,64.0431334,-21.9679976666667,0.0,0.0,0.0,true,2,0
1773239737000,64.0430200666667,-21.9691156666667,2.0,55.9,100.5,false,2,5.0
1773239739000,64.0430200666667,-21.9691156666667,2.0,0.0,0.0,true,1,0
1773239739000,64.0430200666667,-21.9691156666667,0.0,0.0,0.0,true,2,0
1773239742000,64.0429201833333,-21.970055,3.0,47.0,56.5,false,2,5.0
1773239742000,64.0429201833333,-21.970055,0.0,0.0,0.0,true,1,0
1773239748000,64.0429060166667,-21.9706495,6.0,29.0,17.4,false,1,6.0
1773239748000,64.0429060166667,-21.9706495,0.0,0.0,0.0,true,1,0
1773239750000,64.0429060166667,-21.9706495,2.0,0.0,0.0,true,2,0
1773239754000,64.0428218333333,-21.9714653333333,4.0,40.8,36.7,false,2,6.0
1773239757000,64.0427240666667,-21.9724621666667,3.0,49.7,59.7,false,0,3.0
1773239757000,64.0427240666667,-21.9724621666667,0.0,0.0,0.0,true,1,0
1773239760000,64.0427240666667,-21.9724621666667,3.0,0.0,0.0,true,2,0
1773239763000,64.0426253,-21.9734185,3.0,47.8,57.4,false,2,6.0
1773239765000,64.0426253,-21.9734185,2.0,0.0,0.0,true,1,0
1773239765000,64.0426253,-21.9734185,0.0,0.0,0.0,true,2,0
1773239767000,64.0425273666667,-21.9743396666667,2.0,46.1,83.0,false,2,4.0
1773239769000,64.0425273666667,-21.9743396666667,2.0,0.0,0.0,true,1,0
1773239769000,64.0425273666667,-21.9743396666667,0.0,0.0,0.0,true,2,0
1773239772000,64.0424817333333,-21.9748343333333,3.0,24.6,29.5,false,2,5.0
1773239776000,64.0424790833333,-21.9748491666667,4.0,0.8,0.7,false,0,4.0
1773239776000,64.0424790833333,-21.9748491666667,0.0,0.0,0.0,true,1,0
1773239776000,64.0424790833333,-21.9748491666667,0.0,0.0,0.0,true,2,0
1773239783000,64.0424807166667,-21.9748388333333,7.0,0.5,0.3,false,2,7.0
1773239783000,64.0424807166667,-21.9748388333333,0.0,0.0,0.0,true,1,0
1773239787000,64.0424766666667,-21.9748866666667,4.0,2.4,2.1,false,1,4.0
1773239787000,64.0424766666667,-21.9748866666667,0.0,0.0,0.0,true,1,0
1773239790000,64.0424365,-21.975292,3.0,20.2,24.3,false,1,3.0
1773239790000,64.0424365,-21.975292,0.0,0.0,0.0,true,1,0
1773239790000,64.0424365,-21.975292,0.0,0.0,0.0,true,2,0
1773239794000,64.0424365,-21.975292,4.0,0.0,0.0,true,3,0
1773239794000,64.0424365,-21.975292,0.0,0.0,0.0,true,4,0
1773239800000,64.0423858,-21.9773375,6.0,99.7,59.8,false,4,10.0
1773239802000,64.0423858,-21.9773375,2.0,0.0,0.0,true,1,0
1773239802000,64.0423858,-21.9773375,0.0,0.0,0.0,true,2,0
1773239806000,64.0424730833333,-21.978072,4.0,37.0,33.3,false,2,6.0
1773239808000,64.0424730833333,-21.978072,2.0,0.0,0.0,true,1,0
1773239811000,64.0426347333333,-21.9781718333333,3.0,18.6,22.3,false,1,5.0
1773239811000,64.0426347333333,-21.9781718333333,0.0,0.0,0.0,true,1,0
1773239813000,64.0426347333333,-21.9781718333333,2.0,0.0,0.0,true,2,0
1773239817000,64.0427931666667,-21.9780381666667,4.0,18.8,16.9,false,2,6.0
1773239817000,64.0427931666667,-21.9780381666667,0.0,0.0,0.0,true,1,0
1773239820000,64.0431616166667,-21.977868,3.0,41.8,50.2,false,1,3.0
1773239822000,64.0431616166667,-21.977868,2.0,0.0,0.0,true,1,0
1773239822000,64.0431616166667,-21.977868,0.0,0.0,0.0,true,2,0
1773239826000,64.0435025333333,-21.9779566666667,4.0,38.2,34.3,false,2,6.0
1773239829000,64.0435872666667,-21.9780005,3.0,9.7,11.6,false,0,3.0
1773239829000,64.0435872666667,-21.9780005,0.0,0.0,0.0,true,1,0
1773239831000,64.04358435,-21.9779993333333,2.0,0.3,0.6,true,2,0
1773239833000,64.04358435,-21.9779993333333,2.0,0.0,0.0,true,3,0
1773239835000,64.04358435,-21.9779993333333,2.0,0.0,0.0,true,4,0
1773239835000,64.04358435,-21.9779993333333,0.0,0.0,0.0,true,5,0
1773239841000,64.0436048833333,-21.978008,6.0,2.3,1.4,false,5,12.0
1773239843000,64.0438530166667,-21.978135,2.0,28.3,50.9,false,0,2.0
1773239843000,64.0438530166667,-21.978135,0.0,0.0,0.0,true,1,0
1773239848000,64.0442043333333,-21.9783183333333,5.0,40.1,28.9,false,1,5.0
1773239850000,64.0442043333333,-21.9783183333333,2.0,0.0,0.0,true,1,0
1773239850000,64.0442043333333,-21.9783183333333,0.0,0.0,0.0,true,2,0
1773239855000,64.0445083333333,-21.9784446666667,5.0,34.4,24.7,false,2,7.0
1773239855000,64.0445083333333,-21.9784446666667,0.0,0.0,0.0,true,1,0
1773239858000,64.04472615,-21.9782996666667,3.0,25.2,30.3,false,1,3.0
1773239861000,64.04472615,-21.9782996666667,3.0,0.0,0.0,true,1,0
1773239861000,64.04472615,-21.9782996666667,0.0,0.0,0.0,true,2,0
1773239863000,64.0449245666667,-21.9786098333333,2.0,26.7,48.1,false,2,5.0
1773239867000,64.0449245666667,-21.9786098333333,4.0,0.0,0.0,true,1,0
1773239867000,64.0449245666667,-21.9786098333333,0.0,0.0,0.0,true,2,0
1773239870000,64.0453897333333,-21.9790456666667,3.0,55.9,67.1,false,2,7.0
1773239873000,64.0453897333333,-21.9790456666667,3.0,0.0,0.0,true,1,0
1773239873000,64.0453897333333,-21.9790456666667,0.0,0.0,0.0,true,2,0
1773239873000,64.0453897333333,-21.9790456666667,0.0,0.0,0.0,true,3,0
1773239873000,64.0453897333333,-21.9790456666667,0.0,0.0,0.0,true,4,0
1773239881000,64.0456126,-21.979207,8.0,26.0,11.7,false,4,11.0
1773239881000,64.0456126,-21.979207,0.0,0.0,0.0,true,1,0
1773239883000,64.04561285,-21.9792065,2.0,0.0,0.1,true,2,0
1773239883000,64.04561285,-21.9792065,0.0,0.0,0.0,true,3,0
1773239887000,64.0456129333333,-21.9792063333333,4.0,0.0,0.0,true,4,0
1773239887000,64.0456129333333,-21.9792063333333,0.0,0.0,0.0,true,5,0
1773239887000,64.0456129333333,-21.9792063333333,0.0,0.0,0.0,true,6,0
1773239894000,64.0456128833333,-21.979206,7.0,0.0,0.0,true,7,0
1773239894000,64.0456128833333,-21.979206,0.0,0.0,0.0,true,8,0
1773239898000,64.04561255,-21.9792066666667,4.0,0.0,0.0,true,9,0
1773239898000,64.04561255,-21.9792066666667,0.0,0.0,0.0,true,10,0
1773239898000,64.04561255,-21.9792066666667,0.0,0.0,0.0,true,11,0
1773239903000,64.0456367333333,-21.9792241666667,5.0,2.8,2.0,false,11,22.0
1773239903000,64.0456367333333,-21.9792241666667,0.0,0.0,0.0,true,1,0
1773239903000,64.0456367333333,-21.9792241666667,0.0,0.0,0.0,true,2,0
1773239907000,64.0456367333333,-21.9792241666667,4.0,0.0,0.0,true,3,0
1773239912000,64.0458703666667,-21.9793866666667,5.0,27.2,19.6,false,3,9.0
1773239912000,64.0458703666667,-21.9793866666667,0.0,0.0,0.0,true,1,0
1773239915000,64.0462023,-21.9796126666667,3.0,38.5,46.2,false,1,3.0
1773239915000,64.0462023,-21.9796126666667,0.0,0.0,0.0,true,1,0
1773239918000,64.0462023,-21.9796126666667,3.0,0.0,0.0,true,2,0
1773239921000,64.0464672,-21.9797748333333,3.0,30.5,36.6,false,2,6.0
1773239925000,64.0468509666667,-21.9800378333333,4.0,44.6,40.1,false,0,4.0
1773239925000,64.0468509666667,-21.9800378333333,0.0,0.0,0.0,true,1,0
1773239927000,64.0468509666667,-21.9800378333333,2.0,0.0,0.0,true,2,0
1773239927000,64.0468509666667,-21.9800378333333,0.0,0.0,0.0,true,3,0
1773239933000,64.0471074833333,-21.9800683333333,6.0,28.6,17.1,false,3,8.0
1773239936000,64.04730715,-21.980158,3.0,22.6,27.2,false,0,3.0
1773239936000,64.04730715,-21.980158,0.0,0.0,0.0,true,1,0
1773239938000,64.04730715,-21.980158,2.0,0.0,0.0,true,2,0
1773239940000,64.0476033166667,-21.9804743333333,2.0,36.4,65.4,false,2,4.0
1773239940000,64.0476033166667,-21.9804743333333,0.0,0.0,0.0,true,1,0
1773239942000,64.0476033166667,-21.9804743333333,2.0,0.0,0.0,true,2,0
1773239947000,64.0480057166667,-21.9806993333333,5.0,46.1,33.2,false,2,7.0
1773239947000,64.0480057166667,-21.9806993333333,0.0,0.0,0.0,true,1,0
1773239949000,64.04821105,-21.9808121666667,2.0,23.5,42.3,false,1,2.0
1773239951000,64.04821105,-21.9808121666667,2.0,0.0,0.0,true,1,0
1773239951000,64.04821105,-21.9808121666667,0.0,0.0,0.0,true,2,0
1773239953000,64.0483462833333,-21.9808808333333,2.0,15.4,27.7,false,2,4.0
1773239958000,64.0483419666667,-21.9808803333333,5.0,0.5,0.3,true,1,0
1773239958000,64.0483419666667,-21.9808803333333,0.0,0.0,0.0,true,2,0
1773239962000,64.0483419666667,-21.9808803333333,4.0,0.0,0.0,true,3,0
1773239962000,64.0483419666667,-21.9808803333333,0.0,0.0,0.0,true,4,0
1773239966000,64.0483419166667,-21.9808801666667,4.0,0.0,0.0,true,5,0
1773239968000,64.0483802666667,-21.9808993333333,2.0,4.4,7.9,false,5,15.0
1773239970000,64.0483802666667,-21.9808993333333,2.0,0.0,0.0,true,1,0
1773239970000,64.0483802666667,-21.9808993333333,0.0,0.0,0.0,true,2,0
1773239973000,64.04864025,-21.9810271666667,3.0,29.6,35.5,false,2,5.0
1773239973000,64.04864025,-21.9810271666667,0.0,0.0,0.0,true,1,0
1773239976000,64.04864025,-21.9810271666667,3.0,0.0,0.0,true,2,0
1773239981000,64.0490752,-21.9812591666667,5.0,49.7,35.8,false,2,8.0
1773239981000,64.0490752,-21.9812591666667,0.0,0.0,0.0,true,1,0
1773239985000,64.0493227666667,-21.9813128333333,4.0,27.7,24.9,false,1,4.0
1773239987000,64.0493227666667,-21.9813128333333,2.0,0.0,0.0,true,1,0
1773239987000,64.0493227666667,-21.9813128333333,0.0,0.0,0.0,true,2,0
1773239991000,64.0495072666667,-21.9812513333333,4.0,20.7,18.7,false,2,6.0
1773239993000,64.0495072666667,-21.9812513333333,2.0,0.0,0.0,true,1,0
1773239993000,64.0495072666667,-21.9812513333333,0.0,0.0,0.0,true,2,0
1773239996000,64.0494860333333,-21.9816753333333,3.0,20.8,24.9,false,2,5.0
1773239998000,64.0494860333333,-21.9816753333333,2.0,0.0,0.0,true,1,0
1773239998000,64.0494860333333,-21.9816753333333,0.0,0.0,0.0,true,2,0
1773240002000,64.0492803166667,-21.9822145,4.0,34.8,31.3,false,2,6.0
1773240002000,64.0492803166667,-21.9822145,0.0,0.0,0.0,true,1,0
1773240007000,64.0490110166667,-21.983184,5.0,55.9,40.2,false,1,5.0
1773240007000,64.0490110166667,-21.983184,0.0,0.0,0.0,true,1,0
1773240007000,64.0490110166667,-21.983184,0.0,0.0,0.0,true,2,0
1773240011000,64.0490110166667,-21.983184,4.0,0.0,0.0,true,3,0
1773240013000,64.0490038166667,-21.9835571666667,2.0,18.2,32.7,false,3,6.0
1773240013000,64.0490038166667,-21.9835571666667,0.0,0.0,0.0,true,1,0
1773240017000,64.04927495,-21.9838163333333,4.0,32.7,29.4,false,1,4.0
1773240020000,64.04927495,-21.9838163333333,3.0,0.0,0.0,true,1,0
1773240020000,64.04927495,-21.9838163333333,0.0,0.0,0.0,true,2,0
1773240022000,64.0495703333333,-21.9841125,2.0,35.9,64.6,false,2,5.0
1773240022000,64.0495703333333,-21.9841125,0.0,0.0,0.0,true,1,0
1773240026000,64.0495703333333,-21.9841125,4.0,0.0,0.0,true,2,0
1773240031000,64.0499246333333,-21.984403,5.0,41.9,30.1,false,2,9.0
1773240031000,64.0499246333333,-21.984403,0.0,0.0,0.0,true,1,0
1773240031000,64.0499246333333,-21.984403,0.0,0.0,0.0,true,2,0
1773240035000,64.0502872333333,-21.9841278333333,4.0,42.5,38.2,false,2,4.0
1773240037000,64.0504961166667,-21.9833385,2.0,44.9,80.8,false,0,2.0
1773240037000,64.0504961166667,-21.9833385,0.0,0.0,0.0,true,1,0
1773240041000,64.0504961166667,-21.9833385,4.0,0.0,0.0,true,2,0
1773240043000,64.0506288166667,-21.982286,2.0,53.3,95.9,false,2,6.0
1773240043000,64.0506288166667,-21.982286,0.0,0.0,0.0,true,1,0
1773240048000,64.0506624666667,-21.9820005,5.0,14.4,10.4,false,1,5.0
1773240050000,64.0506624666667,-21.9820005,2.0,0.0,0.0,true,1,0
1773240053000,64.0506595833333,-21.9820191666667,3.0,1.0,1.2,false,1,5.0
1773240053000,64.0506595833333,-21.9820191666667,0.0,0.0,0.0,true,1,0
1773240053000,64.0506595833333,-21.9820191666667,0.0,0.0,0.0,true,2,0
1773240057000,64.0506600666667,-21.9820221666667,4.0,0.2,0.1,true,3,0
1773240059000,64.0506600666667,-21.9820221666667,2.0,0.0,0.0,true,4,0
1773240059000,64.0506600666667,-21.9820221666667,0.0,0.0,0.0,true,5,0
1773240064000,64.0506692166667,-21.9819576666667,5.0,3.3,2.4,false,5,11.0
1773240066000,64.0506692166667,-21.9819576666667,2.0,0.0,0.0,true,1,0
1773240066000,64.0506692166667,-21.9819576666667,0.0,0.0,0.0,true,2,0
1773240068000,64.0507334666667,-21.9814041666667,2.0,27.9,50.2,false,2,4.0
1773240071000,64.0507334666667,-21.9814041666667,3.0,0.0,0.0,true,1,0
1773240071000,64.0507334666667,-21.9814041666667,0.0,0.0,0.0,true,2,0
1773240073000,64.0507334666667,-21.9814041666667,2.0,0.0,0.0,true,3,0
1773240079000,64.0510427666667,-21.9799188333333,6.0,80.0,48.0,false,3,11.0
1773240079000,64.0510427666667,-21.9799188333333,0.0,0.0,0.0,true,1,0
1773240083000,64.0513375,-21.9797066666667,4.0,34.4,30.9,false,1,4.0
1773240083000,64.0513375,-21.9797066666667,0.0,0.0,0.0,true,1,0
1773240083000,64.0513375,-21.9797066666667,0.0,0.0,0.0,true,2,0
1773240088000,64.0515324833333,-21.9797706666667,5.0,21.9,15.8,false,2,5.0
1773240088000,64.0515324833333,-21.9797706666667,0.0,0.0,0.0,true,1,0
1773240092000,64.0516352,-21.9798453333333,4.0,12.0,10.8,false,1,4.0
1773240092000,64.0516352,-21.9798453333333,0.0,0.0,0.0,true,1,0
1773240096000,64.05163425,-21.9798548333333,4.0,0.5,0.4,true,2,0
1773240098000,64.05163425,-21.9798548333333,2.0,0.0,0.0,true,3,0
1773240102000,64.05163425,-21.9798548333333,4.0,0.0,0.0,true,4,0
1773240102000,64.05163425,-21.9798548333333,0.0,0.0,0.0,true,5,0
1773240104000,64.05163425,-21.9798548333333,2.0,0.0,0.0,true,6,0
1773240106000,64.0516619666667,-21.9798786666667,2.0,3.3,5.9,false,6,14.0
1773240106000,64.0516619666667,-21.9798786666667,0.0,0.0,0.0,true,1,0
1773240108000,64.0516619666667,-21.9798786666667,2.0,0.0,0.0,true,2,0
1773240108000,64.0516619666667,-21.9798786666667,0.0,0.0,0.0,true,3,0
1773240113000,64.0518704833333,-21.9799116666667,5.0,23.2,16.7,false,3,7.0
1773240117000,64.05209535,-21.9792896666667,4.0,39.3,35.3,false,0,4.0
1773240117000,64.05209535,-21.9792896666667,0.0,0.0,0.0,true,1,0
1773240119000,64.05209535,-21.9792896666667,2.0,0.0,0.0,true,2,0
1773240119000,64.05209535,-21.9792896666667,0.0,0.0,0.0,true,3,0
1773240121000,64.0522967666667,-21.9779818333333,2.0,67.5,121.4,false,3,4.0
1773240121000,64.0522967666667,-21.9779818333333,0.0,0.0,0.0,true,1,0
1773240129000,64.0524678666667,-21.9768653333333,8.0,57.6,25.9,false,1,8.0
1773240129000,64.0524678666667,-21.9768653333333,0.0,0.0,0.0,true,1,0
1773240133000,64.0526252833333,-21.975818,4.0,53.9,48.5,false,1,4.0
1773240133000,64.0526252833333,-21.975818,0.0,0.0,0.0,true,1,0
1773240133000,64.0526252833333,-21.975818,0.0,0.0,0.0,true,2,0
1773240137000,64.0527083833333,-21.9752566666667,4.0,28.8,25.9,false,2,4.0
1773240141000,64.0527884333333,-21.9746326666667,4.0,31.6,28.5,false,0,4.0
1773240141000,64.0527884333333,-21.9746326666667,0.0,0.0,0.0,true,1,0
1773240143000,64.0527740833333,-21.9741123333333,2.0,25.4,45.7,false,1,2.0
1773240149000,64.0527740833333,-21.9741123333333,6.0,0.0,0.0,true,1,0
1773240149000,64.0527740833333,-21.9741123333333,0.0,0.0,0.0,true,2,0
1773240152000,64.0530205333333,-21.973162,3.0,53.7,64.5,false,2,9.0
1773240152000,64.0530205333333,-21.973162,0.0,0.0,0.0,true,1,0
1773240156000,64.0531788833333,-21.9721035,4.0,54.4,49.0,false,1,4.0
1773240156000,64.0531788833333,-21.9721035,0.0,0.0,0.0,true,1,0
1773240163000,64.0532899666667,-21.9711401666667,7.0,48.5,24.9,false,1,7.0
1773240163000,64.0532899666667,-21.9711401666667,0.0,0.0,0.0,true,1,0
1773240165000,64.0532949,-21.9711105,2.0,1.5,2.8,false,1,2.0
1773240167000,64.0532949,-21.9711105,2.0,0.0,0.0,true,1,0
1773240167000,64.0532949,-21.9711105,0.0,0.0,0.0,true,2,0
1773240169000,64.0532949,-21.9711105,2.0,0.0,0.0,true,3,0
1773240169000,64.0532949,-21.9711105,0.0,0.0,0.0,true,4,0
1773240171000,64.0532927,-21.9711065,2.0,0.3,0.6,true,5,0
1773240174000,64.0532926666667,-21.9711063333333,3.0,0.0,0.0,true,6,0
1773240178000,64.0532926666667,-21.9711063333333,4.0,0.0,0.0,true,7,0
1773240178000,64.0532926666667,-21.9711063333333,0.0,0.0,0.0,true,8,0
1773240184000,64.0532926833333,-21.9711065,6.0,0.0,0.0,true,9,0
1773240184000,64.0532926833333,-21.9711065,0.0,0.0,0.0,true,10,0
1773240186000,64.0532926833333,-21.9711065,2.0,0.0,0.0,true,11,0
1773240186000,64.0532926833333,-21.9711065,0.0,0.0,0.0,true,12,0
1773240190000,64.0532927166667,-21.9711063333333,4.0,0.0,0.0,true,13,0
1773240190000,64.0532927166667,-21.9711063333333,0.0,0.0,0.0,true,14,0
1773240190000,64.0532927166667,-21.9711063333333,0.0,0.0,0.0,true,15,0
1773240195000,64.0533084833333,-21.9710455,5.0,3.4,2.5,false,15,30.0
1773240198000,64.0534120833333,-21.9705926666667,3.0,24.9,29.8,false,0,3.0
1773240198000,64.0534120833333,-21.9705926666667,0.0,0.0,0.0,true,1,0
1773240202000,64.0534594666667,-21.9702831666667,4.0,16.0,14.4,false,1,4.0
1773240204000,64.0534594666667,-21.9702831666667,2.0,0.0,0.0,true,1,0
1773240204000,64.0534594666667,-21.9702831666667,0.0,0.0,0.0,true,2,0
1773240208000,64.0534581666667,-21.9702185,4.0,3.1,2.8,false,2,6.0
1773240215000,64.0534574,-21.9696386666667,7.0,28.2,14.5,false,0,7.0
1773240215000,64.0534574,-21.9696386666667,0.0,0.0,0.0,true,1,0
1773240217000,64.0534574,-21.9696386666667,2.0,0.0,0.0,true,2,0
1773240219000,64.0536743,-21.9689053333333,2.0,43.1,77.5,false,2,4.0
1773240219000,64.0536743,-21.9689053333333,0.0,0.0,0.0,true,1,0
1773240224000,64.0538926,-21.967994,5.0,50.5,36.4,false,1,5.0
1773240226000,64.0538926,-21.967994,2.0,0.0,0.0,true,1,0
1773240226000,64.0538926,-21.967994,0.0,0.0,0.0,true,2,0
1773240230000,64.0541889166667,-21.9672885,4.0,47.6,42.8,false,2,6.0
1773240230000,64.0541889166667,-21.9672885,0.0,0.0,0.0,true,1,0
1773240233000,64.0543371166667,-21.9667778333333,3.0,29.8,35.8,false,1,3.0
1773240235000,64.0543371166667,-21.9667778333333,2.0,0.0,0.0,true,1,0
1773240235000,64.0543371166667,-21.9667778333333,0.0,0.0,0.0,true,2,0
1773240240000,64.0545184333333,-21.966373,5.0,28.2,20.3,false,2,7.0
1773240242000,64.0545184333333,-21.966373,2.0,0.0,0.0,true,1,0
1773240242000,64.0545184333333,-21.966373,0.0,0.0,0.0,true,2,0
1773240245000,64.0548775166667,-21.9659806666667,3.0,44.3,53.1,false,2,5.0
1773240248000,64.0553418333333,-21.9655593333333,3.0,55.5,66.7,false,0,3.0
1773240248000,64.0553418333333,-21.9655593333333,0.0,0.0,0.0,true,1,0
1773240253000,64.0553418333333,-21.9655593333333,5.0,0.0,0.0,true,2,0
1773240257000,64.0559922166667,-21.965386,4.0,72.8,65.5,false,2,9.0
1773240257000,64.0559922166667,-21.965386,0.0,0.0,0.0,true,1,0
1773240259000,64.0559922166667,-21.965386,2.0,0.0,0.0,true,2,0
1773240261000,64.0561985,-21.9654373333333,2.0,23.1,41.5,false,2,4.0
1773240261000,64.0561985,-21.9654373333333,0.0,0.0,0.0,true,1,0
1773240263000,64.0561985,-21.9654373333333,2.0,0.0,0.0,true,2,0
1773240267000,64.05650795,-21.9654613333333,4.0,34.4,31.0,false,2,6.0
1773240267000,64.05650795,-21.9654613333333,0.0,0.0,0.0,true,1,0
1773240270000,64.05650795,-21.9654613333333,3.0,0.0,0.0,true,2,0
1773240270000,64.05650795,-21.9654613333333,0.0,0.0,0.0,true,3,0
1773240272000,64.0570848333333,-21.9652975,2.0,64.6,116.4,false,3,5.0
1773240275000,64.0570848333333,-21.9652975,3.0,0.0,0.0,true,1,0
1773240275000,64.0570848333333,-21.9652975,0.0,0.0,0.0,true,2,0
1773240279000,64.05747465,-21.9651256666667,4.0,44.1,39.7,false,2,7.0
1773240283000,64.0580469833333,-21.9648358333333,4.0,65.2,58.7,false,0,4.0
1773240283000,64.0580469833333,-21.9648358333333,0.0,0.0,0.0,true,1,0
1773240285000,64.0580469833333,-21.9648358333333,2.0,0.0,0.0,true,2,0
1773240289000,64.0585784833333,-21.9645768333333,4.0,60.4,54.4,false,2,6.0
1773240289000,64.0585784833333,-21.9645768333333,0.0,0.0,0.0,true,1,0
1773240291000,64.0585784833333,-21.9645768333333,2.0,0.0,0.0,true,2,0
1773240294000,64.0591005666667,-21.9643215,3.0,59.4,71.2,false,2,5.0
1773240294000,64.0591005666667,-21.9643215,0.0,0.0,0.0,true,1,0
1773240298000,64.0595748833333,-21.964094,4.0,53.9,48.5,false,1,4.0
1773240298000,64.0595748833333,-21.964094,0.0,0.0,0.0,true,1,0
1773240300000,64.0595748833333,-21.964094,2.0,0.0,0.0,true,2,0
1773240304000,64.0599753166667,-21.9638918333333,4.0,45.6,41.0,false,2,6.0
1773240308000,64.0602588333333,-21.963646,4.0,33.7,30.3,false,0,4.0
1773240308000,64.0602588333333,-21.963646,0.0,0.0,0.0,true,1,0
1773240312000,64.0602588333333,-21.963646,4.0,0.0,0.0,true,2,0
1773240312000,64.0602588333333,-21.963646,0.0,0.0,0.0,true,3,0
1773240312000,64.0602588333333,-21.963646,0.0,0.0,0.0,true,4,0
1773240317000,64.0603665,-21.9629211666667,5.0,37.2,26.8,false,4,9.0
1773240317000,64.0603665,-21.9629211666667,0.0,0.0,0.0,true,1,0
1773240319000,64.0603665,-21.9629211666667,2.0,0.0,0.0,true,2,0
1773240323000,64.0604934,-21.9623236666667,4.0,32.3,29.1,false,2,6.0
1773240323000,64.0604934,-21.9623236666667,0.0,0.0,0.0,true,1,0
1773240325000,64.0604934,-21.9623236666667,2.0,0.0,0.0,true,2,0
1773240327000,64.0606395833333,-21.9617246666667,2.0,33.4,60.1,false,2,4.0
1773240327000,64.0606395833333,-21.9617246666667,0.0,0.0,0.0,true,1,0
1773240331000,64.0608842333333,-21.9608123333333,4.0,52.0,46.8,false,1,4.0
1773240336000,64.0608842333333,-21.9608123333333,5.0,0.0,0.0,true,1,0
1773240336000,64.0608842333333,-21.9608123333333,0.0,0.0,0.0,true,2,0
1773240338000,64.0610906,-21.9600701666667,2.0,42.8,77.0,false,2,7.0
1773240342000,64.0612536666667,-21.9596188333333,4.0,28.5,25.6,false,0,4.0
1773240342000,64.0612536666667,-21.9596188333333,0.0,0.0,0.0,true,1,0
1773240344000,64.0612536666667,-21.9596188333333,2.0,0.0,0.0,true,2,0
1773240344000,64.0612536666667,-21.9596188333333,0.0,0.0,0.0,true,3,0
1773240348000,64.0614398,-21.9589513333333,4.0,38.5,34.7,false,3,6.0
1773240350000,64.0614398,-21.9589513333333,2.0,0.0,0.0,true,1,0
1773240350000,64.0614398,-21.9589513333333,0.0,0.0,0.0,true,2,0
1773240354000,64.0616102333333,-21.9581535,4.0,43.2,38.9,false,2,6.0
1773240359000,64.0617812333333,-21.9574013333333,5.0,41.2,29.7,false,0,5.0
1773240362000,64.0619726833333,-21.9565996666667,3.0,44.4,53.3,false,0,3.0
1773240362000,64.0619726833333,-21.9565996666667,0.0,0.0,0.0,true,1,0
1773240367000,64.06208135,-21.9561511666667,5.0,24.9,18.0,false,1,5.0
1773240369000,64.06208135,-21.9561511666667,2.0,0.0,0.0,true,1,0
1773240369000,64.06208135,-21.9561511666667,0.0,0.0,0.0,true,2,0
1773240371000,64.0622526833333,-21.9555593333333,2.0,34.5,62.1,false,2,4.0
1773240374000,64.0622526833333,-21.9555593333333,3.0,0.0,0.0,true,1,0
1773240378000,64.0624616,-21.9548078333333,4.0,43.3,39.0,false,1,7.0
1773240378000,64.0624616,-21.9548078333333,0.0,0.0,0.0,true,1,0
1773240378000,64.0624616,-21.9548078333333,0.0,0.0,0.0,true,2,0
1773240382000,64.0626068666667,-21.9540761666667,4.0,39.1,35.2,false,2,4.0
1773240385000,64.0626068666667,-21.9540761666667,3.0,0.0,0.0,true,1,0
1773240385000,64.0626068666667,-21.9540761666667,0.0,0.0,0.0,true,2,0
1773240389000,64.06272055,-21.953399,4.0,35.3,31.7,false,2,7.0
1773240391000,64.06272055,-21.953399,2.0,0.0,0.0,true,1,0
1773240391000,64.06272055,-21.953399,0.0,0.0,0.0,true,2,0
1773240393000,64.0628283333333,-21.9528573333333,2.0,28.9,52.1,false,2,4.0
1773240396000,64.0628283333333,-21.9528573333333,3.0,0.0,0.0,true,1,0
1773240396000,64.0628283333333,-21.9528573333333,0.0,0.0,0.0,true,2,0
1773240398000,64.0629794833333,-21.9520876666667,2.0,41.0,73.9,false,2,5.0
1773240400000,64.0629794833333,-21.9520876666667,2.0,0.0,0.0,true,1,0
1773240406000,64.0630947666667,-21.9514173333333,6.0,35.0,21.0,false,1,8.0
1773240406000,64.0630947666667,-21.9514173333333,0.0,0.0,0.0,true,1,0
1773240406000,64.0630947666667,-21.9514173333333,0.0,0.0,0.0,true,2,0
1773240409000,64.0632612333333,-21.950657,3.0,41.4,49.6,false,2,3.0
1773240411000,64.0632612333333,-21.950657,2.0,0.0,0.0,true,1,0
1773240411000,64.0632612333333,-21.950657,0.0,0.0,0.0,true,2,0
1773240416000,64.0633986666667,-21.9501211666667,5.0,30.2,21.8,false,2,7.0
1773240418000,64.0635657333333,-21.949544,2.0,33.7,60.6,false,0,2.0
1773240418000,64.0635657333333,-21.949544,0.0,0.0,0.0,true,1,0
1773240418000,64.0635657333333,-21.949544,0.0,0.0,0.0,true,2,0
1773240425000,64.0638291333333,-21.9490501666667,7.0,37.9,19.5,false,2,7.0
1773240425000,64.0638291333333,-21.9490501666667,0.0,0.0,0.0,true,1,0
1773240429000,64.06408385,-21.9486253333333,4.0,35.1,31.6,false,1,4.0
1773240429000,64.06408385,-21.9486253333333,0.0,0.0,0.0,true,1,0
1773240429000,64.06408385,-21.9486253333333,0.0,0.0,0.0,true,2,0
1773240434000,64.0642524333333,-21.9483593333333,5.0,22.8,16.4,false,2,5.0
1773240434000,64.0642524333333,-21.9483593333333,0.0,0.0,0.0,true,1,0
1773240437000,64.0644756833333,-21.9479951666667,3.0,30.5,36.6,false,1,3.0
1773240439000,64.0644756833333,-21.9479951666667,2.0,0.0,0.0,true,1,0
1773240443000,64.0644726333333,-21.9480006666667,4.0,0.4,0.4,true,2,0
1773240443000,64.0644726333333,-21.9480006666667,0.0,0.0,0.0,true,3,0
1773240445000,64.0644726333333,-21.9480006666667,2.0,0.0,0.0,true,4,0
1773240449000,64.0644723833333,-21.948001,4.0,0.0,0.0,true,5,0
1773240449000,64.0644723833333,-21.948001,0.0,0.0,0.0,true,6,0
1773240454000,64.06447215,-21.9480015,5.0,0.0,0.0,true,7,0
1773240454000,64.06447215,-21.9480015,0.0,0.0,0.0,true,8,0
1773240456000,64.0645095,-21.9479486666667,2.0,4.9,8.8,false,8,19.0
1773240456000,64.0645095,-21.9479486666667,0.0,0.0,0.0,true,1,0
1773240458000,64.0645095,-21.9479486666667,2.0,0.0,0.0,true,2,0
1773240463000,64.0647206333333,-21.9476325,5.0,28.1,20.2,false,2,7.0
1773240463000,64.0647206333333,-21.9476325,0.0,0.0,0.0,true,1,0
1773240467000,64.0651001666667,-21.947027,4.0,51.5,46.3,false,1,4.0
1773240470000,64.0651001666667,-21.947027,3.0,0.0,0.0,true,1,0
1773240470000,64.0651001666667,-21.947027,0.0,0.0,0.0,true,2,0
1773240470000,64.0651001666667,-21.947027,0.0,0.0,0.0,true,3,0
1773240476000,64.0655736833333,-21.9460296666667,6.0,71.6,43.0,false,3,9.0
1773240476000,64.0655736833333,-21.9460296666667,0.0,0.0,0.0,true,1,0
1773240481000,64.0655736833333,-21.9460296666667,5.0,0.0,0.0,true,2,0
1773240481000,64.0655736833333,-21.9460296666667,0.0,0.0,0.0,true,3,0
1773240483000,64.0658402,-21.94536,2.0,44.0,79.3,false,3,7.0
1773240485000,64.0659714,-21.9450075,2.0,22.5,40.5,false,0,2.0
1773240489000,64.0660956833333,-21.9446923333333,4.0,20.6,18.6,false,0,4.0
1773240489000,64.0660956833333,-21.9446923333333,0.0,0.0,0.0,true,1,0
1773240489000,64.0660956833333,-21.9446923333333,0.0,0.0,0.0,true,2,0
1773240495000,64.0660946333333,-21.9446958333333,6.0,0.2,0.1,true,3,0
1773240498000,64.0660946333333,-21.9446958333333,3.0,0.0,0.0,true,4,0
1773240498000,64.0660946333333,-21.9446958333333,0.0,0.0,0.0,true,5,0
1773240502000,64.0660944833333,-21.944696,4.0,0.0,0.0,true,6,0
1773240504000,64.0660944833333,-21.944696,2.0,0.0,0.0,true,7,0
1773240504000,64.0660944833333,-21.944696,0.0,0.0,0.0,true,8,0
1773240507000,64.0661395166667,-21.9445948333333,3.0,7.0,8.4,false,8,18.0
1773240511000,64.0663729,-21.944025,4.0,38.0,34.2,false,0,4.0
1773240511000,64.0663729,-21.944025,0.0,0.0,0.0,true,1,0
1773240513000,64.0663729,-21.944025,2.0,0.0,0.0,true,2,0
1773240516000,64.0666363,-21.9433608333333,3.0,43.6,52.3,false,2,5.0
1773240516000,64.0666363,-21.9433608333333,0.0,0.0,0.0,true,1,0
1773240516000,64.0666363,-21.9433608333333,0.0,0.0,0.0,true,2,0
1773240522000,64.0667844833333,-21.9430671666667,6.0,21.8,13.1,false,2,6.0
1773240522000,64.0667844833333,-21.9430671666667,0.0,0.0,0.0,true,1,0
1773240525000,64.0668082166667,-21.9430063333333,3.0,4.0,4.8,false,1,3.0
1773240528000,64.0668082166667,-21.9430063333333,3.0,0.0,0.0,true,1,0
1773240528000,64.0668082166667,-21.9430063333333,0.0,0.0,0.0,true,2,0
1773240531000,64.0669518666667,-21.9427086666667,3.0,21.6,25.9,false,2,6.0
1773240531000,64.0669518666667,-21.9427086666667,0.0,0.0,0.0,true,1,0
1773240533000,64.0669518666667,-21.9427086666667,2.0,0.0,0.0,true,2,0
1773240536000,64.06707195,-21.9431663333333,3.0,26.0,31.1,false,2,5.0
1773240539000,64.06707195,-21.9431663333333,3.0,0.0,0.0,true,1,0
1773240539000,64.06707195,-21.9431663333333,0.0,0.0,0.0,true,2,0
1773240545000,64.0671060833333,-21.9441336666667,6.0,47.2,28.3,false,2,9.0
1773240548000,64.06717845,-21.9452928333333,3.0,56.9,68.3,false,0,3.0
1773240548000,64.06717845,-21.9452928333333,0.0,0.0,0.0,true,1,0
1773240552000,64.06726385,-21.9464811666667,4.0,58.6,52.7,false,1,4.0
1773240552000,64.06726385,-21.9464811666667,0.0,0.0,0.0,true,1,0
1773240552000,64.06726385,-21.9464811666667,0.0,0.0,0.0,true,2,0
1773240555000,64.06726385,-21.9464811666667,3.0,0.0,0.0,true,3,0
1773240555000,64.06726385,-21.9464811666667,0.0,0.0,0.0,true,4,0
1773240558000,64.0673427166667,-21.9482185,3.0,84.9,101.9,false,4,6.0
1773240561000,64.0673427166667,-21.9482185,3.0,0.0,0.0,true,1,0
1773240561000,64.0673427166667,-21.9482185,0.0,0.0,0.0,true,2,0
1773240565000,64.06724895,-21.9490895,4.0,43.6,39.3,false,2,7.0
1773240567000,64.06724895,-21.9490895,2.0,0.0,0.0,true,1,0
1773240567000,64.06724895,-21.9490895,0.0,0.0,0.0,true,2,0
1773240570000,64.0670771,-21.9502293333333,3.0,58.6,70.4,false,2,5.0
1773240570000,64.0670771,-21.9502293333333,0.0,0.0,0.0,true,1,0
1773240575000,64.0669416666667,-21.9511045,5.0,45.1,32.5,false,1,5.0
1773240575000,64.0669416666667,-21.9511045,0.0,0.0,0.0,true,1,0
1773240575000,64.0669416666667,-21.9511045,0.0,0.0,0.0,true,2,0
1773240582000,64.06682055,-21.9518938333333,7.0,40.7,20.9,false,2,7.0
1773240582000,64.06682055,-21.9518938333333,0.0,0.0,0.0,true,1,0
1773240582000,64.06682055,-21.9518938333333,0.0,0.0,0.0,true,2,0
1773240586000,64.06674775,-21.9526661666667,4.0,38.4,34.6,false,2,4.0
1773240591000,64.0667829833333,-21.95355,5.0,43.2,31.1,false,0,5.0
1773240593000,64.0667829833333,-21.95355,2.0,0.0,0.0,true,1,0
1773240593000,64.0667829833333,-21.95355,0.0,0.0,0.0,true,2,0
1773240595000,64.0668595166667,-21.9544285,2.0,43.6,78.4,false,2,4.0
1773240600000,64.0668577833333,-21.955064,5.0,30.9,22.3,false,0,5.0
1773240600000,64.0668577833333,-21.955064,0.0,0.0,0.0,true,1,0
1773240602000,64.0668577833333,-21.955064,2.0,0.0,0.0,true,2,0
1773240602000,64.0668577833333,-21.955064,0.0,0.0,0.0,true,3,0
1773240606000,64.0667400333333,-21.9556721666667,4.0,32.3,29.1,false,3,6.0
1773240606000,64.0667400333333,-21.9556721666667,0.0,0.0,0.0,true,1,0
1773240609000,64.0667400333333,-21.9556721666667,3.0,0.0,0.0,true,2,0
1773240611000,64.0666953333333,-21.95585,2.0,10.0,18.0,false,2,5.0
1773240611000,64.0666953333333,-21.95585,0.0,0.0,0.0,true,1,0
1773240617000,64.06669135,-21.955889,6.0,1.9,1.2,false,1,6.0
1773240617000,64.06669135,-21.955889,0.0,0.0,0.0,true,1,0
1773240621000,64.06669135,-21.955889,4.0,0.0,0.0,true,2,0
1773240623000,64.0667536166667,-21.9563673333333,2.0,24.3,43.7,false,2,6.0
1773240623000,64.0667536166667,-21.9563673333333,0.0,0.0,0.0,true,1,0
1773240626000,64.0669110666667,-21.9565855,3.0,20.5,24.6,false,1,3.0
1773240629000,64.0671526,-21.9569358333333,3.0,31.8,38.2,false,0,3.0
1773240629000,64.0671526,-21.9569358333333,0.0,0.0,0.0,true,1,0
1773240634000,64.0673785333333,-21.9572683333333,5.0,29.9,21.5,false,1,5.0
1773240637000,64.0673785333333,-21.9572683333333,3.0,0.0,0.0,true,1,0
1773240637000,64.0673785333333,-21.9572683333333,0.0,0.0,0.0,true,2,0
1773240639000,64.0673785333333,-21.9572683333333,2.0,0.0,0.0,true,3,0
1773240639000,64.0673785333333,-21.9572683333333,0.0,0.0,0.0,true,4,0
1773240645000,64.0676426,-21.9572035,6.0,29.5,17.7,false,4,11.0
1773240647000,64.06780065,-21.9573301666667,2.0,18.6,33.5,false,0,2.0
1773240649000,64.06785255,-21.9574095,2.0,6.9,12.5,false,0,2.0
1773240649000,64.06785255,-21.9574095,0.0,0.0,0.0,true,1,0
1773240652000,64.06785255,-21.9574095,3.0,0.0,0.0,true,2,0
1773240652000,64.06785255,-21.9574095,0.0,0.0,0.0,true,3,0
1773240657000,64.0678542,-21.9574065,5.0,0.2,0.2,true,4,0
1773240657000,64.0678542,-21.9574065,0.0,0.0,0.0,true,5,0
1773240657000,64.0678542,-21.9574065,0.0,0.0,0.0,true,6,0
1773240664000,64.0678542,-21.9574065,7.0,0.0,0.0,true,7,0
1773240664000,64.0678542,-21.9574065,0.0,0.0,0.0,true,8,0
1773240664000,64.0678542,-21.9574065,0.0,0.0,0.0,true,9,0
1773240667000,64.0678542,-21.9574065,3.0,0.0,0.0,true,10,0
1773240667000,64.0678542,-21.9574065,0.0,0.0,0.0,true,11,0
1773240667000,64.0678542,-21.9574065,0.0,0.0,0.0,true,12,0
1773240673000,64.0678542,-21.9574065,6.0,0.0,0.0,true,13,0
1773240673000,64.0678542,-21.9574065,0.0,0.0,0.0,true,14,0
1773240673000,64.0678542,-21.9574065,0.0,0.0,0.0,true,15,0
1773240678000,64.0678542,-21.9574065,5.0,0.0,0.0,true,16,0
1773240684000,64.0678542,-21.9574065,6.0,0.0,0.0,true,17,0
1773240684000,64.0678542,-21.9574065,0.0,0.0,0.0,true,18,0
1773240684000,64.0678542,-21.9574065,0.0,0.0,0.0,true,19,0
1773240684000,64.0678542,-21.9574065,0.0,0.0,0.0,true,20,0
1773240684000,64.0678542,-21.9574065,0.0,0.0,0.0,true,21,0
1773240684000,64.0678542,-21.9574065,0.0,0.0,0.0,true,22,0
1773240694000,64.0678542,-21.9574065,10.0,0.0,0.0,true,23,0
1773240694000,64.0678542,-21.9574065,0.0,0.0,0.0,true,24,0
1773240694000,64.0678542,-21.9574065,0.0,0.0,0.0,true,25,0
1773240694000,64.0678542,-21.9574065,0.0,0.0,0.0,true,26,0
1773240694000,64.0678542,-21.9574065,0.0,0.0,0.0,true,27,0
1773240703000,64.0678542,-21.9574065,9.0,0.0,0.0,true,28,0
1773240703000,64.0678542,-21.9574065,0.0,0.0,0.0,true,29,0
1773240706000,64.0678542,-21.9574065,3.0,0.0,0.0,true,30,0
1773240710000,64.0678542,-21.9574065,4.0,0.0,0.0,true,31,0
1773240712000,64.0678542,-21.9574065,2.0,0.0,0.0,true,32,0
1773240715000,64.0678542,-21.9574065,3.0,0.0,0.0,true,33,0
1773240717000,64.0678542,-21.9574065,2.0,0.0,0.0,true,34,0
1773240717000,64.0678542,-21.9574065,0.0,0.0,0.0,true,35,0
1773240719000,64.0678542,-21.9574065,2.0,0.0,0.0,true,36,0
1773240722000,64.0678542,-21.9574065,3.0,0.0,0.0,true,37,0
1773240722000,64.0678542,-21.9574065,0.0,0.0,0.0,true,38,0
1773240724000,64.0678542,-21.9574065,2.0,0.0,0.0,true,39,0
1773240728000,64.0678542,-21.9574065,4.0,0.0,0.0,true,40,0
1773240728000,64.0678542,-21.9574065,0.0,0.0,0.0,true,41,0
1773240732000,64.0678651166667,-21.9574248333333,4.0,1.5,1.4,false,41,83.0
1773240734000,64.0678651166667,-21.9574248333333,2.0,0.0,0.0,true,1,0
1773240734000,64.0678651166667,-21.9574248333333,0.0,0.0,0.0,true,2,0
1773240734000,64.0678651166667,-21.9574248333333,0.0,0.0,0.0,true,3,0
1773240739000,64.0678651166667,-21.9574248333333,5.0,0.0,0.0,true,4,0
1773240743000,64.06788355,-21.9574758333333,4.0,3.2,2.9,false,4,11.0
1773240743000,64.06788355,-21.9574758333333,0.0,0.0,0.0,true,1,0
1773240745000,64.06788355,-21.9574758333333,2.0,0.0,0.0,true,2,0
1773240748000,64.0679129,-21.9578825,3.0,20.0,24.1,false,2,5.0
1773240750000,64.0679129,-21.9578825,2.0,0.0,0.0,true,1,0
1773240750000,64.0679129,-21.9578825,0.0,0.0,0.0,true,2,0
1773240754000,64.0680981333333,-21.9583325,4.0,30.1,27.0,false,2,6.0
1773240754000,64.0680981333333,-21.9583325,0.0,0.0,0.0,true,1,0
1773240759000,64.0684102,-21.9588061666667,5.0,41.6,30.0,false,1,5.0
1773240759000,64.0684102,-21.9588061666667,0.0,0.0,0.0,true,1,0
1773240759000,64.0684102,-21.9588061666667,0.0,0.0,0.0,true,2,0
1773240764000,64.0687431333333,-21.9592046666667,5.0,41.8,30.1,false,2,5.0
1773240766000,64.0687431333333,-21.9592046666667,2.0,0.0,0.0,true,1,0
1773240770000,64.0691947333333,-21.959205,4.0,50.2,45.2,false,1,6.0
1773240770000,64.0691947333333,-21.959205,0.0,0.0,0.0,true,1,0
1773240772000,64.06940665,-21.9589521666667,2.0,26.6,47.8,false,1,2.0
1773240775000,64.06940665,-21.9589521666667,3.0,0.0,0.0,true,1,0
1773240775000,64.06940665,-21.9589521666667,0.0,0.0,0.0,true,2,0
1773240777000,64.0695694666667,-21.958549,2.0,26.7,48.0,false,2,5.0
1773240777000,64.0695694666667,-21.958549,0.0,0.0,0.0,true,1,0
1773240784000,64.0698527833333,-21.9584938333333,7.0,31.6,16.3,false,1,7.0
1773240784000,64.0698527833333,-21.9584938333333,0.0,0.0,0.0,true,1,0
1773240786000,64.0701974,-21.9581626666667,2.0,41.6,74.8,false,1,2.0
1773240786000,64.0701974,-21.9581626666667,0.0,0.0,0.0,true,1,0
1773240786000,64.0701974,-21.9581626666667,0.0,0.0,0.0,true,2,0
1773240790000,64.0701974,-21.9581626666667,4.0,0.0,0.0,true,3,0
1773240793000,64.07056805,-21.9577143333333,3.0,46.6,55.9,false,3,7.0
1773240796000,64.07056805,-21.9577143333333,3.0,0.0,0.0,true,1,0
1773240796000,64.07056805,-21.9577143333333,0.0,0.0,0.0,true,2,0
1773240801000,64.0708960166667,-21.9570935,5.0,47.3,34.1,false,2,8.0
1773240801000,64.0708960166667,-21.9570935,0.0,0.0,0.0,true,1,0
1773240805000,64.0711482833333,-21.9563728333333,4.0,44.9,40.4,false,1,4.0
1773240805000,64.0711482833333,-21.9563728333333,0.0,0.0,0.0,true,1,0
1773240808000,64.0714283333333,-21.955688,3.0,45.6,54.7,false,1,3.0
1773240811000,64.0714283333333,-21.955688,3.0,0.0,0.0,true,1,0
1773240811000,64.0714283333333,-21.955688,0.0,0.0,0.0,true,2,0
1773240814000,64.07174465,-21.9551351666667,3.0,44.3,53.1,false,2,6.0
1773240814000,64.07174465,-21.9551351666667,0.0,0.0,0.0,true,1,0
1773240814000,64.07174465,-21.9551351666667,0.0,0.0,0.0,true,2,0
1773240820000,64.0720669333333,-21.9545545,6.0,45.6,27.4,false,2,6.0
1773240823000,64.0720669333333,-21.9545545,3.0,0.0,0.0,true,1,0
1773240823000,64.0720669333333,-21.9545545,0.0,0.0,0.0,true,2,0
1773240825000,64.0720642833333,-21.9545573333333,2.0,0.3,0.6,true,3,0
1773240829000,64.0720642833333,-21.9545573333333,4.0,0.0,0.0,true,4,0
1773240829000,64.0720642833333,-21.9545573333333,0.0,0.0,0.0,true,5,0
1773240831000,64.0720642833333,-21.9545573333333,2.0,0.0,0.0,true,6,0
1773240834000,64.0720642833333,-21.9545573333333,3.0,0.0,0.0,true,7,0
1773240834000,64.0720642833333,-21.9545573333333,0.0,0.0,0.0,true,8,0
1773240840000,64.0720642833333,-21.9545573333333,6.0,0.0,0.0,true,9,0
1773240840000,64.0720642833333,-21.9545573333333,0.0,0.0,0.0,true,10,0
1773240840000,64.0720642833333,-21.9545573333333,0.0,0.0,0.0,true,11,0
1773240843000,64.0720642833333,-21.9545573333333,3.0,0.0,0.0,true,12,0
1773240843000,64.0720642833333,-21.9545573333333,0.0,0.0,0.0,true,13,0
1773240849000,64.07213865,-21.9544491666667,6.0,9.8,5.9,false,13,29.0
1773240851000,64.0724008,-21.9540473333333,2.0,35.1,63.2,false,0,2.0
1773240851000,64.0724008,-21.9540473333333,0.0,0.0,0.0,true,1,0
1773240855000,64.0724008,-21.9540473333333,4.0,0.0,0.0,true,2,0
1773240855000,64.0724008,-21.9540473333333,0.0,0.0,0.0,true,3,0
1773240855000,64.0724008,-21.9540473333333,0.0,0.0,0.0,true,4,0
1773240858000,64.0727798833333,-21.9535653333333,3.0,48.2,57.9,false,4,7.0
1773240858000,64.0727798833333,-21.9535653333333,0.0,0.0,0.0,true,1,0
1773240863000,64.0730655166667,-21.9533233333333,5.0,33.9,24.4,false,1,5.0
1773240866000,64.0730655166667,-21.9533233333333,3.0,0.0,0.0,true,1,0
1773240866000,64.0730655166667,-21.9533233333333,0.0,0.0,0.0,true,2,0
1773240870000,64.0731625666667,-21.9530488333333,4.0,17.2,15.4,false,2,7.0
1773240873000,64.0733166666667,-21.9530515,3.0,17.1,20.6,false,0,3.0
1773240873000,64.0733166666667,-21.9530515,0.0,0.0,0.0,true,1,0
1773240875000,64.0733166666667,-21.9530515,2.0,0.0,0.0,true,2,0
1773240875000,64.0733166666667,-21.9530515,0.0,0.0,0.0,true,3,0
1773240881000,64.0735361666667,-21.953095,6.0,24.5,14.7,false,3,8.0
1773240881000,64.0735361666667,-21.953095,0.0,0.0,0.0,true,1,0
1773240886000,64.07389125,-21.9529173333333,5.0,40.4,29.1,false,1,5.0
1773240886000,64.07389125,-21.9529173333333,0.0,0.0,0.0,true,1,0
1773240886000,64.07389125,-21.9529173333333,0.0,0.0,0.0,true,2,0
1773240892000,64.0747188833333,-21.9522761666667,6.0,97.2,58.3,false,2,6.0
1773240894000,64.0747188833333,-21.9522761666667,2.0,0.0,0.0,true,1,0
1773240894000,64.0747188833333,-21.9522761666667,0.0,0.0,0.0,true,2,0
1773240898000,64.0751203833333,-21.9520078333333,4.0,46.5,41.9,false,2,6.0
1773240900000,64.0751203833333,-21.9520078333333,2.0,0.0,0.0,true,1,0
1773240900000,64.0751203833333,-21.9520078333333,0.0,0.0,0.0,true,2,0
1773240900000,64.0751203833333,-21.9520078333333,0.0,0.0,0.0,true,3,0
1773240902000,64.0752566,-21.9519206666667,2.0,15.7,28.3,false,3,4.0
1773240905000,64.0752566,-21.9519206666667,3.0,0.0,0.0,true,1,0
1773240908000,64.0752565333333,-21.9519178333333,3.0,0.1,0.2,true,2,0
1773240908000,64.0752565333333,-21.9519178333333,0.0,0.0,0.0,true,3,0
1773240915000,64.0752568166667,-21.9519178333333,7.0,0.0,0.0,true,4,0
1773240915000,64.0752568166667,-21.9519178333333,0.0,0.0,0.0,true,5,0
1773240917000,64.0752568166667,-21.9519178333333,2.0,0.0,0.0,true,6,0
1773240917000,64.0752568166667,-21.9519178333333,0.0,0.0,0.0,true,7,0
1773240920000,64.0752568166667,-21.9519178333333,3.0,0.0,0.0,true,8,0
1773240920000,64.0752568166667,-21.9519178333333,0.0,0.0,0.0,true,9,0
1773240926000,64.0752568166667,-21.9519178333333,6.0,0.0,0.0,true,10,0
1773240928000,64.0752890666667,-21.9518973333333,2.0,3.7,6.7,false,10,26.0
1773240928000,64.0752890666667,-21.9518973333333,0.0,0.0,0.0,true,1,0
1773240930000,64.0752890666667,-21.9518973333333,2.0,0.0,0.0,true,2,0
1773240934000,64.07552685,-21.9517203333333,4.0,27.8,25.0,false,2,6.0
1773240934000,64.07552685,-21.9517203333333,0.0,0.0,0.0,true,1,0
1773240938000,64.07570345,-21.9515655,4.0,21.0,18.9,false,1,4.0
1773240938000,64.07570345,-21.9515655,0.0,0.0,0.0,true,1,0
1773240938000,64.07570345,-21.9515655,0.0,0.0,0.0,true,2,0
1773240941000,64.0757510666667,-21.9515015,3.0,6.1,7.4,false,2,3.0
1773240943000,64.0757510666667,-21.9515015,2.0,0.0,0.0,true,1,0
1773240949000,64.0757990333333,-21.951445,6.0,6.0,3.6,false,1,8.0
1773240949000,64.0757990333333,-21.951445,0.0,0.0,0.0,true,1,0
1773240949000,64.0757990333333,-21.951445,0.0,0.0,0.0,true,2,0
1773240958000,64.0758996333333,-21.9513701666667,9.0,11.8,4.7,false,2,9.0
1773240958000,64.0758996333333,-21.9513701666667,0.0,0.0,0.0,true,1,0
1773240960000,64.0758996333333,-21.9513701666667,2.0,0.0,0.0,true,2,0
1773240963000,64.0758996,-21.9513701666667,3.0,0.0,0.0,true,3,0
1773240963000,64.0758996,-21.9513701666667,0.0,0.0,0.0,true,4,0
1773240963000,64.0758996,-21.9513701666667,0.0,0.0,0.0,true,5,0
1773240967000,64.0758995833333,-21.9513703333333,4.0,0.0,0.0,true,6,0
1773240967000,64.0758995833333,-21.9513703333333,0.0,0.0,0.0,true,7,0
1773240969000,64.0758995833333,-21.9513703333333,2.0,0.0,0.0,true,8,0
1773240975000,64.0758996,-21.9513705,6.0,0.0,0.0,true,9,0
1773240975000,64.0758996,-21.9513705,0.0,0.0,0.0,true,10,0
1773240978000,64.0758996833333,-21.9513705,3.0,0.0,0.0,true,11,0
1773240978000,64.0758996833333,-21.9513705,0.0,0.0,0.0,true,12,0
1773240984000,64.07589975,-21.9513706666667,6.0,0.0,0.0,true,13,0
1773240984000,64.07589975,-21.9513706666667,0.0,0.0,0.0,true,14,0
1773240987000,64.0759189166667,-21.9513691666667,3.0,2.1,2.6,false,14,29.0
1773240987000,64.0759189166667,-21.9513691666667,0.0,0.0,0.0,true,1,0
1773240990000,64.0759678,-21.951385,3.0,5.5,6.6,false,1,3.0
1773240990000,64.0759678,-21.951385,0.0,0.0,0.0,true,1,0
1773240993000,64.0759678,-21.951385,3.0,0.0,0.0,true,2,0
1773240995000,64.076202,-21.9512888333333,2.0,26.5,47.6,false,2,5.0
1773240999000,64.076202,-21.9512888333333,4.0,0.0,0.0,true,1,0
1773240999000,64.076202,-21.9512888333333,0.0,0.0,0.0,true,2,0
1773241002000,64.07666465,-21.9509801666667,3.0,53.6,64.3,false,2,7.0
1773241004000,64.07666465,-21.9509801666667,2.0,0.0,0.0,true,1,0
1773241004000,64.07666465,-21.9509801666667,0.0,0.0,0.0,true,2,0
1773241010000,64.0770631,-21.9507278333333,6.0,46.0,27.6,false,2,8.0
1773241010000,64.0770631,-21.9507278333333,0.0,0.0,0.0,true,1,0
1773241013000,64.0774704,-21.9504636666667,3.0,47.1,56.5,false,1,3.0
1773241015000,64.0774704,-21.9504636666667,2.0,0.0,0.0,true,1,0
1773241015000,64.0774704,-21.9504636666667,0.0,0.0,0.0,true,2,0
1773241017000,64.0779213333333,-21.9501685,2.0,52.2,93.9,false,2,4.0
1773241017000,64.0779213333333,-21.9501685,0.0,0.0,0.0,true,1,0
1773241019000,64.0779213333333,-21.9501685,2.0,0.0,0.0,true,2,0
1773241022000,64.0783917666667,-21.9498598333333,3.0,54.4,65.3,false,2,5.0
1773241022000,64.0783917666667,-21.9498598333333,0.0,0.0,0.0,true,1,0
1773241030000,64.0788822,-21.9495483333333,8.0,56.6,25.5,false,1,8.0
1773241030000,64.0788822,-21.9495483333333,0.0,0.0,0.0,true,1,0
1773241033000,64.0793832333333,-21.9492321666667,3.0,57.8,69.4,false,1,3.0
1773241033000,64.0793832333333,-21.9492321666667,0.0,0.0,0.0,true,1,0
1773241037000,64.0795976666667,-21.9490755,4.0,25.0,22.5,false,1,4.0
1773241037000,64.0795976666667,-21.9490755,0.0,0.0,0.0,true,1,0
1773241039000,64.07975565,-21.9488823333333,2.0,19.9,35.9,false,1,2.0
1773241043000,64.07975565,-21.9488823333333,4.0,0.0,0.0,true,1,0
1773241045000,64.07975055,-21.9488903333333,2.0,0.7,1.2,false,1,6.0
1773241045000,64.07975055,-21.9488903333333,0.0,0.0,0.0,true,1,0
1773241045000,64.07975055,-21.9488903333333,0.0,0.0,0.0,true,2,0
1773241051000,64.0797477666667,-21.9488945,6.0,0.4,0.2,true,3,0
1773241053000,64.0797477666667,-21.9488945,2.0,0.0,0.0,true,4,0
1773241053000,64.0797477666667,-21.9488945,0.0,0.0,0.0,true,5,0
1773241053000,64.0797477666667,-21.9488945,0.0,0.0,0.0,true,6,0
1773241058000,64.0797478166667,-21.9488936666667,5.0,0.0,0.0,true,7,0
1773241060000,64.0797479833333,-21.9488933333333,2.0,0.0,0.0,true,8,0
1773241060000,64.0797479833333,-21.9488933333333,0.0,0.0,0.0,true,9,0
1773241064000,64.0797479833333,-21.9488933333333,4.0,0.0,0.0,true,10,0
1773241064000,64.0797479833333,-21.9488933333333,0.0,0.0,0.0,true,11,0
1773241064000,64.0797479833333,-21.9488933333333,0.0,0.0,0.0,true,12,0
1773241071000,64.0797617166667,-21.94889,7.0,1.5,0.8,false,12,26.0
1773241071000,64.0797617166667,-21.94889,0.0,0.0,0.0,true,1,0
1773241073000,64.0797617166667,-21.94889,2.0,0.0,0.0,true,2,0
1773241077000,64.0798170333333,-21.9489006666667,4.0,6.2,5.6,false,2,6.0
1773241079000,64.0798170333333,-21.9489006666667,2.0,0.0,0.0,true,1,0
1773241079000,64.0798170333333,-21.9489006666667,0.0,0.0,0.0,true,2,0
1773241083000,64.0800595,-21.948791,4.0,27.5,24.7,false,2,6.0
1773241083000,64.0800595,-21.948791,0.0,0.0,0.0,true,1,0
1773241083000,64.0800595,-21.948791,0.0,0.0,0.0,true,2,0
1773241089000,64.0806768833333,-21.9483955,6.0,71.3,42.8,false,2,6.0
1773241089000,64.0806768833333,-21.9483955,0.0,0.0,0.0,true,1,0
1773241089000,64.0806768833333,-21.9483955,0.0,0.0,0.0,true,2,0
1773241094000,64.0811961,-21.948058,5.0,60.0,43.2,false,2,5.0
1773241094000,64.0811961,-21.948058,0.0,0.0,0.0,true,1,0
1773241100000,64.0817343833333,-21.9476845,6.0,62.5,37.5,false,1,6.0
1773241100000,64.0817343833333,-21.9476845,0.0,0.0,0.0,true,1,0
1773241100000,64.0817343833333,-21.9476845,0.0,0.0,0.0,true,2,0
1773241103000,64.0822443333333,-21.9471806666667,3.0,61.8,74.1,false,2,3.0
1773241106000,64.0822443333333,-21.9471806666667,3.0,0.0,0.0,true,1,0
1773241106000,64.0822443333333,-21.9471806666667,0.0,0.0,0.0,true,2,0
1773241109000,64.0827318166667,-21.9464446666667,3.0,64.9,77.9,false,2,6.0
1773241112000,64.0827318166667,-21.9464446666667,3.0,0.0,0.0,true,1,0
1773241112000,64.0827318166667,-21.9464446666667,0.0,0.0,0.0,true,2,0
1773241118000,64.0832603333333,-21.9453191666667,6.0,80.3,48.2,false,2,9.0
1773241120000,64.08368235,-21.9441473333333,2.0,73.8,132.8,false,0,2.0
1773241120000,64.08368235,-21.9441473333333,0.0,0.0,0.0,true,1,0
1773241123000,64.08368235,-21.9441473333333,3.0,0.0,0.0,true,2,0
1773241123000,64.08368235,-21.9441473333333,0.0,0.0,0.0,true,3,0
1773241123000,64.08368235,-21.9441473333333,0.0,0.0,0.0,true,4,0
1773241127000,64.0841792166667,-21.9427318333333,4.0,88.2,79.4,false,4,7.0
1773241129000,64.084597,-21.9415483333333,2.0,73.9,133.1,false,0,2.0
1773241129000,64.084597,-21.9415483333333,0.0,0.0,0.0,true,1,0
1773241133000,64.084597,-21.9415483333333,4.0,0.0,0.0,true,2,0
1773241135000,64.08503285,-21.9403565,2.0,75.5,135.9,false,2,6.0
1773241135000,64.08503285,-21.9403565,0.0,0.0,0.0,true,1,0
1773241141000,64.0855173166667,-21.9392105,6.0,77.5,46.5,false,1,6.0
1773241141000,64.0855173166667,-21.9392105,0.0,0.0,0.0,true,1,0
1773241145000,64.0860288833333,-21.938271,4.0,72.9,65.6,false,1,4.0
1773241145000,64.0860288833333,-21.938271,0.0,0.0,0.0,true,1,0
1773241145000,64.0860288833333,-21.938271,0.0,0.0,0.0,true,2,0
1773241149000,64.0862299,-21.9379438333333,4.0,27.4,24.7,false,2,4.0
1773241152000,64.0867399833333,-21.93714,3.0,68.9,82.6,false,0,3.0
1773241152000,64.0867399833333,-21.93714,0.0,0.0,0.0,true,1,0
1773241156000,64.0867399833333,-21.93714,4.0,0.0,0.0,true,2,0
1773241158000,64.0873887333333,-21.9361071666667,2.0,87.9,158.2,false,2,6.0
1773241160000,64.0873887333333,-21.9361071666667,2.0,0.0,0.0,true,1,0
1773241164000,64.0879438,-21.9352136666667,4.0,75.5,67.9,false,1,6.0
1773241164000,64.0879438,-21.9352136666667,0.0,0.0,0.0,true,1,0
1773241166000,64.0879438,-21.9352136666667,2.0,0.0,0.0,true,2,0
1773241169000,64.08834875,-21.9344921666667,3.0,57.1,68.5,false,2,5.0
1773241169000,64.08834875,-21.9344921666667,0.0,0.0,0.0,true,1,0
1773241171000,64.0884245,-21.9343415,2.0,11.2,20.1,false,1,2.0
1773241175000,64.0884245,-21.9343415,4.0,0.0,0.0,true,1,0
1773241175000,64.0884245,-21.9343415,0.0,0.0,0.0,true,2,0
1773241178000,64.0884254666667,-21.9343531666667,3.0,0.6,0.7,false,2,7.0
1773241180000,64.0884254666667,-21.9343531666667,2.0,0.0,0.0,true,1,0
1773241180000,64.0884254666667,-21.9343531666667,0.0,0.0,0.0,true,2,0
1773241180000,64.0884254666667,-21.9343531666667,0.0,0.0,0.0,true,3,0
1773241189000,64.0884254666667,-21.9343531666667,9.0,0.0,0.0,true,4,0
1773241189000,64.0884254666667,-21.9343531666667,0.0,0.0,0.0,true,5,0
1773241191000,64.0884254666667,-21.9343531666667,2.0,0.0,0.0,true,6,0
1773241191000,64.0884254666667,-21.9343531666667,0.0,0.0,0.0,true,7,0
1773241191000,64.0884254666667,-21.9343531666667,0.0,0.0,0.0,true,8,0
1773241195000,64.0884417333333,-21.93432,4.0,2.4,2.2,false,8,17.0
1773241200000,64.0884417333333,-21.93432,5.0,0.0,0.0,true,1,0
1773241200000,64.0884417333333,-21.93432,0.0,0.0,0.0,true,2,0
1773241202000,64.0886482166667,-21.9338868333333,2.0,31.1,56.1,false,2,7.0
1773241202000,64.0886482166667,-21.9338868333333,0.0,0.0,0.0,true,1,0
1773241206000,64.0889992,-21.9330718333333,4.0,55.6,50.0,false,1,4.0
1773241211000,64.0893699,-21.932092,5.0,63.0,45.3,false,0,5.0
1773241211000,64.0893699,-21.932092,0.0,0.0,0.0,true,1,0
1773241211000,64.0893699,-21.932092,0.0,0.0,0.0,true,2,0
1773241213000,64.0893699,-21.932092,2.0,0.0,0.0,true,3,0
1773241216000,64.0897263166667,-21.9310891666667,3.0,62.8,75.4,false,3,5.0
1773241216000,64.0897263166667,-21.9310891666667,0.0,0.0,0.0,true,1,0
1773241221000,64.0900585166667,-21.9301783333333,5.0,57.6,41.5,false,1,5.0
1773241221000,64.0900585166667,-21.9301783333333,0.0,0.0,0.0,true,1,0
1773241221000,64.0900585166667,-21.9301783333333,0.0,0.0,0.0,true,2,0
1773241226000,64.0902182833333,-21.9297335,5.0,28.0,20.1,false,2,5.0
1773241230000,64.0903221,-21.9293993333333,4.0,19.9,17.9,false,0,4.0
1773241230000,64.0903221,-21.9293993333333,0.0,0.0,0.0,true,1,0
1773241234000,64.0903197666667,-21.929403,4.0,0.3,0.3,true,2,0
1773241234000,64.0903197666667,-21.929403,0.0,0.0,0.0,true,3,0
1773241237000,64.0903197666667,-21.929403,3.0,0.0,0.0,true,4,0
1773241237000,64.0903197666667,-21.929403,0.0,0.0,0.0,true,5,0
1773241237000,64.0903197666667,-21.929403,0.0,0.0,0.0,true,6,0
1773241243000,64.0903197666667,-21.929403,6.0,0.0,0.0,true,7,0
1773241243000,64.0903197666667,-21.929403,0.0,0.0,0.0,true,8,0
1773241243000,64.0903197666667,-21.929403,0.0,0.0,0.0,true,9,0
1773241249000,64.0903197666667,-21.929403,6.0,0.0,0.0,true,10,0
1773241249000,64.0903197666667,-21.929403,0.0,0.0,0.0,true,11,0
1773241249000,64.0903197666667,-21.929403,0.0,0.0,0.0,true,12,0
1773241252000,64.0903197666667,-21.929403,3.0,0.0,0.0,true,13,0
1773241256000,64.0903197666667,-21.929403,4.0,0.0,0.0,true,14,0
1773241256000,64.0903197666667,-21.929403,0.0,0.0,0.0,true,15,0
1773241261000,64.0903358666667,-21.9293603333333,5.0,2.7,2.0,false,15,31.0
1773241266000,64.0904636166667,-21.9290115,5.0,22.1,15.9,false,0,5.0
1773241270000,64.09057185,-21.928672,4.0,20.4,18.4,false,0,4.0
1773241270000,64.09057185,-21.928672,0.0,0.0,0.0,true,1,0
1773241272000,64.09057185,-21.928672,2.0,0.0,0.0,true,2,0
1773241275000,64.09057025,-21.928665,3.0,0.4,0.5,true,3,0
1773241275000,64.09057025,-21.928665,0.0,0.0,0.0,true,4,0
1773241279000,64.09057025,-21.928665,4.0,0.0,0.0,true,5,0
1773241285000,64.0906001833333,-21.9285916666667,6.0,4.9,2.9,false,5,15.0
1773241285000,64.0906001833333,-21.9285916666667,0.0,0.0,0.0,true,1,0
1773241287000,64.0906001833333,-21.9285916666667,2.0,0.0,0.0,true,2,0
1773241292000,64.09076805,-21.9281095,5.0,30.0,21.6,false,2,7.0
1773241292000,64.09076805,-21.9281095,0.0,0.0,0.0,true,1,0
1773241297000,64.0911217166667,-21.9273276666667,5.0,54.7,39.4,false,1,5.0
1773241297000,64.0911217166667,-21.9273276666667,0.0,0.0,0.0,true,1,0
1773241302000,64.0915869833333,-21.9265233333333,5.0,64.8,46.7,false,1,5.0
1773241302000,64.0915869833333,-21.9265233333333,0.0,0.0,0.0,true,1,0
1773241307000,64.0921380666667,-21.9258121666667,5.0,70.3,50.7,false,1,5.0
1773241307000,64.0921380666667,-21.9258121666667,0.0,0.0,0.0,true,1,0
1773241307000,64.0921380666667,-21.9258121666667,0.0,0.0,0.0,true,2,0
1773241307000,64.0921380666667,-21.9258121666667,0.0,0.0,0.0,true,3,0
1773241312000,64.0927527166667,-21.9251271666667,5.0,76.0,54.7,false,3,5.0
1773241319000,64.0934035166667,-21.9244173333333,7.0,80.2,41.2,false,0,7.0
1773241319000,64.0934035166667,-21.9244173333333,0.0,0.0,0.0,true,1,0
1773241322000,64.0940836666667,-21.9236766666667,3.0,83.8,100.5,false,1,3.0
1773241324000,64.0940836666667,-21.9236766666667,2.0,0.0,0.0,true,1,0
1773241326000,64.0940836666667,-21.9236766666667,2.0,0.0,0.0,true,2,0
1773241326000,64.0940836666667,-21.9236766666667,0.0,0.0,0.0,true,3,0
1773241328000,64.0951966,-21.9224598333333,2.0,137.1,246.9,false,3,6.0
1773241333000,64.0951966,-21.9224598333333,5.0,0.0,0.0,true,1,0
1773241333000,64.0951966,-21.9224598333333,0.0,0.0,0.0,true,2,0
1773241333000,64.0951966,-21.9224598333333,0.0,0.0,0.0,true,3,0
1773241333000,64.0951966,-21.9224598333333,0.0,0.0,0.0,true,4,0
1773241339000,64.0967945833333,-21.920705,6.0,197.1,118.2,false,4,11.0
1773241346000,64.09741585,-21.9199313333333,7.0,78.6,40.4,false,0,7.0
1773241346000,64.09741585,-21.9199313333333,0.0,0.0,0.0,true,1,0
1773241348000,64.0979211,-21.9191001666667,2.0,69.2,124.5,false,1,2.0
1773241352000,64.0979211,-21.9191001666667,4.0,0.0,0.0,true,1,0
1773241352000,64.0979211,-21.9191001666667,0.0,0.0,0.0,true,2,0
1773241354000,64.0983081833333,-21.9182448333333,2.0,59.8,107.7,false,2,6.0
1773241357000,64.0983081833333,-21.9182448333333,3.0,0.0,0.0,true,1,0
1773241357000,64.0983081833333,-21.9182448333333,0.0,0.0,0.0,true,2,0
1773241359000,64.0985904166667,-21.917483,2.0,48.5,87.3,false,2,5.0
1773241363000,64.0987988,-21.91687,4.0,37.7,34.0,false,0,4.0
1773241363000,64.0987988,-21.91687,0.0,0.0,0.0,true,1,0
1773241365000,64.0987988,-21.91687,2.0,0.0,0.0,true,2,0
1773241369000,64.0989764333333,-21.9163506666667,4.0,32.0,28.8,false,2,6.0
1773241369000,64.0989764333333,-21.9163506666667,0.0,0.0,0.0,true,1,0
1773241374000,64.09908255,-21.9160418333333,5.0,19.1,13.7,false,1,5.0
1773241376000,64.09908255,-21.9160418333333,2.0,0.0,0.0,true,1,0
1773241376000,64.09908255,-21.9160418333333,0.0,0.0,0.0,true,2,0
1773241380000,64.0992469333333,-21.9154796666667,4.0,32.9,29.6,false,2,6.0
1773241380000,64.0992469333333,-21.9154796666667,0.0,0.0,0.0,true,1,0
1773241385000,64.09935105,-21.9151566666667,5.0,19.5,14.0,false,1,5.0
1773241385000,64.09935105,-21.9151566666667,0.0,0.0,0.0,true,1,0
1773241385000,64.09935105,-21.9151566666667,0.0,0.0,0.0,true,2,0
1773241387000,64.09935105,-21.9151566666667,2.0,0.0,0.0,true,3,0
1773241389000,64.0993511833333,-21.9151521666667,2.0,0.2,0.4,true,4,0
1773241389000,64.0993511833333,-21.9151521666667,0.0,0.0,0.0,true,5,0
1773241395000,64.0993511666667,-21.915152,6.0,0.0,0.0,true,6,0
1773241395000,64.0993511666667,-21.915152,0.0,0.0,0.0,true,7,0
1773241398000,64.0993511666667,-21.915152,3.0,0.0,0.0,true,8,0
1773241400000,64.0993938333333,-21.9150921666667,2.0,5.6,10.0,false,8,15.0
1773241404000,64.09951975,-21.9148861666667,4.0,17.2,15.5,false,0,4.0
1773241404000,64.09951975,-21.9148861666667,0.0,0.0,0.0,true,1,0
1773241406000,64.09951975,-21.9148861666667,2.0,0.0,0.0,true,2,0
1773241406000,64.09951975,-21.9148861666667,0.0,0.0,0.0,true,3,0
1773241408000,64.09951975,-21.9148861666667,2.0,0.0,0.0,true,4,0
1773241411000,64.09964885,-21.914482,3.0,24.3,29.2,false,4,7.0
1773241415000,64.0999260333333,-21.9136683333333,4.0,50.1,45.1,false,0,4.0
1773241415000,64.0999260333333,-21.9136683333333,0.0,0.0,0.0,true,1,0
1773241421000,64.1002609666667,-21.912688,6.0,60.4,36.3,false,1,6.0
1773241421000,64.1002609666667,-21.912688,0.0,0.0,0.0,true,1,0
1773241423000,64.1002609666667,-21.912688,2.0,0.0,0.0,true,2,0
1773241425000,64.1002609666667,-21.912688,2.0,0.0,0.0,true,3,0
1773241425000,64.1002609666667,-21.912688,0.0,0.0,0.0,true,4,0
1773241428000,64.1007463666667,-21.9112751666667,3.0,87.3,104.8,false,4,7.0
1773241432000,64.1011454666667,-21.9099551666667,4.0,78.0,70.2,false,0,4.0
1773241432000,64.1011454666667,-21.9099551666667,0.0,0.0,0.0,true,1,0
1773241435000,64.1011454666667,-21.9099551666667,3.0,0.0,0.0,true,2,0
1773241435000,64.1011454666667,-21.9099551666667,0.0,0.0,0.0,true,3,0
1773241440000,64.1015161833333,-21.9085338333333,5.0,80.4,57.9,false,3,8.0
1773241442000,64.1019075666667,-21.9070923333333,2.0,82.4,148.4,false,0,2.0
1773241445000,64.1019075666667,-21.9070923333333,3.0,0.0,0.0,true,1,0
1773241447000,64.10239775,-21.905757,2.0,84.7,152.5,false,1,5.0
1773241447000,64.10239775,-21.905757,0.0,0.0,0.0,true,1,0
1773241451000,64.10239775,-21.905757,4.0,0.0,0.0,true,2,0
1773241453000,64.1029984333333,-21.9046846666667,2.0,84.7,152.5,false,2,6.0
1773241453000,64.1029984333333,-21.9046846666667,0.0,0.0,0.0,true,1,0
1773241457000,64.10365945,-21.903925,4.0,82.2,74.0,false,1,4.0
1773241459000,64.10365945,-21.903925,2.0,0.0,0.0,true,1,0
1773241459000,64.10365945,-21.903925,0.0,0.0,0.0,true,2,0
1773241462000,64.1043698166667,-21.9035006666667,3.0,81.6,98.0,false,2,5.0
1773241465000,64.1043698166667,-21.9035006666667,3.0,0.0,0.0,true,1,0
1773241465000,64.1043698166667,-21.9035006666667,0.0,0.0,0.0,true,2,0
1773241470000,64.1051333333333,-21.9033908333333,5.0,85.1,61.2,false,2,8.0
1773241472000,64.1058023,-21.9035805,2.0,75.0,134.9,false,0,2.0
1773241472000,64.1058023,-21.9035805,0.0,0.0,0.0,true,1,0
1773241474000,64.10605445,-21.9036751666667,2.0,28.4,51.1,false,1,2.0
1773241474000,64.10605445,-21.9036751666667,0.0,0.0,0.0,true,1,0
1773241480000,64.1061923,-21.9037965,6.0,16.4,9.9,false,1,6.0
1773241480000,64.1061923,-21.9037965,0.0,0.0,0.0,true,1,0
1773241480000,64.1061923,-21.9037965,0.0,0.0,0.0,true,2,0
1773241486000,64.1061864,-21.9038045,6.0,0.8,0.5,false,2,6.0
1773241486000,64.1061864,-21.9038045,0.0,0.0,0.0,true,1,0
1773241486000,64.1061864,-21.9038045,0.0,0.0,0.0,true,2,0
1773241492000,64.1062127166667,-21.9038353333333,6.0,3.3,2.0,false,2,6.0
1773241492000,64.1062127166667,-21.9038353333333,0.0,0.0,0.0,true,1,0
1773241492000,64.1062127166667,-21.9038353333333,0.0,0.0,0.0,true,2,0
1773241498000,64.10642315,-21.904074,6.0,26.1,15.7,false,2,6.0
1773241498000,64.10642315,-21.904074,0.0,0.0,0.0,true,1,0
1773241501000,64.10642315,-21.904074,3.0,0.0,0.0,true,2,0
1773241503000,64.1068435166667,-21.9044565,2.0,50.3,90.5,false,2,5.0
1773241505000,64.1068435166667,-21.9044565,2.0,0.0,0.0,true,1,0
1773241505000,64.1068435166667,-21.9044565,0.0,0.0,0.0,true,2,0
1773241509000,64.1072628666667,-21.9048563333333,4.0,50.5,45.5,false,2,6.0
1773241509000,64.1072628666667,-21.9048563333333,0.0,0.0,0.0,true,1,0
1773241511000,64.1072628666667,-21.9048563333333,2.0,0.0,0.0,true,2,0
1773241514000,64.10773725,-21.9052938333333,3.0,56.9,68.2,false,2,5.0
1773241518000,64.10825815,-21.9057616666667,4.0,62.2,56.0,false,0,4.0
1773241518000,64.10825815,-21.9057616666667,0.0,0.0,0.0,true,1,0
1773241524000,64.1088305,-21.90626,6.0,68.1,40.9,false,1,6.0
1773241524000,64.1088305,-21.90626,0.0,0.0,0.0,true,1,0
1773241524000,64.1088305,-21.90626,0.0,0.0,0.0,true,2,0
1773241526000,64.1088305,-21.90626,2.0,0.0,0.0,true,3,0
1773241529000,64.1093933,-21.9067483333333,3.0,66.9,80.3,false,3,5.0
1773241531000,64.1093933,-21.9067483333333,2.0,0.0,0.0,true,1,0
1773241535000,64.1099315333333,-21.9071403333333,4.0,62.8,56.5,false,1,6.0
1773241535000,64.1099315333333,-21.9071403333333,0.0,0.0,0.0,true,1,0
1773241535000,64.1099315333333,-21.9071403333333,0.0,0.0,0.0,true,2,0
1773241539000,64.1103644166667,-21.9072671666667,4.0,48.5,43.7,false,2,4.0
1773241539000,64.1103644166667,-21.9072671666667,0.0,0.0,0.0,true,1,0
1773241541000,64.1103644166667,-21.9072671666667,2.0,0.0,0.0,true,2,0
1773241546000,64.1105440833333,-21.9071711666667,5.0,20.5,14.8,false,2,7.0
1773241546000,64.1105440833333,-21.9071711666667,0.0,0.0,0.0,true,1,0
1773241548000,64.1105429666667,-21.907167,2.0,0.2,0.4,true,2,0
1773241552000,64.1105635333333,-21.9071246666667,4.0,3.1,2.8,false,2,6.0
1773241552000,64.1105635333333,-21.9071246666667,0.0,0.0,0.0,true,1,0
1773241556000,64.1105635333333,-21.9071246666667,4.0,0.0,0.0,true,2,0
1773241559000,64.1106890333333,-21.9068436666667,3.0,19.5,23.4,false,2,7.0
1773241559000,64.1106890333333,-21.9068436666667,0.0,0.0,0.0,true,1,0
1773241563000,64.1108618333333,-21.9072656666667,4.0,28.1,25.3,false,1,4.0
1773241567000,64.1108618333333,-21.9072656666667,4.0,0.0,0.0,true,1,0
1773241567000,64.1108618333333,-21.9072656666667,0.0,0.0,0.0,true,2,0
1773241569000,64.1108618333333,-21.9072656666667,2.0,0.0,0.0,true,3,0
1773241571000,64.1110736833333,-21.9072563333333,2.0,23.6,42.4,false,3,8.0
1773241574000,64.1110736833333,-21.9072563333333,3.0,0.0,0.0,true,1,0
1773241574000,64.1110736833333,-21.9072563333333,0.0,0.0,0.0,true,2,0
1773241578000,64.1110852333333,-21.9072686666667,4.0,1.4,1.3,false,2,7.0
1773241580000,64.1110852333333,-21.9072686666667,2.0,0.0,0.0,true,1,0
1773241584000,64.1110854166667,-21.9072605,4.0,0.4,0.4,true,2,0
1773241584000,64.1110854166667,-21.9072605,0.0,0.0,0.0,true,3,0
1773241588000,64.1110877166667,-21.9072375,4.0,1.1,1.0,false,3,10.0
1773241588000,64.1110877166667,-21.9072375,0.0,0.0,0.0,true,1,0
1773241592000,64.1110883666667,-21.9072123333333,4.0,1.2,1.1,false,1,4.0
1773241594000,64.1110883666667,-21.9072123333333,2.0,0.0,0.0,true,1,0
1773241594000,64.1110883666667,-21.9072123333333,0.0,0.0,0.0,true,2,0
1773241596000,64.1110883666667,-21.9072123333333,2.0,0.0,0.0,true,3,0
1773241599000,64.1110890833333,-21.9071946666667,3.0,0.9,1.0,false,3,7.0
1773241601000,64.1110890833333,-21.9071946666667,2.0,0.0,0.0,true,1,0
1773241601000,64.1110890833333,-21.9071946666667,0.0,0.0,0.0,true,2,0
1773241604000,64.1110895166667,-21.9071818333333,3.0,0.6,0.7,false,2,5.0
1773241606000,64.1110895166667,-21.9071818333333,2.0,0.0,0.0,true,1,0
1773241606000,64.1110895166667,-21.9071818333333,0.0,0.0,0.0,true,2,0
1773241610000,64.1110887,-21.907162,4.0,1.0,0.9,false,2,6.0
1773241614000,64.1110868333333,-21.9071365,4.0,1.3,1.1,false,0,4.0
1773241614000,64.1110868333333,-21.9071365,0.0,0.0,0.0,true,1,0
1773241616000,64.1110868333333,-21.9071365,2.0,0.0,0.0,true,2,0
1773241619000,64.1110862666667,-21.9071025,3.0,1.7,2.0,false,2,5.0
1773241619000,64.1110862666667,-21.9071025,0.0,0.0,0.0,true,1,0
1773241624000,64.1110888166667,-21.9070756666667,5.0,1.3,1.0,false,1,5.0
1773241624000,64.1110888166667,-21.9070756666667,0.0,0.0,0.0,true,1,0
1773241628000,64.11116105,-21.9069628333333,4.0,9.7,8.8,false,1,4.0
1773241630000,64.1112102833333,-21.906906,2.0,6.1,11.0,false,0,2.0
1773241630000,64.1112102833333,-21.906906,0.0,0.0,0.0,true,1,0
1773241632000,64.1112102833333,-21.906906,2.0,0.0,0.0,true,2,0
1773241635000,64.111483,-21.9068803333333,3.0,30.4,36.4,false,2,5.0
1773241635000,64.111483,-21.9068803333333,0.0,0.0,0.0,true,1,0
1773241637000,64.111483,-21.9068803333333,2.0,0.0,0.0,true,2,0
1773241641000,64.1119624166667,-21.9065715,4.0,55.4,49.8,false,2,6.0
1773241641000,64.1119624166667,-21.9065715,0.0,0.0,0.0,true,1,0
1773241645000,64.1125528833333,-21.9062375,4.0,67.6,60.9,false,1,4.0
1773241647000,64.1125528833333,-21.9062375,2.0,0.0,0.0,true,1,0
1773241647000,64.1125528833333,-21.9062375,0.0,0.0,0.0,true,2,0
1773241652000,64.1130196,-21.9053953333333,5.0,66.1,47.6,false,2,7.0
1773241652000,64.1130196,-21.9053953333333,0.0,0.0,0.0,true,1,0
1773241654000,64.1130196,-21.9053953333333,2.0,0.0,0.0,true,2,0
1773241658000,64.1135560333333,-21.903945,4.0,92.3,83.1,false,2,6.0
1773241660000,64.1135560333333,-21.903945,2.0,0.0,0.0,true,1,0
1773241660000,64.1135560333333,-21.903945,0.0,0.0,0.0,true,2,0
1773241664000,64.11398955,-21.902582,4.0,81.9,73.7,false,2,6.0
1773241666000,64.11398955,-21.902582,2.0,0.0,0.0,true,1,0
1773241668000,64.1143973333333,-21.9013206666667,2.0,76.2,137.1,false,1,4.0
1773241668000,64.1143973333333,-21.9013206666667,0.0,0.0,0.0,true,1,0
1773241670000,64.1143973333333,-21.9013206666667,2.0,0.0,0.0,true,2,0
1773241670000,64.1143973333333,-21.9013206666667,0.0,0.0,0.0,true,3,0
1773241678000,64.1153962666667,-21.89907,8.0,155.8,70.1,false,3,10.0
1773241678000,64.1153962666667,-21.89907,0.0,0.0,0.0,true,1,0
1773241678000,64.1153962666667,-21.89907,0.0,0.0,0.0,true,2,0
1773241678000,64.1153962666667,-21.89907,0.0,0.0,0.0,true,3,0
1773241682000,64.1160157,-21.8983661666667,4.0,76.9,69.2,false,3,4.0
1773241684000,64.1160157,-21.8983661666667,2.0,0.0,0.0,true,1,0
1773241687000,64.1167101,-21.8979508333333,3.0,79.8,95.8,false,1,5.0
1773241687000,64.1167101,-21.8979508333333,0.0,0.0,0.0,true,1,0
1773241691000,64.1174243166667,-21.897854,4.0,79.6,71.6,false,1,4.0
1773241693000,64.1174243166667,-21.897854,2.0,0.0,0.0,true,1,0
1773241693000,64.1174243166667,-21.897854,0.0,0.0,0.0,true,2,0
1773241697000,64.1174243166667,-21.897854,4.0,0.0,0.0,true,3,0
1773241699000,64.1184367833333,-21.8979901666667,2.0,112.8,203.0,false,3,8.0
1773241703000,64.1184367833333,-21.8979901666667,4.0,0.0,0.0,true,1,0
1773241703000,64.1184367833333,-21.8979901666667,0.0,0.0,0.0,true,2,0
1773241705000,64.1190796333333,-21.8980998333333,2.0,71.7,129.0,false,2,6.0
1773241705000,64.1190796333333,-21.8980998333333,0.0,0.0,0.0,true,1,0
1773241709000,64.1190796333333,-21.8980998333333,4.0,0.0,0.0,true,2,0
1773241709000,64.1190796333333,-21.8980998333333,0.0,0.0,0.0,true,3,0
1773241713000,64.1196369166667,-21.8981621666667,4.0,62.0,55.8,false,3,8.0
1773241717000,64.1196909,-21.8981783333333,4.0,6.1,5.4,false,0,4.0
1773241717000,64.1196909,-21.8981783333333,0.0,0.0,0.0,true,1,0
1773241719000,64.1196858166667,-21.8981763333333,2.0,0.6,1.0,false,1,2.0
1773241723000,64.1196858166667,-21.8981763333333,4.0,0.0,0.0,true,1,0
1773241723000,64.1196858166667,-21.8981763333333,0.0,0.0,0.0,true,2,0
1773241727000,64.1196858,-21.8981765,4.0,0.0,0.0,true,3,0
1773241729000,64.1196856333333,-21.8981765,2.0,0.0,0.0,true,4,0
1773241733000,64.1197296833333,-21.8981878333333,4.0,4.9,4.4,false,4,14.0
1773241733000,64.1197296833333,-21.8981878333333,0.0,0.0,0.0,true,1,0
1773241733000,64.1197296833333,-21.8981878333333,0.0,0.0,0.0,true,2,0
1773241738000,64.11997995,-21.898247,5.0,28.0,20.1,false,2,5.0
1773241738000,64.11997995,-21.898247,0.0,0.0,0.0,true,1,0
1773241738000,64.11997995,-21.898247,0.0,0.0,0.0,true,2,0
1773241744000,64.1203963666667,-21.8983808333333,6.0,46.8,28.1,false,2,6.0
1773241744000,64.1203963666667,-21.8983808333333,0.0,0.0,0.0,true,1,0
1773241747000,64.1203963666667,-21.8983808333333,3.0,0.0,0.0,true,2,0
1773241747000,64.1203963666667,-21.8983808333333,0.0,0.0,0.0,true,3,0
1773241751000,64.1210301166667,-21.8984908333333,4.0,70.7,63.6,false,3,7.0
1773241753000,64.12161295,-21.898598,2.0,65.0,117.0,false,0,2.0
1773241753000,64.12161295,-21.898598,0.0,0.0,0.0,true,1,0
1773241757000,64.12161295,-21.898598,4.0,0.0,0.0,true,2,0
1773241759000,64.1222299666667,-21.898729,2.0,68.9,124.0,false,2,6.0
1773241762000,64.1222299666667,-21.898729,3.0,0.0,0.0,true,1,0
1773241762000,64.1222299666667,-21.898729,0.0,0.0,0.0,true,2,0
1773241768000,64.1236005833333,-21.8989975,6.0,153.0,91.8,false,2,9.0
1773241768000,64.1236005833333,-21.8989975,0.0,0.0,0.0,true,1,0
1773241768000,64.1236005833333,-21.8989975,0.0,0.0,0.0,true,2,0
1773241772000,64.1236005833333,-21.8989975,4.0,0.0,0.0,true,3,0
1773241772000,64.1236005833333,-21.8989975,0.0,0.0,0.0,true,4,0
1773241774000,64.1243002166667,-21.8991403333333,2.0,78.1,140.6,false,4,6.0
1773241779000,64.12499835,-21.8992925,5.0,78.0,56.1,false,0,5.0
1773241779000,64.12499835,-21.8992925,0.0,0.0,0.0,true,1,0
1773241779000,64.12499835,-21.8992925,0.0,0.0,0.0,true,2,0
1773241782000,64.12499835,-21.8992925,3.0,0.0,0.0,true,3,0
1773241782000,64.12499835,-21.8992925,0.0,0.0,0.0,true,4,0
1773241786000,64.1257059166667,-21.8994041666667,4.0,78.9,71.0,false,4,7.0
1773241786000,64.1257059166667,-21.8994041666667,0.0,0.0,0.0,true,1,0
1773241788000,64.1264279833333,-21.8995153333333,2.0,80.5,144.8,false,1,2.0
1773241792000,64.1264279833333,-21.8995153333333,4.0,0.0,0.0,true,1,0
1773241794000,64.127169,-21.899647,2.0,82.6,148.8,false,1,6.0
1773241796000,64.127169,-21.899647,2.0,0.0,0.0,true,1,0
1773241800000,64.1278012333333,-21.8997743333333,4.0,70.6,63.5,false,1,6.0
1773241800000,64.1278012333333,-21.8997743333333,0.0,0.0,0.0,true,1,0
1773241800000,64.1278012333333,-21.8997743333333,0.0,0.0,0.0,true,2,0
1773241806000,64.1281768,-21.899841,6.0,41.9,25.1,false,2,6.0
1773241808000,64.1283165833333,-21.8999023333333,2.0,15.8,28.5,false,0,2.0
1773241808000,64.1283165833333,-21.8999023333333,0.0,0.0,0.0,true,1,0
1773241810000,64.1283165833333,-21.8999023333333,2.0,0.0,0.0,true,2,0
1773241810000,64.1283165833333,-21.8999023333333,0.0,0.0,0.0,true,3,0
1773241815000,64.1283095666667,-21.8999098333333,5.0,0.9,0.6,false,3,7.0
1773241815000,64.1283095666667,-21.8999098333333,0.0,0.0,0.0,true,1,0
1773241815000,64.1283095666667,-21.8999098333333,0.0,0.0,0.0,true,2,0
1773241820000,64.1283095333333,-21.8999101666667,5.0,0.0,0.0,true,3,0
1773241824000,64.1283095333333,-21.8999101666667,4.0,0.0,0.0,true,4,0
1773241824000,64.1283095333333,-21.8999101666667,0.0,0.0,0.0,true,5,0
1773241827000,64.1283287,-21.8999125,3.0,2.1,2.6,false,5,12.0
1773241827000,64.1283287,-21.8999125,0.0,0.0,0.0,true,1,0
1773241831000,64.1283287,-21.8999125,4.0,0.0,0.0,true,2,0
1773241833000,64.1286224666667,-21.8999485,2.0,32.7,58.9,false,2,6.0
1773241835000,64.1286224666667,-21.8999485,2.0,0.0,0.0,true,1,0
1773241838000,64.1289787,-21.8999708333333,3.0,39.6,47.6,false,1,5.0
1773241838000,64.1289787,-21.8999708333333,0.0,0.0,0.0,true,1,0
1773241842000,64.1289787,-21.8999708333333,4.0,0.0,0.0,true,2,0
1773241842000,64.1289787,-21.8999708333333,0.0,0.0,0.0,true,3,0
1773241844000,64.1294180666667,-21.8999348333333,2.0,48.9,88.0,false,3,6.0
1773241848000,64.1294180666667,-21.8999348333333,4.0,0.0,0.0,true,1,0
1773241848000,64.1294180666667,-21.8999348333333,0.0,0.0,0.0,true,2,0
1773241848000,64.1294180666667,-21.8999348333333,0.0,0.0,0.0,true,3,0
1773241851000,64.1296497,-21.8998478333333,3.0,26.1,31.3,false,3,7.0
1773241855000,64.1296487333333,-21.89984,4.0,0.4,0.4,true,1,0
1773241857000,64.1296487333333,-21.89984,2.0,0.0,0.0,true,2,0
1773241857000,64.1296487333333,-21.89984,0.0,0.0,0.0,true,3,0
1773241863000,64.1296485833333,-21.89984,6.0,0.0,0.0,true,4,0
1773241863000,64.1296485833333,-21.89984,0.0,0.0,0.0,true,5,0
1773241865000,64.1296485,-21.8998398333333,2.0,0.0,0.0,true,6,0
1773241865000,64.1296485,-21.8998398333333,0.0,0.0,0.0,true,7,0
1773241867000,64.1296485,-21.8998398333333,2.0,0.0,0.0,true,8,0
1773241867000,64.1296485,-21.8998398333333,0.0,0.0,0.0,true,9,0
1773241873000,64.12967175,-21.8998368333333,6.0,2.6,1.6,false,9,22.0
1773241873000,64.12967175,-21.8998368333333,0.0,0.0,0.0,true,1,0
1773241876000,64.1299214666667,-21.8998856666667,3.0,27.9,33.4,false,1,3.0
1773241876000,64.1299214666667,-21.8998856666667,0.0,0.0,0.0,true,1,0
1773241880000,64.1304079333333,-21.8998253333333,4.0,54.2,48.8,false,1,4.0
1773241882000,64.1304079333333,-21.8998253333333,2.0,0.0,0.0,true,1,0
1773241885000,64.13054205,-21.8997683333333,3.0,15.2,18.2,false,1,5.0
1773241887000,64.13054205,-21.8997683333333,2.0,0.0,0.0,true,1,0
1773241887000,64.13054205,-21.8997683333333,0.0,0.0,0.0,true,2,0
1773241891000,64.1305460166667,-21.899771,4.0,0.5,0.4,true,3,0
1773241893000,64.1305460166667,-21.899771,2.0,0.0,0.0,true,4,0
1773241895000,64.1305459333333,-21.8997711666667,2.0,0.0,0.0,true,5,0
1773241895000,64.1305459333333,-21.8997711666667,0.0,0.0,0.0,true,6,0
1773241899000,64.1305459333333,-21.8997711666667,4.0,0.0,0.0,true,7,0
1773241901000,64.130546,-21.8997715,2.0,0.0,0.0,true,8,0
1773241905000,64.1305459333333,-21.8997716666667,4.0,0.0,0.0,true,9,0
1773241905000,64.1305459333333,-21.8997716666667,0.0,0.0,0.0,true,10,0
1773241907000,64.1305459333333,-21.8997716666667,2.0,0.0,0.0,true,11,0
1773241907000,64.1305459333333,-21.8997716666667,0.0,0.0,0.0,true,12,0
1773241910000,64.1305457666667,-21.8997711666667,3.0,0.0,0.0,true,13,0
1773241913000,64.1305457666667,-21.8997711666667,3.0,0.0,0.0,true,14,0
1773241916000,64.13054575,-21.8997711666667,3.0,0.0,0.0,true,15,0
1773241918000,64.13054575,-21.8997711666667,2.0,0.0,0.0,true,16,0
1773241918000,64.13054575,-21.8997711666667,0.0,0.0,0.0,true,17,0
1773241921000,64.1305458166667,-21.8997713333333,3.0,0.0,0.0,true,18,0
1773241921000,64.1305458166667,-21.8997713333333,0.0,0.0,0.0,true,19,0
1773241925000,64.1305737666667,-21.899761,4.0,3.1,2.8,false,19,40.0
1773241931000,64.1308445833333,-21.8996361666667,6.0,30.7,18.4,false,0,6.0
1773241935000,64.13132295,-21.8993716666667,4.0,54.7,49.2,false,0,4.0
1773241935000,64.13132295,-21.8993716666667,0.0,0.0,0.0,true,1,0
1773241941000,64.1318717,-21.8990001666667,6.0,63.6,38.2,false,1,6.0
1773241943000,64.1323962833333,-21.898606,2.0,61.4,110.5,false,0,2.0
1773241943000,64.1323962833333,-21.898606,0.0,0.0,0.0,true,1,0
1773241946000,64.1323962833333,-21.898606,3.0,0.0,0.0,true,2,0
1773241948000,64.1327426666667,-21.898316,2.0,41.0,73.8,false,2,5.0
1773241948000,64.1327426666667,-21.898316,0.0,0.0,0.0,true,1,0
1773241950000,64.1327426666667,-21.898316,2.0,0.0,0.0,true,2,0
1773241955000,64.1328507666667,-21.8982265,5.0,12.8,9.2,false,2,7.0
1773241955000,64.1328507666667,-21.8982265,0.0,0.0,0.0,true,1,0
1773241958000,64.1328573666667,-21.898216,3.0,0.9,1.1,false,1,3.0
1773241960000,64.1328573666667,-21.898216,2.0,0.0,0.0,true,1,0
1773241960000,64.1328573666667,-21.898216,0.0,0.0,0.0,true,2,0
1773241964000,64.1328577333333,-21.8982163333333,4.0,0.0,0.0,true,3,0
1773241964000,64.1328577333333,-21.8982163333333,0.0,0.0,0.0,true,4,0
1773241968000,64.1328577666667,-21.8982166666667,4.0,0.0,0.0,true,5,0
1773241968000,64.1328577666667,-21.8982166666667,0.0,0.0,0.0,true,6,0
1773241968000,64.1328577666667,-21.8982166666667,0.0,0.0,0.0,true,7,0
1773241974000,64.1328578,-21.8982166666667,6.0,0.0,0.0,true,8,0
1773241974000,64.1328578,-21.8982166666667,0.0,0.0,0.0,true,9,0
1773241974000,64.1328578,-21.8982166666667,0.0,0.0,0.0,true,10,0
1773241977000,64.1328578,-21.8982166666667,3.0,0.0,0.0,true,11,0
1773241981000,64.1328823833333,-21.8981948333333,4.0,2.9,2.6,false,11,23.0
1773241981000,64.1328823833333,-21.8981948333333,0.0,0.0,0.0,true,1,0
1773241987000,64.1331056,-21.8981265,6.0,25.0,15.0,false,1,6.0
1773241987000,64.1331056,-21.8981265,0.0,0.0,0.0,true,1,0
1773241987000,64.1331056,-21.8981265,0.0,0.0,0.0,true,2,0
1773241992000,64.1333310833333,-21.8987085,5.0,37.8,27.2,false,2,5.0
1773241992000,64.1333310833333,-21.8987085,0.0,0.0,0.0,true,1,0
1773241994000,64.1335305666667,-21.900041,2.0,68.3,123.0,false,1,2.0
1773241999000,64.1335305666667,-21.900041,5.0,0.0,0.0,true,1,0
1773241999000,64.1335305666667,-21.900041,0.0,0.0,0.0,true,2,0
1773241999000,64.1335305666667,-21.900041,0.0,0.0,0.0,true,3,0
1773242002000,64.13372745,-21.901371,3.0,68.1,81.8,false,3,8.0
1773242006000,64.1339213666667,-21.9027266666667,4.0,69.2,62.3,false,0,4.0
1773242009000,64.1340490333333,-21.9035545,3.0,42.6,51.1,false,0,3.0
1773242009000,64.1340490333333,-21.9035545,0.0,0.0,0.0,true,1,0
1773242009000,64.1340490333333,-21.9035545,0.0,0.0,0.0,true,2,0
1773242015000,64.1341150166667,-21.9039946666667,6.0,22.6,13.5,false,2,6.0
1773242015000,64.1341150166667,-21.9039946666667,0.0,0.0,0.0,true,1,0
1773242018000,64.1341150166667,-21.9039946666667,3.0,0.0,0.0,true,2,0
1773242022000,64.1341128333333,-21.9039438333333,4.0,2.5,2.2,false,2,7.0
1773242024000,64.1341143833333,-21.9039398333333,2.0,0.3,0.5,true,1,0
1773242026000,64.1341222833333,-21.9039993333333,2.0,3.0,5.4,false,1,4.0
1773242026000,64.1341222833333,-21.9039993333333,0.0,0.0,0.0,true,1,0
1773242028000,64.1341222833333,-21.9039993333333,2.0,0.0,0.0,true,2,0
1773242032000,64.1342016,-21.9045713333333,4.0,29.1,26.2,false,2,6.0
1773242032000,64.1342016,-21.9045713333333,0.0,0.0,0.0,true,1,0
1773242034000,64.1342016,-21.9045713333333,2.0,0.0,0.0,true,2,0
1773242037000,64.1342016,-21.9045713333333,3.0,0.0,0.0,true,3,0
1773242037000,64.1342016,-21.9045713333333,0.0,0.0,0.0,true,4,0
1773242041000,64.1343820666667,-21.9059078333333,4.0,67.9,61.1,false,4,9.0
1773242041000,64.1343820666667,-21.9059078333333,0.0,0.0,0.0,true,1,0
1773242046000,64.13458205,-21.9073311666667,5.0,72.5,52.2,false,1,5.0
1773242048000,64.1347473333333,-21.9083941666667,2.0,54.7,98.5,false,0,2.0
1773242048000,64.1347473333333,-21.9083941666667,0.0,0.0,0.0,true,1,0
1773242052000,64.1347473333333,-21.9083941666667,4.0,0.0,0.0,true,2,0
1773242052000,64.1347473333333,-21.9083941666667,0.0,0.0,0.0,true,3,0
1773242052000,64.1347473333333,-21.9083941666667,0.0,0.0,0.0,true,4,0
1773242056000,64.1348962833333,-21.9093626666667,4.0,49.8,44.8,false,4,8.0
1773242059000,64.1350304833333,-21.9101766666667,3.0,42.2,50.7,false,0,3.0
1773242059000,64.1350304833333,-21.9101766666667,0.0,0.0,0.0,true,1,0
1773242063000,64.1352082333333,-21.9111085,4.0,49.3,44.4,false,1,4.0
1773242067000,64.1352082333333,-21.9111085,4.0,0.0,0.0,true,1,0
1773242067000,64.1352082333333,-21.9111085,0.0,0.0,0.0,true,2,0
1773242071000,64.1354187333333,-21.9122923333333,4.0,62.0,55.8,false,2,8.0
1773242071000,64.1354187333333,-21.9122923333333,0.0,0.0,0.0,true,1,0
1773242073000,64.1356198666667,-21.9136193333333,2.0,68.1,122.7,false,1,2.0
1773242073000,64.1356198666667,-21.9136193333333,0.0,0.0,0.0,true,1,0
1773242073000,64.1356198666667,-21.9136193333333,0.0,0.0,0.0,true,2,0
1773242078000,64.1358118166667,-21.9148151666667,5.0,61.8,44.5,false,2,5.0
1773242080000,64.1358118166667,-21.9148151666667,2.0,0.0,0.0,true,1,0
1773242080000,64.1358118166667,-21.9148151666667,0.0,0.0,0.0,true,2,0
1773242083000,64.1358118166667,-21.9148151666667,3.0,0.0,0.0,true,3,0
1773242087000,64.1359500166667,-21.9155835,4.0,40.3,36.3,false,3,9.0
1773242087000,64.1359500166667,-21.9155835,0.0,0.0,0.0,true,1,0
1773242093000,64.13593075,-21.915536,6.0,3.1,1.9,false,1,6.0
1773242093000,64.13593075,-21.915536,0.0,0.0,0.0,true,1,0
1773242093000,64.13593075,-21.915536,0.0,0.0,0.0,true,2,0
1773242097000,64.13593045,-21.9155356666667,4.0,0.0,0.0,true,3,0
1773242101000,64.1359305833333,-21.9155353333333,4.0,0.0,0.0,true,4,0
1773242101000,64.1359305833333,-21.9155353333333,0.0,0.0,0.0,true,5,0
1773242103000,64.1359398833333,-21.915642,2.0,5.3,9.5,false,5,10.0
1773242107000,64.1359398833333,-21.915642,4.0,0.0,0.0,true,1,0
1773242107000,64.1359398833333,-21.915642,0.0,0.0,0.0,true,2,0
1773242110000,64.1359879333333,-21.9162495,3.0,29.9,35.9,false,2,7.0
1773242112000,64.1359879333333,-21.9162495,2.0,0.0,0.0,true,1,0
1773242112000,64.1359879333333,-21.9162495,0.0,0.0,0.0,true,2,0
1773242114000,64.1361123,-21.9172853333333,2.0,52.1,93.8,false,2,4.0
1773242114000,64.1361123,-21.9172853333333,0.0,0.0,0.0,true,1,0
1773242120000,64.13627395,-21.91887,6.0,78.9,47.4,false,1,6.0
1773242120000,64.13627395,-21.91887,0.0,0.0,0.0,true,1,0
1773242124000,64.13627395,-21.91887,4.0,0.0,0.0,true,2,0
1773242124000,64.13627395,-21.91887,0.0,0.0,0.0,true,3,0
1773242128000,64.1363286166667,-21.9203121666667,4.0,70.2,63.2,false,3,8.0
1773242128000,64.1363286166667,-21.9203121666667,0.0,0.0,0.0,true,1,0
1773242132000,64.1361742,-21.9219216666667,4.0,79.9,71.9,false,1,4.0
1773242137000,64.1360293166667,-21.9237215,5.0,88.8,63.9,false,0,5.0
1773242137000,64.1360293166667,-21.9237215,0.0,0.0,0.0,true,1,0
1773242137000,64.1360293166667,-21.9237215,0.0,0.0,0.0,true,2,0
1773242142000,64.1359663666667,-21.9255746666667,5.0,90.2,64.9,false,2,5.0
1773242144000,64.1359663666667,-21.9255746666667,2.0,0.0,0.0,true,1,0
1773242147000,64.13592185,-21.927408,3.0,89.1,106.9,false,1,5.0
1773242151000,64.1358998166667,-21.9292015,4.0,87.0,78.3,false,0,4.0
1773242151000,64.1358998166667,-21.9292015,0.0,0.0,0.0,true,1,0
1773242154000,64.1358998166667,-21.9292015,3.0,0.0,0.0,true,2,0
1773242157000,64.13598855,-21.930877,3.0,81.9,98.2,false,2,6.0
1773242157000,64.13598855,-21.930877,0.0,0.0,0.0,true,1,0
1773242157000,64.13598855,-21.930877,0.0,0.0,0.0,true,2,0
1773242157000,64.13598855,-21.930877,0.0,0.0,0.0,true,3,0
1773242164000,64.136438,-21.9337485,7.0,148.0,76.1,false,3,7.0
1773242166000,64.136438,-21.9337485,2.0,0.0,0.0,true,1,0
1773242166000,64.136438,-21.9337485,0.0,0.0,0.0,true,2,0
1773242170000,64.13679585,-21.9350275,4.0,73.7,66.3,false,2,6.0
1773242173000,64.13679585,-21.9350275,3.0,0.0,0.0,true,1,0
1773242173000,64.13679585,-21.9350275,0.0,0.0,0.0,true,2,0
1773242175000,64.1372148666667,-21.9362215,2.0,74.3,133.8,false,2,5.0
1773242177000,64.1372148666667,-21.9362215,2.0,0.0,0.0,true,1,0
1773242184000,64.13766605,-21.937302,7.0,72.6,37.3,false,1,9.0
1773242184000,64.13766605,-21.937302,0.0,0.0,0.0,true,1,0
1773242184000,64.13766605,-21.937302,0.0,0.0,0.0,true,2,0
1773242188000,64.138139,-21.938316,4.0,72.0,64.8,false,2,4.0
1773242192000,64.1385071333333,-21.9391378333333,4.0,57.1,51.4,false,0,4.0
1773242194000,64.1387881666667,-21.9392628333333,2.0,31.8,57.3,false,0,2.0
1773242194000,64.1387881666667,-21.9392628333333,0.0,0.0,0.0,true,1,0
1773242197000,64.1387881666667,-21.9392628333333,3.0,0.0,0.0,true,2,0
1773242197000,64.1387881666667,-21.9392628333333,0.0,0.0,0.0,true,3,0
1773242202000,64.1390819166667,-21.9387501666667,5.0,41.1,29.6,false,3,8.0
1773242206000,64.1393251833333,-21.9380661666667,4.0,42.8,38.5,false,0,4.0
1773242206000,64.1393251833333,-21.9380661666667,0.0,0.0,0.0,true,1,0
1773242208000,64.1393251833333,-21.9380661666667,2.0,0.0,0.0,true,2,0
1773242208000,64.1393251833333,-21.9380661666667,0.0,0.0,0.0,true,3,0
1773242214000,64.13924255,-21.937507,6.0,28.6,17.2,false,3,8.0
1773242214000,64.13924255,-21.937507,0.0,0.0,0.0,true,1,0
1773242217000,64.1389853666667,-21.9370398333333,3.0,36.5,43.8,false,1,3.0
1773242217000,64.1389853666667,-21.9370398333333,0.0,0.0,0.0,true,1,0
1773242219000,64.1389853666667,-21.9370398333333,2.0,0.0,0.0,true,2,0
1773242219000,64.1389853666667,-21.9370398333333,0.0,0.0,0.0,true,3,0
1773242222000,64.1388190333333,-21.936532,3.0,30.8,37.0,false,3,5.0
1773242224000,64.1386258166667,-21.9366871666667,2.0,22.8,41.0,false,0,2.0
1773242229000,64.1383529,-21.936827,5.0,31.1,22.4,false,0,5.0
1773242229000,64.1383529,-21.936827,0.0,0.0,0.0,true,1,0
1773242232000,64.1383529,-21.936827,3.0,0.0,0.0,true,2,0
1773242235000,64.1382187,-21.9361773333333,3.0,34.9,41.8,false,2,6.0
1773242237000,64.1382187,-21.9361773333333,2.0,0.0,0.0,true,1,0
1773242237000,64.1382187,-21.9361773333333,0.0,0.0,0.0,true,2,0
1773242241000,64.1380844333333,-21.9352911666667,4.0,45.5,41.0,false,2,6.0
1773242244000,64.1379595833333,-21.9344791666667,3.0,41.8,50.1,false,0,3.0
1773242244000,64.1379595833333,-21.9344791666667,0.0,0.0,0.0,true,1,0
1773242249000,64.1379595833333,-21.9344791666667,5.0,0.0,0.0,true,2,0
1773242249000,64.1379595833333,-21.9344791666667,0.0,0.0,0.0,true,3,0
1773242253000,64.1380539,-21.9340855,4.0,21.8,19.6,false,3,9.0
1773242255000,64.1380539,-21.9340855,2.0,0.0,0.0,true,1,0
1773242255000,64.1380539,-21.9340855,0.0,0.0,0.0,true,2,0
1773242258000,64.1383485833333,-21.9338323333333,3.0,35.0,42.0,false,2,5.0
1773242260000,64.1383485833333,-21.9338323333333,2.0,0.0,0.0,true,1,0
1773242265000,64.1385197666667,-21.9341928333333,5.0,25.8,18.6,false,1,7.0
1773242267000,64.1385597833333,-21.9344415,2.0,12.9,23.1,false,0,2.0
1773242267000,64.1385597833333,-21.9344415,0.0,0.0,0.0,true,1,0
1773242271000,64.1385624166667,-21.934452,4.0,0.6,0.5,false,1,4.0
1773242273000,64.1385624166667,-21.934452,2.0,0.0,0.0,true,1,0
1773242273000,64.1385624166667,-21.934452,0.0,0.0,0.0,true,2,0
1773242278000,64.1385627,-21.9344521666667,5.0,0.0,0.0,true,3,0
1773242281000,64.13856245,-21.9344525,3.0,0.0,0.0,true,4,0
1773242281000,64.13856245,-21.9344525,0.0,0.0,0.0,true,5,0
1773242281000,64.13856245,-21.9344525,0.0,0.0,0.0,true,6,0
1773242285000,64.13856245,-21.9344525,4.0,0.0,0.0,true,7,0
1773242285000,64.13856245,-21.9344525,0.0,0.0,0.0,true,8,0
1773242287000,64.13856795,-21.9344951666667,2.0,2.2,3.9,false,8,16.0
1773242290000,64.13856795,-21.9344951666667,3.0,0.0,0.0,true,1,0
1773242290000,64.13856795,-21.9344951666667,0.0,0.0,0.0,true,2,0
1773242296000,64.1388181333333,-21.9361338333333,6.0,84.2,50.5,false,2,9.0
1773242300000,64.1388181333333,-21.9361338333333,4.0,0.0,0.0,true,1,0
1773242300000,64.1388181333333,-21.9361338333333,0.0,0.0,0.0,true,2,0
1773242302000,64.1390220333333,-21.9370535,2.0,50.0,90.1,false,2,6.0
1773242302000,64.1390220333333,-21.9370535,0.0,0.0,0.0,true,1,0
1773242305000,64.1390220333333,-21.9370535,3.0,0.0,0.0,true,2,0
1773242307000,64.1393521666667,-21.9375938333333,2.0,45.1,81.2,false,2,5.0
1773242307000,64.1393521666667,-21.9375938333333,0.0,0.0,0.0,true,1,0
1773242313000,64.1395678833333,-21.9376746666667,6.0,24.3,14.6,false,1,6.0
1773242315000,64.1395678833333,-21.9376746666667,2.0,0.0,0.0,true,1,0
1773242315000,64.1395678833333,-21.9376746666667,0.0,0.0,0.0,true,2,0
1773242319000,64.1397449,-21.9378031666667,4.0,20.6,18.6,false,2,6.0
1773242319000,64.1397449,-21.9378031666667,0.0,0.0,0.0,true,1,0
1773242325000,64.1396300166667,-21.9381533333333,6.0,21.3,12.8,false,1,6.0
1773242325000,64.1396300166667,-21.9381533333333,0.0,0.0,0.0,true,1,0
1773242327000,64.1393912333333,-21.9384795,2.0,30.9,55.6,false,1,2.0
1773242330000,64.1393912333333,-21.9384795,3.0,0.0,0.0,true,1,0
1773242330000,64.1393912333333,-21.9384795,0.0,0.0,0.0,true,2,0
1773242332000,64.13910965,-21.9392191666667,2.0,47.6,85.7,false,2,5.0
1773242336000,64.13910965,-21.9392191666667,4.0,0.0,0.0,true,1,0
1773242338000,64.1389135666667,-21.9398835,2.0,38.9,70.0,false,1,6.0
1773242342000,64.13891835,-21.9399923333333,4.0,5.3,4.8,false,0,4.0
1773242342000,64.13891835,-21.9399923333333,0.0,0.0,0.0,true,1,0
1773242342000,64.13891835,-21.9399923333333,0.0,0.0,0.0,true,2,0
1773242345000,64.1389244666667,-21.9400158333333,3.0,1.3,1.6,false,2,3.0
1773242345000,64.1389244666667,-21.9400158333333,0.0,0.0,0.0,true,1,0
1773242348000,64.1389244666667,-21.9400158333333,3.0,0.0,0.0,true,2,0
1773242352000,64.1389246666667,-21.9400163333333,4.0,0.0,0.0,true,3,0
1773242352000,64.1389246666667,-21.9400163333333,0.0,0.0,0.0,true,4,0
1773242354000,64.1389246666667,-21.9400163333333,2.0,0.0,0.0,true,5,0
1773242356000,64.1389246166667,-21.9400165,2.0,0.0,0.0,true,6,0
1773242356000,64.1389246166667,-21.9400165,0.0,0.0,0.0,true,7,0
1773242360000,64.1389259,-21.9400438333333,4.0,1.3,1.2,false,7,15.0
1773242362000,64.1389407166667,-21.9401251666667,2.0,4.3,7.7,false,0,2.0
1773242362000,64.1389407166667,-21.9401251666667,0.0,0.0,0.0,true,1,0
1773242367000,64.1390938666667,-21.9405766666667,5.0,27.7,20.0,false,1,5.0
1773242369000,64.1390938666667,-21.9405766666667,2.0,0.0,0.0,true,1,0
1773242371000,64.1390938666667,-21.9405766666667,2.0,0.0,0.0,true,2,0
1773242374000,64.1394146833333,-21.9412905,3.0,49.7,59.7,false,2,7.0
1773242376000,64.1394146833333,-21.9412905,2.0,0.0,0.0,true,1,0
1773242376000,64.1394146833333,-21.9412905,0.0,0.0,0.0,true,2,0
1773242380000,64.1399093833333,-21.9423671666667,4.0,75.8,68.3,false,2,6.0
1773242380000,64.1399093833333,-21.9423671666667,0.0,0.0,0.0,true,1,0
1773242386000,64.1403694166667,-21.9432821666667,6.0,67.7,40.6,false,1,6.0
1773242386000,64.1403694166667,-21.9432821666667,0.0,0.0,0.0,true,1,0
1773242390000,64.14082435,-21.9441538333333,4.0,65.9,59.3,false,1,4.0
1773242397000,64.1412388833333,-21.9449553333333,7.0,60.3,31.0,false,0,7.0
1773242397000,64.1412388833333,-21.9449553333333,0.0,0.0,0.0,true,1,0
1773242397000,64.1412388833333,-21.9449553333333,0.0,0.0,0.0,true,2,0
1773242399000,64.1415975833333,-21.9456516666667,2.0,52.3,94.1,false,2,2.0
1773242402000,64.1415975833333,-21.9456516666667,3.0,0.0,0.0,true,1,0
1773242402000,64.1415975833333,-21.9456516666667,0.0,0.0,0.0,true,2,0
1773242405000,64.1419472,-21.9463135,3.0,50.4,60.5,false,2,6.0
1773242405000,64.1419472,-21.9463135,0.0,0.0,0.0,true,1,0
1773242407000,64.1420464166667,-21.9465161666667,2.0,14.8,26.6,false,1,2.0
1773242414000,64.1423149833333,-21.9470535,7.0,39.6,20.4,false,0,7.0
1773242414000,64.1423149833333,-21.9470535,0.0,0.0,0.0,true,1,0
1773242416000,64.1423149833333,-21.9470535,2.0,0.0,0.0,true,2,0
1773242418000,64.1425578833333,-21.947511,2.0,35.0,62.9,false,2,4.0
1773242418000,64.1425578833333,-21.947511,0.0,0.0,0.0,true,1,0
1773242421000,64.1425578833333,-21.947511,3.0,0.0,0.0,true,2,0
1773242421000,64.1425578833333,-21.947511,0.0,0.0,0.0,true,3,0
1773242423000,64.1425578833333,-21.947511,2.0,0.0,0.0,true,4,0
1773242427000,64.1425569666667,-21.9474926666667,4.0,0.9,0.8,false,4,9.0
1773242431000,64.1425569666667,-21.9474926666667,4.0,0.0,0.0,true,1,0
1773242431000,64.1425569666667,-21.9474926666667,0.0,0.0,0.0,true,2,0
1773242433000,64.1425569666667,-21.9474926666667,2.0,0.0,0.0,true,3,0
1773242436000,64.1425702333333,-21.9475196666667,3.0,2.0,2.4,false,3,9.0
1773242436000,64.1425702333333,-21.9475196666667,0.0,0.0,0.0,true,1,0
1773242441000,64.1428223666667,-21.947753,5.0,30.2,21.8,false,1,5.0
1773242441000,64.1428223666667,-21.947753,0.0,0.0,0.0,true,1,0
1773242444000,64.1428223666667,-21.947753,3.0,0.0,0.0,true,2,0
1773242444000,64.1428223666667,-21.947753,0.0,0.0,0.0,true,3,0
1773242446000,64.1431084666667,-21.9478373333333,2.0,32.1,57.7,false,3,5.0
1773242446000,64.1431084666667,-21.9478373333333,0.0,0.0,0.0,true,1,0
1773242451000,64.1433082666667,-21.9475676666667,5.0,25.8,18.6,false,1,5.0
1773242451000,64.1433082666667,-21.9475676666667,0.0,0.0,0.0,true,1,0
1773242455000,64.143339,-21.9474346666667,4.0,7.3,6.6,false,1,4.0
1773242455000,64.143339,-21.9474346666667,0.0,0.0,0.0,true,1,0
1773242458000,64.1432939833333,-21.9468356666667,3.0,29.5,35.4,false,1,3.0
1773242464000,64.1432179,-21.9459095,6.0,45.7,27.4,false,0,6.0
1773242464000,64.1432179,-21.9459095,0.0,0.0,0.0,true,1,0
1773242466000,64.1432179,-21.9459095,2.0,0.0,0.0,true,2,0
1773242469000,64.1431429833333,-21.9448193333333,3.0,53.5,64.2,false,2,5.0
1773242469000,64.1431429833333,-21.9448193333333,0.0,0.0,0.0,true,1,0
1773242472000,64.1431429833333,-21.9448193333333,3.0,0.0,0.0,true,2,0
1773242476000,64.14306405,-21.9436195,4.0,58.8,53.0,false,2,7.0
1773242476000,64.14306405,-21.9436195,0.0,0.0,0.0,true,1,0
1773242476000,64.14306405,-21.9436195,0.0,0.0,0.0,true,2,0
1773242481000,64.14297485,-21.9423573333333,5.0,62.0,44.6,false,2,5.0
1773242481000,64.14297485,-21.9423573333333,0.0,0.0,0.0,true,1,0
1773242483000,64.14297485,-21.9423573333333,2.0,0.0,0.0,true,2,0
1773242485000,64.14291415,-21.9413523333333,2.0,49.2,88.6,false,2,4.0
1773242489000,64.14291415,-21.9413523333333,4.0,0.0,0.0,true,1,0
1773242489000,64.14291415,-21.9413523333333,0.0,0.0,0.0,true,2,0
1773242489000,64.14291415,-21.9413523333333,0.0,0.0,0.0,true,3,0
1773242493000,64.14284765,-21.9405698333333,4.0,38.7,34.8,false,3,8.0
1773242497000,64.1428522333333,-21.9405785,4.0,0.7,0.6,false,0,4.0
1773242497000,64.1428522333333,-21.9405785,0.0,0.0,0.0,true,1,0
1773242499000,64.1428522333333,-21.9405785,2.0,0.0,0.0,true,2,0
1773242501000,64.1428518666667,-21.9405255,2.0,2.6,4.6,false,2,4.0
1773242501000,64.1428518666667,-21.9405255,0.0,0.0,0.0,true,1,0
1773242504000,64.1428518666667,-21.9405255,3.0,0.0,0.0,true,2,0
1773242507000,64.1429870166667,-21.9402085,3.0,21.5,25.8,false,2,6.0
1773242509000,64.1429870166667,-21.9402085,2.0,0.0,0.0,true,1,0
1773242513000,64.1431869166667,-21.9401151666667,4.0,22.7,20.4,false,1,6.0
1773242513000,64.1431869166667,-21.9401151666667,0.0,0.0,0.0,true,1,0
1773242515000,64.1431869166667,-21.9401151666667,2.0,0.0,0.0,true,2,0
1773242515000,64.1431869166667,-21.9401151666667,0.0,0.0,0.0,true,3,0
1773242522000,64.1431886,-21.9401021666667,7.0,0.7,0.3,false,3,9.0
1773242524000,64.1432585,-21.9400995,2.0,7.8,14.0,false,0,2.0
1773242524000,64.1432585,-21.9400995,0.0,0.0,0.0,true,1,0
1773242526000,64.1432585,-21.9400995,2.0,0.0,0.0,true,2,0
1773242528000,64.1432585,-21.9400995,2.0,0.0,0.0,true,3,0
1773242528000,64.1432585,-21.9400995,0.0,0.0,0.0,true,4,0
1773242531000,64.1435702166667,-21.939938,3.0,35.5,42.6,false,4,7.0
1773242531000,64.1435702166667,-21.939938,0.0,0.0,0.0,true,1,0
1773242534000,64.1435702166667,-21.939938,3.0,0.0,0.0,true,2,0
1773242536000,64.1438421,-21.9398266666667,2.0,30.7,55.3,false,2,5.0
1773242536000,64.1438421,-21.9398266666667,0.0,0.0,0.0,true,1,0
1773242541000,64.1438887333333,-21.9398228333333,5.0,5.2,3.7,false,1,5.0
1773242544000,64.1441340666667,-21.9396966666667,3.0,28.0,33.5,false,0,3.0
1773242544000,64.1441340666667,-21.9396966666667,0.0,0.0,0.0,true,1,0
1773242548000,64.14449105,-21.9395228333333,4.0,40.6,36.5,false,1,4.0
1773242550000,64.14449105,-21.9395228333333,2.0,0.0,0.0,true,1,0
1773242550000,64.14449105,-21.9395228333333,0.0,0.0,0.0,true,2,0
1773242554000,64.1449263666667,-21.9393275,4.0,49.3,44.4,false,2,6.0
1773242554000,64.1449263666667,-21.9393275,0.0,0.0,0.0,true,1,0
1773242559000,64.1452886,-21.9391246666667,5.0,41.5,29.9,false,1,5.0
1773242561000,64.1452886,-21.9391246666667,2.0,0.0,0.0,true,1,0
1773242561000,64.1452886,-21.9391246666667,0.0,0.0,0.0,true,2,0
1773242565000,64.14557215,-21.9387636666667,4.0,36.1,32.5,false,2,6.0
1773242565000,64.14557215,-21.9387636666667,0.0,0.0,0.0,true,1,0
1773242569000,64.14575055,-21.9384766666667,4.0,24.2,21.8,false,1,4.0
1773242569000,64.14575055,-21.9384766666667,0.0,0.0,0.0,true,1,0
1773242572000,64.14575055,-21.9384766666667,3.0,0.0,0.0,true,2,0
1773242574000,64.1459170166667,-21.9381863333333,2.0,23.3,41.9,false,2,5.0
1773242574000,64.1459170166667,-21.9381863333333,0.0,0.0,0.0,true,1,0
1773242574000,64.1459170166667,-21.9381863333333,0.0,0.0,0.0,true,2,0
1773242581000,64.1461082,-21.9378371666667,7.0,27.2,14.0,false,2,7.0
1773242581000,64.1461082,-21.9378371666667,0.0,0.0,0.0,true,1,0
1773242581000,64.1461082,-21.9378371666667,0.0,0.0,0.0,true,2,0
1773242581000,64.1461082,-21.9378371666667,0.0,0.0,0.0,true,3,0
1773242585000,64.1462941666667,-21.937586,4.0,24.0,21.6,false,3,4.0
1773242592000,64.1464958833333,-21.9373673333333,7.0,24.8,12.8,false,0,7.0
1773242592000,64.1464958833333,-21.9373673333333,0.0,0.0,0.0,true,1,0
1773242592000,64.1464958833333,-21.9373673333333,0.0,0.0,0.0,true,2,0
1773242592000,64.1464958833333,-21.9373673333333,0.0,0.0,0.0,true,3,0
1773242597000,64.1464873333333,-21.9373641666667,5.0,1.0,0.7,false,3,5.0
1773242600000,64.1464872333333,-21.9373643333333,3.0,0.0,0.0,true,1,0
1773242602000,64.1464872333333,-21.9373643333333,2.0,0.0,0.0,true,2,0
1773242602000,64.1464872333333,-21.9373643333333,0.0,0.0,0.0,true,3,0
1773242605000,64.1464872333333,-21.9373643333333,3.0,0.0,0.0,true,4,0
1773242607000,64.1465046,-21.9373395,2.0,2.3,4.1,false,4,10.0
1773242611000,64.1465649333333,-21.9372478333333,4.0,8.0,7.2,false,0,4.0
1773242611000,64.1465649333333,-21.9372478333333,0.0,0.0,0.0,true,1,0
1773242615000,64.1467979,-21.9368516666667,4.0,32.2,29.0,false,1,4.0
1773242615000,64.1467979,-21.9368516666667,0.0,0.0,0.0,true,1,0
1773242618000,64.14684775,-21.9367651666667,3.0,7.0,8.3,false,1,3.0
1773242618000,64.14684775,-21.9367651666667,0.0,0.0,0.0,true,1,0
1773242620000,64.14684775,-21.9367651666667,2.0,0.0,0.0,true,2,0
1773242625000,64.1471119333333,-21.936318,5.0,36.5,26.3,false,2,7.0
1773242627000,64.1471119333333,-21.936318,2.0,0.0,0.0,true,1,0
1773242627000,64.1471119333333,-21.936318,0.0,0.0,0.0,true,2,0
1773242630000,64.1472657666667,-21.9360853333333,3.0,20.5,24.6,false,2,5.0
1773242630000,64.1472657666667,-21.9360853333333,0.0,0.0,0.0,true,1,0
1773242633000,64.14736985,-21.9359031666667,3.0,14.6,17.5,false,1,3.0
1773242635000,64.14736985,-21.9359031666667,2.0,0.0,0.0,true,1,0
1773242635000,64.14736985,-21.9359031666667,0.0,0.0,0.0,true,2,0
1773242635000,64.14736985,-21.9359031666667,0.0,0.0,0.0,true,3,0
1773242640000,64.1476137666667,-21.9354566666667,5.0,34.7,25.0,false,3,7.0
1773242642000,64.1478777166667,-21.9349353333333,2.0,38.7,69.7,false,0,2.0
1773242648000,64.1480859333333,-21.9345811666667,6.0,28.8,17.3,false,0,6.0
1773242648000,64.1480859333333,-21.9345811666667,0.0,0.0,0.0,true,1,0
1773242650000,64.1481191,-21.93454,2.0,4.2,7.5,false,1,2.0
1773242653000,64.1481191,-21.93454,3.0,0.0,0.0,true,1,0
1773242653000,64.1481191,-21.93454,0.0,0.0,0.0,true,2,0
1773242655000,64.1481345666667,-21.9346276666667,2.0,4.6,8.3,false,2,5.0
1773242657000,64.1481345666667,-21.9346276666667,2.0,0.0,0.0,true,1,0
1773242661000,64.1481345666667,-21.9346276666667,4.0,0.0,0.0,true,2,0
1773242661000,64.1481345666667,-21.9346276666667,0.0,0.0,0.0,true,3,0
1773242667000,64.1481345666667,-21.9346276666667,6.0,0.0,0.0,true,4,0
1773242667000,64.1481345666667,-21.9346276666667,0.0,0.0,0.0,true,5,0
1773242667000,64.1481345666667,-21.9346276666667,0.0,0.0,0.0,true,6,0
1773242671000,64.1481607166667,-21.9345886666667,4.0,3.5,3.1,false,6,16.0
1773242671000,64.1481607166667,-21.9345886666667,0.0,0.0,0.0,true,1,0
1773242674000,64.1481607166667,-21.9345886666667,3.0,0.0,0.0,true,2,0
1773242674000,64.1481607166667,-21.9345886666667,0.0,0.0,0.0,true,3,0
1773242679000,64.1486119666667,-21.933762,5.0,64.2,46.2,false,3,8.0
1773242679000,64.1486119666667,-21.933762,0.0,0.0,0.0,true,1,0
1773242679000,64.1486119666667,-21.933762,0.0,0.0,0.0,true,2,0
1773242684000,64.1488474166667,-21.9332538333333,5.0,36.0,25.9,false,2,5.0
1773242686000,64.1488474166667,-21.9332538333333,2.0,0.0,0.0,true,1,0
1773242686000,64.1488474166667,-21.9332538333333,0.0,0.0,0.0,true,2,0
1773242690000,64.1489850166667,-21.9329631666667,4.0,20.8,18.7,false,2,6.0
1773242690000,64.1489850166667,-21.9329631666667,0.0,0.0,0.0,true,1,0
1773242690000,64.1489850166667,-21.9329631666667,0.0,0.0,0.0,true,2,0
1773242690000,64.1489850166667,-21.9329631666667,0.0,0.0,0.0,true,3,0
1773242696000,64.1491615,-21.932472,6.0,30.9,18.5,false,3,6.0
1773242699000,64.1493518833333,-21.9317005,3.0,43.0,51.6,false,0,3.0
1773242699000,64.1493518833333,-21.9317005,0.0,0.0,0.0,true,1,0
1773242699000,64.1493518833333,-21.9317005,0.0,0.0,0.0,true,2,0
1773242704000,64.1494107,-21.9312013333333,5.0,25.1,18.1,false,2,5.0
1773242707000,64.1494204833333,-21.9303703333333,3.0,40.3,48.4,false,0,3.0
1773242712000,64.1494204833333,-21.9303703333333,5.0,0.0,0.0,true,1,0
1773242712000,64.1494204833333,-21.9303703333333,0.0,0.0,0.0,true,2,0
1773242716000,64.1492901833333,-21.9292615,4.0,55.7,50.1,false,2,9.0
1773242718000,64.1489800166667,-21.9282001666667,2.0,61.9,111.5,false,0,2.0
1773242718000,64.1489800166667,-21.9282001666667,0.0,0.0,0.0,true,1,0
1773242721000,64.1489800166667,-21.9282001666667,3.0,0.0,0.0,true,2,0
1773242724000,64.1488155,-21.9280558333333,3.0,19.6,23.5,false,2,6.0
1773242724000,64.1488155,-21.9280558333333,0.0,0.0,0.0,true,1,0
1773242726000,64.1488155,-21.9280558333333,2.0,0.0,0.0,true,2,0
1773242732000,64.14865815,-21.9284181666667,6.0,24.8,14.9,false,2,8.0
1773242732000,64.14865815,-21.9284181666667,0.0,0.0,0.0,true,1,0
1773242732000,64.14865815,-21.9284181666667,0.0,0.0,0.0,true,2,0
1773242732000,64.14865815,-21.9284181666667,0.0,0.0,0.0,true,3,0
1773242737000,64.1484081166667,-21.9278715,5.0,38.4,27.7,false,3,5.0
1773242739000,64.1484081166667,-21.9278715,2.0,0.0,0.0,true,1,0
1773242741000,64.1484081166667,-21.9278715,2.0,0.0,0.0,true,2,0
1773242745000,64.1481053666667,-21.9269496666667,4.0,56.0,50.4,false,2,8.0
1773242747000,64.1481053666667,-21.9269496666667,2.0,0.0,0.0,true,1,0
1773242747000,64.1481053666667,-21.9269496666667,0.0,0.0,0.0,true,2,0
1773242750000,64.1478841666667,-21.9262713333333,3.0,41.1,49.3,false,2,5.0
1773242752000,64.1478841666667,-21.9262713333333,2.0,0.0,0.0,true,1,0
1773242754000,64.1480109833333,-21.9260065,2.0,19.1,34.3,false,1,4.0
1773242754000,64.1480109833333,-21.9260065,0.0,0.0,0.0,true,1,0
1773242754000,64.1480109833333,-21.9260065,0.0,0.0,0.0,true,2,0
1773242754000,64.1480109833333,-21.9260065,0.0,0.0,0.0,true,3,0
1773242762000,64.1482176166667,-21.9265048333333,8.0,33.3,15.0,false,3,8.0
1773242764000,64.1483644,-21.9270111666667,2.0,29.5,53.1,false,0,2.0
1773242764000,64.1483644,-21.9270111666667,0.0,0.0,0.0,true,1,0
1773242767000,64.1483644,-21.9270111666667,3.0,0.0,0.0,true,2,0
1773242767000,64.1483644,-21.9270111666667,0.0,0.0,0.0,true,3,0
1773242772000,64.1483398,-21.9273005,5.0,14.3,10.3,false,3,8.0
1773242772000,64.1483398,-21.9273005,0.0,0.0,0.0,true,1,0
1773242772000,64.1483398,-21.9273005,0.0,0.0,0.0,true,2,0
1773242772000,64.1483398,-21.9273005,0.0,0.0,0.0,true,3,0
1773242772000,64.1483398,-21.9273005,0.0,0.0,0.0,true,4,0
1773242772000,64.1483398,-21.9273005,0.0,0.0,0.0,true,5,0
1773242772000,64.1483398,-21.9273005,0.0,0.0,0.0,true,6,0
1773242772000,64.1483398,-21.9273005,0.0,0.0,0.0,true,7,0
1773242772000,64.1483398,-21.9273005,0.0,0.0,0.0,true,8,0
1773242772000,64.1483398,-21.9273005,0.0,0.0,0.0,true,9,0
1773242772000,64.1483398,-21.9273005,0.0,0.0,0.0,true,10,0
1773242772000,64.1483398,-21.9273005,0.0,0.0,0.0,true,11,0
1773242772000,64.1483398,-21.9273005,0.0,0.0,0.0,true,12,0
1773242772000,64.1483398,-21.9273005,0.0,0.0,0.0,true,13,0
1773242772000,64.1483398,-21.9273005,0.0,0.0,0.0,true,14,0
1773242772000,64.1483398,-21.9273005,0.0,0.0,0.0,true,15,0
1773242772000,64.1483398,-21.9273005,0.0,0.0,0.0,true,16,0
1773242772000,64.1483398,-21.9273005,0.0,0.0,0.0,true,17,0
1773242772000,64.1483398,-21.9273005,0.0,0.0,0.0,true,18,0
1773242772000,64.1483398,-21.9273005,0.0,0.0,0.0,true,19,0
1773242772000,64.1483398,-21.9273005,0.0,0.0,0.0,true,20,0
1773242772000,64.1483398,-21.9273005,0.0,0.0,0.0,true,21,0
1773242772000,64.1483398,-21.9273005,0.0,0.0,0.0,true,22,0
1773242772000,64.1483398,-21.9273005,0.0,0.0,0.0,true,23,0
1773242772000,64.1483398,-21.9273005,0.0,0.0,0.0,true,24,0
1773242772000,64.1483398,-21.9273005,0.0,0.0,0.0,true,25,0
1773242772000,64.1483398,-21.9273005,0.0,0.0,0.0,true,26,0
1773242772000,64.1483398,-21.9273005,0.0,0.0,0.0,true,27,0
1773242772000,64.1483398,-21.9273005,0.0,0.0,0.0,true,28,0
1773242772000,64.1483398,-21.9273005,0.0,0.0,0.0,true,29,0
1773242772000,64.1483398,-21.9273005,0.0,0.0,0.0,true,30,0
1773242772000,64.1483398,-21.9273005,0.0,0.0,0.0,true,31,0
1773242772000,64.1483398,-21.9273005,0.0,0.0,0.0,true,32,0
1773242772000,64.1483398,-21.9273005,0.0,0.0,0.0,true,33,0
1773242772000,64.1483398,-21.9273005,0.0,0.0,0.0,true,34,0
1773242772000,64.1483398,-21.9273005,0.0,0.0,0.0,true,35,0
1773242772000,64.1483398,-21.9273005,0.0,0.0,0.0,true,36,0
1773242775000,64.1483327166667,-21.92728,3.0,1.3,1.5,false,36,3.0
1773242849000,64.1483332666667,-21.9272786666667,74.0,0.1,0.0,true,1,0
1773242849000,64.1483332666667,-21.9272786666667,0.0,0.0,0.0,true,2,0
1773242853000,64.1483332666667,-21.9272786666667,4.0,0.0,0.0,true,3,0
1773242856000,64.1483332666667,-21.9272786666667,3.0,0.0,0.0,true,4,0
1773242856000,64.1483332666667,-21.9272786666667,0.0,0.0,0.0,true,5,0
1773242860000,64.1483332666667,-21.9272786666667,4.0,0.0,0.0,true,6,0
1773242862000,64.1483332666667,-21.9272786666667,2.0,0.0,0.0,true,7,0
1773242862000,64.1483332666667,-21.9272786666667,0.0,0.0,0.0,true,8,0
1773242868000,64.1483332666667,-21.9272786666667,6.0,0.0,0.0,true,9,0
1773242868000,64.1483332666667,-21.9272786666667,0.0,0.0,0.0,true,10,0
1773242868000,64.1483332666667,-21.9272786666667,0.0,0.0,0.0,true,11,0
1773242873000,64.1483332333333,-21.9272786666667,5.0,0.0,0.0,true,12,0
1773242873000,64.1483332333333,-21.9272786666667,0.0,0.0,0.0,true,13,0
1773242873000,64.1483332333333,-21.9272786666667,0.0,0.0,0.0,true,14,0
1773242876000,64.1483331833333,-21.9272786666667,3.0,0.0,0.0,true,15,0
1773242876000,64.1483331833333,-21.9272786666667,0.0,0.0,0.0,true,16,0
1773242883000,64.1483331333333,-21.9272788333333,7.0,0.0,0.0,true,17,0
1773242883000,64.1483331333333,-21.9272788333333,0.0,0.0,0.0,true,18,0
1773242883000,64.1483331333333,-21.9272788333333,0.0,0.0,0.0,true,19,0
1773242888000,64.1483331333333,-21.9272788333333,5.0,0.0,0.0,true,20,0
1773242888000,64.1483331333333,-21.9272788333333,0.0,0.0,0.0,true,21,0
1773242888000,64.1483331333333,-21.9272788333333,0.0,0.0,0.0,true,22,0
1773242893000,64.1483331,-21.927279,5.0,0.0,0.0,true,23,0
1773242893000,64.1483331,-21.927279,0.0,0.0,0.0,true,24,0
1773242893000,64.1483331,-21.927279,0.0,0.0,0.0,true,25,0
1773242899000,64.1483331,-21.927279,6.0,0.0,0.0,true,26,0
1773242902000,64.1483331,-21.927279,3.0,0.0,0.0,true,27,0
1773242902000,64.1483331,-21.927279,0.0,0.0,0.0,true,28,0
1773242907000,64.1483330666667,-21.927279,5.0,0.0,0.0,true,29,0
1773242907000,64.1483330666667,-21.927279,0.0,0.0,0.0,true,30,0
1773242907000,64.1483330666667,-21.927279,0.0,0.0,0.0,true,31,0
1773242911000,64.1483194833333,-21.9273345,4.0,3.1,2.8,false,31,136.0
1773242911000,64.1483194833333,-21.9273345,0.0,0.0,0.0,true,1,0
1773242913000,64.1483194833333,-21.9273345,2.0,0.0,0.0,true,2,0
1773242917000,64.1483211333333,-21.9275408333333,4.0,10.0,9.0,false,2,6.0
1773242922000,64.1484802333333,-21.9279813333333,5.0,27.7,20.0,false,0,5.0
1773242922000,64.1484802333333,-21.9279813333333,0.0,0.0,0.0,true,1,0
1773242922000,64.1484802333333,-21.9279813333333,0.0,0.0,0.0,true,2,0
1773242922000,64.1484802333333,-21.9279813333333,0.0,0.0,0.0,true,3,0
1773242926000,64.1486169833333,-21.9282185,4.0,19.1,17.2,false,3,4.0
1773242930000,64.1486169833333,-21.9282185,4.0,0.0,0.0,true,1,0
1773242930000,64.1486169833333,-21.9282185,0.0,0.0,0.0,true,2,0
1773242934000,64.1487306333333,-21.9281065,4.0,13.8,12.4,false,2,8.0
1773242936000,64.1487306333333,-21.9281065,2.0,0.0,0.0,true,1,0
1773242936000,64.1487306333333,-21.9281065,0.0,0.0,0.0,true,2,0
1773242938000,64.14874105,-21.9280861666667,2.0,1.5,2.7,false,2,4.0
1773242942000,64.1487408833333,-21.9280861666667,4.0,0.0,0.0,true,1,0
1773242942000,64.1487408833333,-21.9280861666667,0.0,0.0,0.0,true,2,0
1773242948000,64.1487406833333,-21.928086,6.0,0.0,0.0,true,3,0
1773242948000,64.1487406833333,-21.928086,0.0,0.0,0.0,true,4,0
1773242948000,64.1487406833333,-21.928086,0.0,0.0,0.0,true,5,0
1773242951000,64.1487406833333,-21.928086,3.0,0.0,0.0,true,6,0
1773242955000,64.1487407,-21.9280858333333,4.0,0.0,0.0,true,7,0
1773242955000,64.1487407,-21.9280858333333,0.0,0.0,0.0,true,8,0
1773242957000,64.1487405166667,-21.9280856666667,2.0,0.0,0.0,true,9,0
1773242960000,64.1487405166667,-21.9280856666667,3.0,0.0,0.0,true,10,0
1773242960000,64.1487405166667,-21.9280856666667,0.0,0.0,0.0,true,11,0
1773242963000,64.1487405,-21.9280858333333,3.0,0.0,0.0,true,12,0
1773242968000,64.1487400833333,-21.9280855,5.0,0.0,0.0,true,13,0
1773242968000,64.1487400833333,-21.9280855,0.0,0.0,0.0,true,14,0
1773242970000,64.1487400833333,-21.9280855,2.0,0.0,0.0,true,15,0
1773242972000,64.1487400333333,-21.9280853333333,2.0,0.0,0.0,true,16,0
1773242972000,64.1487400333333,-21.9280853333333,0.0,0.0,0.0,true,17,0
1773242975000,64.1487400333333,-21.9280853333333,3.0,0.0,0.0,true,18,0
1773242975000,64.1487400333333,-21.9280853333333,0.0,0.0,0.0,true,19,0
1773242978000,64.1487400166667,-21.9280853333333,3.0,0.0,0.0,true,20,0
1773242982000,64.1487400166667,-21.9280853333333,4.0,0.0,0.0,true,21,0
1773242982000,64.1487400166667,-21.9280853333333,0.0,0.0,0.0,true,22,0
1773242984000,64.14874005,-21.9280851666667,2.0,0.0,0.0,true,23,0
1773242987000,64.1487437166667,-21.9280781666667,3.0,0.5,0.6,false,23,49.0
1773242987000,64.1487437166667,-21.9280781666667,0.0,0.0,0.0,true,1,0
1773242994000,64.14874365,-21.9280783333333,7.0,0.0,0.0,true,2,0
1773242997000,64.14874365,-21.9280783333333,3.0,0.0,0.0,true,3,0
1773242997000,64.14874365,-21.9280783333333,0.0,0.0,0.0,true,4,0
1773242999000,64.1487436166667,-21.9280781666667,2.0,0.0,0.0,true,5,0
1773243002000,64.1487436166667,-21.9280781666667,3.0,0.0,0.0,true,6,0
1773243002000,64.1487436166667,-21.9280781666667,0.0,0.0,0.0,true,7,0
1773243005000,64.1487435833333,-21.928078,3.0,0.0,0.0,true,8,0
1773243005000,64.1487435833333,-21.928078,0.0,0.0,0.0,true,9,0
1773243007000,64.1487435833333,-21.928078,2.0,0.0,0.0,true,10,0
1773243011000,64.1487435666667,-21.928078,4.0,0.0,0.0,true,11,0
1773243013000,64.1487435666667,-21.928078,2.0,0.0,0.0,true,12,0
1773243013000,64.1487435666667,-21.928078,0.0,0.0,0.0,true,13,0
1773243016000,64.1487435333333,-21.928078,3.0,0.0,0.0,true,14,0
1773243016000,64.1487435333333,-21.928078,0.0,0.0,0.0,true,15,0
1773243018000,64.1487437333333,-21.9280773333333,2.0,0.0,0.1,true,16,0
1773243022000,64.1487437333333,-21.9280773333333,4.0,0.0,0.0,true,17,0
1773243022000,64.1487437333333,-21.9280773333333,0.0,0.0,0.0,true,18,0
1773243026000,64.14874385,-21.928077,4.0,0.0,0.0,true,19,0
1773243031000,64.1487437666667,-21.928077,5.0,0.0,0.0,true,20,0
1773243031000,64.1487437666667,-21.928077,0.0,0.0,0.0,true,21,0
1773243031000,64.1487437666667,-21.928077,0.0,0.0,0.0,true,22,0
1773243035000,64.1487437,-21.928077,4.0,0.0,0.0,true,23,0
1773243035000,64.1487437,-21.928077,0.0,0.0,0.0,true,24,0
1773243039000,64.1487436666667,-21.928077,4.0,0.0,0.0,true,25,0
1773243041000,64.1487436666667,-21.928077,2.0,0.0,0.0,true,26,0
1773243041000,64.1487436666667,-21.928077,0.0,0.0,0.0,true,27,0
1773243044000,64.1487460166667,-21.9280743333333,3.0,0.3,0.3,true,28,0
1773243046000,64.1487643,-21.9280461666667,2.0,2.4,4.4,false,28,59.0
1773243046000,64.1487643,-21.9280461666667,0.0,0.0,0.0,true,1,0
1773243050000,64.1489635833333,-21.9278193333333,4.0,24.7,22.3,false,1,4.0
1773243050000,64.1489635833333,-21.9278193333333,0.0,0.0,0.0,true,1,0
1773243050000,64.1489635833333,-21.9278193333333,0.0,0.0,0.0,true,2,0
1773243057000,64.1492331666667,-21.9282826666667,7.0,37.5,19.3,false,2,7.0
1773243057000,64.1492331666667,-21.9282826666667,0.0,0.0,0.0,true,1,0
1773243060000,64.1492331666667,-21.9282826666667,3.0,0.0,0.0,true,2,0
1773243062000,64.1494861166667,-21.9292401666667,2.0,54.3,97.7,false,2,5.0
1773243062000,64.1494861166667,-21.9292401666667,0.0,0.0,0.0,true,1,0
1773243062000,64.1494861166667,-21.9292401666667,0.0,0.0,0.0,true,2,0
1773243062000,64.1494861166667,-21.9292401666667,0.0,0.0,0.0,true,3,0
1773243067000,64.14959955,-21.9305076666667,5.0,62.7,45.2,false,3,5.0
1773243070000,64.14959955,-21.9305076666667,3.0,0.0,0.0,true,1,0
1773243072000,64.1495313333333,-21.9315535,2.0,51.3,92.3,false,1,5.0
1773243072000,64.1495313333333,-21.9315535,0.0,0.0,0.0,true,1,0
1773243078000,64.1494284333333,-21.932192,6.0,33.0,19.8,false,1,6.0
1773243082000,64.14901935,-21.9334816666667,4.0,77.3,69.6,false,0,4.0
1773243082000,64.14901935,-21.9334816666667,0.0,0.0,0.0,true,1,0
1773243084000,64.14876455,-21.933925,2.0,35.6,64.0,false,1,2.0
1773243084000,64.14876455,-21.933925,0.0,0.0,0.0,true,1,0
1773243087000,64.14876455,-21.933925,3.0,0.0,0.0,true,2,0
1773243087000,64.14876455,-21.933925,0.0,0.0,0.0,true,3,0
1773243092000,64.1482470666667,-21.9348668333333,5.0,73.5,52.9,false,3,8.0
1773243092000,64.1482470666667,-21.9348668333333,0.0,0.0,0.0,true,1,0
1773243092000,64.1482470666667,-21.9348668333333,0.0,0.0,0.0,true,2,0
1773243099000,64.1480627,-21.9352136666667,7.0,26.5,13.6,false,2,7.0
1773243101000,64.1478725,-21.9355448333333,2.0,26.6,47.8,false,0,2.0
1773243101000,64.1478725,-21.9355448333333,0.0,0.0,0.0,true,1,0
1773243104000,64.1478725,-21.9355448333333,3.0,0.0,0.0,true,2,0
1773243107000,64.14751175,-21.936114,3.0,48.7,58.4,false,2,6.0
1773243107000,64.14751175,-21.936114,0.0,0.0,0.0,true,1,0
1773243107000,64.14751175,-21.936114,0.0,0.0,0.0,true,2,0
1773243111000,64.1473810666667,-21.9363238333333,4.0,17.7,16.0,false,2,4.0
1773243113000,64.1473810666667,-21.9363238333333,2.0,0.0,0.0,true,1,0
1773243113000,64.1473810666667,-21.9363238333333,0.0,0.0,0.0,true,2,0
1773243119000,64.1473783833333,-21.936327,6.0,0.3,0.2,true,3,0
1773243122000,64.1473784666667,-21.936327,3.0,0.0,0.0,true,4,0
1773243122000,64.1473784666667,-21.936327,0.0,0.0,0.0,true,5,0
1773243124000,64.1473784666667,-21.936327,2.0,0.0,0.0,true,6,0
1773243126000,64.1473784666667,-21.936327,2.0,0.0,0.0,true,7,0
1773243126000,64.1473784666667,-21.936327,0.0,0.0,0.0,true,8,0
1773243134000,64.1473784666667,-21.936327,8.0,0.0,0.0,true,9,0
1773243137000,64.1473784666667,-21.936327,3.0,0.0,0.0,true,10,0
1773243137000,64.1473784666667,-21.936327,0.0,0.0,0.0,true,11,0
1773243141000,64.1473784666667,-21.936327,4.0,0.0,0.0,true,12,0
1773243141000,64.1473784666667,-21.936327,0.0,0.0,0.0,true,13,0
1773243143000,64.1473784666667,-21.936327,2.0,0.0,0.0,true,14,0
1773243143000,64.1473784666667,-21.936327,0.0,0.0,0.0,true,15,0
1773243143000,64.1473784666667,-21.936327,0.0,0.0,0.0,true,16,0
1773243149000,64.1473784666667,-21.936327,6.0,0.0,0.0,true,17,0
1773243155000,64.1473784666667,-21.936327,6.0,0.0,0.0,true,18,0
1773243155000,64.1473784666667,-21.936327,0.0,0.0,0.0,true,19,0
1773243157000,64.1473784666667,-21.936327,2.0,0.0,0.0,true,20,0
1773243159000,64.1473784666667,-21.936327,2.0,0.0,0.0,true,21,0
1773243159000,64.1473784666667,-21.936327,0.0,0.0,0.0,true,22,0
1773243162000,64.1473784666667,-21.936327,3.0,0.0,0.0,true,23,0
1773243164000,64.1473784666667,-21.936327,2.0,0.0,0.0,true,24,0
1773243164000,64.1473784666667,-21.936327,0.0,0.0,0.0,true,25,0
1773243168000,64.1473784666667,-21.936327,4.0,0.0,0.0,true,26,0
1773243170000,64.1473784666667,-21.936327,2.0,0.0,0.0,true,27,0
1773243170000,64.1473784666667,-21.936327,0.0,0.0,0.0,true,28,0
1773243172000,64.1473784666667,-21.936327,2.0,0.0,0.0,true,29,0
1773243176000,64.1473786166667,-21.9363391666667,4.0,0.6,0.5,false,29,65.0
1773243176000,64.1473786166667,-21.9363391666667,0.0,0.0,0.0,true,1,0
1773243178000,64.1473786166667,-21.9363391666667,2.0,0.0,0.0,true,2,0
1773243183000,64.1471755,-21.936615,5.0,26.2,18.9,false,2,7.0
1773243185000,64.1471755,-21.936615,2.0,0.0,0.0,true,1,0
1773243188000,64.1468435166667,-21.9371096666667,3.0,44.0,52.8,false,1,5.0
1773243188000,64.1468435166667,-21.9371096666667,0.0,0.0,0.0,true,1,0
1773243191000,64.1466744,-21.9373628333333,3.0,22.5,26.9,false,1,3.0
1773243191000,64.1466744,-21.9373628333333,0.0,0.0,0.0,true,1,0
1773243191000,64.1466744,-21.9373628333333,0.0,0.0,0.0,true,2,0
1773243196000,64.1466204,-21.9374441666667,5.0,7.2,5.2,false,2,5.0
1773243198000,64.1466204,-21.9374441666667,2.0,0.0,0.0,true,1,0
1773243198000,64.1466204,-21.9374441666667,0.0,0.0,0.0,true,2,0
1773243202000,64.1465593833333,-21.9375451666667,4.0,8.4,7.5,false,2,6.0
1773243202000,64.1465593833333,-21.9375451666667,0.0,0.0,0.0,true,1,0
1773243205000,64.1463339333333,-21.9378961666667,3.0,30.3,36.4,false,1,3.0
1773243205000,64.1463339333333,-21.9378961666667,0.0,0.0,0.0,true,1,0
1773243212000,64.1460777833333,-21.9383518333333,7.0,36.0,18.5,false,1,7.0
1773243212000,64.1460777833333,-21.9383518333333,0.0,0.0,0.0,true,1,0
1773243212000,64.1460777833333,-21.9383518333333,0.0,0.0,0.0,true,2,0
1773243216000,64.1459577166667,-21.9385938333333,4.0,17.8,16.0,false,2,4.0
1773243220000,64.1458978166667,-21.9386696666667,4.0,7.6,6.8,false,0,4.0
1773243224000,64.1457560333333,-21.9388806666667,4.0,18.8,16.9,false,0,4.0
1773243224000,64.1457560333333,-21.9388806666667,0.0,0.0,0.0,true,1,0
1773243228000,64.1457387,-21.938942,4.0,3.5,3.2,false,1,4.0
1773243231000,64.1457578166667,-21.9390856666667,3.0,7.3,8.7,false,0,3.0
1773243231000,64.1457578166667,-21.9390856666667,0.0,0.0,0.0,true,1,0
1773243234000,64.1457578166667,-21.9390856666667,3.0,0.0,0.0,true,2,0
1773243234000,64.1457578166667,-21.9390856666667,0.0,0.0,0.0,true,3,0
1773243239000,64.1458483166667,-21.9394858333333,5.0,21.9,15.7,false,3,8.0
1773243242000,64.14601945,-21.9400773333333,3.0,34.4,41.3,false,0,3.0
1773243244000,64.14601945,-21.9400773333333,2.0,0.0,0.0,true,1,0
1773243247000,64.1461862833333,-21.9407721666667,3.0,38.5,46.2,false,1,5.0
1773243247000,64.1461862833333,-21.9407721666667,0.0,0.0,0.0,true,1,0
1773243249000,64.1461862833333,-21.9407721666667,2.0,0.0,0.0,true,2,0
1773243249000,64.1461862833333,-21.9407721666667,0.0,0.0,0.0,true,3,0
1773243249000,64.1461862833333,-21.9407721666667,0.0,0.0,0.0,true,4,0
1773243256000,64.1463825333333,-21.9415586666667,7.0,43.9,22.6,false,4,9.0
1773243256000,64.1463825333333,-21.9415586666667,0.0,0.0,0.0,true,1,0
1773243256000,64.1463825333333,-21.9415586666667,0.0,0.0,0.0,true,2,0
1773243260000,64.1463666333333,-21.941552,4.0,1.8,1.6,false,2,4.0
1773243265000,64.1463667,-21.9415518333333,5.0,0.0,0.0,true,1,0
1773243265000,64.1463667,-21.9415518333333,0.0,0.0,0.0,true,2,0
1773243269000,64.1463666,-21.941552,4.0,0.0,0.0,true,3,0
1773243272000,64.1463666,-21.941552,3.0,0.0,0.0,true,4,0
1773243272000,64.1463666,-21.941552,0.0,0.0,0.0,true,5,0
1773243272000,64.1463666,-21.941552,0.0,0.0,0.0,true,6,0
1773243272000,64.1463666,-21.941552,0.0,0.0,0.0,true,7,0
1773243277000,64.1463664833333,-21.941552,5.0,0.0,0.0,true,8,0
1773243277000,64.1463664833333,-21.941552,0.0,0.0,0.0,true,9,0
1773243277000,64.1463664833333,-21.941552,0.0,0.0,0.0,true,10,0
1773243277000,64.1463664833333,-21.941552,0.0,0.0,0.0,true,11,0
1773243285000,64.1463664,-21.9415518333333,8.0,0.0,0.0,true,12,0
1773243290000,64.1463656333333,-21.941548,5.0,0.2,0.1,true,13,0
1773243290000,64.1463656333333,-21.941548,0.0,0.0,0.0,true,14,0
1773243290000,64.1463656333333,-21.941548,0.0,0.0,0.0,true,15,0
1773243290000,64.1463656333333,-21.941548,0.0,0.0,0.0,true,16,0
1773243290000,64.1463656333333,-21.941548,0.0,0.0,0.0,true,17,0
1773243300000,64.1463632666667,-21.9415333333333,10.0,0.8,0.3,false,17,40.0
1773243300000,64.1463632666667,-21.9415333333333,0.0,0.0,0.0,true,1,0
1773243300000,64.1463632666667,-21.9415333333333,0.0,0.0,0.0,true,2,0
1773243306000,64.1464536833333,-21.9419813333333,6.0,23.9,14.4,false,2,6.0
1773243306000,64.1464536833333,-21.9419813333333,0.0,0.0,0.0,true,1,0
1773243306000,64.1464536833333,-21.9419813333333,0.0,0.0,0.0,true,2,0
1773243310000,64.1464536833333,-21.9419813333333,4.0,0.0,0.0,true,3,0
1773243310000,64.1464536833333,-21.9419813333333,0.0,0.0,0.0,true,4,0
1773243310000,64.1464536833333,-21.9419813333333,0.0,0.0,0.0,true,5,0
1773243310000,64.1464536833333,-21.9419813333333,0.0,0.0,0.0,true,6,0
1773243316000,64.14664485,-21.94277,6.0,43.8,26.3,false,6,10.0
1773243316000,64.14664485,-21.94277,0.0,0.0,0.0,true,1,0
1773243321000,64.1467913,-21.943312,5.0,30.9,22.3,false,1,5.0
1773243321000,64.1467913,-21.943312,0.0,0.0,0.0,true,1,0
1773243326000,64.1467226833333,-21.943672,5.0,19.1,13.7,false,1,5.0
1773243326000,64.1467226833333,-21.943672,0.0,0.0,0.0,true,1,0
1773243326000,64.1467226833333,-21.943672,0.0,0.0,0.0,true,2,0
1773243331000,64.1464675166667,-21.9440158333333,5.0,32.9,23.7,false,2,5.0
1773243334000,64.1460814,-21.9444928333333,3.0,48.8,58.5,false,0,3.0
1773243336000,64.1460814,-21.9444928333333,2.0,0.0,0.0,true,1,0
1773243341000,64.14561245,-21.9450408333333,5.0,58.5,42.1,false,1,7.0
1773243341000,64.14561245,-21.9450408333333,0.0,0.0,0.0,true,1,0
1773243341000,64.14561245,-21.9450408333333,0.0,0.0,0.0,true,2,0
1773243346000,64.14561245,-21.9450408333333,5.0,0.0,0.0,true,3,0
1773243346000,64.14561245,-21.9450408333333,0.0,0.0,0.0,true,4,0
1773243346000,64.14561245,-21.9450408333333,0.0,0.0,0.0,true,5,0
1773243350000,64.1445542333333,-21.9462648333333,4.0,131.8,118.6,false,5,9.0
1773243352000,64.1445542333333,-21.9462648333333,2.0,0.0,0.0,true,1,0
1773243356000,64.1440304166667,-21.9469026666667,4.0,65.9,59.4,false,1,6.0
1773243356000,64.1440304166667,-21.9469026666667,0.0,0.0,0.0,true,1,0
1773243356000,64.1440304166667,-21.9469026666667,0.0,0.0,0.0,true,2,0
1773243356000,64.1440304166667,-21.9469026666667,0.0,0.0,0.0,true,3,0
1773243362000,64.1436129666667,-21.9473685,6.0,51.6,31.0,false,3,6.0
1773243365000,64.1433777833333,-21.9476728333333,3.0,30.0,36.0,false,0,3.0
1773243367000,64.1433777833333,-21.9476728333333,2.0,0.0,0.0,true,1,0
1773243367000,64.1433777833333,-21.9476728333333,0.0,0.0,0.0,true,2,0
1773243370000,64.1431597166667,-21.9480163333333,3.0,29.4,35.3,false,2,5.0
1773243372000,64.1431597166667,-21.9480163333333,2.0,0.0,0.0,true,1,0
1773243374000,64.1430787166667,-21.9482015,2.0,12.7,22.9,false,1,4.0
1773243376000,64.1430787166667,-21.9482015,2.0,0.0,0.0,true,1,0
1773243376000,64.1430787166667,-21.9482015,0.0,0.0,0.0,true,2,0
1773243380000,64.1429838333333,-21.9486885,4.0,25.9,23.3,false,2,6.0
1773243380000,64.1429838333333,-21.9486885,0.0,0.0,0.0,true,1,0
1773243382000,64.1429838333333,-21.9486885,2.0,0.0,0.0,true,2,0
1773243389000,64.1425661166667,-21.9479163333333,7.0,59.7,30.7,false,2,9.0
1773243389000,64.1425661166667,-21.9479163333333,0.0,0.0,0.0,true,1,0
1773243389000,64.1425661166667,-21.9479163333333,0.0,0.0,0.0,true,2,0
1773243391000,64.1425661166667,-21.9479163333333,2.0,0.0,0.0,true,3,0
1773243391000,64.1425661166667,-21.9479163333333,0.0,0.0,0.0,true,4,0
1773243391000,64.1425661166667,-21.9479163333333,0.0,0.0,0.0,true,5,0
1773243398000,64.1423682666667,-21.9475546666667,7.0,28.1,14.5,false,5,9.0
1773243401000,64.1423632833333,-21.9475568333333,3.0,0.6,0.7,false,0,3.0
1773243401000,64.1423632833333,-21.9475568333333,0.0,0.0,0.0,true,1,0
1773243401000,64.1423632833333,-21.9475568333333,0.0,0.0,0.0,true,2,0
1773243406000,64.14233075,-21.9475025,5.0,4.5,3.2,false,2,5.0
1773243408000,64.14233075,-21.9475025,2.0,0.0,0.0,true,1,0
1773243413000,64.1421414666667,-21.9471326666667,5.0,27.7,19.9,false,1,7.0
1773243413000,64.1421414666667,-21.9471326666667,0.0,0.0,0.0,true,1,0
1773243417000,64.1419753333333,-21.946833,4.0,23.5,21.2,false,1,4.0
1773243417000,64.1419753333333,-21.946833,0.0,0.0,0.0,true,1,0
1773243417000,64.1419753333333,-21.946833,0.0,0.0,0.0,true,2,0
1773243422000,64.1419453,-21.946779,5.0,4.2,3.1,false,2,5.0
1773243422000,64.1419453,-21.946779,0.0,0.0,0.0,true,1,0
1773243425000,64.1419419833333,-21.9467761666667,3.0,0.4,0.5,true,2,0
1773243427000,64.1419419166667,-21.9467763333333,2.0,0.0,0.0,true,3,0
1773243427000,64.1419419166667,-21.9467763333333,0.0,0.0,0.0,true,4,0
1773243431000,64.1419419166667,-21.9467763333333,4.0,0.0,0.0,true,5,0
1773243433000,64.1419417166667,-21.946776,2.0,0.0,0.0,true,6,0
1773243433000,64.1419417166667,-21.946776,0.0,0.0,0.0,true,7,0
1773243437000,64.1419417166667,-21.946776,4.0,0.0,0.0,true,8,0
1773243442000,64.1419416666667,-21.9467761666667,5.0,0.0,0.0,true,9,0
1773243442000,64.1419416666667,-21.9467761666667,0.0,0.0,0.0,true,10,0
1773243445000,64.14194155,-21.9467765,3.0,0.0,0.0,true,11,0
1773243447000,64.1419411833333,-21.946776,2.0,0.0,0.1,true,12,0
1773243447000,64.1419411833333,-21.946776,0.0,0.0,0.0,true,13,0
1773243447000,64.1419411833333,-21.946776,0.0,0.0,0.0,true,14,0
1773243452000,64.1419411833333,-21.946776,5.0,0.0,0.0,true,15,0
1773243452000,64.1419411833333,-21.946776,0.0,0.0,0.0,true,16,0
1773243457000,64.14190685,-21.9467023333333,5.0,5.2,3.8,false,16,35.0
1773243457000,64.14190685,-21.9467023333333,0.0,0.0,0.0,true,1,0
1773243457000,64.14190685,-21.9467023333333,0.0,0.0,0.0,true,2,0
1773243462000,64.1416777333333,-21.946242,5.0,33.9,24.4,false,2,5.0
1773243466000,64.1412298333333,-21.9452691666667,4.0,68.6,61.7,false,0,4.0
1773243466000,64.1412298333333,-21.9452691666667,0.0,0.0,0.0,true,1,0
1773243468000,64.1412298333333,-21.9452691666667,2.0,0.0,0.0,true,2,0
1773243468000,64.1412298333333,-21.9452691666667,0.0,0.0,0.0,true,3,0
1773243471000,64.1407233833333,-21.94429,3.0,73.7,88.4,false,3,5.0
1773243477000,64.1401783333333,-21.9432465,6.0,79.0,47.4,false,0,6.0
1773243477000,64.1401783333333,-21.9432465,0.0,0.0,0.0,true,1,0
1773243477000,64.1401783333333,-21.9432465,0.0,0.0,0.0,true,2,0
1773243477000,64.1401783333333,-21.9432465,0.0,0.0,0.0,true,3,0
1773243481000,64.1396864833333,-21.9422955,4.0,71.5,64.4,false,3,4.0
1773243485000,64.139412,-21.9416785,4.0,42.7,38.5,false,0,4.0
1773243487000,64.139412,-21.9416785,2.0,0.0,0.0,true,1,0
1773243487000,64.139412,-21.9416785,0.0,0.0,0.0,true,2,0
1773243490000,64.1391668166667,-21.9411306666667,3.0,38.1,45.7,false,2,5.0
1773243490000,64.1391668166667,-21.9411306666667,0.0,0.0,0.0,true,1,0
1773243496000,64.1390176,-21.940805,6.0,22.9,13.7,false,1,6.0
1773243498000,64.1390176,-21.940805,2.0,0.0,0.0,true,1,0
1773243498000,64.1390176,-21.940805,0.0,0.0,0.0,true,2,0
1773243500000,64.1389139166667,-21.9405681666667,2.0,16.3,29.3,false,2,4.0
1773243502000,64.1389139166667,-21.9405681666667,2.0,0.0,0.0,true,1,0
1773243502000,64.1389139166667,-21.9405681666667,0.0,0.0,0.0,true,2,0
1773243506000,64.1386861166667,-21.9399858333333,4.0,37.9,34.1,false,2,6.0
1773243508000,64.1386861166667,-21.9399858333333,2.0,0.0,0.0,true,1,0
1773243508000,64.1386861166667,-21.9399858333333,0.0,0.0,0.0,true,2,0
1773243512000,64.1387958166667,-21.9394026666667,4.0,30.8,27.7,false,2,6.0
1773243512000,64.1387958166667,-21.9394026666667,0.0,0.0,0.0,true,1,0
1773243516000,64.1390659,-21.9387583333333,4.0,43.3,39.0,false,1,4.0
1773243520000,64.1393107666667,-21.9381685,4.0,39.5,35.5,false,0,4.0
1773243520000,64.1393107666667,-21.9381685,0.0,0.0,0.0,true,1,0
1773243520000,64.1393107666667,-21.9381685,0.0,0.0,0.0,true,2,0
1773243525000,64.1393189,-21.9377406666667,5.0,20.8,15.0,false,2,5.0
1773243527000,64.1393189,-21.9377406666667,2.0,0.0,0.0,true,1,0
1773243527000,64.1393189,-21.9377406666667,0.0,0.0,0.0,true,2,0
1773243531000,64.13909465,-21.9372466666667,4.0,34.6,31.1,false,2,6.0
1773243533000,64.13909465,-21.9372466666667,2.0,0.0,0.0,true,1,0
1773243533000,64.13909465,-21.9372466666667,0.0,0.0,0.0,true,2,0
1773243533000,64.13909465,-21.9372466666667,0.0,0.0,0.0,true,3,0
1773243537000,64.1388986666667,-21.9367683333333,4.0,31.8,28.6,false,3,6.0
1773243537000,64.1388986666667,-21.9367683333333,0.0,0.0,0.0,true,1,0
1773243540000,64.1387520333333,-21.9359733333333,3.0,41.9,50.2,false,1,3.0
1773243542000,64.1387520333333,-21.9359733333333,2.0,0.0,0.0,true,1,0
1773243545000,64.1386265833333,-21.9351576666667,3.0,41.9,50.3,false,1,5.0
1773243548000,64.1386265833333,-21.9351576666667,3.0,0.0,0.0,true,1,0
1773243548000,64.1386265833333,-21.9351576666667,0.0,0.0,0.0,true,2,0
1773243551000,64.1385089,-21.9344243333333,3.0,37.9,45.5,false,2,6.0
1773243554000,64.1385017333333,-21.9343638333333,3.0,3.0,3.6,false,0,3.0
1773243556000,64.1385016333333,-21.9343768333333,2.0,0.6,1.1,false,0,2.0
1773243556000,64.1385016333333,-21.9343768333333,0.0,0.0,0.0,true,1,0
1773243560000,64.1385016333333,-21.9343768333333,4.0,0.0,0.0,true,2,0
1773243560000,64.1385016333333,-21.9343768333333,0.0,0.0,0.0,true,3,0
1773243560000,64.1385016333333,-21.9343768333333,0.0,0.0,0.0,true,4,0
1773243567000,64.1385022666667,-21.9343765,7.0,0.1,0.0,true,5,0
1773243567000,64.1385022666667,-21.9343765,0.0,0.0,0.0,true,6,0
1773243571000,64.1385022666667,-21.9343765,4.0,0.0,0.0,true,7,0
1773243573000,64.1385024166667,-21.9343765,2.0,0.0,0.0,true,8,0
1773243573000,64.1385024166667,-21.9343765,0.0,0.0,0.0,true,9,0
1773243577000,64.1385022666667,-21.9343763333333,4.0,0.0,0.0,true,10,0
1773243577000,64.1385022666667,-21.9343763333333,0.0,0.0,0.0,true,11,0
1773243577000,64.1385022666667,-21.9343763333333,0.0,0.0,0.0,true,12,0
1773243583000,64.13850245,-21.9343761666667,6.0,0.0,0.0,true,13,0
1773243583000,64.13850245,-21.9343761666667,0.0,0.0,0.0,true,14,0
1773243588000,64.1385022333333,-21.9343763333333,5.0,0.0,0.0,true,15,0
1773243588000,64.1385022333333,-21.9343763333333,0.0,0.0,0.0,true,16,0
1773243592000,64.1385022333333,-21.9343763333333,4.0,0.0,0.0,true,17,0
1773243592000,64.1385022333333,-21.9343763333333,0.0,0.0,0.0,true,18,0
1773243595000,64.1385022333333,-21.9343763333333,3.0,0.0,0.0,true,19,0
1773243599000,64.1384793833333,-21.9342586666667,4.0,6.2,5.6,false,19,43.0
1773243599000,64.1384793833333,-21.9342586666667,0.0,0.0,0.0,true,1,0
1773243601000,64.1384793833333,-21.9342586666667,2.0,0.0,0.0,true,2,0
1773243601000,64.1384793833333,-21.9342586666667,0.0,0.0,0.0,true,3,0
1773243601000,64.1384793833333,-21.9342586666667,0.0,0.0,0.0,true,4,0
1773243605000,64.1384190333333,-21.9339706666667,4.0,15.5,13.9,false,4,6.0
1773243605000,64.1384190333333,-21.9339706666667,0.0,0.0,0.0,true,1,0
1773243610000,64.1382316666667,-21.9340286666667,5.0,21.0,15.1,false,1,5.0
1773243610000,64.1382316666667,-21.9340286666667,0.0,0.0,0.0,true,1,0
1773243615000,64.1380086166667,-21.9342555,5.0,27.1,19.5,false,1,5.0
1773243615000,64.1380086166667,-21.9342555,0.0,0.0,0.0,true,1,0
1773243619000,64.1380045333333,-21.9346733333333,4.0,20.3,18.2,false,1,4.0
1773243619000,64.1380045333333,-21.9346733333333,0.0,0.0,0.0,true,1,0
1773243622000,64.1381214166667,-21.9353166666667,3.0,33.8,40.6,false,1,3.0
1773243624000,64.1381214166667,-21.9353166666667,2.0,0.0,0.0,true,1,0
1773243624000,64.1381214166667,-21.9353166666667,0.0,0.0,0.0,true,2,0
1773243628000,64.1382802166667,-21.9362381666667,4.0,48.1,43.3,false,2,6.0
1773243631000,64.1384616833333,-21.9368211666667,3.0,34.7,41.7,false,0,3.0
1773243631000,64.1384616833333,-21.9368211666667,0.0,0.0,0.0,true,1,0
1773243633000,64.1384616833333,-21.9368211666667,2.0,0.0,0.0,true,2,0
1773243636000,64.1384616833333,-21.9368211666667,3.0,0.0,0.0,true,3,0
1773243636000,64.1384616833333,-21.9368211666667,0.0,0.0,0.0,true,4,0
1773243641000,64.1387040833333,-21.9365538333333,5.0,29.9,21.5,false,4,10.0
1773243641000,64.1387040833333,-21.9365538333333,0.0,0.0,0.0,true,1,0
1773243643000,64.1388857833333,-21.9364713333333,2.0,20.6,37.1,false,1,2.0
1773243647000,64.1390268833333,-21.937033,4.0,31.4,28.3,false,0,4.0
1773243647000,64.1390268833333,-21.937033,0.0,0.0,0.0,true,1,0
1773243649000,64.1390268833333,-21.937033,2.0,0.0,0.0,true,2,0
1773243653000,64.1393220333333,-21.9375661666667,4.0,41.8,37.6,false,2,6.0
1773243653000,64.1393220333333,-21.9375661666667,0.0,0.0,0.0,true,1,0
1773243655000,64.1393220333333,-21.9375661666667,2.0,0.0,0.0,true,2,0
1773243658000,64.1396253666667,-21.9376856666667,3.0,34.2,41.1,false,2,5.0
1773243658000,64.1396253666667,-21.9376856666667,0.0,0.0,0.0,true,1,0
1773243661000,64.1397022,-21.9376875,3.0,8.5,10.3,false,1,3.0
1773243663000,64.1397169166667,-21.9377113333333,2.0,2.0,3.6,false,0,2.0
1773243663000,64.1397169166667,-21.9377113333333,0.0,0.0,0.0,true,1,0
1773243666000,64.1397169166667,-21.9377113333333,3.0,0.0,0.0,true,2,0
1773243672000,64.1396648333333,-21.9380943333333,6.0,19.5,11.7,false,2,9.0
1773243672000,64.1396648333333,-21.9380943333333,0.0,0.0,0.0,true,1,0
1773243676000,64.1394314166667,-21.9383185,4.0,28.1,25.3,false,1,4.0
1773243676000,64.1394314166667,-21.9383185,0.0,0.0,0.0,true,1,0
1773243678000,64.1392465,-21.938702,2.0,27.7,49.9,false,1,2.0
1773243681000,64.1392465,-21.938702,3.0,0.0,0.0,true,1,0
1773243681000,64.1392465,-21.938702,0.0,0.0,0.0,true,2,0
1773243684000,64.1392410666667,-21.938715,3.0,0.9,1.0,false,2,6.0
1773243687000,64.1392410666667,-21.938715,3.0,0.0,0.0,true,1,0
1773243689000,64.1392410666667,-21.938715,2.0,0.0,0.0,true,2,0
1773243689000,64.1392410666667,-21.938715,0.0,0.0,0.0,true,3,0
1773243692000,64.1392411166667,-21.9387153333333,3.0,0.0,0.0,true,4,0
1773243692000,64.1392411166667,-21.9387153333333,0.0,0.0,0.0,true,5,0
1773243694000,64.13924125,-21.9387156666667,2.0,0.0,0.0,true,6,0
1773243698000,64.13924125,-21.9387156666667,4.0,0.0,0.0,true,7,0
1773243698000,64.13924125,-21.9387156666667,0.0,0.0,0.0,true,8,0
1773243704000,64.13924125,-21.9387156666667,6.0,0.0,0.0,true,9,0
1773243704000,64.13924125,-21.9387156666667,0.0,0.0,0.0,true,10,0
1773243707000,64.1392404,-21.9387146666667,3.0,0.1,0.1,true,11,0
1773243707000,64.1392404,-21.9387146666667,0.0,0.0,0.0,true,12,0
1773243713000,64.1392396833333,-21.9387133333333,6.0,0.1,0.1,true,13,0
1773243713000,64.1392396833333,-21.9387133333333,0.0,0.0,0.0,true,14,0
1773243713000,64.1392396833333,-21.9387133333333,0.0,0.0,0.0,true,15,0
1773243713000,64.1392396833333,-21.9387133333333,0.0,0.0,0.0,true,16,0
1773243717000,64.13923945,-21.9387133333333,4.0,0.0,0.0,true,17,0
1773243719000,64.13923945,-21.9387133333333,2.0,0.0,0.0,true,18,0
1773243719000,64.13923945,-21.9387133333333,0.0,0.0,0.0,true,19,0
1773243726000,64.13923935,-21.9387133333333,7.0,0.0,0.0,true,20,0
1773243726000,64.13923935,-21.9387133333333,0.0,0.0,0.0,true,21,0
1773243730000,64.1392393,-21.9387133333333,4.0,0.0,0.0,true,22,0
1773243732000,64.1392393,-21.9387133333333,2.0,0.0,0.0,true,23,0
1773243732000,64.1392393,-21.9387133333333,0.0,0.0,0.0,true,24,0
1773243734000,64.1392393,-21.9387135,2.0,0.0,0.0,true,25,0
1773243736000,64.1392393,-21.9387135,2.0,0.0,0.0,true,26,0
1773243736000,64.1392393,-21.9387135,0.0,0.0,0.0,true,27,0
1773243742000,64.1392178333333,-21.9387613333333,6.0,3.3,2.0,false,27,58.0
1773243742000,64.1392178333333,-21.9387613333333,0.0,0.0,0.0,true,1,0
1773243742000,64.1392178333333,-21.9387613333333,0.0,0.0,0.0,true,2,0
1773243742000,64.1392178333333,-21.9387613333333,0.0,0.0,0.0,true,3,0
1773243747000,64.1390521333333,-21.9391506666667,5.0,26.4,19.0,false,3,5.0
1773243750000,64.1389245666667,-21.9394508333333,3.0,20.3,24.4,false,0,3.0
1773243750000,64.1389245666667,-21.9394508333333,0.0,0.0,0.0,true,1,0
1773243756000,64.1389246333333,-21.9394421666667,6.0,0.4,0.3,true,2,0
1773243756000,64.1389246333333,-21.9394421666667,0.0,0.0,0.0,true,3,0
1773243756000,64.1389246333333,-21.9394421666667,0.0,0.0,0.0,true,4,0
1773243759000,64.1389258833333,-21.9394386666667,3.0,0.2,0.3,true,5,0
1773243765000,64.13892645,-21.9394378333333,6.0,0.1,0.0,true,6,0
1773243765000,64.13892645,-21.9394378333333,0.0,0.0,0.0,true,7,0
1773243767000,64.13892645,-21.9394378333333,2.0,0.0,0.0,true,8,0
1773243770000,64.1389256,-21.9394375,3.0,0.1,0.1,true,9,0
1773243770000,64.1389256,-21.9394375,0.0,0.0,0.0,true,10,0
1773243770000,64.1389256,-21.9394375,0.0,0.0,0.0,true,11,0
1773243776000,64.1389246666667,-21.9394368333333,6.0,0.1,0.1,true,12,0
1773243776000,64.1389246666667,-21.9394368333333,0.0,0.0,0.0,true,13,0
1773243776000,64.1389246666667,-21.9394368333333,0.0,0.0,0.0,true,14,0
1773243776000,64.1389246666667,-21.9394368333333,0.0,0.0,0.0,true,15,0
1773243776000,64.1389246666667,-21.9394368333333,0.0,0.0,0.0,true,16,0
1773243776000,64.1389246666667,-21.9394368333333,0.0,0.0,0.0,true,17,0
1773243787000,64.1389249333333,-21.9394376666667,11.0,0.1,0.0,true,18,0
1773243787000,64.1389249333333,-21.9394376666667,0.0,0.0,0.0,true,19,0
1773243787000,64.1389249333333,-21.9394376666667,0.0,0.0,0.0,true,20,0
1773243793000,64.1389245,-21.9394375,6.0,0.0,0.0,true,21,0
1773243793000,64.1389245,-21.9394375,0.0,0.0,0.0,true,22,0
1773243795000,64.1389244666667,-21.9394375,2.0,0.0,0.0,true,23,0
1773243799000,64.1389244333333,-21.9394376666667,4.0,0.0,0.0,true,24,0
1773243799000,64.1389244333333,-21.9394376666667,0.0,0.0,0.0,true,25,0
1773243799000,64.1389244333333,-21.9394376666667,0.0,0.0,0.0,true,26,0
1773243802000,64.1389244333333,-21.9394376666667,3.0,0.0,0.0,true,27,0
1773243810000,64.1389242666667,-21.9394375,8.0,0.0,0.0,true,28,0
1773243810000,64.1389242666667,-21.9394375,0.0,0.0,0.0,true,29,0
1773243812000,64.1389242666667,-21.9394375,2.0,0.0,0.0,true,30,0
1773243812000,64.1389242666667,-21.9394375,0.0,0.0,0.0,true,31,0
1773243814000,64.13892425,-21.9394376666667,2.0,0.0,0.0,true,32,0
1773243817000,64.13892425,-21.9394376666667,3.0,0.0,0.0,true,33,0
1773243817000,64.13892425,-21.9394376666667,0.0,0.0,0.0,true,34,0
1773243820000,64.1389241666667,-21.9394376666667,3.0,0.0,0.0,true,35,0
1773243822000,64.1389241666667,-21.9394376666667,2.0,0.0,0.0,true,36,0
1773243824000,64.1389051666667,-21.939485,2.0,3.1,5.6,false,36,74.0
1773243828000,64.1389051666667,-21.939485,4.0,0.0,0.0,true,1,0
1773243828000,64.1389051666667,-21.939485,0.0,0.0,0.0,true,2,0
1773243831000,64.1387084833333,-21.9398495,3.0,28.1,33.7,false,2,7.0
1773243833000,64.1387084833333,-21.9398495,2.0,0.0,0.0,true,1,0
1773243833000,64.1387084833333,-21.9398495,0.0,0.0,0.0,true,2,0
1773243833000,64.1387084833333,-21.9398495,0.0,0.0,0.0,true,3,0
1773243838000,64.1383954,-21.939567,5.0,37.4,26.9,false,3,7.0
1773243838000,64.1383954,-21.939567,0.0,0.0,0.0,true,1,0
1773243845000,64.1376349333333,-21.9378253333333,7.0,119.5,61.5,false,1,7.0
1773243845000,64.1376349333333,-21.9378253333333,0.0,0.0,0.0,true,1,0
1773243847000,64.1376349333333,-21.9378253333333,2.0,0.0,0.0,true,2,0
1773243847000,64.1376349333333,-21.9378253333333,0.0,0.0,0.0,true,3,0
1773243847000,64.1376349333333,-21.9378253333333,0.0,0.0,0.0,true,4,0
1773243847000,64.1376349333333,-21.9378253333333,0.0,0.0,0.0,true,5,0
1773243847000,64.1376349333333,-21.9378253333333,0.0,0.0,0.0,true,6,0
1773243847000,64.1376349333333,-21.9378253333333,0.0,0.0,0.0,true,7,0
1773243847000,64.1376349333333,-21.9378253333333,0.0,0.0,0.0,true,8,0
1773243862000,64.1365129833333,-21.9348821666667,15.0,189.6,45.5,false,8,17.0
1773243864000,64.1365129833333,-21.9348821666667,2.0,0.0,0.0,true,1,0
1773243864000,64.1365129833333,-21.9348821666667,0.0,0.0,0.0,true,2,0
1773243867000,64.1364454333333,-21.9346505,3.0,13.5,16.2,false,2,5.0
1773243867000,64.1364454333333,-21.9346505,0.0,0.0,0.0,true,1,0
1773243870000,64.1364454333333,-21.9346505,3.0,0.0,0.0,true,2,0
1773243872000,64.13629525,-21.9340815,2.0,32.3,58.1,false,2,5.0
1773243872000,64.13629525,-21.9340815,0.0,0.0,0.0,true,1,0
1773243877000,64.1361059666667,-21.9332063333333,5.0,47.4,34.1,false,1,5.0
1773243877000,64.1361059666667,-21.9332063333333,0.0,0.0,0.0,true,1,0
1773243877000,64.1361059666667,-21.9332063333333,0.0,0.0,0.0,true,2,0
1773243884000,64.1359808333333,-21.9325001666667,7.0,37.0,19.0,false,2,7.0
1773243884000,64.1359808333333,-21.9325001666667,0.0,0.0,0.0,true,1,0
1773243888000,64.1359266333333,-21.9321495,4.0,18.0,16.2,false,1,4.0
1773243888000,64.1359266333333,-21.9321495,0.0,0.0,0.0,true,1,0
1773243890000,64.1359266333333,-21.9321495,2.0,0.0,0.0,true,2,0
1773243893000,64.1358703,-21.93186,3.0,15.4,18.5,false,2,5.0
1773243893000,64.1358703,-21.93186,0.0,0.0,0.0,true,1,0
1773243896000,64.1358331,-21.9317231666667,3.0,7.8,9.4,false,1,3.0
1773243900000,64.1358331,-21.9317231666667,4.0,0.0,0.0,true,1,0
1773243900000,64.1358331,-21.9317231666667,0.0,0.0,0.0,true,2,0
1773243903000,64.13576195,-21.9313933333333,3.0,17.8,21.4,false,2,7.0
1773243903000,64.13576195,-21.9313933333333,0.0,0.0,0.0,true,1,0
1773243908000,64.1356937333333,-21.930913,5.0,24.5,17.6,false,1,5.0
1773243908000,64.1356937333333,-21.930913,0.0,0.0,0.0,true,1,0
1773243908000,64.1356937333333,-21.930913,0.0,0.0,0.0,true,2,0
1773243912000,64.1356954833333,-21.9309083333333,4.0,0.3,0.3,true,3,0
1773243914000,64.1356954833333,-21.9309083333333,2.0,0.0,0.0,true,4,0
1773243914000,64.1356954833333,-21.9309083333333,0.0,0.0,0.0,true,5,0
1773243919000,64.1356955666667,-21.9309083333333,5.0,0.0,0.0,true,6,0
1773243919000,64.1356955666667,-21.9309083333333,0.0,0.0,0.0,true,7,0
1773243919000,64.1356955666667,-21.9309083333333,0.0,0.0,0.0,true,8,0
1773243927000,64.1356955,-21.9309085,8.0,0.0,0.0,true,9,0
1773243927000,64.1356955,-21.9309085,0.0,0.0,0.0,true,10,0
1773243927000,64.1356955,-21.9309085,0.0,0.0,0.0,true,11,0
1773243929000,64.1356955,-21.9309085,2.0,0.0,0.0,true,12,0
1773243931000,64.13569125,-21.930771,2.0,6.7,12.0,false,12,23.0
1773243935000,64.13569125,-21.930771,4.0,0.0,0.0,true,1,0
1773243937000,64.1356869,-21.9305628333333,2.0,10.1,18.2,false,1,6.0
1773243941000,64.13568795,-21.9305663333333,4.0,0.2,0.2,true,1,0
1773243941000,64.13568795,-21.9305663333333,0.0,0.0,0.0,true,2,0
1773243941000,64.13568795,-21.9305663333333,0.0,0.0,0.0,true,3,0
1773243946000,64.135723,-21.9304333333333,5.0,7.5,5.4,false,3,9.0
1773243946000,64.135723,-21.9304333333333,0.0,0.0,0.0,true,1,0
1773243948000,64.135723,-21.9304333333333,2.0,0.0,0.0,true,2,0
1773243952000,64.135723,-21.9304333333333,4.0,0.0,0.0,true,3,0
1773243952000,64.135723,-21.9304333333333,0.0,0.0,0.0,true,4,0
1773243952000,64.135723,-21.9304333333333,0.0,0.0,0.0,true,5,0
1773243956000,64.1356761833333,-21.9298015,4.0,31.1,28.0,false,5,10.0
1773243959000,64.1356683166667,-21.9292095,3.0,28.7,34.5,false,0,3.0
1773243964000,64.1356994,-21.9287345,5.0,23.3,16.8,false,0,5.0
1773243967000,64.1356994,-21.9287345,3.0,0.0,0.0,true,1,0
1773243967000,64.1356994,-21.9287345,0.0,0.0,0.0,true,2,0
1773243967000,64.1356994,-21.9287345,0.0,0.0,0.0,true,3,0
1773243972000,64.1357219,-21.9284783333333,5.0,12.7,9.1,false,3,8.0
1773243972000,64.1357219,-21.9284783333333,0.0,0.0,0.0,true,1,0
1773243979000,64.1357238166667,-21.9281806666667,7.0,14.4,7.4,false,1,7.0
1773243979000,64.1357238166667,-21.9281806666667,0.0,0.0,0.0,true,1,0
1773243981000,64.1357238166667,-21.9281806666667,2.0,0.0,0.0,true,2,0
1773243981000,64.1357238166667,-21.9281806666667,0.0,0.0,0.0,true,3,0
1773243981000,64.1357238166667,-21.9281806666667,0.0,0.0,0.0,true,4,0
1773243981000,64.1357238166667,-21.9281806666667,0.0,0.0,0.0,true,5,0
1773243981000,64.1357238166667,-21.9281806666667,0.0,0.0,0.0,true,6,0
1773243989000,64.1357441333333,-21.92783,8.0,17.2,7.7,false,6,10.0
1773243993000,64.1357545,-21.9278158333333,4.0,1.3,1.2,false,0,4.0
1773243993000,64.1357545,-21.9278158333333,0.0,0.0,0.0,true,1,0
1773243998000,64.1357626833333,-21.927704,5.0,5.5,4.0,false,1,5.0
1773243998000,64.1357626833333,-21.927704,0.0,0.0,0.0,true,1,0
1773244002000,64.1357765833333,-21.9273898333333,4.0,15.3,13.8,false,1,4.0
1773244002000,64.1357765833333,-21.9273898333333,0.0,0.0,0.0,true,1,0
1773244004000,64.1357806666667,-21.927307,2.0,4.0,7.3,false,1,2.0
1773244006000,64.1357806666667,-21.927307,2.0,0.0,0.0,true,1,0
1773244006000,64.1357806666667,-21.927307,0.0,0.0,0.0,true,2,0
1773244012000,64.1357751333333,-21.9271723333333,6.0,6.6,3.9,false,2,8.0
1773244012000,64.1357751333333,-21.9271723333333,0.0,0.0,0.0,true,1,0
1773244015000,64.1357748,-21.9270465,3.0,6.1,7.3,false,1,3.0
1773244015000,64.1357748,-21.9270465,0.0,0.0,0.0,true,1,0
1773244017000,64.1357748,-21.9270465,2.0,0.0,0.0,true,2,0
1773244021000,64.1357720166667,-21.926996,4.0,2.5,2.2,false,2,6.0
1773244024000,64.1357742166667,-21.9268315,3.0,8.0,9.6,false,0,3.0
1773244026000,64.1357742166667,-21.9268315,2.0,0.0,0.0,true,1,0
1773244026000,64.1357742166667,-21.9268315,0.0,0.0,0.0,true,2,0
1773244026000,64.1357742166667,-21.9268315,0.0,0.0,0.0,true,3,0
1773244029000,64.1357728666667,-21.9267018333333,3.0,6.3,7.5,false,3,5.0
1773244032000,64.1357728666667,-21.9267018333333,3.0,0.0,0.0,true,1,0
1773244032000,64.1357728666667,-21.9267018333333,0.0,0.0,0.0,true,2,0
1773244037000,64.1357819833333,-21.9263691666667,5.0,16.2,11.6,false,2,8.0
1773244037000,64.1357819833333,-21.9263691666667,0.0,0.0,0.0,true,1,0
1773244037000,64.1357819833333,-21.9263691666667,0.0,0.0,0.0,true,2,0
1773244042000,64.1357945166667,-21.9260676666667,5.0,14.7,10.6,false,2,5.0
1773244044000,64.13580715,-21.9257886666667,2.0,13.6,24.5,false,0,2.0
1773244044000,64.13580715,-21.9257886666667,0.0,0.0,0.0,true,1,0
1773244049000,64.1358187666667,-21.9255111666667,5.0,13.5,9.7,false,1,5.0
1773244049000,64.1358187666667,-21.9255111666667,0.0,0.0,0.0,true,1,0
1773244053000,64.1358266333333,-21.925288,4.0,10.9,9.8,false,1,4.0
1773244055000,64.1358274,-21.9252556666667,2.0,1.6,2.8,false,0,2.0
1773244058000,64.13583215,-21.9251358333333,3.0,5.8,7.0,false,0,3.0
1773244058000,64.13583215,-21.9251358333333,0.0,0.0,0.0,true,1,0
1773244058000,64.13583215,-21.9251358333333,0.0,0.0,0.0,true,2,0
1773244062000,64.1358352666667,-21.924845,4.0,14.1,12.7,false,2,4.0
1773244062000,64.1358352666667,-21.924845,0.0,0.0,0.0,true,1,0
1773244062000,64.1358352666667,-21.924845,0.0,0.0,0.0,true,2,0
1773244069000,64.1358392333333,-21.9247266666667,7.0,5.8,3.0,false,2,7.0
1773244069000,64.1358392333333,-21.9247266666667,0.0,0.0,0.0,true,1,0
1773244069000,64.1358392333333,-21.9247266666667,0.0,0.0,0.0,true,2,0
1773244073000,64.1358441833333,-21.9246128333333,4.0,5.5,5.0,false,2,4.0
1773244077000,64.13585165,-21.924318,4.0,14.3,12.9,false,0,4.0
1773244079000,64.13585165,-21.924318,2.0,0.0,0.0,true,1,0
1773244079000,64.13585165,-21.924318,0.0,0.0,0.0,true,2,0
1773244084000,64.13584265,-21.923832,5.0,23.6,17.0,false,2,7.0
1773244084000,64.13584265,-21.923832,0.0,0.0,0.0,true,1,0
1773244084000,64.13584265,-21.923832,0.0,0.0,0.0,true,2,0
1773244090000,64.1358799,-21.9229781666667,6.0,41.6,25.0,false,2,6.0
1773244090000,64.1358799,-21.9229781666667,0.0,0.0,0.0,true,1,0
1773244093000,64.1359803833333,-21.9219175,3.0,52.6,63.2,false,1,3.0
1773244097000,64.1360905833333,-21.9212611666667,4.0,34.1,30.7,false,0,4.0
1773244097000,64.1360905833333,-21.9212611666667,0.0,0.0,0.0,true,1,0
1773244099000,64.1361077666667,-21.9211866666667,2.0,4.1,7.4,false,1,2.0
1773244103000,64.1361274166667,-21.921092,4.0,5.1,4.6,false,0,4.0
1773244103000,64.1361274166667,-21.921092,0.0,0.0,0.0,true,1,0
1773244105000,64.1361274166667,-21.921092,2.0,0.0,0.0,true,2,0
1773244110000,64.1361619666667,-21.9207936666667,5.0,15.0,10.8,false,2,7.0
1773244110000,64.1361619666667,-21.9207936666667,0.0,0.0,0.0,true,1,0
1773244113000,64.1361928,-21.9204263333333,3.0,18.1,21.8,false,1,3.0
1773244115000,64.1361928,-21.9204263333333,2.0,0.0,0.0,true,1,0
1773244115000,64.1361928,-21.9204263333333,0.0,0.0,0.0,true,2,0
1773244120000,64.1362135,-21.9199665,5.0,22.4,16.1,false,2,7.0
1773244120000,64.1362135,-21.9199665,0.0,0.0,0.0,true,1,0
1773244120000,64.1362135,-21.9199665,0.0,0.0,0.0,true,2,0
1773244125000,64.1362082833333,-21.9195018333333,5.0,22.5,16.2,false,2,5.0
1773244125000,64.1362082833333,-21.9195018333333,0.0,0.0,0.0,true,1,0
1773244125000,64.1362082833333,-21.9195018333333,0.0,0.0,0.0,true,2,0
1773244129000,64.1362138666667,-21.9194988333333,4.0,0.6,0.6,false,2,4.0
1773244133000,64.1362105,-21.9194106666667,4.0,4.3,3.9,false,0,4.0
1773244135000,64.1362105,-21.9194106666667,2.0,0.0,0.0,true,1,0
1773244138000,64.1361880833333,-21.9190983333333,3.0,15.4,18.4,false,1,5.0
1773244138000,64.1361880833333,-21.9190983333333,0.0,0.0,0.0,true,1,0
1773244140000,64.1361835833333,-21.919033,2.0,3.2,5.8,false,1,2.0
1773244144000,64.1361835833333,-21.919033,4.0,0.0,0.0,true,1,0
1773244144000,64.1361835833333,-21.919033,0.0,0.0,0.0,true,2,0
1773244146000,64.1361842833333,-21.9189526666667,2.0,3.9,7.0,false,2,6.0
1773244149000,64.1361401666667,-21.9185066666667,3.0,22.2,26.6,false,0,3.0
1773244149000,64.1361401666667,-21.9185066666667,0.0,0.0,0.0,true,1,0
1773244149000,64.1361401666667,-21.9185066666667,0.0,0.0,0.0,true,2,0
1773244153000,64.13607175,-21.9179695,4.0,27.1,24.4,false,2,4.0
1773244153000,64.13607175,-21.9179695,0.0,0.0,0.0,true,1,0
1773244155000,64.13607175,-21.9179695,2.0,0.0,0.0,true,2,0
1773244164000,64.1358405666667,-21.9162776666667,9.0,86.0,34.4,false,2,11.0
1773244164000,64.1358405666667,-21.9162776666667,0.0,0.0,0.0,true,1,0
1773244164000,64.1358405666667,-21.9162776666667,0.0,0.0,0.0,true,2,0
1773244169000,64.1356187166667,-21.9146485,5.0,82.8,59.6,false,2,5.0
1773244169000,64.1356187166667,-21.9146485,0.0,0.0,0.0,true,1,0
1773244169000,64.1356187166667,-21.9146485,0.0,0.0,0.0,true,2,0
1773244173000,64.13550955,-21.9138658333333,4.0,39.9,35.9,false,2,4.0
1773244173000,64.13550955,-21.9138658333333,0.0,0.0,0.0,true,1,0
1773244175000,64.13550955,-21.9138658333333,2.0,0.0,0.0,true,2,0
1773244175000,64.13550955,-21.9138658333333,0.0,0.0,0.0,true,3,0
1773244179000,64.1353544833333,-21.9128373333333,4.0,52.8,47.5,false,3,6.0
1773244181000,64.1353544833333,-21.9128373333333,2.0,0.0,0.0,true,1,0
1773244181000,64.1353544833333,-21.9128373333333,0.0,0.0,0.0,true,2,0
1773244186000,64.1352070333333,-21.9119593333333,5.0,45.6,32.9,false,2,7.0
1773244190000,64.1351164666667,-21.9115306666667,4.0,23.1,20.8,false,0,4.0
1773244190000,64.1351164666667,-21.9115306666667,0.0,0.0,0.0,true,1,0
1773244193000,64.1351164666667,-21.9115306666667,3.0,0.0,0.0,true,2,0
1773244195000,64.1351192666667,-21.911537,2.0,0.4,0.8,true,3,0
1773244195000,64.1351192666667,-21.911537,0.0,0.0,0.0,true,4,0
1773244199000,64.1351192666667,-21.911537,4.0,0.0,0.0,true,5,0
1773244201000,64.1351190333333,-21.9115378333333,2.0,0.0,0.1,true,6,0
1773244201000,64.1351190333333,-21.9115378333333,0.0,0.0,0.0,true,7,0
1773244205000,64.13511895,-21.9115383333333,4.0,0.0,0.0,true,8,0
1773244207000,64.13511895,-21.9115383333333,2.0,0.0,0.0,true,9,0
1773244207000,64.13511895,-21.9115383333333,0.0,0.0,0.0,true,10,0
1773244211000,64.1351192333333,-21.911539,4.0,0.0,0.0,true,11,0
1773244214000,64.1351192333333,-21.911539,3.0,0.0,0.0,true,12,0
1773244214000,64.1351192333333,-21.911539,0.0,0.0,0.0,true,13,0
1773244218000,64.1351192,-21.9115396666667,4.0,0.0,0.0,true,14,0
1773244218000,64.1351192,-21.9115396666667,0.0,0.0,0.0,true,15,0
1773244220000,64.1351139333333,-21.9114858333333,2.0,2.7,4.8,false,15,30.0
1773244225000,64.1351139333333,-21.9114858333333,5.0,0.0,0.0,true,1,0
1773244225000,64.1351139333333,-21.9114858333333,0.0,0.0,0.0,true,2,0
1773244225000,64.1351139333333,-21.9114858333333,0.0,0.0,0.0,true,3,0
1773244225000,64.1351139333333,-21.9114858333333,0.0,0.0,0.0,true,4,0
1773244230000,64.1350198333333,-21.910878,5.0,31.3,22.5,false,4,10.0
1773244230000,64.1350198333333,-21.910878,0.0,0.0,0.0,true,1,0
1773244230000,64.1350198333333,-21.910878,0.0,0.0,0.0,true,2,0
1773244230000,64.1350198333333,-21.910878,0.0,0.0,0.0,true,3,0
1773244240000,64.1346334,-21.9084308333333,10.0,126.2,45.4,false,3,10.0
1773244240000,64.1346334,-21.9084308333333,0.0,0.0,0.0,true,1,0
1773244240000,64.1346334,-21.9084308333333,0.0,0.0,0.0,true,2,0
1773244240000,64.1346334,-21.9084308333333,0.0,0.0,0.0,true,3,0
1773244245000,64.1343855666667,-21.9067403333333,5.0,86.5,62.3,false,3,5.0
1773244251000,64.1342924666667,-21.9061488333333,6.0,30.5,18.3,false,0,6.0
1773244251000,64.1342924666667,-21.9061488333333,0.0,0.0,0.0,true,1,0
1773244255000,64.1342924666667,-21.9061488333333,4.0,0.0,0.0,true,2,0
1773244255000,64.1342924666667,-21.9061488333333,0.0,0.0,0.0,true,3,0
1773244258000,64.1342520833333,-21.905884,3.0,13.6,16.3,false,3,7.0
1773244260000,64.1342520833333,-21.905884,2.0,0.0,0.0,true,1,0
1773244260000,64.1342520833333,-21.905884,0.0,0.0,0.0,true,2,0
1773244260000,64.1342520833333,-21.905884,0.0,0.0,0.0,true,3,0
1773244264000,64.1342431,-21.9058475,4.0,2.0,1.8,false,3,6.0
1773244266000,64.1342433666667,-21.9058478333333,2.0,0.0,0.1,true,1,0
1773244270000,64.1342433666667,-21.9058478333333,4.0,0.0,0.0,true,2,0
1773244270000,64.1342433666667,-21.9058478333333,0.0,0.0,0.0,true,3,0
1773244270000,64.1342433666667,-21.9058478333333,0.0,0.0,0.0,true,4,0
1773244275000,64.13422945,-21.9057543333333,5.0,4.8,3.5,false,4,11.0
1773244275000,64.13422945,-21.9057543333333,0.0,0.0,0.0,true,1,0
1773244278000,64.1341566333333,-21.9052413333333,3.0,26.2,31.4,false,1,3.0
1773244280000,64.1340804,-21.9047605,2.0,24.8,44.7,false,0,2.0
1773244280000,64.1340804,-21.9047605,0.0,0.0,0.0,true,1,0
1773244280000,64.1340804,-21.9047605,0.0,0.0,0.0,true,2,0
1773244286000,64.133921,-21.90399,6.0,41.4,24.8,false,2,6.0
1773244286000,64.133921,-21.90399,0.0,0.0,0.0,true,1,0
1773244290000,64.1338434666667,-21.9035833333333,4.0,21.5,19.4,false,1,4.0
1773244290000,64.1338434666667,-21.9035833333333,0.0,0.0,0.0,true,1,0
1773244295000,64.13384475,-21.9035778333333,5.0,0.3,0.2,true,2,0
1773244295000,64.13384475,-21.9035778333333,0.0,0.0,0.0,true,3,0
1773244295000,64.13384475,-21.9035778333333,0.0,0.0,0.0,true,4,0
1773244300000,64.1338451166667,-21.9035775,5.0,0.0,0.0,true,5,0
1773244300000,64.1338451166667,-21.9035775,0.0,0.0,0.0,true,6,0
1773244305000,64.1338464,-21.9035783333333,5.0,0.1,0.1,true,7,0
1773244305000,64.1338464,-21.9035783333333,0.0,0.0,0.0,true,8,0
1773244305000,64.1338464,-21.9035783333333,0.0,0.0,0.0,true,9,0
1773244305000,64.1338464,-21.9035783333333,0.0,0.0,0.0,true,10,0
1773244312000,64.1338468166667,-21.9035728333333,7.0,0.3,0.1,true,11,0
1773244312000,64.1338468166667,-21.9035728333333,0.0,0.0,0.0,true,12,0
1773244312000,64.1338468166667,-21.9035728333333,0.0,0.0,0.0,true,13,0
1773244312000,64.1338468166667,-21.9035728333333,0.0,0.0,0.0,true,14,0
1773244312000,64.1338468166667,-21.9035728333333,0.0,0.0,0.0,true,15,0
1773244312000,64.1338468166667,-21.9035728333333,0.0,0.0,0.0,true,16,0
1773244325000,64.1335215666667,-21.9017206666667,13.0,96.9,26.8,false,16,35.0
1773244330000,64.1333210333333,-21.9005308333333,5.0,61.9,44.6,false,0,5.0
1773244330000,64.1333210333333,-21.9005308333333,0.0,0.0,0.0,true,1,0
1773244330000,64.1333210333333,-21.9005308333333,0.0,0.0,0.0,true,2,0
1773244335000,64.1331825666667,-21.8995325,5.0,50.8,36.6,false,2,5.0
1773244335000,64.1331825666667,-21.8995325,0.0,0.0,0.0,true,1,0
1773244337000,64.1331825666667,-21.8995325,2.0,0.0,0.0,true,2,0
1773244337000,64.1331825666667,-21.8995325,0.0,0.0,0.0,true,3,0
1773244341000,64.13306075,-21.898832,4.0,36.6,32.9,false,3,6.0
1773244341000,64.13306075,-21.898832,0.0,0.0,0.0,true,1,0
1773244345000,64.13306075,-21.898832,4.0,0.0,0.0,true,2,0
1773244347000,64.1328236333333,-21.8986868333333,2.0,27.3,49.1,false,2,6.0
1773244347000,64.1328236333333,-21.8986868333333,0.0,0.0,0.0,true,1,0
1773244349000,64.1328236333333,-21.8986868333333,2.0,0.0,0.0,true,2,0
1773244354000,64.1324448833333,-21.8989641666667,5.0,44.2,31.8,false,2,7.0
1773244354000,64.1324448833333,-21.8989641666667,0.0,0.0,0.0,true,1,0
1773244354000,64.1324448833333,-21.8989641666667,0.0,0.0,0.0,true,2,0
1773244360000,64.131956,-21.899372,6.0,57.9,34.7,false,2,6.0
1773244360000,64.131956,-21.899372,0.0,0.0,0.0,true,1,0
1773244365000,64.1314030166667,-21.8997736666667,5.0,64.5,46.4,false,1,5.0
1773244365000,64.1314030166667,-21.8997736666667,0.0,0.0,0.0,true,1,0
1773244368000,64.13090075,-21.9000485,3.0,57.4,68.9,false,1,3.0
1773244368000,64.13090075,-21.9000485,0.0,0.0,0.0,true,1,0
1773244368000,64.13090075,-21.9000485,0.0,0.0,0.0,true,2,0
1773244371000,64.130611,-21.900185,3.0,32.9,39.5,false,2,3.0
1773244371000,64.130611,-21.900185,0.0,0.0,0.0,true,1,0
1773244371000,64.130611,-21.900185,0.0,0.0,0.0,true,2,0
1773244377000,64.1301933833333,-21.9004155,6.0,47.8,28.7,false,2,6.0
1773244377000,64.1301933833333,-21.9004155,0.0,0.0,0.0,true,1,0
1773244382000,64.1300598833333,-21.900444,5.0,14.9,10.7,false,1,5.0
1773244385000,64.1300598833333,-21.900444,3.0,0.0,0.0,true,1,0
1773244387000,64.1300652833333,-21.9004403333333,2.0,0.6,1.1,false,1,5.0
1773244387000,64.1300652833333,-21.9004403333333,0.0,0.0,0.0,true,1,0
1773244393000,64.1300652166667,-21.9004401666667,6.0,0.0,0.0,true,2,0
1773244393000,64.1300652166667,-21.9004401666667,0.0,0.0,0.0,true,3,0
1773244393000,64.1300652166667,-21.9004401666667,0.0,0.0,0.0,true,4,0
1773244396000,64.1300654833333,-21.9004403333333,3.0,0.0,0.0,true,5,0
1773244399000,64.1300654833333,-21.9004403333333,3.0,0.0,0.0,true,6,0
1773244399000,64.1300654833333,-21.9004403333333,0.0,0.0,0.0,true,7,0
1773244399000,64.1300654833333,-21.9004403333333,0.0,0.0,0.0,true,8,0
1773244405000,64.1300653,-21.9004401666667,6.0,0.0,0.0,true,9,0
1773244408000,64.1300653,-21.9004401666667,3.0,0.0,0.0,true,10,0
1773244408000,64.1300653,-21.9004401666667,0.0,0.0,0.0,true,11,0
1773244412000,64.1300655333333,-21.9004403333333,4.0,0.0,0.0,true,12,0
1773244412000,64.1300655333333,-21.9004403333333,0.0,0.0,0.0,true,13,0
1773244414000,64.1300655333333,-21.9004403333333,2.0,0.0,0.0,true,14,0
1773244414000,64.1300655333333,-21.9004403333333,0.0,0.0,0.0,true,15,0
1773244419000,64.13006555,-21.9004405,5.0,0.0,0.0,true,16,0
1773244419000,64.13006555,-21.9004405,0.0,0.0,0.0,true,17,0
1773244419000,64.13006555,-21.9004405,0.0,0.0,0.0,true,18,0
1773244419000,64.13006555,-21.9004405,0.0,0.0,0.0,true,19,0
1773244419000,64.13006555,-21.9004405,0.0,0.0,0.0,true,20,0
1773244419000,64.13006555,-21.9004405,0.0,0.0,0.0,true,21,0
1773244419000,64.13006555,-21.9004405,0.0,0.0,0.0,true,22,0
1773244419000,64.13006555,-21.9004405,0.0,0.0,0.0,true,23,0
1773244419000,64.13006555,-21.9004405,0.0,0.0,0.0,true,24,0
1773244419000,64.13006555,-21.9004405,0.0,0.0,0.0,true,25,0
1773244419000,64.13006555,-21.9004405,0.0,0.0,0.0,true,26,0
1773244419000,64.13006555,-21.9004405,0.0,0.0,0.0,true,27,0
1773244443000,64.1300656333333,-21.9004403333333,24.0,0.0,0.0,true,28,0
1773244447000,64.1300656666667,-21.9004403333333,4.0,0.0,0.0,true,29,0
1773244450000,64.1300141333333,-21.900431,3.0,5.7,6.9,false,29,63.0
1773244450000,64.1300141333333,-21.900431,0.0,0.0,0.0,true,1,0
1773244453000,64.1300141333333,-21.900431,3.0,0.0,0.0,true,2,0
1773244453000,64.1300141333333,-21.900431,0.0,0.0,0.0,true,3,0
1773244455000,64.1297753166667,-21.9004385,2.0,26.6,47.8,false,3,5.0
1773244459000,64.1297753166667,-21.9004385,4.0,0.0,0.0,true,1,0
1773244459000,64.1297753166667,-21.9004385,0.0,0.0,0.0,true,2,0
1773244461000,64.1297753166667,-21.9004385,2.0,0.0,0.0,true,3,0
1773244466000,64.1292055,-21.9004988333333,5.0,63.4,45.7,false,3,11.0
1773244466000,64.1292055,-21.9004988333333,0.0,0.0,0.0,true,1,0
1773244470000,64.1286820666667,-21.9004818333333,4.0,58.2,52.4,false,1,4.0
1773244470000,64.1286820666667,-21.9004818333333,0.0,0.0,0.0,true,1,0
1773244470000,64.1286820666667,-21.9004818333333,0.0,0.0,0.0,true,2,0
1773244475000,64.12808545,-21.9003876666667,5.0,66.5,47.9,false,2,5.0
1773244475000,64.12808545,-21.9003876666667,0.0,0.0,0.0,true,1,0
1773244480000,64.12741475,-21.900255,5.0,74.9,53.9,false,1,5.0
1773244480000,64.12741475,-21.900255,0.0,0.0,0.0,true,1,0
1773244486000,64.1258857666667,-21.8999718333333,6.0,170.6,102.3,false,1,6.0
1773244486000,64.1258857666667,-21.8999718333333,0.0,0.0,0.0,true,1,0
1773244486000,64.1258857666667,-21.8999718333333,0.0,0.0,0.0,true,2,0
1773244486000,64.1258857666667,-21.8999718333333,0.0,0.0,0.0,true,3,0
1773244494000,64.1250332833333,-21.8997863333333,8.0,95.2,42.8,false,3,8.0
1773244496000,64.1250332833333,-21.8997863333333,2.0,0.0,0.0,true,1,0
1773244496000,64.1250332833333,-21.8997863333333,0.0,0.0,0.0,true,2,0
1773244496000,64.1250332833333,-21.8997863333333,0.0,0.0,0.0,true,3,0
1773244500000,64.1241433666667,-21.8995781666667,4.0,99.5,89.5,false,3,6.0
1773244504000,64.1233502,-21.8994126666667,4.0,88.6,79.7,false,0,4.0
1773244504000,64.1233502,-21.8994126666667,0.0,0.0,0.0,true,1,0
1773244506000,64.1225165666667,-21.899297,2.0,92.9,167.2,false,1,2.0
1773244511000,64.1217057166667,-21.8991855,5.0,90.3,65.0,false,0,5.0
1773244516000,64.1217057166667,-21.8991855,5.0,0.0,0.0,true,1,0
1773244516000,64.1217057166667,-21.8991855,0.0,0.0,0.0,true,2,0
1773244516000,64.1217057166667,-21.8991855,0.0,0.0,0.0,true,3,0
1773244521000,64.1209934833333,-21.8991156666667,5.0,79.3,57.1,false,3,10.0
1773244523000,64.1204210333333,-21.8990178333333,2.0,63.8,114.9,false,0,2.0
1773244523000,64.1204210333333,-21.8990178333333,0.0,0.0,0.0,true,1,0
1773244528000,64.1201868333333,-21.8989801666667,5.0,26.1,18.8,false,1,5.0
1773244528000,64.1201868333333,-21.8989801666667,0.0,0.0,0.0,true,1,0
1773244530000,64.1200387,-21.8989521666667,2.0,16.5,29.7,false,1,2.0
1773244534000,64.1200387,-21.8989521666667,4.0,0.0,0.0,true,1,0
1773244534000,64.1200387,-21.8989521666667,0.0,0.0,0.0,true,2,0
1773244536000,64.120044,-21.8989505,2.0,0.6,1.1,false,2,6.0
1773244540000,64.1200442833333,-21.8989506666667,4.0,0.0,0.0,true,1,0
1773244540000,64.1200442833333,-21.8989506666667,0.0,0.0,0.0,true,2,0
1773244543000,64.1200442833333,-21.8989506666667,3.0,0.0,0.0,true,3,0
1773244543000,64.1200442833333,-21.8989506666667,0.0,0.0,0.0,true,4,0
1773244543000,64.1200442833333,-21.8989506666667,0.0,0.0,0.0,true,5,0
1773244548000,64.1200005333333,-21.8989366666667,5.0,4.9,3.5,false,5,12.0
1773244553000,64.1197511333333,-21.8988633333333,5.0,28.0,20.1,false,0,5.0
1773244553000,64.1197511333333,-21.8988633333333,0.0,0.0,0.0,true,1,0
1773244553000,64.1197511333333,-21.8988633333333,0.0,0.0,0.0,true,2,0
1773244558000,64.1197511333333,-21.8988633333333,5.0,0.0,0.0,true,3,0
1773244558000,64.1197511333333,-21.8988633333333,0.0,0.0,0.0,true,4,0
1773244560000,64.1191952833333,-21.8987468333333,2.0,62.1,111.7,false,4,7.0
1773244563000,64.1185994,-21.8986196666667,3.0,66.5,79.9,false,0,3.0
1773244563000,64.1185994,-21.8986196666667,0.0,0.0,0.0,true,1,0
1773244568000,64.1179036166667,-21.898474,5.0,77.7,55.9,false,1,5.0
1773244568000,64.1179036166667,-21.898474,0.0,0.0,0.0,true,1,0
1773244568000,64.1179036166667,-21.898474,0.0,0.0,0.0,true,2,0
1773244573000,64.1171263833333,-21.8984166666667,5.0,86.5,62.3,false,2,5.0
1773244576000,64.1171263833333,-21.8984166666667,3.0,0.0,0.0,true,1,0
1773244576000,64.1171263833333,-21.8984166666667,0.0,0.0,0.0,true,2,0
1773244578000,64.1171263833333,-21.8984166666667,2.0,0.0,0.0,true,3,0
1773244578000,64.1171263833333,-21.8984166666667,0.0,0.0,0.0,true,4,0
1773244581000,64.1162940833333,-21.8987318333333,3.0,93.8,112.6,false,4,8.0
1773244586000,64.1155148,-21.8995825,5.0,96.0,69.1,false,0,5.0
1773244586000,64.1155148,-21.8995825,0.0,0.0,0.0,true,1,0
1773244590000,64.1148705333333,-21.9008608333333,4.0,94.8,85.3,false,1,4.0
1773244593000,64.1148705333333,-21.9008608333333,3.0,0.0,0.0,true,1,0
1773244593000,64.1148705333333,-21.9008608333333,0.0,0.0,0.0,true,2,0
1773244593000,64.1148705333333,-21.9008608333333,0.0,0.0,0.0,true,3,0
1773244593000,64.1148705333333,-21.9008608333333,0.0,0.0,0.0,true,4,0
1773244593000,64.1148705333333,-21.9008608333333,0.0,0.0,0.0,true,5,0
1773244593000,64.1148705333333,-21.9008608333333,0.0,0.0,0.0,true,6,0
1773244606000,64.1135258,-21.9051753333333,13.0,257.3,71.3,false,6,16.0
1773244606000,64.1135258,-21.9051753333333,0.0,0.0,0.0,true,1,0
1773244606000,64.1135258,-21.9051753333333,0.0,0.0,0.0,true,2,0
1773244609000,64.11315635,-21.9062878333333,3.0,67.9,81.4,false,2,3.0
1773244609000,64.11315635,-21.9062878333333,0.0,0.0,0.0,true,1,0
1773244609000,64.11315635,-21.9062878333333,0.0,0.0,0.0,true,2,0
1773244615000,64.11283095,-21.9069176666667,6.0,47.4,28.4,false,2,6.0
1773244615000,64.11283095,-21.9069176666667,0.0,0.0,0.0,true,1,0
1773244621000,64.1126280333333,-21.9072966666667,6.0,29.1,17.5,false,1,6.0
1773244621000,64.1126280333333,-21.9072966666667,0.0,0.0,0.0,true,1,0
1773244623000,64.1126280333333,-21.9072966666667,2.0,0.0,0.0,true,2,0
1773244623000,64.1126280333333,-21.9072966666667,0.0,0.0,0.0,true,3,0
1773244623000,64.1126280333333,-21.9072966666667,0.0,0.0,0.0,true,4,0
1773244628000,64.1124378166667,-21.9077121666667,5.0,29.2,21.0,false,4,7.0
1773244628000,64.1124378166667,-21.9077121666667,0.0,0.0,0.0,true,1,0
1773244628000,64.1124378166667,-21.9077121666667,0.0,0.0,0.0,true,2,0
1773244635000,64.1123399333333,-21.908055,7.0,19.9,10.2,false,2,7.0
1773244638000,64.1123399333333,-21.908055,3.0,0.0,0.0,true,1,0
1773244638000,64.1123399333333,-21.908055,0.0,0.0,0.0,true,2,0
1773244642000,64.1122632166667,-21.9084805,4.0,22.3,20.1,false,2,7.0
1773244644000,64.1122632166667,-21.9084805,2.0,0.0,0.0,true,1,0
1773244644000,64.1122632166667,-21.9084805,0.0,0.0,0.0,true,2,0
1773244648000,64.1122491166667,-21.9084803333333,4.0,1.6,1.4,false,2,6.0
1773244648000,64.1122491166667,-21.9084803333333,0.0,0.0,0.0,true,1,0
1773244653000,64.1122056,-21.9084808333333,5.0,4.8,3.5,false,1,5.0
1773244653000,64.1122056,-21.9084808333333,0.0,0.0,0.0,true,1,0
1773244655000,64.1120456333333,-21.9083673333333,2.0,18.6,33.5,false,1,2.0
1773244655000,64.1120456333333,-21.9083673333333,0.0,0.0,0.0,true,1,0
1773244659000,64.1119693833333,-21.9084251666667,4.0,8.9,8.0,false,1,4.0
1773244659000,64.1119693833333,-21.9084251666667,0.0,0.0,0.0,true,1,0
1773244662000,64.1119693833333,-21.9084251666667,3.0,0.0,0.0,true,2,0
1773244662000,64.1119693833333,-21.9084251666667,0.0,0.0,0.0,true,3,0
1773244662000,64.1119693833333,-21.9084251666667,0.0,0.0,0.0,true,4,0
1773244662000,64.1119693833333,-21.9084251666667,0.0,0.0,0.0,true,5,0
1773244662000,64.1119693833333,-21.9084251666667,0.0,0.0,0.0,true,6,0
1773244662000,64.1119693833333,-21.9084251666667,0.0,0.0,0.0,true,7,0
1773244675000,64.1117620166667,-21.9086585,13.0,25.7,7.1,false,7,16.0
1773244675000,64.1117620166667,-21.9086585,0.0,0.0,0.0,true,1,0
1773244683000,64.1117594166667,-21.9086528333333,8.0,0.4,0.2,true,2,0
1773244683000,64.1117594166667,-21.9086528333333,0.0,0.0,0.0,true,3,0
1773244685000,64.1117594166667,-21.9086528333333,2.0,0.0,0.0,true,4,0
1773244685000,64.1117594166667,-21.9086528333333,0.0,0.0,0.0,true,5,0
1773244685000,64.1117594166667,-21.9086528333333,0.0,0.0,0.0,true,6,0
1773244685000,64.1117594166667,-21.9086528333333,0.0,0.0,0.0,true,7,0
1773244685000,64.1117594166667,-21.9086528333333,0.0,0.0,0.0,true,8,0
1773244685000,64.1117594166667,-21.9086528333333,0.0,0.0,0.0,true,9,0
1773244685000,64.1117594166667,-21.9086528333333,0.0,0.0,0.0,true,10,0
1773244685000,64.1117594166667,-21.9086528333333,0.0,0.0,0.0,true,11,0
1773244685000,64.1117594166667,-21.9086528333333,0.0,0.0,0.0,true,12,0
1773244685000,64.1117594166667,-21.9086528333333,0.0,0.0,0.0,true,13,0
1773244685000,64.1117594166667,-21.9086528333333,0.0,0.0,0.0,true,14,0
1773244685000,64.1117594166667,-21.9086528333333,0.0,0.0,0.0,true,15,0
1773244685000,64.1117594166667,-21.9086528333333,0.0,0.0,0.0,true,16,0
1773244685000,64.1117594166667,-21.9086528333333,0.0,0.0,0.0,true,17,0
1773244685000,64.1117594166667,-21.9086528333333,0.0,0.0,0.0,true,18,0
1773244685000,64.1117594166667,-21.9086528333333,0.0,0.0,0.0,true,19,0
1773244685000,64.1117594166667,-21.9086528333333,0.0,0.0,0.0,true,20,0
1773244719000,64.1117022,-21.9086831666667,34.0,6.5,0.7,false,20,44.0
1773244719000,64.1117022,-21.9086831666667,0.0,0.0,0.0,true,1,0
1773244719000,64.1117022,-21.9086831666667,0.0,0.0,0.0,true,2,0
1773244719000,64.1117022,-21.9086831666667,0.0,0.0,0.0,true,3,0
1773244719000,64.1117022,-21.9086831666667,0.0,0.0,0.0,true,4,0
1773244719000,64.1117022,-21.9086831666667,0.0,0.0,0.0,true,5,0
1773244719000,64.1117022,-21.9086831666667,0.0,0.0,0.0,true,6,0
1773244719000,64.1117022,-21.9086831666667,0.0,0.0,0.0,true,7,0
1773244719000,64.1117022,-21.9086831666667,0.0,0.0,0.0,true,8,0
1773244719000,64.1117022,-21.9086831666667,0.0,0.0,0.0,true,9,0
1773244719000,64.1117022,-21.9086831666667,0.0,0.0,0.0,true,10,0
1773244719000,64.1117022,-21.9086831666667,0.0,0.0,0.0,true,11,0
1773244745000,64.1098409333333,-21.9084095,26.0,207.4,28.7,false,11,26.0
1773244745000,64.1098409333333,-21.9084095,0.0,0.0,0.0,true,1,0
1773244745000,64.1098409333333,-21.9084095,0.0,0.0,0.0,true,2,0
1773244750000,64.1094269666667,-21.9080718333333,5.0,48.9,35.2,false,2,5.0
1773244750000,64.1094269666667,-21.9080718333333,0.0,0.0,0.0,true,1,0
1773244755000,64.1091648666667,-21.9081926666667,5.0,29.7,21.4,false,1,5.0
1773244755000,64.1091648666667,-21.9081926666667,0.0,0.0,0.0,true,1,0
1773244755000,64.1091648666667,-21.9081926666667,0.0,0.0,0.0,true,2,0
1773244760000,64.1090109166667,-21.9080135,5.0,19.2,13.8,false,2,5.0
1773244760000,64.1090109166667,-21.9080135,0.0,0.0,0.0,true,1,0
1773244760000,64.1090109166667,-21.9080135,0.0,0.0,0.0,true,2,0
1773244760000,64.1090109166667,-21.9080135,0.0,0.0,0.0,true,3,0
1773244760000,64.1090109166667,-21.9080135,0.0,0.0,0.0,true,4,0
1773244770000,64.108476,-21.9067825,10.0,84.3,30.4,false,4,10.0
1773244770000,64.108476,-21.9067825,0.0,0.0,0.0,true,1,0
1773244770000,64.108476,-21.9067825,0.0,0.0,0.0,true,2,0
1773244775000,64.1079407333333,-21.9062425,5.0,65.0,46.8,false,2,5.0
1773244780000,64.1072919166667,-21.9056951666667,5.0,76.9,55.4,false,0,5.0
1773244780000,64.1072919166667,-21.9056951666667,0.0,0.0,0.0,true,1,0
1773244784000,64.1071118166667,-21.9055443333333,4.0,21.3,19.2,false,1,4.0
1773244784000,64.1071118166667,-21.9055443333333,0.0,0.0,0.0,true,1,0
1773244784000,64.1071118166667,-21.9055443333333,0.0,0.0,0.0,true,2,0
1773244790000,64.1071358833333,-21.9055568333333,6.0,2.7,1.6,false,2,6.0
1773244796000,64.1071372666667,-21.9055578333333,6.0,0.2,0.1,true,1,0
1773244798000,64.1071372666667,-21.9055578333333,2.0,0.0,0.0,true,2,0
1773244798000,64.1071372666667,-21.9055578333333,0.0,0.0,0.0,true,3,0
1773244800000,64.10710525,-21.9054896666667,2.0,4.9,8.8,false,3,10.0
1773244803000,64.10710525,-21.9054896666667,3.0,0.0,0.0,true,1,0
1773244803000,64.10710525,-21.9054896666667,0.0,0.0,0.0,true,2,0
1773244803000,64.10710525,-21.9054896666667,0.0,0.0,0.0,true,3,0
1773244805000,64.1068015166667,-21.9051093333333,2.0,38.5,69.3,false,3,5.0
1773244810000,64.10615035,-21.9044846666667,5.0,78.5,56.5,false,0,5.0
1773244813000,64.10615035,-21.9044846666667,3.0,0.0,0.0,true,1,0
1773244813000,64.10615035,-21.9044846666667,0.0,0.0,0.0,true,2,0
1773244816000,64.1052172,-21.9040423333333,3.0,106.0,127.2,false,2,6.0
1773244816000,64.1052172,-21.9040423333333,0.0,0.0,0.0,true,1,0
1773244818000,64.1052172,-21.9040423333333,2.0,0.0,0.0,true,2,0
1773244820000,64.1044232,-21.9041098333333,2.0,88.3,159.0,false,2,4.0
1773244820000,64.1044232,-21.9041098333333,0.0,0.0,0.0,true,1,0
1773244825000,64.1039725833333,-21.9043716666667,5.0,51.7,37.2,false,1,5.0
1773244828000,64.1039725833333,-21.9043716666667,3.0,0.0,0.0,true,1,0
1773244828000,64.1039725833333,-21.9043716666667,0.0,0.0,0.0,true,2,0
1773244828000,64.1039725833333,-21.9043716666667,0.0,0.0,0.0,true,3,0
1773244835000,64.1036575,-21.9046033333333,7.0,36.8,18.9,false,3,10.0
1773244837000,64.1033510833333,-21.9049156666667,2.0,37.3,67.1,false,0,2.0
1773244837000,64.1033510833333,-21.9049156666667,0.0,0.0,0.0,true,1,0
1773244837000,64.1033510833333,-21.9049156666667,0.0,0.0,0.0,true,2,0
1773244843000,64.1029361166667,-21.9054763333333,6.0,53.6,32.1,false,2,6.0
1773244843000,64.1029361166667,-21.9054763333333,0.0,0.0,0.0,true,1,0
1773244846000,64.10251475,-21.9062713333333,3.0,60.7,72.9,false,1,3.0
1773244848000,64.10251475,-21.9062713333333,2.0,0.0,0.0,true,1,0
1773244848000,64.10251475,-21.9062713333333,0.0,0.0,0.0,true,2,0
1773244848000,64.10251475,-21.9062713333333,0.0,0.0,0.0,true,3,0
1773244855000,64.1021347,-21.9072428333333,7.0,63.3,32.6,false,3,9.0
1773244855000,64.1021347,-21.9072428333333,0.0,0.0,0.0,true,1,0
1773244855000,64.1021347,-21.9072428333333,0.0,0.0,0.0,true,2,0
1773244860000,64.1017345666667,-21.9086525,5.0,81.7,58.8,false,2,5.0
1773244860000,64.1017345666667,-21.9086525,0.0,0.0,0.0,true,1,0
1773244860000,64.1017345666667,-21.9086525,0.0,0.0,0.0,true,2,0
1773244863000,64.10142765,-21.9099243333333,3.0,70.6,84.7,false,2,3.0
1773244865000,64.10142765,-21.9099243333333,2.0,0.0,0.0,true,1,0
1773244870000,64.1011331166667,-21.9112416666667,5.0,71.9,51.8,false,1,7.0
1773244870000,64.1011331166667,-21.9112416666667,0.0,0.0,0.0,true,1,0
1773244872000,64.10083255,-21.9126116666667,2.0,74.5,134.0,false,1,2.0
1773244872000,64.10083255,-21.9126116666667,0.0,0.0,0.0,true,1,0
1773244878000,64.1005422666667,-21.9139236666667,6.0,71.4,42.9,false,1,6.0
1773244878000,64.1005422666667,-21.9139236666667,0.0,0.0,0.0,true,1,0
1773244883000,64.1002463,-21.9152415,5.0,72.0,51.8,false,1,5.0
1773244883000,64.1002463,-21.9152415,0.0,0.0,0.0,true,1,0
1773244888000,64.0999861166667,-21.9163058333333,5.0,59.2,42.7,false,1,5.0
1773244888000,64.0999861166667,-21.9163058333333,0.0,0.0,0.0,true,1,0
1773244888000,64.0999861166667,-21.9163058333333,0.0,0.0,0.0,true,2,0
1773244892000,64.0997266666667,-21.9168878333333,4.0,40.4,36.4,false,2,4.0
1773244892000,64.0997266666667,-21.9168878333333,0.0,0.0,0.0,true,1,0
1773244897000,64.09950565,-21.9173505,5.0,33.3,24.0,false,1,5.0
1773244897000,64.09950565,-21.9173505,0.0,0.0,0.0,true,1,0
1773244902000,64.0995084666667,-21.9173346666667,5.0,0.8,0.6,false,1,5.0
1773244902000,64.0995084666667,-21.9173346666667,0.0,0.0,0.0,true,1,0
1773244908000,64.0995128166667,-21.9173285,6.0,0.6,0.3,false,1,6.0
1773244908000,64.0995128166667,-21.9173285,0.0,0.0,0.0,true,1,0
1773244908000,64.0995128166667,-21.9173285,0.0,0.0,0.0,true,2,0
1773244908000,64.0995128166667,-21.9173285,0.0,0.0,0.0,true,3,0
1773244908000,64.0995128166667,-21.9173285,0.0,0.0,0.0,true,4,0
1773244919000,64.0991318166667,-21.917944,11.0,51.9,17.0,false,4,11.0
1773244921000,64.0991318166667,-21.917944,2.0,0.0,0.0,true,1,0
1773244921000,64.0991318166667,-21.917944,0.0,0.0,0.0,true,2,0
1773244921000,64.0991318166667,-21.917944,0.0,0.0,0.0,true,3,0
1773244925000,64.0986192833333,-21.9187686666667,4.0,69.7,62.7,false,3,6.0
1773244925000,64.0986192833333,-21.9187686666667,0.0,0.0,0.0,true,1,0
1773244925000,64.0986192833333,-21.9187686666667,0.0,0.0,0.0,true,2,0
1773244925000,64.0986192833333,-21.9187686666667,0.0,0.0,0.0,true,3,0
1773244925000,64.0986192833333,-21.9187686666667,0.0,0.0,0.0,true,4,0
1773244937000,64.0977246333333,-21.9201233333333,12.0,119.3,35.8,false,4,12.0
1773244937000,64.0977246333333,-21.9201233333333,0.0,0.0,0.0,true,1,0
1773244943000,64.0974491,-21.9204678333333,6.0,34.9,20.9,false,1,6.0
1773244947000,64.09712945,-21.9208455,4.0,40.0,36.0,false,0,4.0
1773244952000,64.0968423666667,-21.9211633333333,5.0,35.5,25.5,false,0,5.0
1773244952000,64.0968423666667,-21.9211633333333,0.0,0.0,0.0,true,1,0
1773244952000,64.0968423666667,-21.9211633333333,0.0,0.0,0.0,true,2,0
1773244952000,64.0968423666667,-21.9211633333333,0.0,0.0,0.0,true,3,0
1773244957000,64.0965000833333,-21.9215281666667,5.0,42.0,30.2,false,3,5.0
1773244957000,64.0965000833333,-21.9215281666667,0.0,0.0,0.0,true,1,0
1773244957000,64.0965000833333,-21.9215281666667,0.0,0.0,0.0,true,2,0
1773244961000,64.09630045,-21.9217466666667,4.0,24.6,22.1,false,2,4.0
1773244968000,64.0961099166667,-21.9219501666667,7.0,23.4,12.0,false,0,7.0
1773244968000,64.0961099166667,-21.9219501666667,0.0,0.0,0.0,true,1,0
1773244968000,64.0961099166667,-21.9219501666667,0.0,0.0,0.0,true,2,0
1773244973000,64.09610895,-21.9219445,5.0,0.3,0.2,true,3,0
1773244973000,64.09610895,-21.9219445,0.0,0.0,0.0,true,4,0
1773244973000,64.09610895,-21.9219445,0.0,0.0,0.0,true,5,0
1773244973000,64.09610895,-21.9219445,0.0,0.0,0.0,true,6,0
1773244973000,64.09610895,-21.9219445,0.0,0.0,0.0,true,7,0
1773244983000,64.0958724166667,-21.9222076666667,10.0,29.2,10.5,false,7,15.0
1773244983000,64.0958724166667,-21.9222076666667,0.0,0.0,0.0,true,1,0
1773244983000,64.0958724166667,-21.9222076666667,0.0,0.0,0.0,true,2,0
1773244992000,64.0953034666667,-21.922836,9.0,70.2,28.1,false,2,9.0
1773244992000,64.0953034666667,-21.922836,0.0,0.0,0.0,true,1,0
1773244992000,64.0953034666667,-21.922836,0.0,0.0,0.0,true,2,0
1773244999000,64.0951874666667,-21.922966,7.0,14.4,7.4,false,2,7.0
1773244999000,64.0951874666667,-21.922966,0.0,0.0,0.0,true,1,0
1773244999000,64.0951874666667,-21.922966,0.0,0.0,0.0,true,2,0
1773245003000,64.0951086666667,-21.9230786666667,4.0,10.3,9.3,false,2,4.0
1773245003000,64.0951086666667,-21.9230786666667,0.0,0.0,0.0,true,1,0
1773245007000,64.0948865166667,-21.9233206666667,4.0,27.4,24.6,false,1,4.0
1773245012000,64.0945291666667,-21.9237215,5.0,44.3,31.9,false,0,5.0
1773245012000,64.0945291666667,-21.9237215,0.0,0.0,0.0,true,1,0
1773245012000,64.0945291666667,-21.9237215,0.0,0.0,0.0,true,2,0
1773245012000,64.0945291666667,-21.9237215,0.0,0.0,0.0,true,3,0
1773245017000,64.094205,-21.9240718333333,5.0,39.9,28.7,false,3,5.0
1773245017000,64.094205,-21.9240718333333,0.0,0.0,0.0,true,1,0
1773245023000,64.0940041833333,-21.9242946666667,6.0,24.8,14.9,false,1,6.0
1773245023000,64.0940041833333,-21.9242946666667,0.0,0.0,0.0,true,1,0
1773245023000,64.0940041833333,-21.9242946666667,0.0,0.0,0.0,true,2,0
1773245028000,64.0937996666667,-21.9245165,5.0,25.2,18.1,false,2,5.0
1773245028000,64.0937996666667,-21.9245165,0.0,0.0,0.0,true,1,0
1773245028000,64.0937996666667,-21.9245165,0.0,0.0,0.0,true,2,0
1773245034000,64.0936632833333,-21.9246591666667,6.0,16.7,10.0,false,2,6.0
1773245037000,64.0935559333333,-21.9247785,3.0,13.3,15.9,false,0,3.0
1773245037000,64.0935559333333,-21.9247785,0.0,0.0,0.0,true,1,0
1773245039000,64.0935559333333,-21.9247785,2.0,0.0,0.0,true,2,0
1773245042000,64.0935072833333,-21.9248336666667,3.0,6.0,7.2,false,2,5.0
1773245042000,64.0935072833333,-21.9248336666667,0.0,0.0,0.0,true,1,0
1773245046000,64.0934435333333,-21.924906,4.0,7.9,7.1,false,1,4.0
1773245048000,64.0934435333333,-21.924906,2.0,0.0,0.0,true,1,0
1773245048000,64.0934435333333,-21.924906,0.0,0.0,0.0,true,2,0
1773245052000,64.0932620333333,-21.9251066666667,4.0,22.4,20.2,false,2,6.0
1773245052000,64.0932620333333,-21.9251066666667,0.0,0.0,0.0,true,1,0
1773245054000,64.0932620333333,-21.9251066666667,2.0,0.0,0.0,true,2,0
1773245057000,64.0929863,-21.9254095,3.0,34.0,40.8,false,2,5.0
1773245057000,64.0929863,-21.9254095,0.0,0.0,0.0,true,1,0
1773245061000,64.0929863,-21.9254095,4.0,0.0,0.0,true,2,0
1773245063000,64.0926285166667,-21.9258063333333,2.0,44.2,79.6,false,2,6.0
1773245065000,64.0926285166667,-21.9258063333333,2.0,0.0,0.0,true,1,0
1773245065000,64.0926285166667,-21.9258063333333,0.0,0.0,0.0,true,2,0
1773245070000,64.0922708,-21.9262173333333,5.0,44.5,32.0,false,2,7.0
1773245070000,64.0922708,-21.9262173333333,0.0,0.0,0.0,true,1,0
1773245072000,64.0919387,-21.926636,2.0,42.2,75.9,false,1,2.0
1773245074000,64.0919387,-21.926636,2.0,0.0,0.0,true,1,0
1773245080000,64.0916952,-21.9269721666667,6.0,31.6,19.0,false,1,8.0
1773245080000,64.0916952,-21.9269721666667,0.0,0.0,0.0,true,1,0
1773245084000,64.0915734166667,-21.9271473333333,4.0,16.0,14.4,false,1,4.0
1773245084000,64.0915734166667,-21.9271473333333,0.0,0.0,0.0,true,1,0
1773245088000,64.0914941333333,-21.9272858333333,4.0,11.1,10.0,false,1,4.0
1773245088000,64.0914941333333,-21.9272858333333,0.0,0.0,0.0,true,1,0
1773245088000,64.0914941333333,-21.9272858333333,0.0,0.0,0.0,true,2,0
1773245088000,64.0914941333333,-21.9272858333333,0.0,0.0,0.0,true,3,0
1773245093000,64.0914666166667,-21.9273408333333,5.0,4.1,2.9,false,3,5.0
1773245099000,64.0913053166667,-21.9276516666667,6.0,23.4,14.1,false,0,6.0
1773245099000,64.0913053166667,-21.9276516666667,0.0,0.0,0.0,true,1,0
1773245099000,64.0913053166667,-21.9276516666667,0.0,0.0,0.0,true,2,0
1773245104000,64.09104135,-21.9282428333333,5.0,41.1,29.6,false,2,5.0
1773245104000,64.09104135,-21.9282428333333,0.0,0.0,0.0,true,1,0
1773245108000,64.0907568,-21.928967,4.0,47.3,42.6,false,1,4.0
1773245110000,64.0905926166667,-21.92941,2.0,28.2,50.8,false,0,2.0
1773245117000,64.0905416333333,-21.9295475,7.0,8.8,4.5,false,0,7.0
1773245117000,64.0905416333333,-21.9295475,0.0,0.0,0.0,true,1,0
1773245119000,64.0905436333333,-21.9295473333333,2.0,0.2,0.4,true,2,0
1773245119000,64.0905436333333,-21.9295473333333,0.0,0.0,0.0,true,3,0
1773245119000,64.0905436333333,-21.9295473333333,0.0,0.0,0.0,true,4,0
1773245119000,64.0905436333333,-21.9295473333333,0.0,0.0,0.0,true,5,0
1773245124000,64.09054365,-21.9295471666667,5.0,0.0,0.0,true,6,0
1773245124000,64.09054365,-21.9295471666667,0.0,0.0,0.0,true,7,0
1773245129000,64.0905212333333,-21.9296036666667,5.0,3.7,2.7,false,7,12.0
1773245133000,64.0905212333333,-21.9296036666667,4.0,0.0,0.0,true,1,0
1773245135000,64.0903673166667,-21.9299945,2.0,25.6,46.0,false,1,6.0
1773245135000,64.0903673166667,-21.9299945,0.0,0.0,0.0,true,1,0
1773245138000,64.0901994833333,-21.9305041666667,3.0,31.0,37.2,false,1,3.0
1773245138000,64.0901994833333,-21.9305041666667,0.0,0.0,0.0,true,1,0
1773245140000,64.0901994833333,-21.9305041666667,2.0,0.0,0.0,true,2,0
1773245144000,64.0900487,-21.9309761666667,4.0,28.4,25.6,false,2,6.0
1773245144000,64.0900487,-21.9309761666667,0.0,0.0,0.0,true,1,0
1773245144000,64.0900487,-21.9309761666667,0.0,0.0,0.0,true,2,0
1773245149000,64.0900385166667,-21.931006,5.0,1.8,1.3,false,2,5.0
1773245149000,64.0900385166667,-21.931006,0.0,0.0,0.0,true,1,0
1773245153000,64.0900412,-21.9310135,4.0,0.5,0.4,true,2,0
1773245153000,64.0900412,-21.9310135,0.0,0.0,0.0,true,3,0
1773245155000,64.0900413166667,-21.9310133333333,2.0,0.0,0.0,true,4,0
1773245160000,64.0900414333333,-21.9310133333333,5.0,0.0,0.0,true,5,0
1773245160000,64.0900414333333,-21.9310133333333,0.0,0.0,0.0,true,6,0
1773245160000,64.0900414333333,-21.9310133333333,0.0,0.0,0.0,true,7,0
1773245167000,64.0900107833333,-21.931076,7.0,4.6,2.4,false,7,18.0
1773245169000,64.0900107833333,-21.931076,2.0,0.0,0.0,true,1,0
1773245169000,64.0900107833333,-21.931076,0.0,0.0,0.0,true,2,0
1773245173000,64.0898663,-21.9313781666667,4.0,21.8,19.6,false,2,6.0
1773245173000,64.0898663,-21.9313781666667,0.0,0.0,0.0,true,1,0
1773245173000,64.0898663,-21.9313781666667,0.0,0.0,0.0,true,2,0
1773245173000,64.0898663,-21.9313781666667,0.0,0.0,0.0,true,3,0
1773245180000,64.0897774166667,-21.9315833333333,7.0,14.0,7.2,false,3,7.0
1773245180000,64.0897774166667,-21.9315833333333,0.0,0.0,0.0,true,1,0
1773245180000,64.0897774166667,-21.9315833333333,0.0,0.0,0.0,true,2,0
1773245185000,64.0897767,-21.9315851666667,5.0,0.1,0.1,true,3,0
1773245185000,64.0897767,-21.9315851666667,0.0,0.0,0.0,true,4,0
1773245185000,64.0897767,-21.9315851666667,0.0,0.0,0.0,true,5,0
1773245190000,64.0897766833333,-21.931585,5.0,0.0,0.0,true,6,0
1773245195000,64.0897746666667,-21.9315905,5.0,0.3,0.3,true,7,0
1773245195000,64.0897746666667,-21.9315905,0.0,0.0,0.0,true,8,0
1773245198000,64.08974995,-21.9316638333333,3.0,4.5,5.4,false,8,18.0
1773245201000,64.08974995,-21.9316638333333,3.0,0.0,0.0,true,1,0
1773245201000,64.08974995,-21.9316638333333,0.0,0.0,0.0,true,2,0
1773245201000,64.08974995,-21.9316638333333,0.0,0.0,0.0,true,3,0
1773245207000,64.0895794166667,-21.9321278333333,6.0,29.5,17.7,false,3,9.0
1773245207000,64.0895794166667,-21.9321278333333,0.0,0.0,0.0,true,1,0
1773245211000,64.0892843166667,-21.9328776666667,4.0,49.0,44.1,false,1,4.0
1773245211000,64.0892843166667,-21.9328776666667,0.0,0.0,0.0,true,1,0
1773245214000,64.0889695,-21.9336821666667,3.0,52.5,63.0,false,1,3.0
1773245216000,64.0888394666667,-21.9339953333333,2.0,21.0,37.8,false,0,2.0
1773245216000,64.0888394666667,-21.9339953333333,0.0,0.0,0.0,true,1,0
1773245216000,64.0888394666667,-21.9339953333333,0.0,0.0,0.0,true,2,0
1773245221000,64.0888394666667,-21.9339953333333,5.0,0.0,0.0,true,3,0
1773245221000,64.0888394666667,-21.9339953333333,0.0,0.0,0.0,true,4,0
1773245221000,64.0888394666667,-21.9339953333333,0.0,0.0,0.0,true,5,0
1773245226000,64.0888341,-21.9340026666667,5.0,0.7,0.5,false,5,10.0
1773245226000,64.0888341,-21.9340026666667,0.0,0.0,0.0,true,1,0
1773245231000,64.0888341666667,-21.9340023333333,5.0,0.0,0.0,true,2,0
1773245234000,64.0888341833333,-21.9340023333333,3.0,0.0,0.0,true,3,0
1773245234000,64.0888341833333,-21.9340023333333,0.0,0.0,0.0,true,4,0
1773245236000,64.0888342333333,-21.9340023333333,2.0,0.0,0.0,true,5,0
1773245240000,64.0888342333333,-21.9340023333333,4.0,0.0,0.0,true,6,0
1773245240000,64.0888342333333,-21.9340023333333,0.0,0.0,0.0,true,7,0
1773245242000,64.0888341833333,-21.9340023333333,2.0,0.0,0.0,true,8,0
1773245246000,64.0888341833333,-21.9340023333333,4.0,0.0,0.0,true,9,0
1773245246000,64.0888341833333,-21.9340023333333,0.0,0.0,0.0,true,10,0
1773245250000,64.0888342333333,-21.9340023333333,4.0,0.0,0.0,true,11,0
1773245254000,64.0888341666667,-21.9340025,4.0,0.0,0.0,true,12,0
1773245254000,64.0888341666667,-21.9340025,0.0,0.0,0.0,true,13,0
1773245254000,64.0888341666667,-21.9340025,0.0,0.0,0.0,true,14,0
1773245254000,64.0888341666667,-21.9340025,0.0,0.0,0.0,true,15,0
1773245260000,64.0888342166667,-21.9340023333333,6.0,0.0,0.0,true,16,0
1773245262000,64.0888203,-21.9340363333333,2.0,2.3,4.1,false,16,36.0
1773245262000,64.0888203,-21.9340363333333,0.0,0.0,0.0,true,1,0
1773245266000,64.0886663666667,-21.9343915,4.0,24.3,21.9,false,1,4.0
1773245266000,64.0886663666667,-21.9343915,0.0,0.0,0.0,true,1,0
1773245269000,64.0886663666667,-21.9343915,3.0,0.0,0.0,true,2,0
1773245269000,64.0886663666667,-21.9343915,0.0,0.0,0.0,true,3,0
1773245273000,64.0883828,-21.9349576666667,4.0,41.8,37.7,false,3,7.0
1773245275000,64.0883828,-21.9349576666667,2.0,0.0,0.0,true,1,0
1773245277000,64.0880097333333,-21.9355741666667,2.0,51.2,92.1,false,1,4.0
1773245277000,64.0880097333333,-21.9355741666667,0.0,0.0,0.0,true,1,0
1773245280000,64.0880097333333,-21.9355741666667,3.0,0.0,0.0,true,2,0
1773245284000,64.0875850833333,-21.9362646666667,4.0,57.9,52.1,false,2,7.0
1773245284000,64.0875850833333,-21.9362646666667,0.0,0.0,0.0,true,1,0
1773245292000,64.0866628833333,-21.9377171666667,8.0,124.5,56.0,false,1,8.0
1773245292000,64.0866628833333,-21.9377171666667,0.0,0.0,0.0,true,1,0
1773245295000,64.08650375,-21.9380351666667,3.0,23.5,28.2,false,1,3.0
1773245297000,64.08650375,-21.9380351666667,2.0,0.0,0.0,true,1,0
1773245297000,64.08650375,-21.9380351666667,0.0,0.0,0.0,true,2,0
1773245299000,64.0863967333333,-21.9382146666667,2.0,14.8,26.6,false,2,4.0
1773245299000,64.0863967333333,-21.9382146666667,0.0,0.0,0.0,true,1,0
1773245305000,64.0864009666667,-21.9381973333333,6.0,1.0,0.6,false,1,6.0
1773245305000,64.0864009666667,-21.9381973333333,0.0,0.0,0.0,true,1,0
1773245307000,64.0864009666667,-21.9381973333333,2.0,0.0,0.0,true,2,0
1773245307000,64.0864009666667,-21.9381973333333,0.0,0.0,0.0,true,3,0
1773245314000,64.0863970833333,-21.9382086666667,7.0,0.7,0.4,false,3,9.0
1773245314000,64.0863970833333,-21.9382086666667,0.0,0.0,0.0,true,1,0
1773245317000,64.0863419833333,-21.9382551666667,3.0,6.5,7.8,false,1,3.0
1773245320000,64.0863419833333,-21.9382551666667,3.0,0.0,0.0,true,1,0
1773245320000,64.0863419833333,-21.9382551666667,0.0,0.0,0.0,true,2,0
1773245320000,64.0863419833333,-21.9382551666667,0.0,0.0,0.0,true,3,0
1773245327000,64.0861235333333,-21.938539,7.0,27.9,14.4,false,3,10.0
1773245330000,64.0856663,-21.9393911666667,3.0,65.6,78.7,false,0,3.0
1773245330000,64.0856663,-21.9393911666667,0.0,0.0,0.0,true,1,0
1773245332000,64.0856663,-21.9393911666667,2.0,0.0,0.0,true,2,0
1773245335000,64.0852190166667,-21.9404615,3.0,72.0,86.4,false,2,5.0
1773245335000,64.0852190166667,-21.9404615,0.0,0.0,0.0,true,1,0
1773245339000,64.0847541666667,-21.9418661666667,4.0,85.6,77.1,false,1,4.0
1773245339000,64.0847541666667,-21.9418661666667,0.0,0.0,0.0,true,1,0
1773245341000,64.0847541666667,-21.9418661666667,2.0,0.0,0.0,true,2,0
1773245343000,64.0847541666667,-21.9418661666667,2.0,0.0,0.0,true,3,0
1773245343000,64.0847541666667,-21.9418661666667,0.0,0.0,0.0,true,4,0
1773245347000,64.0841256833333,-21.9438008333333,4.0,117.1,105.4,false,4,8.0
1773245350000,64.0835723166667,-21.9454801666667,3.0,102.2,122.7,false,0,3.0
1773245352000,64.0835723166667,-21.9454801666667,2.0,0.0,0.0,true,1,0
1773245354000,64.0835723166667,-21.9454801666667,2.0,0.0,0.0,true,2,0
1773245357000,64.0830030833333,-21.946886,3.0,93.1,111.8,false,2,7.0
1773245357000,64.0830030833333,-21.946886,0.0,0.0,0.0,true,1,0
1773245360000,64.0823990166667,-21.9476845,3.0,77.6,93.1,false,1,3.0
1773245362000,64.0823990166667,-21.9476845,2.0,0.0,0.0,true,1,0
1773245362000,64.0823990166667,-21.9476845,0.0,0.0,0.0,true,2,0
1773245365000,64.0817110166667,-21.9481811666667,3.0,80.2,96.3,false,2,5.0
1773245365000,64.0817110166667,-21.9481811666667,0.0,0.0,0.0,true,1,0
1773245368000,64.0817110166667,-21.9481811666667,3.0,0.0,0.0,true,2,0
1773245371000,64.0812224666667,-21.9484771666667,3.0,56.2,67.4,false,2,6.0
1773245371000,64.0812224666667,-21.9484771666667,0.0,0.0,0.0,true,1,0
1773245374000,64.0812224666667,-21.9484771666667,3.0,0.0,0.0,true,2,0
1773245376000,64.08072895,-21.9487836666667,2.0,56.9,102.4,false,2,5.0
1773245376000,64.08072895,-21.9487836666667,0.0,0.0,0.0,true,1,0
1773245380000,64.0802177166667,-21.9491006666667,4.0,58.9,53.0,false,1,4.0
1773245385000,64.0797388,-21.9493955,5.0,55.1,39.7,false,0,5.0
1773245385000,64.0797388,-21.9493955,0.0,0.0,0.0,true,1,0
1773245389000,64.0797388,-21.9493955,4.0,0.0,0.0,true,2,0
1773245391000,64.0797388,-21.9493955,2.0,0.0,0.0,true,3,0
1773245391000,64.0797388,-21.9493955,0.0,0.0,0.0,true,4,0
1773245391000,64.0797388,-21.9493955,0.0,0.0,0.0,true,5,0
1773245395000,64.0792796666667,-21.9497263333333,4.0,53.5,48.2,false,5,10.0
1773245397000,64.0791232666667,-21.949876,2.0,18.9,33.9,false,0,2.0
1773245402000,64.07912395,-21.9498668333333,5.0,0.5,0.3,true,1,0
1773245402000,64.07912395,-21.9498668333333,0.0,0.0,0.0,true,2,0
1773245406000,64.07912395,-21.9498668333333,4.0,0.0,0.0,true,3,0
1773245406000,64.07912395,-21.9498668333333,0.0,0.0,0.0,true,4,0
1773245406000,64.07912395,-21.9498668333333,0.0,0.0,0.0,true,5,0
1773245411000,64.0791239666667,-21.9498666666667,5.0,0.0,0.0,true,6,0
1773245411000,64.0791239666667,-21.9498666666667,0.0,0.0,0.0,true,7,0
1773245411000,64.0791239666667,-21.9498666666667,0.0,0.0,0.0,true,8,0
1773245417000,64.0790748,-21.9498631666667,6.0,5.5,3.3,false,8,20.0
1773245422000,64.07887695,-21.9499263333333,5.0,22.2,16.0,false,0,5.0
1773245422000,64.07887695,-21.9499263333333,0.0,0.0,0.0,true,1,0
1773245426000,64.07887695,-21.9499263333333,4.0,0.0,0.0,true,2,0
1773245426000,64.07887695,-21.9499263333333,0.0,0.0,0.0,true,3,0
1773245426000,64.07887695,-21.9499263333333,0.0,0.0,0.0,true,4,0
1773245426000,64.07887695,-21.9499263333333,0.0,0.0,0.0,true,5,0
1773245429000,64.07872035,-21.9500048333333,3.0,17.8,21.4,false,5,7.0
1773245433000,64.0786794166667,-21.9500258333333,4.0,4.7,4.2,false,0,4.0
1773245435000,64.0786794166667,-21.9500258333333,2.0,0.0,0.0,true,1,0
1773245437000,64.0783713,-21.9502143333333,2.0,35.5,63.8,false,1,4.0
1773245441000,64.0783713,-21.9502143333333,4.0,0.0,0.0,true,1,0
1773245441000,64.0783713,-21.9502143333333,0.0,0.0,0.0,true,2,0
1773245443000,64.07791315,-21.9504948333333,2.0,52.7,94.9,false,2,6.0
1773245445000,64.07791315,-21.9504948333333,2.0,0.0,0.0,true,1,0
1773245447000,64.0774604,-21.9507468333333,2.0,51.8,93.3,false,1,4.0
1773245447000,64.0774604,-21.9507468333333,0.0,0.0,0.0,true,1,0
1773245450000,64.0774604,-21.9507468333333,3.0,0.0,0.0,true,2,0
1773245452000,64.0772376333333,-21.950876,2.0,25.6,46.0,false,2,5.0
1773245452000,64.0772376333333,-21.950876,0.0,0.0,0.0,true,1,0
1773245457000,64.0772284166667,-21.9508888333333,5.0,1.2,0.9,false,1,5.0
1773245457000,64.0772284166667,-21.9508888333333,0.0,0.0,0.0,true,1,0
1773245461000,64.0772023166667,-21.9509053333333,4.0,3.0,2.7,false,1,4.0
1773245466000,64.0769646833333,-21.9510323333333,5.0,27.1,19.5,false,0,5.0
1773245466000,64.0769646833333,-21.9510323333333,0.0,0.0,0.0,true,1,0
1773245466000,64.0769646833333,-21.9510323333333,0.0,0.0,0.0,true,2,0
1773245471000,64.0765445166667,-21.9512686666667,5.0,48.1,34.6,false,2,5.0
1773245471000,64.0765445166667,-21.9512686666667,0.0,0.0,0.0,true,1,0
1773245474000,64.0761092333333,-21.9515626666667,3.0,50.5,60.6,false,1,3.0
1773245476000,64.0761092333333,-21.9515626666667,2.0,0.0,0.0,true,1,0
1773245476000,64.0761092333333,-21.9515626666667,0.0,0.0,0.0,true,2,0
1773245478000,64.0761092333333,-21.9515626666667,2.0,0.0,0.0,true,3,0
1773245481000,64.0758052,-21.9518128333333,3.0,35.9,43.1,false,3,7.0
1773245484000,64.07566965,-21.951941,3.0,16.3,19.6,false,0,3.0
1773245487000,64.07566965,-21.951941,3.0,0.0,0.0,true,1,0
1773245487000,64.07566965,-21.951941,0.0,0.0,0.0,true,2,0
1773245490000,64.0756602333333,-21.9519453333333,3.0,1.1,1.3,false,2,6.0