ts,lat,lng,dt_s,dist_m,implied_speed_kmh,is_stale,stale_run,real_gap_s
1773218922000,64.13952205,-21.8181651666667,0.0,0.0,0.0,true,1,0
1773218928000,64.1383719833333,-21.8165951666667,6.0,148.8,89.3,false,1,6.0
1773218930000,64.1383719833333,-21.8165951666667,2.0,0.0,0.0,true,1,0
1773218934000,64.1383719833333,-21.8165951666667,4.0,0.0,0.0,true,2,0
1773218934000,64.1383719833333,-21.8165951666667,0.0,0.0,0.0,true,3,0
1773218936000,64.1383719833333,-21.8165951666667,2.0,0.0,0.0,true,4,0
1773218939000,64.1383719833333,-21.8165951666667,3.0,0.0,0.0,true,5,0
1773218941000,64.1383719833333,-21.8165951666667,2.0,0.0,0.0,true,6,0
1773218941000,64.1383719833333,-21.8165951666667,0.0,0.0,0.0,true,7,0
1773218943000,64.1383719833333,-21.8165951666667,2.0,0.0,0.0,true,8,0
1773218947000,64.1383719833333,-21.8165951666667,4.0,0.0,0.0,true,9,0
1773218949000,64.1369645833333,-21.8128256666667,2.0,240.7,433.2,false,9,21.0
1773218949000,64.1369645833333,-21.8128256666667,0.0,0.0,0.0,true,1,0
1773218951000,64.1369645833333,-21.8128256666667,2.0,0.0,0.0,true,2,0
1773218954000,64.1369645833333,-21.8128256666667,3.0,0.0,0.0,true,3,0
1773218954000,64.1369645833333,-21.8128256666667,0.0,0.0,0.0,true,4,0
1773218956000,64.1369645833333,-21.8128256666667,2.0,0.0,0.0,true,5,0
1773218959000,64.1369645833333,-21.8128256666667,3.0,0.0,0.0,true,6,0
1773218959000,64.1369645833333,-21.8128256666667,0.0,0.0,0.0,true,7,0
1773218961000,64.1369645833333,-21.8128256666667,2.0,0.0,0.0,true,8,0
1773218965000,64.1369645833333,-21.8128256666667,4.0,0.0,0.0,true,9,0
1773218965000,64.1369645833333,-21.8128256666667,0.0,0.0,0.0,true,10,0
1773218969000,64.1369645833333,-21.8128256666667,4.0,0.0,0.0,true,11,0
1773218973000,64.1369645833333,-21.8128256666667,4.0,0.0,0.0,true,12,0
1773218973000,64.1369645833333,-21.8128256666667,0.0,0.0,0.0,true,13,0
1773218975000,64.1369645833333,-21.8128256666667,2.0,0.0,0.0,true,14,0
1773218978000,64.1369029333333,-21.8105653333333,3.0,109.9,131.8,false,14,29.0
1773218978000,64.1369029333333,-21.8105653333333,0.0,0.0,0.0,true,1,0
1773218982000,64.1369029333333,-21.8105653333333,4.0,0.0,0.0,true,2,0
1773218985000,64.1369029333333,-21.8105653333333,3.0,0.0,0.0,true,3,0
1773218985000,64.1369029333333,-21.8105653333333,0.0,0.0,0.0,true,4,0
1773218985000,64.1369029333333,-21.8105653333333,0.0,0.0,0.0,true,5,0
1773218990000,64.1369029333333,-21.8105653333333,5.0,0.0,0.0,true,6,0
1773218990000,64.1369029333333,-21.8105653333333,0.0,0.0,0.0,true,7,0
1773218994000,64.1369029333333,-21.8105653333333,4.0,0.0,0.0,true,8,0
1773218994000,64.1369029333333,-21.8105653333333,0.0,0.0,0.0,true,9,0
1773218999000,64.1369029333333,-21.8105653333333,5.0,0.0,0.0,true,10,0
1773219001000,64.1369029333333,-21.8105653333333,2.0,0.0,0.0,true,11,0
1773219001000,64.1369029333333,-21.8105653333333,0.0,0.0,0.0,true,12,0
1773219003000,64.1369029333333,-21.8105653333333,2.0,0.0,0.0,true,13,0
1773219013000,64.1369029333333,-21.8105653333333,10.0,0.0,0.0,true,14,0
1773219013000,64.1369029333333,-21.8105653333333,0.0,0.0,0.0,true,15,0
1773219013000,64.1369029333333,-21.8105653333333,0.0,0.0,0.0,true,16,0
1773219013000,64.1369029333333,-21.8105653333333,0.0,0.0,0.0,true,17,0
1773219020000,64.1369029333333,-21.8105653333333,7.0,0.0,0.0,true,18,0
1773219022000,64.1369029333333,-21.8105653333333,2.0,0.0,0.0,true,19,0
1773219022000,64.1369029333333,-21.8105653333333,0.0,0.0,0.0,true,20,0
1773219026000,64.1369029333333,-21.8105653333333,4.0,0.0,0.0,true,21,0
1773219026000,64.1369029333333,-21.8105653333333,0.0,0.0,0.0,true,22,0
1773219028000,64.1369029333333,-21.8105653333333,2.0,0.0,0.0,true,23,0
1773219032000,64.1369029333333,-21.8105653333333,4.0,0.0,0.0,true,24,0
1773219032000,64.1369029333333,-21.8105653333333,0.0,0.0,0.0,true,25,0
1773219036000,64.1369029333333,-21.8105653333333,4.0,0.0,0.0,true,26,0
1773219038000,64.1369029333333,-21.8105653333333,2.0,0.0,0.0,true,27,0
1773219038000,64.1369029333333,-21.8105653333333,0.0,0.0,0.0,true,28,0
1773219041000,64.1369029333333,-21.8105653333333,3.0,0.0,0.0,true,29,0
1773219044000,64.1369029333333,-21.8105653333333,3.0,0.0,0.0,true,30,0
1773219044000,64.1369029333333,-21.8105653333333,0.0,0.0,0.0,true,31,0
1773219049000,64.1364749,-21.8069765,5.0,180.5,129.9,false,31,71.0
1773219049000,64.1364749,-21.8069765,0.0,0.0,0.0,true,1,0
1773219051000,64.1364749,-21.8069765,2.0,0.0,0.0,true,2,0
1773219054000,64.1364749,-21.8069765,3.0,0.0,0.0,true,3,0
1773219054000,64.1364749,-21.8069765,0.0,0.0,0.0,true,4,0
1773219056000,64.1364749,-21.8069765,2.0,0.0,0.0,true,5,0
1773219059000,64.1364749,-21.8069765,3.0,0.0,0.0,true,6,0
1773219059000,64.1364749,-21.8069765,0.0,0.0,0.0,true,7,0
1773219062000,64.1364749,-21.8069765,3.0,0.0,0.0,true,8,0
1773219067000,64.1364749,-21.8069765,5.0,0.0,0.0,true,9,0
1773219067000,64.1364749,-21.8069765,0.0,0.0,0.0,true,10,0
1773219070000,64.1364749,-21.8069765,3.0,0.0,0.0,true,11,0
1773219070000,64.1364749,-21.8069765,0.0,0.0,0.0,true,12,0
1773219070000,64.1364749,-21.8069765,0.0,0.0,0.0,true,13,0
1773219076000,64.1364749,-21.8069765,6.0,0.0,0.0,true,14,0
1773219079000,64.1364749,-21.8069765,3.0,0.0,0.0,true,15,0
1773219079000,64.1364749,-21.8069765,0.0,0.0,0.0,true,16,0
1773219081000,64.135682,-21.8020761666667,2.0,253.5,456.3,false,16,32.0
1773219084000,64.135682,-21.8020761666667,3.0,0.0,0.0,true,1,0
1773219084000,64.135682,-21.8020761666667,0.0,0.0,0.0,true,2,0
1773219087000,64.135682,-21.8020761666667,3.0,0.0,0.0,true,3,0
1773219087000,64.135682,-21.8020761666667,0.0,0.0,0.0,true,4,0
1773219091000,64.135682,-21.8020761666667,4.0,0.0,0.0,true,5,0
1773219091000,64.135682,-21.8020761666667,0.0,0.0,0.0,true,6,0
1773219095000,64.135682,-21.8020761666667,4.0,0.0,0.0,true,7,0
1773219097000,64.135682,-21.8020761666667,2.0,0.0,0.0,true,8,0
1773219097000,64.135682,-21.8020761666667,0.0,0.0,0.0,true,9,0
1773219100000,64.135682,-21.8020761666667,3.0,0.0,0.0,true,10,0
1773219104000,64.135682,-21.8020761666667,4.0,0.0,0.0,true,11,0
1773219104000,64.135682,-21.8020761666667,0.0,0.0,0.0,true,12,0
1773219110000,64.1347526166667,-21.7980143333333,6.0,222.5,133.5,false,12,29.0
1773219110000,64.1347526166667,-21.7980143333333,0.0,0.0,0.0,true,1,0
1773219110000,64.1347526166667,-21.7980143333333,0.0,0.0,0.0,true,2,0
1773219114000,64.1347526166667,-21.7980143333333,4.0,0.0,0.0,true,3,0
1773219114000,64.1347526166667,-21.7980143333333,0.0,0.0,0.0,true,4,0
1773219116000,64.1347526166667,-21.7980143333333,2.0,0.0,0.0,true,5,0
1773219119000,64.1347526166667,-21.7980143333333,3.0,0.0,0.0,true,6,0
1773219119000,64.1347526166667,-21.7980143333333,0.0,0.0,0.0,true,7,0
1773219123000,64.1347526166667,-21.7980143333333,4.0,0.0,0.0,true,8,0
1773219125000,64.1347526166667,-21.7980143333333,2.0,0.0,0.0,true,9,0
1773219129000,64.1347526166667,-21.7980143333333,4.0,0.0,0.0,true,10,0
1773219131000,64.1347526166667,-21.7980143333333,2.0,0.0,0.0,true,11,0
1773219133000,64.1347526166667,-21.7980143333333,2.0,0.0,0.0,true,12,0
1773219135000,64.1347526166667,-21.7980143333333,2.0,0.0,0.0,true,13,0
1773219135000,64.1347526166667,-21.7980143333333,0.0,0.0,0.0,true,14,0
1773219135000,64.1347526166667,-21.7980143333333,0.0,0.0,0.0,true,15,0
1773219137000,64.1347526166667,-21.7980143333333,2.0,0.0,0.0,true,16,0
1773219143000,64.1347526166667,-21.7980143333333,6.0,0.0,0.0,true,17,0
1773219143000,64.1347526166667,-21.7980143333333,0.0,0.0,0.0,true,18,0
1773219143000,64.1347526166667,-21.7980143333333,0.0,0.0,0.0,true,19,0
1773219148000,64.1347526166667,-21.7980143333333,5.0,0.0,0.0,true,20,0
1773219148000,64.1347526166667,-21.7980143333333,0.0,0.0,0.0,true,21,0
1773219152000,64.1347526166667,-21.7980143333333,4.0,0.0,0.0,true,22,0
1773219152000,64.1347526166667,-21.7980143333333,0.0,0.0,0.0,true,23,0
1773219157000,64.1347526166667,-21.7980143333333,5.0,0.0,0.0,true,24,0
1773219157000,64.1347526166667,-21.7980143333333,0.0,0.0,0.0,true,25,0
1773219159000,64.1347526166667,-21.7980143333333,2.0,0.0,0.0,true,26,0
1773219163000,64.1353203166667,-21.7932593333333,4.0,239.1,215.2,false,26,53.0
1773219163000,64.1353203166667,-21.7932593333333,0.0,0.0,0.0,true,1,0
1773219165000,64.1353203166667,-21.7932593333333,2.0,0.0,0.0,true,2,0
1773219168000,64.1353203166667,-21.7932593333333,3.0,0.0,0.0,true,3,0
1773219168000,64.1353203166667,-21.7932593333333,0.0,0.0,0.0,true,4,0
1773219168000,64.1353203166667,-21.7932593333333,0.0,0.0,0.0,true,5,0
1773219172000,64.1353203166667,-21.7932593333333,4.0,0.0,0.0,true,6,0
1773219172000,64.1353203166667,-21.7932593333333,0.0,0.0,0.0,true,7,0
1773219177000,64.1353203166667,-21.7932593333333,5.0,0.0,0.0,true,8,0
1773219177000,64.1353203166667,-21.7932593333333,0.0,0.0,0.0,true,9,0
1773219182000,64.1353203166667,-21.7932593333333,5.0,0.0,0.0,true,10,0
1773219184000,64.1353203166667,-21.7932593333333,2.0,0.0,0.0,true,11,0
1773219184000,64.1353203166667,-21.7932593333333,0.0,0.0,0.0,true,12,0
1773219188000,64.1353203166667,-21.7932593333333,4.0,0.0,0.0,true,13,0
1773219188000,64.1353203166667,-21.7932593333333,0.0,0.0,0.0,true,14,0
1773219193000,64.1353203166667,-21.7932593333333,5.0,0.0,0.0,true,15,0
1773219193000,64.1353203166667,-21.7932593333333,0.0,0.0,0.0,true,16,0
1773219193000,64.1353203166667,-21.7932593333333,0.0,0.0,0.0,true,17,0
1773219197000,64.1353203166667,-21.7932593333333,4.0,0.0,0.0,true,18,0
1773219197000,64.1353203166667,-21.7932593333333,0.0,0.0,0.0,true,19,0
1773219202000,64.1353203166667,-21.7932593333333,5.0,0.0,0.0,true,20,0
1773219202000,64.1353203166667,-21.7932593333333,0.0,0.0,0.0,true,21,0
1773219204000,64.1353203166667,-21.7932593333333,2.0,0.0,0.0,true,22,0
1773219208000,64.1376806,-21.7910825,4.0,282.9,254.6,false,22,45.0
1773219208000,64.1376806,-21.7910825,0.0,0.0,0.0,true,1,0
1773219213000,64.1376806,-21.7910825,5.0,0.0,0.0,true,2,0
1773219213000,64.1376806,-21.7910825,0.0,0.0,0.0,true,3,0
1773219217000,64.1376806,-21.7910825,4.0,0.0,0.0,true,4,0
1773219217000,64.1376806,-21.7910825,0.0,0.0,0.0,true,5,0
1773219219000,64.1376806,-21.7910825,2.0,0.0,0.0,true,6,0
1773219224000,64.1376806,-21.7910825,5.0,0.0,0.0,true,7,0
1773219224000,64.1376806,-21.7910825,0.0,0.0,0.0,true,8,0
1773219224000,64.1376806,-21.7910825,0.0,0.0,0.0,true,9,0
1773219228000,64.1391780833333,-21.7893108333333,4.0,187.4,168.6,false,9,20.0
1773219228000,64.1391780833333,-21.7893108333333,0.0,0.0,0.0,true,1,0
1773219232000,64.1391780833333,-21.7893108333333,4.0,0.0,0.0,true,2,0
1773219234000,64.1391780833333,-21.7893108333333,2.0,0.0,0.0,true,3,0
1773219234000,64.1391780833333,-21.7893108333333,0.0,0.0,0.0,true,4,0
1773219237000,64.1391780833333,-21.7893108333333,3.0,0.0,0.0,true,5,0
1773219237000,64.1391780833333,-21.7893108333333,0.0,0.0,0.0,true,6,0
1773219239000,64.1391780833333,-21.7893108333333,2.0,0.0,0.0,true,7,0
1773219243000,64.1391780833333,-21.7893108333333,4.0,0.0,0.0,true,8,0
1773219243000,64.1391780833333,-21.7893108333333,0.0,0.0,0.0,true,9,0
1773219248000,64.1391780833333,-21.7893108333333,5.0,0.0,0.0,true,10,0
1773219248000,64.1391780833333,-21.7893108333333,0.0,0.0,0.0,true,11,0
1773219252000,64.1393053333333,-21.7846658333333,4.0,225.7,203.2,false,11,24.0
1773219254000,64.1393053333333,-21.7846658333333,2.0,0.0,0.0,true,1,0
1773219258000,64.1393053333333,-21.7846658333333,4.0,0.0,0.0,true,2,0
1773219258000,64.1393053333333,-21.7846658333333,0.0,0.0,0.0,true,3,0
1773219258000,64.1393053333333,-21.7846658333333,0.0,0.0,0.0,true,4,0
1773219261000,64.1393053333333,-21.7846658333333,3.0,0.0,0.0,true,5,0
1773219264000,64.1393053333333,-21.7846658333333,3.0,0.0,0.0,true,6,0
1773219266000,64.1393053333333,-21.7846658333333,2.0,0.0,0.0,true,7,0
1773219266000,64.1393053333333,-21.7846658333333,0.0,0.0,0.0,true,8,0
1773219266000,64.1393053333333,-21.7846658333333,0.0,0.0,0.0,true,9,0
1773219270000,64.1396335333333,-21.7803085,4.0,214.5,193.0,false,9,18.0
1773219275000,64.1396335333333,-21.7803085,5.0,0.0,0.0,true,1,0
1773219275000,64.1396335333333,-21.7803085,0.0,0.0,0.0,true,2,0
1773219275000,64.1396335333333,-21.7803085,0.0,0.0,0.0,true,3,0
1773219281000,64.1396335333333,-21.7803085,6.0,0.0,0.0,true,4,0
1773219281000,64.1396335333333,-21.7803085,0.0,0.0,0.0,true,5,0
1773219285000,64.1396335333333,-21.7803085,4.0,0.0,0.0,true,6,0
1773219285000,64.1396335333333,-21.7803085,0.0,0.0,0.0,true,7,0
1773219288000,64.1396335333333,-21.7803085,3.0,0.0,0.0,true,8,0
1773219290000,64.1396335333333,-21.7803085,2.0,0.0,0.0,true,9,0
1773219290000,64.1396335333333,-21.7803085,0.0,0.0,0.0,true,10,0
1773219294000,64.1386535833333,-21.7767566666667,4.0,203.8,183.5,false,10,24.0
1773219294000,64.1386535833333,-21.7767566666667,0.0,0.0,0.0,true,1,0
1773219298000,64.1386535833333,-21.7767566666667,4.0,0.0,0.0,true,2,0
1773219298000,64.1386535833333,-21.7767566666667,0.0,0.0,0.0,true,3,0
1773219303000,64.1382090166667,-21.774218,5.0,132.7,95.5,false,3,9.0
1773219303000,64.1382090166667,-21.774218,0.0,0.0,0.0,true,1,0
1773219307000,64.1382090166667,-21.774218,4.0,0.0,0.0,true,2,0
1773219307000,64.1382090166667,-21.774218,0.0,0.0,0.0,true,3,0
1773219310000,64.1382090166667,-21.774218,3.0,0.0,0.0,true,4,0
1773219310000,64.1382090166667,-21.774218,0.0,0.0,0.0,true,5,0
1773219313000,64.1382090166667,-21.774218,3.0,0.0,0.0,true,6,0
1773219313000,64.1382090166667,-21.774218,0.0,0.0,0.0,true,7,0
1773219316000,64.1382090166667,-21.774218,3.0,0.0,0.0,true,8,0
1773219319000,64.1382090166667,-21.774218,3.0,0.0,0.0,true,9,0
1773219322000,64.1382090166667,-21.774218,3.0,0.0,0.0,true,10,0
1773219326000,64.1382090166667,-21.774218,4.0,0.0,0.0,true,11,0
1773219326000,64.1382090166667,-21.774218,0.0,0.0,0.0,true,12,0
1773219328000,64.1382090166667,-21.774218,2.0,0.0,0.0,true,13,0
1773219330000,64.1382090166667,-21.774218,2.0,0.0,0.0,true,14,0
1773219330000,64.1382090166667,-21.774218,0.0,0.0,0.0,true,15,0
1773219335000,64.1382090166667,-21.774218,5.0,0.0,0.0,true,16,0
1773219335000,64.1382090166667,-21.774218,0.0,0.0,0.0,true,17,0
1773219339000,64.1382090166667,-21.774218,4.0,0.0,0.0,true,18,0
1773219341000,64.1382090166667,-21.774218,2.0,0.0,0.0,true,19,0
1773219341000,64.1382090166667,-21.774218,0.0,0.0,0.0,true,20,0
1773219343000,64.1382090166667,-21.774218,2.0,0.0,0.0,true,21,0
1773219347000,64.1382090166667,-21.774218,4.0,0.0,0.0,true,22,0
1773219347000,64.1382090166667,-21.774218,0.0,0.0,0.0,true,23,0
1773219347000,64.1382090166667,-21.774218,0.0,0.0,0.0,true,24,0
1773219347000,64.1382090166667,-21.774218,0.0,0.0,0.0,true,25,0
1773219354000,64.1382090166667,-21.774218,7.0,0.0,0.0,true,26,0
1773219357000,64.1382090166667,-21.774218,3.0,0.0,0.0,true,27,0
1773219359000,64.1394155,-21.7721446666667,2.0,167.7,301.8,false,27,56.0
1773219359000,64.1394155,-21.7721446666667,0.0,0.0,0.0,true,1,0
1773219363000,64.1394155,-21.7721446666667,4.0,0.0,0.0,true,2,0
1773219365000,64.1394155,-21.7721446666667,2.0,0.0,0.0,true,3,0
1773219365000,64.1394155,-21.7721446666667,0.0,0.0,0.0,true,4,0
1773219365000,64.1394155,-21.7721446666667,0.0,0.0,0.0,true,5,0
1773219370000,64.1394155,-21.7721446666667,5.0,0.0,0.0,true,6,0
1773219372000,64.1394155,-21.7721446666667,2.0,0.0,0.0,true,7,0
1773219375000,64.1394155,-21.7721446666667,3.0,0.0,0.0,true,8,0
1773219375000,64.1394155,-21.7721446666667,0.0,0.0,0.0,true,9,0
1773219378000,64.1394155,-21.7721446666667,3.0,0.0,0.0,true,10,0
1773219381000,64.1394155,-21.7721446666667,3.0,0.0,0.0,true,11,0
1773219381000,64.1394155,-21.7721446666667,0.0,0.0,0.0,true,12,0
1773219383000,64.1394155,-21.7721446666667,2.0,0.0,0.0,true,13,0
1773219387000,64.1394155,-21.7721446666667,4.0,0.0,0.0,true,14,0
1773219387000,64.1394155,-21.7721446666667,0.0,0.0,0.0,true,15,0
1773219390000,64.1394155,-21.7721446666667,3.0,0.0,0.0,true,16,0
1773219390000,64.1394155,-21.7721446666667,0.0,0.0,0.0,true,17,0
1773219394000,64.1394155,-21.7721446666667,4.0,0.0,0.0,true,18,0
1773219396000,64.1394155,-21.7721446666667,2.0,0.0,0.0,true,19,0
1773219396000,64.1394155,-21.7721446666667,0.0,0.0,0.0,true,20,0
1773219398000,64.1449085,-21.7741166666667,2.0,618.2,1112.8,false,20,39.0
1773219402000,64.1449085,-21.7741166666667,4.0,0.0,0.0,true,1,0
1773219402000,64.1449085,-21.7741166666667,0.0,0.0,0.0,true,2,0
1773219409000,64.1449085,-21.7741166666667,7.0,0.0,0.0,true,3,0
1773219413000,64.1449085,-21.7741166666667,4.0,0.0,0.0,true,4,0
1773219413000,64.1449085,-21.7741166666667,0.0,0.0,0.0,true,5,0
1773219415000,64.1449085,-21.7741166666667,2.0,0.0,0.0,true,6,0
1773219418000,64.1449085,-21.7741166666667,3.0,0.0,0.0,true,7,0
1773219418000,64.1449085,-21.7741166666667,0.0,0.0,0.0,true,8,0
1773219422000,64.1449085,-21.7741166666667,4.0,0.0,0.0,true,9,0
1773219422000,64.1449085,-21.7741166666667,0.0,0.0,0.0,true,10,0
1773219424000,64.1449085,-21.7741166666667,2.0,0.0,0.0,true,11,0
1773219429000,64.1449085,-21.7741166666667,5.0,0.0,0.0,true,12,0
1773219429000,64.1449085,-21.7741166666667,0.0,0.0,0.0,true,13,0
1773219431000,64.1449085,-21.7741166666667,2.0,0.0,0.0,true,14,0
1773219434000,64.1449085,-21.7741166666667,3.0,0.0,0.0,true,15,0
1773219434000,64.1449085,-21.7741166666667,0.0,0.0,0.0,true,16,0
1773219438000,64.1449085,-21.7741166666667,4.0,0.0,0.0,true,17,0
1773219440000,64.1449085,-21.7741166666667,2.0,0.0,0.0,true,18,0
1773219440000,64.1449085,-21.7741166666667,0.0,0.0,0.0,true,19,0
1773219443000,64.1449085,-21.7741166666667,3.0,0.0,0.0,true,20,0
1773219445000,64.1449085,-21.7741166666667,2.0,0.0,0.0,true,21,0
1773219445000,64.1449085,-21.7741166666667,0.0,0.0,0.0,true,22,0
1773219451000,64.1463813333333,-21.7708988333333,6.0,226.2,135.7,false,22,53.0
1773219451000,64.1463813333333,-21.7708988333333,0.0,0.0,0.0,true,1,0
1773219453000,64.1463813333333,-21.7708988333333,2.0,0.0,0.0,true,2,0
1773219455000,64.1463813333333,-21.7708988333333,2.0,0.0,0.0,true,3,0
1773219455000,64.1463813333333,-21.7708988333333,0.0,0.0,0.0,true,4,0
1773219460000,64.1463813333333,-21.7708988333333,5.0,0.0,0.0,true,5,0
1773219460000,64.1463813333333,-21.7708988333333,0.0,0.0,0.0,true,6,0
1773219460000,64.1463813333333,-21.7708988333333,0.0,0.0,0.0,true,7,0
1773219465000,64.1463813333333,-21.7708988333333,5.0,0.0,0.0,true,8,0
1773219469000,64.1463813333333,-21.7708988333333,4.0,0.0,0.0,true,9,0
1773219469000,64.1463813333333,-21.7708988333333,0.0,0.0,0.0,true,10,0
1773219471000,64.1463813333333,-21.7708988333333,2.0,0.0,0.0,true,11,0
1773219474000,64.1463813333333,-21.7708988333333,3.0,0.0,0.0,true,12,0
1773219474000,64.1463813333333,-21.7708988333333,0.0,0.0,0.0,true,13,0
1773219474000,64.1463813333333,-21.7708988333333,0.0,0.0,0.0,true,14,0
1773219483000,64.1463813333333,-21.7708988333333,9.0,0.0,0.0,true,15,0
1773219483000,64.1463813333333,-21.7708988333333,0.0,0.0,0.0,true,16,0
1773219486000,64.1463813333333,-21.7708988333333,3.0,0.0,0.0,true,17,0
1773219488000,64.1463813333333,-21.7708988333333,2.0,0.0,0.0,true,18,0
1773219488000,64.1463813333333,-21.7708988333333,0.0,0.0,0.0,true,19,0
1773219490000,64.1463813333333,-21.7708988333333,2.0,0.0,0.0,true,20,0
1773219490000,64.1463813333333,-21.7708988333333,0.0,0.0,0.0,true,21,0
1773219493000,64.1463813333333,-21.7708988333333,3.0,0.0,0.0,true,22,0
1773219495000,64.1463813333333,-21.7708988333333,2.0,0.0,0.0,true,23,0
1773219499000,64.1463813333333,-21.7708988333333,4.0,0.0,0.0,true,24,0
1773219501000,64.1463813333333,-21.7708988333333,2.0,0.0,0.0,true,25,0
1773219501000,64.1463813333333,-21.7708988333333,0.0,0.0,0.0,true,26,0
1773219503000,64.1463813333333,-21.7708988333333,2.0,0.0,0.0,true,27,0
1773219507000,64.1463813333333,-21.7708988333333,4.0,0.0,0.0,true,28,0
1773219507000,64.1463813333333,-21.7708988333333,0.0,0.0,0.0,true,29,0
1773219507000,64.1463813333333,-21.7708988333333,0.0,0.0,0.0,true,30,0
1773219510000,64.1463813333333,-21.7708988333333,3.0,0.0,0.0,true,31,0
1773219515000,64.1463813333333,-21.7708988333333,5.0,0.0,0.0,true,32,0
1773219517000,64.1463813333333,-21.7708988333333,2.0,0.0,0.0,true,33,0
1773219520000,64.1463813333333,-21.7708988333333,3.0,0.0,0.0,true,34,0
1773219522000,64.1442230166667,-21.7747813333333,2.0,305.0,549.0,false,34,71.0
1773232395000,64.1402930666667,-21.806733,12873.0,1610.0,0.5,false,0,12873.0
1773232398000,64.1402930666667,-21.806733,3.0,0.0,0.0,true,1,0
1773232398000,64.1402930666667,-21.806733,0.0,0.0,0.0,true,2,0
1773232400000,64.1402930666667,-21.806733,2.0,0.0,0.0,true,3,0
1773232402000,64.1402930666667,-21.806733,2.0,0.0,0.0,true,4,0
1773232402000,64.1402930666667,-21.806733,0.0,0.0,0.0,true,5,0
1773232406000,64.1402930666667,-21.806733,4.0,0.0,0.0,true,6,0
1773232408000,64.1402930666667,-21.806733,2.0,0.0,0.0,true,7,0
1773232410000,64.1402930666667,-21.806733,2.0,0.0,0.0,true,8,0
1773232410000,64.1402930666667,-21.806733,0.0,0.0,0.0,true,9,0
1773232413000,64.1402930666667,-21.806733,3.0,0.0,0.0,true,10,0
1773232413000,64.1402930666667,-21.806733,0.0,0.0,0.0,true,11,0
1773232417000,64.1402930666667,-21.806733,4.0,0.0,0.0,true,12,0
1773232419000,64.1402930666667,-21.806733,2.0,0.0,0.0,true,13,0
1773232423000,64.1402930666667,-21.806733,4.0,0.0,0.0,true,14,0
1773232423000,64.1402930666667,-21.806733,0.0,0.0,0.0,true,15,0
1773232425000,64.1402930666667,-21.806733,2.0,0.0,0.0,true,16,0
1773232427000,64.1402930666667,-21.806733,2.0,0.0,0.0,true,17,0
1773232431000,64.1402930666667,-21.806733,4.0,0.0,0.0,true,18,0
1773232431000,64.1402930666667,-21.806733,0.0,0.0,0.0,true,19,0
1773232433000,64.1402930666667,-21.806733,2.0,0.0,0.0,true,20,0
1773232433000,64.1402930666667,-21.806733,0.0,0.0,0.0,true,21,0
1773232435000,64.1402930666667,-21.806733,2.0,0.0,0.0,true,22,0
1773232440000,64.1402930666667,-21.806733,5.0,0.0,0.0,true,23,0
1773232442000,64.1402930666667,-21.806733,2.0,0.0,0.0,true,24,0
1773232446000,64.1402930666667,-21.806733,4.0,0.0,0.0,true,25,0
1773232446000,64.1402930666667,-21.806733,0.0,0.0,0.0,true,26,0
1773232446000,64.1402930666667,-21.806733,0.0,0.0,0.0,true,27,0
1773232450000,64.1402930666667,-21.806733,4.0,0.0,0.0,true,28,0
1773232452000,64.1402930666667,-21.806733,2.0,0.0,0.0,true,29,0
1773232452000,64.1402930666667,-21.806733,0.0,0.0,0.0,true,30,0
1773232454000,64.1402930666667,-21.806733,2.0,0.0,0.0,true,31,0
1773232459000,64.1402930666667,-21.806733,5.0,0.0,0.0,true,32,0
1773232459000,64.1402930666667,-21.806733,0.0,0.0,0.0,true,33,0
1773232461000,64.1402930666667,-21.806733,2.0,0.0,0.0,true,34,0
1773232465000,64.1402930666667,-21.806733,4.0,0.0,0.0,true,35,0
1773232465000,64.1402930666667,-21.806733,0.0,0.0,0.0,true,36,0
1773232467000,64.1402930666667,-21.806733,2.0,0.0,0.0,true,37,0
1773232471000,64.1402930666667,-21.806733,4.0,0.0,0.0,true,38,0
1773232471000,64.1402930666667,-21.806733,0.0,0.0,0.0,true,39,0
1773232473000,64.1402930666667,-21.806733,2.0,0.0,0.0,true,40,0
1773232473000,64.1402930666667,-21.806733,0.0,0.0,0.0,true,41,0
1773232478000,64.1402930666667,-21.806733,5.0,0.0,0.0,true,42,0
1773232478000,64.1402930666667,-21.806733,0.0,0.0,0.0,true,43,0
1773232480000,64.1402930666667,-21.806733,2.0,0.0,0.0,true,44,0
1773232484000,64.1402930666667,-21.806733,4.0,0.0,0.0,true,45,0
1773232486000,64.1402930666667,-21.806733,2.0,0.0,0.0,true,46,0
1773232486000,64.1402930666667,-21.806733,0.0,0.0,0.0,true,47,0
1773232492000,64.1402930666667,-21.806733,6.0,0.0,0.0,true,48,0
1773232492000,64.1402930666667,-21.806733,0.0,0.0,0.0,true,49,0
1773232494000,64.1402930666667,-21.806733,2.0,0.0,0.0,true,50,0
1773232494000,64.1402930666667,-21.806733,0.0,0.0,0.0,true,51,0
1773232497000,64.1402930666667,-21.806733,3.0,0.0,0.0,true,52,0
1773232501000,64.1402930666667,-21.806733,4.0,0.0,0.0,true,53,0
1773232503000,64.1402930666667,-21.806733,2.0,0.0,0.0,true,54,0
1773232503000,64.1402930666667,-21.806733,0.0,0.0,0.0,true,55,0
1773232505000,64.1402930666667,-21.806733,2.0,0.0,0.0,true,56,0
1773232509000,64.1402930666667,-21.806733,4.0,0.0,0.0,true,57,0
1773232509000,64.1402930666667,-21.806733,0.0,0.0,0.0,true,58,0
1773232511000,64.1402930666667,-21.806733,2.0,0.0,0.0,true,59,0
1773232511000,64.1402930666667,-21.806733,0.0,0.0,0.0,true,60,0
1773232515000,64.14363735,-21.8069923333333,4.0,372.1,334.9,false,60,120.0
1773232517000,64.14363735,-21.8069923333333,2.0,0.0,0.0,true,1,0
1773232519000,64.14363735,-21.8069923333333,2.0,0.0,0.0,true,2,0
1773232524000,64.1434631333333,-21.8073658333333,5.0,26.5,19.1,false,2,9.0
1773232524000,64.1434631333333,-21.8073658333333,0.0,0.0,0.0,true,1,0
1773232526000,64.1434631333333,-21.8073658333333,2.0,0.0,0.0,true,2,0
1773232529000,64.1434631333333,-21.8073658333333,3.0,0.0,0.0,true,3,0
1773232529000,64.1434631333333,-21.8073658333333,0.0,0.0,0.0,true,4,0
1773232531000,64.1434631333333,-21.8073658333333,2.0,0.0,0.0,true,5,0
1773232533000,64.1434631333333,-21.8073658333333,2.0,0.0,0.0,true,6,0
1773232533000,64.1434631333333,-21.8073658333333,0.0,0.0,0.0,true,7,0
1773232537000,64.1434631333333,-21.8073658333333,4.0,0.0,0.0,true,8,0
1773232539000,64.1434631333333,-21.8073658333333,2.0,0.0,0.0,true,9,0
1773232543000,64.1434631333333,-21.8073658333333,4.0,0.0,0.0,true,10,0
1773232543000,64.1434631333333,-21.8073658333333,0.0,0.0,0.0,true,11,0
1773232545000,64.1434631333333,-21.8073658333333,2.0,0.0,0.0,true,12,0
1773232545000,64.1434631333333,-21.8073658333333,0.0,0.0,0.0,true,13,0
1773232550000,64.1434631333333,-21.8073658333333,5.0,0.0,0.0,true,14,0
1773232554000,64.1434631333333,-21.8073658333333,4.0,0.0,0.0,true,15,0
1773232554000,64.1434631333333,-21.8073658333333,0.0,0.0,0.0,true,16,0
1773232556000,64.1434631333333,-21.8073658333333,2.0,0.0,0.0,true,17,0
1773232558000,64.1434631333333,-21.8073658333333,2.0,0.0,0.0,true,18,0
1773232558000,64.1434631333333,-21.8073658333333,0.0,0.0,0.0,true,19,0
1773232562000,64.1434631333333,-21.8073658333333,4.0,0.0,0.0,true,20,0
1773232562000,64.1434631333333,-21.8073658333333,0.0,0.0,0.0,true,21,0
1773232564000,64.1434631333333,-21.8073658333333,2.0,0.0,0.0,true,22,0
1773232568000,64.1434631333333,-21.8073658333333,4.0,0.0,0.0,true,23,0
1773232568000,64.1434631333333,-21.8073658333333,0.0,0.0,0.0,true,24,0
1773232573000,64.1434631333333,-21.8073658333333,5.0,0.0,0.0,true,25,0
1773232575000,64.1434631333333,-21.8073658333333,2.0,0.0,0.0,true,26,0
1773232575000,64.1434631333333,-21.8073658333333,0.0,0.0,0.0,true,27,0
1773232579000,64.1434631333333,-21.8073658333333,4.0,0.0,0.0,true,28,0
1773232581000,64.1434631333333,-21.8073658333333,2.0,0.0,0.0,true,29,0
1773232581000,64.1434631333333,-21.8073658333333,0.0,0.0,0.0,true,30,0
1773232583000,64.1434631333333,-21.8073658333333,2.0,0.0,0.0,true,31,0
1773232583000,64.1434631333333,-21.8073658333333,0.0,0.0,0.0,true,32,0
1773232587000,64.1434631333333,-21.8073658333333,4.0,0.0,0.0,true,33,0
1773232591000,64.1434631333333,-21.8073658333333,4.0,0.0,0.0,true,34,0
1773232591000,64.1434631333333,-21.8073658333333,0.0,0.0,0.0,true,35,0
1773232595000,64.1434631333333,-21.8073658333333,4.0,0.0,0.0,true,36,0
1773232595000,64.1434631333333,-21.8073658333333,0.0,0.0,0.0,true,37,0
1773232598000,64.1434631333333,-21.8073658333333,3.0,0.0,0.0,true,38,0
1773232600000,64.1434631333333,-21.8073658333333,2.0,0.0,0.0,true,39,0
1773232602000,64.1434631333333,-21.8073658333333,2.0,0.0,0.0,true,40,0
1773232602000,64.1434631333333,-21.8073658333333,0.0,0.0,0.0,true,41,0
1773232606000,64.1434631333333,-21.8073658333333,4.0,0.0,0.0,true,42,0
1773232608000,64.1434631333333,-21.8073658333333,2.0,0.0,0.0,true,43,0
1773232608000,64.1434631333333,-21.8073658333333,0.0,0.0,0.0,true,44,0
1773232615000,64.1434631333333,-21.8073658333333,7.0,0.0,0.0,true,45,0
1773232615000,64.1434631333333,-21.8073658333333,0.0,0.0,0.0,true,46,0
1773232615000,64.1434631333333,-21.8073658333333,0.0,0.0,0.0,true,47,0
1773232617000,64.1434631333333,-21.8073658333333,2.0,0.0,0.0,true,48,0
1773232621000,64.1434631333333,-21.8073658333333,4.0,0.0,0.0,true,49,0
1773232621000,64.1434631333333,-21.8073658333333,0.0,0.0,0.0,true,50,0
1773232621000,64.1434631333333,-21.8073658333333,0.0,0.0,0.0,true,51,0
1773232625000,64.1434631333333,-21.8073658333333,4.0,0.0,0.0,true,52,0
1773232627000,64.1434631333333,-21.8073658333333,2.0,0.0,0.0,true,53,0
1773232631000,64.1434631333333,-21.8073658333333,4.0,0.0,0.0,true,54,0
1773232633000,64.1434631333333,-21.8073658333333,2.0,0.0,0.0,true,55,0
1773232633000,64.1434631333333,-21.8073658333333,0.0,0.0,0.0,true,56,0
1773232635000,64.1434631333333,-21.8073658333333,2.0,0.0,0.0,true,57,0
1773232635000,64.1434631333333,-21.8073658333333,0.0,0.0,0.0,true,58,0
1773232640000,64.1434631333333,-21.8073658333333,5.0,0.0,0.0,true,59,0
1773232642000,64.1434631333333,-21.8073658333333,2.0,0.0,0.0,true,60,0
1773232642000,64.1434631333333,-21.8073658333333,0.0,0.0,0.0,true,61,0
1773232646000,64.143245,-21.8069915,4.0,30.3,27.3,false,61,122.0
1773232650000,64.143245,-21.8069915,4.0,0.0,0.0,true,1,0
1773232650000,64.143245,-21.8069915,0.0,0.0,0.0,true,2,0
1773232650000,64.143245,-21.8069915,0.0,0.0,0.0,true,3,0
1773232655000,64.143245,-21.8069915,5.0,0.0,0.0,true,4,0
1773232655000,64.143245,-21.8069915,0.0,0.0,0.0,true,5,0
1773232657000,64.143245,-21.8069915,2.0,0.0,0.0,true,6,0
1773232657000,64.143245,-21.8069915,0.0,0.0,0.0,true,7,0
1773232661000,64.143245,-21.8069915,4.0,0.0,0.0,true,8,0
1773232667000,64.143245,-21.8069915,6.0,0.0,0.0,true,9,0
1773232667000,64.143245,-21.8069915,0.0,0.0,0.0,true,10,0
1773232669000,64.143245,-21.8069915,2.0,0.0,0.0,true,11,0
1773232669000,64.143245,-21.8069915,0.0,0.0,0.0,true,12,0
1773232674000,64.143245,-21.8069915,5.0,0.0,0.0,true,13,0
1773232674000,64.143245,-21.8069915,0.0,0.0,0.0,true,14,0
1773232676000,64.143245,-21.8069915,2.0,0.0,0.0,true,15,0
1773232676000,64.143245,-21.8069915,0.0,0.0,0.0,true,16,0
1773232680000,64.143245,-21.8069915,4.0,0.0,0.0,true,17,0
1773232680000,64.143245,-21.8069915,0.0,0.0,0.0,true,18,0
1773232682000,64.143245,-21.8069915,2.0,0.0,0.0,true,19,0
1773232685000,64.143245,-21.8069915,3.0,0.0,0.0,true,20,0
1773232685000,64.143245,-21.8069915,0.0,0.0,0.0,true,21,0
1773232691000,64.143245,-21.8069915,6.0,0.0,0.0,true,22,0
1773232694000,64.143245,-21.8069915,3.0,0.0,0.0,true,23,0
1773232694000,64.143245,-21.8069915,0.0,0.0,0.0,true,24,0
1773232694000,64.143245,-21.8069915,0.0,0.0,0.0,true,25,0
1773232700000,64.143245,-21.8069915,6.0,0.0,0.0,true,26,0
1773232702000,64.143245,-21.8069915,2.0,0.0,0.0,true,27,0
1773232702000,64.143245,-21.8069915,0.0,0.0,0.0,true,28,0
1773232704000,64.143245,-21.8069915,2.0,0.0,0.0,true,29,0
1773232704000,64.143245,-21.8069915,0.0,0.0,0.0,true,30,0
1773232708000,64.143245,-21.8069915,4.0,0.0,0.0,true,31,0
1773232710000,64.143245,-21.8069915,2.0,0.0,0.0,true,32,0
1773232710000,64.143245,-21.8069915,0.0,0.0,0.0,true,33,0
1773232712000,64.143245,-21.8069915,2.0,0.0,0.0,true,34,0
1773232715000,64.143245,-21.8069915,3.0,0.0,0.0,true,35,0
1773232717000,64.143245,-21.8069915,2.0,0.0,0.0,true,36,0
1773232722000,64.143245,-21.8069915,5.0,0.0,0.0,true,37,0
1773232722000,64.143245,-21.8069915,0.0,0.0,0.0,true,38,0
1773232724000,64.143245,-21.8069915,2.0,0.0,0.0,true,39,0
1773232728000,64.143245,-21.8069915,4.0,0.0,0.0,true,40,0
1773232730000,64.143245,-21.8069915,2.0,0.0,0.0,true,41,0
1773232730000,64.143245,-21.8069915,0.0,0.0,0.0,true,42,0
1773232730000,64.143245,-21.8069915,0.0,0.0,0.0,true,43,0
1773232735000,64.143245,-21.8069915,5.0,0.0,0.0,true,44,0
1773232735000,64.143245,-21.8069915,0.0,0.0,0.0,true,45,0
1773232739000,64.143245,-21.8069915,4.0,0.0,0.0,true,46,0
1773232739000,64.143245,-21.8069915,0.0,0.0,0.0,true,47,0
1773232743000,64.143245,-21.8069915,4.0,0.0,0.0,true,48,0
1773232743000,64.143245,-21.8069915,0.0,0.0,0.0,true,49,0
1773232745000,64.143245,-21.8069915,2.0,0.0,0.0,true,50,0
1773232749000,64.143245,-21.8069915,4.0,0.0,0.0,true,51,0
1773232749000,64.143245,-21.8069915,0.0,0.0,0.0,true,52,0
1773232751000,64.143245,-21.8069915,2.0,0.0,0.0,true,53,0
1773232753000,64.143245,-21.8069915,2.0,0.0,0.0,true,54,0
1773232760000,64.143245,-21.8069915,7.0,0.0,0.0,true,55,0
1773232760000,64.143245,-21.8069915,0.0,0.0,0.0,true,56,0
1773232766000,64.1432413666667,-21.8070001666667,6.0,0.6,0.3,false,56,120.0
1773232766000,64.1432413666667,-21.8070001666667,0.0,0.0,0.0,true,1,0
1773232768000,64.1432413666667,-21.8070001666667,2.0,0.0,0.0,true,2,0
1773232770000,64.1432413666667,-21.8070001666667,2.0,0.0,0.0,true,3,0
1773232770000,64.1432413666667,-21.8070001666667,0.0,0.0,0.0,true,4,0
1773232772000,64.1432413666667,-21.8070001666667,2.0,0.0,0.0,true,5,0
1773232777000,64.1432413666667,-21.8070001666667,5.0,0.0,0.0,true,6,0
1773232777000,64.1432413666667,-21.8070001666667,0.0,0.0,0.0,true,7,0
1773232779000,64.1432413666667,-21.8070001666667,2.0,0.0,0.0,true,8,0
1773232781000,64.1432413666667,-21.8070001666667,2.0,0.0,0.0,true,9,0
1773232781000,64.1432413666667,-21.8070001666667,0.0,0.0,0.0,true,10,0
1773232785000,64.1432413666667,-21.8070001666667,4.0,0.0,0.0,true,11,0
1773232787000,64.1432413666667,-21.8070001666667,2.0,0.0,0.0,true,12,0
1773232791000,64.1432413666667,-21.8070001666667,4.0,0.0,0.0,true,13,0
1773232793000,64.1432413666667,-21.8070001666667,2.0,0.0,0.0,true,14,0
1773232793000,64.1432413666667,-21.8070001666667,0.0,0.0,0.0,true,15,0
1773232796000,64.1432413666667,-21.8070001666667,3.0,0.0,0.0,true,16,0
1773232798000,64.1432413666667,-21.8070001666667,2.0,0.0,0.0,true,17,0
1773232798000,64.1432413666667,-21.8070001666667,0.0,0.0,0.0,true,18,0
1773232802000,64.1432413666667,-21.8070001666667,4.0,0.0,0.0,true,19,0
1773232804000,64.1432413666667,-21.8070001666667,2.0,0.0,0.0,true,20,0
1773232804000,64.1432413666667,-21.8070001666667,0.0,0.0,0.0,true,21,0
1773232808000,64.1432413666667,-21.8070001666667,4.0,0.0,0.0,true,22,0
1773232810000,64.1432413666667,-21.8070001666667,2.0,0.0,0.0,true,23,0
1773232810000,64.1432413666667,-21.8070001666667,0.0,0.0,0.0,true,24,0
1773232814000,64.1432413666667,-21.8070001666667,4.0,0.0,0.0,true,25,0
1773232816000,64.1432413666667,-21.8070001666667,2.0,0.0,0.0,true,26,0
1773232816000,64.1432413666667,-21.8070001666667,0.0,0.0,0.0,true,27,0
1773232818000,64.1432413666667,-21.8070001666667,2.0,0.0,0.0,true,28,0
1773232822000,64.1432413666667,-21.8070001666667,4.0,0.0,0.0,true,29,0
1773232822000,64.1432413666667,-21.8070001666667,0.0,0.0,0.0,true,30,0
1773232827000,64.1432413666667,-21.8070001666667,5.0,0.0,0.0,true,31,0
1773232827000,64.1432413666667,-21.8070001666667,0.0,0.0,0.0,true,32,0
1773232827000,64.1432413666667,-21.8070001666667,0.0,0.0,0.0,true,33,0
1773232833000,64.1432413666667,-21.8070001666667,6.0,0.0,0.0,true,34,0
1773232833000,64.1432413666667,-21.8070001666667,0.0,0.0,0.0,true,35,0
1773232835000,64.1432413666667,-21.8070001666667,2.0,0.0,0.0,true,36,0
1773232837000,64.1432413666667,-21.8070001666667,2.0,0.0,0.0,true,37,0
1773232837000,64.1432413666667,-21.8070001666667,0.0,0.0,0.0,true,38,0
1773232840000,64.1432413666667,-21.8070001666667,3.0,0.0,0.0,true,39,0
1773232846000,64.1432413666667,-21.8070001666667,6.0,0.0,0.0,true,40,0
1773232846000,64.1432413666667,-21.8070001666667,0.0,0.0,0.0,true,41,0
1773232848000,64.1432413666667,-21.8070001666667,2.0,0.0,0.0,true,42,0
1773232848000,64.1432413666667,-21.8070001666667,0.0,0.0,0.0,true,43,0
1773232852000,64.1432413666667,-21.8070001666667,4.0,0.0,0.0,true,44,0
1773232852000,64.1432413666667,-21.8070001666667,0.0,0.0,0.0,true,45,0
1773232852000,64.1432413666667,-21.8070001666667,0.0,0.0,0.0,true,46,0
1773232857000,64.1432413666667,-21.8070001666667,5.0,0.0,0.0,true,47,0
1773232862000,64.1432413666667,-21.8070001666667,5.0,0.0,0.0,true,48,0
1773232862000,64.1432413666667,-21.8070001666667,0.0,0.0,0.0,true,49,0
1773232864000,64.1432413666667,-21.8070001666667,2.0,0.0,0.0,true,50,0
1773232868000,64.1432413666667,-21.8070001666667,4.0,0.0,0.0,true,51,0
1773232868000,64.1432413666667,-21.8070001666667,0.0,0.0,0.0,true,52,0
1773232870000,64.1432413666667,-21.8070001666667,2.0,0.0,0.0,true,53,0
1773232874000,64.1432413666667,-21.8070001666667,4.0,0.0,0.0,true,54,0
1773232874000,64.1432413666667,-21.8070001666667,0.0,0.0,0.0,true,55,0
1773232876000,64.1432413666667,-21.8070001666667,2.0,0.0,0.0,true,56,0
1773232878000,64.1432413666667,-21.8070001666667,2.0,0.0,0.0,true,57,0
1773232878000,64.1432413666667,-21.8070001666667,0.0,0.0,0.0,true,58,0
1773232881000,64.1432413666667,-21.8070001666667,3.0,0.0,0.0,true,59,0
1773232885000,64.1432413666667,-21.8070001666667,4.0,0.0,0.0,true,60,0
1773232887000,64.14324275,-21.8069985,2.0,0.2,0.3,true,61,0
1773232889000,64.14324275,-21.8069985,2.0,0.0,0.0,true,62,0
1773232889000,64.14324275,-21.8069985,0.0,0.0,0.0,true,63,0
1773232891000,64.14324275,-21.8069985,2.0,0.0,0.0,true,64,0
1773232893000,64.14324275,-21.8069985,2.0,0.0,0.0,true,65,0
1773232893000,64.14324275,-21.8069985,0.0,0.0,0.0,true,66,0
1773232898000,64.14324275,-21.8069985,5.0,0.0,0.0,true,67,0
1773232898000,64.14324275,-21.8069985,0.0,0.0,0.0,true,68,0
1773232900000,64.14324275,-21.8069985,2.0,0.0,0.0,true,69,0
1773232902000,64.14324275,-21.8069985,2.0,0.0,0.0,true,70,0
1773232906000,64.14324275,-21.8069985,4.0,0.0,0.0,true,71,0
1773232910000,64.14324275,-21.8069985,4.0,0.0,0.0,true,72,0
1773232912000,64.14324275,-21.8069985,2.0,0.0,0.0,true,73,0
1773232912000,64.14324275,-21.8069985,0.0,0.0,0.0,true,74,0
1773232914000,64.14324275,-21.8069985,2.0,0.0,0.0,true,75,0
1773232917000,64.14324275,-21.8069985,3.0,0.0,0.0,true,76,0
1773232917000,64.14324275,-21.8069985,0.0,0.0,0.0,true,77,0
1773232919000,64.14324275,-21.8069985,2.0,0.0,0.0,true,78,0
1773232921000,64.14324275,-21.8069985,2.0,0.0,0.0,true,79,0
1773232921000,64.14324275,-21.8069985,0.0,0.0,0.0,true,80,0
1773232925000,64.14324275,-21.8069985,4.0,0.0,0.0,true,81,0
1773232927000,64.14324275,-21.8069985,2.0,0.0,0.0,true,82,0
1773232927000,64.14324275,-21.8069985,0.0,0.0,0.0,true,83,0
1773232931000,64.14324275,-21.8069985,4.0,0.0,0.0,true,84,0
1773232936000,64.14324275,-21.8069985,5.0,0.0,0.0,true,85,0
1773232936000,64.14324275,-21.8069985,0.0,0.0,0.0,true,86,0
1773232940000,64.14324275,-21.8069985,4.0,0.0,0.0,true,87,0
1773232942000,64.14324275,-21.8069985,2.0,0.0,0.0,true,88,0
1773232942000,64.14324275,-21.8069985,0.0,0.0,0.0,true,89,0
1773232944000,64.14324275,-21.8069985,2.0,0.0,0.0,true,90,0
1773232944000,64.14324275,-21.8069985,0.0,0.0,0.0,true,91,0
1773232946000,64.14324275,-21.8069985,2.0,0.0,0.0,true,92,0
1773232949000,64.14324275,-21.8069985,3.0,0.0,0.0,true,93,0
1773232949000,64.14324275,-21.8069985,0.0,0.0,0.0,true,94,0
1773232955000,64.14324275,-21.8069985,6.0,0.0,0.0,true,95,0
1773232957000,64.14324275,-21.8069985,2.0,0.0,0.0,true,96,0
1773232957000,64.14324275,-21.8069985,0.0,0.0,0.0,true,97,0
1773232961000,64.14324275,-21.8069985,4.0,0.0,0.0,true,98,0
1773232963000,64.14324275,-21.8069985,2.0,0.0,0.0,true,99,0
1773232963000,64.14324275,-21.8069985,0.0,0.0,0.0,true,100,0
1773232967000,64.14324275,-21.8069985,4.0,0.0,0.0,true,101,0
1773232967000,64.14324275,-21.8069985,0.0,0.0,0.0,true,102,0
1773232969000,64.14324275,-21.8069985,2.0,0.0,0.0,true,103,0
1773232972000,64.14324275,-21.8069985,3.0,0.0,0.0,true,104,0
1773232972000,64.14324275,-21.8069985,0.0,0.0,0.0,true,105,0
1773232974000,64.14324275,-21.8069985,2.0,0.0,0.0,true,106,0
1773232980000,64.14324275,-21.8069985,6.0,0.0,0.0,true,107,0
1773232980000,64.14324275,-21.8069985,0.0,0.0,0.0,true,108,0
1773232982000,64.14324275,-21.8069985,2.0,0.0,0.0,true,109,0
1773232986000,64.14324275,-21.8069985,4.0,0.0,0.0,true,110,0
1773232986000,64.14324275,-21.8069985,0.0,0.0,0.0,true,111,0
1773232988000,64.14324275,-21.8069985,2.0,0.0,0.0,true,112,0
1773232991000,64.14438255,-21.8066455,3.0,127.9,153.5,false,112,225.0
1773232991000,64.14438255,-21.8066455,0.0,0.0,0.0,true,1,0
1773232995000,64.14438255,-21.8066455,4.0,0.0,0.0,true,2,0
1773232997000,64.14438255,-21.8066455,2.0,0.0,0.0,true,3,0
1773232997000,64.14438255,-21.8066455,0.0,0.0,0.0,true,4,0
1773232999000,64.14438255,-21.8066455,2.0,0.0,0.0,true,5,0
1773233001000,64.14438255,-21.8066455,2.0,0.0,0.0,true,6,0
1773233003000,64.14438255,-21.8066455,2.0,0.0,0.0,true,7,0
1773233003000,64.14438255,-21.8066455,0.0,0.0,0.0,true,8,0
1773233008000,64.14438255,-21.8066455,5.0,0.0,0.0,true,9,0
1773233010000,64.14438255,-21.8066455,2.0,0.0,0.0,true,10,0
1773233012000,64.14438255,-21.8066455,2.0,0.0,0.0,true,11,0
1773233012000,64.14438255,-21.8066455,0.0,0.0,0.0,true,12,0
1773233016000,64.14438255,-21.8066455,4.0,0.0,0.0,true,13,0
1773233016000,64.14438255,-21.8066455,0.0,0.0,0.0,true,14,0
1773233020000,64.14438255,-21.8066455,4.0,0.0,0.0,true,15,0
1773233022000,64.14438255,-21.8066455,2.0,0.0,0.0,true,16,0
1773233022000,64.14438255,-21.8066455,0.0,0.0,0.0,true,17,0
1773233027000,64.14438255,-21.8066455,5.0,0.0,0.0,true,18,0
1773233029000,64.14438255,-21.8066455,2.0,0.0,0.0,true,19,0
1773233029000,64.14438255,-21.8066455,0.0,0.0,0.0,true,20,0
1773233031000,64.14438255,-21.8066455,2.0,0.0,0.0,true,21,0
1773233035000,64.14438255,-21.8066455,4.0,0.0,0.0,true,22,0
1773233037000,64.14438255,-21.8066455,2.0,0.0,0.0,true,23,0
1773233037000,64.14438255,-21.8066455,0.0,0.0,0.0,true,24,0
1773233037000,64.14438255,-21.8066455,0.0,0.0,0.0,true,25,0
1773233041000,64.14438255,-21.8066455,4.0,0.0,0.0,true,26,0
1773233043000,64.14438255,-21.8066455,2.0,0.0,0.0,true,27,0
1773233043000,64.14438255,-21.8066455,0.0,0.0,0.0,true,28,0
1773233046000,64.14438255,-21.8066455,3.0,0.0,0.0,true,29,0
1773233052000,64.14438255,-21.8066455,6.0,0.0,0.0,true,30,0
1773233052000,64.14438255,-21.8066455,0.0,0.0,0.0,true,31,0
1773233054000,64.14438255,-21.8066455,2.0,0.0,0.0,true,32,0
1773233056000,64.14438255,-21.8066455,2.0,0.0,0.0,true,33,0
1773233056000,64.14438255,-21.8066455,0.0,0.0,0.0,true,34,0
1773233060000,64.14438255,-21.8066455,4.0,0.0,0.0,true,35,0
1773233062000,64.14438255,-21.8066455,2.0,0.0,0.0,true,36,0
1773233064000,64.14438255,-21.8066455,2.0,0.0,0.0,true,37,0
1773233064000,64.14438255,-21.8066455,0.0,0.0,0.0,true,38,0
1773233064000,64.14438255,-21.8066455,0.0,0.0,0.0,true,39,0
1773233067000,64.14438255,-21.8066455,3.0,0.0,0.0,true,40,0
1773233071000,64.14438255,-21.8066455,4.0,0.0,0.0,true,41,0
1773233074000,64.14438255,-21.8066455,3.0,0.0,0.0,true,42,0
1773233077000,64.14438255,-21.8066455,3.0,0.0,0.0,true,43,0
1773233077000,64.14438255,-21.8066455,0.0,0.0,0.0,true,44,0
1773233079000,64.14438255,-21.8066455,2.0,0.0,0.0,true,45,0
1773233079000,64.14438255,-21.8066455,0.0,0.0,0.0,true,46,0
1773233084000,64.14438255,-21.8066455,5.0,0.0,0.0,true,47,0
1773233084000,64.14438255,-21.8066455,0.0,0.0,0.0,true,48,0
1773233086000,64.14438255,-21.8066455,2.0,0.0,0.0,true,49,0
1773233090000,64.14438255,-21.8066455,4.0,0.0,0.0,true,50,0
1773233090000,64.14438255,-21.8066455,0.0,0.0,0.0,true,51,0
1773233094000,64.14438255,-21.8066455,4.0,0.0,0.0,true,52,0
1773233094000,64.14438255,-21.8066455,0.0,0.0,0.0,true,53,0
1773233097000,64.14438255,-21.8066455,3.0,0.0,0.0,true,54,0
1773233097000,64.14438255,-21.8066455,0.0,0.0,0.0,true,55,0
1773233099000,64.14438255,-21.8066455,2.0,0.0,0.0,true,56,0
1773233104000,64.14438255,-21.8066455,5.0,0.0,0.0,true,57,0
1773233106000,64.14438255,-21.8066455,2.0,0.0,0.0,true,58,0
1773233110000,64.1376505833333,-21.8082441666667,4.0,752.6,677.3,false,58,119.0
1773233112000,64.1376505833333,-21.8082441666667,2.0,0.0,0.0,true,1,0
1773233112000,64.1376505833333,-21.8082441666667,0.0,0.0,0.0,true,2,0
1773233116000,64.1376505833333,-21.8082441666667,4.0,0.0,0.0,true,3,0
1773233118000,64.1376505833333,-21.8082441666667,2.0,0.0,0.0,true,4,0
1773233118000,64.1376505833333,-21.8082441666667,0.0,0.0,0.0,true,5,0
1773233120000,64.1376505833333,-21.8082441666667,2.0,0.0,0.0,true,6,0
1773233123000,64.1376505833333,-21.8082441666667,3.0,0.0,0.0,true,7,0
1773233123000,64.1376505833333,-21.8082441666667,0.0,0.0,0.0,true,8,0
1773233125000,64.1376505833333,-21.8082441666667,2.0,0.0,0.0,true,9,0
1773233125000,64.1376505833333,-21.8082441666667,0.0,0.0,0.0,true,10,0
1773233129000,64.1376505833333,-21.8082441666667,4.0,0.0,0.0,true,11,0
1773233133000,64.13843555,-21.8081648333333,4.0,87.4,78.6,false,11,23.0
1773233133000,64.13843555,-21.8081648333333,0.0,0.0,0.0,true,1,0
1773233135000,64.13843555,-21.8081648333333,2.0,0.0,0.0,true,2,0
1773233137000,64.13843555,-21.8081648333333,2.0,0.0,0.0,true,3,0
1773233139000,64.13843555,-21.8081648333333,2.0,0.0,0.0,true,4,0
1773233139000,64.13843555,-21.8081648333333,0.0,0.0,0.0,true,5,0
1773233146000,64.13843555,-21.8081648333333,7.0,0.0,0.0,true,6,0
1773233146000,64.13843555,-21.8081648333333,0.0,0.0,0.0,true,7,0
1773233148000,64.13843555,-21.8081648333333,2.0,0.0,0.0,true,8,0
1773233150000,64.13843555,-21.8081648333333,2.0,0.0,0.0,true,9,0
1773233150000,64.13843555,-21.8081648333333,0.0,0.0,0.0,true,10,0
1773233154000,64.13843555,-21.8081648333333,4.0,0.0,0.0,true,11,0
1773233156000,64.13843555,-21.8081648333333,2.0,0.0,0.0,true,12,0
1773233160000,64.1396257333333,-21.8115516666667,4.0,210.9,189.9,false,12,27.0
1773233162000,64.1396257333333,-21.8115516666667,2.0,0.0,0.0,true,1,0
1773233164000,64.1396257333333,-21.8115516666667,2.0,0.0,0.0,true,2,0
1773233164000,64.1396257333333,-21.8115516666667,0.0,0.0,0.0,true,3,0
1773233169000,64.1396257333333,-21.8115516666667,5.0,0.0,0.0,true,4,0
1773233171000,64.1396257333333,-21.8115516666667,2.0,0.0,0.0,true,5,0
1773233173000,64.1396257333333,-21.8115516666667,2.0,0.0,0.0,true,6,0
1773233175000,64.1396257333333,-21.8115516666667,2.0,0.0,0.0,true,7,0
1773233175000,64.1396257333333,-21.8115516666667,0.0,0.0,0.0,true,8,0
1773233175000,64.1396257333333,-21.8115516666667,0.0,0.0,0.0,true,9,0
1773233181000,64.1396257333333,-21.8115516666667,6.0,0.0,0.0,true,10,0
1773233181000,64.1396257333333,-21.8115516666667,0.0,0.0,0.0,true,11,0
1773233184000,64.1396257333333,-21.8115516666667,3.0,0.0,0.0,true,12,0
1773233186000,64.1396257333333,-21.8115516666667,2.0,0.0,0.0,true,13,0
1773233186000,64.1396257333333,-21.8115516666667,0.0,0.0,0.0,true,14,0
1773233190000,64.1396257333333,-21.8115516666667,4.0,0.0,0.0,true,15,0
1773233193000,64.1396257333333,-21.8115516666667,3.0,0.0,0.0,true,16,0
1773233193000,64.1396257333333,-21.8115516666667,0.0,0.0,0.0,true,17,0
1773233195000,64.1396257333333,-21.8115516666667,2.0,0.0,0.0,true,18,0
1773233199000,64.14070875,-21.8165541666667,4.0,270.9,243.8,false,18,39.0
1773233199000,64.14070875,-21.8165541666667,0.0,0.0,0.0,true,1,0
1773233203000,64.14070875,-21.8165541666667,4.0,0.0,0.0,true,2,0
1773233207000,64.14070875,-21.8165541666667,4.0,0.0,0.0,true,3,0
1773233207000,64.14070875,-21.8165541666667,0.0,0.0,0.0,true,4,0
1773233209000,64.14070875,-21.8165541666667,2.0,0.0,0.0,true,5,0
1773233211000,64.14070875,-21.8165541666667,2.0,0.0,0.0,true,6,0
1773233211000,64.14070875,-21.8165541666667,0.0,0.0,0.0,true,7,0
1773233216000,64.14070875,-21.8165541666667,5.0,0.0,0.0,true,8,0
1773233221000,64.1395053666667,-21.8181963333333,5.0,155.7,112.1,false,8,22.0
1773233221000,64.1395053666667,-21.8181963333333,0.0,0.0,0.0,true,1,0
1773233223000,64.1395053666667,-21.8181963333333,2.0,0.0,0.0,true,2,0
1773233225000,64.1395053666667,-21.8181963333333,2.0,0.0,0.0,true,3,0
1773233225000,64.1395053666667,-21.8181963333333,0.0,0.0,0.0,true,4,0
1773233229000,64.1395053666667,-21.8181963333333,4.0,0.0,0.0,true,5,0
1773233231000,64.1395053666667,-21.8181963333333,2.0,0.0,0.0,true,6,0
1773233231000,64.1395053666667,-21.8181963333333,0.0,0.0,0.0,true,7,0
1773233235000,64.1395053666667,-21.8181963333333,4.0,0.0,0.0,true,8,0
1773233235000,64.1395053666667,-21.8181963333333,0.0,0.0,0.0,true,9,0
1773233237000,64.1395053666667,-21.8181963333333,2.0,0.0,0.0,true,10,0
1773233241000,64.1384002,-21.816592,4.0,145.5,130.9,false,10,20.0
1773233241000,64.1384002,-21.816592,0.0,0.0,0.0,true,1,0
1773233244000,64.1384002,-21.816592,3.0,0.0,0.0,true,2,0
1773233248000,64.1384002,-21.816592,4.0,0.0,0.0,true,3,0
1773233248000,64.1384002,-21.816592,0.0,0.0,0.0,true,4,0
1773233250000,64.1384002,-21.816592,2.0,0.0,0.0,true,5,0
1773233252000,64.1384002,-21.816592,2.0,0.0,0.0,true,6,0
1773233252000,64.1384002,-21.816592,0.0,0.0,0.0,true,7,0
1773233255000,64.1384002,-21.816592,3.0,0.0,0.0,true,8,0
1773233259000,64.1384002,-21.816592,4.0,0.0,0.0,true,9,0
1773233259000,64.1384002,-21.816592,0.0,0.0,0.0,true,10,0
1773233261000,64.1384002,-21.816592,2.0,0.0,0.0,true,11,0
1773233261000,64.1384002,-21.816592,0.0,0.0,0.0,true,12,0
1773233265000,64.1384002,-21.816592,4.0,0.0,0.0,true,13,0
1773233267000,64.1384002,-21.816592,2.0,0.0,0.0,true,14,0
1773233267000,64.1384002,-21.816592,0.0,0.0,0.0,true,15,0
1773233273000,64.13701305,-21.8128341666667,6.0,238.8,143.3,false,15,32.0
1773233276000,64.13701305,-21.8128341666667,3.0,0.0,0.0,true,1,0
1773233276000,64.13701305,-21.8128341666667,0.0,0.0,0.0,true,2,0
1773233278000,64.13701305,-21.8128341666667,2.0,0.0,0.0,true,3,0
1773233281000,64.13701305,-21.8128341666667,3.0,0.0,0.0,true,4,0
1773233281000,64.13701305,-21.8128341666667,0.0,0.0,0.0,true,5,0
1773233283000,64.13701305,-21.8128341666667,2.0,0.0,0.0,true,6,0
1773233287000,64.13701305,-21.8128341666667,4.0,0.0,0.0,true,7,0
1773233287000,64.13701305,-21.8128341666667,0.0,0.0,0.0,true,8,0
1773233289000,64.1369015166667,-21.8106635,2.0,106.0,190.8,false,8,16.0
1773233289000,64.1369015166667,-21.8106635,0.0,0.0,0.0,true,1,0
1773233293000,64.1369015166667,-21.8106635,4.0,0.0,0.0,true,2,0
1773233299000,64.1369015166667,-21.8106635,6.0,0.0,0.0,true,3,0
1773233299000,64.1369015166667,-21.8106635,0.0,0.0,0.0,true,4,0
1773233301000,64.1369015166667,-21.8106635,2.0,0.0,0.0,true,5,0
1773233303000,64.1369015166667,-21.8106635,2.0,0.0,0.0,true,6,0
1773233303000,64.1369015166667,-21.8106635,0.0,0.0,0.0,true,7,0
1773233305000,64.1369015166667,-21.8106635,2.0,0.0,0.0,true,8,0
1773233305000,64.1369015166667,-21.8106635,0.0,0.0,0.0,true,9,0
1773233309000,64.1369015166667,-21.8106635,4.0,0.0,0.0,true,10,0
1773233313000,64.1369015166667,-21.8106635,4.0,0.0,0.0,true,11,0
1773233315000,64.1369015166667,-21.8106635,2.0,0.0,0.0,true,12,0
1773233315000,64.1369015166667,-21.8106635,0.0,0.0,0.0,true,13,0
1773233317000,64.1369015166667,-21.8106635,2.0,0.0,0.0,true,14,0
1773233319000,64.1369015166667,-21.8106635,2.0,0.0,0.0,true,15,0
1773233319000,64.1369015166667,-21.8106635,0.0,0.0,0.0,true,16,0
1773233327000,64.1369015166667,-21.8106635,8.0,0.0,0.0,true,17,0
1773233327000,64.1369015166667,-21.8106635,0.0,0.0,0.0,true,18,0
1773233329000,64.1369015166667,-21.8106635,2.0,0.0,0.0,true,19,0
1773233331000,64.13653105,-21.8070383333333,2.0,180.6,325.1,false,19,42.0
1773233331000,64.13653105,-21.8070383333333,0.0,0.0,0.0,true,1,0
1773233333000,64.13653105,-21.8070383333333,2.0,0.0,0.0,true,2,0
1773233338000,64.13653105,-21.8070383333333,5.0,0.0,0.0,true,3,0
1773233338000,64.13653105,-21.8070383333333,0.0,0.0,0.0,true,4,0
1773233340000,64.13653105,-21.8070383333333,2.0,0.0,0.0,true,5,0
1773233342000,64.13653105,-21.8070383333333,2.0,0.0,0.0,true,6,0
1773233342000,64.13653105,-21.8070383333333,0.0,0.0,0.0,true,7,0
1773233346000,64.13653105,-21.8070383333333,4.0,0.0,0.0,true,8,0
1773233348000,64.13653105,-21.8070383333333,2.0,0.0,0.0,true,9,0
1773233348000,64.13653105,-21.8070383333333,0.0,0.0,0.0,true,10,0
1773233352000,64.13653105,-21.8070383333333,4.0,0.0,0.0,true,11,0
1773233354000,64.13653105,-21.8070383333333,2.0,0.0,0.0,true,12,0
1773233354000,64.13653105,-21.8070383333333,0.0,0.0,0.0,true,13,0
1773233359000,64.13653105,-21.8070383333333,5.0,0.0,0.0,true,14,0
1773233359000,64.13653105,-21.8070383333333,0.0,0.0,0.0,true,15,0
1773233364000,64.13653105,-21.8070383333333,5.0,0.0,0.0,true,16,0
1773233364000,64.13653105,-21.8070383333333,0.0,0.0,0.0,true,17,0
1773233366000,64.13653105,-21.8070383333333,2.0,0.0,0.0,true,18,0
1773233368000,64.13653105,-21.8070383333333,2.0,0.0,0.0,true,19,0
1773233368000,64.13653105,-21.8070383333333,0.0,0.0,0.0,true,20,0
1773233370000,64.1357138166667,-21.802019,2.0,259.9,467.8,false,20,39.0
1773233374000,64.1357138166667,-21.802019,4.0,0.0,0.0,true,1,0
1773233374000,64.1357138166667,-21.802019,0.0,0.0,0.0,true,2,0
1773233374000,64.1357138166667,-21.802019,0.0,0.0,0.0,true,3,0
1773233379000,64.1357138166667,-21.802019,5.0,0.0,0.0,true,4,0
1773233381000,64.1357138166667,-21.802019,2.0,0.0,0.0,true,5,0
1773233385000,64.1357138166667,-21.802019,4.0,0.0,0.0,true,6,0
1773233385000,64.1357138166667,-21.802019,0.0,0.0,0.0,true,7,0
1773233387000,64.1357138166667,-21.802019,2.0,0.0,0.0,true,8,0
1773233391000,64.1357138166667,-21.802019,4.0,0.0,0.0,true,9,0
1773233393000,64.1357138166667,-21.802019,2.0,0.0,0.0,true,10,0
1773233393000,64.1357138166667,-21.802019,0.0,0.0,0.0,true,11,0
1773233395000,64.1357138166667,-21.802019,2.0,0.0,0.0,true,12,0
1773233395000,64.1357138166667,-21.802019,0.0,0.0,0.0,true,13,0
1773233399000,64.13477615,-21.797901,4.0,225.3,202.8,false,13,29.0
1773233405000,64.13477615,-21.797901,6.0,0.0,0.0,true,1,0
1773233405000,64.13477615,-21.797901,0.0,0.0,0.0,true,2,0
1773233405000,64.13477615,-21.797901,0.0,0.0,0.0,true,3,0
1773233405000,64.13477615,-21.797901,0.0,0.0,0.0,true,4,0
1773233411000,64.13477615,-21.797901,6.0,0.0,0.0,true,5,0
1773233411000,64.13477615,-21.797901,0.0,0.0,0.0,true,6,0
1773233411000,64.13477615,-21.797901,0.0,0.0,0.0,true,7,0
1773233414000,64.13477615,-21.797901,3.0,0.0,0.0,true,8,0
1773233417000,64.13477615,-21.797901,3.0,0.0,0.0,true,9,0
1773233417000,64.13477615,-21.797901,0.0,0.0,0.0,true,10,0
1773233421000,64.13477615,-21.797901,4.0,0.0,0.0,true,11,0
1773233425000,64.13477615,-21.797901,4.0,0.0,0.0,true,12,0
1773233425000,64.13477615,-21.797901,0.0,0.0,0.0,true,13,0
1773233430000,64.13477615,-21.797901,5.0,0.0,0.0,true,14,0
1773233430000,64.13477615,-21.797901,0.0,0.0,0.0,true,15,0
1773233432000,64.13477615,-21.797901,2.0,0.0,0.0,true,16,0
1773233436000,64.13477615,-21.797901,4.0,0.0,0.0,true,17,0
1773233438000,64.13477615,-21.797901,2.0,0.0,0.0,true,18,0
1773233438000,64.13477615,-21.797901,0.0,0.0,0.0,true,19,0
1773233440000,64.1353001,-21.793238,2.0,233.6,420.4,false,19,41.0
1773233443000,64.1353001,-21.793238,3.0,0.0,0.0,true,1,0
1773233443000,64.1353001,-21.793238,0.0,0.0,0.0,true,2,0
1773233445000,64.1353001,-21.793238,2.0,0.0,0.0,true,3,0
1773233455000,64.1353001,-21.793238,10.0,0.0,0.0,true,4,0
1773233455000,64.1353001,-21.793238,0.0,0.0,0.0,true,5,0
1773233457000,64.1353001,-21.793238,2.0,0.0,0.0,true,6,0
1773233457000,64.1353001,-21.793238,0.0,0.0,0.0,true,7,0
1773233461000,64.1353001,-21.793238,4.0,0.0,0.0,true,8,0
1773233463000,64.1353001,-21.793238,2.0,0.0,0.0,true,9,0
1773233463000,64.1353001,-21.793238,0.0,0.0,0.0,true,10,0
1773233465000,64.1353001,-21.793238,2.0,0.0,0.0,true,11,0
1773233468000,64.1353001,-21.793238,3.0,0.0,0.0,true,12,0
1773233468000,64.1353001,-21.793238,0.0,0.0,0.0,true,13,0
1773233470000,64.1353001,-21.793238,2.0,0.0,0.0,true,14,0
1773233473000,64.1353001,-21.793238,3.0,0.0,0.0,true,15,0
1773233473000,64.1353001,-21.793238,0.0,0.0,0.0,true,16,0
1773233477000,64.1353001,-21.793238,4.0,0.0,0.0,true,17,0
1773233483000,64.1353001,-21.793238,6.0,0.0,0.0,true,18,0
1773233483000,64.1353001,-21.793238,0.0,0.0,0.0,true,19,0
1773233485000,64.1353001,-21.793238,2.0,0.0,0.0,true,20,0
1773233488000,64.1377253666667,-21.7910268333333,3.0,290.2,348.3,false,20,48.0
1773233488000,64.1377253666667,-21.7910268333333,0.0,0.0,0.0,true,1,0
1773233490000,64.1377253666667,-21.7910268333333,2.0,0.0,0.0,true,2,0
1773233494000,64.1377253666667,-21.7910268333333,4.0,0.0,0.0,true,3,0
1773233494000,64.1377253666667,-21.7910268333333,0.0,0.0,0.0,true,4,0
1773233496000,64.1377253666667,-21.7910268333333,2.0,0.0,0.0,true,5,0
1773233498000,64.1377253666667,-21.7910268333333,2.0,0.0,0.0,true,6,0
1773233502000,64.1377253666667,-21.7910268333333,4.0,0.0,0.0,true,7,0
1773233502000,64.1377253666667,-21.7910268333333,0.0,0.0,0.0,true,8,0
1773233502000,64.1377253666667,-21.7910268333333,0.0,0.0,0.0,true,9,0
1773233506000,64.13915805,-21.7893155,4.0,179.6,161.7,false,9,18.0
1773233509000,64.13915805,-21.7893155,3.0,0.0,0.0,true,1,0
1773233509000,64.13915805,-21.7893155,0.0,0.0,0.0,true,2,0
1773233513000,64.13915805,-21.7893155,4.0,0.0,0.0,true,3,0
1773233515000,64.13915805,-21.7893155,2.0,0.0,0.0,true,4,0
1773233515000,64.13915805,-21.7893155,0.0,0.0,0.0,true,5,0
1773233519000,64.13915805,-21.7893155,4.0,0.0,0.0,true,6,0
1773233521000,64.13915805,-21.7893155,2.0,0.0,0.0,true,7,0
1773233521000,64.13915805,-21.7893155,0.0,0.0,0.0,true,8,0
1773233523000,64.13915805,-21.7893155,2.0,0.0,0.0,true,9,0
1773233527000,64.13915805,-21.7893155,4.0,0.0,0.0,true,10,0
1773233530000,64.13915805,-21.7893155,3.0,0.0,0.0,true,11,0
1773233530000,64.13915805,-21.7893155,0.0,0.0,0.0,true,12,0
1773233532000,64.13934525,-21.7846821666667,2.0,225.7,406.2,false,12,26.0
1773233536000,64.13934525,-21.7846821666667,4.0,0.0,0.0,true,1,0
1773233536000,64.13934525,-21.7846821666667,0.0,0.0,0.0,true,2,0
1773233538000,64.13934525,-21.7846821666667,2.0,0.0,0.0,true,3,0
1773233538000,64.13934525,-21.7846821666667,0.0,0.0,0.0,true,4,0
1773233540000,64.13934525,-21.7846821666667,2.0,0.0,0.0,true,5,0
1773233543000,64.13934525,-21.7846821666667,3.0,0.0,0.0,true,6,0
1773233546000,64.13934525,-21.7846821666667,3.0,0.0,0.0,true,7,0
1773233548000,64.13934525,-21.7846821666667,2.0,0.0,0.0,true,8,0
1773233548000,64.13934525,-21.7846821666667,0.0,0.0,0.0,true,9,0
1773233551000,64.13934525,-21.7846821666667,3.0,0.0,0.0,true,10,0
1773233551000,64.13934525,-21.7846821666667,0.0,0.0,0.0,true,11,0
1773233555000,64.13934525,-21.7846821666667,4.0,0.0,0.0,true,12,0
1773233557000,64.13934525,-21.7846821666667,2.0,0.0,0.0,true,13,0
1773233559000,64.13934525,-21.7846821666667,2.0,0.0,0.0,true,14,0
1773233564000,64.1396616833333,-21.780512,5.0,205.3,147.8,false,14,32.0
1773233566000,64.1396616833333,-21.780512,2.0,0.0,0.0,true,1,0
1773233566000,64.1396616833333,-21.780512,0.0,0.0,0.0,true,2,0
1773233566000,64.1396616833333,-21.780512,0.0,0.0,0.0,true,3,0
1773233571000,64.1396616833333,-21.780512,5.0,0.0,0.0,true,4,0
1773233571000,64.1396616833333,-21.780512,0.0,0.0,0.0,true,5,0
1773233575000,64.1396616833333,-21.780512,4.0,0.0,0.0,true,6,0
1773233577000,64.1396616833333,-21.780512,2.0,0.0,0.0,true,7,0
1773233577000,64.1396616833333,-21.780512,0.0,0.0,0.0,true,8,0
1773233579000,64.1396616833333,-21.780512,2.0,0.0,0.0,true,9,0
1773233579000,64.1396616833333,-21.780512,0.0,0.0,0.0,true,10,0
1773233581000,64.1396616833333,-21.780512,2.0,0.0,0.0,true,11,0
1773233589000,64.1386969833333,-21.7767451666667,8.0,211.9,95.3,false,11,25.0
1773233589000,64.1386969833333,-21.7767451666667,0.0,0.0,0.0,true,1,0
1773233591000,64.1386969833333,-21.7767451666667,2.0,0.0,0.0,true,2,0
1773233591000,64.1386969833333,-21.7767451666667,0.0,0.0,0.0,true,3,0
1773233596000,64.1386969833333,-21.7767451666667,5.0,0.0,0.0,true,4,0
1773233596000,64.1386969833333,-21.7767451666667,0.0,0.0,0.0,true,5,0
1773233600000,64.1386969833333,-21.7767451666667,4.0,0.0,0.0,true,6,0
1773233600000,64.1386969833333,-21.7767451666667,0.0,0.0,0.0,true,7,0
1773233602000,64.1386969833333,-21.7767451666667,2.0,0.0,0.0,true,8,0
1773233604000,64.1386969833333,-21.7767451666667,2.0,0.0,0.0,true,9,0
1773233604000,64.1386969833333,-21.7767451666667,0.0,0.0,0.0,true,10,0
1773233606000,64.1386969833333,-21.7767451666667,2.0,0.0,0.0,true,11,0
1773233610000,64.1386969833333,-21.7767451666667,4.0,0.0,0.0,true,12,0
1773233612000,64.1382376833333,-21.7742046666667,2.0,133.4,240.1,false,12,23.0
1773233616000,64.1382376833333,-21.7742046666667,4.0,0.0,0.0,true,1,0
1773233616000,64.1382376833333,-21.7742046666667,0.0,0.0,0.0,true,2,0
1773233618000,64.1382376833333,-21.7742046666667,2.0,0.0,0.0,true,3,0
1773233621000,64.1382376833333,-21.7742046666667,3.0,0.0,0.0,true,4,0
1773233621000,64.1382376833333,-21.7742046666667,0.0,0.0,0.0,true,5,0
1773233623000,64.1382376833333,-21.7742046666667,2.0,0.0,0.0,true,6,0
1773233627000,64.1382376833333,-21.7742046666667,4.0,0.0,0.0,true,7,0
1773233629000,64.1382376833333,-21.7742046666667,2.0,0.0,0.0,true,8,0
1773233629000,64.1382376833333,-21.7742046666667,0.0,0.0,0.0,true,9,0
1773233635000,64.1382376833333,-21.7742046666667,6.0,0.0,0.0,true,10,0
1773233635000,64.1382376833333,-21.7742046666667,0.0,0.0,0.0,true,11,0
1773233637000,64.1382376833333,-21.7742046666667,2.0,0.0,0.0,true,12,0
1773233639000,64.1392771666667,-21.7719606666667,2.0,158.8,285.8,false,12,27.0
1773233639000,64.1392771666667,-21.7719606666667,0.0,0.0,0.0,true,1,0
1773233642000,64.1392771666667,-21.7719606666667,3.0,0.0,0.0,true,2,0
1773233646000,64.1392771666667,-21.7719606666667,4.0,0.0,0.0,true,3,0
1773233646000,64.1392771666667,-21.7719606666667,0.0,0.0,0.0,true,4,0
1773233648000,64.1392771666667,-21.7719606666667,2.0,0.0,0.0,true,5,0
1773233652000,64.1392771666667,-21.7719606666667,4.0,0.0,0.0,true,6,0
1773233652000,64.1392771666667,-21.7719606666667,0.0,0.0,0.0,true,7,0
1773233657000,64.1392771666667,-21.7719606666667,5.0,0.0,0.0,true,8,0
1773233657000,64.1392771666667,-21.7719606666667,0.0,0.0,0.0,true,9,0
1773233659000,64.1392771666667,-21.7719606666667,2.0,0.0,0.0,true,10,0
1773233659000,64.1392771666667,-21.7719606666667,0.0,0.0,0.0,true,11,0
1773233665000,64.1392771666667,-21.7719606666667,6.0,0.0,0.0,true,12,0
1773233665000,64.1392771666667,-21.7719606666667,0.0,0.0,0.0,true,13,0
1773233667000,64.1392771666667,-21.7719606666667,2.0,0.0,0.0,true,14,0
1773233667000,64.1392771666667,-21.7719606666667,0.0,0.0,0.0,true,15,0
1773233669000,64.1392771666667,-21.7719606666667,2.0,0.0,0.0,true,16,0
1773233673000,64.1392771666667,-21.7719606666667,4.0,0.0,0.0,true,17,0
1773233673000,64.1392771666667,-21.7719606666667,0.0,0.0,0.0,true,18,0
1773233676000,64.1392771666667,-21.7719606666667,3.0,0.0,0.0,true,19,0
1773233678000,64.1392771666667,-21.7719606666667,2.0,0.0,0.0,true,20,0
1773233682000,64.1392771666667,-21.7719606666667,4.0,0.0,0.0,true,21,0
1773233682000,64.1392771666667,-21.7719606666667,0.0,0.0,0.0,true,22,0
1773233686000,64.1392771666667,-21.7719606666667,4.0,0.0,0.0,true,23,0
1773233686000,64.1392771666667,-21.7719606666667,0.0,0.0,0.0,true,24,0
1773233686000,64.1392771666667,-21.7719606666667,0.0,0.0,0.0,true,25,0
1773233690000,64.1449423833333,-21.7741043333333,4.0,638.5,574.6,false,25,51.0
1773233694000,64.1449423833333,-21.7741043333333,4.0,0.0,0.0,true,1,0
1773233694000,64.1449423833333,-21.7741043333333,0.0,0.0,0.0,true,2,0
1773233697000,64.1449423833333,-21.7741043333333,3.0,0.0,0.0,true,3,0
1773233697000,64.1449423833333,-21.7741043333333,0.0,0.0,0.0,true,4,0
1773233701000,64.1449423833333,-21.7741043333333,4.0,0.0,0.0,true,5,0
1773233701000,64.1449423833333,-21.7741043333333,0.0,0.0,0.0,true,6,0
1773233703000,64.1449423833333,-21.7741043333333,2.0,0.0,0.0,true,7,0
1773233707000,64.1449423833333,-21.7741043333333,4.0,0.0,0.0,true,8,0
1773233709000,64.1449423833333,-21.7741043333333,2.0,0.0,0.0,true,9,0
1773233709000,64.1449423833333,-21.7741043333333,0.0,0.0,0.0,true,10,0
1773233712000,64.1449423833333,-21.7741043333333,3.0,0.0,0.0,true,11,0
1773233716000,64.1449423833333,-21.7741043333333,4.0,0.0,0.0,true,12,0
1773233716000,64.1449423833333,-21.7741043333333,0.0,0.0,0.0,true,13,0
1773233718000,64.1449423833333,-21.7741043333333,2.0,0.0,0.0,true,14,0
1773233720000,64.1449423833333,-21.7741043333333,2.0,0.0,0.0,true,15,0
1773233724000,64.1449423833333,-21.7741043333333,4.0,0.0,0.0,true,16,0
1773233724000,64.1449423833333,-21.7741043333333,0.0,0.0,0.0,true,17,0
1773233726000,64.1449423833333,-21.7741043333333,2.0,0.0,0.0,true,18,0
1773233730000,64.1449423833333,-21.7741043333333,4.0,0.0,0.0,true,19,0
1773233732000,64.1449423833333,-21.7741043333333,2.0,0.0,0.0,true,20,0
1773233732000,64.1449423833333,-21.7741043333333,0.0,0.0,0.0,true,21,0
1773233734000,64.1449423833333,-21.7741043333333,2.0,0.0,0.0,true,22,0
1773233738000,64.1449423833333,-21.7741043333333,4.0,0.0,0.0,true,23,0
1773233738000,64.1449423833333,-21.7741043333333,0.0,0.0,0.0,true,24,0
1773233740000,64.1463178166667,-21.7708696666667,2.0,219.1,394.3,false,24,50.0
1773233744000,64.1463178166667,-21.7708696666667,4.0,0.0,0.0,true,1,0
1773233746000,64.1463178166667,-21.7708696666667,2.0,0.0,0.0,true,2,0
1773233746000,64.1463178166667,-21.7708696666667,0.0,0.0,0.0,true,3,0
1773233749000,64.1463178166667,-21.7708696666667,3.0,0.0,0.0,true,4,0
1773233751000,64.1463178166667,-21.7708696666667,2.0,0.0,0.0,true,5,0
1773233755000,64.1463178166667,-21.7708696666667,4.0,0.0,0.0,true,6,0
1773233755000,64.1463178166667,-21.7708696666667,0.0,0.0,0.0,true,7,0
1773233757000,64.1463178166667,-21.7708696666667,2.0,0.0,0.0,true,8,0
1773233757000,64.1463178166667,-21.7708696666667,0.0,0.0,0.0,true,9,0
1773233759000,64.1463178166667,-21.7708696666667,2.0,0.0,0.0,true,10,0
1773233763000,64.1463178166667,-21.7708696666667,4.0,0.0,0.0,true,11,0
1773233763000,64.1463178166667,-21.7708696666667,0.0,0.0,0.0,true,12,0
1773233765000,64.1463178166667,-21.7708696666667,2.0,0.0,0.0,true,13,0
1773233769000,64.1463178166667,-21.7708696666667,4.0,0.0,0.0,true,14,0
1773233771000,64.1463178166667,-21.7708696666667,2.0,0.0,0.0,true,15,0
1773233771000,64.1463178166667,-21.7708696666667,0.0,0.0,0.0,true,16,0
1773233773000,64.1463178166667,-21.7708696666667,2.0,0.0,0.0,true,17,0
1773233775000,64.1463178166667,-21.7708696666667,2.0,0.0,0.0,true,18,0
1773233775000,64.1463178166667,-21.7708696666667,0.0,0.0,0.0,true,19,0
1773233782000,64.1463178166667,-21.7708696666667,7.0,0.0,0.0,true,20,0
1773233782000,64.1463178166667,-21.7708696666667,0.0,0.0,0.0,true,21,0
1773233786000,64.1463178166667,-21.7708696666667,4.0,0.0,0.0,true,22,0
1773233788000,64.1463178166667,-21.7708696666667,2.0,0.0,0.0,true,23,0
1773233788000,64.1463178166667,-21.7708696666667,0.0,0.0,0.0,true,24,0
1773233788000,64.1463178166667,-21.7708696666667,0.0,0.0,0.0,true,25,0
1773233790000,64.1463178166667,-21.7708696666667,2.0,0.0,0.0,true,26,0
1773233796000,64.1463178166667,-21.7708696666667,6.0,0.0,0.0,true,27,0
1773233796000,64.1463178166667,-21.7708696666667,0.0,0.0,0.0,true,28,0
1773233798000,64.1463178166667,-21.7708696666667,2.0,0.0,0.0,true,29,0
1773233798000,64.1463178166667,-21.7708696666667,0.0,0.0,0.0,true,30,0
1773233802000,64.1463178166667,-21.7708696666667,4.0,0.0,0.0,true,31,0
1773233802000,64.1463178166667,-21.7708696666667,0.0,0.0,0.0,true,32,0
1773233807000,64.1463178166667,-21.7708696666667,5.0,0.0,0.0,true,33,0
1773233809000,64.1463178166667,-21.7708696666667,2.0,0.0,0.0,true,34,0
1773233809000,64.1463178166667,-21.7708696666667,0.0,0.0,0.0,true,35,0
1773233813000,64.1463178166667,-21.7708696666667,4.0,0.0,0.0,true,36,0
1773233813000,64.1463178166667,-21.7708696666667,0.0,0.0,0.0,true,37,0
1773233816000,64.1463178166667,-21.7708696666667,3.0,0.0,0.0,true,38,0
1773233821000,64.1463178166667,-21.7708696666667,5.0,0.0,0.0,true,39,0
1773233823000,64.1463178166667,-21.7708696666667,2.0,0.0,0.0,true,40,0
1773233823000,64.1463178166667,-21.7708696666667,0.0,0.0,0.0,true,41,0
1773233825000,64.1463178166667,-21.7708696666667,2.0,0.0,0.0,true,42,0
1773233825000,64.1463178166667,-21.7708696666667,0.0,0.0,0.0,true,43,0
1773233827000,64.1463178166667,-21.7708696666667,2.0,0.0,0.0,true,44,0
1773233827000,64.1463178166667,-21.7708696666667,0.0,0.0,0.0,true,45,0
1773233830000,64.1463178166667,-21.7708696666667,3.0,0.0,0.0,true,46,0
1773233836000,64.1463178166667,-21.7708696666667,6.0,0.0,0.0,true,47,0
1773233836000,64.1463178166667,-21.7708696666667,0.0,0.0,0.0,true,48,0
1773233838000,64.1463178166667,-21.7708696666667,2.0,0.0,0.0,true,49,0
1773233841000,64.1463178166667,-21.7708696666667,3.0,0.0,0.0,true,50,0
1773233841000,64.1463178166667,-21.7708696666667,0.0,0.0,0.0,true,51,0
1773233841000,64.1463178166667,-21.7708696666667,0.0,0.0,0.0,true,52,0
1773233848000,64.1463178166667,-21.7708696666667,7.0,0.0,0.0,true,53,0
1773233848000,64.1463178166667,-21.7708696666667,0.0,0.0,0.0,true,54,0
1773233851000,64.1463178166667,-21.7708696666667,3.0,0.0,0.0,true,55,0
1773233853000,64.1463178166667,-21.7708696666667,2.0,0.0,0.0,true,56,0
1773233853000,64.1463178166667,-21.7708696666667,0.0,0.0,0.0,true,57,0
1773233857000,64.1463178166667,-21.7708696666667,4.0,0.0,0.0,true,58,0
1773233857000,64.1463178166667,-21.7708696666667,0.0,0.0,0.0,true,59,0
1773233862000,64.1449643333333,-21.7742575,5.0,222.8,160.4,false,59,122.0
1773233862000,64.1449643333333,-21.7742575,0.0,0.0,0.0,true,1,0
1773233864000,64.1449643333333,-21.7742575,2.0,0.0,0.0,true,2,0
1773233864000,64.1449643333333,-21.7742575,0.0,0.0,0.0,true,3,0
1773233870000,64.1449643333333,-21.7742575,6.0,0.0,0.0,true,4,0
1773233870000,64.1449643333333,-21.7742575,0.0,0.0,0.0,true,5,0
1773233872000,64.1449643333333,-21.7742575,2.0,0.0,0.0,true,6,0
1773233876000,64.1442453333333,-21.7747478333333,4.0,83.4,75.1,false,6,14.0
1773233878000,64.1442453333333,-21.7747478333333,2.0,0.0,0.0,true,1,0
1773233878000,64.1442453333333,-21.7747478333333,0.0,0.0,0.0,true,2,0
1773233878000,64.1442453333333,-21.7747478333333,0.0,0.0,0.0,true,3,0
1773233881000,64.1442453333333,-21.7747478333333,3.0,0.0,0.0,true,4,0
1773233887000,64.1442453333333,-21.7747478333333,6.0,0.0,0.0,true,5,0
1773233887000,64.1442453333333,-21.7747478333333,0.0,0.0,0.0,true,6,0
1773233887000,64.1442453333333,-21.7747478333333,0.0,0.0,0.0,true,7,0
1773233893000,64.1442453333333,-21.7747478333333,6.0,0.0,0.0,true,8,0
1773233893000,64.1442453333333,-21.7747478333333,0.0,0.0,0.0,true,9,0
1773233893000,64.1442453333333,-21.7747478333333,0.0,0.0,0.0,true,10,0
1773233899000,64.1442453333333,-21.7747478333333,6.0,0.0,0.0,true,11,0
1773233901000,64.1442453333333,-21.7747478333333,2.0,0.0,0.0,true,12,0
1773233901000,64.1442453333333,-21.7747478333333,0.0,0.0,0.0,true,13,0
1773233903000,64.1442453333333,-21.7747478333333,2.0,0.0,0.0,true,14,0
1773233903000,64.1442453333333,-21.7747478333333,0.0,0.0,0.0,true,15,0
1773233906000,64.1442453333333,-21.7747478333333,3.0,0.0,0.0,true,16,0
1773233906000,64.1442453333333,-21.7747478333333,0.0,0.0,0.0,true,17,0
1773233906000,64.1442453333333,-21.7747478333333,0.0,0.0,0.0,true,18,0
1773233911000,64.1395802333333,-21.7723775,5.0,531.3,382.6,false,18,35.0
1773233911000,64.1395802333333,-21.7723775,0.0,0.0,0.0,true,1,0
1773233915000,64.1395802333333,-21.7723775,4.0,0.0,0.0,true,2,0
1773233921000,64.1395802333333,-21.7723775,6.0,0.0,0.0,true,3,0
1773233923000,64.1395802333333,-21.7723775,2.0,0.0,0.0,true,4,0
1773233923000,64.1395802333333,-21.7723775,0.0,0.0,0.0,true,5,0
1773233925000,64.1395802333333,-21.7723775,2.0,0.0,0.0,true,6,0
1773233929000,64.1395802333333,-21.7723775,4.0,0.0,0.0,true,7,0
1773233929000,64.1395802333333,-21.7723775,0.0,0.0,0.0,true,8,0
1773233931000,64.1395802333333,-21.7723775,2.0,0.0,0.0,true,9,0
1773233931000,64.1395802333333,-21.7723775,0.0,0.0,0.0,true,10,0
1773233933000,64.1395802333333,-21.7723775,2.0,0.0,0.0,true,11,0
1773233933000,64.1395802333333,-21.7723775,0.0,0.0,0.0,true,12,0
1773233936000,64.1395802333333,-21.7723775,3.0,0.0,0.0,true,13,0
1773233942000,64.1395802333333,-21.7723775,6.0,0.0,0.0,true,14,0
1773233942000,64.1395802333333,-21.7723775,0.0,0.0,0.0,true,15,0
1773233946000,64.1395802333333,-21.7723775,4.0,0.0,0.0,true,16,0
1773233948000,64.1395802333333,-21.7723775,2.0,0.0,0.0,true,17,0
1773233948000,64.1395802333333,-21.7723775,0.0,0.0,0.0,true,18,0
1773233951000,64.1395802333333,-21.7723775,3.0,0.0,0.0,true,19,0
1773233957000,64.1395802333333,-21.7723775,6.0,0.0,0.0,true,20,0
1773233959000,64.1395802333333,-21.7723775,2.0,0.0,0.0,true,21,0
1773233959000,64.1395802333333,-21.7723775,0.0,0.0,0.0,true,22,0
1773233959000,64.1395802333333,-21.7723775,0.0,0.0,0.0,true,23,0
1773233965000,64.1395802333333,-21.7723775,6.0,0.0,0.0,true,24,0
1773233965000,64.1395802333333,-21.7723775,0.0,0.0,0.0,true,25,0
1773233967000,64.1395802333333,-21.7723775,2.0,0.0,0.0,true,26,0
1773233971000,64.1382466166667,-21.7739918333333,4.0,167.7,150.9,false,26,60.0
1773233973000,64.1382466166667,-21.7739918333333,2.0,0.0,0.0,true,1,0
1773233973000,64.1382466166667,-21.7739918333333,0.0,0.0,0.0,true,2,0
1773233973000,64.1382466166667,-21.7739918333333,0.0,0.0,0.0,true,3,0
1773233975000,64.1382466166667,-21.7739918333333,2.0,0.0,0.0,true,4,0
1773233977000,64.1382466166667,-21.7739918333333,2.0,0.0,0.0,true,5,0
1773233982000,64.13863065,-21.7765991666667,5.0,133.5,96.1,false,5,11.0
1773233984000,64.13863065,-21.7765991666667,2.0,0.0,0.0,true,1,0
1773233984000,64.13863065,-21.7765991666667,0.0,0.0,0.0,true,2,0
1773233986000,64.13863065,-21.7765991666667,2.0,0.0,0.0,true,3,0
1773233988000,64.13863065,-21.7765991666667,2.0,0.0,0.0,true,4,0
1773233992000,64.13863065,-21.7765991666667,4.0,0.0,0.0,true,5,0
1773233994000,64.13863065,-21.7765991666667,2.0,0.0,0.0,true,6,0
1773233994000,64.13863065,-21.7765991666667,0.0,0.0,0.0,true,7,0
1773233998000,64.13863065,-21.7765991666667,4.0,0.0,0.0,true,8,0
1773234001000,64.13863065,-21.7765991666667,3.0,0.0,0.0,true,9,0
1773234003000,64.13863065,-21.7765991666667,2.0,0.0,0.0,true,10,0
1773234003000,64.13863065,-21.7765991666667,0.0,0.0,0.0,true,11,0
1773234007000,64.1396737,-21.78092,4.0,239.5,215.6,false,11,25.0
1773234009000,64.1396737,-21.78092,2.0,0.0,0.0,true,1,0
1773234009000,64.1396737,-21.78092,0.0,0.0,0.0,true,2,0
1773234011000,64.1396737,-21.78092,2.0,0.0,0.0,true,3,0
1773234015000,64.1396737,-21.78092,4.0,0.0,0.0,true,4,0
1773234015000,64.1396737,-21.78092,0.0,0.0,0.0,true,5,0
1773234019000,64.1396737,-21.78092,4.0,0.0,0.0,true,6,0
1773234019000,64.1396737,-21.78092,0.0,0.0,0.0,true,7,0
1773234021000,64.13937945,-21.784496,2.0,176.5,317.7,false,7,14.0
1773234023000,64.13937945,-21.784496,2.0,0.0,0.0,true,1,0
1773234027000,64.13937945,-21.784496,4.0,0.0,0.0,true,2,0
1773234027000,64.13937945,-21.784496,0.0,0.0,0.0,true,3,0
1773234027000,64.13937945,-21.784496,0.0,0.0,0.0,true,4,0
1773234032000,64.13937945,-21.784496,5.0,0.0,0.0,true,5,0
1773234032000,64.13937945,-21.784496,0.0,0.0,0.0,true,6,0
1773234034000,64.13937945,-21.784496,2.0,0.0,0.0,true,7,0
1773234040000,64.13937945,-21.784496,6.0,0.0,0.0,true,8,0
1773234040000,64.13937945,-21.784496,0.0,0.0,0.0,true,9,0
1773234044000,64.13937945,-21.784496,4.0,0.0,0.0,true,10,0
1773234044000,64.13937945,-21.784496,0.0,0.0,0.0,true,11,0
1773234046000,64.1393010333333,-21.7894283333333,2.0,239.4,430.9,false,11,25.0
1773234048000,64.1393010333333,-21.7894283333333,2.0,0.0,0.0,true,1,0
1773234051000,64.1393010333333,-21.7894283333333,3.0,0.0,0.0,true,2,0
1773234051000,64.1393010333333,-21.7894283333333,0.0,0.0,0.0,true,3,0
1773234053000,64.1393010333333,-21.7894283333333,2.0,0.0,0.0,true,4,0
1773234058000,64.1393010333333,-21.7894283333333,5.0,0.0,0.0,true,5,0
1773234060000,64.1393010333333,-21.7894283333333,2.0,0.0,0.0,true,6,0
1773234060000,64.1393010333333,-21.7894283333333,0.0,0.0,0.0,true,7,0
1773234062000,64.1393010333333,-21.7894283333333,2.0,0.0,0.0,true,8,0
1773234065000,64.1378354833333,-21.7908576666667,3.0,177.1,212.5,false,8,19.0
1773234065000,64.1378354833333,-21.7908576666667,0.0,0.0,0.0,true,1,0
1773234069000,64.1378354833333,-21.7908576666667,4.0,0.0,0.0,true,2,0
1773234069000,64.1378354833333,-21.7908576666667,0.0,0.0,0.0,true,3,0
1773234077000,64.1378354833333,-21.7908576666667,8.0,0.0,0.0,true,4,0
1773234077000,64.1378354833333,-21.7908576666667,0.0,0.0,0.0,true,5,0
1773234079000,64.1378354833333,-21.7908576666667,2.0,0.0,0.0,true,6,0
1773234083000,64.1378354833333,-21.7908576666667,4.0,0.0,0.0,true,7,0
1773234083000,64.1378354833333,-21.7908576666667,0.0,0.0,0.0,true,8,0
1773234085000,64.1378354833333,-21.7908576666667,2.0,0.0,0.0,true,9,0
1773234087000,64.1378354833333,-21.7908576666667,2.0,0.0,0.0,true,10,0
1773234087000,64.1378354833333,-21.7908576666667,0.0,0.0,0.0,true,11,0
1773234089000,64.1378354833333,-21.7908576666667,2.0,0.0,0.0,true,12,0
1773234093000,64.1356836166667,-21.7931895,4.0,264.7,238.2,false,12,28.0
1773234093000,64.1356836166667,-21.7931895,0.0,0.0,0.0,true,1,0
1773234098000,64.1356836166667,-21.7931895,5.0,0.0,0.0,true,2,0
1773234098000,64.1356836166667,-21.7931895,0.0,0.0,0.0,true,3,0
1773234100000,64.1356836166667,-21.7931895,2.0,0.0,0.0,true,4,0
1773234103000,64.1356836166667,-21.7931895,3.0,0.0,0.0,true,5,0
1773234103000,64.1356836166667,-21.7931895,0.0,0.0,0.0,true,6,0
1773234107000,64.1356836166667,-21.7931895,4.0,0.0,0.0,true,7,0
1773234109000,64.1356836166667,-21.7931895,2.0,0.0,0.0,true,8,0
1773234109000,64.1356836166667,-21.7931895,0.0,0.0,0.0,true,9,0
1773234113000,64.1356836166667,-21.7931895,4.0,0.0,0.0,true,10,0
1773234115000,64.1356836166667,-21.7931895,2.0,0.0,0.0,true,11,0
1773234115000,64.1356836166667,-21.7931895,0.0,0.0,0.0,true,12,0
1773234118000,64.1356836166667,-21.7931895,3.0,0.0,0.0,true,13,0
1773234124000,64.1356836166667,-21.7931895,6.0,0.0,0.0,true,14,0
1773234124000,64.1356836166667,-21.7931895,0.0,0.0,0.0,true,15,0
1773234126000,64.13477805,-21.7978676666667,2.0,248.3,446.9,false,15,33.0
1773234126000,64.13477805,-21.7978676666667,0.0,0.0,0.0,true,1,0
1773234128000,64.13477805,-21.7978676666667,2.0,0.0,0.0,true,2,0
1773234130000,64.13477805,-21.7978676666667,2.0,0.0,0.0,true,3,0
1773234130000,64.13477805,-21.7978676666667,0.0,0.0,0.0,true,4,0
1773234133000,64.13477805,-21.7978676666667,3.0,0.0,0.0,true,5,0
1773234138000,64.13477805,-21.7978676666667,5.0,0.0,0.0,true,6,0
1773234138000,64.13477805,-21.7978676666667,0.0,0.0,0.0,true,7,0
1773234140000,64.13477805,-21.7978676666667,2.0,0.0,0.0,true,8,0
1773234143000,64.13477805,-21.7978676666667,3.0,0.0,0.0,true,9,0
1773234145000,64.13477805,-21.7978676666667,2.0,0.0,0.0,true,10,0
1773234148000,64.13477805,-21.7978676666667,3.0,0.0,0.0,true,11,0
1773234150000,64.13570435,-21.8019973333333,2.0,225.3,405.5,false,11,24.0
1773234150000,64.13570435,-21.8019973333333,0.0,0.0,0.0,true,1,0
1773234150000,64.13570435,-21.8019973333333,0.0,0.0,0.0,true,2,0
1773234154000,64.13570435,-21.8019973333333,4.0,0.0,0.0,true,3,0
1773234156000,64.13570435,-21.8019973333333,2.0,0.0,0.0,true,4,0
1773234158000,64.13570435,-21.8019973333333,2.0,0.0,0.0,true,5,0
1773234162000,64.13570435,-21.8019973333333,4.0,0.0,0.0,true,6,0
1773234164000,64.13570435,-21.8019973333333,2.0,0.0,0.0,true,7,0
1773234164000,64.13570435,-21.8019973333333,0.0,0.0,0.0,true,8,0
1773234164000,64.13570435,-21.8019973333333,0.0,0.0,0.0,true,9,0
1773234168000,64.13570435,-21.8019973333333,4.0,0.0,0.0,true,10,0
1773234173000,64.13570435,-21.8019973333333,5.0,0.0,0.0,true,11,0
1773234173000,64.13570435,-21.8019973333333,0.0,0.0,0.0,true,12,0
1773234175000,64.13648445,-21.8066385,2.0,241.3,434.3,false,12,25.0
1773234178000,64.13648445,-21.8066385,3.0,0.0,0.0,true,1,0
1773234178000,64.13648445,-21.8066385,0.0,0.0,0.0,true,2,0
1773234182000,64.13648445,-21.8066385,4.0,0.0,0.0,true,3,0
1773234182000,64.13648445,-21.8066385,0.0,0.0,0.0,true,4,0
1773234184000,64.13648445,-21.8066385,2.0,0.0,0.0,true,5,0
1773234187000,64.13648445,-21.8066385,3.0,0.0,0.0,true,6,0
1773234189000,64.13648445,-21.8066385,2.0,0.0,0.0,true,7,0
1773234189000,64.13648445,-21.8066385,0.0,0.0,0.0,true,8,0
1773234192000,64.13648445,-21.8066385,3.0,0.0,0.0,true,9,0
1773234192000,64.13648445,-21.8066385,0.0,0.0,0.0,true,10,0
1773234196000,64.13648445,-21.8066385,4.0,0.0,0.0,true,11,0
1773234200000,64.13648445,-21.8066385,4.0,0.0,0.0,true,12,0
1773234200000,64.13648445,-21.8066385,0.0,0.0,0.0,true,13,0
1773234204000,64.13648445,-21.8066385,4.0,0.0,0.0,true,14,0
1773234204000,64.13648445,-21.8066385,0.0,0.0,0.0,true,15,0
1773234206000,64.13648445,-21.8066385,2.0,0.0,0.0,true,16,0
1773234210000,64.13648445,-21.8066385,4.0,0.0,0.0,true,17,0
1773234210000,64.13648445,-21.8066385,0.0,0.0,0.0,true,18,0
1773234210000,64.13648445,-21.8066385,0.0,0.0,0.0,true,19,0
1773234215000,64.13648445,-21.8066385,5.0,0.0,0.0,true,20,0
1773234217000,64.13648445,-21.8066385,2.0,0.0,0.0,true,21,0
1773234221000,64.1371595166667,-21.8101411666667,4.0,185.7,167.2,false,21,46.0
1773234223000,64.1371595166667,-21.8101411666667,2.0,0.0,0.0,true,1,0
1773234223000,64.1371595166667,-21.8101411666667,0.0,0.0,0.0,true,2,0
1773234225000,64.1371595166667,-21.8101411666667,2.0,0.0,0.0,true,3,0
1773234229000,64.1371595166667,-21.8101411666667,4.0,0.0,0.0,true,4,0
1773234229000,64.1371595166667,-21.8101411666667,0.0,0.0,0.0,true,5,0
1773234231000,64.1371595166667,-21.8101411666667,2.0,0.0,0.0,true,6,0
1773234231000,64.1371595166667,-21.8101411666667,0.0,0.0,0.0,true,7,0
1773234234000,64.1371595166667,-21.8101411666667,3.0,0.0,0.0,true,8,0
1773234236000,64.1367668666667,-21.8122288333333,2.0,110.3,198.5,false,8,15.0
1773234236000,64.1367668666667,-21.8122288333333,0.0,0.0,0.0,true,1,0
1773234240000,64.1367668666667,-21.8122288333333,4.0,0.0,0.0,true,2,0
1773234243000,64.1367668666667,-21.8122288333333,3.0,0.0,0.0,true,3,0
1773234243000,64.1367668666667,-21.8122288333333,0.0,0.0,0.0,true,4,0
1773234245000,64.1367668666667,-21.8122288333333,2.0,0.0,0.0,true,5,0
1773234250000,64.1367668666667,-21.8122288333333,5.0,0.0,0.0,true,6,0
1773234250000,64.1367668666667,-21.8122288333333,0.0,0.0,0.0,true,7,0
1773234254000,64.1367668666667,-21.8122288333333,4.0,0.0,0.0,true,8,0
1773234254000,64.1367668666667,-21.8122288333333,0.0,0.0,0.0,true,9,0
1773234256000,64.1367668666667,-21.8122288333333,2.0,0.0,0.0,true,10,0
1773234259000,64.1367668666667,-21.8122288333333,3.0,0.0,0.0,true,11,0
1773234259000,64.1367668666667,-21.8122288333333,0.0,0.0,0.0,true,12,0
1773234263000,64.1367668666667,-21.8122288333333,4.0,0.0,0.0,true,13,0
1773234265000,64.1367668666667,-21.8122288333333,2.0,0.0,0.0,true,14,0
1773234267000,64.1383089,-21.8158611666667,2.0,245.8,442.5,false,14,31.0
1773234267000,64.1383089,-21.8158611666667,0.0,0.0,0.0,true,1,0
1773234269000,64.1383089,-21.8158611666667,2.0,0.0,0.0,true,2,0
1773234273000,64.1383089,-21.8158611666667,4.0,0.0,0.0,true,3,0
1773234276000,64.1383089,-21.8158611666667,3.0,0.0,0.0,true,4,0
1773234276000,64.1383089,-21.8158611666667,0.0,0.0,0.0,true,5,0
1773234278000,64.1383089,-21.8158611666667,2.0,0.0,0.0,true,6,0
1773234281000,64.1383089,-21.8158611666667,3.0,0.0,0.0,true,7,0
1773234281000,64.1383089,-21.8158611666667,0.0,0.0,0.0,true,8,0
1773234283000,64.1383089,-21.8158611666667,2.0,0.0,0.0,true,9,0
1773234286000,64.1383089,-21.8158611666667,3.0,0.0,0.0,true,10,0
1773234286000,64.1383089,-21.8158611666667,0.0,0.0,0.0,true,11,0
1773234292000,64.1392584666667,-21.8183298333333,6.0,159.6,95.8,false,11,25.0
1773234294000,64.1392584666667,-21.8183298333333,2.0,0.0,0.0,true,1,0
1773234294000,64.1392584666667,-21.8183298333333,0.0,0.0,0.0,true,2,0
1773234297000,64.1392584666667,-21.8183298333333,3.0,0.0,0.0,true,3,0
1773234301000,64.1392584666667,-21.8183298333333,4.0,0.0,0.0,true,4,0
1773234301000,64.1392584666667,-21.8183298333333,0.0,0.0,0.0,true,5,0
1773234301000,64.1392584666667,-21.8183298333333,0.0,0.0,0.0,true,6,0
1773234307000,64.1392584666667,-21.8183298333333,6.0,0.0,0.0,true,7,0
1773234307000,64.1392584666667,-21.8183298333333,0.0,0.0,0.0,true,8,0
1773234309000,64.1392584666667,-21.8183298333333,2.0,0.0,0.0,true,9,0
1773234309000,64.1392584666667,-21.8183298333333,0.0,0.0,0.0,true,10,0
1773234312000,64.1403866666667,-21.8172173333333,3.0,136.6,163.9,false,10,20.0
1773234314000,64.1403866666667,-21.8172173333333,2.0,0.0,0.0,true,1,0
1773234314000,64.1403866666667,-21.8172173333333,0.0,0.0,0.0,true,2,0
1773234317000,64.1403866666667,-21.8172173333333,3.0,0.0,0.0,true,3,0
1773234319000,64.1403866666667,-21.8172173333333,2.0,0.0,0.0,true,4,0
1773234319000,64.1403866666667,-21.8172173333333,0.0,0.0,0.0,true,5,0
1773234322000,64.1403866666667,-21.8172173333333,3.0,0.0,0.0,true,6,0
1773234327000,64.1403866666667,-21.8172173333333,5.0,0.0,0.0,true,7,0
1773234327000,64.1403866666667,-21.8172173333333,0.0,0.0,0.0,true,8,0
1773234327000,64.1403866666667,-21.8172173333333,0.0,0.0,0.0,true,9,0
1773234333000,64.1403866666667,-21.8172173333333,6.0,0.0,0.0,true,10,0
1773234333000,64.1403866666667,-21.8172173333333,0.0,0.0,0.0,true,11,0
1773234336000,64.1403866666667,-21.8172173333333,3.0,0.0,0.0,true,12,0
1773234336000,64.1403866666667,-21.8172173333333,0.0,0.0,0.0,true,13,0
1773234339000,64.1403866666667,-21.8172173333333,3.0,0.0,0.0,true,14,0
1773234342000,64.1403866666667,-21.8172173333333,3.0,0.0,0.0,true,15,0
1773234342000,64.1403866666667,-21.8172173333333,0.0,0.0,0.0,true,16,0
1773234347000,64.1403866666667,-21.8172173333333,5.0,0.0,0.0,true,17,0
1773234350000,64.1403866666667,-21.8172173333333,3.0,0.0,0.0,true,18,0
1773234350000,64.1403866666667,-21.8172173333333,0.0,0.0,0.0,true,19,0
1773234354000,64.1403866666667,-21.8172173333333,4.0,0.0,0.0,true,20,0
1773234356000,64.1403866666667,-21.8172173333333,2.0,0.0,0.0,true,21,0
1773234356000,64.1403866666667,-21.8172173333333,0.0,0.0,0.0,true,22,0
1773234360000,64.1397737333333,-21.8120898333333,4.0,257.9,232.1,false,22,48.0
1773234362000,64.1397737333333,-21.8120898333333,2.0,0.0,0.0,true,1,0
1773234362000,64.1397737333333,-21.8120898333333,0.0,0.0,0.0,true,2,0
1773234362000,64.1397737333333,-21.8120898333333,0.0,0.0,0.0,true,3,0
1773234362000,64.1397737333333,-21.8120898333333,0.0,0.0,0.0,true,4,0
1773234366000,64.1397737333333,-21.8120898333333,4.0,0.0,0.0,true,5,0
1773234373000,64.1397737333333,-21.8120898333333,7.0,0.0,0.0,true,6,0
1773234373000,64.1397737333333,-21.8120898333333,0.0,0.0,0.0,true,7,0
1773234375000,64.1397737333333,-21.8120898333333,2.0,0.0,0.0,true,8,0
1773234378000,64.1397737333333,-21.8120898333333,3.0,0.0,0.0,true,9,0
1773234378000,64.1397737333333,-21.8120898333333,0.0,0.0,0.0,true,10,0
1773234380000,64.1397737333333,-21.8120898333333,2.0,0.0,0.0,true,11,0
1773234384000,64.1385252666667,-21.8084538333333,4.0,224.4,202.0,false,11,24.0
1773234384000,64.1385252666667,-21.8084538333333,0.0,0.0,0.0,true,1,0
1773234386000,64.1385252666667,-21.8084538333333,2.0,0.0,0.0,true,2,0
1773234390000,64.1385252666667,-21.8084538333333,4.0,0.0,0.0,true,3,0
1773234390000,64.1385252666667,-21.8084538333333,0.0,0.0,0.0,true,4,0
1773234393000,64.1385252666667,-21.8084538333333,3.0,0.0,0.0,true,5,0
1773234397000,64.1385252666667,-21.8084538333333,4.0,0.0,0.0,true,6,0
1773234397000,64.1385252666667,-21.8084538333333,0.0,0.0,0.0,true,7,0
1773234400000,64.1385252666667,-21.8084538333333,3.0,0.0,0.0,true,8,0
1773234400000,64.1385252666667,-21.8084538333333,0.0,0.0,0.0,true,9,0
1773234403000,64.1385252666667,-21.8084538333333,3.0,0.0,0.0,true,10,0
1773234406000,64.1385252666667,-21.8084538333333,3.0,0.0,0.0,true,11,0
1773234406000,64.1385252666667,-21.8084538333333,0.0,0.0,0.0,true,12,0
1773234408000,64.1385252666667,-21.8084538333333,2.0,0.0,0.0,true,13,0
1773234411000,64.1385252666667,-21.8084538333333,3.0,0.0,0.0,true,14,0
1773234411000,64.1385252666667,-21.8084538333333,0.0,0.0,0.0,true,15,0
1773234413000,64.1385252666667,-21.8084538333333,2.0,0.0,0.0,true,16,0
1773234417000,64.1385252666667,-21.8084538333333,4.0,0.0,0.0,true,17,0
1773234417000,64.1385252666667,-21.8084538333333,0.0,0.0,0.0,true,18,0
1773234422000,64.1385252666667,-21.8084538333333,5.0,0.0,0.0,true,19,0
1773234422000,64.1385252666667,-21.8084538333333,0.0,0.0,0.0,true,20,0
1773234424000,64.1385252666667,-21.8084538333333,2.0,0.0,0.0,true,21,0
1773234428000,64.1385252666667,-21.8084538333333,4.0,0.0,0.0,true,22,0
1773234428000,64.1385252666667,-21.8084538333333,0.0,0.0,0.0,true,23,0
1773234428000,64.1385252666667,-21.8084538333333,0.0,0.0,0.0,true,24,0
1773234433000,64.1385252666667,-21.8084538333333,5.0,0.0,0.0,true,25,0
1773234436000,64.1385252666667,-21.8084538333333,3.0,0.0,0.0,true,26,0
1773234436000,64.1385252666667,-21.8084538333333,0.0,0.0,0.0,true,27,0
1773234441000,64.1385252666667,-21.8084538333333,5.0,0.0,0.0,true,28,0
1773234444000,64.1385252666667,-21.8084538333333,3.0,0.0,0.0,true,29,0
1773234446000,64.1385252666667,-21.8084538333333,2.0,0.0,0.0,true,30,0
1773234450000,64.1385252666667,-21.8084538333333,4.0,0.0,0.0,true,31,0
1773234450000,64.1385252666667,-21.8084538333333,0.0,0.0,0.0,true,32,0
1773234452000,64.1385252666667,-21.8084538333333,2.0,0.0,0.0,true,33,0
1773234454000,64.1385252666667,-21.8084538333333,2.0,0.0,0.0,true,34,0
1773234454000,64.1385252666667,-21.8084538333333,0.0,0.0,0.0,true,35,0
1773234454000,64.1385252666667,-21.8084538333333,0.0,0.0,0.0,true,36,0
1773234456000,64.1382753166667,-21.8071848333333,2.0,67.5,121.6,false,36,72.0
1773234459000,64.1382753166667,-21.8071848333333,3.0,0.0,0.0,true,1,0
1773234463000,64.1382753166667,-21.8071848333333,4.0,0.0,0.0,true,2,0
1773234466000,64.1382753166667,-21.8071848333333,3.0,0.0,0.0,true,3,0
1773234469000,64.1382753166667,-21.8071848333333,3.0,0.0,0.0,true,4,0
1773234469000,64.1382753166667,-21.8071848333333,0.0,0.0,0.0,true,5,0
1773234469000,64.1382753166667,-21.8071848333333,0.0,0.0,0.0,true,6,0
1773234473000,64.1382753166667,-21.8071848333333,4.0,0.0,0.0,true,7,0
1773234473000,64.1382753166667,-21.8071848333333,0.0,0.0,0.0,true,8,0
1773234476000,64.1382753166667,-21.8071848333333,3.0,0.0,0.0,true,9,0
1773234478000,64.1382753166667,-21.8071848333333,2.0,0.0,0.0,true,10,0
1773234478000,64.1382753166667,-21.8071848333333,0.0,0.0,0.0,true,11,0
1773234481000,64.1382753166667,-21.8071848333333,3.0,0.0,0.0,true,12,0
1773234481000,64.1382753166667,-21.8071848333333,0.0,0.0,0.0,true,13,0
1773234486000,64.1382753166667,-21.8071848333333,5.0,0.0,0.0,true,14,0
1773234486000,64.1382753166667,-21.8071848333333,0.0,0.0,0.0,true,15,0
1773234493000,64.1382753166667,-21.8071848333333,7.0,0.0,0.0,true,16,0
1773234493000,64.1382753166667,-21.8071848333333,0.0,0.0,0.0,true,17,0
1773234496000,64.1382753166667,-21.8071848333333,3.0,0.0,0.0,true,18,0
1773234499000,64.1446586666667,-21.8059325,3.0,712.4,854.9,false,18,43.0
1773234499000,64.1446586666667,-21.8059325,0.0,0.0,0.0,true,1,0
1773234501000,64.1446586666667,-21.8059325,2.0,0.0,0.0,true,2,0
1773234501000,64.1446586666667,-21.8059325,0.0,0.0,0.0,true,3,0
1773234504000,64.1446586666667,-21.8059325,3.0,0.0,0.0,true,4,0
1773234506000,64.1446586666667,-21.8059325,2.0,0.0,0.0,true,5,0
1773234510000,64.1446586666667,-21.8059325,4.0,0.0,0.0,true,6,0
1773234510000,64.1446586666667,-21.8059325,0.0,0.0,0.0,true,7,0
1773234510000,64.1446586666667,-21.8059325,0.0,0.0,0.0,true,8,0
1773234516000,64.1446586666667,-21.8059325,6.0,0.0,0.0,true,9,0
1773234518000,64.1446586666667,-21.8059325,2.0,0.0,0.0,true,10,0
1773234521000,64.1446586666667,-21.8059325,3.0,0.0,0.0,true,11,0
1773234521000,64.1446586666667,-21.8059325,0.0,0.0,0.0,true,12,0
1773234526000,64.1446586666667,-21.8059325,5.0,0.0,0.0,true,13,0
1773234526000,64.1446586666667,-21.8059325,0.0,0.0,0.0,true,14,0
1773234531000,64.1446586666667,-21.8059325,5.0,0.0,0.0,true,15,0
1773234533000,64.1446586666667,-21.8059325,2.0,0.0,0.0,true,16,0
1773234536000,64.1446586666667,-21.8059325,3.0,0.0,0.0,true,17,0
1773234536000,64.1446586666667,-21.8059325,0.0,0.0,0.0,true,18,0
1773234538000,64.1446586666667,-21.8059325,2.0,0.0,0.0,true,19,0
1773234538000,64.1446586666667,-21.8059325,0.0,0.0,0.0,true,20,0
1773234541000,64.1446586666667,-21.8059325,3.0,0.0,0.0,true,21,0
1773234545000,64.1446586666667,-21.8059325,4.0,0.0,0.0,true,22,0
1773234547000,64.1446586666667,-21.8059325,2.0,0.0,0.0,true,23,0
1773234547000,64.1446586666667,-21.8059325,0.0,0.0,0.0,true,24,0
1773234553000,64.1446586666667,-21.8059325,6.0,0.0,0.0,true,25,0
1773234553000,64.1446586666667,-21.8059325,0.0,0.0,0.0,true,26,0
1773234553000,64.1446586666667,-21.8059325,0.0,0.0,0.0,true,27,0
1773234558000,64.1446586666667,-21.8059325,5.0,0.0,0.0,true,28,0
1773234558000,64.1446586666667,-21.8059325,0.0,0.0,0.0,true,29,0
1773234562000,64.1446586666667,-21.8059325,4.0,0.0,0.0,true,30,0
1773234564000,64.1446586666667,-21.8059325,2.0,0.0,0.0,true,31,0
1773234564000,64.1446586666667,-21.8059325,0.0,0.0,0.0,true,32,0
1773234566000,64.1446586666667,-21.8059325,2.0,0.0,0.0,true,33,0
1773234570000,64.1446586666667,-21.8059325,4.0,0.0,0.0,true,34,0
1773234570000,64.1446586666667,-21.8059325,0.0,0.0,0.0,true,35,0
1773234574000,64.1446586666667,-21.8059325,4.0,0.0,0.0,true,36,0
1773234574000,64.1446586666667,-21.8059325,0.0,0.0,0.0,true,37,0
1773234574000,64.1446586666667,-21.8059325,0.0,0.0,0.0,true,38,0
1773234580000,64.1446586666667,-21.8059325,6.0,0.0,0.0,true,39,0
1773234580000,64.1446586666667,-21.8059325,0.0,0.0,0.0,true,40,0
1773234583000,64.1434333333333,-21.8074798333333,3.0,155.5,186.7,false,40,84.0
1773234585000,64.1434333333333,-21.8074798333333,2.0,0.0,0.0,true,1,0
1773234585000,64.1434333333333,-21.8074798333333,0.0,0.0,0.0,true,2,0
1773234588000,64.1434333333333,-21.8074798333333,3.0,0.0,0.0,true,3,0
1773234593000,64.1434333333333,-21.8074798333333,5.0,0.0,0.0,true,4,0
1773234593000,64.1434333333333,-21.8074798333333,0.0,0.0,0.0,true,5,0
1773234593000,64.1434333333333,-21.8074798333333,0.0,0.0,0.0,true,6,0
1773234593000,64.1434333333333,-21.8074798333333,0.0,0.0,0.0,true,7,0
1773234600000,64.1434333333333,-21.8074798333333,7.0,0.0,0.0,true,8,0
1773234600000,64.1434333333333,-21.8074798333333,0.0,0.0,0.0,true,9,0
1773234602000,64.1434333333333,-21.8074798333333,2.0,0.0,0.0,true,10,0
1773234605000,64.1434333333333,-21.8074798333333,3.0,0.0,0.0,true,11,0
1773234605000,64.1434333333333,-21.8074798333333,0.0,0.0,0.0,true,12,0
1773234609000,64.1434333333333,-21.8074798333333,4.0,0.0,0.0,true,13,0
1773234611000,64.1434333333333,-21.8074798333333,2.0,0.0,0.0,true,14,0
1773234613000,64.1434333333333,-21.8074798333333,2.0,0.0,0.0,true,15,0
1773234613000,64.1434333333333,-21.8074798333333,0.0,0.0,0.0,true,16,0
1773234617000,64.1434333333333,-21.8074798333333,4.0,0.0,0.0,true,17,0
1773234621000,64.1434333333333,-21.8074798333333,4.0,0.0,0.0,true,18,0
1773234621000,64.1434333333333,-21.8074798333333,0.0,0.0,0.0,true,19,0
1773234623000,64.1434333333333,-21.8074798333333,2.0,0.0,0.0,true,20,0
1773234626000,64.1434333333333,-21.8074798333333,3.0,0.0,0.0,true,21,0
1773234628000,64.1434333333333,-21.8074798333333,2.0,0.0,0.0,true,22,0
1773234628000,64.1434333333333,-21.8074798333333,0.0,0.0,0.0,true,23,0
1773234628000,64.1434333333333,-21.8074798333333,0.0,0.0,0.0,true,24,0
1773234634000,64.1434333333333,-21.8074798333333,6.0,0.0,0.0,true,25,0
1773234634000,64.1434333333333,-21.8074798333333,0.0,0.0,0.0,true,26,0
1773234634000,64.1434333333333,-21.8074798333333,0.0,0.0,0.0,true,27,0
1773234638000,64.1434333333333,-21.8074798333333,4.0,0.0,0.0,true,28,0
1773234642000,64.1434333333333,-21.8074798333333,4.0,0.0,0.0,true,29,0
1773234642000,64.1434333333333,-21.8074798333333,0.0,0.0,0.0,true,30,0
1773234645000,64.1434333333333,-21.8074798333333,3.0,0.0,0.0,true,31,0
1773234648000,64.1434333333333,-21.8074798333333,3.0,0.0,0.0,true,32,0
1773234648000,64.1434333333333,-21.8074798333333,0.0,0.0,0.0,true,33,0
1773234651000,64.1434333333333,-21.8074798333333,3.0,0.0,0.0,true,34,0
1773234655000,64.1434333333333,-21.8074798333333,4.0,0.0,0.0,true,35,0
1773234658000,64.1434333333333,-21.8074798333333,3.0,0.0,0.0,true,36,0
1773234662000,64.1434333333333,-21.8074798333333,4.0,0.0,0.0,true,37,0
1773234664000,64.1434333333333,-21.8074798333333,2.0,0.0,0.0,true,38,0
1773234664000,64.1434333333333,-21.8074798333333,0.0,0.0,0.0,true,39,0
1773234668000,64.1434333333333,-21.8074798333333,4.0,0.0,0.0,true,40,0
1773234670000,64.1434333333333,-21.8074798333333,2.0,0.0,0.0,true,41,0
1773234674000,64.1434333333333,-21.8074798333333,4.0,0.0,0.0,true,42,0
1773234674000,64.1434333333333,-21.8074798333333,0.0,0.0,0.0,true,43,0
1773234674000,64.1434333333333,-21.8074798333333,0.0,0.0,0.0,true,44,0
1773234678000,64.1434333333333,-21.8074798333333,4.0,0.0,0.0,true,45,0
1773234678000,64.1434333333333,-21.8074798333333,0.0,0.0,0.0,true,46,0
1773234678000,64.1434333333333,-21.8074798333333,0.0,0.0,0.0,true,47,0
1773234683000,64.1434333333333,-21.8074798333333,5.0,0.0,0.0,true,48,0
1773234683000,64.1434333333333,-21.8074798333333,0.0,0.0,0.0,true,49,0
1773234687000,64.1434333333333,-21.8074798333333,4.0,0.0,0.0,true,50,0
1773234689000,64.1434333333333,-21.8074798333333,2.0,0.0,0.0,true,51,0
1773234693000,64.1434333333333,-21.8074798333333,4.0,0.0,0.0,true,52,0
1773234695000,64.1434333333333,-21.8074798333333,2.0,0.0,0.0,true,53,0
1773234695000,64.1434333333333,-21.8074798333333,0.0,0.0,0.0,true,54,0
1773234699000,64.1434333333333,-21.8074798333333,4.0,0.0,0.0,true,55,0
1773234702000,64.1434333333333,-21.8074798333333,3.0,0.0,0.0,true,56,0
1773234702000,64.1434333333333,-21.8074798333333,0.0,0.0,0.0,true,57,0
1773234704000,64.1433278833333,-21.8074866666667,2.0,11.7,21.1,false,57,121.0
1773234706000,64.1433278833333,-21.8074866666667,2.0,0.0,0.0,true,1,0
1773234706000,64.1433278833333,-21.8074866666667,0.0,0.0,0.0,true,2,0
1773234706000,64.1433278833333,-21.8074866666667,0.0,0.0,0.0,true,3,0
1773234706000,64.1433278833333,-21.8074866666667,0.0,0.0,0.0,true,4,0
1773234713000,64.1433278833333,-21.8074866666667,7.0,0.0,0.0,true,5,0
1773234718000,64.1433278833333,-21.8074866666667,5.0,0.0,0.0,true,6,0
1773234718000,64.1433278833333,-21.8074866666667,0.0,0.0,0.0,true,7,0
1773234720000,64.1433278833333,-21.8074866666667,2.0,0.0,0.0,true,8,0
1773234722000,64.1433278833333,-21.8074866666667,2.0,0.0,0.0,true,9,0
1773234722000,64.1433278833333,-21.8074866666667,0.0,0.0,0.0,true,10,0
1773234726000,64.1433278833333,-21.8074866666667,4.0,0.0,0.0,true,11,0
1773234726000,64.1433278833333,-21.8074866666667,0.0,0.0,0.0,true,12,0
1773234728000,64.1433278833333,-21.8074866666667,2.0,0.0,0.0,true,13,0
1773234728000,64.1433278833333,-21.8074866666667,0.0,0.0,0.0,true,14,0
1773234732000,64.1433278833333,-21.8074866666667,4.0,0.0,0.0,true,15,0
1773234738000,64.1433278833333,-21.8074866666667,6.0,0.0,0.0,true,16,0
1773234738000,64.1433278833333,-21.8074866666667,0.0,0.0,0.0,true,17,0
1773234738000,64.1433278833333,-21.8074866666667,0.0,0.0,0.0,true,18,0
1773234738000,64.1433278833333,-21.8074866666667,0.0,0.0,0.0,true,19,0
1773234743000,64.1433278833333,-21.8074866666667,5.0,0.0,0.0,true,20,0
1773234745000,64.1433278833333,-21.8074866666667,2.0,0.0,0.0,true,21,0
1773234749000,64.1433278833333,-21.8074866666667,4.0,0.0,0.0,true,22,0
1773234751000,64.1433278833333,-21.8074866666667,2.0,0.0,0.0,true,23,0
1773234751000,64.1433278833333,-21.8074866666667,0.0,0.0,0.0,true,24,0
1773234753000,64.1433278833333,-21.8074866666667,2.0,0.0,0.0,true,25,0
1773234753000,64.1433278833333,-21.8074866666667,0.0,0.0,0.0,true,26,0
1773234756000,64.1433278833333,-21.8074866666667,3.0,0.0,0.0,true,27,0
1773234760000,64.1433278833333,-21.8074866666667,4.0,0.0,0.0,true,28,0
1773234760000,64.1433278833333,-21.8074866666667,0.0,0.0,0.0,true,29,0
1773234762000,64.1433278833333,-21.8074866666667,2.0,0.0,0.0,true,30,0
1773234764000,64.1433278833333,-21.8074866666667,2.0,0.0,0.0,true,31,0
1773234764000,64.1433278833333,-21.8074866666667,0.0,0.0,0.0,true,32,0
1773234770000,64.1433278833333,-21.8074866666667,6.0,0.0,0.0,true,33,0
1773234770000,64.1433278833333,-21.8074866666667,0.0,0.0,0.0,true,34,0
1773234774000,64.1433278833333,-21.8074866666667,4.0,0.0,0.0,true,35,0
1773234774000,64.1433278833333,-21.8074866666667,0.0,0.0,0.0,true,36,0
1773234774000,64.1433278833333,-21.8074866666667,0.0,0.0,0.0,true,37,0
1773234779000,64.1433278833333,-21.8074866666667,5.0,0.0,0.0,true,38,0
1773234781000,64.1433278833333,-21.8074866666667,2.0,0.0,0.0,true,39,0
1773234785000,64.1433278833333,-21.8074866666667,4.0,0.0,0.0,true,40,0
1773234785000,64.1433278833333,-21.8074866666667,0.0,0.0,0.0,true,41,0
1773234787000,64.1433278833333,-21.8074866666667,2.0,0.0,0.0,true,42,0
1773234789000,64.1433278833333,-21.8074866666667,2.0,0.0,0.0,true,43,0
1773234792000,64.14454905,-21.8066038333333,3.0,142.4,170.9,false,43,88.0
1773234794000,64.14454905,-21.8066038333333,2.0,0.0,0.0,true,1,0
1773234794000,64.14454905,-21.8066038333333,0.0,0.0,0.0,true,2,0
1773234798000,64.14454905,-21.8066038333333,4.0,0.0,0.0,true,3,0
1773234800000,64.14454905,-21.8066038333333,2.0,0.0,0.0,true,4,0
1773234800000,64.14454905,-21.8066038333333,0.0,0.0,0.0,true,5,0
1773234804000,64.14454905,-21.8066038333333,4.0,0.0,0.0,true,6,0
1773234804000,64.14454905,-21.8066038333333,0.0,0.0,0.0,true,7,0
1773234806000,64.14454905,-21.8066038333333,2.0,0.0,0.0,true,8,0
1773234810000,64.14454905,-21.8066038333333,4.0,0.0,0.0,true,9,0
1773234810000,64.14454905,-21.8066038333333,0.0,0.0,0.0,true,10,0
1773234812000,64.14454905,-21.8066038333333,2.0,0.0,0.0,true,11,0
1773234817000,64.14454905,-21.8066038333333,5.0,0.0,0.0,true,12,0
1773234817000,64.14454905,-21.8066038333333,0.0,0.0,0.0,true,13,0
1773234819000,64.14454905,-21.8066038333333,2.0,0.0,0.0,true,14,0
1773234823000,64.14454905,-21.8066038333333,4.0,0.0,0.0,true,15,0
1773234823000,64.14454905,-21.8066038333333,0.0,0.0,0.0,true,16,0
1773234825000,64.14454905,-21.8066038333333,2.0,0.0,0.0,true,17,0
1773234825000,64.14454905,-21.8066038333333,0.0,0.0,0.0,true,18,0
1773234829000,64.14454905,-21.8066038333333,4.0,0.0,0.0,true,19,0
1773234831000,64.14454905,-21.8066038333333,2.0,0.0,0.0,true,20,0
1773234831000,64.14454905,-21.8066038333333,0.0,0.0,0.0,true,21,0
1773234833000,64.14454905,-21.8066038333333,2.0,0.0,0.0,true,22,0
1773234835000,64.14454905,-21.8066038333333,2.0,0.0,0.0,true,23,0
1773234838000,64.14454905,-21.8066038333333,3.0,0.0,0.0,true,24,0
1773234838000,64.14454905,-21.8066038333333,0.0,0.0,0.0,true,25,0
1773234843000,64.14454905,-21.8066038333333,5.0,0.0,0.0,true,26,0
1773234843000,64.14454905,-21.8066038333333,0.0,0.0,0.0,true,27,0
1773234848000,64.14454905,-21.8066038333333,5.0,0.0,0.0,true,28,0
1773234850000,64.14454905,-21.8066038333333,2.0,0.0,0.0,true,29,0
1773234850000,64.14454905,-21.8066038333333,0.0,0.0,0.0,true,30,0
1773234853000,64.14454905,-21.8066038333333,3.0,0.0,0.0,true,31,0
1773234853000,64.14454905,-21.8066038333333,0.0,0.0,0.0,true,32,0
1773234856000,64.14454905,-21.8066038333333,3.0,0.0,0.0,true,33,0
1773234859000,64.14454905,-21.8066038333333,3.0,0.0,0.0,true,34,0
1773234861000,64.14454905,-21.8066038333333,2.0,0.0,0.0,true,35,0
1773234861000,64.14454905,-21.8066038333333,0.0,0.0,0.0,true,36,0
1773234865000,64.14454905,-21.8066038333333,4.0,0.0,0.0,true,37,0
1773234865000,64.14454905,-21.8066038333333,0.0,0.0,0.0,true,38,0
1773234870000,64.14454905,-21.8066038333333,5.0,0.0,0.0,true,39,0
1773234870000,64.14454905,-21.8066038333333,0.0,0.0,0.0,true,40,0
1773234874000,64.14454905,-21.8066038333333,4.0,0.0,0.0,true,41,0
1773234876000,64.14454905,-21.8066038333333,2.0,0.0,0.0,true,42,0
1773234876000,64.14454905,-21.8066038333333,0.0,0.0,0.0,true,43,0
1773234876000,64.14454905,-21.8066038333333,0.0,0.0,0.0,true,44,0
1773234879000,64.14454905,-21.8066038333333,3.0,0.0,0.0,true,45,0
1773234885000,64.14454905,-21.8066038333333,6.0,0.0,0.0,true,46,0
1773234885000,64.14454905,-21.8066038333333,0.0,0.0,0.0,true,47,0
1773234894000,64.1376348666667,-21.8082791666667,9.0,773.1,309.2,false,47,102.0
1773234894000,64.1376348666667,-21.8082791666667,0.0,0.0,0.0,true,1,0
1773234896000,64.1376348666667,-21.8082791666667,2.0,0.0,0.0,true,2,0
1773234898000,64.1376348666667,-21.8082791666667,2.0,0.0,0.0,true,3,0
1773234900000,64.1376348666667,-21.8082791666667,2.0,0.0,0.0,true,4,0
1773234905000,64.1376348666667,-21.8082791666667,5.0,0.0,0.0,true,5,0
1773234905000,64.1376348666667,-21.8082791666667,0.0,0.0,0.0,true,6,0
1773234907000,64.1376348666667,-21.8082791666667,2.0,0.0,0.0,true,7,0
1773234911000,64.1376348666667,-21.8082791666667,4.0,0.0,0.0,true,8,0
1773234911000,64.1376348666667,-21.8082791666667,0.0,0.0,0.0,true,9,0
1773234913000,64.1376348666667,-21.8082791666667,2.0,0.0,0.0,true,10,0
1773234913000,64.1376348666667,-21.8082791666667,0.0,0.0,0.0,true,11,0
1773234919000,64.1376348666667,-21.8082791666667,6.0,0.0,0.0,true,12,0
1773234919000,64.1376348666667,-21.8082791666667,0.0,0.0,0.0,true,13,0
1773234921000,64.1376348666667,-21.8082791666667,2.0,0.0,0.0,true,14,0
1773234925000,64.1383774833333,-21.8080515,4.0,83.3,75.0,false,14,31.0
1773234925000,64.1383774833333,-21.8080515,0.0,0.0,0.0,true,1,0
1773234925000,64.1383774833333,-21.8080515,0.0,0.0,0.0,true,2,0
1773234928000,64.1383774833333,-21.8080515,3.0,0.0,0.0,true,3,0
1773234930000,64.1383774833333,-21.8080515,2.0,0.0,0.0,true,4,0
1773234935000,64.1383774833333,-21.8080515,5.0,0.0,0.0,true,5,0
1773234937000,64.1383774833333,-21.8080515,2.0,0.0,0.0,true,6,0
1773234937000,64.1383774833333,-21.8080515,0.0,0.0,0.0,true,7,0
1773234939000,64.1383774833333,-21.8080515,2.0,0.0,0.0,true,8,0
1773234941000,64.1383774833333,-21.8080515,2.0,0.0,0.0,true,9,0
1773234945000,64.1383774833333,-21.8080515,4.0,0.0,0.0,true,10,0
1773234945000,64.1383774833333,-21.8080515,0.0,0.0,0.0,true,11,0
1773234949000,64.1396351666667,-21.8116035,4.0,221.9,199.7,false,11,24.0
1773234949000,64.1396351666667,-21.8116035,0.0,0.0,0.0,true,1,0
1773234951000,64.1396351666667,-21.8116035,2.0,0.0,0.0,true,2,0
1773234954000,64.1396351666667,-21.8116035,3.0,0.0,0.0,true,3,0
1773234956000,64.1396351666667,-21.8116035,2.0,0.0,0.0,true,4,0
1773234956000,64.1396351666667,-21.8116035,0.0,0.0,0.0,true,5,0
1773234958000,64.1396351666667,-21.8116035,2.0,0.0,0.0,true,6,0
1773234958000,64.1396351666667,-21.8116035,0.0,0.0,0.0,true,7,0
1773234964000,64.1396351666667,-21.8116035,6.0,0.0,0.0,true,8,0
1773234964000,64.1396351666667,-21.8116035,0.0,0.0,0.0,true,9,0
1773234968000,64.1396351666667,-21.8116035,4.0,0.0,0.0,true,10,0
1773234970000,64.1396351666667,-21.8116035,2.0,0.0,0.0,true,11,0
1773234970000,64.1396351666667,-21.8116035,0.0,0.0,0.0,true,12,0
1773234973000,64.1396351666667,-21.8116035,3.0,0.0,0.0,true,13,0
1773234975000,64.1396351666667,-21.8116035,2.0,0.0,0.0,true,14,0
1773234975000,64.1396351666667,-21.8116035,0.0,0.0,0.0,true,15,0
1773234979000,64.1396351666667,-21.8116035,4.0,0.0,0.0,true,16,0
1773234981000,64.1396351666667,-21.8116035,2.0,0.0,0.0,true,17,0
1773234983000,64.14069195,-21.8168163333333,2.0,278.8,501.8,false,17,34.0
1773234985000,64.14069195,-21.8168163333333,2.0,0.0,0.0,true,1,0
1773234990000,64.14069195,-21.8168163333333,5.0,0.0,0.0,true,2,0
1773234992000,64.14069195,-21.8168163333333,2.0,0.0,0.0,true,3,0
1773234992000,64.14069195,-21.8168163333333,0.0,0.0,0.0,true,4,0
1773234994000,64.14069195,-21.8168163333333,2.0,0.0,0.0,true,5,0
1773234994000,64.14069195,-21.8168163333333,0.0,0.0,0.0,true,6,0
1773234998000,64.14069195,-21.8168163333333,4.0,0.0,0.0,true,7,0
1773235004000,64.1395227333333,-21.8181565,6.0,145.4,87.2,false,7,21.0
1773235004000,64.1395227333333,-21.8181565,0.0,0.0,0.0,true,1,0
1773235006000,64.1395227333333,-21.8181565,2.0,0.0,0.0,true,2,0
1773235008000,64.1395227333333,-21.8181565,2.0,0.0,0.0,true,3,0
1773235008000,64.1395227333333,-21.8181565,0.0,0.0,0.0,true,4,0
1773235010000,64.1395227333333,-21.8181565,2.0,0.0,0.0,true,5,0
1773235015000,64.1395227333333,-21.8181565,5.0,0.0,0.0,true,6,0
1773235015000,64.1395227333333,-21.8181565,0.0,0.0,0.0,true,7,0
1773235017000,64.1395227333333,-21.8181565,2.0,0.0,0.0,true,8,0
1773235022000,64.1383999833333,-21.8166131666667,5.0,145.6,104.8,false,8,18.0
1773235022000,64.1383999833333,-21.8166131666667,0.0,0.0,0.0,true,1,0
1773235024000,64.1383999833333,-21.8166131666667,2.0,0.0,0.0,true,2,0
1773235024000,64.1383999833333,-21.8166131666667,0.0,0.0,0.0,true,3,0
1773235028000,64.1383999833333,-21.8166131666667,4.0,0.0,0.0,true,4,0
1773235030000,64.1383999833333,-21.8166131666667,2.0,0.0,0.0,true,5,0
1773235030000,64.1383999833333,-21.8166131666667,0.0,0.0,0.0,true,6,0
1773235032000,64.1383999833333,-21.8166131666667,2.0,0.0,0.0,true,7,0
1773235035000,64.1383999833333,-21.8166131666667,3.0,0.0,0.0,true,8,0
1773235035000,64.1383999833333,-21.8166131666667,0.0,0.0,0.0,true,9,0
1773235039000,64.1383999833333,-21.8166131666667,4.0,0.0,0.0,true,10,0
1773235039000,64.1383999833333,-21.8166131666667,0.0,0.0,0.0,true,11,0
1773235045000,64.1383999833333,-21.8166131666667,6.0,0.0,0.0,true,12,0
1773235047000,64.1369882166667,-21.8127956666667,2.0,242.8,437.0,false,12,25.0
1773235047000,64.1369882166667,-21.8127956666667,0.0,0.0,0.0,true,1,0
1773235049000,64.1369882166667,-21.8127956666667,2.0,0.0,0.0,true,2,0
1773235051000,64.1369882166667,-21.8127956666667,2.0,0.0,0.0,true,3,0
1773235051000,64.1369882166667,-21.8127956666667,0.0,0.0,0.0,true,4,0
1773235056000,64.1369882166667,-21.8127956666667,5.0,0.0,0.0,true,5,0
1773235058000,64.1369882166667,-21.8127956666667,2.0,0.0,0.0,true,6,0
1773235058000,64.1369882166667,-21.8127956666667,0.0,0.0,0.0,true,7,0
1773235060000,64.1369882166667,-21.8127956666667,2.0,0.0,0.0,true,8,0
1773235066000,64.1368721,-21.8106431666667,6.0,105.2,63.1,false,8,19.0
1773235066000,64.1368721,-21.8106431666667,0.0,0.0,0.0,true,1,0
1773235070000,64.1368721,-21.8106431666667,4.0,0.0,0.0,true,2,0
1773235070000,64.1368721,-21.8106431666667,0.0,0.0,0.0,true,3,0
1773235072000,64.1368721,-21.8106431666667,2.0,0.0,0.0,true,4,0
1773235075000,64.1368721,-21.8106431666667,3.0,0.0,0.0,true,5,0
1773235077000,64.1368721,-21.8106431666667,2.0,0.0,0.0,true,6,0
1773235077000,64.1368721,-21.8106431666667,0.0,0.0,0.0,true,7,0
1773235079000,64.1368721,-21.8106431666667,2.0,0.0,0.0,true,8,0
1773235079000,64.1368721,-21.8106431666667,0.0,0.0,0.0,true,9,0
1773235083000,64.1368721,-21.8106431666667,4.0,0.0,0.0,true,10,0
1773235086000,64.1368721,-21.8106431666667,3.0,0.0,0.0,true,11,0
1773235086000,64.1368721,-21.8106431666667,0.0,0.0,0.0,true,12,0
1773235088000,64.1368721,-21.8106431666667,2.0,0.0,0.0,true,13,0
1773235090000,64.1368721,-21.8106431666667,2.0,0.0,0.0,true,14,0
1773235090000,64.1368721,-21.8106431666667,0.0,0.0,0.0,true,15,0
1773235092000,64.1368721,-21.8106431666667,2.0,0.0,0.0,true,16,0
1773235099000,64.1368721,-21.8106431666667,7.0,0.0,0.0,true,17,0
1773235099000,64.1368721,-21.8106431666667,0.0,0.0,0.0,true,18,0
1773235103000,64.1368721,-21.8106431666667,4.0,0.0,0.0,true,19,0
1773235103000,64.1368721,-21.8106431666667,0.0,0.0,0.0,true,20,0
1773235105000,64.1368721,-21.8106431666667,2.0,0.0,0.0,true,21,0
1773235109000,64.1368721,-21.8106431666667,4.0,0.0,0.0,true,22,0
1773235109000,64.1368721,-21.8106431666667,0.0,0.0,0.0,true,23,0
1773235111000,64.1368721,-21.8106431666667,2.0,0.0,0.0,true,24,0
1773235113000,64.1368721,-21.8106431666667,2.0,0.0,0.0,true,25,0
1773235117000,64.1365451166667,-21.8070908333333,4.0,176.1,158.5,false,25,51.0
1773235120000,64.1365451166667,-21.8070908333333,3.0,0.0,0.0,true,1,0
1773235120000,64.1365451166667,-21.8070908333333,0.0,0.0,0.0,true,2,0
1773235124000,64.1365451166667,-21.8070908333333,4.0,0.0,0.0,true,3,0
1773235126000,64.1365451166667,-21.8070908333333,2.0,0.0,0.0,true,4,0
1773235126000,64.1365451166667,-21.8070908333333,0.0,0.0,0.0,true,5,0
1773235128000,64.1365451166667,-21.8070908333333,2.0,0.0,0.0,true,6,0
1773235132000,64.1365451166667,-21.8070908333333,4.0,0.0,0.0,true,7,0
1773235132000,64.1365451166667,-21.8070908333333,0.0,0.0,0.0,true,8,0
1773235137000,64.1365451166667,-21.8070908333333,5.0,0.0,0.0,true,9,0
1773235137000,64.1365451166667,-21.8070908333333,0.0,0.0,0.0,true,10,0
1773235139000,64.1365451166667,-21.8070908333333,2.0,0.0,0.0,true,11,0
1773235142000,64.1365451166667,-21.8070908333333,3.0,0.0,0.0,true,12,0
1773235142000,64.1365451166667,-21.8070908333333,0.0,0.0,0.0,true,13,0
1773235144000,64.1365451166667,-21.8070908333333,2.0,0.0,0.0,true,14,0
1773235148000,64.1365451166667,-21.8070908333333,4.0,0.0,0.0,true,15,0
1773235148000,64.1365451166667,-21.8070908333333,0.0,0.0,0.0,true,16,0
1773235152000,64.1365451166667,-21.8070908333333,4.0,0.0,0.0,true,17,0
1773235152000,64.1365451166667,-21.8070908333333,0.0,0.0,0.0,true,18,0
1773235154000,64.1365451166667,-21.8070908333333,2.0,0.0,0.0,true,19,0
1773235158000,64.135703,-21.8019705,4.0,265.4,238.9,false,19,41.0
1773235161000,64.135703,-21.8019705,3.0,0.0,0.0,true,1,0
1773235161000,64.135703,-21.8019705,0.0,0.0,0.0,true,2,0
1773235164000,64.135703,-21.8019705,3.0,0.0,0.0,true,3,0
1773235164000,64.135703,-21.8019705,0.0,0.0,0.0,true,4,0
1773235167000,64.135703,-21.8019705,3.0,0.0,0.0,true,5,0
1773235169000,64.135703,-21.8019705,2.0,0.0,0.0,true,6,0
1773235169000,64.135703,-21.8019705,0.0,0.0,0.0,true,7,0
1773235174000,64.135703,-21.8019705,5.0,0.0,0.0,true,8,0
1773235176000,64.135703,-21.8019705,2.0,0.0,0.0,true,9,0
1773235176000,64.135703,-21.8019705,0.0,0.0,0.0,true,10,0
1773235180000,64.135703,-21.8019705,4.0,0.0,0.0,true,11,0
1773235182000,64.135703,-21.8019705,2.0,0.0,0.0,true,12,0
1773235182000,64.135703,-21.8019705,0.0,0.0,0.0,true,13,0
1773235188000,64.13471465,-21.7977611666667,6.0,231.9,139.1,false,13,30.0
1773235188000,64.13471465,-21.7977611666667,0.0,0.0,0.0,true,1,0
1773235188000,64.13471465,-21.7977611666667,0.0,0.0,0.0,true,2,0
1773235193000,64.13471465,-21.7977611666667,5.0,0.0,0.0,true,3,0
1773235193000,64.13471465,-21.7977611666667,0.0,0.0,0.0,true,4,0
1773235195000,64.13471465,-21.7977611666667,2.0,0.0,0.0,true,5,0
1773235197000,64.13471465,-21.7977611666667,2.0,0.0,0.0,true,6,0
1773235197000,64.13471465,-21.7977611666667,0.0,0.0,0.0,true,7,0
1773235201000,64.13471465,-21.7977611666667,4.0,0.0,0.0,true,8,0
1773235201000,64.13471465,-21.7977611666667,0.0,0.0,0.0,true,9,0
1773235205000,64.13471465,-21.7977611666667,4.0,0.0,0.0,true,10,0
1773235209000,64.13471465,-21.7977611666667,4.0,0.0,0.0,true,11,0
1773235209000,64.13471465,-21.7977611666667,0.0,0.0,0.0,true,12,0
1773235212000,64.13471465,-21.7977611666667,3.0,0.0,0.0,true,13,0
1773235214000,64.13471465,-21.7977611666667,2.0,0.0,0.0,true,14,0
1773235214000,64.13471465,-21.7977611666667,0.0,0.0,0.0,true,15,0
1773235219000,64.13471465,-21.7977611666667,5.0,0.0,0.0,true,16,0
1773235221000,64.13471465,-21.7977611666667,2.0,0.0,0.0,true,17,0
1773235221000,64.13471465,-21.7977611666667,0.0,0.0,0.0,true,18,0
1773235223000,64.13471465,-21.7977611666667,2.0,0.0,0.0,true,19,0
1773235227000,64.13471465,-21.7977611666667,4.0,0.0,0.0,true,20,0
1773235227000,64.13471465,-21.7977611666667,0.0,0.0,0.0,true,21,0
1773235229000,64.13471465,-21.7977611666667,2.0,0.0,0.0,true,22,0
1773235229000,64.13471465,-21.7977611666667,0.0,0.0,0.0,true,23,0
1773235234000,64.13471465,-21.7977611666667,5.0,0.0,0.0,true,24,0
1773235236000,64.1353343666667,-21.793205,2.0,231.5,416.7,false,24,48.0
1773235236000,64.1353343666667,-21.793205,0.0,0.0,0.0,true,1,0
1773235241000,64.1353343666667,-21.793205,5.0,0.0,0.0,true,2,0
1773235241000,64.1353343666667,-21.793205,0.0,0.0,0.0,true,3,0
1773235243000,64.1353343666667,-21.793205,2.0,0.0,0.0,true,4,0
1773235247000,64.1353343666667,-21.793205,4.0,0.0,0.0,true,5,0
1773235247000,64.1353343666667,-21.793205,0.0,0.0,0.0,true,6,0
1773235249000,64.1353343666667,-21.793205,2.0,0.0,0.0,true,7,0
1773235251000,64.1353343666667,-21.793205,2.0,0.0,0.0,true,8,0
1773235254000,64.1353343666667,-21.793205,3.0,0.0,0.0,true,9,0
1773235256000,64.1353343666667,-21.793205,2.0,0.0,0.0,true,10,0
1773235260000,64.1353343666667,-21.793205,4.0,0.0,0.0,true,11,0
1773235260000,64.1353343666667,-21.793205,0.0,0.0,0.0,true,12,0
1773235262000,64.1353343666667,-21.793205,2.0,0.0,0.0,true,13,0
1773235262000,64.1353343666667,-21.793205,0.0,0.0,0.0,true,14,0
1773235266000,64.1376758833333,-21.7911188333333,4.0,279.3,251.4,false,14,30.0
1773235268000,64.1376758833333,-21.7911188333333,2.0,0.0,0.0,true,1,0
1773235268000,64.1376758833333,-21.7911188333333,0.0,0.0,0.0,true,2,0
1773235272000,64.1376758833333,-21.7911188333333,4.0,0.0,0.0,true,3,0
1773235272000,64.1376758833333,-21.7911188333333,0.0,0.0,0.0,true,4,0
1773235276000,64.1376758833333,-21.7911188333333,4.0,0.0,0.0,true,5,0
1773235279000,64.1376758833333,-21.7911188333333,3.0,0.0,0.0,true,6,0
1773235279000,64.1376758833333,-21.7911188333333,0.0,0.0,0.0,true,7,0
1773235281000,64.1376758833333,-21.7911188333333,2.0,0.0,0.0,true,8,0
1773235285000,64.1391307833333,-21.7893261666667,4.0,183.7,165.3,false,8,19.0
1773235287000,64.1391307833333,-21.7893261666667,2.0,0.0,0.0,true,1,0
1773235287000,64.1391307833333,-21.7893261666667,0.0,0.0,0.0,true,2,0
1773235291000,64.1391307833333,-21.7893261666667,4.0,0.0,0.0,true,3,0
1773235291000,64.1391307833333,-21.7893261666667,0.0,0.0,0.0,true,4,0
1773235293000,64.1391307833333,-21.7893261666667,2.0,0.0,0.0,true,5,0
1773235293000,64.1391307833333,-21.7893261666667,0.0,0.0,0.0,true,6,0
1773235298000,64.1391307833333,-21.7893261666667,5.0,0.0,0.0,true,7,0
1773235298000,64.1391307833333,-21.7893261666667,0.0,0.0,0.0,true,8,0
1773235304000,64.1391307833333,-21.7893261666667,6.0,0.0,0.0,true,9,0
1773235304000,64.1391307833333,-21.7893261666667,0.0,0.0,0.0,true,10,0
1773235307000,64.1391307833333,-21.7893261666667,3.0,0.0,0.0,true,11,0
1773235307000,64.1391307833333,-21.7893261666667,0.0,0.0,0.0,true,12,0
1773235309000,64.1391307833333,-21.7893261666667,2.0,0.0,0.0,true,13,0
1773235311000,64.1393457666667,-21.7847566666667,2.0,222.9,401.2,false,13,26.0
1773235315000,64.1393457666667,-21.7847566666667,4.0,0.0,0.0,true,1,0
1773235315000,64.1393457666667,-21.7847566666667,0.0,0.0,0.0,true,2,0
1773235315000,64.1393457666667,-21.7847566666667,0.0,0.0,0.0,true,3,0
1773235319000,64.1393457666667,-21.7847566666667,4.0,0.0,0.0,true,4,0
1773235323000,64.1393457666667,-21.7847566666667,4.0,0.0,0.0,true,5,0
1773235326000,64.1393457666667,-21.7847566666667,3.0,0.0,0.0,true,6,0
1773235326000,64.1393457666667,-21.7847566666667,0.0,0.0,0.0,true,7,0
1773235326000,64.1393457666667,-21.7847566666667,0.0,0.0,0.0,true,8,0
1773235331000,64.1396550333333,-21.780571,5.0,205.9,148.2,false,8,20.0
1773235331000,64.1396550333333,-21.780571,0.0,0.0,0.0,true,1,0
1773235333000,64.1396550333333,-21.780571,2.0,0.0,0.0,true,2,0
1773235333000,64.1396550333333,-21.780571,0.0,0.0,0.0,true,3,0
1773235335000,64.1396550333333,-21.780571,2.0,0.0,0.0,true,4,0
1773235341000,64.1396550333333,-21.780571,6.0,0.0,0.0,true,5,0
1773235341000,64.1396550333333,-21.780571,0.0,0.0,0.0,true,6,0
1773235341000,64.1396550333333,-21.780571,0.0,0.0,0.0,true,7,0
1773235348000,64.1396550333333,-21.780571,7.0,0.0,0.0,true,8,0
1773235348000,64.1396550333333,-21.780571,0.0,0.0,0.0,true,9,0
1773235350000,64.1396550333333,-21.780571,2.0,0.0,0.0,true,10,0
1773235352000,64.1387055833333,-21.7767303333333,2.0,214.1,385.4,false,10,21.0
1773235352000,64.1387055833333,-21.7767303333333,0.0,0.0,0.0,true,1,0
1773235356000,64.1387055833333,-21.7767303333333,4.0,0.0,0.0,true,2,0
1773235356000,64.1387055833333,-21.7767303333333,0.0,0.0,0.0,true,3,0
1773235358000,64.1387055833333,-21.7767303333333,2.0,0.0,0.0,true,4,0
1773235364000,64.1387055833333,-21.7767303333333,6.0,0.0,0.0,true,5,0
1773235364000,64.1387055833333,-21.7767303333333,0.0,0.0,0.0,true,6,0
1773235364000,64.1387055833333,-21.7767303333333,0.0,0.0,0.0,true,7,0
1773235369000,64.1382405166667,-21.7741413333333,5.0,135.8,97.8,false,7,17.0
1773235369000,64.1382405166667,-21.7741413333333,0.0,0.0,0.0,true,1,0
1773235373000,64.1382405166667,-21.7741413333333,4.0,0.0,0.0,true,2,0
1773235375000,64.1382405166667,-21.7741413333333,2.0,0.0,0.0,true,3,0
1773235375000,64.1382405166667,-21.7741413333333,0.0,0.0,0.0,true,4,0
1773235377000,64.1382405166667,-21.7741413333333,2.0,0.0,0.0,true,5,0
1773235381000,64.1382405166667,-21.7741413333333,4.0,0.0,0.0,true,6,0
1773235381000,64.1382405166667,-21.7741413333333,0.0,0.0,0.0,true,7,0
1773235384000,64.1382405166667,-21.7741413333333,3.0,0.0,0.0,true,8,0
1773235384000,64.1382405166667,-21.7741413333333,0.0,0.0,0.0,true,9,0
1773235386000,64.1382405166667,-21.7741413333333,2.0,0.0,0.0,true,10,0
1773235390000,64.1382405166667,-21.7741413333333,4.0,0.0,0.0,true,11,0
1773235392000,64.1382405166667,-21.7741413333333,2.0,0.0,0.0,true,12,0
1773235392000,64.1382405166667,-21.7741413333333,0.0,0.0,0.0,true,13,0
1773235398000,64.1382405166667,-21.7741413333333,6.0,0.0,0.0,true,14,0
1773235401000,64.1382405166667,-21.7741413333333,3.0,0.0,0.0,true,15,0
1773235401000,64.1382405166667,-21.7741413333333,0.0,0.0,0.0,true,16,0
1773235401000,64.1382405166667,-21.7741413333333,0.0,0.0,0.0,true,17,0
1773235406000,64.1382405166667,-21.7741413333333,5.0,0.0,0.0,true,18,0
1773235406000,64.1382405166667,-21.7741413333333,0.0,0.0,0.0,true,19,0
1773235408000,64.1382405166667,-21.7741413333333,2.0,0.0,0.0,true,20,0
1773235408000,64.1382405166667,-21.7741413333333,0.0,0.0,0.0,true,21,0
1773235410000,64.1382405166667,-21.7741413333333,2.0,0.0,0.0,true,22,0
1773235414000,64.1382405166667,-21.7741413333333,4.0,0.0,0.0,true,23,0
1773235414000,64.1382405166667,-21.7741413333333,0.0,0.0,0.0,true,24,0
1773235419000,64.1382405166667,-21.7741413333333,5.0,0.0,0.0,true,25,0
1773235419000,64.1382405166667,-21.7741413333333,0.0,0.0,0.0,true,26,0
1773235423000,64.1393247,-21.7719686666667,4.0,160.1,144.1,false,26,54.0
1773235423000,64.1393247,-21.7719686666667,0.0,0.0,0.0,true,1,0
1773235428000,64.1393247,-21.7719686666667,5.0,0.0,0.0,true,2,0
1773235428000,64.1393247,-21.7719686666667,0.0,0.0,0.0,true,3,0
1773235430000,64.1393247,-21.7719686666667,2.0,0.0,0.0,true,4,0
1773235430000,64.1393247,-21.7719686666667,0.0,0.0,0.0,true,5,0
1773235432000,64.1393247,-21.7719686666667,2.0,0.0,0.0,true,6,0
1773235432000,64.1393247,-21.7719686666667,0.0,0.0,0.0,true,7,0
1773235440000,64.1393247,-21.7719686666667,8.0,0.0,0.0,true,8,0
1773235442000,64.1393247,-21.7719686666667,2.0,0.0,0.0,true,9,0
1773235442000,64.1393247,-21.7719686666667,0.0,0.0,0.0,true,10,0
1773235442000,64.1393247,-21.7719686666667,0.0,0.0,0.0,true,11,0
1773235446000,64.1393247,-21.7719686666667,4.0,0.0,0.0,true,12,0
1773235448000,64.1393247,-21.7719686666667,2.0,0.0,0.0,true,13,0
1773235448000,64.1393247,-21.7719686666667,0.0,0.0,0.0,true,14,0
1773235453000,64.1393247,-21.7719686666667,5.0,0.0,0.0,true,15,0
1773235455000,64.1393247,-21.7719686666667,2.0,0.0,0.0,true,16,0
1773235458000,64.1393247,-21.7719686666667,3.0,0.0,0.0,true,17,0
1773235458000,64.1393247,-21.7719686666667,0.0,0.0,0.0,true,18,0
1773235464000,64.1393247,-21.7719686666667,6.0,0.0,0.0,true,19,0
1773235464000,64.1393247,-21.7719686666667,0.0,0.0,0.0,true,20,0
1773235469000,64.1449383,-21.7740921666667,5.0,632.6,455.5,false,20,46.0
1773235471000,64.1449383,-21.7740921666667,2.0,0.0,0.0,true,1,0
1773235471000,64.1449383,-21.7740921666667,0.0,0.0,0.0,true,2,0
1773235471000,64.1449383,-21.7740921666667,0.0,0.0,0.0,true,3,0
1773235477000,64.1449383,-21.7740921666667,6.0,0.0,0.0,true,4,0
1773235477000,64.1449383,-21.7740921666667,0.0,0.0,0.0,true,5,0
1773235479000,64.1449383,-21.7740921666667,2.0,0.0,0.0,true,6,0
1773235483000,64.1449383,-21.7740921666667,4.0,0.0,0.0,true,7,0
1773235483000,64.1449383,-21.7740921666667,0.0,0.0,0.0,true,8,0
1773235485000,64.1449383,-21.7740921666667,2.0,0.0,0.0,true,9,0
1773235488000,64.1449383,-21.7740921666667,3.0,0.0,0.0,true,10,0
1773235488000,64.1449383,-21.7740921666667,0.0,0.0,0.0,true,11,0
1773235490000,64.1449383,-21.7740921666667,2.0,0.0,0.0,true,12,0
1773235494000,64.1449383,-21.7740921666667,4.0,0.0,0.0,true,13,0
1773235494000,64.1449383,-21.7740921666667,0.0,0.0,0.0,true,14,0
1773235494000,64.1449383,-21.7740921666667,0.0,0.0,0.0,true,15,0
1773235499000,64.1449383,-21.7740921666667,5.0,0.0,0.0,true,16,0
1773235501000,64.1449383,-21.7740921666667,2.0,0.0,0.0,true,17,0
1773235505000,64.1449383,-21.7740921666667,4.0,0.0,0.0,true,18,0
1773235508000,64.1449383,-21.7740921666667,3.0,0.0,0.0,true,19,0
1773235508000,64.1449383,-21.7740921666667,0.0,0.0,0.0,true,20,0
1773235510000,64.1449383,-21.7740921666667,2.0,0.0,0.0,true,21,0
1773235510000,64.1449383,-21.7740921666667,0.0,0.0,0.0,true,22,0
1773235514000,64.14638755,-21.7708735,4.0,224.3,201.9,false,22,45.0
1773235516000,64.14638755,-21.7708735,2.0,0.0,0.0,true,1,0
1773235516000,64.14638755,-21.7708735,0.0,0.0,0.0,true,2,0
1773235519000,64.14638755,-21.7708735,3.0,0.0,0.0,true,3,0
1773235523000,64.14638755,-21.7708735,4.0,0.0,0.0,true,4,0
1773235523000,64.14638755,-21.7708735,0.0,0.0,0.0,true,5,0
1773235525000,64.14638755,-21.7708735,2.0,0.0,0.0,true,6,0
1773235529000,64.14638755,-21.7708735,4.0,0.0,0.0,true,7,0
1773235529000,64.14638755,-21.7708735,0.0,0.0,0.0,true,8,0
1773235531000,64.14638755,-21.7708735,2.0,0.0,0.0,true,9,0
1773235535000,64.14638755,-21.7708735,4.0,0.0,0.0,true,10,0
1773235535000,64.14638755,-21.7708735,0.0,0.0,0.0,true,11,0
1773235538000,64.14638755,-21.7708735,3.0,0.0,0.0,true,12,0
1773235540000,64.14638755,-21.7708735,2.0,0.0,0.0,true,13,0
1773235540000,64.14638755,-21.7708735,0.0,0.0,0.0,true,14,0
1773235543000,64.14638755,-21.7708735,3.0,0.0,0.0,true,15,0
1773235543000,64.14638755,-21.7708735,0.0,0.0,0.0,true,16,0
1773235545000,64.14638755,-21.7708735,2.0,0.0,0.0,true,17,0
1773235551000,64.14638755,-21.7708735,6.0,0.0,0.0,true,18,0
1773235551000,64.14638755,-21.7708735,0.0,0.0,0.0,true,19,0
1773235555000,64.14638755,-21.7708735,4.0,0.0,0.0,true,20,0
1773235555000,64.14638755,-21.7708735,0.0,0.0,0.0,true,21,0
1773235561000,64.14638755,-21.7708735,6.0,0.0,0.0,true,22,0
1773235561000,64.14638755,-21.7708735,0.0,0.0,0.0,true,23,0
1773235563000,64.14638755,-21.7708735,2.0,0.0,0.0,true,24,0
1773235563000,64.14638755,-21.7708735,0.0,0.0,0.0,true,25,0
1773235565000,64.14638755,-21.7708735,2.0,0.0,0.0,true,26,0
1773235565000,64.14638755,-21.7708735,0.0,0.0,0.0,true,27,0
1773235569000,64.14638755,-21.7708735,4.0,0.0,0.0,true,28,0
1773235573000,64.14638755,-21.7708735,4.0,0.0,0.0,true,29,0
1773235573000,64.14638755,-21.7708735,0.0,0.0,0.0,true,30,0
1773235575000,64.14638755,-21.7708735,2.0,0.0,0.0,true,31,0
1773235577000,64.14638755,-21.7708735,2.0,0.0,0.0,true,32,0
1773235577000,64.14638755,-21.7708735,0.0,0.0,0.0,true,33,0
1773235581000,64.14638755,-21.7708735,4.0,0.0,0.0,true,34,0
1773235584000,64.14638755,-21.7708735,3.0,0.0,0.0,true,35,0
1773235584000,64.14638755,-21.7708735,0.0,0.0,0.0,true,36,0
1773235589000,64.14638755,-21.7708735,5.0,0.0,0.0,true,37,0
1773235591000,64.14638755,-21.7708735,2.0,0.0,0.0,true,38,0
1773235597000,64.14638755,-21.7708735,6.0,0.0,0.0,true,39,0
1773235597000,64.14638755,-21.7708735,0.0,0.0,0.0,true,40,0
1773235601000,64.14638755,-21.7708735,4.0,0.0,0.0,true,41,0
1773235604000,64.14638755,-21.7708735,3.0,0.0,0.0,true,42,0
1773235604000,64.14638755,-21.7708735,0.0,0.0,0.0,true,43,0
1773235606000,64.14638755,-21.7708735,2.0,0.0,0.0,true,44,0
1773235608000,64.14638755,-21.7708735,2.0,0.0,0.0,true,45,0
1773235608000,64.14638755,-21.7708735,0.0,0.0,0.0,true,46,0
1773235611000,64.14638755,-21.7708735,3.0,0.0,0.0,true,47,0
1773235611000,64.14638755,-21.7708735,0.0,0.0,0.0,true,48,0
1773235614000,64.14638755,-21.7708735,3.0,0.0,0.0,true,49,0
1773235619000,64.14638755,-21.7708735,5.0,0.0,0.0,true,50,0
1773235619000,64.14638755,-21.7708735,0.0,0.0,0.0,true,51,0
1773235623000,64.14638755,-21.7708735,4.0,0.0,0.0,true,52,0
1773235625000,64.14638755,-21.7708735,2.0,0.0,0.0,true,53,0
1773235625000,64.14638755,-21.7708735,0.0,0.0,0.0,true,54,0
1773235629000,64.14638755,-21.7708735,4.0,0.0,0.0,true,55,0
1773235631000,64.14638755,-21.7708735,2.0,0.0,0.0,true,56,0
1773235631000,64.14638755,-21.7708735,0.0,0.0,0.0,true,57,0
1773235633000,64.14638755,-21.7708735,2.0,0.0,0.0,true,58,0
1773235633000,64.14638755,-21.7708735,0.0,0.0,0.0,true,59,0
1773235635000,64.1450659166667,-21.7714675,2.0,149.8,269.6,false,59,121.0
1773235640000,64.1450659166667,-21.7714675,5.0,0.0,0.0,true,1,0
1773235642000,64.1450659166667,-21.7714675,2.0,0.0,0.0,true,2,0
1773235642000,64.1450659166667,-21.7714675,0.0,0.0,0.0,true,3,0
1773235648000,64.1450659166667,-21.7714675,6.0,0.0,0.0,true,4,0
1773235648000,64.1450659166667,-21.7714675,0.0,0.0,0.0,true,5,0
1773235648000,64.1450659166667,-21.7714675,0.0,0.0,0.0,true,6,0
1773235654000,64.1450659166667,-21.7714675,6.0,0.0,0.0,true,7,0
1773235654000,64.1450659166667,-21.7714675,0.0,0.0,0.0,true,8,0
1773235654000,64.1450659166667,-21.7714675,0.0,0.0,0.0,true,9,0
1773235659000,64.1450659166667,-21.7714675,5.0,0.0,0.0,true,10,0
1773235659000,64.1450659166667,-21.7714675,0.0,0.0,0.0,true,11,0
1773235663000,64.1450659166667,-21.7714675,4.0,0.0,0.0,true,12,0
1773235666000,64.1450659166667,-21.7714675,3.0,0.0,0.0,true,13,0
1773235666000,64.1450659166667,-21.7714675,0.0,0.0,0.0,true,14,0
1773235670000,64.1450659166667,-21.7714675,4.0,0.0,0.0,true,15,0
1773235672000,64.1441667,-21.774734,2.0,187.3,337.2,false,15,37.0
1773235672000,64.1441667,-21.774734,0.0,0.0,0.0,true,1,0
1773235674000,64.1441667,-21.774734,2.0,0.0,0.0,true,2,0
1773235674000,64.1441667,-21.774734,0.0,0.0,0.0,true,3,0
1773235677000,64.1441667,-21.774734,3.0,0.0,0.0,true,4,0
1773235679000,64.1441667,-21.774734,2.0,0.0,0.0,true,5,0
1773235679000,64.1441667,-21.774734,0.0,0.0,0.0,true,6,0
1773235683000,64.1441667,-21.774734,4.0,0.0,0.0,true,7,0
1773235685000,64.1441667,-21.774734,2.0,0.0,0.0,true,8,0
1773235689000,64.1441667,-21.774734,4.0,0.0,0.0,true,9,0
1773235691000,64.1441667,-21.774734,2.0,0.0,0.0,true,10,0
1773235693000,64.1441667,-21.774734,2.0,0.0,0.0,true,11,0
1773235693000,64.1441667,-21.774734,0.0,0.0,0.0,true,12,0
1773235697000,64.1441667,-21.774734,4.0,0.0,0.0,true,13,0
1773235699000,64.1441667,-21.774734,2.0,0.0,0.0,true,14,0
1773235699000,64.1441667,-21.774734,0.0,0.0,0.0,true,15,0
1773235701000,64.1441667,-21.774734,2.0,0.0,0.0,true,16,0
1773235701000,64.1441667,-21.774734,0.0,0.0,0.0,true,17,0
1773235704000,64.1441667,-21.774734,3.0,0.0,0.0,true,18,0
1773235708000,64.1396492833333,-21.7724235,4.0,514.7,463.2,false,18,36.0
1773235708000,64.1396492833333,-21.7724235,0.0,0.0,0.0,true,1,0
1773235710000,64.1396492833333,-21.7724235,2.0,0.0,0.0,true,2,0
1773235714000,64.1396492833333,-21.7724235,4.0,0.0,0.0,true,3,0
1773235714000,64.1396492833333,-21.7724235,0.0,0.0,0.0,true,4,0
1773235719000,64.1396492833333,-21.7724235,5.0,0.0,0.0,true,5,0
1773235721000,64.1396492833333,-21.7724235,2.0,0.0,0.0,true,6,0
1773235721000,64.1396492833333,-21.7724235,0.0,0.0,0.0,true,7,0
1773235725000,64.1396492833333,-21.7724235,4.0,0.0,0.0,true,8,0
1773235725000,64.1396492833333,-21.7724235,0.0,0.0,0.0,true,9,0
1773235725000,64.1396492833333,-21.7724235,0.0,0.0,0.0,true,10,0
1773235730000,64.1396492833333,-21.7724235,5.0,0.0,0.0,true,11,0
1773235730000,64.1396492833333,-21.7724235,0.0,0.0,0.0,true,12,0
1773235730000,64.1396492833333,-21.7724235,0.0,0.0,0.0,true,13,0
1773235736000,64.1396492833333,-21.7724235,6.0,0.0,0.0,true,14,0
1773235736000,64.1396492833333,-21.7724235,0.0,0.0,0.0,true,15,0
1773235741000,64.1396492833333,-21.7724235,5.0,0.0,0.0,true,16,0
1773235745000,64.1396492833333,-21.7724235,4.0,0.0,0.0,true,17,0
1773235745000,64.1396492833333,-21.7724235,0.0,0.0,0.0,true,18,0
1773235747000,64.1396492833333,-21.7724235,2.0,0.0,0.0,true,19,0
1773235749000,64.1396492833333,-21.7724235,2.0,0.0,0.0,true,20,0
1773235749000,64.1396492833333,-21.7724235,0.0,0.0,0.0,true,21,0
1773235751000,64.1396492833333,-21.7724235,2.0,0.0,0.0,true,22,0
1773235754000,64.1396492833333,-21.7724235,3.0,0.0,0.0,true,23,0
1773235754000,64.1396492833333,-21.7724235,0.0,0.0,0.0,true,24,0
1773235759000,64.1382764,-21.7738606666667,5.0,167.8,120.8,false,24,51.0
1773235761000,64.1382764,-21.7738606666667,2.0,0.0,0.0,true,1,0
1773235761000,64.1382764,-21.7738606666667,0.0,0.0,0.0,true,2,0
1773235764000,64.1382764,-21.7738606666667,3.0,0.0,0.0,true,3,0
1773235764000,64.1382764,-21.7738606666667,0.0,0.0,0.0,true,4,0
1773235768000,64.1382764,-21.7738606666667,4.0,0.0,0.0,true,5,0
1773235772000,64.1382764,-21.7738606666667,4.0,0.0,0.0,true,6,0
1773235772000,64.1382764,-21.7738606666667,0.0,0.0,0.0,true,7,0
1773235774000,64.1382764,-21.7738606666667,2.0,0.0,0.0,true,8,0
1773235776000,64.1382764,-21.7738606666667,2.0,0.0,0.0,true,9,0
1773235776000,64.1382764,-21.7738606666667,0.0,0.0,0.0,true,10,0
1773235779000,64.1382764,-21.7738606666667,3.0,0.0,0.0,true,11,0
1773235781000,64.1382764,-21.7738606666667,2.0,0.0,0.0,true,12,0
1773235781000,64.1382764,-21.7738606666667,0.0,0.0,0.0,true,13,0
1773235787000,64.13861145,-21.7763818333333,6.0,127.8,76.7,false,13,28.0
1773235789000,64.13861145,-21.7763818333333,2.0,0.0,0.0,true,1,0
1773235789000,64.13861145,-21.7763818333333,0.0,0.0,0.0,true,2,0
1773235791000,64.13861145,-21.7763818333333,2.0,0.0,0.0,true,3,0
1773235796000,64.13861145,-21.7763818333333,5.0,0.0,0.0,true,4,0
1773235796000,64.13861145,-21.7763818333333,0.0,0.0,0.0,true,5,0
1773235800000,64.13861145,-21.7763818333333,4.0,0.0,0.0,true,6,0
1773235800000,64.13861145,-21.7763818333333,0.0,0.0,0.0,true,7,0
1773235800000,64.13861145,-21.7763818333333,0.0,0.0,0.0,true,8,0
1773235806000,64.13861145,-21.7763818333333,6.0,0.0,0.0,true,9,0
1773235806000,64.13861145,-21.7763818333333,0.0,0.0,0.0,true,10,0
1773235808000,64.13861145,-21.7763818333333,2.0,0.0,0.0,true,11,0
1773235810000,64.13861145,-21.7763818333333,2.0,0.0,0.0,true,12,0
1773235810000,64.13861145,-21.7763818333333,0.0,0.0,0.0,true,13,0
1773235813000,64.1396731,-21.7810493333333,3.0,255.3,306.4,false,13,26.0
1773235815000,64.1396731,-21.7810493333333,2.0,0.0,0.0,true,1,0
1773235815000,64.1396731,-21.7810493333333,0.0,0.0,0.0,true,2,0
1773235821000,64.1396731,-21.7810493333333,6.0,0.0,0.0,true,3,0
1773235821000,64.1396731,-21.7810493333333,0.0,0.0,0.0,true,4,0
1773235821000,64.1396731,-21.7810493333333,0.0,0.0,0.0,true,5,0
1773235825000,64.1396731,-21.7810493333333,4.0,0.0,0.0,true,6,0
1773235825000,64.1396731,-21.7810493333333,0.0,0.0,0.0,true,7,0
1773235829000,64.1394085,-21.7846796666667,4.0,178.5,160.7,false,7,16.0
1773235831000,64.1394085,-21.7846796666667,2.0,0.0,0.0,true,1,0
1773235835000,64.1394085,-21.7846796666667,4.0,0.0,0.0,true,2,0
1773235837000,64.1394085,-21.7846796666667,2.0,0.0,0.0,true,3,0
1773235839000,64.1394085,-21.7846796666667,2.0,0.0,0.0,true,4,0
1773235839000,64.1394085,-21.7846796666667,0.0,0.0,0.0,true,5,0
1773235841000,64.1394085,-21.7846796666667,2.0,0.0,0.0,true,6,0
1773235846000,64.1394085,-21.7846796666667,5.0,0.0,0.0,true,7,0
1773235846000,64.1394085,-21.7846796666667,0.0,0.0,0.0,true,8,0
1773235846000,64.1394085,-21.7846796666667,0.0,0.0,0.0,true,9,0
1773235846000,64.1394085,-21.7846796666667,0.0,0.0,0.0,true,10,0
1773235852000,64.1394085,-21.7846796666667,6.0,0.0,0.0,true,11,0
1773235852000,64.1394085,-21.7846796666667,0.0,0.0,0.0,true,12,0
1773235852000,64.1394085,-21.7846796666667,0.0,0.0,0.0,true,13,0
1773235859000,64.1392875833333,-21.7893865,7.0,228.7,117.6,false,13,30.0
1773235861000,64.1392875833333,-21.7893865,2.0,0.0,0.0,true,1,0
1773235861000,64.1392875833333,-21.7893865,0.0,0.0,0.0,true,2,0
1773235865000,64.1392875833333,-21.7893865,4.0,0.0,0.0,true,3,0
1773235867000,64.1392875833333,-21.7893865,2.0,0.0,0.0,true,4,0
1773235867000,64.1392875833333,-21.7893865,0.0,0.0,0.0,true,5,0
1773235869000,64.1392875833333,-21.7893865,2.0,0.0,0.0,true,6,0
1773235872000,64.1392875833333,-21.7893865,3.0,0.0,0.0,true,7,0
1773235872000,64.1392875833333,-21.7893865,0.0,0.0,0.0,true,8,0
1773235874000,64.1392875833333,-21.7893865,2.0,0.0,0.0,true,9,0
1773235879000,64.1378767,-21.7908141666667,5.0,171.5,123.5,false,9,20.0
1773235879000,64.1378767,-21.7908141666667,0.0,0.0,0.0,true,1,0
1773235881000,64.1378767,-21.7908141666667,2.0,0.0,0.0,true,2,0
1773235883000,64.1378767,-21.7908141666667,2.0,0.0,0.0,true,3,0
1773235883000,64.1378767,-21.7908141666667,0.0,0.0,0.0,true,4,0
1773235890000,64.1378767,-21.7908141666667,7.0,0.0,0.0,true,5,0
1773235890000,64.1378767,-21.7908141666667,0.0,0.0,0.0,true,6,0
1773235892000,64.1378767,-21.7908141666667,2.0,0.0,0.0,true,7,0
1773235897000,64.1378767,-21.7908141666667,5.0,0.0,0.0,true,8,0
1773235897000,64.1378767,-21.7908141666667,0.0,0.0,0.0,true,9,0
1773235897000,64.1378767,-21.7908141666667,0.0,0.0,0.0,true,10,0
1773235901000,64.1378767,-21.7908141666667,4.0,0.0,0.0,true,11,0
1773235901000,64.1378767,-21.7908141666667,0.0,0.0,0.0,true,12,0
1773235901000,64.1378767,-21.7908141666667,0.0,0.0,0.0,true,13,0
1773235901000,64.1378767,-21.7908141666667,0.0,0.0,0.0,true,14,0
1773235907000,64.1357645166667,-21.7931725,6.0,261.2,156.7,false,14,28.0
1773235911000,64.1357645166667,-21.7931725,4.0,0.0,0.0,true,1,0
1773235911000,64.1357645166667,-21.7931725,0.0,0.0,0.0,true,2,0
1773235914000,64.1357645166667,-21.7931725,3.0,0.0,0.0,true,3,0
1773235917000,64.1357645166667,-21.7931725,3.0,0.0,0.0,true,4,0
1773235917000,64.1357645166667,-21.7931725,0.0,0.0,0.0,true,5,0
1773235919000,64.1357645166667,-21.7931725,2.0,0.0,0.0,true,6,0
1773235922000,64.1357645166667,-21.7931725,3.0,0.0,0.0,true,7,0
1773235922000,64.1357645166667,-21.7931725,0.0,0.0,0.0,true,8,0
1773235926000,64.1357645166667,-21.7931725,4.0,0.0,0.0,true,9,0
1773235928000,64.1357645166667,-21.7931725,2.0,0.0,0.0,true,10,0
1773235928000,64.1357645166667,-21.7931725,0.0,0.0,0.0,true,11,0
1773235932000,64.1357645166667,-21.7931725,4.0,0.0,0.0,true,12,0
1773235934000,64.1357645166667,-21.7931725,2.0,0.0,0.0,true,13,0
1773235934000,64.1357645166667,-21.7931725,0.0,0.0,0.0,true,14,0
1773235937000,64.1357645166667,-21.7931725,3.0,0.0,0.0,true,15,0
1773235939000,64.1357645166667,-21.7931725,2.0,0.0,0.0,true,16,0
1773235943000,64.1357645166667,-21.7931725,4.0,0.0,0.0,true,17,0
1773235946000,64.1357645166667,-21.7931725,3.0,0.0,0.0,true,18,0
1773235948000,64.1357645166667,-21.7931725,2.0,0.0,0.0,true,19,0
1773235948000,64.1357645166667,-21.7931725,0.0,0.0,0.0,true,20,0
1773235950000,64.1357645166667,-21.7931725,2.0,0.0,0.0,true,21,0
1773235953000,64.1357645166667,-21.7931725,3.0,0.0,0.0,true,22,0
1773235955000,64.1357645166667,-21.7931725,2.0,0.0,0.0,true,23,0
1773235955000,64.1357645166667,-21.7931725,0.0,0.0,0.0,true,24,0
1773235958000,64.1347592333333,-21.7977848333333,3.0,250.1,300.1,false,24,51.0
1773235958000,64.1347592333333,-21.7977848333333,0.0,0.0,0.0,true,1,0
1773235963000,64.1347592333333,-21.7977848333333,5.0,0.0,0.0,true,2,0
1773235963000,64.1347592333333,-21.7977848333333,0.0,0.0,0.0,true,3,0
1773235965000,64.1347592333333,-21.7977848333333,2.0,0.0,0.0,true,4,0
1773235968000,64.1347592333333,-21.7977848333333,3.0,0.0,0.0,true,5,0
1773235968000,64.1347592333333,-21.7977848333333,0.0,0.0,0.0,true,6,0
1773235970000,64.1347592333333,-21.7977848333333,2.0,0.0,0.0,true,7,0
1773235975000,64.1347592333333,-21.7977848333333,5.0,0.0,0.0,true,8,0
1773235975000,64.1347592333333,-21.7977848333333,0.0,0.0,0.0,true,9,0
1773235978000,64.1347592333333,-21.7977848333333,3.0,0.0,0.0,true,10,0
1773235980000,64.1347592333333,-21.7977848333333,2.0,0.0,0.0,true,11,0
1773235980000,64.1347592333333,-21.7977848333333,0.0,0.0,0.0,true,12,0
1773235985000,64.1347592333333,-21.7977848333333,5.0,0.0,0.0,true,13,0
1773235985000,64.1347592333333,-21.7977848333333,0.0,0.0,0.0,true,14,0
1773235989000,64.1347592333333,-21.7977848333333,4.0,0.0,0.0,true,15,0
1773235989000,64.1347592333333,-21.7977848333333,0.0,0.0,0.0,true,16,0
1773235991000,64.1347592333333,-21.7977848333333,2.0,0.0,0.0,true,17,0
1773235995000,64.1347592333333,-21.7977848333333,4.0,0.0,0.0,true,18,0
1773235997000,64.1356979666667,-21.8018985,2.0,225.2,405.4,false,18,39.0
1773235997000,64.1356979666667,-21.8018985,0.0,0.0,0.0,true,1,0
1773236000000,64.1356979666667,-21.8018985,3.0,0.0,0.0,true,2,0
1773236003000,64.1356979666667,-21.8018985,3.0,0.0,0.0,true,3,0
1773236005000,64.1356979666667,-21.8018985,2.0,0.0,0.0,true,4,0
1773236005000,64.1356979666667,-21.8018985,0.0,0.0,0.0,true,5,0
1773236005000,64.1356979666667,-21.8018985,0.0,0.0,0.0,true,6,0
1773236011000,64.1356979666667,-21.8018985,6.0,0.0,0.0,true,7,0
1773236011000,64.1356979666667,-21.8018985,0.0,0.0,0.0,true,8,0
1773236015000,64.1356979666667,-21.8018985,4.0,0.0,0.0,true,9,0
1773236015000,64.1356979666667,-21.8018985,0.0,0.0,0.0,true,10,0
1773236017000,64.1356979666667,-21.8018985,2.0,0.0,0.0,true,11,0
1773236020000,64.1365051166667,-21.8067643333333,3.0,252.5,303.0,false,11,23.0
1773236020000,64.1365051166667,-21.8067643333333,0.0,0.0,0.0,true,1,0
1773236023000,64.1365051166667,-21.8067643333333,3.0,0.0,0.0,true,2,0
1773236027000,64.1365051166667,-21.8067643333333,4.0,0.0,0.0,true,3,0
1773236027000,64.1365051166667,-21.8067643333333,0.0,0.0,0.0,true,4,0
1773236030000,64.1365051166667,-21.8067643333333,3.0,0.0,0.0,true,5,0
1773236030000,64.1365051166667,-21.8067643333333,0.0,0.0,0.0,true,6,0
1773236030000,64.1365051166667,-21.8067643333333,0.0,0.0,0.0,true,7,0
1773236035000,64.1365051166667,-21.8067643333333,5.0,0.0,0.0,true,8,0
1773236038000,64.1365051166667,-21.8067643333333,3.0,0.0,0.0,true,9,0
1773236041000,64.1365051166667,-21.8067643333333,3.0,0.0,0.0,true,10,0
1773236041000,64.1365051166667,-21.8067643333333,0.0,0.0,0.0,true,11,0
1773236046000,64.1365051166667,-21.8067643333333,5.0,0.0,0.0,true,12,0
1773236046000,64.1365051166667,-21.8067643333333,0.0,0.0,0.0,true,13,0
1773236046000,64.1365051166667,-21.8067643333333,0.0,0.0,0.0,true,14,0
1773236049000,64.1365051166667,-21.8067643333333,3.0,0.0,0.0,true,15,0
1773236054000,64.1365051166667,-21.8067643333333,5.0,0.0,0.0,true,16,0
1773236054000,64.1365051166667,-21.8067643333333,0.0,0.0,0.0,true,17,0
1773236054000,64.1365051166667,-21.8067643333333,0.0,0.0,0.0,true,18,0
1773236058000,64.1365051166667,-21.8067643333333,4.0,0.0,0.0,true,19,0
1773236058000,64.1365051166667,-21.8067643333333,0.0,0.0,0.0,true,20,0
1773236063000,64.1365051166667,-21.8067643333333,5.0,0.0,0.0,true,21,0
1773236063000,64.1365051166667,-21.8067643333333,0.0,0.0,0.0,true,22,0
1773236067000,64.1365051166667,-21.8067643333333,4.0,0.0,0.0,true,23,0
1773236067000,64.1365051166667,-21.8067643333333,0.0,0.0,0.0,true,24,0
1773236069000,64.1365051166667,-21.8067643333333,2.0,0.0,0.0,true,25,0
1773236071000,64.1365051166667,-21.8067643333333,2.0,0.0,0.0,true,26,0
1773236076000,64.1365051166667,-21.8067643333333,5.0,0.0,0.0,true,27,0
1773236076000,64.1365051166667,-21.8067643333333,0.0,0.0,0.0,true,28,0
1773236076000,64.1365051166667,-21.8067643333333,0.0,0.0,0.0,true,29,0
1773236080000,64.1365051166667,-21.8067643333333,4.0,0.0,0.0,true,30,0
1773236080000,64.1365051166667,-21.8067643333333,0.0,0.0,0.0,true,31,0
1773236082000,64.1365051166667,-21.8067643333333,2.0,0.0,0.0,true,32,0
1773236086000,64.13720195,-21.810056,4.0,177.5,159.7,false,32,66.0
1773236086000,64.13720195,-21.810056,0.0,0.0,0.0,true,1,0
1773236091000,64.13720195,-21.810056,5.0,0.0,0.0,true,2,0
1773236091000,64.13720195,-21.810056,0.0,0.0,0.0,true,3,0
1773236093000,64.13720195,-21.810056,2.0,0.0,0.0,true,4,0
1773236095000,64.13720195,-21.810056,2.0,0.0,0.0,true,5,0
1773236097000,64.13720195,-21.810056,2.0,0.0,0.0,true,6,0
1773236100000,64.13720195,-21.810056,3.0,0.0,0.0,true,7,0
1773236100000,64.13720195,-21.810056,0.0,0.0,0.0,true,8,0
1773236105000,64.13720195,-21.810056,5.0,0.0,0.0,true,9,0
1773236107000,64.13720195,-21.810056,2.0,0.0,0.0,true,10,0
1773236107000,64.13720195,-21.810056,0.0,0.0,0.0,true,11,0
1773236112000,64.13720195,-21.810056,5.0,0.0,0.0,true,12,0
1773236112000,64.13720195,-21.810056,0.0,0.0,0.0,true,13,0
1773236116000,64.13720195,-21.810056,4.0,0.0,0.0,true,14,0
1773236116000,64.13720195,-21.810056,0.0,0.0,0.0,true,15,0
1773236120000,64.13720195,-21.810056,4.0,0.0,0.0,true,16,0
1773236122000,64.1367618833333,-21.812304,2.0,119.5,215.1,false,16,36.0
1773236122000,64.1367618833333,-21.812304,0.0,0.0,0.0,true,1,0
1773236126000,64.1367618833333,-21.812304,4.0,0.0,0.0,true,2,0
1773236126000,64.1367618833333,-21.812304,0.0,0.0,0.0,true,3,0
1773236126000,64.1367618833333,-21.812304,0.0,0.0,0.0,true,4,0
1773236133000,64.1367618833333,-21.812304,7.0,0.0,0.0,true,5,0
1773236135000,64.1367618833333,-21.812304,2.0,0.0,0.0,true,6,0
1773236135000,64.1367618833333,-21.812304,0.0,0.0,0.0,true,7,0
1773236137000,64.1367618833333,-21.812304,2.0,0.0,0.0,true,8,0
1773236141000,64.1367618833333,-21.812304,4.0,0.0,0.0,true,9,0
1773236141000,64.1367618833333,-21.812304,0.0,0.0,0.0,true,10,0
1773236146000,64.1367618833333,-21.812304,5.0,0.0,0.0,true,11,0
1773236146000,64.1367618833333,-21.812304,0.0,0.0,0.0,true,12,0
1773236149000,64.1383434,-21.8160503333333,3.0,252.9,303.4,false,12,27.0
1773236152000,64.1383434,-21.8160503333333,3.0,0.0,0.0,true,1,0
1773236154000,64.1383434,-21.8160503333333,2.0,0.0,0.0,true,2,0
1773236154000,64.1383434,-21.8160503333333,0.0,0.0,0.0,true,3,0
1773236156000,64.1383434,-21.8160503333333,2.0,0.0,0.0,true,4,0
1773236156000,64.1383434,-21.8160503333333,0.0,0.0,0.0,true,5,0
1773236161000,64.1383434,-21.8160503333333,5.0,0.0,0.0,true,6,0
1773236163000,64.1383434,-21.8160503333333,2.0,0.0,0.0,true,7,0
1773236163000,64.1383434,-21.8160503333333,0.0,0.0,0.0,true,8,0
1773236165000,64.1383434,-21.8160503333333,2.0,0.0,0.0,true,9,0
1773236168000,64.1392705833333,-21.8182976666667,3.0,150.0,180.0,false,9,19.0
1773236168000,64.1392705833333,-21.8182976666667,0.0,0.0,0.0,true,1,0
1773236172000,64.1392705833333,-21.8182976666667,4.0,0.0,0.0,true,2,0
1773236172000,64.1392705833333,-21.8182976666667,0.0,0.0,0.0,true,3,0
1773236174000,64.1392705833333,-21.8182976666667,2.0,0.0,0.0,true,4,0
1773236179000,64.1392705833333,-21.8182976666667,5.0,0.0,0.0,true,5,0
1773236179000,64.1392705833333,-21.8182976666667,0.0,0.0,0.0,true,6,0
1773236179000,64.1392705833333,-21.8182976666667,0.0,0.0,0.0,true,7,0
1773236187000,64.1404206333333,-21.8171851666667,8.0,138.8,62.5,false,7,19.0
1773236189000,64.1404206333333,-21.8171851666667,2.0,0.0,0.0,true,1,0
1773236189000,64.1404206333333,-21.8171851666667,0.0,0.0,0.0,true,2,0
1773236193000,64.1404206333333,-21.8171851666667,4.0,0.0,0.0,true,3,0
1773236193000,64.1404206333333,-21.8171851666667,0.0,0.0,0.0,true,4,0
1773236195000,64.1404206333333,-21.8171851666667,2.0,0.0,0.0,true,5,0
1773236198000,64.1404206333333,-21.8171851666667,3.0,0.0,0.0,true,6,0
1773236198000,64.1404206333333,-21.8171851666667,0.0,0.0,0.0,true,7,0
1773236200000,64.1404206333333,-21.8171851666667,2.0,0.0,0.0,true,8,0
1773236202000,64.1404206333333,-21.8171851666667,2.0,0.0,0.0,true,9,0
1773236202000,64.1404206333333,-21.8171851666667,0.0,0.0,0.0,true,10,0
1773236204000,64.1404206333333,-21.8171851666667,2.0,0.0,0.0,true,11,0
1773236209000,64.1404206333333,-21.8171851666667,5.0,0.0,0.0,true,12,0
1773236209000,64.1404206333333,-21.8171851666667,0.0,0.0,0.0,true,13,0
1773236213000,64.1404206333333,-21.8171851666667,4.0,0.0,0.0,true,14,0
1773236213000,64.1404206333333,-21.8171851666667,0.0,0.0,0.0,true,15,0
1773236215000,64.1397908666667,-21.8121218333333,2.0,255.4,459.7,false,15,28.0
1773236219000,64.1397908666667,-21.8121218333333,4.0,0.0,0.0,true,1,0
1773236219000,64.1397908666667,-21.8121218333333,0.0,0.0,0.0,true,2,0
1773236224000,64.1397908666667,-21.8121218333333,5.0,0.0,0.0,true,3,0
1773236226000,64.1397908666667,-21.8121218333333,2.0,0.0,0.0,true,4,0
1773236226000,64.1397908666667,-21.8121218333333,0.0,0.0,0.0,true,5,0
1773236230000,64.1397908666667,-21.8121218333333,4.0,0.0,0.0,true,6,0
1773236232000,64.1397908666667,-21.8121218333333,2.0,0.0,0.0,true,7,0
1773236236000,64.1397908666667,-21.8121218333333,4.0,0.0,0.0,true,8,0
1773236236000,64.1397908666667,-21.8121218333333,0.0,0.0,0.0,true,9,0
1773236238000,64.1385418166667,-21.8084973333333,2.0,224.0,403.3,false,9,23.0
1773236238000,64.1385418166667,-21.8084973333333,0.0,0.0,0.0,true,1,0
1773236240000,64.1385418166667,-21.8084973333333,2.0,0.0,0.0,true,2,0
1773236240000,64.1385418166667,-21.8084973333333,0.0,0.0,0.0,true,3,0
1773236243000,64.1385418166667,-21.8084973333333,3.0,0.0,0.0,true,4,0
1773236245000,64.1385418166667,-21.8084973333333,2.0,0.0,0.0,true,5,0
1773236245000,64.1385418166667,-21.8084973333333,0.0,0.0,0.0,true,6,0
1773236249000,64.1385418166667,-21.8084973333333,4.0,0.0,0.0,true,7,0
1773236251000,64.1385418166667,-21.8084973333333,2.0,0.0,0.0,true,8,0
1773236253000,64.1385418166667,-21.8084973333333,2.0,0.0,0.0,true,9,0
1773236257000,64.1385418166667,-21.8084973333333,4.0,0.0,0.0,true,10,0
1773236259000,64.1385418166667,-21.8084973333333,2.0,0.0,0.0,true,11,0
1773236261000,64.1385418166667,-21.8084973333333,2.0,0.0,0.0,true,12,0
1773236261000,64.1385418166667,-21.8084973333333,0.0,0.0,0.0,true,13,0
1773236264000,64.1385418166667,-21.8084973333333,3.0,0.0,0.0,true,14,0
1773236264000,64.1385418166667,-21.8084973333333,0.0,0.0,0.0,true,15,0
1773236268000,64.1385418166667,-21.8084973333333,4.0,0.0,0.0,true,16,0
1773236273000,64.1385418166667,-21.8084973333333,5.0,0.0,0.0,true,17,0
1773236273000,64.1385418166667,-21.8084973333333,0.0,0.0,0.0,true,18,0
1773236273000,64.1385418166667,-21.8084973333333,0.0,0.0,0.0,true,19,0
1773236277000,64.1385418166667,-21.8084973333333,4.0,0.0,0.0,true,20,0
1773236277000,64.1385418166667,-21.8084973333333,0.0,0.0,0.0,true,21,0
1773236282000,64.1385418166667,-21.8084973333333,5.0,0.0,0.0,true,22,0
1773236285000,64.1385418166667,-21.8084973333333,3.0,0.0,0.0,true,23,0
1773236285000,64.1385418166667,-21.8084973333333,0.0,0.0,0.0,true,24,0
1773236287000,64.1385418166667,-21.8084973333333,2.0,0.0,0.0,true,25,0
1773236287000,64.1385418166667,-21.8084973333333,0.0,0.0,0.0,true,26,0
1773236292000,64.1385418166667,-21.8084973333333,5.0,0.0,0.0,true,27,0
1773236292000,64.1385418166667,-21.8084973333333,0.0,0.0,0.0,true,28,0
1773236292000,64.1385418166667,-21.8084973333333,0.0,0.0,0.0,true,29,0
1773236298000,64.1385418166667,-21.8084973333333,6.0,0.0,0.0,true,30,0
1773236300000,64.1385418166667,-21.8084973333333,2.0,0.0,0.0,true,31,0
1773236300000,64.1385418166667,-21.8084973333333,0.0,0.0,0.0,true,32,0
1773236302000,64.1385418166667,-21.8084973333333,2.0,0.0,0.0,true,33,0
1773236306000,64.1385418166667,-21.8084973333333,4.0,0.0,0.0,true,34,0
1773236306000,64.1385418166667,-21.8084973333333,0.0,0.0,0.0,true,35,0
1773236306000,64.1385418166667,-21.8084973333333,0.0,0.0,0.0,true,36,0
1773236310000,64.1385418166667,-21.8084973333333,4.0,0.0,0.0,true,37,0
1773236312000,64.1385418166667,-21.8084973333333,2.0,0.0,0.0,true,38,0
1773236315000,64.1385418166667,-21.8084973333333,3.0,0.0,0.0,true,39,0
1773236315000,64.1385418166667,-21.8084973333333,0.0,0.0,0.0,true,40,0
1773236319000,64.1385418166667,-21.8084973333333,4.0,0.0,0.0,true,41,0
1773236321000,64.1385418166667,-21.8084973333333,2.0,0.0,0.0,true,42,0
1773236321000,64.1385418166667,-21.8084973333333,0.0,0.0,0.0,true,43,0
1773236325000,64.1385418166667,-21.8084973333333,4.0,0.0,0.0,true,44,0
1773236327000,64.13840405,-21.8071228333333,2.0,68.4,123.1,false,44,89.0
1773236327000,64.13840405,-21.8071228333333,0.0,0.0,0.0,true,1,0
1773236329000,64.13840405,-21.8071228333333,2.0,0.0,0.0,true,2,0
1773236331000,64.13840405,-21.8071228333333,2.0,0.0,0.0,true,3,0
1773236336000,64.13840405,-21.8071228333333,5.0,0.0,0.0,true,4,0
1773236338000,64.13840405,-21.8071228333333,2.0,0.0,0.0,true,5,0
1773236338000,64.13840405,-21.8071228333333,0.0,0.0,0.0,true,6,0
1773236340000,64.13840405,-21.8071228333333,2.0,0.0,0.0,true,7,0
1773236342000,64.13840405,-21.8071228333333,2.0,0.0,0.0,true,8,0
1773236346000,64.13840405,-21.8071228333333,4.0,0.0,0.0,true,9,0
1773236348000,64.13840405,-21.8071228333333,2.0,0.0,0.0,true,10,0
1773236348000,64.13840405,-21.8071228333333,0.0,0.0,0.0,true,11,0
1773236350000,64.13840405,-21.8071228333333,2.0,0.0,0.0,true,12,0
1773236352000,64.13840405,-21.8071228333333,2.0,0.0,0.0,true,13,0
1773236352000,64.13840405,-21.8071228333333,0.0,0.0,0.0,true,14,0
1773236357000,64.13840405,-21.8071228333333,5.0,0.0,0.0,true,15,0
1773236357000,64.13840405,-21.8071228333333,0.0,0.0,0.0,true,16,0
1773236357000,64.13840405,-21.8071228333333,0.0,0.0,0.0,true,17,0
1773236360000,64.13840405,-21.8071228333333,3.0,0.0,0.0,true,18,0
1773236364000,64.13840405,-21.8071228333333,4.0,0.0,0.0,true,19,0
1773236366000,64.1446196333333,-21.8059541666667,2.0,693.5,1248.2,false,19,39.0
1773236368000,64.1446196333333,-21.8059541666667,2.0,0.0,0.0,true,1,0
1773236372000,64.1446196333333,-21.8059541666667,4.0,0.0,0.0,true,2,0
1773236372000,64.1446196333333,-21.8059541666667,0.0,0.0,0.0,true,3,0
1773236375000,64.1446196333333,-21.8059541666667,3.0,0.0,0.0,true,4,0
1773236375000,64.1446196333333,-21.8059541666667,0.0,0.0,0.0,true,5,0
1773236378000,64.1446196333333,-21.8059541666667,3.0,0.0,0.0,true,6,0
1773236378000,64.1446196333333,-21.8059541666667,0.0,0.0,0.0,true,7,0
1773236382000,64.1446196333333,-21.8059541666667,4.0,0.0,0.0,true,8,0
1773236384000,64.1446196333333,-21.8059541666667,2.0,0.0,0.0,true,9,0
1773236384000,64.1446196333333,-21.8059541666667,0.0,0.0,0.0,true,10,0
1773236390000,64.1446196333333,-21.8059541666667,6.0,0.0,0.0,true,11,0
1773236390000,64.1446196333333,-21.8059541666667,0.0,0.0,0.0,true,12,0
1773236393000,64.1446196333333,-21.8059541666667,3.0,0.0,0.0,true,13,0
1773236396000,64.1446196333333,-21.8059541666667,3.0,0.0,0.0,true,14,0
1773236396000,64.1446196333333,-21.8059541666667,0.0,0.0,0.0,true,15,0
1773236399000,64.1446196333333,-21.8059541666667,3.0,0.0,0.0,true,16,0
1773236399000,64.1446196333333,-21.8059541666667,0.0,0.0,0.0,true,17,0
1773236401000,64.1446196333333,-21.8059541666667,2.0,0.0,0.0,true,18,0
1773236401000,64.1446196333333,-21.8059541666667,0.0,0.0,0.0,true,19,0
1773236408000,64.1446196333333,-21.8059541666667,7.0,0.0,0.0,true,20,0
1773236408000,64.1446196333333,-21.8059541666667,0.0,0.0,0.0,true,21,0
1773236412000,64.1446196333333,-21.8059541666667,4.0,0.0,0.0,true,22,0
1773236412000,64.1446196333333,-21.8059541666667,0.0,0.0,0.0,true,23,0
1773236414000,64.1446196333333,-21.8059541666667,2.0,0.0,0.0,true,24,0
1773236414000,64.1446196333333,-21.8059541666667,0.0,0.0,0.0,true,25,0
1773236416000,64.1446196333333,-21.8059541666667,2.0,0.0,0.0,true,26,0
1773236420000,64.1446196333333,-21.8059541666667,4.0,0.0,0.0,true,27,0
1773236422000,64.1446196333333,-21.8059541666667,2.0,0.0,0.0,true,28,0
1773236429000,64.14344615,-21.8074726666667,7.0,149.8,77.1,false,28,63.0
1773236429000,64.14344615,-21.8074726666667,0.0,0.0,0.0,true,1,0
1773236432000,64.14344615,-21.8074726666667,3.0,0.0,0.0,true,2,0
1773236432000,64.14344615,-21.8074726666667,0.0,0.0,0.0,true,3,0
1773236435000,64.14344615,-21.8074726666667,3.0,0.0,0.0,true,4,0
1773236439000,64.14344615,-21.8074726666667,4.0,0.0,0.0,true,5,0
1773236442000,64.14344615,-21.8074726666667,3.0,0.0,0.0,true,6,0
1773236442000,64.14344615,-21.8074726666667,0.0,0.0,0.0,true,7,0
1773236445000,64.14344615,-21.8074726666667,3.0,0.0,0.0,true,8,0
1773236447000,64.14344615,-21.8074726666667,2.0,0.0,0.0,true,9,0
1773236449000,64.14344615,-21.8074726666667,2.0,0.0,0.0,true,10,0
1773236449000,64.14344615,-21.8074726666667,0.0,0.0,0.0,true,11,0
1773236451000,64.14344615,-21.8074726666667,2.0,0.0,0.0,true,12,0
1773236455000,64.14344615,-21.8074726666667,4.0,0.0,0.0,true,13,0
1773236455000,64.14344615,-21.8074726666667,0.0,0.0,0.0,true,14,0
1773236457000,64.14344615,-21.8074726666667,2.0,0.0,0.0,true,15,0
1773236457000,64.14344615,-21.8074726666667,0.0,0.0,0.0,true,16,0
1773236464000,64.14344615,-21.8074726666667,7.0,0.0,0.0,true,17,0
1773236464000,64.14344615,-21.8074726666667,0.0,0.0,0.0,true,18,0
1773236466000,64.14344615,-21.8074726666667,2.0,0.0,0.0,true,19,0
1773236466000,64.14344615,-21.8074726666667,0.0,0.0,0.0,true,20,0
1773236472000,64.14344615,-21.8074726666667,6.0,0.0,0.0,true,21,0
1773236472000,64.14344615,-21.8074726666667,0.0,0.0,0.0,true,22,0
1773236474000,64.14344615,-21.8074726666667,2.0,0.0,0.0,true,23,0
1773236476000,64.14344615,-21.8074726666667,2.0,0.0,0.0,true,24,0
1773236476000,64.14344615,-21.8074726666667,0.0,0.0,0.0,true,25,0
1773236478000,64.14344615,-21.8074726666667,2.0,0.0,0.0,true,26,0
1773236483000,64.14344615,-21.8074726666667,5.0,0.0,0.0,true,27,0
1773236485000,64.14344615,-21.8074726666667,2.0,0.0,0.0,true,28,0
1773236485000,64.14344615,-21.8074726666667,0.0,0.0,0.0,true,29,0
1773236487000,64.14344615,-21.8074726666667,2.0,0.0,0.0,true,30,0
1773236491000,64.14344615,-21.8074726666667,4.0,0.0,0.0,true,31,0
1773236491000,64.14344615,-21.8074726666667,0.0,0.0,0.0,true,32,0
1773236491000,64.14344615,-21.8074726666667,0.0,0.0,0.0,true,33,0
1773236496000,64.14344615,-21.8074726666667,5.0,0.0,0.0,true,34,0
1773236498000,64.14344615,-21.8074726666667,2.0,0.0,0.0,true,35,0
1773236498000,64.14344615,-21.8074726666667,0.0,0.0,0.0,true,36,0
1773236502000,64.14344615,-21.8074726666667,4.0,0.0,0.0,true,37,0
1773236502000,64.14344615,-21.8074726666667,0.0,0.0,0.0,true,38,0
1773236506000,64.14344615,-21.8074726666667,4.0,0.0,0.0,true,39,0
1773236506000,64.14344615,-21.8074726666667,0.0,0.0,0.0,true,40,0
1773236511000,64.14344615,-21.8074726666667,5.0,0.0,0.0,true,41,0
1773236514000,64.14344615,-21.8074726666667,3.0,0.0,0.0,true,42,0
1773236514000,64.14344615,-21.8074726666667,0.0,0.0,0.0,true,43,0
1773236517000,64.14344615,-21.8074726666667,3.0,0.0,0.0,true,44,0
1773236521000,64.14344615,-21.8074726666667,4.0,0.0,0.0,true,45,0
1773236521000,64.14344615,-21.8074726666667,0.0,0.0,0.0,true,46,0
1773236521000,64.14344615,-21.8074726666667,0.0,0.0,0.0,true,47,0
1773236521000,64.14344615,-21.8074726666667,0.0,0.0,0.0,true,48,0
1773236526000,64.14344615,-21.8074726666667,5.0,0.0,0.0,true,49,0
1773236528000,64.14344615,-21.8074726666667,2.0,0.0,0.0,true,50,0
1773236528000,64.14344615,-21.8074726666667,0.0,0.0,0.0,true,51,0
1773236532000,64.14344615,-21.8074726666667,4.0,0.0,0.0,true,52,0
1773236534000,64.14344615,-21.8074726666667,2.0,0.0,0.0,true,53,0
1773236537000,64.14344615,-21.8074726666667,3.0,0.0,0.0,true,54,0
1773236539000,64.14344615,-21.8074726666667,2.0,0.0,0.0,true,55,0
1773236539000,64.14344615,-21.8074726666667,0.0,0.0,0.0,true,56,0
1773236539000,64.14344615,-21.8074726666667,0.0,0.0,0.0,true,57,0
1773236546000,64.14344615,-21.8074726666667,7.0,0.0,0.0,true,58,0
1773236546000,64.14344615,-21.8074726666667,0.0,0.0,0.0,true,59,0
1773236548000,64.1433493833333,-21.807488,2.0,10.8,19.4,false,59,119.0
1773236551000,64.1433493833333,-21.807488,3.0,0.0,0.0,true,1,0
1773236555000,64.1433493833333,-21.807488,4.0,0.0,0.0,true,2,0
1773236555000,64.1433493833333,-21.807488,0.0,0.0,0.0,true,3,0
1773236557000,64.1433493833333,-21.807488,2.0,0.0,0.0,true,4,0
1773236557000,64.1433493833333,-21.807488,0.0,0.0,0.0,true,5,0
1773236559000,64.1433493833333,-21.807488,2.0,0.0,0.0,true,6,0
1773236563000,64.1433493833333,-21.807488,4.0,0.0,0.0,true,7,0
1773236563000,64.1433493833333,-21.807488,0.0,0.0,0.0,true,8,0
1773236567000,64.1433493833333,-21.807488,4.0,0.0,0.0,true,9,0
1773236569000,64.1433493833333,-21.807488,2.0,0.0,0.0,true,10,0
1773236569000,64.1433493833333,-21.807488,0.0,0.0,0.0,true,11,0
1773236574000,64.1433493833333,-21.807488,5.0,0.0,0.0,true,12,0
1773236574000,64.1433493833333,-21.807488,0.0,0.0,0.0,true,13,0
1773236574000,64.1433493833333,-21.807488,0.0,0.0,0.0,true,14,0
1773236578000,64.1433493833333,-21.807488,4.0,0.0,0.0,true,15,0
1773236582000,64.1446245833333,-21.8065955,4.0,148.3,133.4,false,15,34.0
1773236582000,64.1446245833333,-21.8065955,0.0,0.0,0.0,true,1,0
1773236584000,64.1446245833333,-21.8065955,2.0,0.0,0.0,true,2,0
1773236587000,64.1446245833333,-21.8065955,3.0,0.0,0.0,true,3,0
1773236589000,64.1446245833333,-21.8065955,2.0,0.0,0.0,true,4,0
1773236593000,64.1446245833333,-21.8065955,4.0,0.0,0.0,true,5,0
1773236593000,64.1446245833333,-21.8065955,0.0,0.0,0.0,true,6,0
1773236595000,64.1446245833333,-21.8065955,2.0,0.0,0.0,true,7,0
1773236597000,64.1446245833333,-21.8065955,2.0,0.0,0.0,true,8,0
1773236597000,64.1446245833333,-21.8065955,0.0,0.0,0.0,true,9,0
1773236599000,64.1446245833333,-21.8065955,2.0,0.0,0.0,true,10,0
1773236599000,64.1446245833333,-21.8065955,0.0,0.0,0.0,true,11,0
1773236603000,64.1446245833333,-21.8065955,4.0,0.0,0.0,true,12,0
1773236605000,64.1446245833333,-21.8065955,2.0,0.0,0.0,true,13,0
1773236610000,64.1446245833333,-21.8065955,5.0,0.0,0.0,true,14,0
1773236610000,64.1446245833333,-21.8065955,0.0,0.0,0.0,true,15,0
1773236614000,64.1446245833333,-21.8065955,4.0,0.0,0.0,true,16,0
1773236614000,64.1446245833333,-21.8065955,0.0,0.0,0.0,true,17,0
1773236617000,64.1446245833333,-21.8065955,3.0,0.0,0.0,true,18,0
1773236619000,64.1446245833333,-21.8065955,2.0,0.0,0.0,true,19,0
1773236622000,64.1446245833333,-21.8065955,3.0,0.0,0.0,true,20,0
1773236622000,64.1446245833333,-21.8065955,0.0,0.0,0.0,true,21,0
1773236626000,64.1446245833333,-21.8065955,4.0,0.0,0.0,true,22,0
1773236626000,64.1446245833333,-21.8065955,0.0,0.0,0.0,true,23,0
1773236630000,64.1446245833333,-21.8065955,4.0,0.0,0.0,true,24,0
1773236630000,64.1446245833333,-21.8065955,0.0,0.0,0.0,true,25,0
1773236630000,64.1446245833333,-21.8065955,0.0,0.0,0.0,true,26,0
1773236636000,64.1446245833333,-21.8065955,6.0,0.0,0.0,true,27,0
1773236638000,64.1446245833333,-21.8065955,2.0,0.0,0.0,true,28,0
1773236638000,64.1446245833333,-21.8065955,0.0,0.0,0.0,true,29,0
1773236642000,64.1446245833333,-21.8065955,4.0,0.0,0.0,true,30,0
1773236644000,64.1446245833333,-21.8065955,2.0,0.0,0.0,true,31,0
1773236644000,64.1446245833333,-21.8065955,0.0,0.0,0.0,true,32,0
1773236647000,64.1446245833333,-21.8065955,3.0,0.0,0.0,true,33,0
1773236647000,64.1446245833333,-21.8065955,0.0,0.0,0.0,true,34,0
1773236651000,64.1446245833333,-21.8065955,4.0,0.0,0.0,true,35,0
1773236655000,64.1446245833333,-21.8065955,4.0,0.0,0.0,true,36,0
1773236655000,64.1446245833333,-21.8065955,0.0,0.0,0.0,true,37,0
1773236657000,64.1446245833333,-21.8065955,2.0,0.0,0.0,true,38,0
1773236661000,64.1446245833333,-21.8065955,4.0,0.0,0.0,true,39,0
1773236661000,64.1446245833333,-21.8065955,0.0,0.0,0.0,true,40,0
1773236663000,64.1446245833333,-21.8065955,2.0,0.0,0.0,true,41,0
1773236665000,64.1446245833333,-21.8065955,2.0,0.0,0.0,true,42,0
1773236665000,64.1446245833333,-21.8065955,0.0,0.0,0.0,true,43,0
1773236667000,64.1446245833333,-21.8065955,2.0,0.0,0.0,true,44,0
1773236673000,64.1446245833333,-21.8065955,6.0,0.0,0.0,true,45,0
1773236673000,64.1446245833333,-21.8065955,0.0,0.0,0.0,true,46,0
1773236677000,64.1377003833333,-21.808135,4.0,773.5,696.2,false,46,95.0
1773236679000,64.1377003833333,-21.808135,2.0,0.0,0.0,true,1,0
1773236679000,64.1377003833333,-21.808135,0.0,0.0,0.0,true,2,0
1773236681000,64.1377003833333,-21.808135,2.0,0.0,0.0,true,3,0
1773236683000,64.1377003833333,-21.808135,2.0,0.0,0.0,true,4,0
1773236683000,64.1377003833333,-21.808135,0.0,0.0,0.0,true,5,0
1773236687000,64.1377003833333,-21.808135,4.0,0.0,0.0,true,6,0
1773236687000,64.1377003833333,-21.808135,0.0,0.0,0.0,true,7,0
1773236689000,64.1377003833333,-21.808135,2.0,0.0,0.0,true,8,0
1773236693000,64.1377003833333,-21.808135,4.0,0.0,0.0,true,9,0
1773236693000,64.1377003833333,-21.808135,0.0,0.0,0.0,true,10,0
1773236695000,64.1377003833333,-21.808135,2.0,0.0,0.0,true,11,0
1773236701000,64.1377003833333,-21.808135,6.0,0.0,0.0,true,12,0
1773236701000,64.1377003833333,-21.808135,0.0,0.0,0.0,true,13,0
1773236704000,64.1377003833333,-21.808135,3.0,0.0,0.0,true,14,0
1773236706000,64.1384034166667,-21.8081873333333,2.0,78.2,140.8,false,14,29.0
1773236706000,64.1384034166667,-21.8081873333333,0.0,0.0,0.0,true,1,0
1773236708000,64.1384034166667,-21.8081873333333,2.0,0.0,0.0,true,2,0
1773236710000,64.1384034166667,-21.8081873333333,2.0,0.0,0.0,true,3,0
1773236710000,64.1384034166667,-21.8081873333333,0.0,0.0,0.0,true,4,0
1773236715000,64.1384034166667,-21.8081873333333,5.0,0.0,0.0,true,5,0
1773236717000,64.1384034166667,-21.8081873333333,2.0,0.0,0.0,true,6,0
1773236719000,64.1384034166667,-21.8081873333333,2.0,0.0,0.0,true,7,0
1773236723000,64.1384034166667,-21.8081873333333,4.0,0.0,0.0,true,8,0
1773236723000,64.1384034166667,-21.8081873333333,0.0,0.0,0.0,true,9,0
1773236725000,64.1384034166667,-21.8081873333333,2.0,0.0,0.0,true,10,0
1773236727000,64.1384034166667,-21.8081873333333,2.0,0.0,0.0,true,11,0
1773236727000,64.1384034166667,-21.8081873333333,0.0,0.0,0.0,true,12,0
1773236731000,64.13960975,-21.811674,4.0,215.9,194.3,false,12,25.0
1773236734000,64.13960975,-21.811674,3.0,0.0,0.0,true,1,0
1773236734000,64.13960975,-21.811674,0.0,0.0,0.0,true,2,0
1773236736000,64.13960975,-21.811674,2.0,0.0,0.0,true,3,0
1773236738000,64.13960975,-21.811674,2.0,0.0,0.0,true,4,0
1773236738000,64.13960975,-21.811674,0.0,0.0,0.0,true,5,0
1773236744000,64.13960975,-21.811674,6.0,0.0,0.0,true,6,0
1773236746000,64.13960975,-21.811674,2.0,0.0,0.0,true,7,0
1773236746000,64.13960975,-21.811674,0.0,0.0,0.0,true,8,0
1773236750000,64.13960975,-21.811674,4.0,0.0,0.0,true,9,0
1773236750000,64.13960975,-21.811674,0.0,0.0,0.0,true,10,0
1773236750000,64.13960975,-21.811674,0.0,0.0,0.0,true,11,0
1773236755000,64.13960975,-21.811674,5.0,0.0,0.0,true,12,0
1773236757000,64.13960975,-21.811674,2.0,0.0,0.0,true,13,0
1773236759000,64.13960975,-21.811674,2.0,0.0,0.0,true,14,0
1773236763000,64.1406747166667,-21.8166411666667,4.0,268.4,241.6,false,14,32.0
1773236763000,64.1406747166667,-21.8166411666667,0.0,0.0,0.0,true,1,0
1773236765000,64.1406747166667,-21.8166411666667,2.0,0.0,0.0,true,2,0
1773236765000,64.1406747166667,-21.8166411666667,0.0,0.0,0.0,true,3,0
1773236769000,64.1406747166667,-21.8166411666667,4.0,0.0,0.0,true,4,0
1773236771000,64.1406747166667,-21.8166411666667,2.0,0.0,0.0,true,5,0
1773236771000,64.1406747166667,-21.8166411666667,0.0,0.0,0.0,true,6,0
1773236776000,64.1406747166667,-21.8166411666667,5.0,0.0,0.0,true,7,0
1773236778000,64.1406747166667,-21.8166411666667,2.0,0.0,0.0,true,8,0
1773236778000,64.1406747166667,-21.8166411666667,0.0,0.0,0.0,true,9,0
1773236780000,64.1406747166667,-21.8166411666667,2.0,0.0,0.0,true,10,0
1773236780000,64.1406747166667,-21.8166411666667,0.0,0.0,0.0,true,11,0
1773236787000,64.1395234333333,-21.818172,7.0,148.0,76.1,false,11,24.0
1773236787000,64.1395234333333,-21.818172,0.0,0.0,0.0,true,1,0
1773236789000,64.1395234333333,-21.818172,2.0,0.0,0.0,true,2,0
1773236793000,64.1395234333333,-21.818172,4.0,0.0,0.0,true,3,0
1773236797000,64.1395234333333,-21.818172,4.0,0.0,0.0,true,4,0
1773236799000,64.1395234333333,-21.818172,2.0,0.0,0.0,true,5,0
1773236799000,64.1395234333333,-21.818172,0.0,0.0,0.0,true,6,0
1773236801000,64.1395234333333,-21.818172,2.0,0.0,0.0,true,7,0
1773236803000,64.1395234333333,-21.818172,2.0,0.0,0.0,true,8,0
1773236803000,64.1395234333333,-21.818172,0.0,0.0,0.0,true,9,0
1773236805000,64.1395234333333,-21.818172,2.0,0.0,0.0,true,10,0
1773236810000,64.1395234333333,-21.818172,5.0,0.0,0.0,true,11,0
1773236810000,64.1395234333333,-21.818172,0.0,0.0,0.0,true,12,0
1773236814000,64.1395234333333,-21.818172,4.0,0.0,0.0,true,13,0
1773236814000,64.1395234333333,-21.818172,0.0,0.0,0.0,true,14,0
1773236818000,64.1395234333333,-21.818172,4.0,0.0,0.0,true,15,0
1773236820000,64.1395234333333,-21.818172,2.0,0.0,0.0,true,16,0
1773236820000,64.1395234333333,-21.818172,0.0,0.0,0.0,true,17,0
1773236822000,64.1395234333333,-21.818172,2.0,0.0,0.0,true,18,0
1773236825000,64.13837745,-21.8165613333333,3.0,149.5,179.4,false,18,38.0
1773236825000,64.13837745,-21.8165613333333,0.0,0.0,0.0,true,1,0
1773236829000,64.13837745,-21.8165613333333,4.0,0.0,0.0,true,2,0
1773236831000,64.13837745,-21.8165613333333,2.0,0.0,0.0,true,3,0
1773236831000,64.13837745,-21.8165613333333,0.0,0.0,0.0,true,4,0
1773236837000,64.13837745,-21.8165613333333,6.0,0.0,0.0,true,5,0
1773236837000,64.13837745,-21.8165613333333,0.0,0.0,0.0,true,6,0
1773236837000,64.13837745,-21.8165613333333,0.0,0.0,0.0,true,7,0
1773236841000,64.13837745,-21.8165613333333,4.0,0.0,0.0,true,8,0
1773236843000,64.13837745,-21.8165613333333,2.0,0.0,0.0,true,9,0
1773236843000,64.13837745,-21.8165613333333,0.0,0.0,0.0,true,10,0
1773236846000,64.13837745,-21.8165613333333,3.0,0.0,0.0,true,11,0
1773236846000,64.13837745,-21.8165613333333,0.0,0.0,0.0,true,12,0
1773236852000,64.1370140333333,-21.8128696666667,6.0,234.6,140.8,false,12,27.0
1773236855000,64.1370140333333,-21.8128696666667,3.0,0.0,0.0,true,1,0
1773236855000,64.1370140333333,-21.8128696666667,0.0,0.0,0.0,true,2,0
1773236857000,64.1370140333333,-21.8128696666667,2.0,0.0,0.0,true,3,0
1773236861000,64.1370140333333,-21.8128696666667,4.0,0.0,0.0,true,4,0
1773236861000,64.1370140333333,-21.8128696666667,0.0,0.0,0.0,true,5,0
1773236863000,64.1370140333333,-21.8128696666667,2.0,0.0,0.0,true,6,0
1773236863000,64.1370140333333,-21.8128696666667,0.0,0.0,0.0,true,7,0
1773236865000,64.1370140333333,-21.8128696666667,2.0,0.0,0.0,true,8,0
1773236871000,64.1370140333333,-21.8128696666667,6.0,0.0,0.0,true,9,0
1773236871000,64.1370140333333,-21.8128696666667,0.0,0.0,0.0,true,10,0
1773236875000,64.1370140333333,-21.8128696666667,4.0,0.0,0.0,true,11,0
1773236877000,64.1370140333333,-21.8128696666667,2.0,0.0,0.0,true,12,0
1773236877000,64.1370140333333,-21.8128696666667,0.0,0.0,0.0,true,13,0
1773236880000,64.1370140333333,-21.8128696666667,3.0,0.0,0.0,true,14,0
1773236880000,64.1370140333333,-21.8128696666667,0.0,0.0,0.0,true,15,0
1773236882000,64.1370140333333,-21.8128696666667,2.0,0.0,0.0,true,16,0
1773236888000,64.1370140333333,-21.8128696666667,6.0,0.0,0.0,true,17,0
1773236888000,64.1370140333333,-21.8128696666667,0.0,0.0,0.0,true,18,0
1773236888000,64.1370140333333,-21.8128696666667,0.0,0.0,0.0,true,19,0
1773236890000,64.1370140333333,-21.8128696666667,2.0,0.0,0.0,true,20,0
1773236896000,64.1368528833333,-21.8107076666667,6.0,106.4,63.8,false,20,44.0
1773236896000,64.1368528833333,-21.8107076666667,0.0,0.0,0.0,true,1,0
1773236896000,64.1368528833333,-21.8107076666667,0.0,0.0,0.0,true,2,0
1773236899000,64.1368528833333,-21.8107076666667,3.0,0.0,0.0,true,3,0
1773236899000,64.1368528833333,-21.8107076666667,0.0,0.0,0.0,true,4,0
1773236903000,64.1368528833333,-21.8107076666667,4.0,0.0,0.0,true,5,0
1773236903000,64.1368528833333,-21.8107076666667,0.0,0.0,0.0,true,6,0
1773236909000,64.1368528833333,-21.8107076666667,6.0,0.0,0.0,true,7,0
1773236909000,64.1368528833333,-21.8107076666667,0.0,0.0,0.0,true,8,0
1773236909000,64.1368528833333,-21.8107076666667,0.0,0.0,0.0,true,9,0
1773236914000,64.1368528833333,-21.8107076666667,5.0,0.0,0.0,true,10,0
1773236914000,64.1368528833333,-21.8107076666667,0.0,0.0,0.0,true,11,0
1773236920000,64.1368528833333,-21.8107076666667,6.0,0.0,0.0,true,12,0
1773236922000,64.1368528833333,-21.8107076666667,2.0,0.0,0.0,true,13,0
1773236922000,64.1368528833333,-21.8107076666667,0.0,0.0,0.0,true,14,0
1773236924000,64.1368528833333,-21.8107076666667,2.0,0.0,0.0,true,15,0
1773236928000,64.1368528833333,-21.8107076666667,4.0,0.0,0.0,true,16,0
1773236928000,64.1368528833333,-21.8107076666667,0.0,0.0,0.0,true,17,0
1773236930000,64.1364788333333,-21.8068696666667,2.0,190.8,343.4,false,17,34.0
1773236932000,64.1364788333333,-21.8068696666667,2.0,0.0,0.0,true,1,0
1773236935000,64.1364788333333,-21.8068696666667,3.0,0.0,0.0,true,2,0
1773236938000,64.1364788333333,-21.8068696666667,3.0,0.0,0.0,true,3,0
1773236940000,64.1364788333333,-21.8068696666667,2.0,0.0,0.0,true,4,0
1773236940000,64.1364788333333,-21.8068696666667,0.0,0.0,0.0,true,5,0
1773236944000,64.1364788333333,-21.8068696666667,4.0,0.0,0.0,true,6,0
1773236944000,64.1364788333333,-21.8068696666667,0.0,0.0,0.0,true,7,0
1773236946000,64.1364788333333,-21.8068696666667,2.0,0.0,0.0,true,8,0
1773236948000,64.1364788333333,-21.8068696666667,2.0,0.0,0.0,true,9,0
1773236948000,64.1364788333333,-21.8068696666667,0.0,0.0,0.0,true,10,0
1773236950000,64.1364788333333,-21.8068696666667,2.0,0.0,0.0,true,11,0
1773236955000,64.1364788333333,-21.8068696666667,5.0,0.0,0.0,true,12,0
1773236955000,64.1364788333333,-21.8068696666667,0.0,0.0,0.0,true,13,0
1773236959000,64.1364788333333,-21.8068696666667,4.0,0.0,0.0,true,14,0
1773236959000,64.1364788333333,-21.8068696666667,0.0,0.0,0.0,true,15,0
1773236961000,64.1364788333333,-21.8068696666667,2.0,0.0,0.0,true,16,0
1773236967000,64.1364788333333,-21.8068696666667,6.0,0.0,0.0,true,17,0
1773236967000,64.1364788333333,-21.8068696666667,0.0,0.0,0.0,true,18,0
1773236967000,64.1364788333333,-21.8068696666667,0.0,0.0,0.0,true,19,0
1773236969000,64.1356791833333,-21.8019793333333,2.0,253.3,456.0,false,19,39.0
1773236971000,64.1356791833333,-21.8019793333333,2.0,0.0,0.0,true,1,0
1773236976000,64.1356791833333,-21.8019793333333,5.0,0.0,0.0,true,2,0
1773236976000,64.1356791833333,-21.8019793333333,0.0,0.0,0.0,true,3,0
1773236976000,64.1356791833333,-21.8019793333333,0.0,0.0,0.0,true,4,0
1773236982000,64.1356791833333,-21.8019793333333,6.0,0.0,0.0,true,5,0
1773236982000,64.1356791833333,-21.8019793333333,0.0,0.0,0.0,true,6,0
1773236982000,64.1356791833333,-21.8019793333333,0.0,0.0,0.0,true,7,0
1773236985000,64.1356791833333,-21.8019793333333,3.0,0.0,0.0,true,8,0
1773236991000,64.1356791833333,-21.8019793333333,6.0,0.0,0.0,true,9,0
1773236991000,64.1356791833333,-21.8019793333333,0.0,0.0,0.0,true,10,0
1773236991000,64.1356791833333,-21.8019793333333,0.0,0.0,0.0,true,11,0
1773236996000,64.1356791833333,-21.8019793333333,5.0,0.0,0.0,true,12,0
1773236998000,64.1356791833333,-21.8019793333333,2.0,0.0,0.0,true,13,0
1773237002000,64.1347351166667,-21.7978975,4.0,224.1,201.7,false,13,33.0
1773237002000,64.1347351166667,-21.7978975,0.0,0.0,0.0,true,1,0
1773237002000,64.1347351166667,-21.7978975,0.0,0.0,0.0,true,2,0
1773237005000,64.1347351166667,-21.7978975,3.0,0.0,0.0,true,3,0
1773237011000,64.1347351166667,-21.7978975,6.0,0.0,0.0,true,4,0
1773237011000,64.1347351166667,-21.7978975,0.0,0.0,0.0,true,5,0
1773237013000,64.1347351166667,-21.7978975,2.0,0.0,0.0,true,6,0
1773237016000,64.1347351166667,-21.7978975,3.0,0.0,0.0,true,7,0
1773237016000,64.1347351166667,-21.7978975,0.0,0.0,0.0,true,8,0
1773237020000,64.1347351166667,-21.7978975,4.0,0.0,0.0,true,9,0
1773237022000,64.1347351166667,-21.7978975,2.0,0.0,0.0,true,10,0
1773237022000,64.1347351166667,-21.7978975,0.0,0.0,0.0,true,11,0
1773237025000,64.1347351166667,-21.7978975,3.0,0.0,0.0,true,12,0
1773237025000,64.1347351166667,-21.7978975,0.0,0.0,0.0,true,13,0
1773237027000,64.1347351166667,-21.7978975,2.0,0.0,0.0,true,14,0
1773237031000,64.1347351166667,-21.7978975,4.0,0.0,0.0,true,15,0
1773237031000,64.1347351166667,-21.7978975,0.0,0.0,0.0,true,16,0
1773237031000,64.1347351166667,-21.7978975,0.0,0.0,0.0,true,17,0
1773237035000,64.1347351166667,-21.7978975,4.0,0.0,0.0,true,18,0
1773237039000,64.1347351166667,-21.7978975,4.0,0.0,0.0,true,19,0
1773237041000,64.1347351166667,-21.7978975,2.0,0.0,0.0,true,20,0
1773237045000,64.13530975,-21.7932411666667,4.0,234.7,211.3,false,20,43.0
1773237045000,64.13530975,-21.7932411666667,0.0,0.0,0.0,true,1,0
1773237047000,64.13530975,-21.7932411666667,2.0,0.0,0.0,true,2,0
1773237050000,64.13530975,-21.7932411666667,3.0,0.0,0.0,true,3,0
1773237050000,64.13530975,-21.7932411666667,0.0,0.0,0.0,true,4,0
1773237054000,64.13530975,-21.7932411666667,4.0,0.0,0.0,true,5,0
1773237054000,64.13530975,-21.7932411666667,0.0,0.0,0.0,true,6,0
1773237061000,64.13530975,-21.7932411666667,7.0,0.0,0.0,true,7,0
1773237061000,64.13530975,-21.7932411666667,0.0,0.0,0.0,true,8,0
1773237061000,64.13530975,-21.7932411666667,0.0,0.0,0.0,true,9,0
1773237067000,64.13530975,-21.7932411666667,6.0,0.0,0.0,true,10,0
1773237067000,64.13530975,-21.7932411666667,0.0,0.0,0.0,true,11,0
1773237067000,64.13530975,-21.7932411666667,0.0,0.0,0.0,true,12,0
1773237071000,64.13530975,-21.7932411666667,4.0,0.0,0.0,true,13,0
1773237071000,64.13530975,-21.7932411666667,0.0,0.0,0.0,true,14,0
1773237076000,64.13530975,-21.7932411666667,5.0,0.0,0.0,true,15,0
1773237076000,64.13530975,-21.7932411666667,0.0,0.0,0.0,true,16,0
1773237079000,64.13530975,-21.7932411666667,3.0,0.0,0.0,true,17,0
1773237081000,64.13530975,-21.7932411666667,2.0,0.0,0.0,true,18,0
1773237081000,64.13530975,-21.7932411666667,0.0,0.0,0.0,true,19,0
1773237081000,64.13530975,-21.7932411666667,0.0,0.0,0.0,true,20,0
1773237088000,64.13530975,-21.7932411666667,7.0,0.0,0.0,true,21,0
1773237088000,64.13530975,-21.7932411666667,0.0,0.0,0.0,true,22,0
1773237092000,64.13530975,-21.7932411666667,4.0,0.0,0.0,true,23,0
1773237094000,64.13530975,-21.7932411666667,2.0,0.0,0.0,true,24,0
1773237096000,64.13530975,-21.7932411666667,2.0,0.0,0.0,true,25,0
1773237096000,64.13530975,-21.7932411666667,0.0,0.0,0.0,true,26,0
1773237100000,64.13530975,-21.7932411666667,4.0,0.0,0.0,true,27,0
1773237100000,64.13530975,-21.7932411666667,0.0,0.0,0.0,true,28,0
1773237105000,64.13530975,-21.7932411666667,5.0,0.0,0.0,true,29,0
1773237105000,64.13530975,-21.7932411666667,0.0,0.0,0.0,true,30,0
1773237107000,64.13530975,-21.7932411666667,2.0,0.0,0.0,true,31,0
1773237111000,64.1377079166667,-21.7910665,4.0,286.8,258.1,false,31,66.0
1773237111000,64.1377079166667,-21.7910665,0.0,0.0,0.0,true,1,0
1773237113000,64.1377079166667,-21.7910665,2.0,0.0,0.0,true,2,0
1773237115000,64.1377079166667,-21.7910665,2.0,0.0,0.0,true,3,0
1773237117000,64.1377079166667,-21.7910665,2.0,0.0,0.0,true,4,0
1773237117000,64.1377079166667,-21.7910665,0.0,0.0,0.0,true,5,0
1773237122000,64.1377079166667,-21.7910665,5.0,0.0,0.0,true,6,0
1773237122000,64.1377079166667,-21.7910665,0.0,0.0,0.0,true,7,0
1773237122000,64.1377079166667,-21.7910665,0.0,0.0,0.0,true,8,0
1773237126000,64.1377079166667,-21.7910665,4.0,0.0,0.0,true,9,0
1773237128000,64.1391188833333,-21.7893501666667,2.0,177.6,319.7,false,9,17.0
1773237128000,64.1391188833333,-21.7893501666667,0.0,0.0,0.0,true,1,0
1773237135000,64.1391188833333,-21.7893501666667,7.0,0.0,0.0,true,2,0
1773237135000,64.1391188833333,-21.7893501666667,0.0,0.0,0.0,true,3,0
1773237137000,64.1391188833333,-21.7893501666667,2.0,0.0,0.0,true,4,0
1773237139000,64.1391188833333,-21.7893501666667,2.0,0.0,0.0,true,5,0
1773237139000,64.1391188833333,-21.7893501666667,0.0,0.0,0.0,true,6,0
1773237141000,64.1391188833333,-21.7893501666667,2.0,0.0,0.0,true,7,0
1773237141000,64.1391188833333,-21.7893501666667,0.0,0.0,0.0,true,8,0
1773237147000,64.1391188833333,-21.7893501666667,6.0,0.0,0.0,true,9,0
1773237152000,64.1391188833333,-21.7893501666667,5.0,0.0,0.0,true,10,0
1773237152000,64.1391188833333,-21.7893501666667,0.0,0.0,0.0,true,11,0
1773237152000,64.1391188833333,-21.7893501666667,0.0,0.0,0.0,true,12,0
1773237156000,64.1391188833333,-21.7893501666667,4.0,0.0,0.0,true,13,0
1773237159000,64.1391188833333,-21.7893501666667,3.0,0.0,0.0,true,14,0
1773237159000,64.1391188833333,-21.7893501666667,0.0,0.0,0.0,true,15,0
1773237161000,64.1391188833333,-21.7893501666667,2.0,0.0,0.0,true,16,0
1773237161000,64.1391188833333,-21.7893501666667,0.0,0.0,0.0,true,17,0
1773237163000,64.1391188833333,-21.7893501666667,2.0,0.0,0.0,true,18,0
1773237167000,64.1393175166667,-21.7848708333333,4.0,218.4,196.5,false,18,39.0
1773237169000,64.1393175166667,-21.7848708333333,2.0,0.0,0.0,true,1,0
1773237172000,64.1393175166667,-21.7848708333333,3.0,0.0,0.0,true,2,0
1773237172000,64.1393175166667,-21.7848708333333,0.0,0.0,0.0,true,3,0
1773237174000,64.1393175166667,-21.7848708333333,2.0,0.0,0.0,true,4,0
1773237178000,64.1393175166667,-21.7848708333333,4.0,0.0,0.0,true,5,0
1773237178000,64.1393175166667,-21.7848708333333,0.0,0.0,0.0,true,6,0
1773237178000,64.1393175166667,-21.7848708333333,0.0,0.0,0.0,true,7,0
1773237181000,64.1393175166667,-21.7848708333333,3.0,0.0,0.0,true,8,0
1773237188000,64.1393175166667,-21.7848708333333,7.0,0.0,0.0,true,9,0
1773237188000,64.1393175166667,-21.7848708333333,0.0,0.0,0.0,true,10,0
1773237191000,64.1393175166667,-21.7848708333333,3.0,0.0,0.0,true,11,0
1773237191000,64.1393175166667,-21.7848708333333,0.0,0.0,0.0,true,12,0
1773237193000,64.1393175166667,-21.7848708333333,2.0,0.0,0.0,true,13,0
1773237195000,64.1393175166667,-21.7848708333333,2.0,0.0,0.0,true,14,0
1773237195000,64.1393175166667,-21.7848708333333,0.0,0.0,0.0,true,15,0
1773237199000,64.1393175166667,-21.7848708333333,4.0,0.0,0.0,true,16,0
1773237202000,64.1393175166667,-21.7848708333333,3.0,0.0,0.0,true,17,0
1773237204000,64.1393175166667,-21.7848708333333,2.0,0.0,0.0,true,18,0
1773237206000,64.13963025,-21.7806593333333,2.0,207.2,373.0,false,18,39.0
1773237206000,64.13963025,-21.7806593333333,0.0,0.0,0.0,true,1,0
1773237206000,64.13963025,-21.7806593333333,0.0,0.0,0.0,true,2,0
1773237212000,64.13963025,-21.7806593333333,6.0,0.0,0.0,true,3,0
1773237212000,64.13963025,-21.7806593333333,0.0,0.0,0.0,true,4,0
1773237216000,64.13963025,-21.7806593333333,4.0,0.0,0.0,true,5,0
1773237218000,64.13963025,-21.7806593333333,2.0,0.0,0.0,true,6,0
1773237220000,64.13963025,-21.7806593333333,2.0,0.0,0.0,true,7,0
1773237220000,64.13963025,-21.7806593333333,0.0,0.0,0.0,true,8,0
1773237226000,64.13963025,-21.7806593333333,6.0,0.0,0.0,true,9,0
1773237226000,64.13963025,-21.7806593333333,0.0,0.0,0.0,true,10,0
1773237228000,64.13963025,-21.7806593333333,2.0,0.0,0.0,true,11,0
1773237228000,64.13963025,-21.7806593333333,0.0,0.0,0.0,true,12,0
1773237232000,64.1386624833333,-21.7767076666667,4.0,219.8,197.8,false,12,26.0
1773237234000,64.1386624833333,-21.7767076666667,2.0,0.0,0.0,true,1,0
1773237234000,64.1386624833333,-21.7767076666667,0.0,0.0,0.0,true,2,0
1773237238000,64.1386624833333,-21.7767076666667,4.0,0.0,0.0,true,3,0
1773237238000,64.1386624833333,-21.7767076666667,0.0,0.0,0.0,true,4,0
1773237243000,64.1386624833333,-21.7767076666667,5.0,0.0,0.0,true,5,0
1773237243000,64.1386624833333,-21.7767076666667,0.0,0.0,0.0,true,6,0
1773237245000,64.1386624833333,-21.7767076666667,2.0,0.0,0.0,true,7,0
1773237247000,64.1386624833333,-21.7767076666667,2.0,0.0,0.0,true,8,0
1773237249000,64.1386624833333,-21.7767076666667,2.0,0.0,0.0,true,9,0
1773237253000,64.1386624833333,-21.7767076666667,4.0,0.0,0.0,true,10,0
1773237253000,64.1386624833333,-21.7767076666667,0.0,0.0,0.0,true,11,0
1773237253000,64.1386624833333,-21.7767076666667,0.0,0.0,0.0,true,12,0
1773237259000,64.1386624833333,-21.7767076666667,6.0,0.0,0.0,true,13,0
1773237261000,64.1386624833333,-21.7767076666667,2.0,0.0,0.0,true,14,0
1773237261000,64.1386624833333,-21.7767076666667,0.0,0.0,0.0,true,15,0
1773237263000,64.1382354333333,-21.774263,2.0,127.7,229.9,false,15,31.0
1773237266000,64.1382354333333,-21.774263,3.0,0.0,0.0,true,1,0
1773237266000,64.1382354333333,-21.774263,0.0,0.0,0.0,true,2,0
1773237266000,64.1382354333333,-21.774263,0.0,0.0,0.0,true,3,0
1773237272000,64.1382354333333,-21.774263,6.0,0.0,0.0,true,4,0
1773237274000,64.1382354333333,-21.774263,2.0,0.0,0.0,true,5,0
1773237274000,64.1382354333333,-21.774263,0.0,0.0,0.0,true,6,0
1773237278000,64.1382354333333,-21.774263,4.0,0.0,0.0,true,7,0
1773237278000,64.1382354333333,-21.774263,0.0,0.0,0.0,true,8,0
1773237280000,64.1382354333333,-21.774263,2.0,0.0,0.0,true,9,0
1773237283000,64.1382354333333,-21.774263,3.0,0.0,0.0,true,10,0
1773237285000,64.1382354333333,-21.774263,2.0,0.0,0.0,true,11,0
1773237288000,64.1382354333333,-21.774263,3.0,0.0,0.0,true,12,0
1773237288000,64.1382354333333,-21.774263,0.0,0.0,0.0,true,13,0
1773237288000,64.1382354333333,-21.774263,0.0,0.0,0.0,true,14,0
1773237292000,64.1382354333333,-21.774263,4.0,0.0,0.0,true,15,0
1773237292000,64.1382354333333,-21.774263,0.0,0.0,0.0,true,16,0
1773237300000,64.1382354333333,-21.774263,8.0,0.0,0.0,true,17,0
1773237300000,64.1382354333333,-21.774263,0.0,0.0,0.0,true,18,0
1773237303000,64.1382354333333,-21.774263,3.0,0.0,0.0,true,19,0
1773237303000,64.1382354333333,-21.774263,0.0,0.0,0.0,true,20,0
1773237307000,64.1382354333333,-21.774263,4.0,0.0,0.0,true,21,0
1773237307000,64.1382354333333,-21.774263,0.0,0.0,0.0,true,22,0
1773237309000,64.1382354333333,-21.774263,2.0,0.0,0.0,true,23,0
1773237312000,64.1382354333333,-21.774263,3.0,0.0,0.0,true,24,0
1773237312000,64.1382354333333,-21.774263,0.0,0.0,0.0,true,25,0
1773237314000,64.1382354333333,-21.774263,2.0,0.0,0.0,true,26,0
1773237317000,64.1382354333333,-21.774263,3.0,0.0,0.0,true,27,0
1773237317000,64.1382354333333,-21.774263,0.0,0.0,0.0,true,28,0
1773237321000,64.1382354333333,-21.774263,4.0,0.0,0.0,true,29,0
1773237325000,64.1382354333333,-21.774263,4.0,0.0,0.0,true,30,0
1773237327000,64.1382354333333,-21.774263,2.0,0.0,0.0,true,31,0
1773237327000,64.1382354333333,-21.774263,0.0,0.0,0.0,true,32,0
1773237329000,64.1382354333333,-21.774263,2.0,0.0,0.0,true,33,0
1773237333000,64.1382354333333,-21.774263,4.0,0.0,0.0,true,34,0
1773237333000,64.1382354333333,-21.774263,0.0,0.0,0.0,true,35,0
1773237333000,64.1382354333333,-21.774263,0.0,0.0,0.0,true,36,0
1773237339000,64.1394062833333,-21.7721298333333,6.0,166.3,99.8,false,36,76.0
1773237341000,64.1394062833333,-21.7721298333333,2.0,0.0,0.0,true,1,0
1773237341000,64.1394062833333,-21.7721298333333,0.0,0.0,0.0,true,2,0
1773237344000,64.1394062833333,-21.7721298333333,3.0,0.0,0.0,true,3,0
1773237346000,64.1394062833333,-21.7721298333333,2.0,0.0,0.0,true,4,0
1773237349000,64.1394062833333,-21.7721298333333,3.0,0.0,0.0,true,5,0
1773237349000,64.1394062833333,-21.7721298333333,0.0,0.0,0.0,true,6,0
1773237352000,64.1394062833333,-21.7721298333333,3.0,0.0,0.0,true,7,0
1773237352000,64.1394062833333,-21.7721298333333,0.0,0.0,0.0,true,8,0
1773237356000,64.1394062833333,-21.7721298333333,4.0,0.0,0.0,true,9,0
1773237356000,64.1394062833333,-21.7721298333333,0.0,0.0,0.0,true,10,0
1773237358000,64.1394062833333,-21.7721298333333,2.0,0.0,0.0,true,11,0
1773237362000,64.1394062833333,-21.7721298333333,4.0,0.0,0.0,true,12,0
1773237364000,64.1394062833333,-21.7721298333333,2.0,0.0,0.0,true,13,0
1773237364000,64.1394062833333,-21.7721298333333,0.0,0.0,0.0,true,14,0
1773237370000,64.1394062833333,-21.7721298333333,6.0,0.0,0.0,true,15,0
1773237370000,64.1394062833333,-21.7721298333333,0.0,0.0,0.0,true,16,0
1773237373000,64.1394062833333,-21.7721298333333,3.0,0.0,0.0,true,17,0
1773237375000,64.1449479833333,-21.774152,2.0,624.0,1123.1,false,17,36.0
1773237375000,64.1449479833333,-21.774152,0.0,0.0,0.0,true,1,0
1773237377000,64.1449479833333,-21.774152,2.0,0.0,0.0,true,2,0
1773237379000,64.1449479833333,-21.774152,2.0,0.0,0.0,true,3,0
1773237379000,64.1449479833333,-21.774152,0.0,0.0,0.0,true,4,0
1773237382000,64.1449479833333,-21.774152,3.0,0.0,0.0,true,5,0
1773237382000,64.1449479833333,-21.774152,0.0,0.0,0.0,true,6,0
1773237390000,64.1449479833333,-21.774152,8.0,0.0,0.0,true,7,0
1773237390000,64.1449479833333,-21.774152,0.0,0.0,0.0,true,8,0
1773237390000,64.1449479833333,-21.774152,0.0,0.0,0.0,true,9,0
1773237394000,64.1449479833333,-21.774152,4.0,0.0,0.0,true,10,0
1773237394000,64.1449479833333,-21.774152,0.0,0.0,0.0,true,11,0
1773237397000,64.1449479833333,-21.774152,3.0,0.0,0.0,true,12,0
1773237401000,64.1449479833333,-21.774152,4.0,0.0,0.0,true,13,0
1773237401000,64.1449479833333,-21.774152,0.0,0.0,0.0,true,14,0
1773237401000,64.1449479833333,-21.774152,0.0,0.0,0.0,true,15,0
1773237404000,64.1449479833333,-21.774152,3.0,0.0,0.0,true,16,0
1773237409000,64.1449479833333,-21.774152,5.0,0.0,0.0,true,17,0
1773237409000,64.1449479833333,-21.774152,0.0,0.0,0.0,true,18,0
1773237413000,64.1449479833333,-21.774152,4.0,0.0,0.0,true,19,0
1773237413000,64.1449479833333,-21.774152,0.0,0.0,0.0,true,20,0
1773237415000,64.1449479833333,-21.774152,2.0,0.0,0.0,true,21,0
1773237419000,64.1449479833333,-21.774152,4.0,0.0,0.0,true,22,0
1773237419000,64.1449479833333,-21.774152,0.0,0.0,0.0,true,23,0
1773237421000,64.1449479833333,-21.774152,2.0,0.0,0.0,true,24,0
1773237424000,64.1449479833333,-21.774152,3.0,0.0,0.0,true,25,0
1773237424000,64.1449479833333,-21.774152,0.0,0.0,0.0,true,26,0
1773237426000,64.1449479833333,-21.774152,2.0,0.0,0.0,true,27,0
1773237428000,64.1449479833333,-21.774152,2.0,0.0,0.0,true,28,0
1773237432000,64.1449479833333,-21.774152,4.0,0.0,0.0,true,29,0
1773237432000,64.1449479833333,-21.774152,0.0,0.0,0.0,true,30,0
1773237434000,64.1463988,-21.7708783333333,2.0,226.3,407.4,false,30,59.0
1773237438000,64.1463988,-21.7708783333333,4.0,0.0,0.0,true,1,0
1773237440000,64.1463988,-21.7708783333333,2.0,0.0,0.0,true,2,0
1773237443000,64.1463988,-21.7708783333333,3.0,0.0,0.0,true,3,0
1773237443000,64.1463988,-21.7708783333333,0.0,0.0,0.0,true,4,0
1773237443000,64.1463988,-21.7708783333333,0.0,0.0,0.0,true,5,0
1773237447000,64.1463988,-21.7708783333333,4.0,0.0,0.0,true,6,0
1773237450000,64.1463988,-21.7708783333333,3.0,0.0,0.0,true,7,0
1773237450000,64.1463988,-21.7708783333333,0.0,0.0,0.0,true,8,0
1773237454000,64.1463988,-21.7708783333333,4.0,0.0,0.0,true,9,0
1773237454000,64.1463988,-21.7708783333333,0.0,0.0,0.0,true,10,0
1773237458000,64.1463988,-21.7708783333333,4.0,0.0,0.0,true,11,0
1773237458000,64.1463988,-21.7708783333333,0.0,0.0,0.0,true,12,0
1773237458000,64.1463988,-21.7708783333333,0.0,0.0,0.0,true,13,0
1773237463000,64.1463988,-21.7708783333333,5.0,0.0,0.0,true,14,0
1773237467000,64.1463988,-21.7708783333333,4.0,0.0,0.0,true,15,0
1773237467000,64.1463988,-21.7708783333333,0.0,0.0,0.0,true,16,0
1773237469000,64.1463988,-21.7708783333333,2.0,0.0,0.0,true,17,0
1773237469000,64.1463988,-21.7708783333333,0.0,0.0,0.0,true,18,0
1773237473000,64.1463988,-21.7708783333333,4.0,0.0,0.0,true,19,0
1773237473000,64.1463988,-21.7708783333333,0.0,0.0,0.0,true,20,0
1773237476000,64.1463988,-21.7708783333333,3.0,0.0,0.0,true,21,0
1773237478000,64.1463988,-21.7708783333333,2.0,0.0,0.0,true,22,0
1773237482000,64.1463988,-21.7708783333333,4.0,0.0,0.0,true,23,0
1773237482000,64.1463988,-21.7708783333333,0.0,0.0,0.0,true,24,0
1773237484000,64.1463988,-21.7708783333333,2.0,0.0,0.0,true,25,0
1773237488000,64.1463988,-21.7708783333333,4.0,0.0,0.0,true,26,0
1773237488000,64.1463988,-21.7708783333333,0.0,0.0,0.0,true,27,0
1773237493000,64.1463988,-21.7708783333333,5.0,0.0,0.0,true,28,0
1773237493000,64.1463988,-21.7708783333333,0.0,0.0,0.0,true,29,0
1773237495000,64.1463988,-21.7708783333333,2.0,0.0,0.0,true,30,0
1773237498000,64.1463988,-21.7708783333333,3.0,0.0,0.0,true,31,0
1773237498000,64.1463988,-21.7708783333333,0.0,0.0,0.0,true,32,0
1773237500000,64.1463988,-21.7708783333333,2.0,0.0,0.0,true,33,0
1773237504000,64.1463988,-21.7708783333333,4.0,0.0,0.0,true,34,0
1773237504000,64.1463988,-21.7708783333333,0.0,0.0,0.0,true,35,0
1773237504000,64.1463988,-21.7708783333333,0.0,0.0,0.0,true,36,0
1773237509000,64.1463988,-21.7708783333333,5.0,0.0,0.0,true,37,0
1773237509000,64.1463988,-21.7708783333333,0.0,0.0,0.0,true,38,0
1773237514000,64.1463988,-21.7708783333333,5.0,0.0,0.0,true,39,0
1773237514000,64.1463988,-21.7708783333333,0.0,0.0,0.0,true,40,0
1773237514000,64.1463988,-21.7708783333333,0.0,0.0,0.0,true,41,0
1773237520000,64.1442159333333,-21.774794,6.0,308.2,184.9,false,41,86.0
1773237522000,64.1442159333333,-21.774794,2.0,0.0,0.0,true,1,0
1773237522000,64.1442159333333,-21.774794,0.0,0.0,0.0,true,2,0
1773237524000,64.1442159333333,-21.774794,2.0,0.0,0.0,true,3,0
1773237524000,64.1442159333333,-21.774794,0.0,0.0,0.0,true,4,0
1773237529000,64.1442159333333,-21.774794,5.0,0.0,0.0,true,5,0
1773237529000,64.1442159333333,-21.774794,0.0,0.0,0.0,true,6,0
1773237529000,64.1442159333333,-21.774794,0.0,0.0,0.0,true,7,0
1773237534000,64.1442159333333,-21.774794,5.0,0.0,0.0,true,8,0
1773237534000,64.1442159333333,-21.774794,0.0,0.0,0.0,true,9,0
1773237534000,64.1442159333333,-21.774794,0.0,0.0,0.0,true,10,0
1773237539000,64.1442159333333,-21.774794,5.0,0.0,0.0,true,11,0
1773237544000,64.1442159333333,-21.774794,5.0,0.0,0.0,true,12,0
1773237544000,64.1442159333333,-21.774794,0.0,0.0,0.0,true,13,0
1773237549000,64.1442159333333,-21.774794,5.0,0.0,0.0,true,14,0
1773237549000,64.1442159333333,-21.774794,0.0,0.0,0.0,true,15,0
1773237549000,64.1442159333333,-21.774794,0.0,0.0,0.0,true,16,0
1773237554000,64.13947055,-21.7723448333333,5.0,540.9,389.4,false,16,34.0
1773237554000,64.13947055,-21.7723448333333,0.0,0.0,0.0,true,1,0
1773237554000,64.13947055,-21.7723448333333,0.0,0.0,0.0,true,2,0
1773237557000,64.13947055,-21.7723448333333,3.0,0.0,0.0,true,3,0
1773237559000,64.13947055,-21.7723448333333,2.0,0.0,0.0,true,4,0
1773237559000,64.13947055,-21.7723448333333,0.0,0.0,0.0,true,5,0
1773237563000,64.13947055,-21.7723448333333,4.0,0.0,0.0,true,6,0
1773237563000,64.13947055,-21.7723448333333,0.0,0.0,0.0,true,7,0
1773237572000,64.13947055,-21.7723448333333,9.0,0.0,0.0,true,8,0
1773237572000,64.13947055,-21.7723448333333,0.0,0.0,0.0,true,9,0
1773237574000,64.1382313333333,-21.7740316666667,2.0,160.3,288.5,false,9,20.0
1773237577000,64.1382313333333,-21.7740316666667,3.0,0.0,0.0,true,1,0
1773237577000,64.1382313333333,-21.7740316666667,0.0,0.0,0.0,true,2,0
1773237577000,64.1382313333333,-21.7740316666667,0.0,0.0,0.0,true,3,0
1773237583000,64.1382313333333,-21.7740316666667,6.0,0.0,0.0,true,4,0
1773237583000,64.1382313333333,-21.7740316666667,0.0,0.0,0.0,true,5,0
1773237585000,64.1382313333333,-21.7740316666667,2.0,0.0,0.0,true,6,0
1773237585000,64.1382313333333,-21.7740316666667,0.0,0.0,0.0,true,7,0
1773237592000,64.13864745,-21.7767068333333,7.0,137.8,70.8,false,7,18.0
1773237592000,64.13864745,-21.7767068333333,0.0,0.0,0.0,true,1,0
1773237594000,64.13864745,-21.7767068333333,2.0,0.0,0.0,true,2,0
1773237594000,64.13864745,-21.7767068333333,0.0,0.0,0.0,true,3,0
1773237597000,64.13864745,-21.7767068333333,3.0,0.0,0.0,true,4,0
1773237597000,64.13864745,-21.7767068333333,0.0,0.0,0.0,true,5,0
1773237600000,64.13864745,-21.7767068333333,3.0,0.0,0.0,true,6,0
1773237603000,64.13864745,-21.7767068333333,3.0,0.0,0.0,true,7,0
1773237603000,64.13864745,-21.7767068333333,0.0,0.0,0.0,true,8,0
1773237603000,64.13864745,-21.7767068333333,0.0,0.0,0.0,true,9,0
1773237610000,64.13864745,-21.7767068333333,7.0,0.0,0.0,true,10,0
1773237614000,64.13963905,-21.7809896666667,4.0,235.2,211.7,false,10,22.0
1773237618000,64.13963905,-21.7809896666667,4.0,0.0,0.0,true,1,0
1773237618000,64.13963905,-21.7809896666667,0.0,0.0,0.0,true,2,0
1773237620000,64.13963905,-21.7809896666667,2.0,0.0,0.0,true,3,0
1773237620000,64.13963905,-21.7809896666667,0.0,0.0,0.0,true,4,0
1773237623000,64.13963905,-21.7809896666667,3.0,0.0,0.0,true,5,0
1773237627000,64.1393549666667,-21.7845716666667,4.0,176.6,158.9,false,5,13.0
1773237627000,64.1393549666667,-21.7845716666667,0.0,0.0,0.0,true,1,0
1773237629000,64.1393549666667,-21.7845716666667,2.0,0.0,0.0,true,2,0
1773237629000,64.1393549666667,-21.7845716666667,0.0,0.0,0.0,true,3,0
1773237629000,64.1393549666667,-21.7845716666667,0.0,0.0,0.0,true,4,0
1773237633000,64.1393549666667,-21.7845716666667,4.0,0.0,0.0,true,5,0
1773237637000,64.1393549666667,-21.7845716666667,4.0,0.0,0.0,true,6,0
1773237640000,64.1393549666667,-21.7845716666667,3.0,0.0,0.0,true,7,0
1773237642000,64.1393549666667,-21.7845716666667,2.0,0.0,0.0,true,8,0
1773237642000,64.1393549666667,-21.7845716666667,0.0,0.0,0.0,true,9,0
1773237645000,64.1393549666667,-21.7845716666667,3.0,0.0,0.0,true,10,0
1773237645000,64.1393549666667,-21.7845716666667,0.0,0.0,0.0,true,11,0
1773237650000,64.1393549666667,-21.7845716666667,5.0,0.0,0.0,true,12,0
1773237650000,64.1393549666667,-21.7845716666667,0.0,0.0,0.0,true,13,0
1773237654000,64.1393549666667,-21.7845716666667,4.0,0.0,0.0,true,14,0
1773237654000,64.1393549666667,-21.7845716666667,0.0,0.0,0.0,true,15,0
1773237654000,64.1393549666667,-21.7845716666667,0.0,0.0,0.0,true,16,0
1773237660000,64.1393549666667,-21.7845716666667,6.0,0.0,0.0,true,17,0
1773237660000,64.1393549666667,-21.7845716666667,0.0,0.0,0.0,true,18,0
1773237662000,64.1393549666667,-21.7845716666667,2.0,0.0,0.0,true,19,0
1773237665000,64.1393549666667,-21.7845716666667,3.0,0.0,0.0,true,20,0
1773237665000,64.1393549666667,-21.7845716666667,0.0,0.0,0.0,true,21,0
1773237667000,64.13934995,-21.7894338333333,2.0,235.8,424.5,false,21,40.0
1773237670000,64.13934995,-21.7894338333333,3.0,0.0,0.0,true,1,0
1773237672000,64.13934995,-21.7894338333333,2.0,0.0,0.0,true,2,0
1773237677000,64.13934995,-21.7894338333333,5.0,0.0,0.0,true,3,0
1773237677000,64.13934995,-21.7894338333333,0.0,0.0,0.0,true,4,0
1773237682000,64.13934995,-21.7894338333333,5.0,0.0,0.0,true,5,0
1773237682000,64.13934995,-21.7894338333333,0.0,0.0,0.0,true,6,0
1773237682000,64.13934995,-21.7894338333333,0.0,0.0,0.0,true,7,0
1773237687000,64.1378762333333,-21.790813,5.0,177.0,127.4,false,7,20.0
1773237687000,64.1378762333333,-21.790813,0.0,0.0,0.0,true,1,0
1773237692000,64.1378762333333,-21.790813,5.0,0.0,0.0,true,2,0
1773237695000,64.1378762333333,-21.790813,3.0,0.0,0.0,true,3,0
1773237697000,64.1378762333333,-21.790813,2.0,0.0,0.0,true,4,0
1773237700000,64.1378762333333,-21.790813,3.0,0.0,0.0,true,5,0
1773237700000,64.1378762333333,-21.790813,0.0,0.0,0.0,true,6,0
1773237702000,64.1378762333333,-21.790813,2.0,0.0,0.0,true,7,0
1773237707000,64.1378762333333,-21.790813,5.0,0.0,0.0,true,8,0
1773237707000,64.1378762333333,-21.790813,0.0,0.0,0.0,true,9,0
1773237707000,64.1378762333333,-21.790813,0.0,0.0,0.0,true,10,0
1773237712000,64.1357297833333,-21.7932335,5.0,266.0,191.5,false,10,25.0
1773237712000,64.1357297833333,-21.7932335,0.0,0.0,0.0,true,1,0
1773237712000,64.1357297833333,-21.7932335,0.0,0.0,0.0,true,2,0
1773237717000,64.1357297833333,-21.7932335,5.0,0.0,0.0,true,3,0
1773237720000,64.1357297833333,-21.7932335,3.0,0.0,0.0,true,4,0
1773237720000,64.1357297833333,-21.7932335,0.0,0.0,0.0,true,5,0
1773237725000,64.1357297833333,-21.7932335,5.0,0.0,0.0,true,6,0
1773237727000,64.1357297833333,-21.7932335,2.0,0.0,0.0,true,7,0
1773237727000,64.1357297833333,-21.7932335,0.0,0.0,0.0,true,8,0
1773237727000,64.1357297833333,-21.7932335,0.0,0.0,0.0,true,9,0
1773237732000,64.1357297833333,-21.7932335,5.0,0.0,0.0,true,10,0
1773237732000,64.1357297833333,-21.7932335,0.0,0.0,0.0,true,11,0
1773237732000,64.1357297833333,-21.7932335,0.0,0.0,0.0,true,12,0
1773237737000,64.1357297833333,-21.7932335,5.0,0.0,0.0,true,13,0
1773237737000,64.1357297833333,-21.7932335,0.0,0.0,0.0,true,14,0
1773237737000,64.1357297833333,-21.7932335,0.0,0.0,0.0,true,15,0
1773237742000,64.1357297833333,-21.7932335,5.0,0.0,0.0,true,16,0
1773237747000,64.1357297833333,-21.7932335,5.0,0.0,0.0,true,17,0
1773237747000,64.1357297833333,-21.7932335,0.0,0.0,0.0,true,18,0
1773237747000,64.1357297833333,-21.7932335,0.0,0.0,0.0,true,19,0
1773237751000,64.1357297833333,-21.7932335,4.0,0.0,0.0,true,20,0
1773237756000,64.1357297833333,-21.7932335,5.0,0.0,0.0,true,21,0
1773237756000,64.1357297833333,-21.7932335,0.0,0.0,0.0,true,22,0
1773237758000,64.1357297833333,-21.7932335,2.0,0.0,0.0,true,23,0
1773237758000,64.1357297833333,-21.7932335,0.0,0.0,0.0,true,24,0
1773237758000,64.1357297833333,-21.7932335,0.0,0.0,0.0,true,25,0
1773237763000,64.1347566166667,-21.7978621666667,5.0,249.2,179.5,false,25,51.0
1773237763000,64.1347566166667,-21.7978621666667,0.0,0.0,0.0,true,1,0
1773237768000,64.1347566166667,-21.7978621666667,5.0,0.0,0.0,true,2,0
1773237768000,64.1347566166667,-21.7978621666667,0.0,0.0,0.0,true,3,0
1773237771000,64.1347566166667,-21.7978621666667,3.0,0.0,0.0,true,4,0
1773237771000,64.1347566166667,-21.7978621666667,0.0,0.0,0.0,true,5,0
1773237771000,64.1347566166667,-21.7978621666667,0.0,0.0,0.0,true,6,0
1773237776000,64.1347566166667,-21.7978621666667,5.0,0.0,0.0,true,7,0
1773237776000,64.1347566166667,-21.7978621666667,0.0,0.0,0.0,true,8,0
1773237783000,64.1347566166667,-21.7978621666667,7.0,0.0,0.0,true,9,0
1773237786000,64.13571695,-21.8020958333333,3.0,231.5,277.8,false,9,23.0
1773237786000,64.13571695,-21.8020958333333,0.0,0.0,0.0,true,1,0
1773237788000,64.13571695,-21.8020958333333,2.0,0.0,0.0,true,2,0
1773237792000,64.13571695,-21.8020958333333,4.0,0.0,0.0,true,3,0
1773237792000,64.13571695,-21.8020958333333,0.0,0.0,0.0,true,4,0
1773237792000,64.13571695,-21.8020958333333,0.0,0.0,0.0,true,5,0
1773237798000,64.13571695,-21.8020958333333,6.0,0.0,0.0,true,6,0
1773237801000,64.13571695,-21.8020958333333,3.0,0.0,0.0,true,7,0
1773237801000,64.13571695,-21.8020958333333,0.0,0.0,0.0,true,8,0
1773237805000,64.13571695,-21.8020958333333,4.0,0.0,0.0,true,9,0
1773237808000,64.13647655,-21.8067361666667,3.0,240.4,288.5,false,9,22.0
1773237813000,64.13647655,-21.8067361666667,5.0,0.0,0.0,true,1,0
1773237813000,64.13647655,-21.8067361666667,0.0,0.0,0.0,true,2,0
1773237818000,64.13647655,-21.8067361666667,5.0,0.0,0.0,true,3,0
1773237818000,64.13647655,-21.8067361666667,0.0,0.0,0.0,true,4,0
1773237818000,64.13647655,-21.8067361666667,0.0,0.0,0.0,true,5,0
1773237823000,64.13647655,-21.8067361666667,5.0,0.0,0.0,true,6,0
1773237823000,64.13647655,-21.8067361666667,0.0,0.0,0.0,true,7,0
1773237828000,64.13647655,-21.8067361666667,5.0,0.0,0.0,true,8,0
1773237833000,64.13647655,-21.8067361666667,5.0,0.0,0.0,true,9,0
1773237833000,64.13647655,-21.8067361666667,0.0,0.0,0.0,true,10,0
1773237835000,64.13647655,-21.8067361666667,2.0,0.0,0.0,true,11,0
1773237835000,64.13647655,-21.8067361666667,0.0,0.0,0.0,true,12,0
1773237838000,64.13647655,-21.8067361666667,3.0,0.0,0.0,true,13,0
1773237843000,64.13647655,-21.8067361666667,5.0,0.0,0.0,true,14,0
1773237843000,64.13647655,-21.8067361666667,0.0,0.0,0.0,true,15,0
1773237843000,64.13647655,-21.8067361666667,0.0,0.0,0.0,true,16,0
1773237848000,64.13647655,-21.8067361666667,5.0,0.0,0.0,true,17,0
1773237848000,64.13647655,-21.8067361666667,0.0,0.0,0.0,true,18,0
1773237848000,64.13647655,-21.8067361666667,0.0,0.0,0.0,true,19,0
1773237853000,64.13647655,-21.8067361666667,5.0,0.0,0.0,true,20,0
1773237853000,64.13647655,-21.8067361666667,0.0,0.0,0.0,true,21,0
1773237858000,64.13647655,-21.8067361666667,5.0,0.0,0.0,true,22,0
1773237861000,64.13647655,-21.8067361666667,3.0,0.0,0.0,true,23,0
1773237861000,64.13647655,-21.8067361666667,0.0,0.0,0.0,true,24,0
1773237863000,64.13647655,-21.8067361666667,2.0,0.0,0.0,true,25,0
1773237863000,64.13647655,-21.8067361666667,0.0,0.0,0.0,true,26,0
1773237868000,64.13647655,-21.8067361666667,5.0,0.0,0.0,true,27,0
1773237868000,64.13647655,-21.8067361666667,0.0,0.0,0.0,true,28,0
1773237868000,64.13647655,-21.8067361666667,0.0,0.0,0.0,true,29,0
1773237873000,64.13647655,-21.8067361666667,5.0,0.0,0.0,true,30,0
1773237878000,64.13647655,-21.8067361666667,5.0,0.0,0.0,true,31,0
1773237878000,64.13647655,-21.8067361666667,0.0,0.0,0.0,true,32,0
1773237878000,64.13647655,-21.8067361666667,0.0,0.0,0.0,true,33,0
1773237881000,64.13647655,-21.8067361666667,3.0,0.0,0.0,true,34,0
1773237881000,64.13647655,-21.8067361666667,0.0,0.0,0.0,true,35,0
1773237885000,64.1371812666667,-21.8100445,4.0,178.6,160.7,false,35,77.0
1773237888000,64.1371812666667,-21.8100445,3.0,0.0,0.0,true,1,0
1773237888000,64.1371812666667,-21.8100445,0.0,0.0,0.0,true,2,0
1773237891000,64.1371812666667,-21.8100445,3.0,0.0,0.0,true,3,0
1773237893000,64.1371812666667,-21.8100445,2.0,0.0,0.0,true,4,0
1773237893000,64.1371812666667,-21.8100445,0.0,0.0,0.0,true,5,0
1773237898000,64.1371812666667,-21.8100445,5.0,0.0,0.0,true,6,0
1773237901000,64.1371812666667,-21.8100445,3.0,0.0,0.0,true,7,0
1773237901000,64.1371812666667,-21.8100445,0.0,0.0,0.0,true,8,0
1773237903000,64.1367760166667,-21.8123328333333,2.0,119.8,215.6,false,8,18.0
1773237908000,64.1367760166667,-21.8123328333333,5.0,0.0,0.0,true,1,0
1773237908000,64.1367760166667,-21.8123328333333,0.0,0.0,0.0,true,2,0
1773237910000,64.1367760166667,-21.8123328333333,2.0,0.0,0.0,true,3,0
1773237910000,64.1367760166667,-21.8123328333333,0.0,0.0,0.0,true,4,0
1773237913000,64.1367760166667,-21.8123328333333,3.0,0.0,0.0,true,5,0
1773237918000,64.1367760166667,-21.8123328333333,5.0,0.0,0.0,true,6,0
1773237918000,64.1367760166667,-21.8123328333333,0.0,0.0,0.0,true,7,0
1773237918000,64.1367760166667,-21.8123328333333,0.0,0.0,0.0,true,8,0
1773237921000,64.1367760166667,-21.8123328333333,3.0,0.0,0.0,true,9,0
1773237921000,64.1367760166667,-21.8123328333333,0.0,0.0,0.0,true,10,0
1773237924000,64.1367760166667,-21.8123328333333,3.0,0.0,0.0,true,11,0
1773237929000,64.1367760166667,-21.8123328333333,5.0,0.0,0.0,true,12,0
1773237929000,64.1367760166667,-21.8123328333333,0.0,0.0,0.0,true,13,0
1773237929000,64.1367760166667,-21.8123328333333,0.0,0.0,0.0,true,14,0
1773237937000,64.138328,-21.8160388333333,8.0,249.2,112.1,false,14,34.0
1773237937000,64.138328,-21.8160388333333,0.0,0.0,0.0,true,1,0
1773237939000,64.138328,-21.8160388333333,2.0,0.0,0.0,true,2,0
1773237939000,64.138328,-21.8160388333333,0.0,0.0,0.0,true,3,0
1773237942000,64.138328,-21.8160388333333,3.0,0.0,0.0,true,4,0
1773237944000,64.138328,-21.8160388333333,2.0,0.0,0.0,true,5,0
1773237944000,64.138328,-21.8160388333333,0.0,0.0,0.0,true,6,0
1773237946000,64.138328,-21.8160388333333,2.0,0.0,0.0,true,7,0
1773237950000,64.138328,-21.8160388333333,4.0,0.0,0.0,true,8,0
1773237952000,64.1392914833333,-21.8183578333333,2.0,155.3,279.6,false,8,15.0
1773237954000,64.1392914833333,-21.8183578333333,2.0,0.0,0.0,true,1,0
1773237958000,64.1392914833333,-21.8183578333333,4.0,0.0,0.0,true,2,0
1773237958000,64.1392914833333,-21.8183578333333,0.0,0.0,0.0,true,3,0
1773237958000,64.1392914833333,-21.8183578333333,0.0,0.0,0.0,true,4,0
1773237963000,64.1392914833333,-21.8183578333333,5.0,0.0,0.0,true,5,0
1773237963000,64.1392914833333,-21.8183578333333,0.0,0.0,0.0,true,6,0
1773237965000,64.1392914833333,-21.8183578333333,2.0,0.0,0.0,true,7,0
1773237967000,64.1392914833333,-21.8183578333333,2.0,0.0,0.0,true,8,0
1773237967000,64.1392914833333,-21.8183578333333,0.0,0.0,0.0,true,9,0
1773237973000,64.1403879666667,-21.8172355,6.0,133.5,80.1,false,9,21.0
1773237975000,64.1403879666667,-21.8172355,2.0,0.0,0.0,true,1,0
1773237980000,64.1403879666667,-21.8172355,5.0,0.0,0.0,true,2,0
1773237980000,64.1403879666667,-21.8172355,0.0,0.0,0.0,true,3,0
1773237980000,64.1403879666667,-21.8172355,0.0,0.0,0.0,true,4,0
1773237980000,64.1403879666667,-21.8172355,0.0,0.0,0.0,true,5,0
1773237987000,64.1403879666667,-21.8172355,7.0,0.0,0.0,true,6,0
1773237987000,64.1403879666667,-21.8172355,0.0,0.0,0.0,true,7,0
1773237992000,64.1403879666667,-21.8172355,5.0,0.0,0.0,true,8,0
1773237992000,64.1403879666667,-21.8172355,0.0,0.0,0.0,true,9,0
1773237994000,64.1403879666667,-21.8172355,2.0,0.0,0.0,true,10,0
1773237994000,64.1403879666667,-21.8172355,0.0,0.0,0.0,true,11,0
1773237998000,64.1403879666667,-21.8172355,4.0,0.0,0.0,true,12,0
1773237998000,64.1403879666667,-21.8172355,0.0,0.0,0.0,true,13,0
1773237998000,64.1403879666667,-21.8172355,0.0,0.0,0.0,true,14,0
1773238005000,64.1397466333333,-21.8121005,7.0,259.1,133.2,false,14,32.0
1773238007000,64.1397466333333,-21.8121005,2.0,0.0,0.0,true,1,0
1773238007000,64.1397466333333,-21.8121005,0.0,0.0,0.0,true,2,0
1773238009000,64.1397466333333,-21.8121005,2.0,0.0,0.0,true,3,0
1773238009000,64.1397466333333,-21.8121005,0.0,0.0,0.0,true,4,0
1773238013000,64.1397466333333,-21.8121005,4.0,0.0,0.0,true,5,0
1773238015000,64.1397466333333,-21.8121005,2.0,0.0,0.0,true,6,0
1773238015000,64.1397466333333,-21.8121005,0.0,0.0,0.0,true,7,0
1773238018000,64.1397466333333,-21.8121005,3.0,0.0,0.0,true,8,0
1773238022000,64.1397466333333,-21.8121005,4.0,0.0,0.0,true,9,0
1773238024000,64.13856995,-21.8086393333333,2.0,212.8,383.1,false,9,19.0
1773238027000,64.13856995,-21.8086393333333,3.0,0.0,0.0,true,1,0
1773238027000,64.13856995,-21.8086393333333,0.0,0.0,0.0,true,2,0
1773238030000,64.13856995,-21.8086393333333,3.0,0.0,0.0,true,3,0
1773238030000,64.13856995,-21.8086393333333,0.0,0.0,0.0,true,4,0
1773238037000,64.13856995,-21.8086393333333,7.0,0.0,0.0,true,5,0
1773238037000,64.13856995,-21.8086393333333,0.0,0.0,0.0,true,6,0
1773238037000,64.13856995,-21.8086393333333,0.0,0.0,0.0,true,7,0
1773238042000,64.13856995,-21.8086393333333,5.0,0.0,0.0,true,8,0
1773238044000,64.13856995,-21.8086393333333,2.0,0.0,0.0,true,9,0
1773238044000,64.13856995,-21.8086393333333,0.0,0.0,0.0,true,10,0
1773238047000,64.13856995,-21.8086393333333,3.0,0.0,0.0,true,11,0
1773238047000,64.13856995,-21.8086393333333,0.0,0.0,0.0,true,12,0
1773238054000,64.13856995,-21.8086393333333,7.0,0.0,0.0,true,13,0
1773238057000,64.13856995,-21.8086393333333,3.0,0.0,0.0,true,14,0
1773238057000,64.13856995,-21.8086393333333,0.0,0.0,0.0,true,15,0
1773238059000,64.1384027833333,-21.8071235,2.0,75.8,136.5,false,15,35.0
1773238059000,64.1384027833333,-21.8071235,0.0,0.0,0.0,true,1,0
1773238062000,64.1384027833333,-21.8071235,3.0,0.0,0.0,true,2,0
1773238064000,64.1384027833333,-21.8071235,2.0,0.0,0.0,true,3,0
1773238067000,64.1384027833333,-21.8071235,3.0,0.0,0.0,true,4,0
1773238067000,64.1384027833333,-21.8071235,0.0,0.0,0.0,true,5,0
1773238069000,64.1384027833333,-21.8071235,2.0,0.0,0.0,true,6,0
1773238072000,64.1384027833333,-21.8071235,3.0,0.0,0.0,true,7,0
1773238074000,64.1384027833333,-21.8071235,2.0,0.0,0.0,true,8,0
1773238078000,64.1384027833333,-21.8071235,4.0,0.0,0.0,true,9,0
1773238078000,64.1384027833333,-21.8071235,0.0,0.0,0.0,true,10,0
1773238081000,64.1384027833333,-21.8071235,3.0,0.0,0.0,true,11,0
1773238083000,64.1384027833333,-21.8071235,2.0,0.0,0.0,true,12,0
1773238083000,64.1384027833333,-21.8071235,0.0,0.0,0.0,true,13,0
1773238086000,64.1384027833333,-21.8071235,3.0,0.0,0.0,true,14,0
1773238088000,64.1384027833333,-21.8071235,2.0,0.0,0.0,true,15,0
1773238088000,64.1384027833333,-21.8071235,0.0,0.0,0.0,true,16,0
1773238090000,64.1384027833333,-21.8071235,2.0,0.0,0.0,true,17,0
1773238090000,64.1384027833333,-21.8071235,0.0,0.0,0.0,true,18,0
1773238093000,64.1384027833333,-21.8071235,3.0,0.0,0.0,true,19,0
1773238099000,64.1384027833333,-21.8071235,6.0,0.0,0.0,true,20,0
1773238099000,64.1384027833333,-21.8071235,0.0,0.0,0.0,true,21,0
1773238101000,64.1384027833333,-21.8071235,2.0,0.0,0.0,true,22,0
1773238101000,64.1384027833333,-21.8071235,0.0,0.0,0.0,true,23,0
1773238104000,64.1384027833333,-21.8071235,3.0,0.0,0.0,true,24,0
1773238107000,64.1444496166667,-21.8060213333333,3.0,674.5,809.4,false,24,48.0
1773238111000,64.1444496166667,-21.8060213333333,4.0,0.0,0.0,true,1,0
1773238111000,64.1444496166667,-21.8060213333333,0.0,0.0,0.0,true,2,0
1773238114000,64.1444496166667,-21.8060213333333,3.0,0.0,0.0,true,3,0
1773238116000,64.1444496166667,-21.8060213333333,2.0,0.0,0.0,true,4,0
1773238119000,64.1444496166667,-21.8060213333333,3.0,0.0,0.0,true,5,0
1773238119000,64.1444496166667,-21.8060213333333,0.0,0.0,0.0,true,6,0
1773238124000,64.1444496166667,-21.8060213333333,5.0,0.0,0.0,true,7,0
1773238124000,64.1444496166667,-21.8060213333333,0.0,0.0,0.0,true,8,0
1773238126000,64.1444496166667,-21.8060213333333,2.0,0.0,0.0,true,9,0
1773238126000,64.1444496166667,-21.8060213333333,0.0,0.0,0.0,true,10,0
1773238129000,64.1444496166667,-21.8060213333333,3.0,0.0,0.0,true,11,0
1773238132000,64.1444496166667,-21.8060213333333,3.0,0.0,0.0,true,12,0
1773238136000,64.1444496166667,-21.8060213333333,4.0,0.0,0.0,true,13,0
1773238136000,64.1444496166667,-21.8060213333333,0.0,0.0,0.0,true,14,0
1773238138000,64.1444496166667,-21.8060213333333,2.0,0.0,0.0,true,15,0
1773238140000,64.1444496166667,-21.8060213333333,2.0,0.0,0.0,true,16,0
1773238144000,64.1444496166667,-21.8060213333333,4.0,0.0,0.0,true,17,0
1773238144000,64.1444496166667,-21.8060213333333,0.0,0.0,0.0,true,18,0
1773238146000,64.1444496166667,-21.8060213333333,2.0,0.0,0.0,true,19,0
1773238146000,64.1444496166667,-21.8060213333333,0.0,0.0,0.0,true,20,0
1773238148000,64.1444496166667,-21.8060213333333,2.0,0.0,0.0,true,21,0
1773238150000,64.1444496166667,-21.8060213333333,2.0,0.0,0.0,true,22,0
1773238155000,64.1444496166667,-21.8060213333333,5.0,0.0,0.0,true,23,0
1773238157000,64.1444496166667,-21.8060213333333,2.0,0.0,0.0,true,24,0
1773238161000,64.1444496166667,-21.8060213333333,4.0,0.0,0.0,true,25,0
1773238161000,64.1444496166667,-21.8060213333333,0.0,0.0,0.0,true,26,0
1773238161000,64.1444496166667,-21.8060213333333,0.0,0.0,0.0,true,27,0
1773238165000,64.14339755,-21.8074818333333,4.0,136.8,123.1,false,27,58.0
1773238165000,64.14339755,-21.8074818333333,0.0,0.0,0.0,true,1,0
1773238167000,64.14339755,-21.8074818333333,2.0,0.0,0.0,true,2,0
1773238169000,64.14339755,-21.8074818333333,2.0,0.0,0.0,true,3,0
1773238169000,64.14339755,-21.8074818333333,0.0,0.0,0.0,true,4,0
1773238174000,64.14339755,-21.8074818333333,5.0,0.0,0.0,true,5,0
1773238174000,64.14339755,-21.8074818333333,0.0,0.0,0.0,true,6,0
1773238176000,64.14339755,-21.8074818333333,2.0,0.0,0.0,true,7,0
1773238180000,64.14339755,-21.8074818333333,4.0,0.0,0.0,true,8,0
1773238180000,64.14339755,-21.8074818333333,0.0,0.0,0.0,true,9,0
1773238185000,64.14339755,-21.8074818333333,5.0,0.0,0.0,true,10,0
1773238187000,64.14339755,-21.8074818333333,2.0,0.0,0.0,true,11,0
1773238187000,64.14339755,-21.8074818333333,0.0,0.0,0.0,true,12,0
1773238191000,64.14339755,-21.8074818333333,4.0,0.0,0.0,true,13,0
1773238193000,64.14339755,-21.8074818333333,2.0,0.0,0.0,true,14,0
1773238193000,64.14339755,-21.8074818333333,0.0,0.0,0.0,true,15,0
1773238195000,64.14339755,-21.8074818333333,2.0,0.0,0.0,true,16,0
1773238195000,64.14339755,-21.8074818333333,0.0,0.0,0.0,true,17,0
1773238202000,64.14339755,-21.8074818333333,7.0,0.0,0.0,true,18,0
1773238202000,64.14339755,-21.8074818333333,0.0,0.0,0.0,true,19,0
1773238202000,64.14339755,-21.8074818333333,0.0,0.0,0.0,true,20,0
1773238205000,64.14339755,-21.8074818333333,3.0,0.0,0.0,true,21,0
1773238207000,64.14339755,-21.8074818333333,2.0,0.0,0.0,true,22,0
1773238212000,64.14339755,-21.8074818333333,5.0,0.0,0.0,true,23,0
1773238212000,64.14339755,-21.8074818333333,0.0,0.0,0.0,true,24,0
1773238212000,64.14339755,-21.8074818333333,0.0,0.0,0.0,true,25,0
1773238212000,64.14339755,-21.8074818333333,0.0,0.0,0.0,true,26,0
1773238217000,64.14339755,-21.8074818333333,5.0,0.0,0.0,true,27,0
1773238221000,64.14339755,-21.8074818333333,4.0,0.0,0.0,true,28,0
1773238221000,64.14339755,-21.8074818333333,0.0,0.0,0.0,true,29,0
1773238221000,64.14339755,-21.8074818333333,0.0,0.0,0.0,true,30,0
1773238225000,64.14339755,-21.8074818333333,4.0,0.0,0.0,true,31,0
1773238231000,64.14339755,-21.8074818333333,6.0,0.0,0.0,true,32,0
1773238231000,64.14339755,-21.8074818333333,0.0,0.0,0.0,true,33,0
1773238233000,64.14339755,-21.8074818333333,2.0,0.0,0.0,true,34,0
1773238233000,64.14339755,-21.8074818333333,0.0,0.0,0.0,true,35,0
1773238235000,64.14339755,-21.8074818333333,2.0,0.0,0.0,true,36,0
1773238237000,64.14339755,-21.8074818333333,2.0,0.0,0.0,true,37,0
1773238237000,64.14339755,-21.8074818333333,0.0,0.0,0.0,true,38,0
1773238243000,64.14339755,-21.8074818333333,6.0,0.0,0.0,true,39,0
1773238247000,64.14339755,-21.8074818333333,4.0,0.0,0.0,true,40,0
1773238247000,64.14339755,-21.8074818333333,0.0,0.0,0.0,true,41,0
1773238247000,64.14339755,-21.8074818333333,0.0,0.0,0.0,true,42,0
1773238247000,64.14339755,-21.8074818333333,0.0,0.0,0.0,true,43,0
1773238252000,64.14339755,-21.8074818333333,5.0,0.0,0.0,true,44,0
1773238254000,64.14339755,-21.8074818333333,2.0,0.0,0.0,true,45,0
1773238258000,64.14339755,-21.8074818333333,4.0,0.0,0.0,true,46,0
1773238258000,64.14339755,-21.8074818333333,0.0,0.0,0.0,true,47,0
1773238262000,64.14339755,-21.8074818333333,4.0,0.0,0.0,true,48,0
1773238262000,64.14339755,-21.8074818333333,0.0,0.0,0.0,true,49,0
1773238264000,64.14339755,-21.8074818333333,2.0,0.0,0.0,true,50,0
1773238266000,64.14339755,-21.8074818333333,2.0,0.0,0.0,true,51,0
1773238266000,64.14339755,-21.8074818333333,0.0,0.0,0.0,true,52,0
1773238266000,64.14339755,-21.8074818333333,0.0,0.0,0.0,true,53,0
1773238270000,64.14339755,-21.8074818333333,4.0,0.0,0.0,true,54,0
1773238272000,64.14339755,-21.8074818333333,2.0,0.0,0.0,true,55,0
1773238275000,64.14339755,-21.8074818333333,3.0,0.0,0.0,true,56,0
1773238279000,64.14339755,-21.8074818333333,4.0,0.0,0.0,true,57,0
1773238279000,64.14339755,-21.8074818333333,0.0,0.0,0.0,true,58,0
1773238284000,64.14326635,-21.8070351666667,5.0,26.1,18.8,false,58,119.0
1773238284000,64.14326635,-21.8070351666667,0.0,0.0,0.0,true,1,0
1773238286000,64.14326635,-21.8070351666667,2.0,0.0,0.0,true,2,0
1773238286000,64.14326635,-21.8070351666667,0.0,0.0,0.0,true,3,0
1773238290000,64.14326635,-21.8070351666667,4.0,0.0,0.0,true,4,0
1773238292000,64.14326635,-21.8070351666667,2.0,0.0,0.0,true,5,0
1773238292000,64.14326635,-21.8070351666667,0.0,0.0,0.0,true,6,0
1773238294000,64.14326635,-21.8070351666667,2.0,0.0,0.0,true,7,0
1773238300000,64.14326635,-21.8070351666667,6.0,0.0,0.0,true,8,0
1773238300000,64.14326635,-21.8070351666667,0.0,0.0,0.0,true,9,0
1773238302000,64.14326635,-21.8070351666667,2.0,0.0,0.0,true,10,0
1773238302000,64.14326635,-21.8070351666667,0.0,0.0,0.0,true,11,0
1773238309000,64.14326635,-21.8070351666667,7.0,0.0,0.0,true,12,0
1773238309000,64.14326635,-21.8070351666667,0.0,0.0,0.0,true,13,0
1773238309000,64.14326635,-21.8070351666667,0.0,0.0,0.0,true,14,0
1773238315000,64.14326635,-21.8070351666667,6.0,0.0,0.0,true,15,0
1773238315000,64.14326635,-21.8070351666667,0.0,0.0,0.0,true,16,0
1773238315000,64.14326635,-21.8070351666667,0.0,0.0,0.0,true,17,0
1773238320000,64.14326635,-21.8070351666667,5.0,0.0,0.0,true,18,0
1773238322000,64.14326635,-21.8070351666667,2.0,0.0,0.0,true,19,0
1773238322000,64.14326635,-21.8070351666667,0.0,0.0,0.0,true,20,0
1773238326000,64.14326635,-21.8070351666667,4.0,0.0,0.0,true,21,0
1773238328000,64.14326635,-21.8070351666667,2.0,0.0,0.0,true,22,0
1773238328000,64.14326635,-21.8070351666667,0.0,0.0,0.0,true,23,0
1773238330000,64.14326635,-21.8070351666667,2.0,0.0,0.0,true,24,0
1773238332000,64.14326635,-21.8070351666667,2.0,0.0,0.0,true,25,0
1773238332000,64.14326635,-21.8070351666667,0.0,0.0,0.0,true,26,0
1773238335000,64.14326635,-21.8070351666667,3.0,0.0,0.0,true,27,0
1773238337000,64.14326635,-21.8070351666667,2.0,0.0,0.0,true,28,0
1773238342000,64.14326635,-21.8070351666667,5.0,0.0,0.0,true,29,0
1773238342000,64.14326635,-21.8070351666667,0.0,0.0,0.0,true,30,0
1773238345000,64.14326635,-21.8070351666667,3.0,0.0,0.0,true,31,0
1773238345000,64.14326635,-21.8070351666667,0.0,0.0,0.0,true,32,0
1773238349000,64.14326635,-21.8070351666667,4.0,0.0,0.0,true,33,0
1773238349000,64.14326635,-21.8070351666667,0.0,0.0,0.0,true,34,0
1773238351000,64.14326635,-21.8070351666667,2.0,0.0,0.0,true,35,0
1773238354000,64.14326635,-21.8070351666667,3.0,0.0,0.0,true,36,0
1773238354000,64.14326635,-21.8070351666667,0.0,0.0,0.0,true,37,0
1773238356000,64.14326635,-21.8070351666667,2.0,0.0,0.0,true,38,0
1773238362000,64.14326635,-21.8070351666667,6.0,0.0,0.0,true,39,0
1773238362000,64.14326635,-21.8070351666667,0.0,0.0,0.0,true,40,0
1773238364000,64.14326635,-21.8070351666667,2.0,0.0,0.0,true,41,0
1773238368000,64.14326635,-21.8070351666667,4.0,0.0,0.0,true,42,0
1773238368000,64.14326635,-21.8070351666667,0.0,0.0,0.0,true,43,0
1773238371000,64.14326635,-21.8070351666667,3.0,0.0,0.0,true,44,0
1773238373000,64.14326635,-21.8070351666667,2.0,0.0,0.0,true,45,0
1773238373000,64.14326635,-21.8070351666667,0.0,0.0,0.0,true,46,0
1773238375000,64.1446537166667,-21.8066085,2.0,155.6,280.2,false,46,91.0
1773238377000,64.1446537166667,-21.8066085,2.0,0.0,0.0,true,1,0
1773238377000,64.1446537166667,-21.8066085,0.0,0.0,0.0,true,2,0
1773238382000,64.1446537166667,-21.8066085,5.0,0.0,0.0,true,3,0
1773238382000,64.1446537166667,-21.8066085,0.0,0.0,0.0,true,4,0
1773238386000,64.1446537166667,-21.8066085,4.0,0.0,0.0,true,5,0
1773238388000,64.1446537166667,-21.8066085,2.0,0.0,0.0,true,6,0
1773238388000,64.1446537166667,-21.8066085,0.0,0.0,0.0,true,7,0
1773238391000,64.1446537166667,-21.8066085,3.0,0.0,0.0,true,8,0
1773238395000,64.1446537166667,-21.8066085,4.0,0.0,0.0,true,9,0
1773238395000,64.1446537166667,-21.8066085,0.0,0.0,0.0,true,10,0
1773238397000,64.1446537166667,-21.8066085,2.0,0.0,0.0,true,11,0
1773238401000,64.1446537166667,-21.8066085,4.0,0.0,0.0,true,12,0
1773238403000,64.1446537166667,-21.8066085,2.0,0.0,0.0,true,13,0
1773238405000,64.1446537166667,-21.8066085,2.0,0.0,0.0,true,14,0
1773238407000,64.1446537166667,-21.8066085,2.0,0.0,0.0,true,15,0
1773238407000,64.1446537166667,-21.8066085,0.0,0.0,0.0,true,16,0
1773238412000,64.1446537166667,-21.8066085,5.0,0.0,0.0,true,17,0
1773238412000,64.1446537166667,-21.8066085,0.0,0.0,0.0,true,18,0
1773238414000,64.1446537166667,-21.8066085,2.0,0.0,0.0,true,19,0
1773238416000,64.1446537166667,-21.8066085,2.0,0.0,0.0,true,20,0
1773238416000,64.1446537166667,-21.8066085,0.0,0.0,0.0,true,21,0
1773238418000,64.1446537166667,-21.8066085,2.0,0.0,0.0,true,22,0
1773238422000,64.1446537166667,-21.8066085,4.0,0.0,0.0,true,23,0
1773238422000,64.1446537166667,-21.8066085,0.0,0.0,0.0,true,24,0
1773238428000,64.1446537166667,-21.8066085,6.0,0.0,0.0,true,25,0
1773238428000,64.1446537166667,-21.8066085,0.0,0.0,0.0,true,26,0
1773238428000,64.1446537166667,-21.8066085,0.0,0.0,0.0,true,27,0
1773238433000,64.1446537166667,-21.8066085,5.0,0.0,0.0,true,28,0
1773238435000,64.1446537166667,-21.8066085,2.0,0.0,0.0,true,29,0
1773238435000,64.1446537166667,-21.8066085,0.0,0.0,0.0,true,30,0
1773238439000,64.1376417333333,-21.8082618333333,4.0,783.8,705.4,false,30,64.0
1773238439000,64.1376417333333,-21.8082618333333,0.0,0.0,0.0,true,1,0
1773238441000,64.1376417333333,-21.8082618333333,2.0,0.0,0.0,true,2,0
1773238443000,64.1376417333333,-21.8082618333333,2.0,0.0,0.0,true,3,0
1773238446000,64.1376417333333,-21.8082618333333,3.0,0.0,0.0,true,4,0
1773238448000,64.1376417333333,-21.8082618333333,2.0,0.0,0.0,true,5,0
1773238451000,64.1376417333333,-21.8082618333333,3.0,0.0,0.0,true,6,0
1773238455000,64.1376417333333,-21.8082618333333,4.0,0.0,0.0,true,7,0
1773238455000,64.1376417333333,-21.8082618333333,0.0,0.0,0.0,true,8,0
1773238457000,64.1376417333333,-21.8082618333333,2.0,0.0,0.0,true,9,0
1773238457000,64.1376417333333,-21.8082618333333,0.0,0.0,0.0,true,10,0
1773238460000,64.1376417333333,-21.8082618333333,3.0,0.0,0.0,true,11,0
1773238465000,64.1376417333333,-21.8082618333333,5.0,0.0,0.0,true,12,0
1773238465000,64.1376417333333,-21.8082618333333,0.0,0.0,0.0,true,13,0
1773238468000,64.1376417333333,-21.8082618333333,3.0,0.0,0.0,true,14,0
1773238471000,64.1383742,-21.8081305,3.0,81.7,98.0,false,14,32.0
1773238471000,64.1383742,-21.8081305,0.0,0.0,0.0,true,1,0
1773238473000,64.1383742,-21.8081305,2.0,0.0,0.0,true,2,0
1773238473000,64.1383742,-21.8081305,0.0,0.0,0.0,true,3,0
1773238473000,64.1383742,-21.8081305,0.0,0.0,0.0,true,4,0
1773238477000,64.1383742,-21.8081305,4.0,0.0,0.0,true,5,0
1773238477000,64.1383742,-21.8081305,0.0,0.0,0.0,true,6,0
1773238480000,64.1383742,-21.8081305,3.0,0.0,0.0,true,7,0
1773238486000,64.1383742,-21.8081305,6.0,0.0,0.0,true,8,0
1773238486000,64.1383742,-21.8081305,0.0,0.0,0.0,true,9,0
1773238488000,64.1383742,-21.8081305,2.0,0.0,0.0,true,10,0
1773238492000,64.1383742,-21.8081305,4.0,0.0,0.0,true,11,0
1773238492000,64.1383742,-21.8081305,0.0,0.0,0.0,true,12,0
1773238492000,64.1383742,-21.8081305,0.0,0.0,0.0,true,13,0
1773238497000,64.13959255,-21.8116265,5.0,217.0,156.3,false,13,26.0
1773238499000,64.13959255,-21.8116265,2.0,0.0,0.0,true,1,0
1773238499000,64.13959255,-21.8116265,0.0,0.0,0.0,true,2,0
1773238504000,64.13959255,-21.8116265,5.0,0.0,0.0,true,3,0
1773238504000,64.13959255,-21.8116265,0.0,0.0,0.0,true,4,0
1773238504000,64.13959255,-21.8116265,0.0,0.0,0.0,true,5,0
1773238508000,64.13959255,-21.8116265,4.0,0.0,0.0,true,6,0
1773238508000,64.13959255,-21.8116265,0.0,0.0,0.0,true,7,0
1773238513000,64.13959255,-21.8116265,5.0,0.0,0.0,true,8,0
1773238515000,64.13959255,-21.8116265,2.0,0.0,0.0,true,9,0
1773238515000,64.13959255,-21.8116265,0.0,0.0,0.0,true,10,0
1773238517000,64.13959255,-21.8116265,2.0,0.0,0.0,true,11,0
1773238517000,64.13959255,-21.8116265,0.0,0.0,0.0,true,12,0
1773238521000,64.13959255,-21.8116265,4.0,0.0,0.0,true,13,0
1773238523000,64.13959255,-21.8116265,2.0,0.0,0.0,true,14,0
1773238523000,64.13959255,-21.8116265,0.0,0.0,0.0,true,15,0
1773238528000,64.13959255,-21.8116265,5.0,0.0,0.0,true,16,0
1773238531000,64.1406720833333,-21.8166493333333,3.0,271.6,325.9,false,16,34.0
1773238531000,64.1406720833333,-21.8166493333333,0.0,0.0,0.0,true,1,0
1773238533000,64.1406720833333,-21.8166493333333,2.0,0.0,0.0,true,2,0
1773238533000,64.1406720833333,-21.8166493333333,0.0,0.0,0.0,true,3,0
1773238533000,64.1406720833333,-21.8166493333333,0.0,0.0,0.0,true,4,0
1773238539000,64.1406720833333,-21.8166493333333,6.0,0.0,0.0,true,5,0
1773238542000,64.1406720833333,-21.8166493333333,3.0,0.0,0.0,true,6,0
1773238542000,64.1406720833333,-21.8166493333333,0.0,0.0,0.0,true,7,0
1773238546000,64.1406720833333,-21.8166493333333,4.0,0.0,0.0,true,8,0
1773238550000,64.1406720833333,-21.8166493333333,4.0,0.0,0.0,true,9,0
1773238550000,64.1406720833333,-21.8166493333333,0.0,0.0,0.0,true,10,0
1773238553000,64.1406720833333,-21.8166493333333,3.0,0.0,0.0,true,11,0
1773238553000,64.1406720833333,-21.8166493333333,0.0,0.0,0.0,true,12,0
1773238555000,64.1406720833333,-21.8166493333333,2.0,0.0,0.0,true,13,0
1773238559000,64.1406720833333,-21.8166493333333,4.0,0.0,0.0,true,14,0
1773238559000,64.1406720833333,-21.8166493333333,0.0,0.0,0.0,true,15,0
1773238561000,64.1406720833333,-21.8166493333333,2.0,0.0,0.0,true,16,0
1773238563000,64.1394876333333,-21.8182113333333,2.0,151.9,273.5,false,16,32.0
1773238563000,64.1394876333333,-21.8182113333333,0.0,0.0,0.0,true,1,0
1773238568000,64.1394876333333,-21.8182113333333,5.0,0.0,0.0,true,2,0
1773238570000,64.1394876333333,-21.8182113333333,2.0,0.0,0.0,true,3,0
1773238570000,64.1394876333333,-21.8182113333333,0.0,0.0,0.0,true,4,0
1773238575000,64.1394876333333,-21.8182113333333,5.0,0.0,0.0,true,5,0
1773238575000,64.1394876333333,-21.8182113333333,0.0,0.0,0.0,true,6,0
1773238575000,64.1394876333333,-21.8182113333333,0.0,0.0,0.0,true,7,0
1773238581000,64.1394876333333,-21.8182113333333,6.0,0.0,0.0,true,8,0
1773238581000,64.1394876333333,-21.8182113333333,0.0,0.0,0.0,true,9,0
1773238585000,64.1383443,-21.816462,4.0,152.8,137.6,false,9,22.0
1773238585000,64.1383443,-21.816462,0.0,0.0,0.0,true,1,0
1773238585000,64.1383443,-21.816462,0.0,0.0,0.0,true,2,0
1773238590000,64.1383443,-21.816462,5.0,0.0,0.0,true,3,0
1773238592000,64.1383443,-21.816462,2.0,0.0,0.0,true,4,0
1773238594000,64.1383443,-21.816462,2.0,0.0,0.0,true,5,0
1773238594000,64.1383443,-21.816462,0.0,0.0,0.0,true,6,0
1773238598000,64.1383443,-21.816462,4.0,0.0,0.0,true,7,0
1773238598000,64.1383443,-21.816462,0.0,0.0,0.0,true,8,0
1773238600000,64.1383443,-21.816462,2.0,0.0,0.0,true,9,0
1773238605000,64.1383443,-21.816462,5.0,0.0,0.0,true,10,0
1773238605000,64.1383443,-21.816462,0.0,0.0,0.0,true,11,0
1773238609000,64.1369596333333,-21.8128568333333,4.0,233.0,209.7,false,11,24.0
1773238611000,64.1369596333333,-21.8128568333333,2.0,0.0,0.0,true,1,0
1773238611000,64.1369596333333,-21.8128568333333,0.0,0.0,0.0,true,2,0
1773238613000,64.1369596333333,-21.8128568333333,2.0,0.0,0.0,true,3,0
1773238616000,64.1369596333333,-21.8128568333333,3.0,0.0,0.0,true,4,0
1773238616000,64.1369596333333,-21.8128568333333,0.0,0.0,0.0,true,5,0
1773238620000,64.1369596333333,-21.8128568333333,4.0,0.0,0.0,true,6,0
1773238620000,64.1369596333333,-21.8128568333333,0.0,0.0,0.0,true,7,0
1773238620000,64.1369596333333,-21.8128568333333,0.0,0.0,0.0,true,8,0
1773238626000,64.1368654666667,-21.8106295,6.0,108.5,65.1,false,8,17.0
1773238626000,64.1368654666667,-21.8106295,0.0,0.0,0.0,true,1,0
1773238631000,64.1368654666667,-21.8106295,5.0,0.0,0.0,true,2,0
1773238633000,64.1368654666667,-21.8106295,2.0,0.0,0.0,true,3,0
1773238633000,64.1368654666667,-21.8106295,0.0,0.0,0.0,true,4,0
1773238636000,64.1368654666667,-21.8106295,3.0,0.0,0.0,true,5,0
1773238640000,64.1368654666667,-21.8106295,4.0,0.0,0.0,true,6,0
1773238640000,64.1368654666667,-21.8106295,0.0,0.0,0.0,true,7,0
1773238642000,64.1368654666667,-21.8106295,2.0,0.0,0.0,true,8,0
1773238645000,64.1368654666667,-21.8106295,3.0,0.0,0.0,true,9,0
1773238645000,64.1368654666667,-21.8106295,0.0,0.0,0.0,true,10,0
1773238648000,64.1368654666667,-21.8106295,3.0,0.0,0.0,true,11,0
1773238651000,64.1368654666667,-21.8106295,3.0,0.0,0.0,true,12,0
1773238651000,64.1368654666667,-21.8106295,0.0,0.0,0.0,true,13,0
1773238653000,64.1368654666667,-21.8106295,2.0,0.0,0.0,true,14,0
1773238656000,64.1368654666667,-21.8106295,3.0,0.0,0.0,true,15,0
1773238656000,64.1368654666667,-21.8106295,0.0,0.0,0.0,true,16,0
1773238660000,64.1368654666667,-21.8106295,4.0,0.0,0.0,true,17,0
1773238665000,64.1368654666667,-21.8106295,5.0,0.0,0.0,true,18,0
1773238665000,64.1368654666667,-21.8106295,0.0,0.0,0.0,true,19,0
1773238667000,64.1368654666667,-21.8106295,2.0,0.0,0.0,true,20,0
1773238667000,64.1368654666667,-21.8106295,0.0,0.0,0.0,true,21,0
1773238669000,64.1368654666667,-21.8106295,2.0,0.0,0.0,true,22,0
1773238672000,64.1368654666667,-21.8106295,3.0,0.0,0.0,true,23,0
1773238672000,64.1368654666667,-21.8106295,0.0,0.0,0.0,true,24,0
1773238676000,64.1368654666667,-21.8106295,4.0,0.0,0.0,true,25,0
1773238678000,64.1368654666667,-21.8106295,2.0,0.0,0.0,true,26,0
1773238678000,64.1368654666667,-21.8106295,0.0,0.0,0.0,true,27,0
1773238681000,64.1368654666667,-21.8106295,3.0,0.0,0.0,true,28,0
1773238683000,64.1368654666667,-21.8106295,2.0,0.0,0.0,true,29,0
1773238683000,64.1368654666667,-21.8106295,0.0,0.0,0.0,true,30,0
1773238689000,64.1368654666667,-21.8106295,6.0,0.0,0.0,true,31,0
1773238693000,64.1368654666667,-21.8106295,4.0,0.0,0.0,true,32,0
1773238693000,64.1368654666667,-21.8106295,0.0,0.0,0.0,true,33,0
1773238693000,64.1368654666667,-21.8106295,0.0,0.0,0.0,true,34,0
1773238698000,64.1368654666667,-21.8106295,5.0,0.0,0.0,true,35,0
1773238698000,64.1368654666667,-21.8106295,0.0,0.0,0.0,true,36,0
1773238698000,64.1368654666667,-21.8106295,0.0,0.0,0.0,true,37,0
1773238698000,64.1368654666667,-21.8106295,0.0,0.0,0.0,true,38,0
1773238706000,64.1368654666667,-21.8106295,8.0,0.0,0.0,true,39,0
1773238708000,64.1368654666667,-21.8106295,2.0,0.0,0.0,true,40,0
1773238708000,64.1368654666667,-21.8106295,0.0,0.0,0.0,true,41,0
1773238711000,64.1368654666667,-21.8106295,3.0,0.0,0.0,true,42,0
1773238713000,64.1368654666667,-21.8106295,2.0,0.0,0.0,true,43,0
1773238713000,64.1368654666667,-21.8106295,0.0,0.0,0.0,true,44,0
1773238716000,64.1368654666667,-21.8106295,3.0,0.0,0.0,true,45,0
1773238718000,64.1368654666667,-21.8106295,2.0,0.0,0.0,true,46,0
1773238718000,64.1368654666667,-21.8106295,0.0,0.0,0.0,true,47,0
1773238722000,64.1364712333333,-21.806998,4.0,181.5,163.4,false,47,96.0
1773238727000,64.1364712333333,-21.806998,5.0,0.0,0.0,true,1,0
1773238727000,64.1364712333333,-21.806998,0.0,0.0,0.0,true,2,0
1773238729000,64.1364712333333,-21.806998,2.0,0.0,0.0,true,3,0
1773238733000,64.1364712333333,-21.806998,4.0,0.0,0.0,true,4,0
1773238733000,64.1364712333333,-21.806998,0.0,0.0,0.0,true,5,0
1773238735000,64.1364712333333,-21.806998,2.0,0.0,0.0,true,6,0
1773238735000,64.1364712333333,-21.806998,0.0,0.0,0.0,true,7,0
1773238738000,64.1364712333333,-21.806998,3.0,0.0,0.0,true,8,0
1773238738000,64.1364712333333,-21.806998,0.0,0.0,0.0,true,9,0
1773238738000,64.1364712333333,-21.806998,0.0,0.0,0.0,true,10,0
1773238744000,64.1364712333333,-21.806998,6.0,0.0,0.0,true,11,0
1773238749000,64.1364712333333,-21.806998,5.0,0.0,0.0,true,12,0
1773238749000,64.1364712333333,-21.806998,0.0,0.0,0.0,true,13,0
1773238749000,64.1364712333333,-21.806998,0.0,0.0,0.0,true,14,0
1773238753000,64.1364712333333,-21.806998,4.0,0.0,0.0,true,15,0
1773238753000,64.1364712333333,-21.806998,0.0,0.0,0.0,true,16,0
1773238755000,64.1364712333333,-21.806998,2.0,0.0,0.0,true,17,0
1773238759000,64.1364712333333,-21.806998,4.0,0.0,0.0,true,18,0
1773238759000,64.1364712333333,-21.806998,0.0,0.0,0.0,true,19,0
1773238762000,64.1364712333333,-21.806998,3.0,0.0,0.0,true,20,0
1773238764000,64.1356661166667,-21.8019965,2.0,258.6,465.5,false,20,42.0
1773238768000,64.1356661166667,-21.8019965,4.0,0.0,0.0,true,1,0
1773238770000,64.1356661166667,-21.8019965,2.0,0.0,0.0,true,2,0
1773238770000,64.1356661166667,-21.8019965,0.0,0.0,0.0,true,3,0
1773238772000,64.1356661166667,-21.8019965,2.0,0.0,0.0,true,4,0
1773238774000,64.1356661166667,-21.8019965,2.0,0.0,0.0,true,5,0
1773238774000,64.1356661166667,-21.8019965,0.0,0.0,0.0,true,6,0
1773238779000,64.1356661166667,-21.8019965,5.0,0.0,0.0,true,7,0
1773238779000,64.1356661166667,-21.8019965,0.0,0.0,0.0,true,8,0
1773238779000,64.1356661166667,-21.8019965,0.0,0.0,0.0,true,9,0
1773238784000,64.1356661166667,-21.8019965,5.0,0.0,0.0,true,10,0
1773238789000,64.1356661166667,-21.8019965,5.0,0.0,0.0,true,11,0
1773238789000,64.1356661166667,-21.8019965,0.0,0.0,0.0,true,12,0
1773238791000,64.13474205,-21.798032,2.0,218.0,392.5,false,12,27.0
1773238795000,64.13474205,-21.798032,4.0,0.0,0.0,true,1,0
1773238795000,64.13474205,-21.798032,0.0,0.0,0.0,true,2,0
1773238797000,64.13474205,-21.798032,2.0,0.0,0.0,true,3,0
1773238799000,64.13474205,-21.798032,2.0,0.0,0.0,true,4,0
1773238799000,64.13474205,-21.798032,0.0,0.0,0.0,true,5,0
1773238799000,64.13474205,-21.798032,0.0,0.0,0.0,true,6,0
1773238799000,64.13474205,-21.798032,0.0,0.0,0.0,true,7,0
1773238806000,64.13474205,-21.798032,7.0,0.0,0.0,true,8,0
1773238811000,64.13474205,-21.798032,5.0,0.0,0.0,true,9,0
1773238811000,64.13474205,-21.798032,0.0,0.0,0.0,true,10,0
1773238813000,64.13474205,-21.798032,2.0,0.0,0.0,true,11,0
1773238816000,64.13474205,-21.798032,3.0,0.0,0.0,true,12,0
1773238816000,64.13474205,-21.798032,0.0,0.0,0.0,true,13,0
1773238819000,64.13474205,-21.798032,3.0,0.0,0.0,true,14,0
1773238821000,64.13474205,-21.798032,2.0,0.0,0.0,true,15,0
1773238821000,64.13474205,-21.798032,0.0,0.0,0.0,true,16,0
1773238824000,64.13474205,-21.798032,3.0,0.0,0.0,true,17,0
1773238827000,64.13474205,-21.798032,3.0,0.0,0.0,true,18,0
1773238827000,64.13474205,-21.798032,0.0,0.0,0.0,true,19,0
1773238832000,64.13474205,-21.798032,5.0,0.0,0.0,true,20,0
1773238834000,64.13474205,-21.798032,2.0,0.0,0.0,true,21,0
1773238834000,64.13474205,-21.798032,0.0,0.0,0.0,true,22,0
1773238836000,64.13474205,-21.798032,2.0,0.0,0.0,true,23,0
1773238836000,64.13474205,-21.798032,0.0,0.0,0.0,true,24,0
1773238839000,64.13474205,-21.798032,3.0,0.0,0.0,true,25,0
1773238841000,64.13474205,-21.798032,2.0,0.0,0.0,true,26,0
1773238841000,64.13474205,-21.798032,0.0,0.0,0.0,true,27,0
1773238845000,64.1353185666667,-21.7932706666667,4.0,239.7,215.7,false,27,54.0
1773238847000,64.1353185666667,-21.7932706666667,2.0,0.0,0.0,true,1,0
1773238847000,64.1353185666667,-21.7932706666667,0.0,0.0,0.0,true,2,0
1773238850000,64.1353185666667,-21.7932706666667,3.0,0.0,0.0,true,3,0
1773238854000,64.1353185666667,-21.7932706666667,4.0,0.0,0.0,true,4,0
1773238860000,64.1353185666667,-21.7932706666667,6.0,0.0,0.0,true,5,0
1773238860000,64.1353185666667,-21.7932706666667,0.0,0.0,0.0,true,6,0
1773238862000,64.1353185666667,-21.7932706666667,2.0,0.0,0.0,true,7,0
1773238864000,64.1353185666667,-21.7932706666667,2.0,0.0,0.0,true,8,0
1773238864000,64.1353185666667,-21.7932706666667,0.0,0.0,0.0,true,9,0
1773238871000,64.1353185666667,-21.7932706666667,7.0,0.0,0.0,true,10,0
1773238871000,64.1353185666667,-21.7932706666667,0.0,0.0,0.0,true,11,0
1773238873000,64.1353185666667,-21.7932706666667,2.0,0.0,0.0,true,12,0
1773238875000,64.1353185666667,-21.7932706666667,2.0,0.0,0.0,true,13,0
1773238875000,64.1353185666667,-21.7932706666667,0.0,0.0,0.0,true,14,0
1773238880000,64.1353185666667,-21.7932706666667,5.0,0.0,0.0,true,15,0
1773238880000,64.1353185666667,-21.7932706666667,0.0,0.0,0.0,true,16,0
1773238880000,64.1353185666667,-21.7932706666667,0.0,0.0,0.0,true,17,0
1773238884000,64.1353185666667,-21.7932706666667,4.0,0.0,0.0,true,18,0
1773238892000,64.1353185666667,-21.7932706666667,8.0,0.0,0.0,true,19,0
1773238892000,64.1353185666667,-21.7932706666667,0.0,0.0,0.0,true,20,0
1773238894000,64.1353185666667,-21.7932706666667,2.0,0.0,0.0,true,21,0
1773238897000,64.13773795,-21.7910025,3.0,290.7,348.8,false,21,52.0
1773238897000,64.13773795,-21.7910025,0.0,0.0,0.0,true,1,0
1773238901000,64.13773795,-21.7910025,4.0,0.0,0.0,true,2,0
1773238901000,64.13773795,-21.7910025,0.0,0.0,0.0,true,3,0
1773238905000,64.13773795,-21.7910025,4.0,0.0,0.0,true,4,0
1773238907000,64.13773795,-21.7910025,2.0,0.0,0.0,true,5,0
1773238907000,64.13773795,-21.7910025,0.0,0.0,0.0,true,6,0
1773238907000,64.13773795,-21.7910025,0.0,0.0,0.0,true,7,0
1773238913000,64.13773795,-21.7910025,6.0,0.0,0.0,true,8,0
1773238913000,64.13773795,-21.7910025,0.0,0.0,0.0,true,9,0
1773238915000,64.1391834166667,-21.7893535,2.0,179.5,323.2,false,9,18.0
1773238917000,64.1391834166667,-21.7893535,2.0,0.0,0.0,true,1,0
1773238922000,64.1391834166667,-21.7893535,5.0,0.0,0.0,true,2,0
1773238922000,64.1391834166667,-21.7893535,0.0,0.0,0.0,true,3,0
1773238926000,64.1391834166667,-21.7893535,4.0,0.0,0.0,true,4,0
1773238926000,64.1391834166667,-21.7893535,0.0,0.0,0.0,true,5,0
1773238928000,64.1391834166667,-21.7893535,2.0,0.0,0.0,true,6,0
1773238932000,64.1391834166667,-21.7893535,4.0,0.0,0.0,true,7,0
1773238932000,64.1391834166667,-21.7893535,0.0,0.0,0.0,true,8,0
1773238932000,64.1391834166667,-21.7893535,0.0,0.0,0.0,true,9,0
1773238937000,64.1391834166667,-21.7893535,5.0,0.0,0.0,true,10,0
1773238937000,64.1391834166667,-21.7893535,0.0,0.0,0.0,true,11,0
1773238941000,64.1393012666667,-21.7850188333333,4.0,210.6,189.6,false,11,26.0
1773238944000,64.1393012666667,-21.7850188333333,3.0,0.0,0.0,true,1,0
1773238944000,64.1393012666667,-21.7850188333333,0.0,0.0,0.0,true,2,0
1773238946000,64.1393012666667,-21.7850188333333,2.0,0.0,0.0,true,3,0
1773238949000,64.1393012666667,-21.7850188333333,3.0,0.0,0.0,true,4,0
1773238949000,64.1393012666667,-21.7850188333333,0.0,0.0,0.0,true,5,0
1773238953000,64.1393012666667,-21.7850188333333,4.0,0.0,0.0,true,6,0
1773238955000,64.1393012666667,-21.7850188333333,2.0,0.0,0.0,true,7,0
1773238955000,64.1393012666667,-21.7850188333333,0.0,0.0,0.0,true,8,0
1773238958000,64.1393012666667,-21.7850188333333,3.0,0.0,0.0,true,9,0
1773238960000,64.1393012666667,-21.7850188333333,2.0,0.0,0.0,true,10,0
1773238964000,64.1393012666667,-21.7850188333333,4.0,0.0,0.0,true,11,0
1773238964000,64.1393012666667,-21.7850188333333,0.0,0.0,0.0,true,12,0
1773238966000,64.1393012666667,-21.7850188333333,2.0,0.0,0.0,true,13,0
1773238970000,64.1393012666667,-21.7850188333333,4.0,0.0,0.0,true,14,0
1773238972000,64.1393012666667,-21.7850188333333,2.0,0.0,0.0,true,15,0
1773238975000,64.1393012666667,-21.7850188333333,3.0,0.0,0.0,true,16,0
1773238975000,64.1393012666667,-21.7850188333333,0.0,0.0,0.0,true,17,0
1773238977000,64.1393012666667,-21.7850188333333,2.0,0.0,0.0,true,18,0
1773238977000,64.1393012666667,-21.7850188333333,0.0,0.0,0.0,true,19,0
1773238981000,64.1393012666667,-21.7850188333333,4.0,0.0,0.0,true,20,0
1773238985000,64.1393012666667,-21.7850188333333,4.0,0.0,0.0,true,21,0
1773238985000,64.1393012666667,-21.7850188333333,0.0,0.0,0.0,true,22,0
1773238985000,64.1393012666667,-21.7850188333333,0.0,0.0,0.0,true,23,0
1773238988000,64.1396182833333,-21.7805778333333,3.0,218.3,261.9,false,23,47.0
1773238994000,64.1396182833333,-21.7805778333333,6.0,0.0,0.0,true,1,0
1773238994000,64.1396182833333,-21.7805778333333,0.0,0.0,0.0,true,2,0
1773238996000,64.1396182833333,-21.7805778333333,2.0,0.0,0.0,true,3,0
1773238996000,64.1396182833333,-21.7805778333333,0.0,0.0,0.0,true,4,0
1773238999000,64.1396182833333,-21.7805778333333,3.0,0.0,0.0,true,5,0
1773238999000,64.1396182833333,-21.7805778333333,0.0,0.0,0.0,true,6,0
1773239001000,64.1396182833333,-21.7805778333333,2.0,0.0,0.0,true,7,0
1773239005000,64.1396182833333,-21.7805778333333,4.0,0.0,0.0,true,8,0
1773239007000,64.1396182833333,-21.7805778333333,2.0,0.0,0.0,true,9,0
1773239009000,64.1396182833333,-21.7805778333333,2.0,0.0,0.0,true,10,0
1773239012000,64.1396182833333,-21.7805778333333,3.0,0.0,0.0,true,11,0
1773239012000,64.1396182833333,-21.7805778333333,0.0,0.0,0.0,true,12,0
1773239015000,64.1396182833333,-21.7805778333333,3.0,0.0,0.0,true,13,0
1773239017000,64.1396182833333,-21.7805778333333,2.0,0.0,0.0,true,14,0
1773239017000,64.1396182833333,-21.7805778333333,0.0,0.0,0.0,true,15,0
1773239020000,64.1396182833333,-21.7805778333333,3.0,0.0,0.0,true,16,0
1773239022000,64.1396182833333,-21.7805778333333,2.0,0.0,0.0,true,17,0
1773239022000,64.1396182833333,-21.7805778333333,0.0,0.0,0.0,true,18,0
1773239025000,64.1386689166667,-21.7768486666667,3.0,209.4,251.3,false,18,37.0
1773239028000,64.1386689166667,-21.7768486666667,3.0,0.0,0.0,true,1,0
1773239031000,64.1386689166667,-21.7768486666667,3.0,0.0,0.0,true,2,0
1773239031000,64.1386689166667,-21.7768486666667,0.0,0.0,0.0,true,3,0
1773239036000,64.1386689166667,-21.7768486666667,5.0,0.0,0.0,true,4,0
1773239036000,64.1386689166667,-21.7768486666667,0.0,0.0,0.0,true,5,0
1773239039000,64.1386689166667,-21.7768486666667,3.0,0.0,0.0,true,6,0
1773239039000,64.1386689166667,-21.7768486666667,0.0,0.0,0.0,true,7,0
1773239041000,64.1386689166667,-21.7768486666667,2.0,0.0,0.0,true,8,0
1773239043000,64.1386689166667,-21.7768486666667,2.0,0.0,0.0,true,9,0
1773239043000,64.1386689166667,-21.7768486666667,0.0,0.0,0.0,true,10,0
1773239048000,64.1386689166667,-21.7768486666667,5.0,0.0,0.0,true,11,0
1773239051000,64.1386689166667,-21.7768486666667,3.0,0.0,0.0,true,12,0
1773239053000,64.1386689166667,-21.7768486666667,2.0,0.0,0.0,true,13,0
1773239053000,64.1386689166667,-21.7768486666667,0.0,0.0,0.0,true,14,0
1773239057000,64.1381911166667,-21.7740356666667,4.0,146.4,131.8,false,14,32.0
1773239057000,64.1381911166667,-21.7740356666667,0.0,0.0,0.0,true,1,0
1773239062000,64.1381911166667,-21.7740356666667,5.0,0.0,0.0,true,2,0
1773239064000,64.1381911166667,-21.7740356666667,2.0,0.0,0.0,true,3,0
1773239066000,64.1381911166667,-21.7740356666667,2.0,0.0,0.0,true,4,0
1773239066000,64.1381911166667,-21.7740356666667,0.0,0.0,0.0,true,5,0
1773239068000,64.1381911166667,-21.7740356666667,2.0,0.0,0.0,true,6,0
1773239068000,64.1381911166667,-21.7740356666667,0.0,0.0,0.0,true,7,0
1773239072000,64.1381911166667,-21.7740356666667,4.0,0.0,0.0,true,8,0
1773239074000,64.1381911166667,-21.7740356666667,2.0,0.0,0.0,true,9,0
1773239074000,64.1381911166667,-21.7740356666667,0.0,0.0,0.0,true,10,0
1773239078000,64.1381911166667,-21.7740356666667,4.0,0.0,0.0,true,11,0
1773239080000,64.1381911166667,-21.7740356666667,2.0,0.0,0.0,true,12,0
1773239082000,64.1381911166667,-21.7740356666667,2.0,0.0,0.0,true,13,0
1773239085000,64.1381911166667,-21.7740356666667,3.0,0.0,0.0,true,14,0
1773239085000,64.1381911166667,-21.7740356666667,0.0,0.0,0.0,true,15,0
1773239089000,64.1381911166667,-21.7740356666667,4.0,0.0,0.0,true,16,0
1773239091000,64.1392901666667,-21.7720436666667,2.0,155.8,280.4,false,16,34.0
1773239093000,64.1392901666667,-21.7720436666667,2.0,0.0,0.0,true,1,0
1773239093000,64.1392901666667,-21.7720436666667,0.0,0.0,0.0,true,2,0
1773239097000,64.1392901666667,-21.7720436666667,4.0,0.0,0.0,true,3,0
1773239097000,64.1392901666667,-21.7720436666667,0.0,0.0,0.0,true,4,0
1773239102000,64.1392901666667,-21.7720436666667,5.0,0.0,0.0,true,5,0
1773239104000,64.1392901666667,-21.7720436666667,2.0,0.0,0.0,true,6,0
1773239104000,64.1392901666667,-21.7720436666667,0.0,0.0,0.0,true,7,0
1773239108000,64.1392901666667,-21.7720436666667,4.0,0.0,0.0,true,8,0
1773239108000,64.1392901666667,-21.7720436666667,0.0,0.0,0.0,true,9,0
1773239108000,64.1392901666667,-21.7720436666667,0.0,0.0,0.0,true,10,0
1773239111000,64.1392901666667,-21.7720436666667,3.0,0.0,0.0,true,11,0
1773239113000,64.1392901666667,-21.7720436666667,2.0,0.0,0.0,true,12,0
1773239113000,64.1392901666667,-21.7720436666667,0.0,0.0,0.0,true,13,0
1773239118000,64.1392901666667,-21.7720436666667,5.0,0.0,0.0,true,14,0
1773239120000,64.1392901666667,-21.7720436666667,2.0,0.0,0.0,true,15,0
1773239124000,64.1392901666667,-21.7720436666667,4.0,0.0,0.0,true,16,0
1773239124000,64.1392901666667,-21.7720436666667,0.0,0.0,0.0,true,17,0
1773239126000,64.1392901666667,-21.7720436666667,2.0,0.0,0.0,true,18,0
1773239130000,64.1392901666667,-21.7720436666667,4.0,0.0,0.0,true,19,0
1773239132000,64.1392901666667,-21.7720436666667,2.0,0.0,0.0,true,20,0
1773239134000,64.1392901666667,-21.7720436666667,2.0,0.0,0.0,true,21,0
1773239137000,64.1392901666667,-21.7720436666667,3.0,0.0,0.0,true,22,0
1773239137000,64.1392901666667,-21.7720436666667,0.0,0.0,0.0,true,23,0
1773239141000,64.1449457666667,-21.7741983333333,4.0,637.5,573.7,false,23,50.0
1773239141000,64.1449457666667,-21.7741983333333,0.0,0.0,0.0,true,1,0
1773239144000,64.1449457666667,-21.7741983333333,3.0,0.0,0.0,true,2,0
1773239147000,64.1449457666667,-21.7741983333333,3.0,0.0,0.0,true,3,0
1773239151000,64.1449457666667,-21.7741983333333,4.0,0.0,0.0,true,4,0
1773239151000,64.1449457666667,-21.7741983333333,0.0,0.0,0.0,true,5,0
1773239160000,64.1449457666667,-21.7741983333333,9.0,0.0,0.0,true,6,0
1773239160000,64.1449457666667,-21.7741983333333,0.0,0.0,0.0,true,7,0
1773239162000,64.1449457666667,-21.7741983333333,2.0,0.0,0.0,true,8,0
1773239162000,64.1449457666667,-21.7741983333333,0.0,0.0,0.0,true,9,0
1773239164000,64.1449457666667,-21.7741983333333,2.0,0.0,0.0,true,10,0
1773239164000,64.1449457666667,-21.7741983333333,0.0,0.0,0.0,true,11,0
1773239168000,64.1449457666667,-21.7741983333333,4.0,0.0,0.0,true,12,0
1773239168000,64.1449457666667,-21.7741983333333,0.0,0.0,0.0,true,13,0
1773239173000,64.1449457666667,-21.7741983333333,5.0,0.0,0.0,true,14,0
1773239175000,64.1449457666667,-21.7741983333333,2.0,0.0,0.0,true,15,0
1773239177000,64.1449457666667,-21.7741983333333,2.0,0.0,0.0,true,16,0
1773239177000,64.1449457666667,-21.7741983333333,0.0,0.0,0.0,true,17,0
1773239181000,64.1449457666667,-21.7741983333333,4.0,0.0,0.0,true,18,0
1773239185000,64.1449457666667,-21.7741983333333,4.0,0.0,0.0,true,19,0
1773239187000,64.1449457666667,-21.7741983333333,2.0,0.0,0.0,true,20,0
1773239187000,64.1449457666667,-21.7741983333333,0.0,0.0,0.0,true,21,0
1773239189000,64.1449457666667,-21.7741983333333,2.0,0.0,0.0,true,22,0
1773239192000,64.1449457666667,-21.7741983333333,3.0,0.0,0.0,true,23,0
1773239192000,64.1449457666667,-21.7741983333333,0.0,0.0,0.0,true,24,0
1773239194000,64.1449457666667,-21.7741983333333,2.0,0.0,0.0,true,25,0
1773239196000,64.1463564666667,-21.7708966666667,2.0,224.1,403.4,false,25,55.0
1773239199000,64.1463564666667,-21.7708966666667,3.0,0.0,0.0,true,1,0
1773239199000,64.1463564666667,-21.7708966666667,0.0,0.0,0.0,true,2,0
1773239202000,64.1463564666667,-21.7708966666667,3.0,0.0,0.0,true,3,0
1773239205000,64.1463564666667,-21.7708966666667,3.0,0.0,0.0,true,4,0
1773239205000,64.1463564666667,-21.7708966666667,0.0,0.0,0.0,true,5,0
1773239208000,64.1463564666667,-21.7708966666667,3.0,0.0,0.0,true,6,0
1773239208000,64.1463564666667,-21.7708966666667,0.0,0.0,0.0,true,7,0
1773239213000,64.1463564666667,-21.7708966666667,5.0,0.0,0.0,true,8,0
1773239216000,64.1463564666667,-21.7708966666667,3.0,0.0,0.0,true,9,0
1773239216000,64.1463564666667,-21.7708966666667,0.0,0.0,0.0,true,10,0
1773239220000,64.1463564666667,-21.7708966666667,4.0,0.0,0.0,true,11,0
1773239220000,64.1463564666667,-21.7708966666667,0.0,0.0,0.0,true,12,0
1773239220000,64.1463564666667,-21.7708966666667,0.0,0.0,0.0,true,13,0
1773239224000,64.1463564666667,-21.7708966666667,4.0,0.0,0.0,true,14,0
1773239228000,64.1463564666667,-21.7708966666667,4.0,0.0,0.0,true,15,0
1773239228000,64.1463564666667,-21.7708966666667,0.0,0.0,0.0,true,16,0
1773239231000,64.1463564666667,-21.7708966666667,3.0,0.0,0.0,true,17,0
1773239233000,64.1463564666667,-21.7708966666667,2.0,0.0,0.0,true,18,0
1773239233000,64.1463564666667,-21.7708966666667,0.0,0.0,0.0,true,19,0
1773239238000,64.1463564666667,-21.7708966666667,5.0,0.0,0.0,true,20,0
1773239238000,64.1463564666667,-21.7708966666667,0.0,0.0,0.0,true,21,0
1773239240000,64.1463564666667,-21.7708966666667,2.0,0.0,0.0,true,22,0
1773239243000,64.1463564666667,-21.7708966666667,3.0,0.0,0.0,true,23,0
1773239243000,64.1463564666667,-21.7708966666667,0.0,0.0,0.0,true,24,0
1773239243000,64.1463564666667,-21.7708966666667,0.0,0.0,0.0,true,25,0
1773239247000,64.1463564666667,-21.7708966666667,4.0,0.0,0.0,true,26,0
1773239247000,64.1463564666667,-21.7708966666667,0.0,0.0,0.0,true,27,0
1773239251000,64.1463564666667,-21.7708966666667,4.0,0.0,0.0,true,28,0
1773239254000,64.1463564666667,-21.7708966666667,3.0,0.0,0.0,true,29,0
1773239257000,64.1463564666667,-21.7708966666667,3.0,0.0,0.0,true,30,0
1773239257000,64.1463564666667,-21.7708966666667,0.0,0.0,0.0,true,31,0
1773239260000,64.1463564666667,-21.7708966666667,3.0,0.0,0.0,true,32,0
1773239260000,64.1463564666667,-21.7708966666667,0.0,0.0,0.0,true,33,0
1773239262000,64.1463564666667,-21.7708966666667,2.0,0.0,0.0,true,34,0
1773239266000,64.1463564666667,-21.7708966666667,4.0,0.0,0.0,true,35,0
1773239271000,64.1463564666667,-21.7708966666667,5.0,0.0,0.0,true,36,0
1773239271000,64.1463564666667,-21.7708966666667,0.0,0.0,0.0,true,37,0
1773239274000,64.1463564666667,-21.7708966666667,3.0,0.0,0.0,true,38,0
1773239274000,64.1463564666667,-21.7708966666667,0.0,0.0,0.0,true,39,0
1773239277000,64.1463564666667,-21.7708966666667,3.0,0.0,0.0,true,40,0
1773239279000,64.1463564666667,-21.7708966666667,2.0,0.0,0.0,true,41,0
1773239279000,64.1463564666667,-21.7708966666667,0.0,0.0,0.0,true,42,0
1773239282000,64.1463564666667,-21.7708966666667,3.0,0.0,0.0,true,43,0
1773239286000,64.1463564666667,-21.7708966666667,4.0,0.0,0.0,true,44,0
1773239286000,64.1463564666667,-21.7708966666667,0.0,0.0,0.0,true,45,0
1773239288000,64.1442432,-21.7747696666667,2.0,300.8,541.5,false,45,92.0
1773239291000,64.1442432,-21.7747696666667,3.0,0.0,0.0,true,1,0
1773239293000,64.1442432,-21.7747696666667,2.0,0.0,0.0,true,2,0
1773239297000,64.1442432,-21.7747696666667,4.0,0.0,0.0,true,3,0
1773239297000,64.1442432,-21.7747696666667,0.0,0.0,0.0,true,4,0
1773239300000,64.1442432,-21.7747696666667,3.0,0.0,0.0,true,5,0
1773239302000,64.1442432,-21.7747696666667,2.0,0.0,0.0,true,6,0
1773239302000,64.1442432,-21.7747696666667,0.0,0.0,0.0,true,7,0
1773239302000,64.1442432,-21.7747696666667,0.0,0.0,0.0,true,8,0
1773239308000,64.1442432,-21.7747696666667,6.0,0.0,0.0,true,9,0
1773239308000,64.1442432,-21.7747696666667,0.0,0.0,0.0,true,10,0
1773239308000,64.1442432,-21.7747696666667,0.0,0.0,0.0,true,11,0
1773239312000,64.1442432,-21.7747696666667,4.0,0.0,0.0,true,12,0
1773239314000,64.1442432,-21.7747696666667,2.0,0.0,0.0,true,13,0
1773239314000,64.1442432,-21.7747696666667,0.0,0.0,0.0,true,14,0
1773239319000,64.1395467166667,-21.772448,5.0,534.2,384.6,false,14,31.0
1773239323000,64.1395467166667,-21.772448,4.0,0.0,0.0,true,1,0
1773239323000,64.1395467166667,-21.772448,0.0,0.0,0.0,true,2,0
1773239323000,64.1395467166667,-21.772448,0.0,0.0,0.0,true,3,0
1773239327000,64.1395467166667,-21.772448,4.0,0.0,0.0,true,4,0
1773239327000,64.1395467166667,-21.772448,0.0,0.0,0.0,true,5,0
1773239329000,64.1395467166667,-21.772448,2.0,0.0,0.0,true,6,0
1773239332000,64.1395467166667,-21.772448,3.0,0.0,0.0,true,7,0
1773239336000,64.1395467166667,-21.772448,4.0,0.0,0.0,true,8,0
1773239338000,64.1395467166667,-21.772448,2.0,0.0,0.0,true,9,0
1773239338000,64.1395467166667,-21.772448,0.0,0.0,0.0,true,10,0
1773239343000,64.1395467166667,-21.772448,5.0,0.0,0.0,true,11,0
1773239345000,64.1395467166667,-21.772448,2.0,0.0,0.0,true,12,0
1773239345000,64.1395467166667,-21.772448,0.0,0.0,0.0,true,13,0
1773239347000,64.1395467166667,-21.772448,2.0,0.0,0.0,true,14,0
1773239347000,64.1395467166667,-21.772448,0.0,0.0,0.0,true,15,0
1773239347000,64.1395467166667,-21.772448,0.0,0.0,0.0,true,16,0
1773239351000,64.1395467166667,-21.772448,4.0,0.0,0.0,true,17,0
1773239355000,64.1395467166667,-21.772448,4.0,0.0,0.0,true,18,0
1773239357000,64.1395467166667,-21.772448,2.0,0.0,0.0,true,19,0
1773239361000,64.1395467166667,-21.772448,4.0,0.0,0.0,true,20,0
1773239363000,64.1382060833333,-21.7739493333333,2.0,165.9,298.6,false,20,44.0
1773239363000,64.1382060833333,-21.7739493333333,0.0,0.0,0.0,true,1,0
1773239365000,64.1382060833333,-21.7739493333333,2.0,0.0,0.0,true,2,0
1773239365000,64.1382060833333,-21.7739493333333,0.0,0.0,0.0,true,3,0
1773239368000,64.1382060833333,-21.7739493333333,3.0,0.0,0.0,true,4,0
1773239371000,64.1382060833333,-21.7739493333333,3.0,0.0,0.0,true,5,0
1773239371000,64.1382060833333,-21.7739493333333,0.0,0.0,0.0,true,6,0
1773239374000,64.1382060833333,-21.7739493333333,3.0,0.0,0.0,true,7,0
1773239376000,64.1385540666667,-21.7764958333333,2.0,129.4,233.0,false,7,13.0
1773239376000,64.1385540666667,-21.7764958333333,0.0,0.0,0.0,true,1,0
1773239381000,64.1385540666667,-21.7764958333333,5.0,0.0,0.0,true,2,0
1773239385000,64.1385540666667,-21.7764958333333,4.0,0.0,0.0,true,3,0
1773239385000,64.1385540666667,-21.7764958333333,0.0,0.0,0.0,true,4,0
1773239387000,64.1385540666667,-21.7764958333333,2.0,0.0,0.0,true,5,0
1773239391000,64.1385540666667,-21.7764958333333,4.0,0.0,0.0,true,6,0
1773239391000,64.1385540666667,-21.7764958333333,0.0,0.0,0.0,true,7,0
1773239393000,64.1385540666667,-21.7764958333333,2.0,0.0,0.0,true,8,0
1773239397000,64.1385540666667,-21.7764958333333,4.0,0.0,0.0,true,9,0
1773239397000,64.1385540666667,-21.7764958333333,0.0,0.0,0.0,true,10,0
1773239397000,64.1385540666667,-21.7764958333333,0.0,0.0,0.0,true,11,0
1773239397000,64.1385540666667,-21.7764958333333,0.0,0.0,0.0,true,12,0
1773239402000,64.1396233333333,-21.78102,5.0,249.6,179.7,false,12,26.0
1773239402000,64.1396233333333,-21.78102,0.0,0.0,0.0,true,1,0
1773239410000,64.1396233333333,-21.78102,8.0,0.0,0.0,true,2,0
1773239410000,64.1396233333333,-21.78102,0.0,0.0,0.0,true,3,0
1773239410000,64.1396233333333,-21.78102,0.0,0.0,0.0,true,4,0
1773239415000,64.1393383166667,-21.7845673333333,5.0,174.9,126.0,false,4,13.0
1773239417000,64.1393383166667,-21.7845673333333,2.0,0.0,0.0,true,1,0
1773239417000,64.1393383166667,-21.7845673333333,0.0,0.0,0.0,true,2,0
1773239417000,64.1393383166667,-21.7845673333333,0.0,0.0,0.0,true,3,0
1773239422000,64.1393383166667,-21.7845673333333,5.0,0.0,0.0,true,4,0
1773239422000,64.1393383166667,-21.7845673333333,0.0,0.0,0.0,true,5,0
1773239428000,64.1393383166667,-21.7845673333333,6.0,0.0,0.0,true,6,0
1773239428000,64.1393383166667,-21.7845673333333,0.0,0.0,0.0,true,7,0
1773239428000,64.1393383166667,-21.7845673333333,0.0,0.0,0.0,true,8,0
1773239428000,64.1393383166667,-21.7845673333333,0.0,0.0,0.0,true,9,0
1773239428000,64.1393383166667,-21.7845673333333,0.0,0.0,0.0,true,10,0
1773239428000,64.1393383166667,-21.7845673333333,0.0,0.0,0.0,true,11,0
1773239440000,64.1393979333333,-21.7893485,12.0,232.0,69.6,false,11,25.0
1773239440000,64.1393979333333,-21.7893485,0.0,0.0,0.0,true,1,0
1773239445000,64.1393979333333,-21.7893485,5.0,0.0,0.0,true,2,0
1773239445000,64.1393979333333,-21.7893485,0.0,0.0,0.0,true,3,0
1773239445000,64.1393979333333,-21.7893485,0.0,0.0,0.0,true,4,0
1773239447000,64.1393979333333,-21.7893485,2.0,0.0,0.0,true,5,0
1773239450000,64.1393979333333,-21.7893485,3.0,0.0,0.0,true,6,0
1773239454000,64.1378394166667,-21.7908196666667,4.0,187.4,168.7,false,6,14.0
1773239456000,64.1378394166667,-21.7908196666667,2.0,0.0,0.0,true,1,0
1773239459000,64.1378394166667,-21.7908196666667,3.0,0.0,0.0,true,2,0
1773239459000,64.1378394166667,-21.7908196666667,0.0,0.0,0.0,true,3,0
1773239463000,64.1378394166667,-21.7908196666667,4.0,0.0,0.0,true,4,0
1773239463000,64.1378394166667,-21.7908196666667,0.0,0.0,0.0,true,5,0
1773239465000,64.1378394166667,-21.7908196666667,2.0,0.0,0.0,true,6,0
1773239465000,64.1378394166667,-21.7908196666667,0.0,0.0,0.0,true,7,0
1773239467000,64.1378394166667,-21.7908196666667,2.0,0.0,0.0,true,8,0
1773239469000,64.1378394166667,-21.7908196666667,2.0,0.0,0.0,true,9,0
1773239473000,64.1378394166667,-21.7908196666667,4.0,0.0,0.0,true,10,0
1773239475000,64.1378394166667,-21.7908196666667,2.0,0.0,0.0,true,11,0
1773239475000,64.1378394166667,-21.7908196666667,0.0,0.0,0.0,true,12,0
1773239477000,64.1378394166667,-21.7908196666667,2.0,0.0,0.0,true,13,0
1773239480000,64.1378394166667,-21.7908196666667,3.0,0.0,0.0,true,14,0
1773239480000,64.1378394166667,-21.7908196666667,0.0,0.0,0.0,true,15,0
1773239480000,64.1378394166667,-21.7908196666667,0.0,0.0,0.0,true,16,0
1773239487000,64.1357056833333,-21.79321,7.0,264.1,135.8,false,16,33.0
1773239490000,64.1357056833333,-21.79321,3.0,0.0,0.0,true,1,0
1773239492000,64.1357056833333,-21.79321,2.0,0.0,0.0,true,2,0
1773239492000,64.1357056833333,-21.79321,0.0,0.0,0.0,true,3,0
1773239496000,64.1357056833333,-21.79321,4.0,0.0,0.0,true,4,0
1773239496000,64.1357056833333,-21.79321,0.0,0.0,0.0,true,5,0
1773239496000,64.1357056833333,-21.79321,0.0,0.0,0.0,true,6,0
1773239501000,64.1357056833333,-21.79321,5.0,0.0,0.0,true,7,0
1773239501000,64.1357056833333,-21.79321,0.0,0.0,0.0,true,8,0
1773239504000,64.1357056833333,-21.79321,3.0,0.0,0.0,true,9,0
1773239504000,64.1357056833333,-21.79321,0.0,0.0,0.0,true,10,0
1773239507000,64.1357056833333,-21.79321,3.0,0.0,0.0,true,11,0
1773239512000,64.1357056833333,-21.79321,5.0,0.0,0.0,true,12,0
1773239512000,64.1357056833333,-21.79321,0.0,0.0,0.0,true,13,0
1773239516000,64.13475365,-21.7979285,4.0,252.2,227.0,false,13,29.0
1773239519000,64.13475365,-21.7979285,3.0,0.0,0.0,true,1,0
1773239519000,64.13475365,-21.7979285,0.0,0.0,0.0,true,2,0
1773239523000,64.13475365,-21.7979285,4.0,0.0,0.0,true,3,0
1773239525000,64.13475365,-21.7979285,2.0,0.0,0.0,true,4,0
1773239527000,64.13475365,-21.7979285,2.0,0.0,0.0,true,5,0
1773239527000,64.13475365,-21.7979285,0.0,0.0,0.0,true,6,0
1773239529000,64.13475365,-21.7979285,2.0,0.0,0.0,true,7,0
1773239531000,64.13475365,-21.7979285,2.0,0.0,0.0,true,8,0
1773239531000,64.13475365,-21.7979285,0.0,0.0,0.0,true,9,0
1773239531000,64.13475365,-21.7979285,0.0,0.0,0.0,true,10,0
1773239537000,64.13475365,-21.7979285,6.0,0.0,0.0,true,11,0
1773239540000,64.13475365,-21.7979285,3.0,0.0,0.0,true,12,0
1773239540000,64.13475365,-21.7979285,0.0,0.0,0.0,true,13,0
1773239544000,64.13475365,-21.7979285,4.0,0.0,0.0,true,14,0
1773239544000,64.13475365,-21.7979285,0.0,0.0,0.0,true,15,0
1773239546000,64.13475365,-21.7979285,2.0,0.0,0.0,true,16,0
1773239548000,64.13475365,-21.7979285,2.0,0.0,0.0,true,17,0
1773239552000,64.13475365,-21.7979285,4.0,0.0,0.0,true,18,0
1773239552000,64.13475365,-21.7979285,0.0,0.0,0.0,true,19,0
1773239554000,64.13475365,-21.7979285,2.0,0.0,0.0,true,20,0
1773239557000,64.1356650333333,-21.8019486666667,3.0,219.8,263.7,false,20,41.0
1773239557000,64.1356650333333,-21.8019486666667,0.0,0.0,0.0,true,1,0
1773239560000,64.1356650333333,-21.8019486666667,3.0,0.0,0.0,true,2,0
1773239562000,64.1356650333333,-21.8019486666667,2.0,0.0,0.0,true,3,0
1773239566000,64.1356650333333,-21.8019486666667,4.0,0.0,0.0,true,4,0
1773239566000,64.1356650333333,-21.8019486666667,0.0,0.0,0.0,true,5,0
1773239568000,64.1356650333333,-21.8019486666667,2.0,0.0,0.0,true,6,0
1773239573000,64.1356650333333,-21.8019486666667,5.0,0.0,0.0,true,7,0
1773239575000,64.1356650333333,-21.8019486666667,2.0,0.0,0.0,true,8,0
1773239578000,64.1356650333333,-21.8019486666667,3.0,0.0,0.0,true,9,0
1773239578000,64.1356650333333,-21.8019486666667,0.0,0.0,0.0,true,10,0
1773239578000,64.1356650333333,-21.8019486666667,0.0,0.0,0.0,true,11,0
1773239582000,64.1364527,-21.8067181666667,4.0,247.4,222.6,false,11,25.0
1773239582000,64.1364527,-21.8067181666667,0.0,0.0,0.0,true,1,0
1773239584000,64.1364527,-21.8067181666667,2.0,0.0,0.0,true,2,0
1773239588000,64.1364527,-21.8067181666667,4.0,0.0,0.0,true,3,0
1773239588000,64.1364527,-21.8067181666667,0.0,0.0,0.0,true,4,0
1773239590000,64.1364527,-21.8067181666667,2.0,0.0,0.0,true,5,0
1773239590000,64.1364527,-21.8067181666667,0.0,0.0,0.0,true,6,0
1773239593000,64.1364527,-21.8067181666667,3.0,0.0,0.0,true,7,0
1773239593000,64.1364527,-21.8067181666667,0.0,0.0,0.0,true,8,0
1773239598000,64.1364527,-21.8067181666667,5.0,0.0,0.0,true,9,0
1773239601000,64.1364527,-21.8067181666667,3.0,0.0,0.0,true,10,0
1773239606000,64.1364527,-21.8067181666667,5.0,0.0,0.0,true,11,0
1773239608000,64.13716715,-21.8101346666667,2.0,183.8,330.8,false,11,26.0
1773239608000,64.13716715,-21.8101346666667,0.0,0.0,0.0,true,1,0
1773239608000,64.13716715,-21.8101346666667,0.0,0.0,0.0,true,2,0
1773239608000,64.13716715,-21.8101346666667,0.0,0.0,0.0,true,3,0
1773239612000,64.13716715,-21.8101346666667,4.0,0.0,0.0,true,4,0
1773239612000,64.13716715,-21.8101346666667,0.0,0.0,0.0,true,5,0
1773239616000,64.13716715,-21.8101346666667,4.0,0.0,0.0,true,6,0
1773239616000,64.13716715,-21.8101346666667,0.0,0.0,0.0,true,7,0
1773239622000,64.13716715,-21.8101346666667,6.0,0.0,0.0,true,8,0
1773239622000,64.13716715,-21.8101346666667,0.0,0.0,0.0,true,9,0
1773239627000,64.1367638666667,-21.812342,5.0,116.1,83.6,false,9,19.0
1773239627000,64.1367638666667,-21.812342,0.0,0.0,0.0,true,1,0
1773239629000,64.1367638666667,-21.812342,2.0,0.0,0.0,true,2,0
1773239631000,64.1367638666667,-21.812342,2.0,0.0,0.0,true,3,0
1773239635000,64.1367638666667,-21.812342,4.0,0.0,0.0,true,4,0
1773239635000,64.1367638666667,-21.812342,0.0,0.0,0.0,true,5,0
1773239637000,64.1367638666667,-21.812342,2.0,0.0,0.0,true,6,0
1773239641000,64.1367638666667,-21.812342,4.0,0.0,0.0,true,7,0
1773239641000,64.1367638666667,-21.812342,0.0,0.0,0.0,true,8,0
1773239643000,64.1367638666667,-21.812342,2.0,0.0,0.0,true,9,0
1773239645000,64.1367638666667,-21.812342,2.0,0.0,0.0,true,10,0
1773239648000,64.1367638666667,-21.812342,3.0,0.0,0.0,true,11,0
1773239648000,64.1367638666667,-21.812342,0.0,0.0,0.0,true,12,0
1773239652000,64.1367638666667,-21.812342,4.0,0.0,0.0,true,13,0
1773239652000,64.1367638666667,-21.812342,0.0,0.0,0.0,true,14,0
1773239654000,64.1367638666667,-21.812342,2.0,0.0,0.0,true,15,0
1773239657000,64.1367638666667,-21.812342,3.0,0.0,0.0,true,16,0
1773239659000,64.1367638666667,-21.812342,2.0,0.0,0.0,true,17,0
1773239659000,64.1367638666667,-21.812342,0.0,0.0,0.0,true,18,0
1773239663000,64.1367638666667,-21.812342,4.0,0.0,0.0,true,19,0
1773239665000,64.1367638666667,-21.812342,2.0,0.0,0.0,true,20,0
1773239665000,64.1367638666667,-21.812342,0.0,0.0,0.0,true,21,0
1773239669000,64.1367638666667,-21.812342,4.0,0.0,0.0,true,22,0
1773239671000,64.1367638666667,-21.812342,2.0,0.0,0.0,true,23,0
1773239671000,64.1367638666667,-21.812342,0.0,0.0,0.0,true,24,0
1773239677000,64.1367638666667,-21.812342,6.0,0.0,0.0,true,25,0
1773239680000,64.1367638666667,-21.812342,3.0,0.0,0.0,true,26,0
1773239680000,64.1367638666667,-21.812342,0.0,0.0,0.0,true,27,0
1773239680000,64.1367638666667,-21.812342,0.0,0.0,0.0,true,28,0
1773239682000,64.1367638666667,-21.812342,2.0,0.0,0.0,true,29,0
1773239684000,64.1367638666667,-21.812342,2.0,0.0,0.0,true,30,0
1773239684000,64.1367638666667,-21.812342,0.0,0.0,0.0,true,31,0
1773239688000,64.1382901,-21.815942,4.0,243.5,219.1,false,31,61.0
1773239690000,64.1382901,-21.815942,2.0,0.0,0.0,true,1,0
1773239692000,64.1382901,-21.815942,2.0,0.0,0.0,true,2,0
1773239699000,64.1382901,-21.815942,7.0,0.0,0.0,true,3,0
1773239699000,64.1382901,-21.815942,0.0,0.0,0.0,true,4,0
1773239702000,64.1382901,-21.815942,3.0,0.0,0.0,true,5,0
1773239705000,64.1382901,-21.815942,3.0,0.0,0.0,true,6,0
1773239705000,64.1382901,-21.815942,0.0,0.0,0.0,true,7,0
1773239709000,64.1382901,-21.815942,4.0,0.0,0.0,true,8,0
1773239711000,64.1382901,-21.815942,2.0,0.0,0.0,true,9,0
1773239717000,64.1392083166667,-21.818359,6.0,155.5,93.3,false,9,29.0
1773239717000,64.1392083166667,-21.818359,0.0,0.0,0.0,true,1,0
1773239717000,64.1392083166667,-21.818359,0.0,0.0,0.0,true,2,0
1773239720000,64.1392083166667,-21.818359,3.0,0.0,0.0,true,3,0
1773239724000,64.1392083166667,-21.818359,4.0,0.0,0.0,true,4,0
1773239726000,64.1392083166667,-21.818359,2.0,0.0,0.0,true,5,0
1773239726000,64.1392083166667,-21.818359,0.0,0.0,0.0,true,6,0
1773239729000,64.1392083166667,-21.818359,3.0,0.0,0.0,true,7,0
1773239732000,64.1392083166667,-21.818359,3.0,0.0,0.0,true,8,0
1773239735000,64.1392083166667,-21.818359,3.0,0.0,0.0,true,9,0
1773239735000,64.1392083166667,-21.818359,0.0,0.0,0.0,true,10,0
1773239737000,64.14038,-21.8172326666667,2.0,141.3,254.3,false,10,20.0
1773239739000,64.14038,-21.8172326666667,2.0,0.0,0.0,true,1,0
1773239739000,64.14038,-21.8172326666667,0.0,0.0,0.0,true,2,0
1773239742000,64.14038,-21.8172326666667,3.0,0.0,0.0,true,3,0
1773239742000,64.14038,-21.8172326666667,0.0,0.0,0.0,true,4,0
1773239748000,64.14038,-21.8172326666667,6.0,0.0,0.0,true,5,0
1773239748000,64.14038,-21.8172326666667,0.0,0.0,0.0,true,6,0
1773239750000,64.14038,-21.8172326666667,2.0,0.0,0.0,true,7,0
1773239754000,64.14038,-21.8172326666667,4.0,0.0,0.0,true,8,0
1773239757000,64.14038,-21.8172326666667,3.0,0.0,0.0,true,9,0
1773239757000,64.14038,-21.8172326666667,0.0,0.0,0.0,true,10,0
1773239760000,64.14038,-21.8172326666667,3.0,0.0,0.0,true,11,0
1773239763000,64.14038,-21.8172326666667,3.0,0.0,0.0,true,12,0
1773239765000,64.14038,-21.8172326666667,2.0,0.0,0.0,true,13,0
1773239765000,64.14038,-21.8172326666667,0.0,0.0,0.0,true,14,0
1773239767000,64.14038,-21.8172326666667,2.0,0.0,0.0,true,15,0
1773239769000,64.14038,-21.8172326666667,2.0,0.0,0.0,true,16,0
1773239769000,64.14038,-21.8172326666667,0.0,0.0,0.0,true,17,0
1773239772000,64.1398112166667,-21.812312,3.0,246.9,296.3,false,17,35.0
1773239776000,64.1398112166667,-21.812312,4.0,0.0,0.0,true,1,0
1773239776000,64.1398112166667,-21.812312,0.0,0.0,0.0,true,2,0
1773239776000,64.1398112166667,-21.812312,0.0,0.0,0.0,true,3,0
1773239783000,64.1398112166667,-21.812312,7.0,0.0,0.0,true,4,0
1773239783000,64.1398112166667,-21.812312,0.0,0.0,0.0,true,5,0
1773239787000,64.1398112166667,-21.812312,4.0,0.0,0.0,true,6,0
1773239787000,64.1398112166667,-21.812312,0.0,0.0,0.0,true,7,0
1773239790000,64.1398112166667,-21.812312,3.0,0.0,0.0,true,8,0
1773239790000,64.1398112166667,-21.812312,0.0,0.0,0.0,true,9,0
1773239790000,64.1398112166667,-21.812312,0.0,0.0,0.0,true,10,0
1773239794000,64.1398112166667,-21.812312,4.0,0.0,0.0,true,11,0
1773239794000,64.1398112166667,-21.812312,0.0,0.0,0.0,true,12,0
1773239800000,64.1398112166667,-21.812312,6.0,0.0,0.0,true,13,0
1773239802000,64.1398112166667,-21.812312,2.0,0.0,0.0,true,14,0
1773239802000,64.1398112166667,-21.812312,0.0,0.0,0.0,true,15,0
1773239806000,64.1398112166667,-21.812312,4.0,0.0,0.0,true,16,0
1773239808000,64.1398112166667,-21.812312,2.0,0.0,0.0,true,17,0
1773239811000,64.13853785,-21.8086773333333,3.0,226.1,271.3,false,17,39.0
1773239811000,64.13853785,-21.8086773333333,0.0,0.0,0.0,true,1,0
1773239813000,64.13853785,-21.8086773333333,2.0,0.0,0.0,true,2,0
1773239817000,64.13853785,-21.8086773333333,4.0,0.0,0.0,true,3,0
1773239817000,64.13853785,-21.8086773333333,0.0,0.0,0.0,true,4,0
1773239820000,64.13853785,-21.8086773333333,3.0,0.0,0.0,true,5,0
1773239822000,64.13853785,-21.8086773333333,2.0,0.0,0.0,true,6,0
1773239822000,64.13853785,-21.8086773333333,0.0,0.0,0.0,true,7,0
1773239826000,64.13853785,-21.8086773333333,4.0,0.0,0.0,true,8,0
1773239829000,64.13853785,-21.8086773333333,3.0,0.0,0.0,true,9,0
1773239829000,64.13853785,-21.8086773333333,0.0,0.0,0.0,true,10,0
1773239831000,64.13853785,-21.8086773333333,2.0,0.0,0.0,true,11,0
1773239833000,64.13853785,-21.8086773333333,2.0,0.0,0.0,true,12,0
1773239835000,64.13853785,-21.8086773333333,2.0,0.0,0.0,true,13,0
1773239835000,64.13853785,-21.8086773333333,0.0,0.0,0.0,true,14,0
1773239841000,64.13853785,-21.8086773333333,6.0,0.0,0.0,true,15,0
1773239843000,64.13853785,-21.8086773333333,2.0,0.0,0.0,true,16,0
1773239843000,64.13853785,-21.8086773333333,0.0,0.0,0.0,true,17,0
1773239848000,64.13853785,-21.8086773333333,5.0,0.0,0.0,true,18,0
1773239850000,64.13853785,-21.8086773333333,2.0,0.0,0.0,true,19,0
1773239850000,64.13853785,-21.8086773333333,0.0,0.0,0.0,true,20,0
1773239855000,64.13853785,-21.8086773333333,5.0,0.0,0.0,true,21,0
1773239855000,64.13853785,-21.8086773333333,0.0,0.0,0.0,true,22,0
1773239858000,64.13853785,-21.8086773333333,3.0,0.0,0.0,true,23,0
1773239861000,64.13853785,-21.8086773333333,3.0,0.0,0.0,true,24,0
1773239861000,64.13853785,-21.8086773333333,0.0,0.0,0.0,true,25,0
1773239863000,64.13853785,-21.8086773333333,2.0,0.0,0.0,true,26,0
1773239867000,64.13853785,-21.8086773333333,4.0,0.0,0.0,true,27,0
1773239867000,64.13853785,-21.8086773333333,0.0,0.0,0.0,true,28,0
1773239870000,64.13853785,-21.8086773333333,3.0,0.0,0.0,true,29,0
1773239873000,64.13853785,-21.8086773333333,3.0,0.0,0.0,true,30,0
1773239873000,64.13853785,-21.8086773333333,0.0,0.0,0.0,true,31,0
1773239873000,64.13853785,-21.8086773333333,0.0,0.0,0.0,true,32,0
1773239873000,64.13853785,-21.8086773333333,0.0,0.0,0.0,true,33,0
1773239881000,64.13853785,-21.8086773333333,8.0,0.0,0.0,true,34,0
1773239881000,64.13853785,-21.8086773333333,0.0,0.0,0.0,true,35,0
1773239883000,64.13853785,-21.8086773333333,2.0,0.0,0.0,true,36,0
1773239883000,64.13853785,-21.8086773333333,0.0,0.0,0.0,true,37,0
1773239887000,64.13853785,-21.8086773333333,4.0,0.0,0.0,true,38,0
1773239887000,64.13853785,-21.8086773333333,0.0,0.0,0.0,true,39,0
1773239887000,64.13853785,-21.8086773333333,0.0,0.0,0.0,true,40,0
1773239894000,64.13853785,-21.8086773333333,7.0,0.0,0.0,true,41,0
1773239894000,64.13853785,-21.8086773333333,0.0,0.0,0.0,true,42,0
1773239898000,64.13853785,-21.8086773333333,4.0,0.0,0.0,true,43,0
1773239898000,64.13853785,-21.8086773333333,0.0,0.0,0.0,true,44,0
1773239898000,64.13853785,-21.8086773333333,0.0,0.0,0.0,true,45,0
1773239903000,64.13853785,-21.8086773333333,5.0,0.0,0.0,true,46,0
1773239903000,64.13853785,-21.8086773333333,0.0,0.0,0.0,true,47,0
1773239903000,64.13853785,-21.8086773333333,0.0,0.0,0.0,true,48,0
1773239907000,64.13853785,-21.8086773333333,4.0,0.0,0.0,true,49,0
1773239912000,64.13853785,-21.8086773333333,5.0,0.0,0.0,true,50,0
1773239912000,64.13853785,-21.8086773333333,0.0,0.0,0.0,true,51,0
1773239915000,64.13853785,-21.8086773333333,3.0,0.0,0.0,true,52,0
1773239915000,64.13853785,-21.8086773333333,0.0,0.0,0.0,true,53,0
1773239918000,64.13853785,-21.8086773333333,3.0,0.0,0.0,true,54,0
1773239921000,64.13853785,-21.8086773333333,3.0,0.0,0.0,true,55,0
1773239925000,64.13853785,-21.8086773333333,4.0,0.0,0.0,true,56,0
1773239925000,64.13853785,-21.8086773333333,0.0,0.0,0.0,true,57,0
1773239927000,64.13843515,-21.80712,2.0,76.4,137.5,false,57,116.0
1773239927000,64.13843515,-21.80712,0.0,0.0,0.0,true,1,0
1773239933000,64.13843515,-21.80712,6.0,0.0,0.0,true,2,0
1773239936000,64.13843515,-21.80712,3.0,0.0,0.0,true,3,0
1773239936000,64.13843515,-21.80712,0.0,0.0,0.0,true,4,0
1773239938000,64.13843515,-21.80712,2.0,0.0,0.0,true,5,0
1773239940000,64.13843515,-21.80712,2.0,0.0,0.0,true,6,0
1773239940000,64.13843515,-21.80712,0.0,0.0,0.0,true,7,0
1773239942000,64.13843515,-21.80712,2.0,0.0,0.0,true,8,0
1773239947000,64.13843515,-21.80712,5.0,0.0,0.0,true,9,0
1773239947000,64.13843515,-21.80712,0.0,0.0,0.0,true,10,0
1773239949000,64.13843515,-21.80712,2.0,0.0,0.0,true,11,0
1773239951000,64.13843515,-21.80712,2.0,0.0,0.0,true,12,0
1773239951000,64.13843515,-21.80712,0.0,0.0,0.0,true,13,0
1773239953000,64.13843515,-21.80712,2.0,0.0,0.0,true,14,0
1773239958000,64.13843515,-21.80712,5.0,0.0,0.0,true,15,0
1773239958000,64.13843515,-21.80712,0.0,0.0,0.0,true,16,0
1773239962000,64.13843515,-21.80712,4.0,0.0,0.0,true,17,0
1773239962000,64.13843515,-21.80712,0.0,0.0,0.0,true,18,0
1773239966000,64.13843515,-21.80712,4.0,0.0,0.0,true,19,0
1773239968000,64.13843515,-21.80712,2.0,0.0,0.0,true,20,0
1773239970000,64.13843515,-21.80712,2.0,0.0,0.0,true,21,0
1773239970000,64.13843515,-21.80712,0.0,0.0,0.0,true,22,0
1773239973000,64.13843515,-21.80712,3.0,0.0,0.0,true,23,0
1773239973000,64.13843515,-21.80712,0.0,0.0,0.0,true,24,0
1773239976000,64.13843515,-21.80712,3.0,0.0,0.0,true,25,0
1773239981000,64.13843515,-21.80712,5.0,0.0,0.0,true,26,0
1773239981000,64.13843515,-21.80712,0.0,0.0,0.0,true,27,0
1773239985000,64.13843515,-21.80712,4.0,0.0,0.0,true,28,0
1773239987000,64.13843515,-21.80712,2.0,0.0,0.0,true,29,0
1773239987000,64.13843515,-21.80712,0.0,0.0,0.0,true,30,0
1773239991000,64.1446955166667,-21.805963,4.0,698.4,628.5,false,30,64.0
1773239993000,64.1446955166667,-21.805963,2.0,0.0,0.0,true,1,0
1773239993000,64.1446955166667,-21.805963,0.0,0.0,0.0,true,2,0
1773239996000,64.1446955166667,-21.805963,3.0,0.0,0.0,true,3,0
1773239998000,64.1446955166667,-21.805963,2.0,0.0,0.0,true,4,0
1773239998000,64.1446955166667,-21.805963,0.0,0.0,0.0,true,5,0
1773240002000,64.1446955166667,-21.805963,4.0,0.0,0.0,true,6,0
1773240002000,64.1446955166667,-21.805963,0.0,0.0,0.0,true,7,0
1773240007000,64.1446955166667,-21.805963,5.0,0.0,0.0,true,8,0
1773240007000,64.1446955166667,-21.805963,0.0,0.0,0.0,true,9,0
1773240007000,64.1446955166667,-21.805963,0.0,0.0,0.0,true,10,0
1773240011000,64.1446955166667,-21.805963,4.0,0.0,0.0,true,11,0
1773240013000,64.1446955166667,-21.805963,2.0,0.0,0.0,true,12,0
1773240013000,64.1446955166667,-21.805963,0.0,0.0,0.0,true,13,0
1773240017000,64.1446955166667,-21.805963,4.0,0.0,0.0,true,14,0
1773240020000,64.1446955166667,-21.805963,3.0,0.0,0.0,true,15,0
1773240020000,64.1446955166667,-21.805963,0.0,0.0,0.0,true,16,0
1773240022000,64.1446955166667,-21.805963,2.0,0.0,0.0,true,17,0
1773240022000,64.1446955166667,-21.805963,0.0,0.0,0.0,true,18,0
1773240026000,64.1446955166667,-21.805963,4.0,0.0,0.0,true,19,0
1773240031000,64.1434110666667,-21.807478,5.0,160.6,115.6,false,19,40.0
1773240031000,64.1434110666667,-21.807478,0.0,0.0,0.0,true,1,0
1773240031000,64.1434110666667,-21.807478,0.0,0.0,0.0,true,2,0
1773240035000,64.1434110666667,-21.807478,4.0,0.0,0.0,true,3,0
1773240037000,64.1434110666667,-21.807478,2.0,0.0,0.0,true,4,0
1773240037000,64.1434110666667,-21.807478,0.0,0.0,0.0,true,5,0
1773240041000,64.1434110666667,-21.807478,4.0,0.0,0.0,true,6,0
1773240043000,64.1434110666667,-21.807478,2.0,0.0,0.0,true,7,0
1773240043000,64.1434110666667,-21.807478,0.0,0.0,0.0,true,8,0
1773240048000,64.1434110666667,-21.807478,5.0,0.0,0.0,true,9,0
1773240050000,64.1434110666667,-21.807478,2.0,0.0,0.0,true,10,0
1773240053000,64.1434110666667,-21.807478,3.0,0.0,0.0,true,11,0
1773240053000,64.1434110666667,-21.807478,0.0,0.0,0.0,true,12,0
1773240053000,64.1434110666667,-21.807478,0.0,0.0,0.0,true,13,0
1773240057000,64.1434110666667,-21.807478,4.0,0.0,0.0,true,14,0
1773240059000,64.1434110666667,-21.807478,2.0,0.0,0.0,true,15,0
1773240059000,64.1434110666667,-21.807478,0.0,0.0,0.0,true,16,0
1773240064000,64.1434110666667,-21.807478,5.0,0.0,0.0,true,17,0
1773240066000,64.1434110666667,-21.807478,2.0,0.0,0.0,true,18,0
1773240066000,64.1434110666667,-21.807478,0.0,0.0,0.0,true,19,0
1773240068000,64.1434110666667,-21.807478,2.0,0.0,0.0,true,20,0
1773240071000,64.1434110666667,-21.807478,3.0,0.0,0.0,true,21,0
1773240071000,64.1434110666667,-21.807478,0.0,0.0,0.0,true,22,0
1773240073000,64.1434110666667,-21.807478,2.0,0.0,0.0,true,23,0
1773240079000,64.1434110666667,-21.807478,6.0,0.0,0.0,true,24,0
1773240079000,64.1434110666667,-21.807478,0.0,0.0,0.0,true,25,0
1773240083000,64.1434110666667,-21.807478,4.0,0.0,0.0,true,26,0
1773240083000,64.1434110666667,-21.807478,0.0,0.0,0.0,true,27,0
1773240083000,64.1434110666667,-21.807478,0.0,0.0,0.0,true,28,0
1773240088000,64.1434110666667,-21.807478,5.0,0.0,0.0,true,29,0
1773240088000,64.1434110666667,-21.807478,0.0,0.0,0.0,true,30,0
1773240092000,64.1434110666667,-21.807478,4.0,0.0,0.0,true,31,0
1773240092000,64.1434110666667,-21.807478,0.0,0.0,0.0,true,32,0
1773240096000,64.1434110666667,-21.807478,4.0,0.0,0.0,true,33,0
1773240098000,64.1434110666667,-21.807478,2.0,0.0,0.0,true,34,0
1773240102000,64.1434110666667,-21.807478,4.0,0.0,0.0,true,35,0
1773240102000,64.1434110666667,-21.807478,0.0,0.0,0.0,true,36,0
1773240104000,64.1434110666667,-21.807478,2.0,0.0,0.0,true,37,0
1773240106000,64.1434110666667,-21.807478,2.0,0.0,0.0,true,38,0
1773240106000,64.1434110666667,-21.807478,0.0,0.0,0.0,true,39,0
1773240108000,64.1434110666667,-21.807478,2.0,0.0,0.0,true,40,0
1773240108000,64.1434110666667,-21.807478,0.0,0.0,0.0,true,41,0
1773240113000,64.1434110666667,-21.807478,5.0,0.0,0.0,true,42,0
1773240117000,64.1434110666667,-21.807478,4.0,0.0,0.0,true,43,0
1773240117000,64.1434110666667,-21.807478,0.0,0.0,0.0,true,44,0
1773240119000,64.1434110666667,-21.807478,2.0,0.0,0.0,true,45,0
1773240119000,64.1434110666667,-21.807478,0.0,0.0,0.0,true,46,0
1773240121000,64.1434110666667,-21.807478,2.0,0.0,0.0,true,47,0
1773240121000,64.1434110666667,-21.807478,0.0,0.0,0.0,true,48,0
1773240129000,64.1434110666667,-21.807478,8.0,0.0,0.0,true,49,0
1773240129000,64.1434110666667,-21.807478,0.0,0.0,0.0,true,50,0
1773240133000,64.1434110666667,-21.807478,4.0,0.0,0.0,true,51,0
1773240133000,64.1434110666667,-21.807478,0.0,0.0,0.0,true,52,0
1773240133000,64.1434110666667,-21.807478,0.0,0.0,0.0,true,53,0
1773240137000,64.1434110666667,-21.807478,4.0,0.0,0.0,true,54,0
1773240141000,64.1434110666667,-21.807478,4.0,0.0,0.0,true,55,0
1773240141000,64.1434110666667,-21.807478,0.0,0.0,0.0,true,56,0
1773240143000,64.1434110666667,-21.807478,2.0,0.0,0.0,true,57,0
1773240149000,64.1434110666667,-21.807478,6.0,0.0,0.0,true,58,0
1773240149000,64.1434110666667,-21.807478,0.0,0.0,0.0,true,59,0
1773240152000,64.1432188166667,-21.8070551666667,3.0,29.6,35.5,false,59,121.0
1773240152000,64.1432188166667,-21.8070551666667,0.0,0.0,0.0,true,1,0
1773240156000,64.1432188166667,-21.8070551666667,4.0,0.0,0.0,true,2,0
1773240156000,64.1432188166667,-21.8070551666667,0.0,0.0,0.0,true,3,0
1773240163000,64.1432188166667,-21.8070551666667,7.0,0.0,0.0,true,4,0
1773240163000,64.1432188166667,-21.8070551666667,0.0,0.0,0.0,true,5,0
1773240165000,64.1432188166667,-21.8070551666667,2.0,0.0,0.0,true,6,0
1773240167000,64.1432188166667,-21.8070551666667,2.0,0.0,0.0,true,7,0
1773240167000,64.1432188166667,-21.8070551666667,0.0,0.0,0.0,true,8,0
1773240169000,64.1432188166667,-21.8070551666667,2.0,0.0,0.0,true,9,0
1773240169000,64.1432188166667,-21.8070551666667,0.0,0.0,0.0,true,10,0
1773240171000,64.1432188166667,-21.8070551666667,2.0,0.0,0.0,true,11,0
1773240174000,64.1432188166667,-21.8070551666667,3.0,0.0,0.0,true,12,0
1773240178000,64.1432188166667,-21.8070551666667,4.0,0.0,0.0,true,13,0
1773240178000,64.1432188166667,-21.8070551666667,0.0,0.0,0.0,true,14,0
1773240184000,64.14456085,-21.8066581666667,6.0,150.5,90.3,false,14,32.0
1773240184000,64.14456085,-21.8066581666667,0.0,0.0,0.0,true,1,0
1773240186000,64.14456085,-21.8066581666667,2.0,0.0,0.0,true,2,0
1773240186000,64.14456085,-21.8066581666667,0.0,0.0,0.0,true,3,0
1773240190000,64.14456085,-21.8066581666667,4.0,0.0,0.0,true,4,0
1773240190000,64.14456085,-21.8066581666667,0.0,0.0,0.0,true,5,0
1773240190000,64.14456085,-21.8066581666667,0.0,0.0,0.0,true,6,0
1773240195000,64.14456085,-21.8066581666667,5.0,0.0,0.0,true,7,0
1773240198000,64.14456085,-21.8066581666667,3.0,0.0,0.0,true,8,0
1773240198000,64.14456085,-21.8066581666667,0.0,0.0,0.0,true,9,0
1773240202000,64.14456085,-21.8066581666667,4.0,0.0,0.0,true,10,0
1773240204000,64.14456085,-21.8066581666667,2.0,0.0,0.0,true,11,0
1773240204000,64.14456085,-21.8066581666667,0.0,0.0,0.0,true,12,0
1773240208000,64.14456085,-21.8066581666667,4.0,0.0,0.0,true,13,0
1773240215000,64.14456085,-21.8066581666667,7.0,0.0,0.0,true,14,0
1773240215000,64.14456085,-21.8066581666667,0.0,0.0,0.0,true,15,0
1773240217000,64.14456085,-21.8066581666667,2.0,0.0,0.0,true,16,0
1773240219000,64.14456085,-21.8066581666667,2.0,0.0,0.0,true,17,0
1773240219000,64.14456085,-21.8066581666667,0.0,0.0,0.0,true,18,0
1773240224000,64.14456085,-21.8066581666667,5.0,0.0,0.0,true,19,0
1773240226000,64.14456085,-21.8066581666667,2.0,0.0,0.0,true,20,0
1773240226000,64.14456085,-21.8066581666667,0.0,0.0,0.0,true,21,0
1773240230000,64.14456085,-21.8066581666667,4.0,0.0,0.0,true,22,0
1773240230000,64.14456085,-21.8066581666667,0.0,0.0,0.0,true,23,0
1773240233000,64.14456085,-21.8066581666667,3.0,0.0,0.0,true,24,0
1773240235000,64.14456085,-21.8066581666667,2.0,0.0,0.0,true,25,0
1773240235000,64.14456085,-21.8066581666667,0.0,0.0,0.0,true,26,0
1773240240000,64.14456085,-21.8066581666667,5.0,0.0,0.0,true,27,0
1773240242000,64.14456085,-21.8066581666667,2.0,0.0,0.0,true,28,0
1773240242000,64.14456085,-21.8066581666667,0.0,0.0,0.0,true,29,0
1773240245000,64.14456085,-21.8066581666667,3.0,0.0,0.0,true,30,0
1773240248000,64.14456085,-21.8066581666667,3.0,0.0,0.0,true,31,0
1773240248000,64.14456085,-21.8066581666667,0.0,0.0,0.0,true,32,0
1773240253000,64.14456085,-21.8066581666667,5.0,0.0,0.0,true,33,0
1773240257000,64.14456085,-21.8066581666667,4.0,0.0,0.0,true,34,0
1773240257000,64.14456085,-21.8066581666667,0.0,0.0,0.0,true,35,0
1773240259000,64.14456085,-21.8066581666667,2.0,0.0,0.0,true,36,0
1773240261000,64.14456085,-21.8066581666667,2.0,0.0,0.0,true,37,0
1773240261000,64.14456085,-21.8066581666667,0.0,0.0,0.0,true,38,0
1773240263000,64.14456085,-21.8066581666667,2.0,0.0,0.0,true,39,0
1773240267000,64.1376581833333,-21.80819,4.0,771.1,694.0,false,39,83.0
1773240267000,64.1376581833333,-21.80819,0.0,0.0,0.0,true,1,0
1773240270000,64.1376581833333,-21.80819,3.0,0.0,0.0,true,2,0
1773240270000,64.1376581833333,-21.80819,0.0,0.0,0.0,true,3,0
1773240272000,64.1376581833333,-21.80819,2.0,0.0,0.0,true,4,0
1773240275000,64.1376581833333,-21.80819,3.0,0.0,0.0,true,5,0
1773240275000,64.1376581833333,-21.80819,0.0,0.0,0.0,true,6,0
1773240279000,64.1376581833333,-21.80819,4.0,0.0,0.0,true,7,0
1773240283000,64.1376581833333,-21.80819,4.0,0.0,0.0,true,8,0
1773240283000,64.1376581833333,-21.80819,0.0,0.0,0.0,true,9,0
1773240285000,64.1376581833333,-21.80819,2.0,0.0,0.0,true,10,0
1773240289000,64.1376581833333,-21.80819,4.0,0.0,0.0,true,11,0
1773240289000,64.1376581833333,-21.80819,0.0,0.0,0.0,true,12,0
1773240291000,64.1376581833333,-21.80819,2.0,0.0,0.0,true,13,0
1773240294000,64.1376581833333,-21.80819,3.0,0.0,0.0,true,14,0
1773240294000,64.1376581833333,-21.80819,0.0,0.0,0.0,true,15,0
1773240298000,64.1383809166667,-21.8081415,4.0,80.4,72.4,false,15,31.0
1773240298000,64.1383809166667,-21.8081415,0.0,0.0,0.0,true,1,0
1773240300000,64.1383809166667,-21.8081415,2.0,0.0,0.0,true,2,0
1773240304000,64.1383809166667,-21.8081415,4.0,0.0,0.0,true,3,0
1773240308000,64.1383809166667,-21.8081415,4.0,0.0,0.0,true,4,0
1773240308000,64.1383809166667,-21.8081415,0.0,0.0,0.0,true,5,0
1773240312000,64.1383809166667,-21.8081415,4.0,0.0,0.0,true,6,0
1773240312000,64.1383809166667,-21.8081415,0.0,0.0,0.0,true,7,0
1773240312000,64.1383809166667,-21.8081415,0.0,0.0,0.0,true,8,0
1773240317000,64.1383809166667,-21.8081415,5.0,0.0,0.0,true,9,0
1773240317000,64.1383809166667,-21.8081415,0.0,0.0,0.0,true,10,0
1773240319000,64.1383809166667,-21.8081415,2.0,0.0,0.0,true,11,0
1773240323000,64.1383809166667,-21.8081415,4.0,0.0,0.0,true,12,0
1773240323000,64.1383809166667,-21.8081415,0.0,0.0,0.0,true,13,0
1773240325000,64.1383809166667,-21.8081415,2.0,0.0,0.0,true,14,0
1773240327000,64.1383809166667,-21.8081415,2.0,0.0,0.0,true,15,0
1773240327000,64.1383809166667,-21.8081415,0.0,0.0,0.0,true,16,0
1773240331000,64.1396055666667,-21.8116905,4.0,219.5,197.5,false,16,33.0
1773240336000,64.1396055666667,-21.8116905,5.0,0.0,0.0,true,1,0
1773240336000,64.1396055666667,-21.8116905,0.0,0.0,0.0,true,2,0
1773240338000,64.1396055666667,-21.8116905,2.0,0.0,0.0,true,3,0
1773240342000,64.1396055666667,-21.8116905,4.0,0.0,0.0,true,4,0
1773240342000,64.1396055666667,-21.8116905,0.0,0.0,0.0,true,5,0
1773240344000,64.1396055666667,-21.8116905,2.0,0.0,0.0,true,6,0
1773240344000,64.1396055666667,-21.8116905,0.0,0.0,0.0,true,7,0
1773240348000,64.1396055666667,-21.8116905,4.0,0.0,0.0,true,8,0
1773240350000,64.1396055666667,-21.8116905,2.0,0.0,0.0,true,9,0
1773240350000,64.1396055666667,-21.8116905,0.0,0.0,0.0,true,10,0
1773240354000,64.1396055666667,-21.8116905,4.0,0.0,0.0,true,11,0
1773240359000,64.1396055666667,-21.8116905,5.0,0.0,0.0,true,12,0
1773240362000,64.1406784,-21.8165425,3.0,263.8,316.6,false,12,31.0
1773240362000,64.1406784,-21.8165425,0.0,0.0,0.0,true,1,0
1773240367000,64.1406784,-21.8165425,5.0,0.0,0.0,true,2,0
1773240369000,64.1406784,-21.8165425,2.0,0.0,0.0,true,3,0
1773240369000,64.1406784,-21.8165425,0.0,0.0,0.0,true,4,0
1773240371000,64.1406784,-21.8165425,2.0,0.0,0.0,true,5,0
1773240374000,64.1406784,-21.8165425,3.0,0.0,0.0,true,6,0
1773240378000,64.1406784,-21.8165425,4.0,0.0,0.0,true,7,0
1773240378000,64.1406784,-21.8165425,0.0,0.0,0.0,true,8,0
1773240378000,64.1406784,-21.8165425,0.0,0.0,0.0,true,9,0
1773240382000,64.1406784,-21.8165425,4.0,0.0,0.0,true,10,0
1773240385000,64.1406784,-21.8165425,3.0,0.0,0.0,true,11,0
1773240385000,64.1406784,-21.8165425,0.0,0.0,0.0,true,12,0
1773240389000,64.1406784,-21.8165425,4.0,0.0,0.0,true,13,0
1773240391000,64.1406784,-21.8165425,2.0,0.0,0.0,true,14,0
1773240391000,64.1406784,-21.8165425,0.0,0.0,0.0,true,15,0
1773240393000,64.1406784,-21.8165425,2.0,0.0,0.0,true,16,0
1773240396000,64.1395161666667,-21.8181728333333,3.0,151.5,181.8,false,16,34.0
1773240396000,64.1395161666667,-21.8181728333333,0.0,0.0,0.0,true,1,0
1773240398000,64.1395161666667,-21.8181728333333,2.0,0.0,0.0,true,2,0
1773240400000,64.1395161666667,-21.8181728333333,2.0,0.0,0.0,true,3,0
1773240406000,64.1395161666667,-21.8181728333333,6.0,0.0,0.0,true,4,0
1773240406000,64.1395161666667,-21.8181728333333,0.0,0.0,0.0,true,5,0
1773240406000,64.1395161666667,-21.8181728333333,0.0,0.0,0.0,true,6,0
1773240409000,64.1395161666667,-21.8181728333333,3.0,0.0,0.0,true,7,0
1773240411000,64.1395161666667,-21.8181728333333,2.0,0.0,0.0,true,8,0
1773240411000,64.1395161666667,-21.8181728333333,0.0,0.0,0.0,true,9,0
1773240416000,64.1383646,-21.8166646666667,5.0,147.5,106.2,false,9,20.0
1773240418000,64.1383646,-21.8166646666667,2.0,0.0,0.0,true,1,0
1773240418000,64.1383646,-21.8166646666667,0.0,0.0,0.0,true,2,0
1773240418000,64.1383646,-21.8166646666667,0.0,0.0,0.0,true,3,0
1773240425000,64.1383646,-21.8166646666667,7.0,0.0,0.0,true,4,0
1773240425000,64.1383646,-21.8166646666667,0.0,0.0,0.0,true,5,0
1773240429000,64.1383646,-21.8166646666667,4.0,0.0,0.0,true,6,0
1773240429000,64.1383646,-21.8166646666667,0.0,0.0,0.0,true,7,0
1773240429000,64.1383646,-21.8166646666667,0.0,0.0,0.0,true,8,0
1773240434000,64.1383646,-21.8166646666667,5.0,0.0,0.0,true,9,0
1773240434000,64.1383646,-21.8166646666667,0.0,0.0,0.0,true,10,0
1773240437000,64.1383646,-21.8166646666667,3.0,0.0,0.0,true,11,0
1773240439000,64.1383646,-21.8166646666667,2.0,0.0,0.0,true,12,0
1773240443000,64.13695145,-21.8128653333333,4.0,242.2,218.0,false,12,27.0
1773240443000,64.13695145,-21.8128653333333,0.0,0.0,0.0,true,1,0
1773240445000,64.13695145,-21.8128653333333,2.0,0.0,0.0,true,2,0
1773240449000,64.13695145,-21.8128653333333,4.0,0.0,0.0,true,3,0
1773240449000,64.13695145,-21.8128653333333,0.0,0.0,0.0,true,4,0
1773240454000,64.13695145,-21.8128653333333,5.0,0.0,0.0,true,5,0
1773240454000,64.13695145,-21.8128653333333,0.0,0.0,0.0,true,6,0
1773240456000,64.13695145,-21.8128653333333,2.0,0.0,0.0,true,7,0
1773240456000,64.13695145,-21.8128653333333,0.0,0.0,0.0,true,8,0
1773240458000,64.13695145,-21.8128653333333,2.0,0.0,0.0,true,9,0
1773240463000,64.13695145,-21.8128653333333,5.0,0.0,0.0,true,10,0
1773240463000,64.13695145,-21.8128653333333,0.0,0.0,0.0,true,11,0
1773240467000,64.13695145,-21.8128653333333,4.0,0.0,0.0,true,12,0
1773240470000,64.13695145,-21.8128653333333,3.0,0.0,0.0,true,13,0
1773240470000,64.13695145,-21.8128653333333,0.0,0.0,0.0,true,14,0
1773240470000,64.13695145,-21.8128653333333,0.0,0.0,0.0,true,15,0
1773240476000,64.1368569,-21.810694,6.0,105.8,63.5,false,15,33.0
1773240476000,64.1368569,-21.810694,0.0,0.0,0.0,true,1,0
1773240481000,64.1368569,-21.810694,5.0,0.0,0.0,true,2,0
1773240481000,64.1368569,-21.810694,0.0,0.0,0.0,true,3,0
1773240483000,64.1368569,-21.810694,2.0,0.0,0.0,true,4,0
1773240485000,64.1368569,-21.810694,2.0,0.0,0.0,true,5,0
1773240489000,64.1368569,-21.810694,4.0,0.0,0.0,true,6,0
1773240489000,64.1368569,-21.810694,0.0,0.0,0.0,true,7,0
1773240489000,64.1368569,-21.810694,0.0,0.0,0.0,true,8,0
1773240495000,64.1368569,-21.810694,6.0,0.0,0.0,true,9,0
1773240498000,64.1368569,-21.810694,3.0,0.0,0.0,true,10,0
1773240498000,64.1368569,-21.810694,0.0,0.0,0.0,true,11,0
1773240502000,64.1368569,-21.810694,4.0,0.0,0.0,true,12,0
1773240504000,64.1368569,-21.810694,2.0,0.0,0.0,true,13,0
1773240504000,64.1368569,-21.810694,0.0,0.0,0.0,true,14,0
1773240507000,64.1368569,-21.810694,3.0,0.0,0.0,true,15,0
1773240511000,64.1368569,-21.810694,4.0,0.0,0.0,true,16,0
1773240511000,64.1368569,-21.810694,0.0,0.0,0.0,true,17,0
1773240513000,64.1368569,-21.810694,2.0,0.0,0.0,true,18,0
1773240516000,64.1368569,-21.810694,3.0,0.0,0.0,true,19,0
1773240516000,64.1368569,-21.810694,0.0,0.0,0.0,true,20,0
1773240516000,64.1368569,-21.810694,0.0,0.0,0.0,true,21,0
1773240522000,64.1364790333333,-21.8070153333333,6.0,183.3,110.0,false,21,46.0
1773240522000,64.1364790333333,-21.8070153333333,0.0,0.0,0.0,true,1,0
1773240525000,64.1364790333333,-21.8070153333333,3.0,0.0,0.0,true,2,0
1773240528000,64.1364790333333,-21.8070153333333,3.0,0.0,0.0,true,3,0
1773240528000,64.1364790333333,-21.8070153333333,0.0,0.0,0.0,true,4,0
1773240531000,64.1364790333333,-21.8070153333333,3.0,0.0,0.0,true,5,0
1773240531000,64.1364790333333,-21.8070153333333,0.0,0.0,0.0,true,6,0
1773240533000,64.1364790333333,-21.8070153333333,2.0,0.0,0.0,true,7,0
1773240536000,64.1364790333333,-21.8070153333333,3.0,0.0,0.0,true,8,0
1773240539000,64.1364790333333,-21.8070153333333,3.0,0.0,0.0,true,9,0
1773240539000,64.1364790333333,-21.8070153333333,0.0,0.0,0.0,true,10,0
1773240545000,64.1364790333333,-21.8070153333333,6.0,0.0,0.0,true,11,0
1773240548000,64.1356805333333,-21.8020405,3.0,257.1,308.6,false,11,26.0
1773240548000,64.1356805333333,-21.8020405,0.0,0.0,0.0,true,1,0
1773240552000,64.1356805333333,-21.8020405,4.0,0.0,0.0,true,2,0
1773240552000,64.1356805333333,-21.8020405,0.0,0.0,0.0,true,3,0
1773240552000,64.1356805333333,-21.8020405,0.0,0.0,0.0,true,4,0
1773240555000,64.1356805333333,-21.8020405,3.0,0.0,0.0,true,5,0
1773240555000,64.1356805333333,-21.8020405,0.0,0.0,0.0,true,6,0
1773240558000,64.1356805333333,-21.8020405,3.0,0.0,0.0,true,7,0
1773240561000,64.1356805333333,-21.8020405,3.0,0.0,0.0,true,8,0
1773240561000,64.1356805333333,-21.8020405,0.0,0.0,0.0,true,9,0
1773240565000,64.1356805333333,-21.8020405,4.0,0.0,0.0,true,10,0
1773240567000,64.1356805333333,-21.8020405,2.0,0.0,0.0,true,11,0
1773240567000,64.1356805333333,-21.8020405,0.0,0.0,0.0,true,12,0
1773240570000,64.1356805333333,-21.8020405,3.0,0.0,0.0,true,13,0
1773240570000,64.1356805333333,-21.8020405,0.0,0.0,0.0,true,14,0
1773240575000,64.1356805333333,-21.8020405,5.0,0.0,0.0,true,15,0
1773240575000,64.1356805333333,-21.8020405,0.0,0.0,0.0,true,16,0
1773240575000,64.1356805333333,-21.8020405,0.0,0.0,0.0,true,17,0
1773240582000,64.1347350833333,-21.7980063333333,7.0,222.1,114.2,false,17,34.0
1773240582000,64.1347350833333,-21.7980063333333,0.0,0.0,0.0,true,1,0
1773240582000,64.1347350833333,-21.7980063333333,0.0,0.0,0.0,true,2,0
1773240586000,64.1347350833333,-21.7980063333333,4.0,0.0,0.0,true,3,0
1773240591000,64.1347350833333,-21.7980063333333,5.0,0.0,0.0,true,4,0
1773240593000,64.1347350833333,-21.7980063333333,2.0,0.0,0.0,true,5,0
1773240593000,64.1347350833333,-21.7980063333333,0.0,0.0,0.0,true,6,0
1773240595000,64.1347350833333,-21.7980063333333,2.0,0.0,0.0,true,7,0
1773240600000,64.1347350833333,-21.7980063333333,5.0,0.0,0.0,true,8,0
1773240600000,64.1347350833333,-21.7980063333333,0.0,0.0,0.0,true,9,0
1773240602000,64.1347350833333,-21.7980063333333,2.0,0.0,0.0,true,10,0
1773240602000,64.1347350833333,-21.7980063333333,0.0,0.0,0.0,true,11,0
1773240606000,64.1347350833333,-21.7980063333333,4.0,0.0,0.0,true,12,0
1773240606000,64.1347350833333,-21.7980063333333,0.0,0.0,0.0,true,13,0
1773240609000,64.1347350833333,-21.7980063333333,3.0,0.0,0.0,true,14,0
1773240611000,64.1347350833333,-21.7980063333333,2.0,0.0,0.0,true,15,0
1773240611000,64.1347350833333,-21.7980063333333,0.0,0.0,0.0,true,16,0
1773240617000,64.1347350833333,-21.7980063333333,6.0,0.0,0.0,true,17,0
1773240617000,64.1347350833333,-21.7980063333333,0.0,0.0,0.0,true,18,0
1773240621000,64.1353778833333,-21.7932751666667,4.0,240.4,216.3,false,18,39.0
1773240623000,64.1353778833333,-21.7932751666667,2.0,0.0,0.0,true,1,0
1773240623000,64.1353778833333,-21.7932751666667,0.0,0.0,0.0,true,2,0
1773240626000,64.1353778833333,-21.7932751666667,3.0,0.0,0.0,true,3,0
1773240629000,64.1353778833333,-21.7932751666667,3.0,0.0,0.0,true,4,0
1773240629000,64.1353778833333,-21.7932751666667,0.0,0.0,0.0,true,5,0
1773240634000,64.1353778833333,-21.7932751666667,5.0,0.0,0.0,true,6,0
1773240637000,64.1353778833333,-21.7932751666667,3.0,0.0,0.0,true,7,0
1773240637000,64.1353778833333,-21.7932751666667,0.0,0.0,0.0,true,8,0
1773240639000,64.1353778833333,-21.7932751666667,2.0,0.0,0.0,true,9,0
1773240639000,64.1353778833333,-21.7932751666667,0.0,0.0,0.0,true,10,0
1773240645000,64.1353778833333,-21.7932751666667,6.0,0.0,0.0,true,11,0
1773240647000,64.1353778833333,-21.7932751666667,2.0,0.0,0.0,true,12,0
1773240649000,64.1353778833333,-21.7932751666667,2.0,0.0,0.0,true,13,0
1773240649000,64.1353778833333,-21.7932751666667,0.0,0.0,0.0,true,14,0
1773240652000,64.1353778833333,-21.7932751666667,3.0,0.0,0.0,true,15,0
1773240652000,64.1353778833333,-21.7932751666667,0.0,0.0,0.0,true,16,0
1773240657000,64.1353778833333,-21.7932751666667,5.0,0.0,0.0,true,17,0
1773240657000,64.1353778833333,-21.7932751666667,0.0,0.0,0.0,true,18,0
1773240657000,64.1353778833333,-21.7932751666667,0.0,0.0,0.0,true,19,0
1773240664000,64.1353778833333,-21.7932751666667,7.0,0.0,0.0,true,20,0
1773240664000,64.1353778833333,-21.7932751666667,0.0,0.0,0.0,true,21,0
1773240664000,64.1353778833333,-21.7932751666667,0.0,0.0,0.0,true,22,0
1773240667000,64.1353778833333,-21.7932751666667,3.0,0.0,0.0,true,23,0
1773240667000,64.1353778833333,-21.7932751666667,0.0,0.0,0.0,true,24,0
1773240667000,64.1353778833333,-21.7932751666667,0.0,0.0,0.0,true,25,0
1773240673000,64.1376827833333,-21.7911101666667,6.0,277.0,166.2,false,25,52.0
1773240673000,64.1376827833333,-21.7911101666667,0.0,0.0,0.0,true,1,0
1773240673000,64.1376827833333,-21.7911101666667,0.0,0.0,0.0,true,2,0
1773240678000,64.1376827833333,-21.7911101666667,5.0,0.0,0.0,true,3,0
1773240684000,64.1376827833333,-21.7911101666667,6.0,0.0,0.0,true,4,0
1773240684000,64.1376827833333,-21.7911101666667,0.0,0.0,0.0,true,5,0
1773240684000,64.1376827833333,-21.7911101666667,0.0,0.0,0.0,true,6,0
1773240684000,64.1376827833333,-21.7911101666667,0.0,0.0,0.0,true,7,0
1773240684000,64.1376827833333,-21.7911101666667,0.0,0.0,0.0,true,8,0
1773240684000,64.1376827833333,-21.7911101666667,0.0,0.0,0.0,true,9,0
1773240694000,64.1391123,-21.7893726666667,10.0,179.9,64.8,false,9,21.0
1773240694000,64.1391123,-21.7893726666667,0.0,0.0,0.0,true,1,0
1773240694000,64.1391123,-21.7893726666667,0.0,0.0,0.0,true,2,0
1773240694000,64.1391123,-21.7893726666667,0.0,0.0,0.0,true,3,0
1773240694000,64.1391123,-21.7893726666667,0.0,0.0,0.0,true,4,0
1773240703000,64.1391123,-21.7893726666667,9.0,0.0,0.0,true,5,0
1773240703000,64.1391123,-21.7893726666667,0.0,0.0,0.0,true,6,0
1773240706000,64.1391123,-21.7893726666667,3.0,0.0,0.0,true,7,0
1773240710000,64.1391123,-21.7893726666667,4.0,0.0,0.0,true,8,0
1773240712000,64.1391123,-21.7893726666667,2.0,0.0,0.0,true,9,0
1773240715000,64.1391123,-21.7893726666667,3.0,0.0,0.0,true,10,0
1773240717000,64.1391123,-21.7893726666667,2.0,0.0,0.0,true,11,0
1773240717000,64.1391123,-21.7893726666667,0.0,0.0,0.0,true,12,0
1773240719000,64.1391123,-21.7893726666667,2.0,0.0,0.0,true,13,0
1773240722000,64.1391123,-21.7893726666667,3.0,0.0,0.0,true,14,0
1773240722000,64.1391123,-21.7893726666667,0.0,0.0,0.0,true,15,0
1773240724000,64.1391123,-21.7893726666667,2.0,0.0,0.0,true,16,0
1773240728000,64.1391123,-21.7893726666667,4.0,0.0,0.0,true,17,0
1773240728000,64.1391123,-21.7893726666667,0.0,0.0,0.0,true,18,0
1773240732000,64.1391123,-21.7893726666667,4.0,0.0,0.0,true,19,0
1773240734000,64.1391123,-21.7893726666667,2.0,0.0,0.0,true,20,0
1773240734000,64.1391123,-21.7893726666667,0.0,0.0,0.0,true,21,0
1773240734000,64.1391123,-21.7893726666667,0.0,0.0,0.0,true,22,0
1773240739000,64.1393070333333,-21.7848338333333,5.0,221.2,159.3,false,22,45.0
1773240743000,64.1393070333333,-21.7848338333333,4.0,0.0,0.0,true,1,0
1773240743000,64.1393070333333,-21.7848338333333,0.0,0.0,0.0,true,2,0
1773240745000,64.1393070333333,-21.7848338333333,2.0,0.0,0.0,true,3,0
1773240748000,64.1393070333333,-21.7848338333333,3.0,0.0,0.0,true,4,0
1773240750000,64.1393070333333,-21.7848338333333,2.0,0.0,0.0,true,5,0
1773240750000,64.1393070333333,-21.7848338333333,0.0,0.0,0.0,true,6,0
1773240754000,64.1393070333333,-21.7848338333333,4.0,0.0,0.0,true,7,0
1773240754000,64.1393070333333,-21.7848338333333,0.0,0.0,0.0,true,8,0
1773240759000,64.1393070333333,-21.7848338333333,5.0,0.0,0.0,true,9,0
1773240759000,64.1393070333333,-21.7848338333333,0.0,0.0,0.0,true,10,0
1773240759000,64.1393070333333,-21.7848338333333,0.0,0.0,0.0,true,11,0
1773240764000,64.1393070333333,-21.7848338333333,5.0,0.0,0.0,true,12,0
1773240766000,64.1393070333333,-21.7848338333333,2.0,0.0,0.0,true,13,0
1773240770000,64.1393070333333,-21.7848338333333,4.0,0.0,0.0,true,14,0
1773240770000,64.1393070333333,-21.7848338333333,0.0,0.0,0.0,true,15,0
1773240772000,64.1393070333333,-21.7848338333333,2.0,0.0,0.0,true,16,0
1773240775000,64.1393070333333,-21.7848338333333,3.0,0.0,0.0,true,17,0
1773240775000,64.1393070333333,-21.7848338333333,0.0,0.0,0.0,true,18,0
1773240777000,64.1396258666667,-21.780583,2.0,209.2,376.6,false,18,38.0
1773240777000,64.1396258666667,-21.780583,0.0,0.0,0.0,true,1,0
1773240784000,64.1396258666667,-21.780583,7.0,0.0,0.0,true,2,0
1773240784000,64.1396258666667,-21.780583,0.0,0.0,0.0,true,3,0
1773240786000,64.1396258666667,-21.780583,2.0,0.0,0.0,true,4,0
1773240786000,64.1396258666667,-21.780583,0.0,0.0,0.0,true,5,0
1773240786000,64.1396258666667,-21.780583,0.0,0.0,0.0,true,6,0
1773240790000,64.1396258666667,-21.780583,4.0,0.0,0.0,true,7,0
1773240793000,64.1396258666667,-21.780583,3.0,0.0,0.0,true,8,0
1773240796000,64.1396258666667,-21.780583,3.0,0.0,0.0,true,9,0
1773240796000,64.1396258666667,-21.780583,0.0,0.0,0.0,true,10,0
1773240801000,64.1396258666667,-21.780583,5.0,0.0,0.0,true,11,0
1773240801000,64.1396258666667,-21.780583,0.0,0.0,0.0,true,12,0
1773240805000,64.1396258666667,-21.780583,4.0,0.0,0.0,true,13,0
1773240805000,64.1396258666667,-21.780583,0.0,0.0,0.0,true,14,0
1773240808000,64.1396258666667,-21.780583,3.0,0.0,0.0,true,15,0
1773240811000,64.1396258666667,-21.780583,3.0,0.0,0.0,true,16,0
1773240811000,64.1396258666667,-21.780583,0.0,0.0,0.0,true,17,0
1773240814000,64.1396258666667,-21.780583,3.0,0.0,0.0,true,18,0
1773240814000,64.1396258666667,-21.780583,0.0,0.0,0.0,true,19,0
1773240814000,64.1396258666667,-21.780583,0.0,0.0,0.0,true,20,0
1773240820000,64.1386745333333,-21.7768383333333,6.0,210.2,126.1,false,20,43.0
1773240823000,64.1386745333333,-21.7768383333333,3.0,0.0,0.0,true,1,0
1773240823000,64.1386745333333,-21.7768383333333,0.0,0.0,0.0,true,2,0
1773240825000,64.1386745333333,-21.7768383333333,2.0,0.0,0.0,true,3,0
1773240829000,64.1386745333333,-21.7768383333333,4.0,0.0,0.0,true,4,0
1773240829000,64.1386745333333,-21.7768383333333,0.0,0.0,0.0,true,5,0
1773240831000,64.1386745333333,-21.7768383333333,2.0,0.0,0.0,true,6,0
1773240834000,64.1386745333333,-21.7768383333333,3.0,0.0,0.0,true,7,0
1773240834000,64.1386745333333,-21.7768383333333,0.0,0.0,0.0,true,8,0
1773240840000,64.1386745333333,-21.7768383333333,6.0,0.0,0.0,true,9,0
1773240840000,64.1386745333333,-21.7768383333333,0.0,0.0,0.0,true,10,0
1773240840000,64.1386745333333,-21.7768383333333,0.0,0.0,0.0,true,11,0
1773240843000,64.1386745333333,-21.7768383333333,3.0,0.0,0.0,true,12,0
1773240843000,64.1386745333333,-21.7768383333333,0.0,0.0,0.0,true,13,0
1773240849000,64.1382119333333,-21.77432,6.0,132.5,79.5,false,13,29.0
1773240851000,64.1382119333333,-21.77432,2.0,0.0,0.0,true,1,0
1773240851000,64.1382119333333,-21.77432,0.0,0.0,0.0,true,2,0
1773240855000,64.1382119333333,-21.77432,4.0,0.0,0.0,true,3,0
1773240855000,64.1382119333333,-21.77432,0.0,0.0,0.0,true,4,0
1773240855000,64.1382119333333,-21.77432,0.0,0.0,0.0,true,5,0
1773240858000,64.1382119333333,-21.77432,3.0,0.0,0.0,true,6,0
1773240858000,64.1382119333333,-21.77432,0.0,0.0,0.0,true,7,0
1773240863000,64.1382119333333,-21.77432,5.0,0.0,0.0,true,8,0
1773240866000,64.1382119333333,-21.77432,3.0,0.0,0.0,true,9,0
1773240866000,64.1382119333333,-21.77432,0.0,0.0,0.0,true,10,0
1773240870000,64.1382119333333,-21.77432,4.0,0.0,0.0,true,11,0
1773240873000,64.1382119333333,-21.77432,3.0,0.0,0.0,true,12,0
1773240873000,64.1382119333333,-21.77432,0.0,0.0,0.0,true,13,0
1773240875000,64.1382119333333,-21.77432,2.0,0.0,0.0,true,14,0
1773240875000,64.1382119333333,-21.77432,0.0,0.0,0.0,true,15,0
1773240881000,64.1382119333333,-21.77432,6.0,0.0,0.0,true,16,0
1773240881000,64.1382119333333,-21.77432,0.0,0.0,0.0,true,17,0
1773240886000,64.1382119333333,-21.77432,5.0,0.0,0.0,true,18,0
1773240886000,64.1382119333333,-21.77432,0.0,0.0,0.0,true,19,0
1773240886000,64.1382119333333,-21.77432,0.0,0.0,0.0,true,20,0
1773240892000,64.1382119333333,-21.77432,6.0,0.0,0.0,true,21,0
1773240894000,64.1382119333333,-21.77432,2.0,0.0,0.0,true,22,0
1773240894000,64.1382119333333,-21.77432,0.0,0.0,0.0,true,23,0
1773240898000,64.1382119333333,-21.77432,4.0,0.0,0.0,true,24,0
1773240900000,64.1382119333333,-21.77432,2.0,0.0,0.0,true,25,0
1773240900000,64.1382119333333,-21.77432,0.0,0.0,0.0,true,26,0
1773240900000,64.1382119333333,-21.77432,0.0,0.0,0.0,true,27,0
1773240902000,64.1382119333333,-21.77432,2.0,0.0,0.0,true,28,0
1773240905000,64.1382119333333,-21.77432,3.0,0.0,0.0,true,29,0
1773240908000,64.1382119333333,-21.77432,3.0,0.0,0.0,true,30,0
1773240908000,64.1382119333333,-21.77432,0.0,0.0,0.0,true,31,0
1773240915000,64.1393699333333,-21.7721143333333,7.0,167.4,86.1,false,31,66.0
1773240915000,64.1393699333333,-21.7721143333333,0.0,0.0,0.0,true,1,0
1773240917000,64.1393699333333,-21.7721143333333,2.0,0.0,0.0,true,2,0
1773240917000,64.1393699333333,-21.7721143333333,0.0,0.0,0.0,true,3,0
1773240920000,64.1393699333333,-21.7721143333333,3.0,0.0,0.0,true,4,0
1773240920000,64.1393699333333,-21.7721143333333,0.0,0.0,0.0,true,5,0
1773240926000,64.1393699333333,-21.7721143333333,6.0,0.0,0.0,true,6,0
1773240928000,64.1393699333333,-21.7721143333333,2.0,0.0,0.0,true,7,0
1773240928000,64.1393699333333,-21.7721143333333,0.0,0.0,0.0,true,8,0
1773240930000,64.1393699333333,-21.7721143333333,2.0,0.0,0.0,true,9,0
1773240934000,64.1393699333333,-21.7721143333333,4.0,0.0,0.0,true,10,0
1773240934000,64.1393699333333,-21.7721143333333,0.0,0.0,0.0,true,11,0
1773240938000,64.1393699333333,-21.7721143333333,4.0,0.0,0.0,true,12,0
1773240938000,64.1393699333333,-21.7721143333333,0.0,0.0,0.0,true,13,0
1773240938000,64.1393699333333,-21.7721143333333,0.0,0.0,0.0,true,14,0
1773240941000,64.1393699333333,-21.7721143333333,3.0,0.0,0.0,true,15,0
1773240943000,64.1393699333333,-21.7721143333333,2.0,0.0,0.0,true,16,0
1773240949000,64.1393699333333,-21.7721143333333,6.0,0.0,0.0,true,17,0
1773240949000,64.1393699333333,-21.7721143333333,0.0,0.0,0.0,true,18,0
1773240949000,64.1393699333333,-21.7721143333333,0.0,0.0,0.0,true,19,0
1773240958000,64.1393699333333,-21.7721143333333,9.0,0.0,0.0,true,20,0
1773240958000,64.1393699333333,-21.7721143333333,0.0,0.0,0.0,true,21,0
1773240960000,64.14492405,-21.7741708333333,2.0,625.6,1126.1,false,21,45.0
1773240963000,64.14492405,-21.7741708333333,3.0,0.0,0.0,true,1,0
1773240963000,64.14492405,-21.7741708333333,0.0,0.0,0.0,true,2,0
1773240963000,64.14492405,-21.7741708333333,0.0,0.0,0.0,true,3,0
1773240967000,64.14492405,-21.7741708333333,4.0,0.0,0.0,true,4,0
1773240967000,64.14492405,-21.7741708333333,0.0,0.0,0.0,true,5,0
1773240969000,64.14492405,-21.7741708333333,2.0,0.0,0.0,true,6,0
1773240975000,64.14492405,-21.7741708333333,6.0,0.0,0.0,true,7,0
1773240975000,64.14492405,-21.7741708333333,0.0,0.0,0.0,true,8,0
1773240978000,64.14492405,-21.7741708333333,3.0,0.0,0.0,true,9,0
1773240978000,64.14492405,-21.7741708333333,0.0,0.0,0.0,true,10,0
1773240984000,64.14492405,-21.7741708333333,6.0,0.0,0.0,true,11,0
1773240984000,64.14492405,-21.7741708333333,0.0,0.0,0.0,true,12,0
1773240987000,64.14492405,-21.7741708333333,3.0,0.0,0.0,true,13,0
1773240987000,64.14492405,-21.7741708333333,0.0,0.0,0.0,true,14,0
1773240990000,64.14492405,-21.7741708333333,3.0,0.0,0.0,true,15,0
1773240990000,64.14492405,-21.7741708333333,0.0,0.0,0.0,true,16,0
1773240993000,64.14492405,-21.7741708333333,3.0,0.0,0.0,true,17,0
1773240995000,64.14492405,-21.7741708333333,2.0,0.0,0.0,true,18,0
1773240999000,64.14492405,-21.7741708333333,4.0,0.0,0.0,true,19,0
1773240999000,64.14492405,-21.7741708333333,0.0,0.0,0.0,true,20,0
1773241002000,64.14492405,-21.7741708333333,3.0,0.0,0.0,true,21,0
1773241004000,64.1463866666667,-21.770939,2.0,225.9,406.5,false,21,44.0
1773241004000,64.1463866666667,-21.770939,0.0,0.0,0.0,true,1,0
1773241010000,64.1463866666667,-21.770939,6.0,0.0,0.0,true,2,0
1773241010000,64.1463866666667,-21.770939,0.0,0.0,0.0,true,3,0
1773241013000,64.1463866666667,-21.770939,3.0,0.0,0.0,true,4,0
1773241015000,64.1463866666667,-21.770939,2.0,0.0,0.0,true,5,0
1773241015000,64.1463866666667,-21.770939,0.0,0.0,0.0,true,6,0
1773241017000,64.1463866666667,-21.770939,2.0,0.0,0.0,true,7,0
1773241017000,64.1463866666667,-21.770939,0.0,0.0,0.0,true,8,0
1773241019000,64.1463866666667,-21.770939,2.0,0.0,0.0,true,9,0
1773241022000,64.1463866666667,-21.770939,3.0,0.0,0.0,true,10,0
1773241022000,64.1463866666667,-21.770939,0.0,0.0,0.0,true,11,0
1773241030000,64.1463866666667,-21.770939,8.0,0.0,0.0,true,12,0
1773241030000,64.1463866666667,-21.770939,0.0,0.0,0.0,true,13,0
1773241033000,64.1463866666667,-21.770939,3.0,0.0,0.0,true,14,0
1773241033000,64.1463866666667,-21.770939,0.0,0.0,0.0,true,15,0
1773241037000,64.1463866666667,-21.770939,4.0,0.0,0.0,true,16,0
1773241037000,64.1463866666667,-21.770939,0.0,0.0,0.0,true,17,0
1773241039000,64.1463866666667,-21.770939,2.0,0.0,0.0,true,18,0
1773241043000,64.1463866666667,-21.770939,4.0,0.0,0.0,true,19,0
1773241045000,64.1463866666667,-21.770939,2.0,0.0,0.0,true,20,0
1773241045000,64.1463866666667,-21.770939,0.0,0.0,0.0,true,21,0
1773241045000,64.1463866666667,-21.770939,0.0,0.0,0.0,true,22,0
1773241051000,64.1463866666667,-21.770939,6.0,0.0,0.0,true,23,0
1773241053000,64.1463866666667,-21.770939,2.0,0.0,0.0,true,24,0
1773241053000,64.1463866666667,-21.770939,0.0,0.0,0.0,true,25,0
1773241053000,64.1463866666667,-21.770939,0.0,0.0,0.0,true,26,0
1773241058000,64.1463866666667,-21.770939,5.0,0.0,0.0,true,27,0
1773241060000,64.1463866666667,-21.770939,2.0,0.0,0.0,true,28,0
1773241060000,64.1463866666667,-21.770939,0.0,0.0,0.0,true,29,0
1773241064000,64.1463866666667,-21.770939,4.0,0.0,0.0,true,30,0
1773241064000,64.1463866666667,-21.770939,0.0,0.0,0.0,true,31,0
1773241064000,64.1463866666667,-21.770939,0.0,0.0,0.0,true,32,0
1773241071000,64.1463866666667,-21.770939,7.0,0.0,0.0,true,33,0
1773241071000,64.1463866666667,-21.770939,0.0,0.0,0.0,true,34,0
1773241073000,64.1463866666667,-21.770939,2.0,0.0,0.0,true,35,0
1773241077000,64.1463866666667,-21.770939,4.0,0.0,0.0,true,36,0
1773241079000,64.1463866666667,-21.770939,2.0,0.0,0.0,true,37,0
1773241079000,64.1463866666667,-21.770939,0.0,0.0,0.0,true,38,0
1773241083000,64.1463866666667,-21.770939,4.0,0.0,0.0,true,39,0
1773241083000,64.1463866666667,-21.770939,0.0,0.0,0.0,true,40,0
1773241083000,64.1463866666667,-21.770939,0.0,0.0,0.0,true,41,0
1773241089000,64.1442113,-21.7747921666667,6.0,305.6,183.4,false,41,85.0
1773241089000,64.1442113,-21.7747921666667,0.0,0.0,0.0,true,1,0
1773241089000,64.1442113,-21.7747921666667,0.0,0.0,0.0,true,2,0
1773241094000,64.1442113,-21.7747921666667,5.0,0.0,0.0,true,3,0
1773241094000,64.1442113,-21.7747921666667,0.0,0.0,0.0,true,4,0
1773241100000,64.1442113,-21.7747921666667,6.0,0.0,0.0,true,5,0
1773241100000,64.1442113,-21.7747921666667,0.0,0.0,0.0,true,6,0
1773241100000,64.1442113,-21.7747921666667,0.0,0.0,0.0,true,7,0
1773241103000,64.1442113,-21.7747921666667,3.0,0.0,0.0,true,8,0
1773241106000,64.1442113,-21.7747921666667,3.0,0.0,0.0,true,9,0
1773241106000,64.1442113,-21.7747921666667,0.0,0.0,0.0,true,10,0
1773241109000,64.1442113,-21.7747921666667,3.0,0.0,0.0,true,11,0
1773241112000,64.1442113,-21.7747921666667,3.0,0.0,0.0,true,12,0
1773241112000,64.1442113,-21.7747921666667,0.0,0.0,0.0,true,13,0
1773241118000,64.1396284,-21.7725566666667,6.0,521.0,312.6,false,13,29.0
1773241120000,64.1396284,-21.7725566666667,2.0,0.0,0.0,true,1,0
1773241120000,64.1396284,-21.7725566666667,0.0,0.0,0.0,true,2,0
1773241123000,64.1396284,-21.7725566666667,3.0,0.0,0.0,true,3,0
1773241123000,64.1396284,-21.7725566666667,0.0,0.0,0.0,true,4,0
1773241123000,64.1396284,-21.7725566666667,0.0,0.0,0.0,true,5,0
1773241127000,64.1396284,-21.7725566666667,4.0,0.0,0.0,true,6,0
1773241129000,64.1396284,-21.7725566666667,2.0,0.0,0.0,true,7,0
1773241129000,64.1396284,-21.7725566666667,0.0,0.0,0.0,true,8,0
1773241133000,64.1396284,-21.7725566666667,4.0,0.0,0.0,true,9,0
1773241135000,64.1396284,-21.7725566666667,2.0,0.0,0.0,true,10,0
1773241135000,64.1396284,-21.7725566666667,0.0,0.0,0.0,true,11,0
1773241141000,64.1396284,-21.7725566666667,6.0,0.0,0.0,true,12,0
1773241141000,64.1396284,-21.7725566666667,0.0,0.0,0.0,true,13,0
1773241145000,64.1396284,-21.7725566666667,4.0,0.0,0.0,true,14,0
1773241145000,64.1396284,-21.7725566666667,0.0,0.0,0.0,true,15,0
1773241145000,64.1396284,-21.7725566666667,0.0,0.0,0.0,true,16,0
1773241149000,64.1396284,-21.7725566666667,4.0,0.0,0.0,true,17,0
1773241152000,64.1396284,-21.7725566666667,3.0,0.0,0.0,true,18,0
1773241152000,64.1396284,-21.7725566666667,0.0,0.0,0.0,true,19,0
1773241156000,64.1396284,-21.7725566666667,4.0,0.0,0.0,true,20,0
1773241158000,64.1396284,-21.7725566666667,2.0,0.0,0.0,true,21,0
1773241160000,64.1396284,-21.7725566666667,2.0,0.0,0.0,true,22,0
1773241164000,64.1396284,-21.7725566666667,4.0,0.0,0.0,true,23,0
1773241164000,64.1396284,-21.7725566666667,0.0,0.0,0.0,true,24,0
1773241166000,64.1396284,-21.7725566666667,2.0,0.0,0.0,true,25,0
1773241169000,64.1382124666667,-21.773956,3.0,171.5,205.7,false,25,51.0
1773241169000,64.1382124666667,-21.773956,0.0,0.0,0.0,true,1,0
1773241171000,64.1382124666667,-21.773956,2.0,0.0,0.0,true,2,0
1773241175000,64.1382124666667,-21.773956,4.0,0.0,0.0,true,3,0
1773241175000,64.1382124666667,-21.773956,0.0,0.0,0.0,true,4,0
1773241178000,64.1382124666667,-21.773956,3.0,0.0,0.0,true,5,0
1773241180000,64.1382124666667,-21.773956,2.0,0.0,0.0,true,6,0
1773241180000,64.1382124666667,-21.773956,0.0,0.0,0.0,true,7,0
1773241180000,64.1382124666667,-21.773956,0.0,0.0,0.0,true,8,0
1773241189000,64.13858185,-21.7765568333333,9.0,132.7,53.1,false,8,20.0
1773241189000,64.13858185,-21.7765568333333,0.0,0.0,0.0,true,1,0
1773241191000,64.13858185,-21.7765568333333,2.0,0.0,0.0,true,2,0
1773241191000,64.13858185,-21.7765568333333,0.0,0.0,0.0,true,3,0
1773241191000,64.13858185,-21.7765568333333,0.0,0.0,0.0,true,4,0
1773241195000,64.13858185,-21.7765568333333,4.0,0.0,0.0,true,5,0
1773241200000,64.13858185,-21.7765568333333,5.0,0.0,0.0,true,6,0
1773241200000,64.13858185,-21.7765568333333,0.0,0.0,0.0,true,7,0
1773241202000,64.13858185,-21.7765568333333,2.0,0.0,0.0,true,8,0
1773241202000,64.13858185,-21.7765568333333,0.0,0.0,0.0,true,9,0
1773241206000,64.13965455,-21.780849,4.0,239.9,215.9,false,9,17.0
1773241211000,64.13965455,-21.780849,5.0,0.0,0.0,true,1,0
1773241211000,64.13965455,-21.780849,0.0,0.0,0.0,true,2,0
1773241211000,64.13965455,-21.780849,0.0,0.0,0.0,true,3,0
1773241213000,64.13965455,-21.780849,2.0,0.0,0.0,true,4,0
1773241216000,64.13965455,-21.780849,3.0,0.0,0.0,true,5,0
1773241216000,64.13965455,-21.780849,0.0,0.0,0.0,true,6,0
1773241221000,64.13965455,-21.780849,5.0,0.0,0.0,true,7,0
1773241221000,64.13965455,-21.780849,0.0,0.0,0.0,true,8,0
1773241221000,64.13965455,-21.780849,0.0,0.0,0.0,true,9,0
1773241226000,64.1393569166667,-21.7845848333333,5.0,184.2,132.6,false,9,20.0
1773241230000,64.1393569166667,-21.7845848333333,4.0,0.0,0.0,true,1,0
1773241230000,64.1393569166667,-21.7845848333333,0.0,0.0,0.0,true,2,0
1773241234000,64.1393569166667,-21.7845848333333,4.0,0.0,0.0,true,3,0
1773241234000,64.1393569166667,-21.7845848333333,0.0,0.0,0.0,true,4,0
1773241237000,64.1393569166667,-21.7845848333333,3.0,0.0,0.0,true,5,0
1773241237000,64.1393569166667,-21.7845848333333,0.0,0.0,0.0,true,6,0
1773241237000,64.1393569166667,-21.7845848333333,0.0,0.0,0.0,true,7,0
1773241243000,64.1393569166667,-21.7845848333333,6.0,0.0,0.0,true,8,0
1773241243000,64.1393569166667,-21.7845848333333,0.0,0.0,0.0,true,9,0
1773241243000,64.1393569166667,-21.7845848333333,0.0,0.0,0.0,true,10,0
1773241249000,64.1393616833333,-21.7894316666667,6.0,235.1,141.0,false,10,23.0
1773241249000,64.1393616833333,-21.7894316666667,0.0,0.0,0.0,true,1,0
1773241249000,64.1393616833333,-21.7894316666667,0.0,0.0,0.0,true,2,0
1773241252000,64.1393616833333,-21.7894316666667,3.0,0.0,0.0,true,3,0
1773241256000,64.1393616833333,-21.7894316666667,4.0,0.0,0.0,true,4,0
1773241256000,64.1393616833333,-21.7894316666667,0.0,0.0,0.0,true,5,0
1773241261000,64.1393616833333,-21.7894316666667,5.0,0.0,0.0,true,6,0
1773241266000,64.1393616833333,-21.7894316666667,5.0,0.0,0.0,true,7,0
1773241270000,64.1378930666667,-21.7907245,4.0,174.9,157.4,false,7,21.0
1773241270000,64.1378930666667,-21.7907245,0.0,0.0,0.0,true,1,0
1773241272000,64.1378930666667,-21.7907245,2.0,0.0,0.0,true,2,0
1773241275000,64.1378930666667,-21.7907245,3.0,0.0,0.0,true,3,0
1773241275000,64.1378930666667,-21.7907245,0.0,0.0,0.0,true,4,0
1773241279000,64.1378930666667,-21.7907245,4.0,0.0,0.0,true,5,0
1773241285000,64.1378930666667,-21.7907245,6.0,0.0,0.0,true,6,0
1773241285000,64.1378930666667,-21.7907245,0.0,0.0,0.0,true,7,0
1773241287000,64.1378930666667,-21.7907245,2.0,0.0,0.0,true,8,0
1773241292000,64.1378930666667,-21.7907245,5.0,0.0,0.0,true,9,0
1773241292000,64.1378930666667,-21.7907245,0.0,0.0,0.0,true,10,0
1773241297000,64.1378930666667,-21.7907245,5.0,0.0,0.0,true,11,0
1773241297000,64.1378930666667,-21.7907245,0.0,0.0,0.0,true,12,0
1773241302000,64.1357888,-21.793169,5.0,262.3,188.9,false,12,32.0
1773241302000,64.1357888,-21.793169,0.0,0.0,0.0,true,1,0
1773241307000,64.1357888,-21.793169,5.0,0.0,0.0,true,2,0
1773241307000,64.1357888,-21.793169,0.0,0.0,0.0,true,3,0
1773241307000,64.1357888,-21.793169,0.0,0.0,0.0,true,4,0
1773241307000,64.1357888,-21.793169,0.0,0.0,0.0,true,5,0
1773241312000,64.1357888,-21.793169,5.0,0.0,0.0,true,6,0
1773241319000,64.1357888,-21.793169,7.0,0.0,0.0,true,7,0
1773241319000,64.1357888,-21.793169,0.0,0.0,0.0,true,8,0
1773241322000,64.1357888,-21.793169,3.0,0.0,0.0,true,9,0
1773241324000,64.1357888,-21.793169,2.0,0.0,0.0,true,10,0
1773241326000,64.1357888,-21.793169,2.0,0.0,0.0,true,11,0
1773241326000,64.1357888,-21.793169,0.0,0.0,0.0,true,12,0
1773241328000,64.1357888,-21.793169,2.0,0.0,0.0,true,13,0
1773241333000,64.1357888,-21.793169,5.0,0.0,0.0,true,14,0
1773241333000,64.1357888,-21.793169,0.0,0.0,0.0,true,15,0
1773241333000,64.1357888,-21.793169,0.0,0.0,0.0,true,16,0
1773241333000,64.1357888,-21.793169,0.0,0.0,0.0,true,17,0
1773241339000,64.1357888,-21.793169,6.0,0.0,0.0,true,18,0
1773241346000,64.1347490166667,-21.797863,7.0,255.4,131.3,false,18,44.0
1773241346000,64.1347490166667,-21.797863,0.0,0.0,0.0,true,1,0
1773241348000,64.1347490166667,-21.797863,2.0,0.0,0.0,true,2,0
1773241352000,64.1347490166667,-21.797863,4.0,0.0,0.0,true,3,0
1773241352000,64.1347490166667,-21.797863,0.0,0.0,0.0,true,4,0
1773241354000,64.1347490166667,-21.797863,2.0,0.0,0.0,true,5,0
1773241357000,64.1347490166667,-21.797863,3.0,0.0,0.0,true,6,0
1773241357000,64.1347490166667,-21.797863,0.0,0.0,0.0,true,7,0
1773241359000,64.1347490166667,-21.797863,2.0,0.0,0.0,true,8,0
1773241363000,64.1347490166667,-21.797863,4.0,0.0,0.0,true,9,0
1773241363000,64.1347490166667,-21.797863,0.0,0.0,0.0,true,10,0
1773241365000,64.1347490166667,-21.797863,2.0,0.0,0.0,true,11,0
1773241369000,64.1347490166667,-21.797863,4.0,0.0,0.0,true,12,0
1773241369000,64.1347490166667,-21.797863,0.0,0.0,0.0,true,13,0
1773241374000,64.13569255,-21.8020156666667,5.0,227.1,163.5,false,13,28.0
1773241376000,64.13569255,-21.8020156666667,2.0,0.0,0.0,true,1,0
1773241376000,64.13569255,-21.8020156666667,0.0,0.0,0.0,true,2,0
1773241380000,64.13569255,-21.8020156666667,4.0,0.0,0.0,true,3,0
1773241380000,64.13569255,-21.8020156666667,0.0,0.0,0.0,true,4,0
1773241385000,64.13569255,-21.8020156666667,5.0,0.0,0.0,true,5,0
1773241385000,64.13569255,-21.8020156666667,0.0,0.0,0.0,true,6,0
1773241385000,64.13569255,-21.8020156666667,0.0,0.0,0.0,true,7,0
1773241387000,64.13569255,-21.8020156666667,2.0,0.0,0.0,true,8,0
1773241389000,64.13569255,-21.8020156666667,2.0,0.0,0.0,true,9,0
1773241389000,64.13569255,-21.8020156666667,0.0,0.0,0.0,true,10,0
1773241395000,64.13569255,-21.8020156666667,6.0,0.0,0.0,true,11,0
1773241395000,64.13569255,-21.8020156666667,0.0,0.0,0.0,true,12,0
1773241398000,64.13569255,-21.8020156666667,3.0,0.0,0.0,true,13,0
1773241400000,64.1364555333333,-21.806688,2.0,242.0,435.6,false,13,26.0
1773241404000,64.1364555333333,-21.806688,4.0,0.0,0.0,true,1,0
1773241404000,64.1364555333333,-21.806688,0.0,0.0,0.0,true,2,0
1773241406000,64.1364555333333,-21.806688,2.0,0.0,0.0,true,3,0
1773241406000,64.1364555333333,-21.806688,0.0,0.0,0.0,true,4,0
1773241408000,64.1364555333333,-21.806688,2.0,0.0,0.0,true,5,0
1773241411000,64.1364555333333,-21.806688,3.0,0.0,0.0,true,6,0
1773241415000,64.1364555333333,-21.806688,4.0,0.0,0.0,true,7,0
1773241415000,64.1364555333333,-21.806688,0.0,0.0,0.0,true,8,0
1773241421000,64.1364555333333,-21.806688,6.0,0.0,0.0,true,9,0
1773241421000,64.1364555333333,-21.806688,0.0,0.0,0.0,true,10,0
1773241423000,64.1364555333333,-21.806688,2.0,0.0,0.0,true,11,0
1773241425000,64.1364555333333,-21.806688,2.0,0.0,0.0,true,12,0
1773241425000,64.1364555333333,-21.806688,0.0,0.0,0.0,true,13,0
1773241428000,64.1364555333333,-21.806688,3.0,0.0,0.0,true,14,0
1773241432000,64.1364555333333,-21.806688,4.0,0.0,0.0,true,15,0
1773241432000,64.1364555333333,-21.806688,0.0,0.0,0.0,true,16,0
1773241435000,64.1364555333333,-21.806688,3.0,0.0,0.0,true,17,0
1773241435000,64.1364555333333,-21.806688,0.0,0.0,0.0,true,18,0
1773241440000,64.1364555333333,-21.806688,5.0,0.0,0.0,true,19,0
1773241442000,64.1364555333333,-21.806688,2.0,0.0,0.0,true,20,0
1773241445000,64.1364555333333,-21.806688,3.0,0.0,0.0,true,21,0
1773241447000,64.1364555333333,-21.806688,2.0,0.0,0.0,true,22,0
1773241447000,64.1364555333333,-21.806688,0.0,0.0,0.0,true,23,0
1773241451000,64.137185,-21.8100905,4.0,183.9,165.5,false,23,51.0
1773241453000,64.137185,-21.8100905,2.0,0.0,0.0,true,1,0
1773241453000,64.137185,-21.8100905,0.0,0.0,0.0,true,2,0
1773241457000,64.137185,-21.8100905,4.0,0.0,0.0,true,3,0
1773241459000,64.137185,-21.8100905,2.0,0.0,0.0,true,4,0
1773241459000,64.137185,-21.8100905,0.0,0.0,0.0,true,5,0
1773241462000,64.137185,-21.8100905,3.0,0.0,0.0,true,6,0
1773241465000,64.137185,-21.8100905,3.0,0.0,0.0,true,7,0
1773241465000,64.137185,-21.8100905,0.0,0.0,0.0,true,8,0
1773241470000,64.1367368,-21.812298,5.0,118.1,85.0,false,8,19.0
1773241472000,64.1367368,-21.812298,2.0,0.0,0.0,true,1,0
1773241472000,64.1367368,-21.812298,0.0,0.0,0.0,true,2,0
1773241474000,64.1367368,-21.812298,2.0,0.0,0.0,true,3,0
1773241474000,64.1367368,-21.812298,0.0,0.0,0.0,true,4,0
1773241480000,64.1367368,-21.812298,6.0,0.0,0.0,true,5,0
1773241480000,64.1367368,-21.812298,0.0,0.0,0.0,true,6,0
1773241480000,64.1367368,-21.812298,0.0,0.0,0.0,true,7,0
1773241486000,64.1367368,-21.812298,6.0,0.0,0.0,true,8,0
1773241486000,64.1367368,-21.812298,0.0,0.0,0.0,true,9,0
1773241486000,64.1367368,-21.812298,0.0,0.0,0.0,true,10,0
1773241492000,64.1367368,-21.812298,6.0,0.0,0.0,true,11,0
1773241492000,64.1367368,-21.812298,0.0,0.0,0.0,true,12,0
1773241492000,64.1367368,-21.812298,0.0,0.0,0.0,true,13,0
1773241498000,64.1367368,-21.812298,6.0,0.0,0.0,true,14,0
1773241498000,64.1367368,-21.812298,0.0,0.0,0.0,true,15,0
1773241501000,64.1367368,-21.812298,3.0,0.0,0.0,true,16,0
1773241503000,64.1367368,-21.812298,2.0,0.0,0.0,true,17,0
1773241505000,64.1367368,-21.812298,2.0,0.0,0.0,true,18,0
1773241505000,64.1367368,-21.812298,0.0,0.0,0.0,true,19,0
1773241509000,64.1367368,-21.812298,4.0,0.0,0.0,true,20,0
1773241509000,64.1367368,-21.812298,0.0,0.0,0.0,true,21,0
1773241511000,64.1382855666667,-21.815926,2.0,246.2,443.2,false,21,41.0
1773241514000,64.1382855666667,-21.815926,3.0,0.0,0.0,true,1,0
1773241518000,64.1382855666667,-21.815926,4.0,0.0,0.0,true,2,0
1773241518000,64.1382855666667,-21.815926,0.0,0.0,0.0,true,3,0
1773241524000,64.1382855666667,-21.815926,6.0,0.0,0.0,true,4,0
1773241524000,64.1382855666667,-21.815926,0.0,0.0,0.0,true,5,0
1773241524000,64.1382855666667,-21.815926,0.0,0.0,0.0,true,6,0
1773241526000,64.1382855666667,-21.815926,2.0,0.0,0.0,true,7,0
1773241529000,64.1382855666667,-21.815926,3.0,0.0,0.0,true,8,0
1773241531000,64.1393101833333,-21.8183388333333,2.0,163.3,294.0,false,8,20.0
1773241535000,64.1393101833333,-21.8183388333333,4.0,0.0,0.0,true,1,0
1773241535000,64.1393101833333,-21.8183388333333,0.0,0.0,0.0,true,2,0
1773241535000,64.1393101833333,-21.8183388333333,0.0,0.0,0.0,true,3,0
1773241539000,64.1393101833333,-21.8183388333333,4.0,0.0,0.0,true,4,0
1773241539000,64.1393101833333,-21.8183388333333,0.0,0.0,0.0,true,5,0
1773241541000,64.1393101833333,-21.8183388333333,2.0,0.0,0.0,true,6,0
1773241546000,64.1393101833333,-21.8183388333333,5.0,0.0,0.0,true,7,0
1773241546000,64.1393101833333,-21.8183388333333,0.0,0.0,0.0,true,8,0
1773241548000,64.1403590166667,-21.8172341666667,2.0,128.3,231.0,false,8,17.0
1773241552000,64.1403590166667,-21.8172341666667,4.0,0.0,0.0,true,1,0
1773241552000,64.1403590166667,-21.8172341666667,0.0,0.0,0.0,true,2,0
1773241556000,64.1403590166667,-21.8172341666667,4.0,0.0,0.0,true,3,0
1773241559000,64.1403590166667,-21.8172341666667,3.0,0.0,0.0,true,4,0
1773241559000,64.1403590166667,-21.8172341666667,0.0,0.0,0.0,true,5,0
1773241563000,64.1403590166667,-21.8172341666667,4.0,0.0,0.0,true,6,0
1773241567000,64.1403590166667,-21.8172341666667,4.0,0.0,0.0,true,7,0
1773241567000,64.1403590166667,-21.8172341666667,0.0,0.0,0.0,true,8,0
1773241569000,64.1403590166667,-21.8172341666667,2.0,0.0,0.0,true,9,0
1773241571000,64.1403590166667,-21.8172341666667,2.0,0.0,0.0,true,10,0
1773241574000,64.1403590166667,-21.8172341666667,3.0,0.0,0.0,true,11,0
1773241574000,64.1403590166667,-21.8172341666667,0.0,0.0,0.0,true,12,0
1773241578000,64.1403590166667,-21.8172341666667,4.0,0.0,0.0,true,13,0
1773241580000,64.1403590166667,-21.8172341666667,2.0,0.0,0.0,true,14,0
1773241584000,64.1403590166667,-21.8172341666667,4.0,0.0,0.0,true,15,0
1773241584000,64.1403590166667,-21.8172341666667,0.0,0.0,0.0,true,16,0
1773241588000,64.1403590166667,-21.8172341666667,4.0,0.0,0.0,true,17,0
1773241588000,64.1403590166667,-21.8172341666667,0.0,0.0,0.0,true,18,0
1773241592000,64.1403590166667,-21.8172341666667,4.0,0.0,0.0,true,19,0
1773241594000,64.1403590166667,-21.8172341666667,2.0,0.0,0.0,true,20,0
1773241594000,64.1403590166667,-21.8172341666667,0.0,0.0,0.0,true,21,0
1773241596000,64.1397513833333,-21.8121435,2.0,256.0,460.8,false,21,48.0
1773241599000,64.1397513833333,-21.8121435,3.0,0.0,0.0,true,1,0
1773241601000,64.1397513833333,-21.8121435,2.0,0.0,0.0,true,2,0
1773241601000,64.1397513833333,-21.8121435,0.0,0.0,0.0,true,3,0
1773241604000,64.1397513833333,-21.8121435,3.0,0.0,0.0,true,4,0
1773241606000,64.1397513833333,-21.8121435,2.0,0.0,0.0,true,5,0
1773241606000,64.1397513833333,-21.8121435,0.0,0.0,0.0,true,6,0
1773241610000,64.1397513833333,-21.8121435,4.0,0.0,0.0,true,7,0
1773241614000,64.1397513833333,-21.8121435,4.0,0.0,0.0,true,8,0
1773241614000,64.1397513833333,-21.8121435,0.0,0.0,0.0,true,9,0
1773241616000,64.1397513833333,-21.8121435,2.0,0.0,0.0,true,10,0
1773241619000,64.13854605,-21.8086413333333,3.0,216.4,259.6,false,10,23.0
1773241619000,64.13854605,-21.8086413333333,0.0,0.0,0.0,true,1,0
1773241624000,64.13854605,-21.8086413333333,5.0,0.0,0.0,true,2,0
1773241624000,64.13854605,-21.8086413333333,0.0,0.0,0.0,true,3,0
1773241628000,64.13854605,-21.8086413333333,4.0,0.0,0.0,true,4,0
1773241630000,64.13854605,-21.8086413333333,2.0,0.0,0.0,true,5,0
1773241630000,64.13854605,-21.8086413333333,0.0,0.0,0.0,true,6,0
1773241632000,64.13854605,-21.8086413333333,2.0,0.0,0.0,true,7,0
1773241635000,64.13854605,-21.8086413333333,3.0,0.0,0.0,true,8,0
1773241635000,64.13854605,-21.8086413333333,0.0,0.0,0.0,true,9,0
1773241637000,64.13854605,-21.8086413333333,2.0,0.0,0.0,true,10,0
1773241641000,64.13854605,-21.8086413333333,4.0,0.0,0.0,true,11,0
1773241641000,64.13854605,-21.8086413333333,0.0,0.0,0.0,true,12,0
1773241645000,64.13854605,-21.8086413333333,4.0,0.0,0.0,true,13,0
1773241647000,64.13854605,-21.8086413333333,2.0,0.0,0.0,true,14,0
1773241647000,64.13854605,-21.8086413333333,0.0,0.0,0.0,true,15,0
1773241652000,64.13854605,-21.8086413333333,5.0,0.0,0.0,true,16,0
1773241652000,64.13854605,-21.8086413333333,0.0,0.0,0.0,true,17,0
1773241654000,64.13854605,-21.8086413333333,2.0,0.0,0.0,true,18,0
1773241658000,64.1383552666667,-21.8071893333333,4.0,73.6,66.2,false,18,39.0
1773241660000,64.1383552666667,-21.8071893333333,2.0,0.0,0.0,true,1,0
1773241660000,64.1383552666667,-21.8071893333333,0.0,0.0,0.0,true,2,0
1773241664000,64.1383552666667,-21.8071893333333,4.0,0.0,0.0,true,3,0
1773241666000,64.1383552666667,-21.8071893333333,2.0,0.0,0.0,true,4,0
1773241668000,64.1383552666667,-21.8071893333333,2.0,0.0,0.0,true,5,0
1773241668000,64.1383552666667,-21.8071893333333,0.0,0.0,0.0,true,6,0
1773241670000,64.1383552666667,-21.8071893333333,2.0,0.0,0.0,true,7,0
1773241670000,64.1383552666667,-21.8071893333333,0.0,0.0,0.0,true,8,0
1773241678000,64.1383552666667,-21.8071893333333,8.0,0.0,0.0,true,9,0
1773241678000,64.1383552666667,-21.8071893333333,0.0,0.0,0.0,true,10,0
1773241678000,64.1383552666667,-21.8071893333333,0.0,0.0,0.0,true,11,0
1773241678000,64.1383552666667,-21.8071893333333,0.0,0.0,0.0,true,12,0
1773241682000,64.1383552666667,-21.8071893333333,4.0,0.0,0.0,true,13,0
1773241684000,64.1383552666667,-21.8071893333333,2.0,0.0,0.0,true,14,0
1773241687000,64.1383552666667,-21.8071893333333,3.0,0.0,0.0,true,15,0
1773241687000,64.1383552666667,-21.8071893333333,0.0,0.0,0.0,true,16,0
1773241691000,64.1383552666667,-21.8071893333333,4.0,0.0,0.0,true,17,0
1773241693000,64.1383552666667,-21.8071893333333,2.0,0.0,0.0,true,18,0
1773241693000,64.1383552666667,-21.8071893333333,0.0,0.0,0.0,true,19,0
1773241697000,64.14474975,-21.8059763333333,4.0,713.5,642.1,false,19,39.0
1773241699000,64.14474975,-21.8059763333333,2.0,0.0,0.0,true,1,0
1773241703000,64.14474975,-21.8059763333333,4.0,0.0,0.0,true,2,0
1773241703000,64.14474975,-21.8059763333333,0.0,0.0,0.0,true,3,0
1773241705000,64.14474975,-21.8059763333333,2.0,0.0,0.0,true,4,0
1773241705000,64.14474975,-21.8059763333333,0.0,0.0,0.0,true,5,0
1773241709000,64.14474975,-21.8059763333333,4.0,0.0,0.0,true,6,0
1773241709000,64.14474975,-21.8059763333333,0.0,0.0,0.0,true,7,0
1773241713000,64.14474975,-21.8059763333333,4.0,0.0,0.0,true,8,0
1773241717000,64.14474975,-21.8059763333333,4.0,0.0,0.0,true,9,0
1773241717000,64.14474975,-21.8059763333333,0.0,0.0,0.0,true,10,0
1773241719000,64.14474975,-21.8059763333333,2.0,0.0,0.0,true,11,0
1773241723000,64.14474975,-21.8059763333333,4.0,0.0,0.0,true,12,0
1773241723000,64.14474975,-21.8059763333333,0.0,0.0,0.0,true,13,0
1773241727000,64.14474975,-21.8059763333333,4.0,0.0,0.0,true,14,0
1773241729000,64.14474975,-21.8059763333333,2.0,0.0,0.0,true,15,0
1773241733000,64.14474975,-21.8059763333333,4.0,0.0,0.0,true,16,0
1773241733000,64.14474975,-21.8059763333333,0.0,0.0,0.0,true,17,0
1773241733000,64.14474975,-21.8059763333333,0.0,0.0,0.0,true,18,0
1773241738000,64.14474975,-21.8059763333333,5.0,0.0,0.0,true,19,0
1773241738000,64.14474975,-21.8059763333333,0.0,0.0,0.0,true,20,0
1773241738000,64.14474975,-21.8059763333333,0.0,0.0,0.0,true,21,0
1773241744000,64.14474975,-21.8059763333333,6.0,0.0,0.0,true,22,0
1773241744000,64.14474975,-21.8059763333333,0.0,0.0,0.0,true,23,0
1773241747000,64.14474975,-21.8059763333333,3.0,0.0,0.0,true,24,0
1773241747000,64.14474975,-21.8059763333333,0.0,0.0,0.0,true,25,0
1773241751000,64.14474975,-21.8059763333333,4.0,0.0,0.0,true,26,0
1773241753000,64.14474975,-21.8059763333333,2.0,0.0,0.0,true,27,0
1773241753000,64.14474975,-21.8059763333333,0.0,0.0,0.0,true,28,0
1773241757000,64.14474975,-21.8059763333333,4.0,0.0,0.0,true,29,0
1773241759000,64.14474975,-21.8059763333333,2.0,0.0,0.0,true,30,0
1773241762000,64.14474975,-21.8059763333333,3.0,0.0,0.0,true,31,0
1773241762000,64.14474975,-21.8059763333333,0.0,0.0,0.0,true,32,0
1773241768000,64.14474975,-21.8059763333333,6.0,0.0,0.0,true,33,0
1773241768000,64.14474975,-21.8059763333333,0.0,0.0,0.0,true,34,0
1773241768000,64.14474975,-21.8059763333333,0.0,0.0,0.0,true,35,0
1773241772000,64.14474975,-21.8059763333333,4.0,0.0,0.0,true,36,0
1773241772000,64.14474975,-21.8059763333333,0.0,0.0,0.0,true,37,0
1773241774000,64.14474975,-21.8059763333333,2.0,0.0,0.0,true,38,0
1773241779000,64.14474975,-21.8059763333333,5.0,0.0,0.0,true,39,0
1773241779000,64.14474975,-21.8059763333333,0.0,0.0,0.0,true,40,0
1773241779000,64.14474975,-21.8059763333333,0.0,0.0,0.0,true,41,0
1773241782000,64.1434079833333,-21.807487,3.0,166.2,199.5,false,41,85.0
1773241782000,64.1434079833333,-21.807487,0.0,0.0,0.0,true,1,0
1773241786000,64.1434079833333,-21.807487,4.0,0.0,0.0,true,2,0
1773241786000,64.1434079833333,-21.807487,0.0,0.0,0.0,true,3,0
1773241788000,64.1434079833333,-21.807487,2.0,0.0,0.0,true,4,0
1773241792000,64.1434079833333,-21.807487,4.0,0.0,0.0,true,5,0
1773241794000,64.1434079833333,-21.807487,2.0,0.0,0.0,true,6,0
1773241796000,64.1434079833333,-21.807487,2.0,0.0,0.0,true,7,0
1773241800000,64.1434079833333,-21.807487,4.0,0.0,0.0,true,8,0
1773241800000,64.1434079833333,-21.807487,0.0,0.0,0.0,true,9,0
1773241800000,64.1434079833333,-21.807487,0.0,0.0,0.0,true,10,0
1773241806000,64.1434079833333,-21.807487,6.0,0.0,0.0,true,11,0
1773241808000,64.1434079833333,-21.807487,2.0,0.0,0.0,true,12,0
1773241808000,64.1434079833333,-21.807487,0.0,0.0,0.0,true,13,0
1773241810000,64.1434079833333,-21.807487,2.0,0.0,0.0,true,14,0
1773241810000,64.1434079833333,-21.807487,0.0,0.0,0.0,true,15,0
1773241815000,64.1434079833333,-21.807487,5.0,0.0,0.0,true,16,0
1773241815000,64.1434079833333,-21.807487,0.0,0.0,0.0,true,17,0
1773241815000,64.1434079833333,-21.807487,0.0,0.0,0.0,true,18,0
1773241820000,64.1434079833333,-21.807487,5.0,0.0,0.0,true,19,0
1773241824000,64.1434079833333,-21.807487,4.0,0.0,0.0,true,20,0
1773241824000,64.1434079833333,-21.807487,0.0,0.0,0.0,true,21,0
1773241827000,64.1434079833333,-21.807487,3.0,0.0,0.0,true,22,0
1773241827000,64.1434079833333,-21.807487,0.0,0.0,0.0,true,23,0
1773241831000,64.1434079833333,-21.807487,4.0,0.0,0.0,true,24,0
1773241833000,64.1434079833333,-21.807487,2.0,0.0,0.0,true,25,0
1773241835000,64.1434079833333,-21.807487,2.0,0.0,0.0,true,26,0
1773241838000,64.1434079833333,-21.807487,3.0,0.0,0.0,true,27,0
1773241838000,64.1434079833333,-21.807487,0.0,0.0,0.0,true,28,0
1773241842000,64.1434079833333,-21.807487,4.0,0.0,0.0,true,29,0
1773241842000,64.1434079833333,-21.807487,0.0,0.0,0.0,true,30,0
1773241844000,64.1434079833333,-21.807487,2.0,0.0,0.0,true,31,0
1773241848000,64.1434079833333,-21.807487,4.0,0.0,0.0,true,32,0
1773241848000,64.1434079833333,-21.807487,0.0,0.0,0.0,true,33,0
1773241848000,64.1434079833333,-21.807487,0.0,0.0,0.0,true,34,0
1773241851000,64.1434079833333,-21.807487,3.0,0.0,0.0,true,35,0
1773241855000,64.1434079833333,-21.807487,4.0,0.0,0.0,true,36,0
1773241857000,64.1434079833333,-21.807487,2.0,0.0,0.0,true,37,0
1773241857000,64.1434079833333,-21.807487,0.0,0.0,0.0,true,38,0
1773241863000,64.1434079833333,-21.807487,6.0,0.0,0.0,true,39,0
1773241863000,64.1434079833333,-21.807487,0.0,0.0,0.0,true,40,0
1773241865000,64.1434079833333,-21.807487,2.0,0.0,0.0,true,41,0
1773241865000,64.1434079833333,-21.807487,0.0,0.0,0.0,true,42,0
1773241867000,64.1434079833333,-21.807487,2.0,0.0,0.0,true,43,0
1773241867000,64.1434079833333,-21.807487,0.0,0.0,0.0,true,44,0
1773241873000,64.1434079833333,-21.807487,6.0,0.0,0.0,true,45,0
1773241873000,64.1434079833333,-21.807487,0.0,0.0,0.0,true,46,0
1773241876000,64.1434079833333,-21.807487,3.0,0.0,0.0,true,47,0
1773241876000,64.1434079833333,-21.807487,0.0,0.0,0.0,true,48,0
1773241880000,64.1434079833333,-21.807487,4.0,0.0,0.0,true,49,0
1773241882000,64.1434079833333,-21.807487,2.0,0.0,0.0,true,50,0
1773241885000,64.1434079833333,-21.807487,3.0,0.0,0.0,true,51,0
1773241887000,64.1434079833333,-21.807487,2.0,0.0,0.0,true,52,0
1773241887000,64.1434079833333,-21.807487,0.0,0.0,0.0,true,53,0
1773241891000,64.1434079833333,-21.807487,4.0,0.0,0.0,true,54,0
1773241893000,64.1434079833333,-21.807487,2.0,0.0,0.0,true,55,0
1773241895000,64.1434079833333,-21.807487,2.0,0.0,0.0,true,56,0
1773241895000,64.1434079833333,-21.807487,0.0,0.0,0.0,true,57,0
1773241899000,64.1434079833333,-21.807487,4.0,0.0,0.0,true,58,0
1773241901000,64.1434079833333,-21.807487,2.0,0.0,0.0,true,59,0
1773241905000,64.1432582,-21.8070833333333,4.0,25.7,23.1,false,59,123.0
1773241905000,64.1432582,-21.8070833333333,0.0,0.0,0.0,true,1,0
1773241907000,64.1432582,-21.8070833333333,2.0,0.0,0.0,true,2,0
1773241907000,64.1432582,-21.8070833333333,0.0,0.0,0.0,true,3,0
1773241910000,64.1432582,-21.8070833333333,3.0,0.0,0.0,true,4,0
1773241913000,64.1432582,-21.8070833333333,3.0,0.0,0.0,true,5,0
1773241916000,64.1432582,-21.8070833333333,3.0,0.0,0.0,true,6,0
1773241918000,64.1432582,-21.8070833333333,2.0,0.0,0.0,true,7,0
1773241918000,64.1432582,-21.8070833333333,0.0,0.0,0.0,true,8,0
1773241921000,64.1432582,-21.8070833333333,3.0,0.0,0.0,true,9,0
1773241921000,64.1432582,-21.8070833333333,0.0,0.0,0.0,true,10,0
1773241925000,64.1432582,-21.8070833333333,4.0,0.0,0.0,true,11,0
1773241931000,64.1432582,-21.8070833333333,6.0,0.0,0.0,true,12,0
1773241935000,64.1432582,-21.8070833333333,4.0,0.0,0.0,true,13,0
1773241935000,64.1432582,-21.8070833333333,0.0,0.0,0.0,true,14,0
1773241941000,64.1432582,-21.8070833333333,6.0,0.0,0.0,true,15,0
1773241943000,64.1432582,-21.8070833333333,2.0,0.0,0.0,true,16,0
1773241943000,64.1432582,-21.8070833333333,0.0,0.0,0.0,true,17,0
1773241946000,64.1432582,-21.8070833333333,3.0,0.0,0.0,true,18,0
1773241948000,64.1432582,-21.8070833333333,2.0,0.0,0.0,true,19,0
1773241948000,64.1432582,-21.8070833333333,0.0,0.0,0.0,true,20,0
1773241950000,64.1432582,-21.8070833333333,2.0,0.0,0.0,true,21,0
1773241955000,64.1432582,-21.8070833333333,5.0,0.0,0.0,true,22,0
1773241955000,64.1432582,-21.8070833333333,0.0,0.0,0.0,true,23,0
1773241958000,64.1432582,-21.8070833333333,3.0,0.0,0.0,true,24,0
1773241960000,64.1432582,-21.8070833333333,2.0,0.0,0.0,true,25,0
1773241960000,64.1432582,-21.8070833333333,0.0,0.0,0.0,true,26,0
1773241964000,64.1445394,-21.8066695,4.0,143.9,129.5,false,26,59.0
1773241964000,64.1445394,-21.8066695,0.0,0.0,0.0,true,1,0
1773241968000,64.1445394,-21.8066695,4.0,0.0,0.0,true,2,0
1773241968000,64.1445394,-21.8066695,0.0,0.0,0.0,true,3,0
1773241968000,64.1445394,-21.8066695,0.0,0.0,0.0,true,4,0
1773241974000,64.1445394,-21.8066695,6.0,0.0,0.0,true,5,0
1773241974000,64.1445394,-21.8066695,0.0,0.0,0.0,true,6,0
1773241974000,64.1445394,-21.8066695,0.0,0.0,0.0,true,7,0
1773241977000,64.1445394,-21.8066695,3.0,0.0,0.0,true,8,0
1773241981000,64.1445394,-21.8066695,4.0,0.0,0.0,true,9,0
1773241981000,64.1445394,-21.8066695,0.0,0.0,0.0,true,10,0
1773241987000,64.1445394,-21.8066695,6.0,0.0,0.0,true,11,0
1773241987000,64.1445394,-21.8066695,0.0,0.0,0.0,true,12,0
1773241987000,64.1445394,-21.8066695,0.0,0.0,0.0,true,13,0
1773241992000,64.1445394,-21.8066695,5.0,0.0,0.0,true,14,0
1773241992000,64.1445394,-21.8066695,0.0,0.0,0.0,true,15,0
1773241994000,64.1445394,-21.8066695,2.0,0.0,0.0,true,16,0
1773241999000,64.1445394,-21.8066695,5.0,0.0,0.0,true,17,0
1773241999000,64.1445394,-21.8066695,0.0,0.0,0.0,true,18,0
1773241999000,64.1445394,-21.8066695,0.0,0.0,0.0,true,19,0
1773242002000,64.1445394,-21.8066695,3.0,0.0,0.0,true,20,0
1773242006000,64.1445394,-21.8066695,4.0,0.0,0.0,true,21,0
1773242009000,64.1445394,-21.8066695,3.0,0.0,0.0,true,22,0
1773242009000,64.1445394,-21.8066695,0.0,0.0,0.0,true,23,0
1773242009000,64.1445394,-21.8066695,0.0,0.0,0.0,true,24,0
1773242015000,64.1445394,-21.8066695,6.0,0.0,0.0,true,25,0
1773242015000,64.1445394,-21.8066695,0.0,0.0,0.0,true,26,0
1773242018000,64.1445394,-21.8066695,3.0,0.0,0.0,true,27,0
1773242022000,64.1445394,-21.8066695,4.0,0.0,0.0,true,28,0
1773242024000,64.1445394,-21.8066695,2.0,0.0,0.0,true,29,0
1773242026000,64.1445394,-21.8066695,2.0,0.0,0.0,true,30,0
1773242026000,64.1445394,-21.8066695,0.0,0.0,0.0,true,31,0
1773242028000,64.1445394,-21.8066695,2.0,0.0,0.0,true,32,0
1773242032000,64.1445394,-21.8066695,4.0,0.0,0.0,true,33,0
1773242032000,64.1445394,-21.8066695,0.0,0.0,0.0,true,34,0
1773242034000,64.1445394,-21.8066695,2.0,0.0,0.0,true,35,0
1773242037000,64.1445394,-21.8066695,3.0,0.0,0.0,true,36,0
1773242037000,64.1445394,-21.8066695,0.0,0.0,0.0,true,37,0
1773242041000,64.1445394,-21.8066695,4.0,0.0,0.0,true,38,0
1773242041000,64.1445394,-21.8066695,0.0,0.0,0.0,true,39,0
1773242046000,64.1445394,-21.8066695,5.0,0.0,0.0,true,40,0
1773242048000,64.1445394,-21.8066695,2.0,0.0,0.0,true,41,0
1773242048000,64.1445394,-21.8066695,0.0,0.0,0.0,true,42,0
1773242052000,64.1445394,-21.8066695,4.0,0.0,0.0,true,43,0
1773242052000,64.1445394,-21.8066695,0.0,0.0,0.0,true,44,0
1773242052000,64.1445394,-21.8066695,0.0,0.0,0.0,true,45,0
1773242056000,64.1445394,-21.8066695,4.0,0.0,0.0,true,46,0
1773242059000,64.1445394,-21.8066695,3.0,0.0,0.0,true,47,0
1773242059000,64.1445394,-21.8066695,0.0,0.0,0.0,true,48,0
1773242063000,64.1445394,-21.8066695,4.0,0.0,0.0,true,49,0
1773242067000,64.1445394,-21.8066695,4.0,0.0,0.0,true,50,0
1773242067000,64.1445394,-21.8066695,0.0,0.0,0.0,true,51,0
1773242071000,64.1445394,-21.8066695,4.0,0.0,0.0,true,52,0
1773242071000,64.1445394,-21.8066695,0.0,0.0,0.0,true,53,0
1773242073000,64.1445394,-21.8066695,2.0,0.0,0.0,true,54,0
1773242073000,64.1445394,-21.8066695,0.0,0.0,0.0,true,55,0
1773242073000,64.1445394,-21.8066695,0.0,0.0,0.0,true,56,0
1773242078000,64.1445394,-21.8066695,5.0,0.0,0.0,true,57,0
1773242080000,64.1445394,-21.8066695,2.0,0.0,0.0,true,58,0
1773242080000,64.1445394,-21.8066695,0.0,0.0,0.0,true,59,0
1773242083000,64.1445394,-21.8066695,3.0,0.0,0.0,true,60,0
1773242087000,64.1376476666667,-21.8082473333333,4.0,770.1,693.1,false,60,123.0
1773242087000,64.1376476666667,-21.8082473333333,0.0,0.0,0.0,true,1,0
1773242093000,64.1376476666667,-21.8082473333333,6.0,0.0,0.0,true,2,0
1773242093000,64.1376476666667,-21.8082473333333,0.0,0.0,0.0,true,3,0
1773242093000,64.1376476666667,-21.8082473333333,0.0,0.0,0.0,true,4,0
1773242097000,64.1376476666667,-21.8082473333333,4.0,0.0,0.0,true,5,0
1773242101000,64.1376476666667,-21.8082473333333,4.0,0.0,0.0,true,6,0
1773242101000,64.1376476666667,-21.8082473333333,0.0,0.0,0.0,true,7,0
1773242103000,64.1376476666667,-21.8082473333333,2.0,0.0,0.0,true,8,0
1773242107000,64.1376476666667,-21.8082473333333,4.0,0.0,0.0,true,9,0
1773242107000,64.1376476666667,-21.8082473333333,0.0,0.0,0.0,true,10,0
1773242110000,64.1376476666667,-21.8082473333333,3.0,0.0,0.0,true,11,0
1773242112000,64.1376476666667,-21.8082473333333,2.0,0.0,0.0,true,12,0
1773242112000,64.1376476666667,-21.8082473333333,0.0,0.0,0.0,true,13,0
1773242114000,64.1376476666667,-21.8082473333333,2.0,0.0,0.0,true,14,0
1773242114000,64.1376476666667,-21.8082473333333,0.0,0.0,0.0,true,15,0
1773242120000,64.1376476666667,-21.8082473333333,6.0,0.0,0.0,true,16,0
1773242120000,64.1376476666667,-21.8082473333333,0.0,0.0,0.0,true,17,0
1773242124000,64.1376476666667,-21.8082473333333,4.0,0.0,0.0,true,18,0
1773242124000,64.1376476666667,-21.8082473333333,0.0,0.0,0.0,true,19,0
1773242128000,64.1384035,-21.8082268333333,4.0,84.1,75.6,false,19,41.0
1773242128000,64.1384035,-21.8082268333333,0.0,0.0,0.0,true,1,0
1773242132000,64.1384035,-21.8082268333333,4.0,0.0,0.0,true,2,0
1773242137000,64.1384035,-21.8082268333333,5.0,0.0,0.0,true,3,0
1773242137000,64.1384035,-21.8082268333333,0.0,0.0,0.0,true,4,0
1773242137000,64.1384035,-21.8082268333333,0.0,0.0,0.0,true,5,0
1773242142000,64.1384035,-21.8082268333333,5.0,0.0,0.0,true,6,0
1773242144000,64.1384035,-21.8082268333333,2.0,0.0,0.0,true,7,0
1773242147000,64.1384035,-21.8082268333333,3.0,0.0,0.0,true,8,0
1773242151000,64.13959865,-21.8116811666667,4.0,213.8,192.5,false,8,23.0
1773242151000,64.13959865,-21.8116811666667,0.0,0.0,0.0,true,1,0
1773242154000,64.13959865,-21.8116811666667,3.0,0.0,0.0,true,2,0
1773242157000,64.13959865,-21.8116811666667,3.0,0.0,0.0,true,3,0
1773242157000,64.13959865,-21.8116811666667,0.0,0.0,0.0,true,4,0
1773242157000,64.13959865,-21.8116811666667,0.0,0.0,0.0,true,5,0
1773242157000,64.13959865,-21.8116811666667,0.0,0.0,0.0,true,6,0
1773242164000,64.13959865,-21.8116811666667,7.0,0.0,0.0,true,7,0
1773242166000,64.13959865,-21.8116811666667,2.0,0.0,0.0,true,8,0
1773242166000,64.13959865,-21.8116811666667,0.0,0.0,0.0,true,9,0
1773242170000,64.13959865,-21.8116811666667,4.0,0.0,0.0,true,10,0
1773242173000,64.13959865,-21.8116811666667,3.0,0.0,0.0,true,11,0
1773242173000,64.13959865,-21.8116811666667,0.0,0.0,0.0,true,12,0
1773242175000,64.13959865,-21.8116811666667,2.0,0.0,0.0,true,13,0
1773242177000,64.13959865,-21.8116811666667,2.0,0.0,0.0,true,14,0
1773242184000,64.1406552,-21.8167495,7.0,272.4,140.1,false,14,33.0
1773242184000,64.1406552,-21.8167495,0.0,0.0,0.0,true,1,0
1773242184000,64.1406552,-21.8167495,0.0,0.0,0.0,true,2,0
1773242188000,64.1406552,-21.8167495,4.0,0.0,0.0,true,3,0
1773242192000,64.1406552,-21.8167495,4.0,0.0,0.0,true,4,0
1773242194000,64.1406552,-21.8167495,2.0,0.0,0.0,true,5,0
1773242194000,64.1406552,-21.8167495,0.0,0.0,0.0,true,6,0
1773242197000,64.1406552,-21.8167495,3.0,0.0,0.0,true,7,0
1773242197000,64.1406552,-21.8167495,0.0,0.0,0.0,true,8,0
1773242202000,64.139508,-21.8181985,5.0,145.6,104.9,false,8,18.0
1773242206000,64.139508,-21.8181985,4.0,0.0,0.0,true,1,0
1773242206000,64.139508,-21.8181985,0.0,0.0,0.0,true,2,0
1773242208000,64.139508,-21.8181985,2.0,0.0,0.0,true,3,0
1773242208000,64.139508,-21.8181985,0.0,0.0,0.0,true,4,0
1773242214000,64.139508,-21.8181985,6.0,0.0,0.0,true,5,0
1773242214000,64.139508,-21.8181985,0.0,0.0,0.0,true,6,0
1773242217000,64.139508,-21.8181985,3.0,0.0,0.0,true,7,0
1773242217000,64.139508,-21.8181985,0.0,0.0,0.0,true,8,0
1773242219000,64.139508,-21.8181985,2.0,0.0,0.0,true,9,0
1773242219000,64.139508,-21.8181985,0.0,0.0,0.0,true,10,0
1773242222000,64.139508,-21.8181985,3.0,0.0,0.0,true,11,0
1773242224000,64.1383621333333,-21.8164921666667,2.0,151.9,273.5,false,11,22.0
1773242229000,64.1383621333333,-21.8164921666667,5.0,0.0,0.0,true,1,0
1773242229000,64.1383621333333,-21.8164921666667,0.0,0.0,0.0,true,2,0
1773242232000,64.1383621333333,-21.8164921666667,3.0,0.0,0.0,true,3,0
1773242235000,64.1383621333333,-21.8164921666667,3.0,0.0,0.0,true,4,0
1773242237000,64.1383621333333,-21.8164921666667,2.0,0.0,0.0,true,5,0
1773242237000,64.1383621333333,-21.8164921666667,0.0,0.0,0.0,true,6,0
1773242241000,64.1383621333333,-21.8164921666667,4.0,0.0,0.0,true,7,0
1773242244000,64.1383621333333,-21.8164921666667,3.0,0.0,0.0,true,8,0
1773242244000,64.1383621333333,-21.8164921666667,0.0,0.0,0.0,true,9,0
1773242249000,64.1383621333333,-21.8164921666667,5.0,0.0,0.0,true,10,0
1773242249000,64.1383621333333,-21.8164921666667,0.0,0.0,0.0,true,11,0
1773242253000,64.1369271833333,-21.8127798333333,4.0,240.6,216.5,false,11,29.0
1773242255000,64.1369271833333,-21.8127798333333,2.0,0.0,0.0,true,1,0
1773242255000,64.1369271833333,-21.8127798333333,0.0,0.0,0.0,true,2,0
1773242258000,64.1369271833333,-21.8127798333333,3.0,0.0,0.0,true,3,0
1773242260000,64.1369271833333,-21.8127798333333,2.0,0.0,0.0,true,4,0
1773242265000,64.1369271833333,-21.8127798333333,5.0,0.0,0.0,true,5,0
1773242267000,64.1369271833333,-21.8127798333333,2.0,0.0,0.0,true,6,0
1773242267000,64.1369271833333,-21.8127798333333,0.0,0.0,0.0,true,7,0
1773242271000,64.1369193,-21.8105783333333,4.0,106.8,96.1,false,7,18.0
1773242273000,64.1369193,-21.8105783333333,2.0,0.0,0.0,true,1,0
1773242273000,64.1369193,-21.8105783333333,0.0,0.0,0.0,true,2,0
1773242278000,64.1369193,-21.8105783333333,5.0,0.0,0.0,true,3,0
1773242281000,64.1369193,-21.8105783333333,3.0,0.0,0.0,true,4,0
1773242281000,64.1369193,-21.8105783333333,0.0,0.0,0.0,true,5,0
1773242281000,64.1369193,-21.8105783333333,0.0,0.0,0.0,true,6,0
1773242285000,64.1369193,-21.8105783333333,4.0,0.0,0.0,true,7,0
1773242285000,64.1369193,-21.8105783333333,0.0,0.0,0.0,true,8,0
1773242287000,64.1369193,-21.8105783333333,2.0,0.0,0.0,true,9,0
1773242290000,64.1369193,-21.8105783333333,3.0,0.0,0.0,true,10,0
1773242290000,64.1369193,-21.8105783333333,0.0,0.0,0.0,true,11,0
1773242296000,64.1365136833333,-21.8070848333333,6.0,175.4,105.2,false,11,25.0
1773242300000,64.1365136833333,-21.8070848333333,4.0,0.0,0.0,true,1,0
1773242300000,64.1365136833333,-21.8070848333333,0.0,0.0,0.0,true,2,0
1773242302000,64.1365136833333,-21.8070848333333,2.0,0.0,0.0,true,3,0
1773242302000,64.1365136833333,-21.8070848333333,0.0,0.0,0.0,true,4,0
1773242305000,64.1365136833333,-21.8070848333333,3.0,0.0,0.0,true,5,0
1773242307000,64.1365136833333,-21.8070848333333,2.0,0.0,0.0,true,6,0
1773242307000,64.1365136833333,-21.8070848333333,0.0,0.0,0.0,true,7,0
1773242313000,64.1365136833333,-21.8070848333333,6.0,0.0,0.0,true,8,0
1773242315000,64.1365136833333,-21.8070848333333,2.0,0.0,0.0,true,9,0
1773242315000,64.1365136833333,-21.8070848333333,0.0,0.0,0.0,true,10,0
1773242319000,64.1356839333333,-21.8020991666667,4.0,258.8,233.0,false,10,23.0
1773242319000,64.1356839333333,-21.8020991666667,0.0,0.0,0.0,true,1,0
1773242325000,64.1356839333333,-21.8020991666667,6.0,0.0,0.0,true,2,0
1773242325000,64.1356839333333,-21.8020991666667,0.0,0.0,0.0,true,3,0
1773242327000,64.1356839333333,-21.8020991666667,2.0,0.0,0.0,true,4,0
1773242330000,64.1356839333333,-21.8020991666667,3.0,0.0,0.0,true,5,0
1773242330000,64.1356839333333,-21.8020991666667,0.0,0.0,0.0,true,6,0
1773242332000,64.1356839333333,-21.8020991666667,2.0,0.0,0.0,true,7,0
1773242336000,64.1356839333333,-21.8020991666667,4.0,0.0,0.0,true,8,0
1773242338000,64.1356839333333,-21.8020991666667,2.0,0.0,0.0,true,9,0
1773242342000,64.1356839333333,-21.8020991666667,4.0,0.0,0.0,true,10,0
1773242342000,64.1356839333333,-21.8020991666667,0.0,0.0,0.0,true,11,0
1773242342000,64.1356839333333,-21.8020991666667,0.0,0.0,0.0,true,12,0
1773242345000,64.1356839333333,-21.8020991666667,3.0,0.0,0.0,true,13,0
1773242345000,64.1356839333333,-21.8020991666667,0.0,0.0,0.0,true,14,0
1773242348000,64.1356839333333,-21.8020991666667,3.0,0.0,0.0,true,15,0
1773242352000,64.1356839333333,-21.8020991666667,4.0,0.0,0.0,true,16,0
1773242352000,64.1356839333333,-21.8020991666667,0.0,0.0,0.0,true,17,0
1773242354000,64.1356839333333,-21.8020991666667,2.0,0.0,0.0,true,18,0
1773242356000,64.1356839333333,-21.8020991666667,2.0,0.0,0.0,true,19,0
1773242356000,64.1356839333333,-21.8020991666667,0.0,0.0,0.0,true,20,0
1773242360000,64.1347469333333,-21.7980376666667,4.0,222.9,200.6,false,20,41.0
1773242362000,64.1347469333333,-21.7980376666667,2.0,0.0,0.0,true,1,0
1773242362000,64.1347469333333,-21.7980376666667,0.0,0.0,0.0,true,2,0
1773242367000,64.1347469333333,-21.7980376666667,5.0,0.0,0.0,true,3,0
1773242369000,64.1347469333333,-21.7980376666667,2.0,0.0,0.0,true,4,0
1773242371000,64.1347469333333,-21.7980376666667,2.0,0.0,0.0,true,5,0
1773242374000,64.1347469333333,-21.7980376666667,3.0,0.0,0.0,true,6,0
1773242376000,64.1347469333333,-21.7980376666667,2.0,0.0,0.0,true,7,0
1773242376000,64.1347469333333,-21.7980376666667,0.0,0.0,0.0,true,8,0
1773242380000,64.1347469333333,-21.7980376666667,4.0,0.0,0.0,true,9,0
1773242380000,64.1347469333333,-21.7980376666667,0.0,0.0,0.0,true,10,0
1773242386000,64.1347469333333,-21.7980376666667,6.0,0.0,0.0,true,11,0
1773242386000,64.1347469333333,-21.7980376666667,0.0,0.0,0.0,true,12,0
1773242390000,64.1347469333333,-21.7980376666667,4.0,0.0,0.0,true,13,0
1773242397000,64.1353493333333,-21.7933025,7.0,239.3,123.1,false,13,37.0
1773242397000,64.1353493333333,-21.7933025,0.0,0.0,0.0,true,1,0
1773242397000,64.1353493333333,-21.7933025,0.0,0.0,0.0,true,2,0
1773242399000,64.1353493333333,-21.7933025,2.0,0.0,0.0,true,3,0
1773242402000,64.1353493333333,-21.7933025,3.0,0.0,0.0,true,4,0
1773242402000,64.1353493333333,-21.7933025,0.0,0.0,0.0,true,5,0
1773242405000,64.1353493333333,-21.7933025,3.0,0.0,0.0,true,6,0
1773242405000,64.1353493333333,-21.7933025,0.0,0.0,0.0,true,7,0
1773242407000,64.1353493333333,-21.7933025,2.0,0.0,0.0,true,8,0
1773242414000,64.1353493333333,-21.7933025,7.0,0.0,0.0,true,9,0
1773242414000,64.1353493333333,-21.7933025,0.0,0.0,0.0,true,10,0
1773242416000,64.1353493333333,-21.7933025,2.0,0.0,0.0,true,11,0
1773242418000,64.1353493333333,-21.7933025,2.0,0.0,0.0,true,12,0
1773242418000,64.1353493333333,-21.7933025,0.0,0.0,0.0,true,13,0
1773242421000,64.1353493333333,-21.7933025,3.0,0.0,0.0,true,14,0
1773242421000,64.1353493333333,-21.7933025,0.0,0.0,0.0,true,15,0
1773242423000,64.1376439333333,-21.7912025,2.0,274.7,494.5,false,15,26.0
1773242427000,64.1376439333333,-21.7912025,4.0,0.0,0.0,true,1,0
1773242431000,64.1376439333333,-21.7912025,4.0,0.0,0.0,true,2,0
1773242431000,64.1376439333333,-21.7912025,0.0,0.0,0.0,true,3,0
1773242433000,64.1376439333333,-21.7912025,2.0,0.0,0.0,true,4,0
1773242436000,64.1376439333333,-21.7912025,3.0,0.0,0.0,true,5,0
1773242436000,64.1376439333333,-21.7912025,0.0,0.0,0.0,true,6,0
1773242441000,64.1376439333333,-21.7912025,5.0,0.0,0.0,true,7,0
1773242441000,64.1376439333333,-21.7912025,0.0,0.0,0.0,true,8,0
1773242444000,64.1390957166667,-21.7894038333333,3.0,183.5,220.2,false,8,21.0
1773242444000,64.1390957166667,-21.7894038333333,0.0,0.0,0.0,true,1,0
1773242446000,64.1390957166667,-21.7894038333333,2.0,0.0,0.0,true,2,0
1773242446000,64.1390957166667,-21.7894038333333,0.0,0.0,0.0,true,3,0
1773242451000,64.1390957166667,-21.7894038333333,5.0,0.0,0.0,true,4,0
1773242451000,64.1390957166667,-21.7894038333333,0.0,0.0,0.0,true,5,0
1773242455000,64.1390957166667,-21.7894038333333,4.0,0.0,0.0,true,6,0
1773242455000,64.1390957166667,-21.7894038333333,0.0,0.0,0.0,true,7,0
1773242458000,64.1390957166667,-21.7894038333333,3.0,0.0,0.0,true,8,0
1773242464000,64.1390957166667,-21.7894038333333,6.0,0.0,0.0,true,9,0
1773242464000,64.1390957166667,-21.7894038333333,0.0,0.0,0.0,true,10,0
1773242466000,64.1390957166667,-21.7894038333333,2.0,0.0,0.0,true,11,0
1773242469000,64.1390957166667,-21.7894038333333,3.0,0.0,0.0,true,12,0
1773242469000,64.1390957166667,-21.7894038333333,0.0,0.0,0.0,true,13,0
1773242472000,64.1390957166667,-21.7894038333333,3.0,0.0,0.0,true,14,0
1773242476000,64.1390957166667,-21.7894038333333,4.0,0.0,0.0,true,15,0
1773242476000,64.1390957166667,-21.7894038333333,0.0,0.0,0.0,true,16,0
1773242476000,64.1390957166667,-21.7894038333333,0.0,0.0,0.0,true,17,0
1773242481000,64.1393091333333,-21.784739,5.0,227.5,163.8,false,17,37.0
1773242481000,64.1393091333333,-21.784739,0.0,0.0,0.0,true,1,0
1773242483000,64.1393091333333,-21.784739,2.0,0.0,0.0,true,2,0
1773242485000,64.1393091333333,-21.784739,2.0,0.0,0.0,true,3,0
1773242489000,64.1393091333333,-21.784739,4.0,0.0,0.0,true,4,0
1773242489000,64.1393091333333,-21.784739,0.0,0.0,0.0,true,5,0
1773242489000,64.1393091333333,-21.784739,0.0,0.0,0.0,true,6,0
1773242493000,64.1393091333333,-21.784739,4.0,0.0,0.0,true,7,0
1773242497000,64.139626,-21.7805286666667,4.0,207.2,186.5,false,7,16.0
1773242497000,64.139626,-21.7805286666667,0.0,0.0,0.0,true,1,0
1773242499000,64.139626,-21.7805286666667,2.0,0.0,0.0,true,2,0
1773242501000,64.139626,-21.7805286666667,2.0,0.0,0.0,true,3,0
1773242501000,64.139626,-21.7805286666667,0.0,0.0,0.0,true,4,0
1773242504000,64.139626,-21.7805286666667,3.0,0.0,0.0,true,5,0
1773242507000,64.139626,-21.7805286666667,3.0,0.0,0.0,true,6,0
1773242509000,64.139626,-21.7805286666667,2.0,0.0,0.0,true,7,0
1773242513000,64.139626,-21.7805286666667,4.0,0.0,0.0,true,8,0
1773242513000,64.139626,-21.7805286666667,0.0,0.0,0.0,true,9,0
1773242515000,64.139626,-21.7805286666667,2.0,0.0,0.0,true,10,0
1773242515000,64.139626,-21.7805286666667,0.0,0.0,0.0,true,11,0
1773242522000,64.1387126333333,-21.7769243333333,7.0,202.2,104.0,false,11,25.0
1773242524000,64.1387126333333,-21.7769243333333,2.0,0.0,0.0,true,1,0
1773242524000,64.1387126333333,-21.7769243333333,0.0,0.0,0.0,true,2,0
1773242526000,64.1387126333333,-21.7769243333333,2.0,0.0,0.0,true,3,0
1773242528000,64.1387126333333,-21.7769243333333,2.0,0.0,0.0,true,4,0
1773242528000,64.1387126333333,-21.7769243333333,0.0,0.0,0.0,true,5,0
1773242531000,64.1387126333333,-21.7769243333333,3.0,0.0,0.0,true,6,0
1773242531000,64.1387126333333,-21.7769243333333,0.0,0.0,0.0,true,7,0
1773242534000,64.1387126333333,-21.7769243333333,3.0,0.0,0.0,true,8,0
1773242536000,64.1387126333333,-21.7769243333333,2.0,0.0,0.0,true,9,0
1773242536000,64.1387126333333,-21.7769243333333,0.0,0.0,0.0,true,10,0
1773242541000,64.1387126333333,-21.7769243333333,5.0,0.0,0.0,true,11,0
1773242544000,64.1387126333333,-21.7769243333333,3.0,0.0,0.0,true,12,0
1773242544000,64.1387126333333,-21.7769243333333,0.0,0.0,0.0,true,13,0
1773242548000,64.1387126333333,-21.7769243333333,4.0,0.0,0.0,true,14,0
1773242550000,64.1387126333333,-21.7769243333333,2.0,0.0,0.0,true,15,0
1773242550000,64.1387126333333,-21.7769243333333,0.0,0.0,0.0,true,16,0
1773242554000,64.1382025,-21.7741146666667,4.0,147.6,132.9,false,16,32.0
1773242554000,64.1382025,-21.7741146666667,0.0,0.0,0.0,true,1,0
1773242559000,64.1382025,-21.7741146666667,5.0,0.0,0.0,true,2,0
1773242561000,64.1382025,-21.7741146666667,2.0,0.0,0.0,true,3,0
1773242561000,64.1382025,-21.7741146666667,0.0,0.0,0.0,true,4,0
1773242565000,64.1382025,-21.7741146666667,4.0,0.0,0.0,true,5,0
1773242565000,64.1382025,-21.7741146666667,0.0,0.0,0.0,true,6,0
1773242569000,64.1382025,-21.7741146666667,4.0,0.0,0.0,true,7,0
1773242569000,64.1382025,-21.7741146666667,0.0,0.0,0.0,true,8,0
1773242572000,64.1382025,-21.7741146666667,3.0,0.0,0.0,true,9,0
1773242574000,64.1382025,-21.7741146666667,2.0,0.0,0.0,true,10,0
1773242574000,64.1382025,-21.7741146666667,0.0,0.0,0.0,true,11,0
1773242574000,64.1382025,-21.7741146666667,0.0,0.0,0.0,true,12,0
1773242581000,64.1392920333333,-21.772031,7.0,157.8,81.1,false,12,27.0
1773242581000,64.1392920333333,-21.772031,0.0,0.0,0.0,true,1,0
1773242581000,64.1392920333333,-21.772031,0.0,0.0,0.0,true,2,0
1773242581000,64.1392920333333,-21.772031,0.0,0.0,0.0,true,3,0
1773242585000,64.1392920333333,-21.772031,4.0,0.0,0.0,true,4,0
1773242592000,64.1392920333333,-21.772031,7.0,0.0,0.0,true,5,0
1773242592000,64.1392920333333,-21.772031,0.0,0.0,0.0,true,6,0
1773242592000,64.1392920333333,-21.772031,0.0,0.0,0.0,true,7,0
1773242592000,64.1392920333333,-21.772031,0.0,0.0,0.0,true,8,0
1773242597000,64.1392920333333,-21.772031,5.0,0.0,0.0,true,9,0
1773242600000,64.1392920333333,-21.772031,3.0,0.0,0.0,true,10,0
1773242602000,64.1392920333333,-21.772031,2.0,0.0,0.0,true,11,0
1773242602000,64.1392920333333,-21.772031,0.0,0.0,0.0,true,12,0
1773242605000,64.1392920333333,-21.772031,3.0,0.0,0.0,true,13,0
1773242607000,64.1392920333333,-21.772031,2.0,0.0,0.0,true,14,0
1773242611000,64.1392920333333,-21.772031,4.0,0.0,0.0,true,15,0
1773242611000,64.1392920333333,-21.772031,0.0,0.0,0.0,true,16,0
1773242615000,64.1392920333333,-21.772031,4.0,0.0,0.0,true,17,0
1773242615000,64.1392920333333,-21.772031,0.0,0.0,0.0,true,18,0
1773242618000,64.1392920333333,-21.772031,3.0,0.0,0.0,true,19,0
1773242618000,64.1392920333333,-21.772031,0.0,0.0,0.0,true,20,0
1773242620000,64.1392920333333,-21.772031,2.0,0.0,0.0,true,21,0
1773242625000,64.1449315,-21.7741903333333,5.0,635.8,457.8,false,21,44.0
1773242627000,64.1449315,-21.7741903333333,2.0,0.0,0.0,true,1,0
1773242627000,64.1449315,-21.7741903333333,0.0,0.0,0.0,true,2,0
1773242630000,64.1449315,-21.7741903333333,3.0,0.0,0.0,true,3,0
1773242630000,64.1449315,-21.7741903333333,0.0,0.0,0.0,true,4,0
1773242633000,64.1449315,-21.7741903333333,3.0,0.0,0.0,true,5,0
1773242635000,64.1449315,-21.7741903333333,2.0,0.0,0.0,true,6,0
1773242635000,64.1449315,-21.7741903333333,0.0,0.0,0.0,true,7,0
1773242635000,64.1449315,-21.7741903333333,0.0,0.0,0.0,true,8,0
1773242640000,64.1449315,-21.7741903333333,5.0,0.0,0.0,true,9,0
1773242642000,64.1449315,-21.7741903333333,2.0,0.0,0.0,true,10,0
1773242648000,64.1449315,-21.7741903333333,6.0,0.0,0.0,true,11,0
1773242648000,64.1449315,-21.7741903333333,0.0,0.0,0.0,true,12,0
1773242650000,64.1449315,-21.7741903333333,2.0,0.0,0.0,true,13,0
1773242653000,64.1449315,-21.7741903333333,3.0,0.0,0.0,true,14,0
1773242653000,64.1449315,-21.7741903333333,0.0,0.0,0.0,true,15,0
1773242655000,64.1449315,-21.7741903333333,2.0,0.0,0.0,true,16,0
1773242657000,64.1449315,-21.7741903333333,2.0,0.0,0.0,true,17,0
1773242661000,64.1449315,-21.7741903333333,4.0,0.0,0.0,true,18,0
1773242661000,64.1449315,-21.7741903333333,0.0,0.0,0.0,true,19,0
1773242667000,64.1449315,-21.7741903333333,6.0,0.0,0.0,true,20,0
1773242667000,64.1449315,-21.7741903333333,0.0,0.0,0.0,true,21,0
1773242667000,64.1449315,-21.7741903333333,0.0,0.0,0.0,true,22,0
1773242671000,64.1449315,-21.7741903333333,4.0,0.0,0.0,true,23,0
1773242671000,64.1449315,-21.7741903333333,0.0,0.0,0.0,true,24,0
1773242674000,64.1463511666667,-21.7709473333333,3.0,222.8,267.4,false,24,49.0
1773242674000,64.1463511666667,-21.7709473333333,0.0,0.0,0.0,true,1,0
1773242679000,64.1463511666667,-21.7709473333333,5.0,0.0,0.0,true,2,0
1773242679000,64.1463511666667,-21.7709473333333,0.0,0.0,0.0,true,3,0
1773242679000,64.1463511666667,-21.7709473333333,0.0,0.0,0.0,true,4,0
1773242684000,64.1463511666667,-21.7709473333333,5.0,0.0,0.0,true,5,0
1773242686000,64.1463511666667,-21.7709473333333,2.0,0.0,0.0,true,6,0
1773242686000,64.1463511666667,-21.7709473333333,0.0,0.0,0.0,true,7,0
1773242690000,64.1463511666667,-21.7709473333333,4.0,0.0,0.0,true,8,0
1773242690000,64.1463511666667,-21.7709473333333,0.0,0.0,0.0,true,9,0
1773242690000,64.1463511666667,-21.7709473333333,0.0,0.0,0.0,true,10,0
1773242690000,64.1463511666667,-21.7709473333333,0.0,0.0,0.0,true,11,0
1773242696000,64.1463511666667,-21.7709473333333,6.0,0.0,0.0,true,12,0
1773242699000,64.1463511666667,-21.7709473333333,3.0,0.0,0.0,true,13,0
1773242699000,64.1463511666667,-21.7709473333333,0.0,0.0,0.0,true,14,0
1773242699000,64.1463511666667,-21.7709473333333,0.0,0.0,0.0,true,15,0
1773242704000,64.1463511666667,-21.7709473333333,5.0,0.0,0.0,true,16,0
1773242707000,64.1463511666667,-21.7709473333333,3.0,0.0,0.0,true,17,0
1773242712000,64.1463511666667,-21.7709473333333,5.0,0.0,0.0,true,18,0
1773242712000,64.1463511666667,-21.7709473333333,0.0,0.0,0.0,true,19,0
1773242716000,64.1463511666667,-21.7709473333333,4.0,0.0,0.0,true,20,0
1773242718000,64.1463511666667,-21.7709473333333,2.0,0.0,0.0,true,21,0
1773242718000,64.1463511666667,-21.7709473333333,0.0,0.0,0.0,true,22,0
1773242721000,64.1463511666667,-21.7709473333333,3.0,0.0,0.0,true,23,0
1773242724000,64.1463511666667,-21.7709473333333,3.0,0.0,0.0,true,24,0
1773242724000,64.1463511666667,-21.7709473333333,0.0,0.0,0.0,true,25,0
1773242726000,64.1463511666667,-21.7709473333333,2.0,0.0,0.0,true,26,0
1773242732000,64.1463511666667,-21.7709473333333,6.0,0.0,0.0,true,27,0
1773242732000,64.1463511666667,-21.7709473333333,0.0,0.0,0.0,true,28,0
1773242732000,64.1463511666667,-21.7709473333333,0.0,0.0,0.0,true,29,0
1773242732000,64.1463511666667,-21.7709473333333,0.0,0.0,0.0,true,30,0
1773242737000,64.1463511666667,-21.7709473333333,5.0,0.0,0.0,true,31,0
1773242739000,64.1463511666667,-21.7709473333333,2.0,0.0,0.0,true,32,0
1773242741000,64.1463511666667,-21.7709473333333,2.0,0.0,0.0,true,33,0
1773242745000,64.1463511666667,-21.7709473333333,4.0,0.0,0.0,true,34,0
1773242747000,64.1463511666667,-21.7709473333333,2.0,0.0,0.0,true,35,0
1773242747000,64.1463511666667,-21.7709473333333,0.0,0.0,0.0,true,36,0
1773242750000,64.1463511666667,-21.7709473333333,3.0,0.0,0.0,true,37,0
1773242752000,64.1463511666667,-21.7709473333333,2.0,0.0,0.0,true,38,0
1773242754000,64.1463511666667,-21.7709473333333,2.0,0.0,0.0,true,39,0
1773242754000,64.1463511666667,-21.7709473333333,0.0,0.0,0.0,true,40,0
1773242754000,64.1463511666667,-21.7709473333333,0.0,0.0,0.0,true,41,0
1773242754000,64.1463511666667,-21.7709473333333,0.0,0.0,0.0,true,42,0
1773242762000,64.1463511666667,-21.7709473333333,8.0,0.0,0.0,true,43,0
1773242764000,64.1463511666667,-21.7709473333333,2.0,0.0,0.0,true,44,0
1773242764000,64.1463511666667,-21.7709473333333,0.0,0.0,0.0,true,45,0
1773242767000,64.1463511666667,-21.7709473333333,3.0,0.0,0.0,true,46,0
1773242767000,64.1463511666667,-21.7709473333333,0.0,0.0,0.0,true,47,0
1773242772000,64.1463511666667,-21.7709473333333,5.0,0.0,0.0,true,48,0
1773242772000,64.1463511666667,-21.7709473333333,0.0,0.0,0.0,true,49,0
1773242772000,64.1463511666667,-21.7709473333333,0.0,0.0,0.0,true,50,0
1773242772000,64.1463511666667,-21.7709473333333,0.0,0.0,0.0,true,51,0
1773242772000,64.1463511666667,-21.7709473333333,0.0,0.0,0.0,true,52,0
1773242772000,64.1463511666667,-21.7709473333333,0.0,0.0,0.0,true,53,0
1773242772000,64.1463511666667,-21.7709473333333,0.0,0.0,0.0,true,54,0
1773242772000,64.1463511666667,-21.7709473333333,0.0,0.0,0.0,true,55,0
1773242772000,64.1463511666667,-21.7709473333333,0.0,0.0,0.0,true,56,0
1773242772000,64.1463511666667,-21.7709473333333,0.0,0.0,0.0,true,57,0
1773242772000,64.1463511666667,-21.7709473333333,0.0,0.0,0.0,true,58,0
1773242772000,64.1463511666667,-21.7709473333333,0.0,0.0,0.0,true,59,0
1773242772000,64.1463511666667,-21.7709473333333,0.0,0.0,0.0,true,60,0
1773242772000,64.1463511666667,-21.7709473333333,0.0,0.0,0.0,true,61,0
1773242772000,64.1463511666667,-21.7709473333333,0.0,0.0,0.0,true,62,0
1773242772000,64.1463511666667,-21.7709473333333,0.0,0.0,0.0,true,63,0
1773242772000,64.1463511666667,-21.7709473333333,0.0,0.0,0.0,true,64,0
1773242772000,64.1463511666667,-21.7709473333333,0.0,0.0,0.0,true,65,0
1773242772000,64.1463511666667,-21.7709473333333,0.0,0.0,0.0,true,66,0
1773242772000,64.1463511666667,-21.7709473333333,0.0,0.0,0.0,true,67,0
1773242772000,64.1463511666667,-21.7709473333333,0.0,0.0,0.0,true,68,0
1773242772000,64.1463511666667,-21.7709473333333,0.0,0.0,0.0,true,69,0
1773242772000,64.1463511666667,-21.7709473333333,0.0,0.0,0.0,true,70,0
1773242772000,64.1463511666667,-21.7709473333333,0.0,0.0,0.0,true,71,0
1773242772000,64.1463511666667,-21.7709473333333,0.0,0.0,0.0,true,72,0
1773242772000,64.1463511666667,-21.7709473333333,0.0,0.0,0.0,true,73,0
1773242772000,64.1463511666667,-21.7709473333333,0.0,0.0,0.0,true,74,0
1773242772000,64.1463511666667,-21.7709473333333,0.0,0.0,0.0,true,75,0
1773242772000,64.1463511666667,-21.7709473333333,0.0,0.0,0.0,true,76,0
1773242772000,64.1463511666667,-21.7709473333333,0.0,0.0,0.0,true,77,0
1773242772000,64.1463511666667,-21.7709473333333,0.0,0.0,0.0,true,78,0
1773242772000,64.1463511666667,-21.7709473333333,0.0,0.0,0.0,true,79,0
1773242772000,64.1463511666667,-21.7709473333333,0.0,0.0,0.0,true,80,0
1773242772000,64.1463511666667,-21.7709473333333,0.0,0.0,0.0,true,81,0
1773242772000,64.1463511666667,-21.7709473333333,0.0,0.0,0.0,true,82,0
1773242772000,64.1463511666667,-21.7709473333333,0.0,0.0,0.0,true,83,0
1773242772000,64.1463511666667,-21.7709473333333,0.0,0.0,0.0,true,84,0
1773242775000,64.1463511666667,-21.7709473333333,3.0,0.0,0.0,true,85,0
1773242849000,64.1464387,-21.771496,74.0,28.3,1.4,false,85,175.0
1773242849000,64.1464387,-21.771496,0.0,0.0,0.0,true,1,0
1773242853000,64.1464387,-21.771496,4.0,0.0,0.0,true,2,0
1773242856000,64.1464387,-21.771496,3.0,0.0,0.0,true,3,0
1773242856000,64.1464387,-21.771496,0.0,0.0,0.0,true,4,0
1773242860000,64.1464387,-21.771496,4.0,0.0,0.0,true,5,0
1773242862000,64.1464387,-21.771496,2.0,0.0,0.0,true,6,0
1773242862000,64.1464387,-21.771496,0.0,0.0,0.0,true,7,0
1773242868000,64.1464387,-21.771496,6.0,0.0,0.0,true,8,0
1773242868000,64.1464387,-21.771496,0.0,0.0,0.0,true,9,0
1773242868000,64.1464387,-21.771496,0.0,0.0,0.0,true,10,0
1773242873000,64.1464387,-21.771496,5.0,0.0,0.0,true,11,0
1773242873000,64.1464387,-21.771496,0.0,0.0,0.0,true,12,0
1773242873000,64.1464387,-21.771496,0.0,0.0,0.0,true,13,0
1773242876000,64.1464387,-21.771496,3.0,0.0,0.0,true,14,0
1773242876000,64.1464387,-21.771496,0.0,0.0,0.0,true,15,0
1773242883000,64.1441544166667,-21.7748256666667,7.0,301.0,154.8,false,15,34.0
1773242883000,64.1441544166667,-21.7748256666667,0.0,0.0,0.0,true,1,0
1773242883000,64.1441544166667,-21.7748256666667,0.0,0.0,0.0,true,2,0
1773242888000,64.1441544166667,-21.7748256666667,5.0,0.0,0.0,true,3,0
1773242888000,64.1441544166667,-21.7748256666667,0.0,0.0,0.0,true,4,0
1773242888000,64.1441544166667,-21.7748256666667,0.0,0.0,0.0,true,5,0
1773242893000,64.1441544166667,-21.7748256666667,5.0,0.0,0.0,true,6,0
1773242893000,64.1441544166667,-21.7748256666667,0.0,0.0,0.0,true,7,0
1773242893000,64.1441544166667,-21.7748256666667,0.0,0.0,0.0,true,8,0
1773242899000,64.1441544166667,-21.7748256666667,6.0,0.0,0.0,true,9,0
1773242902000,64.1441544166667,-21.7748256666667,3.0,0.0,0.0,true,10,0
1773242902000,64.1441544166667,-21.7748256666667,0.0,0.0,0.0,true,11,0
1773242907000,64.1441544166667,-21.7748256666667,5.0,0.0,0.0,true,12,0
1773242907000,64.1441544166667,-21.7748256666667,0.0,0.0,0.0,true,13,0
1773242907000,64.1441544166667,-21.7748256666667,0.0,0.0,0.0,true,14,0
1773242911000,64.1441544166667,-21.7748256666667,4.0,0.0,0.0,true,15,0
1773242911000,64.1441544166667,-21.7748256666667,0.0,0.0,0.0,true,16,0
1773242913000,64.1395036,-21.7724393333333,2.0,529.9,953.9,false,16,30.0
1773242917000,64.1395036,-21.7724393333333,4.0,0.0,0.0,true,1,0
1773242922000,64.1395036,-21.7724393333333,5.0,0.0,0.0,true,2,0
1773242922000,64.1395036,-21.7724393333333,0.0,0.0,0.0,true,3,0
1773242922000,64.1395036,-21.7724393333333,0.0,0.0,0.0,true,4,0
1773242922000,64.1395036,-21.7724393333333,0.0,0.0,0.0,true,5,0
1773242926000,64.1395036,-21.7724393333333,4.0,0.0,0.0,true,6,0
1773242930000,64.1395036,-21.7724393333333,4.0,0.0,0.0,true,7,0
1773242930000,64.1395036,-21.7724393333333,0.0,0.0,0.0,true,8,0
1773242934000,64.1395036,-21.7724393333333,4.0,0.0,0.0,true,9,0
1773242936000,64.1395036,-21.7724393333333,2.0,0.0,0.0,true,10,0
1773242936000,64.1395036,-21.7724393333333,0.0,0.0,0.0,true,11,0
1773242938000,64.1395036,-21.7724393333333,2.0,0.0,0.0,true,12,0
1773242942000,64.1395036,-21.7724393333333,4.0,0.0,0.0,true,13,0
1773242942000,64.1395036,-21.7724393333333,0.0,0.0,0.0,true,14,0
1773242948000,64.1395036,-21.7724393333333,6.0,0.0,0.0,true,15,0
1773242948000,64.1395036,-21.7724393333333,0.0,0.0,0.0,true,16,0
1773242948000,64.1395036,-21.7724393333333,0.0,0.0,0.0,true,17,0
1773242951000,64.1395036,-21.7724393333333,3.0,0.0,0.0,true,18,0
1773242955000,64.1395036,-21.7724393333333,4.0,0.0,0.0,true,19,0
1773242955000,64.1395036,-21.7724393333333,0.0,0.0,0.0,true,20,0
1773242957000,64.1382280333333,-21.774049,2.0,161.9,291.4,false,20,44.0
1773242960000,64.1382280333333,-21.774049,3.0,0.0,0.0,true,1,0
1773242960000,64.1382280333333,-21.774049,0.0,0.0,0.0,true,2,0
1773242963000,64.1382280333333,-21.774049,3.0,0.0,0.0,true,3,0
1773242968000,64.1382280333333,-21.774049,5.0,0.0,0.0,true,4,0
1773242968000,64.1382280333333,-21.774049,0.0,0.0,0.0,true,5,0
1773242970000,64.1385818,-21.7766156666667,2.0,130.6,235.0,false,5,13.0
1773242972000,64.1385818,-21.7766156666667,2.0,0.0,0.0,true,1,0
1773242972000,64.1385818,-21.7766156666667,0.0,0.0,0.0,true,2,0
1773242975000,64.1385818,-21.7766156666667,3.0,0.0,0.0,true,3,0
1773242975000,64.1385818,-21.7766156666667,0.0,0.0,0.0,true,4,0
1773242978000,64.1385818,-21.7766156666667,3.0,0.0,0.0,true,5,0
1773242982000,64.1385818,-21.7766156666667,4.0,0.0,0.0,true,6,0
1773242982000,64.1385818,-21.7766156666667,0.0,0.0,0.0,true,7,0
1773242984000,64.1385818,-21.7766156666667,2.0,0.0,0.0,true,8,0
1773242987000,64.1385818,-21.7766156666667,3.0,0.0,0.0,true,9,0
1773242987000,64.1385818,-21.7766156666667,0.0,0.0,0.0,true,10,0
1773242994000,64.1396509,-21.781043,7.0,245.4,126.2,false,10,24.0
1773242997000,64.1396509,-21.781043,3.0,0.0,0.0,true,1,0
1773242997000,64.1396509,-21.781043,0.0,0.0,0.0,true,2,0
1773242999000,64.1396509,-21.781043,2.0,0.0,0.0,true,3,0
1773243002000,64.1396509,-21.781043,3.0,0.0,0.0,true,4,0
1773243002000,64.1396509,-21.781043,0.0,0.0,0.0,true,5,0
1773243005000,64.1396509,-21.781043,3.0,0.0,0.0,true,6,0
1773243005000,64.1396509,-21.781043,0.0,0.0,0.0,true,7,0
1773243007000,64.1393579333333,-21.7845686666667,2.0,174.1,313.3,false,7,13.0
1773243011000,64.1393579333333,-21.7845686666667,4.0,0.0,0.0,true,1,0
1773243013000,64.1393579333333,-21.7845686666667,2.0,0.0,0.0,true,2,0
1773243013000,64.1393579333333,-21.7845686666667,0.0,0.0,0.0,true,3,0
1773243016000,64.1393579333333,-21.7845686666667,3.0,0.0,0.0,true,4,0
1773243016000,64.1393579333333,-21.7845686666667,0.0,0.0,0.0,true,5,0
1773243018000,64.1393579333333,-21.7845686666667,2.0,0.0,0.0,true,6,0
1773243022000,64.1393579333333,-21.7845686666667,4.0,0.0,0.0,true,7,0
1773243022000,64.1393579333333,-21.7845686666667,0.0,0.0,0.0,true,8,0
1773243026000,64.1393579333333,-21.7845686666667,4.0,0.0,0.0,true,9,0
1773243031000,64.1393649833333,-21.7894588333333,5.0,237.2,170.8,false,9,24.0
1773243031000,64.1393649833333,-21.7894588333333,0.0,0.0,0.0,true,1,0
1773243031000,64.1393649833333,-21.7894588333333,0.0,0.0,0.0,true,2,0
1773243035000,64.1393649833333,-21.7894588333333,4.0,0.0,0.0,true,3,0
1773243035000,64.1393649833333,-21.7894588333333,0.0,0.0,0.0,true,4,0
1773243039000,64.1393649833333,-21.7894588333333,4.0,0.0,0.0,true,5,0
1773243041000,64.1393649833333,-21.7894588333333,2.0,0.0,0.0,true,6,0
1773243041000,64.1393649833333,-21.7894588333333,0.0,0.0,0.0,true,7,0
1773243044000,64.1393649833333,-21.7894588333333,3.0,0.0,0.0,true,8,0
1773243046000,64.1378742166667,-21.7908211666667,2.0,178.5,321.2,false,8,15.0
1773243046000,64.1378742166667,-21.7908211666667,0.0,0.0,0.0,true,1,0
1773243050000,64.1378742166667,-21.7908211666667,4.0,0.0,0.0,true,2,0
1773243050000,64.1378742166667,-21.7908211666667,0.0,0.0,0.0,true,3,0
1773243050000,64.1378742166667,-21.7908211666667,0.0,0.0,0.0,true,4,0
1773243057000,64.1378742166667,-21.7908211666667,7.0,0.0,0.0,true,5,0
1773243057000,64.1378742166667,-21.7908211666667,0.0,0.0,0.0,true,6,0
1773243060000,64.1378742166667,-21.7908211666667,3.0,0.0,0.0,true,7,0
1773243062000,64.1378742166667,-21.7908211666667,2.0,0.0,0.0,true,8,0
1773243062000,64.1378742166667,-21.7908211666667,0.0,0.0,0.0,true,9,0
1773243062000,64.1378742166667,-21.7908211666667,0.0,0.0,0.0,true,10,0
1773243062000,64.1378742166667,-21.7908211666667,0.0,0.0,0.0,true,11,0
1773243067000,64.1378742166667,-21.7908211666667,5.0,0.0,0.0,true,12,0
1773243070000,64.1357620333333,-21.7932445,3.0,262.6,315.2,false,12,24.0
1773243072000,64.1357620333333,-21.7932445,2.0,0.0,0.0,true,1,0
1773243072000,64.1357620333333,-21.7932445,0.0,0.0,0.0,true,2,0
1773243078000,64.1357620333333,-21.7932445,6.0,0.0,0.0,true,3,0
1773243082000,64.1357620333333,-21.7932445,4.0,0.0,0.0,true,4,0
1773243082000,64.1357620333333,-21.7932445,0.0,0.0,0.0,true,5,0
1773243084000,64.1357620333333,-21.7932445,2.0,0.0,0.0,true,6,0
1773243084000,64.1357620333333,-21.7932445,0.0,0.0,0.0,true,7,0
1773243087000,64.1357620333333,-21.7932445,3.0,0.0,0.0,true,8,0
1773243087000,64.1357620333333,-21.7932445,0.0,0.0,0.0,true,9,0
1773243092000,64.1357620333333,-21.7932445,5.0,0.0,0.0,true,10,0
1773243092000,64.1357620333333,-21.7932445,0.0,0.0,0.0,true,11,0
1773243092000,64.1357620333333,-21.7932445,0.0,0.0,0.0,true,12,0
1773243099000,64.1357620333333,-21.7932445,7.0,0.0,0.0,true,13,0
1773243101000,64.1357620333333,-21.7932445,2.0,0.0,0.0,true,14,0
1773243101000,64.1357620333333,-21.7932445,0.0,0.0,0.0,true,15,0
1773243104000,64.1347178666667,-21.7978746666667,3.0,252.8,303.4,false,15,34.0
1773243107000,64.1347178666667,-21.7978746666667,3.0,0.0,0.0,true,1,0
1773243107000,64.1347178666667,-21.7978746666667,0.0,0.0,0.0,true,2,0
1773243107000,64.1347178666667,-21.7978746666667,0.0,0.0,0.0,true,3,0
1773243111000,64.1347178666667,-21.7978746666667,4.0,0.0,0.0,true,4,0
1773243113000,64.1347178666667,-21.7978746666667,2.0,0.0,0.0,true,5,0
1773243113000,64.1347178666667,-21.7978746666667,0.0,0.0,0.0,true,6,0
1773243119000,64.1347178666667,-21.7978746666667,6.0,0.0,0.0,true,7,0
1773243122000,64.1347178666667,-21.7978746666667,3.0,0.0,0.0,true,8,0
1773243122000,64.1347178666667,-21.7978746666667,0.0,0.0,0.0,true,9,0
1773243124000,64.1347178666667,-21.7978746666667,2.0,0.0,0.0,true,10,0
1773243126000,64.1347178666667,-21.7978746666667,2.0,0.0,0.0,true,11,0
1773243126000,64.1347178666667,-21.7978746666667,0.0,0.0,0.0,true,12,0
1773243134000,64.13568055,-21.8020646666667,8.0,229.7,103.4,false,12,30.0
1773243137000,64.13568055,-21.8020646666667,3.0,0.0,0.0,true,1,0
1773243137000,64.13568055,-21.8020646666667,0.0,0.0,0.0,true,2,0
1773243141000,64.13568055,-21.8020646666667,4.0,0.0,0.0,true,3,0
1773243141000,64.13568055,-21.8020646666667,0.0,0.0,0.0,true,4,0
1773243143000,64.13568055,-21.8020646666667,2.0,0.0,0.0,true,5,0
1773243143000,64.13568055,-21.8020646666667,0.0,0.0,0.0,true,6,0
1773243143000,64.13568055,-21.8020646666667,0.0,0.0,0.0,true,7,0
1773243149000,64.13568055,-21.8020646666667,6.0,0.0,0.0,true,8,0
1773243155000,64.1364646833333,-21.8067865,6.0,245.1,147.0,false,8,21.0
1773243155000,64.1364646833333,-21.8067865,0.0,0.0,0.0,true,1,0
1773243157000,64.1364646833333,-21.8067865,2.0,0.0,0.0,true,2,0
1773243159000,64.1364646833333,-21.8067865,2.0,0.0,0.0,true,3,0
1773243159000,64.1364646833333,-21.8067865,0.0,0.0,0.0,true,4,0
1773243162000,64.1364646833333,-21.8067865,3.0,0.0,0.0,true,5,0
1773243164000,64.1364646833333,-21.8067865,2.0,0.0,0.0,true,6,0
1773243164000,64.1364646833333,-21.8067865,0.0,0.0,0.0,true,7,0
1773243168000,64.1364646833333,-21.8067865,4.0,0.0,0.0,true,8,0
1773243170000,64.1364646833333,-21.8067865,2.0,0.0,0.0,true,9,0
1773243170000,64.1364646833333,-21.8067865,0.0,0.0,0.0,true,10,0
1773243172000,64.1364646833333,-21.8067865,2.0,0.0,0.0,true,11,0
1773243176000,64.1364646833333,-21.8067865,4.0,0.0,0.0,true,12,0
1773243176000,64.1364646833333,-21.8067865,0.0,0.0,0.0,true,13,0
1773243178000,64.1364646833333,-21.8067865,2.0,0.0,0.0,true,14,0
1773243183000,64.1364646833333,-21.8067865,5.0,0.0,0.0,true,15,0
1773243185000,64.1364646833333,-21.8067865,2.0,0.0,0.0,true,16,0
1773243188000,64.1364646833333,-21.8067865,3.0,0.0,0.0,true,17,0
1773243188000,64.1364646833333,-21.8067865,0.0,0.0,0.0,true,18,0
1773243191000,64.1364646833333,-21.8067865,3.0,0.0,0.0,true,19,0
1773243191000,64.1364646833333,-21.8067865,0.0,0.0,0.0,true,20,0
1773243191000,64.1364646833333,-21.8067865,0.0,0.0,0.0,true,21,0
1773243196000,64.1364646833333,-21.8067865,5.0,0.0,0.0,true,22,0
1773243198000,64.1364646833333,-21.8067865,2.0,0.0,0.0,true,23,0
1773243198000,64.1364646833333,-21.8067865,0.0,0.0,0.0,true,24,0
1773243202000,64.1364646833333,-21.8067865,4.0,0.0,0.0,true,25,0
1773243202000,64.1364646833333,-21.8067865,0.0,0.0,0.0,true,26,0
1773243205000,64.1364646833333,-21.8067865,3.0,0.0,0.0,true,27,0
1773243205000,64.1364646833333,-21.8067865,0.0,0.0,0.0,true,28,0
1773243212000,64.1364646833333,-21.8067865,7.0,0.0,0.0,true,29,0
1773243212000,64.1364646833333,-21.8067865,0.0,0.0,0.0,true,30,0
1773243212000,64.1364646833333,-21.8067865,0.0,0.0,0.0,true,31,0
1773243216000,64.1364646833333,-21.8067865,4.0,0.0,0.0,true,32,0
1773243220000,64.1364646833333,-21.8067865,4.0,0.0,0.0,true,33,0
1773243224000,64.1364646833333,-21.8067865,4.0,0.0,0.0,true,34,0
1773243224000,64.1364646833333,-21.8067865,0.0,0.0,0.0,true,35,0
1773243228000,64.1364646833333,-21.8067865,4.0,0.0,0.0,true,36,0
1773243231000,64.1364646833333,-21.8067865,3.0,0.0,0.0,true,37,0
1773243231000,64.1364646833333,-21.8067865,0.0,0.0,0.0,true,38,0
1773243234000,64.1364646833333,-21.8067865,3.0,0.0,0.0,true,39,0
1773243234000,64.1364646833333,-21.8067865,0.0,0.0,0.0,true,40,0
1773243239000,64.1364646833333,-21.8067865,5.0,0.0,0.0,true,41,0
1773243242000,64.137234,-21.8100771666667,3.0,181.1,217.3,false,41,87.0
1773243244000,64.137234,-21.8100771666667,2.0,0.0,0.0,true,1,0
1773243247000,64.137234,-21.8100771666667,3.0,0.0,0.0,true,2,0
1773243247000,64.137234,-21.8100771666667,0.0,0.0,0.0,true,3,0
1773243249000,64.137234,-21.8100771666667,2.0,0.0,0.0,true,4,0
1773243249000,64.137234,-21.8100771666667,0.0,0.0,0.0,true,5,0
1773243249000,64.137234,-21.8100771666667,0.0,0.0,0.0,true,6,0
1773243256000,64.137234,-21.8100771666667,7.0,0.0,0.0,true,7,0
1773243256000,64.137234,-21.8100771666667,0.0,0.0,0.0,true,8,0
1773243256000,64.137234,-21.8100771666667,0.0,0.0,0.0,true,9,0
1773243260000,64.1367278666667,-21.812305,4.0,121.8,109.7,false,9,18.0
1773243265000,64.1367278666667,-21.812305,5.0,0.0,0.0,true,1,0
1773243265000,64.1367278666667,-21.812305,0.0,0.0,0.0,true,2,0
1773243269000,64.1367278666667,-21.812305,4.0,0.0,0.0,true,3,0
1773243272000,64.1367278666667,-21.812305,3.0,0.0,0.0,true,4,0
1773243272000,64.1367278666667,-21.812305,0.0,0.0,0.0,true,5,0
1773243272000,64.1367278666667,-21.812305,0.0,0.0,0.0,true,6,0
1773243272000,64.1367278666667,-21.812305,0.0,0.0,0.0,true,7,0
1773243277000,64.1367278666667,-21.812305,5.0,0.0,0.0,true,8,0
1773243277000,64.1367278666667,-21.812305,0.0,0.0,0.0,true,9,0
1773243277000,64.1367278666667,-21.812305,0.0,0.0,0.0,true,10,0
1773243277000,64.1367278666667,-21.812305,0.0,0.0,0.0,true,11,0
1773243285000,64.1383013666667,-21.8159583333333,8.0,249.0,112.1,false,11,25.0
1773243290000,64.1383013666667,-21.8159583333333,5.0,0.0,0.0,true,1,0
1773243290000,64.1383013666667,-21.8159583333333,0.0,0.0,0.0,true,2,0
1773243290000,64.1383013666667,-21.8159583333333,0.0,0.0,0.0,true,3,0
1773243290000,64.1383013666667,-21.8159583333333,0.0,0.0,0.0,true,4,0
1773243290000,64.1383013666667,-21.8159583333333,0.0,0.0,0.0,true,5,0
1773243300000,64.1383013666667,-21.8159583333333,10.0,0.0,0.0,true,6,0
1773243300000,64.1383013666667,-21.8159583333333,0.0,0.0,0.0,true,7,0
1773243300000,64.1383013666667,-21.8159583333333,0.0,0.0,0.0,true,8,0
1773243306000,64.1383013666667,-21.8159583333333,6.0,0.0,0.0,true,9,0
1773243306000,64.1383013666667,-21.8159583333333,0.0,0.0,0.0,true,10,0
1773243306000,64.1383013666667,-21.8159583333333,0.0,0.0,0.0,true,11,0
1773243310000,64.1393431666667,-21.8184108333333,4.0,166.0,149.4,false,11,25.0
1773243310000,64.1393431666667,-21.8184108333333,0.0,0.0,0.0,true,1,0
1773243310000,64.1393431666667,-21.8184108333333,0.0,0.0,0.0,true,2,0
1773243310000,64.1393431666667,-21.8184108333333,0.0,0.0,0.0,true,3,0
1773243316000,64.1393431666667,-21.8184108333333,6.0,0.0,0.0,true,4,0
1773243316000,64.1393431666667,-21.8184108333333,0.0,0.0,0.0,true,5,0
1773243321000,64.1393431666667,-21.8184108333333,5.0,0.0,0.0,true,6,0
1773243321000,64.1393431666667,-21.8184108333333,0.0,0.0,0.0,true,7,0
1773243326000,64.1404461833333,-21.817269,5.0,134.6,96.9,false,7,16.0
1773243326000,64.1404461833333,-21.817269,0.0,0.0,0.0,true,1,0
1773243326000,64.1404461833333,-21.817269,0.0,0.0,0.0,true,2,0
1773243331000,64.1404461833333,-21.817269,5.0,0.0,0.0,true,3,0
1773243334000,64.1404461833333,-21.817269,3.0,0.0,0.0,true,4,0
1773243336000,64.1404461833333,-21.817269,2.0,0.0,0.0,true,5,0
1773243341000,64.1404461833333,-21.817269,5.0,0.0,0.0,true,6,0
1773243341000,64.1404461833333,-21.817269,0.0,0.0,0.0,true,7,0
1773243341000,64.1404461833333,-21.817269,0.0,0.0,0.0,true,8,0
1773243346000,64.1404461833333,-21.817269,5.0,0.0,0.0,true,9,0
1773243346000,64.1404461833333,-21.817269,0.0,0.0,0.0,true,10,0
1773243346000,64.1404461833333,-21.817269,0.0,0.0,0.0,true,11,0
1773243350000,64.1404461833333,-21.817269,4.0,0.0,0.0,true,12,0
1773243352000,64.1404461833333,-21.817269,2.0,0.0,0.0,true,13,0
1773243356000,64.13979685,-21.8122883333333,4.0,252.1,226.9,false,13,30.0
1773243356000,64.13979685,-21.8122883333333,0.0,0.0,0.0,true,1,0
1773243356000,64.13979685,-21.8122883333333,0.0,0.0,0.0,true,2,0
1773243356000,64.13979685,-21.8122883333333,0.0,0.0,0.0,true,3,0
1773243362000,64.13979685,-21.8122883333333,6.0,0.0,0.0,true,4,0
1773243365000,64.13979685,-21.8122883333333,3.0,0.0,0.0,true,5,0
1773243367000,64.13979685,-21.8122883333333,2.0,0.0,0.0,true,6,0
1773243367000,64.13979685,-21.8122883333333,0.0,0.0,0.0,true,7,0
1773243370000,64.13979685,-21.8122883333333,3.0,0.0,0.0,true,8,0
1773243372000,64.13979685,-21.8122883333333,2.0,0.0,0.0,true,9,0
1773243374000,64.13979685,-21.8122883333333,2.0,0.0,0.0,true,10,0
1773243376000,64.13979685,-21.8122883333333,2.0,0.0,0.0,true,11,0
1773243376000,64.13979685,-21.8122883333333,0.0,0.0,0.0,true,12,0
1773243380000,64.13979685,-21.8122883333333,4.0,0.0,0.0,true,13,0
1773243380000,64.13979685,-21.8122883333333,0.0,0.0,0.0,true,14,0
1773243382000,64.13979685,-21.8122883333333,2.0,0.0,0.0,true,15,0
1773243389000,64.13979685,-21.8122883333333,7.0,0.0,0.0,true,16,0
1773243389000,64.13979685,-21.8122883333333,0.0,0.0,0.0,true,17,0
1773243389000,64.13979685,-21.8122883333333,0.0,0.0,0.0,true,18,0
1773243391000,64.13979685,-21.8122883333333,2.0,0.0,0.0,true,19,0
1773243391000,64.13979685,-21.8122883333333,0.0,0.0,0.0,true,20,0
1773243391000,64.13979685,-21.8122883333333,0.0,0.0,0.0,true,21,0
1773243398000,64.1385176666667,-21.8085796666667,7.0,229.3,117.9,false,21,42.0
1773243401000,64.1385176666667,-21.8085796666667,3.0,0.0,0.0,true,1,0
1773243401000,64.1385176666667,-21.8085796666667,0.0,0.0,0.0,true,2,0
1773243401000,64.1385176666667,-21.8085796666667,0.0,0.0,0.0,true,3,0
1773243406000,64.1385176666667,-21.8085796666667,5.0,0.0,0.0,true,4,0
1773243408000,64.1385176666667,-21.8085796666667,2.0,0.0,0.0,true,5,0
1773243413000,64.1385176666667,-21.8085796666667,5.0,0.0,0.0,true,6,0
1773243413000,64.1385176666667,-21.8085796666667,0.0,0.0,0.0,true,7,0
1773243417000,64.1385176666667,-21.8085796666667,4.0,0.0,0.0,true,8,0
1773243417000,64.1385176666667,-21.8085796666667,0.0,0.0,0.0,true,9,0
1773243417000,64.1385176666667,-21.8085796666667,0.0,0.0,0.0,true,10,0
1773243422000,64.1385176666667,-21.8085796666667,5.0,0.0,0.0,true,11,0
1773243422000,64.1385176666667,-21.8085796666667,0.0,0.0,0.0,true,12,0
1773243425000,64.1385176666667,-21.8085796666667,3.0,0.0,0.0,true,13,0
1773243427000,64.1385176666667,-21.8085796666667,2.0,0.0,0.0,true,14,0
1773243427000,64.1385176666667,-21.8085796666667,0.0,0.0,0.0,true,15,0
1773243431000,64.1385176666667,-21.8085796666667,4.0,0.0,0.0,true,16,0
1773243433000,64.1385176666667,-21.8085796666667,2.0,0.0,0.0,true,17,0
1773243433000,64.1385176666667,-21.8085796666667,0.0,0.0,0.0,true,18,0
1773243437000,64.1385176666667,-21.8085796666667,4.0,0.0,0.0,true,19,0
1773243442000,64.1385176666667,-21.8085796666667,5.0,0.0,0.0,true,20,0
1773243442000,64.1385176666667,-21.8085796666667,0.0,0.0,0.0,true,21,0
1773243445000,64.1385176666667,-21.8085796666667,3.0,0.0,0.0,true,22,0
1773243447000,64.13846095,-21.8071645,2.0,68.9,124.1,false,22,49.0
1773243447000,64.13846095,-21.8071645,0.0,0.0,0.0,true,1,0
1773243447000,64.13846095,-21.8071645,0.0,0.0,0.0,true,2,0
1773243452000,64.13846095,-21.8071645,5.0,0.0,0.0,true,3,0
1773243452000,64.13846095,-21.8071645,0.0,0.0,0.0,true,4,0
1773243457000,64.13846095,-21.8071645,5.0,0.0,0.0,true,5,0
1773243457000,64.13846095,-21.8071645,0.0,0.0,0.0,true,6,0
1773243457000,64.13846095,-21.8071645,0.0,0.0,0.0,true,7,0
1773243462000,64.13846095,-21.8071645,5.0,0.0,0.0,true,8,0
1773243466000,64.13846095,-21.8071645,4.0,0.0,0.0,true,9,0
1773243466000,64.13846095,-21.8071645,0.0,0.0,0.0,true,10,0
1773243468000,64.13846095,-21.8071645,2.0,0.0,0.0,true,11,0
1773243468000,64.13846095,-21.8071645,0.0,0.0,0.0,true,12,0
1773243471000,64.13846095,-21.8071645,3.0,0.0,0.0,true,13,0
1773243477000,64.13846095,-21.8071645,6.0,0.0,0.0,true,14,0
1773243477000,64.13846095,-21.8071645,0.0,0.0,0.0,true,15,0
1773243477000,64.13846095,-21.8071645,0.0,0.0,0.0,true,16,0
1773243477000,64.13846095,-21.8071645,0.0,0.0,0.0,true,17,0
1773243481000,64.13846095,-21.8071645,4.0,0.0,0.0,true,18,0
1773243485000,64.13846095,-21.8071645,4.0,0.0,0.0,true,19,0
1773243487000,64.13846095,-21.8071645,2.0,0.0,0.0,true,20,0
1773243487000,64.13846095,-21.8071645,0.0,0.0,0.0,true,21,0
1773243490000,64.13846095,-21.8071645,3.0,0.0,0.0,true,22,0
1773243490000,64.13846095,-21.8071645,0.0,0.0,0.0,true,23,0
1773243496000,64.13846095,-21.8071645,6.0,0.0,0.0,true,24,0
1773243498000,64.13846095,-21.8071645,2.0,0.0,0.0,true,25,0
1773243498000,64.13846095,-21.8071645,0.0,0.0,0.0,true,26,0
1773243500000,64.13846095,-21.8071645,2.0,0.0,0.0,true,27,0
1773243502000,64.13846095,-21.8071645,2.0,0.0,0.0,true,28,0
1773243502000,64.13846095,-21.8071645,0.0,0.0,0.0,true,29,0
1773243506000,64.13846095,-21.8071645,4.0,0.0,0.0,true,30,0
1773243508000,64.13846095,-21.8071645,2.0,0.0,0.0,true,31,0
1773243508000,64.13846095,-21.8071645,0.0,0.0,0.0,true,32,0
1773243512000,64.13846095,-21.8071645,4.0,0.0,0.0,true,33,0
1773243512000,64.13846095,-21.8071645,0.0,0.0,0.0,true,34,0
1773243516000,64.13846095,-21.8071645,4.0,0.0,0.0,true,35,0
1773243520000,64.13846095,-21.8071645,4.0,0.0,0.0,true,36,0
1773243520000,64.13846095,-21.8071645,0.0,0.0,0.0,true,37,0
1773243520000,64.13846095,-21.8071645,0.0,0.0,0.0,true,38,0
1773243525000,64.13846095,-21.8071645,5.0,0.0,0.0,true,39,0
1773243527000,64.13846095,-21.8071645,2.0,0.0,0.0,true,40,0
1773243527000,64.13846095,-21.8071645,0.0,0.0,0.0,true,41,0
1773243531000,64.13846095,-21.8071645,4.0,0.0,0.0,true,42,0
1773243533000,64.13846095,-21.8071645,2.0,0.0,0.0,true,43,0
1773243533000,64.13846095,-21.8071645,0.0,0.0,0.0,true,44,0
1773243533000,64.13846095,-21.8071645,0.0,0.0,0.0,true,45,0
1773243537000,64.13846095,-21.8071645,4.0,0.0,0.0,true,46,0
1773243537000,64.13846095,-21.8071645,0.0,0.0,0.0,true,47,0
1773243540000,64.13846095,-21.8071645,3.0,0.0,0.0,true,48,0
1773243542000,64.13846095,-21.8071645,2.0,0.0,0.0,true,49,0
1773243545000,64.13846095,-21.8071645,3.0,0.0,0.0,true,50,0
1773243548000,64.1446751333333,-21.8060271666667,3.0,693.2,831.8,false,50,101.0
1773243548000,64.1446751333333,-21.8060271666667,0.0,0.0,0.0,true,1,0
1773243551000,64.1446751333333,-21.8060271666667,3.0,0.0,0.0,true,2,0
1773243554000,64.1446751333333,-21.8060271666667,3.0,0.0,0.0,true,3,0
1773243556000,64.1446751333333,-21.8060271666667,2.0,0.0,0.0,true,4,0
1773243556000,64.1446751333333,-21.8060271666667,0.0,0.0,0.0,true,5,0
1773243560000,64.1446751333333,-21.8060271666667,4.0,0.0,0.0,true,6,0
1773243560000,64.1446751333333,-21.8060271666667,0.0,0.0,0.0,true,7,0
1773243560000,64.1446751333333,-21.8060271666667,0.0,0.0,0.0,true,8,0
1773243567000,64.1446751333333,-21.8060271666667,7.0,0.0,0.0,true,9,0
1773243567000,64.1446751333333,-21.8060271666667,0.0,0.0,0.0,true,10,0
1773243571000,64.1446751333333,-21.8060271666667,4.0,0.0,0.0,true,11,0
1773243573000,64.1446751333333,-21.8060271666667,2.0,0.0,0.0,true,12,0
1773243573000,64.1446751333333,-21.8060271666667,0.0,0.0,0.0,true,13,0
1773243577000,64.1446751333333,-21.8060271666667,4.0,0.0,0.0,true,14,0
1773243577000,64.1446751333333,-21.8060271666667,0.0,0.0,0.0,true,15,0
1773243577000,64.1446751333333,-21.8060271666667,0.0,0.0,0.0,true,16,0
1773243583000,64.1446751333333,-21.8060271666667,6.0,0.0,0.0,true,17,0
1773243583000,64.1446751333333,-21.8060271666667,0.0,0.0,0.0,true,18,0
1773243588000,64.1446751333333,-21.8060271666667,5.0,0.0,0.0,true,19,0
1773243588000,64.1446751333333,-21.8060271666667,0.0,0.0,0.0,true,20,0
1773243592000,64.1446751333333,-21.8060271666667,4.0,0.0,0.0,true,21,0
1773243592000,64.1446751333333,-21.8060271666667,0.0,0.0,0.0,true,22,0
1773243595000,64.1446751333333,-21.8060271666667,3.0,0.0,0.0,true,23,0
1773243599000,64.1446751333333,-21.8060271666667,4.0,0.0,0.0,true,24,0
1773243599000,64.1446751333333,-21.8060271666667,0.0,0.0,0.0,true,25,0
1773243601000,64.1446751333333,-21.8060271666667,2.0,0.0,0.0,true,26,0
1773243601000,64.1446751333333,-21.8060271666667,0.0,0.0,0.0,true,27,0
1773243601000,64.1446751333333,-21.8060271666667,0.0,0.0,0.0,true,28,0
1773243605000,64.1446751333333,-21.8060271666667,4.0,0.0,0.0,true,29,0
1773243605000,64.1446751333333,-21.8060271666667,0.0,0.0,0.0,true,30,0
1773243610000,64.1446751333333,-21.8060271666667,5.0,0.0,0.0,true,31,0
1773243610000,64.1446751333333,-21.8060271666667,0.0,0.0,0.0,true,32,0
1773243615000,64.1446751333333,-21.8060271666667,5.0,0.0,0.0,true,33,0
1773243615000,64.1446751333333,-21.8060271666667,0.0,0.0,0.0,true,34,0
1773243619000,64.1446751333333,-21.8060271666667,4.0,0.0,0.0,true,35,0
1773243619000,64.1446751333333,-21.8060271666667,0.0,0.0,0.0,true,36,0
1773243622000,64.1446751333333,-21.8060271666667,3.0,0.0,0.0,true,37,0
1773243624000,64.1446751333333,-21.8060271666667,2.0,0.0,0.0,true,38,0
1773243624000,64.1446751333333,-21.8060271666667,0.0,0.0,0.0,true,39,0
1773243628000,64.1446751333333,-21.8060271666667,4.0,0.0,0.0,true,40,0
1773243631000,64.1446751333333,-21.8060271666667,3.0,0.0,0.0,true,41,0
1773243631000,64.1446751333333,-21.8060271666667,0.0,0.0,0.0,true,42,0
1773243633000,64.1446751333333,-21.8060271666667,2.0,0.0,0.0,true,43,0
1773243636000,64.1446751333333,-21.8060271666667,3.0,0.0,0.0,true,44,0
1773243636000,64.1446751333333,-21.8060271666667,0.0,0.0,0.0,true,45,0
1773243641000,64.1446751333333,-21.8060271666667,5.0,0.0,0.0,true,46,0
1773243641000,64.1446751333333,-21.8060271666667,0.0,0.0,0.0,true,47,0
1773243643000,64.1446751333333,-21.8060271666667,2.0,0.0,0.0,true,48,0
1773243647000,64.1434283666667,-21.8075345,4.0,156.7,141.1,false,48,99.0
1773243647000,64.1434283666667,-21.8075345,0.0,0.0,0.0,true,1,0
1773243649000,64.1434283666667,-21.8075345,2.0,0.0,0.0,true,2,0
1773243653000,64.1434283666667,-21.8075345,4.0,0.0,0.0,true,3,0
1773243653000,64.1434283666667,-21.8075345,0.0,0.0,0.0,true,4,0
1773243655000,64.1434283666667,-21.8075345,2.0,0.0,0.0,true,5,0
1773243658000,64.1434283666667,-21.8075345,3.0,0.0,0.0,true,6,0
1773243658000,64.1434283666667,-21.8075345,0.0,0.0,0.0,true,7,0
1773243661000,64.1434283666667,-21.8075345,3.0,0.0,0.0,true,8,0
1773243663000,64.1434283666667,-21.8075345,2.0,0.0,0.0,true,9,0
1773243663000,64.1434283666667,-21.8075345,0.0,0.0,0.0,true,10,0
1773243666000,64.1434283666667,-21.8075345,3.0,0.0,0.0,true,11,0
1773243672000,64.1434283666667,-21.8075345,6.0,0.0,0.0,true,12,0
1773243672000,64.1434283666667,-21.8075345,0.0,0.0,0.0,true,13,0
1773243676000,64.1434283666667,-21.8075345,4.0,0.0,0.0,true,14,0
1773243676000,64.1434283666667,-21.8075345,0.0,0.0,0.0,true,15,0
1773243678000,64.1434283666667,-21.8075345,2.0,0.0,0.0,true,16,0
1773243681000,64.1434283666667,-21.8075345,3.0,0.0,0.0,true,17,0
1773243681000,64.1434283666667,-21.8075345,0.0,0.0,0.0,true,18,0
1773243684000,64.1434283666667,-21.8075345,3.0,0.0,0.0,true,19,0
1773243687000,64.1434283666667,-21.8075345,3.0,0.0,0.0,true,20,0
1773243689000,64.1434283666667,-21.8075345,2.0,0.0,0.0,true,21,0
1773243689000,64.1434283666667,-21.8075345,0.0,0.0,0.0,true,22,0
1773243692000,64.1434283666667,-21.8075345,3.0,0.0,0.0,true,23,0
1773243692000,64.1434283666667,-21.8075345,0.0,0.0,0.0,true,24,0
1773243694000,64.1434283666667,-21.8075345,2.0,0.0,0.0,true,25,0
1773243698000,64.1434283666667,-21.8075345,4.0,0.0,0.0,true,26,0
1773243698000,64.1434283666667,-21.8075345,0.0,0.0,0.0,true,27,0
1773243704000,64.1434283666667,-21.8075345,6.0,0.0,0.0,true,28,0
1773243704000,64.1434283666667,-21.8075345,0.0,0.0,0.0,true,29,0
1773243707000,64.1434283666667,-21.8075345,3.0,0.0,0.0,true,30,0
1773243707000,64.1434283666667,-21.8075345,0.0,0.0,0.0,true,31,0
1773243713000,64.1434283666667,-21.8075345,6.0,0.0,0.0,true,32,0
1773243713000,64.1434283666667,-21.8075345,0.0,0.0,0.0,true,33,0
1773243713000,64.1434283666667,-21.8075345,0.0,0.0,0.0,true,34,0
1773243713000,64.1434283666667,-21.8075345,0.0,0.0,0.0,true,35,0
1773243717000,64.1434283666667,-21.8075345,4.0,0.0,0.0,true,36,0
1773243719000,64.1434283666667,-21.8075345,2.0,0.0,0.0,true,37,0
1773243719000,64.1434283666667,-21.8075345,0.0,0.0,0.0,true,38,0
1773243726000,64.1434283666667,-21.8075345,7.0,0.0,0.0,true,39,0
1773243726000,64.1434283666667,-21.8075345,0.0,0.0,0.0,true,40,0
1773243730000,64.1434283666667,-21.8075345,4.0,0.0,0.0,true,41,0
1773243732000,64.1434283666667,-21.8075345,2.0,0.0,0.0,true,42,0
1773243732000,64.1434283666667,-21.8075345,0.0,0.0,0.0,true,43,0
1773243734000,64.1434283666667,-21.8075345,2.0,0.0,0.0,true,44,0
1773243736000,64.1434283666667,-21.8075345,2.0,0.0,0.0,true,45,0
1773243736000,64.1434283666667,-21.8075345,0.0,0.0,0.0,true,46,0
1773243742000,64.1434283666667,-21.8075345,6.0,0.0,0.0,true,47,0
1773243742000,64.1434283666667,-21.8075345,0.0,0.0,0.0,true,48,0
1773243742000,64.1434283666667,-21.8075345,0.0,0.0,0.0,true,49,0
1773243742000,64.1434283666667,-21.8075345,0.0,0.0,0.0,true,50,0
1773243747000,64.1434283666667,-21.8075345,5.0,0.0,0.0,true,51,0
1773243750000,64.1434283666667,-21.8075345,3.0,0.0,0.0,true,52,0
1773243750000,64.1434283666667,-21.8075345,0.0,0.0,0.0,true,53,0
1773243756000,64.1434283666667,-21.8075345,6.0,0.0,0.0,true,54,0
1773243756000,64.1434283666667,-21.8075345,0.0,0.0,0.0,true,55,0
1773243756000,64.1434283666667,-21.8075345,0.0,0.0,0.0,true,56,0
1773243759000,64.1434283666667,-21.8075345,3.0,0.0,0.0,true,57,0
1773243765000,64.1434283666667,-21.8075345,6.0,0.0,0.0,true,58,0
1773243765000,64.1434283666667,-21.8075345,0.0,0.0,0.0,true,59,0
1773243767000,64.14428225,-21.8067953333333,2.0,101.5,182.7,false,59,120.0
1773243770000,64.1445953333333,-21.806694,3.0,35.2,42.2,false,0,3.0
1773243770000,64.1445953333333,-21.806694,0.0,0.0,0.0,true,1,0
1773243770000,64.1445953333333,-21.806694,0.0,0.0,0.0,true,2,0
1773243776000,64.1445953333333,-21.806694,6.0,0.0,0.0,true,3,0
1773243776000,64.1445953333333,-21.806694,0.0,0.0,0.0,true,4,0
1773243776000,64.1445953333333,-21.806694,0.0,0.0,0.0,true,5,0
1773243776000,64.1445953333333,-21.806694,0.0,0.0,0.0,true,6,0
1773243776000,64.1445953333333,-21.806694,0.0,0.0,0.0,true,7,0
1773243776000,64.1445953333333,-21.806694,0.0,0.0,0.0,true,8,0
1773243787000,64.1445953333333,-21.806694,11.0,0.0,0.0,true,9,0
1773243787000,64.1445953333333,-21.806694,0.0,0.0,0.0,true,10,0
1773243787000,64.1445953333333,-21.806694,0.0,0.0,0.0,true,11,0
1773243793000,64.1445953333333,-21.806694,6.0,0.0,0.0,true,12,0
1773243793000,64.1445953333333,-21.806694,0.0,0.0,0.0,true,13,0
1773243795000,64.1445953333333,-21.806694,2.0,0.0,0.0,true,14,0
1773243799000,64.1445953333333,-21.806694,4.0,0.0,0.0,true,15,0
1773243799000,64.1445953333333,-21.806694,0.0,0.0,0.0,true,16,0
1773243799000,64.1445953333333,-21.806694,0.0,0.0,0.0,true,17,0
1773243802000,64.1445953333333,-21.806694,3.0,0.0,0.0,true,18,0
1773243810000,64.1445953333333,-21.806694,8.0,0.0,0.0,true,19,0
1773243810000,64.1445953333333,-21.806694,0.0,0.0,0.0,true,20,0
1773243812000,64.1445953333333,-21.806694,2.0,0.0,0.0,true,21,0
1773243812000,64.1445953333333,-21.806694,0.0,0.0,0.0,true,22,0
1773243814000,64.1445953333333,-21.806694,2.0,0.0,0.0,true,23,0
1773243817000,64.1445953333333,-21.806694,3.0,0.0,0.0,true,24,0
1773243817000,64.1445953333333,-21.806694,0.0,0.0,0.0,true,25,0
1773243820000,64.1445953333333,-21.806694,3.0,0.0,0.0,true,26,0
1773243822000,64.1445953333333,-21.806694,2.0,0.0,0.0,true,27,0
1773243824000,64.1445953333333,-21.806694,2.0,0.0,0.0,true,28,0
1773243828000,64.1445953333333,-21.806694,4.0,0.0,0.0,true,29,0
1773243828000,64.1445953333333,-21.806694,0.0,0.0,0.0,true,30,0
1773243831000,64.1445953333333,-21.806694,3.0,0.0,0.0,true,31,0
1773243833000,64.1445953333333,-21.806694,2.0,0.0,0.0,true,32,0
1773243833000,64.1445953333333,-21.806694,0.0,0.0,0.0,true,33,0
1773243833000,64.1445953333333,-21.806694,0.0,0.0,0.0,true,34,0
1773243838000,64.1445953333333,-21.806694,5.0,0.0,0.0,true,35,0
1773243838000,64.1445953333333,-21.806694,0.0,0.0,0.0,true,36,0
1773243845000,64.1445953333333,-21.806694,7.0,0.0,0.0,true,37,0
1773243845000,64.1445953333333,-21.806694,0.0,0.0,0.0,true,38,0
1773243847000,64.1445953333333,-21.806694,2.0,0.0,0.0,true,39,0
1773243847000,64.1445953333333,-21.806694,0.0,0.0,0.0,true,40,0
1773243847000,64.1445953333333,-21.806694,0.0,0.0,0.0,true,41,0
1773243847000,64.1445953333333,-21.806694,0.0,0.0,0.0,true,42,0
1773243847000,64.1445953333333,-21.806694,0.0,0.0,0.0,true,43,0
1773243847000,64.1445953333333,-21.806694,0.0,0.0,0.0,true,44,0
1773243847000,64.1445953333333,-21.806694,0.0,0.0,0.0,true,45,0
1773243862000,64.1445953333333,-21.806694,15.0,0.0,0.0,true,46,0
1773243864000,64.1445953333333,-21.806694,2.0,0.0,0.0,true,47,0
1773243864000,64.1445953333333,-21.806694,0.0,0.0,0.0,true,48,0
1773243867000,64.1445953333333,-21.806694,3.0,0.0,0.0,true,49,0
1773243867000,64.1445953333333,-21.806694,0.0,0.0,0.0,true,50,0
1773243870000,64.1445953333333,-21.806694,3.0,0.0,0.0,true,51,0
1773243872000,64.1445953333333,-21.806694,2.0,0.0,0.0,true,52,0
1773243872000,64.1445953333333,-21.806694,0.0,0.0,0.0,true,53,0
1773243877000,64.1445953333333,-21.806694,5.0,0.0,0.0,true,54,0
1773243877000,64.1445953333333,-21.806694,0.0,0.0,0.0,true,55,0
1773243877000,64.1445953333333,-21.806694,0.0,0.0,0.0,true,56,0
1773243884000,64.1445953333333,-21.806694,7.0,0.0,0.0,true,57,0
1773243884000,64.1445953333333,-21.806694,0.0,0.0,0.0,true,58,0
1773243888000,64.1445953333333,-21.806694,4.0,0.0,0.0,true,59,0
1773243888000,64.1445953333333,-21.806694,0.0,0.0,0.0,true,60,0
1773243890000,64.1445953333333,-21.806694,2.0,0.0,0.0,true,61,0
1773243893000,64.1397782833333,-21.8070951666667,3.0,536.0,643.2,false,61,123.0
1773243893000,64.1397782833333,-21.8070951666667,0.0,0.0,0.0,true,1,0
1773243896000,64.1397782833333,-21.8070951666667,3.0,0.0,0.0,true,2,0
1773243900000,64.1397782833333,-21.8070951666667,4.0,0.0,0.0,true,3,0
1773243900000,64.1397782833333,-21.8070951666667,0.0,0.0,0.0,true,4,0
1773243903000,64.1397782833333,-21.8070951666667,3.0,0.0,0.0,true,5,0
1773243903000,64.1397782833333,-21.8070951666667,0.0,0.0,0.0,true,6,0
1773243908000,64.1377258166667,-21.8081866666667,5.0,234.3,168.7,false,6,15.0
1773243908000,64.1377258166667,-21.8081866666667,0.0,0.0,0.0,true,1,0
1773243908000,64.1377258166667,-21.8081866666667,0.0,0.0,0.0,true,2,0
1773243912000,64.1377258166667,-21.8081866666667,4.0,0.0,0.0,true,3,0
1773243914000,64.1377258166667,-21.8081866666667,2.0,0.0,0.0,true,4,0
1773243914000,64.1377258166667,-21.8081866666667,0.0,0.0,0.0,true,5,0
1773243919000,64.1377258166667,-21.8081866666667,5.0,0.0,0.0,true,6,0
1773243919000,64.1377258166667,-21.8081866666667,0.0,0.0,0.0,true,7,0
1773243919000,64.1377258166667,-21.8081866666667,0.0,0.0,0.0,true,8,0
1773243927000,64.1377258166667,-21.8081866666667,8.0,0.0,0.0,true,9,0
1773243927000,64.1377258166667,-21.8081866666667,0.0,0.0,0.0,true,10,0
1773243927000,64.1377258166667,-21.8081866666667,0.0,0.0,0.0,true,11,0
1773243929000,64.1377258166667,-21.8081866666667,2.0,0.0,0.0,true,12,0
1773243931000,64.1377258166667,-21.8081866666667,2.0,0.0,0.0,true,13,0
1773243935000,64.1377258166667,-21.8081866666667,4.0,0.0,0.0,true,14,0
1773243937000,64.1384126333333,-21.8082681666667,2.0,76.5,137.7,false,14,29.0
1773243941000,64.1384126333333,-21.8082681666667,4.0,0.0,0.0,true,1,0
1773243941000,64.1384126333333,-21.8082681666667,0.0,0.0,0.0,true,2,0
1773243941000,64.1384126333333,-21.8082681666667,0.0,0.0,0.0,true,3,0
1773243946000,64.1384126333333,-21.8082681666667,5.0,0.0,0.0,true,4,0
1773243946000,64.1384126333333,-21.8082681666667,0.0,0.0,0.0,true,5,0
1773243948000,64.1384126333333,-21.8082681666667,2.0,0.0,0.0,true,6,0
1773243952000,64.1384126333333,-21.8082681666667,4.0,0.0,0.0,true,7,0
1773243952000,64.1384126333333,-21.8082681666667,0.0,0.0,0.0,true,8,0
1773243952000,64.1384126333333,-21.8082681666667,0.0,0.0,0.0,true,9,0
1773243956000,64.1384126333333,-21.8082681666667,4.0,0.0,0.0,true,10,0
1773243959000,64.1396132666667,-21.8117068333333,3.0,213.6,256.4,false,10,22.0
1773243964000,64.1396132666667,-21.8117068333333,5.0,0.0,0.0,true,1,0
1773243967000,64.1396132666667,-21.8117068333333,3.0,0.0,0.0,true,2,0
1773243967000,64.1396132666667,-21.8117068333333,0.0,0.0,0.0,true,3,0
1773243967000,64.1396132666667,-21.8117068333333,0.0,0.0,0.0,true,4,0
1773243972000,64.1396132666667,-21.8117068333333,5.0,0.0,0.0,true,5,0
1773243972000,64.1396132666667,-21.8117068333333,0.0,0.0,0.0,true,6,0
1773243979000,64.1396132666667,-21.8117068333333,7.0,0.0,0.0,true,7,0
1773243979000,64.1396132666667,-21.8117068333333,0.0,0.0,0.0,true,8,0
1773243981000,64.1396132666667,-21.8117068333333,2.0,0.0,0.0,true,9,0
1773243981000,64.1396132666667,-21.8117068333333,0.0,0.0,0.0,true,10,0
1773243981000,64.1396132666667,-21.8117068333333,0.0,0.0,0.0,true,11,0
1773243981000,64.1396132666667,-21.8117068333333,0.0,0.0,0.0,true,12,0
1773243981000,64.1396132666667,-21.8117068333333,0.0,0.0,0.0,true,13,0
1773243989000,64.1396132666667,-21.8117068333333,8.0,0.0,0.0,true,14,0
1773243993000,64.14068265,-21.8166,4.0,265.4,238.9,false,14,34.0
1773243993000,64.14068265,-21.8166,0.0,0.0,0.0,true,1,0
1773243998000,64.14068265,-21.8166,5.0,0.0,0.0,true,2,0
1773243998000,64.14068265,-21.8166,0.0,0.0,0.0,true,3,0
1773244002000,64.14068265,-21.8166,4.0,0.0,0.0,true,4,0
1773244002000,64.14068265,-21.8166,0.0,0.0,0.0,true,5,0
1773244004000,64.14068265,-21.8166,2.0,0.0,0.0,true,6,0
1773244006000,64.14068265,-21.8166,2.0,0.0,0.0,true,7,0
1773244006000,64.14068265,-21.8166,0.0,0.0,0.0,true,8,0
1773244012000,64.14068265,-21.8166,6.0,0.0,0.0,true,9,0
1773244012000,64.14068265,-21.8166,0.0,0.0,0.0,true,10,0
1773244015000,64.14068265,-21.8166,3.0,0.0,0.0,true,11,0
1773244015000,64.14068265,-21.8166,0.0,0.0,0.0,true,12,0
1773244017000,64.14068265,-21.8166,2.0,0.0,0.0,true,13,0
1773244021000,64.14068265,-21.8166,4.0,0.0,0.0,true,14,0
1773244024000,64.13949855,-21.8182753333333,3.0,154.7,185.7,false,14,31.0
1773244026000,64.13949855,-21.8182753333333,2.0,0.0,0.0,true,1,0
1773244026000,64.13949855,-21.8182753333333,0.0,0.0,0.0,true,2,0
1773244026000,64.13949855,-21.8182753333333,0.0,0.0,0.0,true,3,0
1773244029000,64.13949855,-21.8182753333333,3.0,0.0,0.0,true,4,0
1773244032000,64.13949855,-21.8182753333333,3.0,0.0,0.0,true,5,0
1773244032000,64.13949855,-21.8182753333333,0.0,0.0,0.0,true,6,0
1773244037000,64.13949855,-21.8182753333333,5.0,0.0,0.0,true,7,0
1773244037000,64.13949855,-21.8182753333333,0.0,0.0,0.0,true,8,0
1773244037000,64.13949855,-21.8182753333333,0.0,0.0,0.0,true,9,0
1773244042000,64.13949855,-21.8182753333333,5.0,0.0,0.0,true,10,0
1773244044000,64.13949855,-21.8182753333333,2.0,0.0,0.0,true,11,0
1773244044000,64.13949855,-21.8182753333333,0.0,0.0,0.0,true,12,0
1773244049000,64.1383682666667,-21.8166145,5.0,149.3,107.5,false,12,25.0
1773244049000,64.1383682666667,-21.8166145,0.0,0.0,0.0,true,1,0
1773244053000,64.1383682666667,-21.8166145,4.0,0.0,0.0,true,2,0
1773244055000,64.1383682666667,-21.8166145,2.0,0.0,0.0,true,3,0
1773244058000,64.1383682666667,-21.8166145,3.0,0.0,0.0,true,4,0
1773244058000,64.1383682666667,-21.8166145,0.0,0.0,0.0,true,5,0
1773244058000,64.1383682666667,-21.8166145,0.0,0.0,0.0,true,6,0
1773244062000,64.1383682666667,-21.8166145,4.0,0.0,0.0,true,7,0
1773244062000,64.1383682666667,-21.8166145,0.0,0.0,0.0,true,8,0
1773244062000,64.1383682666667,-21.8166145,0.0,0.0,0.0,true,9,0
1773244069000,64.1383682666667,-21.8166145,7.0,0.0,0.0,true,10,0
1773244069000,64.1383682666667,-21.8166145,0.0,0.0,0.0,true,11,0
1773244069000,64.1383682666667,-21.8166145,0.0,0.0,0.0,true,12,0
1773244073000,64.13698145,-21.812908,4.0,236.9,213.2,false,12,24.0
1773244077000,64.13698145,-21.812908,4.0,0.0,0.0,true,1,0
1773244079000,64.13698145,-21.812908,2.0,0.0,0.0,true,2,0
1773244079000,64.13698145,-21.812908,0.0,0.0,0.0,true,3,0
1773244084000,64.13698145,-21.812908,5.0,0.0,0.0,true,4,0
1773244084000,64.13698145,-21.812908,0.0,0.0,0.0,true,5,0
1773244084000,64.13698145,-21.812908,0.0,0.0,0.0,true,6,0
1773244090000,64.1368683666667,-21.8107081666667,6.0,107.4,64.5,false,6,17.0
1773244090000,64.1368683666667,-21.8107081666667,0.0,0.0,0.0,true,1,0
1773244093000,64.1368683666667,-21.8107081666667,3.0,0.0,0.0,true,2,0
1773244097000,64.1368683666667,-21.8107081666667,4.0,0.0,0.0,true,3,0
1773244097000,64.1368683666667,-21.8107081666667,0.0,0.0,0.0,true,4,0
1773244099000,64.1368683666667,-21.8107081666667,2.0,0.0,0.0,true,5,0
1773244103000,64.1368683666667,-21.8107081666667,4.0,0.0,0.0,true,6,0
1773244103000,64.1368683666667,-21.8107081666667,0.0,0.0,0.0,true,7,0
1773244105000,64.1368683666667,-21.8107081666667,2.0,0.0,0.0,true,8,0
1773244110000,64.1368683666667,-21.8107081666667,5.0,0.0,0.0,true,9,0
1773244110000,64.1368683666667,-21.8107081666667,0.0,0.0,0.0,true,10,0
1773244113000,64.1368683666667,-21.8107081666667,3.0,0.0,0.0,true,11,0
1773244115000,64.1368683666667,-21.8107081666667,2.0,0.0,0.0,true,12,0
1773244115000,64.1368683666667,-21.8107081666667,0.0,0.0,0.0,true,13,0
1773244120000,64.1368683666667,-21.8107081666667,5.0,0.0,0.0,true,14,0
1773244120000,64.1368683666667,-21.8107081666667,0.0,0.0,0.0,true,15,0
1773244120000,64.1368683666667,-21.8107081666667,0.0,0.0,0.0,true,16,0
1773244125000,64.1368683666667,-21.8107081666667,5.0,0.0,0.0,true,17,0
1773244125000,64.1368683666667,-21.8107081666667,0.0,0.0,0.0,true,18,0
1773244125000,64.1368683666667,-21.8107081666667,0.0,0.0,0.0,true,19,0
1773244129000,64.1368683666667,-21.8107081666667,4.0,0.0,0.0,true,20,0
1773244133000,64.1368683666667,-21.8107081666667,4.0,0.0,0.0,true,21,0
1773244135000,64.1368683666667,-21.8107081666667,2.0,0.0,0.0,true,22,0
1773244138000,64.1368683666667,-21.8107081666667,3.0,0.0,0.0,true,23,0
1773244138000,64.1368683666667,-21.8107081666667,0.0,0.0,0.0,true,24,0
1773244140000,64.1368683666667,-21.8107081666667,2.0,0.0,0.0,true,25,0
1773244144000,64.1368683666667,-21.8107081666667,4.0,0.0,0.0,true,26,0
1773244144000,64.1368683666667,-21.8107081666667,0.0,0.0,0.0,true,27,0
1773244146000,64.1368683666667,-21.8107081666667,2.0,0.0,0.0,true,28,0
1773244149000,64.1368683666667,-21.8107081666667,3.0,0.0,0.0,true,29,0
1773244149000,64.1368683666667,-21.8107081666667,0.0,0.0,0.0,true,30,0
1773244149000,64.1368683666667,-21.8107081666667,0.0,0.0,0.0,true,31,0
1773244153000,64.1368683666667,-21.8107081666667,4.0,0.0,0.0,true,32,0
1773244153000,64.1368683666667,-21.8107081666667,0.0,0.0,0.0,true,33,0
1773244155000,64.1368683666667,-21.8107081666667,2.0,0.0,0.0,true,34,0
1773244164000,64.1368683666667,-21.8107081666667,9.0,0.0,0.0,true,35,0
1773244164000,64.1368683666667,-21.8107081666667,0.0,0.0,0.0,true,36,0
1773244164000,64.1368683666667,-21.8107081666667,0.0,0.0,0.0,true,37,0
1773244169000,64.1368683666667,-21.8107081666667,5.0,0.0,0.0,true,38,0
1773244169000,64.1368683666667,-21.8107081666667,0.0,0.0,0.0,true,39,0
1773244169000,64.1368683666667,-21.8107081666667,0.0,0.0,0.0,true,40,0
1773244173000,64.1365536833333,-21.8073898333333,4.0,164.7,148.2,false,40,83.0
1773244173000,64.1365536833333,-21.8073898333333,0.0,0.0,0.0,true,1,0
1773244175000,64.1365536833333,-21.8073898333333,2.0,0.0,0.0,true,2,0
1773244175000,64.1365536833333,-21.8073898333333,0.0,0.0,0.0,true,3,0
1773244179000,64.1365536833333,-21.8073898333333,4.0,0.0,0.0,true,4,0
1773244181000,64.1365536833333,-21.8073898333333,2.0,0.0,0.0,true,5,0
1773244181000,64.1365536833333,-21.8073898333333,0.0,0.0,0.0,true,6,0
1773244186000,64.1365536833333,-21.8073898333333,5.0,0.0,0.0,true,7,0
1773244190000,64.1365536833333,-21.8073898333333,4.0,0.0,0.0,true,8,0
1773244190000,64.1365536833333,-21.8073898333333,0.0,0.0,0.0,true,9,0
1773244193000,64.1365536833333,-21.8073898333333,3.0,0.0,0.0,true,10,0
1773244195000,64.1365536833333,-21.8073898333333,2.0,0.0,0.0,true,11,0
1773244195000,64.1365536833333,-21.8073898333333,0.0,0.0,0.0,true,12,0
1773244199000,64.1365536833333,-21.8073898333333,4.0,0.0,0.0,true,13,0
1773244201000,64.1365536833333,-21.8073898333333,2.0,0.0,0.0,true,14,0
1773244201000,64.1365536833333,-21.8073898333333,0.0,0.0,0.0,true,15,0
1773244205000,64.1365536833333,-21.8073898333333,4.0,0.0,0.0,true,16,0
1773244207000,64.1365536833333,-21.8073898333333,2.0,0.0,0.0,true,17,0
1773244207000,64.1365536833333,-21.8073898333333,0.0,0.0,0.0,true,18,0
1773244211000,64.1365536833333,-21.8073898333333,4.0,0.0,0.0,true,19,0
1773244214000,64.1365536833333,-21.8073898333333,3.0,0.0,0.0,true,20,0
1773244214000,64.1365536833333,-21.8073898333333,0.0,0.0,0.0,true,21,0
1773244218000,64.1365536833333,-21.8073898333333,4.0,0.0,0.0,true,22,0
1773244218000,64.1365536833333,-21.8073898333333,0.0,0.0,0.0,true,23,0
1773244220000,64.1365536833333,-21.8073898333333,2.0,0.0,0.0,true,24,0
1773244225000,64.1365536833333,-21.8073898333333,5.0,0.0,0.0,true,25,0
1773244225000,64.1365536833333,-21.8073898333333,0.0,0.0,0.0,true,26,0
1773244225000,64.1365536833333,-21.8073898333333,0.0,0.0,0.0,true,27,0
1773244225000,64.1365536833333,-21.8073898333333,0.0,0.0,0.0,true,28,0
1773244230000,64.1356759166667,-21.8020866666667,5.0,275.1,198.1,false,28,57.0
1773244230000,64.1356759166667,-21.8020866666667,0.0,0.0,0.0,true,1,0
1773244230000,64.1356759166667,-21.8020866666667,0.0,0.0,0.0,true,2,0
1773244230000,64.1356759166667,-21.8020866666667,0.0,0.0,0.0,true,3,0
1773244240000,64.1356759166667,-21.8020866666667,10.0,0.0,0.0,true,4,0
1773244240000,64.1356759166667,-21.8020866666667,0.0,0.0,0.0,true,5,0
1773244240000,64.1356759166667,-21.8020866666667,0.0,0.0,0.0,true,6,0
1773244240000,64.1356759166667,-21.8020866666667,0.0,0.0,0.0,true,7,0
1773244245000,64.1356759166667,-21.8020866666667,5.0,0.0,0.0,true,8,0
1773244251000,64.1356759166667,-21.8020866666667,6.0,0.0,0.0,true,9,0
1773244251000,64.1356759166667,-21.8020866666667,0.0,0.0,0.0,true,10,0
1773244255000,64.1356759166667,-21.8020866666667,4.0,0.0,0.0,true,11,0
1773244255000,64.1356759166667,-21.8020866666667,0.0,0.0,0.0,true,12,0
1773244258000,64.1356759166667,-21.8020866666667,3.0,0.0,0.0,true,13,0
1773244260000,64.1347756166667,-21.7982166666667,2.0,212.8,383.0,false,13,30.0
1773244260000,64.1347756166667,-21.7982166666667,0.0,0.0,0.0,true,1,0
1773244260000,64.1347756166667,-21.7982166666667,0.0,0.0,0.0,true,2,0
1773244264000,64.1347756166667,-21.7982166666667,4.0,0.0,0.0,true,3,0
1773244266000,64.1347756166667,-21.7982166666667,2.0,0.0,0.0,true,4,0
1773244270000,64.1347756166667,-21.7982166666667,4.0,0.0,0.0,true,5,0
1773244270000,64.1347756166667,-21.7982166666667,0.0,0.0,0.0,true,6,0
1773244270000,64.1347756166667,-21.7982166666667,0.0,0.0,0.0,true,7,0
1773244275000,64.1347756166667,-21.7982166666667,5.0,0.0,0.0,true,8,0
1773244275000,64.1347756166667,-21.7982166666667,0.0,0.0,0.0,true,9,0
1773244278000,64.1347756166667,-21.7982166666667,3.0,0.0,0.0,true,10,0
1773244280000,64.1347756166667,-21.7982166666667,2.0,0.0,0.0,true,11,0
1773244280000,64.1347756166667,-21.7982166666667,0.0,0.0,0.0,true,12,0
1773244280000,64.1347756166667,-21.7982166666667,0.0,0.0,0.0,true,13,0
1773244286000,64.1347756166667,-21.7982166666667,6.0,0.0,0.0,true,14,0
1773244286000,64.1347756166667,-21.7982166666667,0.0,0.0,0.0,true,15,0
1773244290000,64.1347756166667,-21.7982166666667,4.0,0.0,0.0,true,16,0
1773244290000,64.1347756166667,-21.7982166666667,0.0,0.0,0.0,true,17,0
1773244295000,64.13531145,-21.7933158333333,5.0,245.1,176.5,false,17,35.0
1773244295000,64.13531145,-21.7933158333333,0.0,0.0,0.0,true,1,0
1773244295000,64.13531145,-21.7933158333333,0.0,0.0,0.0,true,2,0
1773244300000,64.13531145,-21.7933158333333,5.0,0.0,0.0,true,3,0
1773244300000,64.13531145,-21.7933158333333,0.0,0.0,0.0,true,4,0
1773244305000,64.13531145,-21.7933158333333,5.0,0.0,0.0,true,5,0
1773244305000,64.13531145,-21.7933158333333,0.0,0.0,0.0,true,6,0
1773244305000,64.13531145,-21.7933158333333,0.0,0.0,0.0,true,7,0
1773244305000,64.13531145,-21.7933158333333,0.0,0.0,0.0,true,8,0
1773244312000,64.13531145,-21.7933158333333,7.0,0.0,0.0,true,9,0
1773244312000,64.13531145,-21.7933158333333,0.0,0.0,0.0,true,10,0
1773244312000,64.13531145,-21.7933158333333,0.0,0.0,0.0,true,11,0
1773244312000,64.13531145,-21.7933158333333,0.0,0.0,0.0,true,12,0
1773244312000,64.13531145,-21.7933158333333,0.0,0.0,0.0,true,13,0
1773244312000,64.13531145,-21.7933158333333,0.0,0.0,0.0,true,14,0
1773244325000,64.13531145,-21.7933158333333,13.0,0.0,0.0,true,15,0
1773244330000,64.13531145,-21.7933158333333,5.0,0.0,0.0,true,16,0
1773244330000,64.13531145,-21.7933158333333,0.0,0.0,0.0,true,17,0
1773244330000,64.13531145,-21.7933158333333,0.0,0.0,0.0,true,18,0
1773244335000,64.1376840833333,-21.791135,5.0,284.2,204.7,false,18,40.0
1773244335000,64.1376840833333,-21.791135,0.0,0.0,0.0,true,1,0
1773244337000,64.1376840833333,-21.791135,2.0,0.0,0.0,true,2,0
1773244337000,64.1376840833333,-21.791135,0.0,0.0,0.0,true,3,0
1773244341000,64.1376840833333,-21.791135,4.0,0.0,0.0,true,4,0
1773244341000,64.1376840833333,-21.791135,0.0,0.0,0.0,true,5,0
1773244345000,64.1376840833333,-21.791135,4.0,0.0,0.0,true,6,0
1773244347000,64.1376840833333,-21.791135,2.0,0.0,0.0,true,7,0
1773244347000,64.1376840833333,-21.791135,0.0,0.0,0.0,true,8,0
1773244349000,64.1376840833333,-21.791135,2.0,0.0,0.0,true,9,0
1773244354000,64.1376840833333,-21.791135,5.0,0.0,0.0,true,10,0
1773244354000,64.1376840833333,-21.791135,0.0,0.0,0.0,true,11,0
1773244354000,64.1376840833333,-21.791135,0.0,0.0,0.0,true,12,0
1773244360000,64.1389846833333,-21.7895013333333,6.0,164.9,98.9,false,12,25.0
1773244360000,64.1389846833333,-21.7895013333333,0.0,0.0,0.0,true,1,0
1773244365000,64.1389846833333,-21.7895013333333,5.0,0.0,0.0,true,2,0
1773244365000,64.1389846833333,-21.7895013333333,0.0,0.0,0.0,true,3,0
1773244368000,64.1389846833333,-21.7895013333333,3.0,0.0,0.0,true,4,0
1773244368000,64.1389846833333,-21.7895013333333,0.0,0.0,0.0,true,5,0
1773244368000,64.1389846833333,-21.7895013333333,0.0,0.0,0.0,true,6,0
1773244371000,64.1389846833333,-21.7895013333333,3.0,0.0,0.0,true,7,0
1773244371000,64.1389846833333,-21.7895013333333,0.0,0.0,0.0,true,8,0
1773244371000,64.1389846833333,-21.7895013333333,0.0,0.0,0.0,true,9,0
1773244377000,64.1389846833333,-21.7895013333333,6.0,0.0,0.0,true,10,0
1773244377000,64.1389846833333,-21.7895013333333,0.0,0.0,0.0,true,11,0
1773244382000,64.1389846833333,-21.7895013333333,5.0,0.0,0.0,true,12,0
1773244385000,64.1389846833333,-21.7895013333333,3.0,0.0,0.0,true,13,0
1773244387000,64.1389846833333,-21.7895013333333,2.0,0.0,0.0,true,14,0
1773244387000,64.1389846833333,-21.7895013333333,0.0,0.0,0.0,true,15,0
1773244393000,64.1389846833333,-21.7895013333333,6.0,0.0,0.0,true,16,0
1773244393000,64.1389846833333,-21.7895013333333,0.0,0.0,0.0,true,17,0
1773244393000,64.1389846833333,-21.7895013333333,0.0,0.0,0.0,true,18,0
1773244396000,64.1389846833333,-21.7895013333333,3.0,0.0,0.0,true,19,0
1773244399000,64.1389846833333,-21.7895013333333,3.0,0.0,0.0,true,20,0
1773244399000,64.1389846833333,-21.7895013333333,0.0,0.0,0.0,true,21,0
1773244399000,64.1389846833333,-21.7895013333333,0.0,0.0,0.0,true,22,0
1773244405000,64.1389846833333,-21.7895013333333,6.0,0.0,0.0,true,23,0
1773244408000,64.1393185333333,-21.7849391666667,3.0,224.4,269.2,false,23,48.0
1773244408000,64.1393185333333,-21.7849391666667,0.0,0.0,0.0,true,1,0
1773244412000,64.1393185333333,-21.7849391666667,4.0,0.0,0.0,true,2,0
1773244412000,64.1393185333333,-21.7849391666667,0.0,0.0,0.0,true,3,0
1773244414000,64.1393185333333,-21.7849391666667,2.0,0.0,0.0,true,4,0
1773244414000,64.1393185333333,-21.7849391666667,0.0,0.0,0.0,true,5,0
1773244419000,64.1393185333333,-21.7849391666667,5.0,0.0,0.0,true,6,0
1773244419000,64.1393185333333,-21.7849391666667,0.0,0.0,0.0,true,7,0
1773244419000,64.1393185333333,-21.7849391666667,0.0,0.0,0.0,true,8,0
1773244419000,64.1393185333333,-21.7849391666667,0.0,0.0,0.0,true,9,0
1773244419000,64.1393185333333,-21.7849391666667,0.0,0.0,0.0,true,10,0
1773244419000,64.1393185333333,-21.7849391666667,0.0,0.0,0.0,true,11,0
1773244419000,64.1393185333333,-21.7849391666667,0.0,0.0,0.0,true,12,0
1773244419000,64.1393185333333,-21.7849391666667,0.0,0.0,0.0,true,13,0
1773244419000,64.1393185333333,-21.7849391666667,0.0,0.0,0.0,true,14,0
1773244419000,64.1393185333333,-21.7849391666667,0.0,0.0,0.0,true,15,0
1773244419000,64.1393185333333,-21.7849391666667,0.0,0.0,0.0,true,16,0
1773244419000,64.1393185333333,-21.7849391666667,0.0,0.0,0.0,true,17,0
1773244443000,64.13964265,-21.7804768333333,24.0,219.4,32.9,false,17,35.0
1773244447000,64.13964265,-21.7804768333333,4.0,0.0,0.0,true,1,0
1773244450000,64.13964265,-21.7804768333333,3.0,0.0,0.0,true,2,0
1773244450000,64.13964265,-21.7804768333333,0.0,0.0,0.0,true,3,0
1773244453000,64.13964265,-21.7804768333333,3.0,0.0,0.0,true,4,0
1773244453000,64.13964265,-21.7804768333333,0.0,0.0,0.0,true,5,0
1773244455000,64.13964265,-21.7804768333333,2.0,0.0,0.0,true,6,0
1773244459000,64.13964265,-21.7804768333333,4.0,0.0,0.0,true,7,0
1773244459000,64.13964265,-21.7804768333333,0.0,0.0,0.0,true,8,0
1773244461000,64.13964265,-21.7804768333333,2.0,0.0,0.0,true,9,0
1773244466000,64.13964265,-21.7804768333333,5.0,0.0,0.0,true,10,0
1773244466000,64.13964265,-21.7804768333333,0.0,0.0,0.0,true,11,0
1773244470000,64.1387574166667,-21.7770541666667,4.0,193.0,173.7,false,11,27.0
1773244470000,64.1387574166667,-21.7770541666667,0.0,0.0,0.0,true,1,0
1773244470000,64.1387574166667,-21.7770541666667,0.0,0.0,0.0,true,2,0
1773244475000,64.1387574166667,-21.7770541666667,5.0,0.0,0.0,true,3,0
1773244475000,64.1387574166667,-21.7770541666667,0.0,0.0,0.0,true,4,0
1773244480000,64.1387574166667,-21.7770541666667,5.0,0.0,0.0,true,5,0
1773244480000,64.1387574166667,-21.7770541666667,0.0,0.0,0.0,true,6,0
1773244486000,64.1387574166667,-21.7770541666667,6.0,0.0,0.0,true,7,0
1773244486000,64.1387574166667,-21.7770541666667,0.0,0.0,0.0,true,8,0
1773244486000,64.1387574166667,-21.7770541666667,0.0,0.0,0.0,true,9,0
1773244486000,64.1387574166667,-21.7770541666667,0.0,0.0,0.0,true,10,0
1773244494000,64.1387574166667,-21.7770541666667,8.0,0.0,0.0,true,11,0
1773244496000,64.1382249833333,-21.7744051666667,2.0,141.5,254.6,false,11,26.0
1773244496000,64.1382249833333,-21.7744051666667,0.0,0.0,0.0,true,1,0
1773244496000,64.1382249833333,-21.7744051666667,0.0,0.0,0.0,true,2,0
1773244500000,64.1382249833333,-21.7744051666667,4.0,0.0,0.0,true,3,0
1773244504000,64.1382249833333,-21.7744051666667,4.0,0.0,0.0,true,4,0
1773244504000,64.1382249833333,-21.7744051666667,0.0,0.0,0.0,true,5,0
1773244506000,64.1382249833333,-21.7744051666667,2.0,0.0,0.0,true,6,0
1773244511000,64.1382249833333,-21.7744051666667,5.0,0.0,0.0,true,7,0
1773244516000,64.1382249833333,-21.7744051666667,5.0,0.0,0.0,true,8,0
1773244516000,64.1382249833333,-21.7744051666667,0.0,0.0,0.0,true,9,0
1773244516000,64.1382249833333,-21.7744051666667,0.0,0.0,0.0,true,10,0
1773244521000,64.1382249833333,-21.7744051666667,5.0,0.0,0.0,true,11,0
1773244523000,64.1382249833333,-21.7744051666667,2.0,0.0,0.0,true,12,0
1773244523000,64.1382249833333,-21.7744051666667,0.0,0.0,0.0,true,13,0
1773244528000,64.1382249833333,-21.7744051666667,5.0,0.0,0.0,true,14,0
1773244528000,64.1382249833333,-21.7744051666667,0.0,0.0,0.0,true,15,0
1773244530000,64.1382249833333,-21.7744051666667,2.0,0.0,0.0,true,16,0
1773244534000,64.1382249833333,-21.7744051666667,4.0,0.0,0.0,true,17,0
1773244534000,64.1382249833333,-21.7744051666667,0.0,0.0,0.0,true,18,0
1773244536000,64.1382249833333,-21.7744051666667,2.0,0.0,0.0,true,19,0
1773244540000,64.1382249833333,-21.7744051666667,4.0,0.0,0.0,true,20,0
1773244540000,64.1382249833333,-21.7744051666667,0.0,0.0,0.0,true,21,0
1773244543000,64.1382249833333,-21.7744051666667,3.0,0.0,0.0,true,22,0
1773244543000,64.1382249833333,-21.7744051666667,0.0,0.0,0.0,true,23,0
1773244543000,64.1382249833333,-21.7744051666667,0.0,0.0,0.0,true,24,0
1773244548000,64.1382249833333,-21.7744051666667,5.0,0.0,0.0,true,25,0
1773244553000,64.1382249833333,-21.7744051666667,5.0,0.0,0.0,true,26,0
1773244553000,64.1382249833333,-21.7744051666667,0.0,0.0,0.0,true,27,0
1773244553000,64.1382249833333,-21.7744051666667,0.0,0.0,0.0,true,28,0
1773244558000,64.1382249833333,-21.7744051666667,5.0,0.0,0.0,true,29,0
1773244558000,64.1382249833333,-21.7744051666667,0.0,0.0,0.0,true,30,0
1773244560000,64.1382249833333,-21.7744051666667,2.0,0.0,0.0,true,31,0
1773244563000,64.1382249833333,-21.7744051666667,3.0,0.0,0.0,true,32,0
1773244563000,64.1382249833333,-21.7744051666667,0.0,0.0,0.0,true,33,0
1773244568000,64.1382249833333,-21.7744051666667,5.0,0.0,0.0,true,34,0
1773244568000,64.1382249833333,-21.7744051666667,0.0,0.0,0.0,true,35,0
1773244568000,64.1382249833333,-21.7744051666667,0.0,0.0,0.0,true,36,0
1773244573000,64.1382249833333,-21.7744051666667,5.0,0.0,0.0,true,37,0
1773244576000,64.1393662333333,-21.7721835,3.0,166.5,199.8,false,37,80.0
1773244576000,64.1393662333333,-21.7721835,0.0,0.0,0.0,true,1,0
1773244578000,64.1393662333333,-21.7721835,2.0,0.0,0.0,true,2,0
1773244578000,64.1393662333333,-21.7721835,0.0,0.0,0.0,true,3,0
1773244581000,64.1393662333333,-21.7721835,3.0,0.0,0.0,true,4,0
1773244586000,64.1393662333333,-21.7721835,5.0,0.0,0.0,true,5,0
1773244586000,64.1393662333333,-21.7721835,0.0,0.0,0.0,true,6,0
1773244590000,64.1393662333333,-21.7721835,4.0,0.0,0.0,true,7,0
1773244593000,64.1393662333333,-21.7721835,3.0,0.0,0.0,true,8,0
1773244593000,64.1393662333333,-21.7721835,0.0,0.0,0.0,true,9,0
1773244593000,64.1393662333333,-21.7721835,0.0,0.0,0.0,true,10,0
1773244593000,64.1393662333333,-21.7721835,0.0,0.0,0.0,true,11,0
1773244593000,64.1393662333333,-21.7721835,0.0,0.0,0.0,true,12,0
1773244593000,64.1393662333333,-21.7721835,0.0,0.0,0.0,true,13,0
1773244606000,64.1393662333333,-21.7721835,13.0,0.0,0.0,true,14,0
1773244606000,64.1393662333333,-21.7721835,0.0,0.0,0.0,true,15,0
1773244606000,64.1393662333333,-21.7721835,0.0,0.0,0.0,true,16,0
1773244609000,64.1393662333333,-21.7721835,3.0,0.0,0.0,true,17,0
1773244609000,64.1393662333333,-21.7721835,0.0,0.0,0.0,true,18,0
1773244609000,64.1393662333333,-21.7721835,0.0,0.0,0.0,true,19,0
1773244615000,64.1393662333333,-21.7721835,6.0,0.0,0.0,true,20,0
1773244615000,64.1393662333333,-21.7721835,0.0,0.0,0.0,true,21,0
1773244621000,64.14490005,-21.7742223333333,6.0,623.2,373.9,false,21,45.0
1773244621000,64.14490005,-21.7742223333333,0.0,0.0,0.0,true,1,0
1773244623000,64.14490005,-21.7742223333333,2.0,0.0,0.0,true,2,0
1773244623000,64.14490005,-21.7742223333333,0.0,0.0,0.0,true,3,0
1773244623000,64.14490005,-21.7742223333333,0.0,0.0,0.0,true,4,0
1773244628000,64.14490005,-21.7742223333333,5.0,0.0,0.0,true,5,0
1773244628000,64.14490005,-21.7742223333333,0.0,0.0,0.0,true,6,0
1773244628000,64.14490005,-21.7742223333333,0.0,0.0,0.0,true,7,0
1773244635000,64.14490005,-21.7742223333333,7.0,0.0,0.0,true,8,0
1773244638000,64.14490005,-21.7742223333333,3.0,0.0,0.0,true,9,0
1773244638000,64.14490005,-21.7742223333333,0.0,0.0,0.0,true,10,0
1773244642000,64.14490005,-21.7742223333333,4.0,0.0,0.0,true,11,0
1773244644000,64.14490005,-21.7742223333333,2.0,0.0,0.0,true,12,0
1773244644000,64.14490005,-21.7742223333333,0.0,0.0,0.0,true,13,0
1773244648000,64.14490005,-21.7742223333333,4.0,0.0,0.0,true,14,0
1773244648000,64.14490005,-21.7742223333333,0.0,0.0,0.0,true,15,0
1773244653000,64.14490005,-21.7742223333333,5.0,0.0,0.0,true,16,0
1773244653000,64.14490005,-21.7742223333333,0.0,0.0,0.0,true,17,0
1773244655000,64.14490005,-21.7742223333333,2.0,0.0,0.0,true,18,0
1773244655000,64.14490005,-21.7742223333333,0.0,0.0,0.0,true,19,0
1773244659000,64.14490005,-21.7742223333333,4.0,0.0,0.0,true,20,0
1773244659000,64.14490005,-21.7742223333333,0.0,0.0,0.0,true,21,0
1773244662000,64.14490005,-21.7742223333333,3.0,0.0,0.0,true,22,0
1773244662000,64.14490005,-21.7742223333333,0.0,0.0,0.0,true,23,0
1773244662000,64.14490005,-21.7742223333333,0.0,0.0,0.0,true,24,0
1773244662000,64.14490005,-21.7742223333333,0.0,0.0,0.0,true,25,0
1773244662000,64.14490005,-21.7742223333333,0.0,0.0,0.0,true,26,0
1773244662000,64.14490005,-21.7742223333333,0.0,0.0,0.0,true,27,0
1773244675000,64.14490005,-21.7742223333333,13.0,0.0,0.0,true,28,0
1773244675000,64.14490005,-21.7742223333333,0.0,0.0,0.0,true,29,0
1773244683000,64.14490005,-21.7742223333333,8.0,0.0,0.0,true,30,0
1773244683000,64.14490005,-21.7742223333333,0.0,0.0,0.0,true,31,0
1773244685000,64.14490005,-21.7742223333333,2.0,0.0,0.0,true,32,0
1773244685000,64.14490005,-21.7742223333333,0.0,0.0,0.0,true,33,0
1773244685000,64.14490005,-21.7742223333333,0.0,0.0,0.0,true,34,0
1773244685000,64.14490005,-21.7742223333333,0.0,0.0,0.0,true,35,0
1773244685000,64.14490005,-21.7742223333333,0.0,0.0,0.0,true,36,0
1773244685000,64.14490005,-21.7742223333333,0.0,0.0,0.0,true,37,0
1773244685000,64.14490005,-21.7742223333333,0.0,0.0,0.0,true,38,0
1773244685000,64.14490005,-21.7742223333333,0.0,0.0,0.0,true,39,0
1773244685000,64.14490005,-21.7742223333333,0.0,0.0,0.0,true,40,0
1773244685000,64.14490005,-21.7742223333333,0.0,0.0,0.0,true,41,0
1773244685000,64.14490005,-21.7742223333333,0.0,0.0,0.0,true,42,0
1773244685000,64.14490005,-21.7742223333333,0.0,0.0,0.0,true,43,0
1773244685000,64.14490005,-21.7742223333333,0.0,0.0,0.0,true,44,0
1773244685000,64.14490005,-21.7742223333333,0.0,0.0,0.0,true,45,0
1773244685000,64.14490005,-21.7742223333333,0.0,0.0,0.0,true,46,0
1773244685000,64.14490005,-21.7742223333333,0.0,0.0,0.0,true,47,0
1773244685000,64.14490005,-21.7742223333333,0.0,0.0,0.0,true,48,0
1773244719000,64.14490005,-21.7742223333333,34.0,0.0,0.0,true,49,0
1773244719000,64.14490005,-21.7742223333333,0.0,0.0,0.0,true,50,0
1773244719000,64.14490005,-21.7742223333333,0.0,0.0,0.0,true,51,0
1773244719000,64.14490005,-21.7742223333333,0.0,0.0,0.0,true,52,0
1773244719000,64.14490005,-21.7742223333333,0.0,0.0,0.0,true,53,0
1773244719000,64.14490005,-21.7742223333333,0.0,0.0,0.0,true,54,0
1773244719000,64.14490005,-21.7742223333333,0.0,0.0,0.0,true,55,0
1773244719000,64.14490005,-21.7742223333333,0.0,0.0,0.0,true,56,0
1773244719000,64.14490005,-21.7742223333333,0.0,0.0,0.0,true,57,0
1773244719000,64.14490005,-21.7742223333333,0.0,0.0,0.0,true,58,0
1773244719000,64.14490005,-21.7742223333333,0.0,0.0,0.0,true,59,0
1773244719000,64.14490005,-21.7742223333333,0.0,0.0,0.0,true,60,0
1773245108000,64.1386216666667,-21.7766666666667,389.0,708.1,6.6,false,60,487.0
1773245110000,64.1388816666667,-21.7772333333333,2.0,39.9,71.8,false,0,2.0
1773245117000,64.13917,-21.7779166666667,7.0,46.1,23.7,false,0,7.0
1773245117000,64.13917,-21.7779166666667,0.0,0.0,0.0,true,1,0
1773245119000,64.13917,-21.7779166666667,2.0,0.0,0.0,true,2,0
1773245119000,64.13917,-21.7779166666667,0.0,0.0,0.0,true,3,0
1773245119000,64.13917,-21.7779166666667,0.0,0.0,0.0,true,4,0
1773245119000,64.13917,-21.7779166666667,0.0,0.0,0.0,true,5,0
1773245124000,64.1394416666667,-21.7785833333333,5.0,44.2,31.9,false,5,7.0
1773245124000,64.1394416666667,-21.7785833333333,0.0,0.0,0.0,true,1,0
1773245129000,64.1396383333333,-21.7793833333333,5.0,44.5,32.1,false,1,5.0
1773245133000,64.1396566666667,-21.78045,4.0,51.8,46.6,false,0,4.0
1773245135000,64.1395933333333,-21.7812333333333,2.0,38.6,69.6,false,0,2.0
1773245135000,64.1395933333333,-21.7812333333333,0.0,0.0,0.0,true,1,0
1773245138000,64.1395933333333,-21.7812333333333,3.0,0.0,0.0,true,2,0
1773245138000,64.1395933333333,-21.7812333333333,0.0,0.0,0.0,true,3,0
1773245140000,64.1395933333333,-21.7812333333333,2.0,0.0,0.0,true,4,0
1773245144000,64.1395916666667,-21.7812333333333,4.0,0.2,0.2,true,5,0
1773245144000,64.1395916666667,-21.7812333333333,0.0,0.0,0.0,true,6,0
1773245144000,64.1395916666667,-21.7812333333333,0.0,0.0,0.0,true,7,0
1773245149000,64.13958,-21.7813,5.0,3.5,2.5,false,7,14.0
1773245149000,64.13958,-21.7813,0.0,0.0,0.0,true,1,0
1773245153000,64.1395033333333,-21.7819166666667,4.0,31.1,28.0,false,1,4.0
1773245153000,64.1395033333333,-21.7819166666667,0.0,0.0,0.0,true,1,0
1773245155000,64.1395033333333,-21.7819166666667,2.0,0.0,0.0,true,2,0
1773245160000,64.139425,-21.7827666666667,5.0,42.1,30.3,false,2,7.0
1773245160000,64.139425,-21.7827666666667,0.0,0.0,0.0,true,1,0
1773245160000,64.139425,-21.7827666666667,0.0,0.0,0.0,true,2,0
1773245167000,64.13934,-21.78465,7.0,91.8,47.2,false,2,7.0
1773245169000,64.13934,-21.78465,2.0,0.0,0.0,true,1,0
1773245169000,64.13934,-21.78465,0.0,0.0,0.0,true,2,0
1773245173000,64.1393216666667,-21.7856333333333,4.0,47.7,43.0,false,2,6.0
1773245173000,64.1393216666667,-21.7856333333333,0.0,0.0,0.0,true,1,0
1773245173000,64.1393216666667,-21.7856333333333,0.0,0.0,0.0,true,2,0
1773245173000,64.1393216666667,-21.7856333333333,0.0,0.0,0.0,true,3,0
1773245180000,64.1393383333333,-21.7866166666667,7.0,47.7,24.5,false,3,7.0
1773245180000,64.1393383333333,-21.7866166666667,0.0,0.0,0.0,true,1,0
1773245180000,64.1393383333333,-21.7866166666667,0.0,0.0,0.0,true,2,0
1773245185000,64.139385,-21.7876166666667,5.0,48.8,35.1,false,2,5.0
1773245185000,64.139385,-21.7876166666667,0.0,0.0,0.0,true,1,0
1773245185000,64.139385,-21.7876166666667,0.0,0.0,0.0,true,2,0
1773245190000,64.1394016666667,-21.7886333333333,5.0,49.3,35.5,false,2,5.0
1773245195000,64.1394383333333,-21.7892333333333,5.0,29.4,21.2,false,0,5.0
1773245195000,64.1394383333333,-21.7892333333333,0.0,0.0,0.0,true,1,0
1773245198000,64.1394383333333,-21.78925,3.0,0.8,1.0,false,1,3.0
1773245201000,64.1394383333333,-21.78925,3.0,0.0,0.0,true,1,0
1773245201000,64.1394383333333,-21.78925,0.0,0.0,0.0,true,2,0
1773245201000,64.1394383333333,-21.78925,0.0,0.0,0.0,true,3,0
1773245207000,64.1394183333333,-21.7893666666667,6.0,6.1,3.6,false,3,9.0
1773245207000,64.1394183333333,-21.7893666666667,0.0,0.0,0.0,true,1,0
1773245211000,64.1394183333333,-21.7893666666667,4.0,0.0,0.0,true,2,0
1773245211000,64.1394183333333,-21.7893666666667,0.0,0.0,0.0,true,3,0
1773245214000,64.139135,-21.7895,3.0,32.2,38.6,false,3,7.0
1773245216000,64.139135,-21.7895,2.0,0.0,0.0,true,1,0
1773245216000,64.139135,-21.7895,0.0,0.0,0.0,true,2,0
1773245216000,64.139135,-21.7895,0.0,0.0,0.0,true,3,0
1773245221000,64.1387333333333,-21.7896666666667,5.0,45.4,32.7,false,3,7.0
1773245221000,64.1387333333333,-21.7896666666667,0.0,0.0,0.0,true,1,0
1773245221000,64.1387333333333,-21.7896666666667,0.0,0.0,0.0,true,2,0
1773245226000,64.1382833333333,-21.79005,5.0,53.4,38.4,false,2,5.0
1773245226000,64.1382833333333,-21.79005,0.0,0.0,0.0,true,1,0
1773245231000,64.13797,-21.79055,5.0,42.5,30.6,false,1,5.0
1773245234000,64.1376966666667,-21.7910666666667,3.0,39.4,47.3,false,0,3.0
1773245234000,64.1376966666667,-21.7910666666667,0.0,0.0,0.0,true,1,0
1773245236000,64.1376966666667,-21.7910666666667,2.0,0.0,0.0,true,2,0
1773245240000,64.13738,-21.7917,4.0,46.7,42.1,false,2,6.0
1773245240000,64.13738,-21.7917,0.0,0.0,0.0,true,1,0
1773245242000,64.13738,-21.7917,2.0,0.0,0.0,true,2,0
1773245246000,64.13682,-21.7924833333333,4.0,72.9,65.7,false,2,6.0
1773245246000,64.13682,-21.7924833333333,0.0,0.0,0.0,true,1,0
1773245250000,64.13682,-21.7924833333333,4.0,0.0,0.0,true,2,0
1773245254000,64.13652,-21.7927833333333,4.0,36.4,32.8,false,2,8.0
1773245254000,64.13652,-21.7927833333333,0.0,0.0,0.0,true,1,0
1773245254000,64.13652,-21.7927833333333,0.0,0.0,0.0,true,2,0
1773245254000,64.13652,-21.7927833333333,0.0,0.0,0.0,true,3,0
1773245260000,64.1361283333333,-21.7930166666667,6.0,45.0,27.0,false,3,6.0
1773245262000,64.1357116666667,-21.7932,2.0,47.2,84.9,false,0,2.0
1773245262000,64.1357116666667,-21.7932,0.0,0.0,0.0,true,1,0
1773245266000,64.1355916666667,-21.79325,4.0,13.6,12.2,false,1,4.0
1773245266000,64.1355916666667,-21.79325,0.0,0.0,0.0,true,1,0
1773245269000,64.13559,-21.79325,3.0,0.2,0.2,true,2,0
1773245269000,64.13559,-21.79325,0.0,0.0,0.0,true,3,0
1773245273000,64.13559,-21.79325,4.0,0.0,0.0,true,4,0
1773245275000,64.135565,-21.7932666666667,2.0,2.9,5.2,false,4,9.0
1773245277000,64.135565,-21.7932666666667,2.0,0.0,0.0,true,1,0
1773245277000,64.135565,-21.7932666666667,0.0,0.0,0.0,true,2,0
1773245280000,64.1353766666667,-21.79335,3.0,21.3,25.6,false,2,5.0
1773245284000,64.1351633333333,-21.79345,4.0,24.2,21.8,false,0,4.0
1773245284000,64.1351633333333,-21.79345,0.0,0.0,0.0,true,1,0
1773245292000,64.1349133333333,-21.7936833333333,8.0,30.0,13.5,false,1,8.0
1773245292000,64.1349133333333,-21.7936833333333,0.0,0.0,0.0,true,1,0
1773245295000,64.1345783333333,-21.7943833333333,3.0,50.4,60.5,false,1,3.0
1773245297000,64.1345783333333,-21.7943833333333,2.0,0.0,0.0,true,1,0
1773245297000,64.1345783333333,-21.7943833333333,0.0,0.0,0.0,true,2,0
1773245299000,64.1345783333333,-21.7943833333333,2.0,0.0,0.0,true,3,0
1773245299000,64.1345783333333,-21.7943833333333,0.0,0.0,0.0,true,4,0
1773245305000,64.134415,-21.7952166666667,6.0,44.3,26.6,false,4,10.0
1773245305000,64.134415,-21.7952166666667,0.0,0.0,0.0,true,1,0
1773245307000,64.1343883333333,-21.7961,2.0,43.0,77.3,false,1,2.0
1773245307000,64.1343883333333,-21.7961,0.0,0.0,0.0,true,1,0
1773245314000,64.1344966666667,-21.7969333333333,7.0,42.2,21.7,false,1,7.0
1773245314000,64.1344966666667,-21.7969333333333,0.0,0.0,0.0,true,1,0
1773245317000,64.1346966666667,-21.7976833333333,3.0,42.6,51.2,false,1,3.0
1773245320000,64.1346966666667,-21.7976833333333,3.0,0.0,0.0,true,1,0
1773245320000,64.1346966666667,-21.7976833333333,0.0,0.0,0.0,true,2,0
1773245320000,64.1346966666667,-21.7976833333333,0.0,0.0,0.0,true,3,0
1773245327000,64.13485,-21.7982833333333,7.0,33.7,17.3,false,3,10.0
1773245330000,64.13485,-21.7982833333333,3.0,0.0,0.0,true,1,0
1773245330000,64.13485,-21.7982833333333,0.0,0.0,0.0,true,2,0
1773245332000,64.13485,-21.7982833333333,2.0,0.0,0.0,true,3,0
1773245335000,64.1348616666667,-21.79835,3.0,3.5,4.2,false,3,8.0
1773245335000,64.1348616666667,-21.79835,0.0,0.0,0.0,true,1,0
1773245339000,64.1348616666667,-21.79835,4.0,0.0,0.0,true,2,0
1773245339000,64.1348616666667,-21.79835,0.0,0.0,0.0,true,3,0
1773245341000,64.1349583333333,-21.7988333333333,2.0,25.8,46.4,false,3,6.0
1773245343000,64.1349583333333,-21.7988333333333,2.0,0.0,0.0,true,1,0
1773245343000,64.1349583333333,-21.7988333333333,0.0,0.0,0.0,true,2,0
1773245347000,64.1350883333333,-21.7993833333333,4.0,30.3,27.3,false,2,6.0
1773245350000,64.1352,-21.7998666666667,3.0,26.5,31.8,false,0,3.0
1773245352000,64.1352,-21.7998666666667,2.0,0.0,0.0,true,1,0
1773245354000,64.1352,-21.7998666666667,2.0,0.0,0.0,true,2,0
1773245357000,64.1353416666667,-21.8005166666667,3.0,35.2,42.3,false,2,7.0
1773245357000,64.1353416666667,-21.8005166666667,0.0,0.0,0.0,true,1,0
1773245360000,64.135535,-21.8013333333333,3.0,45.1,54.1,false,1,3.0
1773245362000,64.135535,-21.8013333333333,2.0,0.0,0.0,true,1,0
1773245362000,64.135535,-21.8013333333333,0.0,0.0,0.0,true,2,0
1773245365000,64.1356866666667,-21.8019833333333,3.0,35.8,42.9,false,2,5.0
1773245365000,64.1356866666667,-21.8019833333333,0.0,0.0,0.0,true,1,0
1773245368000,64.1356866666667,-21.8019833333333,3.0,0.0,0.0,true,2,0
1773245371000,64.13578,-21.8024166666667,3.0,23.4,28.1,false,2,6.0
1773245371000,64.13578,-21.8024166666667,0.0,0.0,0.0,true,1,0
1773245374000,64.13578,-21.8024166666667,3.0,0.0,0.0,true,2,0
1773245376000,64.13578,-21.8024166666667,2.0,0.0,0.0,true,3,0
1773245376000,64.13578,-21.8024166666667,0.0,0.0,0.0,true,4,0
1773245380000,64.13578,-21.8024166666667,4.0,0.0,0.0,true,5,0
1773245385000,64.1357933333333,-21.8024833333333,5.0,3.6,2.6,false,5,14.0
1773245385000,64.1357933333333,-21.8024833333333,0.0,0.0,0.0,true,1,0
1773245389000,64.1359066666667,-21.8031333333333,4.0,34.0,30.6,false,1,4.0
1773245391000,64.1359066666667,-21.8031333333333,2.0,0.0,0.0,true,1,0
1773245391000,64.1359066666667,-21.8031333333333,0.0,0.0,0.0,true,2,0
1773245391000,64.1359066666667,-21.8031333333333,0.0,0.0,0.0,true,3,0
1773245395000,64.1360516666667,-21.80405,4.0,47.3,42.6,false,3,6.0
1773245397000,64.1361933333333,-21.80495,2.0,46.4,83.5,false,0,2.0
1773245402000,64.1361933333333,-21.80495,5.0,0.0,0.0,true,1,0
1773245402000,64.1361933333333,-21.80495,0.0,0.0,0.0,true,2,0
1773245406000,64.1363233333333,-21.8058166666667,4.0,44.5,40.0,false,2,9.0
1773245406000,64.1363233333333,-21.8058166666667,0.0,0.0,0.0,true,1,0
1773245406000,64.1363233333333,-21.8058166666667,0.0,0.0,0.0,true,2,0
1773245411000,64.1364816666667,-21.80685,5.0,53.1,38.3,false,2,5.0
1773245411000,64.1364816666667,-21.80685,0.0,0.0,0.0,true,1,0
1773245411000,64.1364816666667,-21.80685,0.0,0.0,0.0,true,2,0
1773245417000,64.1365266666667,-21.8071166666667,6.0,13.9,8.3,false,2,6.0
1773245422000,64.1365266666667,-21.8071166666667,5.0,0.0,0.0,true,1,0
1773245422000,64.1365266666667,-21.8071166666667,0.0,0.0,0.0,true,2,0
1773245426000,64.1365266666667,-21.8071166666667,4.0,0.0,0.0,true,3,0
1773245426000,64.1365266666667,-21.8071166666667,0.0,0.0,0.0,true,4,0
1773245426000,64.1365266666667,-21.8071166666667,0.0,0.0,0.0,true,5,0
1773245426000,64.1365266666667,-21.8071166666667,0.0,0.0,0.0,true,6,0
1773245429000,64.1365433333333,-21.8072,3.0,4.4,5.3,false,6,12.0
1773245433000,64.1366916666667,-21.8077333333333,4.0,30.7,27.6,false,0,4.0
1773245435000,64.1366916666667,-21.8077333333333,2.0,0.0,0.0,true,1,0
1773245437000,64.1366916666667,-21.8077333333333,2.0,0.0,0.0,true,2,0
1773245441000,64.1369566666667,-21.80845,4.0,45.6,41.0,false,2,8.0
1773245441000,64.1369566666667,-21.80845,0.0,0.0,0.0,true,1,0
1773245443000,64.1369566666667,-21.80845,2.0,0.0,0.0,true,2,0
1773245445000,64.137035,-21.8086666666667,2.0,13.6,24.6,false,2,4.0
1773245447000,64.137035,-21.8086666666667,2.0,0.0,0.0,true,1,0
1773245447000,64.137035,-21.8086666666667,0.0,0.0,0.0,true,2,0
1773245450000,64.1370366666667,-21.8086666666667,3.0,0.2,0.2,true,3,0
1773245452000,64.1370366666667,-21.8086666666667,2.0,0.0,0.0,true,4,0
1773245452000,64.1370366666667,-21.8086666666667,0.0,0.0,0.0,true,5,0
1773245457000,64.1370366666667,-21.8086666666667,5.0,0.0,0.0,true,6,0
1773245457000,64.1370366666667,-21.8086666666667,0.0,0.0,0.0,true,7,0
1773245461000,64.1370366666667,-21.8086666666667,4.0,0.0,0.0,true,8,0
1773245466000,64.1370366666667,-21.8086666666667,5.0,0.0,0.0,true,9,0
1773245466000,64.1370366666667,-21.8086666666667,0.0,0.0,0.0,true,10,0
1773245466000,64.1370366666667,-21.8086666666667,0.0,0.0,0.0,true,11,0
1773245471000,64.1370366666667,-21.8086666666667,5.0,0.0,0.0,true,12,0
1773245471000,64.1370366666667,-21.8086666666667,0.0,0.0,0.0,true,13,0
1773245474000,64.1370366666667,-21.8086666666667,3.0,0.0,0.0,true,14,0
1773245476000,64.1370366666667,-21.8086666666667,2.0,0.0,0.0,true,15,0
1773245476000,64.1370366666667,-21.8086666666667,0.0,0.0,0.0,true,16,0
1773245478000,64.1370366666667,-21.8086666666667,2.0,0.0,0.0,true,17,0
1773245481000,64.1370366666667,-21.8086666666667,3.0,0.0,0.0,true,18,0
1773245484000,64.1370366666667,-21.8086666666667,3.0,0.0,0.0,true,19,0
1773245487000,64.1370366666667,-21.8086666666667,3.0,0.0,0.0,true,20,0
1773245487000,64.1370366666667,-21.8086666666667,0.0,0.0,0.0,true,21,0
1773245490000,64.1370466666667,-21.8087,3.0,2.0,2.4,false,21,45.0
1773255750000,64.1358566666667,-21.8027666666667,10260.0,316.8,0.1,false,0,10260.0
1773255753000,64.1360916666667,-21.8042666666667,3.0,77.3,92.8,false,0,3.0
1773255753000,64.1360916666667,-21.8042666666667,0.0,0.0,0.0,true,1,0
1773255757000,64.136265,-21.8054,4.0,58.3,52.4,false,1,4.0
1773255759000,64.136265,-21.8054,2.0,0.0,0.0,true,1,0
1773255759000,64.136265,-21.8054,0.0,0.0,0.0,true,2,0
1773255759000,64.136265,-21.8054,0.0,0.0,0.0,true,3,0
1773255765000,64.136265,-21.8054,6.0,0.0,0.0,true,4,0
1773255765000,64.136265,-21.8054,0.0,0.0,0.0,true,5,0
1773255765000,64.136265,-21.8054,0.0,0.0,0.0,true,6,0
1773255774000,64.1366466666667,-21.80755,9.0,112.6,45.0,false,6,17.0
1773255774000,64.1366466666667,-21.80755,0.0,0.0,0.0,true,1,0
1773255774000,64.1366466666667,-21.80755,0.0,0.0,0.0,true,2,0
1773255779000,64.13699,-21.8084833333333,5.0,59.2,42.6,false,2,5.0
1773255779000,64.13699,-21.8084833333333,0.0,0.0,0.0,true,1,0
1773255782000,64.1370433333333,-21.8086166666667,3.0,8.8,10.5,false,1,3.0
1773255787000,64.137045,-21.8086333333333,5.0,0.8,0.6,false,0,5.0
1773255787000,64.137045,-21.8086333333333,0.0,0.0,0.0,true,1,0
1773255787000,64.137045,-21.8086333333333,0.0,0.0,0.0,true,2,0
1773255791000,64.137045,-21.8086333333333,4.0,0.0,0.0,true,3,0
1773255791000,64.137045,-21.8086333333333,0.0,0.0,0.0,true,4,0
1773255796000,64.137045,-21.8086333333333,5.0,0.0,0.0,true,5,0
1773255796000,64.137045,-21.8086333333333,0.0,0.0,0.0,true,6,0
1773255796000,64.137045,-21.8086333333333,0.0,0.0,0.0,true,7,0
1773255802000,64.137045,-21.8086333333333,6.0,0.0,0.0,true,8,0
1773255802000,64.137045,-21.8086333333333,0.0,0.0,0.0,true,9,0
1773255802000,64.137045,-21.8086333333333,0.0,0.0,0.0,true,10,0
1773255809000,64.137045,-21.8086333333333,7.0,0.0,0.0,true,11,0
1773255809000,64.137045,-21.8086333333333,0.0,0.0,0.0,true,12,0
1773255811000,64.137045,-21.8086333333333,2.0,0.0,0.0,true,13,0
1773255811000,64.137045,-21.8086333333333,0.0,0.0,0.0,true,14,0
1773255811000,64.137045,-21.8086333333333,0.0,0.0,0.0,true,15,0
1773255816000,64.137045,-21.8086333333333,5.0,0.0,0.0,true,16,0
1773255820000,64.137045,-21.8086333333333,4.0,0.0,0.0,true,17,0
1773255820000,64.137045,-21.8086333333333,0.0,0.0,0.0,true,18,0
1773255824000,64.137045,-21.8086333333333,4.0,0.0,0.0,true,19,0
1773255826000,64.137045,-21.8086333333333,2.0,0.0,0.0,true,20,0
1773255826000,64.137045,-21.8086333333333,0.0,0.0,0.0,true,21,0
1773255828000,64.137045,-21.8086333333333,2.0,0.0,0.0,true,22,0
1773255828000,64.137045,-21.8086333333333,0.0,0.0,0.0,true,23,0
1773255831000,64.1370483333333,-21.8086333333333,3.0,0.4,0.4,true,24,0
1773255837000,64.13726,-21.8092166666667,6.0,36.8,22.1,false,24,50.0
1773255837000,64.13726,-21.8092166666667,0.0,0.0,0.0,true,1,0
1773255839000,64.1373483333333,-21.8097166666667,2.0,26.2,47.1,false,1,2.0
1773255841000,64.1373483333333,-21.8097166666667,2.0,0.0,0.0,true,1,0
1773255841000,64.1373483333333,-21.8097166666667,0.0,0.0,0.0,true,2,0
1773255844000,64.1370266666667,-21.8104,3.0,48.8,58.5,false,2,5.0
1773255850000,64.1370266666667,-21.8104,6.0,0.0,0.0,true,1,0
1773255850000,64.1370266666667,-21.8104,0.0,0.0,0.0,true,2,0
1773255852000,64.1365816666667,-21.8114666666667,2.0,71.6,128.9,false,2,8.0
1773255854000,64.1365816666667,-21.8114666666667,2.0,0.0,0.0,true,1,0
1773255854000,64.1365816666667,-21.8114666666667,0.0,0.0,0.0,true,2,0
1773255856000,64.1365816666667,-21.8114666666667,2.0,0.0,0.0,true,3,0
1773255856000,64.1365816666667,-21.8114666666667,0.0,0.0,0.0,true,4,0
1773255858000,64.136655,-21.8121166666667,2.0,32.6,58.6,false,4,6.0
1773255861000,64.1368,-21.8124166666667,3.0,21.7,26.1,false,0,3.0
1773255861000,64.1368,-21.8124166666667,0.0,0.0,0.0,true,1,0
1773255867000,64.137075,-21.813,6.0,41.7,25.0,false,1,6.0
1773255869000,64.137075,-21.813,2.0,0.0,0.0,true,1,0
1773255873000,64.137435,-21.8138333333333,4.0,56.9,51.2,false,1,6.0
1773255873000,64.137435,-21.8138333333333,0.0,0.0,0.0,true,1,0
1773255876000,64.1376533333333,-21.8143666666667,3.0,35.5,42.6,false,1,3.0
1773255876000,64.1376533333333,-21.8143666666667,0.0,0.0,0.0,true,1,0
1773255880000,64.1376533333333,-21.8143666666667,4.0,0.0,0.0,true,2,0
1773255882000,64.13791,-21.8149166666667,2.0,39.1,70.3,false,2,6.0
1773255882000,64.13791,-21.8149166666667,0.0,0.0,0.0,true,1,0
1773255887000,64.13791,-21.8149166666667,5.0,0.0,0.0,true,2,0
1773255887000,64.13791,-21.8149166666667,0.0,0.0,0.0,true,3,0
1773255889000,64.1382116666667,-21.8156166666667,2.0,47.7,85.9,false,3,7.0
1773255891000,64.1383466666667,-21.8161166666667,2.0,28.5,51.3,false,0,2.0
1773255893000,64.1383466666667,-21.8161166666667,2.0,0.0,0.0,true,1,0
1773255898000,64.1384616666667,-21.8171666666667,5.0,52.5,37.8,false,1,7.0
1773255898000,64.1384616666667,-21.8171666666667,0.0,0.0,0.0,true,1,0
1773255900000,64.1384616666667,-21.8171666666667,2.0,0.0,0.0,true,2,0
1773255904000,64.138705,-21.81845,4.0,67.9,61.1,false,2,6.0
1773255904000,64.138705,-21.81845,0.0,0.0,0.0,true,1,0
1773255904000,64.138705,-21.81845,0.0,0.0,0.0,true,2,0
1773255908000,64.1391116666667,-21.81845,4.0,45.2,40.7,false,2,4.0
1773255913000,64.1393933333333,-21.8182666666667,5.0,32.6,23.4,false,0,5.0
1773255913000,64.1393933333333,-21.8182666666667,0.0,0.0,0.0,true,1,0
1773255913000,64.1393933333333,-21.8182666666667,0.0,0.0,0.0,true,2,0
1773255917000,64.1397083333333,-21.8178333333333,4.0,40.8,36.8,false,2,4.0
1773255917000,64.1397083333333,-21.8178333333333,0.0,0.0,0.0,true,1,0
1773255921000,64.1401616666667,-21.81735,4.0,55.6,50.0,false,1,4.0
1773255923000,64.1401616666667,-21.81735,2.0,0.0,0.0,true,1,0
1773255923000,64.1401616666667,-21.81735,0.0,0.0,0.0,true,2,0
1773255923000,64.1401616666667,-21.81735,0.0,0.0,0.0,true,3,0
1773255928000,64.1405383333333,-21.8170833333333,5.0,43.8,31.6,false,3,7.0
1773255930000,64.1405383333333,-21.8170833333333,2.0,0.0,0.0,true,1,0
1773255932000,64.1405383333333,-21.8170833333333,2.0,0.0,0.0,true,2,0
1773255932000,64.1405383333333,-21.8170833333333,0.0,0.0,0.0,true,3,0
1773255936000,64.1406883333333,-21.8162666666667,4.0,43.0,38.7,false,3,8.0
1773255938000,64.1405566666667,-21.8149,2.0,67.9,122.2,false,0,2.0
1773255941000,64.1405566666667,-21.8149,3.0,0.0,0.0,true,1,0
1773255943000,64.1405566666667,-21.8149,2.0,0.0,0.0,true,2,0
1773255945000,64.140485,-21.8142166666667,2.0,34.1,61.4,false,2,7.0
1773255945000,64.140485,-21.8142166666667,0.0,0.0,0.0,true,1,0
1773255949000,64.1403,-21.8132833333333,4.0,49.7,44.7,false,1,4.0
1773255949000,64.1403,-21.8132833333333,0.0,0.0,0.0,true,1,0
1773255952000,64.1403,-21.8132833333333,3.0,0.0,0.0,true,2,0
1773255952000,64.1403,-21.8132833333333,0.0,0.0,0.0,true,3,0
1773255954000,64.1399533333333,-21.8125333333333,2.0,53.0,95.4,false,3,5.0
1773255957000,64.1397116666667,-21.8119833333333,3.0,37.9,45.4,false,0,3.0
1773255961000,64.1397116666667,-21.8119833333333,4.0,0.0,0.0,true,1,0
1773255963000,64.1395666666667,-21.8113166666667,2.0,36.1,65.0,false,1,6.0
1773255963000,64.1395666666667,-21.8113166666667,0.0,0.0,0.0,true,1,0
1773255965000,64.1395666666667,-21.8113166666667,2.0,0.0,0.0,true,2,0
1773255968000,64.1395666666667,-21.8113166666667,3.0,0.0,0.0,true,3,0
1773255968000,64.1395666666667,-21.8113166666667,0.0,0.0,0.0,true,4,0
1773255974000,64.1389966666667,-21.8096166666667,6.0,104.0,62.4,false,4,11.0
1773255974000,64.1389966666667,-21.8096166666667,0.0,0.0,0.0,true,1,0
1773255978000,64.1389966666667,-21.8096166666667,4.0,0.0,0.0,true,2,0
1773255978000,64.1389966666667,-21.8096166666667,0.0,0.0,0.0,true,3,0
1773255980000,64.1389966666667,-21.8096166666667,2.0,0.0,0.0,true,4,0
1773255980000,64.1389966666667,-21.8096166666667,0.0,0.0,0.0,true,5,0
1773255987000,64.13808,-21.8080833333333,7.0,126.2,64.9,false,5,13.0
1773255987000,64.13808,-21.8080833333333,0.0,0.0,0.0,true,1,0
1773255987000,64.13808,-21.8080833333333,0.0,0.0,0.0,true,2,0
1773255992000,64.13808,-21.8080833333333,5.0,0.0,0.0,true,3,0
1773255992000,64.13808,-21.8080833333333,0.0,0.0,0.0,true,4,0
1773255994000,64.13808,-21.8080833333333,2.0,0.0,0.0,true,5,0
1773255996000,64.1375716666667,-21.8091833333333,2.0,77.7,139.9,false,5,9.0
1773255999000,64.1375716666667,-21.8091833333333,3.0,0.0,0.0,true,1,0
1773255999000,64.1375716666667,-21.8091833333333,0.0,0.0,0.0,true,2,0
1773256001000,64.1373583333333,-21.8095833333333,2.0,30.6,55.2,false,2,5.0
1773256003000,64.1373583333333,-21.8095833333333,2.0,0.0,0.0,true,1,0
1773256007000,64.13716,-21.8092833333333,4.0,26.4,23.8,false,1,6.0
1773256007000,64.13716,-21.8092833333333,0.0,0.0,0.0,true,1,0
1773256009000,64.13716,-21.8092833333333,2.0,0.0,0.0,true,2,0
1773256013000,64.137155,-21.8092666666667,4.0,1.0,0.9,false,2,6.0
1773256013000,64.137155,-21.8092666666667,0.0,0.0,0.0,true,1,0
1773256013000,64.137155,-21.8092666666667,0.0,0.0,0.0,true,2,0
1773256020000,64.137155,-21.8092666666667,7.0,0.0,0.0,true,3,0
1773256020000,64.137155,-21.8092666666667,0.0,0.0,0.0,true,4,0
1773256022000,64.137155,-21.8092666666667,2.0,0.0,0.0,true,5,0
1773256024000,64.137155,-21.8092666666667,2.0,0.0,0.0,true,6,0
1773256028000,64.137155,-21.8092666666667,4.0,0.0,0.0,true,7,0
1773256030000,64.1371383333333,-21.8092,2.0,3.7,6.7,false,7,17.0
1773256030000,64.1371383333333,-21.8092,0.0,0.0,0.0,true,1,0
1773256030000,64.1371383333333,-21.8092,0.0,0.0,0.0,true,2,0
1773256035000,64.1372183333333,-21.8086166666667,5.0,29.7,21.4,false,2,5.0
1773256037000,64.1372183333333,-21.8086166666667,2.0,0.0,0.0,true,1,0
1773256037000,64.1372183333333,-21.8086166666667,0.0,0.0,0.0,true,2,0
1773256043000,64.13768,-21.8078833333333,6.0,62.5,37.5,false,2,8.0
1773256043000,64.13768,-21.8078833333333,0.0,0.0,0.0,true,1,0
1773256045000,64.13768,-21.8078833333333,2.0,0.0,0.0,true,2,0
1773256045000,64.13768,-21.8078833333333,0.0,0.0,0.0,true,3,0
1773256050000,64.1384716666667,-21.8070666666667,5.0,96.5,69.5,false,3,7.0
1773256052000,64.13936,-21.8067833333333,2.0,99.7,179.5,false,0,2.0
1773256052000,64.13936,-21.8067833333333,0.0,0.0,0.0,true,1,0
1773256060000,64.14002,-21.80675,8.0,73.4,33.0,false,1,8.0
1773256060000,64.14002,-21.80675,0.0,0.0,0.0,true,1,0
1773256063000,64.140715,-21.8067333333333,3.0,77.3,92.7,false,1,3.0
1773256063000,64.140715,-21.8067333333333,0.0,0.0,0.0,true,1,0
1773256067000,64.141035,-21.8067166666667,4.0,35.6,32.0,false,1,4.0
1773256069000,64.141045,-21.8067166666667,2.0,1.1,2.0,false,0,2.0
1773256069000,64.141045,-21.8067166666667,0.0,0.0,0.0,true,1,0
1773256071000,64.141045,-21.8067166666667,2.0,0.0,0.0,true,2,0
1773256076000,64.1410466666667,-21.8067333333333,5.0,0.8,0.6,false,2,7.0
1773256076000,64.1410466666667,-21.8067333333333,0.0,0.0,0.0,true,1,0
1773256083000,64.1410466666667,-21.8067333333333,7.0,0.0,0.0,true,2,0
1773256085000,64.1410466666667,-21.8067333333333,2.0,0.0,0.0,true,3,0
1773256085000,64.1410466666667,-21.8067333333333,0.0,0.0,0.0,true,4,0
1773256090000,64.14108,-21.8067333333333,5.0,3.7,2.7,false,4,14.0
1773256092000,64.14108,-21.8067333333333,2.0,0.0,0.0,true,1,0
1773256092000,64.14108,-21.8067333333333,0.0,0.0,0.0,true,2,0
1773256094000,64.14108,-21.8067333333333,2.0,0.0,0.0,true,3,0
1773256094000,64.14108,-21.8067333333333,0.0,0.0,0.0,true,4,0
1773256098000,64.14147,-21.8067166666667,4.0,43.4,39.0,false,4,8.0
1773256100000,64.14208,-21.8066333333333,2.0,67.9,122.3,false,0,2.0
1773256103000,64.14208,-21.8066333333333,3.0,0.0,0.0,true,1,0
1773256103000,64.14208,-21.8066333333333,0.0,0.0,0.0,true,2,0
1773256107000,64.1426716666667,-21.8065,4.0,66.1,59.5,false,2,7.0
1773256111000,64.1432466666667,-21.8063833333333,4.0,64.2,57.8,false,0,4.0
1773256111000,64.1432466666667,-21.8063833333333,0.0,0.0,0.0,true,1,0
1773256113000,64.1432466666667,-21.8063833333333,2.0,0.0,0.0,true,2,0
1773256113000,64.1432466666667,-21.8063833333333,0.0,0.0,0.0,true,3,0
1773256118000,64.1438116666667,-21.8062166666667,5.0,63.3,45.6,false,3,7.0
1773256118000,64.1438116666667,-21.8062166666667,0.0,0.0,0.0,true,1,0
1773256120000,64.1438116666667,-21.8062166666667,2.0,0.0,0.0,true,2,0
1773256120000,64.1438116666667,-21.8062166666667,0.0,0.0,0.0,true,3,0
1773256126000,64.14385,-21.8062166666667,6.0,4.3,2.6,false,3,8.0
1773256126000,64.14385,-21.8062166666667,0.0,0.0,0.0,true,1,0
1773256131000,64.14408,-21.80615,5.0,25.8,18.6,false,1,5.0
1773256131000,64.14408,-21.80615,0.0,0.0,0.0,true,1,0
1773256131000,64.14408,-21.80615,0.0,0.0,0.0,true,2,0
1773256133000,64.14408,-21.80615,2.0,0.0,0.0,true,3,0
1773256137000,64.144395,-21.80605,4.0,35.4,31.8,false,3,6.0
1773256139000,64.14471,-21.80595,2.0,35.4,63.6,false,0,2.0
1773256139000,64.14471,-21.80595,0.0,0.0,0.0,true,1,0
1773256141000,64.14471,-21.80595,2.0,0.0,0.0,true,2,0
1773256144000,64.1450433333333,-21.8059166666667,3.0,37.1,44.5,false,2,5.0
1773256146000,64.1450433333333,-21.8059166666667,2.0,0.0,0.0,true,1,0
1773256148000,64.1450433333333,-21.8059166666667,2.0,0.0,0.0,true,2,0
1773256152000,64.14504,-21.8065166666667,4.0,29.1,26.2,false,2,8.0
1773256152000,64.14504,-21.8065166666667,0.0,0.0,0.0,true,1,0
1773256159000,64.1438416666667,-21.8068333333333,7.0,134.1,69.0,false,1,7.0
1773256161000,64.1438416666667,-21.8068333333333,2.0,0.0,0.0,true,1,0
1773256163000,64.1438416666667,-21.8068333333333,2.0,0.0,0.0,true,2,0
1773256163000,64.1438416666667,-21.8068333333333,0.0,0.0,0.0,true,3,0
1773256165000,64.1438416666667,-21.8068333333333,2.0,0.0,0.0,true,4,0
1773256165000,64.1438416666667,-21.8068333333333,0.0,0.0,0.0,true,5,0
1773256172000,64.14311,-21.8071333333333,7.0,82.6,42.5,false,5,13.0
1773256174000,64.14313,-21.8074833333333,2.0,17.1,30.8,false,0,2.0
1773256174000,64.14313,-21.8074833333333,0.0,0.0,0.0,true,1,0
1773256176000,64.14313,-21.8074833333333,2.0,0.0,0.0,true,2,0
1773256176000,64.14313,-21.8074833333333,0.0,0.0,0.0,true,3,0
1773256180000,64.1434883333333,-21.8072833333333,4.0,41.0,36.9,false,3,6.0
1773256180000,64.1434883333333,-21.8072833333333,0.0,0.0,0.0,true,1,0
1773256185000,64.1434883333333,-21.8072833333333,5.0,0.0,0.0,true,2,0
1773256187000,64.14349,-21.8072833333333,2.0,0.2,0.3,true,3,0
1773256189000,64.14349,-21.8072833333333,2.0,0.0,0.0,true,4,0
1773256193000,64.14349,-21.8072833333333,4.0,0.0,0.0,true,5,0
1773256193000,64.14349,-21.8072833333333,0.0,0.0,0.0,true,6,0
1773256195000,64.14349,-21.8072833333333,2.0,0.0,0.0,true,7,0
1773256195000,64.14349,-21.8072833333333,0.0,0.0,0.0,true,8,0
1773256200000,64.14349,-21.8072833333333,5.0,0.0,0.0,true,9,0
1773256202000,64.14349,-21.8072833333333,2.0,0.0,0.0,true,10,0
1773256202000,64.14349,-21.8072833333333,0.0,0.0,0.0,true,11,0
1773256206000,64.14349,-21.8072833333333,4.0,0.0,0.0,true,12,0
1773256206000,64.14349,-21.8072833333333,0.0,0.0,0.0,true,13,0
1773256206000,64.14349,-21.8072833333333,0.0,0.0,0.0,true,14,0
1773256209000,64.14349,-21.8072833333333,3.0,0.0,0.0,true,15,0
1773256215000,64.14349,-21.8072833333333,6.0,0.0,0.0,true,16,0
1773256215000,64.14349,-21.8072833333333,0.0,0.0,0.0,true,17,0
1773256215000,64.14349,-21.8072833333333,0.0,0.0,0.0,true,18,0
1773256219000,64.14349,-21.8072833333333,4.0,0.0,0.0,true,19,0
1773256221000,64.14349,-21.8072833333333,2.0,0.0,0.0,true,20,0
1773256224000,64.14349,-21.8072833333333,3.0,0.0,0.0,true,21,0
1773256224000,64.14349,-21.8072833333333,0.0,0.0,0.0,true,22,0
1773256226000,64.14349,-21.8072833333333,2.0,0.0,0.0,true,23,0
1773256232000,64.14349,-21.8072833333333,6.0,0.0,0.0,true,24,0
1773256232000,64.14349,-21.8072833333333,0.0,0.0,0.0,true,25,0
1773256232000,64.14349,-21.8072833333333,0.0,0.0,0.0,true,26,0
1773256236000,64.14349,-21.8072833333333,4.0,0.0,0.0,true,27,0
1773256239000,64.14349,-21.8072833333333,3.0,0.0,0.0,true,28,0
1773256239000,64.14349,-21.8072833333333,0.0,0.0,0.0,true,29,0
1773256241000,64.14349,-21.8072833333333,2.0,0.0,0.0,true,30,0
1773256243000,64.14349,-21.8072833333333,2.0,0.0,0.0,true,31,0
1773256245000,64.14349,-21.8072833333333,2.0,0.0,0.0,true,32,0
1773256245000,64.14349,-21.8072833333333,0.0,0.0,0.0,true,33,0
1773256250000,64.14349,-21.8072833333333,5.0,0.0,0.0,true,34,0
1773256252000,64.14349,-21.8072833333333,2.0,0.0,0.0,true,35,0
1773256252000,64.14349,-21.8072833333333,0.0,0.0,0.0,true,36,0
1773256254000,64.14349,-21.8072833333333,2.0,0.0,0.0,true,37,0
1773256256000,64.14349,-21.8072833333333,2.0,0.0,0.0,true,38,0
1773256259000,64.14349,-21.8072833333333,3.0,0.0,0.0,true,39,0
1773256259000,64.14349,-21.8072833333333,0.0,0.0,0.0,true,40,0
1773256264000,64.14349,-21.8072833333333,5.0,0.0,0.0,true,41,0
1773256268000,64.14349,-21.8072833333333,4.0,0.0,0.0,true,42,0
1773256268000,64.14349,-21.8072833333333,0.0,0.0,0.0,true,43,0
1773256270000,64.14349,-21.8072833333333,2.0,0.0,0.0,true,44,0
1773256270000,64.14349,-21.8072833333333,0.0,0.0,0.0,true,45,0
1773256272000,64.14349,-21.8072833333333,2.0,0.0,0.0,true,46,0
1773256274000,64.14349,-21.8072833333333,2.0,0.0,0.0,true,47,0
1773256276000,64.14349,-21.8072833333333,2.0,0.0,0.0,true,48,0
1773256279000,64.14349,-21.8072833333333,3.0,0.0,0.0,true,49,0
1773256279000,64.14349,-21.8072833333333,0.0,0.0,0.0,true,50,0
1773256283000,64.14349,-21.8072833333333,4.0,0.0,0.0,true,51,0
1773256285000,64.14349,-21.8072833333333,2.0,0.0,0.0,true,52,0
1773256285000,64.14349,-21.8072833333333,0.0,0.0,0.0,true,53,0
1773256287000,64.14349,-21.8072833333333,2.0,0.0,0.0,true,54,0
1773256292000,64.14349,-21.8072833333333,5.0,0.0,0.0,true,55,0
1773256294000,64.14349,-21.8072833333333,2.0,0.0,0.0,true,56,0
1773256294000,64.14349,-21.8072833333333,0.0,0.0,0.0,true,57,0
1773256298000,64.14349,-21.8072833333333,4.0,0.0,0.0,true,58,0
1773256298000,64.14349,-21.8072833333333,0.0,0.0,0.0,true,59,0
1773256300000,64.14349,-21.8072833333333,2.0,0.0,0.0,true,60,0
1773256305000,64.14349,-21.8072833333333,5.0,0.0,0.0,true,61,0
1773256305000,64.14349,-21.8072833333333,0.0,0.0,0.0,true,62,0
1773256307000,64.14349,-21.8072833333333,2.0,0.0,0.0,true,63,0
1773256307000,64.14349,-21.8072833333333,0.0,0.0,0.0,true,64,0
1773256311000,64.14349,-21.8072833333333,4.0,0.0,0.0,true,65,0
1773256311000,64.14349,-21.8072833333333,0.0,0.0,0.0,true,66,0
1773256316000,64.14349,-21.8072833333333,5.0,0.0,0.0,true,67,0
1773256318000,64.14349,-21.8072833333333,2.0,0.0,0.0,true,68,0
1773256318000,64.14349,-21.8072833333333,0.0,0.0,0.0,true,69,0
1773256320000,64.14349,-21.8072833333333,2.0,0.0,0.0,true,70,0
1773256322000,64.14349,-21.8072833333333,2.0,0.0,0.0,true,71,0
1773256322000,64.14349,-21.8072833333333,0.0,0.0,0.0,true,72,0
1773256327000,64.14349,-21.8072833333333,5.0,0.0,0.0,true,73,0
1773256332000,64.14349,-21.8072833333333,5.0,0.0,0.0,true,74,0
1773256332000,64.14349,-21.8072833333333,0.0,0.0,0.0,true,75,0
1773256332000,64.14349,-21.8072833333333,0.0,0.0,0.0,true,76,0
1773256332000,64.14349,-21.8072833333333,0.0,0.0,0.0,true,77,0
1773256338000,64.14349,-21.8072833333333,6.0,0.0,0.0,true,78,0
1773256341000,64.14349,-21.8072833333333,3.0,0.0,0.0,true,79,0
1773256341000,64.14349,-21.8072833333333,0.0,0.0,0.0,true,80,0
1773256343000,64.14349,-21.8072833333333,2.0,0.0,0.0,true,81,0
1773256345000,64.14349,-21.8072833333333,2.0,0.0,0.0,true,82,0
1773256345000,64.14349,-21.8072833333333,0.0,0.0,0.0,true,83,0
1773256347000,64.1435216666667,-21.8072833333333,2.0,3.5,6.3,false,83,167.0
1773256352000,64.1435216666667,-21.8072833333333,5.0,0.0,0.0,true,1,0
1773256354000,64.1436733333333,-21.8071666666667,2.0,17.8,32.0,false,1,7.0
1773256356000,64.1436733333333,-21.8071666666667,2.0,0.0,0.0,true,1,0
1773256358000,64.1437866666667,-21.8068333333333,2.0,20.5,36.9,false,1,4.0
1773256360000,64.1437866666667,-21.8068333333333,2.0,0.0,0.0,true,1,0
1773256360000,64.1437866666667,-21.8068333333333,0.0,0.0,0.0,true,2,0
1773256367000,64.1445566666667,-21.8066333333333,7.0,86.2,44.3,false,2,9.0
1773256369000,64.1445566666667,-21.8066333333333,2.0,0.0,0.0,true,1,0
1773256369000,64.1445566666667,-21.8066333333333,0.0,0.0,0.0,true,2,0
1773256371000,64.1445566666667,-21.8066333333333,2.0,0.0,0.0,true,3,0
1773256373000,64.1449916666667,-21.8065,2.0,48.8,87.8,false,3,6.0
1773256373000,64.1449916666667,-21.8065,0.0,0.0,0.0,true,1,0
1773256377000,64.1450666666667,-21.8061666666667,4.0,18.2,16.4,false,1,4.0
1773256377000,64.1450666666667,-21.8061666666667,0.0,0.0,0.0,true,1,0
1773256380000,64.14505,-21.8061,3.0,3.7,4.5,false,1,3.0
1773256384000,64.14479,-21.8059666666667,4.0,29.6,26.7,false,0,4.0
1773256384000,64.14479,-21.8059666666667,0.0,0.0,0.0,true,1,0
1773256386000,64.14479,-21.8059666666667,2.0,0.0,0.0,true,2,0
1773256388000,64.14479,-21.8059666666667,2.0,0.0,0.0,true,3,0
1773256388000,64.14479,-21.8059666666667,0.0,0.0,0.0,true,4,0
1773256391000,64.1441816666667,-21.80615,3.0,68.2,81.9,false,4,7.0
1773256397000,64.1435216666667,-21.80635,6.0,74.0,44.4,false,0,6.0
1773256397000,64.1435216666667,-21.80635,0.0,0.0,0.0,true,1,0
1773256399000,64.142855,-21.8065166666667,2.0,74.6,134.2,false,1,2.0
1773256403000,64.142855,-21.8065166666667,4.0,0.0,0.0,true,1,0
1773256403000,64.142855,-21.8065166666667,0.0,0.0,0.0,true,2,0
1773256405000,64.14219,-21.80675,2.0,74.8,134.6,false,2,6.0
1773256407000,64.14219,-21.80675,2.0,0.0,0.0,true,1,0
1773256407000,64.14219,-21.80675,0.0,0.0,0.0,true,2,0
1773256411000,64.1414833333333,-21.8069333333333,4.0,79.1,71.2,false,2,6.0
1773256415000,64.1407916666667,-21.8069666666667,4.0,76.9,69.2,false,0,4.0
1773256415000,64.1407916666667,-21.8069666666667,0.0,0.0,0.0,true,1,0
1773256417000,64.1407916666667,-21.8069666666667,2.0,0.0,0.0,true,2,0
1773256417000,64.1407916666667,-21.8069666666667,0.0,0.0,0.0,true,3,0
1773256419000,64.1400616666667,-21.8069666666667,2.0,81.2,146.1,false,3,4.0
1773256424000,64.1393133333333,-21.807,5.0,83.2,59.9,false,0,5.0
1773256424000,64.1393133333333,-21.807,0.0,0.0,0.0,true,1,0
1773256427000,64.1393133333333,-21.807,3.0,0.0,0.0,true,2,0
1773256431000,64.1385916666667,-21.8072333333333,4.0,81.0,72.9,false,2,7.0
1773256431000,64.1385916666667,-21.8072333333333,0.0,0.0,0.0,true,1,0
1773256433000,64.1385916666667,-21.8072333333333,2.0,0.0,0.0,true,2,0
1773256435000,64.1379283333333,-21.8078333333333,2.0,79.3,142.7,false,2,4.0
1773256437000,64.1379283333333,-21.8078333333333,2.0,0.0,0.0,true,1,0
1773256439000,64.1374083333333,-21.8086833333333,2.0,71.0,127.8,false,1,4.0
1773256439000,64.1374083333333,-21.8086833333333,0.0,0.0,0.0,true,1,0
1773256443000,64.1372683333333,-21.8093,4.0,33.7,30.3,false,1,4.0
1773256443000,64.1372683333333,-21.8093,0.0,0.0,0.0,true,1,0
1773256445000,64.1372683333333,-21.8093,2.0,0.0,0.0,true,2,0