ts,lat,lng,dt_s,dist_m,implied_speed_kmh,is_stale,stale_run,real_gap_s
1773218922000,64.1234432,-21.7875538333333,0.0,0.0,0.0,true,1,0
1773218928000,64.1234432,-21.7875538333333,6.0,0.0,0.0,true,2,0
1773218930000,64.1234432,-21.7875538333333,2.0,0.0,0.0,true,3,0
1773218934000,64.1234432,-21.7875538333333,4.0,0.0,0.0,true,4,0
1773218934000,64.1234432,-21.7875538333333,0.0,0.0,0.0,true,5,0
1773218936000,64.1234432,-21.7875538333333,2.0,0.0,0.0,true,6,0
1773218939000,64.1234432,-21.7875538333333,3.0,0.0,0.0,true,7,0
1773218941000,64.1234432,-21.7875538333333,2.0,0.0,0.0,true,8,0
1773218941000,64.1234432,-21.7875538333333,0.0,0.0,0.0,true,9,0
1773218943000,64.1234432,-21.7875538333333,2.0,0.0,0.0,true,10,0
1773218947000,64.1234432,-21.7875538333333,4.0,0.0,0.0,true,11,0
1773218949000,64.1234432,-21.7875538333333,2.0,0.0,0.0,true,12,0
1773218949000,64.1234432,-21.7875538333333,0.0,0.0,0.0,true,13,0
1773218951000,64.1234432,-21.7875538333333,2.0,0.0,0.0,true,14,0
1773218954000,64.1234432,-21.7875538333333,3.0,0.0,0.0,true,15,0
1773218954000,64.1234432,-21.7875538333333,0.0,0.0,0.0,true,16,0
1773218956000,64.1234432,-21.7875538333333,2.0,0.0,0.0,true,17,0
1773218959000,64.1234432,-21.7875538333333,3.0,0.0,0.0,true,18,0
1773218959000,64.1234432,-21.7875538333333,0.0,0.0,0.0,true,19,0
1773218961000,64.1234432,-21.7875538333333,2.0,0.0,0.0,true,20,0
1773218965000,64.1234432,-21.7875538333333,4.0,0.0,0.0,true,21,0
1773218965000,64.1234432,-21.7875538333333,0.0,0.0,0.0,true,22,0
1773218969000,64.1234432,-21.7875538333333,4.0,0.0,0.0,true,23,0
1773218973000,64.1234432,-21.7875538333333,4.0,0.0,0.0,true,24,0
1773218973000,64.1234432,-21.7875538333333,0.0,0.0,0.0,true,25,0
1773218975000,64.1234432,-21.7875538333333,2.0,0.0,0.0,true,26,0
1773218978000,64.1234432,-21.7875538333333,3.0,0.0,0.0,true,27,0
1773218978000,64.1234432,-21.7875538333333,0.0,0.0,0.0,true,28,0
1773218982000,64.1234432,-21.7875538333333,4.0,0.0,0.0,true,29,0
1773218985000,64.1234432,-21.7875538333333,3.0,0.0,0.0,true,30,0
1773218985000,64.1234432,-21.7875538333333,0.0,0.0,0.0,true,31,0
1773218985000,64.1234432,-21.7875538333333,0.0,0.0,0.0,true,32,0
1773218990000,64.1234432,-21.7875538333333,5.0,0.0,0.0,true,33,0
1773218990000,64.1234432,-21.7875538333333,0.0,0.0,0.0,true,34,0
1773218994000,64.1234432,-21.7875538333333,4.0,0.0,0.0,true,35,0
1773218994000,64.1234432,-21.7875538333333,0.0,0.0,0.0,true,36,0
1773218999000,64.1234432,-21.7875538333333,5.0,0.0,0.0,true,37,0
1773219001000,64.1234432,-21.7875538333333,2.0,0.0,0.0,true,38,0
1773219001000,64.1234432,-21.7875538333333,0.0,0.0,0.0,true,39,0
1773219003000,64.1234432,-21.7875538333333,2.0,0.0,0.0,true,40,0
1773219013000,64.1234432,-21.7875538333333,10.0,0.0,0.0,true,41,0
1773219013000,64.1234432,-21.7875538333333,0.0,0.0,0.0,true,42,0
1773219013000,64.1234432,-21.7875538333333,0.0,0.0,0.0,true,43,0
1773219013000,64.1234432,-21.7875538333333,0.0,0.0,0.0,true,44,0
1773219020000,64.1234432,-21.7875538333333,7.0,0.0,0.0,true,45,0
1773219022000,64.1234432,-21.7875538333333,2.0,0.0,0.0,true,46,0
1773219022000,64.1234432,-21.7875538333333,0.0,0.0,0.0,true,47,0
1773219026000,64.1234432,-21.7875538333333,4.0,0.0,0.0,true,48,0
1773219026000,64.1234432,-21.7875538333333,0.0,0.0,0.0,true,49,0
1773219028000,64.1234432,-21.7875538333333,2.0,0.0,0.0,true,50,0
1773219032000,64.1234432,-21.7875538333333,4.0,0.0,0.0,true,51,0
1773219032000,64.1234432,-21.7875538333333,0.0,0.0,0.0,true,52,0
1773219036000,64.1234432,-21.7875538333333,4.0,0.0,0.0,true,53,0
1773219038000,64.1234432,-21.7875538333333,2.0,0.0,0.0,true,54,0
1773219038000,64.1234432,-21.7875538333333,0.0,0.0,0.0,true,55,0
1773219041000,64.1234432,-21.7875538333333,3.0,0.0,0.0,true,56,0
1773219044000,64.1234432,-21.7875538333333,3.0,0.0,0.0,true,57,0
1773219044000,64.1234432,-21.7875538333333,0.0,0.0,0.0,true,58,0
1773219049000,64.1234432,-21.7875538333333,5.0,0.0,0.0,true,59,0
1773219049000,64.1234432,-21.7875538333333,0.0,0.0,0.0,true,60,0
1773219051000,64.1234432,-21.7875538333333,2.0,0.0,0.0,true,61,0
1773219054000,64.1234432,-21.7875538333333,3.0,0.0,0.0,true,62,0
1773219054000,64.1234432,-21.7875538333333,0.0,0.0,0.0,true,63,0
1773219056000,64.1234432,-21.7875538333333,2.0,0.0,0.0,true,64,0
1773219059000,64.1234432,-21.7875538333333,3.0,0.0,0.0,true,65,0
1773219059000,64.1234432,-21.7875538333333,0.0,0.0,0.0,true,66,0
1773219062000,64.1234432,-21.7875538333333,3.0,0.0,0.0,true,67,0
1773219067000,64.1234432,-21.7875538333333,5.0,0.0,0.0,true,68,0
1773219067000,64.1234432,-21.7875538333333,0.0,0.0,0.0,true,69,0
1773219070000,64.1234432,-21.7875538333333,3.0,0.0,0.0,true,70,0
1773219070000,64.1234432,-21.7875538333333,0.0,0.0,0.0,true,71,0
1773219070000,64.1234432,-21.7875538333333,0.0,0.0,0.0,true,72,0
1773219076000,64.1234432,-21.7875538333333,6.0,0.0,0.0,true,73,0
1773219079000,64.1234432,-21.7875538333333,3.0,0.0,0.0,true,74,0
1773219079000,64.1234432,-21.7875538333333,0.0,0.0,0.0,true,75,0
1773219081000,64.1234432,-21.7875538333333,2.0,0.0,0.0,true,76,0
1773219084000,64.1234432,-21.7875538333333,3.0,0.0,0.0,true,77,0
1773219084000,64.1234432,-21.7875538333333,0.0,0.0,0.0,true,78,0
1773219087000,64.1234432,-21.7875538333333,3.0,0.0,0.0,true,79,0
1773219087000,64.1234432,-21.7875538333333,0.0,0.0,0.0,true,80,0
1773219091000,64.1234432,-21.7875538333333,4.0,0.0,0.0,true,81,0
1773219091000,64.1234432,-21.7875538333333,0.0,0.0,0.0,true,82,0
1773219095000,64.1234432,-21.7875538333333,4.0,0.0,0.0,true,83,0
1773219097000,64.1234432,-21.7875538333333,2.0,0.0,0.0,true,84,0
1773219097000,64.1234432,-21.7875538333333,0.0,0.0,0.0,true,85,0
1773219100000,64.1234432,-21.7875538333333,3.0,0.0,0.0,true,86,0
1773219104000,64.1234432,-21.7875538333333,4.0,0.0,0.0,true,87,0
1773219104000,64.1234432,-21.7875538333333,0.0,0.0,0.0,true,88,0
1773219110000,64.1234432,-21.7875538333333,6.0,0.0,0.0,true,89,0
1773219110000,64.1234432,-21.7875538333333,0.0,0.0,0.0,true,90,0
1773219110000,64.1234432,-21.7875538333333,0.0,0.0,0.0,true,91,0
1773219114000,64.1234432,-21.7875538333333,4.0,0.0,0.0,true,92,0
1773219114000,64.1234432,-21.7875538333333,0.0,0.0,0.0,true,93,0
1773219116000,64.1234432,-21.7875538333333,2.0,0.0,0.0,true,94,0
1773219119000,64.1234432,-21.7875538333333,3.0,0.0,0.0,true,95,0
1773219119000,64.1234432,-21.7875538333333,0.0,0.0,0.0,true,96,0
1773219123000,64.1234432,-21.7875538333333,4.0,0.0,0.0,true,97,0
1773219125000,64.1234432,-21.7875538333333,2.0,0.0,0.0,true,98,0
1773219129000,64.1234432,-21.7875538333333,4.0,0.0,0.0,true,99,0
1773219131000,64.1234432,-21.7875538333333,2.0,0.0,0.0,true,100,0
1773219133000,64.1234432,-21.7875538333333,2.0,0.0,0.0,true,101,0
1773219135000,64.1234432,-21.7875538333333,2.0,0.0,0.0,true,102,0
1773219135000,64.1234432,-21.7875538333333,0.0,0.0,0.0,true,103,0
1773219135000,64.1234432,-21.7875538333333,0.0,0.0,0.0,true,104,0
1773219137000,64.1234432,-21.7875538333333,2.0,0.0,0.0,true,105,0
1773219143000,64.1234432,-21.7875538333333,6.0,0.0,0.0,true,106,0
1773219143000,64.1234432,-21.7875538333333,0.0,0.0,0.0,true,107,0
1773219143000,64.1234432,-21.7875538333333,0.0,0.0,0.0,true,108,0
1773219148000,64.1234432,-21.7875538333333,5.0,0.0,0.0,true,109,0
1773219148000,64.1234432,-21.7875538333333,0.0,0.0,0.0,true,110,0
1773219152000,64.1234432,-21.7875538333333,4.0,0.0,0.0,true,111,0
1773219152000,64.1234432,-21.7875538333333,0.0,0.0,0.0,true,112,0
1773219157000,64.1234432,-21.7875538333333,5.0,0.0,0.0,true,113,0
1773219157000,64.1234432,-21.7875538333333,0.0,0.0,0.0,true,114,0
1773219159000,64.1234432,-21.7875538333333,2.0,0.0,0.0,true,115,0
1773219163000,64.1234432,-21.7875538333333,4.0,0.0,0.0,true,116,0
1773219163000,64.1234432,-21.7875538333333,0.0,0.0,0.0,true,117,0
1773219165000,64.1234432,-21.7875538333333,2.0,0.0,0.0,true,118,0
1773219168000,64.1234432,-21.7875538333333,3.0,0.0,0.0,true,119,0
1773219168000,64.1234432,-21.7875538333333,0.0,0.0,0.0,true,120,0
1773219168000,64.1234432,-21.7875538333333,0.0,0.0,0.0,true,121,0
1773219172000,64.1234432,-21.7875538333333,4.0,0.0,0.0,true,122,0
1773219172000,64.1234432,-21.7875538333333,0.0,0.0,0.0,true,123,0
1773219177000,64.1234432,-21.7875538333333,5.0,0.0,0.0,true,124,0
1773219177000,64.1234432,-21.7875538333333,0.0,0.0,0.0,true,125,0
1773219182000,64.1234432,-21.7875538333333,5.0,0.0,0.0,true,126,0
1773219184000,64.1234432,-21.7875538333333,2.0,0.0,0.0,true,127,0
1773219184000,64.1234432,-21.7875538333333,0.0,0.0,0.0,true,128,0
1773219188000,64.1234432,-21.7875538333333,4.0,0.0,0.0,true,129,0
1773219188000,64.1234432,-21.7875538333333,0.0,0.0,0.0,true,130,0
1773219193000,64.1234432,-21.7875538333333,5.0,0.0,0.0,true,131,0
1773219193000,64.1234432,-21.7875538333333,0.0,0.0,0.0,true,132,0
1773219193000,64.1234432,-21.7875538333333,0.0,0.0,0.0,true,133,0
1773219197000,64.1234432,-21.7875538333333,4.0,0.0,0.0,true,134,0
1773219197000,64.1234432,-21.7875538333333,0.0,0.0,0.0,true,135,0
1773219202000,64.1234432,-21.7875538333333,5.0,0.0,0.0,true,136,0
1773219202000,64.1234432,-21.7875538333333,0.0,0.0,0.0,true,137,0
1773219204000,64.1234432,-21.7875538333333,2.0,0.0,0.0,true,138,0
1773219208000,64.1234432,-21.7875538333333,4.0,0.0,0.0,true,139,0
1773219208000,64.1234432,-21.7875538333333,0.0,0.0,0.0,true,140,0
1773219213000,64.1234432,-21.7875538333333,5.0,0.0,0.0,true,141,0
1773219213000,64.1234432,-21.7875538333333,0.0,0.0,0.0,true,142,0
1773219217000,64.1234432,-21.7875538333333,4.0,0.0,0.0,true,143,0
1773219217000,64.1234432,-21.7875538333333,0.0,0.0,0.0,true,144,0
1773219219000,64.1234432,-21.7875538333333,2.0,0.0,0.0,true,145,0
1773219224000,64.1234432,-21.7875538333333,5.0,0.0,0.0,true,146,0
1773219224000,64.1234432,-21.7875538333333,0.0,0.0,0.0,true,147,0
1773219224000,64.1234432,-21.7875538333333,0.0,0.0,0.0,true,148,0
1773219228000,64.1234432,-21.7875538333333,4.0,0.0,0.0,true,149,0
1773219228000,64.1234432,-21.7875538333333,0.0,0.0,0.0,true,150,0
1773219232000,64.1234432,-21.7875538333333,4.0,0.0,0.0,true,151,0
1773219234000,64.1234432,-21.7875538333333,2.0,0.0,0.0,true,152,0
1773219234000,64.1234432,-21.7875538333333,0.0,0.0,0.0,true,153,0
1773219237000,64.1234432,-21.7875538333333,3.0,0.0,0.0,true,154,0
1773219237000,64.1234432,-21.7875538333333,0.0,0.0,0.0,true,155,0
1773219239000,64.1234432,-21.7875538333333,2.0,0.0,0.0,true,156,0
1773219243000,64.1234432,-21.7875538333333,4.0,0.0,0.0,true,157,0
1773219243000,64.1234432,-21.7875538333333,0.0,0.0,0.0,true,158,0
1773219248000,64.1234432,-21.7875538333333,5.0,0.0,0.0,true,159,0
1773219248000,64.1234432,-21.7875538333333,0.0,0.0,0.0,true,160,0
1773219252000,64.1234432,-21.7875538333333,4.0,0.0,0.0,true,161,0
1773219254000,64.1234432,-21.7875538333333,2.0,0.0,0.0,true,162,0
1773219258000,64.1234432,-21.7875538333333,4.0,0.0,0.0,true,163,0
1773219258000,64.1234432,-21.7875538333333,0.0,0.0,0.0,true,164,0
1773219258000,64.1234432,-21.7875538333333,0.0,0.0,0.0,true,165,0
1773219261000,64.1234432,-21.7875538333333,3.0,0.0,0.0,true,166,0
1773219264000,64.1234432,-21.7875538333333,3.0,0.0,0.0,true,167,0
1773219266000,64.1234432,-21.7875538333333,2.0,0.0,0.0,true,168,0
1773219266000,64.1234432,-21.7875538333333,0.0,0.0,0.0,true,169,0
1773219266000,64.1234432,-21.7875538333333,0.0,0.0,0.0,true,170,0
1773219270000,64.1234432,-21.7875538333333,4.0,0.0,0.0,true,171,0
1773219275000,64.1234432,-21.7875538333333,5.0,0.0,0.0,true,172,0
1773219275000,64.1234432,-21.7875538333333,0.0,0.0,0.0,true,173,0
1773219275000,64.1234432,-21.7875538333333,0.0,0.0,0.0,true,174,0
1773219281000,64.1234432,-21.7875538333333,6.0,0.0,0.0,true,175,0
1773219281000,64.1234432,-21.7875538333333,0.0,0.0,0.0,true,176,0
1773219285000,64.1234432,-21.7875538333333,4.0,0.0,0.0,true,177,0
1773219285000,64.1234432,-21.7875538333333,0.0,0.0,0.0,true,178,0
1773219288000,64.1234432,-21.7875538333333,3.0,0.0,0.0,true,179,0
1773219290000,64.1234432,-21.7875538333333,2.0,0.0,0.0,true,180,0
1773219290000,64.1234432,-21.7875538333333,0.0,0.0,0.0,true,181,0
1773219294000,64.1234432,-21.7875538333333,4.0,0.0,0.0,true,182,0
1773219294000,64.1234432,-21.7875538333333,0.0,0.0,0.0,true,183,0
1773219298000,64.1234432,-21.7875538333333,4.0,0.0,0.0,true,184,0
1773219298000,64.1234432,-21.7875538333333,0.0,0.0,0.0,true,185,0
1773219303000,64.1234432,-21.7875538333333,5.0,0.0,0.0,true,186,0
1773219303000,64.1234432,-21.7875538333333,0.0,0.0,0.0,true,187,0
1773219307000,64.1234432,-21.7875538333333,4.0,0.0,0.0,true,188,0
1773219307000,64.1234432,-21.7875538333333,0.0,0.0,0.0,true,189,0
1773219310000,64.1234432,-21.7875538333333,3.0,0.0,0.0,true,190,0
1773219310000,64.1234432,-21.7875538333333,0.0,0.0,0.0,true,191,0
1773219313000,64.1234432,-21.7875538333333,3.0,0.0,0.0,true,192,0
1773219313000,64.1234432,-21.7875538333333,0.0,0.0,0.0,true,193,0
1773219316000,64.1234432,-21.7875538333333,3.0,0.0,0.0,true,194,0
1773219319000,64.1234432,-21.7875538333333,3.0,0.0,0.0,true,195,0
1773219322000,64.1234432,-21.7875538333333,3.0,0.0,0.0,true,196,0
1773219326000,64.1234432,-21.7875538333333,4.0,0.0,0.0,true,197,0
1773219326000,64.1234432,-21.7875538333333,0.0,0.0,0.0,true,198,0
1773219328000,64.1234432,-21.7875538333333,2.0,0.0,0.0,true,199,0
1773219330000,64.1234432,-21.7875538333333,2.0,0.0,0.0,true,200,0
1773219330000,64.1234432,-21.7875538333333,0.0,0.0,0.0,true,201,0
1773219335000,64.1234432,-21.7875538333333,5.0,0.0,0.0,true,202,0
1773219335000,64.1234432,-21.7875538333333,0.0,0.0,0.0,true,203,0
1773219339000,64.1234432,-21.7875538333333,4.0,0.0,0.0,true,204,0
1773219341000,64.1234432,-21.7875538333333,2.0,0.0,0.0,true,205,0
1773219341000,64.1234432,-21.7875538333333,0.0,0.0,0.0,true,206,0
1773219343000,64.1234432,-21.7875538333333,2.0,0.0,0.0,true,207,0
1773219347000,64.1234432,-21.7875538333333,4.0,0.0,0.0,true,208,0
1773219347000,64.1234432,-21.7875538333333,0.0,0.0,0.0,true,209,0
1773219347000,64.1234432,-21.7875538333333,0.0,0.0,0.0,true,210,0
1773219347000,64.1234432,-21.7875538333333,0.0,0.0,0.0,true,211,0
1773219354000,64.1234432,-21.7875538333333,7.0,0.0,0.0,true,212,0
1773219357000,64.1234432,-21.7875538333333,3.0,0.0,0.0,true,213,0
1773219359000,64.1234432,-21.7875538333333,2.0,0.0,0.0,true,214,0
1773219359000,64.1234432,-21.7875538333333,0.0,0.0,0.0,true,215,0
1773219363000,64.1234432,-21.7875538333333,4.0,0.0,0.0,true,216,0
1773219365000,64.1234432,-21.7875538333333,2.0,0.0,0.0,true,217,0
1773219365000,64.1234432,-21.7875538333333,0.0,0.0,0.0,true,218,0
1773219365000,64.1234432,-21.7875538333333,0.0,0.0,0.0,true,219,0
1773219370000,64.1234432,-21.7875538333333,5.0,0.0,0.0,true,220,0
1773219372000,64.1234432,-21.7875538333333,2.0,0.0,0.0,true,221,0
1773219375000,64.1234432,-21.7875538333333,3.0,0.0,0.0,true,222,0
1773219375000,64.1234432,-21.7875538333333,0.0,0.0,0.0,true,223,0
1773219378000,64.1234432,-21.7875538333333,3.0,0.0,0.0,true,224,0
1773219381000,64.1234432,-21.7875538333333,3.0,0.0,0.0,true,225,0
1773219381000,64.1234432,-21.7875538333333,0.0,0.0,0.0,true,226,0
1773219383000,64.1234432,-21.7875538333333,2.0,0.0,0.0,true,227,0
1773219387000,64.1234432,-21.7875538333333,4.0,0.0,0.0,true,228,0
1773219387000,64.1234432,-21.7875538333333,0.0,0.0,0.0,true,229,0
1773219390000,64.1234432,-21.7875538333333,3.0,0.0,0.0,true,230,0
1773219390000,64.1234432,-21.7875538333333,0.0,0.0,0.0,true,231,0
1773219394000,64.1234432,-21.7875538333333,4.0,0.0,0.0,true,232,0
1773219396000,64.1234432,-21.7875538333333,2.0,0.0,0.0,true,233,0
1773219396000,64.1234432,-21.7875538333333,0.0,0.0,0.0,true,234,0
1773219398000,64.1234432,-21.7875538333333,2.0,0.0,0.0,true,235,0
1773219402000,64.1234432,-21.7875538333333,4.0,0.0,0.0,true,236,0
1773219402000,64.1234432,-21.7875538333333,0.0,0.0,0.0,true,237,0
1773219409000,64.1234432,-21.7875538333333,7.0,0.0,0.0,true,238,0
1773219413000,64.1234432,-21.7875538333333,4.0,0.0,0.0,true,239,0
1773219413000,64.1234432,-21.7875538333333,0.0,0.0,0.0,true,240,0
1773219415000,64.1234432,-21.7875538333333,2.0,0.0,0.0,true,241,0
1773219418000,64.1234432,-21.7875538333333,3.0,0.0,0.0,true,242,0
1773219418000,64.1234432,-21.7875538333333,0.0,0.0,0.0,true,243,0
1773219422000,64.1234432,-21.7875538333333,4.0,0.0,0.0,true,244,0
1773219422000,64.1234432,-21.7875538333333,0.0,0.0,0.0,true,245,0
1773219424000,64.1234432,-21.7875538333333,2.0,0.0,0.0,true,246,0
1773219429000,64.1234432,-21.7875538333333,5.0,0.0,0.0,true,247,0
1773219429000,64.1234432,-21.7875538333333,0.0,0.0,0.0,true,248,0
1773219431000,64.1234432,-21.7875538333333,2.0,0.0,0.0,true,249,0
1773219434000,64.1234432,-21.7875538333333,3.0,0.0,0.0,true,250,0
1773219434000,64.1234432,-21.7875538333333,0.0,0.0,0.0,true,251,0
1773219438000,64.1234432,-21.7875538333333,4.0,0.0,0.0,true,252,0
1773219440000,64.1234432,-21.7875538333333,2.0,0.0,0.0,true,253,0
1773219440000,64.1234432,-21.7875538333333,0.0,0.0,0.0,true,254,0
1773219443000,64.1234432,-21.7875538333333,3.0,0.0,0.0,true,255,0
1773219445000,64.1234432,-21.7875538333333,2.0,0.0,0.0,true,256,0
1773219445000,64.1234432,-21.7875538333333,0.0,0.0,0.0,true,257,0
1773219451000,64.1234432,-21.7875538333333,6.0,0.0,0.0,true,258,0
1773219451000,64.1234432,-21.7875538333333,0.0,0.0,0.0,true,259,0
1773219453000,64.1234432,-21.7875538333333,2.0,0.0,0.0,true,260,0
1773219455000,64.1234432,-21.7875538333333,2.0,0.0,0.0,true,261,0
1773219455000,64.1234432,-21.7875538333333,0.0,0.0,0.0,true,262,0
1773219460000,64.1234432,-21.7875538333333,5.0,0.0,0.0,true,263,0
1773219460000,64.1234432,-21.7875538333333,0.0,0.0,0.0,true,264,0
1773219460000,64.1234432,-21.7875538333333,0.0,0.0,0.0,true,265,0
1773219465000,64.1234432,-21.7875538333333,5.0,0.0,0.0,true,266,0
1773219469000,64.1234432,-21.7875538333333,4.0,0.0,0.0,true,267,0
1773219469000,64.1234432,-21.7875538333333,0.0,0.0,0.0,true,268,0
1773219471000,64.1234432,-21.7875538333333,2.0,0.0,0.0,true,269,0
1773219474000,64.1234432,-21.7875538333333,3.0,0.0,0.0,true,270,0
1773219474000,64.1234432,-21.7875538333333,0.0,0.0,0.0,true,271,0
1773219474000,64.1234432,-21.7875538333333,0.0,0.0,0.0,true,272,0
1773219483000,64.1234432,-21.7875538333333,9.0,0.0,0.0,true,273,0
1773219483000,64.1234432,-21.7875538333333,0.0,0.0,0.0,true,274,0
1773219486000,64.1234432,-21.7875538333333,3.0,0.0,0.0,true,275,0
1773219488000,64.1234432,-21.7875538333333,2.0,0.0,0.0,true,276,0
1773219488000,64.1234432,-21.7875538333333,0.0,0.0,0.0,true,277,0
1773219490000,64.1234432,-21.7875538333333,2.0,0.0,0.0,true,278,0
1773219490000,64.1234432,-21.7875538333333,0.0,0.0,0.0,true,279,0
1773219493000,64.1234432,-21.7875538333333,3.0,0.0,0.0,true,280,0
1773219495000,64.1234432,-21.7875538333333,2.0,0.0,0.0,true,281,0
1773219499000,64.1234432,-21.7875538333333,4.0,0.0,0.0,true,282,0
1773219501000,64.1234432,-21.7875538333333,2.0,0.0,0.0,true,283,0
1773219501000,64.1234432,-21.7875538333333,0.0,0.0,0.0,true,284,0
1773219503000,64.1234432,-21.7875538333333,2.0,0.0,0.0,true,285,0
1773219507000,64.1234432,-21.7875538333333,4.0,0.0,0.0,true,286,0
1773219507000,64.1234432,-21.7875538333333,0.0,0.0,0.0,true,287,0
1773219507000,64.1234432,-21.7875538333333,0.0,0.0,0.0,true,288,0
1773219510000,64.1234432,-21.7875538333333,3.0,0.0,0.0,true,289,0
1773219515000,64.1234432,-21.7875538333333,5.0,0.0,0.0,true,290,0
1773219517000,64.1234432,-21.7875538333333,2.0,0.0,0.0,true,291,0
1773219520000,64.1234432,-21.7875538333333,3.0,0.0,0.0,true,292,0
1773219522000,64.1234432,-21.7875538333333,2.0,0.0,0.0,true,293,0
1773227491000,64.1234432,-21.7875538333333,7969.0,0.0,0.0,true,294,0
1773227495000,64.1234432,-21.7875538333333,4.0,0.0,0.0,true,295,0
1773227495000,64.1234432,-21.7875538333333,0.0,0.0,0.0,true,296,0
1773227495000,64.1234432,-21.7875538333333,0.0,0.0,0.0,true,297,0
1773227495000,64.1234432,-21.7875538333333,0.0,0.0,0.0,true,298,0
1773227502000,64.1234432,-21.7875538333333,7.0,0.0,0.0,true,299,0
1773227504000,64.1234432,-21.7875538333333,2.0,0.0,0.0,true,300,0
1773227504000,64.1234432,-21.7875538333333,0.0,0.0,0.0,true,301,0
1773227508000,64.1234432,-21.7875538333333,4.0,0.0,0.0,true,302,0
1773227510000,64.1234432,-21.7875538333333,2.0,0.0,0.0,true,303,0
1773227514000,64.1234432,-21.7875538333333,4.0,0.0,0.0,true,304,0
1773227514000,64.1234432,-21.7875538333333,0.0,0.0,0.0,true,305,0
1773227516000,64.1234432,-21.7875538333333,2.0,0.0,0.0,true,306,0
1773227516000,64.1234432,-21.7875538333333,0.0,0.0,0.0,true,307,0
1773227518000,64.1234432,-21.7875538333333,2.0,0.0,0.0,true,308,0
1773227520000,64.1234432,-21.7875538333333,2.0,0.0,0.0,true,309,0
1773227526000,64.1234432,-21.7875538333333,6.0,0.0,0.0,true,310,0
1773227528000,64.1234432,-21.7875538333333,2.0,0.0,0.0,true,311,0
1773227528000,64.1234432,-21.7875538333333,0.0,0.0,0.0,true,312,0
1773227531000,64.1234432,-21.7875538333333,3.0,0.0,0.0,true,313,0
1773227537000,64.1234432,-21.7875538333333,6.0,0.0,0.0,true,314,0
1773227537000,64.1234432,-21.7875538333333,0.0,0.0,0.0,true,315,0
1773227541000,64.1234432,-21.7875538333333,4.0,0.0,0.0,true,316,0
1773227543000,64.1234432,-21.7875538333333,2.0,0.0,0.0,true,317,0
1773227543000,64.1234432,-21.7875538333333,0.0,0.0,0.0,true,318,0
1773227545000,64.1234432,-21.7875538333333,2.0,0.0,0.0,true,319,0
1773227547000,64.1234432,-21.7875538333333,2.0,0.0,0.0,true,320,0
1773227547000,64.1234432,-21.7875538333333,0.0,0.0,0.0,true,321,0
1773227552000,64.1234432,-21.7875538333333,5.0,0.0,0.0,true,322,0
1773227552000,64.1234432,-21.7875538333333,0.0,0.0,0.0,true,323,0
1773227556000,64.1234432,-21.7875538333333,4.0,0.0,0.0,true,324,0
1773227558000,64.1234432,-21.7875538333333,2.0,0.0,0.0,true,325,0
1773227558000,64.1234432,-21.7875538333333,0.0,0.0,0.0,true,326,0
1773227562000,64.1234432,-21.7875538333333,4.0,0.0,0.0,true,327,0
1773227564000,64.1234432,-21.7875538333333,2.0,0.0,0.0,true,328,0
1773227564000,64.1234432,-21.7875538333333,0.0,0.0,0.0,true,329,0
1773227568000,64.1234432,-21.7875538333333,4.0,0.0,0.0,true,330,0
1773227571000,64.1234432,-21.7875538333333,3.0,0.0,0.0,true,331,0
1773227571000,64.1234432,-21.7875538333333,0.0,0.0,0.0,true,332,0
1773227575000,64.1234432,-21.7875538333333,4.0,0.0,0.0,true,333,0
1773227575000,64.1234432,-21.7875538333333,0.0,0.0,0.0,true,334,0
1773227577000,64.1234432,-21.7875538333333,2.0,0.0,0.0,true,335,0
1773227581000,64.1234432,-21.7875538333333,4.0,0.0,0.0,true,336,0
1773227581000,64.1234432,-21.7875538333333,0.0,0.0,0.0,true,337,0
1773227583000,64.1234432,-21.7875538333333,2.0,0.0,0.0,true,338,0
1773227585000,64.1234432,-21.7875538333333,2.0,0.0,0.0,true,339,0
1773227585000,64.1234432,-21.7875538333333,0.0,0.0,0.0,true,340,0
1773227592000,64.1234432,-21.7875538333333,7.0,0.0,0.0,true,341,0
1773227594000,64.1234432,-21.7875538333333,2.0,0.0,0.0,true,342,0
1773227594000,64.1234432,-21.7875538333333,0.0,0.0,0.0,true,343,0
1773227596000,64.1234432,-21.7875538333333,2.0,0.0,0.0,true,344,0
1773227598000,64.1234432,-21.7875538333333,2.0,0.0,0.0,true,345,0
1773227598000,64.1234432,-21.7875538333333,0.0,0.0,0.0,true,346,0
1773227602000,64.1234432,-21.7875538333333,4.0,0.0,0.0,true,347,0
1773227602000,64.1234432,-21.7875538333333,0.0,0.0,0.0,true,348,0
1773227604000,64.1234432,-21.7875538333333,2.0,0.0,0.0,true,349,0
1773227607000,64.1234432,-21.7875538333333,3.0,0.0,0.0,true,350,0
1773227607000,64.1234432,-21.7875538333333,0.0,0.0,0.0,true,351,0
1773227612000,64.1234432,-21.7875538333333,5.0,0.0,0.0,true,352,0
1773227615000,64.1234432,-21.7875538333333,3.0,0.0,0.0,true,353,0
1773227615000,64.1234432,-21.7875538333333,0.0,0.0,0.0,true,354,0
1773227619000,64.1234432,-21.7875538333333,4.0,0.0,0.0,true,355,0
1773227621000,64.1234432,-21.7875538333333,2.0,0.0,0.0,true,356,0
1773227621000,64.1234432,-21.7875538333333,0.0,0.0,0.0,true,357,0
1773227623000,64.1234432,-21.7875538333333,2.0,0.0,0.0,true,358,0
1773227623000,64.1234432,-21.7875538333333,0.0,0.0,0.0,true,359,0
1773227625000,64.1234432,-21.7875538333333,2.0,0.0,0.0,true,360,0
1773227627000,64.1234432,-21.7875538333333,2.0,0.0,0.0,true,361,0
1773227627000,64.1234432,-21.7875538333333,0.0,0.0,0.0,true,362,0
1773227632000,64.1234432,-21.7875538333333,5.0,0.0,0.0,true,363,0
1773227636000,64.1234432,-21.7875538333333,4.0,0.0,0.0,true,364,0
1773227636000,64.1234432,-21.7875538333333,0.0,0.0,0.0,true,365,0
1773227638000,64.1234432,-21.7875538333333,2.0,0.0,0.0,true,366,0
1773227641000,64.1234432,-21.7875538333333,3.0,0.0,0.0,true,367,0
1773227641000,64.1234432,-21.7875538333333,0.0,0.0,0.0,true,368,0
1773227645000,64.1234432,-21.7875538333333,4.0,0.0,0.0,true,369,0
1773227647000,64.1234432,-21.7875538333333,2.0,0.0,0.0,true,370,0
1773227651000,64.1234432,-21.7875538333333,4.0,0.0,0.0,true,371,0
1773227653000,64.1234432,-21.7875538333333,2.0,0.0,0.0,true,372,0
1773227653000,64.1234432,-21.7875538333333,0.0,0.0,0.0,true,373,0
1773227655000,64.1234432,-21.7875538333333,2.0,0.0,0.0,true,374,0
1773227657000,64.1234432,-21.7875538333333,2.0,0.0,0.0,true,375,0
1773227657000,64.1234432,-21.7875538333333,0.0,0.0,0.0,true,376,0
1773227662000,64.1234432,-21.7875538333333,5.0,0.0,0.0,true,377,0
1773227666000,64.1234432,-21.7875538333333,4.0,0.0,0.0,true,378,0
1773227666000,64.1234432,-21.7875538333333,0.0,0.0,0.0,true,379,0
1773227666000,64.1234432,-21.7875538333333,0.0,0.0,0.0,true,380,0
1773227668000,64.1234432,-21.7875538333333,2.0,0.0,0.0,true,381,0
1773227672000,64.1234432,-21.7875538333333,4.0,0.0,0.0,true,382,0
1773227674000,64.1234432,-21.7875538333333,2.0,0.0,0.0,true,383,0
1773227678000,64.1234432,-21.7875538333333,4.0,0.0,0.0,true,384,0
1773227678000,64.1234432,-21.7875538333333,0.0,0.0,0.0,true,385,0
1773227680000,64.1234432,-21.7875538333333,2.0,0.0,0.0,true,386,0
1773227682000,64.1234432,-21.7875538333333,2.0,0.0,0.0,true,387,0
1773227682000,64.1234432,-21.7875538333333,0.0,0.0,0.0,true,388,0
1773227685000,64.1234432,-21.7875538333333,3.0,0.0,0.0,true,389,0
1773227689000,64.1234432,-21.7875538333333,4.0,0.0,0.0,true,390,0
1773227689000,64.1234432,-21.7875538333333,0.0,0.0,0.0,true,391,0
1773227691000,64.1234432,-21.7875538333333,2.0,0.0,0.0,true,392,0
1773227693000,64.1234432,-21.7875538333333,2.0,0.0,0.0,true,393,0
1773227695000,64.1234432,-21.7875538333333,2.0,0.0,0.0,true,394,0
1773227695000,64.1234432,-21.7875538333333,0.0,0.0,0.0,true,395,0
1773227701000,64.1234432,-21.7875538333333,6.0,0.0,0.0,true,396,0
1773227705000,64.1234432,-21.7875538333333,4.0,0.0,0.0,true,397,0
1773227705000,64.1234432,-21.7875538333333,0.0,0.0,0.0,true,398,0
1773227707000,64.1234432,-21.7875538333333,2.0,0.0,0.0,true,399,0
1773227707000,64.1234432,-21.7875538333333,0.0,0.0,0.0,true,400,0
1773227713000,64.1234432,-21.7875538333333,6.0,0.0,0.0,true,401,0
1773227713000,64.1234432,-21.7875538333333,0.0,0.0,0.0,true,402,0
1773227713000,64.1234432,-21.7875538333333,0.0,0.0,0.0,true,403,0
1773227716000,64.1234432,-21.7875538333333,3.0,0.0,0.0,true,404,0
1773227718000,64.1234432,-21.7875538333333,2.0,0.0,0.0,true,405,0
1773227718000,64.1234432,-21.7875538333333,0.0,0.0,0.0,true,406,0
1773227720000,64.1234432,-21.7875538333333,2.0,0.0,0.0,true,407,0
1773227723000,64.1234432,-21.7875538333333,3.0,0.0,0.0,true,408,0
1773227727000,64.1234432,-21.7875538333333,4.0,0.0,0.0,true,409,0
1773227727000,64.1234432,-21.7875538333333,0.0,0.0,0.0,true,410,0
1773227731000,64.1234432,-21.7875538333333,4.0,0.0,0.0,true,411,0
1773227731000,64.1234432,-21.7875538333333,0.0,0.0,0.0,true,412,0
1773227734000,64.1234432,-21.7875538333333,3.0,0.0,0.0,true,413,0
1773227736000,64.1234432,-21.7875538333333,2.0,0.0,0.0,true,414,0
1773227736000,64.1234432,-21.7875538333333,0.0,0.0,0.0,true,415,0
1773227740000,64.1234432,-21.7875538333333,4.0,0.0,0.0,true,416,0
1773227740000,64.1234432,-21.7875538333333,0.0,0.0,0.0,true,417,0
1773227742000,64.1234432,-21.7875538333333,2.0,0.0,0.0,true,418,0
1773227744000,64.1234432,-21.7875538333333,2.0,0.0,0.0,true,419,0
1773227746000,64.1234432,-21.7875538333333,2.0,0.0,0.0,true,420,0
1773227746000,64.1234432,-21.7875538333333,0.0,0.0,0.0,true,421,0
1773227752000,64.1234432,-21.7875538333333,6.0,0.0,0.0,true,422,0
1773227757000,64.1234432,-21.7875538333333,5.0,0.0,0.0,true,423,0
1773227757000,64.1234432,-21.7875538333333,0.0,0.0,0.0,true,424,0
1773227757000,64.1234432,-21.7875538333333,0.0,0.0,0.0,true,425,0
1773227757000,64.1234432,-21.7875538333333,0.0,0.0,0.0,true,426,0
1773227760000,64.1234432,-21.7875538333333,3.0,0.0,0.0,true,427,0
1773227764000,64.1234432,-21.7875538333333,4.0,0.0,0.0,true,428,0
1773227766000,64.1234432,-21.7875538333333,2.0,0.0,0.0,true,429,0
1773227766000,64.1234432,-21.7875538333333,0.0,0.0,0.0,true,430,0
1773227772000,64.1234432,-21.7875538333333,6.0,0.0,0.0,true,431,0
1773227772000,64.1234432,-21.7875538333333,0.0,0.0,0.0,true,432,0
1773227775000,64.1234432,-21.7875538333333,3.0,0.0,0.0,true,433,0
1773227775000,64.1234432,-21.7875538333333,0.0,0.0,0.0,true,434,0
1773227777000,64.1234432,-21.7875538333333,2.0,0.0,0.0,true,435,0
1773227777000,64.1234432,-21.7875538333333,0.0,0.0,0.0,true,436,0
1773227781000,64.1234432,-21.7875538333333,4.0,0.0,0.0,true,437,0
1773227781000,64.1234432,-21.7875538333333,0.0,0.0,0.0,true,438,0
1773227784000,64.1234432,-21.7875538333333,3.0,0.0,0.0,true,439,0
1773227790000,64.1234432,-21.7875538333333,6.0,0.0,0.0,true,440,0
1773227790000,64.1234432,-21.7875538333333,0.0,0.0,0.0,true,441,0
1773227792000,64.1234432,-21.7875538333333,2.0,0.0,0.0,true,442,0
1773227792000,64.1234432,-21.7875538333333,0.0,0.0,0.0,true,443,0
1773227796000,64.1234432,-21.7875538333333,4.0,0.0,0.0,true,444,0
1773227796000,64.1234432,-21.7875538333333,0.0,0.0,0.0,true,445,0
1773227799000,64.1234432,-21.7875538333333,3.0,0.0,0.0,true,446,0
1773227801000,64.1234432,-21.7875538333333,2.0,0.0,0.0,true,447,0
1773227805000,64.1234432,-21.7875538333333,4.0,0.0,0.0,true,448,0
1773227807000,64.1234432,-21.7875538333333,2.0,0.0,0.0,true,449,0
1773227807000,64.1234432,-21.7875538333333,0.0,0.0,0.0,true,450,0
1773227809000,64.1234432,-21.7875538333333,2.0,0.0,0.0,true,451,0
1773227812000,64.1234432,-21.7875538333333,3.0,0.0,0.0,true,452,0
1773227815000,64.1234432,-21.7875538333333,3.0,0.0,0.0,true,453,0
1773227815000,64.1234432,-21.7875538333333,0.0,0.0,0.0,true,454,0
1773227819000,64.1234432,-21.7875538333333,4.0,0.0,0.0,true,455,0
1773227819000,64.1234432,-21.7875538333333,0.0,0.0,0.0,true,456,0
1773227819000,64.1234432,-21.7875538333333,0.0,0.0,0.0,true,457,0
1773227823000,64.1234432,-21.7875538333333,4.0,0.0,0.0,true,458,0
1773227823000,64.1234432,-21.7875538333333,0.0,0.0,0.0,true,459,0
1773227827000,64.1234432,-21.7875538333333,4.0,0.0,0.0,true,460,0
1773227827000,64.1234432,-21.7875538333333,0.0,0.0,0.0,true,461,0
1773227830000,64.1234432,-21.7875538333333,3.0,0.0,0.0,true,462,0
1773227832000,64.1234432,-21.7875538333333,2.0,0.0,0.0,true,463,0
1773227836000,64.1234432,-21.7875538333333,4.0,0.0,0.0,true,464,0
1773227839000,64.1234432,-21.7875538333333,3.0,0.0,0.0,true,465,0
1773227841000,64.1234432,-21.7875538333333,2.0,0.0,0.0,true,466,0
1773227841000,64.1234432,-21.7875538333333,0.0,0.0,0.0,true,467,0
1773227841000,64.1234432,-21.7875538333333,0.0,0.0,0.0,true,468,0
1773227847000,64.1234432,-21.7875538333333,6.0,0.0,0.0,true,469,0
1773227847000,64.1234432,-21.7875538333333,0.0,0.0,0.0,true,470,0
1773227847000,64.1234432,-21.7875538333333,0.0,0.0,0.0,true,471,0
1773227853000,64.1234432,-21.7875538333333,6.0,0.0,0.0,true,472,0
1773227853000,64.1234432,-21.7875538333333,0.0,0.0,0.0,true,473,0
1773227856000,64.1234432,-21.7875538333333,3.0,0.0,0.0,true,474,0
1773227856000,64.1234432,-21.7875538333333,0.0,0.0,0.0,true,475,0
1773227860000,64.1234432,-21.7875538333333,4.0,0.0,0.0,true,476,0
1773227863000,64.1234432,-21.7875538333333,3.0,0.0,0.0,true,477,0
1773227865000,64.1234432,-21.7875538333333,2.0,0.0,0.0,true,478,0
1773227865000,64.1234432,-21.7875538333333,0.0,0.0,0.0,true,479,0
1773227868000,64.1234432,-21.7875538333333,3.0,0.0,0.0,true,480,0
1773227868000,64.1234432,-21.7875538333333,0.0,0.0,0.0,true,481,0
1773227873000,64.1234432,-21.7875538333333,5.0,0.0,0.0,true,482,0
1773227876000,64.1234432,-21.7875538333333,3.0,0.0,0.0,true,483,0
1773227876000,64.1234432,-21.7875538333333,0.0,0.0,0.0,true,484,0
1773227879000,64.1234432,-21.7875538333333,3.0,0.0,0.0,true,485,0
1773227879000,64.1234432,-21.7875538333333,0.0,0.0,0.0,true,486,0
1773227881000,64.1234432,-21.7875538333333,2.0,0.0,0.0,true,487,0
1773227881000,64.1234432,-21.7875538333333,0.0,0.0,0.0,true,488,0
1773227886000,64.1234432,-21.7875538333333,5.0,0.0,0.0,true,489,0
1773227886000,64.1234432,-21.7875538333333,0.0,0.0,0.0,true,490,0
1773227890000,64.1234432,-21.7875538333333,4.0,0.0,0.0,true,491,0
1773227890000,64.1234432,-21.7875538333333,0.0,0.0,0.0,true,492,0
1773227895000,64.1234432,-21.7875538333333,5.0,0.0,0.0,true,493,0
1773227895000,64.1234432,-21.7875538333333,0.0,0.0,0.0,true,494,0
1773227897000,64.1234432,-21.7875538333333,2.0,0.0,0.0,true,495,0
1773227900000,64.1234432,-21.7875538333333,3.0,0.0,0.0,true,496,0
1773227902000,64.1234432,-21.7875538333333,2.0,0.0,0.0,true,497,0
1773227902000,64.1234432,-21.7875538333333,0.0,0.0,0.0,true,498,0
1773227905000,64.1234432,-21.7875538333333,3.0,0.0,0.0,true,499,0
1773227907000,64.1234432,-21.7875538333333,2.0,0.0,0.0,true,500,0
1773227910000,64.1234432,-21.7875538333333,3.0,0.0,0.0,true,501,0
1773227910000,64.1234432,-21.7875538333333,0.0,0.0,0.0,true,502,0
1773227912000,64.1234432,-21.7875538333333,2.0,0.0,0.0,true,503,0
1773227916000,64.1234432,-21.7875538333333,4.0,0.0,0.0,true,504,0
1773227916000,64.1234432,-21.7875538333333,0.0,0.0,0.0,true,505,0
1773227918000,64.1234432,-21.7875538333333,2.0,0.0,0.0,true,506,0
1773227923000,64.1234432,-21.7875538333333,5.0,0.0,0.0,true,507,0
1773227925000,64.1234432,-21.7875538333333,2.0,0.0,0.0,true,508,0
1773227925000,64.1234432,-21.7875538333333,0.0,0.0,0.0,true,509,0
1773227927000,64.1234432,-21.7875538333333,2.0,0.0,0.0,true,510,0
1773227930000,64.1234432,-21.7875538333333,3.0,0.0,0.0,true,511,0
1773227934000,64.1234432,-21.7875538333333,4.0,0.0,0.0,true,512,0
1773227934000,64.1234432,-21.7875538333333,0.0,0.0,0.0,true,513,0
1773227938000,64.1234432,-21.7875538333333,4.0,0.0,0.0,true,514,0
1773227938000,64.1234432,-21.7875538333333,0.0,0.0,0.0,true,515,0
1773227940000,64.1234432,-21.7875538333333,2.0,0.0,0.0,true,516,0
1773227940000,64.1234432,-21.7875538333333,0.0,0.0,0.0,true,517,0
1773227944000,64.1234432,-21.7875538333333,4.0,0.0,0.0,true,518,0
1773227944000,64.1234432,-21.7875538333333,0.0,0.0,0.0,true,519,0
1773227946000,64.1234432,-21.7875538333333,2.0,0.0,0.0,true,520,0
1773227953000,64.1234432,-21.7875538333333,7.0,0.0,0.0,true,521,0
1773227953000,64.1234432,-21.7875538333333,0.0,0.0,0.0,true,522,0
1773227955000,64.1234432,-21.7875538333333,2.0,0.0,0.0,true,523,0
1773227955000,64.1234432,-21.7875538333333,0.0,0.0,0.0,true,524,0
1773227959000,64.1234432,-21.7875538333333,4.0,0.0,0.0,true,525,0
1773227961000,64.1234432,-21.7875538333333,2.0,0.0,0.0,true,526,0
1773227964000,64.1234432,-21.7875538333333,3.0,0.0,0.0,true,527,0
1773227964000,64.1234432,-21.7875538333333,0.0,0.0,0.0,true,528,0
1773227966000,64.1234432,-21.7875538333333,2.0,0.0,0.0,true,529,0
1773227968000,64.1234432,-21.7875538333333,2.0,0.0,0.0,true,530,0
1773227968000,64.1234432,-21.7875538333333,0.0,0.0,0.0,true,531,0
1773227974000,64.1234432,-21.7875538333333,6.0,0.0,0.0,true,532,0
1773227974000,64.1234432,-21.7875538333333,0.0,0.0,0.0,true,533,0
1773227976000,64.1234432,-21.7875538333333,2.0,0.0,0.0,true,534,0
1773227980000,64.1234432,-21.7875538333333,4.0,0.0,0.0,true,535,0
1773227980000,64.1234432,-21.7875538333333,0.0,0.0,0.0,true,536,0
1773227982000,64.1234432,-21.7875538333333,2.0,0.0,0.0,true,537,0
1773227986000,64.1234432,-21.7875538333333,4.0,0.0,0.0,true,538,0
1773227986000,64.1234432,-21.7875538333333,0.0,0.0,0.0,true,539,0
1773227988000,64.1234432,-21.7875538333333,2.0,0.0,0.0,true,540,0
1773227991000,64.1234432,-21.7875538333333,3.0,0.0,0.0,true,541,0
1773227991000,64.1234432,-21.7875538333333,0.0,0.0,0.0,true,542,0
1773227995000,64.1234432,-21.7875538333333,4.0,0.0,0.0,true,543,0
1773227995000,64.1234432,-21.7875538333333,0.0,0.0,0.0,true,544,0
1773227995000,64.1234432,-21.7875538333333,0.0,0.0,0.0,true,545,0
1773228001000,64.1234432,-21.7875538333333,6.0,0.0,0.0,true,546,0
1773228001000,64.1234432,-21.7875538333333,0.0,0.0,0.0,true,547,0
1773228003000,64.1234432,-21.7875538333333,2.0,0.0,0.0,true,548,0
1773228007000,64.1234432,-21.7875538333333,4.0,0.0,0.0,true,549,0
1773228007000,64.1234432,-21.7875538333333,0.0,0.0,0.0,true,550,0
1773228010000,64.1234432,-21.7875538333333,3.0,0.0,0.0,true,551,0
1773228012000,64.1234432,-21.7875538333333,2.0,0.0,0.0,true,552,0
1773228012000,64.1234432,-21.7875538333333,0.0,0.0,0.0,true,553,0
1773228016000,64.1234432,-21.7875538333333,4.0,0.0,0.0,true,554,0
1773228018000,64.1234432,-21.7875538333333,2.0,0.0,0.0,true,555,0
1773228018000,64.1234432,-21.7875538333333,0.0,0.0,0.0,true,556,0
1773228020000,64.1234432,-21.7875538333333,2.0,0.0,0.0,true,557,0
1773228024000,64.1234432,-21.7875538333333,4.0,0.0,0.0,true,558,0
1773228026000,64.1234432,-21.7875538333333,2.0,0.0,0.0,true,559,0
1773228028000,64.1234432,-21.7875538333333,2.0,0.0,0.0,true,560,0
1773228028000,64.1234432,-21.7875538333333,0.0,0.0,0.0,true,561,0
1773228031000,64.1234432,-21.7875538333333,3.0,0.0,0.0,true,562,0
1773228035000,64.1234432,-21.7875538333333,4.0,0.0,0.0,true,563,0
1773228035000,64.1234432,-21.7875538333333,0.0,0.0,0.0,true,564,0
1773228037000,64.1234432,-21.7875538333333,2.0,0.0,0.0,true,565,0
1773228041000,64.1234432,-21.7875538333333,4.0,0.0,0.0,true,566,0
1773228041000,64.1234432,-21.7875538333333,0.0,0.0,0.0,true,567,0
1773228043000,64.1234432,-21.7875538333333,2.0,0.0,0.0,true,568,0
1773228048000,64.1234432,-21.7875538333333,5.0,0.0,0.0,true,569,0
1773228048000,64.1234432,-21.7875538333333,0.0,0.0,0.0,true,570,0
1773228052000,64.1234432,-21.7875538333333,4.0,0.0,0.0,true,571,0
1773228052000,64.1234432,-21.7875538333333,0.0,0.0,0.0,true,572,0
1773228054000,64.1234432,-21.7875538333333,2.0,0.0,0.0,true,573,0
1773228057000,64.1234432,-21.7875538333333,3.0,0.0,0.0,true,574,0
1773228057000,64.1234432,-21.7875538333333,0.0,0.0,0.0,true,575,0
1773228059000,64.1234432,-21.7875538333333,2.0,0.0,0.0,true,576,0
1773228062000,64.1234432,-21.7875538333333,3.0,0.0,0.0,true,577,0
1773228064000,64.1234432,-21.7875538333333,2.0,0.0,0.0,true,578,0
1773228064000,64.1234432,-21.7875538333333,0.0,0.0,0.0,true,579,0
1773228067000,64.1234432,-21.7875538333333,3.0,0.0,0.0,true,580,0
1773228069000,64.1234432,-21.7875538333333,2.0,0.0,0.0,true,581,0
1773228074000,64.1234432,-21.7875538333333,5.0,0.0,0.0,true,582,0
1773228074000,64.1234432,-21.7875538333333,0.0,0.0,0.0,true,583,0
1773228076000,64.1234432,-21.7875538333333,2.0,0.0,0.0,true,584,0
1773228076000,64.1234432,-21.7875538333333,0.0,0.0,0.0,true,585,0
1773228078000,64.1234432,-21.7875538333333,2.0,0.0,0.0,true,586,0
1773228081000,64.1234432,-21.7875538333333,3.0,0.0,0.0,true,587,0
1773228085000,64.1234432,-21.7875538333333,4.0,0.0,0.0,true,588,0
1773228085000,64.1234432,-21.7875538333333,0.0,0.0,0.0,true,589,0
1773228089000,64.1234432,-21.7875538333333,4.0,0.0,0.0,true,590,0
1773228092000,64.1234432,-21.7875538333333,3.0,0.0,0.0,true,591,0
1773228092000,64.1234432,-21.7875538333333,0.0,0.0,0.0,true,592,0
1773228096000,64.1234432,-21.7875538333333,4.0,0.0,0.0,true,593,0
1773228096000,64.1234432,-21.7875538333333,0.0,0.0,0.0,true,594,0
1773228098000,64.1234432,-21.7875538333333,2.0,0.0,0.0,true,595,0
1773228100000,64.1234432,-21.7875538333333,2.0,0.0,0.0,true,596,0
1773228102000,64.1234432,-21.7875538333333,2.0,0.0,0.0,true,597,0
1773228104000,64.1234432,-21.7875538333333,2.0,0.0,0.0,true,598,0
1773228104000,64.1234432,-21.7875538333333,0.0,0.0,0.0,true,599,0
1773228109000,64.1234432,-21.7875538333333,5.0,0.0,0.0,true,600,0
1773228109000,64.1234432,-21.7875538333333,0.0,0.0,0.0,true,601,0
1773228111000,64.1234432,-21.7875538333333,2.0,0.0,0.0,true,602,0
1773228114000,64.1234432,-21.7875538333333,3.0,0.0,0.0,true,603,0
1773228120000,64.1234432,-21.7875538333333,6.0,0.0,0.0,true,604,0
1773228120000,64.1234432,-21.7875538333333,0.0,0.0,0.0,true,605,0
1773228120000,64.1234432,-21.7875538333333,0.0,0.0,0.0,true,606,0
1773228124000,64.1234432,-21.7875538333333,4.0,0.0,0.0,true,607,0
1773228124000,64.1234432,-21.7875538333333,0.0,0.0,0.0,true,608,0
1773228127000,64.1234432,-21.7875538333333,3.0,0.0,0.0,true,609,0
1773228127000,64.1234432,-21.7875538333333,0.0,0.0,0.0,true,610,0
1773228129000,64.1234432,-21.7875538333333,2.0,0.0,0.0,true,611,0
1773228133000,64.1234432,-21.7875538333333,4.0,0.0,0.0,true,612,0
1773228135000,64.1234432,-21.7875538333333,2.0,0.0,0.0,true,613,0
1773228140000,64.1234432,-21.7875538333333,5.0,0.0,0.0,true,614,0
1773228140000,64.1234432,-21.7875538333333,0.0,0.0,0.0,true,615,0
1773228144000,64.1234432,-21.7875538333333,4.0,0.0,0.0,true,616,0
1773228144000,64.1234432,-21.7875538333333,0.0,0.0,0.0,true,617,0
1773228144000,64.1234432,-21.7875538333333,0.0,0.0,0.0,true,618,0
1773228144000,64.1234432,-21.7875538333333,0.0,0.0,0.0,true,619,0
1773228149000,64.1234432,-21.7875538333333,5.0,0.0,0.0,true,620,0
1773228151000,64.1234432,-21.7875538333333,2.0,0.0,0.0,true,621,0
1773228155000,64.1234432,-21.7875538333333,4.0,0.0,0.0,true,622,0
1773228155000,64.1234432,-21.7875538333333,0.0,0.0,0.0,true,623,0
1773228157000,64.1234432,-21.7875538333333,2.0,0.0,0.0,true,624,0
1773228157000,64.1234432,-21.7875538333333,0.0,0.0,0.0,true,625,0
1773228162000,64.1234432,-21.7875538333333,5.0,0.0,0.0,true,626,0
1773228162000,64.1234432,-21.7875538333333,0.0,0.0,0.0,true,627,0
1773228166000,64.1234432,-21.7875538333333,4.0,0.0,0.0,true,628,0
1773228170000,64.1234432,-21.7875538333333,4.0,0.0,0.0,true,629,0
1773228170000,64.1234432,-21.7875538333333,0.0,0.0,0.0,true,630,0
1773228172000,64.1234432,-21.7875538333333,2.0,0.0,0.0,true,631,0
1773228174000,64.1234432,-21.7875538333333,2.0,0.0,0.0,true,632,0
1773228174000,64.1234432,-21.7875538333333,0.0,0.0,0.0,true,633,0
1773228180000,64.1234432,-21.7875538333333,6.0,0.0,0.0,true,634,0
1773228180000,64.1234432,-21.7875538333333,0.0,0.0,0.0,true,635,0
1773228182000,64.1234432,-21.7875538333333,2.0,0.0,0.0,true,636,0
1773228186000,64.1234432,-21.7875538333333,4.0,0.0,0.0,true,637,0
1773228186000,64.1234432,-21.7875538333333,0.0,0.0,0.0,true,638,0
1773228189000,64.1234432,-21.7875538333333,3.0,0.0,0.0,true,639,0
1773228191000,64.1234432,-21.7875538333333,2.0,0.0,0.0,true,640,0
1773228191000,64.1234432,-21.7875538333333,0.0,0.0,0.0,true,641,0
1773228195000,64.1234432,-21.7875538333333,4.0,0.0,0.0,true,642,0
1773228197000,64.1234432,-21.7875538333333,2.0,0.0,0.0,true,643,0
1773228197000,64.1234432,-21.7875538333333,0.0,0.0,0.0,true,644,0
1773228202000,64.1234432,-21.7875538333333,5.0,0.0,0.0,true,645,0
1773228202000,64.1234432,-21.7875538333333,0.0,0.0,0.0,true,646,0
1773228204000,64.1234432,-21.7875538333333,2.0,0.0,0.0,true,647,0
1773228206000,64.1234432,-21.7875538333333,2.0,0.0,0.0,true,648,0
1773228206000,64.1234432,-21.7875538333333,0.0,0.0,0.0,true,649,0
1773228210000,64.1234432,-21.7875538333333,4.0,0.0,0.0,true,650,0
1773228212000,64.1234432,-21.7875538333333,2.0,0.0,0.0,true,651,0
1773228212000,64.1234432,-21.7875538333333,0.0,0.0,0.0,true,652,0
1773228214000,64.1234432,-21.7875538333333,2.0,0.0,0.0,true,653,0
1773228219000,64.1234432,-21.7875538333333,5.0,0.0,0.0,true,654,0
1773228219000,64.1234432,-21.7875538333333,0.0,0.0,0.0,true,655,0
1773228221000,64.1234432,-21.7875538333333,2.0,0.0,0.0,true,656,0
1773228225000,64.1234432,-21.7875538333333,4.0,0.0,0.0,true,657,0
1773228227000,64.1234432,-21.7875538333333,2.0,0.0,0.0,true,658,0
1773228229000,64.1234432,-21.7875538333333,2.0,0.0,0.0,true,659,0
1773228229000,64.1234432,-21.7875538333333,0.0,0.0,0.0,true,660,0
1773228229000,64.1234432,-21.7875538333333,0.0,0.0,0.0,true,661,0
1773228234000,64.1234432,-21.7875538333333,5.0,0.0,0.0,true,662,0
1773228234000,64.1234432,-21.7875538333333,0.0,0.0,0.0,true,663,0
1773228236000,64.1234432,-21.7875538333333,2.0,0.0,0.0,true,664,0
1773228241000,64.1234432,-21.7875538333333,5.0,0.0,0.0,true,665,0
1773228241000,64.1234432,-21.7875538333333,0.0,0.0,0.0,true,666,0
1773228245000,64.1234432,-21.7875538333333,4.0,0.0,0.0,true,667,0
1773228247000,64.1234432,-21.7875538333333,2.0,0.0,0.0,true,668,0
1773228247000,64.1234432,-21.7875538333333,0.0,0.0,0.0,true,669,0
1773228250000,64.1234432,-21.7875538333333,3.0,0.0,0.0,true,670,0
1773228250000,64.1234432,-21.7875538333333,0.0,0.0,0.0,true,671,0
1773228254000,64.1234432,-21.7875538333333,4.0,0.0,0.0,true,672,0
1773228256000,64.1234432,-21.7875538333333,2.0,0.0,0.0,true,673,0
1773228256000,64.1234432,-21.7875538333333,0.0,0.0,0.0,true,674,0
1773228260000,64.1234432,-21.7875538333333,4.0,0.0,0.0,true,675,0
1773228262000,64.1234432,-21.7875538333333,2.0,0.0,0.0,true,676,0
1773228265000,64.1234432,-21.7875538333333,3.0,0.0,0.0,true,677,0
1773228265000,64.1234432,-21.7875538333333,0.0,0.0,0.0,true,678,0
1773228269000,64.1234432,-21.7875538333333,4.0,0.0,0.0,true,679,0
1773228269000,64.1234432,-21.7875538333333,0.0,0.0,0.0,true,680,0
1773228272000,64.1234432,-21.7875538333333,3.0,0.0,0.0,true,681,0
1773228276000,64.1234432,-21.7875538333333,4.0,0.0,0.0,true,682,0
1773228276000,64.1234432,-21.7875538333333,0.0,0.0,0.0,true,683,0
1773228278000,64.1234432,-21.7875538333333,2.0,0.0,0.0,true,684,0
1773228280000,64.1234432,-21.7875538333333,2.0,0.0,0.0,true,685,0
1773228280000,64.1234432,-21.7875538333333,0.0,0.0,0.0,true,686,0
1773228282000,64.1234432,-21.7875538333333,2.0,0.0,0.0,true,687,0
1773228282000,64.1234432,-21.7875538333333,0.0,0.0,0.0,true,688,0
1773228289000,64.1234432,-21.7875538333333,7.0,0.0,0.0,true,689,0
1773228289000,64.1234432,-21.7875538333333,0.0,0.0,0.0,true,690,0
1773228291000,64.1234432,-21.7875538333333,2.0,0.0,0.0,true,691,0
1773228295000,64.1234432,-21.7875538333333,4.0,0.0,0.0,true,692,0
1773228297000,64.1234432,-21.7875538333333,2.0,0.0,0.0,true,693,0
1773228297000,64.1234432,-21.7875538333333,0.0,0.0,0.0,true,694,0
1773228300000,64.1234432,-21.7875538333333,3.0,0.0,0.0,true,695,0
1773228300000,64.1234432,-21.7875538333333,0.0,0.0,0.0,true,696,0
1773228304000,64.1234432,-21.7875538333333,4.0,0.0,0.0,true,697,0
1773228306000,64.1234432,-21.7875538333333,2.0,0.0,0.0,true,698,0
1773228308000,64.1234432,-21.7875538333333,2.0,0.0,0.0,true,699,0
1773228308000,64.1234432,-21.7875538333333,0.0,0.0,0.0,true,700,0
1773228312000,64.1234432,-21.7875538333333,4.0,0.0,0.0,true,701,0
1773228312000,64.1234432,-21.7875538333333,0.0,0.0,0.0,true,702,0
1773228314000,64.1234432,-21.7875538333333,2.0,0.0,0.0,true,703,0
1773228321000,64.1234432,-21.7875538333333,7.0,0.0,0.0,true,704,0
1773228321000,64.1234432,-21.7875538333333,0.0,0.0,0.0,true,705,0
1773228323000,64.1234432,-21.7875538333333,2.0,0.0,0.0,true,706,0
1773228327000,64.1234432,-21.7875538333333,4.0,0.0,0.0,true,707,0
1773228327000,64.1234432,-21.7875538333333,0.0,0.0,0.0,true,708,0
1773228329000,64.1234432,-21.7875538333333,2.0,0.0,0.0,true,709,0
1773228329000,64.1234432,-21.7875538333333,0.0,0.0,0.0,true,710,0
1773228331000,64.1234432,-21.7875538333333,2.0,0.0,0.0,true,711,0
1773228333000,64.1234432,-21.7875538333333,2.0,0.0,0.0,true,712,0
1773228333000,64.1234432,-21.7875538333333,0.0,0.0,0.0,true,713,0
1773228337000,64.1234432,-21.7875538333333,4.0,0.0,0.0,true,714,0
1773228341000,64.1234432,-21.7875538333333,4.0,0.0,0.0,true,715,0
1773228343000,64.1234432,-21.7875538333333,2.0,0.0,0.0,true,716,0
1773228346000,64.1234432,-21.7875538333333,3.0,0.0,0.0,true,717,0
1773228346000,64.1234432,-21.7875538333333,0.0,0.0,0.0,true,718,0
1773228348000,64.1234432,-21.7875538333333,2.0,0.0,0.0,true,719,0
1773228351000,64.1234432,-21.7875538333333,3.0,0.0,0.0,true,720,0
1773228351000,64.1234432,-21.7875538333333,0.0,0.0,0.0,true,721,0
1773228353000,64.1234432,-21.7875538333333,2.0,0.0,0.0,true,722,0
1773228356000,64.1234432,-21.7875538333333,3.0,0.0,0.0,true,723,0
1773228358000,64.1234432,-21.7875538333333,2.0,0.0,0.0,true,724,0
1773228362000,64.1234432,-21.7875538333333,4.0,0.0,0.0,true,725,0
1773228362000,64.1234432,-21.7875538333333,0.0,0.0,0.0,true,726,0
1773228366000,64.1234432,-21.7875538333333,4.0,0.0,0.0,true,727,0
1773228366000,64.1234432,-21.7875538333333,0.0,0.0,0.0,true,728,0
1773228370000,64.1234432,-21.7875538333333,4.0,0.0,0.0,true,729,0
1773228370000,64.1234432,-21.7875538333333,0.0,0.0,0.0,true,730,0
1773228372000,64.1234432,-21.7875538333333,2.0,0.0,0.0,true,731,0
1773228372000,64.1234432,-21.7875538333333,0.0,0.0,0.0,true,732,0
1773228376000,64.1234432,-21.7875538333333,4.0,0.0,0.0,true,733,0
1773228381000,64.1234432,-21.7875538333333,5.0,0.0,0.0,true,734,0
1773228381000,64.1234432,-21.7875538333333,0.0,0.0,0.0,true,735,0
1773228381000,64.1234432,-21.7875538333333,0.0,0.0,0.0,true,736,0
1773228381000,64.1234432,-21.7875538333333,0.0,0.0,0.0,true,737,0
1773228381000,64.1234432,-21.7875538333333,0.0,0.0,0.0,true,738,0
1773228381000,64.1234432,-21.7875538333333,0.0,0.0,0.0,true,739,0
1773228391000,64.1234432,-21.7875538333333,10.0,0.0,0.0,true,740,0
1773228391000,64.1234432,-21.7875538333333,0.0,0.0,0.0,true,741,0
1773228391000,64.1234432,-21.7875538333333,0.0,0.0,0.0,true,742,0
1773228397000,64.1234432,-21.7875538333333,6.0,0.0,0.0,true,743,0
1773228397000,64.1234432,-21.7875538333333,0.0,0.0,0.0,true,744,0
1773228400000,64.1234432,-21.7875538333333,3.0,0.0,0.0,true,745,0
1773228400000,64.1234432,-21.7875538333333,0.0,0.0,0.0,true,746,0
1773228400000,64.1234432,-21.7875538333333,0.0,0.0,0.0,true,747,0
1773228405000,64.1234432,-21.7875538333333,5.0,0.0,0.0,true,748,0
1773228405000,64.1234432,-21.7875538333333,0.0,0.0,0.0,true,749,0
1773228411000,64.1234432,-21.7875538333333,6.0,0.0,0.0,true,750,0
1773228411000,64.1234432,-21.7875538333333,0.0,0.0,0.0,true,751,0
1773228414000,64.1234432,-21.7875538333333,3.0,0.0,0.0,true,752,0
1773228416000,64.1234432,-21.7875538333333,2.0,0.0,0.0,true,753,0
1773228420000,64.1234432,-21.7875538333333,4.0,0.0,0.0,true,754,0
1773228420000,64.1234432,-21.7875538333333,0.0,0.0,0.0,true,755,0
1773228422000,64.1234432,-21.7875538333333,2.0,0.0,0.0,true,756,0
1773228422000,64.1234432,-21.7875538333333,0.0,0.0,0.0,true,757,0
1773228427000,64.1234432,-21.7875538333333,5.0,0.0,0.0,true,758,0
1773228427000,64.1234432,-21.7875538333333,0.0,0.0,0.0,true,759,0
1773228427000,64.1234432,-21.7875538333333,0.0,0.0,0.0,true,760,0
1773228433000,64.1234432,-21.7875538333333,6.0,0.0,0.0,true,761,0
1773228437000,64.1234432,-21.7875538333333,4.0,0.0,0.0,true,762,0
1773228437000,64.1234432,-21.7875538333333,0.0,0.0,0.0,true,763,0
1773228439000,64.1234432,-21.7875538333333,2.0,0.0,0.0,true,764,0
1773228439000,64.1234432,-21.7875538333333,0.0,0.0,0.0,true,765,0
1773228442000,64.1234432,-21.7875538333333,3.0,0.0,0.0,true,766,0
1773228444000,64.1234432,-21.7875538333333,2.0,0.0,0.0,true,767,0
1773228444000,64.1234432,-21.7875538333333,0.0,0.0,0.0,true,768,0
1773228447000,64.1234432,-21.7875538333333,3.0,0.0,0.0,true,769,0
1773228447000,64.1234432,-21.7875538333333,0.0,0.0,0.0,true,770,0
1773228452000,64.1234432,-21.7875538333333,5.0,0.0,0.0,true,771,0
1773228452000,64.1234432,-21.7875538333333,0.0,0.0,0.0,true,772,0
1773228457000,64.1234432,-21.7875538333333,5.0,0.0,0.0,true,773,0
1773228457000,64.1234432,-21.7875538333333,0.0,0.0,0.0,true,774,0
1773228461000,64.1234432,-21.7875538333333,4.0,0.0,0.0,true,775,0
1773228461000,64.1234432,-21.7875538333333,0.0,0.0,0.0,true,776,0
1773228463000,64.1234432,-21.7875538333333,2.0,0.0,0.0,true,777,0
1773228468000,64.1234432,-21.7875538333333,5.0,0.0,0.0,true,778,0
1773228468000,64.1234432,-21.7875538333333,0.0,0.0,0.0,true,779,0
1773228468000,64.1234432,-21.7875538333333,0.0,0.0,0.0,true,780,0
1773228472000,64.1234432,-21.7875538333333,4.0,0.0,0.0,true,781,0
1773228472000,64.1234432,-21.7875538333333,0.0,0.0,0.0,true,782,0
1773228477000,64.1234432,-21.7875538333333,5.0,0.0,0.0,true,783,0
1773228479000,64.1234432,-21.7875538333333,2.0,0.0,0.0,true,784,0
1773228479000,64.1234432,-21.7875538333333,0.0,0.0,0.0,true,785,0
1773228482000,64.1234432,-21.7875538333333,3.0,0.0,0.0,true,786,0
1773228482000,64.1234432,-21.7875538333333,0.0,0.0,0.0,true,787,0
1773228486000,64.1234432,-21.7875538333333,4.0,0.0,0.0,true,788,0
1773228488000,64.1234432,-21.7875538333333,2.0,0.0,0.0,true,789,0
1773228488000,64.1234432,-21.7875538333333,0.0,0.0,0.0,true,790,0
1773228492000,64.1234432,-21.7875538333333,4.0,0.0,0.0,true,791,0
1773228494000,64.1234432,-21.7875538333333,2.0,0.0,0.0,true,792,0
1773228494000,64.1234432,-21.7875538333333,0.0,0.0,0.0,true,793,0
1773228497000,64.1234432,-21.7875538333333,3.0,0.0,0.0,true,794,0
1773228501000,64.1234432,-21.7875538333333,4.0,0.0,0.0,true,795,0
1773228501000,64.1234432,-21.7875538333333,0.0,0.0,0.0,true,796,0
1773228503000,64.1234432,-21.7875538333333,2.0,0.0,0.0,true,797,0
1773228503000,64.1234432,-21.7875538333333,0.0,0.0,0.0,true,798,0
1773228509000,64.1234432,-21.7875538333333,6.0,0.0,0.0,true,799,0
1773228512000,64.1234432,-21.7875538333333,3.0,0.0,0.0,true,800,0
1773228512000,64.1234432,-21.7875538333333,0.0,0.0,0.0,true,801,0
1773228512000,64.1234432,-21.7875538333333,0.0,0.0,0.0,true,802,0
1773228517000,64.1234432,-21.7875538333333,5.0,0.0,0.0,true,803,0
1773228517000,64.1234432,-21.7875538333333,0.0,0.0,0.0,true,804,0
1773228521000,64.1234432,-21.7875538333333,4.0,0.0,0.0,true,805,0
1773228521000,64.1234432,-21.7875538333333,0.0,0.0,0.0,true,806,0
1773228523000,64.1234432,-21.7875538333333,2.0,0.0,0.0,true,807,0
1773228527000,64.1234432,-21.7875538333333,4.0,0.0,0.0,true,808,0
1773228527000,64.1234432,-21.7875538333333,0.0,0.0,0.0,true,809,0
1773228529000,64.1234432,-21.7875538333333,2.0,0.0,0.0,true,810,0
1773228529000,64.1234432,-21.7875538333333,0.0,0.0,0.0,true,811,0
1773228532000,64.1234432,-21.7875538333333,3.0,0.0,0.0,true,812,0
1773228537000,64.1234432,-21.7875538333333,5.0,0.0,0.0,true,813,0
1773228537000,64.1234432,-21.7875538333333,0.0,0.0,0.0,true,814,0
1773228537000,64.1234432,-21.7875538333333,0.0,0.0,0.0,true,815,0
1773228543000,64.1234432,-21.7875538333333,6.0,0.0,0.0,true,816,0
1773228543000,64.1234432,-21.7875538333333,0.0,0.0,0.0,true,817,0
1773228547000,64.1234432,-21.7875538333333,4.0,0.0,0.0,true,818,0
1773228549000,64.1234432,-21.7875538333333,2.0,0.0,0.0,true,819,0
1773228549000,64.1234432,-21.7875538333333,0.0,0.0,0.0,true,820,0
1773228552000,64.1234432,-21.7875538333333,3.0,0.0,0.0,true,821,0
1773228556000,64.1234432,-21.7875538333333,4.0,0.0,0.0,true,822,0
1773228556000,64.1234432,-21.7875538333333,0.0,0.0,0.0,true,823,0
1773228558000,64.1234432,-21.7875538333333,2.0,0.0,0.0,true,824,0
1773228558000,64.1234432,-21.7875538333333,0.0,0.0,0.0,true,825,0
1773228562000,64.1234432,-21.7875538333333,4.0,0.0,0.0,true,826,0
1773228567000,64.1234432,-21.7875538333333,5.0,0.0,0.0,true,827,0
1773228567000,64.1234432,-21.7875538333333,0.0,0.0,0.0,true,828,0
1773228569000,64.1234432,-21.7875538333333,2.0,0.0,0.0,true,829,0
1773228569000,64.1234432,-21.7875538333333,0.0,0.0,0.0,true,830,0
1773228569000,64.1234432,-21.7875538333333,0.0,0.0,0.0,true,831,0
1773228573000,64.1234432,-21.7875538333333,4.0,0.0,0.0,true,832,0
1773228576000,64.1234432,-21.7875538333333,3.0,0.0,0.0,true,833,0
1773228576000,64.1234432,-21.7875538333333,0.0,0.0,0.0,true,834,0
1773228583000,64.1234432,-21.7875538333333,7.0,0.0,0.0,true,835,0
1773228583000,64.1234432,-21.7875538333333,0.0,0.0,0.0,true,836,0
1773228586000,64.1234432,-21.7875538333333,3.0,0.0,0.0,true,837,0
1773228588000,64.1234432,-21.7875538333333,2.0,0.0,0.0,true,838,0
1773228588000,64.1234432,-21.7875538333333,0.0,0.0,0.0,true,839,0
1773228590000,64.1234432,-21.7875538333333,2.0,0.0,0.0,true,840,0
1773228592000,64.1234432,-21.7875538333333,2.0,0.0,0.0,true,841,0
1773228592000,64.1234432,-21.7875538333333,0.0,0.0,0.0,true,842,0
1773228595000,64.1234432,-21.7875538333333,3.0,0.0,0.0,true,843,0
1773228595000,64.1234432,-21.7875538333333,0.0,0.0,0.0,true,844,0
1773228598000,64.1234432,-21.7875538333333,3.0,0.0,0.0,true,845,0
1773228601000,64.1234432,-21.7875538333333,3.0,0.0,0.0,true,846,0
1773228601000,64.1234432,-21.7875538333333,0.0,0.0,0.0,true,847,0
1773228608000,64.1234432,-21.7875538333333,7.0,0.0,0.0,true,848,0
1773228608000,64.1234432,-21.7875538333333,0.0,0.0,0.0,true,849,0
1773228611000,64.1234432,-21.7875538333333,3.0,0.0,0.0,true,850,0
1773228614000,64.1234432,-21.7875538333333,3.0,0.0,0.0,true,851,0
1773228614000,64.1234432,-21.7875538333333,0.0,0.0,0.0,true,852,0
1773228616000,64.1234432,-21.7875538333333,2.0,0.0,0.0,true,853,0
1773228620000,64.1234432,-21.7875538333333,4.0,0.0,0.0,true,854,0
1773228620000,64.1234432,-21.7875538333333,0.0,0.0,0.0,true,855,0
1773228624000,64.1234432,-21.7875538333333,4.0,0.0,0.0,true,856,0
1773228624000,64.1234432,-21.7875538333333,0.0,0.0,0.0,true,857,0
1773228626000,64.1234432,-21.7875538333333,2.0,0.0,0.0,true,858,0
1773228626000,64.1234432,-21.7875538333333,0.0,0.0,0.0,true,859,0
1773228626000,64.1234432,-21.7875538333333,0.0,0.0,0.0,true,860,0
1773228631000,64.1234432,-21.7875538333333,5.0,0.0,0.0,true,861,0
1773228635000,64.1234432,-21.7875538333333,4.0,0.0,0.0,true,862,0
1773228635000,64.1234432,-21.7875538333333,0.0,0.0,0.0,true,863,0
1773228638000,64.1234432,-21.7875538333333,3.0,0.0,0.0,true,864,0
1773228643000,64.1234432,-21.7875538333333,5.0,0.0,0.0,true,865,0
1773228643000,64.1234432,-21.7875538333333,0.0,0.0,0.0,true,866,0
1773228643000,64.1234432,-21.7875538333333,0.0,0.0,0.0,true,867,0
1773228646000,64.1234432,-21.7875538333333,3.0,0.0,0.0,true,868,0
1773228646000,64.1234432,-21.7875538333333,0.0,0.0,0.0,true,869,0
1773228648000,64.1234432,-21.7875538333333,2.0,0.0,0.0,true,870,0
1773228648000,64.1234432,-21.7875538333333,0.0,0.0,0.0,true,871,0
1773228652000,64.1234432,-21.7875538333333,4.0,0.0,0.0,true,872,0
1773228658000,64.1234432,-21.7875538333333,6.0,0.0,0.0,true,873,0
1773228658000,64.1234432,-21.7875538333333,0.0,0.0,0.0,true,874,0
1773228663000,64.1234432,-21.7875538333333,5.0,0.0,0.0,true,875,0
1773228663000,64.1234432,-21.7875538333333,0.0,0.0,0.0,true,876,0
1773228663000,64.1234432,-21.7875538333333,0.0,0.0,0.0,true,877,0
1773228667000,64.1234432,-21.7875538333333,4.0,0.0,0.0,true,878,0
1773228669000,64.1234432,-21.7875538333333,2.0,0.0,0.0,true,879,0
1773228669000,64.1234432,-21.7875538333333,0.0,0.0,0.0,true,880,0
1773228672000,64.1234432,-21.7875538333333,3.0,0.0,0.0,true,881,0
1773228672000,64.1234432,-21.7875538333333,0.0,0.0,0.0,true,882,0
1773228675000,64.1234432,-21.7875538333333,3.0,0.0,0.0,true,883,0
1773228680000,64.1234432,-21.7875538333333,5.0,0.0,0.0,true,884,0
1773228680000,64.1234432,-21.7875538333333,0.0,0.0,0.0,true,885,0
1773228683000,64.1234432,-21.7875538333333,3.0,0.0,0.0,true,886,0
1773228685000,64.1234432,-21.7875538333333,2.0,0.0,0.0,true,887,0
1773228685000,64.1234432,-21.7875538333333,0.0,0.0,0.0,true,888,0
1773228685000,64.1234432,-21.7875538333333,0.0,0.0,0.0,true,889,0
1773228685000,64.1234432,-21.7875538333333,0.0,0.0,0.0,true,890,0
1773228685000,64.1234432,-21.7875538333333,0.0,0.0,0.0,true,891,0
1773228694000,64.1234432,-21.7875538333333,9.0,0.0,0.0,true,892,0
1773228696000,64.1234432,-21.7875538333333,2.0,0.0,0.0,true,893,0
1773228696000,64.1234432,-21.7875538333333,0.0,0.0,0.0,true,894,0
1773228702000,64.1234432,-21.7875538333333,6.0,0.0,0.0,true,895,0
1773228702000,64.1234432,-21.7875538333333,0.0,0.0,0.0,true,896,0
1773228702000,64.1234432,-21.7875538333333,0.0,0.0,0.0,true,897,0
1773228705000,64.1234432,-21.7875538333333,3.0,0.0,0.0,true,898,0
1773228705000,64.1234432,-21.7875538333333,0.0,0.0,0.0,true,899,0
1773228710000,64.1234432,-21.7875538333333,5.0,0.0,0.0,true,900,0
1773228714000,64.1234432,-21.7875538333333,4.0,0.0,0.0,true,901,0
1773228714000,64.1234432,-21.7875538333333,0.0,0.0,0.0,true,902,0
1773228716000,64.1234432,-21.7875538333333,2.0,0.0,0.0,true,903,0
1773228719000,64.1234432,-21.7875538333333,3.0,0.0,0.0,true,904,0
1773228719000,64.1234432,-21.7875538333333,0.0,0.0,0.0,true,905,0
1773228721000,64.1234432,-21.7875538333333,2.0,0.0,0.0,true,906,0
1773228721000,64.1234432,-21.7875538333333,0.0,0.0,0.0,true,907,0
1773228726000,64.1234432,-21.7875538333333,5.0,0.0,0.0,true,908,0
1773228732000,64.1234432,-21.7875538333333,6.0,0.0,0.0,true,909,0
1773228732000,64.1234432,-21.7875538333333,0.0,0.0,0.0,true,910,0
1773228732000,64.1234432,-21.7875538333333,0.0,0.0,0.0,true,911,0
1773228736000,64.1234432,-21.7875538333333,4.0,0.0,0.0,true,912,0
1773228736000,64.1234432,-21.7875538333333,0.0,0.0,0.0,true,913,0
1773228739000,64.1234432,-21.7875538333333,3.0,0.0,0.0,true,914,0
1773228741000,64.1234432,-21.7875538333333,2.0,0.0,0.0,true,915,0
1773228741000,64.1234432,-21.7875538333333,0.0,0.0,0.0,true,916,0
1773228746000,64.1234432,-21.7875538333333,5.0,0.0,0.0,true,917,0
1773228746000,64.1234432,-21.7875538333333,0.0,0.0,0.0,true,918,0
1773228748000,64.1234432,-21.7875538333333,2.0,0.0,0.0,true,919,0
1773228751000,64.1234432,-21.7875538333333,3.0,0.0,0.0,true,920,0
1773228751000,64.1234432,-21.7875538333333,0.0,0.0,0.0,true,921,0
1773228755000,64.1234432,-21.7875538333333,4.0,0.0,0.0,true,922,0
1773228757000,64.1234432,-21.7875538333333,2.0,0.0,0.0,true,923,0
1773228761000,64.1234432,-21.7875538333333,4.0,0.0,0.0,true,924,0
1773228761000,64.1234432,-21.7875538333333,0.0,0.0,0.0,true,925,0
1773228763000,64.1234432,-21.7875538333333,2.0,0.0,0.0,true,926,0
1773228766000,64.1234432,-21.7875538333333,3.0,0.0,0.0,true,927,0
1773228773000,64.1234432,-21.7875538333333,7.0,0.0,0.0,true,928,0
1773228779000,64.1234432,-21.7875538333333,6.0,0.0,0.0,true,929,0
1773228781000,64.1234432,-21.7875538333333,2.0,0.0,0.0,true,930,0
1773228781000,64.1234432,-21.7875538333333,0.0,0.0,0.0,true,931,0
1773228783000,64.1234432,-21.7875538333333,2.0,0.0,0.0,true,932,0
1773228783000,64.1234432,-21.7875538333333,0.0,0.0,0.0,true,933,0
1773228783000,64.1234432,-21.7875538333333,0.0,0.0,0.0,true,934,0
1773228788000,64.1234432,-21.7875538333333,5.0,0.0,0.0,true,935,0
1773228788000,64.1234432,-21.7875538333333,0.0,0.0,0.0,true,936,0
1773228790000,64.1234432,-21.7875538333333,2.0,0.0,0.0,true,937,0
1773228797000,64.1234432,-21.7875538333333,7.0,0.0,0.0,true,938,0
1773228797000,64.1234432,-21.7875538333333,0.0,0.0,0.0,true,939,0
1773228799000,64.1234432,-21.7875538333333,2.0,0.0,0.0,true,940,0
1773228799000,64.1234432,-21.7875538333333,0.0,0.0,0.0,true,941,0
1773228802000,64.1234432,-21.7875538333333,3.0,0.0,0.0,true,942,0
1773228802000,64.1234432,-21.7875538333333,0.0,0.0,0.0,true,943,0
1773228804000,64.1234432,-21.7875538333333,2.0,0.0,0.0,true,944,0
1773228810000,64.1234432,-21.7875538333333,6.0,0.0,0.0,true,945,0
1773228810000,64.1234432,-21.7875538333333,0.0,0.0,0.0,true,946,0
1773228810000,64.1234432,-21.7875538333333,0.0,0.0,0.0,true,947,0
1773228816000,64.1234432,-21.7875538333333,6.0,0.0,0.0,true,948,0
1773228816000,64.1234432,-21.7875538333333,0.0,0.0,0.0,true,949,0
1773228819000,64.1234432,-21.7875538333333,3.0,0.0,0.0,true,950,0
1773228823000,64.1234432,-21.7875538333333,4.0,0.0,0.0,true,951,0
1773228823000,64.1234432,-21.7875538333333,0.0,0.0,0.0,true,952,0
1773228823000,64.1234432,-21.7875538333333,0.0,0.0,0.0,true,953,0
1773228829000,64.1234432,-21.7875538333333,6.0,0.0,0.0,true,954,0
1773228829000,64.1234432,-21.7875538333333,0.0,0.0,0.0,true,955,0
1773228831000,64.1234432,-21.7875538333333,2.0,0.0,0.0,true,956,0
1773228831000,64.1234432,-21.7875538333333,0.0,0.0,0.0,true,957,0
1773228833000,64.1234432,-21.7875538333333,2.0,0.0,0.0,true,958,0
1773228835000,64.1234432,-21.7875538333333,2.0,0.0,0.0,true,959,0
1773228840000,64.1234432,-21.7875538333333,5.0,0.0,0.0,true,960,0
1773228840000,64.1234432,-21.7875538333333,0.0,0.0,0.0,true,961,0
1773228840000,64.1234432,-21.7875538333333,0.0,0.0,0.0,true,962,0
1773228844000,64.1234432,-21.7875538333333,4.0,0.0,0.0,true,963,0
1773228844000,64.1234432,-21.7875538333333,0.0,0.0,0.0,true,964,0
1773228846000,64.1234432,-21.7875538333333,2.0,0.0,0.0,true,965,0
1773228850000,64.1234432,-21.7875538333333,4.0,0.0,0.0,true,966,0
1773228852000,64.1234432,-21.7875538333333,2.0,0.0,0.0,true,967,0
1773228852000,64.1234432,-21.7875538333333,0.0,0.0,0.0,true,968,0
1773228855000,64.1234432,-21.7875538333333,3.0,0.0,0.0,true,969,0
1773228855000,64.1234432,-21.7875538333333,0.0,0.0,0.0,true,970,0
1773228859000,64.1234432,-21.7875538333333,4.0,0.0,0.0,true,971,0
1773228862000,64.1234432,-21.7875538333333,3.0,0.0,0.0,true,972,0
1773228865000,64.1234432,-21.7875538333333,3.0,0.0,0.0,true,973,0
1773228867000,64.1234432,-21.7875538333333,2.0,0.0,0.0,true,974,0
1773228867000,64.1234432,-21.7875538333333,0.0,0.0,0.0,true,975,0
1773228871000,64.1234432,-21.7875538333333,4.0,0.0,0.0,true,976,0
1773228871000,64.1234432,-21.7875538333333,0.0,0.0,0.0,true,977,0
1773228876000,64.1234432,-21.7875538333333,5.0,0.0,0.0,true,978,0
1773228876000,64.1234432,-21.7875538333333,0.0,0.0,0.0,true,979,0
1773228876000,64.1234432,-21.7875538333333,0.0,0.0,0.0,true,980,0
1773228880000,64.1234432,-21.7875538333333,4.0,0.0,0.0,true,981,0
1773228880000,64.1234432,-21.7875538333333,0.0,0.0,0.0,true,982,0
1773228885000,64.1234432,-21.7875538333333,5.0,0.0,0.0,true,983,0
1773228885000,64.1234432,-21.7875538333333,0.0,0.0,0.0,true,984,0
1773228889000,64.1234432,-21.7875538333333,4.0,0.0,0.0,true,985,0
1773228889000,64.1234432,-21.7875538333333,0.0,0.0,0.0,true,986,0
1773228891000,64.1234432,-21.7875538333333,2.0,0.0,0.0,true,987,0
1773228895000,64.1234432,-21.7875538333333,4.0,0.0,0.0,true,988,0
1773228897000,64.1234432,-21.7875538333333,2.0,0.0,0.0,true,989,0
1773228897000,64.1234432,-21.7875538333333,0.0,0.0,0.0,true,990,0
1773228900000,64.1234432,-21.7875538333333,3.0,0.0,0.0,true,991,0
1773228902000,64.1234432,-21.7875538333333,2.0,0.0,0.0,true,992,0
1773228902000,64.1234432,-21.7875538333333,0.0,0.0,0.0,true,993,0
1773228906000,64.1234432,-21.7875538333333,4.0,0.0,0.0,true,994,0
1773228910000,64.1234432,-21.7875538333333,4.0,0.0,0.0,true,995,0
1773228910000,64.1234432,-21.7875538333333,0.0,0.0,0.0,true,996,0
1773228912000,64.1234432,-21.7875538333333,2.0,0.0,0.0,true,997,0
1773228912000,64.1234432,-21.7875538333333,0.0,0.0,0.0,true,998,0
1773228917000,64.1234432,-21.7875538333333,5.0,0.0,0.0,true,999,0
1773228919000,64.1234432,-21.7875538333333,2.0,0.0,0.0,true,1000,0
1773228919000,64.1234432,-21.7875538333333,0.0,0.0,0.0,true,1001,0
1773228921000,64.1234432,-21.7875538333333,2.0,0.0,0.0,true,1002,0
1773228921000,64.1234432,-21.7875538333333,0.0,0.0,0.0,true,1003,0
1773228926000,64.1234432,-21.7875538333333,5.0,0.0,0.0,true,1004,0
1773228930000,64.1234432,-21.7875538333333,4.0,0.0,0.0,true,1005,0
1773228932000,64.1234432,-21.7875538333333,2.0,0.0,0.0,true,1006,0
1773228932000,64.1234432,-21.7875538333333,0.0,0.0,0.0,true,1007,0
1773228935000,64.1234432,-21.7875538333333,3.0,0.0,0.0,true,1008,0
1773228935000,64.1234432,-21.7875538333333,0.0,0.0,0.0,true,1009,0
1773228938000,64.1234432,-21.7875538333333,3.0,0.0,0.0,true,1010,0
1773228941000,64.1234432,-21.7875538333333,3.0,0.0,0.0,true,1011,0
1773228941000,64.1234432,-21.7875538333333,0.0,0.0,0.0,true,1012,0
1773228944000,64.1234432,-21.7875538333333,3.0,0.0,0.0,true,1013,0
1773228949000,64.1234432,-21.7875538333333,5.0,0.0,0.0,true,1014,0
1773228949000,64.1234432,-21.7875538333333,0.0,0.0,0.0,true,1015,0
1773228951000,64.1234432,-21.7875538333333,2.0,0.0,0.0,true,1016,0
1773228951000,64.1234432,-21.7875538333333,0.0,0.0,0.0,true,1017,0
1773228953000,64.1234432,-21.7875538333333,2.0,0.0,0.0,true,1018,0
1773228956000,64.1234432,-21.7875538333333,3.0,0.0,0.0,true,1019,0
1773228959000,64.1234432,-21.7875538333333,3.0,0.0,0.0,true,1020,0
1773228959000,64.1234432,-21.7875538333333,0.0,0.0,0.0,true,1021,0
1773228964000,64.1234432,-21.7875538333333,5.0,0.0,0.0,true,1022,0
1773228964000,64.1234432,-21.7875538333333,0.0,0.0,0.0,true,1023,0
1773228964000,64.1234432,-21.7875538333333,0.0,0.0,0.0,true,1024,0
1773228969000,64.1234432,-21.7875538333333,5.0,0.0,0.0,true,1025,0
1773228969000,64.1234432,-21.7875538333333,0.0,0.0,0.0,true,1026,0
1773228973000,64.1234432,-21.7875538333333,4.0,0.0,0.0,true,1027,0
1773228973000,64.1234432,-21.7875538333333,0.0,0.0,0.0,true,1028,0
1773228976000,64.1234432,-21.7875538333333,3.0,0.0,0.0,true,1029,0
1773228979000,64.1234432,-21.7875538333333,3.0,0.0,0.0,true,1030,0
1773228979000,64.1234432,-21.7875538333333,0.0,0.0,0.0,true,1031,0
1773228981000,64.1234432,-21.7875538333333,2.0,0.0,0.0,true,1032,0
1773228984000,64.1234432,-21.7875538333333,3.0,0.0,0.0,true,1033,0
1773228988000,64.1234432,-21.7875538333333,4.0,0.0,0.0,true,1034,0
1773228988000,64.1234432,-21.7875538333333,0.0,0.0,0.0,true,1035,0
1773228991000,64.1234432,-21.7875538333333,3.0,0.0,0.0,true,1036,0
1773228991000,64.1234432,-21.7875538333333,0.0,0.0,0.0,true,1037,0
1773228997000,64.1234432,-21.7875538333333,6.0,0.0,0.0,true,1038,0
1773228997000,64.1234432,-21.7875538333333,0.0,0.0,0.0,true,1039,0
1773229000000,64.1234432,-21.7875538333333,3.0,0.0,0.0,true,1040,0
1773229002000,64.1234432,-21.7875538333333,2.0,0.0,0.0,true,1041,0
1773229002000,64.1234432,-21.7875538333333,0.0,0.0,0.0,true,1042,0
1773229002000,64.1234432,-21.7875538333333,0.0,0.0,0.0,true,1043,0
1773229006000,64.1234432,-21.7875538333333,4.0,0.0,0.0,true,1044,0
1773229006000,64.1234432,-21.7875538333333,0.0,0.0,0.0,true,1045,0
1773229009000,64.1234432,-21.7875538333333,3.0,0.0,0.0,true,1046,0
1773229012000,64.1234432,-21.7875538333333,3.0,0.0,0.0,true,1047,0
1773229015000,64.1234432,-21.7875538333333,3.0,0.0,0.0,true,1048,0
1773229015000,64.1234432,-21.7875538333333,0.0,0.0,0.0,true,1049,0
1773229021000,64.1234432,-21.7875538333333,6.0,0.0,0.0,true,1050,0
1773229021000,64.1234432,-21.7875538333333,0.0,0.0,0.0,true,1051,0
1773229021000,64.1234432,-21.7875538333333,0.0,0.0,0.0,true,1052,0
1773229021000,64.1234432,-21.7875538333333,0.0,0.0,0.0,true,1053,0
1773229024000,64.1234432,-21.7875538333333,3.0,0.0,0.0,true,1054,0
1773229028000,64.1234432,-21.7875538333333,4.0,0.0,0.0,true,1055,0
1773229028000,64.1234432,-21.7875538333333,0.0,0.0,0.0,true,1056,0
1773229032000,64.1234432,-21.7875538333333,4.0,0.0,0.0,true,1057,0
1773229036000,64.1234432,-21.7875538333333,4.0,0.0,0.0,true,1058,0
1773229036000,64.1234432,-21.7875538333333,0.0,0.0,0.0,true,1059,0
1773229036000,64.1234432,-21.7875538333333,0.0,0.0,0.0,true,1060,0
1773229041000,64.1234432,-21.7875538333333,5.0,0.0,0.0,true,1061,0
1773229041000,64.1234432,-21.7875538333333,0.0,0.0,0.0,true,1062,0
1773229044000,64.1234432,-21.7875538333333,3.0,0.0,0.0,true,1063,0
1773229047000,64.1234432,-21.7875538333333,3.0,0.0,0.0,true,1064,0
1773229047000,64.1234432,-21.7875538333333,0.0,0.0,0.0,true,1065,0
1773229052000,64.1234432,-21.7875538333333,5.0,0.0,0.0,true,1066,0
1773229054000,64.1234432,-21.7875538333333,2.0,0.0,0.0,true,1067,0
1773229054000,64.1234432,-21.7875538333333,0.0,0.0,0.0,true,1068,0
1773229056000,64.1234432,-21.7875538333333,2.0,0.0,0.0,true,1069,0
1773229059000,64.1234432,-21.7875538333333,3.0,0.0,0.0,true,1070,0
1773229059000,64.1234432,-21.7875538333333,0.0,0.0,0.0,true,1071,0
1773229062000,64.1234432,-21.7875538333333,3.0,0.0,0.0,true,1072,0
1773229065000,64.1234432,-21.7875538333333,3.0,0.0,0.0,true,1073,0
1773229065000,64.1234432,-21.7875538333333,0.0,0.0,0.0,true,1074,0
1773229069000,64.1234432,-21.7875538333333,4.0,0.0,0.0,true,1075,0
1773229069000,64.1234432,-21.7875538333333,0.0,0.0,0.0,true,1076,0
1773229071000,64.1234432,-21.7875538333333,2.0,0.0,0.0,true,1077,0
1773229071000,64.1234432,-21.7875538333333,0.0,0.0,0.0,true,1078,0
1773229076000,64.1234432,-21.7875538333333,5.0,0.0,0.0,true,1079,0
1773229078000,64.1234432,-21.7875538333333,2.0,0.0,0.0,true,1080,0
1773229082000,64.1234432,-21.7875538333333,4.0,0.0,0.0,true,1081,0
1773229082000,64.1234432,-21.7875538333333,0.0,0.0,0.0,true,1082,0
1773229086000,64.1234432,-21.7875538333333,4.0,0.0,0.0,true,1083,0
1773229088000,64.1234432,-21.7875538333333,2.0,0.0,0.0,true,1084,0
1773229088000,64.1234432,-21.7875538333333,0.0,0.0,0.0,true,1085,0
1773229090000,64.1234432,-21.7875538333333,2.0,0.0,0.0,true,1086,0
1773229090000,64.1234432,-21.7875538333333,0.0,0.0,0.0,true,1087,0
1773229094000,64.1234432,-21.7875538333333,4.0,0.0,0.0,true,1088,0
1773229096000,64.1234432,-21.7875538333333,2.0,0.0,0.0,true,1089,0
1773229098000,64.1234432,-21.7875538333333,2.0,0.0,0.0,true,1090,0
1773229098000,64.1234432,-21.7875538333333,0.0,0.0,0.0,true,1091,0
1773229103000,64.1234432,-21.7875538333333,5.0,0.0,0.0,true,1092,0
1773229103000,64.1234432,-21.7875538333333,0.0,0.0,0.0,true,1093,0
1773229107000,64.1234432,-21.7875538333333,4.0,0.0,0.0,true,1094,0
1773229109000,64.1234432,-21.7875538333333,2.0,0.0,0.0,true,1095,0
1773229109000,64.1234432,-21.7875538333333,0.0,0.0,0.0,true,1096,0
1773229113000,64.1234432,-21.7875538333333,4.0,0.0,0.0,true,1097,0
1773229113000,64.1234432,-21.7875538333333,0.0,0.0,0.0,true,1098,0
1773229113000,64.1234432,-21.7875538333333,0.0,0.0,0.0,true,1099,0
1773229120000,64.1234432,-21.7875538333333,7.0,0.0,0.0,true,1100,0
1773229120000,64.1234432,-21.7875538333333,0.0,0.0,0.0,true,1101,0
1773229122000,64.1234432,-21.7875538333333,2.0,0.0,0.0,true,1102,0
1773229124000,64.1234432,-21.7875538333333,2.0,0.0,0.0,true,1103,0
1773229124000,64.1234432,-21.7875538333333,0.0,0.0,0.0,true,1104,0
1773229128000,64.1234432,-21.7875538333333,4.0,0.0,0.0,true,1105,0
1773229130000,64.1234432,-21.7875538333333,2.0,0.0,0.0,true,1106,0
1773229134000,64.1234432,-21.7875538333333,4.0,0.0,0.0,true,1107,0
1773229134000,64.1234432,-21.7875538333333,0.0,0.0,0.0,true,1108,0
1773229136000,64.1234432,-21.7875538333333,2.0,0.0,0.0,true,1109,0
1773229139000,64.1234432,-21.7875538333333,3.0,0.0,0.0,true,1110,0
1773229139000,64.1234432,-21.7875538333333,0.0,0.0,0.0,true,1111,0
1773229145000,64.1234432,-21.7875538333333,6.0,0.0,0.0,true,1112,0
1773229145000,64.1234432,-21.7875538333333,0.0,0.0,0.0,true,1113,0
1773229147000,64.1234432,-21.7875538333333,2.0,0.0,0.0,true,1114,0
1773229147000,64.1234432,-21.7875538333333,0.0,0.0,0.0,true,1115,0
1773229147000,64.1234432,-21.7875538333333,0.0,0.0,0.0,true,1116,0
1773229152000,64.1234432,-21.7875538333333,5.0,0.0,0.0,true,1117,0
1773229152000,64.1234432,-21.7875538333333,0.0,0.0,0.0,true,1118,0
1773229154000,64.1234432,-21.7875538333333,2.0,0.0,0.0,true,1119,0
1773229160000,64.1234432,-21.7875538333333,6.0,0.0,0.0,true,1120,0
1773229163000,64.1234432,-21.7875538333333,3.0,0.0,0.0,true,1121,0
1773229163000,64.1234432,-21.7875538333333,0.0,0.0,0.0,true,1122,0
1773229165000,64.1234432,-21.7875538333333,2.0,0.0,0.0,true,1123,0
1773229169000,64.1234432,-21.7875538333333,4.0,0.0,0.0,true,1124,0
1773229169000,64.1234432,-21.7875538333333,0.0,0.0,0.0,true,1125,0
1773229178000,64.1234432,-21.7875538333333,9.0,0.0,0.0,true,1126,0
1773229178000,64.1234432,-21.7875538333333,0.0,0.0,0.0,true,1127,0
1773229180000,64.1234432,-21.7875538333333,2.0,0.0,0.0,true,1128,0
1773229180000,64.1234432,-21.7875538333333,0.0,0.0,0.0,true,1129,0
1773229185000,64.1234432,-21.7875538333333,5.0,0.0,0.0,true,1130,0
1773229187000,64.1234432,-21.7875538333333,2.0,0.0,0.0,true,1131,0
1773229187000,64.1234432,-21.7875538333333,0.0,0.0,0.0,true,1132,0
1773229191000,64.1234432,-21.7875538333333,4.0,0.0,0.0,true,1133,0
1773229193000,64.1234432,-21.7875538333333,2.0,0.0,0.0,true,1134,0
1773229193000,64.1234432,-21.7875538333333,0.0,0.0,0.0,true,1135,0
1773229195000,64.1234432,-21.7875538333333,2.0,0.0,0.0,true,1136,0
1773229199000,64.1234432,-21.7875538333333,4.0,0.0,0.0,true,1137,0
1773229199000,64.1234432,-21.7875538333333,0.0,0.0,0.0,true,1138,0
1773229202000,64.1234432,-21.7875538333333,3.0,0.0,0.0,true,1139,0
1773229206000,64.1234432,-21.7875538333333,4.0,0.0,0.0,true,1140,0
1773229206000,64.1234432,-21.7875538333333,0.0,0.0,0.0,true,1141,0
1773229211000,64.1234432,-21.7875538333333,5.0,0.0,0.0,true,1142,0
1773229211000,64.1234432,-21.7875538333333,0.0,0.0,0.0,true,1143,0
1773229211000,64.1234432,-21.7875538333333,0.0,0.0,0.0,true,1144,0
1773229215000,64.1234432,-21.7875538333333,4.0,0.0,0.0,true,1145,0
1773229215000,64.1234432,-21.7875538333333,0.0,0.0,0.0,true,1146,0
1773229215000,64.1234432,-21.7875538333333,0.0,0.0,0.0,true,1147,0
1773229220000,64.1234432,-21.7875538333333,5.0,0.0,0.0,true,1148,0
1773229220000,64.1234432,-21.7875538333333,0.0,0.0,0.0,true,1149,0
1773229226000,64.1234432,-21.7875538333333,6.0,0.0,0.0,true,1150,0
1773229226000,64.1234432,-21.7875538333333,0.0,0.0,0.0,true,1151,0
1773229230000,64.1234432,-21.7875538333333,4.0,0.0,0.0,true,1152,0
1773229230000,64.1234432,-21.7875538333333,0.0,0.0,0.0,true,1153,0
1773229230000,64.1234432,-21.7875538333333,0.0,0.0,0.0,true,1154,0
1773229234000,64.1234432,-21.7875538333333,4.0,0.0,0.0,true,1155,0
1773229237000,64.1234432,-21.7875538333333,3.0,0.0,0.0,true,1156,0
1773229237000,64.1234432,-21.7875538333333,0.0,0.0,0.0,true,1157,0
1773229239000,64.1234432,-21.7875538333333,2.0,0.0,0.0,true,1158,0
1773229243000,64.1234432,-21.7875538333333,4.0,0.0,0.0,true,1159,0
1773229243000,64.1234432,-21.7875538333333,0.0,0.0,0.0,true,1160,0
1773229248000,64.1234432,-21.7875538333333,5.0,0.0,0.0,true,1161,0
1773229248000,64.1234432,-21.7875538333333,0.0,0.0,0.0,true,1162,0
1773229250000,64.1234432,-21.7875538333333,2.0,0.0,0.0,true,1163,0
1773229253000,64.1234432,-21.7875538333333,3.0,0.0,0.0,true,1164,0
1773229253000,64.1234432,-21.7875538333333,0.0,0.0,0.0,true,1165,0
1773229257000,64.1234432,-21.7875538333333,4.0,0.0,0.0,true,1166,0
1773229259000,64.1234432,-21.7875538333333,2.0,0.0,0.0,true,1167,0
1773229259000,64.1234432,-21.7875538333333,0.0,0.0,0.0,true,1168,0
1773229263000,64.1234432,-21.7875538333333,4.0,0.0,0.0,true,1169,0
1773229265000,64.1234432,-21.7875538333333,2.0,0.0,0.0,true,1170,0
1773229268000,64.1234432,-21.7875538333333,3.0,0.0,0.0,true,1171,0
1773229270000,64.1234432,-21.7875538333333,2.0,0.0,0.0,true,1172,0
1773229270000,64.1234432,-21.7875538333333,0.0,0.0,0.0,true,1173,0
1773229272000,64.1234432,-21.7875538333333,2.0,0.0,0.0,true,1174,0
1773229274000,64.1234432,-21.7875538333333,2.0,0.0,0.0,true,1175,0
1773229274000,64.1234432,-21.7875538333333,0.0,0.0,0.0,true,1176,0
1773229279000,64.1234432,-21.7875538333333,5.0,0.0,0.0,true,1177,0
1773229279000,64.1234432,-21.7875538333333,0.0,0.0,0.0,true,1178,0
1773229284000,64.1234432,-21.7875538333333,5.0,0.0,0.0,true,1179,0
1773229286000,64.1234432,-21.7875538333333,2.0,0.0,0.0,true,1180,0
1773229286000,64.1234432,-21.7875538333333,0.0,0.0,0.0,true,1181,0
1773229288000,64.1234432,-21.7875538333333,2.0,0.0,0.0,true,1182,0
1773229288000,64.1234432,-21.7875538333333,0.0,0.0,0.0,true,1183,0
1773229291000,64.1234432,-21.7875538333333,3.0,0.0,0.0,true,1184,0
1773229294000,64.1234432,-21.7875538333333,3.0,0.0,0.0,true,1185,0
1773229294000,64.1234432,-21.7875538333333,0.0,0.0,0.0,true,1186,0
1773229297000,64.1234432,-21.7875538333333,3.0,0.0,0.0,true,1187,0
1773229304000,64.1234432,-21.7875538333333,7.0,0.0,0.0,true,1188,0
1773229304000,64.1234432,-21.7875538333333,0.0,0.0,0.0,true,1189,0
1773229306000,64.1234432,-21.7875538333333,2.0,0.0,0.0,true,1190,0
1773229306000,64.1234432,-21.7875538333333,0.0,0.0,0.0,true,1191,0
1773229309000,64.1234432,-21.7875538333333,3.0,0.0,0.0,true,1192,0
1773229312000,64.1234432,-21.7875538333333,3.0,0.0,0.0,true,1193,0
1773229312000,64.1234432,-21.7875538333333,0.0,0.0,0.0,true,1194,0
1773229315000,64.1234432,-21.7875538333333,3.0,0.0,0.0,true,1195,0
1773229317000,64.1234432,-21.7875538333333,2.0,0.0,0.0,true,1196,0
1773229317000,64.1234432,-21.7875538333333,0.0,0.0,0.0,true,1197,0
1773229320000,64.1234432,-21.7875538333333,3.0,0.0,0.0,true,1198,0
1773229322000,64.1234432,-21.7875538333333,2.0,0.0,0.0,true,1199,0
1773229325000,64.1234432,-21.7875538333333,3.0,0.0,0.0,true,1200,0
1773229328000,64.1234432,-21.7875538333333,3.0,0.0,0.0,true,1201,0
1773229328000,64.1234432,-21.7875538333333,0.0,0.0,0.0,true,1202,0
1773229330000,64.1234432,-21.7875538333333,2.0,0.0,0.0,true,1203,0
1773229330000,64.1234432,-21.7875538333333,0.0,0.0,0.0,true,1204,0
1773229334000,64.1234432,-21.7875538333333,4.0,0.0,0.0,true,1205,0
1773229339000,64.1234432,-21.7875538333333,5.0,0.0,0.0,true,1206,0
1773229339000,64.1234432,-21.7875538333333,0.0,0.0,0.0,true,1207,0
1773229339000,64.1234432,-21.7875538333333,0.0,0.0,0.0,true,1208,0
1773229344000,64.1234432,-21.7875538333333,5.0,0.0,0.0,true,1209,0
1773229346000,64.1234432,-21.7875538333333,2.0,0.0,0.0,true,1210,0
1773229346000,64.1234432,-21.7875538333333,0.0,0.0,0.0,true,1211,0
1773229350000,64.1234432,-21.7875538333333,4.0,0.0,0.0,true,1212,0
1773229350000,64.1234432,-21.7875538333333,0.0,0.0,0.0,true,1213,0
1773229354000,64.1234432,-21.7875538333333,4.0,0.0,0.0,true,1214,0
1773229354000,64.1234432,-21.7875538333333,0.0,0.0,0.0,true,1215,0
1773229357000,64.1234432,-21.7875538333333,3.0,0.0,0.0,true,1216,0
1773229359000,64.1234432,-21.7875538333333,2.0,0.0,0.0,true,1217,0
1773229359000,64.1234432,-21.7875538333333,0.0,0.0,0.0,true,1218,0
1773229363000,64.1234432,-21.7875538333333,4.0,0.0,0.0,true,1219,0
1773229365000,64.1234432,-21.7875538333333,2.0,0.0,0.0,true,1220,0
1773229365000,64.1234432,-21.7875538333333,0.0,0.0,0.0,true,1221,0
1773229367000,64.1234432,-21.7875538333333,2.0,0.0,0.0,true,1222,0
1773229374000,64.1234432,-21.7875538333333,7.0,0.0,0.0,true,1223,0
1773229374000,64.1234432,-21.7875538333333,0.0,0.0,0.0,true,1224,0
1773229374000,64.1234432,-21.7875538333333,0.0,0.0,0.0,true,1225,0
1773229376000,64.1234432,-21.7875538333333,2.0,0.0,0.0,true,1226,0
1773229380000,64.1234432,-21.7875538333333,4.0,0.0,0.0,true,1227,0
1773229382000,64.1234432,-21.7875538333333,2.0,0.0,0.0,true,1228,0
1773229384000,64.1234432,-21.7875538333333,2.0,0.0,0.0,true,1229,0
1773229386000,64.1234432,-21.7875538333333,2.0,0.0,0.0,true,1230,0
1773229386000,64.1234432,-21.7875538333333,0.0,0.0,0.0,true,1231,0
1773229386000,64.1234432,-21.7875538333333,0.0,0.0,0.0,true,1232,0
1773229389000,64.1234432,-21.7875538333333,3.0,0.0,0.0,true,1233,0
1773229392000,64.1234432,-21.7875538333333,3.0,0.0,0.0,true,1234,0
1773229392000,64.1234432,-21.7875538333333,0.0,0.0,0.0,true,1235,0
1773229397000,64.1234432,-21.7875538333333,5.0,0.0,0.0,true,1236,0
1773229402000,64.1234432,-21.7875538333333,5.0,0.0,0.0,true,1237,0
1773229402000,64.1234432,-21.7875538333333,0.0,0.0,0.0,true,1238,0
1773229406000,64.1234432,-21.7875538333333,4.0,0.0,0.0,true,1239,0
1773229406000,64.1234432,-21.7875538333333,0.0,0.0,0.0,true,1240,0
1773229406000,64.1234432,-21.7875538333333,0.0,0.0,0.0,true,1241,0
1773229410000,64.1234432,-21.7875538333333,4.0,0.0,0.0,true,1242,0
1773229412000,64.1234432,-21.7875538333333,2.0,0.0,0.0,true,1243,0
1773229412000,64.1234432,-21.7875538333333,0.0,0.0,0.0,true,1244,0
1773229416000,64.1234432,-21.7875538333333,4.0,0.0,0.0,true,1245,0
1773229416000,64.1234432,-21.7875538333333,0.0,0.0,0.0,true,1246,0
1773229418000,64.1234432,-21.7875538333333,2.0,0.0,0.0,true,1247,0
1773229425000,64.1234432,-21.7875538333333,7.0,0.0,0.0,true,1248,0
1773229425000,64.1234432,-21.7875538333333,0.0,0.0,0.0,true,1249,0
1773229427000,64.1234432,-21.7875538333333,2.0,0.0,0.0,true,1250,0
1773229430000,64.1234432,-21.7875538333333,3.0,0.0,0.0,true,1251,0
1773229430000,64.1234432,-21.7875538333333,0.0,0.0,0.0,true,1252,0
1773229432000,64.1234432,-21.7875538333333,2.0,0.0,0.0,true,1253,0
1773229436000,64.1234432,-21.7875538333333,4.0,0.0,0.0,true,1254,0
1773229436000,64.1234432,-21.7875538333333,0.0,0.0,0.0,true,1255,0
1773229438000,64.1234432,-21.7875538333333,2.0,0.0,0.0,true,1256,0
1773229442000,64.1234432,-21.7875538333333,4.0,0.0,0.0,true,1257,0
1773229442000,64.1234432,-21.7875538333333,0.0,0.0,0.0,true,1258,0
1773229447000,64.1234432,-21.7875538333333,5.0,0.0,0.0,true,1259,0
1773229447000,64.1234432,-21.7875538333333,0.0,0.0,0.0,true,1260,0
1773229447000,64.1234432,-21.7875538333333,0.0,0.0,0.0,true,1261,0
1773229451000,64.1234432,-21.7875538333333,4.0,0.0,0.0,true,1262,0
1773229451000,64.1234432,-21.7875538333333,0.0,0.0,0.0,true,1263,0
1773229453000,64.1234432,-21.7875538333333,2.0,0.0,0.0,true,1264,0
1773229453000,64.1234432,-21.7875538333333,0.0,0.0,0.0,true,1265,0
1773229453000,64.1234432,-21.7875538333333,0.0,0.0,0.0,true,1266,0
1773229461000,64.1234432,-21.7875538333333,8.0,0.0,0.0,true,1267,0
1773229461000,64.1234432,-21.7875538333333,0.0,0.0,0.0,true,1268,0
1773229461000,64.1234432,-21.7875538333333,0.0,0.0,0.0,true,1269,0
1773229465000,64.1234432,-21.7875538333333,4.0,0.0,0.0,true,1270,0
1773229465000,64.1234432,-21.7875538333333,0.0,0.0,0.0,true,1271,0
1773229465000,64.1234432,-21.7875538333333,0.0,0.0,0.0,true,1272,0
1773229472000,64.1234432,-21.7875538333333,7.0,0.0,0.0,true,1273,0
1773229476000,64.1234432,-21.7875538333333,4.0,0.0,0.0,true,1274,0
1773229476000,64.1234432,-21.7875538333333,0.0,0.0,0.0,true,1275,0
1773229480000,64.1234432,-21.7875538333333,4.0,0.0,0.0,true,1276,0
1773229480000,64.1234432,-21.7875538333333,0.0,0.0,0.0,true,1277,0
1773229480000,64.1234432,-21.7875538333333,0.0,0.0,0.0,true,1278,0
1773229486000,64.1234432,-21.7875538333333,6.0,0.0,0.0,true,1279,0
1773229486000,64.1234432,-21.7875538333333,0.0,0.0,0.0,true,1280,0
1773229490000,64.1234432,-21.7875538333333,4.0,0.0,0.0,true,1281,0
1773229490000,64.1234432,-21.7875538333333,0.0,0.0,0.0,true,1282,0
1773229490000,64.1234432,-21.7875538333333,0.0,0.0,0.0,true,1283,0
1773229495000,64.1234432,-21.7875538333333,5.0,0.0,0.0,true,1284,0
1773229497000,64.1234432,-21.7875538333333,2.0,0.0,0.0,true,1285,0
1773229497000,64.1234432,-21.7875538333333,0.0,0.0,0.0,true,1286,0
1773229501000,64.1234432,-21.7875538333333,4.0,0.0,0.0,true,1287,0
1773229504000,64.1234432,-21.7875538333333,3.0,0.0,0.0,true,1288,0
1773229504000,64.1234432,-21.7875538333333,0.0,0.0,0.0,true,1289,0
1773229507000,64.1234432,-21.7875538333333,3.0,0.0,0.0,true,1290,0
1773229507000,64.1234432,-21.7875538333333,0.0,0.0,0.0,true,1291,0
1773229510000,64.1234432,-21.7875538333333,3.0,0.0,0.0,true,1292,0
1773229512000,64.1234432,-21.7875538333333,2.0,0.0,0.0,true,1293,0
1773229512000,64.1234432,-21.7875538333333,0.0,0.0,0.0,true,1294,0
1773229517000,64.1234432,-21.7875538333333,5.0,0.0,0.0,true,1295,0
1773229517000,64.1234432,-21.7875538333333,0.0,0.0,0.0,true,1296,0
1773229520000,64.1234432,-21.7875538333333,3.0,0.0,0.0,true,1297,0
1773229522000,64.1234432,-21.7875538333333,2.0,0.0,0.0,true,1298,0
1773229526000,64.1234432,-21.7875538333333,4.0,0.0,0.0,true,1299,0
1773229526000,64.1234432,-21.7875538333333,0.0,0.0,0.0,true,1300,0
1773229531000,64.1234432,-21.7875538333333,5.0,0.0,0.0,true,1301,0
1773229531000,64.1234432,-21.7875538333333,0.0,0.0,0.0,true,1302,0
1773229531000,64.1234432,-21.7875538333333,0.0,0.0,0.0,true,1303,0
1773229536000,64.1234432,-21.7875538333333,5.0,0.0,0.0,true,1304,0
1773229536000,64.1234432,-21.7875538333333,0.0,0.0,0.0,true,1305,0
1773229538000,64.1234432,-21.7875538333333,2.0,0.0,0.0,true,1306,0
1773229542000,64.1234432,-21.7875538333333,4.0,0.0,0.0,true,1307,0
1773229542000,64.1234432,-21.7875538333333,0.0,0.0,0.0,true,1308,0
1773229547000,64.1234432,-21.7875538333333,5.0,0.0,0.0,true,1309,0
1773229547000,64.1234432,-21.7875538333333,0.0,0.0,0.0,true,1310,0
1773229547000,64.1234432,-21.7875538333333,0.0,0.0,0.0,true,1311,0
1773229551000,64.1234432,-21.7875538333333,4.0,0.0,0.0,true,1312,0
1773229551000,64.1234432,-21.7875538333333,0.0,0.0,0.0,true,1313,0
1773229554000,64.1234432,-21.7875538333333,3.0,0.0,0.0,true,1314,0
1773229557000,64.1234432,-21.7875538333333,3.0,0.0,0.0,true,1315,0
1773229557000,64.1234432,-21.7875538333333,0.0,0.0,0.0,true,1316,0
1773229559000,64.1234432,-21.7875538333333,2.0,0.0,0.0,true,1317,0
1773229564000,64.1234432,-21.7875538333333,5.0,0.0,0.0,true,1318,0
1773229564000,64.1234432,-21.7875538333333,0.0,0.0,0.0,true,1319,0
1773229568000,64.1234432,-21.7875538333333,4.0,0.0,0.0,true,1320,0
1773229568000,64.1234432,-21.7875538333333,0.0,0.0,0.0,true,1321,0
1773229568000,64.1234432,-21.7875538333333,0.0,0.0,0.0,true,1322,0
1773229572000,64.1234432,-21.7875538333333,4.0,0.0,0.0,true,1323,0
1773229575000,64.1234432,-21.7875538333333,3.0,0.0,0.0,true,1324,0
1773229575000,64.1234432,-21.7875538333333,0.0,0.0,0.0,true,1325,0
1773229577000,64.1234432,-21.7875538333333,2.0,0.0,0.0,true,1326,0
1773229580000,64.1234432,-21.7875538333333,3.0,0.0,0.0,true,1327,0
1773229583000,64.1234432,-21.7875538333333,3.0,0.0,0.0,true,1328,0
1773229587000,64.1234432,-21.7875538333333,4.0,0.0,0.0,true,1329,0
1773229587000,64.1234432,-21.7875538333333,0.0,0.0,0.0,true,1330,0
1773229589000,64.1234432,-21.7875538333333,2.0,0.0,0.0,true,1331,0
1773229592000,64.1234432,-21.7875538333333,3.0,0.0,0.0,true,1332,0
1773229592000,64.1234432,-21.7875538333333,0.0,0.0,0.0,true,1333,0
1773229594000,64.1234432,-21.7875538333333,2.0,0.0,0.0,true,1334,0
1773229598000,64.1234432,-21.7875538333333,4.0,0.0,0.0,true,1335,0
1773229598000,64.1234432,-21.7875538333333,0.0,0.0,0.0,true,1336,0
1773229602000,64.1234432,-21.7875538333333,4.0,0.0,0.0,true,1337,0
1773229602000,64.1234432,-21.7875538333333,0.0,0.0,0.0,true,1338,0
1773229604000,64.1234432,-21.7875538333333,2.0,0.0,0.0,true,1339,0
1773229609000,64.1234432,-21.7875538333333,5.0,0.0,0.0,true,1340,0
1773229609000,64.1234432,-21.7875538333333,0.0,0.0,0.0,true,1341,0
1773229609000,64.1234432,-21.7875538333333,0.0,0.0,0.0,true,1342,0
1773229613000,64.1234432,-21.7875538333333,4.0,0.0,0.0,true,1343,0
1773229613000,64.1234432,-21.7875538333333,0.0,0.0,0.0,true,1344,0
1773229613000,64.1234432,-21.7875538333333,0.0,0.0,0.0,true,1345,0
1773229618000,64.1234432,-21.7875538333333,5.0,0.0,0.0,true,1346,0
1773229618000,64.1234432,-21.7875538333333,0.0,0.0,0.0,true,1347,0
1773229624000,64.1234432,-21.7875538333333,6.0,0.0,0.0,true,1348,0
1773229624000,64.1234432,-21.7875538333333,0.0,0.0,0.0,true,1349,0
1773229624000,64.1234432,-21.7875538333333,0.0,0.0,0.0,true,1350,0
1773229629000,64.1234432,-21.7875538333333,5.0,0.0,0.0,true,1351,0
1773229629000,64.1234432,-21.7875538333333,0.0,0.0,0.0,true,1352,0
1773229633000,64.1234432,-21.7875538333333,4.0,0.0,0.0,true,1353,0
1773229635000,64.1234432,-21.7875538333333,2.0,0.0,0.0,true,1354,0
1773229638000,64.1234432,-21.7875538333333,3.0,0.0,0.0,true,1355,0
1773229638000,64.1234432,-21.7875538333333,0.0,0.0,0.0,true,1356,0
1773229642000,64.1234432,-21.7875538333333,4.0,0.0,0.0,true,1357,0
1773229644000,64.1234432,-21.7875538333333,2.0,0.0,0.0,true,1358,0
1773229644000,64.1234432,-21.7875538333333,0.0,0.0,0.0,true,1359,0
1773229651000,64.1234432,-21.7875538333333,7.0,0.0,0.0,true,1360,0
1773229651000,64.1234432,-21.7875538333333,0.0,0.0,0.0,true,1361,0
1773229651000,64.1234432,-21.7875538333333,0.0,0.0,0.0,true,1362,0
1773229653000,64.1234432,-21.7875538333333,2.0,0.0,0.0,true,1363,0
1773229653000,64.1234432,-21.7875538333333,0.0,0.0,0.0,true,1364,0
1773229658000,64.1234432,-21.7875538333333,5.0,0.0,0.0,true,1365,0
1773229660000,64.1234432,-21.7875538333333,2.0,0.0,0.0,true,1366,0
1773229660000,64.1234432,-21.7875538333333,0.0,0.0,0.0,true,1367,0
1773229664000,64.1234432,-21.7875538333333,4.0,0.0,0.0,true,1368,0
1773229664000,64.1234432,-21.7875538333333,0.0,0.0,0.0,true,1369,0
1773229666000,64.1234432,-21.7875538333333,2.0,0.0,0.0,true,1370,0
1773229666000,64.1234432,-21.7875538333333,0.0,0.0,0.0,true,1371,0
1773229672000,64.1234432,-21.7875538333333,6.0,0.0,0.0,true,1372,0
1773229675000,64.1234432,-21.7875538333333,3.0,0.0,0.0,true,1373,0
1773229675000,64.1234432,-21.7875538333333,0.0,0.0,0.0,true,1374,0
1773229678000,64.1234432,-21.7875538333333,3.0,0.0,0.0,true,1375,0
1773229681000,64.1234432,-21.7875538333333,3.0,0.0,0.0,true,1376,0
1773229681000,64.1234432,-21.7875538333333,0.0,0.0,0.0,true,1377,0
1773229681000,64.1234432,-21.7875538333333,0.0,0.0,0.0,true,1378,0
1773229683000,64.1234432,-21.7875538333333,2.0,0.0,0.0,true,1379,0
1773229687000,64.1234432,-21.7875538333333,4.0,0.0,0.0,true,1380,0
1773229687000,64.1234432,-21.7875538333333,0.0,0.0,0.0,true,1381,0
1773229689000,64.1234432,-21.7875538333333,2.0,0.0,0.0,true,1382,0
1773229694000,64.1234432,-21.7875538333333,5.0,0.0,0.0,true,1383,0
1773229694000,64.1234432,-21.7875538333333,0.0,0.0,0.0,true,1384,0
1773229694000,64.1234432,-21.7875538333333,0.0,0.0,0.0,true,1385,0
1773229700000,64.1234432,-21.7875538333333,6.0,0.0,0.0,true,1386,0
1773229700000,64.1234432,-21.7875538333333,0.0,0.0,0.0,true,1387,0
1773229700000,64.1234432,-21.7875538333333,0.0,0.0,0.0,true,1388,0
1773229707000,64.1234432,-21.7875538333333,7.0,0.0,0.0,true,1389,0
1773229707000,64.1234432,-21.7875538333333,0.0,0.0,0.0,true,1390,0
1773229709000,64.1234432,-21.7875538333333,2.0,0.0,0.0,true,1391,0
1773229709000,64.1234432,-21.7875538333333,0.0,0.0,0.0,true,1392,0
1773229715000,64.1234432,-21.7875538333333,6.0,0.0,0.0,true,1393,0
1773229715000,64.1234432,-21.7875538333333,0.0,0.0,0.0,true,1394,0
1773229718000,64.1234432,-21.7875538333333,3.0,0.0,0.0,true,1395,0
1773229718000,64.1234432,-21.7875538333333,0.0,0.0,0.0,true,1396,0
1773229720000,64.1234432,-21.7875538333333,2.0,0.0,0.0,true,1397,0
1773229723000,64.1234432,-21.7875538333333,3.0,0.0,0.0,true,1398,0
1773229723000,64.1234432,-21.7875538333333,0.0,0.0,0.0,true,1399,0
1773229727000,64.1234432,-21.7875538333333,4.0,0.0,0.0,true,1400,0
1773229729000,64.1234432,-21.7875538333333,2.0,0.0,0.0,true,1401,0
1773229729000,64.1234432,-21.7875538333333,0.0,0.0,0.0,true,1402,0
1773229733000,64.1234432,-21.7875538333333,4.0,0.0,0.0,true,1403,0
1773229733000,64.1234432,-21.7875538333333,0.0,0.0,0.0,true,1404,0
1773229735000,64.1234432,-21.7875538333333,2.0,0.0,0.0,true,1405,0
1773229738000,64.1234432,-21.7875538333333,3.0,0.0,0.0,true,1406,0
1773229738000,64.1234432,-21.7875538333333,0.0,0.0,0.0,true,1407,0
1773229744000,64.1234432,-21.7875538333333,6.0,0.0,0.0,true,1408,0
1773229744000,64.1234432,-21.7875538333333,0.0,0.0,0.0,true,1409,0
1773229744000,64.1234432,-21.7875538333333,0.0,0.0,0.0,true,1410,0
1773229749000,64.1234432,-21.7875538333333,5.0,0.0,0.0,true,1411,0
1773229753000,64.1234432,-21.7875538333333,4.0,0.0,0.0,true,1412,0
1773229753000,64.1234432,-21.7875538333333,0.0,0.0,0.0,true,1413,0
1773229757000,64.1234432,-21.7875538333333,4.0,0.0,0.0,true,1414,0
1773229759000,64.1234432,-21.7875538333333,2.0,0.0,0.0,true,1415,0
1773229759000,64.1234432,-21.7875538333333,0.0,0.0,0.0,true,1416,0
1773229762000,64.1234432,-21.7875538333333,3.0,0.0,0.0,true,1417,0
1773229764000,64.1234432,-21.7875538333333,2.0,0.0,0.0,true,1418,0
1773229764000,64.1234432,-21.7875538333333,0.0,0.0,0.0,true,1419,0
1773229766000,64.1234432,-21.7875538333333,2.0,0.0,0.0,true,1420,0
1773229766000,64.1234432,-21.7875538333333,0.0,0.0,0.0,true,1421,0
1773229769000,64.1234432,-21.7875538333333,3.0,0.0,0.0,true,1422,0
1773229775000,64.1234432,-21.7875538333333,6.0,0.0,0.0,true,1423,0
1773229775000,64.1234432,-21.7875538333333,0.0,0.0,0.0,true,1424,0
1773229779000,64.1234432,-21.7875538333333,4.0,0.0,0.0,true,1425,0
1773229781000,64.1234432,-21.7875538333333,2.0,0.0,0.0,true,1426,0
1773229783000,64.1234432,-21.7875538333333,2.0,0.0,0.0,true,1427,0
1773229783000,64.1234432,-21.7875538333333,0.0,0.0,0.0,true,1428,0
1773229788000,64.1234432,-21.7875538333333,5.0,0.0,0.0,true,1429,0
1773229788000,64.1234432,-21.7875538333333,0.0,0.0,0.0,true,1430,0
1773229788000,64.1234432,-21.7875538333333,0.0,0.0,0.0,true,1431,0
1773229790000,64.1234432,-21.7875538333333,2.0,0.0,0.0,true,1432,0
1773229795000,64.1234432,-21.7875538333333,5.0,0.0,0.0,true,1433,0
1773229795000,64.1234432,-21.7875538333333,0.0,0.0,0.0,true,1434,0
1773229799000,64.1234432,-21.7875538333333,4.0,0.0,0.0,true,1435,0
1773229799000,64.1234432,-21.7875538333333,0.0,0.0,0.0,true,1436,0
1773229803000,64.1234432,-21.7875538333333,4.0,0.0,0.0,true,1437,0
1773229805000,64.1234432,-21.7875538333333,2.0,0.0,0.0,true,1438,0
1773229807000,64.1234432,-21.7875538333333,2.0,0.0,0.0,true,1439,0
1773229807000,64.1234432,-21.7875538333333,0.0,0.0,0.0,true,1440,0
1773229807000,64.1234432,-21.7875538333333,0.0,0.0,0.0,true,1441,0
1773229814000,64.1234432,-21.7875538333333,7.0,0.0,0.0,true,1442,0
1773229814000,64.1234432,-21.7875538333333,0.0,0.0,0.0,true,1443,0
1773229818000,64.1234432,-21.7875538333333,4.0,0.0,0.0,true,1444,0
1773229818000,64.1234432,-21.7875538333333,0.0,0.0,0.0,true,1445,0
1773229822000,64.1234432,-21.7875538333333,4.0,0.0,0.0,true,1446,0
1773229824000,64.1234432,-21.7875538333333,2.0,0.0,0.0,true,1447,0
1773229824000,64.1234432,-21.7875538333333,0.0,0.0,0.0,true,1448,0
1773229824000,64.1234432,-21.7875538333333,0.0,0.0,0.0,true,1449,0
1773229831000,64.1234432,-21.7875538333333,7.0,0.0,0.0,true,1450,0
1773229833000,64.1234432,-21.7875538333333,2.0,0.0,0.0,true,1451,0
1773229833000,64.1234432,-21.7875538333333,0.0,0.0,0.0,true,1452,0
1773229835000,64.1234432,-21.7875538333333,2.0,0.0,0.0,true,1453,0
1773229837000,64.1234432,-21.7875538333333,2.0,0.0,0.0,true,1454,0
1773229841000,64.1234432,-21.7875538333333,4.0,0.0,0.0,true,1455,0
1773229841000,64.1234432,-21.7875538333333,0.0,0.0,0.0,true,1456,0
1773229843000,64.1234432,-21.7875538333333,2.0,0.0,0.0,true,1457,0
1773229843000,64.1234432,-21.7875538333333,0.0,0.0,0.0,true,1458,0
1773229846000,64.1234432,-21.7875538333333,3.0,0.0,0.0,true,1459,0
1773229850000,64.1234432,-21.7875538333333,4.0,0.0,0.0,true,1460,0
1773229850000,64.1234432,-21.7875538333333,0.0,0.0,0.0,true,1461,0
1773229852000,64.1234432,-21.7875538333333,2.0,0.0,0.0,true,1462,0
1773229857000,64.1234432,-21.7875538333333,5.0,0.0,0.0,true,1463,0
1773229860000,64.1234432,-21.7875538333333,3.0,0.0,0.0,true,1464,0
1773229860000,64.1234432,-21.7875538333333,0.0,0.0,0.0,true,1465,0
1773229863000,64.1234432,-21.7875538333333,3.0,0.0,0.0,true,1466,0
1773229865000,64.1234432,-21.7875538333333,2.0,0.0,0.0,true,1467,0
1773229865000,64.1234432,-21.7875538333333,0.0,0.0,0.0,true,1468,0
1773229867000,64.1234432,-21.7875538333333,2.0,0.0,0.0,true,1469,0
1773229871000,64.1234432,-21.7875538333333,4.0,0.0,0.0,true,1470,0
1773229871000,64.1234432,-21.7875538333333,0.0,0.0,0.0,true,1471,0
1773229875000,64.1234432,-21.7875538333333,4.0,0.0,0.0,true,1472,0
1773229878000,64.1234432,-21.7875538333333,3.0,0.0,0.0,true,1473,0
1773229878000,64.1234432,-21.7875538333333,0.0,0.0,0.0,true,1474,0
1773229878000,64.1234432,-21.7875538333333,0.0,0.0,0.0,true,1475,0
1773229884000,64.1234432,-21.7875538333333,6.0,0.0,0.0,true,1476,0
1773229884000,64.1234432,-21.7875538333333,0.0,0.0,0.0,true,1477,0
1773229889000,64.1234432,-21.7875538333333,5.0,0.0,0.0,true,1478,0
1773229889000,64.1234432,-21.7875538333333,0.0,0.0,0.0,true,1479,0
1773229892000,64.1234432,-21.7875538333333,3.0,0.0,0.0,true,1480,0
1773229895000,64.1234432,-21.7875538333333,3.0,0.0,0.0,true,1481,0
1773229895000,64.1234432,-21.7875538333333,0.0,0.0,0.0,true,1482,0
1773229897000,64.1234432,-21.7875538333333,2.0,0.0,0.0,true,1483,0
1773229897000,64.1234432,-21.7875538333333,0.0,0.0,0.0,true,1484,0
1773229900000,64.1234432,-21.7875538333333,3.0,0.0,0.0,true,1485,0
1773229905000,64.1234432,-21.7875538333333,5.0,0.0,0.0,true,1486,0
1773229905000,64.1234432,-21.7875538333333,0.0,0.0,0.0,true,1487,0
1773229905000,64.1234432,-21.7875538333333,0.0,0.0,0.0,true,1488,0
1773229910000,64.1234432,-21.7875538333333,5.0,0.0,0.0,true,1489,0
1773229912000,64.1234432,-21.7875538333333,2.0,0.0,0.0,true,1490,0
1773229912000,64.1234432,-21.7875538333333,0.0,0.0,0.0,true,1491,0
1773229916000,64.1234432,-21.7875538333333,4.0,0.0,0.0,true,1492,0
1773229916000,64.1234432,-21.7875538333333,0.0,0.0,0.0,true,1493,0
1773229921000,64.1234432,-21.7875538333333,5.0,0.0,0.0,true,1494,0
1773229921000,64.1234432,-21.7875538333333,0.0,0.0,0.0,true,1495,0
1773229921000,64.1234432,-21.7875538333333,0.0,0.0,0.0,true,1496,0
1773229926000,64.1234432,-21.7875538333333,5.0,0.0,0.0,true,1497,0
1773229929000,64.1234432,-21.7875538333333,3.0,0.0,0.0,true,1498,0
1773229929000,64.1234432,-21.7875538333333,0.0,0.0,0.0,true,1499,0
1773229931000,64.1234432,-21.7875538333333,2.0,0.0,0.0,true,1500,0
1773229931000,64.1234432,-21.7875538333333,0.0,0.0,0.0,true,1501,0
1773229931000,64.1234432,-21.7875538333333,0.0,0.0,0.0,true,1502,0
1773229936000,64.1234432,-21.7875538333333,5.0,0.0,0.0,true,1503,0
1773229941000,64.1234432,-21.7875538333333,5.0,0.0,0.0,true,1504,0
1773229941000,64.1234432,-21.7875538333333,0.0,0.0,0.0,true,1505,0
1773229945000,64.1234432,-21.7875538333333,4.0,0.0,0.0,true,1506,0
1773229945000,64.1234432,-21.7875538333333,0.0,0.0,0.0,true,1507,0
1773229945000,64.1234432,-21.7875538333333,0.0,0.0,0.0,true,1508,0
1773229950000,64.1234432,-21.7875538333333,5.0,0.0,0.0,true,1509,0
1773229950000,64.1234432,-21.7875538333333,0.0,0.0,0.0,true,1510,0
1773229950000,64.1234432,-21.7875538333333,0.0,0.0,0.0,true,1511,0
1773229953000,64.1234432,-21.7875538333333,3.0,0.0,0.0,true,1512,0
1773229956000,64.1234432,-21.7875538333333,3.0,0.0,0.0,true,1513,0
1773229961000,64.1234432,-21.7875538333333,5.0,0.0,0.0,true,1514,0
1773229961000,64.1234432,-21.7875538333333,0.0,0.0,0.0,true,1515,0
1773229965000,64.1234432,-21.7875538333333,4.0,0.0,0.0,true,1516,0
1773229965000,64.1234432,-21.7875538333333,0.0,0.0,0.0,true,1517,0
1773229967000,64.1234432,-21.7875538333333,2.0,0.0,0.0,true,1518,0
1773229970000,64.1234432,-21.7875538333333,3.0,0.0,0.0,true,1519,0
1773229970000,64.1234432,-21.7875538333333,0.0,0.0,0.0,true,1520,0
1773229972000,64.1234432,-21.7875538333333,2.0,0.0,0.0,true,1521,0
1773229976000,64.1234432,-21.7875538333333,4.0,0.0,0.0,true,1522,0
1773229976000,64.1234432,-21.7875538333333,0.0,0.0,0.0,true,1523,0
1773229978000,64.1234432,-21.7875538333333,2.0,0.0,0.0,true,1524,0
1773229982000,64.1234432,-21.7875538333333,4.0,0.0,0.0,true,1525,0
1773229982000,64.1234432,-21.7875538333333,0.0,0.0,0.0,true,1526,0
1773229987000,64.1234432,-21.7875538333333,5.0,0.0,0.0,true,1527,0
1773229987000,64.1234432,-21.7875538333333,0.0,0.0,0.0,true,1528,0
1773229991000,64.1234432,-21.7875538333333,4.0,0.0,0.0,true,1529,0
1773229991000,64.1234432,-21.7875538333333,0.0,0.0,0.0,true,1530,0
1773229991000,64.1234432,-21.7875538333333,0.0,0.0,0.0,true,1531,0
1773229995000,64.1234432,-21.7875538333333,4.0,0.0,0.0,true,1532,0
1773230000000,64.1234432,-21.7875538333333,5.0,0.0,0.0,true,1533,0
1773230000000,64.1234432,-21.7875538333333,0.0,0.0,0.0,true,1534,0
1773230002000,64.1234432,-21.7875538333333,2.0,0.0,0.0,true,1535,0
1773230006000,64.1234432,-21.7875538333333,4.0,0.0,0.0,true,1536,0
1773230008000,64.1234432,-21.7875538333333,2.0,0.0,0.0,true,1537,0
1773230008000,64.1234432,-21.7875538333333,0.0,0.0,0.0,true,1538,0
1773230013000,64.1234432,-21.7875538333333,5.0,0.0,0.0,true,1539,0
1773230013000,64.1234432,-21.7875538333333,0.0,0.0,0.0,true,1540,0
1773230015000,64.1234432,-21.7875538333333,2.0,0.0,0.0,true,1541,0
1773230019000,64.1234432,-21.7875538333333,4.0,0.0,0.0,true,1542,0
1773230019000,64.1234432,-21.7875538333333,0.0,0.0,0.0,true,1543,0
1773230021000,64.1234432,-21.7875538333333,2.0,0.0,0.0,true,1544,0
1773230021000,64.1234432,-21.7875538333333,0.0,0.0,0.0,true,1545,0
1773230027000,64.1234432,-21.7875538333333,6.0,0.0,0.0,true,1546,0
1773230027000,64.1234432,-21.7875538333333,0.0,0.0,0.0,true,1547,0
1773230027000,64.1234432,-21.7875538333333,0.0,0.0,0.0,true,1548,0
1773230027000,64.1234432,-21.7875538333333,0.0,0.0,0.0,true,1549,0
1773230033000,64.1234432,-21.7875538333333,6.0,0.0,0.0,true,1550,0
1773230037000,64.1234432,-21.7875538333333,4.0,0.0,0.0,true,1551,0
1773230037000,64.1234432,-21.7875538333333,0.0,0.0,0.0,true,1552,0
1773230041000,64.1234432,-21.7875538333333,4.0,0.0,0.0,true,1553,0
1773230041000,64.1234432,-21.7875538333333,0.0,0.0,0.0,true,1554,0
1773230045000,64.1234432,-21.7875538333333,4.0,0.0,0.0,true,1555,0
1773230045000,64.1234432,-21.7875538333333,0.0,0.0,0.0,true,1556,0
1773230048000,64.1234432,-21.7875538333333,3.0,0.0,0.0,true,1557,0
1773230051000,64.1234432,-21.7875538333333,3.0,0.0,0.0,true,1558,0
1773230051000,64.1234432,-21.7875538333333,0.0,0.0,0.0,true,1559,0
1773230053000,64.1234432,-21.7875538333333,2.0,0.0,0.0,true,1560,0
1773230056000,64.1234432,-21.7875538333333,3.0,0.0,0.0,true,1561,0
1773230056000,64.1234432,-21.7875538333333,0.0,0.0,0.0,true,1562,0
1773230056000,64.1234432,-21.7875538333333,0.0,0.0,0.0,true,1563,0
1773230062000,64.1234432,-21.7875538333333,6.0,0.0,0.0,true,1564,0
1773230062000,64.1234432,-21.7875538333333,0.0,0.0,0.0,true,1565,0
1773230066000,64.1234432,-21.7875538333333,4.0,0.0,0.0,true,1566,0
1773230069000,64.1234432,-21.7875538333333,3.0,0.0,0.0,true,1567,0
1773230069000,64.1234432,-21.7875538333333,0.0,0.0,0.0,true,1568,0
1773230072000,64.1234432,-21.7875538333333,3.0,0.0,0.0,true,1569,0
1773230074000,64.1234432,-21.7875538333333,2.0,0.0,0.0,true,1570,0
1773230077000,64.1234432,-21.7875538333333,3.0,0.0,0.0,true,1571,0
1773230080000,64.1234432,-21.7875538333333,3.0,0.0,0.0,true,1572,0
1773230080000,64.1234432,-21.7875538333333,0.0,0.0,0.0,true,1573,0
1773230080000,64.1234432,-21.7875538333333,0.0,0.0,0.0,true,1574,0
1773230082000,64.1234432,-21.7875538333333,2.0,0.0,0.0,true,1575,0
1773230087000,64.1234432,-21.7875538333333,5.0,0.0,0.0,true,1576,0
1773230087000,64.1234432,-21.7875538333333,0.0,0.0,0.0,true,1577,0
1773230087000,64.1234432,-21.7875538333333,0.0,0.0,0.0,true,1578,0
1773230089000,64.1234432,-21.7875538333333,2.0,0.0,0.0,true,1579,0
1773230092000,64.1234432,-21.7875538333333,3.0,0.0,0.0,true,1580,0
1773230095000,64.1234432,-21.7875538333333,3.0,0.0,0.0,true,1581,0
1773230095000,64.1234432,-21.7875538333333,0.0,0.0,0.0,true,1582,0
1773230099000,64.1234432,-21.7875538333333,4.0,0.0,0.0,true,1583,0
1773230099000,64.1234432,-21.7875538333333,0.0,0.0,0.0,true,1584,0
1773230103000,64.1234432,-21.7875538333333,4.0,0.0,0.0,true,1585,0
1773230105000,64.1234432,-21.7875538333333,2.0,0.0,0.0,true,1586,0
1773230105000,64.1234432,-21.7875538333333,0.0,0.0,0.0,true,1587,0
1773230108000,64.1234432,-21.7875538333333,3.0,0.0,0.0,true,1588,0
1773230108000,64.1234432,-21.7875538333333,0.0,0.0,0.0,true,1589,0
1773230113000,64.1234432,-21.7875538333333,5.0,0.0,0.0,true,1590,0
1773230113000,64.1234432,-21.7875538333333,0.0,0.0,0.0,true,1591,0
1773230113000,64.1234432,-21.7875538333333,0.0,0.0,0.0,true,1592,0
1773230113000,64.1234432,-21.7875538333333,0.0,0.0,0.0,true,1593,0
1773230119000,64.1234432,-21.7875538333333,6.0,0.0,0.0,true,1594,0
1773230125000,64.1234432,-21.7875538333333,6.0,0.0,0.0,true,1595,0
1773230125000,64.1234432,-21.7875538333333,0.0,0.0,0.0,true,1596,0
1773230125000,64.1234432,-21.7875538333333,0.0,0.0,0.0,true,1597,0
1773230130000,64.1234432,-21.7875538333333,5.0,0.0,0.0,true,1598,0
1773230130000,64.1234432,-21.7875538333333,0.0,0.0,0.0,true,1599,0
1773230130000,64.1234432,-21.7875538333333,0.0,0.0,0.0,true,1600,0
1773230134000,64.1234432,-21.7875538333333,4.0,0.0,0.0,true,1601,0
1773230138000,64.1234432,-21.7875538333333,4.0,0.0,0.0,true,1602,0
1773230138000,64.1234432,-21.7875538333333,0.0,0.0,0.0,true,1603,0
1773230138000,64.1234432,-21.7875538333333,0.0,0.0,0.0,true,1604,0
1773230144000,64.1234432,-21.7875538333333,6.0,0.0,0.0,true,1605,0
1773230144000,64.1234432,-21.7875538333333,0.0,0.0,0.0,true,1606,0
1773230149000,64.1234432,-21.7875538333333,5.0,0.0,0.0,true,1607,0
1773230154000,64.1234432,-21.7875538333333,5.0,0.0,0.0,true,1608,0
1773230154000,64.1234432,-21.7875538333333,0.0,0.0,0.0,true,1609,0
1773230154000,64.1234432,-21.7875538333333,0.0,0.0,0.0,true,1610,0
1773230159000,64.1234432,-21.7875538333333,5.0,0.0,0.0,true,1611,0
1773230159000,64.1234432,-21.7875538333333,0.0,0.0,0.0,true,1612,0
1773230164000,64.1234432,-21.7875538333333,5.0,0.0,0.0,true,1613,0
1773230164000,64.1234432,-21.7875538333333,0.0,0.0,0.0,true,1614,0
1773230164000,64.1234432,-21.7875538333333,0.0,0.0,0.0,true,1615,0
1773230167000,64.1234432,-21.7875538333333,3.0,0.0,0.0,true,1616,0
1773230169000,64.1234432,-21.7875538333333,2.0,0.0,0.0,true,1617,0
1773230169000,64.1234432,-21.7875538333333,0.0,0.0,0.0,true,1618,0
1773230174000,64.1234432,-21.7875538333333,5.0,0.0,0.0,true,1619,0
1773230174000,64.1234432,-21.7875538333333,0.0,0.0,0.0,true,1620,0
1773230174000,64.1234432,-21.7875538333333,0.0,0.0,0.0,true,1621,0
1773230179000,64.1234432,-21.7875538333333,5.0,0.0,0.0,true,1622,0
1773230179000,64.1234432,-21.7875538333333,0.0,0.0,0.0,true,1623,0
1773230179000,64.1234432,-21.7875538333333,0.0,0.0,0.0,true,1624,0
1773230179000,64.1234432,-21.7875538333333,0.0,0.0,0.0,true,1625,0
1773230179000,64.1234432,-21.7875538333333,0.0,0.0,0.0,true,1626,0
1773230179000,64.1234432,-21.7875538333333,0.0,0.0,0.0,true,1627,0
1773230192000,64.1234432,-21.7875538333333,13.0,0.0,0.0,true,1628,0
1773230192000,64.1234432,-21.7875538333333,0.0,0.0,0.0,true,1629,0
1773230196000,64.1234432,-21.7875538333333,4.0,0.0,0.0,true,1630,0
1773230196000,64.1234432,-21.7875538333333,0.0,0.0,0.0,true,1631,0
1773230199000,64.1234432,-21.7875538333333,3.0,0.0,0.0,true,1632,0
1773230199000,64.1234432,-21.7875538333333,0.0,0.0,0.0,true,1633,0
1773230205000,64.1234432,-21.7875538333333,6.0,0.0,0.0,true,1634,0
1773230205000,64.1234432,-21.7875538333333,0.0,0.0,0.0,true,1635,0
1773230207000,64.1234432,-21.7875538333333,2.0,0.0,0.0,true,1636,0
1773230210000,64.1234432,-21.7875538333333,3.0,0.0,0.0,true,1637,0
1773230210000,64.1234432,-21.7875538333333,0.0,0.0,0.0,true,1638,0
1773230210000,64.1234432,-21.7875538333333,0.0,0.0,0.0,true,1639,0
1773230216000,64.1234432,-21.7875538333333,6.0,0.0,0.0,true,1640,0
1773230216000,64.1234432,-21.7875538333333,0.0,0.0,0.0,true,1641,0
1773230216000,64.1234432,-21.7875538333333,0.0,0.0,0.0,true,1642,0
1773230221000,64.1234432,-21.7875538333333,5.0,0.0,0.0,true,1643,0
1773230221000,64.1234432,-21.7875538333333,0.0,0.0,0.0,true,1644,0
1773230221000,64.1234432,-21.7875538333333,0.0,0.0,0.0,true,1645,0
1773230226000,64.1234432,-21.7875538333333,5.0,0.0,0.0,true,1646,0
1773230229000,64.1234432,-21.7875538333333,3.0,0.0,0.0,true,1647,0
1773230232000,64.1234432,-21.7875538333333,3.0,0.0,0.0,true,1648,0
1773230232000,64.1234432,-21.7875538333333,0.0,0.0,0.0,true,1649,0
1773230232000,64.1234432,-21.7875538333333,0.0,0.0,0.0,true,1650,0
1773230238000,64.1234432,-21.7875538333333,6.0,0.0,0.0,true,1651,0
1773230238000,64.1234432,-21.7875538333333,0.0,0.0,0.0,true,1652,0
1773230238000,64.1234432,-21.7875538333333,0.0,0.0,0.0,true,1653,0
1773230243000,64.1234432,-21.7875538333333,5.0,0.0,0.0,true,1654,0
1773230247000,64.1234432,-21.7875538333333,4.0,0.0,0.0,true,1655,0
1773230247000,64.1234432,-21.7875538333333,0.0,0.0,0.0,true,1656,0
1773230249000,64.1234432,-21.7875538333333,2.0,0.0,0.0,true,1657,0
1773230252000,64.1234432,-21.7875538333333,3.0,0.0,0.0,true,1658,0
1773230254000,64.1234432,-21.7875538333333,2.0,0.0,0.0,true,1659,0
1773230254000,64.1234432,-21.7875538333333,0.0,0.0,0.0,true,1660,0
1773230258000,64.1234432,-21.7875538333333,4.0,0.0,0.0,true,1661,0
1773230258000,64.1234432,-21.7875538333333,0.0,0.0,0.0,true,1662,0
1773230261000,64.1234432,-21.7875538333333,3.0,0.0,0.0,true,1663,0
1773230264000,64.1234432,-21.7875538333333,3.0,0.0,0.0,true,1664,0
1773230264000,64.1234432,-21.7875538333333,0.0,0.0,0.0,true,1665,0
1773230264000,64.1234432,-21.7875538333333,0.0,0.0,0.0,true,1666,0
1773230269000,64.1234432,-21.7875538333333,5.0,0.0,0.0,true,1667,0
1773230269000,64.1234432,-21.7875538333333,0.0,0.0,0.0,true,1668,0
1773230273000,64.1234432,-21.7875538333333,4.0,0.0,0.0,true,1669,0
1773230273000,64.1234432,-21.7875538333333,0.0,0.0,0.0,true,1670,0
1773230278000,64.1234432,-21.7875538333333,5.0,0.0,0.0,true,1671,0
1773230278000,64.1234432,-21.7875538333333,0.0,0.0,0.0,true,1672,0
1773230281000,64.1234432,-21.7875538333333,3.0,0.0,0.0,true,1673,0
1773230284000,64.1234432,-21.7875538333333,3.0,0.0,0.0,true,1674,0
1773230284000,64.1234432,-21.7875538333333,0.0,0.0,0.0,true,1675,0
1773230289000,64.1234432,-21.7875538333333,5.0,0.0,0.0,true,1676,0
1773230289000,64.1234432,-21.7875538333333,0.0,0.0,0.0,true,1677,0
1773230289000,64.1234432,-21.7875538333333,0.0,0.0,0.0,true,1678,0
1773230293000,64.1234432,-21.7875538333333,4.0,0.0,0.0,true,1679,0
1773230293000,64.1234432,-21.7875538333333,0.0,0.0,0.0,true,1680,0
1773230298000,64.1234432,-21.7875538333333,5.0,0.0,0.0,true,1681,0
1773230298000,64.1234432,-21.7875538333333,0.0,0.0,0.0,true,1682,0
1773230305000,64.1234432,-21.7875538333333,7.0,0.0,0.0,true,1683,0
1773230307000,64.1234432,-21.7875538333333,2.0,0.0,0.0,true,1684,0
1773230307000,64.1234432,-21.7875538333333,0.0,0.0,0.0,true,1685,0
1773230309000,64.1234432,-21.7875538333333,2.0,0.0,0.0,true,1686,0
1773230312000,64.1234432,-21.7875538333333,3.0,0.0,0.0,true,1687,0
1773230312000,64.1234432,-21.7875538333333,0.0,0.0,0.0,true,1688,0
1773230314000,64.1234432,-21.7875538333333,2.0,0.0,0.0,true,1689,0
1773230314000,64.1234432,-21.7875538333333,0.0,0.0,0.0,true,1690,0
1773230318000,64.1234432,-21.7875538333333,4.0,0.0,0.0,true,1691,0
1773230324000,64.1234432,-21.7875538333333,6.0,0.0,0.0,true,1692,0
1773230324000,64.1234432,-21.7875538333333,0.0,0.0,0.0,true,1693,0
1773230327000,64.1234432,-21.7875538333333,3.0,0.0,0.0,true,1694,0
1773230329000,64.1234432,-21.7875538333333,2.0,0.0,0.0,true,1695,0
1773230329000,64.1234432,-21.7875538333333,0.0,0.0,0.0,true,1696,0
1773230329000,64.1234432,-21.7875538333333,0.0,0.0,0.0,true,1697,0
1773230333000,64.1234432,-21.7875538333333,4.0,0.0,0.0,true,1698,0
1773230333000,64.1234432,-21.7875538333333,0.0,0.0,0.0,true,1699,0
1773230338000,64.1234432,-21.7875538333333,5.0,0.0,0.0,true,1700,0
1773230341000,64.1234432,-21.7875538333333,3.0,0.0,0.0,true,1701,0
1773230341000,64.1234432,-21.7875538333333,0.0,0.0,0.0,true,1702,0
1773230345000,64.1234432,-21.7875538333333,4.0,0.0,0.0,true,1703,0
1773230347000,64.1234432,-21.7875538333333,2.0,0.0,0.0,true,1704,0
1773230347000,64.1234432,-21.7875538333333,0.0,0.0,0.0,true,1705,0
1773230349000,64.1234432,-21.7875538333333,2.0,0.0,0.0,true,1706,0
1773230349000,64.1234432,-21.7875538333333,0.0,0.0,0.0,true,1707,0
1773230353000,64.1234432,-21.7875538333333,4.0,0.0,0.0,true,1708,0
1773230355000,64.1234432,-21.7875538333333,2.0,0.0,0.0,true,1709,0
1773230355000,64.1234432,-21.7875538333333,0.0,0.0,0.0,true,1710,0
1773230360000,64.1234432,-21.7875538333333,5.0,0.0,0.0,true,1711,0
1773230364000,64.1234432,-21.7875538333333,4.0,0.0,0.0,true,1712,0
1773230364000,64.1234432,-21.7875538333333,0.0,0.0,0.0,true,1713,0
1773230364000,64.1234432,-21.7875538333333,0.0,0.0,0.0,true,1714,0
1773230364000,64.1234432,-21.7875538333333,0.0,0.0,0.0,true,1715,0
1773230369000,64.1234432,-21.7875538333333,5.0,0.0,0.0,true,1716,0
1773230369000,64.1234432,-21.7875538333333,0.0,0.0,0.0,true,1717,0
1773230369000,64.1234432,-21.7875538333333,0.0,0.0,0.0,true,1718,0
1773230375000,64.1234432,-21.7875538333333,6.0,0.0,0.0,true,1719,0
1773230380000,64.1234432,-21.7875538333333,5.0,0.0,0.0,true,1720,0
1773230380000,64.1234432,-21.7875538333333,0.0,0.0,0.0,true,1721,0
1773230380000,64.1234432,-21.7875538333333,0.0,0.0,0.0,true,1722,0
1773230384000,64.1234432,-21.7875538333333,4.0,0.0,0.0,true,1723,0
1773230384000,64.1234432,-21.7875538333333,0.0,0.0,0.0,true,1724,0
1773230386000,64.1234432,-21.7875538333333,2.0,0.0,0.0,true,1725,0
1773230389000,64.1234432,-21.7875538333333,3.0,0.0,0.0,true,1726,0
1773230393000,64.1234432,-21.7875538333333,4.0,0.0,0.0,true,1727,0
1773230393000,64.1234432,-21.7875538333333,0.0,0.0,0.0,true,1728,0
1773230395000,64.1234432,-21.7875538333333,2.0,0.0,0.0,true,1729,0
1773230395000,64.1234432,-21.7875538333333,0.0,0.0,0.0,true,1730,0
1773230399000,64.1234432,-21.7875538333333,4.0,0.0,0.0,true,1731,0
1773230401000,64.1234432,-21.7875538333333,2.0,0.0,0.0,true,1732,0
1773230401000,64.1234432,-21.7875538333333,0.0,0.0,0.0,true,1733,0
1773230408000,64.1234432,-21.7875538333333,7.0,0.0,0.0,true,1734,0
1773230408000,64.1234432,-21.7875538333333,0.0,0.0,0.0,true,1735,0
1773230410000,64.1234432,-21.7875538333333,2.0,0.0,0.0,true,1736,0
1773230413000,64.1234432,-21.7875538333333,3.0,0.0,0.0,true,1737,0
1773230413000,64.1234432,-21.7875538333333,0.0,0.0,0.0,true,1738,0
1773230419000,64.1234432,-21.7875538333333,6.0,0.0,0.0,true,1739,0
1773230419000,64.1234432,-21.7875538333333,0.0,0.0,0.0,true,1740,0
1773230419000,64.1234432,-21.7875538333333,0.0,0.0,0.0,true,1741,0
1773230426000,64.1234432,-21.7875538333333,7.0,0.0,0.0,true,1742,0
1773230426000,64.1234432,-21.7875538333333,0.0,0.0,0.0,true,1743,0
1773230426000,64.1234432,-21.7875538333333,0.0,0.0,0.0,true,1744,0
1773230430000,64.1234432,-21.7875538333333,4.0,0.0,0.0,true,1745,0
1773230430000,64.1234432,-21.7875538333333,0.0,0.0,0.0,true,1746,0
1773230432000,64.1234432,-21.7875538333333,2.0,0.0,0.0,true,1747,0
1773230436000,64.1234432,-21.7875538333333,4.0,0.0,0.0,true,1748,0
1773230436000,64.1234432,-21.7875538333333,0.0,0.0,0.0,true,1749,0
1773230436000,64.1234432,-21.7875538333333,0.0,0.0,0.0,true,1750,0
1773230436000,64.1234432,-21.7875538333333,0.0,0.0,0.0,true,1751,0
1773230436000,64.1234432,-21.7875538333333,0.0,0.0,0.0,true,1752,0
1773230447000,64.1234432,-21.7875538333333,11.0,0.0,0.0,true,1753,0
1773230447000,64.1234432,-21.7875538333333,0.0,0.0,0.0,true,1754,0
1773230450000,64.1234432,-21.7875538333333,3.0,0.0,0.0,true,1755,0
1773230452000,64.1234432,-21.7875538333333,2.0,0.0,0.0,true,1756,0
1773230455000,64.1234432,-21.7875538333333,3.0,0.0,0.0,true,1757,0
1773230455000,64.1234432,-21.7875538333333,0.0,0.0,0.0,true,1758,0
1773230455000,64.1234432,-21.7875538333333,0.0,0.0,0.0,true,1759,0
1773230460000,64.1234432,-21.7875538333333,5.0,0.0,0.0,true,1760,0
1773230460000,64.1234432,-21.7875538333333,0.0,0.0,0.0,true,1761,0
1773230465000,64.1234432,-21.7875538333333,5.0,0.0,0.0,true,1762,0
1773230467000,64.1234432,-21.7875538333333,2.0,0.0,0.0,true,1763,0
1773230467000,64.1234432,-21.7875538333333,0.0,0.0,0.0,true,1764,0
1773230470000,64.1234432,-21.7875538333333,3.0,0.0,0.0,true,1765,0
1773230470000,64.1234432,-21.7875538333333,0.0,0.0,0.0,true,1766,0
1773230474000,64.1234432,-21.7875538333333,4.0,0.0,0.0,true,1767,0
1773230476000,64.1234432,-21.7875538333333,2.0,0.0,0.0,true,1768,0
1773230479000,64.1234432,-21.7875538333333,3.0,0.0,0.0,true,1769,0
1773230481000,64.1234432,-21.7875538333333,2.0,0.0,0.0,true,1770,0
1773230481000,64.1234432,-21.7875538333333,0.0,0.0,0.0,true,1771,0
1773230485000,64.1234432,-21.7875538333333,4.0,0.0,0.0,true,1772,0
1773230485000,64.1234432,-21.7875538333333,0.0,0.0,0.0,true,1773,0
1773230490000,64.1234432,-21.7875538333333,5.0,0.0,0.0,true,1774,0
1773230490000,64.1234432,-21.7875538333333,0.0,0.0,0.0,true,1775,0
1773230490000,64.1234432,-21.7875538333333,0.0,0.0,0.0,true,1776,0
1773230494000,64.1234432,-21.7875538333333,4.0,0.0,0.0,true,1777,0
1773230494000,64.1234432,-21.7875538333333,0.0,0.0,0.0,true,1778,0
1773230498000,64.1234432,-21.7875538333333,4.0,0.0,0.0,true,1779,0
1773230500000,64.1234432,-21.7875538333333,2.0,0.0,0.0,true,1780,0
1773230500000,64.1234432,-21.7875538333333,0.0,0.0,0.0,true,1781,0
1773230504000,64.1234432,-21.7875538333333,4.0,0.0,0.0,true,1782,0
1773230504000,64.1234432,-21.7875538333333,0.0,0.0,0.0,true,1783,0
1773230509000,64.1234432,-21.7875538333333,5.0,0.0,0.0,true,1784,0
1773230511000,64.1234432,-21.7875538333333,2.0,0.0,0.0,true,1785,0
1773230511000,64.1234432,-21.7875538333333,0.0,0.0,0.0,true,1786,0
1773230515000,64.1234432,-21.7875538333333,4.0,0.0,0.0,true,1787,0
1773230515000,64.1234432,-21.7875538333333,0.0,0.0,0.0,true,1788,0
1773230517000,64.1234432,-21.7875538333333,2.0,0.0,0.0,true,1789,0
1773230519000,64.1234432,-21.7875538333333,2.0,0.0,0.0,true,1790,0
1773230523000,64.1234432,-21.7875538333333,4.0,0.0,0.0,true,1791,0
1773230523000,64.1234432,-21.7875538333333,0.0,0.0,0.0,true,1792,0
1773230529000,64.1234432,-21.7875538333333,6.0,0.0,0.0,true,1793,0
1773230529000,64.1234432,-21.7875538333333,0.0,0.0,0.0,true,1794,0
1773230531000,64.1234432,-21.7875538333333,2.0,0.0,0.0,true,1795,0
1773230531000,64.1234432,-21.7875538333333,0.0,0.0,0.0,true,1796,0
1773230531000,64.1234432,-21.7875538333333,0.0,0.0,0.0,true,1797,0
1773230535000,64.1234432,-21.7875538333333,4.0,0.0,0.0,true,1798,0
1773230535000,64.1234432,-21.7875538333333,0.0,0.0,0.0,true,1799,0
1773230538000,64.1234432,-21.7875538333333,3.0,0.0,0.0,true,1800,0
1773230544000,64.1234432,-21.7875538333333,6.0,0.0,0.0,true,1801,0
1773230544000,64.1234432,-21.7875538333333,0.0,0.0,0.0,true,1802,0
1773230546000,64.1234432,-21.7875538333333,2.0,0.0,0.0,true,1803,0
1773230546000,64.1234432,-21.7875538333333,0.0,0.0,0.0,true,1804,0
1773230546000,64.1234432,-21.7875538333333,0.0,0.0,0.0,true,1805,0
1773230551000,64.1234432,-21.7875538333333,5.0,0.0,0.0,true,1806,0
1773230553000,64.1234432,-21.7875538333333,2.0,0.0,0.0,true,1807,0
1773230553000,64.1234432,-21.7875538333333,0.0,0.0,0.0,true,1808,0
1773230557000,64.1234432,-21.7875538333333,4.0,0.0,0.0,true,1809,0
1773230561000,64.1234432,-21.7875538333333,4.0,0.0,0.0,true,1810,0
1773230561000,64.1234432,-21.7875538333333,0.0,0.0,0.0,true,1811,0
1773230564000,64.1234432,-21.7875538333333,3.0,0.0,0.0,true,1812,0
1773230566000,64.1234432,-21.7875538333333,2.0,0.0,0.0,true,1813,0
1773230566000,64.1234432,-21.7875538333333,0.0,0.0,0.0,true,1814,0
1773230570000,64.1234432,-21.7875538333333,4.0,0.0,0.0,true,1815,0
1773230570000,64.1234432,-21.7875538333333,0.0,0.0,0.0,true,1816,0
1773230570000,64.1234432,-21.7875538333333,0.0,0.0,0.0,true,1817,0
1773230575000,64.1234432,-21.7875538333333,5.0,0.0,0.0,true,1818,0
1773230575000,64.1234432,-21.7875538333333,0.0,0.0,0.0,true,1819,0
1773230581000,64.1234432,-21.7875538333333,6.0,0.0,0.0,true,1820,0
1773230583000,64.1234432,-21.7875538333333,2.0,0.0,0.0,true,1821,0
1773230583000,64.1234432,-21.7875538333333,0.0,0.0,0.0,true,1822,0
1773230585000,64.1234432,-21.7875538333333,2.0,0.0,0.0,true,1823,0
1773230588000,64.1234432,-21.7875538333333,3.0,0.0,0.0,true,1824,0
1773230588000,64.1234432,-21.7875538333333,0.0,0.0,0.0,true,1825,0
1773230590000,64.1234432,-21.7875538333333,2.0,0.0,0.0,true,1826,0
1773230594000,64.1234432,-21.7875538333333,4.0,0.0,0.0,true,1827,0
1773230594000,64.1234432,-21.7875538333333,0.0,0.0,0.0,true,1828,0
1773230598000,64.1234432,-21.7875538333333,4.0,0.0,0.0,true,1829,0
1773230598000,64.1234432,-21.7875538333333,0.0,0.0,0.0,true,1830,0
1773230600000,64.1234432,-21.7875538333333,2.0,0.0,0.0,true,1831,0
1773230605000,64.1234432,-21.7875538333333,5.0,0.0,0.0,true,1832,0
1773230605000,64.1234432,-21.7875538333333,0.0,0.0,0.0,true,1833,0
1773230608000,64.1234432,-21.7875538333333,3.0,0.0,0.0,true,1834,0
1773230611000,64.1234432,-21.7875538333333,3.0,0.0,0.0,true,1835,0
1773230611000,64.1234432,-21.7875538333333,0.0,0.0,0.0,true,1836,0
1773230614000,64.1234432,-21.7875538333333,3.0,0.0,0.0,true,1837,0
1773230614000,64.1234432,-21.7875538333333,0.0,0.0,0.0,true,1838,0
1773230618000,64.1234432,-21.7875538333333,4.0,0.0,0.0,true,1839,0
1773230620000,64.1234432,-21.7875538333333,2.0,0.0,0.0,true,1840,0
1773230623000,64.1234432,-21.7875538333333,3.0,0.0,0.0,true,1841,0
1773230623000,64.1234432,-21.7875538333333,0.0,0.0,0.0,true,1842,0
1773230627000,64.1234432,-21.7875538333333,4.0,0.0,0.0,true,1843,0
1773230627000,64.1234432,-21.7875538333333,0.0,0.0,0.0,true,1844,0
1773230629000,64.1234432,-21.7875538333333,2.0,0.0,0.0,true,1845,0
1773230633000,64.1234432,-21.7875538333333,4.0,0.0,0.0,true,1846,0
1773230633000,64.1234432,-21.7875538333333,0.0,0.0,0.0,true,1847,0
1773230637000,64.1234432,-21.7875538333333,4.0,0.0,0.0,true,1848,0
1773230637000,64.1234432,-21.7875538333333,0.0,0.0,0.0,true,1849,0
1773230637000,64.1234432,-21.7875538333333,0.0,0.0,0.0,true,1850,0
1773230643000,64.1234432,-21.7875538333333,6.0,0.0,0.0,true,1851,0
1773230643000,64.1234432,-21.7875538333333,0.0,0.0,0.0,true,1852,0
1773230643000,64.1234432,-21.7875538333333,0.0,0.0,0.0,true,1853,0
1773230643000,64.1234432,-21.7875538333333,0.0,0.0,0.0,true,1854,0
1773230643000,64.1234432,-21.7875538333333,0.0,0.0,0.0,true,1855,0
1773230652000,64.1234432,-21.7875538333333,9.0,0.0,0.0,true,1856,0
1773230656000,64.1234432,-21.7875538333333,4.0,0.0,0.0,true,1857,0
1773230656000,64.1234432,-21.7875538333333,0.0,0.0,0.0,true,1858,0
1773230658000,64.1234432,-21.7875538333333,2.0,0.0,0.0,true,1859,0
1773230661000,64.1234432,-21.7875538333333,3.0,0.0,0.0,true,1860,0
1773230661000,64.1234432,-21.7875538333333,0.0,0.0,0.0,true,1861,0
1773230663000,64.1234432,-21.7875538333333,2.0,0.0,0.0,true,1862,0
1773230667000,64.1234432,-21.7875538333333,4.0,0.0,0.0,true,1863,0
1773230667000,64.1234432,-21.7875538333333,0.0,0.0,0.0,true,1864,0
1773230671000,64.1234432,-21.7875538333333,4.0,0.0,0.0,true,1865,0
1773230671000,64.1234432,-21.7875538333333,0.0,0.0,0.0,true,1866,0
1773230673000,64.1234432,-21.7875538333333,2.0,0.0,0.0,true,1867,0
1773230678000,64.1234432,-21.7875538333333,5.0,0.0,0.0,true,1868,0
1773230678000,64.1234432,-21.7875538333333,0.0,0.0,0.0,true,1869,0
1773230680000,64.1234432,-21.7875538333333,2.0,0.0,0.0,true,1870,0
1773230682000,64.1234432,-21.7875538333333,2.0,0.0,0.0,true,1871,0
1773230682000,64.1234432,-21.7875538333333,0.0,0.0,0.0,true,1872,0
1773230684000,64.1234432,-21.7875538333333,2.0,0.0,0.0,true,1873,0
1773230688000,64.1234432,-21.7875538333333,4.0,0.0,0.0,true,1874,0
1773230688000,64.1234432,-21.7875538333333,0.0,0.0,0.0,true,1875,0
1773230694000,64.1234432,-21.7875538333333,6.0,0.0,0.0,true,1876,0
1773230697000,64.1234432,-21.7875538333333,3.0,0.0,0.0,true,1877,0
1773230697000,64.1234432,-21.7875538333333,0.0,0.0,0.0,true,1878,0
1773230699000,64.1234432,-21.7875538333333,2.0,0.0,0.0,true,1879,0
1773230701000,64.1234432,-21.7875538333333,2.0,0.0,0.0,true,1880,0
1773230701000,64.1234432,-21.7875538333333,0.0,0.0,0.0,true,1881,0
1773230705000,64.1234432,-21.7875538333333,4.0,0.0,0.0,true,1882,0
1773230705000,64.1234432,-21.7875538333333,0.0,0.0,0.0,true,1883,0
1773230707000,64.1234432,-21.7875538333333,2.0,0.0,0.0,true,1884,0
1773230709000,64.1234432,-21.7875538333333,2.0,0.0,0.0,true,1885,0
1773230709000,64.1234432,-21.7875538333333,0.0,0.0,0.0,true,1886,0
1773230714000,64.1234432,-21.7875538333333,5.0,0.0,0.0,true,1887,0
1773230714000,64.1234432,-21.7875538333333,0.0,0.0,0.0,true,1888,0
1773230718000,64.1234432,-21.7875538333333,4.0,0.0,0.0,true,1889,0
1773230718000,64.1234432,-21.7875538333333,0.0,0.0,0.0,true,1890,0
1773230724000,64.1234432,-21.7875538333333,6.0,0.0,0.0,true,1891,0
1773230724000,64.1234432,-21.7875538333333,0.0,0.0,0.0,true,1892,0
1773230724000,64.1234432,-21.7875538333333,0.0,0.0,0.0,true,1893,0
1773230724000,64.1234432,-21.7875538333333,0.0,0.0,0.0,true,1894,0
1773230729000,64.1234432,-21.7875538333333,5.0,0.0,0.0,true,1895,0
1773230733000,64.1234432,-21.7875538333333,4.0,0.0,0.0,true,1896,0
1773230737000,64.1234432,-21.7875538333333,4.0,0.0,0.0,true,1897,0
1773230737000,64.1234432,-21.7875538333333,0.0,0.0,0.0,true,1898,0
1773230739000,64.1234432,-21.7875538333333,2.0,0.0,0.0,true,1899,0
1773230739000,64.1234432,-21.7875538333333,0.0,0.0,0.0,true,1900,0
1773230739000,64.1234432,-21.7875538333333,0.0,0.0,0.0,true,1901,0
1773230744000,64.1234432,-21.7875538333333,5.0,0.0,0.0,true,1902,0
1773230744000,64.1234432,-21.7875538333333,0.0,0.0,0.0,true,1903,0
1773230750000,64.1234432,-21.7875538333333,6.0,0.0,0.0,true,1904,0
1773230750000,64.1234432,-21.7875538333333,0.0,0.0,0.0,true,1905,0
1773230750000,64.1234432,-21.7875538333333,0.0,0.0,0.0,true,1906,0
1773230754000,64.1234432,-21.7875538333333,4.0,0.0,0.0,true,1907,0
1773230758000,64.1234432,-21.7875538333333,4.0,0.0,0.0,true,1908,0
1773230758000,64.1234432,-21.7875538333333,0.0,0.0,0.0,true,1909,0
1773230760000,64.1234432,-21.7875538333333,2.0,0.0,0.0,true,1910,0
1773230760000,64.1234432,-21.7875538333333,0.0,0.0,0.0,true,1911,0
1773230760000,64.1234432,-21.7875538333333,0.0,0.0,0.0,true,1912,0
1773230768000,64.1234432,-21.7875538333333,8.0,0.0,0.0,true,1913,0
1773230768000,64.1234432,-21.7875538333333,0.0,0.0,0.0,true,1914,0
1773230771000,64.1234432,-21.7875538333333,3.0,0.0,0.0,true,1915,0
1773230773000,64.1234432,-21.7875538333333,2.0,0.0,0.0,true,1916,0
1773230773000,64.1234432,-21.7875538333333,0.0,0.0,0.0,true,1917,0
1773230773000,64.1234432,-21.7875538333333,0.0,0.0,0.0,true,1918,0
1773230773000,64.1234432,-21.7875538333333,0.0,0.0,0.0,true,1919,0
1773230780000,64.1234432,-21.7875538333333,7.0,0.0,0.0,true,1920,0
1773230784000,64.1234432,-21.7875538333333,4.0,0.0,0.0,true,1921,0
1773230784000,64.1234432,-21.7875538333333,0.0,0.0,0.0,true,1922,0
1773230786000,64.1234432,-21.7875538333333,2.0,0.0,0.0,true,1923,0
1773230789000,64.1234432,-21.7875538333333,3.0,0.0,0.0,true,1924,0
1773230789000,64.1234432,-21.7875538333333,0.0,0.0,0.0,true,1925,0
1773230792000,64.1234432,-21.7875538333333,3.0,0.0,0.0,true,1926,0
1773230794000,64.1234432,-21.7875538333333,2.0,0.0,0.0,true,1927,0
1773230794000,64.1234432,-21.7875538333333,0.0,0.0,0.0,true,1928,0
1773230800000,64.1234432,-21.7875538333333,6.0,0.0,0.0,true,1929,0
1773230800000,64.1234432,-21.7875538333333,0.0,0.0,0.0,true,1930,0
1773230800000,64.1234432,-21.7875538333333,0.0,0.0,0.0,true,1931,0
1773230804000,64.1234432,-21.7875538333333,4.0,0.0,0.0,true,1932,0
1773230804000,64.1234432,-21.7875538333333,0.0,0.0,0.0,true,1933,0
1773230806000,64.1234432,-21.7875538333333,2.0,0.0,0.0,true,1934,0
1773230808000,64.1234432,-21.7875538333333,2.0,0.0,0.0,true,1935,0
1773230812000,64.1234432,-21.7875538333333,4.0,0.0,0.0,true,1936,0
1773230816000,64.1234432,-21.7875538333333,4.0,0.0,0.0,true,1937,0
1773230818000,64.1234432,-21.7875538333333,2.0,0.0,0.0,true,1938,0
1773230818000,64.1234432,-21.7875538333333,0.0,0.0,0.0,true,1939,0
1773230820000,64.1234432,-21.7875538333333,2.0,0.0,0.0,true,1940,0
1773230823000,64.1234432,-21.7875538333333,3.0,0.0,0.0,true,1941,0
1773230823000,64.1234432,-21.7875538333333,0.0,0.0,0.0,true,1942,0
1773230825000,64.1234432,-21.7875538333333,2.0,0.0,0.0,true,1943,0
1773230825000,64.1234432,-21.7875538333333,0.0,0.0,0.0,true,1944,0
1773230830000,64.1234432,-21.7875538333333,5.0,0.0,0.0,true,1945,0
1773230834000,64.1234432,-21.7875538333333,4.0,0.0,0.0,true,1946,0
1773230834000,64.1234432,-21.7875538333333,0.0,0.0,0.0,true,1947,0
1773230837000,64.1234432,-21.7875538333333,3.0,0.0,0.0,true,1948,0
1773230839000,64.1234432,-21.7875538333333,2.0,0.0,0.0,true,1949,0
1773230839000,64.1234432,-21.7875538333333,0.0,0.0,0.0,true,1950,0
1773230843000,64.1234432,-21.7875538333333,4.0,0.0,0.0,true,1951,0
1773230843000,64.1234432,-21.7875538333333,0.0,0.0,0.0,true,1952,0
1773230846000,64.1234432,-21.7875538333333,3.0,0.0,0.0,true,1953,0
1773230846000,64.1234432,-21.7875538333333,0.0,0.0,0.0,true,1954,0
1773230851000,64.1234432,-21.7875538333333,5.0,0.0,0.0,true,1955,0
1773230851000,64.1234432,-21.7875538333333,0.0,0.0,0.0,true,1956,0
1773230851000,64.1234432,-21.7875538333333,0.0,0.0,0.0,true,1957,0
1773230851000,64.1234432,-21.7875538333333,0.0,0.0,0.0,true,1958,0
1773230856000,64.1234432,-21.7875538333333,5.0,0.0,0.0,true,1959,0
1773230860000,64.1234432,-21.7875538333333,4.0,0.0,0.0,true,1960,0
1773230863000,64.1234432,-21.7875538333333,3.0,0.0,0.0,true,1961,0
1773230865000,64.1234432,-21.7875538333333,2.0,0.0,0.0,true,1962,0
1773230865000,64.1234432,-21.7875538333333,0.0,0.0,0.0,true,1963,0
1773230868000,64.1234432,-21.7875538333333,3.0,0.0,0.0,true,1964,0
1773230871000,64.1234432,-21.7875538333333,3.0,0.0,0.0,true,1965,0
1773230871000,64.1234432,-21.7875538333333,0.0,0.0,0.0,true,1966,0
1773230874000,64.1234432,-21.7875538333333,3.0,0.0,0.0,true,1967,0
1773230876000,64.1234432,-21.7875538333333,2.0,0.0,0.0,true,1968,0
1773230876000,64.1234432,-21.7875538333333,0.0,0.0,0.0,true,1969,0
1773230879000,64.1234432,-21.7875538333333,3.0,0.0,0.0,true,1970,0
1773230883000,64.1234432,-21.7875538333333,4.0,0.0,0.0,true,1971,0
1773230883000,64.1234432,-21.7875538333333,0.0,0.0,0.0,true,1972,0
1773230883000,64.1234432,-21.7875538333333,0.0,0.0,0.0,true,1973,0
1773230886000,64.1234432,-21.7875538333333,3.0,0.0,0.0,true,1974,0
1773230893000,64.1234432,-21.7875538333333,7.0,0.0,0.0,true,1975,0
1773230893000,64.1234432,-21.7875538333333,0.0,0.0,0.0,true,1976,0
1773230895000,64.1234432,-21.7875538333333,2.0,0.0,0.0,true,1977,0
1773230895000,64.1234432,-21.7875538333333,0.0,0.0,0.0,true,1978,0
1773230898000,64.1234432,-21.7875538333333,3.0,0.0,0.0,true,1979,0
1773230898000,64.1234432,-21.7875538333333,0.0,0.0,0.0,true,1980,0
1773230902000,64.1234432,-21.7875538333333,4.0,0.0,0.0,true,1981,0
1773230905000,64.1234432,-21.7875538333333,3.0,0.0,0.0,true,1982,0
1773230908000,64.1234432,-21.7875538333333,3.0,0.0,0.0,true,1983,0
1773230908000,64.1234432,-21.7875538333333,0.0,0.0,0.0,true,1984,0
1773230910000,64.1234432,-21.7875538333333,2.0,0.0,0.0,true,1985,0
1773230910000,64.1234432,-21.7875538333333,0.0,0.0,0.0,true,1986,0
1773230915000,64.1234432,-21.7875538333333,5.0,0.0,0.0,true,1987,0
1773230915000,64.1234432,-21.7875538333333,0.0,0.0,0.0,true,1988,0
1773230915000,64.1234432,-21.7875538333333,0.0,0.0,0.0,true,1989,0
1773230920000,64.1234432,-21.7875538333333,5.0,0.0,0.0,true,1990,0
1773230922000,64.1234432,-21.7875538333333,2.0,0.0,0.0,true,1991,0
1773230922000,64.1234432,-21.7875538333333,0.0,0.0,0.0,true,1992,0
1773230928000,64.1234432,-21.7875538333333,6.0,0.0,0.0,true,1993,0
1773230930000,64.1234432,-21.7875538333333,2.0,0.0,0.0,true,1994,0
1773230930000,64.1234432,-21.7875538333333,0.0,0.0,0.0,true,1995,0
1773230932000,64.1234432,-21.7875538333333,2.0,0.0,0.0,true,1996,0
1773230936000,64.1234432,-21.7875538333333,4.0,0.0,0.0,true,1997,0
1773230938000,64.1234432,-21.7875538333333,2.0,0.0,0.0,true,1998,0
1773230940000,64.1234432,-21.7875538333333,2.0,0.0,0.0,true,1999,0
1773230945000,64.1234432,-21.7875538333333,5.0,0.0,0.0,true,2000,0
1773230945000,64.1234432,-21.7875538333333,0.0,0.0,0.0,true,2001,0
1773230950000,64.1234432,-21.7875538333333,5.0,0.0,0.0,true,2002,0
1773230950000,64.1234432,-21.7875538333333,0.0,0.0,0.0,true,2003,0
1773230950000,64.1234432,-21.7875538333333,0.0,0.0,0.0,true,2004,0
1773230954000,64.1234432,-21.7875538333333,4.0,0.0,0.0,true,2005,0
1773230954000,64.1234432,-21.7875538333333,0.0,0.0,0.0,true,2006,0
1773230958000,64.1234432,-21.7875538333333,4.0,0.0,0.0,true,2007,0
1773230962000,64.1234432,-21.7875538333333,4.0,0.0,0.0,true,2008,0
1773230962000,64.1234432,-21.7875538333333,0.0,0.0,0.0,true,2009,0
1773230964000,64.1234432,-21.7875538333333,2.0,0.0,0.0,true,2010,0
1773230964000,64.1234432,-21.7875538333333,0.0,0.0,0.0,true,2011,0
1773230966000,64.1234432,-21.7875538333333,2.0,0.0,0.0,true,2012,0
1773230970000,64.1234432,-21.7875538333333,4.0,0.0,0.0,true,2013,0
1773230970000,64.1234432,-21.7875538333333,0.0,0.0,0.0,true,2014,0
1773230974000,64.1234432,-21.7875538333333,4.0,0.0,0.0,true,2015,0
1773230974000,64.1234432,-21.7875538333333,0.0,0.0,0.0,true,2016,0
1773230980000,64.1234432,-21.7875538333333,6.0,0.0,0.0,true,2017,0
1773230980000,64.1234432,-21.7875538333333,0.0,0.0,0.0,true,2018,0
1773230984000,64.1234432,-21.7875538333333,4.0,0.0,0.0,true,2019,0
1773230986000,64.1234432,-21.7875538333333,2.0,0.0,0.0,true,2020,0
1773230986000,64.1234432,-21.7875538333333,0.0,0.0,0.0,true,2021,0
1773230988000,64.1234432,-21.7875538333333,2.0,0.0,0.0,true,2022,0
1773230992000,64.1234432,-21.7875538333333,4.0,0.0,0.0,true,2023,0
1773230992000,64.1234432,-21.7875538333333,0.0,0.0,0.0,true,2024,0
1773230994000,64.1234432,-21.7875538333333,2.0,0.0,0.0,true,2025,0
1773230994000,64.1234432,-21.7875538333333,0.0,0.0,0.0,true,2026,0
1773230999000,64.1234432,-21.7875538333333,5.0,0.0,0.0,true,2027,0
1773230999000,64.1234432,-21.7875538333333,0.0,0.0,0.0,true,2028,0
1773230999000,64.1234432,-21.7875538333333,0.0,0.0,0.0,true,2029,0
1773231005000,64.1234432,-21.7875538333333,6.0,0.0,0.0,true,2030,0
1773231005000,64.1234432,-21.7875538333333,0.0,0.0,0.0,true,2031,0
1773231009000,64.1234432,-21.7875538333333,4.0,0.0,0.0,true,2032,0
1773231011000,64.1234432,-21.7875538333333,2.0,0.0,0.0,true,2033,0
1773231013000,64.1234432,-21.7875538333333,2.0,0.0,0.0,true,2034,0
1773231013000,64.1234432,-21.7875538333333,0.0,0.0,0.0,true,2035,0
1773231016000,64.1234432,-21.7875538333333,3.0,0.0,0.0,true,2036,0
1773231019000,64.1234432,-21.7875538333333,3.0,0.0,0.0,true,2037,0
1773231019000,64.1234432,-21.7875538333333,0.0,0.0,0.0,true,2038,0
1773231022000,64.1234432,-21.7875538333333,3.0,0.0,0.0,true,2039,0
1773231022000,64.1234432,-21.7875538333333,0.0,0.0,0.0,true,2040,0
1773231025000,64.1234432,-21.7875538333333,3.0,0.0,0.0,true,2041,0
1773231028000,64.1234432,-21.7875538333333,3.0,0.0,0.0,true,2042,0
1773231028000,64.1234432,-21.7875538333333,0.0,0.0,0.0,true,2043,0
1773231033000,64.1234432,-21.7875538333333,5.0,0.0,0.0,true,2044,0
1773231037000,64.1234432,-21.7875538333333,4.0,0.0,0.0,true,2045,0
1773231037000,64.1234432,-21.7875538333333,0.0,0.0,0.0,true,2046,0
1773231039000,64.1234432,-21.7875538333333,2.0,0.0,0.0,true,2047,0
1773231041000,64.1234432,-21.7875538333333,2.0,0.0,0.0,true,2048,0
1773231041000,64.1234432,-21.7875538333333,0.0,0.0,0.0,true,2049,0
1773231043000,64.1234432,-21.7875538333333,2.0,0.0,0.0,true,2050,0
1773231043000,64.1234432,-21.7875538333333,0.0,0.0,0.0,true,2051,0
1773231046000,64.1234432,-21.7875538333333,3.0,0.0,0.0,true,2052,0
1773231049000,64.1234432,-21.7875538333333,3.0,0.0,0.0,true,2053,0
1773231049000,64.1234432,-21.7875538333333,0.0,0.0,0.0,true,2054,0
1773231052000,64.1234432,-21.7875538333333,3.0,0.0,0.0,true,2055,0
1773231058000,64.1234432,-21.7875538333333,6.0,0.0,0.0,true,2056,0
1773231058000,64.1234432,-21.7875538333333,0.0,0.0,0.0,true,2057,0
1773231062000,64.1234432,-21.7875538333333,4.0,0.0,0.0,true,2058,0
1773231064000,64.1234432,-21.7875538333333,2.0,0.0,0.0,true,2059,0
1773231064000,64.1234432,-21.7875538333333,0.0,0.0,0.0,true,2060,0
1773231066000,64.1234432,-21.7875538333333,2.0,0.0,0.0,true,2061,0
1773231069000,64.1234432,-21.7875538333333,3.0,0.0,0.0,true,2062,0
1773231069000,64.1234432,-21.7875538333333,0.0,0.0,0.0,true,2063,0
1773231073000,64.1234432,-21.7875538333333,4.0,0.0,0.0,true,2064,0
1773231073000,64.1234432,-21.7875538333333,0.0,0.0,0.0,true,2065,0
1773231073000,64.1234432,-21.7875538333333,0.0,0.0,0.0,true,2066,0
1773231081000,64.1234432,-21.7875538333333,8.0,0.0,0.0,true,2067,0
1773231081000,64.1234432,-21.7875538333333,0.0,0.0,0.0,true,2068,0
1773231081000,64.1234432,-21.7875538333333,0.0,0.0,0.0,true,2069,0
1773231085000,64.1234432,-21.7875538333333,4.0,0.0,0.0,true,2070,0
1773231085000,64.1234432,-21.7875538333333,0.0,0.0,0.0,true,2071,0
1773231087000,64.1234432,-21.7875538333333,2.0,0.0,0.0,true,2072,0
1773231090000,64.1234432,-21.7875538333333,3.0,0.0,0.0,true,2073,0
1773231094000,64.1234432,-21.7875538333333,4.0,0.0,0.0,true,2074,0
1773231096000,64.1234432,-21.7875538333333,2.0,0.0,0.0,true,2075,0
1773231096000,64.1234432,-21.7875538333333,0.0,0.0,0.0,true,2076,0
1773231100000,64.1234432,-21.7875538333333,4.0,0.0,0.0,true,2077,0
1773231100000,64.1234432,-21.7875538333333,0.0,0.0,0.0,true,2078,0
1773231104000,64.1234432,-21.7875538333333,4.0,0.0,0.0,true,2079,0
1773231106000,64.1234432,-21.7875538333333,2.0,0.0,0.0,true,2080,0
1773231106000,64.1234432,-21.7875538333333,0.0,0.0,0.0,true,2081,0
1773231109000,64.1234432,-21.7875538333333,3.0,0.0,0.0,true,2082,0
1773231111000,64.1234432,-21.7875538333333,2.0,0.0,0.0,true,2083,0
1773231115000,64.1234432,-21.7875538333333,4.0,0.0,0.0,true,2084,0
1773231117000,64.1234432,-21.7875538333333,2.0,0.0,0.0,true,2085,0
1773231117000,64.1234432,-21.7875538333333,0.0,0.0,0.0,true,2086,0
1773231117000,64.1234432,-21.7875538333333,0.0,0.0,0.0,true,2087,0
1773231121000,64.1234432,-21.7875538333333,4.0,0.0,0.0,true,2088,0
1773231123000,64.1234432,-21.7875538333333,2.0,0.0,0.0,true,2089,0
1773231123000,64.1234432,-21.7875538333333,0.0,0.0,0.0,true,2090,0
1773231128000,64.1234432,-21.7875538333333,5.0,0.0,0.0,true,2091,0
1773231130000,64.1234432,-21.7875538333333,2.0,0.0,0.0,true,2092,0
1773231132000,64.1234432,-21.7875538333333,2.0,0.0,0.0,true,2093,0
1773231135000,64.1234432,-21.7875538333333,3.0,0.0,0.0,true,2094,0
1773231135000,64.1234432,-21.7875538333333,0.0,0.0,0.0,true,2095,0
1773231143000,64.1234432,-21.7875538333333,8.0,0.0,0.0,true,2096,0
1773231147000,64.1234432,-21.7875538333333,4.0,0.0,0.0,true,2097,0
1773231149000,64.1234432,-21.7875538333333,2.0,0.0,0.0,true,2098,0
1773231151000,64.1234432,-21.7875538333333,2.0,0.0,0.0,true,2099,0
1773231151000,64.1234432,-21.7875538333333,0.0,0.0,0.0,true,2100,0
1773231154000,64.1234432,-21.7875538333333,3.0,0.0,0.0,true,2101,0
1773231158000,64.1234432,-21.7875538333333,4.0,0.0,0.0,true,2102,0
1773231158000,64.1234432,-21.7875538333333,0.0,0.0,0.0,true,2103,0
1773231160000,64.1234432,-21.7875538333333,2.0,0.0,0.0,true,2104,0
1773231160000,64.1234432,-21.7875538333333,0.0,0.0,0.0,true,2105,0
1773231166000,64.1234432,-21.7875538333333,6.0,0.0,0.0,true,2106,0
1773231168000,64.1234432,-21.7875538333333,2.0,0.0,0.0,true,2107,0
1773231168000,64.1234432,-21.7875538333333,0.0,0.0,0.0,true,2108,0
1773231170000,64.1234432,-21.7875538333333,2.0,0.0,0.0,true,2109,0
1773231170000,64.1234432,-21.7875538333333,0.0,0.0,0.0,true,2110,0
1773231175000,64.1234432,-21.7875538333333,5.0,0.0,0.0,true,2111,0
1773231177000,64.1234432,-21.7875538333333,2.0,0.0,0.0,true,2112,0
1773231177000,64.1234432,-21.7875538333333,0.0,0.0,0.0,true,2113,0
1773231179000,64.1234432,-21.7875538333333,2.0,0.0,0.0,true,2114,0
1773231181000,64.1234432,-21.7875538333333,2.0,0.0,0.0,true,2115,0
1773231185000,64.1234432,-21.7875538333333,4.0,0.0,0.0,true,2116,0
1773231185000,64.1234432,-21.7875538333333,0.0,0.0,0.0,true,2117,0
1773231189000,64.1234432,-21.7875538333333,4.0,0.0,0.0,true,2118,0
1773231189000,64.1234432,-21.7875538333333,0.0,0.0,0.0,true,2119,0
1773231191000,64.1234432,-21.7875538333333,2.0,0.0,0.0,true,2120,0
1773231195000,64.1234432,-21.7875538333333,4.0,0.0,0.0,true,2121,0
1773231195000,64.1234432,-21.7875538333333,0.0,0.0,0.0,true,2122,0
1773231197000,64.1234432,-21.7875538333333,2.0,0.0,0.0,true,2123,0
1773231201000,64.1234432,-21.7875538333333,4.0,0.0,0.0,true,2124,0
1773231201000,64.1234432,-21.7875538333333,0.0,0.0,0.0,true,2125,0
1773231206000,64.1234432,-21.7875538333333,5.0,0.0,0.0,true,2126,0
1773231206000,64.1234432,-21.7875538333333,0.0,0.0,0.0,true,2127,0
1773231208000,64.1234432,-21.7875538333333,2.0,0.0,0.0,true,2128,0
1773231210000,64.1234432,-21.7875538333333,2.0,0.0,0.0,true,2129,0
1773231210000,64.1234432,-21.7875538333333,0.0,0.0,0.0,true,2130,0
1773231214000,64.1234432,-21.7875538333333,4.0,0.0,0.0,true,2131,0
1773231216000,64.1234432,-21.7875538333333,2.0,0.0,0.0,true,2132,0
1773231216000,64.1234432,-21.7875538333333,0.0,0.0,0.0,true,2133,0
1773231222000,64.1234432,-21.7875538333333,6.0,0.0,0.0,true,2134,0
1773231225000,64.1234432,-21.7875538333333,3.0,0.0,0.0,true,2135,0
1773231225000,64.1234432,-21.7875538333333,0.0,0.0,0.0,true,2136,0
1773231227000,64.1234432,-21.7875538333333,2.0,0.0,0.0,true,2137,0
1773231231000,64.1234432,-21.7875538333333,4.0,0.0,0.0,true,2138,0
1773231231000,64.1234432,-21.7875538333333,0.0,0.0,0.0,true,2139,0
1773231233000,64.1234432,-21.7875538333333,2.0,0.0,0.0,true,2140,0
1773231235000,64.1234432,-21.7875538333333,2.0,0.0,0.0,true,2141,0
1773231235000,64.1234432,-21.7875538333333,0.0,0.0,0.0,true,2142,0
1773231238000,64.1234432,-21.7875538333333,3.0,0.0,0.0,true,2143,0
1773231240000,64.1234432,-21.7875538333333,2.0,0.0,0.0,true,2144,0
1773231240000,64.1234432,-21.7875538333333,0.0,0.0,0.0,true,2145,0
1773231246000,64.1234432,-21.7875538333333,6.0,0.0,0.0,true,2146,0
1773231246000,64.1234432,-21.7875538333333,0.0,0.0,0.0,true,2147,0
1773231250000,64.1234432,-21.7875538333333,4.0,0.0,0.0,true,2148,0
1773231252000,64.1234432,-21.7875538333333,2.0,0.0,0.0,true,2149,0
1773231252000,64.1234432,-21.7875538333333,0.0,0.0,0.0,true,2150,0
1773231255000,64.1234432,-21.7875538333333,3.0,0.0,0.0,true,2151,0
1773231257000,64.1234432,-21.7875538333333,2.0,0.0,0.0,true,2152,0
1773231257000,64.1234432,-21.7875538333333,0.0,0.0,0.0,true,2153,0
1773231259000,64.1234432,-21.7875538333333,2.0,0.0,0.0,true,2154,0
1773231264000,64.1234432,-21.7875538333333,5.0,0.0,0.0,true,2155,0
1773231264000,64.1234432,-21.7875538333333,0.0,0.0,0.0,true,2156,0
1773231266000,64.1234432,-21.7875538333333,2.0,0.0,0.0,true,2157,0
1773231271000,64.1234432,-21.7875538333333,5.0,0.0,0.0,true,2158,0
1773231271000,64.1234432,-21.7875538333333,0.0,0.0,0.0,true,2159,0
1773231273000,64.1234432,-21.7875538333333,2.0,0.0,0.0,true,2160,0
1773231275000,64.1234432,-21.7875538333333,2.0,0.0,0.0,true,2161,0
1773231275000,64.1234432,-21.7875538333333,0.0,0.0,0.0,true,2162,0
1773231279000,64.1234432,-21.7875538333333,4.0,0.0,0.0,true,2163,0
1773231279000,64.1234432,-21.7875538333333,0.0,0.0,0.0,true,2164,0
1773231281000,64.1234432,-21.7875538333333,2.0,0.0,0.0,true,2165,0
1773231285000,64.1234432,-21.7875538333333,4.0,0.0,0.0,true,2166,0
1773231285000,64.1234432,-21.7875538333333,0.0,0.0,0.0,true,2167,0
1773231287000,64.1234432,-21.7875538333333,2.0,0.0,0.0,true,2168,0
1773231293000,64.1234432,-21.7875538333333,6.0,0.0,0.0,true,2169,0
1773231293000,64.1234432,-21.7875538333333,0.0,0.0,0.0,true,2170,0
1773231296000,64.1234432,-21.7875538333333,3.0,0.0,0.0,true,2171,0
1773231296000,64.1234432,-21.7875538333333,0.0,0.0,0.0,true,2172,0
1773231296000,64.1234432,-21.7875538333333,0.0,0.0,0.0,true,2173,0
1773231296000,64.1234432,-21.7875538333333,0.0,0.0,0.0,true,2174,0
1773231301000,64.1234432,-21.7875538333333,5.0,0.0,0.0,true,2175,0
1773231301000,64.1234432,-21.7875538333333,0.0,0.0,0.0,true,2176,0
1773231305000,64.1234432,-21.7875538333333,4.0,0.0,0.0,true,2177,0
1773231307000,64.1234432,-21.7875538333333,2.0,0.0,0.0,true,2178,0
1773231312000,64.1234432,-21.7875538333333,5.0,0.0,0.0,true,2179,0
1773231312000,64.1234432,-21.7875538333333,0.0,0.0,0.0,true,2180,0
1773231316000,64.1234432,-21.7875538333333,4.0,0.0,0.0,true,2181,0
1773231316000,64.1234432,-21.7875538333333,0.0,0.0,0.0,true,2182,0
1773231318000,64.1234432,-21.7875538333333,2.0,0.0,0.0,true,2183,0
1773231318000,64.1234432,-21.7875538333333,0.0,0.0,0.0,true,2184,0
1773231322000,64.1234432,-21.7875538333333,4.0,0.0,0.0,true,2185,0
1773231322000,64.1234432,-21.7875538333333,0.0,0.0,0.0,true,2186,0
1773231327000,64.1234432,-21.7875538333333,5.0,0.0,0.0,true,2187,0
1773231327000,64.1234432,-21.7875538333333,0.0,0.0,0.0,true,2188,0
1773231331000,64.1234432,-21.7875538333333,4.0,0.0,0.0,true,2189,0
1773231333000,64.1234432,-21.7875538333333,2.0,0.0,0.0,true,2190,0
1773231333000,64.1234432,-21.7875538333333,0.0,0.0,0.0,true,2191,0
1773231336000,64.1234432,-21.7875538333333,3.0,0.0,0.0,true,2192,0
1773231336000,64.1234432,-21.7875538333333,0.0,0.0,0.0,true,2193,0
1773231340000,64.1234432,-21.7875538333333,4.0,0.0,0.0,true,2194,0
1773231340000,64.1234432,-21.7875538333333,0.0,0.0,0.0,true,2195,0
1773231342000,64.1234432,-21.7875538333333,2.0,0.0,0.0,true,2196,0
1773231345000,64.1234432,-21.7875538333333,3.0,0.0,0.0,true,2197,0
1773231351000,64.1234432,-21.7875538333333,6.0,0.0,0.0,true,2198,0
1773231351000,64.1234432,-21.7875538333333,0.0,0.0,0.0,true,2199,0
1773231353000,64.1234432,-21.7875538333333,2.0,0.0,0.0,true,2200,0
1773231357000,64.1234432,-21.7875538333333,4.0,0.0,0.0,true,2201,0
1773231357000,64.1234432,-21.7875538333333,0.0,0.0,0.0,true,2202,0
1773231357000,64.1234432,-21.7875538333333,0.0,0.0,0.0,true,2203,0
1773231357000,64.1234432,-21.7875538333333,0.0,0.0,0.0,true,2204,0
1773231364000,64.1234432,-21.7875538333333,7.0,0.0,0.0,true,2205,0
1773231364000,64.1234432,-21.7875538333333,0.0,0.0,0.0,true,2206,0
1773231364000,64.1234432,-21.7875538333333,0.0,0.0,0.0,true,2207,0
1773231369000,64.1234432,-21.7875538333333,5.0,0.0,0.0,true,2208,0
1773231371000,64.1234432,-21.7875538333333,2.0,0.0,0.0,true,2209,0
1773231371000,64.1234432,-21.7875538333333,0.0,0.0,0.0,true,2210,0
1773231374000,64.1234432,-21.7875538333333,3.0,0.0,0.0,true,2211,0
1773231374000,64.1234432,-21.7875538333333,0.0,0.0,0.0,true,2212,0
1773231378000,64.1234432,-21.7875538333333,4.0,0.0,0.0,true,2213,0
1773231380000,64.1234432,-21.7875538333333,2.0,0.0,0.0,true,2214,0
1773231380000,64.1234432,-21.7875538333333,0.0,0.0,0.0,true,2215,0
1773231383000,64.1234432,-21.7875538333333,3.0,0.0,0.0,true,2216,0
1773231387000,64.1234432,-21.7875538333333,4.0,0.0,0.0,true,2217,0
1773231387000,64.1234432,-21.7875538333333,0.0,0.0,0.0,true,2218,0
1773231389000,64.1234432,-21.7875538333333,2.0,0.0,0.0,true,2219,0
1773231394000,64.1234432,-21.7875538333333,5.0,0.0,0.0,true,2220,0
1773231394000,64.1234432,-21.7875538333333,0.0,0.0,0.0,true,2221,0
1773231396000,64.1234432,-21.7875538333333,2.0,0.0,0.0,true,2222,0
1773231406000,64.1234432,-21.7875538333333,10.0,0.0,0.0,true,2223,0
1773231406000,64.1234432,-21.7875538333333,0.0,0.0,0.0,true,2224,0
1773231406000,64.1234432,-21.7875538333333,0.0,0.0,0.0,true,2225,0
1773231410000,64.1234432,-21.7875538333333,4.0,0.0,0.0,true,2226,0
1773231410000,64.1234432,-21.7875538333333,0.0,0.0,0.0,true,2227,0
1773231412000,64.1234432,-21.7875538333333,2.0,0.0,0.0,true,2228,0
1773231415000,64.1234432,-21.7875538333333,3.0,0.0,0.0,true,2229,0
1773231415000,64.1234432,-21.7875538333333,0.0,0.0,0.0,true,2230,0
1773231415000,64.1234432,-21.7875538333333,0.0,0.0,0.0,true,2231,0
1773231424000,64.1234432,-21.7875538333333,9.0,0.0,0.0,true,2232,0
1773231424000,64.1234432,-21.7875538333333,0.0,0.0,0.0,true,2233,0
1773231426000,64.1234432,-21.7875538333333,2.0,0.0,0.0,true,2234,0
1773231426000,64.1234432,-21.7875538333333,0.0,0.0,0.0,true,2235,0
1773231429000,64.1234432,-21.7875538333333,3.0,0.0,0.0,true,2236,0
1773231431000,64.1234432,-21.7875538333333,2.0,0.0,0.0,true,2237,0
1773231431000,64.1234432,-21.7875538333333,0.0,0.0,0.0,true,2238,0
1773231431000,64.1234432,-21.7875538333333,0.0,0.0,0.0,true,2239,0
1773231435000,64.1234432,-21.7875538333333,4.0,0.0,0.0,true,2240,0
1773231437000,64.1234432,-21.7875538333333,2.0,0.0,0.0,true,2241,0
1773231443000,64.1234432,-21.7875538333333,6.0,0.0,0.0,true,2242,0
1773231443000,64.1234432,-21.7875538333333,0.0,0.0,0.0,true,2243,0
1773231443000,64.1234432,-21.7875538333333,0.0,0.0,0.0,true,2244,0
1773231446000,64.1234432,-21.7875538333333,3.0,0.0,0.0,true,2245,0
1773231450000,64.1234432,-21.7875538333333,4.0,0.0,0.0,true,2246,0
1773231450000,64.1234432,-21.7875538333333,0.0,0.0,0.0,true,2247,0
1773231452000,64.1234432,-21.7875538333333,2.0,0.0,0.0,true,2248,0
1773231455000,64.1234432,-21.7875538333333,3.0,0.0,0.0,true,2249,0
1773231457000,64.1234432,-21.7875538333333,2.0,0.0,0.0,true,2250,0
1773231459000,64.1234432,-21.7875538333333,2.0,0.0,0.0,true,2251,0
1773231459000,64.1234432,-21.7875538333333,0.0,0.0,0.0,true,2252,0
1773231463000,64.1234432,-21.7875538333333,4.0,0.0,0.0,true,2253,0
1773231465000,64.1234432,-21.7875538333333,2.0,0.0,0.0,true,2254,0
1773231465000,64.1234432,-21.7875538333333,0.0,0.0,0.0,true,2255,0
1773231467000,64.1234432,-21.7875538333333,2.0,0.0,0.0,true,2256,0
1773231467000,64.1234432,-21.7875538333333,0.0,0.0,0.0,true,2257,0
1773231470000,64.1234432,-21.7875538333333,3.0,0.0,0.0,true,2258,0
1773231473000,64.1234432,-21.7875538333333,3.0,0.0,0.0,true,2259,0
1773231477000,64.1234432,-21.7875538333333,4.0,0.0,0.0,true,2260,0
1773231477000,64.1234432,-21.7875538333333,0.0,0.0,0.0,true,2261,0
1773231479000,64.1234432,-21.7875538333333,2.0,0.0,0.0,true,2262,0
1773231479000,64.1234432,-21.7875538333333,0.0,0.0,0.0,true,2263,0
1773231484000,64.1234432,-21.7875538333333,5.0,0.0,0.0,true,2264,0
1773231486000,64.1234432,-21.7875538333333,2.0,0.0,0.0,true,2265,0
1773231486000,64.1234432,-21.7875538333333,0.0,0.0,0.0,true,2266,0
1773231489000,64.1234432,-21.7875538333333,3.0,0.0,0.0,true,2267,0
1773231492000,64.1234432,-21.7875538333333,3.0,0.0,0.0,true,2268,0
1773231492000,64.1234432,-21.7875538333333,0.0,0.0,0.0,true,2269,0
1773231497000,64.1234432,-21.7875538333333,5.0,0.0,0.0,true,2270,0
1773231497000,64.1234432,-21.7875538333333,0.0,0.0,0.0,true,2271,0
1773231501000,64.1234432,-21.7875538333333,4.0,0.0,0.0,true,2272,0
1773231504000,64.1234432,-21.7875538333333,3.0,0.0,0.0,true,2273,0
1773231504000,64.1234432,-21.7875538333333,0.0,0.0,0.0,true,2274,0
1773231507000,64.1234432,-21.7875538333333,3.0,0.0,0.0,true,2275,0
1773231510000,64.1234432,-21.7875538333333,3.0,0.0,0.0,true,2276,0
1773231512000,64.1234432,-21.7875538333333,2.0,0.0,0.0,true,2277,0
1773231512000,64.1234432,-21.7875538333333,0.0,0.0,0.0,true,2278,0
1773231515000,64.1234432,-21.7875538333333,3.0,0.0,0.0,true,2279,0
1773231515000,64.1234432,-21.7875538333333,0.0,0.0,0.0,true,2280,0
1773231517000,64.1234432,-21.7875538333333,2.0,0.0,0.0,true,2281,0
1773231521000,64.1234432,-21.7875538333333,4.0,0.0,0.0,true,2282,0
1773231521000,64.1234432,-21.7875538333333,0.0,0.0,0.0,true,2283,0
1773231527000,64.1234432,-21.7875538333333,6.0,0.0,0.0,true,2284,0
1773231527000,64.1234432,-21.7875538333333,0.0,0.0,0.0,true,2285,0
1773231529000,64.1234432,-21.7875538333333,2.0,0.0,0.0,true,2286,0
1773231532000,64.1234432,-21.7875538333333,3.0,0.0,0.0,true,2287,0
1773231534000,64.1234432,-21.7875538333333,2.0,0.0,0.0,true,2288,0
1773231534000,64.1234432,-21.7875538333333,0.0,0.0,0.0,true,2289,0
1773231536000,64.1234432,-21.7875538333333,2.0,0.0,0.0,true,2290,0
1773231541000,64.1234432,-21.7875538333333,5.0,0.0,0.0,true,2291,0
1773231541000,64.1234432,-21.7875538333333,0.0,0.0,0.0,true,2292,0
1773231544000,64.1234432,-21.7875538333333,3.0,0.0,0.0,true,2293,0
1773231544000,64.1234432,-21.7875538333333,0.0,0.0,0.0,true,2294,0
1773231544000,64.1234432,-21.7875538333333,0.0,0.0,0.0,true,2295,0
1773231550000,64.1234432,-21.7875538333333,6.0,0.0,0.0,true,2296,0
1773231550000,64.1234432,-21.7875538333333,0.0,0.0,0.0,true,2297,0
1773231553000,64.1234432,-21.7875538333333,3.0,0.0,0.0,true,2298,0
1773231553000,64.1234432,-21.7875538333333,0.0,0.0,0.0,true,2299,0
1773231555000,64.1234432,-21.7875538333333,2.0,0.0,0.0,true,2300,0
1773231560000,64.1234432,-21.7875538333333,5.0,0.0,0.0,true,2301,0
1773231560000,64.1234432,-21.7875538333333,0.0,0.0,0.0,true,2302,0
1773231560000,64.1234432,-21.7875538333333,0.0,0.0,0.0,true,2303,0
1773231563000,64.1234432,-21.7875538333333,3.0,0.0,0.0,true,2304,0
1773231565000,64.1234432,-21.7875538333333,2.0,0.0,0.0,true,2305,0
1773231570000,64.1234432,-21.7875538333333,5.0,0.0,0.0,true,2306,0
1773231570000,64.1234432,-21.7875538333333,0.0,0.0,0.0,true,2307,0
1773231574000,64.1234432,-21.7875538333333,4.0,0.0,0.0,true,2308,0
1773231574000,64.1234432,-21.7875538333333,0.0,0.0,0.0,true,2309,0
1773231576000,64.1234432,-21.7875538333333,2.0,0.0,0.0,true,2310,0
1773231576000,64.1234432,-21.7875538333333,0.0,0.0,0.0,true,2311,0
1773231579000,64.1234432,-21.7875538333333,3.0,0.0,0.0,true,2312,0
1773231584000,64.1234432,-21.7875538333333,5.0,0.0,0.0,true,2313,0
1773231584000,64.1234432,-21.7875538333333,0.0,0.0,0.0,true,2314,0
1773231589000,64.1234432,-21.7875538333333,5.0,0.0,0.0,true,2315,0
1773231589000,64.1234432,-21.7875538333333,0.0,0.0,0.0,true,2316,0
1773231591000,64.1234432,-21.7875538333333,2.0,0.0,0.0,true,2317,0
1773231594000,64.1234432,-21.7875538333333,3.0,0.0,0.0,true,2318,0
1773231594000,64.1234432,-21.7875538333333,0.0,0.0,0.0,true,2319,0
1773231596000,64.1234432,-21.7875538333333,2.0,0.0,0.0,true,2320,0
1773231598000,64.1234432,-21.7875538333333,2.0,0.0,0.0,true,2321,0
1773231602000,64.1234432,-21.7875538333333,4.0,0.0,0.0,true,2322,0
1773231602000,64.1234432,-21.7875538333333,0.0,0.0,0.0,true,2323,0
1773231604000,64.1234432,-21.7875538333333,2.0,0.0,0.0,true,2324,0
1773231604000,64.1234432,-21.7875538333333,0.0,0.0,0.0,true,2325,0
1773231608000,64.1234432,-21.7875538333333,4.0,0.0,0.0,true,2326,0
1773231610000,64.1234432,-21.7875538333333,2.0,0.0,0.0,true,2327,0
1773231613000,64.1234432,-21.7875538333333,3.0,0.0,0.0,true,2328,0
1773231615000,64.1234432,-21.7875538333333,2.0,0.0,0.0,true,2329,0
1773231615000,64.1234432,-21.7875538333333,0.0,0.0,0.0,true,2330,0
1773231615000,64.1234432,-21.7875538333333,0.0,0.0,0.0,true,2331,0
1773231619000,64.1234432,-21.7875538333333,4.0,0.0,0.0,true,2332,0
1773231625000,64.1234432,-21.7875538333333,6.0,0.0,0.0,true,2333,0
1773231625000,64.1234432,-21.7875538333333,0.0,0.0,0.0,true,2334,0
1773231625000,64.1234432,-21.7875538333333,0.0,0.0,0.0,true,2335,0
1773231636000,64.1234432,-21.7875538333333,11.0,0.0,0.0,true,2336,0
1773231636000,64.1234432,-21.7875538333333,0.0,0.0,0.0,true,2337,0
1773231638000,64.1234432,-21.7875538333333,2.0,0.0,0.0,true,2338,0
1773231641000,64.1234432,-21.7875538333333,3.0,0.0,0.0,true,2339,0
1773231641000,64.1234432,-21.7875538333333,0.0,0.0,0.0,true,2340,0
1773231647000,64.1234432,-21.7875538333333,6.0,0.0,0.0,true,2341,0
1773231649000,64.1234432,-21.7875538333333,2.0,0.0,0.0,true,2342,0
1773231649000,64.1234432,-21.7875538333333,0.0,0.0,0.0,true,2343,0
1773231652000,64.1234432,-21.7875538333333,3.0,0.0,0.0,true,2344,0
1773231652000,64.1234432,-21.7875538333333,0.0,0.0,0.0,true,2345,0
1773231654000,64.1234432,-21.7875538333333,2.0,0.0,0.0,true,2346,0
1773231656000,64.1234432,-21.7875538333333,2.0,0.0,0.0,true,2347,0
1773231656000,64.1234432,-21.7875538333333,0.0,0.0,0.0,true,2348,0
1773231660000,64.1234432,-21.7875538333333,4.0,0.0,0.0,true,2349,0
1773231662000,64.1234432,-21.7875538333333,2.0,0.0,0.0,true,2350,0
1773231668000,64.1234432,-21.7875538333333,6.0,0.0,0.0,true,2351,0
1773231668000,64.1234432,-21.7875538333333,0.0,0.0,0.0,true,2352,0
1773231671000,64.1234432,-21.7875538333333,3.0,0.0,0.0,true,2353,0
1773231674000,64.1234432,-21.7875538333333,3.0,0.0,0.0,true,2354,0
1773231677000,64.1234432,-21.7875538333333,3.0,0.0,0.0,true,2355,0
1773231677000,64.1234432,-21.7875538333333,0.0,0.0,0.0,true,2356,0
1773231679000,64.1234432,-21.7875538333333,2.0,0.0,0.0,true,2357,0
1773231682000,64.1234432,-21.7875538333333,3.0,0.0,0.0,true,2358,0
1773231684000,64.1234432,-21.7875538333333,2.0,0.0,0.0,true,2359,0
1773231686000,64.1234432,-21.7875538333333,2.0,0.0,0.0,true,2360,0
1773231686000,64.1234432,-21.7875538333333,0.0,0.0,0.0,true,2361,0
1773231690000,64.1234432,-21.7875538333333,4.0,0.0,0.0,true,2362,0
1773231692000,64.1234432,-21.7875538333333,2.0,0.0,0.0,true,2363,0
1773231692000,64.1234432,-21.7875538333333,0.0,0.0,0.0,true,2364,0
1773231694000,64.1234432,-21.7875538333333,2.0,0.0,0.0,true,2365,0
1773231694000,64.1234432,-21.7875538333333,0.0,0.0,0.0,true,2366,0
1773231700000,64.1234432,-21.7875538333333,6.0,0.0,0.0,true,2367,0
1773231700000,64.1234432,-21.7875538333333,0.0,0.0,0.0,true,2368,0
1773231700000,64.1234432,-21.7875538333333,0.0,0.0,0.0,true,2369,0
1773231706000,64.1234432,-21.7875538333333,6.0,0.0,0.0,true,2370,0
1773231708000,64.1234432,-21.7875538333333,2.0,0.0,0.0,true,2371,0
1773231708000,64.1234432,-21.7875538333333,0.0,0.0,0.0,true,2372,0
1773231710000,64.1234432,-21.7875538333333,2.0,0.0,0.0,true,2373,0
1773231715000,64.1234432,-21.7875538333333,5.0,0.0,0.0,true,2374,0
1773231715000,64.1234432,-21.7875538333333,0.0,0.0,0.0,true,2375,0
1773231715000,64.1234432,-21.7875538333333,0.0,0.0,0.0,true,2376,0
1773231715000,64.1234432,-21.7875538333333,0.0,0.0,0.0,true,2377,0
1773231719000,64.1234432,-21.7875538333333,4.0,0.0,0.0,true,2378,0
1773231721000,64.1234432,-21.7875538333333,2.0,0.0,0.0,true,2379,0
1773231725000,64.1234432,-21.7875538333333,4.0,0.0,0.0,true,2380,0
1773231725000,64.1234432,-21.7875538333333,0.0,0.0,0.0,true,2381,0
1773231730000,64.1234432,-21.7875538333333,5.0,0.0,0.0,true,2382,0
1773231732000,64.1234432,-21.7875538333333,2.0,0.0,0.0,true,2383,0
1773231732000,64.1234432,-21.7875538333333,0.0,0.0,0.0,true,2384,0
1773231735000,64.1234432,-21.7875538333333,3.0,0.0,0.0,true,2385,0
1773231738000,64.1234432,-21.7875538333333,3.0,0.0,0.0,true,2386,0
1773231738000,64.1234432,-21.7875538333333,0.0,0.0,0.0,true,2387,0
1773231740000,64.1234432,-21.7875538333333,2.0,0.0,0.0,true,2388,0
1773231740000,64.1234432,-21.7875538333333,0.0,0.0,0.0,true,2389,0
1773231746000,64.1234432,-21.7875538333333,6.0,0.0,0.0,true,2390,0
1773231746000,64.1234432,-21.7875538333333,0.0,0.0,0.0,true,2391,0
1773231746000,64.1234432,-21.7875538333333,0.0,0.0,0.0,true,2392,0
1773231750000,64.1234432,-21.7875538333333,4.0,0.0,0.0,true,2393,0
1773231752000,64.1234432,-21.7875538333333,2.0,0.0,0.0,true,2394,0
1773231752000,64.1234432,-21.7875538333333,0.0,0.0,0.0,true,2395,0
1773231759000,64.1234432,-21.7875538333333,7.0,0.0,0.0,true,2396,0
1773231759000,64.1234432,-21.7875538333333,0.0,0.0,0.0,true,2397,0
1773231759000,64.1234432,-21.7875538333333,0.0,0.0,0.0,true,2398,0
1773231764000,64.1234432,-21.7875538333333,5.0,0.0,0.0,true,2399,0
1773231764000,64.1234432,-21.7875538333333,0.0,0.0,0.0,true,2400,0
1773231768000,64.1234432,-21.7875538333333,4.0,0.0,0.0,true,2401,0
1773231770000,64.1234432,-21.7875538333333,2.0,0.0,0.0,true,2402,0
1773231770000,64.1234432,-21.7875538333333,0.0,0.0,0.0,true,2403,0
1773231772000,64.1234432,-21.7875538333333,2.0,0.0,0.0,true,2404,0
1773231774000,64.1234432,-21.7875538333333,2.0,0.0,0.0,true,2405,0
1773231774000,64.1234432,-21.7875538333333,0.0,0.0,0.0,true,2406,0
1773231778000,64.1234432,-21.7875538333333,4.0,0.0,0.0,true,2407,0
1773231780000,64.1234432,-21.7875538333333,2.0,0.0,0.0,true,2408,0
1773231782000,64.1234432,-21.7875538333333,2.0,0.0,0.0,true,2409,0
1773231782000,64.1234432,-21.7875538333333,0.0,0.0,0.0,true,2410,0
1773231787000,64.1234432,-21.7875538333333,5.0,0.0,0.0,true,2411,0
1773231787000,64.1234432,-21.7875538333333,0.0,0.0,0.0,true,2412,0
1773231790000,64.1234432,-21.7875538333333,3.0,0.0,0.0,true,2413,0
1773231792000,64.1234432,-21.7875538333333,2.0,0.0,0.0,true,2414,0
1773231792000,64.1234432,-21.7875538333333,0.0,0.0,0.0,true,2415,0
1773231796000,64.1234432,-21.7875538333333,4.0,0.0,0.0,true,2416,0
1773231796000,64.1234432,-21.7875538333333,0.0,0.0,0.0,true,2417,0
1773231798000,64.1234432,-21.7875538333333,2.0,0.0,0.0,true,2418,0
1773231805000,64.1234432,-21.7875538333333,7.0,0.0,0.0,true,2419,0
1773231805000,64.1234432,-21.7875538333333,0.0,0.0,0.0,true,2420,0
1773231807000,64.1234432,-21.7875538333333,2.0,0.0,0.0,true,2421,0
1773231810000,64.1234432,-21.7875538333333,3.0,0.0,0.0,true,2422,0
1773231810000,64.1234432,-21.7875538333333,0.0,0.0,0.0,true,2423,0
1773231812000,64.1234432,-21.7875538333333,2.0,0.0,0.0,true,2424,0
1773231816000,64.1234432,-21.7875538333333,4.0,0.0,0.0,true,2425,0
1773231816000,64.1234432,-21.7875538333333,0.0,0.0,0.0,true,2426,0
1773231818000,64.1234432,-21.7875538333333,2.0,0.0,0.0,true,2427,0
1773231818000,64.1234432,-21.7875538333333,0.0,0.0,0.0,true,2428,0
1773231820000,64.1234432,-21.7875538333333,2.0,0.0,0.0,true,2429,0
1773231822000,64.1234432,-21.7875538333333,2.0,0.0,0.0,true,2430,0
1773231827000,64.1234432,-21.7875538333333,5.0,0.0,0.0,true,2431,0
1773231827000,64.1234432,-21.7875538333333,0.0,0.0,0.0,true,2432,0
1773231831000,64.1234432,-21.7875538333333,4.0,0.0,0.0,true,2433,0
1773231833000,64.1234432,-21.7875538333333,2.0,0.0,0.0,true,2434,0
1773231833000,64.1234432,-21.7875538333333,0.0,0.0,0.0,true,2435,0
1773231839000,64.1234432,-21.7875538333333,6.0,0.0,0.0,true,2436,0
1773231839000,64.1234432,-21.7875538333333,0.0,0.0,0.0,true,2437,0
1773231839000,64.1234432,-21.7875538333333,0.0,0.0,0.0,true,2438,0
1773231843000,64.1234432,-21.7875538333333,4.0,0.0,0.0,true,2439,0
1773231843000,64.1234432,-21.7875538333333,0.0,0.0,0.0,true,2440,0
1773231848000,64.1234432,-21.7875538333333,5.0,0.0,0.0,true,2441,0
1773231848000,64.1234432,-21.7875538333333,0.0,0.0,0.0,true,2442,0
1773231851000,64.1234432,-21.7875538333333,3.0,0.0,0.0,true,2443,0
1773231851000,64.1234432,-21.7875538333333,0.0,0.0,0.0,true,2444,0
1773231851000,64.1234432,-21.7875538333333,0.0,0.0,0.0,true,2445,0
1773231855000,64.1234432,-21.7875538333333,4.0,0.0,0.0,true,2446,0
1773231861000,64.1234432,-21.7875538333333,6.0,0.0,0.0,true,2447,0
1773231864000,64.1234432,-21.7875538333333,3.0,0.0,0.0,true,2448,0
1773231864000,64.1234432,-21.7875538333333,0.0,0.0,0.0,true,2449,0
1773231866000,64.1234432,-21.7875538333333,2.0,0.0,0.0,true,2450,0
1773231866000,64.1234432,-21.7875538333333,0.0,0.0,0.0,true,2451,0
1773231868000,64.1234432,-21.7875538333333,2.0,0.0,0.0,true,2452,0
1773231871000,64.1234432,-21.7875538333333,3.0,0.0,0.0,true,2453,0
1773231871000,64.1234432,-21.7875538333333,0.0,0.0,0.0,true,2454,0
1773231873000,64.1234432,-21.7875538333333,2.0,0.0,0.0,true,2455,0
1773231877000,64.1234432,-21.7875538333333,4.0,0.0,0.0,true,2456,0
1773231877000,64.1234432,-21.7875538333333,0.0,0.0,0.0,true,2457,0
1773231883000,64.1234432,-21.7875538333333,6.0,0.0,0.0,true,2458,0
1773231883000,64.1234432,-21.7875538333333,0.0,0.0,0.0,true,2459,0
1773231883000,64.1234432,-21.7875538333333,0.0,0.0,0.0,true,2460,0
1773231888000,64.1234432,-21.7875538333333,5.0,0.0,0.0,true,2461,0
1773231890000,64.1234432,-21.7875538333333,2.0,0.0,0.0,true,2462,0
1773231890000,64.1234432,-21.7875538333333,0.0,0.0,0.0,true,2463,0
1773231890000,64.1234432,-21.7875538333333,0.0,0.0,0.0,true,2464,0
1773231894000,64.1234432,-21.7875538333333,4.0,0.0,0.0,true,2465,0
1773231898000,64.1234432,-21.7875538333333,4.0,0.0,0.0,true,2466,0
1773231898000,64.1234432,-21.7875538333333,0.0,0.0,0.0,true,2467,0
1773231901000,64.1234432,-21.7875538333333,3.0,0.0,0.0,true,2468,0
1773231903000,64.1234432,-21.7875538333333,2.0,0.0,0.0,true,2469,0
1773231905000,64.1234432,-21.7875538333333,2.0,0.0,0.0,true,2470,0
1773231905000,64.1234432,-21.7875538333333,0.0,0.0,0.0,true,2471,0
1773231908000,64.1234432,-21.7875538333333,3.0,0.0,0.0,true,2472,0
1773231911000,64.1234432,-21.7875538333333,3.0,0.0,0.0,true,2473,0
1773231911000,64.1234432,-21.7875538333333,0.0,0.0,0.0,true,2474,0
1773231915000,64.1234432,-21.7875538333333,4.0,0.0,0.0,true,2475,0
1773231917000,64.1234432,-21.7875538333333,2.0,0.0,0.0,true,2476,0
1773231920000,64.1234432,-21.7875538333333,3.0,0.0,0.0,true,2477,0
1773231922000,64.1234432,-21.7875538333333,2.0,0.0,0.0,true,2478,0
1773231922000,64.1234432,-21.7875538333333,0.0,0.0,0.0,true,2479,0
1773231924000,64.1234432,-21.7875538333333,2.0,0.0,0.0,true,2480,0
1773231924000,64.1234432,-21.7875538333333,0.0,0.0,0.0,true,2481,0
1773231928000,64.1234432,-21.7875538333333,4.0,0.0,0.0,true,2482,0
1773231930000,64.1234432,-21.7875538333333,2.0,0.0,0.0,true,2483,0
1773231930000,64.1234432,-21.7875538333333,0.0,0.0,0.0,true,2484,0
1773231936000,64.1234432,-21.7875538333333,6.0,0.0,0.0,true,2485,0
1773231940000,64.1234432,-21.7875538333333,4.0,0.0,0.0,true,2486,0
1773231940000,64.1234432,-21.7875538333333,0.0,0.0,0.0,true,2487,0
1773231942000,64.1234432,-21.7875538333333,2.0,0.0,0.0,true,2488,0
1773231942000,64.1234432,-21.7875538333333,0.0,0.0,0.0,true,2489,0
1773231945000,64.1234432,-21.7875538333333,3.0,0.0,0.0,true,2490,0
1773231945000,64.1234432,-21.7875538333333,0.0,0.0,0.0,true,2491,0
1773231949000,64.1234432,-21.7875538333333,4.0,0.0,0.0,true,2492,0
1773231949000,64.1234432,-21.7875538333333,0.0,0.0,0.0,true,2493,0
1773231955000,64.1234432,-21.7875538333333,6.0,0.0,0.0,true,2494,0
1773231955000,64.1234432,-21.7875538333333,0.0,0.0,0.0,true,2495,0
1773231958000,64.1234432,-21.7875538333333,3.0,0.0,0.0,true,2496,0
1773231960000,64.1234432,-21.7875538333333,2.0,0.0,0.0,true,2497,0
1773231960000,64.1234432,-21.7875538333333,0.0,0.0,0.0,true,2498,0
1773231963000,64.1234432,-21.7875538333333,3.0,0.0,0.0,true,2499,0
1773231966000,64.1234432,-21.7875538333333,3.0,0.0,0.0,true,2500,0
1773231966000,64.1234432,-21.7875538333333,0.0,0.0,0.0,true,2501,0
1773231971000,64.1234432,-21.7875538333333,5.0,0.0,0.0,true,2502,0
1773231971000,64.1234432,-21.7875538333333,0.0,0.0,0.0,true,2503,0
1773231971000,64.1234432,-21.7875538333333,0.0,0.0,0.0,true,2504,0
1773231977000,64.1234432,-21.7875538333333,6.0,0.0,0.0,true,2505,0
1773231977000,64.1234432,-21.7875538333333,0.0,0.0,0.0,true,2506,0
1773231979000,64.1234432,-21.7875538333333,2.0,0.0,0.0,true,2507,0
1773231981000,64.1234432,-21.7875538333333,2.0,0.0,0.0,true,2508,0
1773231981000,64.1234432,-21.7875538333333,0.0,0.0,0.0,true,2509,0
1773231984000,64.1234432,-21.7875538333333,3.0,0.0,0.0,true,2510,0
1773231984000,64.1234432,-21.7875538333333,0.0,0.0,0.0,true,2511,0
1773231990000,64.1234432,-21.7875538333333,6.0,0.0,0.0,true,2512,0
1773231992000,64.1234432,-21.7875538333333,2.0,0.0,0.0,true,2513,0
1773231992000,64.1234432,-21.7875538333333,0.0,0.0,0.0,true,2514,0
1773231992000,64.1234432,-21.7875538333333,0.0,0.0,0.0,true,2515,0
1773231996000,64.1234432,-21.7875538333333,4.0,0.0,0.0,true,2516,0
1773232002000,64.1234432,-21.7875538333333,6.0,0.0,0.0,true,2517,0
1773232002000,64.1234432,-21.7875538333333,0.0,0.0,0.0,true,2518,0
1773232002000,64.1234432,-21.7875538333333,0.0,0.0,0.0,true,2519,0
1773232005000,64.1234432,-21.7875538333333,3.0,0.0,0.0,true,2520,0
1773232005000,64.1234432,-21.7875538333333,0.0,0.0,0.0,true,2521,0
1773232009000,64.1234432,-21.7875538333333,4.0,0.0,0.0,true,2522,0
1773232011000,64.1234432,-21.7875538333333,2.0,0.0,0.0,true,2523,0
1773232011000,64.1234432,-21.7875538333333,0.0,0.0,0.0,true,2524,0
1773232016000,64.1234432,-21.7875538333333,5.0,0.0,0.0,true,2525,0
1773232016000,64.1234432,-21.7875538333333,0.0,0.0,0.0,true,2526,0
1773232020000,64.1234432,-21.7875538333333,4.0,0.0,0.0,true,2527,0
1773232020000,64.1234432,-21.7875538333333,0.0,0.0,0.0,true,2528,0
1773232022000,64.1234432,-21.7875538333333,2.0,0.0,0.0,true,2529,0
1773232025000,64.1234432,-21.7875538333333,3.0,0.0,0.0,true,2530,0
1773232027000,64.1234432,-21.7875538333333,2.0,0.0,0.0,true,2531,0
1773232027000,64.1234432,-21.7875538333333,0.0,0.0,0.0,true,2532,0
1773232030000,64.1234432,-21.7875538333333,3.0,0.0,0.0,true,2533,0
1773232032000,64.1234432,-21.7875538333333,2.0,0.0,0.0,true,2534,0
1773232035000,64.1234432,-21.7875538333333,3.0,0.0,0.0,true,2535,0
1773232035000,64.1234432,-21.7875538333333,0.0,0.0,0.0,true,2536,0
1773232039000,64.1234432,-21.7875538333333,4.0,0.0,0.0,true,2537,0
1773232041000,64.1234432,-21.7875538333333,2.0,0.0,0.0,true,2538,0
1773232044000,64.1234432,-21.7875538333333,3.0,0.0,0.0,true,2539,0
1773232046000,64.1234432,-21.7875538333333,2.0,0.0,0.0,true,2540,0
1773232046000,64.1234432,-21.7875538333333,0.0,0.0,0.0,true,2541,0
1773232050000,64.1234432,-21.7875538333333,4.0,0.0,0.0,true,2542,0
1773232052000,64.1234432,-21.7875538333333,2.0,0.0,0.0,true,2543,0
1773232052000,64.1234432,-21.7875538333333,0.0,0.0,0.0,true,2544,0
1773232055000,64.1234432,-21.7875538333333,3.0,0.0,0.0,true,2545,0
1773232055000,64.1234432,-21.7875538333333,0.0,0.0,0.0,true,2546,0
1773232061000,64.1234432,-21.7875538333333,6.0,0.0,0.0,true,2547,0
1773232063000,64.1234432,-21.7875538333333,2.0,0.0,0.0,true,2548,0
1773232066000,64.1234432,-21.7875538333333,3.0,0.0,0.0,true,2549,0
1773232066000,64.1234432,-21.7875538333333,0.0,0.0,0.0,true,2550,0
1773232068000,64.1234432,-21.7875538333333,2.0,0.0,0.0,true,2551,0
1773232068000,64.1234432,-21.7875538333333,0.0,0.0,0.0,true,2552,0
1773232074000,64.1234432,-21.7875538333333,6.0,0.0,0.0,true,2553,0
1773232078000,64.1234432,-21.7875538333333,4.0,0.0,0.0,true,2554,0
1773232078000,64.1234432,-21.7875538333333,0.0,0.0,0.0,true,2555,0
1773232080000,64.1234432,-21.7875538333333,2.0,0.0,0.0,true,2556,0
1773232080000,64.1234432,-21.7875538333333,0.0,0.0,0.0,true,2557,0
1773232082000,64.1234432,-21.7875538333333,2.0,0.0,0.0,true,2558,0
1773232085000,64.1234432,-21.7875538333333,3.0,0.0,0.0,true,2559,0
1773232085000,64.1234432,-21.7875538333333,0.0,0.0,0.0,true,2560,0
1773232089000,64.1234432,-21.7875538333333,4.0,0.0,0.0,true,2561,0
1773232093000,64.1234432,-21.7875538333333,4.0,0.0,0.0,true,2562,0
1773232093000,64.1234432,-21.7875538333333,0.0,0.0,0.0,true,2563,0
1773232093000,64.1234432,-21.7875538333333,0.0,0.0,0.0,true,2564,0
1773232099000,64.1234432,-21.7875538333333,6.0,0.0,0.0,true,2565,0
1773232099000,64.1234432,-21.7875538333333,0.0,0.0,0.0,true,2566,0
1773232104000,64.1234432,-21.7875538333333,5.0,0.0,0.0,true,2567,0
1773232106000,64.1234432,-21.7875538333333,2.0,0.0,0.0,true,2568,0
1773232106000,64.1234432,-21.7875538333333,0.0,0.0,0.0,true,2569,0
1773232108000,64.1234432,-21.7875538333333,2.0,0.0,0.0,true,2570,0
1773232113000,64.1234432,-21.7875538333333,5.0,0.0,0.0,true,2571,0
1773232113000,64.1234432,-21.7875538333333,0.0,0.0,0.0,true,2572,0
1773232119000,64.1234432,-21.7875538333333,6.0,0.0,0.0,true,2573,0
1773232121000,64.1234432,-21.7875538333333,2.0,0.0,0.0,true,2574,0
1773232121000,64.1234432,-21.7875538333333,0.0,0.0,0.0,true,2575,0
1773232125000,64.1234432,-21.7875538333333,4.0,0.0,0.0,true,2576,0
1773232125000,64.1234432,-21.7875538333333,0.0,0.0,0.0,true,2577,0
1773232127000,64.1234432,-21.7875538333333,2.0,0.0,0.0,true,2578,0
1773232129000,64.1234432,-21.7875538333333,2.0,0.0,0.0,true,2579,0
1773232132000,64.1234432,-21.7875538333333,3.0,0.0,0.0,true,2580,0
1773232132000,64.1234432,-21.7875538333333,0.0,0.0,0.0,true,2581,0
1773232136000,64.1234432,-21.7875538333333,4.0,0.0,0.0,true,2582,0
1773232136000,64.1234432,-21.7875538333333,0.0,0.0,0.0,true,2583,0
1773232136000,64.1234432,-21.7875538333333,0.0,0.0,0.0,true,2584,0
1773232142000,64.1234432,-21.7875538333333,6.0,0.0,0.0,true,2585,0
1773232142000,64.1234432,-21.7875538333333,0.0,0.0,0.0,true,2586,0
1773232145000,64.1234432,-21.7875538333333,3.0,0.0,0.0,true,2587,0
1773232145000,64.1234432,-21.7875538333333,0.0,0.0,0.0,true,2588,0
1773232149000,64.1234432,-21.7875538333333,4.0,0.0,0.0,true,2589,0
1773232151000,64.1234432,-21.7875538333333,2.0,0.0,0.0,true,2590,0
1773232151000,64.1234432,-21.7875538333333,0.0,0.0,0.0,true,2591,0
1773232155000,64.1234432,-21.7875538333333,4.0,0.0,0.0,true,2592,0
1773232157000,64.1234432,-21.7875538333333,2.0,0.0,0.0,true,2593,0
1773232159000,64.1234432,-21.7875538333333,2.0,0.0,0.0,true,2594,0
1773232159000,64.1234432,-21.7875538333333,0.0,0.0,0.0,true,2595,0
1773232163000,64.1234432,-21.7875538333333,4.0,0.0,0.0,true,2596,0
1773232163000,64.1234432,-21.7875538333333,0.0,0.0,0.0,true,2597,0
1773232168000,64.1234432,-21.7875538333333,5.0,0.0,0.0,true,2598,0
1773232170000,64.1234432,-21.7875538333333,2.0,0.0,0.0,true,2599,0
1773232170000,64.1234432,-21.7875538333333,0.0,0.0,0.0,true,2600,0
1773232174000,64.1234432,-21.7875538333333,4.0,0.0,0.0,true,2601,0
1773232174000,64.1234432,-21.7875538333333,0.0,0.0,0.0,true,2602,0
1773232174000,64.1234432,-21.7875538333333,0.0,0.0,0.0,true,2603,0
1773232179000,64.1234432,-21.7875538333333,5.0,0.0,0.0,true,2604,0
1773232179000,64.1234432,-21.7875538333333,0.0,0.0,0.0,true,2605,0
1773232183000,64.1234432,-21.7875538333333,4.0,0.0,0.0,true,2606,0
1773232187000,64.1234432,-21.7875538333333,4.0,0.0,0.0,true,2607,0
1773232187000,64.1234432,-21.7875538333333,0.0,0.0,0.0,true,2608,0
1773232189000,64.1234432,-21.7875538333333,2.0,0.0,0.0,true,2609,0
1773232191000,64.1234432,-21.7875538333333,2.0,0.0,0.0,true,2610,0
1773232191000,64.1234432,-21.7875538333333,0.0,0.0,0.0,true,2611,0
1773232193000,64.1234432,-21.7875538333333,2.0,0.0,0.0,true,2612,0
1773232196000,64.1234432,-21.7875538333333,3.0,0.0,0.0,true,2613,0
1773232199000,64.1234432,-21.7875538333333,3.0,0.0,0.0,true,2614,0
1773232199000,64.1234432,-21.7875538333333,0.0,0.0,0.0,true,2615,0
1773232202000,64.1234432,-21.7875538333333,3.0,0.0,0.0,true,2616,0
1773232204000,64.1234432,-21.7875538333333,2.0,0.0,0.0,true,2617,0
1773232204000,64.1234432,-21.7875538333333,0.0,0.0,0.0,true,2618,0
1773232208000,64.1234432,-21.7875538333333,4.0,0.0,0.0,true,2619,0
1773232208000,64.1234432,-21.7875538333333,0.0,0.0,0.0,true,2620,0
1773232214000,64.1234432,-21.7875538333333,6.0,0.0,0.0,true,2621,0
1773232218000,64.1234432,-21.7875538333333,4.0,0.0,0.0,true,2622,0
1773232218000,64.1234432,-21.7875538333333,0.0,0.0,0.0,true,2623,0
1773232220000,64.1234432,-21.7875538333333,2.0,0.0,0.0,true,2624,0
1773232220000,64.1234432,-21.7875538333333,0.0,0.0,0.0,true,2625,0
1773232223000,64.1234432,-21.7875538333333,3.0,0.0,0.0,true,2626,0
1773232227000,64.1234432,-21.7875538333333,4.0,0.0,0.0,true,2627,0
1773232227000,64.1234432,-21.7875538333333,0.0,0.0,0.0,true,2628,0
1773232229000,64.1234432,-21.7875538333333,2.0,0.0,0.0,true,2629,0
1773232229000,64.1234432,-21.7875538333333,0.0,0.0,0.0,true,2630,0
1773232231000,64.1234432,-21.7875538333333,2.0,0.0,0.0,true,2631,0
1773232235000,64.1234432,-21.7875538333333,4.0,0.0,0.0,true,2632,0
1773232237000,64.1234432,-21.7875538333333,2.0,0.0,0.0,true,2633,0
1773232237000,64.1234432,-21.7875538333333,0.0,0.0,0.0,true,2634,0
1773232243000,64.1234432,-21.7875538333333,6.0,0.0,0.0,true,2635,0
1773232243000,64.1234432,-21.7875538333333,0.0,0.0,0.0,true,2636,0
1773232245000,64.1234432,-21.7875538333333,2.0,0.0,0.0,true,2637,0
1773232248000,64.1234432,-21.7875538333333,3.0,0.0,0.0,true,2638,0
1773232248000,64.1234432,-21.7875538333333,0.0,0.0,0.0,true,2639,0
1773232252000,64.1234432,-21.7875538333333,4.0,0.0,0.0,true,2640,0
1773232255000,64.1234432,-21.7875538333333,3.0,0.0,0.0,true,2641,0
1773232255000,64.1234432,-21.7875538333333,0.0,0.0,0.0,true,2642,0
1773232257000,64.1234432,-21.7875538333333,2.0,0.0,0.0,true,2643,0
1773232257000,64.1234432,-21.7875538333333,0.0,0.0,0.0,true,2644,0
1773232259000,64.1234432,-21.7875538333333,2.0,0.0,0.0,true,2645,0
1773232265000,64.1234432,-21.7875538333333,6.0,0.0,0.0,true,2646,0
1773232265000,64.1234432,-21.7875538333333,0.0,0.0,0.0,true,2647,0
1773232267000,64.1234432,-21.7875538333333,2.0,0.0,0.0,true,2648,0
1773232270000,64.1234432,-21.7875538333333,3.0,0.0,0.0,true,2649,0
1773232270000,64.1234432,-21.7875538333333,0.0,0.0,0.0,true,2650,0
1773232273000,64.1234432,-21.7875538333333,3.0,0.0,0.0,true,2651,0
1773232275000,64.1234432,-21.7875538333333,2.0,0.0,0.0,true,2652,0
1773232275000,64.1234432,-21.7875538333333,0.0,0.0,0.0,true,2653,0
1773232279000,64.1234432,-21.7875538333333,4.0,0.0,0.0,true,2654,0
1773232281000,64.1234432,-21.7875538333333,2.0,0.0,0.0,true,2655,0
1773232281000,64.1234432,-21.7875538333333,0.0,0.0,0.0,true,2656,0
1773232285000,64.1234432,-21.7875538333333,4.0,0.0,0.0,true,2657,0
1773232287000,64.1234432,-21.7875538333333,2.0,0.0,0.0,true,2658,0
1773232287000,64.1234432,-21.7875538333333,0.0,0.0,0.0,true,2659,0
1773232291000,64.1234432,-21.7875538333333,4.0,0.0,0.0,true,2660,0
1773232291000,64.1234432,-21.7875538333333,0.0,0.0,0.0,true,2661,0
1773232296000,64.1234432,-21.7875538333333,5.0,0.0,0.0,true,2662,0
1773232298000,64.1234432,-21.7875538333333,2.0,0.0,0.0,true,2663,0
1773232298000,64.1234432,-21.7875538333333,0.0,0.0,0.0,true,2664,0
1773232300000,64.1234432,-21.7875538333333,2.0,0.0,0.0,true,2665,0
1773232304000,64.1234432,-21.7875538333333,4.0,0.0,0.0,true,2666,0
1773232304000,64.1234432,-21.7875538333333,0.0,0.0,0.0,true,2667,0
1773232310000,64.1234432,-21.7875538333333,6.0,0.0,0.0,true,2668,0
1773232310000,64.1234432,-21.7875538333333,0.0,0.0,0.0,true,2669,0
1773232312000,64.1234432,-21.7875538333333,2.0,0.0,0.0,true,2670,0
1773232315000,64.1234432,-21.7875538333333,3.0,0.0,0.0,true,2671,0
1773232315000,64.1234432,-21.7875538333333,0.0,0.0,0.0,true,2672,0
1773232317000,64.1234432,-21.7875538333333,2.0,0.0,0.0,true,2673,0
1773232319000,64.1234432,-21.7875538333333,2.0,0.0,0.0,true,2674,0
1773232319000,64.1234432,-21.7875538333333,0.0,0.0,0.0,true,2675,0
1773232321000,64.1234432,-21.7875538333333,2.0,0.0,0.0,true,2676,0
1773232326000,64.1234432,-21.7875538333333,5.0,0.0,0.0,true,2677,0
1773232326000,64.1234432,-21.7875538333333,0.0,0.0,0.0,true,2678,0
1773232328000,64.1234432,-21.7875538333333,2.0,0.0,0.0,true,2679,0
1773232332000,64.1234432,-21.7875538333333,4.0,0.0,0.0,true,2680,0
1773232332000,64.1234432,-21.7875538333333,0.0,0.0,0.0,true,2681,0
1773232334000,64.1234432,-21.7875538333333,2.0,0.0,0.0,true,2682,0
1773232338000,64.1234432,-21.7875538333333,4.0,0.0,0.0,true,2683,0
1773232338000,64.1234432,-21.7875538333333,0.0,0.0,0.0,true,2684,0
1773232342000,64.1234432,-21.7875538333333,4.0,0.0,0.0,true,2685,0
1773232342000,64.1234432,-21.7875538333333,0.0,0.0,0.0,true,2686,0
1773232342000,64.1234432,-21.7875538333333,0.0,0.0,0.0,true,2687,0
1773232348000,64.1234432,-21.7875538333333,6.0,0.0,0.0,true,2688,0
1773232350000,64.1234432,-21.7875538333333,2.0,0.0,0.0,true,2689,0
1773232350000,64.1234432,-21.7875538333333,0.0,0.0,0.0,true,2690,0
1773232354000,64.1234432,-21.7875538333333,4.0,0.0,0.0,true,2691,0
1773232356000,64.1234432,-21.7875538333333,2.0,0.0,0.0,true,2692,0
1773232358000,64.1234432,-21.7875538333333,2.0,0.0,0.0,true,2693,0
1773232360000,64.1234432,-21.7875538333333,2.0,0.0,0.0,true,2694,0
1773232360000,64.1234432,-21.7875538333333,0.0,0.0,0.0,true,2695,0
1773232362000,64.1234432,-21.7875538333333,2.0,0.0,0.0,true,2696,0
1773232367000,64.1234432,-21.7875538333333,5.0,0.0,0.0,true,2697,0
1773232367000,64.1234432,-21.7875538333333,0.0,0.0,0.0,true,2698,0
1773232369000,64.1234432,-21.7875538333333,2.0,0.0,0.0,true,2699,0
1773232369000,64.1234432,-21.7875538333333,0.0,0.0,0.0,true,2700,0
1773232373000,64.1234432,-21.7875538333333,4.0,0.0,0.0,true,2701,0
1773232375000,64.1234432,-21.7875538333333,2.0,0.0,0.0,true,2702,0
1773232375000,64.1234432,-21.7875538333333,0.0,0.0,0.0,true,2703,0
1773232379000,64.1234432,-21.7875538333333,4.0,0.0,0.0,true,2704,0
1773232383000,64.1234432,-21.7875538333333,4.0,0.0,0.0,true,2705,0
1773232383000,64.1234432,-21.7875538333333,0.0,0.0,0.0,true,2706,0
1773232383000,64.1234432,-21.7875538333333,0.0,0.0,0.0,true,2707,0
1773232389000,64.1234432,-21.7875538333333,6.0,0.0,0.0,true,2708,0
1773232389000,64.1234432,-21.7875538333333,0.0,0.0,0.0,true,2709,0
1773232391000,64.1234432,-21.7875538333333,2.0,0.0,0.0,true,2710,0
1773232395000,64.1234432,-21.7875538333333,4.0,0.0,0.0,true,2711,0
1773232398000,64.1234432,-21.7875538333333,3.0,0.0,0.0,true,2712,0
1773232398000,64.1234432,-21.7875538333333,0.0,0.0,0.0,true,2713,0
1773232400000,64.1234432,-21.7875538333333,2.0,0.0,0.0,true,2714,0
1773232402000,64.1234432,-21.7875538333333,2.0,0.0,0.0,true,2715,0
1773232402000,64.1234432,-21.7875538333333,0.0,0.0,0.0,true,2716,0
1773232406000,64.1234432,-21.7875538333333,4.0,0.0,0.0,true,2717,0
1773232408000,64.1234432,-21.7875538333333,2.0,0.0,0.0,true,2718,0
1773232410000,64.1234432,-21.7875538333333,2.0,0.0,0.0,true,2719,0
1773232410000,64.1234432,-21.7875538333333,0.0,0.0,0.0,true,2720,0
1773232413000,64.1234432,-21.7875538333333,3.0,0.0,0.0,true,2721,0
1773232413000,64.1234432,-21.7875538333333,0.0,0.0,0.0,true,2722,0
1773232417000,64.1234432,-21.7875538333333,4.0,0.0,0.0,true,2723,0
1773232419000,64.1234432,-21.7875538333333,2.0,0.0,0.0,true,2724,0
1773232423000,64.1234432,-21.7875538333333,4.0,0.0,0.0,true,2725,0
1773232423000,64.1234432,-21.7875538333333,0.0,0.0,0.0,true,2726,0
1773232425000,64.1234432,-21.7875538333333,2.0,0.0,0.0,true,2727,0
1773232427000,64.1234432,-21.7875538333333,2.0,0.0,0.0,true,2728,0
1773232431000,64.1234432,-21.7875538333333,4.0,0.0,0.0,true,2729,0
1773232431000,64.1234432,-21.7875538333333,0.0,0.0,0.0,true,2730,0
1773232433000,64.1234432,-21.7875538333333,2.0,0.0,0.0,true,2731,0
1773232433000,64.1234432,-21.7875538333333,0.0,0.0,0.0,true,2732,0
1773232435000,64.1234432,-21.7875538333333,2.0,0.0,0.0,true,2733,0
1773232440000,64.1234432,-21.7875538333333,5.0,0.0,0.0,true,2734,0
1773232442000,64.1234432,-21.7875538333333,2.0,0.0,0.0,true,2735,0
1773232446000,64.1234432,-21.7875538333333,4.0,0.0,0.0,true,2736,0
1773232446000,64.1234432,-21.7875538333333,0.0,0.0,0.0,true,2737,0
1773232446000,64.1234432,-21.7875538333333,0.0,0.0,0.0,true,2738,0
1773232450000,64.1234432,-21.7875538333333,4.0,0.0,0.0,true,2739,0
1773232452000,64.1234432,-21.7875538333333,2.0,0.0,0.0,true,2740,0
1773232452000,64.1234432,-21.7875538333333,0.0,0.0,0.0,true,2741,0
1773232454000,64.1234432,-21.7875538333333,2.0,0.0,0.0,true,2742,0
1773232459000,64.1234432,-21.7875538333333,5.0,0.0,0.0,true,2743,0
1773232459000,64.1234432,-21.7875538333333,0.0,0.0,0.0,true,2744,0
1773232461000,64.1234432,-21.7875538333333,2.0,0.0,0.0,true,2745,0
1773232465000,64.1234432,-21.7875538333333,4.0,0.0,0.0,true,2746,0
1773232465000,64.1234432,-21.7875538333333,0.0,0.0,0.0,true,2747,0
1773232467000,64.1234432,-21.7875538333333,2.0,0.0,0.0,true,2748,0
1773232471000,64.1234432,-21.7875538333333,4.0,0.0,0.0,true,2749,0
1773232471000,64.1234432,-21.7875538333333,0.0,0.0,0.0,true,2750,0
1773232473000,64.1234432,-21.7875538333333,2.0,0.0,0.0,true,2751,0
1773232473000,64.1234432,-21.7875538333333,0.0,0.0,0.0,true,2752,0
1773232478000,64.1234432,-21.7875538333333,5.0,0.0,0.0,true,2753,0
1773232478000,64.1234432,-21.7875538333333,0.0,0.0,0.0,true,2754,0
1773232480000,64.1234432,-21.7875538333333,2.0,0.0,0.0,true,2755,0
1773232484000,64.1234432,-21.7875538333333,4.0,0.0,0.0,true,2756,0
1773232486000,64.1234432,-21.7875538333333,2.0,0.0,0.0,true,2757,0
1773232486000,64.1234432,-21.7875538333333,0.0,0.0,0.0,true,2758,0
1773232492000,64.1234432,-21.7875538333333,6.0,0.0,0.0,true,2759,0
1773232492000,64.1234432,-21.7875538333333,0.0,0.0,0.0,true,2760,0
1773232494000,64.1234432,-21.7875538333333,2.0,0.0,0.0,true,2761,0
1773232494000,64.1234432,-21.7875538333333,0.0,0.0,0.0,true,2762,0
1773232497000,64.1234432,-21.7875538333333,3.0,0.0,0.0,true,2763,0
1773232501000,64.1234432,-21.7875538333333,4.0,0.0,0.0,true,2764,0
1773232503000,64.1234432,-21.7875538333333,2.0,0.0,0.0,true,2765,0
1773232503000,64.1234432,-21.7875538333333,0.0,0.0,0.0,true,2766,0
1773232505000,64.1234432,-21.7875538333333,2.0,0.0,0.0,true,2767,0
1773232509000,64.1234432,-21.7875538333333,4.0,0.0,0.0,true,2768,0
1773232509000,64.1234432,-21.7875538333333,0.0,0.0,0.0,true,2769,0
1773232511000,64.1234432,-21.7875538333333,2.0,0.0,0.0,true,2770,0
1773232511000,64.1234432,-21.7875538333333,0.0,0.0,0.0,true,2771,0
1773232515000,64.1234432,-21.7875538333333,4.0,0.0,0.0,true,2772,0
1773232517000,64.1234432,-21.7875538333333,2.0,0.0,0.0,true,2773,0
1773232519000,64.1234432,-21.7875538333333,2.0,0.0,0.0,true,2774,0
1773232524000,64.1234432,-21.7875538333333,5.0,0.0,0.0,true,2775,0
1773232524000,64.1234432,-21.7875538333333,0.0,0.0,0.0,true,2776,0
1773232526000,64.1234432,-21.7875538333333,2.0,0.0,0.0,true,2777,0
1773232529000,64.1234432,-21.7875538333333,3.0,0.0,0.0,true,2778,0
1773232529000,64.1234432,-21.7875538333333,0.0,0.0,0.0,true,2779,0
1773232531000,64.1234432,-21.7875538333333,2.0,0.0,0.0,true,2780,0
1773232533000,64.1234432,-21.7875538333333,2.0,0.0,0.0,true,2781,0
1773232533000,64.1234432,-21.7875538333333,0.0,0.0,0.0,true,2782,0
1773232537000,64.1234432,-21.7875538333333,4.0,0.0,0.0,true,2783,0
1773232539000,64.1234432,-21.7875538333333,2.0,0.0,0.0,true,2784,0
1773232543000,64.1234432,-21.7875538333333,4.0,0.0,0.0,true,2785,0
1773232543000,64.1234432,-21.7875538333333,0.0,0.0,0.0,true,2786,0
1773232545000,64.1234432,-21.7875538333333,2.0,0.0,0.0,true,2787,0
1773232545000,64.1234432,-21.7875538333333,0.0,0.0,0.0,true,2788,0
1773232550000,64.1234432,-21.7875538333333,5.0,0.0,0.0,true,2789,0
1773232554000,64.1234432,-21.7875538333333,4.0,0.0,0.0,true,2790,0
1773232554000,64.1234432,-21.7875538333333,0.0,0.0,0.0,true,2791,0
1773232556000,64.1234432,-21.7875538333333,2.0,0.0,0.0,true,2792,0
1773232558000,64.1234432,-21.7875538333333,2.0,0.0,0.0,true,2793,0
1773232558000,64.1234432,-21.7875538333333,0.0,0.0,0.0,true,2794,0
1773232562000,64.1234432,-21.7875538333333,4.0,0.0,0.0,true,2795,0
1773232562000,64.1234432,-21.7875538333333,0.0,0.0,0.0,true,2796,0
1773232564000,64.1234432,-21.7875538333333,2.0,0.0,0.0,true,2797,0
1773232568000,64.1234432,-21.7875538333333,4.0,0.0,0.0,true,2798,0
1773232568000,64.1234432,-21.7875538333333,0.0,0.0,0.0,true,2799,0
1773232573000,64.1234432,-21.7875538333333,5.0,0.0,0.0,true,2800,0
1773232575000,64.1234432,-21.7875538333333,2.0,0.0,0.0,true,2801,0
1773232575000,64.1234432,-21.7875538333333,0.0,0.0,0.0,true,2802,0
1773232579000,64.1234432,-21.7875538333333,4.0,0.0,0.0,true,2803,0
1773232581000,64.1234432,-21.7875538333333,2.0,0.0,0.0,true,2804,0
1773232581000,64.1234432,-21.7875538333333,0.0,0.0,0.0,true,2805,0
1773232583000,64.1234432,-21.7875538333333,2.0,0.0,0.0,true,2806,0
1773232583000,64.1234432,-21.7875538333333,0.0,0.0,0.0,true,2807,0
1773232587000,64.1234432,-21.7875538333333,4.0,0.0,0.0,true,2808,0
1773232591000,64.1234432,-21.7875538333333,4.0,0.0,0.0,true,2809,0
1773232591000,64.1234432,-21.7875538333333,0.0,0.0,0.0,true,2810,0
1773232595000,64.1234432,-21.7875538333333,4.0,0.0,0.0,true,2811,0
1773232595000,64.1234432,-21.7875538333333,0.0,0.0,0.0,true,2812,0
1773232598000,64.1234432,-21.7875538333333,3.0,0.0,0.0,true,2813,0
1773232600000,64.1234432,-21.7875538333333,2.0,0.0,0.0,true,2814,0
1773232602000,64.1234432,-21.7875538333333,2.0,0.0,0.0,true,2815,0
1773232602000,64.1234432,-21.7875538333333,0.0,0.0,0.0,true,2816,0
1773232606000,64.1234432,-21.7875538333333,4.0,0.0,0.0,true,2817,0
1773232608000,64.1234432,-21.7875538333333,2.0,0.0,0.0,true,2818,0
1773232608000,64.1234432,-21.7875538333333,0.0,0.0,0.0,true,2819,0
1773232615000,64.1234432,-21.7875538333333,7.0,0.0,0.0,true,2820,0
1773232615000,64.1234432,-21.7875538333333,0.0,0.0,0.0,true,2821,0
1773232615000,64.1234432,-21.7875538333333,0.0,0.0,0.0,true,2822,0
1773232617000,64.1234432,-21.7875538333333,2.0,0.0,0.0,true,2823,0
1773232621000,64.1234432,-21.7875538333333,4.0,0.0,0.0,true,2824,0
1773232621000,64.1234432,-21.7875538333333,0.0,0.0,0.0,true,2825,0
1773232621000,64.1234432,-21.7875538333333,0.0,0.0,0.0,true,2826,0
1773232625000,64.1234432,-21.7875538333333,4.0,0.0,0.0,true,2827,0
1773232627000,64.1234432,-21.7875538333333,2.0,0.0,0.0,true,2828,0
1773232631000,64.1234432,-21.7875538333333,4.0,0.0,0.0,true,2829,0
1773232633000,64.1234432,-21.7875538333333,2.0,0.0,0.0,true,2830,0
1773232633000,64.1234432,-21.7875538333333,0.0,0.0,0.0,true,2831,0
1773232635000,64.1234432,-21.7875538333333,2.0,0.0,0.0,true,2832,0
1773232635000,64.1234432,-21.7875538333333,0.0,0.0,0.0,true,2833,0
1773232640000,64.1234432,-21.7875538333333,5.0,0.0,0.0,true,2834,0
1773232642000,64.1234432,-21.7875538333333,2.0,0.0,0.0,true,2835,0
1773232642000,64.1234432,-21.7875538333333,0.0,0.0,0.0,true,2836,0
1773232646000,64.1234432,-21.7875538333333,4.0,0.0,0.0,true,2837,0
1773232650000,64.1234432,-21.7875538333333,4.0,0.0,0.0,true,2838,0
1773232650000,64.1234432,-21.7875538333333,0.0,0.0,0.0,true,2839,0
1773232650000,64.1234432,-21.7875538333333,0.0,0.0,0.0,true,2840,0
1773232655000,64.1234432,-21.7875538333333,5.0,0.0,0.0,true,2841,0
1773232655000,64.1234432,-21.7875538333333,0.0,0.0,0.0,true,2842,0
1773232657000,64.1234432,-21.7875538333333,2.0,0.0,0.0,true,2843,0
1773232657000,64.1234432,-21.7875538333333,0.0,0.0,0.0,true,2844,0
1773232661000,64.1234432,-21.7875538333333,4.0,0.0,0.0,true,2845,0
1773232667000,64.1234432,-21.7875538333333,6.0,0.0,0.0,true,2846,0
1773232667000,64.1234432,-21.7875538333333,0.0,0.0,0.0,true,2847,0
1773232669000,64.1234432,-21.7875538333333,2.0,0.0,0.0,true,2848,0
1773232669000,64.1234432,-21.7875538333333,0.0,0.0,0.0,true,2849,0
1773232674000,64.1234432,-21.7875538333333,5.0,0.0,0.0,true,2850,0
1773232674000,64.1234432,-21.7875538333333,0.0,0.0,0.0,true,2851,0
1773232676000,64.1234432,-21.7875538333333,2.0,0.0,0.0,true,2852,0
1773232676000,64.1234432,-21.7875538333333,0.0,0.0,0.0,true,2853,0
1773232680000,64.1234432,-21.7875538333333,4.0,0.0,0.0,true,2854,0
1773232680000,64.1234432,-21.7875538333333,0.0,0.0,0.0,true,2855,0
1773232682000,64.1234432,-21.7875538333333,2.0,0.0,0.0,true,2856,0
1773232685000,64.1234432,-21.7875538333333,3.0,0.0,0.0,true,2857,0
1773232685000,64.1234432,-21.7875538333333,0.0,0.0,0.0,true,2858,0
1773232691000,64.1234432,-21.7875538333333,6.0,0.0,0.0,true,2859,0
1773232694000,64.1234432,-21.7875538333333,3.0,0.0,0.0,true,2860,0
1773232694000,64.1234432,-21.7875538333333,0.0,0.0,0.0,true,2861,0
1773232694000,64.1234432,-21.7875538333333,0.0,0.0,0.0,true,2862,0
1773232700000,64.1234432,-21.7875538333333,6.0,0.0,0.0,true,2863,0
1773232702000,64.1234432,-21.7875538333333,2.0,0.0,0.0,true,2864,0
1773232702000,64.1234432,-21.7875538333333,0.0,0.0,0.0,true,2865,0
1773232704000,64.1234432,-21.7875538333333,2.0,0.0,0.0,true,2866,0
1773232704000,64.1234432,-21.7875538333333,0.0,0.0,0.0,true,2867,0
1773232708000,64.1234432,-21.7875538333333,4.0,0.0,0.0,true,2868,0
1773232710000,64.1234432,-21.7875538333333,2.0,0.0,0.0,true,2869,0
1773232710000,64.1234432,-21.7875538333333,0.0,0.0,0.0,true,2870,0
1773232712000,64.1234432,-21.7875538333333,2.0,0.0,0.0,true,2871,0
1773232715000,64.1234432,-21.7875538333333,3.0,0.0,0.0,true,2872,0
1773232717000,64.1234432,-21.7875538333333,2.0,0.0,0.0,true,2873,0
1773232722000,64.1234432,-21.7875538333333,5.0,0.0,0.0,true,2874,0
1773232722000,64.1234432,-21.7875538333333,0.0,0.0,0.0,true,2875,0
1773232724000,64.1234432,-21.7875538333333,2.0,0.0,0.0,true,2876,0
1773232728000,64.1234432,-21.7875538333333,4.0,0.0,0.0,true,2877,0
1773232730000,64.1234432,-21.7875538333333,2.0,0.0,0.0,true,2878,0
1773232730000,64.1234432,-21.7875538333333,0.0,0.0,0.0,true,2879,0
1773232730000,64.1234432,-21.7875538333333,0.0,0.0,0.0,true,2880,0
1773232735000,64.1234432,-21.7875538333333,5.0,0.0,0.0,true,2881,0
1773232735000,64.1234432,-21.7875538333333,0.0,0.0,0.0,true,2882,0
1773232739000,64.1234432,-21.7875538333333,4.0,0.0,0.0,true,2883,0
1773232739000,64.1234432,-21.7875538333333,0.0,0.0,0.0,true,2884,0
1773232743000,64.1234432,-21.7875538333333,4.0,0.0,0.0,true,2885,0
1773232743000,64.1234432,-21.7875538333333,0.0,0.0,0.0,true,2886,0
1773232745000,64.1234432,-21.7875538333333,2.0,0.0,0.0,true,2887,0
1773232749000,64.1234432,-21.7875538333333,4.0,0.0,0.0,true,2888,0
1773232749000,64.1234432,-21.7875538333333,0.0,0.0,0.0,true,2889,0
1773232751000,64.1234432,-21.7875538333333,2.0,0.0,0.0,true,2890,0
1773232753000,64.1234432,-21.7875538333333,2.0,0.0,0.0,true,2891,0
1773232760000,64.1234432,-21.7875538333333,7.0,0.0,0.0,true,2892,0
1773232760000,64.1234432,-21.7875538333333,0.0,0.0,0.0,true,2893,0
1773232766000,64.1234432,-21.7875538333333,6.0,0.0,0.0,true,2894,0
1773232766000,64.1234432,-21.7875538333333,0.0,0.0,0.0,true,2895,0
1773232768000,64.1234432,-21.7875538333333,2.0,0.0,0.0,true,2896,0
1773232770000,64.1234432,-21.7875538333333,2.0,0.0,0.0,true,2897,0
1773232770000,64.1234432,-21.7875538333333,0.0,0.0,0.0,true,2898,0
1773232772000,64.1234432,-21.7875538333333,2.0,0.0,0.0,true,2899,0
1773232777000,64.1234432,-21.7875538333333,5.0,0.0,0.0,true,2900,0
1773232777000,64.1234432,-21.7875538333333,0.0,0.0,0.0,true,2901,0
1773232779000,64.1234432,-21.7875538333333,2.0,0.0,0.0,true,2902,0
1773232781000,64.1234432,-21.7875538333333,2.0,0.0,0.0,true,2903,0
1773232781000,64.1234432,-21.7875538333333,0.0,0.0,0.0,true,2904,0
1773232785000,64.1234432,-21.7875538333333,4.0,0.0,0.0,true,2905,0
1773232787000,64.1234432,-21.7875538333333,2.0,0.0,0.0,true,2906,0
1773232791000,64.1234432,-21.7875538333333,4.0,0.0,0.0,true,2907,0
1773232793000,64.1234432,-21.7875538333333,2.0,0.0,0.0,true,2908,0
1773232793000,64.1234432,-21.7875538333333,0.0,0.0,0.0,true,2909,0
1773232796000,64.1234432,-21.7875538333333,3.0,0.0,0.0,true,2910,0
1773232798000,64.1234432,-21.7875538333333,2.0,0.0,0.0,true,2911,0
1773232798000,64.1234432,-21.7875538333333,0.0,0.0,0.0,true,2912,0
1773232802000,64.1234432,-21.7875538333333,4.0,0.0,0.0,true,2913,0
1773232804000,64.1234432,-21.7875538333333,2.0,0.0,0.0,true,2914,0
1773232804000,64.1234432,-21.7875538333333,0.0,0.0,0.0,true,2915,0
1773232808000,64.1234432,-21.7875538333333,4.0,0.0,0.0,true,2916,0
1773232810000,64.1234432,-21.7875538333333,2.0,0.0,0.0,true,2917,0
1773232810000,64.1234432,-21.7875538333333,0.0,0.0,0.0,true,2918,0
1773232814000,64.1234432,-21.7875538333333,4.0,0.0,0.0,true,2919,0
1773232816000,64.1234432,-21.7875538333333,2.0,0.0,0.0,true,2920,0
1773232816000,64.1234432,-21.7875538333333,0.0,0.0,0.0,true,2921,0
1773232818000,64.1234432,-21.7875538333333,2.0,0.0,0.0,true,2922,0
1773232822000,64.1234432,-21.7875538333333,4.0,0.0,0.0,true,2923,0
1773232822000,64.1234432,-21.7875538333333,0.0,0.0,0.0,true,2924,0
1773232827000,64.1234432,-21.7875538333333,5.0,0.0,0.0,true,2925,0
1773232827000,64.1234432,-21.7875538333333,0.0,0.0,0.0,true,2926,0
1773232827000,64.1234432,-21.7875538333333,0.0,0.0,0.0,true,2927,0
1773232833000,64.1234432,-21.7875538333333,6.0,0.0,0.0,true,2928,0
1773232833000,64.1234432,-21.7875538333333,0.0,0.0,0.0,true,2929,0
1773232835000,64.1234432,-21.7875538333333,2.0,0.0,0.0,true,2930,0
1773232837000,64.1234432,-21.7875538333333,2.0,0.0,0.0,true,2931,0
1773232837000,64.1234432,-21.7875538333333,0.0,0.0,0.0,true,2932,0
1773232840000,64.1234432,-21.7875538333333,3.0,0.0,0.0,true,2933,0
1773232846000,64.1234432,-21.7875538333333,6.0,0.0,0.0,true,2934,0
1773232846000,64.1234432,-21.7875538333333,0.0,0.0,0.0,true,2935,0
1773232848000,64.1234432,-21.7875538333333,2.0,0.0,0.0,true,2936,0
1773232848000,64.1234432,-21.7875538333333,0.0,0.0,0.0,true,2937,0
1773232852000,64.1234432,-21.7875538333333,4.0,0.0,0.0,true,2938,0
1773232852000,64.1234432,-21.7875538333333,0.0,0.0,0.0,true,2939,0
1773232852000,64.1234432,-21.7875538333333,0.0,0.0,0.0,true,2940,0
1773232857000,64.1234432,-21.7875538333333,5.0,0.0,0.0,true,2941,0
1773232862000,64.1234432,-21.7875538333333,5.0,0.0,0.0,true,2942,0
1773232862000,64.1234432,-21.7875538333333,0.0,0.0,0.0,true,2943,0
1773232864000,64.1234432,-21.7875538333333,2.0,0.0,0.0,true,2944,0
1773232868000,64.1234432,-21.7875538333333,4.0,0.0,0.0,true,2945,0
1773232868000,64.1234432,-21.7875538333333,0.0,0.0,0.0,true,2946,0
1773232870000,64.1234432,-21.7875538333333,2.0,0.0,0.0,true,2947,0
1773232874000,64.1234432,-21.7875538333333,4.0,0.0,0.0,true,2948,0
1773232874000,64.1234432,-21.7875538333333,0.0,0.0,0.0,true,2949,0
1773232876000,64.1234432,-21.7875538333333,2.0,0.0,0.0,true,2950,0
1773232878000,64.1234432,-21.7875538333333,2.0,0.0,0.0,true,2951,0
1773232878000,64.1234432,-21.7875538333333,0.0,0.0,0.0,true,2952,0
1773232881000,64.1234432,-21.7875538333333,3.0,0.0,0.0,true,2953,0
1773232885000,64.1234432,-21.7875538333333,4.0,0.0,0.0,true,2954,0
1773232887000,64.1234432,-21.7875538333333,2.0,0.0,0.0,true,2955,0
1773232889000,64.1234432,-21.7875538333333,2.0,0.0,0.0,true,2956,0
1773232889000,64.1234432,-21.7875538333333,0.0,0.0,0.0,true,2957,0
1773232891000,64.1234432,-21.7875538333333,2.0,0.0,0.0,true,2958,0
1773232893000,64.1234432,-21.7875538333333,2.0,0.0,0.0,true,2959,0
1773232893000,64.1234432,-21.7875538333333,0.0,0.0,0.0,true,2960,0
1773232898000,64.1234432,-21.7875538333333,5.0,0.0,0.0,true,2961,0
1773232898000,64.1234432,-21.7875538333333,0.0,0.0,0.0,true,2962,0
1773232900000,64.1234432,-21.7875538333333,2.0,0.0,0.0,true,2963,0
1773232902000,64.1234432,-21.7875538333333,2.0,0.0,0.0,true,2964,0
1773232906000,64.1234432,-21.7875538333333,4.0,0.0,0.0,true,2965,0
1773232910000,64.1234432,-21.7875538333333,4.0,0.0,0.0,true,2966,0
1773232912000,64.1234432,-21.7875538333333,2.0,0.0,0.0,true,2967,0
1773232912000,64.1234432,-21.7875538333333,0.0,0.0,0.0,true,2968,0
1773232914000,64.1234432,-21.7875538333333,2.0,0.0,0.0,true,2969,0
1773232917000,64.1234432,-21.7875538333333,3.0,0.0,0.0,true,2970,0
1773232917000,64.1234432,-21.7875538333333,0.0,0.0,0.0,true,2971,0
1773232919000,64.1234432,-21.7875538333333,2.0,0.0,0.0,true,2972,0
1773232921000,64.1234432,-21.7875538333333,2.0,0.0,0.0,true,2973,0
1773232921000,64.1234432,-21.7875538333333,0.0,0.0,0.0,true,2974,0
1773232925000,64.1234432,-21.7875538333333,4.0,0.0,0.0,true,2975,0
1773232927000,64.1234432,-21.7875538333333,2.0,0.0,0.0,true,2976,0
1773232927000,64.1234432,-21.7875538333333,0.0,0.0,0.0,true,2977,0
1773232931000,64.1234432,-21.7875538333333,4.0,0.0,0.0,true,2978,0
1773232936000,64.1234432,-21.7875538333333,5.0,0.0,0.0,true,2979,0
1773232936000,64.1234432,-21.7875538333333,0.0,0.0,0.0,true,2980,0
1773232940000,64.1234432,-21.7875538333333,4.0,0.0,0.0,true,2981,0
1773232942000,64.1234432,-21.7875538333333,2.0,0.0,0.0,true,2982,0
1773232942000,64.1234432,-21.7875538333333,0.0,0.0,0.0,true,2983,0
1773232944000,64.1234432,-21.7875538333333,2.0,0.0,0.0,true,2984,0
1773232944000,64.1234432,-21.7875538333333,0.0,0.0,0.0,true,2985,0
1773232946000,64.1234432,-21.7875538333333,2.0,0.0,0.0,true,2986,0
1773232949000,64.1234432,-21.7875538333333,3.0,0.0,0.0,true,2987,0
1773232949000,64.1234432,-21.7875538333333,0.0,0.0,0.0,true,2988,0
1773232955000,64.1234432,-21.7875538333333,6.0,0.0,0.0,true,2989,0
1773232957000,64.1234432,-21.7875538333333,2.0,0.0,0.0,true,2990,0
1773232957000,64.1234432,-21.7875538333333,0.0,0.0,0.0,true,2991,0
1773232961000,64.1234432,-21.7875538333333,4.0,0.0,0.0,true,2992,0
1773232963000,64.1234432,-21.7875538333333,2.0,0.0,0.0,true,2993,0
1773232963000,64.1234432,-21.7875538333333,0.0,0.0,0.0,true,2994,0
1773232967000,64.1234432,-21.7875538333333,4.0,0.0,0.0,true,2995,0
1773232967000,64.1234432,-21.7875538333333,0.0,0.0,0.0,true,2996,0
1773232969000,64.1234432,-21.7875538333333,2.0,0.0,0.0,true,2997,0
1773232972000,64.1234432,-21.7875538333333,3.0,0.0,0.0,true,2998,0
1773232972000,64.1234432,-21.7875538333333,0.0,0.0,0.0,true,2999,0
1773232974000,64.1234432,-21.7875538333333,2.0,0.0,0.0,true,3000,0
1773232980000,64.1234432,-21.7875538333333,6.0,0.0,0.0,true,3001,0
1773232980000,64.1234432,-21.7875538333333,0.0,0.0,0.0,true,3002,0
1773232982000,64.1234432,-21.7875538333333,2.0,0.0,0.0,true,3003,0
1773232986000,64.1234432,-21.7875538333333,4.0,0.0,0.0,true,3004,0
1773232986000,64.1234432,-21.7875538333333,0.0,0.0,0.0,true,3005,0
1773232988000,64.1234432,-21.7875538333333,2.0,0.0,0.0,true,3006,0
1773232991000,64.1234432,-21.7875538333333,3.0,0.0,0.0,true,3007,0
1773232991000,64.1234432,-21.7875538333333,0.0,0.0,0.0,true,3008,0
1773232995000,64.1234432,-21.7875538333333,4.0,0.0,0.0,true,3009,0
1773232997000,64.1234432,-21.7875538333333,2.0,0.0,0.0,true,3010,0
1773232997000,64.1234432,-21.7875538333333,0.0,0.0,0.0,true,3011,0
1773232999000,64.1234432,-21.7875538333333,2.0,0.0,0.0,true,3012,0
1773233001000,64.1234432,-21.7875538333333,2.0,0.0,0.0,true,3013,0
1773233003000,64.1234432,-21.7875538333333,2.0,0.0,0.0,true,3014,0
1773233003000,64.1234432,-21.7875538333333,0.0,0.0,0.0,true,3015,0
1773233008000,64.1234432,-21.7875538333333,5.0,0.0,0.0,true,3016,0
1773233010000,64.1234432,-21.7875538333333,2.0,0.0,0.0,true,3017,0
1773233012000,64.1234432,-21.7875538333333,2.0,0.0,0.0,true,3018,0
1773233012000,64.1234432,-21.7875538333333,0.0,0.0,0.0,true,3019,0
1773233016000,64.1234432,-21.7875538333333,4.0,0.0,0.0,true,3020,0
1773233016000,64.1234432,-21.7875538333333,0.0,0.0,0.0,true,3021,0
1773233020000,64.1234432,-21.7875538333333,4.0,0.0,0.0,true,3022,0
1773233022000,64.1234432,-21.7875538333333,2.0,0.0,0.0,true,3023,0
1773233022000,64.1234432,-21.7875538333333,0.0,0.0,0.0,true,3024,0
1773233027000,64.1234432,-21.7875538333333,5.0,0.0,0.0,true,3025,0
1773233029000,64.1234432,-21.7875538333333,2.0,0.0,0.0,true,3026,0
1773233029000,64.1234432,-21.7875538333333,0.0,0.0,0.0,true,3027,0
1773233031000,64.1234432,-21.7875538333333,2.0,0.0,0.0,true,3028,0
1773233035000,64.1234432,-21.7875538333333,4.0,0.0,0.0,true,3029,0
1773233037000,64.1234432,-21.7875538333333,2.0,0.0,0.0,true,3030,0
1773233037000,64.1234432,-21.7875538333333,0.0,0.0,0.0,true,3031,0
1773233037000,64.1234432,-21.7875538333333,0.0,0.0,0.0,true,3032,0
1773233041000,64.1234432,-21.7875538333333,4.0,0.0,0.0,true,3033,0
1773233043000,64.1234432,-21.7875538333333,2.0,0.0,0.0,true,3034,0
1773233043000,64.1234432,-21.7875538333333,0.0,0.0,0.0,true,3035,0
1773233046000,64.1234432,-21.7875538333333,3.0,0.0,0.0,true,3036,0
1773233052000,64.1234432,-21.7875538333333,6.0,0.0,0.0,true,3037,0
1773233052000,64.1234432,-21.7875538333333,0.0,0.0,0.0,true,3038,0
1773233054000,64.1234432,-21.7875538333333,2.0,0.0,0.0,true,3039,0
1773233056000,64.1234432,-21.7875538333333,2.0,0.0,0.0,true,3040,0
1773233056000,64.1234432,-21.7875538333333,0.0,0.0,0.0,true,3041,0
1773233060000,64.1234432,-21.7875538333333,4.0,0.0,0.0,true,3042,0
1773233062000,64.1234432,-21.7875538333333,2.0,0.0,0.0,true,3043,0
1773233064000,64.1234432,-21.7875538333333,2.0,0.0,0.0,true,3044,0
1773233064000,64.1234432,-21.7875538333333,0.0,0.0,0.0,true,3045,0
1773233064000,64.1234432,-21.7875538333333,0.0,0.0,0.0,true,3046,0
1773233067000,64.1234432,-21.7875538333333,3.0,0.0,0.0,true,3047,0
1773233071000,64.1234432,-21.7875538333333,4.0,0.0,0.0,true,3048,0
1773233074000,64.1234432,-21.7875538333333,3.0,0.0,0.0,true,3049,0
1773233077000,64.1234432,-21.7875538333333,3.0,0.0,0.0,true,3050,0
1773233077000,64.1234432,-21.7875538333333,0.0,0.0,0.0,true,3051,0
1773233079000,64.1234432,-21.7875538333333,2.0,0.0,0.0,true,3052,0
1773233079000,64.1234432,-21.7875538333333,0.0,0.0,0.0,true,3053,0
1773233084000,64.1234432,-21.7875538333333,5.0,0.0,0.0,true,3054,0
1773233084000,64.1234432,-21.7875538333333,0.0,0.0,0.0,true,3055,0
1773233086000,64.1234432,-21.7875538333333,2.0,0.0,0.0,true,3056,0
1773233090000,64.1234432,-21.7875538333333,4.0,0.0,0.0,true,3057,0
1773233090000,64.1234432,-21.7875538333333,0.0,0.0,0.0,true,3058,0
1773233094000,64.1234432,-21.7875538333333,4.0,0.0,0.0,true,3059,0
1773233094000,64.1234432,-21.7875538333333,0.0,0.0,0.0,true,3060,0
1773233097000,64.1234432,-21.7875538333333,3.0,0.0,0.0,true,3061,0
1773233097000,64.1234432,-21.7875538333333,0.0,0.0,0.0,true,3062,0
1773233099000,64.1234432,-21.7875538333333,2.0,0.0,0.0,true,3063,0
1773233104000,64.1234432,-21.7875538333333,5.0,0.0,0.0,true,3064,0
1773233106000,64.1234432,-21.7875538333333,2.0,0.0,0.0,true,3065,0
1773233110000,64.1234432,-21.7875538333333,4.0,0.0,0.0,true,3066,0
1773233112000,64.1234432,-21.7875538333333,2.0,0.0,0.0,true,3067,0
1773233112000,64.1234432,-21.7875538333333,0.0,0.0,0.0,true,3068,0
1773233116000,64.1234432,-21.7875538333333,4.0,0.0,0.0,true,3069,0
1773233118000,64.1234432,-21.7875538333333,2.0,0.0,0.0,true,3070,0
1773233118000,64.1234432,-21.7875538333333,0.0,0.0,0.0,true,3071,0
1773233120000,64.1234432,-21.7875538333333,2.0,0.0,0.0,true,3072,0
1773233123000,64.1234432,-21.7875538333333,3.0,0.0,0.0,true,3073,0
1773233123000,64.1234432,-21.7875538333333,0.0,0.0,0.0,true,3074,0
1773233125000,64.1234432,-21.7875538333333,2.0,0.0,0.0,true,3075,0
1773233125000,64.1234432,-21.7875538333333,0.0,0.0,0.0,true,3076,0
1773233129000,64.1234432,-21.7875538333333,4.0,0.0,0.0,true,3077,0
1773233133000,64.1234432,-21.7875538333333,4.0,0.0,0.0,true,3078,0
1773233133000,64.1234432,-21.7875538333333,0.0,0.0,0.0,true,3079,0
1773233135000,64.1234432,-21.7875538333333,2.0,0.0,0.0,true,3080,0
1773233137000,64.1234432,-21.7875538333333,2.0,0.0,0.0,true,3081,0
1773233139000,64.1234432,-21.7875538333333,2.0,0.0,0.0,true,3082,0
1773233139000,64.1234432,-21.7875538333333,0.0,0.0,0.0,true,3083,0
1773233146000,64.1234432,-21.7875538333333,7.0,0.0,0.0,true,3084,0
1773233146000,64.1234432,-21.7875538333333,0.0,0.0,0.0,true,3085,0
1773233148000,64.1234432,-21.7875538333333,2.0,0.0,0.0,true,3086,0
1773233150000,64.1234432,-21.7875538333333,2.0,0.0,0.0,true,3087,0
1773233150000,64.1234432,-21.7875538333333,0.0,0.0,0.0,true,3088,0
1773233154000,64.1234432,-21.7875538333333,4.0,0.0,0.0,true,3089,0
1773233156000,64.1234432,-21.7875538333333,2.0,0.0,0.0,true,3090,0
1773233160000,64.1234432,-21.7875538333333,4.0,0.0,0.0,true,3091,0
1773233162000,64.1234432,-21.7875538333333,2.0,0.0,0.0,true,3092,0
1773233164000,64.1234432,-21.7875538333333,2.0,0.0,0.0,true,3093,0
1773233164000,64.1234432,-21.7875538333333,0.0,0.0,0.0,true,3094,0
1773233169000,64.1234432,-21.7875538333333,5.0,0.0,0.0,true,3095,0
1773233171000,64.1234432,-21.7875538333333,2.0,0.0,0.0,true,3096,0
1773233173000,64.1234432,-21.7875538333333,2.0,0.0,0.0,true,3097,0
1773233175000,64.1234432,-21.7875538333333,2.0,0.0,0.0,true,3098,0
1773233175000,64.1234432,-21.7875538333333,0.0,0.0,0.0,true,3099,0
1773233175000,64.1234432,-21.7875538333333,0.0,0.0,0.0,true,3100,0
1773233181000,64.1234432,-21.7875538333333,6.0,0.0,0.0,true,3101,0
1773233181000,64.1234432,-21.7875538333333,0.0,0.0,0.0,true,3102,0
1773233184000,64.1234432,-21.7875538333333,3.0,0.0,0.0,true,3103,0
1773233186000,64.1234432,-21.7875538333333,2.0,0.0,0.0,true,3104,0
1773233186000,64.1234432,-21.7875538333333,0.0,0.0,0.0,true,3105,0
1773233190000,64.1234432,-21.7875538333333,4.0,0.0,0.0,true,3106,0
1773233193000,64.1234432,-21.7875538333333,3.0,0.0,0.0,true,3107,0
1773233193000,64.1234432,-21.7875538333333,0.0,0.0,0.0,true,3108,0
1773233195000,64.1234432,-21.7875538333333,2.0,0.0,0.0,true,3109,0
1773233199000,64.1234432,-21.7875538333333,4.0,0.0,0.0,true,3110,0
1773233199000,64.1234432,-21.7875538333333,0.0,0.0,0.0,true,3111,0
1773233203000,64.1234432,-21.7875538333333,4.0,0.0,0.0,true,3112,0
1773233207000,64.1234432,-21.7875538333333,4.0,0.0,0.0,true,3113,0
1773233207000,64.1234432,-21.7875538333333,0.0,0.0,0.0,true,3114,0
1773233209000,64.1234432,-21.7875538333333,2.0,0.0,0.0,true,3115,0
1773233211000,64.1234432,-21.7875538333333,2.0,0.0,0.0,true,3116,0
1773233211000,64.1234432,-21.7875538333333,0.0,0.0,0.0,true,3117,0
1773233216000,64.1234432,-21.7875538333333,5.0,0.0,0.0,true,3118,0
1773233221000,64.1234432,-21.7875538333333,5.0,0.0,0.0,true,3119,0
1773233221000,64.1234432,-21.7875538333333,0.0,0.0,0.0,true,3120,0
1773233223000,64.1234432,-21.7875538333333,2.0,0.0,0.0,true,3121,0
1773233225000,64.1234432,-21.7875538333333,2.0,0.0,0.0,true,3122,0
1773233225000,64.1234432,-21.7875538333333,0.0,0.0,0.0,true,3123,0
1773233229000,64.1234432,-21.7875538333333,4.0,0.0,0.0,true,3124,0
1773233231000,64.1234432,-21.7875538333333,2.0,0.0,0.0,true,3125,0
1773233231000,64.1234432,-21.7875538333333,0.0,0.0,0.0,true,3126,0
1773233235000,64.1234432,-21.7875538333333,4.0,0.0,0.0,true,3127,0
1773233235000,64.1234432,-21.7875538333333,0.0,0.0,0.0,true,3128,0
1773233237000,64.1234432,-21.7875538333333,2.0,0.0,0.0,true,3129,0
1773233241000,64.1234432,-21.7875538333333,4.0,0.0,0.0,true,3130,0
1773233241000,64.1234432,-21.7875538333333,0.0,0.0,0.0,true,3131,0
1773233244000,64.1234432,-21.7875538333333,3.0,0.0,0.0,true,3132,0
1773233248000,64.1234432,-21.7875538333333,4.0,0.0,0.0,true,3133,0
1773233248000,64.1234432,-21.7875538333333,0.0,0.0,0.0,true,3134,0
1773233250000,64.1234432,-21.7875538333333,2.0,0.0,0.0,true,3135,0
1773233252000,64.1234432,-21.7875538333333,2.0,0.0,0.0,true,3136,0
1773233252000,64.1234432,-21.7875538333333,0.0,0.0,0.0,true,3137,0
1773233255000,64.1234432,-21.7875538333333,3.0,0.0,0.0,true,3138,0
1773233259000,64.1234432,-21.7875538333333,4.0,0.0,0.0,true,3139,0
1773233259000,64.1234432,-21.7875538333333,0.0,0.0,0.0,true,3140,0
1773233261000,64.1234432,-21.7875538333333,2.0,0.0,0.0,true,3141,0
1773233261000,64.1234432,-21.7875538333333,0.0,0.0,0.0,true,3142,0
1773233265000,64.1234432,-21.7875538333333,4.0,0.0,0.0,true,3143,0
1773233267000,64.1234432,-21.7875538333333,2.0,0.0,0.0,true,3144,0
1773233267000,64.1234432,-21.7875538333333,0.0,0.0,0.0,true,3145,0
1773233273000,64.1234432,-21.7875538333333,6.0,0.0,0.0,true,3146,0
1773233276000,64.1234432,-21.7875538333333,3.0,0.0,0.0,true,3147,0
1773233276000,64.1234432,-21.7875538333333,0.0,0.0,0.0,true,3148,0
1773233278000,64.1234432,-21.7875538333333,2.0,0.0,0.0,true,3149,0
1773233281000,64.1234432,-21.7875538333333,3.0,0.0,0.0,true,3150,0
1773233281000,64.1234432,-21.7875538333333,0.0,0.0,0.0,true,3151,0
1773233283000,64.1234432,-21.7875538333333,2.0,0.0,0.0,true,3152,0
1773233287000,64.1234432,-21.7875538333333,4.0,0.0,0.0,true,3153,0
1773233287000,64.1234432,-21.7875538333333,0.0,0.0,0.0,true,3154,0
1773233289000,64.1234432,-21.7875538333333,2.0,0.0,0.0,true,3155,0
1773233289000,64.1234432,-21.7875538333333,0.0,0.0,0.0,true,3156,0
1773233293000,64.1234432,-21.7875538333333,4.0,0.0,0.0,true,3157,0
1773233299000,64.1234432,-21.7875538333333,6.0,0.0,0.0,true,3158,0
1773233299000,64.1234432,-21.7875538333333,0.0,0.0,0.0,true,3159,0
1773233301000,64.1234432,-21.7875538333333,2.0,0.0,0.0,true,3160,0
1773233303000,64.1234432,-21.7875538333333,2.0,0.0,0.0,true,3161,0
1773233303000,64.1234432,-21.7875538333333,0.0,0.0,0.0,true,3162,0
1773233305000,64.1234432,-21.7875538333333,2.0,0.0,0.0,true,3163,0
1773233305000,64.1234432,-21.7875538333333,0.0,0.0,0.0,true,3164,0
1773233309000,64.1234432,-21.7875538333333,4.0,0.0,0.0,true,3165,0
1773233313000,64.1234432,-21.7875538333333,4.0,0.0,0.0,true,3166,0
1773233315000,64.1234432,-21.7875538333333,2.0,0.0,0.0,true,3167,0
1773233315000,64.1234432,-21.7875538333333,0.0,0.0,0.0,true,3168,0
1773233317000,64.1234432,-21.7875538333333,2.0,0.0,0.0,true,3169,0
1773233319000,64.1234432,-21.7875538333333,2.0,0.0,0.0,true,3170,0
1773233319000,64.1234432,-21.7875538333333,0.0,0.0,0.0,true,3171,0
1773233327000,64.1234432,-21.7875538333333,8.0,0.0,0.0,true,3172,0
1773233327000,64.1234432,-21.7875538333333,0.0,0.0,0.0,true,3173,0
1773233329000,64.1234432,-21.7875538333333,2.0,0.0,0.0,true,3174,0
1773233331000,64.1234432,-21.7875538333333,2.0,0.0,0.0,true,3175,0
1773233331000,64.1234432,-21.7875538333333,0.0,0.0,0.0,true,3176,0
1773233333000,64.1234432,-21.7875538333333,2.0,0.0,0.0,true,3177,0
1773233338000,64.1234432,-21.7875538333333,5.0,0.0,0.0,true,3178,0
1773233338000,64.1234432,-21.7875538333333,0.0,0.0,0.0,true,3179,0
1773233340000,64.1234432,-21.7875538333333,2.0,0.0,0.0,true,3180,0
1773233342000,64.1234432,-21.7875538333333,2.0,0.0,0.0,true,3181,0
1773233342000,64.1234432,-21.7875538333333,0.0,0.0,0.0,true,3182,0
1773233346000,64.1234432,-21.7875538333333,4.0,0.0,0.0,true,3183,0
1773233348000,64.1234432,-21.7875538333333,2.0,0.0,0.0,true,3184,0
1773233348000,64.1234432,-21.7875538333333,0.0,0.0,0.0,true,3185,0
1773233352000,64.1234432,-21.7875538333333,4.0,0.0,0.0,true,3186,0
1773233354000,64.1234432,-21.7875538333333,2.0,0.0,0.0,true,3187,0
1773233354000,64.1234432,-21.7875538333333,0.0,0.0,0.0,true,3188,0
1773233359000,64.1234432,-21.7875538333333,5.0,0.0,0.0,true,3189,0
1773233359000,64.1234432,-21.7875538333333,0.0,0.0,0.0,true,3190,0
1773233364000,64.1234432,-21.7875538333333,5.0,0.0,0.0,true,3191,0
1773233364000,64.1234432,-21.7875538333333,0.0,0.0,0.0,true,3192,0
1773233366000,64.1234432,-21.7875538333333,2.0,0.0,0.0,true,3193,0
1773233368000,64.1234432,-21.7875538333333,2.0,0.0,0.0,true,3194,0
1773233368000,64.1234432,-21.7875538333333,0.0,0.0,0.0,true,3195,0
1773233370000,64.1234432,-21.7875538333333,2.0,0.0,0.0,true,3196,0
1773233374000,64.1234432,-21.7875538333333,4.0,0.0,0.0,true,3197,0
1773233374000,64.1234432,-21.7875538333333,0.0,0.0,0.0,true,3198,0
1773233374000,64.1234432,-21.7875538333333,0.0,0.0,0.0,true,3199,0
1773233379000,64.1234432,-21.7875538333333,5.0,0.0,0.0,true,3200,0
1773233381000,64.1234432,-21.7875538333333,2.0,0.0,0.0,true,3201,0
1773233385000,64.1234432,-21.7875538333333,4.0,0.0,0.0,true,3202,0
1773233385000,64.1234432,-21.7875538333333,0.0,0.0,0.0,true,3203,0
1773233387000,64.1234432,-21.7875538333333,2.0,0.0,0.0,true,3204,0
1773233391000,64.1234432,-21.7875538333333,4.0,0.0,0.0,true,3205,0
1773233393000,64.1234432,-21.7875538333333,2.0,0.0,0.0,true,3206,0
1773233393000,64.1234432,-21.7875538333333,0.0,0.0,0.0,true,3207,0
1773233395000,64.1234432,-21.7875538333333,2.0,0.0,0.0,true,3208,0
1773233395000,64.1234432,-21.7875538333333,0.0,0.0,0.0,true,3209,0
1773233399000,64.1234432,-21.7875538333333,4.0,0.0,0.0,true,3210,0
1773233405000,64.1234432,-21.7875538333333,6.0,0.0,0.0,true,3211,0
1773233405000,64.1234432,-21.7875538333333,0.0,0.0,0.0,true,3212,0
1773233405000,64.1234432,-21.7875538333333,0.0,0.0,0.0,true,3213,0
1773233405000,64.1234432,-21.7875538333333,0.0,0.0,0.0,true,3214,0
1773233411000,64.1234432,-21.7875538333333,6.0,0.0,0.0,true,3215,0
1773233411000,64.1234432,-21.7875538333333,0.0,0.0,0.0,true,3216,0
1773233411000,64.1234432,-21.7875538333333,0.0,0.0,0.0,true,3217,0
1773233414000,64.1234432,-21.7875538333333,3.0,0.0,0.0,true,3218,0
1773233417000,64.1234432,-21.7875538333333,3.0,0.0,0.0,true,3219,0
1773233417000,64.1234432,-21.7875538333333,0.0,0.0,0.0,true,3220,0
1773233421000,64.1234432,-21.7875538333333,4.0,0.0,0.0,true,3221,0
1773233425000,64.1234432,-21.7875538333333,4.0,0.0,0.0,true,3222,0
1773233425000,64.1234432,-21.7875538333333,0.0,0.0,0.0,true,3223,0
1773233430000,64.1234432,-21.7875538333333,5.0,0.0,0.0,true,3224,0
1773233430000,64.1234432,-21.7875538333333,0.0,0.0,0.0,true,3225,0
1773233432000,64.1234432,-21.7875538333333,2.0,0.0,0.0,true,3226,0
1773233436000,64.1234432,-21.7875538333333,4.0,0.0,0.0,true,3227,0
1773233438000,64.1234432,-21.7875538333333,2.0,0.0,0.0,true,3228,0
1773233438000,64.1234432,-21.7875538333333,0.0,0.0,0.0,true,3229,0
1773233440000,64.1234432,-21.7875538333333,2.0,0.0,0.0,true,3230,0
1773233443000,64.1234432,-21.7875538333333,3.0,0.0,0.0,true,3231,0
1773233443000,64.1234432,-21.7875538333333,0.0,0.0,0.0,true,3232,0
1773233445000,64.1234432,-21.7875538333333,2.0,0.0,0.0,true,3233,0
1773233455000,64.1234432,-21.7875538333333,10.0,0.0,0.0,true,3234,0
1773233455000,64.1234432,-21.7875538333333,0.0,0.0,0.0,true,3235,0
1773233457000,64.1234432,-21.7875538333333,2.0,0.0,0.0,true,3236,0
1773233457000,64.1234432,-21.7875538333333,0.0,0.0,0.0,true,3237,0
1773233461000,64.1234432,-21.7875538333333,4.0,0.0,0.0,true,3238,0
1773233463000,64.1234432,-21.7875538333333,2.0,0.0,0.0,true,3239,0
1773233463000,64.1234432,-21.7875538333333,0.0,0.0,0.0,true,3240,0
1773233465000,64.1234432,-21.7875538333333,2.0,0.0,0.0,true,3241,0
1773233468000,64.1234432,-21.7875538333333,3.0,0.0,0.0,true,3242,0
1773233468000,64.1234432,-21.7875538333333,0.0,0.0,0.0,true,3243,0
1773233470000,64.1234432,-21.7875538333333,2.0,0.0,0.0,true,3244,0
1773233473000,64.1234432,-21.7875538333333,3.0,0.0,0.0,true,3245,0
1773233473000,64.1234432,-21.7875538333333,0.0,0.0,0.0,true,3246,0
1773233477000,64.1234432,-21.7875538333333,4.0,0.0,0.0,true,3247,0
1773233483000,64.1234432,-21.7875538333333,6.0,0.0,0.0,true,3248,0
1773233483000,64.1234432,-21.7875538333333,0.0,0.0,0.0,true,3249,0
1773233485000,64.1234432,-21.7875538333333,2.0,0.0,0.0,true,3250,0
1773233488000,64.1234432,-21.7875538333333,3.0,0.0,0.0,true,3251,0
1773233488000,64.1234432,-21.7875538333333,0.0,0.0,0.0,true,3252,0
1773233490000,64.1234432,-21.7875538333333,2.0,0.0,0.0,true,3253,0
1773233494000,64.1234432,-21.7875538333333,4.0,0.0,0.0,true,3254,0
1773233494000,64.1234432,-21.7875538333333,0.0,0.0,0.0,true,3255,0
1773233496000,64.1234432,-21.7875538333333,2.0,0.0,0.0,true,3256,0
1773233498000,64.1234432,-21.7875538333333,2.0,0.0,0.0,true,3257,0
1773233502000,64.1234432,-21.7875538333333,4.0,0.0,0.0,true,3258,0
1773233502000,64.1234432,-21.7875538333333,0.0,0.0,0.0,true,3259,0
1773233502000,64.1234432,-21.7875538333333,0.0,0.0,0.0,true,3260,0
1773233506000,64.1234432,-21.7875538333333,4.0,0.0,0.0,true,3261,0
1773233509000,64.1234432,-21.7875538333333,3.0,0.0,0.0,true,3262,0
1773233509000,64.1234432,-21.7875538333333,0.0,0.0,0.0,true,3263,0
1773233513000,64.1234432,-21.7875538333333,4.0,0.0,0.0,true,3264,0
1773233515000,64.1234432,-21.7875538333333,2.0,0.0,0.0,true,3265,0
1773233515000,64.1234432,-21.7875538333333,0.0,0.0,0.0,true,3266,0
1773233519000,64.1234432,-21.7875538333333,4.0,0.0,0.0,true,3267,0
1773233521000,64.1234432,-21.7875538333333,2.0,0.0,0.0,true,3268,0
1773233521000,64.1234432,-21.7875538333333,0.0,0.0,0.0,true,3269,0
1773233523000,64.1234432,-21.7875538333333,2.0,0.0,0.0,true,3270,0
1773233527000,64.1234432,-21.7875538333333,4.0,0.0,0.0,true,3271,0
1773233530000,64.1234432,-21.7875538333333,3.0,0.0,0.0,true,3272,0
1773233530000,64.1234432,-21.7875538333333,0.0,0.0,0.0,true,3273,0
1773233532000,64.1234432,-21.7875538333333,2.0,0.0,0.0,true,3274,0
1773233536000,64.1234432,-21.7875538333333,4.0,0.0,0.0,true,3275,0
1773233536000,64.1234432,-21.7875538333333,0.0,0.0,0.0,true,3276,0
1773233538000,64.1234432,-21.7875538333333,2.0,0.0,0.0,true,3277,0
1773233538000,64.1234432,-21.7875538333333,0.0,0.0,0.0,true,3278,0
1773233540000,64.1234432,-21.7875538333333,2.0,0.0,0.0,true,3279,0
1773233543000,64.1234432,-21.7875538333333,3.0,0.0,0.0,true,3280,0
1773233546000,64.1234432,-21.7875538333333,3.0,0.0,0.0,true,3281,0
1773233548000,64.1234432,-21.7875538333333,2.0,0.0,0.0,true,3282,0
1773233548000,64.1234432,-21.7875538333333,0.0,0.0,0.0,true,3283,0
1773233551000,64.1234432,-21.7875538333333,3.0,0.0,0.0,true,3284,0
1773233551000,64.1234432,-21.7875538333333,0.0,0.0,0.0,true,3285,0
1773233555000,64.1234432,-21.7875538333333,4.0,0.0,0.0,true,3286,0
1773233557000,64.1234432,-21.7875538333333,2.0,0.0,0.0,true,3287,0
1773233559000,64.1234432,-21.7875538333333,2.0,0.0,0.0,true,3288,0
1773233564000,64.1234432,-21.7875538333333,5.0,0.0,0.0,true,3289,0
1773233566000,64.1234432,-21.7875538333333,2.0,0.0,0.0,true,3290,0
1773233566000,64.1234432,-21.7875538333333,0.0,0.0,0.0,true,3291,0
1773233566000,64.1234432,-21.7875538333333,0.0,0.0,0.0,true,3292,0
1773233571000,64.1234432,-21.7875538333333,5.0,0.0,0.0,true,3293,0
1773233571000,64.1234432,-21.7875538333333,0.0,0.0,0.0,true,3294,0
1773233575000,64.1234432,-21.7875538333333,4.0,0.0,0.0,true,3295,0
1773233577000,64.1234432,-21.7875538333333,2.0,0.0,0.0,true,3296,0
1773233577000,64.1234432,-21.7875538333333,0.0,0.0,0.0,true,3297,0
1773233579000,64.1234432,-21.7875538333333,2.0,0.0,0.0,true,3298,0
1773233579000,64.1234432,-21.7875538333333,0.0,0.0,0.0,true,3299,0
1773233581000,64.1234432,-21.7875538333333,2.0,0.0,0.0,true,3300,0
1773233589000,64.1234432,-21.7875538333333,8.0,0.0,0.0,true,3301,0
1773233589000,64.1234432,-21.7875538333333,0.0,0.0,0.0,true,3302,0
1773233591000,64.1234432,-21.7875538333333,2.0,0.0,0.0,true,3303,0
1773233591000,64.1234432,-21.7875538333333,0.0,0.0,0.0,true,3304,0
1773233596000,64.1234432,-21.7875538333333,5.0,0.0,0.0,true,3305,0
1773233596000,64.1234432,-21.7875538333333,0.0,0.0,0.0,true,3306,0
1773233600000,64.1234432,-21.7875538333333,4.0,0.0,0.0,true,3307,0
1773233600000,64.1234432,-21.7875538333333,0.0,0.0,0.0,true,3308,0
1773233602000,64.1234432,-21.7875538333333,2.0,0.0,0.0,true,3309,0
1773233604000,64.1234432,-21.7875538333333,2.0,0.0,0.0,true,3310,0
1773233604000,64.1234432,-21.7875538333333,0.0,0.0,0.0,true,3311,0
1773233606000,64.1234432,-21.7875538333333,2.0,0.0,0.0,true,3312,0
1773233610000,64.1234432,-21.7875538333333,4.0,0.0,0.0,true,3313,0
1773233612000,64.1234432,-21.7875538333333,2.0,0.0,0.0,true,3314,0
1773233616000,64.1234432,-21.7875538333333,4.0,0.0,0.0,true,3315,0
1773233616000,64.1234432,-21.7875538333333,0.0,0.0,0.0,true,3316,0
1773233618000,64.1234432,-21.7875538333333,2.0,0.0,0.0,true,3317,0
1773233621000,64.1234432,-21.7875538333333,3.0,0.0,0.0,true,3318,0
1773233621000,64.1234432,-21.7875538333333,0.0,0.0,0.0,true,3319,0
1773233623000,64.1234432,-21.7875538333333,2.0,0.0,0.0,true,3320,0
1773233627000,64.1234432,-21.7875538333333,4.0,0.0,0.0,true,3321,0
1773233629000,64.1234432,-21.7875538333333,2.0,0.0,0.0,true,3322,0
1773233629000,64.1234432,-21.7875538333333,0.0,0.0,0.0,true,3323,0
1773233635000,64.1234432,-21.7875538333333,6.0,0.0,0.0,true,3324,0
1773233635000,64.1234432,-21.7875538333333,0.0,0.0,0.0,true,3325,0
1773233637000,64.1234432,-21.7875538333333,2.0,0.0,0.0,true,3326,0
1773233639000,64.1234432,-21.7875538333333,2.0,0.0,0.0,true,3327,0
1773233639000,64.1234432,-21.7875538333333,0.0,0.0,0.0,true,3328,0
1773233642000,64.1234432,-21.7875538333333,3.0,0.0,0.0,true,3329,0
1773233646000,64.1234432,-21.7875538333333,4.0,0.0,0.0,true,3330,0
1773233646000,64.1234432,-21.7875538333333,0.0,0.0,0.0,true,3331,0
1773233648000,64.1234432,-21.7875538333333,2.0,0.0,0.0,true,3332,0
1773233652000,64.1234432,-21.7875538333333,4.0,0.0,0.0,true,3333,0
1773233652000,64.1234432,-21.7875538333333,0.0,0.0,0.0,true,3334,0
1773233657000,64.1234432,-21.7875538333333,5.0,0.0,0.0,true,3335,0
1773233657000,64.1234432,-21.7875538333333,0.0,0.0,0.0,true,3336,0
1773233659000,64.1234432,-21.7875538333333,2.0,0.0,0.0,true,3337,0
1773233659000,64.1234432,-21.7875538333333,0.0,0.0,0.0,true,3338,0
1773233665000,64.1234432,-21.7875538333333,6.0,0.0,0.0,true,3339,0
1773233665000,64.1234432,-21.7875538333333,0.0,0.0,0.0,true,3340,0
1773233667000,64.1234432,-21.7875538333333,2.0,0.0,0.0,true,3341,0
1773233667000,64.1234432,-21.7875538333333,0.0,0.0,0.0,true,3342,0
1773233669000,64.1234432,-21.7875538333333,2.0,0.0,0.0,true,3343,0
1773233673000,64.1234432,-21.7875538333333,4.0,0.0,0.0,true,3344,0
1773233673000,64.1234432,-21.7875538333333,0.0,0.0,0.0,true,3345,0
1773233676000,64.1234432,-21.7875538333333,3.0,0.0,0.0,true,3346,0
1773233678000,64.1234432,-21.7875538333333,2.0,0.0,0.0,true,3347,0
1773233682000,64.1234432,-21.7875538333333,4.0,0.0,0.0,true,3348,0
1773233682000,64.1234432,-21.7875538333333,0.0,0.0,0.0,true,3349,0
1773233686000,64.1234432,-21.7875538333333,4.0,0.0,0.0,true,3350,0
1773233686000,64.1234432,-21.7875538333333,0.0,0.0,0.0,true,3351,0
1773233686000,64.1234432,-21.7875538333333,0.0,0.0,0.0,true,3352,0
1773233690000,64.1234432,-21.7875538333333,4.0,0.0,0.0,true,3353,0
1773233694000,64.1234432,-21.7875538333333,4.0,0.0,0.0,true,3354,0
1773233694000,64.1234432,-21.7875538333333,0.0,0.0,0.0,true,3355,0
1773233697000,64.1234432,-21.7875538333333,3.0,0.0,0.0,true,3356,0
1773233697000,64.1234432,-21.7875538333333,0.0,0.0,0.0,true,3357,0
1773233701000,64.1234432,-21.7875538333333,4.0,0.0,0.0,true,3358,0
1773233701000,64.1234432,-21.7875538333333,0.0,0.0,0.0,true,3359,0
1773233703000,64.1234432,-21.7875538333333,2.0,0.0,0.0,true,3360,0
1773233707000,64.1234432,-21.7875538333333,4.0,0.0,0.0,true,3361,0
1773233709000,64.1234432,-21.7875538333333,2.0,0.0,0.0,true,3362,0
1773233709000,64.1234432,-21.7875538333333,0.0,0.0,0.0,true,3363,0
1773233712000,64.1234432,-21.7875538333333,3.0,0.0,0.0,true,3364,0
1773233716000,64.1234432,-21.7875538333333,4.0,0.0,0.0,true,3365,0
1773233716000,64.1234432,-21.7875538333333,0.0,0.0,0.0,true,3366,0
1773233718000,64.1234432,-21.7875538333333,2.0,0.0,0.0,true,3367,0
1773233720000,64.1234432,-21.7875538333333,2.0,0.0,0.0,true,3368,0
1773233724000,64.1234432,-21.7875538333333,4.0,0.0,0.0,true,3369,0
1773233724000,64.1234432,-21.7875538333333,0.0,0.0,0.0,true,3370,0
1773233726000,64.1234432,-21.7875538333333,2.0,0.0,0.0,true,3371,0
1773233730000,64.1234432,-21.7875538333333,4.0,0.0,0.0,true,3372,0
1773233732000,64.1234432,-21.7875538333333,2.0,0.0,0.0,true,3373,0
1773233732000,64.1234432,-21.7875538333333,0.0,0.0,0.0,true,3374,0
1773233734000,64.1234432,-21.7875538333333,2.0,0.0,0.0,true,3375,0
1773233738000,64.1234432,-21.7875538333333,4.0,0.0,0.0,true,3376,0
1773233738000,64.1234432,-21.7875538333333,0.0,0.0,0.0,true,3377,0
1773233740000,64.1234432,-21.7875538333333,2.0,0.0,0.0,true,3378,0
1773233744000,64.1234432,-21.7875538333333,4.0,0.0,0.0,true,3379,0
1773233746000,64.1234432,-21.7875538333333,2.0,0.0,0.0,true,3380,0
1773233746000,64.1234432,-21.7875538333333,0.0,0.0,0.0,true,3381,0
1773233749000,64.1234432,-21.7875538333333,3.0,0.0,0.0,true,3382,0
1773233751000,64.1234432,-21.7875538333333,2.0,0.0,0.0,true,3383,0
1773233755000,64.1234432,-21.7875538333333,4.0,0.0,0.0,true,3384,0
1773233755000,64.1234432,-21.7875538333333,0.0,0.0,0.0,true,3385,0
1773233757000,64.1234432,-21.7875538333333,2.0,0.0,0.0,true,3386,0
1773233757000,64.1234432,-21.7875538333333,0.0,0.0,0.0,true,3387,0
1773233759000,64.1234432,-21.7875538333333,2.0,0.0,0.0,true,3388,0
1773233763000,64.1234432,-21.7875538333333,4.0,0.0,0.0,true,3389,0
1773233763000,64.1234432,-21.7875538333333,0.0,0.0,0.0,true,3390,0
1773233765000,64.1234432,-21.7875538333333,2.0,0.0,0.0,true,3391,0
1773233769000,64.1234432,-21.7875538333333,4.0,0.0,0.0,true,3392,0
1773233771000,64.1234432,-21.7875538333333,2.0,0.0,0.0,true,3393,0
1773233771000,64.1234432,-21.7875538333333,0.0,0.0,0.0,true,3394,0
1773233773000,64.1234432,-21.7875538333333,2.0,0.0,0.0,true,3395,0
1773233775000,64.1234432,-21.7875538333333,2.0,0.0,0.0,true,3396,0
1773233775000,64.1234432,-21.7875538333333,0.0,0.0,0.0,true,3397,0
1773233782000,64.1234432,-21.7875538333333,7.0,0.0,0.0,true,3398,0
1773233782000,64.1234432,-21.7875538333333,0.0,0.0,0.0,true,3399,0
1773233786000,64.1234432,-21.7875538333333,4.0,0.0,0.0,true,3400,0
1773233788000,64.1234432,-21.7875538333333,2.0,0.0,0.0,true,3401,0
1773233788000,64.1234432,-21.7875538333333,0.0,0.0,0.0,true,3402,0
1773233788000,64.1234432,-21.7875538333333,0.0,0.0,0.0,true,3403,0
1773233790000,64.1234432,-21.7875538333333,2.0,0.0,0.0,true,3404,0
1773233796000,64.1234432,-21.7875538333333,6.0,0.0,0.0,true,3405,0
1773233796000,64.1234432,-21.7875538333333,0.0,0.0,0.0,true,3406,0
1773233798000,64.1234432,-21.7875538333333,2.0,0.0,0.0,true,3407,0
1773233798000,64.1234432,-21.7875538333333,0.0,0.0,0.0,true,3408,0
1773233802000,64.1234432,-21.7875538333333,4.0,0.0,0.0,true,3409,0
1773233802000,64.1234432,-21.7875538333333,0.0,0.0,0.0,true,3410,0
1773233807000,64.1234432,-21.7875538333333,5.0,0.0,0.0,true,3411,0
1773233809000,64.1234432,-21.7875538333333,2.0,0.0,0.0,true,3412,0
1773233809000,64.1234432,-21.7875538333333,0.0,0.0,0.0,true,3413,0
1773233813000,64.1234432,-21.7875538333333,4.0,0.0,0.0,true,3414,0
1773233813000,64.1234432,-21.7875538333333,0.0,0.0,0.0,true,3415,0
1773233816000,64.1234432,-21.7875538333333,3.0,0.0,0.0,true,3416,0
1773233821000,64.1234432,-21.7875538333333,5.0,0.0,0.0,true,3417,0
1773233823000,64.1234432,-21.7875538333333,2.0,0.0,0.0,true,3418,0
1773233823000,64.1234432,-21.7875538333333,0.0,0.0,0.0,true,3419,0
1773233825000,64.1234432,-21.7875538333333,2.0,0.0,0.0,true,3420,0
1773233825000,64.1234432,-21.7875538333333,0.0,0.0,0.0,true,3421,0
1773233827000,64.1234432,-21.7875538333333,2.0,0.0,0.0,true,3422,0
1773233827000,64.1234432,-21.7875538333333,0.0,0.0,0.0,true,3423,0
1773233830000,64.1234432,-21.7875538333333,3.0,0.0,0.0,true,3424,0
1773233836000,64.1234432,-21.7875538333333,6.0,0.0,0.0,true,3425,0
1773233836000,64.1234432,-21.7875538333333,0.0,0.0,0.0,true,3426,0
1773233838000,64.1234432,-21.7875538333333,2.0,0.0,0.0,true,3427,0
1773233841000,64.1234432,-21.7875538333333,3.0,0.0,0.0,true,3428,0
1773233841000,64.1234432,-21.7875538333333,0.0,0.0,0.0,true,3429,0
1773233841000,64.1234432,-21.7875538333333,0.0,0.0,0.0,true,3430,0
1773233848000,64.1234432,-21.7875538333333,7.0,0.0,0.0,true,3431,0
1773233848000,64.1234432,-21.7875538333333,0.0,0.0,0.0,true,3432,0
1773233851000,64.1234432,-21.7875538333333,3.0,0.0,0.0,true,3433,0
1773233853000,64.1234432,-21.7875538333333,2.0,0.0,0.0,true,3434,0
1773233853000,64.1234432,-21.7875538333333,0.0,0.0,0.0,true,3435,0
1773233857000,64.1234432,-21.7875538333333,4.0,0.0,0.0,true,3436,0
1773233857000,64.1234432,-21.7875538333333,0.0,0.0,0.0,true,3437,0
1773233862000,64.1234432,-21.7875538333333,5.0,0.0,0.0,true,3438,0
1773233862000,64.1234432,-21.7875538333333,0.0,0.0,0.0,true,3439,0
1773233864000,64.1234432,-21.7875538333333,2.0,0.0,0.0,true,3440,0
1773233864000,64.1234432,-21.7875538333333,0.0,0.0,0.0,true,3441,0
1773233870000,64.1234432,-21.7875538333333,6.0,0.0,0.0,true,3442,0
1773233870000,64.1234432,-21.7875538333333,0.0,0.0,0.0,true,3443,0
1773233872000,64.1234432,-21.7875538333333,2.0,0.0,0.0,true,3444,0
1773233876000,64.1234432,-21.7875538333333,4.0,0.0,0.0,true,3445,0
1773233878000,64.1234432,-21.7875538333333,2.0,0.0,0.0,true,3446,0
1773233878000,64.1234432,-21.7875538333333,0.0,0.0,0.0,true,3447,0
1773233878000,64.1234432,-21.7875538333333,0.0,0.0,0.0,true,3448,0
1773233881000,64.1234432,-21.7875538333333,3.0,0.0,0.0,true,3449,0
1773233887000,64.1234432,-21.7875538333333,6.0,0.0,0.0,true,3450,0
1773233887000,64.1234432,-21.7875538333333,0.0,0.0,0.0,true,3451,0
1773233887000,64.1234432,-21.7875538333333,0.0,0.0,0.0,true,3452,0
1773233893000,64.1234432,-21.7875538333333,6.0,0.0,0.0,true,3453,0
1773233893000,64.1234432,-21.7875538333333,0.0,0.0,0.0,true,3454,0
1773233893000,64.1234432,-21.7875538333333,0.0,0.0,0.0,true,3455,0
1773233899000,64.1234432,-21.7875538333333,6.0,0.0,0.0,true,3456,0
1773233901000,64.1234432,-21.7875538333333,2.0,0.0,0.0,true,3457,0
1773233901000,64.1234432,-21.7875538333333,0.0,0.0,0.0,true,3458,0
1773233903000,64.1234432,-21.7875538333333,2.0,0.0,0.0,true,3459,0
1773233903000,64.1234432,-21.7875538333333,0.0,0.0,0.0,true,3460,0
1773233906000,64.1234432,-21.7875538333333,3.0,0.0,0.0,true,3461,0
1773233906000,64.1234432,-21.7875538333333,0.0,0.0,0.0,true,3462,0
1773233906000,64.1234432,-21.7875538333333,0.0,0.0,0.0,true,3463,0
1773233911000,64.1234432,-21.7875538333333,5.0,0.0,0.0,true,3464,0
1773233911000,64.1234432,-21.7875538333333,0.0,0.0,0.0,true,3465,0
1773233915000,64.1234432,-21.7875538333333,4.0,0.0,0.0,true,3466,0
1773233921000,64.1234432,-21.7875538333333,6.0,0.0,0.0,true,3467,0
1773233923000,64.1234432,-21.7875538333333,2.0,0.0,0.0,true,3468,0
1773233923000,64.1234432,-21.7875538333333,0.0,0.0,0.0,true,3469,0
1773233925000,64.1234432,-21.7875538333333,2.0,0.0,0.0,true,3470,0
1773233929000,64.1234432,-21.7875538333333,4.0,0.0,0.0,true,3471,0
1773233929000,64.1234432,-21.7875538333333,0.0,0.0,0.0,true,3472,0
1773233931000,64.1234432,-21.7875538333333,2.0,0.0,0.0,true,3473,0
1773233931000,64.1234432,-21.7875538333333,0.0,0.0,0.0,true,3474,0
1773233933000,64.1234432,-21.7875538333333,2.0,0.0,0.0,true,3475,0
1773233933000,64.1234432,-21.7875538333333,0.0,0.0,0.0,true,3476,0
1773233936000,64.1234432,-21.7875538333333,3.0,0.0,0.0,true,3477,0
1773233942000,64.1234432,-21.7875538333333,6.0,0.0,0.0,true,3478,0
1773233942000,64.1234432,-21.7875538333333,0.0,0.0,0.0,true,3479,0
1773233946000,64.1234432,-21.7875538333333,4.0,0.0,0.0,true,3480,0
1773233948000,64.1234432,-21.7875538333333,2.0,0.0,0.0,true,3481,0
1773233948000,64.1234432,-21.7875538333333,0.0,0.0,0.0,true,3482,0
1773233951000,64.1234432,-21.7875538333333,3.0,0.0,0.0,true,3483,0
1773233957000,64.1234432,-21.7875538333333,6.0,0.0,0.0,true,3484,0
1773233959000,64.1234432,-21.7875538333333,2.0,0.0,0.0,true,3485,0
1773233959000,64.1234432,-21.7875538333333,0.0,0.0,0.0,true,3486,0
1773233959000,64.1234432,-21.7875538333333,0.0,0.0,0.0,true,3487,0
1773233965000,64.1234432,-21.7875538333333,6.0,0.0,0.0,true,3488,0
1773233965000,64.1234432,-21.7875538333333,0.0,0.0,0.0,true,3489,0
1773233967000,64.1234432,-21.7875538333333,2.0,0.0,0.0,true,3490,0
1773233971000,64.1234432,-21.7875538333333,4.0,0.0,0.0,true,3491,0
1773233973000,64.1234432,-21.7875538333333,2.0,0.0,0.0,true,3492,0
1773233973000,64.1234432,-21.7875538333333,0.0,0.0,0.0,true,3493,0
1773233973000,64.1234432,-21.7875538333333,0.0,0.0,0.0,true,3494,0
1773233975000,64.1234432,-21.7875538333333,2.0,0.0,0.0,true,3495,0
1773233977000,64.1234432,-21.7875538333333,2.0,0.0,0.0,true,3496,0
1773233982000,64.1234432,-21.7875538333333,5.0,0.0,0.0,true,3497,0
1773233984000,64.1234432,-21.7875538333333,2.0,0.0,0.0,true,3498,0
1773233984000,64.1234432,-21.7875538333333,0.0,0.0,0.0,true,3499,0
1773233986000,64.1234432,-21.7875538333333,2.0,0.0,0.0,true,3500,0
1773233988000,64.1234432,-21.7875538333333,2.0,0.0,0.0,true,3501,0
1773233992000,64.1234432,-21.7875538333333,4.0,0.0,0.0,true,3502,0
1773233994000,64.1234432,-21.7875538333333,2.0,0.0,0.0,true,3503,0
1773233994000,64.1234432,-21.7875538333333,0.0,0.0,0.0,true,3504,0
1773233998000,64.1234432,-21.7875538333333,4.0,0.0,0.0,true,3505,0
1773234001000,64.1234432,-21.7875538333333,3.0,0.0,0.0,true,3506,0
1773234003000,64.1234432,-21.7875538333333,2.0,0.0,0.0,true,3507,0
1773234003000,64.1234432,-21.7875538333333,0.0,0.0,0.0,true,3508,0
1773234007000,64.1234432,-21.7875538333333,4.0,0.0,0.0,true,3509,0
1773234009000,64.1234432,-21.7875538333333,2.0,0.0,0.0,true,3510,0
1773234009000,64.1234432,-21.7875538333333,0.0,0.0,0.0,true,3511,0
1773234011000,64.1234432,-21.7875538333333,2.0,0.0,0.0,true,3512,0
1773234015000,64.1234432,-21.7875538333333,4.0,0.0,0.0,true,3513,0
1773234015000,64.1234432,-21.7875538333333,0.0,0.0,0.0,true,3514,0
1773234019000,64.1234432,-21.7875538333333,4.0,0.0,0.0,true,3515,0
1773234019000,64.1234432,-21.7875538333333,0.0,0.0,0.0,true,3516,0
1773234021000,64.1234432,-21.7875538333333,2.0,0.0,0.0,true,3517,0
1773234023000,64.1234432,-21.7875538333333,2.0,0.0,0.0,true,3518,0
1773234027000,64.1234432,-21.7875538333333,4.0,0.0,0.0,true,3519,0
1773234027000,64.1234432,-21.7875538333333,0.0,0.0,0.0,true,3520,0
1773234027000,64.1234432,-21.7875538333333,0.0,0.0,0.0,true,3521,0
1773234032000,64.1234432,-21.7875538333333,5.0,0.0,0.0,true,3522,0
1773234032000,64.1234432,-21.7875538333333,0.0,0.0,0.0,true,3523,0
1773234034000,64.1234432,-21.7875538333333,2.0,0.0,0.0,true,3524,0
1773234040000,64.1234432,-21.7875538333333,6.0,0.0,0.0,true,3525,0
1773234040000,64.1234432,-21.7875538333333,0.0,0.0,0.0,true,3526,0
1773234044000,64.1234432,-21.7875538333333,4.0,0.0,0.0,true,3527,0
1773234044000,64.1234432,-21.7875538333333,0.0,0.0,0.0,true,3528,0
1773234046000,64.1234432,-21.7875538333333,2.0,0.0,0.0,true,3529,0
1773234048000,64.1234432,-21.7875538333333,2.0,0.0,0.0,true,3530,0
1773234051000,64.1234432,-21.7875538333333,3.0,0.0,0.0,true,3531,0
1773234051000,64.1234432,-21.7875538333333,0.0,0.0,0.0,true,3532,0
1773234053000,64.1234432,-21.7875538333333,2.0,0.0,0.0,true,3533,0
1773234058000,64.1234432,-21.7875538333333,5.0,0.0,0.0,true,3534,0
1773234060000,64.1234432,-21.7875538333333,2.0,0.0,0.0,true,3535,0
1773234060000,64.1234432,-21.7875538333333,0.0,0.0,0.0,true,3536,0
1773234062000,64.1234432,-21.7875538333333,2.0,0.0,0.0,true,3537,0
1773234065000,64.1234432,-21.7875538333333,3.0,0.0,0.0,true,3538,0
1773234065000,64.1234432,-21.7875538333333,0.0,0.0,0.0,true,3539,0
1773234069000,64.1234432,-21.7875538333333,4.0,0.0,0.0,true,3540,0
1773234069000,64.1234432,-21.7875538333333,0.0,0.0,0.0,true,3541,0
1773234077000,64.1234432,-21.7875538333333,8.0,0.0,0.0,true,3542,0
1773234077000,64.1234432,-21.7875538333333,0.0,0.0,0.0,true,3543,0
1773234079000,64.1234432,-21.7875538333333,2.0,0.0,0.0,true,3544,0
1773234083000,64.1234432,-21.7875538333333,4.0,0.0,0.0,true,3545,0
1773234083000,64.1234432,-21.7875538333333,0.0,0.0,0.0,true,3546,0
1773234085000,64.1234432,-21.7875538333333,2.0,0.0,0.0,true,3547,0
1773234087000,64.1234432,-21.7875538333333,2.0,0.0,0.0,true,3548,0
1773234087000,64.1234432,-21.7875538333333,0.0,0.0,0.0,true,3549,0
1773234089000,64.1234432,-21.7875538333333,2.0,0.0,0.0,true,3550,0
1773234093000,64.1234432,-21.7875538333333,4.0,0.0,0.0,true,3551,0
1773234093000,64.1234432,-21.7875538333333,0.0,0.0,0.0,true,3552,0
1773234098000,64.1234432,-21.7875538333333,5.0,0.0,0.0,true,3553,0
1773234098000,64.1234432,-21.7875538333333,0.0,0.0,0.0,true,3554,0
1773234100000,64.1234432,-21.7875538333333,2.0,0.0,0.0,true,3555,0
1773234103000,64.1234432,-21.7875538333333,3.0,0.0,0.0,true,3556,0
1773234103000,64.1234432,-21.7875538333333,0.0,0.0,0.0,true,3557,0
1773234107000,64.1234432,-21.7875538333333,4.0,0.0,0.0,true,3558,0
1773234109000,64.1234432,-21.7875538333333,2.0,0.0,0.0,true,3559,0
1773234109000,64.1234432,-21.7875538333333,0.0,0.0,0.0,true,3560,0
1773234113000,64.1234432,-21.7875538333333,4.0,0.0,0.0,true,3561,0
1773234115000,64.1234432,-21.7875538333333,2.0,0.0,0.0,true,3562,0
1773234115000,64.1234432,-21.7875538333333,0.0,0.0,0.0,true,3563,0
1773234118000,64.1234432,-21.7875538333333,3.0,0.0,0.0,true,3564,0
1773234124000,64.1234432,-21.7875538333333,6.0,0.0,0.0,true,3565,0
1773234124000,64.1234432,-21.7875538333333,0.0,0.0,0.0,true,3566,0
1773234126000,64.1234432,-21.7875538333333,2.0,0.0,0.0,true,3567,0
1773234126000,64.1234432,-21.7875538333333,0.0,0.0,0.0,true,3568,0
1773234128000,64.1234432,-21.7875538333333,2.0,0.0,0.0,true,3569,0
1773234130000,64.1234432,-21.7875538333333,2.0,0.0,0.0,true,3570,0
1773234130000,64.1234432,-21.7875538333333,0.0,0.0,0.0,true,3571,0
1773234133000,64.1234432,-21.7875538333333,3.0,0.0,0.0,true,3572,0
1773234138000,64.1234432,-21.7875538333333,5.0,0.0,0.0,true,3573,0
1773234138000,64.1234432,-21.7875538333333,0.0,0.0,0.0,true,3574,0
1773234140000,64.1234432,-21.7875538333333,2.0,0.0,0.0,true,3575,0
1773234143000,64.1234432,-21.7875538333333,3.0,0.0,0.0,true,3576,0
1773234145000,64.1234432,-21.7875538333333,2.0,0.0,0.0,true,3577,0
1773234148000,64.1234432,-21.7875538333333,3.0,0.0,0.0,true,3578,0
1773234150000,64.1234432,-21.7875538333333,2.0,0.0,0.0,true,3579,0
1773234150000,64.1234432,-21.7875538333333,0.0,0.0,0.0,true,3580,0
1773234150000,64.1234432,-21.7875538333333,0.0,0.0,0.0,true,3581,0
1773234154000,64.1234432,-21.7875538333333,4.0,0.0,0.0,true,3582,0
1773234156000,64.1234432,-21.7875538333333,2.0,0.0,0.0,true,3583,0
1773234158000,64.1234432,-21.7875538333333,2.0,0.0,0.0,true,3584,0
1773234162000,64.1234432,-21.7875538333333,4.0,0.0,0.0,true,3585,0
1773234164000,64.1234432,-21.7875538333333,2.0,0.0,0.0,true,3586,0
1773234164000,64.1234432,-21.7875538333333,0.0,0.0,0.0,true,3587,0
1773234164000,64.1234432,-21.7875538333333,0.0,0.0,0.0,true,3588,0
1773234168000,64.1234432,-21.7875538333333,4.0,0.0,0.0,true,3589,0
1773234173000,64.1234432,-21.7875538333333,5.0,0.0,0.0,true,3590,0
1773234173000,64.1234432,-21.7875538333333,0.0,0.0,0.0,true,3591,0
1773234175000,64.1234432,-21.7875538333333,2.0,0.0,0.0,true,3592,0
1773234178000,64.1234432,-21.7875538333333,3.0,0.0,0.0,true,3593,0
1773234178000,64.1234432,-21.7875538333333,0.0,0.0,0.0,true,3594,0
1773234182000,64.1234432,-21.7875538333333,4.0,0.0,0.0,true,3595,0
1773234182000,64.1234432,-21.7875538333333,0.0,0.0,0.0,true,3596,0
1773234184000,64.1234432,-21.7875538333333,2.0,0.0,0.0,true,3597,0
1773234187000,64.1234432,-21.7875538333333,3.0,0.0,0.0,true,3598,0
1773234189000,64.1234432,-21.7875538333333,2.0,0.0,0.0,true,3599,0
1773234189000,64.1234432,-21.7875538333333,0.0,0.0,0.0,true,3600,0
1773234192000,64.1234432,-21.7875538333333,3.0,0.0,0.0,true,3601,0
1773234192000,64.1234432,-21.7875538333333,0.0,0.0,0.0,true,3602,0
1773234196000,64.1234432,-21.7875538333333,4.0,0.0,0.0,true,3603,0
1773234200000,64.1234432,-21.7875538333333,4.0,0.0,0.0,true,3604,0
1773234200000,64.1234432,-21.7875538333333,0.0,0.0,0.0,true,3605,0
1773234204000,64.1234432,-21.7875538333333,4.0,0.0,0.0,true,3606,0
1773234204000,64.1234432,-21.7875538333333,0.0,0.0,0.0,true,3607,0
1773234206000,64.1234432,-21.7875538333333,2.0,0.0,0.0,true,3608,0
1773234210000,64.1234432,-21.7875538333333,4.0,0.0,0.0,true,3609,0
1773234210000,64.1234432,-21.7875538333333,0.0,0.0,0.0,true,3610,0
1773234210000,64.1234432,-21.7875538333333,0.0,0.0,0.0,true,3611,0
1773234215000,64.1234432,-21.7875538333333,5.0,0.0,0.0,true,3612,0
1773234217000,64.1234432,-21.7875538333333,2.0,0.0,0.0,true,3613,0
1773234221000,64.1234432,-21.7875538333333,4.0,0.0,0.0,true,3614,0
1773234223000,64.1234432,-21.7875538333333,2.0,0.0,0.0,true,3615,0
1773234223000,64.1234432,-21.7875538333333,0.0,0.0,0.0,true,3616,0
1773234225000,64.1234432,-21.7875538333333,2.0,0.0,0.0,true,3617,0
1773234229000,64.1234432,-21.7875538333333,4.0,0.0,0.0,true,3618,0
1773234229000,64.1234432,-21.7875538333333,0.0,0.0,0.0,true,3619,0
1773234231000,64.1234432,-21.7875538333333,2.0,0.0,0.0,true,3620,0
1773234231000,64.1234432,-21.7875538333333,0.0,0.0,0.0,true,3621,0
1773234234000,64.1234432,-21.7875538333333,3.0,0.0,0.0,true,3622,0
1773234236000,64.1234432,-21.7875538333333,2.0,0.0,0.0,true,3623,0
1773234236000,64.1234432,-21.7875538333333,0.0,0.0,0.0,true,3624,0
1773234240000,64.1234432,-21.7875538333333,4.0,0.0,0.0,true,3625,0
1773234243000,64.1234432,-21.7875538333333,3.0,0.0,0.0,true,3626,0
1773234243000,64.1234432,-21.7875538333333,0.0,0.0,0.0,true,3627,0
1773234245000,64.1234432,-21.7875538333333,2.0,0.0,0.0,true,3628,0
1773234250000,64.1234432,-21.7875538333333,5.0,0.0,0.0,true,3629,0
1773234250000,64.1234432,-21.7875538333333,0.0,0.0,0.0,true,3630,0
1773234254000,64.1234432,-21.7875538333333,4.0,0.0,0.0,true,3631,0
1773234254000,64.1234432,-21.7875538333333,0.0,0.0,0.0,true,3632,0
1773234256000,64.1234432,-21.7875538333333,2.0,0.0,0.0,true,3633,0
1773234259000,64.1234432,-21.7875538333333,3.0,0.0,0.0,true,3634,0
1773234259000,64.1234432,-21.7875538333333,0.0,0.0,0.0,true,3635,0
1773234263000,64.1234432,-21.7875538333333,4.0,0.0,0.0,true,3636,0
1773234265000,64.1234432,-21.7875538333333,2.0,0.0,0.0,true,3637,0
1773234267000,64.1234432,-21.7875538333333,2.0,0.0,0.0,true,3638,0
1773234267000,64.1234432,-21.7875538333333,0.0,0.0,0.0,true,3639,0
1773234269000,64.1234432,-21.7875538333333,2.0,0.0,0.0,true,3640,0
1773234273000,64.1234432,-21.7875538333333,4.0,0.0,0.0,true,3641,0
1773234276000,64.1234432,-21.7875538333333,3.0,0.0,0.0,true,3642,0
1773234276000,64.1234432,-21.7875538333333,0.0,0.0,0.0,true,3643,0
1773234278000,64.1234432,-21.7875538333333,2.0,0.0,0.0,true,3644,0
1773234281000,64.1234432,-21.7875538333333,3.0,0.0,0.0,true,3645,0
1773234281000,64.1234432,-21.7875538333333,0.0,0.0,0.0,true,3646,0
1773234283000,64.1234432,-21.7875538333333,2.0,0.0,0.0,true,3647,0
1773234286000,64.1234432,-21.7875538333333,3.0,0.0,0.0,true,3648,0
1773234286000,64.1234432,-21.7875538333333,0.0,0.0,0.0,true,3649,0
1773234292000,64.1234432,-21.7875538333333,6.0,0.0,0.0,true,3650,0
1773234294000,64.1234432,-21.7875538333333,2.0,0.0,0.0,true,3651,0
1773234294000,64.1234432,-21.7875538333333,0.0,0.0,0.0,true,3652,0
1773234297000,64.1234432,-21.7875538333333,3.0,0.0,0.0,true,3653,0
1773234301000,64.1234432,-21.7875538333333,4.0,0.0,0.0,true,3654,0
1773234301000,64.1234432,-21.7875538333333,0.0,0.0,0.0,true,3655,0
1773234301000,64.1234432,-21.7875538333333,0.0,0.0,0.0,true,3656,0
1773234307000,64.1234432,-21.7875538333333,6.0,0.0,0.0,true,3657,0
1773234307000,64.1234432,-21.7875538333333,0.0,0.0,0.0,true,3658,0
1773234309000,64.1234432,-21.7875538333333,2.0,0.0,0.0,true,3659,0
1773234309000,64.1234432,-21.7875538333333,0.0,0.0,0.0,true,3660,0
1773234312000,64.1234432,-21.7875538333333,3.0,0.0,0.0,true,3661,0
1773234314000,64.1234432,-21.7875538333333,2.0,0.0,0.0,true,3662,0
1773234314000,64.1234432,-21.7875538333333,0.0,0.0,0.0,true,3663,0
1773234317000,64.1234432,-21.7875538333333,3.0,0.0,0.0,true,3664,0
1773234319000,64.1234432,-21.7875538333333,2.0,0.0,0.0,true,3665,0
1773234319000,64.1234432,-21.7875538333333,0.0,0.0,0.0,true,3666,0
1773234322000,64.1234432,-21.7875538333333,3.0,0.0,0.0,true,3667,0
1773234327000,64.1234432,-21.7875538333333,5.0,0.0,0.0,true,3668,0
1773234327000,64.1234432,-21.7875538333333,0.0,0.0,0.0,true,3669,0
1773234327000,64.1234432,-21.7875538333333,0.0,0.0,0.0,true,3670,0
1773234333000,64.1234432,-21.7875538333333,6.0,0.0,0.0,true,3671,0
1773234333000,64.1234432,-21.7875538333333,0.0,0.0,0.0,true,3672,0
1773234336000,64.1234432,-21.7875538333333,3.0,0.0,0.0,true,3673,0
1773234336000,64.1234432,-21.7875538333333,0.0,0.0,0.0,true,3674,0
1773234339000,64.1234432,-21.7875538333333,3.0,0.0,0.0,true,3675,0
1773234342000,64.1234432,-21.7875538333333,3.0,0.0,0.0,true,3676,0
1773234342000,64.1234432,-21.7875538333333,0.0,0.0,0.0,true,3677,0
1773234347000,64.1234432,-21.7875538333333,5.0,0.0,0.0,true,3678,0
1773234350000,64.1234432,-21.7875538333333,3.0,0.0,0.0,true,3679,0
1773234350000,64.1234432,-21.7875538333333,0.0,0.0,0.0,true,3680,0
1773234354000,64.1234432,-21.7875538333333,4.0,0.0,0.0,true,3681,0
1773234356000,64.1234432,-21.7875538333333,2.0,0.0,0.0,true,3682,0
1773234356000,64.1234432,-21.7875538333333,0.0,0.0,0.0,true,3683,0
1773234360000,64.1234432,-21.7875538333333,4.0,0.0,0.0,true,3684,0
1773234362000,64.1234432,-21.7875538333333,2.0,0.0,0.0,true,3685,0
1773234362000,64.1234432,-21.7875538333333,0.0,0.0,0.0,true,3686,0
1773234362000,64.1234432,-21.7875538333333,0.0,0.0,0.0,true,3687,0
1773234362000,64.1234432,-21.7875538333333,0.0,0.0,0.0,true,3688,0
1773234366000,64.1234432,-21.7875538333333,4.0,0.0,0.0,true,3689,0
1773234373000,64.1234432,-21.7875538333333,7.0,0.0,0.0,true,3690,0
1773234373000,64.1234432,-21.7875538333333,0.0,0.0,0.0,true,3691,0
1773234375000,64.1234432,-21.7875538333333,2.0,0.0,0.0,true,3692,0
1773234378000,64.1234432,-21.7875538333333,3.0,0.0,0.0,true,3693,0
1773234378000,64.1234432,-21.7875538333333,0.0,0.0,0.0,true,3694,0
1773234380000,64.1234432,-21.7875538333333,2.0,0.0,0.0,true,3695,0
1773234384000,64.1234432,-21.7875538333333,4.0,0.0,0.0,true,3696,0
1773234384000,64.1234432,-21.7875538333333,0.0,0.0,0.0,true,3697,0
1773234386000,64.1234432,-21.7875538333333,2.0,0.0,0.0,true,3698,0
1773234390000,64.1234432,-21.7875538333333,4.0,0.0,0.0,true,3699,0
1773234390000,64.1234432,-21.7875538333333,0.0,0.0,0.0,true,3700,0
1773234393000,64.1234432,-21.7875538333333,3.0,0.0,0.0,true,3701,0
1773234397000,64.1234432,-21.7875538333333,4.0,0.0,0.0,true,3702,0
1773234397000,64.1234432,-21.7875538333333,0.0,0.0,0.0,true,3703,0
1773234400000,64.1234432,-21.7875538333333,3.0,0.0,0.0,true,3704,0
1773234400000,64.1234432,-21.7875538333333,0.0,0.0,0.0,true,3705,0
1773234403000,64.1234432,-21.7875538333333,3.0,0.0,0.0,true,3706,0
1773234406000,64.1234432,-21.7875538333333,3.0,0.0,0.0,true,3707,0
1773234406000,64.1234432,-21.7875538333333,0.0,0.0,0.0,true,3708,0
1773234408000,64.1234432,-21.7875538333333,2.0,0.0,0.0,true,3709,0
1773234411000,64.1234432,-21.7875538333333,3.0,0.0,0.0,true,3710,0
1773234411000,64.1234432,-21.7875538333333,0.0,0.0,0.0,true,3711,0
1773234413000,64.1234432,-21.7875538333333,2.0,0.0,0.0,true,3712,0
1773234417000,64.1234432,-21.7875538333333,4.0,0.0,0.0,true,3713,0
1773234417000,64.1234432,-21.7875538333333,0.0,0.0,0.0,true,3714,0
1773234422000,64.1234432,-21.7875538333333,5.0,0.0,0.0,true,3715,0
1773234422000,64.1234432,-21.7875538333333,0.0,0.0,0.0,true,3716,0
1773234424000,64.1234432,-21.7875538333333,2.0,0.0,0.0,true,3717,0
1773234428000,64.1234432,-21.7875538333333,4.0,0.0,0.0,true,3718,0
1773234428000,64.1234432,-21.7875538333333,0.0,0.0,0.0,true,3719,0
1773234428000,64.1234432,-21.7875538333333,0.0,0.0,0.0,true,3720,0
1773234433000,64.1234432,-21.7875538333333,5.0,0.0,0.0,true,3721,0
1773234436000,64.1234432,-21.7875538333333,3.0,0.0,0.0,true,3722,0
1773234436000,64.1234432,-21.7875538333333,0.0,0.0,0.0,true,3723,0
1773234441000,64.1234432,-21.7875538333333,5.0,0.0,0.0,true,3724,0
1773234444000,64.1234432,-21.7875538333333,3.0,0.0,0.0,true,3725,0
1773234446000,64.1234432,-21.7875538333333,2.0,0.0,0.0,true,3726,0
1773234450000,64.1234432,-21.7875538333333,4.0,0.0,0.0,true,3727,0
1773234450000,64.1234432,-21.7875538333333,0.0,0.0,0.0,true,3728,0
1773234452000,64.1234432,-21.7875538333333,2.0,0.0,0.0,true,3729,0
1773234454000,64.1234432,-21.7875538333333,2.0,0.0,0.0,true,3730,0
1773234454000,64.1234432,-21.7875538333333,0.0,0.0,0.0,true,3731,0
1773234454000,64.1234432,-21.7875538333333,0.0,0.0,0.0,true,3732,0
1773234456000,64.1234432,-21.7875538333333,2.0,0.0,0.0,true,3733,0
1773234459000,64.1234432,-21.7875538333333,3.0,0.0,0.0,true,3734,0
1773234463000,64.1234432,-21.7875538333333,4.0,0.0,0.0,true,3735,0
1773234466000,64.1234432,-21.7875538333333,3.0,0.0,0.0,true,3736,0
1773234469000,64.1234432,-21.7875538333333,3.0,0.0,0.0,true,3737,0
1773234469000,64.1234432,-21.7875538333333,0.0,0.0,0.0,true,3738,0
1773234469000,64.1234432,-21.7875538333333,0.0,0.0,0.0,true,3739,0
1773234473000,64.1234432,-21.7875538333333,4.0,0.0,0.0,true,3740,0
1773234473000,64.1234432,-21.7875538333333,0.0,0.0,0.0,true,3741,0
1773234476000,64.1234432,-21.7875538333333,3.0,0.0,0.0,true,3742,0
1773234478000,64.1234432,-21.7875538333333,2.0,0.0,0.0,true,3743,0
1773234478000,64.1234432,-21.7875538333333,0.0,0.0,0.0,true,3744,0
1773234481000,64.1234432,-21.7875538333333,3.0,0.0,0.0,true,3745,0
1773234481000,64.1234432,-21.7875538333333,0.0,0.0,0.0,true,3746,0
1773234486000,64.1234432,-21.7875538333333,5.0,0.0,0.0,true,3747,0
1773234486000,64.1234432,-21.7875538333333,0.0,0.0,0.0,true,3748,0
1773234493000,64.1234432,-21.7875538333333,7.0,0.0,0.0,true,3749,0
1773234493000,64.1234432,-21.7875538333333,0.0,0.0,0.0,true,3750,0
1773234496000,64.1234432,-21.7875538333333,3.0,0.0,0.0,true,3751,0
1773234499000,64.1234432,-21.7875538333333,3.0,0.0,0.0,true,3752,0
1773234499000,64.1234432,-21.7875538333333,0.0,0.0,0.0,true,3753,0
1773234501000,64.1234432,-21.7875538333333,2.0,0.0,0.0,true,3754,0
1773234501000,64.1234432,-21.7875538333333,0.0,0.0,0.0,true,3755,0
1773234504000,64.1234432,-21.7875538333333,3.0,0.0,0.0,true,3756,0
1773234506000,64.1234432,-21.7875538333333,2.0,0.0,0.0,true,3757,0
1773234510000,64.1234432,-21.7875538333333,4.0,0.0,0.0,true,3758,0
1773234510000,64.1234432,-21.7875538333333,0.0,0.0,0.0,true,3759,0
1773234510000,64.1234432,-21.7875538333333,0.0,0.0,0.0,true,3760,0
1773234516000,64.1234432,-21.7875538333333,6.0,0.0,0.0,true,3761,0
1773234518000,64.1234432,-21.7875538333333,2.0,0.0,0.0,true,3762,0
1773234521000,64.1234432,-21.7875538333333,3.0,0.0,0.0,true,3763,0
1773234521000,64.1234432,-21.7875538333333,0.0,0.0,0.0,true,3764,0
1773234526000,64.1234432,-21.7875538333333,5.0,0.0,0.0,true,3765,0
1773234526000,64.1234432,-21.7875538333333,0.0,0.0,0.0,true,3766,0
1773234531000,64.1234432,-21.7875538333333,5.0,0.0,0.0,true,3767,0
1773234533000,64.1234432,-21.7875538333333,2.0,0.0,0.0,true,3768,0
1773234536000,64.1234432,-21.7875538333333,3.0,0.0,0.0,true,3769,0
1773234536000,64.1234432,-21.7875538333333,0.0,0.0,0.0,true,3770,0
1773234538000,64.1234432,-21.7875538333333,2.0,0.0,0.0,true,3771,0
1773234538000,64.1234432,-21.7875538333333,0.0,0.0,0.0,true,3772,0
1773234541000,64.1234432,-21.7875538333333,3.0,0.0,0.0,true,3773,0
1773234545000,64.1234432,-21.7875538333333,4.0,0.0,0.0,true,3774,0
1773234547000,64.1234432,-21.7875538333333,2.0,0.0,0.0,true,3775,0
1773234547000,64.1234432,-21.7875538333333,0.0,0.0,0.0,true,3776,0
1773234553000,64.1234432,-21.7875538333333,6.0,0.0,0.0,true,3777,0
1773234553000,64.1234432,-21.7875538333333,0.0,0.0,0.0,true,3778,0
1773234553000,64.1234432,-21.7875538333333,0.0,0.0,0.0,true,3779,0
1773234558000,64.1234432,-21.7875538333333,5.0,0.0,0.0,true,3780,0
1773234558000,64.1234432,-21.7875538333333,0.0,0.0,0.0,true,3781,0
1773234562000,64.1234432,-21.7875538333333,4.0,0.0,0.0,true,3782,0
1773234564000,64.1234432,-21.7875538333333,2.0,0.0,0.0,true,3783,0
1773234564000,64.1234432,-21.7875538333333,0.0,0.0,0.0,true,3784,0
1773234566000,64.1234432,-21.7875538333333,2.0,0.0,0.0,true,3785,0
1773234570000,64.1234432,-21.7875538333333,4.0,0.0,0.0,true,3786,0
1773234570000,64.1234432,-21.7875538333333,0.0,0.0,0.0,true,3787,0
1773234574000,64.1234432,-21.7875538333333,4.0,0.0,0.0,true,3788,0
1773234574000,64.1234432,-21.7875538333333,0.0,0.0,0.0,true,3789,0
1773234574000,64.1234432,-21.7875538333333,0.0,0.0,0.0,true,3790,0
1773234580000,64.1234432,-21.7875538333333,6.0,0.0,0.0,true,3791,0
1773234580000,64.1234432,-21.7875538333333,0.0,0.0,0.0,true,3792,0
1773234583000,64.1234432,-21.7875538333333,3.0,0.0,0.0,true,3793,0
1773234585000,64.1234432,-21.7875538333333,2.0,0.0,0.0,true,3794,0
1773234585000,64.1234432,-21.7875538333333,0.0,0.0,0.0,true,3795,0
1773234588000,64.1234432,-21.7875538333333,3.0,0.0,0.0,true,3796,0
1773234593000,64.1234432,-21.7875538333333,5.0,0.0,0.0,true,3797,0
1773234593000,64.1234432,-21.7875538333333,0.0,0.0,0.0,true,3798,0
1773234593000,64.1234432,-21.7875538333333,0.0,0.0,0.0,true,3799,0
1773234593000,64.1234432,-21.7875538333333,0.0,0.0,0.0,true,3800,0
1773234600000,64.1234432,-21.7875538333333,7.0,0.0,0.0,true,3801,0
1773234600000,64.1234432,-21.7875538333333,0.0,0.0,0.0,true,3802,0
1773234602000,64.1234432,-21.7875538333333,2.0,0.0,0.0,true,3803,0
1773234605000,64.1234432,-21.7875538333333,3.0,0.0,0.0,true,3804,0
1773234605000,64.1234432,-21.7875538333333,0.0,0.0,0.0,true,3805,0
1773234609000,64.1234432,-21.7875538333333,4.0,0.0,0.0,true,3806,0
1773234611000,64.1234432,-21.7875538333333,2.0,0.0,0.0,true,3807,0
1773234613000,64.1234432,-21.7875538333333,2.0,0.0,0.0,true,3808,0
1773234613000,64.1234432,-21.7875538333333,0.0,0.0,0.0,true,3809,0
1773234617000,64.1234432,-21.7875538333333,4.0,0.0,0.0,true,3810,0
1773234621000,64.1234432,-21.7875538333333,4.0,0.0,0.0,true,3811,0
1773234621000,64.1234432,-21.7875538333333,0.0,0.0,0.0,true,3812,0
1773234623000,64.1234432,-21.7875538333333,2.0,0.0,0.0,true,3813,0
1773234626000,64.1234432,-21.7875538333333,3.0,0.0,0.0,true,3814,0
1773234628000,64.1234432,-21.7875538333333,2.0,0.0,0.0,true,3815,0
1773234628000,64.1234432,-21.7875538333333,0.0,0.0,0.0,true,3816,0
1773234628000,64.1234432,-21.7875538333333,0.0,0.0,0.0,true,3817,0
1773234634000,64.1234432,-21.7875538333333,6.0,0.0,0.0,true,3818,0
1773234634000,64.1234432,-21.7875538333333,0.0,0.0,0.0,true,3819,0
1773234634000,64.1234432,-21.7875538333333,0.0,0.0,0.0,true,3820,0
1773234638000,64.1234432,-21.7875538333333,4.0,0.0,0.0,true,3821,0
1773234642000,64.1234432,-21.7875538333333,4.0,0.0,0.0,true,3822,0
1773234642000,64.1234432,-21.7875538333333,0.0,0.0,0.0,true,3823,0
1773234645000,64.1234432,-21.7875538333333,3.0,0.0,0.0,true,3824,0
1773234648000,64.1234432,-21.7875538333333,3.0,0.0,0.0,true,3825,0
1773234648000,64.1234432,-21.7875538333333,0.0,0.0,0.0,true,3826,0
1773234651000,64.1234432,-21.7875538333333,3.0,0.0,0.0,true,3827,0
1773234655000,64.1234432,-21.7875538333333,4.0,0.0,0.0,true,3828,0
1773234658000,64.1234432,-21.7875538333333,3.0,0.0,0.0,true,3829,0
1773234662000,64.1234432,-21.7875538333333,4.0,0.0,0.0,true,3830,0
1773234664000,64.1234432,-21.7875538333333,2.0,0.0,0.0,true,3831,0
1773234664000,64.1234432,-21.7875538333333,0.0,0.0,0.0,true,3832,0
1773234668000,64.1234432,-21.7875538333333,4.0,0.0,0.0,true,3833,0
1773234670000,64.1234432,-21.7875538333333,2.0,0.0,0.0,true,3834,0
1773234674000,64.1234432,-21.7875538333333,4.0,0.0,0.0,true,3835,0
1773234674000,64.1234432,-21.7875538333333,0.0,0.0,0.0,true,3836,0
1773234674000,64.1234432,-21.7875538333333,0.0,0.0,0.0,true,3837,0
1773234678000,64.1234432,-21.7875538333333,4.0,0.0,0.0,true,3838,0
1773234678000,64.1234432,-21.7875538333333,0.0,0.0,0.0,true,3839,0
1773234678000,64.1234432,-21.7875538333333,0.0,0.0,0.0,true,3840,0
1773234683000,64.1234432,-21.7875538333333,5.0,0.0,0.0,true,3841,0
1773234683000,64.1234432,-21.7875538333333,0.0,0.0,0.0,true,3842,0
1773234687000,64.1234432,-21.7875538333333,4.0,0.0,0.0,true,3843,0
1773234689000,64.1234432,-21.7875538333333,2.0,0.0,0.0,true,3844,0
1773234693000,64.1234432,-21.7875538333333,4.0,0.0,0.0,true,3845,0
1773234695000,64.1234432,-21.7875538333333,2.0,0.0,0.0,true,3846,0
1773234695000,64.1234432,-21.7875538333333,0.0,0.0,0.0,true,3847,0
1773234699000,64.1234432,-21.7875538333333,4.0,0.0,0.0,true,3848,0
1773234702000,64.1234432,-21.7875538333333,3.0,0.0,0.0,true,3849,0
1773234702000,64.1234432,-21.7875538333333,0.0,0.0,0.0,true,3850,0
1773234704000,64.1234432,-21.7875538333333,2.0,0.0,0.0,true,3851,0
1773234706000,64.1234432,-21.7875538333333,2.0,0.0,0.0,true,3852,0
1773234706000,64.1234432,-21.7875538333333,0.0,0.0,0.0,true,3853,0
1773234706000,64.1234432,-21.7875538333333,0.0,0.0,0.0,true,3854,0
1773234706000,64.1234432,-21.7875538333333,0.0,0.0,0.0,true,3855,0
1773234713000,64.1234432,-21.7875538333333,7.0,0.0,0.0,true,3856,0
1773234718000,64.1234432,-21.7875538333333,5.0,0.0,0.0,true,3857,0
1773234718000,64.1234432,-21.7875538333333,0.0,0.0,0.0,true,3858,0
1773234720000,64.1234432,-21.7875538333333,2.0,0.0,0.0,true,3859,0
1773234722000,64.1234432,-21.7875538333333,2.0,0.0,0.0,true,3860,0
1773234722000,64.1234432,-21.7875538333333,0.0,0.0,0.0,true,3861,0
1773234726000,64.1234432,-21.7875538333333,4.0,0.0,0.0,true,3862,0
1773234726000,64.1234432,-21.7875538333333,0.0,0.0,0.0,true,3863,0
1773234728000,64.1234432,-21.7875538333333,2.0,0.0,0.0,true,3864,0
1773234728000,64.1234432,-21.7875538333333,0.0,0.0,0.0,true,3865,0
1773234732000,64.1234432,-21.7875538333333,4.0,0.0,0.0,true,3866,0
1773234738000,64.1234432,-21.7875538333333,6.0,0.0,0.0,true,3867,0
1773234738000,64.1234432,-21.7875538333333,0.0,0.0,0.0,true,3868,0
1773234738000,64.1234432,-21.7875538333333,0.0,0.0,0.0,true,3869,0
1773234738000,64.1234432,-21.7875538333333,0.0,0.0,0.0,true,3870,0
1773234743000,64.1234432,-21.7875538333333,5.0,0.0,0.0,true,3871,0
1773234745000,64.1234432,-21.7875538333333,2.0,0.0,0.0,true,3872,0
1773234749000,64.1234432,-21.7875538333333,4.0,0.0,0.0,true,3873,0
1773234751000,64.1234432,-21.7875538333333,2.0,0.0,0.0,true,3874,0
1773234751000,64.1234432,-21.7875538333333,0.0,0.0,0.0,true,3875,0
1773234753000,64.1234432,-21.7875538333333,2.0,0.0,0.0,true,3876,0
1773234753000,64.1234432,-21.7875538333333,0.0,0.0,0.0,true,3877,0
1773234756000,64.1234432,-21.7875538333333,3.0,0.0,0.0,true,3878,0
1773234760000,64.1234432,-21.7875538333333,4.0,0.0,0.0,true,3879,0
1773234760000,64.1234432,-21.7875538333333,0.0,0.0,0.0,true,3880,0
1773234762000,64.1234432,-21.7875538333333,2.0,0.0,0.0,true,3881,0
1773234764000,64.1234432,-21.7875538333333,2.0,0.0,0.0,true,3882,0
1773234764000,64.1234432,-21.7875538333333,0.0,0.0,0.0,true,3883,0
1773234770000,64.1234432,-21.7875538333333,6.0,0.0,0.0,true,3884,0
1773234770000,64.1234432,-21.7875538333333,0.0,0.0,0.0,true,3885,0
1773234774000,64.1234432,-21.7875538333333,4.0,0.0,0.0,true,3886,0
1773234774000,64.1234432,-21.7875538333333,0.0,0.0,0.0,true,3887,0
1773234774000,64.1234432,-21.7875538333333,0.0,0.0,0.0,true,3888,0
1773234779000,64.1234432,-21.7875538333333,5.0,0.0,0.0,true,3889,0
1773234781000,64.1234432,-21.7875538333333,2.0,0.0,0.0,true,3890,0
1773234785000,64.1234432,-21.7875538333333,4.0,0.0,0.0,true,3891,0
1773234785000,64.1234432,-21.7875538333333,0.0,0.0,0.0,true,3892,0
1773234787000,64.1234432,-21.7875538333333,2.0,0.0,0.0,true,3893,0
1773234789000,64.1234432,-21.7875538333333,2.0,0.0,0.0,true,3894,0
1773234792000,64.1234432,-21.7875538333333,3.0,0.0,0.0,true,3895,0
1773234794000,64.1234432,-21.7875538333333,2.0,0.0,0.0,true,3896,0
1773234794000,64.1234432,-21.7875538333333,0.0,0.0,0.0,true,3897,0
1773234798000,64.1234432,-21.7875538333333,4.0,0.0,0.0,true,3898,0
1773234800000,64.1234432,-21.7875538333333,2.0,0.0,0.0,true,3899,0
1773234800000,64.1234432,-21.7875538333333,0.0,0.0,0.0,true,3900,0
1773234804000,64.1234432,-21.7875538333333,4.0,0.0,0.0,true,3901,0
1773234804000,64.1234432,-21.7875538333333,0.0,0.0,0.0,true,3902,0
1773234806000,64.1234432,-21.7875538333333,2.0,0.0,0.0,true,3903,0
1773234810000,64.1234432,-21.7875538333333,4.0,0.0,0.0,true,3904,0
1773234810000,64.1234432,-21.7875538333333,0.0,0.0,0.0,true,3905,0
1773234812000,64.1234432,-21.7875538333333,2.0,0.0,0.0,true,3906,0
1773234817000,64.1234432,-21.7875538333333,5.0,0.0,0.0,true,3907,0
1773234817000,64.1234432,-21.7875538333333,0.0,0.0,0.0,true,3908,0
1773234819000,64.1234432,-21.7875538333333,2.0,0.0,0.0,true,3909,0
1773234823000,64.1234432,-21.7875538333333,4.0,0.0,0.0,true,3910,0
1773234823000,64.1234432,-21.7875538333333,0.0,0.0,0.0,true,3911,0
1773234825000,64.1234432,-21.7875538333333,2.0,0.0,0.0,true,3912,0
1773234825000,64.1234432,-21.7875538333333,0.0,0.0,0.0,true,3913,0
1773234829000,64.1234432,-21.7875538333333,4.0,0.0,0.0,true,3914,0
1773234831000,64.1234432,-21.7875538333333,2.0,0.0,0.0,true,3915,0
1773234831000,64.1234432,-21.7875538333333,0.0,0.0,0.0,true,3916,0
1773234833000,64.1234432,-21.7875538333333,2.0,0.0,0.0,true,3917,0
1773234835000,64.1234432,-21.7875538333333,2.0,0.0,0.0,true,3918,0
1773234838000,64.1234432,-21.7875538333333,3.0,0.0,0.0,true,3919,0
1773234838000,64.1234432,-21.7875538333333,0.0,0.0,0.0,true,3920,0
1773234843000,64.1234432,-21.7875538333333,5.0,0.0,0.0,true,3921,0
1773234843000,64.1234432,-21.7875538333333,0.0,0.0,0.0,true,3922,0
1773234848000,64.1234432,-21.7875538333333,5.0,0.0,0.0,true,3923,0
1773234850000,64.1234432,-21.7875538333333,2.0,0.0,0.0,true,3924,0
1773234850000,64.1234432,-21.7875538333333,0.0,0.0,0.0,true,3925,0
1773234853000,64.1234432,-21.7875538333333,3.0,0.0,0.0,true,3926,0
1773234853000,64.1234432,-21.7875538333333,0.0,0.0,0.0,true,3927,0
1773234856000,64.1234432,-21.7875538333333,3.0,0.0,0.0,true,3928,0
1773234859000,64.1234432,-21.7875538333333,3.0,0.0,0.0,true,3929,0
1773234861000,64.1234432,-21.7875538333333,2.0,0.0,0.0,true,3930,0
1773234861000,64.1234432,-21.7875538333333,0.0,0.0,0.0,true,3931,0
1773234865000,64.1234432,-21.7875538333333,4.0,0.0,0.0,true,3932,0
1773234865000,64.1234432,-21.7875538333333,0.0,0.0,0.0,true,3933,0
1773234870000,64.1234432,-21.7875538333333,5.0,0.0,0.0,true,3934,0
1773234870000,64.1234432,-21.7875538333333,0.0,0.0,0.0,true,3935,0
1773234874000,64.1234432,-21.7875538333333,4.0,0.0,0.0,true,3936,0
1773234876000,64.1234432,-21.7875538333333,2.0,0.0,0.0,true,3937,0
1773234876000,64.1234432,-21.7875538333333,0.0,0.0,0.0,true,3938,0
1773234876000,64.1234432,-21.7875538333333,0.0,0.0,0.0,true,3939,0
1773234879000,64.1234432,-21.7875538333333,3.0,0.0,0.0,true,3940,0
1773234885000,64.1234432,-21.7875538333333,6.0,0.0,0.0,true,3941,0
1773234885000,64.1234432,-21.7875538333333,0.0,0.0,0.0,true,3942,0
1773234894000,64.1234432,-21.7875538333333,9.0,0.0,0.0,true,3943,0
1773234894000,64.1234432,-21.7875538333333,0.0,0.0,0.0,true,3944,0
1773234896000,64.1234432,-21.7875538333333,2.0,0.0,0.0,true,3945,0
1773234898000,64.1234432,-21.7875538333333,2.0,0.0,0.0,true,3946,0
1773234900000,64.1234432,-21.7875538333333,2.0,0.0,0.0,true,3947,0
1773234905000,64.1234432,-21.7875538333333,5.0,0.0,0.0,true,3948,0
1773234905000,64.1234432,-21.7875538333333,0.0,0.0,0.0,true,3949,0
1773234907000,64.1234432,-21.7875538333333,2.0,0.0,0.0,true,3950,0
1773234911000,64.1234432,-21.7875538333333,4.0,0.0,0.0,true,3951,0
1773234911000,64.1234432,-21.7875538333333,0.0,0.0,0.0,true,3952,0
1773234913000,64.1234432,-21.7875538333333,2.0,0.0,0.0,true,3953,0
1773234913000,64.1234432,-21.7875538333333,0.0,0.0,0.0,true,3954,0
1773234919000,64.1234432,-21.7875538333333,6.0,0.0,0.0,true,3955,0
1773234919000,64.1234432,-21.7875538333333,0.0,0.0,0.0,true,3956,0
1773234921000,64.1234432,-21.7875538333333,2.0,0.0,0.0,true,3957,0
1773234925000,64.1234432,-21.7875538333333,4.0,0.0,0.0,true,3958,0
1773234925000,64.1234432,-21.7875538333333,0.0,0.0,0.0,true,3959,0
1773234925000,64.1234432,-21.7875538333333,0.0,0.0,0.0,true,3960,0
1773234928000,64.1234432,-21.7875538333333,3.0,0.0,0.0,true,3961,0
1773234930000,64.1234432,-21.7875538333333,2.0,0.0,0.0,true,3962,0
1773234935000,64.1234432,-21.7875538333333,5.0,0.0,0.0,true,3963,0
1773234937000,64.1234432,-21.7875538333333,2.0,0.0,0.0,true,3964,0
1773234937000,64.1234432,-21.7875538333333,0.0,0.0,0.0,true,3965,0
1773234939000,64.1234432,-21.7875538333333,2.0,0.0,0.0,true,3966,0
1773234941000,64.1234432,-21.7875538333333,2.0,0.0,0.0,true,3967,0
1773234945000,64.1234432,-21.7875538333333,4.0,0.0,0.0,true,3968,0
1773234945000,64.1234432,-21.7875538333333,0.0,0.0,0.0,true,3969,0
1773234949000,64.1234432,-21.7875538333333,4.0,0.0,0.0,true,3970,0
1773234949000,64.1234432,-21.7875538333333,0.0,0.0,0.0,true,3971,0
1773234951000,64.1234432,-21.7875538333333,2.0,0.0,0.0,true,3972,0
1773234954000,64.1234432,-21.7875538333333,3.0,0.0,0.0,true,3973,0
1773234956000,64.1234432,-21.7875538333333,2.0,0.0,0.0,true,3974,0
1773234956000,64.1234432,-21.7875538333333,0.0,0.0,0.0,true,3975,0
1773234958000,64.1234432,-21.7875538333333,2.0,0.0,0.0,true,3976,0
1773234958000,64.1234432,-21.7875538333333,0.0,0.0,0.0,true,3977,0
1773234964000,64.1234432,-21.7875538333333,6.0,0.0,0.0,true,3978,0
1773234964000,64.1234432,-21.7875538333333,0.0,0.0,0.0,true,3979,0
1773234968000,64.1234432,-21.7875538333333,4.0,0.0,0.0,true,3980,0
1773234970000,64.1234432,-21.7875538333333,2.0,0.0,0.0,true,3981,0
1773234970000,64.1234432,-21.7875538333333,0.0,0.0,0.0,true,3982,0
1773234973000,64.1234432,-21.7875538333333,3.0,0.0,0.0,true,3983,0
1773234975000,64.1234432,-21.7875538333333,2.0,0.0,0.0,true,3984,0
1773234975000,64.1234432,-21.7875538333333,0.0,0.0,0.0,true,3985,0
1773234979000,64.1234432,-21.7875538333333,4.0,0.0,0.0,true,3986,0
1773234981000,64.1234432,-21.7875538333333,2.0,0.0,0.0,true,3987,0
1773234983000,64.1234432,-21.7875538333333,2.0,0.0,0.0,true,3988,0
1773234985000,64.1234432,-21.7875538333333,2.0,0.0,0.0,true,3989,0
1773234990000,64.1234432,-21.7875538333333,5.0,0.0,0.0,true,3990,0
1773234992000,64.1234432,-21.7875538333333,2.0,0.0,0.0,true,3991,0
1773234992000,64.1234432,-21.7875538333333,0.0,0.0,0.0,true,3992,0
1773234994000,64.1234432,-21.7875538333333,2.0,0.0,0.0,true,3993,0
1773234994000,64.1234432,-21.7875538333333,0.0,0.0,0.0,true,3994,0
1773234998000,64.1234432,-21.7875538333333,4.0,0.0,0.0,true,3995,0
1773235004000,64.1234432,-21.7875538333333,6.0,0.0,0.0,true,3996,0
1773235004000,64.1234432,-21.7875538333333,0.0,0.0,0.0,true,3997,0
1773235006000,64.1234432,-21.7875538333333,2.0,0.0,0.0,true,3998,0
1773235008000,64.1234432,-21.7875538333333,2.0,0.0,0.0,true,3999,0
1773235008000,64.1234432,-21.7875538333333,0.0,0.0,0.0,true,4000,0
1773235010000,64.1234432,-21.7875538333333,2.0,0.0,0.0,true,4001,0
1773235015000,64.1234432,-21.7875538333333,5.0,0.0,0.0,true,4002,0
1773235015000,64.1234432,-21.7875538333333,0.0,0.0,0.0,true,4003,0
1773235017000,64.1234432,-21.7875538333333,2.0,0.0,0.0,true,4004,0
1773235022000,64.1234432,-21.7875538333333,5.0,0.0,0.0,true,4005,0
1773235022000,64.1234432,-21.7875538333333,0.0,0.0,0.0,true,4006,0
1773235024000,64.1234432,-21.7875538333333,2.0,0.0,0.0,true,4007,0
1773235024000,64.1234432,-21.7875538333333,0.0,0.0,0.0,true,4008,0
1773235028000,64.1234432,-21.7875538333333,4.0,0.0,0.0,true,4009,0
1773235030000,64.1234432,-21.7875538333333,2.0,0.0,0.0,true,4010,0
1773235030000,64.1234432,-21.7875538333333,0.0,0.0,0.0,true,4011,0
1773235032000,64.1234432,-21.7875538333333,2.0,0.0,0.0,true,4012,0
1773235035000,64.1234432,-21.7875538333333,3.0,0.0,0.0,true,4013,0
1773235035000,64.1234432,-21.7875538333333,0.0,0.0,0.0,true,4014,0
1773235039000,64.1234432,-21.7875538333333,4.0,0.0,0.0,true,4015,0
1773235039000,64.1234432,-21.7875538333333,0.0,0.0,0.0,true,4016,0
1773235045000,64.1234432,-21.7875538333333,6.0,0.0,0.0,true,4017,0
1773235047000,64.1234432,-21.7875538333333,2.0,0.0,0.0,true,4018,0
1773235047000,64.1234432,-21.7875538333333,0.0,0.0,0.0,true,4019,0
1773235049000,64.1234432,-21.7875538333333,2.0,0.0,0.0,true,4020,0
1773235051000,64.1234432,-21.7875538333333,2.0,0.0,0.0,true,4021,0
1773235051000,64.1234432,-21.7875538333333,0.0,0.0,0.0,true,4022,0
1773235056000,64.1234432,-21.7875538333333,5.0,0.0,0.0,true,4023,0
1773235058000,64.1234432,-21.7875538333333,2.0,0.0,0.0,true,4024,0
1773235058000,64.1234432,-21.7875538333333,0.0,0.0,0.0,true,4025,0
1773235060000,64.1234432,-21.7875538333333,2.0,0.0,0.0,true,4026,0
1773235066000,64.1234432,-21.7875538333333,6.0,0.0,0.0,true,4027,0
1773235066000,64.1234432,-21.7875538333333,0.0,0.0,0.0,true,4028,0
1773235070000,64.1234432,-21.7875538333333,4.0,0.0,0.0,true,4029,0
1773235070000,64.1234432,-21.7875538333333,0.0,0.0,0.0,true,4030,0
1773235072000,64.1234432,-21.7875538333333,2.0,0.0,0.0,true,4031,0
1773235075000,64.1234432,-21.7875538333333,3.0,0.0,0.0,true,4032,0
1773235077000,64.1234432,-21.7875538333333,2.0,0.0,0.0,true,4033,0
1773235077000,64.1234432,-21.7875538333333,0.0,0.0,0.0,true,4034,0
1773235079000,64.1234432,-21.7875538333333,2.0,0.0,0.0,true,4035,0
1773235079000,64.1234432,-21.7875538333333,0.0,0.0,0.0,true,4036,0
1773235083000,64.1234432,-21.7875538333333,4.0,0.0,0.0,true,4037,0
1773235086000,64.1234432,-21.7875538333333,3.0,0.0,0.0,true,4038,0
1773235086000,64.1234432,-21.7875538333333,0.0,0.0,0.0,true,4039,0
1773235088000,64.1234432,-21.7875538333333,2.0,0.0,0.0,true,4040,0
1773235090000,64.1234432,-21.7875538333333,2.0,0.0,0.0,true,4041,0
1773235090000,64.1234432,-21.7875538333333,0.0,0.0,0.0,true,4042,0
1773235092000,64.1234432,-21.7875538333333,2.0,0.0,0.0,true,4043,0
1773235099000,64.1234432,-21.7875538333333,7.0,0.0,0.0,true,4044,0
1773235099000,64.1234432,-21.7875538333333,0.0,0.0,0.0,true,4045,0
1773235103000,64.1234432,-21.7875538333333,4.0,0.0,0.0,true,4046,0
1773235103000,64.1234432,-21.7875538333333,0.0,0.0,0.0,true,4047,0
1773235105000,64.1234432,-21.7875538333333,2.0,0.0,0.0,true,4048,0
1773235109000,64.1234432,-21.7875538333333,4.0,0.0,0.0,true,4049,0
1773235109000,64.1234432,-21.7875538333333,0.0,0.0,0.0,true,4050,0
1773235111000,64.1234432,-21.7875538333333,2.0,0.0,0.0,true,4051,0
1773235113000,64.1234432,-21.7875538333333,2.0,0.0,0.0,true,4052,0
1773235117000,64.1234432,-21.7875538333333,4.0,0.0,0.0,true,4053,0
1773235120000,64.1234432,-21.7875538333333,3.0,0.0,0.0,true,4054,0
1773235120000,64.1234432,-21.7875538333333,0.0,0.0,0.0,true,4055,0
1773235124000,64.1234432,-21.7875538333333,4.0,0.0,0.0,true,4056,0
1773235126000,64.1234432,-21.7875538333333,2.0,0.0,0.0,true,4057,0
1773235126000,64.1234432,-21.7875538333333,0.0,0.0,0.0,true,4058,0
1773235128000,64.1234432,-21.7875538333333,2.0,0.0,0.0,true,4059,0
1773235132000,64.1234432,-21.7875538333333,4.0,0.0,0.0,true,4060,0
1773235132000,64.1234432,-21.7875538333333,0.0,0.0,0.0,true,4061,0
1773235137000,64.1234432,-21.7875538333333,5.0,0.0,0.0,true,4062,0
1773235137000,64.1234432,-21.7875538333333,0.0,0.0,0.0,true,4063,0
1773235139000,64.1234432,-21.7875538333333,2.0,0.0,0.0,true,4064,0
1773235142000,64.1234432,-21.7875538333333,3.0,0.0,0.0,true,4065,0
1773235142000,64.1234432,-21.7875538333333,0.0,0.0,0.0,true,4066,0
1773235144000,64.1234432,-21.7875538333333,2.0,0.0,0.0,true,4067,0
1773235148000,64.1234432,-21.7875538333333,4.0,0.0,0.0,true,4068,0
1773235148000,64.1234432,-21.7875538333333,0.0,0.0,0.0,true,4069,0
1773235152000,64.1234432,-21.7875538333333,4.0,0.0,0.0,true,4070,0
1773235152000,64.1234432,-21.7875538333333,0.0,0.0,0.0,true,4071,0
1773235154000,64.1234432,-21.7875538333333,2.0,0.0,0.0,true,4072,0
1773235158000,64.1234432,-21.7875538333333,4.0,0.0,0.0,true,4073,0
1773235161000,64.1234432,-21.7875538333333,3.0,0.0,0.0,true,4074,0
1773235161000,64.1234432,-21.7875538333333,0.0,0.0,0.0,true,4075,0
1773235164000,64.1234432,-21.7875538333333,3.0,0.0,0.0,true,4076,0
1773235164000,64.1234432,-21.7875538333333,0.0,0.0,0.0,true,4077,0
1773235167000,64.1234432,-21.7875538333333,3.0,0.0,0.0,true,4078,0
1773235169000,64.1234432,-21.7875538333333,2.0,0.0,0.0,true,4079,0
1773235169000,64.1234432,-21.7875538333333,0.0,0.0,0.0,true,4080,0
1773235174000,64.1234432,-21.7875538333333,5.0,0.0,0.0,true,4081,0
1773235176000,64.1234432,-21.7875538333333,2.0,0.0,0.0,true,4082,0
1773235176000,64.1234432,-21.7875538333333,0.0,0.0,0.0,true,4083,0
1773235180000,64.1234432,-21.7875538333333,4.0,0.0,0.0,true,4084,0
1773235182000,64.1234432,-21.7875538333333,2.0,0.0,0.0,true,4085,0
1773235182000,64.1234432,-21.7875538333333,0.0,0.0,0.0,true,4086,0
1773235188000,64.1234432,-21.7875538333333,6.0,0.0,0.0,true,4087,0
1773235188000,64.1234432,-21.7875538333333,0.0,0.0,0.0,true,4088,0
1773235188000,64.1234432,-21.7875538333333,0.0,0.0,0.0,true,4089,0
1773235193000,64.1234432,-21.7875538333333,5.0,0.0,0.0,true,4090,0
1773235193000,64.1234432,-21.7875538333333,0.0,0.0,0.0,true,4091,0
1773235195000,64.1234432,-21.7875538333333,2.0,0.0,0.0,true,4092,0
1773235197000,64.1234432,-21.7875538333333,2.0,0.0,0.0,true,4093,0
1773235197000,64.1234432,-21.7875538333333,0.0,0.0,0.0,true,4094,0
1773235201000,64.1234432,-21.7875538333333,4.0,0.0,0.0,true,4095,0
1773235201000,64.1234432,-21.7875538333333,0.0,0.0,0.0,true,4096,0
1773235205000,64.1234432,-21.7875538333333,4.0,0.0,0.0,true,4097,0
1773235209000,64.1234432,-21.7875538333333,4.0,0.0,0.0,true,4098,0
1773235209000,64.1234432,-21.7875538333333,0.0,0.0,0.0,true,4099,0
1773235212000,64.1234432,-21.7875538333333,3.0,0.0,0.0,true,4100,0
1773235214000,64.1234432,-21.7875538333333,2.0,0.0,0.0,true,4101,0
1773235214000,64.1234432,-21.7875538333333,0.0,0.0,0.0,true,4102,0
1773235219000,64.1234432,-21.7875538333333,5.0,0.0,0.0,true,4103,0
1773235221000,64.1234432,-21.7875538333333,2.0,0.0,0.0,true,4104,0
1773235221000,64.1234432,-21.7875538333333,0.0,0.0,0.0,true,4105,0
1773235223000,64.1234432,-21.7875538333333,2.0,0.0,0.0,true,4106,0
1773235227000,64.1234432,-21.7875538333333,4.0,0.0,0.0,true,4107,0
1773235227000,64.1234432,-21.7875538333333,0.0,0.0,0.0,true,4108,0
1773235229000,64.1234432,-21.7875538333333,2.0,0.0,0.0,true,4109,0
1773235229000,64.1234432,-21.7875538333333,0.0,0.0,0.0,true,4110,0
1773235234000,64.1234432,-21.7875538333333,5.0,0.0,0.0,true,4111,0
1773235236000,64.1234432,-21.7875538333333,2.0,0.0,0.0,true,4112,0
1773235236000,64.1234432,-21.7875538333333,0.0,0.0,0.0,true,4113,0
1773235241000,64.1234432,-21.7875538333333,5.0,0.0,0.0,true,4114,0
1773235241000,64.1234432,-21.7875538333333,0.0,0.0,0.0,true,4115,0
1773235243000,64.1234432,-21.7875538333333,2.0,0.0,0.0,true,4116,0
1773235247000,64.1234432,-21.7875538333333,4.0,0.0,0.0,true,4117,0
1773235247000,64.1234432,-21.7875538333333,0.0,0.0,0.0,true,4118,0
1773235249000,64.1234432,-21.7875538333333,2.0,0.0,0.0,true,4119,0
1773235251000,64.1234432,-21.7875538333333,2.0,0.0,0.0,true,4120,0
1773235254000,64.1234432,-21.7875538333333,3.0,0.0,0.0,true,4121,0
1773235256000,64.1234432,-21.7875538333333,2.0,0.0,0.0,true,4122,0
1773235260000,64.1234432,-21.7875538333333,4.0,0.0,0.0,true,4123,0
1773235260000,64.1234432,-21.7875538333333,0.0,0.0,0.0,true,4124,0
1773235262000,64.1234432,-21.7875538333333,2.0,0.0,0.0,true,4125,0
1773235262000,64.1234432,-21.7875538333333,0.0,0.0,0.0,true,4126,0
1773235266000,64.1234432,-21.7875538333333,4.0,0.0,0.0,true,4127,0
1773235268000,64.1234432,-21.7875538333333,2.0,0.0,0.0,true,4128,0
1773235268000,64.1234432,-21.7875538333333,0.0,0.0,0.0,true,4129,0
1773235272000,64.1234432,-21.7875538333333,4.0,0.0,0.0,true,4130,0
1773235272000,64.1234432,-21.7875538333333,0.0,0.0,0.0,true,4131,0
1773235276000,64.1234432,-21.7875538333333,4.0,0.0,0.0,true,4132,0
1773235279000,64.1234432,-21.7875538333333,3.0,0.0,0.0,true,4133,0
1773235279000,64.1234432,-21.7875538333333,0.0,0.0,0.0,true,4134,0
1773235281000,64.1234432,-21.7875538333333,2.0,0.0,0.0,true,4135,0
1773235285000,64.1234432,-21.7875538333333,4.0,0.0,0.0,true,4136,0
1773235287000,64.1234432,-21.7875538333333,2.0,0.0,0.0,true,4137,0
1773235287000,64.1234432,-21.7875538333333,0.0,0.0,0.0,true,4138,0
1773235291000,64.1234432,-21.7875538333333,4.0,0.0,0.0,true,4139,0
1773235291000,64.1234432,-21.7875538333333,0.0,0.0,0.0,true,4140,0
1773235293000,64.1234432,-21.7875538333333,2.0,0.0,0.0,true,4141,0
1773235293000,64.1234432,-21.7875538333333,0.0,0.0,0.0,true,4142,0
1773235298000,64.1234432,-21.7875538333333,5.0,0.0,0.0,true,4143,0
1773235298000,64.1234432,-21.7875538333333,0.0,0.0,0.0,true,4144,0
1773235304000,64.1234432,-21.7875538333333,6.0,0.0,0.0,true,4145,0
1773235304000,64.1234432,-21.7875538333333,0.0,0.0,0.0,true,4146,0
1773235307000,64.1234432,-21.7875538333333,3.0,0.0,0.0,true,4147,0
1773235307000,64.1234432,-21.7875538333333,0.0,0.0,0.0,true,4148,0
1773235309000,64.1234432,-21.7875538333333,2.0,0.0,0.0,true,4149,0
1773235311000,64.1234432,-21.7875538333333,2.0,0.0,0.0,true,4150,0
1773235315000,64.1234432,-21.7875538333333,4.0,0.0,0.0,true,4151,0
1773235315000,64.1234432,-21.7875538333333,0.0,0.0,0.0,true,4152,0
1773235315000,64.1234432,-21.7875538333333,0.0,0.0,0.0,true,4153,0
1773235319000,64.1234432,-21.7875538333333,4.0,0.0,0.0,true,4154,0
1773235323000,64.1234432,-21.7875538333333,4.0,0.0,0.0,true,4155,0
1773235326000,64.1234432,-21.7875538333333,3.0,0.0,0.0,true,4156,0
1773235326000,64.1234432,-21.7875538333333,0.0,0.0,0.0,true,4157,0
1773235326000,64.1234432,-21.7875538333333,0.0,0.0,0.0,true,4158,0
1773235331000,64.1234432,-21.7875538333333,5.0,0.0,0.0,true,4159,0
1773235331000,64.1234432,-21.7875538333333,0.0,0.0,0.0,true,4160,0
1773235333000,64.1234432,-21.7875538333333,2.0,0.0,0.0,true,4161,0
1773235333000,64.1234432,-21.7875538333333,0.0,0.0,0.0,true,4162,0
1773235335000,64.1234432,-21.7875538333333,2.0,0.0,0.0,true,4163,0
1773235341000,64.1234432,-21.7875538333333,6.0,0.0,0.0,true,4164,0
1773235341000,64.1234432,-21.7875538333333,0.0,0.0,0.0,true,4165,0
1773235341000,64.1234432,-21.7875538333333,0.0,0.0,0.0,true,4166,0
1773235348000,64.1234432,-21.7875538333333,7.0,0.0,0.0,true,4167,0
1773235348000,64.1234432,-21.7875538333333,0.0,0.0,0.0,true,4168,0
1773235350000,64.1234432,-21.7875538333333,2.0,0.0,0.0,true,4169,0
1773235352000,64.1234432,-21.7875538333333,2.0,0.0,0.0,true,4170,0
1773235352000,64.1234432,-21.7875538333333,0.0,0.0,0.0,true,4171,0
1773235356000,64.1234432,-21.7875538333333,4.0,0.0,0.0,true,4172,0
1773235356000,64.1234432,-21.7875538333333,0.0,0.0,0.0,true,4173,0
1773235358000,64.1234432,-21.7875538333333,2.0,0.0,0.0,true,4174,0
1773235364000,64.1234432,-21.7875538333333,6.0,0.0,0.0,true,4175,0
1773235364000,64.1234432,-21.7875538333333,0.0,0.0,0.0,true,4176,0
1773235364000,64.1234432,-21.7875538333333,0.0,0.0,0.0,true,4177,0
1773235369000,64.1234432,-21.7875538333333,5.0,0.0,0.0,true,4178,0
1773235369000,64.1234432,-21.7875538333333,0.0,0.0,0.0,true,4179,0
1773235373000,64.1234432,-21.7875538333333,4.0,0.0,0.0,true,4180,0
1773235375000,64.1234432,-21.7875538333333,2.0,0.0,0.0,true,4181,0
1773235375000,64.1234432,-21.7875538333333,0.0,0.0,0.0,true,4182,0
1773235377000,64.1234432,-21.7875538333333,2.0,0.0,0.0,true,4183,0
1773235381000,64.1234432,-21.7875538333333,4.0,0.0,0.0,true,4184,0
1773235381000,64.1234432,-21.7875538333333,0.0,0.0,0.0,true,4185,0
1773235384000,64.1234432,-21.7875538333333,3.0,0.0,0.0,true,4186,0
1773235384000,64.1234432,-21.7875538333333,0.0,0.0,0.0,true,4187,0
1773235386000,64.1234432,-21.7875538333333,2.0,0.0,0.0,true,4188,0
1773235390000,64.1234432,-21.7875538333333,4.0,0.0,0.0,true,4189,0
1773235392000,64.1234432,-21.7875538333333,2.0,0.0,0.0,true,4190,0
1773235392000,64.1234432,-21.7875538333333,0.0,0.0,0.0,true,4191,0
1773235398000,64.1234432,-21.7875538333333,6.0,0.0,0.0,true,4192,0
1773235401000,64.1234432,-21.7875538333333,3.0,0.0,0.0,true,4193,0
1773235401000,64.1234432,-21.7875538333333,0.0,0.0,0.0,true,4194,0
1773235401000,64.1234432,-21.7875538333333,0.0,0.0,0.0,true,4195,0
1773235406000,64.1234432,-21.7875538333333,5.0,0.0,0.0,true,4196,0
1773235406000,64.1234432,-21.7875538333333,0.0,0.0,0.0,true,4197,0
1773235408000,64.1234432,-21.7875538333333,2.0,0.0,0.0,true,4198,0
1773235408000,64.1234432,-21.7875538333333,0.0,0.0,0.0,true,4199,0
1773235410000,64.1234432,-21.7875538333333,2.0,0.0,0.0,true,4200,0
1773235414000,64.1234432,-21.7875538333333,4.0,0.0,0.0,true,4201,0
1773235414000,64.1234432,-21.7875538333333,0.0,0.0,0.0,true,4202,0
1773235419000,64.1234432,-21.7875538333333,5.0,0.0,0.0,true,4203,0
1773235419000,64.1234432,-21.7875538333333,0.0,0.0,0.0,true,4204,0
1773235423000,64.1234432,-21.7875538333333,4.0,0.0,0.0,true,4205,0
1773235423000,64.1234432,-21.7875538333333,0.0,0.0,0.0,true,4206,0
1773235428000,64.1234432,-21.7875538333333,5.0,0.0,0.0,true,4207,0
1773235428000,64.1234432,-21.7875538333333,0.0,0.0,0.0,true,4208,0
1773235430000,64.1234432,-21.7875538333333,2.0,0.0,0.0,true,4209,0
1773235430000,64.1234432,-21.7875538333333,0.0,0.0,0.0,true,4210,0
1773235432000,64.1234432,-21.7875538333333,2.0,0.0,0.0,true,4211,0
1773235432000,64.1234432,-21.7875538333333,0.0,0.0,0.0,true,4212,0
1773235440000,64.1234432,-21.7875538333333,8.0,0.0,0.0,true,4213,0
1773235442000,64.1234432,-21.7875538333333,2.0,0.0,0.0,true,4214,0
1773235442000,64.1234432,-21.7875538333333,0.0,0.0,0.0,true,4215,0
1773235442000,64.1234432,-21.7875538333333,0.0,0.0,0.0,true,4216,0
1773235446000,64.1234432,-21.7875538333333,4.0,0.0,0.0,true,4217,0
1773235448000,64.1234432,-21.7875538333333,2.0,0.0,0.0,true,4218,0
1773235448000,64.1234432,-21.7875538333333,0.0,0.0,0.0,true,4219,0
1773235453000,64.1234432,-21.7875538333333,5.0,0.0,0.0,true,4220,0
1773235455000,64.1234432,-21.7875538333333,2.0,0.0,0.0,true,4221,0
1773235458000,64.1234432,-21.7875538333333,3.0,0.0,0.0,true,4222,0
1773235458000,64.1234432,-21.7875538333333,0.0,0.0,0.0,true,4223,0
1773235464000,64.1234432,-21.7875538333333,6.0,0.0,0.0,true,4224,0
1773235464000,64.1234432,-21.7875538333333,0.0,0.0,0.0,true,4225,0
1773235469000,64.1234432,-21.7875538333333,5.0,0.0,0.0,true,4226,0
1773235471000,64.1234432,-21.7875538333333,2.0,0.0,0.0,true,4227,0
1773235471000,64.1234432,-21.7875538333333,0.0,0.0,0.0,true,4228,0
1773235471000,64.1234432,-21.7875538333333,0.0,0.0,0.0,true,4229,0
1773235477000,64.1234432,-21.7875538333333,6.0,0.0,0.0,true,4230,0
1773235477000,64.1234432,-21.7875538333333,0.0,0.0,0.0,true,4231,0
1773235479000,64.1234432,-21.7875538333333,2.0,0.0,0.0,true,4232,0
1773235483000,64.1234432,-21.7875538333333,4.0,0.0,0.0,true,4233,0
1773235483000,64.1234432,-21.7875538333333,0.0,0.0,0.0,true,4234,0
1773235485000,64.1234432,-21.7875538333333,2.0,0.0,0.0,true,4235,0
1773235488000,64.1234432,-21.7875538333333,3.0,0.0,0.0,true,4236,0
1773235488000,64.1234432,-21.7875538333333,0.0,0.0,0.0,true,4237,0
1773235490000,64.1234432,-21.7875538333333,2.0,0.0,0.0,true,4238,0
1773235494000,64.1234432,-21.7875538333333,4.0,0.0,0.0,true,4239,0
1773235494000,64.1234432,-21.7875538333333,0.0,0.0,0.0,true,4240,0
1773235494000,64.1234432,-21.7875538333333,0.0,0.0,0.0,true,4241,0
1773235499000,64.1234432,-21.7875538333333,5.0,0.0,0.0,true,4242,0
1773235501000,64.1234432,-21.7875538333333,2.0,0.0,0.0,true,4243,0
1773235505000,64.1234432,-21.7875538333333,4.0,0.0,0.0,true,4244,0
1773235508000,64.1234432,-21.7875538333333,3.0,0.0,0.0,true,4245,0
1773235508000,64.1234432,-21.7875538333333,0.0,0.0,0.0,true,4246,0
1773235510000,64.1234432,-21.7875538333333,2.0,0.0,0.0,true,4247,0
1773235510000,64.1234432,-21.7875538333333,0.0,0.0,0.0,true,4248,0
1773235514000,64.1234432,-21.7875538333333,4.0,0.0,0.0,true,4249,0
1773235516000,64.1234432,-21.7875538333333,2.0,0.0,0.0,true,4250,0
1773235516000,64.1234432,-21.7875538333333,0.0,0.0,0.0,true,4251,0
1773235519000,64.1234432,-21.7875538333333,3.0,0.0,0.0,true,4252,0
1773235523000,64.1234432,-21.7875538333333,4.0,0.0,0.0,true,4253,0
1773235523000,64.1234432,-21.7875538333333,0.0,0.0,0.0,true,4254,0
1773235525000,64.1234432,-21.7875538333333,2.0,0.0,0.0,true,4255,0
1773235529000,64.1234432,-21.7875538333333,4.0,0.0,0.0,true,4256,0
1773235529000,64.1234432,-21.7875538333333,0.0,0.0,0.0,true,4257,0
1773235531000,64.1234432,-21.7875538333333,2.0,0.0,0.0,true,4258,0
1773235535000,64.1234432,-21.7875538333333,4.0,0.0,0.0,true,4259,0
1773235535000,64.1234432,-21.7875538333333,0.0,0.0,0.0,true,4260,0
1773235538000,64.1234432,-21.7875538333333,3.0,0.0,0.0,true,4261,0
1773235540000,64.1234432,-21.7875538333333,2.0,0.0,0.0,true,4262,0
1773235540000,64.1234432,-21.7875538333333,0.0,0.0,0.0,true,4263,0
1773235543000,64.1234432,-21.7875538333333,3.0,0.0,0.0,true,4264,0
1773235543000,64.1234432,-21.7875538333333,0.0,0.0,0.0,true,4265,0
1773235545000,64.1234432,-21.7875538333333,2.0,0.0,0.0,true,4266,0
1773235551000,64.1234432,-21.7875538333333,6.0,0.0,0.0,true,4267,0
1773235551000,64.1234432,-21.7875538333333,0.0,0.0,0.0,true,4268,0
1773235555000,64.1234432,-21.7875538333333,4.0,0.0,0.0,true,4269,0
1773235555000,64.1234432,-21.7875538333333,0.0,0.0,0.0,true,4270,0
1773235561000,64.1234432,-21.7875538333333,6.0,0.0,0.0,true,4271,0
1773235561000,64.1234432,-21.7875538333333,0.0,0.0,0.0,true,4272,0
1773235563000,64.1234432,-21.7875538333333,2.0,0.0,0.0,true,4273,0
1773235563000,64.1234432,-21.7875538333333,0.0,0.0,0.0,true,4274,0
1773235565000,64.1234432,-21.7875538333333,2.0,0.0,0.0,true,4275,0
1773235565000,64.1234432,-21.7875538333333,0.0,0.0,0.0,true,4276,0
1773235569000,64.1234432,-21.7875538333333,4.0,0.0,0.0,true,4277,0
1773235573000,64.1234432,-21.7875538333333,4.0,0.0,0.0,true,4278,0
1773235573000,64.1234432,-21.7875538333333,0.0,0.0,0.0,true,4279,0
1773235575000,64.1234432,-21.7875538333333,2.0,0.0,0.0,true,4280,0
1773235577000,64.1234432,-21.7875538333333,2.0,0.0,0.0,true,4281,0
1773235577000,64.1234432,-21.7875538333333,0.0,0.0,0.0,true,4282,0
1773235581000,64.1234432,-21.7875538333333,4.0,0.0,0.0,true,4283,0
1773235584000,64.1234432,-21.7875538333333,3.0,0.0,0.0,true,4284,0
1773235584000,64.1234432,-21.7875538333333,0.0,0.0,0.0,true,4285,0
1773235589000,64.1234432,-21.7875538333333,5.0,0.0,0.0,true,4286,0
1773235591000,64.1234432,-21.7875538333333,2.0,0.0,0.0,true,4287,0
1773235597000,64.1234432,-21.7875538333333,6.0,0.0,0.0,true,4288,0
1773235597000,64.1234432,-21.7875538333333,0.0,0.0,0.0,true,4289,0
1773235601000,64.1234432,-21.7875538333333,4.0,0.0,0.0,true,4290,0
1773235604000,64.1234432,-21.7875538333333,3.0,0.0,0.0,true,4291,0
1773235604000,64.1234432,-21.7875538333333,0.0,0.0,0.0,true,4292,0
1773235606000,64.1234432,-21.7875538333333,2.0,0.0,0.0,true,4293,0
1773235608000,64.1234432,-21.7875538333333,2.0,0.0,0.0,true,4294,0
1773235608000,64.1234432,-21.7875538333333,0.0,0.0,0.0,true,4295,0
1773235611000,64.1234432,-21.7875538333333,3.0,0.0,0.0,true,4296,0
1773235611000,64.1234432,-21.7875538333333,0.0,0.0,0.0,true,4297,0
1773235614000,64.1234432,-21.7875538333333,3.0,0.0,0.0,true,4298,0
1773235619000,64.1234432,-21.7875538333333,5.0,0.0,0.0,true,4299,0
1773235619000,64.1234432,-21.7875538333333,0.0,0.0,0.0,true,4300,0
1773235623000,64.1234432,-21.7875538333333,4.0,0.0,0.0,true,4301,0
1773235625000,64.1234432,-21.7875538333333,2.0,0.0,0.0,true,4302,0
1773235625000,64.1234432,-21.7875538333333,0.0,0.0,0.0,true,4303,0
1773235629000,64.1234432,-21.7875538333333,4.0,0.0,0.0,true,4304,0
1773235631000,64.1234432,-21.7875538333333,2.0,0.0,0.0,true,4305,0
1773235631000,64.1234432,-21.7875538333333,0.0,0.0,0.0,true,4306,0
1773235633000,64.1234432,-21.7875538333333,2.0,0.0,0.0,true,4307,0
1773235633000,64.1234432,-21.7875538333333,0.0,0.0,0.0,true,4308,0
1773235635000,64.1234432,-21.7875538333333,2.0,0.0,0.0,true,4309,0
1773235640000,64.1234432,-21.7875538333333,5.0,0.0,0.0,true,4310,0
1773235642000,64.1234432,-21.7875538333333,2.0,0.0,0.0,true,4311,0
1773235642000,64.1234432,-21.7875538333333,0.0,0.0,0.0,true,4312,0
1773235648000,64.1234432,-21.7875538333333,6.0,0.0,0.0,true,4313,0
1773235648000,64.1234432,-21.7875538333333,0.0,0.0,0.0,true,4314,0
1773235648000,64.1234432,-21.7875538333333,0.0,0.0,0.0,true,4315,0
1773235654000,64.1234432,-21.7875538333333,6.0,0.0,0.0,true,4316,0
1773235654000,64.1234432,-21.7875538333333,0.0,0.0,0.0,true,4317,0
1773235654000,64.1234432,-21.7875538333333,0.0,0.0,0.0,true,4318,0
1773235659000,64.1234432,-21.7875538333333,5.0,0.0,0.0,true,4319,0
1773235659000,64.1234432,-21.7875538333333,0.0,0.0,0.0,true,4320,0
1773235663000,64.1234432,-21.7875538333333,4.0,0.0,0.0,true,4321,0
1773235666000,64.1234432,-21.7875538333333,3.0,0.0,0.0,true,4322,0
1773235666000,64.1234432,-21.7875538333333,0.0,0.0,0.0,true,4323,0
1773235670000,64.1234432,-21.7875538333333,4.0,0.0,0.0,true,4324,0
1773235672000,64.1234432,-21.7875538333333,2.0,0.0,0.0,true,4325,0
1773235672000,64.1234432,-21.7875538333333,0.0,0.0,0.0,true,4326,0
1773235674000,64.1234432,-21.7875538333333,2.0,0.0,0.0,true,4327,0
1773235674000,64.1234432,-21.7875538333333,0.0,0.0,0.0,true,4328,0
1773235677000,64.1234432,-21.7875538333333,3.0,0.0,0.0,true,4329,0
1773235679000,64.1234432,-21.7875538333333,2.0,0.0,0.0,true,4330,0
1773235679000,64.1234432,-21.7875538333333,0.0,0.0,0.0,true,4331,0
1773235683000,64.1234432,-21.7875538333333,4.0,0.0,0.0,true,4332,0
1773235685000,64.1234432,-21.7875538333333,2.0,0.0,0.0,true,4333,0
1773235689000,64.1234432,-21.7875538333333,4.0,0.0,0.0,true,4334,0
1773235691000,64.1234432,-21.7875538333333,2.0,0.0,0.0,true,4335,0
1773235693000,64.1234432,-21.7875538333333,2.0,0.0,0.0,true,4336,0
1773235693000,64.1234432,-21.7875538333333,0.0,0.0,0.0,true,4337,0
1773235697000,64.1234432,-21.7875538333333,4.0,0.0,0.0,true,4338,0
1773235699000,64.1234432,-21.7875538333333,2.0,0.0,0.0,true,4339,0
1773235699000,64.1234432,-21.7875538333333,0.0,0.0,0.0,true,4340,0
1773235701000,64.1234432,-21.7875538333333,2.0,0.0,0.0,true,4341,0
1773235701000,64.1234432,-21.7875538333333,0.0,0.0,0.0,true,4342,0
1773235704000,64.1234432,-21.7875538333333,3.0,0.0,0.0,true,4343,0
1773235708000,64.1234432,-21.7875538333333,4.0,0.0,0.0,true,4344,0
1773235708000,64.1234432,-21.7875538333333,0.0,0.0,0.0,true,4345,0
1773235710000,64.1234432,-21.7875538333333,2.0,0.0,0.0,true,4346,0
1773235714000,64.1234432,-21.7875538333333,4.0,0.0,0.0,true,4347,0
1773235714000,64.1234432,-21.7875538333333,0.0,0.0,0.0,true,4348,0
1773235719000,64.1234432,-21.7875538333333,5.0,0.0,0.0,true,4349,0
1773235721000,64.1234432,-21.7875538333333,2.0,0.0,0.0,true,4350,0
1773235721000,64.1234432,-21.7875538333333,0.0,0.0,0.0,true,4351,0
1773235725000,64.1234432,-21.7875538333333,4.0,0.0,0.0,true,4352,0
1773235725000,64.1234432,-21.7875538333333,0.0,0.0,0.0,true,4353,0
1773235725000,64.1234432,-21.7875538333333,0.0,0.0,0.0,true,4354,0
1773235730000,64.1234432,-21.7875538333333,5.0,0.0,0.0,true,4355,0
1773235730000,64.1234432,-21.7875538333333,0.0,0.0,0.0,true,4356,0
1773235730000,64.1234432,-21.7875538333333,0.0,0.0,0.0,true,4357,0
1773235736000,64.1234432,-21.7875538333333,6.0,0.0,0.0,true,4358,0
1773235736000,64.1234432,-21.7875538333333,0.0,0.0,0.0,true,4359,0
1773235741000,64.1234432,-21.7875538333333,5.0,0.0,0.0,true,4360,0
1773235745000,64.1234432,-21.7875538333333,4.0,0.0,0.0,true,4361,0
1773235745000,64.1234432,-21.7875538333333,0.0,0.0,0.0,true,4362,0
1773235747000,64.1234432,-21.7875538333333,2.0,0.0,0.0,true,4363,0
1773235749000,64.1234432,-21.7875538333333,2.0,0.0,0.0,true,4364,0
1773235749000,64.1234432,-21.7875538333333,0.0,0.0,0.0,true,4365,0
1773235751000,64.1234432,-21.7875538333333,2.0,0.0,0.0,true,4366,0
1773235754000,64.1234432,-21.7875538333333,3.0,0.0,0.0,true,4367,0
1773235754000,64.1234432,-21.7875538333333,0.0,0.0,0.0,true,4368,0
1773235759000,64.1234432,-21.7875538333333,5.0,0.0,0.0,true,4369,0
1773235761000,64.1234432,-21.7875538333333,2.0,0.0,0.0,true,4370,0
1773235761000,64.1234432,-21.7875538333333,0.0,0.0,0.0,true,4371,0
1773235764000,64.1234432,-21.7875538333333,3.0,0.0,0.0,true,4372,0
1773235764000,64.1234432,-21.7875538333333,0.0,0.0,0.0,true,4373,0
1773235768000,64.1234432,-21.7875538333333,4.0,0.0,0.0,true,4374,0
1773235772000,64.1234432,-21.7875538333333,4.0,0.0,0.0,true,4375,0
1773235772000,64.1234432,-21.7875538333333,0.0,0.0,0.0,true,4376,0
1773235774000,64.1234432,-21.7875538333333,2.0,0.0,0.0,true,4377,0
1773235776000,64.1234432,-21.7875538333333,2.0,0.0,0.0,true,4378,0
1773235776000,64.1234432,-21.7875538333333,0.0,0.0,0.0,true,4379,0
1773235779000,64.1234432,-21.7875538333333,3.0,0.0,0.0,true,4380,0
1773235781000,64.1234432,-21.7875538333333,2.0,0.0,0.0,true,4381,0
1773235781000,64.1234432,-21.7875538333333,0.0,0.0,0.0,true,4382,0
1773235787000,64.1234432,-21.7875538333333,6.0,0.0,0.0,true,4383,0
1773235789000,64.1234432,-21.7875538333333,2.0,0.0,0.0,true,4384,0
1773235789000,64.1234432,-21.7875538333333,0.0,0.0,0.0,true,4385,0
1773235791000,64.1234432,-21.7875538333333,2.0,0.0,0.0,true,4386,0
1773235796000,64.1234432,-21.7875538333333,5.0,0.0,0.0,true,4387,0
1773235796000,64.1234432,-21.7875538333333,0.0,0.0,0.0,true,4388,0
1773235800000,64.1234432,-21.7875538333333,4.0,0.0,0.0,true,4389,0
1773235800000,64.1234432,-21.7875538333333,0.0,0.0,0.0,true,4390,0
1773235800000,64.1234432,-21.7875538333333,0.0,0.0,0.0,true,4391,0
1773235806000,64.1234432,-21.7875538333333,6.0,0.0,0.0,true,4392,0
1773235806000,64.1234432,-21.7875538333333,0.0,0.0,0.0,true,4393,0
1773235808000,64.1234432,-21.7875538333333,2.0,0.0,0.0,true,4394,0
1773235810000,64.1234432,-21.7875538333333,2.0,0.0,0.0,true,4395,0
1773235810000,64.1234432,-21.7875538333333,0.0,0.0,0.0,true,4396,0
1773235813000,64.1234432,-21.7875538333333,3.0,0.0,0.0,true,4397,0
1773235815000,64.1234432,-21.7875538333333,2.0,0.0,0.0,true,4398,0
1773235815000,64.1234432,-21.7875538333333,0.0,0.0,0.0,true,4399,0
1773235821000,64.1234432,-21.7875538333333,6.0,0.0,0.0,true,4400,0
1773235821000,64.1234432,-21.7875538333333,0.0,0.0,0.0,true,4401,0
1773235821000,64.1234432,-21.7875538333333,0.0,0.0,0.0,true,4402,0
1773235825000,64.1234432,-21.7875538333333,4.0,0.0,0.0,true,4403,0
1773235825000,64.1234432,-21.7875538333333,0.0,0.0,0.0,true,4404,0
1773235829000,64.1234432,-21.7875538333333,4.0,0.0,0.0,true,4405,0
1773235831000,64.1234432,-21.7875538333333,2.0,0.0,0.0,true,4406,0
1773235835000,64.1234432,-21.7875538333333,4.0,0.0,0.0,true,4407,0
1773235837000,64.1234432,-21.7875538333333,2.0,0.0,0.0,true,4408,0
1773235839000,64.1234432,-21.7875538333333,2.0,0.0,0.0,true,4409,0
1773235839000,64.1234432,-21.7875538333333,0.0,0.0,0.0,true,4410,0
1773235841000,64.1234432,-21.7875538333333,2.0,0.0,0.0,true,4411,0
1773235846000,64.1234432,-21.7875538333333,5.0,0.0,0.0,true,4412,0
1773235846000,64.1234432,-21.7875538333333,0.0,0.0,0.0,true,4413,0
1773235846000,64.1234432,-21.7875538333333,0.0,0.0,0.0,true,4414,0
1773235846000,64.1234432,-21.7875538333333,0.0,0.0,0.0,true,4415,0
1773235852000,64.1234432,-21.7875538333333,6.0,0.0,0.0,true,4416,0
1773235852000,64.1234432,-21.7875538333333,0.0,0.0,0.0,true,4417,0
1773235852000,64.1234432,-21.7875538333333,0.0,0.0,0.0,true,4418,0
1773235859000,64.1234432,-21.7875538333333,7.0,0.0,0.0,true,4419,0
1773235861000,64.1234432,-21.7875538333333,2.0,0.0,0.0,true,4420,0
1773235861000,64.1234432,-21.7875538333333,0.0,0.0,0.0,true,4421,0
1773235865000,64.1234432,-21.7875538333333,4.0,0.0,0.0,true,4422,0
1773235867000,64.1234432,-21.7875538333333,2.0,0.0,0.0,true,4423,0
1773235867000,64.1234432,-21.7875538333333,0.0,0.0,0.0,true,4424,0
1773235869000,64.1234432,-21.7875538333333,2.0,0.0,0.0,true,4425,0
1773235872000,64.1234432,-21.7875538333333,3.0,0.0,0.0,true,4426,0
1773235872000,64.1234432,-21.7875538333333,0.0,0.0,0.0,true,4427,0
1773235874000,64.1234432,-21.7875538333333,2.0,0.0,0.0,true,4428,0
1773235879000,64.1234432,-21.7875538333333,5.0,0.0,0.0,true,4429,0
1773235879000,64.1234432,-21.7875538333333,0.0,0.0,0.0,true,4430,0
1773235881000,64.1234432,-21.7875538333333,2.0,0.0,0.0,true,4431,0
1773235883000,64.1234432,-21.7875538333333,2.0,0.0,0.0,true,4432,0
1773235883000,64.1234432,-21.7875538333333,0.0,0.0,0.0,true,4433,0
1773235890000,64.1234432,-21.7875538333333,7.0,0.0,0.0,true,4434,0
1773235890000,64.1234432,-21.7875538333333,0.0,0.0,0.0,true,4435,0
1773235892000,64.1234432,-21.7875538333333,2.0,0.0,0.0,true,4436,0
1773235897000,64.1234432,-21.7875538333333,5.0,0.0,0.0,true,4437,0
1773235897000,64.1234432,-21.7875538333333,0.0,0.0,0.0,true,4438,0
1773235897000,64.1234432,-21.7875538333333,0.0,0.0,0.0,true,4439,0
1773235901000,64.1234432,-21.7875538333333,4.0,0.0,0.0,true,4440,0
1773235901000,64.1234432,-21.7875538333333,0.0,0.0,0.0,true,4441,0
1773235901000,64.1234432,-21.7875538333333,0.0,0.0,0.0,true,4442,0
1773235901000,64.1234432,-21.7875538333333,0.0,0.0,0.0,true,4443,0
1773235907000,64.1234432,-21.7875538333333,6.0,0.0,0.0,true,4444,0
1773235911000,64.1234432,-21.7875538333333,4.0,0.0,0.0,true,4445,0
1773235911000,64.1234432,-21.7875538333333,0.0,0.0,0.0,true,4446,0
1773235914000,64.1234432,-21.7875538333333,3.0,0.0,0.0,true,4447,0
1773235917000,64.1234432,-21.7875538333333,3.0,0.0,0.0,true,4448,0
1773235917000,64.1234432,-21.7875538333333,0.0,0.0,0.0,true,4449,0
1773235919000,64.1234432,-21.7875538333333,2.0,0.0,0.0,true,4450,0
1773235922000,64.1234432,-21.7875538333333,3.0,0.0,0.0,true,4451,0
1773235922000,64.1234432,-21.7875538333333,0.0,0.0,0.0,true,4452,0
1773235926000,64.1234432,-21.7875538333333,4.0,0.0,0.0,true,4453,0
1773235928000,64.1234432,-21.7875538333333,2.0,0.0,0.0,true,4454,0
1773235928000,64.1234432,-21.7875538333333,0.0,0.0,0.0,true,4455,0
1773235932000,64.1234432,-21.7875538333333,4.0,0.0,0.0,true,4456,0
1773235934000,64.1234432,-21.7875538333333,2.0,0.0,0.0,true,4457,0
1773235934000,64.1234432,-21.7875538333333,0.0,0.0,0.0,true,4458,0
1773235937000,64.1234432,-21.7875538333333,3.0,0.0,0.0,true,4459,0
1773235939000,64.1234432,-21.7875538333333,2.0,0.0,0.0,true,4460,0
1773235943000,64.1234432,-21.7875538333333,4.0,0.0,0.0,true,4461,0
1773235946000,64.1234432,-21.7875538333333,3.0,0.0,0.0,true,4462,0
1773235948000,64.1234432,-21.7875538333333,2.0,0.0,0.0,true,4463,0
1773235948000,64.1234432,-21.7875538333333,0.0,0.0,0.0,true,4464,0
1773235950000,64.1234432,-21.7875538333333,2.0,0.0,0.0,true,4465,0
1773235953000,64.1234432,-21.7875538333333,3.0,0.0,0.0,true,4466,0
1773235955000,64.1234432,-21.7875538333333,2.0,0.0,0.0,true,4467,0
1773235955000,64.1234432,-21.7875538333333,0.0,0.0,0.0,true,4468,0
1773235958000,64.1234432,-21.7875538333333,3.0,0.0,0.0,true,4469,0
1773235958000,64.1234432,-21.7875538333333,0.0,0.0,0.0,true,4470,0
1773235963000,64.1234432,-21.7875538333333,5.0,0.0,0.0,true,4471,0
1773235963000,64.1234432,-21.7875538333333,0.0,0.0,0.0,true,4472,0
1773235965000,64.1234432,-21.7875538333333,2.0,0.0,0.0,true,4473,0
1773235968000,64.1234432,-21.7875538333333,3.0,0.0,0.0,true,4474,0
1773235968000,64.1234432,-21.7875538333333,0.0,0.0,0.0,true,4475,0
1773235970000,64.1234432,-21.7875538333333,2.0,0.0,0.0,true,4476,0
1773235975000,64.1234432,-21.7875538333333,5.0,0.0,0.0,true,4477,0
1773235975000,64.1234432,-21.7875538333333,0.0,0.0,0.0,true,4478,0
1773235978000,64.1234432,-21.7875538333333,3.0,0.0,0.0,true,4479,0
1773235980000,64.1234432,-21.7875538333333,2.0,0.0,0.0,true,4480,0
1773235980000,64.1234432,-21.7875538333333,0.0,0.0,0.0,true,4481,0
1773235985000,64.1234432,-21.7875538333333,5.0,0.0,0.0,true,4482,0
1773235985000,64.1234432,-21.7875538333333,0.0,0.0,0.0,true,4483,0
1773235989000,64.1234432,-21.7875538333333,4.0,0.0,0.0,true,4484,0
1773235989000,64.1234432,-21.7875538333333,0.0,0.0,0.0,true,4485,0
1773235991000,64.1234432,-21.7875538333333,2.0,0.0,0.0,true,4486,0
1773235995000,64.1234432,-21.7875538333333,4.0,0.0,0.0,true,4487,0
1773235997000,64.1234432,-21.7875538333333,2.0,0.0,0.0,true,4488,0
1773235997000,64.1234432,-21.7875538333333,0.0,0.0,0.0,true,4489,0
1773236000000,64.1234432,-21.7875538333333,3.0,0.0,0.0,true,4490,0
1773236003000,64.1234432,-21.7875538333333,3.0,0.0,0.0,true,4491,0
1773236005000,64.1234432,-21.7875538333333,2.0,0.0,0.0,true,4492,0
1773236005000,64.1234432,-21.7875538333333,0.0,0.0,0.0,true,4493,0
1773236005000,64.1234432,-21.7875538333333,0.0,0.0,0.0,true,4494,0
1773236011000,64.1234432,-21.7875538333333,6.0,0.0,0.0,true,4495,0
1773236011000,64.1234432,-21.7875538333333,0.0,0.0,0.0,true,4496,0
1773236015000,64.1234432,-21.7875538333333,4.0,0.0,0.0,true,4497,0
1773236015000,64.1234432,-21.7875538333333,0.0,0.0,0.0,true,4498,0
1773236017000,64.1234432,-21.7875538333333,2.0,0.0,0.0,true,4499,0
1773236020000,64.1234432,-21.7875538333333,3.0,0.0,0.0,true,4500,0
1773236020000,64.1234432,-21.7875538333333,0.0,0.0,0.0,true,4501,0
1773236023000,64.1234432,-21.7875538333333,3.0,0.0,0.0,true,4502,0
1773236027000,64.1234432,-21.7875538333333,4.0,0.0,0.0,true,4503,0
1773236027000,64.1234432,-21.7875538333333,0.0,0.0,0.0,true,4504,0
1773236030000,64.1234432,-21.7875538333333,3.0,0.0,0.0,true,4505,0
1773236030000,64.1234432,-21.7875538333333,0.0,0.0,0.0,true,4506,0
1773236030000,64.1234432,-21.7875538333333,0.0,0.0,0.0,true,4507,0
1773236035000,64.1234432,-21.7875538333333,5.0,0.0,0.0,true,4508,0
1773236038000,64.1234432,-21.7875538333333,3.0,0.0,0.0,true,4509,0
1773236041000,64.1234432,-21.7875538333333,3.0,0.0,0.0,true,4510,0
1773236041000,64.1234432,-21.7875538333333,0.0,0.0,0.0,true,4511,0
1773236046000,64.1234432,-21.7875538333333,5.0,0.0,0.0,true,4512,0
1773236046000,64.1234432,-21.7875538333333,0.0,0.0,0.0,true,4513,0
1773236046000,64.1234432,-21.7875538333333,0.0,0.0,0.0,true,4514,0
1773236049000,64.1234432,-21.7875538333333,3.0,0.0,0.0,true,4515,0
1773236054000,64.1234432,-21.7875538333333,5.0,0.0,0.0,true,4516,0
1773236054000,64.1234432,-21.7875538333333,0.0,0.0,0.0,true,4517,0
1773236054000,64.1234432,-21.7875538333333,0.0,0.0,0.0,true,4518,0
1773236058000,64.1234432,-21.7875538333333,4.0,0.0,0.0,true,4519,0
1773236058000,64.1234432,-21.7875538333333,0.0,0.0,0.0,true,4520,0
1773236063000,64.1234432,-21.7875538333333,5.0,0.0,0.0,true,4521,0
1773236063000,64.1234432,-21.7875538333333,0.0,0.0,0.0,true,4522,0
1773236067000,64.1234432,-21.7875538333333,4.0,0.0,0.0,true,4523,0
1773236067000,64.1234432,-21.7875538333333,0.0,0.0,0.0,true,4524,0
1773236069000,64.1234432,-21.7875538333333,2.0,0.0,0.0,true,4525,0
1773236071000,64.1234432,-21.7875538333333,2.0,0.0,0.0,true,4526,0
1773236076000,64.1234432,-21.7875538333333,5.0,0.0,0.0,true,4527,0
1773236076000,64.1234432,-21.7875538333333,0.0,0.0,0.0,true,4528,0
1773236076000,64.1234432,-21.7875538333333,0.0,0.0,0.0,true,4529,0
1773236080000,64.1234432,-21.7875538333333,4.0,0.0,0.0,true,4530,0
1773236080000,64.1234432,-21.7875538333333,0.0,0.0,0.0,true,4531,0
1773236082000,64.1234432,-21.7875538333333,2.0,0.0,0.0,true,4532,0
1773236086000,64.1234432,-21.7875538333333,4.0,0.0,0.0,true,4533,0
1773236086000,64.1234432,-21.7875538333333,0.0,0.0,0.0,true,4534,0
1773236091000,64.1234432,-21.7875538333333,5.0,0.0,0.0,true,4535,0
1773236091000,64.1234432,-21.7875538333333,0.0,0.0,0.0,true,4536,0
1773236093000,64.1234432,-21.7875538333333,2.0,0.0,0.0,true,4537,0
1773236095000,64.1234432,-21.7875538333333,2.0,0.0,0.0,true,4538,0
1773236097000,64.1234432,-21.7875538333333,2.0,0.0,0.0,true,4539,0
1773236100000,64.1234432,-21.7875538333333,3.0,0.0,0.0,true,4540,0
1773236100000,64.1234432,-21.7875538333333,0.0,0.0,0.0,true,4541,0
1773236105000,64.1234432,-21.7875538333333,5.0,0.0,0.0,true,4542,0
1773236107000,64.1234432,-21.7875538333333,2.0,0.0,0.0,true,4543,0
1773236107000,64.1234432,-21.7875538333333,0.0,0.0,0.0,true,4544,0
1773236112000,64.1234432,-21.7875538333333,5.0,0.0,0.0,true,4545,0
1773236112000,64.1234432,-21.7875538333333,0.0,0.0,0.0,true,4546,0
1773236116000,64.1234432,-21.7875538333333,4.0,0.0,0.0,true,4547,0
1773236116000,64.1234432,-21.7875538333333,0.0,0.0,0.0,true,4548,0
1773236120000,64.1234432,-21.7875538333333,4.0,0.0,0.0,true,4549,0
1773236122000,64.1234432,-21.7875538333333,2.0,0.0,0.0,true,4550,0
1773236122000,64.1234432,-21.7875538333333,0.0,0.0,0.0,true,4551,0
1773236126000,64.1234432,-21.7875538333333,4.0,0.0,0.0,true,4552,0
1773236126000,64.1234432,-21.7875538333333,0.0,0.0,0.0,true,4553,0
1773236126000,64.1234432,-21.7875538333333,0.0,0.0,0.0,true,4554,0
1773236133000,64.1234432,-21.7875538333333,7.0,0.0,0.0,true,4555,0
1773236135000,64.1234432,-21.7875538333333,2.0,0.0,0.0,true,4556,0
1773236135000,64.1234432,-21.7875538333333,0.0,0.0,0.0,true,4557,0
1773236137000,64.1234432,-21.7875538333333,2.0,0.0,0.0,true,4558,0
1773236141000,64.1234432,-21.7875538333333,4.0,0.0,0.0,true,4559,0
1773236141000,64.1234432,-21.7875538333333,0.0,0.0,0.0,true,4560,0
1773236146000,64.1234432,-21.7875538333333,5.0,0.0,0.0,true,4561,0
1773236146000,64.1234432,-21.7875538333333,0.0,0.0,0.0,true,4562,0
1773236149000,64.1234432,-21.7875538333333,3.0,0.0,0.0,true,4563,0
1773236152000,64.1234432,-21.7875538333333,3.0,0.0,0.0,true,4564,0
1773236154000,64.1234432,-21.7875538333333,2.0,0.0,0.0,true,4565,0
1773236154000,64.1234432,-21.7875538333333,0.0,0.0,0.0,true,4566,0
1773236156000,64.1234432,-21.7875538333333,2.0,0.0,0.0,true,4567,0
1773236156000,64.1234432,-21.7875538333333,0.0,0.0,0.0,true,4568,0
1773236161000,64.1234432,-21.7875538333333,5.0,0.0,0.0,true,4569,0
1773236163000,64.1234432,-21.7875538333333,2.0,0.0,0.0,true,4570,0
1773236163000,64.1234432,-21.7875538333333,0.0,0.0,0.0,true,4571,0
1773236165000,64.1234432,-21.7875538333333,2.0,0.0,0.0,true,4572,0
1773236168000,64.1234432,-21.7875538333333,3.0,0.0,0.0,true,4573,0
1773236168000,64.1234432,-21.7875538333333,0.0,0.0,0.0,true,4574,0
1773236172000,64.1234432,-21.7875538333333,4.0,0.0,0.0,true,4575,0
1773236172000,64.1234432,-21.7875538333333,0.0,0.0,0.0,true,4576,0
1773236174000,64.1234432,-21.7875538333333,2.0,0.0,0.0,true,4577,0
1773236179000,64.1234432,-21.7875538333333,5.0,0.0,0.0,true,4578,0
1773236179000,64.1234432,-21.7875538333333,0.0,0.0,0.0,true,4579,0
1773236179000,64.1234432,-21.7875538333333,0.0,0.0,0.0,true,4580,0
1773236187000,64.1234432,-21.7875538333333,8.0,0.0,0.0,true,4581,0
1773236189000,64.1234432,-21.7875538333333,2.0,0.0,0.0,true,4582,0
1773236189000,64.1234432,-21.7875538333333,0.0,0.0,0.0,true,4583,0
1773236193000,64.1234432,-21.7875538333333,4.0,0.0,0.0,true,4584,0
1773236193000,64.1234432,-21.7875538333333,0.0,0.0,0.0,true,4585,0
1773236195000,64.1234432,-21.7875538333333,2.0,0.0,0.0,true,4586,0
1773236198000,64.1234432,-21.7875538333333,3.0,0.0,0.0,true,4587,0
1773236198000,64.1234432,-21.7875538333333,0.0,0.0,0.0,true,4588,0
1773236200000,64.1234432,-21.7875538333333,2.0,0.0,0.0,true,4589,0
1773236202000,64.1234432,-21.7875538333333,2.0,0.0,0.0,true,4590,0
1773236202000,64.1234432,-21.7875538333333,0.0,0.0,0.0,true,4591,0
1773236204000,64.1234432,-21.7875538333333,2.0,0.0,0.0,true,4592,0
1773236209000,64.1234432,-21.7875538333333,5.0,0.0,0.0,true,4593,0
1773236209000,64.1234432,-21.7875538333333,0.0,0.0,0.0,true,4594,0
1773236213000,64.1234432,-21.7875538333333,4.0,0.0,0.0,true,4595,0
1773236213000,64.1234432,-21.7875538333333,0.0,0.0,0.0,true,4596,0
1773236215000,64.1234432,-21.7875538333333,2.0,0.0,0.0,true,4597,0
1773236219000,64.1234432,-21.7875538333333,4.0,0.0,0.0,true,4598,0
1773236219000,64.1234432,-21.7875538333333,0.0,0.0,0.0,true,4599,0
1773236224000,64.1234432,-21.7875538333333,5.0,0.0,0.0,true,4600,0
1773236226000,64.1234432,-21.7875538333333,2.0,0.0,0.0,true,4601,0
1773236226000,64.1234432,-21.7875538333333,0.0,0.0,0.0,true,4602,0
1773236230000,64.1234432,-21.7875538333333,4.0,0.0,0.0,true,4603,0
1773236232000,64.1234432,-21.7875538333333,2.0,0.0,0.0,true,4604,0
1773236236000,64.1234432,-21.7875538333333,4.0,0.0,0.0,true,4605,0
1773236236000,64.1234432,-21.7875538333333,0.0,0.0,0.0,true,4606,0
1773236238000,64.1234432,-21.7875538333333,2.0,0.0,0.0,true,4607,0
1773236238000,64.1234432,-21.7875538333333,0.0,0.0,0.0,true,4608,0
1773236240000,64.1234432,-21.7875538333333,2.0,0.0,0.0,true,4609,0
1773236240000,64.1234432,-21.7875538333333,0.0,0.0,0.0,true,4610,0
1773236243000,64.1234432,-21.7875538333333,3.0,0.0,0.0,true,4611,0
1773236245000,64.1234432,-21.7875538333333,2.0,0.0,0.0,true,4612,0
1773236245000,64.1234432,-21.7875538333333,0.0,0.0,0.0,true,4613,0
1773236249000,64.1234432,-21.7875538333333,4.0,0.0,0.0,true,4614,0
1773236251000,64.1234432,-21.7875538333333,2.0,0.0,0.0,true,4615,0
1773236253000,64.1234432,-21.7875538333333,2.0,0.0,0.0,true,4616,0
1773236257000,64.1234432,-21.7875538333333,4.0,0.0,0.0,true,4617,0
1773236259000,64.1234432,-21.7875538333333,2.0,0.0,0.0,true,4618,0
1773236261000,64.1234432,-21.7875538333333,2.0,0.0,0.0,true,4619,0
1773236261000,64.1234432,-21.7875538333333,0.0,0.0,0.0,true,4620,0
1773236264000,64.1234432,-21.7875538333333,3.0,0.0,0.0,true,4621,0
1773236264000,64.1234432,-21.7875538333333,0.0,0.0,0.0,true,4622,0
1773236268000,64.1234432,-21.7875538333333,4.0,0.0,0.0,true,4623,0
1773236273000,64.1234432,-21.7875538333333,5.0,0.0,0.0,true,4624,0
1773236273000,64.1234432,-21.7875538333333,0.0,0.0,0.0,true,4625,0
1773236273000,64.1234432,-21.7875538333333,0.0,0.0,0.0,true,4626,0
1773236277000,64.1234432,-21.7875538333333,4.0,0.0,0.0,true,4627,0
1773236277000,64.1234432,-21.7875538333333,0.0,0.0,0.0,true,4628,0
1773236282000,64.1234432,-21.7875538333333,5.0,0.0,0.0,true,4629,0
1773236285000,64.1234432,-21.7875538333333,3.0,0.0,0.0,true,4630,0
1773236285000,64.1234432,-21.7875538333333,0.0,0.0,0.0,true,4631,0
1773236287000,64.1234432,-21.7875538333333,2.0,0.0,0.0,true,4632,0
1773236287000,64.1234432,-21.7875538333333,0.0,0.0,0.0,true,4633,0
1773236292000,64.1234432,-21.7875538333333,5.0,0.0,0.0,true,4634,0
1773236292000,64.1234432,-21.7875538333333,0.0,0.0,0.0,true,4635,0
1773236292000,64.1234432,-21.7875538333333,0.0,0.0,0.0,true,4636,0
1773236298000,64.1234432,-21.7875538333333,6.0,0.0,0.0,true,4637,0
1773236300000,64.1234432,-21.7875538333333,2.0,0.0,0.0,true,4638,0
1773236300000,64.1234432,-21.7875538333333,0.0,0.0,0.0,true,4639,0
1773236302000,64.1234432,-21.7875538333333,2.0,0.0,0.0,true,4640,0
1773236306000,64.1234432,-21.7875538333333,4.0,0.0,0.0,true,4641,0
1773236306000,64.1234432,-21.7875538333333,0.0,0.0,0.0,true,4642,0
1773236306000,64.1234432,-21.7875538333333,0.0,0.0,0.0,true,4643,0
1773236310000,64.1234432,-21.7875538333333,4.0,0.0,0.0,true,4644,0
1773236312000,64.1234432,-21.7875538333333,2.0,0.0,0.0,true,4645,0
1773236315000,64.1234432,-21.7875538333333,3.0,0.0,0.0,true,4646,0
1773236315000,64.1234432,-21.7875538333333,0.0,0.0,0.0,true,4647,0
1773236319000,64.1234432,-21.7875538333333,4.0,0.0,0.0,true,4648,0
1773236321000,64.1234432,-21.7875538333333,2.0,0.0,0.0,true,4649,0
1773236321000,64.1234432,-21.7875538333333,0.0,0.0,0.0,true,4650,0
1773236325000,64.1234432,-21.7875538333333,4.0,0.0,0.0,true,4651,0
1773236327000,64.1234432,-21.7875538333333,2.0,0.0,0.0,true,4652,0
1773236327000,64.1234432,-21.7875538333333,0.0,0.0,0.0,true,4653,0
1773236329000,64.1234432,-21.7875538333333,2.0,0.0,0.0,true,4654,0
1773236331000,64.1234432,-21.7875538333333,2.0,0.0,0.0,true,4655,0
1773236336000,64.1234432,-21.7875538333333,5.0,0.0,0.0,true,4656,0
1773236338000,64.1234432,-21.7875538333333,2.0,0.0,0.0,true,4657,0
1773236338000,64.1234432,-21.7875538333333,0.0,0.0,0.0,true,4658,0
1773236340000,64.1234432,-21.7875538333333,2.0,0.0,0.0,true,4659,0
1773236342000,64.1234432,-21.7875538333333,2.0,0.0,0.0,true,4660,0
1773236346000,64.1234432,-21.7875538333333,4.0,0.0,0.0,true,4661,0
1773236348000,64.1234432,-21.7875538333333,2.0,0.0,0.0,true,4662,0
1773236348000,64.1234432,-21.7875538333333,0.0,0.0,0.0,true,4663,0
1773236350000,64.1234432,-21.7875538333333,2.0,0.0,0.0,true,4664,0
1773236352000,64.1234432,-21.7875538333333,2.0,0.0,0.0,true,4665,0
1773236352000,64.1234432,-21.7875538333333,0.0,0.0,0.0,true,4666,0
1773236357000,64.1234432,-21.7875538333333,5.0,0.0,0.0,true,4667,0
1773236357000,64.1234432,-21.7875538333333,0.0,0.0,0.0,true,4668,0
1773236357000,64.1234432,-21.7875538333333,0.0,0.0,0.0,true,4669,0
1773236360000,64.1234432,-21.7875538333333,3.0,0.0,0.0,true,4670,0
1773236364000,64.1234432,-21.7875538333333,4.0,0.0,0.0,true,4671,0
1773236366000,64.1234432,-21.7875538333333,2.0,0.0,0.0,true,4672,0
1773236368000,64.1234432,-21.7875538333333,2.0,0.0,0.0,true,4673,0
1773236372000,64.1234432,-21.7875538333333,4.0,0.0,0.0,true,4674,0
1773236372000,64.1234432,-21.7875538333333,0.0,0.0,0.0,true,4675,0
1773236375000,64.1234432,-21.7875538333333,3.0,0.0,0.0,true,4676,0
1773236375000,64.1234432,-21.7875538333333,0.0,0.0,0.0,true,4677,0
1773236378000,64.1234432,-21.7875538333333,3.0,0.0,0.0,true,4678,0
1773236378000,64.1234432,-21.7875538333333,0.0,0.0,0.0,true,4679,0
1773236382000,64.1234432,-21.7875538333333,4.0,0.0,0.0,true,4680,0
1773236384000,64.1234432,-21.7875538333333,2.0,0.0,0.0,true,4681,0
1773236384000,64.1234432,-21.7875538333333,0.0,0.0,0.0,true,4682,0
1773236390000,64.1234432,-21.7875538333333,6.0,0.0,0.0,true,4683,0
1773236390000,64.1234432,-21.7875538333333,0.0,0.0,0.0,true,4684,0
1773236393000,64.1234432,-21.7875538333333,3.0,0.0,0.0,true,4685,0
1773236396000,64.1234432,-21.7875538333333,3.0,0.0,0.0,true,4686,0
1773236396000,64.1234432,-21.7875538333333,0.0,0.0,0.0,true,4687,0
1773236399000,64.1234432,-21.7875538333333,3.0,0.0,0.0,true,4688,0
1773236399000,64.1234432,-21.7875538333333,0.0,0.0,0.0,true,4689,0
1773236401000,64.1234432,-21.7875538333333,2.0,0.0,0.0,true,4690,0
1773236401000,64.1234432,-21.7875538333333,0.0,0.0,0.0,true,4691,0
1773236408000,64.1234432,-21.7875538333333,7.0,0.0,0.0,true,4692,0
1773236408000,64.1234432,-21.7875538333333,0.0,0.0,0.0,true,4693,0
1773236412000,64.1234432,-21.7875538333333,4.0,0.0,0.0,true,4694,0
1773236412000,64.1234432,-21.7875538333333,0.0,0.0,0.0,true,4695,0
1773236414000,64.1234432,-21.7875538333333,2.0,0.0,0.0,true,4696,0
1773236414000,64.1234432,-21.7875538333333,0.0,0.0,0.0,true,4697,0
1773236416000,64.1234432,-21.7875538333333,2.0,0.0,0.0,true,4698,0
1773236420000,64.1234432,-21.7875538333333,4.0,0.0,0.0,true,4699,0
1773236422000,64.1234432,-21.7875538333333,2.0,0.0,0.0,true,4700,0
1773236429000,64.1234432,-21.7875538333333,7.0,0.0,0.0,true,4701,0
1773236429000,64.1234432,-21.7875538333333,0.0,0.0,0.0,true,4702,0
1773236432000,64.1234432,-21.7875538333333,3.0,0.0,0.0,true,4703,0
1773236432000,64.1234432,-21.7875538333333,0.0,0.0,0.0,true,4704,0
1773236435000,64.1234432,-21.7875538333333,3.0,0.0,0.0,true,4705,0
1773236439000,64.1234432,-21.7875538333333,4.0,0.0,0.0,true,4706,0
1773236442000,64.1234432,-21.7875538333333,3.0,0.0,0.0,true,4707,0
1773236442000,64.1234432,-21.7875538333333,0.0,0.0,0.0,true,4708,0
1773236445000,64.1234432,-21.7875538333333,3.0,0.0,0.0,true,4709,0
1773236447000,64.1234432,-21.7875538333333,2.0,0.0,0.0,true,4710,0
1773236449000,64.1234432,-21.7875538333333,2.0,0.0,0.0,true,4711,0
1773236449000,64.1234432,-21.7875538333333,0.0,0.0,0.0,true,4712,0
1773236451000,64.1234432,-21.7875538333333,2.0,0.0,0.0,true,4713,0
1773236455000,64.1234432,-21.7875538333333,4.0,0.0,0.0,true,4714,0
1773236455000,64.1234432,-21.7875538333333,0.0,0.0,0.0,true,4715,0
1773236457000,64.1234432,-21.7875538333333,2.0,0.0,0.0,true,4716,0
1773236457000,64.1234432,-21.7875538333333,0.0,0.0,0.0,true,4717,0
1773236464000,64.1234432,-21.7875538333333,7.0,0.0,0.0,true,4718,0
1773236464000,64.1234432,-21.7875538333333,0.0,0.0,0.0,true,4719,0
1773236466000,64.1234432,-21.7875538333333,2.0,0.0,0.0,true,4720,0
1773236466000,64.1234432,-21.7875538333333,0.0,0.0,0.0,true,4721,0
1773236472000,64.1234432,-21.7875538333333,6.0,0.0,0.0,true,4722,0
1773236472000,64.1234432,-21.7875538333333,0.0,0.0,0.0,true,4723,0
1773236474000,64.1234432,-21.7875538333333,2.0,0.0,0.0,true,4724,0
1773236476000,64.1234432,-21.7875538333333,2.0,0.0,0.0,true,4725,0
1773236476000,64.1234432,-21.7875538333333,0.0,0.0,0.0,true,4726,0
1773236478000,64.1234432,-21.7875538333333,2.0,0.0,0.0,true,4727,0
1773236483000,64.1234432,-21.7875538333333,5.0,0.0,0.0,true,4728,0
1773236485000,64.1234432,-21.7875538333333,2.0,0.0,0.0,true,4729,0
1773236485000,64.1234432,-21.7875538333333,0.0,0.0,0.0,true,4730,0
1773236487000,64.1234432,-21.7875538333333,2.0,0.0,0.0,true,4731,0
1773236491000,64.1234432,-21.7875538333333,4.0,0.0,0.0,true,4732,0
1773236491000,64.1234432,-21.7875538333333,0.0,0.0,0.0,true,4733,0
1773236491000,64.1234432,-21.7875538333333,0.0,0.0,0.0,true,4734,0
1773236496000,64.1234432,-21.7875538333333,5.0,0.0,0.0,true,4735,0
1773236498000,64.1234432,-21.7875538333333,2.0,0.0,0.0,true,4736,0
1773236498000,64.1234432,-21.7875538333333,0.0,0.0,0.0,true,4737,0
1773236502000,64.1234432,-21.7875538333333,4.0,0.0,0.0,true,4738,0
1773236502000,64.1234432,-21.7875538333333,0.0,0.0,0.0,true,4739,0
1773236506000,64.1234432,-21.7875538333333,4.0,0.0,0.0,true,4740,0
1773236506000,64.1234432,-21.7875538333333,0.0,0.0,0.0,true,4741,0
1773236511000,64.1234432,-21.7875538333333,5.0,0.0,0.0,true,4742,0
1773236514000,64.1234432,-21.7875538333333,3.0,0.0,0.0,true,4743,0
1773236514000,64.1234432,-21.7875538333333,0.0,0.0,0.0,true,4744,0
1773236517000,64.1234432,-21.7875538333333,3.0,0.0,0.0,true,4745,0
1773236521000,64.1234432,-21.7875538333333,4.0,0.0,0.0,true,4746,0
1773236521000,64.1234432,-21.7875538333333,0.0,0.0,0.0,true,4747,0
1773236521000,64.1234432,-21.7875538333333,0.0,0.0,0.0,true,4748,0
1773236521000,64.1234432,-21.7875538333333,0.0,0.0,0.0,true,4749,0
1773236526000,64.1234432,-21.7875538333333,5.0,0.0,0.0,true,4750,0
1773236528000,64.1234432,-21.7875538333333,2.0,0.0,0.0,true,4751,0
1773236528000,64.1234432,-21.7875538333333,0.0,0.0,0.0,true,4752,0
1773236532000,64.1234432,-21.7875538333333,4.0,0.0,0.0,true,4753,0
1773236534000,64.1234432,-21.7875538333333,2.0,0.0,0.0,true,4754,0
1773236537000,64.1234432,-21.7875538333333,3.0,0.0,0.0,true,4755,0
1773236539000,64.1234432,-21.7875538333333,2.0,0.0,0.0,true,4756,0
1773236539000,64.1234432,-21.7875538333333,0.0,0.0,0.0,true,4757,0
1773236539000,64.1234432,-21.7875538333333,0.0,0.0,0.0,true,4758,0
1773236546000,64.1234432,-21.7875538333333,7.0,0.0,0.0,true,4759,0
1773236546000,64.1234432,-21.7875538333333,0.0,0.0,0.0,true,4760,0
1773236548000,64.1234432,-21.7875538333333,2.0,0.0,0.0,true,4761,0
1773236551000,64.1234432,-21.7875538333333,3.0,0.0,0.0,true,4762,0
1773236555000,64.1234432,-21.7875538333333,4.0,0.0,0.0,true,4763,0
1773236555000,64.1234432,-21.7875538333333,0.0,0.0,0.0,true,4764,0
1773236557000,64.1234432,-21.7875538333333,2.0,0.0,0.0,true,4765,0
1773236557000,64.1234432,-21.7875538333333,0.0,0.0,0.0,true,4766,0
1773236559000,64.1234432,-21.7875538333333,2.0,0.0,0.0,true,4767,0
1773236563000,64.1234432,-21.7875538333333,4.0,0.0,0.0,true,4768,0
1773236563000,64.1234432,-21.7875538333333,0.0,0.0,0.0,true,4769,0
1773236567000,64.1234432,-21.7875538333333,4.0,0.0,0.0,true,4770,0
1773236569000,64.1234432,-21.7875538333333,2.0,0.0,0.0,true,4771,0
1773236569000,64.1234432,-21.7875538333333,0.0,0.0,0.0,true,4772,0
1773236574000,64.1234432,-21.7875538333333,5.0,0.0,0.0,true,4773,0
1773236574000,64.1234432,-21.7875538333333,0.0,0.0,0.0,true,4774,0
1773236574000,64.1234432,-21.7875538333333,0.0,0.0,0.0,true,4775,0
1773236578000,64.1234432,-21.7875538333333,4.0,0.0,0.0,true,4776,0
1773236582000,64.1234432,-21.7875538333333,4.0,0.0,0.0,true,4777,0
1773236582000,64.1234432,-21.7875538333333,0.0,0.0,0.0,true,4778,0
1773236584000,64.1234432,-21.7875538333333,2.0,0.0,0.0,true,4779,0
1773236587000,64.1234432,-21.7875538333333,3.0,0.0,0.0,true,4780,0
1773236589000,64.1234432,-21.7875538333333,2.0,0.0,0.0,true,4781,0
1773236593000,64.1234432,-21.7875538333333,4.0,0.0,0.0,true,4782,0
1773236593000,64.1234432,-21.7875538333333,0.0,0.0,0.0,true,4783,0
1773236595000,64.1234432,-21.7875538333333,2.0,0.0,0.0,true,4784,0
1773236597000,64.1234432,-21.7875538333333,2.0,0.0,0.0,true,4785,0
1773236597000,64.1234432,-21.7875538333333,0.0,0.0,0.0,true,4786,0
1773236599000,64.1234432,-21.7875538333333,2.0,0.0,0.0,true,4787,0
1773236599000,64.1234432,-21.7875538333333,0.0,0.0,0.0,true,4788,0
1773236603000,64.1234432,-21.7875538333333,4.0,0.0,0.0,true,4789,0
1773236605000,64.1234432,-21.7875538333333,2.0,0.0,0.0,true,4790,0
1773236610000,64.1234432,-21.7875538333333,5.0,0.0,0.0,true,4791,0
1773236610000,64.1234432,-21.7875538333333,0.0,0.0,0.0,true,4792,0
1773236614000,64.1234432,-21.7875538333333,4.0,0.0,0.0,true,4793,0
1773236614000,64.1234432,-21.7875538333333,0.0,0.0,0.0,true,4794,0
1773236617000,64.1234432,-21.7875538333333,3.0,0.0,0.0,true,4795,0
1773236619000,64.1234432,-21.7875538333333,2.0,0.0,0.0,true,4796,0
1773236622000,64.1234432,-21.7875538333333,3.0,0.0,0.0,true,4797,0
1773236622000,64.1234432,-21.7875538333333,0.0,0.0,0.0,true,4798,0
1773236626000,64.1234432,-21.7875538333333,4.0,0.0,0.0,true,4799,0
1773236626000,64.1234432,-21.7875538333333,0.0,0.0,0.0,true,4800,0
1773236630000,64.1234432,-21.7875538333333,4.0,0.0,0.0,true,4801,0
1773236630000,64.1234432,-21.7875538333333,0.0,0.0,0.0,true,4802,0
1773236630000,64.1234432,-21.7875538333333,0.0,0.0,0.0,true,4803,0
1773236636000,64.1234432,-21.7875538333333,6.0,0.0,0.0,true,4804,0
1773236638000,64.1234432,-21.7875538333333,2.0,0.0,0.0,true,4805,0
1773236638000,64.1234432,-21.7875538333333,0.0,0.0,0.0,true,4806,0
1773236642000,64.1234432,-21.7875538333333,4.0,0.0,0.0,true,4807,0
1773236644000,64.1234432,-21.7875538333333,2.0,0.0,0.0,true,4808,0
1773236644000,64.1234432,-21.7875538333333,0.0,0.0,0.0,true,4809,0
1773236647000,64.1234432,-21.7875538333333,3.0,0.0,0.0,true,4810,0
1773236647000,64.1234432,-21.7875538333333,0.0,0.0,0.0,true,4811,0
1773236651000,64.1234432,-21.7875538333333,4.0,0.0,0.0,true,4812,0
1773236655000,64.1234432,-21.7875538333333,4.0,0.0,0.0,true,4813,0
1773236655000,64.1234432,-21.7875538333333,0.0,0.0,0.0,true,4814,0
1773236657000,64.1234432,-21.7875538333333,2.0,0.0,0.0,true,4815,0
1773236661000,64.1234432,-21.7875538333333,4.0,0.0,0.0,true,4816,0
1773236661000,64.1234432,-21.7875538333333,0.0,0.0,0.0,true,4817,0
1773236663000,64.1234432,-21.7875538333333,2.0,0.0,0.0,true,4818,0
1773236665000,64.1234432,-21.7875538333333,2.0,0.0,0.0,true,4819,0
1773236665000,64.1234432,-21.7875538333333,0.0,0.0,0.0,true,4820,0
1773236667000,64.1234432,-21.7875538333333,2.0,0.0,0.0,true,4821,0
1773236673000,64.1234432,-21.7875538333333,6.0,0.0,0.0,true,4822,0
1773236673000,64.1234432,-21.7875538333333,0.0,0.0,0.0,true,4823,0
1773236677000,64.1234432,-21.7875538333333,4.0,0.0,0.0,true,4824,0
1773236679000,64.1234432,-21.7875538333333,2.0,0.0,0.0,true,4825,0
1773236679000,64.1234432,-21.7875538333333,0.0,0.0,0.0,true,4826,0
1773236681000,64.1234432,-21.7875538333333,2.0,0.0,0.0,true,4827,0
1773236683000,64.1234432,-21.7875538333333,2.0,0.0,0.0,true,4828,0
1773236683000,64.1234432,-21.7875538333333,0.0,0.0,0.0,true,4829,0
1773236687000,64.1234432,-21.7875538333333,4.0,0.0,0.0,true,4830,0
1773236687000,64.1234432,-21.7875538333333,0.0,0.0,0.0,true,4831,0
1773236689000,64.1234432,-21.7875538333333,2.0,0.0,0.0,true,4832,0
1773236693000,64.1234432,-21.7875538333333,4.0,0.0,0.0,true,4833,0
1773236693000,64.1234432,-21.7875538333333,0.0,0.0,0.0,true,4834,0
1773236695000,64.1234432,-21.7875538333333,2.0,0.0,0.0,true,4835,0
1773236701000,64.1234432,-21.7875538333333,6.0,0.0,0.0,true,4836,0
1773236701000,64.1234432,-21.7875538333333,0.0,0.0,0.0,true,4837,0
1773236704000,64.1234432,-21.7875538333333,3.0,0.0,0.0,true,4838,0
1773236706000,64.1234432,-21.7875538333333,2.0,0.0,0.0,true,4839,0
1773236706000,64.1234432,-21.7875538333333,0.0,0.0,0.0,true,4840,0
1773236708000,64.1234432,-21.7875538333333,2.0,0.0,0.0,true,4841,0
1773236710000,64.1234432,-21.7875538333333,2.0,0.0,0.0,true,4842,0
1773236710000,64.1234432,-21.7875538333333,0.0,0.0,0.0,true,4843,0
1773236715000,64.1234432,-21.7875538333333,5.0,0.0,0.0,true,4844,0
1773236717000,64.1234432,-21.7875538333333,2.0,0.0,0.0,true,4845,0
1773236719000,64.1234432,-21.7875538333333,2.0,0.0,0.0,true,4846,0
1773236723000,64.1234432,-21.7875538333333,4.0,0.0,0.0,true,4847,0
1773236723000,64.1234432,-21.7875538333333,0.0,0.0,0.0,true,4848,0
1773236725000,64.1234432,-21.7875538333333,2.0,0.0,0.0,true,4849,0
1773236727000,64.1234432,-21.7875538333333,2.0,0.0,0.0,true,4850,0
1773236727000,64.1234432,-21.7875538333333,0.0,0.0,0.0,true,4851,0
1773236731000,64.1234432,-21.7875538333333,4.0,0.0,0.0,true,4852,0
1773236734000,64.1234432,-21.7875538333333,3.0,0.0,0.0,true,4853,0
1773236734000,64.1234432,-21.7875538333333,0.0,0.0,0.0,true,4854,0
1773236736000,64.1234432,-21.7875538333333,2.0,0.0,0.0,true,4855,0
1773236738000,64.1234432,-21.7875538333333,2.0,0.0,0.0,true,4856,0
1773236738000,64.1234432,-21.7875538333333,0.0,0.0,0.0,true,4857,0
1773236744000,64.1234432,-21.7875538333333,6.0,0.0,0.0,true,4858,0
1773236746000,64.1234432,-21.7875538333333,2.0,0.0,0.0,true,4859,0
1773236746000,64.1234432,-21.7875538333333,0.0,0.0,0.0,true,4860,0
1773236750000,64.1234432,-21.7875538333333,4.0,0.0,0.0,true,4861,0
1773236750000,64.1234432,-21.7875538333333,0.0,0.0,0.0,true,4862,0
1773236750000,64.1234432,-21.7875538333333,0.0,0.0,0.0,true,4863,0
1773236755000,64.1234432,-21.7875538333333,5.0,0.0,0.0,true,4864,0
1773236757000,64.1234432,-21.7875538333333,2.0,0.0,0.0,true,4865,0
1773236759000,64.1234432,-21.7875538333333,2.0,0.0,0.0,true,4866,0
1773236763000,64.1234432,-21.7875538333333,4.0,0.0,0.0,true,4867,0
1773236763000,64.1234432,-21.7875538333333,0.0,0.0,0.0,true,4868,0
1773236765000,64.1234432,-21.7875538333333,2.0,0.0,0.0,true,4869,0
1773236765000,64.1234432,-21.7875538333333,0.0,0.0,0.0,true,4870,0
1773236769000,64.1234432,-21.7875538333333,4.0,0.0,0.0,true,4871,0
1773236771000,64.1234432,-21.7875538333333,2.0,0.0,0.0,true,4872,0
1773236771000,64.1234432,-21.7875538333333,0.0,0.0,0.0,true,4873,0
1773236776000,64.1234432,-21.7875538333333,5.0,0.0,0.0,true,4874,0
1773236778000,64.1234432,-21.7875538333333,2.0,0.0,0.0,true,4875,0
1773236778000,64.1234432,-21.7875538333333,0.0,0.0,0.0,true,4876,0
1773236780000,64.1234432,-21.7875538333333,2.0,0.0,0.0,true,4877,0
1773236780000,64.1234432,-21.7875538333333,0.0,0.0,0.0,true,4878,0
1773236787000,64.1234432,-21.7875538333333,7.0,0.0,0.0,true,4879,0
1773236787000,64.1234432,-21.7875538333333,0.0,0.0,0.0,true,4880,0
1773236789000,64.1234432,-21.7875538333333,2.0,0.0,0.0,true,4881,0
1773236793000,64.1234432,-21.7875538333333,4.0,0.0,0.0,true,4882,0
1773236797000,64.1234432,-21.7875538333333,4.0,0.0,0.0,true,4883,0
1773236799000,64.1234432,-21.7875538333333,2.0,0.0,0.0,true,4884,0
1773236799000,64.1234432,-21.7875538333333,0.0,0.0,0.0,true,4885,0
1773236801000,64.1234432,-21.7875538333333,2.0,0.0,0.0,true,4886,0
1773236803000,64.1234432,-21.7875538333333,2.0,0.0,0.0,true,4887,0
1773236803000,64.1234432,-21.7875538333333,0.0,0.0,0.0,true,4888,0
1773236805000,64.1234432,-21.7875538333333,2.0,0.0,0.0,true,4889,0
1773236810000,64.1234432,-21.7875538333333,5.0,0.0,0.0,true,4890,0
1773236810000,64.1234432,-21.7875538333333,0.0,0.0,0.0,true,4891,0
1773236814000,64.1234432,-21.7875538333333,4.0,0.0,0.0,true,4892,0
1773236814000,64.1234432,-21.7875538333333,0.0,0.0,0.0,true,4893,0
1773236818000,64.1234432,-21.7875538333333,4.0,0.0,0.0,true,4894,0
1773236820000,64.1234432,-21.7875538333333,2.0,0.0,0.0,true,4895,0
1773236820000,64.1234432,-21.7875538333333,0.0,0.0,0.0,true,4896,0
1773236822000,64.1234432,-21.7875538333333,2.0,0.0,0.0,true,4897,0
1773236825000,64.1234432,-21.7875538333333,3.0,0.0,0.0,true,4898,0
1773236825000,64.1234432,-21.7875538333333,0.0,0.0,0.0,true,4899,0
1773236829000,64.1234432,-21.7875538333333,4.0,0.0,0.0,true,4900,0
1773236831000,64.1234432,-21.7875538333333,2.0,0.0,0.0,true,4901,0
1773236831000,64.1234432,-21.7875538333333,0.0,0.0,0.0,true,4902,0
1773236837000,64.1234432,-21.7875538333333,6.0,0.0,0.0,true,4903,0
1773236837000,64.1234432,-21.7875538333333,0.0,0.0,0.0,true,4904,0
1773236837000,64.1234432,-21.7875538333333,0.0,0.0,0.0,true,4905,0
1773236841000,64.1234432,-21.7875538333333,4.0,0.0,0.0,true,4906,0
1773236843000,64.1234432,-21.7875538333333,2.0,0.0,0.0,true,4907,0
1773236843000,64.1234432,-21.7875538333333,0.0,0.0,0.0,true,4908,0
1773236846000,64.1234432,-21.7875538333333,3.0,0.0,0.0,true,4909,0
1773236846000,64.1234432,-21.7875538333333,0.0,0.0,0.0,true,4910,0
1773236852000,64.1234432,-21.7875538333333,6.0,0.0,0.0,true,4911,0
1773236855000,64.1234432,-21.7875538333333,3.0,0.0,0.0,true,4912,0
1773236855000,64.1234432,-21.7875538333333,0.0,0.0,0.0,true,4913,0
1773236857000,64.1234432,-21.7875538333333,2.0,0.0,0.0,true,4914,0
1773236861000,64.1234432,-21.7875538333333,4.0,0.0,0.0,true,4915,0
1773236861000,64.1234432,-21.7875538333333,0.0,0.0,0.0,true,4916,0
1773236863000,64.1234432,-21.7875538333333,2.0,0.0,0.0,true,4917,0
1773236863000,64.1234432,-21.7875538333333,0.0,0.0,0.0,true,4918,0
1773236865000,64.1234432,-21.7875538333333,2.0,0.0,0.0,true,4919,0
1773236871000,64.1234432,-21.7875538333333,6.0,0.0,0.0,true,4920,0
1773236871000,64.1234432,-21.7875538333333,0.0,0.0,0.0,true,4921,0
1773236875000,64.1234432,-21.7875538333333,4.0,0.0,0.0,true,4922,0
1773236877000,64.1234432,-21.7875538333333,2.0,0.0,0.0,true,4923,0
1773236877000,64.1234432,-21.7875538333333,0.0,0.0,0.0,true,4924,0
1773236880000,64.1234432,-21.7875538333333,3.0,0.0,0.0,true,4925,0
1773236880000,64.1234432,-21.7875538333333,0.0,0.0,0.0,true,4926,0
1773236882000,64.1234432,-21.7875538333333,2.0,0.0,0.0,true,4927,0
1773236888000,64.1234432,-21.7875538333333,6.0,0.0,0.0,true,4928,0
1773236888000,64.1234432,-21.7875538333333,0.0,0.0,0.0,true,4929,0
1773236888000,64.1234432,-21.7875538333333,0.0,0.0,0.0,true,4930,0
1773236890000,64.1234432,-21.7875538333333,2.0,0.0,0.0,true,4931,0
1773236896000,64.1234432,-21.7875538333333,6.0,0.0,0.0,true,4932,0
1773236896000,64.1234432,-21.7875538333333,0.0,0.0,0.0,true,4933,0
1773236896000,64.1234432,-21.7875538333333,0.0,0.0,0.0,true,4934,0
1773236899000,64.1234432,-21.7875538333333,3.0,0.0,0.0,true,4935,0
1773236899000,64.1234432,-21.7875538333333,0.0,0.0,0.0,true,4936,0
1773236903000,64.1234432,-21.7875538333333,4.0,0.0,0.0,true,4937,0
1773236903000,64.1234432,-21.7875538333333,0.0,0.0,0.0,true,4938,0
1773236909000,64.1234432,-21.7875538333333,6.0,0.0,0.0,true,4939,0
1773236909000,64.1234432,-21.7875538333333,0.0,0.0,0.0,true,4940,0
1773236909000,64.1234432,-21.7875538333333,0.0,0.0,0.0,true,4941,0
1773236914000,64.1234432,-21.7875538333333,5.0,0.0,0.0,true,4942,0
1773236914000,64.1234432,-21.7875538333333,0.0,0.0,0.0,true,4943,0
1773236920000,64.1234432,-21.7875538333333,6.0,0.0,0.0,true,4944,0
1773236922000,64.1234432,-21.7875538333333,2.0,0.0,0.0,true,4945,0
1773236922000,64.1234432,-21.7875538333333,0.0,0.0,0.0,true,4946,0
1773236924000,64.1234432,-21.7875538333333,2.0,0.0,0.0,true,4947,0
1773236928000,64.1234432,-21.7875538333333,4.0,0.0,0.0,true,4948,0
1773236928000,64.1234432,-21.7875538333333,0.0,0.0,0.0,true,4949,0
1773236930000,64.1234432,-21.7875538333333,2.0,0.0,0.0,true,4950,0
1773236932000,64.1234432,-21.7875538333333,2.0,0.0,0.0,true,4951,0
1773236935000,64.1234432,-21.7875538333333,3.0,0.0,0.0,true,4952,0
1773236938000,64.1234432,-21.7875538333333,3.0,0.0,0.0,true,4953,0
1773236940000,64.1234432,-21.7875538333333,2.0,0.0,0.0,true,4954,0
1773236940000,64.1234432,-21.7875538333333,0.0,0.0,0.0,true,4955,0
1773236944000,64.1234432,-21.7875538333333,4.0,0.0,0.0,true,4956,0
1773236944000,64.1234432,-21.7875538333333,0.0,0.0,0.0,true,4957,0
1773236946000,64.1234432,-21.7875538333333,2.0,0.0,0.0,true,4958,0
1773236948000,64.1234432,-21.7875538333333,2.0,0.0,0.0,true,4959,0
1773236948000,64.1234432,-21.7875538333333,0.0,0.0,0.0,true,4960,0
1773236950000,64.1234432,-21.7875538333333,2.0,0.0,0.0,true,4961,0
1773236955000,64.1234432,-21.7875538333333,5.0,0.0,0.0,true,4962,0
1773236955000,64.1234432,-21.7875538333333,0.0,0.0,0.0,true,4963,0
1773236959000,64.1234432,-21.7875538333333,4.0,0.0,0.0,true,4964,0
1773236959000,64.1234432,-21.7875538333333,0.0,0.0,0.0,true,4965,0
1773236961000,64.1234432,-21.7875538333333,2.0,0.0,0.0,true,4966,0
1773236967000,64.1234432,-21.7875538333333,6.0,0.0,0.0,true,4967,0
1773236967000,64.1234432,-21.7875538333333,0.0,0.0,0.0,true,4968,0
1773236967000,64.1234432,-21.7875538333333,0.0,0.0,0.0,true,4969,0
1773236969000,64.1234432,-21.7875538333333,2.0,0.0,0.0,true,4970,0
1773236971000,64.1234432,-21.7875538333333,2.0,0.0,0.0,true,4971,0
1773236976000,64.1234432,-21.7875538333333,5.0,0.0,0.0,true,4972,0
1773236976000,64.1234432,-21.7875538333333,0.0,0.0,0.0,true,4973,0
1773236976000,64.1234432,-21.7875538333333,0.0,0.0,0.0,true,4974,0
1773236982000,64.1234432,-21.7875538333333,6.0,0.0,0.0,true,4975,0
1773236982000,64.1234432,-21.7875538333333,0.0,0.0,0.0,true,4976,0
1773236982000,64.1234432,-21.7875538333333,0.0,0.0,0.0,true,4977,0
1773236985000,64.1234432,-21.7875538333333,3.0,0.0,0.0,true,4978,0
1773236991000,64.1234432,-21.7875538333333,6.0,0.0,0.0,true,4979,0
1773236991000,64.1234432,-21.7875538333333,0.0,0.0,0.0,true,4980,0
1773236991000,64.1234432,-21.7875538333333,0.0,0.0,0.0,true,4981,0
1773236996000,64.1234432,-21.7875538333333,5.0,0.0,0.0,true,4982,0
1773236998000,64.1234432,-21.7875538333333,2.0,0.0,0.0,true,4983,0
1773237002000,64.1234432,-21.7875538333333,4.0,0.0,0.0,true,4984,0
1773237002000,64.1234432,-21.7875538333333,0.0,0.0,0.0,true,4985,0
1773237002000,64.1234432,-21.7875538333333,0.0,0.0,0.0,true,4986,0
1773237005000,64.1234432,-21.7875538333333,3.0,0.0,0.0,true,4987,0
1773237011000,64.1234432,-21.7875538333333,6.0,0.0,0.0,true,4988,0
1773237011000,64.1234432,-21.7875538333333,0.0,0.0,0.0,true,4989,0
1773237013000,64.1234432,-21.7875538333333,2.0,0.0,0.0,true,4990,0
1773237016000,64.1234432,-21.7875538333333,3.0,0.0,0.0,true,4991,0
1773237016000,64.1234432,-21.7875538333333,0.0,0.0,0.0,true,4992,0
1773237020000,64.1234432,-21.7875538333333,4.0,0.0,0.0,true,4993,0
1773237022000,64.1234432,-21.7875538333333,2.0,0.0,0.0,true,4994,0
1773237022000,64.1234432,-21.7875538333333,0.0,0.0,0.0,true,4995,0
1773237025000,64.1234432,-21.7875538333333,3.0,0.0,0.0,true,4996,0
1773237025000,64.1234432,-21.7875538333333,0.0,0.0,0.0,true,4997,0
1773237027000,64.1234432,-21.7875538333333,2.0,0.0,0.0,true,4998,0
1773237031000,64.1234432,-21.7875538333333,4.0,0.0,0.0,true,4999,0
1773237031000,64.1234432,-21.7875538333333,0.0,0.0,0.0,true,5000,0
1773237031000,64.1234432,-21.7875538333333,0.0,0.0,0.0,true,5001,0
1773237035000,64.1234432,-21.7875538333333,4.0,0.0,0.0,true,5002,0
1773237039000,64.1234432,-21.7875538333333,4.0,0.0,0.0,true,5003,0
1773237041000,64.1234432,-21.7875538333333,2.0,0.0,0.0,true,5004,0
1773237045000,64.1234432,-21.7875538333333,4.0,0.0,0.0,true,5005,0
1773237045000,64.1234432,-21.7875538333333,0.0,0.0,0.0,true,5006,0
1773237047000,64.1234432,-21.7875538333333,2.0,0.0,0.0,true,5007,0
1773237050000,64.1234432,-21.7875538333333,3.0,0.0,0.0,true,5008,0
1773237050000,64.1234432,-21.7875538333333,0.0,0.0,0.0,true,5009,0
1773237054000,64.1234432,-21.7875538333333,4.0,0.0,0.0,true,5010,0
1773237054000,64.1234432,-21.7875538333333,0.0,0.0,0.0,true,5011,0
1773237061000,64.1234432,-21.7875538333333,7.0,0.0,0.0,true,5012,0
1773237061000,64.1234432,-21.7875538333333,0.0,0.0,0.0,true,5013,0
1773237061000,64.1234432,-21.7875538333333,0.0,0.0,0.0,true,5014,0
1773237067000,64.1234432,-21.7875538333333,6.0,0.0,0.0,true,5015,0
1773237067000,64.1234432,-21.7875538333333,0.0,0.0,0.0,true,5016,0
1773237067000,64.1234432,-21.7875538333333,0.0,0.0,0.0,true,5017,0
1773237071000,64.1234432,-21.7875538333333,4.0,0.0,0.0,true,5018,0
1773237071000,64.1234432,-21.7875538333333,0.0,0.0,0.0,true,5019,0
1773237076000,64.1234432,-21.7875538333333,5.0,0.0,0.0,true,5020,0
1773237076000,64.1234432,-21.7875538333333,0.0,0.0,0.0,true,5021,0
1773237079000,64.1234432,-21.7875538333333,3.0,0.0,0.0,true,5022,0
1773237081000,64.1234432,-21.7875538333333,2.0,0.0,0.0,true,5023,0
1773237081000,64.1234432,-21.7875538333333,0.0,0.0,0.0,true,5024,0
1773237081000,64.1234432,-21.7875538333333,0.0,0.0,0.0,true,5025,0
1773237088000,64.1234432,-21.7875538333333,7.0,0.0,0.0,true,5026,0
1773237088000,64.1234432,-21.7875538333333,0.0,0.0,0.0,true,5027,0
1773237092000,64.1234432,-21.7875538333333,4.0,0.0,0.0,true,5028,0
1773237094000,64.1234432,-21.7875538333333,2.0,0.0,0.0,true,5029,0
1773237096000,64.1234432,-21.7875538333333,2.0,0.0,0.0,true,5030,0
1773237096000,64.1234432,-21.7875538333333,0.0,0.0,0.0,true,5031,0
1773237100000,64.1234432,-21.7875538333333,4.0,0.0,0.0,true,5032,0
1773237100000,64.1234432,-21.7875538333333,0.0,0.0,0.0,true,5033,0
1773237105000,64.1234432,-21.7875538333333,5.0,0.0,0.0,true,5034,0
1773237105000,64.1234432,-21.7875538333333,0.0,0.0,0.0,true,5035,0
1773237107000,64.1234432,-21.7875538333333,2.0,0.0,0.0,true,5036,0
1773237111000,64.1234432,-21.7875538333333,4.0,0.0,0.0,true,5037,0
1773237111000,64.1234432,-21.7875538333333,0.0,0.0,0.0,true,5038,0
1773237113000,64.1234432,-21.7875538333333,2.0,0.0,0.0,true,5039,0
1773237115000,64.1234432,-21.7875538333333,2.0,0.0,0.0,true,5040,0
1773237117000,64.1234432,-21.7875538333333,2.0,0.0,0.0,true,5041,0
1773237117000,64.1234432,-21.7875538333333,0.0,0.0,0.0,true,5042,0
1773237122000,64.1234432,-21.7875538333333,5.0,0.0,0.0,true,5043,0
1773237122000,64.1234432,-21.7875538333333,0.0,0.0,0.0,true,5044,0
1773237122000,64.1234432,-21.7875538333333,0.0,0.0,0.0,true,5045,0
1773237126000,64.1234432,-21.7875538333333,4.0,0.0,0.0,true,5046,0
1773237128000,64.1234432,-21.7875538333333,2.0,0.0,0.0,true,5047,0
1773237128000,64.1234432,-21.7875538333333,0.0,0.0,0.0,true,5048,0
1773237135000,64.1234432,-21.7875538333333,7.0,0.0,0.0,true,5049,0
1773237135000,64.1234432,-21.7875538333333,0.0,0.0,0.0,true,5050,0
1773237137000,64.1234432,-21.7875538333333,2.0,0.0,0.0,true,5051,0
1773237139000,64.1234432,-21.7875538333333,2.0,0.0,0.0,true,5052,0
1773237139000,64.1234432,-21.7875538333333,0.0,0.0,0.0,true,5053,0
1773237141000,64.1234432,-21.7875538333333,2.0,0.0,0.0,true,5054,0
1773237141000,64.1234432,-21.7875538333333,0.0,0.0,0.0,true,5055,0
1773237147000,64.1234432,-21.7875538333333,6.0,0.0,0.0,true,5056,0
1773237152000,64.1234432,-21.7875538333333,5.0,0.0,0.0,true,5057,0
1773237152000,64.1234432,-21.7875538333333,0.0,0.0,0.0,true,5058,0
1773237152000,64.1234432,-21.7875538333333,0.0,0.0,0.0,true,5059,0
1773237156000,64.1234432,-21.7875538333333,4.0,0.0,0.0,true,5060,0
1773237159000,64.1234432,-21.7875538333333,3.0,0.0,0.0,true,5061,0
1773237159000,64.1234432,-21.7875538333333,0.0,0.0,0.0,true,5062,0
1773237161000,64.1234432,-21.7875538333333,2.0,0.0,0.0,true,5063,0
1773237161000,64.1234432,-21.7875538333333,0.0,0.0,0.0,true,5064,0
1773237163000,64.1234432,-21.7875538333333,2.0,0.0,0.0,true,5065,0
1773237167000,64.1234432,-21.7875538333333,4.0,0.0,0.0,true,5066,0
1773237169000,64.1234432,-21.7875538333333,2.0,0.0,0.0,true,5067,0
1773237172000,64.1234432,-21.7875538333333,3.0,0.0,0.0,true,5068,0
1773237172000,64.1234432,-21.7875538333333,0.0,0.0,0.0,true,5069,0
1773237174000,64.1234432,-21.7875538333333,2.0,0.0,0.0,true,5070,0
1773237178000,64.1234432,-21.7875538333333,4.0,0.0,0.0,true,5071,0
1773237178000,64.1234432,-21.7875538333333,0.0,0.0,0.0,true,5072,0
1773237178000,64.1234432,-21.7875538333333,0.0,0.0,0.0,true,5073,0
1773237181000,64.1234432,-21.7875538333333,3.0,0.0,0.0,true,5074,0
1773237188000,64.1234432,-21.7875538333333,7.0,0.0,0.0,true,5075,0
1773237188000,64.1234432,-21.7875538333333,0.0,0.0,0.0,true,5076,0
1773237191000,64.1234432,-21.7875538333333,3.0,0.0,0.0,true,5077,0
1773237191000,64.1234432,-21.7875538333333,0.0,0.0,0.0,true,5078,0
1773237193000,64.1234432,-21.7875538333333,2.0,0.0,0.0,true,5079,0
1773237195000,64.1234432,-21.7875538333333,2.0,0.0,0.0,true,5080,0
1773237195000,64.1234432,-21.7875538333333,0.0,0.0,0.0,true,5081,0
1773237199000,64.1234432,-21.7875538333333,4.0,0.0,0.0,true,5082,0
1773237202000,64.1234432,-21.7875538333333,3.0,0.0,0.0,true,5083,0
1773237204000,64.1234432,-21.7875538333333,2.0,0.0,0.0,true,5084,0
1773237206000,64.1234432,-21.7875538333333,2.0,0.0,0.0,true,5085,0
1773237206000,64.1234432,-21.7875538333333,0.0,0.0,0.0,true,5086,0
1773237206000,64.1234432,-21.7875538333333,0.0,0.0,0.0,true,5087,0
1773237212000,64.1234432,-21.7875538333333,6.0,0.0,0.0,true,5088,0
1773237212000,64.1234432,-21.7875538333333,0.0,0.0,0.0,true,5089,0
1773237216000,64.1234432,-21.7875538333333,4.0,0.0,0.0,true,5090,0
1773237218000,64.1234432,-21.7875538333333,2.0,0.0,0.0,true,5091,0
1773237220000,64.1234432,-21.7875538333333,2.0,0.0,0.0,true,5092,0
1773237220000,64.1234432,-21.7875538333333,0.0,0.0,0.0,true,5093,0
1773237226000,64.1234432,-21.7875538333333,6.0,0.0,0.0,true,5094,0
1773237226000,64.1234432,-21.7875538333333,0.0,0.0,0.0,true,5095,0
1773237228000,64.1234432,-21.7875538333333,2.0,0.0,0.0,true,5096,0
1773237228000,64.1234432,-21.7875538333333,0.0,0.0,0.0,true,5097,0
1773237232000,64.1234432,-21.7875538333333,4.0,0.0,0.0,true,5098,0
1773237234000,64.1234432,-21.7875538333333,2.0,0.0,0.0,true,5099,0
1773237234000,64.1234432,-21.7875538333333,0.0,0.0,0.0,true,5100,0
1773237238000,64.1234432,-21.7875538333333,4.0,0.0,0.0,true,5101,0
1773237238000,64.1234432,-21.7875538333333,0.0,0.0,0.0,true,5102,0
1773237243000,64.1234432,-21.7875538333333,5.0,0.0,0.0,true,5103,0
1773237243000,64.1234432,-21.7875538333333,0.0,0.0,0.0,true,5104,0
1773237245000,64.1234432,-21.7875538333333,2.0,0.0,0.0,true,5105,0
1773237247000,64.1234432,-21.7875538333333,2.0,0.0,0.0,true,5106,0
1773237249000,64.1234432,-21.7875538333333,2.0,0.0,0.0,true,5107,0
1773237253000,64.1234432,-21.7875538333333,4.0,0.0,0.0,true,5108,0
1773237253000,64.1234432,-21.7875538333333,0.0,0.0,0.0,true,5109,0
1773237253000,64.1234432,-21.7875538333333,0.0,0.0,0.0,true,5110,0
1773237259000,64.1234432,-21.7875538333333,6.0,0.0,0.0,true,5111,0
1773237261000,64.1234432,-21.7875538333333,2.0,0.0,0.0,true,5112,0
1773237261000,64.1234432,-21.7875538333333,0.0,0.0,0.0,true,5113,0
1773237263000,64.1234432,-21.7875538333333,2.0,0.0,0.0,true,5114,0
1773237266000,64.1234432,-21.7875538333333,3.0,0.0,0.0,true,5115,0
1773237266000,64.1234432,-21.7875538333333,0.0,0.0,0.0,true,5116,0
1773237266000,64.1234432,-21.7875538333333,0.0,0.0,0.0,true,5117,0
1773237272000,64.1234432,-21.7875538333333,6.0,0.0,0.0,true,5118,0
1773237274000,64.1234432,-21.7875538333333,2.0,0.0,0.0,true,5119,0
1773237274000,64.1234432,-21.7875538333333,0.0,0.0,0.0,true,5120,0
1773237278000,64.1234432,-21.7875538333333,4.0,0.0,0.0,true,5121,0
1773237278000,64.1234432,-21.7875538333333,0.0,0.0,0.0,true,5122,0
1773237280000,64.1234432,-21.7875538333333,2.0,0.0,0.0,true,5123,0
1773237283000,64.1234432,-21.7875538333333,3.0,0.0,0.0,true,5124,0
1773237285000,64.1234432,-21.7875538333333,2.0,0.0,0.0,true,5125,0
1773237288000,64.1234432,-21.7875538333333,3.0,0.0,0.0,true,5126,0
1773237288000,64.1234432,-21.7875538333333,0.0,0.0,0.0,true,5127,0
1773237288000,64.1234432,-21.7875538333333,0.0,0.0,0.0,true,5128,0
1773237292000,64.1234432,-21.7875538333333,4.0,0.0,0.0,true,5129,0
1773237292000,64.1234432,-21.7875538333333,0.0,0.0,0.0,true,5130,0
1773237300000,64.1234432,-21.7875538333333,8.0,0.0,0.0,true,5131,0
1773237300000,64.1234432,-21.7875538333333,0.0,0.0,0.0,true,5132,0
1773237303000,64.1234432,-21.7875538333333,3.0,0.0,0.0,true,5133,0
1773237303000,64.1234432,-21.7875538333333,0.0,0.0,0.0,true,5134,0
1773237307000,64.1234432,-21.7875538333333,4.0,0.0,0.0,true,5135,0
1773237307000,64.1234432,-21.7875538333333,0.0,0.0,0.0,true,5136,0
1773237309000,64.1234432,-21.7875538333333,2.0,0.0,0.0,true,5137,0
1773237312000,64.1234432,-21.7875538333333,3.0,0.0,0.0,true,5138,0
1773237312000,64.1234432,-21.7875538333333,0.0,0.0,0.0,true,5139,0
1773237314000,64.1234432,-21.7875538333333,2.0,0.0,0.0,true,5140,0
1773237317000,64.1234432,-21.7875538333333,3.0,0.0,0.0,true,5141,0
1773237317000,64.1234432,-21.7875538333333,0.0,0.0,0.0,true,5142,0
1773237321000,64.1234432,-21.7875538333333,4.0,0.0,0.0,true,5143,0
1773237325000,64.1234432,-21.7875538333333,4.0,0.0,0.0,true,5144,0
1773237327000,64.1234432,-21.7875538333333,2.0,0.0,0.0,true,5145,0
1773237327000,64.1234432,-21.7875538333333,0.0,0.0,0.0,true,5146,0
1773237329000,64.1234432,-21.7875538333333,2.0,0.0,0.0,true,5147,0
1773237333000,64.1234432,-21.7875538333333,4.0,0.0,0.0,true,5148,0
1773237333000,64.1234432,-21.7875538333333,0.0,0.0,0.0,true,5149,0
1773237333000,64.1234432,-21.7875538333333,0.0,0.0,0.0,true,5150,0
1773237339000,64.1234432,-21.7875538333333,6.0,0.0,0.0,true,5151,0
1773237341000,64.1234432,-21.7875538333333,2.0,0.0,0.0,true,5152,0
1773237341000,64.1234432,-21.7875538333333,0.0,0.0,0.0,true,5153,0
1773237344000,64.1234432,-21.7875538333333,3.0,0.0,0.0,true,5154,0
1773237346000,64.1234432,-21.7875538333333,2.0,0.0,0.0,true,5155,0
1773237349000,64.1234432,-21.7875538333333,3.0,0.0,0.0,true,5156,0
1773237349000,64.1234432,-21.7875538333333,0.0,0.0,0.0,true,5157,0
1773237352000,64.1234432,-21.7875538333333,3.0,0.0,0.0,true,5158,0
1773237352000,64.1234432,-21.7875538333333,0.0,0.0,0.0,true,5159,0
1773237356000,64.1234432,-21.7875538333333,4.0,0.0,0.0,true,5160,0
1773237356000,64.1234432,-21.7875538333333,0.0,0.0,0.0,true,5161,0
1773237358000,64.1234432,-21.7875538333333,2.0,0.0,0.0,true,5162,0
1773237362000,64.1234432,-21.7875538333333,4.0,0.0,0.0,true,5163,0
1773237364000,64.1234432,-21.7875538333333,2.0,0.0,0.0,true,5164,0
1773237364000,64.1234432,-21.7875538333333,0.0,0.0,0.0,true,5165,0
1773237370000,64.1234432,-21.7875538333333,6.0,0.0,0.0,true,5166,0
1773237370000,64.1234432,-21.7875538333333,0.0,0.0,0.0,true,5167,0
1773237373000,64.1234432,-21.7875538333333,3.0,0.0,0.0,true,5168,0
1773237375000,64.1234432,-21.7875538333333,2.0,0.0,0.0,true,5169,0
1773237375000,64.1234432,-21.7875538333333,0.0,0.0,0.0,true,5170,0
1773237377000,64.1234432,-21.7875538333333,2.0,0.0,0.0,true,5171,0
1773237379000,64.1234432,-21.7875538333333,2.0,0.0,0.0,true,5172,0
1773237379000,64.1234432,-21.7875538333333,0.0,0.0,0.0,true,5173,0
1773237382000,64.1234432,-21.7875538333333,3.0,0.0,0.0,true,5174,0
1773237382000,64.1234432,-21.7875538333333,0.0,0.0,0.0,true,5175,0
1773237390000,64.1234432,-21.7875538333333,8.0,0.0,0.0,true,5176,0
1773237390000,64.1234432,-21.7875538333333,0.0,0.0,0.0,true,5177,0
1773237390000,64.1234432,-21.7875538333333,0.0,0.0,0.0,true,5178,0
1773237394000,64.1234432,-21.7875538333333,4.0,0.0,0.0,true,5179,0
1773237394000,64.1234432,-21.7875538333333,0.0,0.0,0.0,true,5180,0
1773237397000,64.1234432,-21.7875538333333,3.0,0.0,0.0,true,5181,0
1773237401000,64.1234432,-21.7875538333333,4.0,0.0,0.0,true,5182,0
1773237401000,64.1234432,-21.7875538333333,0.0,0.0,0.0,true,5183,0
1773237401000,64.1234432,-21.7875538333333,0.0,0.0,0.0,true,5184,0
1773237404000,64.1234432,-21.7875538333333,3.0,0.0,0.0,true,5185,0
1773237409000,64.1234432,-21.7875538333333,5.0,0.0,0.0,true,5186,0
1773237409000,64.1234432,-21.7875538333333,0.0,0.0,0.0,true,5187,0
1773237413000,64.1234432,-21.7875538333333,4.0,0.0,0.0,true,5188,0
1773237413000,64.1234432,-21.7875538333333,0.0,0.0,0.0,true,5189,0
1773237415000,64.1234432,-21.7875538333333,2.0,0.0,0.0,true,5190,0
1773237419000,64.1234432,-21.7875538333333,4.0,0.0,0.0,true,5191,0
1773237419000,64.1234432,-21.7875538333333,0.0,0.0,0.0,true,5192,0
1773237421000,64.1234432,-21.7875538333333,2.0,0.0,0.0,true,5193,0
1773237424000,64.1234432,-21.7875538333333,3.0,0.0,0.0,true,5194,0
1773237424000,64.1234432,-21.7875538333333,0.0,0.0,0.0,true,5195,0
1773237426000,64.1234432,-21.7875538333333,2.0,0.0,0.0,true,5196,0
1773237428000,64.1234432,-21.7875538333333,2.0,0.0,0.0,true,5197,0
1773237432000,64.1234432,-21.7875538333333,4.0,0.0,0.0,true,5198,0
1773237432000,64.1234432,-21.7875538333333,0.0,0.0,0.0,true,5199,0
1773237434000,64.1234432,-21.7875538333333,2.0,0.0,0.0,true,5200,0
1773237438000,64.1234432,-21.7875538333333,4.0,0.0,0.0,true,5201,0
1773237440000,64.1234432,-21.7875538333333,2.0,0.0,0.0,true,5202,0
1773237443000,64.1234432,-21.7875538333333,3.0,0.0,0.0,true,5203,0
1773237443000,64.1234432,-21.7875538333333,0.0,0.0,0.0,true,5204,0
1773237443000,64.1234432,-21.7875538333333,0.0,0.0,0.0,true,5205,0
1773237447000,64.1234432,-21.7875538333333,4.0,0.0,0.0,true,5206,0
1773237450000,64.1234432,-21.7875538333333,3.0,0.0,0.0,true,5207,0
1773237450000,64.1234432,-21.7875538333333,0.0,0.0,0.0,true,5208,0
1773237454000,64.1234432,-21.7875538333333,4.0,0.0,0.0,true,5209,0
1773237454000,64.1234432,-21.7875538333333,0.0,0.0,0.0,true,5210,0
1773237458000,64.1234432,-21.7875538333333,4.0,0.0,0.0,true,5211,0
1773237458000,64.1234432,-21.7875538333333,0.0,0.0,0.0,true,5212,0
1773237458000,64.1234432,-21.7875538333333,0.0,0.0,0.0,true,5213,0
1773237463000,64.1234432,-21.7875538333333,5.0,0.0,0.0,true,5214,0
1773237467000,64.1234432,-21.7875538333333,4.0,0.0,0.0,true,5215,0
1773237467000,64.1234432,-21.7875538333333,0.0,0.0,0.0,true,5216,0
1773237469000,64.1234432,-21.7875538333333,2.0,0.0,0.0,true,5217,0
1773237469000,64.1234432,-21.7875538333333,0.0,0.0,0.0,true,5218,0
1773237473000,64.1234432,-21.7875538333333,4.0,0.0,0.0,true,5219,0
1773237473000,64.1234432,-21.7875538333333,0.0,0.0,0.0,true,5220,0
1773237476000,64.1234432,-21.7875538333333,3.0,0.0,0.0,true,5221,0
1773237478000,64.1234432,-21.7875538333333,2.0,0.0,0.0,true,5222,0
1773237482000,64.1234432,-21.7875538333333,4.0,0.0,0.0,true,5223,0
1773237482000,64.1234432,-21.7875538333333,0.0,0.0,0.0,true,5224,0
1773237484000,64.1234432,-21.7875538333333,2.0,0.0,0.0,true,5225,0
1773237488000,64.1234432,-21.7875538333333,4.0,0.0,0.0,true,5226,0
1773237488000,64.1234432,-21.7875538333333,0.0,0.0,0.0,true,5227,0
1773237493000,64.1234432,-21.7875538333333,5.0,0.0,0.0,true,5228,0
1773237493000,64.1234432,-21.7875538333333,0.0,0.0,0.0,true,5229,0
1773237495000,64.1234432,-21.7875538333333,2.0,0.0,0.0,true,5230,0
1773237498000,64.1234432,-21.7875538333333,3.0,0.0,0.0,true,5231,0
1773237498000,64.1234432,-21.7875538333333,0.0,0.0,0.0,true,5232,0
1773237500000,64.1234432,-21.7875538333333,2.0,0.0,0.0,true,5233,0
1773237504000,64.1234432,-21.7875538333333,4.0,0.0,0.0,true,5234,0
1773237504000,64.1234432,-21.7875538333333,0.0,0.0,0.0,true,5235,0
1773237504000,64.1234432,-21.7875538333333,0.0,0.0,0.0,true,5236,0
1773237509000,64.1234432,-21.7875538333333,5.0,0.0,0.0,true,5237,0
1773237509000,64.1234432,-21.7875538333333,0.0,0.0,0.0,true,5238,0
1773237514000,64.1234432,-21.7875538333333,5.0,0.0,0.0,true,5239,0
1773237514000,64.1234432,-21.7875538333333,0.0,0.0,0.0,true,5240,0
1773237514000,64.1234432,-21.7875538333333,0.0,0.0,0.0,true,5241,0
1773237520000,64.1234432,-21.7875538333333,6.0,0.0,0.0,true,5242,0
1773237522000,64.1234432,-21.7875538333333,2.0,0.0,0.0,true,5243,0
1773237522000,64.1234432,-21.7875538333333,0.0,0.0,0.0,true,5244,0
1773237524000,64.1234432,-21.7875538333333,2.0,0.0,0.0,true,5245,0
1773237524000,64.1234432,-21.7875538333333,0.0,0.0,0.0,true,5246,0
1773237529000,64.1234432,-21.7875538333333,5.0,0.0,0.0,true,5247,0
1773237529000,64.1234432,-21.7875538333333,0.0,0.0,0.0,true,5248,0
1773237529000,64.1234432,-21.7875538333333,0.0,0.0,0.0,true,5249,0
1773237534000,64.1234432,-21.7875538333333,5.0,0.0,0.0,true,5250,0
1773237534000,64.1234432,-21.7875538333333,0.0,0.0,0.0,true,5251,0
1773237534000,64.1234432,-21.7875538333333,0.0,0.0,0.0,true,5252,0
1773237539000,64.1234432,-21.7875538333333,5.0,0.0,0.0,true,5253,0
1773237544000,64.1234432,-21.7875538333333,5.0,0.0,0.0,true,5254,0
1773237544000,64.1234432,-21.7875538333333,0.0,0.0,0.0,true,5255,0
1773237549000,64.1234432,-21.7875538333333,5.0,0.0,0.0,true,5256,0
1773237549000,64.1234432,-21.7875538333333,0.0,0.0,0.0,true,5257,0
1773237549000,64.1234432,-21.7875538333333,0.0,0.0,0.0,true,5258,0
1773237554000,64.1234432,-21.7875538333333,5.0,0.0,0.0,true,5259,0
1773237554000,64.1234432,-21.7875538333333,0.0,0.0,0.0,true,5260,0
1773237554000,64.1234432,-21.7875538333333,0.0,0.0,0.0,true,5261,0
1773237557000,64.1234432,-21.7875538333333,3.0,0.0,0.0,true,5262,0
1773237559000,64.1234432,-21.7875538333333,2.0,0.0,0.0,true,5263,0
1773237559000,64.1234432,-21.7875538333333,0.0,0.0,0.0,true,5264,0
1773237563000,64.1234432,-21.7875538333333,4.0,0.0,0.0,true,5265,0
1773237563000,64.1234432,-21.7875538333333,0.0,0.0,0.0,true,5266,0
1773237572000,64.1234432,-21.7875538333333,9.0,0.0,0.0,true,5267,0
1773237572000,64.1234432,-21.7875538333333,0.0,0.0,0.0,true,5268,0
1773237574000,64.1234432,-21.7875538333333,2.0,0.0,0.0,true,5269,0
1773237577000,64.1234432,-21.7875538333333,3.0,0.0,0.0,true,5270,0
1773237577000,64.1234432,-21.7875538333333,0.0,0.0,0.0,true,5271,0
1773237577000,64.1234432,-21.7875538333333,0.0,0.0,0.0,true,5272,0
1773237583000,64.1234432,-21.7875538333333,6.0,0.0,0.0,true,5273,0
1773237583000,64.1234432,-21.7875538333333,0.0,0.0,0.0,true,5274,0
1773237585000,64.1234432,-21.7875538333333,2.0,0.0,0.0,true,5275,0
1773237585000,64.1234432,-21.7875538333333,0.0,0.0,0.0,true,5276,0
1773237592000,64.1234432,-21.7875538333333,7.0,0.0,0.0,true,5277,0
1773237592000,64.1234432,-21.7875538333333,0.0,0.0,0.0,true,5278,0
1773237594000,64.1234432,-21.7875538333333,2.0,0.0,0.0,true,5279,0
1773237594000,64.1234432,-21.7875538333333,0.0,0.0,0.0,true,5280,0
1773237597000,64.1234432,-21.7875538333333,3.0,0.0,0.0,true,5281,0
1773237597000,64.1234432,-21.7875538333333,0.0,0.0,0.0,true,5282,0
1773237600000,64.1234432,-21.7875538333333,3.0,0.0,0.0,true,5283,0
1773237603000,64.1234432,-21.7875538333333,3.0,0.0,0.0,true,5284,0
1773237603000,64.1234432,-21.7875538333333,0.0,0.0,0.0,true,5285,0
1773237603000,64.1234432,-21.7875538333333,0.0,0.0,0.0,true,5286,0
1773237610000,64.1234432,-21.7875538333333,7.0,0.0,0.0,true,5287,0
1773237614000,64.1234432,-21.7875538333333,4.0,0.0,0.0,true,5288,0
1773237618000,64.1234432,-21.7875538333333,4.0,0.0,0.0,true,5289,0
1773237618000,64.1234432,-21.7875538333333,0.0,0.0,0.0,true,5290,0
1773237620000,64.1234432,-21.7875538333333,2.0,0.0,0.0,true,5291,0
1773237620000,64.1234432,-21.7875538333333,0.0,0.0,0.0,true,5292,0
1773237623000,64.1234432,-21.7875538333333,3.0,0.0,0.0,true,5293,0
1773237627000,64.1234432,-21.7875538333333,4.0,0.0,0.0,true,5294,0
1773237627000,64.1234432,-21.7875538333333,0.0,0.0,0.0,true,5295,0
1773237629000,64.1234432,-21.7875538333333,2.0,0.0,0.0,true,5296,0
1773237629000,64.1234432,-21.7875538333333,0.0,0.0,0.0,true,5297,0
1773237629000,64.1234432,-21.7875538333333,0.0,0.0,0.0,true,5298,0
1773237633000,64.1234432,-21.7875538333333,4.0,0.0,0.0,true,5299,0
1773237637000,64.1234432,-21.7875538333333,4.0,0.0,0.0,true,5300,0
1773237640000,64.1234432,-21.7875538333333,3.0,0.0,0.0,true,5301,0
1773237642000,64.1234432,-21.7875538333333,2.0,0.0,0.0,true,5302,0
1773237642000,64.1234432,-21.7875538333333,0.0,0.0,0.0,true,5303,0
1773237645000,64.1234432,-21.7875538333333,3.0,0.0,0.0,true,5304,0
1773237645000,64.1234432,-21.7875538333333,0.0,0.0,0.0,true,5305,0
1773237650000,64.1234432,-21.7875538333333,5.0,0.0,0.0,true,5306,0
1773237650000,64.1234432,-21.7875538333333,0.0,0.0,0.0,true,5307,0
1773237654000,64.1234432,-21.7875538333333,4.0,0.0,0.0,true,5308,0
1773237654000,64.1234432,-21.7875538333333,0.0,0.0,0.0,true,5309,0
1773237654000,64.1234432,-21.7875538333333,0.0,0.0,0.0,true,5310,0
1773237660000,64.1234432,-21.7875538333333,6.0,0.0,0.0,true,5311,0
1773237660000,64.1234432,-21.7875538333333,0.0,0.0,0.0,true,5312,0
1773237662000,64.1234432,-21.7875538333333,2.0,0.0,0.0,true,5313,0
1773237665000,64.1234432,-21.7875538333333,3.0,0.0,0.0,true,5314,0
1773237665000,64.1234432,-21.7875538333333,0.0,0.0,0.0,true,5315,0
1773237667000,64.1234432,-21.7875538333333,2.0,0.0,0.0,true,5316,0
1773237670000,64.1234432,-21.7875538333333,3.0,0.0,0.0,true,5317,0
1773237672000,64.1234432,-21.7875538333333,2.0,0.0,0.0,true,5318,0
1773237677000,64.1234432,-21.7875538333333,5.0,0.0,0.0,true,5319,0
1773237677000,64.1234432,-21.7875538333333,0.0,0.0,0.0,true,5320,0
1773237682000,64.1234432,-21.7875538333333,5.0,0.0,0.0,true,5321,0
1773237682000,64.1234432,-21.7875538333333,0.0,0.0,0.0,true,5322,0
1773237682000,64.1234432,-21.7875538333333,0.0,0.0,0.0,true,5323,0
1773237687000,64.1234432,-21.7875538333333,5.0,0.0,0.0,true,5324,0
1773237687000,64.1234432,-21.7875538333333,0.0,0.0,0.0,true,5325,0
1773237692000,64.1234432,-21.7875538333333,5.0,0.0,0.0,true,5326,0
1773237695000,64.1234432,-21.7875538333333,3.0,0.0,0.0,true,5327,0
1773237697000,64.1234432,-21.7875538333333,2.0,0.0,0.0,true,5328,0
1773237700000,64.1234432,-21.7875538333333,3.0,0.0,0.0,true,5329,0
1773237700000,64.1234432,-21.7875538333333,0.0,0.0,0.0,true,5330,0
1773237702000,64.1234432,-21.7875538333333,2.0,0.0,0.0,true,5331,0
1773237707000,64.1234432,-21.7875538333333,5.0,0.0,0.0,true,5332,0
1773237707000,64.1234432,-21.7875538333333,0.0,0.0,0.0,true,5333,0
1773237707000,64.1234432,-21.7875538333333,0.0,0.0,0.0,true,5334,0
1773237712000,64.1234432,-21.7875538333333,5.0,0.0,0.0,true,5335,0
1773237712000,64.1234432,-21.7875538333333,0.0,0.0,0.0,true,5336,0
1773237712000,64.1234432,-21.7875538333333,0.0,0.0,0.0,true,5337,0
1773237717000,64.1234432,-21.7875538333333,5.0,0.0,0.0,true,5338,0
1773237720000,64.1234432,-21.7875538333333,3.0,0.0,0.0,true,5339,0
1773237720000,64.1234432,-21.7875538333333,0.0,0.0,0.0,true,5340,0
1773237725000,64.1234432,-21.7875538333333,5.0,0.0,0.0,true,5341,0
1773237727000,64.1234432,-21.7875538333333,2.0,0.0,0.0,true,5342,0
1773237727000,64.1234432,-21.7875538333333,0.0,0.0,0.0,true,5343,0
1773237727000,64.1234432,-21.7875538333333,0.0,0.0,0.0,true,5344,0
1773237732000,64.1234432,-21.7875538333333,5.0,0.0,0.0,true,5345,0
1773237732000,64.1234432,-21.7875538333333,0.0,0.0,0.0,true,5346,0
1773237732000,64.1234432,-21.7875538333333,0.0,0.0,0.0,true,5347,0
1773237737000,64.1234432,-21.7875538333333,5.0,0.0,0.0,true,5348,0
1773237737000,64.1234432,-21.7875538333333,0.0,0.0,0.0,true,5349,0
1773237737000,64.1234432,-21.7875538333333,0.0,0.0,0.0,true,5350,0
1773237742000,64.1234432,-21.7875538333333,5.0,0.0,0.0,true,5351,0
1773237747000,64.1234432,-21.7875538333333,5.0,0.0,0.0,true,5352,0
1773237747000,64.1234432,-21.7875538333333,0.0,0.0,0.0,true,5353,0
1773237747000,64.1234432,-21.7875538333333,0.0,0.0,0.0,true,5354,0
1773237751000,64.1234432,-21.7875538333333,4.0,0.0,0.0,true,5355,0
1773237756000,64.1234432,-21.7875538333333,5.0,0.0,0.0,true,5356,0
1773237756000,64.1234432,-21.7875538333333,0.0,0.0,0.0,true,5357,0
1773237758000,64.1234432,-21.7875538333333,2.0,0.0,0.0,true,5358,0
1773237758000,64.1234432,-21.7875538333333,0.0,0.0,0.0,true,5359,0
1773237758000,64.1234432,-21.7875538333333,0.0,0.0,0.0,true,5360,0
1773237763000,64.1234432,-21.7875538333333,5.0,0.0,0.0,true,5361,0
1773237763000,64.1234432,-21.7875538333333,0.0,0.0,0.0,true,5362,0
1773237768000,64.1234432,-21.7875538333333,5.0,0.0,0.0,true,5363,0
1773237768000,64.1234432,-21.7875538333333,0.0,0.0,0.0,true,5364,0
1773237771000,64.1234432,-21.7875538333333,3.0,0.0,0.0,true,5365,0
1773237771000,64.1234432,-21.7875538333333,0.0,0.0,0.0,true,5366,0
1773237771000,64.1234432,-21.7875538333333,0.0,0.0,0.0,true,5367,0
1773237776000,64.1234432,-21.7875538333333,5.0,0.0,0.0,true,5368,0
1773237776000,64.1234432,-21.7875538333333,0.0,0.0,0.0,true,5369,0
1773237783000,64.1234432,-21.7875538333333,7.0,0.0,0.0,true,5370,0
1773237786000,64.1234432,-21.7875538333333,3.0,0.0,0.0,true,5371,0
1773237786000,64.1234432,-21.7875538333333,0.0,0.0,0.0,true,5372,0
1773237788000,64.1234432,-21.7875538333333,2.0,0.0,0.0,true,5373,0
1773237792000,64.1234432,-21.7875538333333,4.0,0.0,0.0,true,5374,0
1773237792000,64.1234432,-21.7875538333333,0.0,0.0,0.0,true,5375,0
1773237792000,64.1234432,-21.7875538333333,0.0,0.0,0.0,true,5376,0
1773237798000,64.1234432,-21.7875538333333,6.0,0.0,0.0,true,5377,0
1773237801000,64.1234432,-21.7875538333333,3.0,0.0,0.0,true,5378,0
1773237801000,64.1234432,-21.7875538333333,0.0,0.0,0.0,true,5379,0
1773237805000,64.1234432,-21.7875538333333,4.0,0.0,0.0,true,5380,0
1773237808000,64.1234432,-21.7875538333333,3.0,0.0,0.0,true,5381,0
1773237813000,64.1234432,-21.7875538333333,5.0,0.0,0.0,true,5382,0
1773237813000,64.1234432,-21.7875538333333,0.0,0.0,0.0,true,5383,0
1773237818000,64.1234432,-21.7875538333333,5.0,0.0,0.0,true,5384,0
1773237818000,64.1234432,-21.7875538333333,0.0,0.0,0.0,true,5385,0
1773237818000,64.1234432,-21.7875538333333,0.0,0.0,0.0,true,5386,0
1773237823000,64.1234432,-21.7875538333333,5.0,0.0,0.0,true,5387,0
1773237823000,64.1234432,-21.7875538333333,0.0,0.0,0.0,true,5388,0
1773237828000,64.1234432,-21.7875538333333,5.0,0.0,0.0,true,5389,0
1773237833000,64.1234432,-21.7875538333333,5.0,0.0,0.0,true,5390,0
1773237833000,64.1234432,-21.7875538333333,0.0,0.0,0.0,true,5391,0
1773237835000,64.1234432,-21.7875538333333,2.0,0.0,0.0,true,5392,0
1773237835000,64.1234432,-21.7875538333333,0.0,0.0,0.0,true,5393,0
1773237838000,64.1234432,-21.7875538333333,3.0,0.0,0.0,true,5394,0
1773237843000,64.1234432,-21.7875538333333,5.0,0.0,0.0,true,5395,0
1773237843000,64.1234432,-21.7875538333333,0.0,0.0,0.0,true,5396,0
1773237843000,64.1234432,-21.7875538333333,0.0,0.0,0.0,true,5397,0
1773237848000,64.1234432,-21.7875538333333,5.0,0.0,0.0,true,5398,0
1773237848000,64.1234432,-21.7875538333333,0.0,0.0,0.0,true,5399,0
1773237848000,64.1234432,-21.7875538333333,0.0,0.0,0.0,true,5400,0
1773237853000,64.1234432,-21.7875538333333,5.0,0.0,0.0,true,5401,0
1773237853000,64.1234432,-21.7875538333333,0.0,0.0,0.0,true,5402,0
1773237858000,64.1234432,-21.7875538333333,5.0,0.0,0.0,true,5403,0
1773237861000,64.1234432,-21.7875538333333,3.0,0.0,0.0,true,5404,0
1773237861000,64.1234432,-21.7875538333333,0.0,0.0,0.0,true,5405,0
1773237863000,64.1234432,-21.7875538333333,2.0,0.0,0.0,true,5406,0
1773237863000,64.1234432,-21.7875538333333,0.0,0.0,0.0,true,5407,0
1773237868000,64.1234432,-21.7875538333333,5.0,0.0,0.0,true,5408,0
1773237868000,64.1234432,-21.7875538333333,0.0,0.0,0.0,true,5409,0
1773237868000,64.1234432,-21.7875538333333,0.0,0.0,0.0,true,5410,0
1773237873000,64.1234432,-21.7875538333333,5.0,0.0,0.0,true,5411,0
1773237878000,64.1234432,-21.7875538333333,5.0,0.0,0.0,true,5412,0
1773237878000,64.1234432,-21.7875538333333,0.0,0.0,0.0,true,5413,0
1773237878000,64.1234432,-21.7875538333333,0.0,0.0,0.0,true,5414,0
1773237881000,64.1234432,-21.7875538333333,3.0,0.0,0.0,true,5415,0
1773237881000,64.1234432,-21.7875538333333,0.0,0.0,0.0,true,5416,0
1773237885000,64.1234432,-21.7875538333333,4.0,0.0,0.0,true,5417,0
1773237888000,64.1234432,-21.7875538333333,3.0,0.0,0.0,true,5418,0
1773237888000,64.1234432,-21.7875538333333,0.0,0.0,0.0,true,5419,0
1773237891000,64.1234432,-21.7875538333333,3.0,0.0,0.0,true,5420,0
1773237893000,64.1234432,-21.7875538333333,2.0,0.0,0.0,true,5421,0
1773237893000,64.1234432,-21.7875538333333,0.0,0.0,0.0,true,5422,0
1773237898000,64.1234432,-21.7875538333333,5.0,0.0,0.0,true,5423,0
1773237901000,64.1234432,-21.7875538333333,3.0,0.0,0.0,true,5424,0
1773237901000,64.1234432,-21.7875538333333,0.0,0.0,0.0,true,5425,0
1773237903000,64.1234432,-21.7875538333333,2.0,0.0,0.0,true,5426,0
1773237908000,64.1234432,-21.7875538333333,5.0,0.0,0.0,true,5427,0
1773237908000,64.1234432,-21.7875538333333,0.0,0.0,0.0,true,5428,0
1773237910000,64.1234432,-21.7875538333333,2.0,0.0,0.0,true,5429,0
1773237910000,64.1234432,-21.7875538333333,0.0,0.0,0.0,true,5430,0
1773237913000,64.1234432,-21.7875538333333,3.0,0.0,0.0,true,5431,0
1773237918000,64.1234432,-21.7875538333333,5.0,0.0,0.0,true,5432,0
1773237918000,64.1234432,-21.7875538333333,0.0,0.0,0.0,true,5433,0
1773237918000,64.1234432,-21.7875538333333,0.0,0.0,0.0,true,5434,0
1773237921000,64.1234432,-21.7875538333333,3.0,0.0,0.0,true,5435,0
1773237921000,64.1234432,-21.7875538333333,0.0,0.0,0.0,true,5436,0
1773237924000,64.1234432,-21.7875538333333,3.0,0.0,0.0,true,5437,0
1773237929000,64.1234432,-21.7875538333333,5.0,0.0,0.0,true,5438,0
1773237929000,64.1234432,-21.7875538333333,0.0,0.0,0.0,true,5439,0
1773237929000,64.1234432,-21.7875538333333,0.0,0.0,0.0,true,5440,0
1773237937000,64.1234432,-21.7875538333333,8.0,0.0,0.0,true,5441,0
1773237937000,64.1234432,-21.7875538333333,0.0,0.0,0.0,true,5442,0
1773237939000,64.1234432,-21.7875538333333,2.0,0.0,0.0,true,5443,0
1773237939000,64.1234432,-21.7875538333333,0.0,0.0,0.0,true,5444,0
1773237942000,64.1234432,-21.7875538333333,3.0,0.0,0.0,true,5445,0
1773237944000,64.1234432,-21.7875538333333,2.0,0.0,0.0,true,5446,0
1773237944000,64.1234432,-21.7875538333333,0.0,0.0,0.0,true,5447,0
1773237946000,64.1234432,-21.7875538333333,2.0,0.0,0.0,true,5448,0
1773237950000,64.1234432,-21.7875538333333,4.0,0.0,0.0,true,5449,0
1773237952000,64.1234432,-21.7875538333333,2.0,0.0,0.0,true,5450,0
1773237954000,64.1234432,-21.7875538333333,2.0,0.0,0.0,true,5451,0
1773237958000,64.1234432,-21.7875538333333,4.0,0.0,0.0,true,5452,0
1773237958000,64.1234432,-21.7875538333333,0.0,0.0,0.0,true,5453,0
1773237958000,64.1234432,-21.7875538333333,0.0,0.0,0.0,true,5454,0
1773237963000,64.1234432,-21.7875538333333,5.0,0.0,0.0,true,5455,0
1773237963000,64.1234432,-21.7875538333333,0.0,0.0,0.0,true,5456,0
1773237965000,64.1234432,-21.7875538333333,2.0,0.0,0.0,true,5457,0
1773237967000,64.1234432,-21.7875538333333,2.0,0.0,0.0,true,5458,0
1773237967000,64.1234432,-21.7875538333333,0.0,0.0,0.0,true,5459,0
1773237973000,64.1234432,-21.7875538333333,6.0,0.0,0.0,true,5460,0
1773237975000,64.1234432,-21.7875538333333,2.0,0.0,0.0,true,5461,0
1773237980000,64.1234432,-21.7875538333333,5.0,0.0,0.0,true,5462,0
1773237980000,64.1234432,-21.7875538333333,0.0,0.0,0.0,true,5463,0
1773237980000,64.1234432,-21.7875538333333,0.0,0.0,0.0,true,5464,0
1773237980000,64.1234432,-21.7875538333333,0.0,0.0,0.0,true,5465,0
1773237987000,64.1234432,-21.7875538333333,7.0,0.0,0.0,true,5466,0
1773237987000,64.1234432,-21.7875538333333,0.0,0.0,0.0,true,5467,0
1773237992000,64.1234432,-21.7875538333333,5.0,0.0,0.0,true,5468,0
1773237992000,64.1234432,-21.7875538333333,0.0,0.0,0.0,true,5469,0
1773237994000,64.1234432,-21.7875538333333,2.0,0.0,0.0,true,5470,0
1773237994000,64.1234432,-21.7875538333333,0.0,0.0,0.0,true,5471,0
1773237998000,64.1234432,-21.7875538333333,4.0,0.0,0.0,true,5472,0
1773237998000,64.1234432,-21.7875538333333,0.0,0.0,0.0,true,5473,0
1773237998000,64.1234432,-21.7875538333333,0.0,0.0,0.0,true,5474,0
1773238005000,64.1234432,-21.7875538333333,7.0,0.0,0.0,true,5475,0
1773238007000,64.1234432,-21.7875538333333,2.0,0.0,0.0,true,5476,0
1773238007000,64.1234432,-21.7875538333333,0.0,0.0,0.0,true,5477,0
1773238009000,64.1234432,-21.7875538333333,2.0,0.0,0.0,true,5478,0
1773238009000,64.1234432,-21.7875538333333,0.0,0.0,0.0,true,5479,0
1773238013000,64.1234432,-21.7875538333333,4.0,0.0,0.0,true,5480,0
1773238015000,64.1234432,-21.7875538333333,2.0,0.0,0.0,true,5481,0
1773238015000,64.1234432,-21.7875538333333,0.0,0.0,0.0,true,5482,0
1773238018000,64.1234432,-21.7875538333333,3.0,0.0,0.0,true,5483,0
1773238022000,64.1234432,-21.7875538333333,4.0,0.0,0.0,true,5484,0
1773238024000,64.1234432,-21.7875538333333,2.0,0.0,0.0,true,5485,0
1773238027000,64.1234432,-21.7875538333333,3.0,0.0,0.0,true,5486,0
1773238027000,64.1234432,-21.7875538333333,0.0,0.0,0.0,true,5487,0
1773238030000,64.1234432,-21.7875538333333,3.0,0.0,0.0,true,5488,0
1773238030000,64.1234432,-21.7875538333333,0.0,0.0,0.0,true,5489,0
1773238037000,64.1234432,-21.7875538333333,7.0,0.0,0.0,true,5490,0
1773238037000,64.1234432,-21.7875538333333,0.0,0.0,0.0,true,5491,0
1773238037000,64.1234432,-21.7875538333333,0.0,0.0,0.0,true,5492,0
1773238042000,64.1234432,-21.7875538333333,5.0,0.0,0.0,true,5493,0
1773238044000,64.1234432,-21.7875538333333,2.0,0.0,0.0,true,5494,0
1773238044000,64.1234432,-21.7875538333333,0.0,0.0,0.0,true,5495,0
1773238047000,64.1234432,-21.7875538333333,3.0,0.0,0.0,true,5496,0
1773238047000,64.1234432,-21.7875538333333,0.0,0.0,0.0,true,5497,0
1773238054000,64.1234432,-21.7875538333333,7.0,0.0,0.0,true,5498,0
1773238057000,64.1234432,-21.7875538333333,3.0,0.0,0.0,true,5499,0
1773238057000,64.1234432,-21.7875538333333,0.0,0.0,0.0,true,5500,0
1773238059000,64.1234432,-21.7875538333333,2.0,0.0,0.0,true,5501,0
1773238059000,64.1234432,-21.7875538333333,0.0,0.0,0.0,true,5502,0
1773238062000,64.1234432,-21.7875538333333,3.0,0.0,0.0,true,5503,0
1773238064000,64.1234432,-21.7875538333333,2.0,0.0,0.0,true,5504,0
1773238067000,64.1234432,-21.7875538333333,3.0,0.0,0.0,true,5505,0
1773238067000,64.1234432,-21.7875538333333,0.0,0.0,0.0,true,5506,0
1773238069000,64.1234432,-21.7875538333333,2.0,0.0,0.0,true,5507,0
1773238072000,64.1234432,-21.7875538333333,3.0,0.0,0.0,true,5508,0
1773238074000,64.1234432,-21.7875538333333,2.0,0.0,0.0,true,5509,0
1773238078000,64.1234432,-21.7875538333333,4.0,0.0,0.0,true,5510,0
1773238078000,64.1234432,-21.7875538333333,0.0,0.0,0.0,true,5511,0
1773238081000,64.1234432,-21.7875538333333,3.0,0.0,0.0,true,5512,0
1773238083000,64.1234432,-21.7875538333333,2.0,0.0,0.0,true,5513,0
1773238083000,64.1234432,-21.7875538333333,0.0,0.0,0.0,true,5514,0
1773238086000,64.1234432,-21.7875538333333,3.0,0.0,0.0,true,5515,0
1773238088000,64.1234432,-21.7875538333333,2.0,0.0,0.0,true,5516,0
1773238088000,64.1234432,-21.7875538333333,0.0,0.0,0.0,true,5517,0
1773238090000,64.1234432,-21.7875538333333,2.0,0.0,0.0,true,5518,0
1773238090000,64.1234432,-21.7875538333333,0.0,0.0,0.0,true,5519,0
1773238093000,64.1234432,-21.7875538333333,3.0,0.0,0.0,true,5520,0
1773238099000,64.1234432,-21.7875538333333,6.0,0.0,0.0,true,5521,0
1773238099000,64.1234432,-21.7875538333333,0.0,0.0,0.0,true,5522,0
1773238101000,64.1234432,-21.7875538333333,2.0,0.0,0.0,true,5523,0
1773238101000,64.1234432,-21.7875538333333,0.0,0.0,0.0,true,5524,0
1773238104000,64.1234432,-21.7875538333333,3.0,0.0,0.0,true,5525,0
1773238107000,64.1234432,-21.7875538333333,3.0,0.0,0.0,true,5526,0
1773238111000,64.1234432,-21.7875538333333,4.0,0.0,0.0,true,5527,0
1773238111000,64.1234432,-21.7875538333333,0.0,0.0,0.0,true,5528,0
1773238114000,64.1234432,-21.7875538333333,3.0,0.0,0.0,true,5529,0
1773238116000,64.1234432,-21.7875538333333,2.0,0.0,0.0,true,5530,0
1773238119000,64.1234432,-21.7875538333333,3.0,0.0,0.0,true,5531,0
1773238119000,64.1234432,-21.7875538333333,0.0,0.0,0.0,true,5532,0
1773238124000,64.1234432,-21.7875538333333,5.0,0.0,0.0,true,5533,0
1773238124000,64.1234432,-21.7875538333333,0.0,0.0,0.0,true,5534,0
1773238126000,64.1234432,-21.7875538333333,2.0,0.0,0.0,true,5535,0
1773238126000,64.1234432,-21.7875538333333,0.0,0.0,0.0,true,5536,0
1773238129000,64.1234432,-21.7875538333333,3.0,0.0,0.0,true,5537,0
1773238132000,64.1234432,-21.7875538333333,3.0,0.0,0.0,true,5538,0
1773238136000,64.1234432,-21.7875538333333,4.0,0.0,0.0,true,5539,0
1773238136000,64.1234432,-21.7875538333333,0.0,0.0,0.0,true,5540,0
1773238138000,64.1234432,-21.7875538333333,2.0,0.0,0.0,true,5541,0
1773238140000,64.1234432,-21.7875538333333,2.0,0.0,0.0,true,5542,0
1773238144000,64.1234432,-21.7875538333333,4.0,0.0,0.0,true,5543,0
1773238144000,64.1234432,-21.7875538333333,0.0,0.0,0.0,true,5544,0
1773238146000,64.1234432,-21.7875538333333,2.0,0.0,0.0,true,5545,0
1773238146000,64.1234432,-21.7875538333333,0.0,0.0,0.0,true,5546,0
1773238148000,64.1234432,-21.7875538333333,2.0,0.0,0.0,true,5547,0
1773238150000,64.1234432,-21.7875538333333,2.0,0.0,0.0,true,5548,0
1773238155000,64.1234432,-21.7875538333333,5.0,0.0,0.0,true,5549,0
1773238157000,64.1234432,-21.7875538333333,2.0,0.0,0.0,true,5550,0
1773238161000,64.1234432,-21.7875538333333,4.0,0.0,0.0,true,5551,0
1773238161000,64.1234432,-21.7875538333333,0.0,0.0,0.0,true,5552,0
1773238161000,64.1234432,-21.7875538333333,0.0,0.0,0.0,true,5553,0
1773238165000,64.1234432,-21.7875538333333,4.0,0.0,0.0,true,5554,0
1773238165000,64.1234432,-21.7875538333333,0.0,0.0,0.0,true,5555,0
1773238167000,64.1234432,-21.7875538333333,2.0,0.0,0.0,true,5556,0
1773238169000,64.1234432,-21.7875538333333,2.0,0.0,0.0,true,5557,0
1773238169000,64.1234432,-21.7875538333333,0.0,0.0,0.0,true,5558,0
1773238174000,64.1234432,-21.7875538333333,5.0,0.0,0.0,true,5559,0
1773238174000,64.1234432,-21.7875538333333,0.0,0.0,0.0,true,5560,0
1773238176000,64.1234432,-21.7875538333333,2.0,0.0,0.0,true,5561,0
1773238180000,64.1234432,-21.7875538333333,4.0,0.0,0.0,true,5562,0
1773238180000,64.1234432,-21.7875538333333,0.0,0.0,0.0,true,5563,0
1773238185000,64.1234432,-21.7875538333333,5.0,0.0,0.0,true,5564,0
1773238187000,64.1234432,-21.7875538333333,2.0,0.0,0.0,true,5565,0
1773238187000,64.1234432,-21.7875538333333,0.0,0.0,0.0,true,5566,0
1773238191000,64.1234432,-21.7875538333333,4.0,0.0,0.0,true,5567,0
1773238193000,64.1234432,-21.7875538333333,2.0,0.0,0.0,true,5568,0
1773238193000,64.1234432,-21.7875538333333,0.0,0.0,0.0,true,5569,0
1773238195000,64.1234432,-21.7875538333333,2.0,0.0,0.0,true,5570,0
1773238195000,64.1234432,-21.7875538333333,0.0,0.0,0.0,true,5571,0
1773238202000,64.1234432,-21.7875538333333,7.0,0.0,0.0,true,5572,0
1773238202000,64.1234432,-21.7875538333333,0.0,0.0,0.0,true,5573,0
1773238202000,64.1234432,-21.7875538333333,0.0,0.0,0.0,true,5574,0
1773238205000,64.1234432,-21.7875538333333,3.0,0.0,0.0,true,5575,0
1773238207000,64.1234432,-21.7875538333333,2.0,0.0,0.0,true,5576,0
1773238212000,64.1234432,-21.7875538333333,5.0,0.0,0.0,true,5577,0
1773238212000,64.1234432,-21.7875538333333,0.0,0.0,0.0,true,5578,0
1773238212000,64.1234432,-21.7875538333333,0.0,0.0,0.0,true,5579,0
1773238212000,64.1234432,-21.7875538333333,0.0,0.0,0.0,true,5580,0
1773238217000,64.1234432,-21.7875538333333,5.0,0.0,0.0,true,5581,0
1773238221000,64.1234432,-21.7875538333333,4.0,0.0,0.0,true,5582,0
1773238221000,64.1234432,-21.7875538333333,0.0,0.0,0.0,true,5583,0
1773238221000,64.1234432,-21.7875538333333,0.0,0.0,0.0,true,5584,0
1773238225000,64.1234432,-21.7875538333333,4.0,0.0,0.0,true,5585,0
1773238231000,64.1234432,-21.7875538333333,6.0,0.0,0.0,true,5586,0
1773238231000,64.1234432,-21.7875538333333,0.0,0.0,0.0,true,5587,0
1773238233000,64.1234432,-21.7875538333333,2.0,0.0,0.0,true,5588,0
1773238233000,64.1234432,-21.7875538333333,0.0,0.0,0.0,true,5589,0
1773238235000,64.1234432,-21.7875538333333,2.0,0.0,0.0,true,5590,0
1773238237000,64.1234432,-21.7875538333333,2.0,0.0,0.0,true,5591,0
1773238237000,64.1234432,-21.7875538333333,0.0,0.0,0.0,true,5592,0
1773238243000,64.1234432,-21.7875538333333,6.0,0.0,0.0,true,5593,0
1773238247000,64.1234432,-21.7875538333333,4.0,0.0,0.0,true,5594,0
1773238247000,64.1234432,-21.7875538333333,0.0,0.0,0.0,true,5595,0
1773238247000,64.1234432,-21.7875538333333,0.0,0.0,0.0,true,5596,0
1773238247000,64.1234432,-21.7875538333333,0.0,0.0,0.0,true,5597,0
1773238252000,64.1234432,-21.7875538333333,5.0,0.0,0.0,true,5598,0
1773238254000,64.1234432,-21.7875538333333,2.0,0.0,0.0,true,5599,0
1773238258000,64.1234432,-21.7875538333333,4.0,0.0,0.0,true,5600,0
1773238258000,64.1234432,-21.7875538333333,0.0,0.0,0.0,true,5601,0
1773238262000,64.1234432,-21.7875538333333,4.0,0.0,0.0,true,5602,0
1773238262000,64.1234432,-21.7875538333333,0.0,0.0,0.0,true,5603,0
1773238264000,64.1234432,-21.7875538333333,2.0,0.0,0.0,true,5604,0
1773238266000,64.1234432,-21.7875538333333,2.0,0.0,0.0,true,5605,0
1773238266000,64.1234432,-21.7875538333333,0.0,0.0,0.0,true,5606,0
1773238266000,64.1234432,-21.7875538333333,0.0,0.0,0.0,true,5607,0
1773238270000,64.1234432,-21.7875538333333,4.0,0.0,0.0,true,5608,0
1773238272000,64.1234432,-21.7875538333333,2.0,0.0,0.0,true,5609,0
1773238275000,64.1234432,-21.7875538333333,3.0,0.0,0.0,true,5610,0
1773238279000,64.1234432,-21.7875538333333,4.0,0.0,0.0,true,5611,0
1773238279000,64.1234432,-21.7875538333333,0.0,0.0,0.0,true,5612,0
1773238284000,64.1234432,-21.7875538333333,5.0,0.0,0.0,true,5613,0
1773238284000,64.1234432,-21.7875538333333,0.0,0.0,0.0,true,5614,0
1773238286000,64.1234432,-21.7875538333333,2.0,0.0,0.0,true,5615,0
1773238286000,64.1234432,-21.7875538333333,0.0,0.0,0.0,true,5616,0
1773238290000,64.1234432,-21.7875538333333,4.0,0.0,0.0,true,5617,0
1773238292000,64.1234432,-21.7875538333333,2.0,0.0,0.0,true,5618,0
1773238292000,64.1234432,-21.7875538333333,0.0,0.0,0.0,true,5619,0
1773238294000,64.1234432,-21.7875538333333,2.0,0.0,0.0,true,5620,0
1773238300000,64.1234432,-21.7875538333333,6.0,0.0,0.0,true,5621,0
1773238300000,64.1234432,-21.7875538333333,0.0,0.0,0.0,true,5622,0
1773238302000,64.1234432,-21.7875538333333,2.0,0.0,0.0,true,5623,0
1773238302000,64.1234432,-21.7875538333333,0.0,0.0,0.0,true,5624,0
1773238309000,64.1234432,-21.7875538333333,7.0,0.0,0.0,true,5625,0
1773238309000,64.1234432,-21.7875538333333,0.0,0.0,0.0,true,5626,0
1773238309000,64.1234432,-21.7875538333333,0.0,0.0,0.0,true,5627,0
1773238315000,64.1234432,-21.7875538333333,6.0,0.0,0.0,true,5628,0
1773238315000,64.1234432,-21.7875538333333,0.0,0.0,0.0,true,5629,0
1773238315000,64.1234432,-21.7875538333333,0.0,0.0,0.0,true,5630,0
1773238320000,64.1234432,-21.7875538333333,5.0,0.0,0.0,true,5631,0
1773238322000,64.1234432,-21.7875538333333,2.0,0.0,0.0,true,5632,0
1773238322000,64.1234432,-21.7875538333333,0.0,0.0,0.0,true,5633,0
1773238326000,64.1234432,-21.7875538333333,4.0,0.0,0.0,true,5634,0
1773238328000,64.1234432,-21.7875538333333,2.0,0.0,0.0,true,5635,0
1773238328000,64.1234432,-21.7875538333333,0.0,0.0,0.0,true,5636,0
1773238330000,64.1234432,-21.7875538333333,2.0,0.0,0.0,true,5637,0
1773238332000,64.1234432,-21.7875538333333,2.0,0.0,0.0,true,5638,0
1773238332000,64.1234432,-21.7875538333333,0.0,0.0,0.0,true,5639,0
1773238335000,64.1234432,-21.7875538333333,3.0,0.0,0.0,true,5640,0
1773238337000,64.1234432,-21.7875538333333,2.0,0.0,0.0,true,5641,0
1773238342000,64.1234432,-21.7875538333333,5.0,0.0,0.0,true,5642,0
1773238342000,64.1234432,-21.7875538333333,0.0,0.0,0.0,true,5643,0
1773238345000,64.1234432,-21.7875538333333,3.0,0.0,0.0,true,5644,0
1773238345000,64.1234432,-21.7875538333333,0.0,0.0,0.0,true,5645,0
1773238349000,64.1234432,-21.7875538333333,4.0,0.0,0.0,true,5646,0
1773238349000,64.1234432,-21.7875538333333,0.0,0.0,0.0,true,5647,0
1773238351000,64.1234432,-21.7875538333333,2.0,0.0,0.0,true,5648,0
1773238354000,64.1234432,-21.7875538333333,3.0,0.0,0.0,true,5649,0
1773238354000,64.1234432,-21.7875538333333,0.0,0.0,0.0,true,5650,0
1773238356000,64.1234432,-21.7875538333333,2.0,0.0,0.0,true,5651,0
1773238362000,64.1234432,-21.7875538333333,6.0,0.0,0.0,true,5652,0
1773238362000,64.1234432,-21.7875538333333,0.0,0.0,0.0,true,5653,0
1773238364000,64.1234432,-21.7875538333333,2.0,0.0,0.0,true,5654,0
1773238368000,64.1234432,-21.7875538333333,4.0,0.0,0.0,true,5655,0
1773238368000,64.1234432,-21.7875538333333,0.0,0.0,0.0,true,5656,0
1773238371000,64.1234432,-21.7875538333333,3.0,0.0,0.0,true,5657,0
1773238373000,64.1234432,-21.7875538333333,2.0,0.0,0.0,true,5658,0
1773238373000,64.1234432,-21.7875538333333,0.0,0.0,0.0,true,5659,0
1773238375000,64.1234432,-21.7875538333333,2.0,0.0,0.0,true,5660,0
1773238377000,64.1234432,-21.7875538333333,2.0,0.0,0.0,true,5661,0
1773238377000,64.1234432,-21.7875538333333,0.0,0.0,0.0,true,5662,0
1773238382000,64.1234432,-21.7875538333333,5.0,0.0,0.0,true,5663,0
1773238382000,64.1234432,-21.7875538333333,0.0,0.0,0.0,true,5664,0
1773238386000,64.1234432,-21.7875538333333,4.0,0.0,0.0,true,5665,0
1773238388000,64.1234432,-21.7875538333333,2.0,0.0,0.0,true,5666,0
1773238388000,64.1234432,-21.7875538333333,0.0,0.0,0.0,true,5667,0
1773238391000,64.1234432,-21.7875538333333,3.0,0.0,0.0,true,5668,0
1773238395000,64.1234432,-21.7875538333333,4.0,0.0,0.0,true,5669,0
1773238395000,64.1234432,-21.7875538333333,0.0,0.0,0.0,true,5670,0
1773238397000,64.1234432,-21.7875538333333,2.0,0.0,0.0,true,5671,0
1773238401000,64.1234432,-21.7875538333333,4.0,0.0,0.0,true,5672,0
1773238403000,64.1234432,-21.7875538333333,2.0,0.0,0.0,true,5673,0
1773238405000,64.1234432,-21.7875538333333,2.0,0.0,0.0,true,5674,0
1773238407000,64.1234432,-21.7875538333333,2.0,0.0,0.0,true,5675,0
1773238407000,64.1234432,-21.7875538333333,0.0,0.0,0.0,true,5676,0
1773238412000,64.1234432,-21.7875538333333,5.0,0.0,0.0,true,5677,0
1773238412000,64.1234432,-21.7875538333333,0.0,0.0,0.0,true,5678,0
1773238414000,64.1234432,-21.7875538333333,2.0,0.0,0.0,true,5679,0
1773238416000,64.1234432,-21.7875538333333,2.0,0.0,0.0,true,5680,0
1773238416000,64.1234432,-21.7875538333333,0.0,0.0,0.0,true,5681,0
1773238418000,64.1234432,-21.7875538333333,2.0,0.0,0.0,true,5682,0
1773238422000,64.1234432,-21.7875538333333,4.0,0.0,0.0,true,5683,0
1773238422000,64.1234432,-21.7875538333333,0.0,0.0,0.0,true,5684,0
1773238428000,64.1234432,-21.7875538333333,6.0,0.0,0.0,true,5685,0
1773238428000,64.1234432,-21.7875538333333,0.0,0.0,0.0,true,5686,0
1773238428000,64.1234432,-21.7875538333333,0.0,0.0,0.0,true,5687,0
1773238433000,64.1234432,-21.7875538333333,5.0,0.0,0.0,true,5688,0
1773238435000,64.1234432,-21.7875538333333,2.0,0.0,0.0,true,5689,0
1773238435000,64.1234432,-21.7875538333333,0.0,0.0,0.0,true,5690,0
1773238439000,64.1234432,-21.7875538333333,4.0,0.0,0.0,true,5691,0
1773238439000,64.1234432,-21.7875538333333,0.0,0.0,0.0,true,5692,0
1773238441000,64.1234432,-21.7875538333333,2.0,0.0,0.0,true,5693,0
1773238443000,64.1234432,-21.7875538333333,2.0,0.0,0.0,true,5694,0
1773238446000,64.1234432,-21.7875538333333,3.0,0.0,0.0,true,5695,0
1773238448000,64.1234432,-21.7875538333333,2.0,0.0,0.0,true,5696,0
1773238451000,64.1234432,-21.7875538333333,3.0,0.0,0.0,true,5697,0
1773238455000,64.1234432,-21.7875538333333,4.0,0.0,0.0,true,5698,0
1773238455000,64.1234432,-21.7875538333333,0.0,0.0,0.0,true,5699,0
1773238457000,64.1234432,-21.7875538333333,2.0,0.0,0.0,true,5700,0
1773238457000,64.1234432,-21.7875538333333,0.0,0.0,0.0,true,5701,0
1773238460000,64.1234432,-21.7875538333333,3.0,0.0,0.0,true,5702,0
1773238465000,64.1234432,-21.7875538333333,5.0,0.0,0.0,true,5703,0
1773238465000,64.1234432,-21.7875538333333,0.0,0.0,0.0,true,5704,0
1773238468000,64.1234432,-21.7875538333333,3.0,0.0,0.0,true,5705,0
1773238471000,64.1234432,-21.7875538333333,3.0,0.0,0.0,true,5706,0
1773238471000,64.1234432,-21.7875538333333,0.0,0.0,0.0,true,5707,0
1773238473000,64.1234432,-21.7875538333333,2.0,0.0,0.0,true,5708,0
1773238473000,64.1234432,-21.7875538333333,0.0,0.0,0.0,true,5709,0
1773238473000,64.1234432,-21.7875538333333,0.0,0.0,0.0,true,5710,0
1773238477000,64.1234432,-21.7875538333333,4.0,0.0,0.0,true,5711,0
1773238477000,64.1234432,-21.7875538333333,0.0,0.0,0.0,true,5712,0
1773238480000,64.1234432,-21.7875538333333,3.0,0.0,0.0,true,5713,0
1773238486000,64.1234432,-21.7875538333333,6.0,0.0,0.0,true,5714,0
1773238486000,64.1234432,-21.7875538333333,0.0,0.0,0.0,true,5715,0
1773238488000,64.1234432,-21.7875538333333,2.0,0.0,0.0,true,5716,0
1773238492000,64.1234432,-21.7875538333333,4.0,0.0,0.0,true,5717,0
1773238492000,64.1234432,-21.7875538333333,0.0,0.0,0.0,true,5718,0
1773238492000,64.1234432,-21.7875538333333,0.0,0.0,0.0,true,5719,0
1773238497000,64.1234432,-21.7875538333333,5.0,0.0,0.0,true,5720,0
1773238499000,64.1234432,-21.7875538333333,2.0,0.0,0.0,true,5721,0
1773238499000,64.1234432,-21.7875538333333,0.0,0.0,0.0,true,5722,0
1773238504000,64.1234432,-21.7875538333333,5.0,0.0,0.0,true,5723,0
1773238504000,64.1234432,-21.7875538333333,0.0,0.0,0.0,true,5724,0
1773238504000,64.1234432,-21.7875538333333,0.0,0.0,0.0,true,5725,0
1773238508000,64.1234432,-21.7875538333333,4.0,0.0,0.0,true,5726,0
1773238508000,64.1234432,-21.7875538333333,0.0,0.0,0.0,true,5727,0
1773238513000,64.1234432,-21.7875538333333,5.0,0.0,0.0,true,5728,0
1773238515000,64.1234432,-21.7875538333333,2.0,0.0,0.0,true,5729,0
1773238515000,64.1234432,-21.7875538333333,0.0,0.0,0.0,true,5730,0
1773238517000,64.1234432,-21.7875538333333,2.0,0.0,0.0,true,5731,0
1773238517000,64.1234432,-21.7875538333333,0.0,0.0,0.0,true,5732,0
1773238521000,64.1234432,-21.7875538333333,4.0,0.0,0.0,true,5733,0
1773238523000,64.1234432,-21.7875538333333,2.0,0.0,0.0,true,5734,0
1773238523000,64.1234432,-21.7875538333333,0.0,0.0,0.0,true,5735,0
1773238528000,64.1234432,-21.7875538333333,5.0,0.0,0.0,true,5736,0
1773238531000,64.1234432,-21.7875538333333,3.0,0.0,0.0,true,5737,0
1773238531000,64.1234432,-21.7875538333333,0.0,0.0,0.0,true,5738,0
1773238533000,64.1234432,-21.7875538333333,2.0,0.0,0.0,true,5739,0
1773238533000,64.1234432,-21.7875538333333,0.0,0.0,0.0,true,5740,0
1773238533000,64.1234432,-21.7875538333333,0.0,0.0,0.0,true,5741,0
1773238539000,64.1234432,-21.7875538333333,6.0,0.0,0.0,true,5742,0
1773238542000,64.1234432,-21.7875538333333,3.0,0.0,0.0,true,5743,0
1773238542000,64.1234432,-21.7875538333333,0.0,0.0,0.0,true,5744,0
1773238546000,64.1234432,-21.7875538333333,4.0,0.0,0.0,true,5745,0
1773238550000,64.1234432,-21.7875538333333,4.0,0.0,0.0,true,5746,0
1773238550000,64.1234432,-21.7875538333333,0.0,0.0,0.0,true,5747,0
1773238553000,64.1234432,-21.7875538333333,3.0,0.0,0.0,true,5748,0
1773238553000,64.1234432,-21.7875538333333,0.0,0.0,0.0,true,5749,0
1773238555000,64.1234432,-21.7875538333333,2.0,0.0,0.0,true,5750,0
1773238559000,64.1234432,-21.7875538333333,4.0,0.0,0.0,true,5751,0
1773238559000,64.1234432,-21.7875538333333,0.0,0.0,0.0,true,5752,0
1773238561000,64.1234432,-21.7875538333333,2.0,0.0,0.0,true,5753,0
1773238563000,64.1234432,-21.7875538333333,2.0,0.0,0.0,true,5754,0
1773238563000,64.1234432,-21.7875538333333,0.0,0.0,0.0,true,5755,0
1773238568000,64.1234432,-21.7875538333333,5.0,0.0,0.0,true,5756,0
1773238570000,64.1234432,-21.7875538333333,2.0,0.0,0.0,true,5757,0
1773238570000,64.1234432,-21.7875538333333,0.0,0.0,0.0,true,5758,0
1773238575000,64.1234432,-21.7875538333333,5.0,0.0,0.0,true,5759,0
1773238575000,64.1234432,-21.7875538333333,0.0,0.0,0.0,true,5760,0
1773238575000,64.1234432,-21.7875538333333,0.0,0.0,0.0,true,5761,0
1773238581000,64.1234432,-21.7875538333333,6.0,0.0,0.0,true,5762,0
1773238581000,64.1234432,-21.7875538333333,0.0,0.0,0.0,true,5763,0
1773238585000,64.1234432,-21.7875538333333,4.0,0.0,0.0,true,5764,0
1773238585000,64.1234432,-21.7875538333333,0.0,0.0,0.0,true,5765,0
1773238585000,64.1234432,-21.7875538333333,0.0,0.0,0.0,true,5766,0
1773238590000,64.1234432,-21.7875538333333,5.0,0.0,0.0,true,5767,0
1773238592000,64.1234432,-21.7875538333333,2.0,0.0,0.0,true,5768,0
1773238594000,64.1234432,-21.7875538333333,2.0,0.0,0.0,true,5769,0
1773238594000,64.1234432,-21.7875538333333,0.0,0.0,0.0,true,5770,0
1773238598000,64.1234432,-21.7875538333333,4.0,0.0,0.0,true,5771,0
1773238598000,64.1234432,-21.7875538333333,0.0,0.0,0.0,true,5772,0
1773238600000,64.1234432,-21.7875538333333,2.0,0.0,0.0,true,5773,0
1773238605000,64.1234432,-21.7875538333333,5.0,0.0,0.0,true,5774,0
1773238605000,64.1234432,-21.7875538333333,0.0,0.0,0.0,true,5775,0
1773238609000,64.1234432,-21.7875538333333,4.0,0.0,0.0,true,5776,0
1773238611000,64.1234432,-21.7875538333333,2.0,0.0,0.0,true,5777,0
1773238611000,64.1234432,-21.7875538333333,0.0,0.0,0.0,true,5778,0
1773238613000,64.1234432,-21.7875538333333,2.0,0.0,0.0,true,5779,0
1773238616000,64.1234432,-21.7875538333333,3.0,0.0,0.0,true,5780,0
1773238616000,64.1234432,-21.7875538333333,0.0,0.0,0.0,true,5781,0
1773238620000,64.1234432,-21.7875538333333,4.0,0.0,0.0,true,5782,0
1773238620000,64.1234432,-21.7875538333333,0.0,0.0,0.0,true,5783,0
1773238620000,64.1234432,-21.7875538333333,0.0,0.0,0.0,true,5784,0
1773238626000,64.1234432,-21.7875538333333,6.0,0.0,0.0,true,5785,0
1773238626000,64.1234432,-21.7875538333333,0.0,0.0,0.0,true,5786,0
1773238631000,64.1234432,-21.7875538333333,5.0,0.0,0.0,true,5787,0
1773238633000,64.1234432,-21.7875538333333,2.0,0.0,0.0,true,5788,0
1773238633000,64.1234432,-21.7875538333333,0.0,0.0,0.0,true,5789,0
1773238636000,64.1234432,-21.7875538333333,3.0,0.0,0.0,true,5790,0
1773238640000,64.1234432,-21.7875538333333,4.0,0.0,0.0,true,5791,0
1773238640000,64.1234432,-21.7875538333333,0.0,0.0,0.0,true,5792,0
1773238642000,64.1234432,-21.7875538333333,2.0,0.0,0.0,true,5793,0
1773238645000,64.1234432,-21.7875538333333,3.0,0.0,0.0,true,5794,0
1773238645000,64.1234432,-21.7875538333333,0.0,0.0,0.0,true,5795,0
1773238648000,64.1234432,-21.7875538333333,3.0,0.0,0.0,true,5796,0
1773238651000,64.1234432,-21.7875538333333,3.0,0.0,0.0,true,5797,0
1773238651000,64.1234432,-21.7875538333333,0.0,0.0,0.0,true,5798,0
1773238653000,64.1234432,-21.7875538333333,2.0,0.0,0.0,true,5799,0
1773238656000,64.1234432,-21.7875538333333,3.0,0.0,0.0,true,5800,0
1773238656000,64.1234432,-21.7875538333333,0.0,0.0,0.0,true,5801,0
1773238660000,64.1234432,-21.7875538333333,4.0,0.0,0.0,true,5802,0
1773238665000,64.1234432,-21.7875538333333,5.0,0.0,0.0,true,5803,0
1773238665000,64.1234432,-21.7875538333333,0.0,0.0,0.0,true,5804,0
1773238667000,64.1234432,-21.7875538333333,2.0,0.0,0.0,true,5805,0
1773238667000,64.1234432,-21.7875538333333,0.0,0.0,0.0,true,5806,0
1773238669000,64.1234432,-21.7875538333333,2.0,0.0,0.0,true,5807,0
1773238672000,64.1234432,-21.7875538333333,3.0,0.0,0.0,true,5808,0
1773238672000,64.1234432,-21.7875538333333,0.0,0.0,0.0,true,5809,0
1773238676000,64.1234432,-21.7875538333333,4.0,0.0,0.0,true,5810,0
1773238678000,64.1234432,-21.7875538333333,2.0,0.0,0.0,true,5811,0
1773238678000,64.1234432,-21.7875538333333,0.0,0.0,0.0,true,5812,0
1773238681000,64.1234432,-21.7875538333333,3.0,0.0,0.0,true,5813,0
1773238683000,64.1234432,-21.7875538333333,2.0,0.0,0.0,true,5814,0
1773238683000,64.1234432,-21.7875538333333,0.0,0.0,0.0,true,5815,0
1773238689000,64.1234432,-21.7875538333333,6.0,0.0,0.0,true,5816,0
1773238693000,64.1234432,-21.7875538333333,4.0,0.0,0.0,true,5817,0
1773238693000,64.1234432,-21.7875538333333,0.0,0.0,0.0,true,5818,0
1773238693000,64.1234432,-21.7875538333333,0.0,0.0,0.0,true,5819,0
1773238698000,64.1234432,-21.7875538333333,5.0,0.0,0.0,true,5820,0
1773238698000,64.1234432,-21.7875538333333,0.0,0.0,0.0,true,5821,0
1773238698000,64.1234432,-21.7875538333333,0.0,0.0,0.0,true,5822,0
1773238698000,64.1234432,-21.7875538333333,0.0,0.0,0.0,true,5823,0
1773238706000,64.1234432,-21.7875538333333,8.0,0.0,0.0,true,5824,0
1773238708000,64.1234432,-21.7875538333333,2.0,0.0,0.0,true,5825,0
1773238708000,64.1234432,-21.7875538333333,0.0,0.0,0.0,true,5826,0
1773238711000,64.1234432,-21.7875538333333,3.0,0.0,0.0,true,5827,0
1773238713000,64.1234432,-21.7875538333333,2.0,0.0,0.0,true,5828,0
1773238713000,64.1234432,-21.7875538333333,0.0,0.0,0.0,true,5829,0
1773238716000,64.1234432,-21.7875538333333,3.0,0.0,0.0,true,5830,0
1773238718000,64.1234432,-21.7875538333333,2.0,0.0,0.0,true,5831,0
1773238718000,64.1234432,-21.7875538333333,0.0,0.0,0.0,true,5832,0
1773238722000,64.1234432,-21.7875538333333,4.0,0.0,0.0,true,5833,0
1773238727000,64.1234432,-21.7875538333333,5.0,0.0,0.0,true,5834,0
1773238727000,64.1234432,-21.7875538333333,0.0,0.0,0.0,true,5835,0
1773238729000,64.1234432,-21.7875538333333,2.0,0.0,0.0,true,5836,0
1773238733000,64.1234432,-21.7875538333333,4.0,0.0,0.0,true,5837,0
1773238733000,64.1234432,-21.7875538333333,0.0,0.0,0.0,true,5838,0
1773238735000,64.1234432,-21.7875538333333,2.0,0.0,0.0,true,5839,0
1773238735000,64.1234432,-21.7875538333333,0.0,0.0,0.0,true,5840,0
1773238738000,64.1234432,-21.7875538333333,3.0,0.0,0.0,true,5841,0
1773238738000,64.1234432,-21.7875538333333,0.0,0.0,0.0,true,5842,0
1773238738000,64.1234432,-21.7875538333333,0.0,0.0,0.0,true,5843,0
1773238744000,64.1234432,-21.7875538333333,6.0,0.0,0.0,true,5844,0
1773238749000,64.1234432,-21.7875538333333,5.0,0.0,0.0,true,5845,0
1773238749000,64.1234432,-21.7875538333333,0.0,0.0,0.0,true,5846,0
1773238749000,64.1234432,-21.7875538333333,0.0,0.0,0.0,true,5847,0
1773238753000,64.1234432,-21.7875538333333,4.0,0.0,0.0,true,5848,0
1773238753000,64.1234432,-21.7875538333333,0.0,0.0,0.0,true,5849,0
1773238755000,64.1234432,-21.7875538333333,2.0,0.0,0.0,true,5850,0
1773238759000,64.1234432,-21.7875538333333,4.0,0.0,0.0,true,5851,0
1773238759000,64.1234432,-21.7875538333333,0.0,0.0,0.0,true,5852,0
1773238762000,64.1234432,-21.7875538333333,3.0,0.0,0.0,true,5853,0
1773238764000,64.1234432,-21.7875538333333,2.0,0.0,0.0,true,5854,0
1773238768000,64.1234432,-21.7875538333333,4.0,0.0,0.0,true,5855,0
1773238770000,64.1234432,-21.7875538333333,2.0,0.0,0.0,true,5856,0
1773238770000,64.1234432,-21.7875538333333,0.0,0.0,0.0,true,5857,0
1773238772000,64.1234432,-21.7875538333333,2.0,0.0,0.0,true,5858,0
1773238774000,64.1234432,-21.7875538333333,2.0,0.0,0.0,true,5859,0
1773238774000,64.1234432,-21.7875538333333,0.0,0.0,0.0,true,5860,0
1773238779000,64.1234432,-21.7875538333333,5.0,0.0,0.0,true,5861,0
1773238779000,64.1234432,-21.7875538333333,0.0,0.0,0.0,true,5862,0
1773238779000,64.1234432,-21.7875538333333,0.0,0.0,0.0,true,5863,0
1773238784000,64.1234432,-21.7875538333333,5.0,0.0,0.0,true,5864,0
1773238789000,64.1234432,-21.7875538333333,5.0,0.0,0.0,true,5865,0
1773238789000,64.1234432,-21.7875538333333,0.0,0.0,0.0,true,5866,0
1773238791000,64.1234432,-21.7875538333333,2.0,0.0,0.0,true,5867,0
1773238795000,64.1234432,-21.7875538333333,4.0,0.0,0.0,true,5868,0
1773238795000,64.1234432,-21.7875538333333,0.0,0.0,0.0,true,5869,0
1773238797000,64.1234432,-21.7875538333333,2.0,0.0,0.0,true,5870,0
1773238799000,64.1234432,-21.7875538333333,2.0,0.0,0.0,true,5871,0
1773238799000,64.1234432,-21.7875538333333,0.0,0.0,0.0,true,5872,0
1773238799000,64.1234432,-21.7875538333333,0.0,0.0,0.0,true,5873,0
1773238799000,64.1234432,-21.7875538333333,0.0,0.0,0.0,true,5874,0
1773238806000,64.1234432,-21.7875538333333,7.0,0.0,0.0,true,5875,0
1773238811000,64.1234432,-21.7875538333333,5.0,0.0,0.0,true,5876,0
1773238811000,64.1234432,-21.7875538333333,0.0,0.0,0.0,true,5877,0
1773238813000,64.1234432,-21.7875538333333,2.0,0.0,0.0,true,5878,0
1773238816000,64.1234432,-21.7875538333333,3.0,0.0,0.0,true,5879,0
1773238816000,64.1234432,-21.7875538333333,0.0,0.0,0.0,true,5880,0
1773238819000,64.1234432,-21.7875538333333,3.0,0.0,0.0,true,5881,0
1773238821000,64.1234432,-21.7875538333333,2.0,0.0,0.0,true,5882,0
1773238821000,64.1234432,-21.7875538333333,0.0,0.0,0.0,true,5883,0
1773238824000,64.1234432,-21.7875538333333,3.0,0.0,0.0,true,5884,0
1773238827000,64.1234432,-21.7875538333333,3.0,0.0,0.0,true,5885,0
1773238827000,64.1234432,-21.7875538333333,0.0,0.0,0.0,true,5886,0
1773238832000,64.1234432,-21.7875538333333,5.0,0.0,0.0,true,5887,0
1773238834000,64.1234432,-21.7875538333333,2.0,0.0,0.0,true,5888,0
1773238834000,64.1234432,-21.7875538333333,0.0,0.0,0.0,true,5889,0
1773238836000,64.1234432,-21.7875538333333,2.0,0.0,0.0,true,5890,0
1773238836000,64.1234432,-21.7875538333333,0.0,0.0,0.0,true,5891,0
1773238839000,64.1234432,-21.7875538333333,3.0,0.0,0.0,true,5892,0
1773238841000,64.1234432,-21.7875538333333,2.0,0.0,0.0,true,5893,0
1773238841000,64.1234432,-21.7875538333333,0.0,0.0,0.0,true,5894,0
1773238845000,64.1234432,-21.7875538333333,4.0,0.0,0.0,true,5895,0
1773238847000,64.1234432,-21.7875538333333,2.0,0.0,0.0,true,5896,0
1773238847000,64.1234432,-21.7875538333333,0.0,0.0,0.0,true,5897,0
1773238850000,64.1234432,-21.7875538333333,3.0,0.0,0.0,true,5898,0
1773238854000,64.1234432,-21.7875538333333,4.0,0.0,0.0,true,5899,0
1773238860000,64.1234432,-21.7875538333333,6.0,0.0,0.0,true,5900,0
1773238860000,64.1234432,-21.7875538333333,0.0,0.0,0.0,true,5901,0
1773238862000,64.1234432,-21.7875538333333,2.0,0.0,0.0,true,5902,0
1773238864000,64.1234432,-21.7875538333333,2.0,0.0,0.0,true,5903,0
1773238864000,64.1234432,-21.7875538333333,0.0,0.0,0.0,true,5904,0
1773238871000,64.1234432,-21.7875538333333,7.0,0.0,0.0,true,5905,0
1773238871000,64.1234432,-21.7875538333333,0.0,0.0,0.0,true,5906,0
1773238873000,64.1234432,-21.7875538333333,2.0,0.0,0.0,true,5907,0
1773238875000,64.1234432,-21.7875538333333,2.0,0.0,0.0,true,5908,0
1773238875000,64.1234432,-21.7875538333333,0.0,0.0,0.0,true,5909,0
1773238880000,64.1234432,-21.7875538333333,5.0,0.0,0.0,true,5910,0
1773238880000,64.1234432,-21.7875538333333,0.0,0.0,0.0,true,5911,0
1773238880000,64.1234432,-21.7875538333333,0.0,0.0,0.0,true,5912,0
1773238884000,64.1234432,-21.7875538333333,4.0,0.0,0.0,true,5913,0
1773238892000,64.1234432,-21.7875538333333,8.0,0.0,0.0,true,5914,0
1773238892000,64.1234432,-21.7875538333333,0.0,0.0,0.0,true,5915,0
1773238894000,64.1234432,-21.7875538333333,2.0,0.0,0.0,true,5916,0
1773238897000,64.1234432,-21.7875538333333,3.0,0.0,0.0,true,5917,0
1773238897000,64.1234432,-21.7875538333333,0.0,0.0,0.0,true,5918,0
1773238901000,64.1234432,-21.7875538333333,4.0,0.0,0.0,true,5919,0
1773238901000,64.1234432,-21.7875538333333,0.0,0.0,0.0,true,5920,0
1773238905000,64.1234432,-21.7875538333333,4.0,0.0,0.0,true,5921,0
1773238907000,64.1234432,-21.7875538333333,2.0,0.0,0.0,true,5922,0
1773238907000,64.1234432,-21.7875538333333,0.0,0.0,0.0,true,5923,0
1773238907000,64.1234432,-21.7875538333333,0.0,0.0,0.0,true,5924,0
1773238913000,64.1234432,-21.7875538333333,6.0,0.0,0.0,true,5925,0
1773238913000,64.1234432,-21.7875538333333,0.0,0.0,0.0,true,5926,0
1773238915000,64.1234432,-21.7875538333333,2.0,0.0,0.0,true,5927,0
1773238917000,64.1234432,-21.7875538333333,2.0,0.0,0.0,true,5928,0
1773238922000,64.1234432,-21.7875538333333,5.0,0.0,0.0,true,5929,0
1773238922000,64.1234432,-21.7875538333333,0.0,0.0,0.0,true,5930,0
1773238926000,64.1234432,-21.7875538333333,4.0,0.0,0.0,true,5931,0
1773238926000,64.1234432,-21.7875538333333,0.0,0.0,0.0,true,5932,0
1773238928000,64.1234432,-21.7875538333333,2.0,0.0,0.0,true,5933,0
1773238932000,64.1234432,-21.7875538333333,4.0,0.0,0.0,true,5934,0
1773238932000,64.1234432,-21.7875538333333,0.0,0.0,0.0,true,5935,0
1773238932000,64.1234432,-21.7875538333333,0.0,0.0,0.0,true,5936,0
1773238937000,64.1234432,-21.7875538333333,5.0,0.0,0.0,true,5937,0
1773238937000,64.1234432,-21.7875538333333,0.0,0.0,0.0,true,5938,0
1773238941000,64.1234432,-21.7875538333333,4.0,0.0,0.0,true,5939,0
1773238944000,64.1234432,-21.7875538333333,3.0,0.0,0.0,true,5940,0
1773238944000,64.1234432,-21.7875538333333,0.0,0.0,0.0,true,5941,0
1773238946000,64.1234432,-21.7875538333333,2.0,0.0,0.0,true,5942,0
1773238949000,64.1234432,-21.7875538333333,3.0,0.0,0.0,true,5943,0
1773238949000,64.1234432,-21.7875538333333,0.0,0.0,0.0,true,5944,0
1773238953000,64.1234432,-21.7875538333333,4.0,0.0,0.0,true,5945,0
1773238955000,64.1234432,-21.7875538333333,2.0,0.0,0.0,true,5946,0
1773238955000,64.1234432,-21.7875538333333,0.0,0.0,0.0,true,5947,0
1773238958000,64.1234432,-21.7875538333333,3.0,0.0,0.0,true,5948,0
1773238960000,64.1234432,-21.7875538333333,2.0,0.0,0.0,true,5949,0
1773238964000,64.1234432,-21.7875538333333,4.0,0.0,0.0,true,5950,0
1773238964000,64.1234432,-21.7875538333333,0.0,0.0,0.0,true,5951,0
1773238966000,64.1234432,-21.7875538333333,2.0,0.0,0.0,true,5952,0
1773238970000,64.1234432,-21.7875538333333,4.0,0.0,0.0,true,5953,0
1773238972000,64.1234432,-21.7875538333333,2.0,0.0,0.0,true,5954,0
1773238975000,64.1234432,-21.7875538333333,3.0,0.0,0.0,true,5955,0
1773238975000,64.1234432,-21.7875538333333,0.0,0.0,0.0,true,5956,0
1773238977000,64.1234432,-21.7875538333333,2.0,0.0,0.0,true,5957,0
1773238977000,64.1234432,-21.7875538333333,0.0,0.0,0.0,true,5958,0
1773238981000,64.1234432,-21.7875538333333,4.0,0.0,0.0,true,5959,0
1773238985000,64.1234432,-21.7875538333333,4.0,0.0,0.0,true,5960,0
1773238985000,64.1234432,-21.7875538333333,0.0,0.0,0.0,true,5961,0
1773238985000,64.1234432,-21.7875538333333,0.0,0.0,0.0,true,5962,0
1773238988000,64.1234432,-21.7875538333333,3.0,0.0,0.0,true,5963,0
1773238994000,64.1234432,-21.7875538333333,6.0,0.0,0.0,true,5964,0
1773238994000,64.1234432,-21.7875538333333,0.0,0.0,0.0,true,5965,0
1773238996000,64.1234432,-21.7875538333333,2.0,0.0,0.0,true,5966,0
1773238996000,64.1234432,-21.7875538333333,0.0,0.0,0.0,true,5967,0
1773238999000,64.1234432,-21.7875538333333,3.0,0.0,0.0,true,5968,0
1773238999000,64.1234432,-21.7875538333333,0.0,0.0,0.0,true,5969,0
1773239001000,64.1234432,-21.7875538333333,2.0,0.0,0.0,true,5970,0
1773239005000,64.1234432,-21.7875538333333,4.0,0.0,0.0,true,5971,0
1773239007000,64.1234432,-21.7875538333333,2.0,0.0,0.0,true,5972,0
1773239009000,64.1234432,-21.7875538333333,2.0,0.0,0.0,true,5973,0
1773239012000,64.1234432,-21.7875538333333,3.0,0.0,0.0,true,5974,0
1773239012000,64.1234432,-21.7875538333333,0.0,0.0,0.0,true,5975,0
1773239015000,64.1234432,-21.7875538333333,3.0,0.0,0.0,true,5976,0
1773239017000,64.1234432,-21.7875538333333,2.0,0.0,0.0,true,5977,0
1773239017000,64.1234432,-21.7875538333333,0.0,0.0,0.0,true,5978,0
1773239020000,64.1234432,-21.7875538333333,3.0,0.0,0.0,true,5979,0
1773239022000,64.1234432,-21.7875538333333,2.0,0.0,0.0,true,5980,0
1773239022000,64.1234432,-21.7875538333333,0.0,0.0,0.0,true,5981,0
1773239025000,64.1234432,-21.7875538333333,3.0,0.0,0.0,true,5982,0
1773239028000,64.1234432,-21.7875538333333,3.0,0.0,0.0,true,5983,0
1773239031000,64.1234432,-21.7875538333333,3.0,0.0,0.0,true,5984,0
1773239031000,64.1234432,-21.7875538333333,0.0,0.0,0.0,true,5985,0
1773239036000,64.1234432,-21.7875538333333,5.0,0.0,0.0,true,5986,0
1773239036000,64.1234432,-21.7875538333333,0.0,0.0,0.0,true,5987,0
1773239039000,64.1234432,-21.7875538333333,3.0,0.0,0.0,true,5988,0
1773239039000,64.1234432,-21.7875538333333,0.0,0.0,0.0,true,5989,0
1773239041000,64.1234432,-21.7875538333333,2.0,0.0,0.0,true,5990,0
1773239043000,64.1234432,-21.7875538333333,2.0,0.0,0.0,true,5991,0
1773239043000,64.1234432,-21.7875538333333,0.0,0.0,0.0,true,5992,0
1773239048000,64.1234432,-21.7875538333333,5.0,0.0,0.0,true,5993,0
1773239051000,64.1234432,-21.7875538333333,3.0,0.0,0.0,true,5994,0
1773239053000,64.1234432,-21.7875538333333,2.0,0.0,0.0,true,5995,0
1773239053000,64.1234432,-21.7875538333333,0.0,0.0,0.0,true,5996,0
1773239057000,64.1234432,-21.7875538333333,4.0,0.0,0.0,true,5997,0
1773239057000,64.1234432,-21.7875538333333,0.0,0.0,0.0,true,5998,0
1773239062000,64.1234432,-21.7875538333333,5.0,0.0,0.0,true,5999,0
1773239064000,64.1234432,-21.7875538333333,2.0,0.0,0.0,true,6000,0
1773239066000,64.1234432,-21.7875538333333,2.0,0.0,0.0,true,6001,0
1773239066000,64.1234432,-21.7875538333333,0.0,0.0,0.0,true,6002,0
1773239068000,64.1234432,-21.7875538333333,2.0,0.0,0.0,true,6003,0
1773239068000,64.1234432,-21.7875538333333,0.0,0.0,0.0,true,6004,0
1773239072000,64.1234432,-21.7875538333333,4.0,0.0,0.0,true,6005,0
1773239074000,64.1234432,-21.7875538333333,2.0,0.0,0.0,true,6006,0
1773239074000,64.1234432,-21.7875538333333,0.0,0.0,0.0,true,6007,0
1773239078000,64.1234432,-21.7875538333333,4.0,0.0,0.0,true,6008,0
1773239080000,64.1234432,-21.7875538333333,2.0,0.0,0.0,true,6009,0
1773239082000,64.1234432,-21.7875538333333,2.0,0.0,0.0,true,6010,0
1773239085000,64.1234432,-21.7875538333333,3.0,0.0,0.0,true,6011,0
1773239085000,64.1234432,-21.7875538333333,0.0,0.0,0.0,true,6012,0
1773239089000,64.1234432,-21.7875538333333,4.0,0.0,0.0,true,6013,0
1773239091000,64.1234432,-21.7875538333333,2.0,0.0,0.0,true,6014,0
1773239093000,64.1234432,-21.7875538333333,2.0,0.0,0.0,true,6015,0
1773239093000,64.1234432,-21.7875538333333,0.0,0.0,0.0,true,6016,0
1773239097000,64.1234432,-21.7875538333333,4.0,0.0,0.0,true,6017,0
1773239097000,64.1234432,-21.7875538333333,0.0,0.0,0.0,true,6018,0
1773239102000,64.1234432,-21.7875538333333,5.0,0.0,0.0,true,6019,0
1773239104000,64.1234432,-21.7875538333333,2.0,0.0,0.0,true,6020,0
1773239104000,64.1234432,-21.7875538333333,0.0,0.0,0.0,true,6021,0
1773239108000,64.1234432,-21.7875538333333,4.0,0.0,0.0,true,6022,0
1773239108000,64.1234432,-21.7875538333333,0.0,0.0,0.0,true,6023,0
1773239108000,64.1234432,-21.7875538333333,0.0,0.0,0.0,true,6024,0
1773239111000,64.1234432,-21.7875538333333,3.0,0.0,0.0,true,6025,0
1773239113000,64.1234432,-21.7875538333333,2.0,0.0,0.0,true,6026,0
1773239113000,64.1234432,-21.7875538333333,0.0,0.0,0.0,true,6027,0
1773239118000,64.1234432,-21.7875538333333,5.0,0.0,0.0,true,6028,0
1773239120000,64.1234432,-21.7875538333333,2.0,0.0,0.0,true,6029,0
1773239124000,64.1234432,-21.7875538333333,4.0,0.0,0.0,true,6030,0
1773239124000,64.1234432,-21.7875538333333,0.0,0.0,0.0,true,6031,0
1773239126000,64.1234432,-21.7875538333333,2.0,0.0,0.0,true,6032,0
1773239130000,64.1234432,-21.7875538333333,4.0,0.0,0.0,true,6033,0
1773239132000,64.1234432,-21.7875538333333,2.0,0.0,0.0,true,6034,0
1773239134000,64.1234432,-21.7875538333333,2.0,0.0,0.0,true,6035,0
1773239137000,64.1234432,-21.7875538333333,3.0,0.0,0.0,true,6036,0
1773239137000,64.1234432,-21.7875538333333,0.0,0.0,0.0,true,6037,0
1773239141000,64.1234432,-21.7875538333333,4.0,0.0,0.0,true,6038,0
1773239141000,64.1234432,-21.7875538333333,0.0,0.0,0.0,true,6039,0
1773239144000,64.1234432,-21.7875538333333,3.0,0.0,0.0,true,6040,0
1773239147000,64.1234432,-21.7875538333333,3.0,0.0,0.0,true,6041,0
1773239151000,64.1234432,-21.7875538333333,4.0,0.0,0.0,true,6042,0
1773239151000,64.1234432,-21.7875538333333,0.0,0.0,0.0,true,6043,0
1773239160000,64.1234432,-21.7875538333333,9.0,0.0,0.0,true,6044,0
1773239160000,64.1234432,-21.7875538333333,0.0,0.0,0.0,true,6045,0
1773239162000,64.1234432,-21.7875538333333,2.0,0.0,0.0,true,6046,0
1773239162000,64.1234432,-21.7875538333333,0.0,0.0,0.0,true,6047,0
1773239164000,64.1234432,-21.7875538333333,2.0,0.0,0.0,true,6048,0
1773239164000,64.1234432,-21.7875538333333,0.0,0.0,0.0,true,6049,0
1773239168000,64.1234432,-21.7875538333333,4.0,0.0,0.0,true,6050,0
1773239168000,64.1234432,-21.7875538333333,0.0,0.0,0.0,true,6051,0
1773239173000,64.1234432,-21.7875538333333,5.0,0.0,0.0,true,6052,0
1773239175000,64.1234432,-21.7875538333333,2.0,0.0,0.0,true,6053,0
1773239177000,64.1234432,-21.7875538333333,2.0,0.0,0.0,true,6054,0
1773239177000,64.1234432,-21.7875538333333,0.0,0.0,0.0,true,6055,0
1773239181000,64.1234432,-21.7875538333333,4.0,0.0,0.0,true,6056,0
1773239185000,64.1234432,-21.7875538333333,4.0,0.0,0.0,true,6057,0
1773239187000,64.1234432,-21.7875538333333,2.0,0.0,0.0,true,6058,0
1773239187000,64.1234432,-21.7875538333333,0.0,0.0,0.0,true,6059,0
1773239189000,64.1234432,-21.7875538333333,2.0,0.0,0.0,true,6060,0
1773239192000,64.1234432,-21.7875538333333,3.0,0.0,0.0,true,6061,0
1773239192000,64.1234432,-21.7875538333333,0.0,0.0,0.0,true,6062,0
1773239194000,64.1234432,-21.7875538333333,2.0,0.0,0.0,true,6063,0
1773239196000,64.1234432,-21.7875538333333,2.0,0.0,0.0,true,6064,0
1773239199000,64.1234432,-21.7875538333333,3.0,0.0,0.0,true,6065,0
1773239199000,64.1234432,-21.7875538333333,0.0,0.0,0.0,true,6066,0
1773239202000,64.1234432,-21.7875538333333,3.0,0.0,0.0,true,6067,0
1773239205000,64.1234432,-21.7875538333333,3.0,0.0,0.0,true,6068,0
1773239205000,64.1234432,-21.7875538333333,0.0,0.0,0.0,true,6069,0
1773239208000,64.1234432,-21.7875538333333,3.0,0.0,0.0,true,6070,0
1773239208000,64.1234432,-21.7875538333333,0.0,0.0,0.0,true,6071,0
1773239213000,64.1234432,-21.7875538333333,5.0,0.0,0.0,true,6072,0
1773239216000,64.1234432,-21.7875538333333,3.0,0.0,0.0,true,6073,0
1773239216000,64.1234432,-21.7875538333333,0.0,0.0,0.0,true,6074,0
1773239220000,64.1234432,-21.7875538333333,4.0,0.0,0.0,true,6075,0
1773239220000,64.1234432,-21.7875538333333,0.0,0.0,0.0,true,6076,0
1773239220000,64.1234432,-21.7875538333333,0.0,0.0,0.0,true,6077,0
1773239224000,64.1234432,-21.7875538333333,4.0,0.0,0.0,true,6078,0
1773239228000,64.1234432,-21.7875538333333,4.0,0.0,0.0,true,6079,0
1773239228000,64.1234432,-21.7875538333333,0.0,0.0,0.0,true,6080,0
1773239231000,64.1234432,-21.7875538333333,3.0,0.0,0.0,true,6081,0
1773239233000,64.1234432,-21.7875538333333,2.0,0.0,0.0,true,6082,0
1773239233000,64.1234432,-21.7875538333333,0.0,0.0,0.0,true,6083,0
1773239238000,64.1234432,-21.7875538333333,5.0,0.0,0.0,true,6084,0
1773239238000,64.1234432,-21.7875538333333,0.0,0.0,0.0,true,6085,0
1773239240000,64.1234432,-21.7875538333333,2.0,0.0,0.0,true,6086,0
1773239243000,64.1234432,-21.7875538333333,3.0,0.0,0.0,true,6087,0
1773239243000,64.1234432,-21.7875538333333,0.0,0.0,0.0,true,6088,0
1773239243000,64.1234432,-21.7875538333333,0.0,0.0,0.0,true,6089,0
1773239247000,64.1234432,-21.7875538333333,4.0,0.0,0.0,true,6090,0
1773239247000,64.1234432,-21.7875538333333,0.0,0.0,0.0,true,6091,0
1773239251000,64.1234432,-21.7875538333333,4.0,0.0,0.0,true,6092,0
1773239254000,64.1234432,-21.7875538333333,3.0,0.0,0.0,true,6093,0
1773239257000,64.1234432,-21.7875538333333,3.0,0.0,0.0,true,6094,0
1773239257000,64.1234432,-21.7875538333333,0.0,0.0,0.0,true,6095,0
1773239260000,64.1234432,-21.7875538333333,3.0,0.0,0.0,true,6096,0
1773239260000,64.1234432,-21.7875538333333,0.0,0.0,0.0,true,6097,0
1773239262000,64.1234432,-21.7875538333333,2.0,0.0,0.0,true,6098,0
1773239266000,64.1234432,-21.7875538333333,4.0,0.0,0.0,true,6099,0
1773239271000,64.1234432,-21.7875538333333,5.0,0.0,0.0,true,6100,0
1773239271000,64.1234432,-21.7875538333333,0.0,0.0,0.0,true,6101,0
1773239274000,64.1234432,-21.7875538333333,3.0,0.0,0.0,true,6102,0
1773239274000,64.1234432,-21.7875538333333,0.0,0.0,0.0,true,6103,0
1773239277000,64.1234432,-21.7875538333333,3.0,0.0,0.0,true,6104,0
1773239279000,64.1234432,-21.7875538333333,2.0,0.0,0.0,true,6105,0
1773239279000,64.1234432,-21.7875538333333,0.0,0.0,0.0,true,6106,0
1773239282000,64.1234432,-21.7875538333333,3.0,0.0,0.0,true,6107,0
1773239286000,64.1234432,-21.7875538333333,4.0,0.0,0.0,true,6108,0
1773239286000,64.1234432,-21.7875538333333,0.0,0.0,0.0,true,6109,0
1773239288000,64.1234432,-21.7875538333333,2.0,0.0,0.0,true,6110,0
1773239291000,64.1234432,-21.7875538333333,3.0,0.0,0.0,true,6111,0
1773239293000,64.1234432,-21.7875538333333,2.0,0.0,0.0,true,6112,0
1773239297000,64.1234432,-21.7875538333333,4.0,0.0,0.0,true,6113,0
1773239297000,64.1234432,-21.7875538333333,0.0,0.0,0.0,true,6114,0
1773239300000,64.1234432,-21.7875538333333,3.0,0.0,0.0,true,6115,0
1773239302000,64.1234432,-21.7875538333333,2.0,0.0,0.0,true,6116,0
1773239302000,64.1234432,-21.7875538333333,0.0,0.0,0.0,true,6117,0
1773239302000,64.1234432,-21.7875538333333,0.0,0.0,0.0,true,6118,0
1773239308000,64.1234432,-21.7875538333333,6.0,0.0,0.0,true,6119,0
1773239308000,64.1234432,-21.7875538333333,0.0,0.0,0.0,true,6120,0
1773239308000,64.1234432,-21.7875538333333,0.0,0.0,0.0,true,6121,0
1773239312000,64.1234432,-21.7875538333333,4.0,0.0,0.0,true,6122,0
1773239314000,64.1234432,-21.7875538333333,2.0,0.0,0.0,true,6123,0
1773239314000,64.1234432,-21.7875538333333,0.0,0.0,0.0,true,6124,0
1773239319000,64.1234432,-21.7875538333333,5.0,0.0,0.0,true,6125,0
1773239323000,64.1234432,-21.7875538333333,4.0,0.0,0.0,true,6126,0
1773239323000,64.1234432,-21.7875538333333,0.0,0.0,0.0,true,6127,0
1773239323000,64.1234432,-21.7875538333333,0.0,0.0,0.0,true,6128,0
1773239327000,64.1234432,-21.7875538333333,4.0,0.0,0.0,true,6129,0
1773239327000,64.1234432,-21.7875538333333,0.0,0.0,0.0,true,6130,0
1773239329000,64.1234432,-21.7875538333333,2.0,0.0,0.0,true,6131,0
1773239332000,64.1234432,-21.7875538333333,3.0,0.0,0.0,true,6132,0
1773239336000,64.1234432,-21.7875538333333,4.0,0.0,0.0,true,6133,0
1773239338000,64.1234432,-21.7875538333333,2.0,0.0,0.0,true,6134,0
1773239338000,64.1234432,-21.7875538333333,0.0,0.0,0.0,true,6135,0
1773239343000,64.1234432,-21.7875538333333,5.0,0.0,0.0,true,6136,0
1773239345000,64.1234432,-21.7875538333333,2.0,0.0,0.0,true,6137,0
1773239345000,64.1234432,-21.7875538333333,0.0,0.0,0.0,true,6138,0
1773239347000,64.1234432,-21.7875538333333,2.0,0.0,0.0,true,6139,0
1773239347000,64.1234432,-21.7875538333333,0.0,0.0,0.0,true,6140,0
1773239347000,64.1234432,-21.7875538333333,0.0,0.0,0.0,true,6141,0
1773239351000,64.1234432,-21.7875538333333,4.0,0.0,0.0,true,6142,0
1773239355000,64.1234432,-21.7875538333333,4.0,0.0,0.0,true,6143,0
1773239357000,64.1234432,-21.7875538333333,2.0,0.0,0.0,true,6144,0
1773239361000,64.1234432,-21.7875538333333,4.0,0.0,0.0,true,6145,0
1773239363000,64.1234432,-21.7875538333333,2.0,0.0,0.0,true,6146,0
1773239363000,64.1234432,-21.7875538333333,0.0,0.0,0.0,true,6147,0
1773239365000,64.1234432,-21.7875538333333,2.0,0.0,0.0,true,6148,0
1773239365000,64.1234432,-21.7875538333333,0.0,0.0,0.0,true,6149,0
1773239368000,64.1234432,-21.7875538333333,3.0,0.0,0.0,true,6150,0
1773239371000,64.1234432,-21.7875538333333,3.0,0.0,0.0,true,6151,0
1773239371000,64.1234432,-21.7875538333333,0.0,0.0,0.0,true,6152,0
1773239374000,64.1234432,-21.7875538333333,3.0,0.0,0.0,true,6153,0
1773239376000,64.1234432,-21.7875538333333,2.0,0.0,0.0,true,6154,0
1773239376000,64.1234432,-21.7875538333333,0.0,0.0,0.0,true,6155,0
1773239381000,64.1234432,-21.7875538333333,5.0,0.0,0.0,true,6156,0
1773239385000,64.1234432,-21.7875538333333,4.0,0.0,0.0,true,6157,0
1773239385000,64.1234432,-21.7875538333333,0.0,0.0,0.0,true,6158,0
1773239387000,64.1234432,-21.7875538333333,2.0,0.0,0.0,true,6159,0
1773239391000,64.1234432,-21.7875538333333,4.0,0.0,0.0,true,6160,0
1773239391000,64.1234432,-21.7875538333333,0.0,0.0,0.0,true,6161,0
1773239393000,64.1234432,-21.7875538333333,2.0,0.0,0.0,true,6162,0
1773239397000,64.1234432,-21.7875538333333,4.0,0.0,0.0,true,6163,0
1773239397000,64.1234432,-21.7875538333333,0.0,0.0,0.0,true,6164,0
1773239397000,64.1234432,-21.7875538333333,0.0,0.0,0.0,true,6165,0
1773239397000,64.1234432,-21.7875538333333,0.0,0.0,0.0,true,6166,0
1773239402000,64.1234432,-21.7875538333333,5.0,0.0,0.0,true,6167,0
1773239402000,64.1234432,-21.7875538333333,0.0,0.0,0.0,true,6168,0
1773239410000,64.1234432,-21.7875538333333,8.0,0.0,0.0,true,6169,0
1773239410000,64.1234432,-21.7875538333333,0.0,0.0,0.0,true,6170,0
1773239410000,64.1234432,-21.7875538333333,0.0,0.0,0.0,true,6171,0
1773239415000,64.1234432,-21.7875538333333,5.0,0.0,0.0,true,6172,0
1773239417000,64.1234432,-21.7875538333333,2.0,0.0,0.0,true,6173,0
1773239417000,64.1234432,-21.7875538333333,0.0,0.0,0.0,true,6174,0
1773239417000,64.1234432,-21.7875538333333,0.0,0.0,0.0,true,6175,0
1773239422000,64.1234432,-21.7875538333333,5.0,0.0,0.0,true,6176,0
1773239422000,64.1234432,-21.7875538333333,0.0,0.0,0.0,true,6177,0
1773239428000,64.1234432,-21.7875538333333,6.0,0.0,0.0,true,6178,0
1773239428000,64.1234432,-21.7875538333333,0.0,0.0,0.0,true,6179,0
1773239428000,64.1234432,-21.7875538333333,0.0,0.0,0.0,true,6180,0
1773239428000,64.1234432,-21.7875538333333,0.0,0.0,0.0,true,6181,0
1773239428000,64.1234432,-21.7875538333333,0.0,0.0,0.0,true,6182,0
1773239428000,64.1234432,-21.7875538333333,0.0,0.0,0.0,true,6183,0
1773239440000,64.1234432,-21.7875538333333,12.0,0.0,0.0,true,6184,0
1773239440000,64.1234432,-21.7875538333333,0.0,0.0,0.0,true,6185,0
1773239445000,64.1234432,-21.7875538333333,5.0,0.0,0.0,true,6186,0
1773239445000,64.1234432,-21.7875538333333,0.0,0.0,0.0,true,6187,0
1773239445000,64.1234432,-21.7875538333333,0.0,0.0,0.0,true,6188,0
1773239447000,64.1234432,-21.7875538333333,2.0,0.0,0.0,true,6189,0
1773239450000,64.1234432,-21.7875538333333,3.0,0.0,0.0,true,6190,0
1773239454000,64.1234432,-21.7875538333333,4.0,0.0,0.0,true,6191,0
1773239456000,64.1234432,-21.7875538333333,2.0,0.0,0.0,true,6192,0
1773239459000,64.1234432,-21.7875538333333,3.0,0.0,0.0,true,6193,0
1773239459000,64.1234432,-21.7875538333333,0.0,0.0,0.0,true,6194,0
1773239463000,64.1234432,-21.7875538333333,4.0,0.0,0.0,true,6195,0
1773239463000,64.1234432,-21.7875538333333,0.0,0.0,0.0,true,6196,0
1773239465000,64.1234432,-21.7875538333333,2.0,0.0,0.0,true,6197,0
1773239465000,64.1234432,-21.7875538333333,0.0,0.0,0.0,true,6198,0
1773239467000,64.1234432,-21.7875538333333,2.0,0.0,0.0,true,6199,0
1773239469000,64.1234432,-21.7875538333333,2.0,0.0,0.0,true,6200,0
1773239473000,64.1234432,-21.7875538333333,4.0,0.0,0.0,true,6201,0
1773239475000,64.1234432,-21.7875538333333,2.0,0.0,0.0,true,6202,0
1773239475000,64.1234432,-21.7875538333333,0.0,0.0,0.0,true,6203,0
1773239477000,64.1234432,-21.7875538333333,2.0,0.0,0.0,true,6204,0
1773239480000,64.1234432,-21.7875538333333,3.0,0.0,0.0,true,6205,0
1773239480000,64.1234432,-21.7875538333333,0.0,0.0,0.0,true,6206,0
1773239480000,64.1234432,-21.7875538333333,0.0,0.0,0.0,true,6207,0
1773239487000,64.1234432,-21.7875538333333,7.0,0.0,0.0,true,6208,0
1773239490000,64.1234432,-21.7875538333333,3.0,0.0,0.0,true,6209,0
1773239492000,64.1234432,-21.7875538333333,2.0,0.0,0.0,true,6210,0
1773239492000,64.1234432,-21.7875538333333,0.0,0.0,0.0,true,6211,0
1773239496000,64.1234432,-21.7875538333333,4.0,0.0,0.0,true,6212,0
1773239496000,64.1234432,-21.7875538333333,0.0,0.0,0.0,true,6213,0
1773239496000,64.1234432,-21.7875538333333,0.0,0.0,0.0,true,6214,0
1773239501000,64.1234432,-21.7875538333333,5.0,0.0,0.0,true,6215,0
1773239501000,64.1234432,-21.7875538333333,0.0,0.0,0.0,true,6216,0
1773239504000,64.1234432,-21.7875538333333,3.0,0.0,0.0,true,6217,0
1773239504000,64.1234432,-21.7875538333333,0.0,0.0,0.0,true,6218,0
1773239507000,64.1234432,-21.7875538333333,3.0,0.0,0.0,true,6219,0
1773239512000,64.1234432,-21.7875538333333,5.0,0.0,0.0,true,6220,0
1773239512000,64.1234432,-21.7875538333333,0.0,0.0,0.0,true,6221,0
1773239516000,64.1234432,-21.7875538333333,4.0,0.0,0.0,true,6222,0
1773239519000,64.1234432,-21.7875538333333,3.0,0.0,0.0,true,6223,0
1773239519000,64.1234432,-21.7875538333333,0.0,0.0,0.0,true,6224,0
1773239523000,64.1234432,-21.7875538333333,4.0,0.0,0.0,true,6225,0
1773239525000,64.1234432,-21.7875538333333,2.0,0.0,0.0,true,6226,0
1773239527000,64.1234432,-21.7875538333333,2.0,0.0,0.0,true,6227,0
1773239527000,64.1234432,-21.7875538333333,0.0,0.0,0.0,true,6228,0
1773239529000,64.1234432,-21.7875538333333,2.0,0.0,0.0,true,6229,0
1773239531000,64.1234432,-21.7875538333333,2.0,0.0,0.0,true,6230,0
1773239531000,64.1234432,-21.7875538333333,0.0,0.0,0.0,true,6231,0
1773239531000,64.1234432,-21.7875538333333,0.0,0.0,0.0,true,6232,0
1773239537000,64.1234432,-21.7875538333333,6.0,0.0,0.0,true,6233,0
1773239540000,64.1234432,-21.7875538333333,3.0,0.0,0.0,true,6234,0
1773239540000,64.1234432,-21.7875538333333,0.0,0.0,0.0,true,6235,0
1773239544000,64.1234432,-21.7875538333333,4.0,0.0,0.0,true,6236,0
1773239544000,64.1234432,-21.7875538333333,0.0,0.0,0.0,true,6237,0
1773239546000,64.1234432,-21.7875538333333,2.0,0.0,0.0,true,6238,0
1773239548000,64.1234432,-21.7875538333333,2.0,0.0,0.0,true,6239,0
1773239552000,64.1234432,-21.7875538333333,4.0,0.0,0.0,true,6240,0
1773239552000,64.1234432,-21.7875538333333,0.0,0.0,0.0,true,6241,0
1773239554000,64.1234432,-21.7875538333333,2.0,0.0,0.0,true,6242,0
1773239557000,64.1234432,-21.7875538333333,3.0,0.0,0.0,true,6243,0
1773239557000,64.1234432,-21.7875538333333,0.0,0.0,0.0,true,6244,0
1773239560000,64.1234432,-21.7875538333333,3.0,0.0,0.0,true,6245,0
1773239562000,64.1234432,-21.7875538333333,2.0,0.0,0.0,true,6246,0
1773239566000,64.1234432,-21.7875538333333,4.0,0.0,0.0,true,6247,0
1773239566000,64.1234432,-21.7875538333333,0.0,0.0,0.0,true,6248,0
1773239568000,64.1234432,-21.7875538333333,2.0,0.0,0.0,true,6249,0
1773239573000,64.1234432,-21.7875538333333,5.0,0.0,0.0,true,6250,0
1773239575000,64.1234432,-21.7875538333333,2.0,0.0,0.0,true,6251,0
1773239578000,64.1234432,-21.7875538333333,3.0,0.0,0.0,true,6252,0
1773239578000,64.1234432,-21.7875538333333,0.0,0.0,0.0,true,6253,0
1773239578000,64.1234432,-21.7875538333333,0.0,0.0,0.0,true,6254,0
1773239582000,64.1234432,-21.7875538333333,4.0,0.0,0.0,true,6255,0
1773239582000,64.1234432,-21.7875538333333,0.0,0.0,0.0,true,6256,0
1773239584000,64.1234432,-21.7875538333333,2.0,0.0,0.0,true,6257,0
1773239588000,64.1234432,-21.7875538333333,4.0,0.0,0.0,true,6258,0
1773239588000,64.1234432,-21.7875538333333,0.0,0.0,0.0,true,6259,0
1773239590000,64.1234432,-21.7875538333333,2.0,0.0,0.0,true,6260,0
1773239590000,64.1234432,-21.7875538333333,0.0,0.0,0.0,true,6261,0
1773239593000,64.1234432,-21.7875538333333,3.0,0.0,0.0,true,6262,0
1773239593000,64.1234432,-21.7875538333333,0.0,0.0,0.0,true,6263,0
1773239598000,64.1234432,-21.7875538333333,5.0,0.0,0.0,true,6264,0
1773239601000,64.1234432,-21.7875538333333,3.0,0.0,0.0,true,6265,0
1773239606000,64.1234432,-21.7875538333333,5.0,0.0,0.0,true,6266,0
1773239608000,64.1234432,-21.7875538333333,2.0,0.0,0.0,true,6267,0
1773239608000,64.1234432,-21.7875538333333,0.0,0.0,0.0,true,6268,0
1773239608000,64.1234432,-21.7875538333333,0.0,0.0,0.0,true,6269,0
1773239608000,64.1234432,-21.7875538333333,0.0,0.0,0.0,true,6270,0
1773239612000,64.1234432,-21.7875538333333,4.0,0.0,0.0,true,6271,0
1773239612000,64.1234432,-21.7875538333333,0.0,0.0,0.0,true,6272,0
1773239616000,64.1234432,-21.7875538333333,4.0,0.0,0.0,true,6273,0
1773239616000,64.1234432,-21.7875538333333,0.0,0.0,0.0,true,6274,0
1773239622000,64.1234432,-21.7875538333333,6.0,0.0,0.0,true,6275,0
1773239622000,64.1234432,-21.7875538333333,0.0,0.0,0.0,true,6276,0
1773239627000,64.1234432,-21.7875538333333,5.0,0.0,0.0,true,6277,0
1773239627000,64.1234432,-21.7875538333333,0.0,0.0,0.0,true,6278,0
1773239629000,64.1234432,-21.7875538333333,2.0,0.0,0.0,true,6279,0
1773239631000,64.1234432,-21.7875538333333,2.0,0.0,0.0,true,6280,0
1773239635000,64.1234432,-21.7875538333333,4.0,0.0,0.0,true,6281,0
1773239635000,64.1234432,-21.7875538333333,0.0,0.0,0.0,true,6282,0
1773239637000,64.1234432,-21.7875538333333,2.0,0.0,0.0,true,6283,0
1773239641000,64.1234432,-21.7875538333333,4.0,0.0,0.0,true,6284,0
1773239641000,64.1234432,-21.7875538333333,0.0,0.0,0.0,true,6285,0
1773239643000,64.1234432,-21.7875538333333,2.0,0.0,0.0,true,6286,0
1773239645000,64.1234432,-21.7875538333333,2.0,0.0,0.0,true,6287,0
1773239648000,64.1234432,-21.7875538333333,3.0,0.0,0.0,true,6288,0
1773239648000,64.1234432,-21.7875538333333,0.0,0.0,0.0,true,6289,0
1773239652000,64.1234432,-21.7875538333333,4.0,0.0,0.0,true,6290,0
1773239652000,64.1234432,-21.7875538333333,0.0,0.0,0.0,true,6291,0
1773239654000,64.1234432,-21.7875538333333,2.0,0.0,0.0,true,6292,0
1773239657000,64.1234432,-21.7875538333333,3.0,0.0,0.0,true,6293,0
1773239659000,64.1234432,-21.7875538333333,2.0,0.0,0.0,true,6294,0
1773239659000,64.1234432,-21.7875538333333,0.0,0.0,0.0,true,6295,0
1773239663000,64.1234432,-21.7875538333333,4.0,0.0,0.0,true,6296,0
1773239665000,64.1234432,-21.7875538333333,2.0,0.0,0.0,true,6297,0
1773239665000,64.1234432,-21.7875538333333,0.0,0.0,0.0,true,6298,0
1773239669000,64.1234432,-21.7875538333333,4.0,0.0,0.0,true,6299,0
1773239671000,64.1234432,-21.7875538333333,2.0,0.0,0.0,true,6300,0
1773239671000,64.1234432,-21.7875538333333,0.0,0.0,0.0,true,6301,0
1773239677000,64.1234432,-21.7875538333333,6.0,0.0,0.0,true,6302,0
1773239680000,64.1234432,-21.7875538333333,3.0,0.0,0.0,true,6303,0
1773239680000,64.1234432,-21.7875538333333,0.0,0.0,0.0,true,6304,0
1773239680000,64.1234432,-21.7875538333333,0.0,0.0,0.0,true,6305,0
1773239682000,64.1234432,-21.7875538333333,2.0,0.0,0.0,true,6306,0
1773239684000,64.1234432,-21.7875538333333,2.0,0.0,0.0,true,6307,0
1773239684000,64.1234432,-21.7875538333333,0.0,0.0,0.0,true,6308,0
1773239688000,64.1234432,-21.7875538333333,4.0,0.0,0.0,true,6309,0
1773239690000,64.1234432,-21.7875538333333,2.0,0.0,0.0,true,6310,0
1773239692000,64.1234432,-21.7875538333333,2.0,0.0,0.0,true,6311,0
1773239699000,64.1234432,-21.7875538333333,7.0,0.0,0.0,true,6312,0
1773239699000,64.1234432,-21.7875538333333,0.0,0.0,0.0,true,6313,0
1773239702000,64.1234432,-21.7875538333333,3.0,0.0,0.0,true,6314,0
1773239705000,64.1234432,-21.7875538333333,3.0,0.0,0.0,true,6315,0
1773239705000,64.1234432,-21.7875538333333,0.0,0.0,0.0,true,6316,0
1773239709000,64.1234432,-21.7875538333333,4.0,0.0,0.0,true,6317,0
1773239711000,64.1234432,-21.7875538333333,2.0,0.0,0.0,true,6318,0
1773239717000,64.1234432,-21.7875538333333,6.0,0.0,0.0,true,6319,0
1773239717000,64.1234432,-21.7875538333333,0.0,0.0,0.0,true,6320,0
1773239717000,64.1234432,-21.7875538333333,0.0,0.0,0.0,true,6321,0
1773239720000,64.1234432,-21.7875538333333,3.0,0.0,0.0,true,6322,0
1773239724000,64.1234432,-21.7875538333333,4.0,0.0,0.0,true,6323,0
1773239726000,64.1234432,-21.7875538333333,2.0,0.0,0.0,true,6324,0
1773239726000,64.1234432,-21.7875538333333,0.0,0.0,0.0,true,6325,0
1773239729000,64.1234432,-21.7875538333333,3.0,0.0,0.0,true,6326,0
1773239732000,64.1234432,-21.7875538333333,3.0,0.0,0.0,true,6327,0
1773239735000,64.1234432,-21.7875538333333,3.0,0.0,0.0,true,6328,0
1773239735000,64.1234432,-21.7875538333333,0.0,0.0,0.0,true,6329,0
1773239737000,64.1234432,-21.7875538333333,2.0,0.0,0.0,true,6330,0
1773239739000,64.1234432,-21.7875538333333,2.0,0.0,0.0,true,6331,0
1773239739000,64.1234432,-21.7875538333333,0.0,0.0,0.0,true,6332,0
1773239742000,64.1234432,-21.7875538333333,3.0,0.0,0.0,true,6333,0
1773239742000,64.1234432,-21.7875538333333,0.0,0.0,0.0,true,6334,0
1773239748000,64.1234432,-21.7875538333333,6.0,0.0,0.0,true,6335,0
1773239748000,64.1234432,-21.7875538333333,0.0,0.0,0.0,true,6336,0
1773239750000,64.1234432,-21.7875538333333,2.0,0.0,0.0,true,6337,0
1773239754000,64.1234432,-21.7875538333333,4.0,0.0,0.0,true,6338,0
1773239757000,64.1234432,-21.7875538333333,3.0,0.0,0.0,true,6339,0
1773239757000,64.1234432,-21.7875538333333,0.0,0.0,0.0,true,6340,0
1773239760000,64.1234432,-21.7875538333333,3.0,0.0,0.0,true,6341,0
1773239763000,64.1234432,-21.7875538333333,3.0,0.0,0.0,true,6342,0
1773239765000,64.1234432,-21.7875538333333,2.0,0.0,0.0,true,6343,0
1773239765000,64.1234432,-21.7875538333333,0.0,0.0,0.0,true,6344,0
1773239767000,64.1234432,-21.7875538333333,2.0,0.0,0.0,true,6345,0
1773239769000,64.1234432,-21.7875538333333,2.0,0.0,0.0,true,6346,0
1773239769000,64.1234432,-21.7875538333333,0.0,0.0,0.0,true,6347,0
1773239772000,64.1234432,-21.7875538333333,3.0,0.0,0.0,true,6348,0
1773239776000,64.1234432,-21.7875538333333,4.0,0.0,0.0,true,6349,0
1773239776000,64.1234432,-21.7875538333333,0.0,0.0,0.0,true,6350,0
1773239776000,64.1234432,-21.7875538333333,0.0,0.0,0.0,true,6351,0
1773239783000,64.1234432,-21.7875538333333,7.0,0.0,0.0,true,6352,0
1773239783000,64.1234432,-21.7875538333333,0.0,0.0,0.0,true,6353,0
1773239787000,64.1234432,-21.7875538333333,4.0,0.0,0.0,true,6354,0
1773239787000,64.1234432,-21.7875538333333,0.0,0.0,0.0,true,6355,0
1773239790000,64.1234432,-21.7875538333333,3.0,0.0,0.0,true,6356,0
1773239790000,64.1234432,-21.7875538333333,0.0,0.0,0.0,true,6357,0
1773239790000,64.1234432,-21.7875538333333,0.0,0.0,0.0,true,6358,0
1773239794000,64.1234432,-21.7875538333333,4.0,0.0,0.0,true,6359,0
1773239794000,64.1234432,-21.7875538333333,0.0,0.0,0.0,true,6360,0
1773239800000,64.1234432,-21.7875538333333,6.0,0.0,0.0,true,6361,0
1773239802000,64.1234432,-21.7875538333333,2.0,0.0,0.0,true,6362,0
1773239802000,64.1234432,-21.7875538333333,0.0,0.0,0.0,true,6363,0
1773239806000,64.1234432,-21.7875538333333,4.0,0.0,0.0,true,6364,0
1773239808000,64.1234432,-21.7875538333333,2.0,0.0,0.0,true,6365,0
1773239811000,64.1234432,-21.7875538333333,3.0,0.0,0.0,true,6366,0
1773239811000,64.1234432,-21.7875538333333,0.0,0.0,0.0,true,6367,0
1773239813000,64.1234432,-21.7875538333333,2.0,0.0,0.0,true,6368,0
1773239817000,64.1234432,-21.7875538333333,4.0,0.0,0.0,true,6369,0
1773239817000,64.1234432,-21.7875538333333,0.0,0.0,0.0,true,6370,0
1773239820000,64.1234432,-21.7875538333333,3.0,0.0,0.0,true,6371,0
1773239822000,64.1234432,-21.7875538333333,2.0,0.0,0.0,true,6372,0
1773239822000,64.1234432,-21.7875538333333,0.0,0.0,0.0,true,6373,0
1773239826000,64.1234432,-21.7875538333333,4.0,0.0,0.0,true,6374,0
1773239829000,64.1234432,-21.7875538333333,3.0,0.0,0.0,true,6375,0
1773239829000,64.1234432,-21.7875538333333,0.0,0.0,0.0,true,6376,0
1773239831000,64.1234432,-21.7875538333333,2.0,0.0,0.0,true,6377,0
1773239833000,64.1234432,-21.7875538333333,2.0,0.0,0.0,true,6378,0
1773239835000,64.1234432,-21.7875538333333,2.0,0.0,0.0,true,6379,0
1773239835000,64.1234432,-21.7875538333333,0.0,0.0,0.0,true,6380,0
1773239841000,64.1234432,-21.7875538333333,6.0,0.0,0.0,true,6381,0
1773239843000,64.1234432,-21.7875538333333,2.0,0.0,0.0,true,6382,0
1773239843000,64.1234432,-21.7875538333333,0.0,0.0,0.0,true,6383,0
1773239848000,64.1234432,-21.7875538333333,5.0,0.0,0.0,true,6384,0
1773239850000,64.1234432,-21.7875538333333,2.0,0.0,0.0,true,6385,0
1773239850000,64.1234432,-21.7875538333333,0.0,0.0,0.0,true,6386,0
1773239855000,64.1234432,-21.7875538333333,5.0,0.0,0.0,true,6387,0
1773239855000,64.1234432,-21.7875538333333,0.0,0.0,0.0,true,6388,0
1773239858000,64.1234432,-21.7875538333333,3.0,0.0,0.0,true,6389,0
1773239861000,64.1234432,-21.7875538333333,3.0,0.0,0.0,true,6390,0
1773239861000,64.1234432,-21.7875538333333,0.0,0.0,0.0,true,6391,0
1773239863000,64.1234432,-21.7875538333333,2.0,0.0,0.0,true,6392,0
1773239867000,64.1234432,-21.7875538333333,4.0,0.0,0.0,true,6393,0
1773239867000,64.1234432,-21.7875538333333,0.0,0.0,0.0,true,6394,0
1773239870000,64.1234432,-21.7875538333333,3.0,0.0,0.0,true,6395,0
1773239873000,64.1234432,-21.7875538333333,3.0,0.0,0.0,true,6396,0
1773239873000,64.1234432,-21.7875538333333,0.0,0.0,0.0,true,6397,0
1773239873000,64.1234432,-21.7875538333333,0.0,0.0,0.0,true,6398,0
1773239873000,64.1234432,-21.7875538333333,0.0,0.0,0.0,true,6399,0
1773239881000,64.1234432,-21.7875538333333,8.0,0.0,0.0,true,6400,0
1773239881000,64.1234432,-21.7875538333333,0.0,0.0,0.0,true,6401,0
1773239883000,64.1234432,-21.7875538333333,2.0,0.0,0.0,true,6402,0
1773239883000,64.1234432,-21.7875538333333,0.0,0.0,0.0,true,6403,0
1773239887000,64.1234432,-21.7875538333333,4.0,0.0,0.0,true,6404,0
1773239887000,64.1234432,-21.7875538333333,0.0,0.0,0.0,true,6405,0
1773239887000,64.1234432,-21.7875538333333,0.0,0.0,0.0,true,6406,0
1773239894000,64.1234432,-21.7875538333333,7.0,0.0,0.0,true,6407,0
1773239894000,64.1234432,-21.7875538333333,0.0,0.0,0.0,true,6408,0
1773239898000,64.1234432,-21.7875538333333,4.0,0.0,0.0,true,6409,0
1773239898000,64.1234432,-21.7875538333333,0.0,0.0,0.0,true,6410,0
1773239898000,64.1234432,-21.7875538333333,0.0,0.0,0.0,true,6411,0
1773239903000,64.1234432,-21.7875538333333,5.0,0.0,0.0,true,6412,0
1773239903000,64.1234432,-21.7875538333333,0.0,0.0,0.0,true,6413,0
1773239903000,64.1234432,-21.7875538333333,0.0,0.0,0.0,true,6414,0
1773239907000,64.1234432,-21.7875538333333,4.0,0.0,0.0,true,6415,0
1773239912000,64.1234432,-21.7875538333333,5.0,0.0,0.0,true,6416,0
1773239912000,64.1234432,-21.7875538333333,0.0,0.0,0.0,true,6417,0
1773239915000,64.1234432,-21.7875538333333,3.0,0.0,0.0,true,6418,0
1773239915000,64.1234432,-21.7875538333333,0.0,0.0,0.0,true,6419,0
1773239918000,64.1234432,-21.7875538333333,3.0,0.0,0.0,true,6420,0
1773239921000,64.1234432,-21.7875538333333,3.0,0.0,0.0,true,6421,0
1773239925000,64.1234432,-21.7875538333333,4.0,0.0,0.0,true,6422,0
1773239925000,64.1234432,-21.7875538333333,0.0,0.0,0.0,true,6423,0
1773239927000,64.1234432,-21.7875538333333,2.0,0.0,0.0,true,6424,0
1773239927000,64.1234432,-21.7875538333333,0.0,0.0,0.0,true,6425,0
1773239933000,64.1234432,-21.7875538333333,6.0,0.0,0.0,true,6426,0
1773239936000,64.1234432,-21.7875538333333,3.0,0.0,0.0,true,6427,0
1773239936000,64.1234432,-21.7875538333333,0.0,0.0,0.0,true,6428,0
1773239938000,64.1234432,-21.7875538333333,2.0,0.0,0.0,true,6429,0
1773239940000,64.1234432,-21.7875538333333,2.0,0.0,0.0,true,6430,0
1773239940000,64.1234432,-21.7875538333333,0.0,0.0,0.0,true,6431,0
1773239942000,64.1234432,-21.7875538333333,2.0,0.0,0.0,true,6432,0
1773239947000,64.1234432,-21.7875538333333,5.0,0.0,0.0,true,6433,0
1773239947000,64.1234432,-21.7875538333333,0.0,0.0,0.0,true,6434,0
1773239949000,64.1234432,-21.7875538333333,2.0,0.0,0.0,true,6435,0
1773239951000,64.1234432,-21.7875538333333,2.0,0.0,0.0,true,6436,0
1773239951000,64.1234432,-21.7875538333333,0.0,0.0,0.0,true,6437,0
1773239953000,64.1234432,-21.7875538333333,2.0,0.0,0.0,true,6438,0
1773239958000,64.1234432,-21.7875538333333,5.0,0.0,0.0,true,6439,0
1773239958000,64.1234432,-21.7875538333333,0.0,0.0,0.0,true,6440,0
1773239962000,64.1234432,-21.7875538333333,4.0,0.0,0.0,true,6441,0
1773239962000,64.1234432,-21.7875538333333,0.0,0.0,0.0,true,6442,0
1773239966000,64.1234432,-21.7875538333333,4.0,0.0,0.0,true,6443,0
1773239968000,64.1234432,-21.7875538333333,2.0,0.0,0.0,true,6444,0
1773239970000,64.1234432,-21.7875538333333,2.0,0.0,0.0,true,6445,0
1773239970000,64.1234432,-21.7875538333333,0.0,0.0,0.0,true,6446,0
1773239973000,64.1234432,-21.7875538333333,3.0,0.0,0.0,true,6447,0
1773239973000,64.1234432,-21.7875538333333,0.0,0.0,0.0,true,6448,0
1773239976000,64.1234432,-21.7875538333333,3.0,0.0,0.0,true,6449,0
1773239981000,64.1234432,-21.7875538333333,5.0,0.0,0.0,true,6450,0
1773239981000,64.1234432,-21.7875538333333,0.0,0.0,0.0,true,6451,0
1773239985000,64.1234432,-21.7875538333333,4.0,0.0,0.0,true,6452,0
1773239987000,64.1234432,-21.7875538333333,2.0,0.0,0.0,true,6453,0
1773239987000,64.1234432,-21.7875538333333,0.0,0.0,0.0,true,6454,0
1773239991000,64.1234432,-21.7875538333333,4.0,0.0,0.0,true,6455,0
1773239993000,64.1234432,-21.7875538333333,2.0,0.0,0.0,true,6456,0
1773239993000,64.1234432,-21.7875538333333,0.0,0.0,0.0,true,6457,0
1773239996000,64.1234432,-21.7875538333333,3.0,0.0,0.0,true,6458,0
1773239998000,64.1234432,-21.7875538333333,2.0,0.0,0.0,true,6459,0
1773239998000,64.1234432,-21.7875538333333,0.0,0.0,0.0,true,6460,0
1773240002000,64.1234432,-21.7875538333333,4.0,0.0,0.0,true,6461,0
1773240002000,64.1234432,-21.7875538333333,0.0,0.0,0.0,true,6462,0
1773240007000,64.1234432,-21.7875538333333,5.0,0.0,0.0,true,6463,0
1773240007000,64.1234432,-21.7875538333333,0.0,0.0,0.0,true,6464,0
1773240007000,64.1234432,-21.7875538333333,0.0,0.0,0.0,true,6465,0
1773240011000,64.1234432,-21.7875538333333,4.0,0.0,0.0,true,6466,0
1773240013000,64.1234432,-21.7875538333333,2.0,0.0,0.0,true,6467,0
1773240013000,64.1234432,-21.7875538333333,0.0,0.0,0.0,true,6468,0
1773240017000,64.1234432,-21.7875538333333,4.0,0.0,0.0,true,6469,0
1773240020000,64.1234432,-21.7875538333333,3.0,0.0,0.0,true,6470,0
1773240020000,64.1234432,-21.7875538333333,0.0,0.0,0.0,true,6471,0
1773240022000,64.1234432,-21.7875538333333,2.0,0.0,0.0,true,6472,0
1773240022000,64.1234432,-21.7875538333333,0.0,0.0,0.0,true,6473,0
1773240026000,64.1234432,-21.7875538333333,4.0,0.0,0.0,true,6474,0
1773240031000,64.1234432,-21.7875538333333,5.0,0.0,0.0,true,6475,0
1773240031000,64.1234432,-21.7875538333333,0.0,0.0,0.0,true,6476,0
1773240031000,64.1234432,-21.7875538333333,0.0,0.0,0.0,true,6477,0
1773240035000,64.1234432,-21.7875538333333,4.0,0.0,0.0,true,6478,0
1773240037000,64.1234432,-21.7875538333333,2.0,0.0,0.0,true,6479,0
1773240037000,64.1234432,-21.7875538333333,0.0,0.0,0.0,true,6480,0
1773240041000,64.1234432,-21.7875538333333,4.0,0.0,0.0,true,6481,0
1773240043000,64.1234432,-21.7875538333333,2.0,0.0,0.0,true,6482,0
1773240043000,64.1234432,-21.7875538333333,0.0,0.0,0.0,true,6483,0
1773240048000,64.1234432,-21.7875538333333,5.0,0.0,0.0,true,6484,0
1773240050000,64.1234432,-21.7875538333333,2.0,0.0,0.0,true,6485,0
1773240053000,64.1234432,-21.7875538333333,3.0,0.0,0.0,true,6486,0
1773240053000,64.1234432,-21.7875538333333,0.0,0.0,0.0,true,6487,0
1773240053000,64.1234432,-21.7875538333333,0.0,0.0,0.0,true,6488,0
1773240057000,64.1234432,-21.7875538333333,4.0,0.0,0.0,true,6489,0
1773240059000,64.1234432,-21.7875538333333,2.0,0.0,0.0,true,6490,0
1773240059000,64.1234432,-21.7875538333333,0.0,0.0,0.0,true,6491,0
1773240064000,64.1234432,-21.7875538333333,5.0,0.0,0.0,true,6492,0
1773240066000,64.1234432,-21.7875538333333,2.0,0.0,0.0,true,6493,0
1773240066000,64.1234432,-21.7875538333333,0.0,0.0,0.0,true,6494,0
1773240068000,64.1234432,-21.7875538333333,2.0,0.0,0.0,true,6495,0
1773240071000,64.1234432,-21.7875538333333,3.0,0.0,0.0,true,6496,0
1773240071000,64.1234432,-21.7875538333333,0.0,0.0,0.0,true,6497,0
1773240073000,64.1234432,-21.7875538333333,2.0,0.0,0.0,true,6498,0
1773240079000,64.1234432,-21.7875538333333,6.0,0.0,0.0,true,6499,0
1773240079000,64.1234432,-21.7875538333333,0.0,0.0,0.0,true,6500,0
1773240083000,64.1234432,-21.7875538333333,4.0,0.0,0.0,true,6501,0
1773240083000,64.1234432,-21.7875538333333,0.0,0.0,0.0,true,6502,0
1773240083000,64.1234432,-21.7875538333333,0.0,0.0,0.0,true,6503,0
1773240088000,64.1234432,-21.7875538333333,5.0,0.0,0.0,true,6504,0
1773240088000,64.1234432,-21.7875538333333,0.0,0.0,0.0,true,6505,0
1773240092000,64.1234432,-21.7875538333333,4.0,0.0,0.0,true,6506,0
1773240092000,64.1234432,-21.7875538333333,0.0,0.0,0.0,true,6507,0
1773240096000,64.1234432,-21.7875538333333,4.0,0.0,0.0,true,6508,0
1773240098000,64.1234432,-21.7875538333333,2.0,0.0,0.0,true,6509,0
1773240102000,64.1234432,-21.7875538333333,4.0,0.0,0.0,true,6510,0
1773240102000,64.1234432,-21.7875538333333,0.0,0.0,0.0,true,6511,0
1773240104000,64.1234432,-21.7875538333333,2.0,0.0,0.0,true,6512,0
1773240106000,64.1234432,-21.7875538333333,2.0,0.0,0.0,true,6513,0
1773240106000,64.1234432,-21.7875538333333,0.0,0.0,0.0,true,6514,0
1773240108000,64.1234432,-21.7875538333333,2.0,0.0,0.0,true,6515,0
1773240108000,64.1234432,-21.7875538333333,0.0,0.0,0.0,true,6516,0
1773240113000,64.1234432,-21.7875538333333,5.0,0.0,0.0,true,6517,0
1773240117000,64.1234432,-21.7875538333333,4.0,0.0,0.0,true,6518,0
1773240117000,64.1234432,-21.7875538333333,0.0,0.0,0.0,true,6519,0
1773240119000,64.1234432,-21.7875538333333,2.0,0.0,0.0,true,6520,0
1773240119000,64.1234432,-21.7875538333333,0.0,0.0,0.0,true,6521,0
1773240121000,64.1234432,-21.7875538333333,2.0,0.0,0.0,true,6522,0
1773240121000,64.1234432,-21.7875538333333,0.0,0.0,0.0,true,6523,0
1773240129000,64.1234432,-21.7875538333333,8.0,0.0,0.0,true,6524,0
1773240129000,64.1234432,-21.7875538333333,0.0,0.0,0.0,true,6525,0
1773240133000,64.1234432,-21.7875538333333,4.0,0.0,0.0,true,6526,0
1773240133000,64.1234432,-21.7875538333333,0.0,0.0,0.0,true,6527,0
1773240133000,64.1234432,-21.7875538333333,0.0,0.0,0.0,true,6528,0
1773240137000,64.1234432,-21.7875538333333,4.0,0.0,0.0,true,6529,0
1773240141000,64.1234432,-21.7875538333333,4.0,0.0,0.0,true,6530,0
1773240141000,64.1234432,-21.7875538333333,0.0,0.0,0.0,true,6531,0
1773240143000,64.1234432,-21.7875538333333,2.0,0.0,0.0,true,6532,0
1773240149000,64.1234432,-21.7875538333333,6.0,0.0,0.0,true,6533,0
1773240149000,64.1234432,-21.7875538333333,0.0,0.0,0.0,true,6534,0
1773240152000,64.1234432,-21.7875538333333,3.0,0.0,0.0,true,6535,0
1773240152000,64.1234432,-21.7875538333333,0.0,0.0,0.0,true,6536,0
1773240156000,64.1234432,-21.7875538333333,4.0,0.0,0.0,true,6537,0
1773240156000,64.1234432,-21.7875538333333,0.0,0.0,0.0,true,6538,0
1773240163000,64.1234432,-21.7875538333333,7.0,0.0,0.0,true,6539,0
1773240163000,64.1234432,-21.7875538333333,0.0,0.0,0.0,true,6540,0
1773240165000,64.1234432,-21.7875538333333,2.0,0.0,0.0,true,6541,0
1773240167000,64.1234432,-21.7875538333333,2.0,0.0,0.0,true,6542,0
1773240167000,64.1234432,-21.7875538333333,0.0,0.0,0.0,true,6543,0
1773240169000,64.1234432,-21.7875538333333,2.0,0.0,0.0,true,6544,0
1773240169000,64.1234432,-21.7875538333333,0.0,0.0,0.0,true,6545,0
1773240171000,64.1234432,-21.7875538333333,2.0,0.0,0.0,true,6546,0
1773240174000,64.1234432,-21.7875538333333,3.0,0.0,0.0,true,6547,0
1773240178000,64.1234432,-21.7875538333333,4.0,0.0,0.0,true,6548,0
1773240178000,64.1234432,-21.7875538333333,0.0,0.0,0.0,true,6549,0
1773240184000,64.1234432,-21.7875538333333,6.0,0.0,0.0,true,6550,0
1773240184000,64.1234432,-21.7875538333333,0.0,0.0,0.0,true,6551,0
1773240186000,64.1234432,-21.7875538333333,2.0,0.0,0.0,true,6552,0
1773240186000,64.1234432,-21.7875538333333,0.0,0.0,0.0,true,6553,0
1773240190000,64.1234432,-21.7875538333333,4.0,0.0,0.0,true,6554,0
1773240190000,64.1234432,-21.7875538333333,0.0,0.0,0.0,true,6555,0
1773240190000,64.1234432,-21.7875538333333,0.0,0.0,0.0,true,6556,0
1773240195000,64.1234432,-21.7875538333333,5.0,0.0,0.0,true,6557,0
1773240198000,64.1234432,-21.7875538333333,3.0,0.0,0.0,true,6558,0
1773240198000,64.1234432,-21.7875538333333,0.0,0.0,0.0,true,6559,0
1773240202000,64.1234432,-21.7875538333333,4.0,0.0,0.0,true,6560,0
1773240204000,64.1234432,-21.7875538333333,2.0,0.0,0.0,true,6561,0
1773240204000,64.1234432,-21.7875538333333,0.0,0.0,0.0,true,6562,0
1773240208000,64.1234432,-21.7875538333333,4.0,0.0,0.0,true,6563,0
1773240215000,64.1234432,-21.7875538333333,7.0,0.0,0.0,true,6564,0
1773240215000,64.1234432,-21.7875538333333,0.0,0.0,0.0,true,6565,0
1773240217000,64.1234432,-21.7875538333333,2.0,0.0,0.0,true,6566,0
1773240219000,64.1234432,-21.7875538333333,2.0,0.0,0.0,true,6567,0
1773240219000,64.1234432,-21.7875538333333,0.0,0.0,0.0,true,6568,0
1773240224000,64.1234432,-21.7875538333333,5.0,0.0,0.0,true,6569,0
1773240226000,64.1234432,-21.7875538333333,2.0,0.0,0.0,true,6570,0
1773240226000,64.1234432,-21.7875538333333,0.0,0.0,0.0,true,6571,0
1773240230000,64.1234432,-21.7875538333333,4.0,0.0,0.0,true,6572,0
1773240230000,64.1234432,-21.7875538333333,0.0,0.0,0.0,true,6573,0
1773240233000,64.1234432,-21.7875538333333,3.0,0.0,0.0,true,6574,0
1773240235000,64.1234432,-21.7875538333333,2.0,0.0,0.0,true,6575,0
1773240235000,64.1234432,-21.7875538333333,0.0,0.0,0.0,true,6576,0
1773240240000,64.1234432,-21.7875538333333,5.0,0.0,0.0,true,6577,0
1773240242000,64.1234432,-21.7875538333333,2.0,0.0,0.0,true,6578,0
1773240242000,64.1234432,-21.7875538333333,0.0,0.0,0.0,true,6579,0
1773240245000,64.1234432,-21.7875538333333,3.0,0.0,0.0,true,6580,0
1773240248000,64.1234432,-21.7875538333333,3.0,0.0,0.0,true,6581,0
1773240248000,64.1234432,-21.7875538333333,0.0,0.0,0.0,true,6582,0
1773240253000,64.1234432,-21.7875538333333,5.0,0.0,0.0,true,6583,0
1773240257000,64.1234432,-21.7875538333333,4.0,0.0,0.0,true,6584,0
1773240257000,64.1234432,-21.7875538333333,0.0,0.0,0.0,true,6585,0
1773240259000,64.1234432,-21.7875538333333,2.0,0.0,0.0,true,6586,0
1773240261000,64.1234432,-21.7875538333333,2.0,0.0,0.0,true,6587,0
1773240261000,64.1234432,-21.7875538333333,0.0,0.0,0.0,true,6588,0
1773240263000,64.1234432,-21.7875538333333,2.0,0.0,0.0,true,6589,0
1773240267000,64.1234432,-21.7875538333333,4.0,0.0,0.0,true,6590,0
1773240267000,64.1234432,-21.7875538333333,0.0,0.0,0.0,true,6591,0
1773240270000,64.1234432,-21.7875538333333,3.0,0.0,0.0,true,6592,0
1773240270000,64.1234432,-21.7875538333333,0.0,0.0,0.0,true,6593,0
1773240272000,64.1234432,-21.7875538333333,2.0,0.0,0.0,true,6594,0
1773240275000,64.1234432,-21.7875538333333,3.0,0.0,0.0,true,6595,0
1773240275000,64.1234432,-21.7875538333333,0.0,0.0,0.0,true,6596,0
1773240279000,64.1234432,-21.7875538333333,4.0,0.0,0.0,true,6597,0
1773240283000,64.1234432,-21.7875538333333,4.0,0.0,0.0,true,6598,0
1773240283000,64.1234432,-21.7875538333333,0.0,0.0,0.0,true,6599,0
1773240285000,64.1234432,-21.7875538333333,2.0,0.0,0.0,true,6600,0
1773240289000,64.1234432,-21.7875538333333,4.0,0.0,0.0,true,6601,0
1773240289000,64.1234432,-21.7875538333333,0.0,0.0,0.0,true,6602,0
1773240291000,64.1234432,-21.7875538333333,2.0,0.0,0.0,true,6603,0
1773240294000,64.1234432,-21.7875538333333,3.0,0.0,0.0,true,6604,0
1773240294000,64.1234432,-21.7875538333333,0.0,0.0,0.0,true,6605,0
1773240298000,64.1234432,-21.7875538333333,4.0,0.0,0.0,true,6606,0
1773240298000,64.1234432,-21.7875538333333,0.0,0.0,0.0,true,6607,0
1773240300000,64.1234432,-21.7875538333333,2.0,0.0,0.0,true,6608,0
1773240304000,64.1234432,-21.7875538333333,4.0,0.0,0.0,true,6609,0
1773240308000,64.1234432,-21.7875538333333,4.0,0.0,0.0,true,6610,0
1773240308000,64.1234432,-21.7875538333333,0.0,0.0,0.0,true,6611,0
1773240312000,64.1234432,-21.7875538333333,4.0,0.0,0.0,true,6612,0
1773240312000,64.1234432,-21.7875538333333,0.0,0.0,0.0,true,6613,0
1773240312000,64.1234432,-21.7875538333333,0.0,0.0,0.0,true,6614,0
1773240317000,64.1234432,-21.7875538333333,5.0,0.0,0.0,true,6615,0
1773240317000,64.1234432,-21.7875538333333,0.0,0.0,0.0,true,6616,0
1773240319000,64.1234432,-21.7875538333333,2.0,0.0,0.0,true,6617,0
1773240323000,64.1234432,-21.7875538333333,4.0,0.0,0.0,true,6618,0
1773240323000,64.1234432,-21.7875538333333,0.0,0.0,0.0,true,6619,0
1773240325000,64.1234432,-21.7875538333333,2.0,0.0,0.0,true,6620,0
1773240327000,64.1234432,-21.7875538333333,2.0,0.0,0.0,true,6621,0
1773240327000,64.1234432,-21.7875538333333,0.0,0.0,0.0,true,6622,0
1773240331000,64.1234432,-21.7875538333333,4.0,0.0,0.0,true,6623,0
1773240336000,64.1234432,-21.7875538333333,5.0,0.0,0.0,true,6624,0
1773240336000,64.1234432,-21.7875538333333,0.0,0.0,0.0,true,6625,0
1773240338000,64.1234432,-21.7875538333333,2.0,0.0,0.0,true,6626,0
1773240342000,64.1234432,-21.7875538333333,4.0,0.0,0.0,true,6627,0
1773240342000,64.1234432,-21.7875538333333,0.0,0.0,0.0,true,6628,0
1773240344000,64.1234432,-21.7875538333333,2.0,0.0,0.0,true,6629,0
1773240344000,64.1234432,-21.7875538333333,0.0,0.0,0.0,true,6630,0
1773240348000,64.1234432,-21.7875538333333,4.0,0.0,0.0,true,6631,0
1773240350000,64.1234432,-21.7875538333333,2.0,0.0,0.0,true,6632,0
1773240350000,64.1234432,-21.7875538333333,0.0,0.0,0.0,true,6633,0
1773240354000,64.1234432,-21.7875538333333,4.0,0.0,0.0,true,6634,0
1773240359000,64.1234432,-21.7875538333333,5.0,0.0,0.0,true,6635,0
1773240362000,64.1234432,-21.7875538333333,3.0,0.0,0.0,true,6636,0
1773240362000,64.1234432,-21.7875538333333,0.0,0.0,0.0,true,6637,0
1773240367000,64.1234432,-21.7875538333333,5.0,0.0,0.0,true,6638,0
1773240369000,64.1234432,-21.7875538333333,2.0,0.0,0.0,true,6639,0
1773240369000,64.1234432,-21.7875538333333,0.0,0.0,0.0,true,6640,0
1773240371000,64.1234432,-21.7875538333333,2.0,0.0,0.0,true,6641,0
1773240374000,64.1234432,-21.7875538333333,3.0,0.0,0.0,true,6642,0
1773240378000,64.1234432,-21.7875538333333,4.0,0.0,0.0,true,6643,0
1773240378000,64.1234432,-21.7875538333333,0.0,0.0,0.0,true,6644,0
1773240378000,64.1234432,-21.7875538333333,0.0,0.0,0.0,true,6645,0
1773240382000,64.1234432,-21.7875538333333,4.0,0.0,0.0,true,6646,0
1773240385000,64.1234432,-21.7875538333333,3.0,0.0,0.0,true,6647,0
1773240385000,64.1234432,-21.7875538333333,0.0,0.0,0.0,true,6648,0
1773240389000,64.1234432,-21.7875538333333,4.0,0.0,0.0,true,6649,0
1773240391000,64.1234432,-21.7875538333333,2.0,0.0,0.0,true,6650,0
1773240391000,64.1234432,-21.7875538333333,0.0,0.0,0.0,true,6651,0
1773240393000,64.1234432,-21.7875538333333,2.0,0.0,0.0,true,6652,0
1773240396000,64.1234432,-21.7875538333333,3.0,0.0,0.0,true,6653,0
1773240396000,64.1234432,-21.7875538333333,0.0,0.0,0.0,true,6654,0
1773240398000,64.1234432,-21.7875538333333,2.0,0.0,0.0,true,6655,0
1773240400000,64.1234432,-21.7875538333333,2.0,0.0,0.0,true,6656,0
1773240406000,64.1234432,-21.7875538333333,6.0,0.0,0.0,true,6657,0
1773240406000,64.1234432,-21.7875538333333,0.0,0.0,0.0,true,6658,0
1773240406000,64.1234432,-21.7875538333333,0.0,0.0,0.0,true,6659,0
1773240409000,64.1234432,-21.7875538333333,3.0,0.0,0.0,true,6660,0
1773240411000,64.1234432,-21.7875538333333,2.0,0.0,0.0,true,6661,0
1773240411000,64.1234432,-21.7875538333333,0.0,0.0,0.0,true,6662,0
1773240416000,64.1234432,-21.7875538333333,5.0,0.0,0.0,true,6663,0
1773240418000,64.1234432,-21.7875538333333,2.0,0.0,0.0,true,6664,0
1773240418000,64.1234432,-21.7875538333333,0.0,0.0,0.0,true,6665,0
1773240418000,64.1234432,-21.7875538333333,0.0,0.0,0.0,true,6666,0
1773240425000,64.1234432,-21.7875538333333,7.0,0.0,0.0,true,6667,0
1773240425000,64.1234432,-21.7875538333333,0.0,0.0,0.0,true,6668,0
1773240429000,64.1234432,-21.7875538333333,4.0,0.0,0.0,true,6669,0
1773240429000,64.1234432,-21.7875538333333,0.0,0.0,0.0,true,6670,0
1773240429000,64.1234432,-21.7875538333333,0.0,0.0,0.0,true,6671,0
1773240434000,64.1234432,-21.7875538333333,5.0,0.0,0.0,true,6672,0
1773240434000,64.1234432,-21.7875538333333,0.0,0.0,0.0,true,6673,0
1773240437000,64.1234432,-21.7875538333333,3.0,0.0,0.0,true,6674,0
1773240439000,64.1234432,-21.7875538333333,2.0,0.0,0.0,true,6675,0
1773240443000,64.1234432,-21.7875538333333,4.0,0.0,0.0,true,6676,0
1773240443000,64.1234432,-21.7875538333333,0.0,0.0,0.0,true,6677,0
1773240445000,64.1234432,-21.7875538333333,2.0,0.0,0.0,true,6678,0
1773240449000,64.1234432,-21.7875538333333,4.0,0.0,0.0,true,6679,0
1773240449000,64.1234432,-21.7875538333333,0.0,0.0,0.0,true,6680,0
1773240454000,64.1234432,-21.7875538333333,5.0,0.0,0.0,true,6681,0
1773240454000,64.1234432,-21.7875538333333,0.0,0.0,0.0,true,6682,0
1773240456000,64.1234432,-21.7875538333333,2.0,0.0,0.0,true,6683,0
1773240456000,64.1234432,-21.7875538333333,0.0,0.0,0.0,true,6684,0
1773240458000,64.1234432,-21.7875538333333,2.0,0.0,0.0,true,6685,0
1773240463000,64.1234432,-21.7875538333333,5.0,0.0,0.0,true,6686,0
1773240463000,64.1234432,-21.7875538333333,0.0,0.0,0.0,true,6687,0
1773240467000,64.1234432,-21.7875538333333,4.0,0.0,0.0,true,6688,0
1773240470000,64.1234432,-21.7875538333333,3.0,0.0,0.0,true,6689,0
1773240470000,64.1234432,-21.7875538333333,0.0,0.0,0.0,true,6690,0
1773240470000,64.1234432,-21.7875538333333,0.0,0.0,0.0,true,6691,0
1773240476000,64.1234432,-21.7875538333333,6.0,0.0,0.0,true,6692,0
1773240476000,64.1234432,-21.7875538333333,0.0,0.0,0.0,true,6693,0
1773240481000,64.1234432,-21.7875538333333,5.0,0.0,0.0,true,6694,0
1773240481000,64.1234432,-21.7875538333333,0.0,0.0,0.0,true,6695,0
1773240483000,64.1234432,-21.7875538333333,2.0,0.0,0.0,true,6696,0
1773240485000,64.1234432,-21.7875538333333,2.0,0.0,0.0,true,6697,0
1773240489000,64.1234432,-21.7875538333333,4.0,0.0,0.0,true,6698,0
1773240489000,64.1234432,-21.7875538333333,0.0,0.0,0.0,true,6699,0
1773240489000,64.1234432,-21.7875538333333,0.0,0.0,0.0,true,6700,0
1773240495000,64.1234432,-21.7875538333333,6.0,0.0,0.0,true,6701,0
1773240498000,64.1234432,-21.7875538333333,3.0,0.0,0.0,true,6702,0
1773240498000,64.1234432,-21.7875538333333,0.0,0.0,0.0,true,6703,0
1773240502000,64.1234432,-21.7875538333333,4.0,0.0,0.0,true,6704,0
1773240504000,64.1234432,-21.7875538333333,2.0,0.0,0.0,true,6705,0
1773240504000,64.1234432,-21.7875538333333,0.0,0.0,0.0,true,6706,0
1773240507000,64.1234432,-21.7875538333333,3.0,0.0,0.0,true,6707,0
1773240511000,64.1234432,-21.7875538333333,4.0,0.0,0.0,true,6708,0
1773240511000,64.1234432,-21.7875538333333,0.0,0.0,0.0,true,6709,0
1773240513000,64.1234432,-21.7875538333333,2.0,0.0,0.0,true,6710,0
1773240516000,64.1234432,-21.7875538333333,3.0,0.0,0.0,true,6711,0
1773240516000,64.1234432,-21.7875538333333,0.0,0.0,0.0,true,6712,0
1773240516000,64.1234432,-21.7875538333333,0.0,0.0,0.0,true,6713,0
1773240522000,64.1234432,-21.7875538333333,6.0,0.0,0.0,true,6714,0
1773240522000,64.1234432,-21.7875538333333,0.0,0.0,0.0,true,6715,0
1773240525000,64.1234432,-21.7875538333333,3.0,0.0,0.0,true,6716,0
1773240528000,64.1234432,-21.7875538333333,3.0,0.0,0.0,true,6717,0
1773240528000,64.1234432,-21.7875538333333,0.0,0.0,0.0,true,6718,0
1773240531000,64.1234432,-21.7875538333333,3.0,0.0,0.0,true,6719,0
1773240531000,64.1234432,-21.7875538333333,0.0,0.0,0.0,true,6720,0
1773240533000,64.1234432,-21.7875538333333,2.0,0.0,0.0,true,6721,0
1773240536000,64.1234432,-21.7875538333333,3.0,0.0,0.0,true,6722,0
1773240539000,64.1234432,-21.7875538333333,3.0,0.0,0.0,true,6723,0
1773240539000,64.1234432,-21.7875538333333,0.0,0.0,0.0,true,6724,0
1773240545000,64.1234432,-21.7875538333333,6.0,0.0,0.0,true,6725,0
1773240548000,64.1234432,-21.7875538333333,3.0,0.0,0.0,true,6726,0
1773240548000,64.1234432,-21.7875538333333,0.0,0.0,0.0,true,6727,0
1773240552000,64.1234432,-21.7875538333333,4.0,0.0,0.0,true,6728,0
1773240552000,64.1234432,-21.7875538333333,0.0,0.0,0.0,true,6729,0
1773240552000,64.1234432,-21.7875538333333,0.0,0.0,0.0,true,6730,0
1773240555000,64.1234432,-21.7875538333333,3.0,0.0,0.0,true,6731,0
1773240555000,64.1234432,-21.7875538333333,0.0,0.0,0.0,true,6732,0
1773240558000,64.1234432,-21.7875538333333,3.0,0.0,0.0,true,6733,0
1773240561000,64.1234432,-21.7875538333333,3.0,0.0,0.0,true,6734,0
1773240561000,64.1234432,-21.7875538333333,0.0,0.0,0.0,true,6735,0
1773240565000,64.1234432,-21.7875538333333,4.0,0.0,0.0,true,6736,0
1773240567000,64.1234432,-21.7875538333333,2.0,0.0,0.0,true,6737,0
1773240567000,64.1234432,-21.7875538333333,0.0,0.0,0.0,true,6738,0
1773240570000,64.1234432,-21.7875538333333,3.0,0.0,0.0,true,6739,0
1773240570000,64.1234432,-21.7875538333333,0.0,0.0,0.0,true,6740,0
1773240575000,64.1234432,-21.7875538333333,5.0,0.0,0.0,true,6741,0
1773240575000,64.1234432,-21.7875538333333,0.0,0.0,0.0,true,6742,0
1773240575000,64.1234432,-21.7875538333333,0.0,0.0,0.0,true,6743,0
1773240582000,64.1234432,-21.7875538333333,7.0,0.0,0.0,true,6744,0
1773240582000,64.1234432,-21.7875538333333,0.0,0.0,0.0,true,6745,0
1773240582000,64.1234432,-21.7875538333333,0.0,0.0,0.0,true,6746,0
1773240586000,64.1234432,-21.7875538333333,4.0,0.0,0.0,true,6747,0
1773240591000,64.1234432,-21.7875538333333,5.0,0.0,0.0,true,6748,0
1773240593000,64.1234432,-21.7875538333333,2.0,0.0,0.0,true,6749,0
1773240593000,64.1234432,-21.7875538333333,0.0,0.0,0.0,true,6750,0
1773240595000,64.1234432,-21.7875538333333,2.0,0.0,0.0,true,6751,0
1773240600000,64.1234432,-21.7875538333333,5.0,0.0,0.0,true,6752,0
1773240600000,64.1234432,-21.7875538333333,0.0,0.0,0.0,true,6753,0
1773240602000,64.1234432,-21.7875538333333,2.0,0.0,0.0,true,6754,0
1773240602000,64.1234432,-21.7875538333333,0.0,0.0,0.0,true,6755,0
1773240606000,64.1234432,-21.7875538333333,4.0,0.0,0.0,true,6756,0
1773240606000,64.1234432,-21.7875538333333,0.0,0.0,0.0,true,6757,0
1773240609000,64.1234432,-21.7875538333333,3.0,0.0,0.0,true,6758,0
1773240611000,64.1234432,-21.7875538333333,2.0,0.0,0.0,true,6759,0
1773240611000,64.1234432,-21.7875538333333,0.0,0.0,0.0,true,6760,0
1773240617000,64.1234432,-21.7875538333333,6.0,0.0,0.0,true,6761,0
1773240617000,64.1234432,-21.7875538333333,0.0,0.0,0.0,true,6762,0
1773240621000,64.1234432,-21.7875538333333,4.0,0.0,0.0,true,6763,0
1773240623000,64.1234432,-21.7875538333333,2.0,0.0,0.0,true,6764,0
1773240623000,64.1234432,-21.7875538333333,0.0,0.0,0.0,true,6765,0
1773240626000,64.1234432,-21.7875538333333,3.0,0.0,0.0,true,6766,0
1773240629000,64.1234432,-21.7875538333333,3.0,0.0,0.0,true,6767,0
1773240629000,64.1234432,-21.7875538333333,0.0,0.0,0.0,true,6768,0
1773240634000,64.1234432,-21.7875538333333,5.0,0.0,0.0,true,6769,0
1773240637000,64.1234432,-21.7875538333333,3.0,0.0,0.0,true,6770,0
1773240637000,64.1234432,-21.7875538333333,0.0,0.0,0.0,true,6771,0
1773240639000,64.1234432,-21.7875538333333,2.0,0.0,0.0,true,6772,0
1773240639000,64.1234432,-21.7875538333333,0.0,0.0,0.0,true,6773,0
1773240645000,64.1234432,-21.7875538333333,6.0,0.0,0.0,true,6774,0
1773240647000,64.1234432,-21.7875538333333,2.0,0.0,0.0,true,6775,0
1773240649000,64.1234432,-21.7875538333333,2.0,0.0,0.0,true,6776,0
1773240649000,64.1234432,-21.7875538333333,0.0,0.0,0.0,true,6777,0
1773240652000,64.1234432,-21.7875538333333,3.0,0.0,0.0,true,6778,0
1773240652000,64.1234432,-21.7875538333333,0.0,0.0,0.0,true,6779,0
1773240657000,64.1234432,-21.7875538333333,5.0,0.0,0.0,true,6780,0
1773240657000,64.1234432,-21.7875538333333,0.0,0.0,0.0,true,6781,0
1773240657000,64.1234432,-21.7875538333333,0.0,0.0,0.0,true,6782,0
1773240664000,64.1234432,-21.7875538333333,7.0,0.0,0.0,true,6783,0
1773240664000,64.1234432,-21.7875538333333,0.0,0.0,0.0,true,6784,0
1773240664000,64.1234432,-21.7875538333333,0.0,0.0,0.0,true,6785,0
1773240667000,64.1234432,-21.7875538333333,3.0,0.0,0.0,true,6786,0
1773240667000,64.1234432,-21.7875538333333,0.0,0.0,0.0,true,6787,0
1773240667000,64.1234432,-21.7875538333333,0.0,0.0,0.0,true,6788,0
1773240673000,64.1234432,-21.7875538333333,6.0,0.0,0.0,true,6789,0
1773240673000,64.1234432,-21.7875538333333,0.0,0.0,0.0,true,6790,0
1773240673000,64.1234432,-21.7875538333333,0.0,0.0,0.0,true,6791,0
1773240678000,64.1234432,-21.7875538333333,5.0,0.0,0.0,true,6792,0
1773240684000,64.1234432,-21.7875538333333,6.0,0.0,0.0,true,6793,0
1773240684000,64.1234432,-21.7875538333333,0.0,0.0,0.0,true,6794,0
1773240684000,64.1234432,-21.7875538333333,0.0,0.0,0.0,true,6795,0
1773240684000,64.1234432,-21.7875538333333,0.0,0.0,0.0,true,6796,0
1773240684000,64.1234432,-21.7875538333333,0.0,0.0,0.0,true,6797,0
1773240684000,64.1234432,-21.7875538333333,0.0,0.0,0.0,true,6798,0
1773240694000,64.1234432,-21.7875538333333,10.0,0.0,0.0,true,6799,0
1773240694000,64.1234432,-21.7875538333333,0.0,0.0,0.0,true,6800,0
1773240694000,64.1234432,-21.7875538333333,0.0,0.0,0.0,true,6801,0
1773240694000,64.1234432,-21.7875538333333,0.0,0.0,0.0,true,6802,0
1773240694000,64.1234432,-21.7875538333333,0.0,0.0,0.0,true,6803,0
1773240703000,64.1234432,-21.7875538333333,9.0,0.0,0.0,true,6804,0
1773240703000,64.1234432,-21.7875538333333,0.0,0.0,0.0,true,6805,0
1773240706000,64.1234432,-21.7875538333333,3.0,0.0,0.0,true,6806,0
1773240710000,64.1234432,-21.7875538333333,4.0,0.0,0.0,true,6807,0
1773240712000,64.1234432,-21.7875538333333,2.0,0.0,0.0,true,6808,0
1773240715000,64.1234432,-21.7875538333333,3.0,0.0,0.0,true,6809,0
1773240717000,64.1234432,-21.7875538333333,2.0,0.0,0.0,true,6810,0
1773240717000,64.1234432,-21.7875538333333,0.0,0.0,0.0,true,6811,0
1773240719000,64.1234432,-21.7875538333333,2.0,0.0,0.0,true,6812,0
1773240722000,64.1234432,-21.7875538333333,3.0,0.0,0.0,true,6813,0
1773240722000,64.1234432,-21.7875538333333,0.0,0.0,0.0,true,6814,0
1773240724000,64.1234432,-21.7875538333333,2.0,0.0,0.0,true,6815,0
1773240728000,64.1234432,-21.7875538333333,4.0,0.0,0.0,true,6816,0
1773240728000,64.1234432,-21.7875538333333,0.0,0.0,0.0,true,6817,0