ts,lat,lng,dt_s,dist_m,implied_speed_kmh,is_stale,stale_run,real_gap_s
1773218922000,64.0769066666667,-21.9367333333333,0.0,0.0,0.0,true,1,0
1773218928000,64.076905,-21.9367333333333,6.0,0.2,0.1,true,2,0
1773218930000,64.076905,-21.9367333333333,2.0,0.0,0.0,true,3,0
1773218934000,64.076905,-21.9367333333333,4.0,0.0,0.0,true,4,0
1773218934000,64.076905,-21.9367333333333,0.0,0.0,0.0,true,5,0
1773218936000,64.076905,-21.9367333333333,2.0,0.0,0.0,true,6,0
1773218939000,64.076905,-21.9367333333333,3.0,0.0,0.0,true,7,0
1773218941000,64.076905,-21.9367333333333,2.0,0.0,0.0,true,8,0
1773218941000,64.076905,-21.9367333333333,0.0,0.0,0.0,true,9,0
1773218943000,64.076905,-21.9367333333333,2.0,0.0,0.0,true,10,0
1773218947000,64.076905,-21.9367333333333,4.0,0.0,0.0,true,11,0
1773218949000,64.076905,-21.9367333333333,2.0,0.0,0.0,true,12,0
1773218949000,64.076905,-21.9367333333333,0.0,0.0,0.0,true,13,0
1773218951000,64.076905,-21.9367333333333,2.0,0.0,0.0,true,14,0
1773218954000,64.076905,-21.9367333333333,3.0,0.0,0.0,true,15,0
1773218954000,64.076905,-21.9367333333333,0.0,0.0,0.0,true,16,0
1773218956000,64.076905,-21.9367333333333,2.0,0.0,0.0,true,17,0
1773218959000,64.076905,-21.9367333333333,3.0,0.0,0.0,true,18,0
1773218959000,64.076905,-21.9367333333333,0.0,0.0,0.0,true,19,0
1773218961000,64.076905,-21.9367333333333,2.0,0.0,0.0,true,20,0
1773218965000,64.076905,-21.9367333333333,4.0,0.0,0.0,true,21,0
1773218965000,64.076905,-21.9367333333333,0.0,0.0,0.0,true,22,0
1773218969000,64.076905,-21.9367333333333,4.0,0.0,0.0,true,23,0
1773218973000,64.076905,-21.9367333333333,4.0,0.0,0.0,true,24,0
1773218973000,64.076905,-21.9367333333333,0.0,0.0,0.0,true,25,0
1773218975000,64.076905,-21.9367333333333,2.0,0.0,0.0,true,26,0
1773218978000,64.076905,-21.9367333333333,3.0,0.0,0.0,true,27,0
1773218978000,64.076905,-21.9367333333333,0.0,0.0,0.0,true,28,0
1773218982000,64.076905,-21.9367333333333,4.0,0.0,0.0,true,29,0
1773218985000,64.076905,-21.9367333333333,3.0,0.0,0.0,true,30,0
1773218985000,64.076905,-21.9367333333333,0.0,0.0,0.0,true,31,0
1773218985000,64.076905,-21.9367333333333,0.0,0.0,0.0,true,32,0
1773218990000,64.076905,-21.9367333333333,5.0,0.0,0.0,true,33,0
1773218990000,64.076905,-21.9367333333333,0.0,0.0,0.0,true,34,0
1773218994000,64.076905,-21.9367333333333,4.0,0.0,0.0,true,35,0
1773218994000,64.076905,-21.9367333333333,0.0,0.0,0.0,true,36,0
1773218999000,64.076905,-21.9367333333333,5.0,0.0,0.0,true,37,0
1773219001000,64.076905,-21.9367333333333,2.0,0.0,0.0,true,38,0
1773219001000,64.076905,-21.9367333333333,0.0,0.0,0.0,true,39,0
1773219003000,64.076905,-21.9367333333333,2.0,0.0,0.0,true,40,0
1773219013000,64.076905,-21.9367333333333,10.0,0.0,0.0,true,41,0
1773219013000,64.076905,-21.9367333333333,0.0,0.0,0.0,true,42,0
1773219013000,64.076905,-21.9367333333333,0.0,0.0,0.0,true,43,0
1773219013000,64.076905,-21.9367333333333,0.0,0.0,0.0,true,44,0
1773219020000,64.076905,-21.9367333333333,7.0,0.0,0.0,true,45,0
1773219022000,64.076905,-21.9367333333333,2.0,0.0,0.0,true,46,0
1773219022000,64.076905,-21.9367333333333,0.0,0.0,0.0,true,47,0
1773219026000,64.076905,-21.9367333333333,4.0,0.0,0.0,true,48,0
1773219026000,64.076905,-21.9367333333333,0.0,0.0,0.0,true,49,0
1773219028000,64.076905,-21.9367333333333,2.0,0.0,0.0,true,50,0
1773219032000,64.076905,-21.9367333333333,4.0,0.0,0.0,true,51,0
1773219032000,64.076905,-21.9367333333333,0.0,0.0,0.0,true,52,0
1773219036000,64.076905,-21.9367333333333,4.0,0.0,0.0,true,53,0
1773219038000,64.076905,-21.9367333333333,2.0,0.0,0.0,true,54,0
1773219038000,64.076905,-21.9367333333333,0.0,0.0,0.0,true,55,0
1773219041000,64.076905,-21.9367333333333,3.0,0.0,0.0,true,56,0
1773219044000,64.076905,-21.9367333333333,3.0,0.0,0.0,true,57,0
1773219044000,64.076905,-21.9367333333333,0.0,0.0,0.0,true,58,0
1773219049000,64.076905,-21.9367333333333,5.0,0.0,0.0,true,59,0
1773219049000,64.076905,-21.9367333333333,0.0,0.0,0.0,true,60,0
1773219051000,64.076905,-21.9367333333333,2.0,0.0,0.0,true,61,0
1773219054000,64.076905,-21.9367333333333,3.0,0.0,0.0,true,62,0
1773219054000,64.076905,-21.9367333333333,0.0,0.0,0.0,true,63,0
1773219056000,64.076905,-21.9367333333333,2.0,0.0,0.0,true,64,0
1773219059000,64.076905,-21.9367333333333,3.0,0.0,0.0,true,65,0
1773219059000,64.076905,-21.9367333333333,0.0,0.0,0.0,true,66,0
1773219062000,64.076905,-21.9367333333333,3.0,0.0,0.0,true,67,0
1773219067000,64.076905,-21.9367333333333,5.0,0.0,0.0,true,68,0
1773219067000,64.076905,-21.9367333333333,0.0,0.0,0.0,true,69,0
1773219070000,64.076905,-21.9367333333333,3.0,0.0,0.0,true,70,0
1773219070000,64.076905,-21.9367333333333,0.0,0.0,0.0,true,71,0
1773219070000,64.076905,-21.9367333333333,0.0,0.0,0.0,true,72,0
1773219076000,64.076905,-21.9367333333333,6.0,0.0,0.0,true,73,0
1773219079000,64.076905,-21.9367333333333,3.0,0.0,0.0,true,74,0
1773219079000,64.076905,-21.9367333333333,0.0,0.0,0.0,true,75,0
1773219081000,64.076905,-21.9367333333333,2.0,0.0,0.0,true,76,0
1773219084000,64.076905,-21.9367333333333,3.0,0.0,0.0,true,77,0
1773219084000,64.076905,-21.9367333333333,0.0,0.0,0.0,true,78,0
1773219087000,64.076905,-21.9367333333333,3.0,0.0,0.0,true,79,0
1773219087000,64.076905,-21.9367333333333,0.0,0.0,0.0,true,80,0
1773219091000,64.076905,-21.9367333333333,4.0,0.0,0.0,true,81,0
1773219091000,64.076905,-21.9367333333333,0.0,0.0,0.0,true,82,0
1773219095000,64.076905,-21.9367333333333,4.0,0.0,0.0,true,83,0
1773219097000,64.076905,-21.9367333333333,2.0,0.0,0.0,true,84,0
1773219097000,64.076905,-21.9367333333333,0.0,0.0,0.0,true,85,0
1773219100000,64.076905,-21.9367333333333,3.0,0.0,0.0,true,86,0
1773219104000,64.076905,-21.9367333333333,4.0,0.0,0.0,true,87,0
1773219104000,64.076905,-21.9367333333333,0.0,0.0,0.0,true,88,0
1773219110000,64.076905,-21.9367333333333,6.0,0.0,0.0,true,89,0
1773219110000,64.076905,-21.9367333333333,0.0,0.0,0.0,true,90,0
1773219110000,64.076905,-21.9367333333333,0.0,0.0,0.0,true,91,0
1773219114000,64.076905,-21.9367333333333,4.0,0.0,0.0,true,92,0
1773219114000,64.076905,-21.9367333333333,0.0,0.0,0.0,true,93,0
1773219116000,64.076905,-21.9367333333333,2.0,0.0,0.0,true,94,0
1773219119000,64.076905,-21.9367333333333,3.0,0.0,0.0,true,95,0
1773219119000,64.076905,-21.9367333333333,0.0,0.0,0.0,true,96,0
1773219123000,64.076905,-21.9367333333333,4.0,0.0,0.0,true,97,0
1773219125000,64.076905,-21.9367333333333,2.0,0.0,0.0,true,98,0
1773219129000,64.076905,-21.9367333333333,4.0,0.0,0.0,true,99,0
1773219131000,64.076905,-21.9367333333333,2.0,0.0,0.0,true,100,0
1773219133000,64.076945,-21.9366833333333,2.0,5.1,9.1,false,100,211.0
1773219135000,64.07696,-21.9366333333333,2.0,2.9,5.3,false,0,2.0
1773219135000,64.07696,-21.9366333333333,0.0,0.0,0.0,true,1,0
1773219135000,64.07696,-21.9366333333333,0.0,0.0,0.0,true,2,0
1773219137000,64.07696,-21.9366333333333,2.0,0.0,0.0,true,3,0
1773219143000,64.07702,-21.9363,6.0,17.5,10.5,false,3,8.0
1773219143000,64.07702,-21.9363,0.0,0.0,0.0,true,1,0
1773219143000,64.07702,-21.9363,0.0,0.0,0.0,true,2,0
1773219148000,64.0770333333333,-21.9358666666667,5.0,21.1,15.2,false,2,5.0
1773219148000,64.0770333333333,-21.9358666666667,0.0,0.0,0.0,true,1,0
1773219152000,64.0770116666667,-21.9354833333333,4.0,18.8,16.9,false,1,4.0
1773219152000,64.0770116666667,-21.9354833333333,0.0,0.0,0.0,true,1,0
1773219157000,64.0771533333333,-21.93535,5.0,17.0,12.3,false,1,5.0
1773219157000,64.0771533333333,-21.93535,0.0,0.0,0.0,true,1,0
1773219159000,64.0772033333333,-21.9357166666667,2.0,18.7,33.6,false,1,2.0
1773219163000,64.0772033333333,-21.9357166666667,4.0,0.0,0.0,true,1,0
1773219163000,64.0772033333333,-21.9357166666667,0.0,0.0,0.0,true,2,0
1773219165000,64.0770983333333,-21.93605,2.0,20.0,35.9,false,2,6.0
1773219168000,64.0770983333333,-21.93605,3.0,0.0,0.0,true,1,0
1773219168000,64.0770983333333,-21.93605,0.0,0.0,0.0,true,2,0
1773219168000,64.0770983333333,-21.93605,0.0,0.0,0.0,true,3,0
1773219172000,64.0770116666667,-21.9365166666667,4.0,24.6,22.2,false,3,7.0
1773219172000,64.0770116666667,-21.9365166666667,0.0,0.0,0.0,true,1,0
1773219177000,64.0769133333333,-21.9370166666667,5.0,26.7,19.2,false,1,5.0
1773219177000,64.0769133333333,-21.9370166666667,0.0,0.0,0.0,true,1,0
1773219182000,64.07678,-21.93755,5.0,29.9,21.5,false,1,5.0
1773219184000,64.07678,-21.93755,2.0,0.0,0.0,true,1,0
1773219184000,64.07678,-21.93755,0.0,0.0,0.0,true,2,0
1773219188000,64.0766366666667,-21.9381166666667,4.0,31.8,28.6,false,2,6.0
1773219188000,64.0766366666667,-21.9381166666667,0.0,0.0,0.0,true,1,0
1773219193000,64.0765,-21.93865,5.0,30.1,21.6,false,1,5.0
1773219193000,64.0765,-21.93865,0.0,0.0,0.0,true,1,0
1773219193000,64.0765,-21.93865,0.0,0.0,0.0,true,2,0
1773219197000,64.0763566666667,-21.9392,4.0,31.1,28.0,false,2,4.0
1773219197000,64.0763566666667,-21.9392,0.0,0.0,0.0,true,1,0
1773219202000,64.076225,-21.9397166666667,5.0,29.1,20.9,false,1,5.0
1773219202000,64.076225,-21.9397166666667,0.0,0.0,0.0,true,1,0
1773219204000,64.0762066666667,-21.9399166666667,2.0,9.9,17.9,false,1,2.0
1773219208000,64.0762066666667,-21.9399166666667,4.0,0.0,0.0,true,1,0
1773219208000,64.0762066666667,-21.9399166666667,0.0,0.0,0.0,true,2,0
1773219213000,64.076225,-21.9400833333333,5.0,8.4,6.0,false,2,9.0
1773219213000,64.076225,-21.9400833333333,0.0,0.0,0.0,true,1,0
1773219217000,64.0762633333333,-21.9405166666667,4.0,21.5,19.3,false,1,4.0
1773219217000,64.0762633333333,-21.9405166666667,0.0,0.0,0.0,true,1,0
1773219219000,64.0762633333333,-21.9405166666667,2.0,0.0,0.0,true,2,0
1773219224000,64.0761066666667,-21.9409333333333,5.0,26.7,19.2,false,2,7.0
1773219224000,64.0761066666667,-21.9409333333333,0.0,0.0,0.0,true,1,0
1773219224000,64.0761066666667,-21.9409333333333,0.0,0.0,0.0,true,2,0
1773219228000,64.0759166666667,-21.9415666666667,4.0,37.3,33.6,false,2,4.0
1773219228000,64.0759166666667,-21.9415666666667,0.0,0.0,0.0,true,1,0
1773219232000,64.075875,-21.9418666666667,4.0,15.3,13.8,false,1,4.0
1773219234000,64.075875,-21.9418666666667,2.0,0.0,0.0,true,1,0
1773219234000,64.075875,-21.9418666666667,0.0,0.0,0.0,true,2,0
1773219237000,64.07583,-21.94215,3.0,14.7,17.6,false,2,5.0
1773219237000,64.07583,-21.94215,0.0,0.0,0.0,true,1,0
1773219239000,64.07583,-21.94215,2.0,0.0,0.0,true,2,0
1773219243000,64.075765,-21.9427,4.0,27.7,24.9,false,2,6.0
1773219243000,64.075765,-21.9427,0.0,0.0,0.0,true,1,0
1773219248000,64.0757033333333,-21.9433833333333,5.0,33.9,24.4,false,1,5.0
1773219248000,64.0757033333333,-21.9433833333333,0.0,0.0,0.0,true,1,0
1773219252000,64.0756583333333,-21.94405,4.0,32.8,29.5,false,1,4.0
1773219254000,64.0756583333333,-21.94405,2.0,0.0,0.0,true,1,0
1773219258000,64.0756066666667,-21.9448166666667,4.0,37.7,33.9,false,1,6.0
1773219258000,64.0756066666667,-21.9448166666667,0.0,0.0,0.0,true,1,0
1773219258000,64.0756066666667,-21.9448166666667,0.0,0.0,0.0,true,2,0
1773219261000,64.075555,-21.9457,3.0,43.3,52.0,false,2,3.0
1773219264000,64.075555,-21.9457,3.0,0.0,0.0,true,1,0
1773219266000,64.0754866666667,-21.9466666666667,2.0,47.6,85.7,false,1,5.0
1773219266000,64.0754866666667,-21.9466666666667,0.0,0.0,0.0,true,1,0
1773219266000,64.0754866666667,-21.9466666666667,0.0,0.0,0.0,true,2,0
1773219270000,64.0754866666667,-21.9466666666667,4.0,0.0,0.0,true,3,0
1773219275000,64.0754283333333,-21.9477,5.0,50.7,36.5,false,3,9.0
1773219275000,64.0754283333333,-21.9477,0.0,0.0,0.0,true,1,0
1773219275000,64.0754283333333,-21.9477,0.0,0.0,0.0,true,2,0
1773219281000,64.0752816666667,-21.9498833333333,6.0,107.4,64.4,false,2,6.0
1773219281000,64.0752816666667,-21.9498833333333,0.0,0.0,0.0,true,1,0
1773219285000,64.0752816666667,-21.9498833333333,4.0,0.0,0.0,true,2,0
1773219285000,64.0752816666667,-21.9498833333333,0.0,0.0,0.0,true,3,0
1773219288000,64.0752883333333,-21.9509,3.0,49.4,59.3,false,3,7.0
1773219290000,64.075375,-21.9515166666667,2.0,31.5,56.7,false,0,2.0
1773219290000,64.075375,-21.9515166666667,0.0,0.0,0.0,true,1,0
1773219294000,64.075375,-21.9515166666667,4.0,0.0,0.0,true,2,0
1773219294000,64.075375,-21.9515166666667,0.0,0.0,0.0,true,3,0
1773219298000,64.0755716666667,-21.9517666666667,4.0,25.0,22.5,false,3,8.0
1773219298000,64.0755716666667,-21.9517666666667,0.0,0.0,0.0,true,1,0
1773219303000,64.0757716666667,-21.9515666666667,5.0,24.3,17.5,false,1,5.0
1773219303000,64.0757716666667,-21.9515666666667,0.0,0.0,0.0,true,1,0
1773219307000,64.0759033333333,-21.9514166666667,4.0,16.4,14.7,false,1,4.0
1773219307000,64.0759033333333,-21.9514166666667,0.0,0.0,0.0,true,1,0
1773219310000,64.0759133333333,-21.9514,3.0,1.4,1.7,false,1,3.0
1773219310000,64.0759133333333,-21.9514,0.0,0.0,0.0,true,1,0
1773219313000,64.0759133333333,-21.9514,3.0,0.0,0.0,true,2,0
1773219313000,64.0759133333333,-21.9514,0.0,0.0,0.0,true,3,0
1773219316000,64.0759733333333,-21.9514,3.0,6.7,8.0,false,3,6.0
1773219319000,64.0759733333333,-21.9514,3.0,0.0,0.0,true,1,0
1773219322000,64.0761866666667,-21.95135,3.0,23.8,28.6,false,1,6.0
1773219326000,64.0766066666667,-21.9510666666667,4.0,48.7,43.8,false,0,4.0
1773219326000,64.0766066666667,-21.9510666666667,0.0,0.0,0.0,true,1,0
1773219328000,64.0766066666667,-21.9510666666667,2.0,0.0,0.0,true,2,0
1773219330000,64.0766066666667,-21.9510666666667,2.0,0.0,0.0,true,3,0
1773219330000,64.0766066666667,-21.9510666666667,0.0,0.0,0.0,true,4,0
1773219335000,64.0771283333333,-21.9507333333333,5.0,60.2,43.4,false,4,9.0
1773219335000,64.0771283333333,-21.9507333333333,0.0,0.0,0.0,true,1,0
1773219339000,64.0776633333333,-21.9503666666667,4.0,62.1,55.9,false,1,4.0
1773219341000,64.0780416666667,-21.9502333333333,2.0,42.6,76.6,false,0,2.0
1773219341000,64.0780416666667,-21.9502333333333,0.0,0.0,0.0,true,1,0
1773219343000,64.0780416666667,-21.9502333333333,2.0,0.0,0.0,true,2,0
1773219347000,64.0783333333333,-21.95005,4.0,33.6,30.3,false,2,6.0
1773219347000,64.0783333333333,-21.95005,0.0,0.0,0.0,true,1,0
1773219347000,64.0783333333333,-21.95005,0.0,0.0,0.0,true,2,0
1773219347000,64.0783333333333,-21.95005,0.0,0.0,0.0,true,3,0
1773219354000,64.0785033333333,-21.9502,7.0,20.3,10.4,false,3,7.0
1773219357000,64.0785866666667,-21.9509833333333,3.0,39.2,47.0,false,0,3.0
1773219359000,64.0785866666667,-21.9509833333333,2.0,0.0,0.0,true,1,0
1773219359000,64.0785866666667,-21.9509833333333,0.0,0.0,0.0,true,2,0
1773219363000,64.0787183333333,-21.9522666666667,4.0,64.1,57.7,false,2,6.0
1773219365000,64.0787183333333,-21.9522666666667,2.0,0.0,0.0,true,1,0
1773219365000,64.0787183333333,-21.9522666666667,0.0,0.0,0.0,true,2,0
1773219365000,64.0787183333333,-21.9522666666667,0.0,0.0,0.0,true,3,0
1773219370000,64.078885,-21.9536833333333,5.0,71.3,51.3,false,3,7.0
1773219372000,64.079,-21.9547833333333,2.0,55.0,99.0,false,0,2.0
1773219375000,64.0790866666667,-21.9555666666667,3.0,39.3,47.1,false,0,3.0
1773219375000,64.0790866666667,-21.9555666666667,0.0,0.0,0.0,true,1,0
1773219378000,64.0790866666667,-21.9555666666667,3.0,0.0,0.0,true,2,0
1773219381000,64.079215,-21.9559833333333,3.0,24.8,29.7,false,2,6.0
1773219381000,64.079215,-21.9559833333333,0.0,0.0,0.0,true,1,0
1773219383000,64.079215,-21.9559833333333,2.0,0.0,0.0,true,2,0
1773219387000,64.0792216666667,-21.95645,4.0,22.7,20.4,false,2,6.0
1773219387000,64.0792216666667,-21.95645,0.0,0.0,0.0,true,1,0
1773219390000,64.0792216666667,-21.95645,3.0,0.0,0.0,true,2,0
1773219390000,64.0792216666667,-21.95645,0.0,0.0,0.0,true,3,0
1773219394000,64.07931,-21.9572,4.0,37.8,34.0,false,3,7.0
1773219396000,64.079435,-21.95815,2.0,48.2,86.8,false,0,2.0
1773219396000,64.079435,-21.95815,0.0,0.0,0.0,true,1,0
1773219398000,64.079435,-21.95815,2.0,0.0,0.0,true,2,0
1773219402000,64.079565,-21.9591666666667,4.0,51.5,46.3,false,2,6.0
1773219402000,64.079565,-21.9591666666667,0.0,0.0,0.0,true,1,0
1773219409000,64.0796966666667,-21.9602666666667,7.0,55.4,28.5,false,1,7.0
1773219413000,64.0797066666667,-21.9613833333333,4.0,54.3,48.9,false,0,4.0
1773219413000,64.0797066666667,-21.9613833333333,0.0,0.0,0.0,true,1,0
1773219415000,64.0797066666667,-21.9613833333333,2.0,0.0,0.0,true,2,0
1773219418000,64.0795133333333,-21.9626,3.0,62.9,75.5,false,2,5.0
1773219418000,64.0795133333333,-21.9626,0.0,0.0,0.0,true,1,0
1773219422000,64.07931,-21.9630166666667,4.0,30.4,27.3,false,1,4.0
1773219422000,64.07931,-21.9630166666667,0.0,0.0,0.0,true,1,0
1773219424000,64.07931,-21.9630166666667,2.0,0.0,0.0,true,2,0
1773219429000,64.079025,-21.9635333333333,5.0,40.4,29.1,false,2,7.0
1773219429000,64.079025,-21.9635333333333,0.0,0.0,0.0,true,1,0
1773219431000,64.079025,-21.9635333333333,2.0,0.0,0.0,true,2,0
1773219434000,64.07866,-21.9641833333333,3.0,51.4,61.7,false,2,5.0
1773219434000,64.07866,-21.9641833333333,0.0,0.0,0.0,true,1,0
1773219438000,64.0783183333333,-21.9648,4.0,48.4,43.6,false,1,4.0
1773219440000,64.0783183333333,-21.9648,2.0,0.0,0.0,true,1,0
1773219440000,64.0783183333333,-21.9648,0.0,0.0,0.0,true,2,0
1773219443000,64.078005,-21.9653833333333,3.0,44.9,53.9,false,2,5.0
1773219445000,64.078005,-21.9653833333333,2.0,0.0,0.0,true,1,0
1773219445000,64.078005,-21.9653833333333,0.0,0.0,0.0,true,2,0
1773219451000,64.0777683333333,-21.9658,6.0,33.2,19.9,false,2,8.0
1773219451000,64.0777683333333,-21.9658,0.0,0.0,0.0,true,1,0
1773219453000,64.077675,-21.966,2.0,14.2,25.6,false,1,2.0
1773219455000,64.077675,-21.966,2.0,0.0,0.0,true,1,0
1773219455000,64.077675,-21.966,0.0,0.0,0.0,true,2,0
1773219460000,64.0776,-21.9662166666667,5.0,13.4,9.7,false,2,7.0
1773219460000,64.0776,-21.9662166666667,0.0,0.0,0.0,true,1,0
1773219460000,64.0776,-21.9662166666667,0.0,0.0,0.0,true,2,0
1773219465000,64.0774383333333,-21.9661166666667,5.0,18.6,13.4,false,2,5.0
1773219469000,64.0772466666667,-21.9661666666667,4.0,21.5,19.3,false,0,4.0
1773219469000,64.0772466666667,-21.9661666666667,0.0,0.0,0.0,true,1,0
1773219471000,64.0772466666667,-21.9661666666667,2.0,0.0,0.0,true,2,0
1773219474000,64.076895,-21.9663,3.0,39.6,47.6,false,2,5.0
1773219474000,64.076895,-21.9663,0.0,0.0,0.0,true,1,0
1773219474000,64.076895,-21.9663,0.0,0.0,0.0,true,2,0
1773219483000,64.075995,-21.9664166666667,9.0,100.2,40.1,false,2,9.0
1773219483000,64.075995,-21.9664166666667,0.0,0.0,0.0,true,1,0
1773219486000,64.075995,-21.9664166666667,3.0,0.0,0.0,true,2,0
1773219488000,64.0755266666667,-21.9664333333333,2.0,52.1,93.7,false,2,5.0
1773219488000,64.0755266666667,-21.9664333333333,0.0,0.0,0.0,true,1,0
1773219490000,64.0755266666667,-21.9664333333333,2.0,0.0,0.0,true,2,0
1773219490000,64.0755266666667,-21.9664333333333,0.0,0.0,0.0,true,3,0
1773219493000,64.0750433333333,-21.9665,3.0,53.8,64.6,false,3,5.0
1773219495000,64.0750433333333,-21.9665,2.0,0.0,0.0,true,1,0
1773219499000,64.0745616666667,-21.9665666666667,4.0,53.7,48.3,false,1,6.0
1773219501000,64.0745616666667,-21.9665666666667,2.0,0.0,0.0,true,1,0
1773219501000,64.0745616666667,-21.9665666666667,0.0,0.0,0.0,true,2,0
1773219503000,64.07408,-21.9666333333333,2.0,53.7,96.6,false,2,4.0
1773219507000,64.073625,-21.9666833333333,4.0,50.7,45.6,false,0,4.0
1773219507000,64.073625,-21.9666833333333,0.0,0.0,0.0,true,1,0
1773219507000,64.073625,-21.9666833333333,0.0,0.0,0.0,true,2,0
1773219510000,64.073625,-21.9666833333333,3.0,0.0,0.0,true,3,0
1773219515000,64.0733483333333,-21.9667166666667,5.0,30.8,22.2,false,3,8.0
1773219517000,64.07321,-21.9667333333333,2.0,15.4,27.7,false,0,2.0
1773219520000,64.07321,-21.9667333333333,3.0,0.0,0.0,true,1,0
1773219522000,64.0728633333333,-21.9666833333333,2.0,38.6,69.5,false,1,5.0
1773227491000,64.1095983333333,-21.84165,7969.0,7320.4,3.3,false,0,7969.0
1773227495000,64.1095983333333,-21.84165,4.0,0.0,0.0,true,1,0
1773227495000,64.1095983333333,-21.84165,0.0,0.0,0.0,true,2,0
1773227495000,64.1095983333333,-21.84165,0.0,0.0,0.0,true,3,0
1773227495000,64.1095983333333,-21.84165,0.0,0.0,0.0,true,4,0
1773227502000,64.1095983333333,-21.84165,7.0,0.0,0.0,true,5,0
1773227504000,64.1095983333333,-21.84165,2.0,0.0,0.0,true,6,0
1773227504000,64.1095983333333,-21.84165,0.0,0.0,0.0,true,7,0
1773227508000,64.1095983333333,-21.84165,4.0,0.0,0.0,true,8,0
1773227510000,64.1095983333333,-21.84165,2.0,0.0,0.0,true,9,0
1773227514000,64.1095983333333,-21.84165,4.0,0.0,0.0,true,10,0
1773227514000,64.1095983333333,-21.84165,0.0,0.0,0.0,true,11,0
1773227516000,64.1095983333333,-21.84165,2.0,0.0,0.0,true,12,0
1773227516000,64.1095983333333,-21.84165,0.0,0.0,0.0,true,13,0
1773227518000,64.1095983333333,-21.84165,2.0,0.0,0.0,true,14,0
1773227520000,64.1095983333333,-21.84165,2.0,0.0,0.0,true,15,0
1773227526000,64.1095983333333,-21.84165,6.0,0.0,0.0,true,16,0
1773227528000,64.1095983333333,-21.84165,2.0,0.0,0.0,true,17,0
1773227528000,64.1095983333333,-21.84165,0.0,0.0,0.0,true,18,0
1773227531000,64.1095983333333,-21.84165,3.0,0.0,0.0,true,19,0
1773227537000,64.1095983333333,-21.84165,6.0,0.0,0.0,true,20,0
1773227537000,64.1095983333333,-21.84165,0.0,0.0,0.0,true,21,0
1773227541000,64.1095983333333,-21.84165,4.0,0.0,0.0,true,22,0
1773227543000,64.1095983333333,-21.84165,2.0,0.0,0.0,true,23,0
1773227543000,64.1095983333333,-21.84165,0.0,0.0,0.0,true,24,0
1773227545000,64.1095983333333,-21.84165,2.0,0.0,0.0,true,25,0
1773227547000,64.1095983333333,-21.84165,2.0,0.0,0.0,true,26,0
1773227547000,64.1095983333333,-21.84165,0.0,0.0,0.0,true,27,0
1773227552000,64.1095983333333,-21.84165,5.0,0.0,0.0,true,28,0
1773227552000,64.1095983333333,-21.84165,0.0,0.0,0.0,true,29,0
1773227556000,64.1095983333333,-21.84165,4.0,0.0,0.0,true,30,0
1773227558000,64.1095983333333,-21.84165,2.0,0.0,0.0,true,31,0
1773227558000,64.1095983333333,-21.84165,0.0,0.0,0.0,true,32,0
1773227562000,64.1095983333333,-21.84165,4.0,0.0,0.0,true,33,0
1773227564000,64.1095983333333,-21.84165,2.0,0.0,0.0,true,34,0
1773227564000,64.1095983333333,-21.84165,0.0,0.0,0.0,true,35,0
1773227568000,64.1095983333333,-21.84165,4.0,0.0,0.0,true,36,0
1773227571000,64.1095983333333,-21.84165,3.0,0.0,0.0,true,37,0
1773227571000,64.1095983333333,-21.84165,0.0,0.0,0.0,true,38,0
1773227575000,64.1095983333333,-21.84165,4.0,0.0,0.0,true,39,0
1773227575000,64.1095983333333,-21.84165,0.0,0.0,0.0,true,40,0
1773227577000,64.1095983333333,-21.84165,2.0,0.0,0.0,true,41,0
1773227581000,64.1095983333333,-21.84165,4.0,0.0,0.0,true,42,0
1773227581000,64.1095983333333,-21.84165,0.0,0.0,0.0,true,43,0
1773227583000,64.1095983333333,-21.84165,2.0,0.0,0.0,true,44,0
1773227585000,64.1095983333333,-21.84165,2.0,0.0,0.0,true,45,0
1773227585000,64.1095983333333,-21.84165,0.0,0.0,0.0,true,46,0
1773227592000,64.1095983333333,-21.84165,7.0,0.0,0.0,true,47,0
1773227594000,64.1095983333333,-21.84165,2.0,0.0,0.0,true,48,0
1773227594000,64.1095983333333,-21.84165,0.0,0.0,0.0,true,49,0
1773227596000,64.1095983333333,-21.84165,2.0,0.0,0.0,true,50,0
1773227598000,64.1095983333333,-21.84165,2.0,0.0,0.0,true,51,0
1773227598000,64.1095983333333,-21.84165,0.0,0.0,0.0,true,52,0
1773227602000,64.1095983333333,-21.84165,4.0,0.0,0.0,true,53,0
1773227602000,64.1095983333333,-21.84165,0.0,0.0,0.0,true,54,0
1773227604000,64.1095983333333,-21.84165,2.0,0.0,0.0,true,55,0
1773227607000,64.1095983333333,-21.84165,3.0,0.0,0.0,true,56,0
1773227607000,64.1095983333333,-21.84165,0.0,0.0,0.0,true,57,0
1773227612000,64.1095983333333,-21.84165,5.0,0.0,0.0,true,58,0
1773227615000,64.1095983333333,-21.84165,3.0,0.0,0.0,true,59,0
1773227615000,64.1095983333333,-21.84165,0.0,0.0,0.0,true,60,0
1773227619000,64.1095983333333,-21.84165,4.0,0.0,0.0,true,61,0
1773227621000,64.1095983333333,-21.84165,2.0,0.0,0.0,true,62,0
1773227621000,64.1095983333333,-21.84165,0.0,0.0,0.0,true,63,0
1773227623000,64.1095983333333,-21.84165,2.0,0.0,0.0,true,64,0
1773227623000,64.1095983333333,-21.84165,0.0,0.0,0.0,true,65,0
1773227625000,64.1095983333333,-21.84165,2.0,0.0,0.0,true,66,0
1773227627000,64.1095983333333,-21.84165,2.0,0.0,0.0,true,67,0
1773227627000,64.1095983333333,-21.84165,0.0,0.0,0.0,true,68,0
1773227632000,64.1095983333333,-21.84165,5.0,0.0,0.0,true,69,0
1773227636000,64.1095983333333,-21.84165,4.0,0.0,0.0,true,70,0
1773227636000,64.1095983333333,-21.84165,0.0,0.0,0.0,true,71,0
1773227638000,64.1095983333333,-21.84165,2.0,0.0,0.0,true,72,0
1773227641000,64.1095983333333,-21.84165,3.0,0.0,0.0,true,73,0
1773227641000,64.1095983333333,-21.84165,0.0,0.0,0.0,true,74,0
1773227645000,64.1095983333333,-21.84165,4.0,0.0,0.0,true,75,0
1773227647000,64.1095983333333,-21.84165,2.0,0.0,0.0,true,76,0
1773227651000,64.1095983333333,-21.84165,4.0,0.0,0.0,true,77,0
1773227653000,64.1095983333333,-21.84165,2.0,0.0,0.0,true,78,0
1773227653000,64.1095983333333,-21.84165,0.0,0.0,0.0,true,79,0
1773227655000,64.1095983333333,-21.84165,2.0,0.0,0.0,true,80,0
1773227657000,64.1095983333333,-21.84165,2.0,0.0,0.0,true,81,0
1773227657000,64.1095983333333,-21.84165,0.0,0.0,0.0,true,82,0
1773227662000,64.1095983333333,-21.84165,5.0,0.0,0.0,true,83,0
1773227666000,64.1095983333333,-21.84165,4.0,0.0,0.0,true,84,0
1773227666000,64.1095983333333,-21.84165,0.0,0.0,0.0,true,85,0
1773227666000,64.1095983333333,-21.84165,0.0,0.0,0.0,true,86,0
1773227668000,64.1095983333333,-21.84165,2.0,0.0,0.0,true,87,0
1773227672000,64.1095983333333,-21.84165,4.0,0.0,0.0,true,88,0
1773227674000,64.1095983333333,-21.84165,2.0,0.0,0.0,true,89,0
1773227678000,64.1095983333333,-21.84165,4.0,0.0,0.0,true,90,0
1773227678000,64.1095983333333,-21.84165,0.0,0.0,0.0,true,91,0
1773227680000,64.1095983333333,-21.84165,2.0,0.0,0.0,true,92,0
1773227682000,64.1095983333333,-21.84165,2.0,0.0,0.0,true,93,0
1773227682000,64.1095983333333,-21.84165,0.0,0.0,0.0,true,94,0
1773227685000,64.1095983333333,-21.84165,3.0,0.0,0.0,true,95,0
1773227689000,64.1095983333333,-21.84165,4.0,0.0,0.0,true,96,0
1773227689000,64.1095983333333,-21.84165,0.0,0.0,0.0,true,97,0
1773227691000,64.1095983333333,-21.84165,2.0,0.0,0.0,true,98,0
1773227693000,64.1095983333333,-21.84165,2.0,0.0,0.0,true,99,0
1773227695000,64.1095983333333,-21.84165,2.0,0.0,0.0,true,100,0
1773227695000,64.1095983333333,-21.84165,0.0,0.0,0.0,true,101,0
1773227701000,64.1095983333333,-21.84165,6.0,0.0,0.0,true,102,0
1773227705000,64.1095983333333,-21.84165,4.0,0.0,0.0,true,103,0
1773227705000,64.1095983333333,-21.84165,0.0,0.0,0.0,true,104,0
1773227707000,64.1095983333333,-21.84165,2.0,0.0,0.0,true,105,0
1773227707000,64.1095983333333,-21.84165,0.0,0.0,0.0,true,106,0
1773227713000,64.1095983333333,-21.84165,6.0,0.0,0.0,true,107,0
1773227713000,64.1095983333333,-21.84165,0.0,0.0,0.0,true,108,0
1773227713000,64.1095983333333,-21.84165,0.0,0.0,0.0,true,109,0
1773227716000,64.1095983333333,-21.84165,3.0,0.0,0.0,true,110,0
1773227718000,64.1095983333333,-21.84165,2.0,0.0,0.0,true,111,0
1773227718000,64.1095983333333,-21.84165,0.0,0.0,0.0,true,112,0
1773227720000,64.1095983333333,-21.84165,2.0,0.0,0.0,true,113,0
1773227723000,64.1095983333333,-21.84165,3.0,0.0,0.0,true,114,0
1773227727000,64.1095983333333,-21.84165,4.0,0.0,0.0,true,115,0
1773227727000,64.1095983333333,-21.84165,0.0,0.0,0.0,true,116,0
1773227731000,64.1095983333333,-21.84165,4.0,0.0,0.0,true,117,0
1773227731000,64.1095983333333,-21.84165,0.0,0.0,0.0,true,118,0
1773227734000,64.1095983333333,-21.84165,3.0,0.0,0.0,true,119,0
1773227736000,64.1095983333333,-21.84165,2.0,0.0,0.0,true,120,0
1773227736000,64.1095983333333,-21.84165,0.0,0.0,0.0,true,121,0
1773227740000,64.1095983333333,-21.84165,4.0,0.0,0.0,true,122,0
1773227740000,64.1095983333333,-21.84165,0.0,0.0,0.0,true,123,0
1773227742000,64.1095983333333,-21.84165,2.0,0.0,0.0,true,124,0
1773227744000,64.1095983333333,-21.84165,2.0,0.0,0.0,true,125,0
1773227746000,64.1095983333333,-21.84165,2.0,0.0,0.0,true,126,0
1773227746000,64.1095983333333,-21.84165,0.0,0.0,0.0,true,127,0
1773227752000,64.1095983333333,-21.84165,6.0,0.0,0.0,true,128,0
1773227757000,64.1095983333333,-21.84165,5.0,0.0,0.0,true,129,0
1773227757000,64.1095983333333,-21.84165,0.0,0.0,0.0,true,130,0
1773227757000,64.1095983333333,-21.84165,0.0,0.0,0.0,true,131,0
1773227757000,64.1095983333333,-21.84165,0.0,0.0,0.0,true,132,0
1773227760000,64.1095983333333,-21.84165,3.0,0.0,0.0,true,133,0
1773227764000,64.1095983333333,-21.84165,4.0,0.0,0.0,true,134,0
1773227766000,64.1095983333333,-21.84165,2.0,0.0,0.0,true,135,0
1773227766000,64.1095983333333,-21.84165,0.0,0.0,0.0,true,136,0
1773227772000,64.1095983333333,-21.84165,6.0,0.0,0.0,true,137,0
1773227772000,64.1095983333333,-21.84165,0.0,0.0,0.0,true,138,0
1773227775000,64.1095983333333,-21.84165,3.0,0.0,0.0,true,139,0
1773227775000,64.1095983333333,-21.84165,0.0,0.0,0.0,true,140,0
1773227777000,64.1095983333333,-21.84165,2.0,0.0,0.0,true,141,0
1773227777000,64.1095983333333,-21.84165,0.0,0.0,0.0,true,142,0
1773227781000,64.1095983333333,-21.84165,4.0,0.0,0.0,true,143,0
1773227781000,64.1095983333333,-21.84165,0.0,0.0,0.0,true,144,0
1773227784000,64.1095983333333,-21.84165,3.0,0.0,0.0,true,145,0
1773227790000,64.1095983333333,-21.84165,6.0,0.0,0.0,true,146,0
1773227790000,64.1095983333333,-21.84165,0.0,0.0,0.0,true,147,0
1773227792000,64.1095983333333,-21.84165,2.0,0.0,0.0,true,148,0
1773227792000,64.1095983333333,-21.84165,0.0,0.0,0.0,true,149,0
1773227796000,64.1095983333333,-21.84165,4.0,0.0,0.0,true,150,0
1773227796000,64.1095983333333,-21.84165,0.0,0.0,0.0,true,151,0
1773227799000,64.1095983333333,-21.84165,3.0,0.0,0.0,true,152,0
1773227801000,64.1095983333333,-21.84165,2.0,0.0,0.0,true,153,0
1773227805000,64.1095983333333,-21.84165,4.0,0.0,0.0,true,154,0
1773227807000,64.1095983333333,-21.84165,2.0,0.0,0.0,true,155,0
1773227807000,64.1095983333333,-21.84165,0.0,0.0,0.0,true,156,0
1773227809000,64.1095983333333,-21.84165,2.0,0.0,0.0,true,157,0
1773227812000,64.1095983333333,-21.84165,3.0,0.0,0.0,true,158,0
1773227815000,64.1095983333333,-21.84165,3.0,0.0,0.0,true,159,0
1773227815000,64.1095983333333,-21.84165,0.0,0.0,0.0,true,160,0
1773227819000,64.1095983333333,-21.84165,4.0,0.0,0.0,true,161,0
1773227819000,64.1095983333333,-21.84165,0.0,0.0,0.0,true,162,0
1773227819000,64.1095983333333,-21.84165,0.0,0.0,0.0,true,163,0
1773227823000,64.1095983333333,-21.84165,4.0,0.0,0.0,true,164,0
1773227823000,64.1095983333333,-21.84165,0.0,0.0,0.0,true,165,0
1773227827000,64.1095983333333,-21.84165,4.0,0.0,0.0,true,166,0
1773227827000,64.1095983333333,-21.84165,0.0,0.0,0.0,true,167,0
1773227830000,64.1095983333333,-21.84165,3.0,0.0,0.0,true,168,0
1773227832000,64.1095983333333,-21.84165,2.0,0.0,0.0,true,169,0
1773227836000,64.1095983333333,-21.84165,4.0,0.0,0.0,true,170,0
1773227839000,64.1095983333333,-21.84165,3.0,0.0,0.0,true,171,0
1773227841000,64.1095983333333,-21.84165,2.0,0.0,0.0,true,172,0
1773227841000,64.1095983333333,-21.84165,0.0,0.0,0.0,true,173,0
1773227841000,64.1095983333333,-21.84165,0.0,0.0,0.0,true,174,0
1773227847000,64.1095983333333,-21.84165,6.0,0.0,0.0,true,175,0
1773227847000,64.1095983333333,-21.84165,0.0,0.0,0.0,true,176,0
1773227847000,64.1095983333333,-21.84165,0.0,0.0,0.0,true,177,0
1773227853000,64.1095983333333,-21.84165,6.0,0.0,0.0,true,178,0
1773227853000,64.1095983333333,-21.84165,0.0,0.0,0.0,true,179,0
1773227856000,64.1095983333333,-21.84165,3.0,0.0,0.0,true,180,0
1773227856000,64.1095983333333,-21.84165,0.0,0.0,0.0,true,181,0
1773227860000,64.1095983333333,-21.84165,4.0,0.0,0.0,true,182,0
1773227863000,64.1095983333333,-21.84165,3.0,0.0,0.0,true,183,0
1773227865000,64.1095983333333,-21.84165,2.0,0.0,0.0,true,184,0
1773227865000,64.1095983333333,-21.84165,0.0,0.0,0.0,true,185,0
1773227868000,64.1095983333333,-21.84165,3.0,0.0,0.0,true,186,0
1773227868000,64.1095983333333,-21.84165,0.0,0.0,0.0,true,187,0
1773227873000,64.1095983333333,-21.84165,5.0,0.0,0.0,true,188,0
1773227876000,64.1095983333333,-21.84165,3.0,0.0,0.0,true,189,0
1773227876000,64.1095983333333,-21.84165,0.0,0.0,0.0,true,190,0
1773227879000,64.1095983333333,-21.84165,3.0,0.0,0.0,true,191,0
1773227879000,64.1095983333333,-21.84165,0.0,0.0,0.0,true,192,0
1773227881000,64.1095983333333,-21.84165,2.0,0.0,0.0,true,193,0
1773227881000,64.1095983333333,-21.84165,0.0,0.0,0.0,true,194,0
1773227886000,64.1095983333333,-21.84165,5.0,0.0,0.0,true,195,0
1773227886000,64.1095983333333,-21.84165,0.0,0.0,0.0,true,196,0
1773227890000,64.1095983333333,-21.84165,4.0,0.0,0.0,true,197,0
1773227890000,64.1095983333333,-21.84165,0.0,0.0,0.0,true,198,0
1773227895000,64.1095983333333,-21.84165,5.0,0.0,0.0,true,199,0
1773227895000,64.1095983333333,-21.84165,0.0,0.0,0.0,true,200,0
1773227897000,64.1095983333333,-21.84165,2.0,0.0,0.0,true,201,0
1773227900000,64.1095983333333,-21.84165,3.0,0.0,0.0,true,202,0
1773227902000,64.1095983333333,-21.84165,2.0,0.0,0.0,true,203,0
1773227902000,64.1095983333333,-21.84165,0.0,0.0,0.0,true,204,0
1773227905000,64.1095983333333,-21.84165,3.0,0.0,0.0,true,205,0
1773227907000,64.1095983333333,-21.84165,2.0,0.0,0.0,true,206,0
1773227910000,64.1095983333333,-21.84165,3.0,0.0,0.0,true,207,0
1773227910000,64.1095983333333,-21.84165,0.0,0.0,0.0,true,208,0
1773227912000,64.1095983333333,-21.84165,2.0,0.0,0.0,true,209,0
1773227916000,64.1095983333333,-21.84165,4.0,0.0,0.0,true,210,0
1773227916000,64.1095983333333,-21.84165,0.0,0.0,0.0,true,211,0
1773227918000,64.1095983333333,-21.84165,2.0,0.0,0.0,true,212,0
1773227923000,64.1095983333333,-21.84165,5.0,0.0,0.0,true,213,0
1773227925000,64.1095983333333,-21.84165,2.0,0.0,0.0,true,214,0
1773227925000,64.1095983333333,-21.84165,0.0,0.0,0.0,true,215,0
1773227927000,64.1095983333333,-21.84165,2.0,0.0,0.0,true,216,0
1773227930000,64.1095983333333,-21.84165,3.0,0.0,0.0,true,217,0
1773227934000,64.1095983333333,-21.84165,4.0,0.0,0.0,true,218,0
1773227934000,64.1095983333333,-21.84165,0.0,0.0,0.0,true,219,0
1773227938000,64.1095983333333,-21.84165,4.0,0.0,0.0,true,220,0
1773227938000,64.1095983333333,-21.84165,0.0,0.0,0.0,true,221,0
1773227940000,64.1095983333333,-21.84165,2.0,0.0,0.0,true,222,0
1773227940000,64.1095983333333,-21.84165,0.0,0.0,0.0,true,223,0
1773227944000,64.1095983333333,-21.84165,4.0,0.0,0.0,true,224,0
1773227944000,64.1095983333333,-21.84165,0.0,0.0,0.0,true,225,0
1773227946000,64.1095983333333,-21.84165,2.0,0.0,0.0,true,226,0
1773227953000,64.1095983333333,-21.84165,7.0,0.0,0.0,true,227,0
1773227953000,64.1095983333333,-21.84165,0.0,0.0,0.0,true,228,0
1773227955000,64.1095983333333,-21.84165,2.0,0.0,0.0,true,229,0
1773227955000,64.1095983333333,-21.84165,0.0,0.0,0.0,true,230,0
1773227959000,64.1095983333333,-21.84165,4.0,0.0,0.0,true,231,0
1773227961000,64.1095983333333,-21.84165,2.0,0.0,0.0,true,232,0
1773227964000,64.1095983333333,-21.84165,3.0,0.0,0.0,true,233,0
1773227964000,64.1095983333333,-21.84165,0.0,0.0,0.0,true,234,0
1773227966000,64.1095983333333,-21.84165,2.0,0.0,0.0,true,235,0
1773227968000,64.1095983333333,-21.84165,2.0,0.0,0.0,true,236,0
1773227968000,64.1095983333333,-21.84165,0.0,0.0,0.0,true,237,0
1773227974000,64.1095983333333,-21.84165,6.0,0.0,0.0,true,238,0
1773227974000,64.1095983333333,-21.84165,0.0,0.0,0.0,true,239,0
1773227976000,64.1095983333333,-21.84165,2.0,0.0,0.0,true,240,0
1773227980000,64.1095983333333,-21.84165,4.0,0.0,0.0,true,241,0
1773227980000,64.1095983333333,-21.84165,0.0,0.0,0.0,true,242,0
1773227982000,64.1095983333333,-21.84165,2.0,0.0,0.0,true,243,0
1773227986000,64.1095983333333,-21.84165,4.0,0.0,0.0,true,244,0
1773227986000,64.1095983333333,-21.84165,0.0,0.0,0.0,true,245,0
1773227988000,64.1095983333333,-21.84165,2.0,0.0,0.0,true,246,0
1773227991000,64.1095983333333,-21.84165,3.0,0.0,0.0,true,247,0
1773227991000,64.1095983333333,-21.84165,0.0,0.0,0.0,true,248,0
1773227995000,64.1095983333333,-21.84165,4.0,0.0,0.0,true,249,0
1773227995000,64.1095983333333,-21.84165,0.0,0.0,0.0,true,250,0
1773227995000,64.1095983333333,-21.84165,0.0,0.0,0.0,true,251,0
1773228001000,64.1095983333333,-21.84165,6.0,0.0,0.0,true,252,0
1773228001000,64.1095983333333,-21.84165,0.0,0.0,0.0,true,253,0
1773228003000,64.1095983333333,-21.84165,2.0,0.0,0.0,true,254,0
1773228007000,64.1095983333333,-21.84165,4.0,0.0,0.0,true,255,0
1773228007000,64.1095983333333,-21.84165,0.0,0.0,0.0,true,256,0
1773228010000,64.1095983333333,-21.84165,3.0,0.0,0.0,true,257,0
1773228012000,64.1095983333333,-21.84165,2.0,0.0,0.0,true,258,0
1773228012000,64.1095983333333,-21.84165,0.0,0.0,0.0,true,259,0
1773228016000,64.1095983333333,-21.84165,4.0,0.0,0.0,true,260,0
1773228018000,64.1095983333333,-21.84165,2.0,0.0,0.0,true,261,0
1773228018000,64.1095983333333,-21.84165,0.0,0.0,0.0,true,262,0
1773228020000,64.1095983333333,-21.84165,2.0,0.0,0.0,true,263,0
1773228024000,64.1095983333333,-21.84165,4.0,0.0,0.0,true,264,0
1773228026000,64.1095983333333,-21.84165,2.0,0.0,0.0,true,265,0
1773228028000,64.1095983333333,-21.84165,2.0,0.0,0.0,true,266,0
1773228028000,64.1095983333333,-21.84165,0.0,0.0,0.0,true,267,0
1773228031000,64.1095983333333,-21.84165,3.0,0.0,0.0,true,268,0
1773228035000,64.1095983333333,-21.84165,4.0,0.0,0.0,true,269,0
1773228035000,64.1095983333333,-21.84165,0.0,0.0,0.0,true,270,0
1773228037000,64.1095983333333,-21.84165,2.0,0.0,0.0,true,271,0
1773228041000,64.1095983333333,-21.84165,4.0,0.0,0.0,true,272,0
1773228041000,64.1095983333333,-21.84165,0.0,0.0,0.0,true,273,0
1773228043000,64.1095983333333,-21.84165,2.0,0.0,0.0,true,274,0
1773228048000,64.1095983333333,-21.84165,5.0,0.0,0.0,true,275,0
1773228048000,64.1095983333333,-21.84165,0.0,0.0,0.0,true,276,0
1773228052000,64.1095983333333,-21.84165,4.0,0.0,0.0,true,277,0
1773228052000,64.1095983333333,-21.84165,0.0,0.0,0.0,true,278,0
1773228054000,64.1095983333333,-21.84165,2.0,0.0,0.0,true,279,0
1773228057000,64.1095983333333,-21.84165,3.0,0.0,0.0,true,280,0
1773228057000,64.1095983333333,-21.84165,0.0,0.0,0.0,true,281,0
1773228059000,64.1095983333333,-21.84165,2.0,0.0,0.0,true,282,0
1773228062000,64.1095983333333,-21.84165,3.0,0.0,0.0,true,283,0
1773228064000,64.1095983333333,-21.84165,2.0,0.0,0.0,true,284,0
1773228064000,64.1095983333333,-21.84165,0.0,0.0,0.0,true,285,0
1773228067000,64.1095983333333,-21.84165,3.0,0.0,0.0,true,286,0
1773228069000,64.1095983333333,-21.84165,2.0,0.0,0.0,true,287,0
1773228074000,64.1095983333333,-21.84165,5.0,0.0,0.0,true,288,0
1773228074000,64.1095983333333,-21.84165,0.0,0.0,0.0,true,289,0
1773228076000,64.1095983333333,-21.84165,2.0,0.0,0.0,true,290,0
1773228076000,64.1095983333333,-21.84165,0.0,0.0,0.0,true,291,0
1773228078000,64.1095983333333,-21.84165,2.0,0.0,0.0,true,292,0
1773228081000,64.1095983333333,-21.84165,3.0,0.0,0.0,true,293,0
1773228085000,64.1095983333333,-21.84165,4.0,0.0,0.0,true,294,0
1773228085000,64.1095983333333,-21.84165,0.0,0.0,0.0,true,295,0
1773228089000,64.1095983333333,-21.84165,4.0,0.0,0.0,true,296,0
1773228092000,64.1095983333333,-21.84165,3.0,0.0,0.0,true,297,0
1773228092000,64.1095983333333,-21.84165,0.0,0.0,0.0,true,298,0
1773228096000,64.1095983333333,-21.84165,4.0,0.0,0.0,true,299,0
1773228096000,64.1095983333333,-21.84165,0.0,0.0,0.0,true,300,0
1773228098000,64.1095983333333,-21.84165,2.0,0.0,0.0,true,301,0
1773228100000,64.1095983333333,-21.84165,2.0,0.0,0.0,true,302,0
1773228102000,64.1095983333333,-21.84165,2.0,0.0,0.0,true,303,0
1773228104000,64.1095983333333,-21.84165,2.0,0.0,0.0,true,304,0
1773228104000,64.1095983333333,-21.84165,0.0,0.0,0.0,true,305,0
1773228109000,64.1095983333333,-21.84165,5.0,0.0,0.0,true,306,0
1773228109000,64.1095983333333,-21.84165,0.0,0.0,0.0,true,307,0
1773228111000,64.1095983333333,-21.84165,2.0,0.0,0.0,true,308,0
1773228114000,64.1095983333333,-21.84165,3.0,0.0,0.0,true,309,0
1773228120000,64.1095983333333,-21.84165,6.0,0.0,0.0,true,310,0
1773228120000,64.1095983333333,-21.84165,0.0,0.0,0.0,true,311,0
1773228120000,64.1095983333333,-21.84165,0.0,0.0,0.0,true,312,0
1773228124000,64.1095983333333,-21.84165,4.0,0.0,0.0,true,313,0
1773228124000,64.1095983333333,-21.84165,0.0,0.0,0.0,true,314,0
1773228127000,64.1095983333333,-21.84165,3.0,0.0,0.0,true,315,0
1773228127000,64.1095983333333,-21.84165,0.0,0.0,0.0,true,316,0
1773228129000,64.1095983333333,-21.84165,2.0,0.0,0.0,true,317,0
1773228133000,64.1095983333333,-21.84165,4.0,0.0,0.0,true,318,0
1773228135000,64.1095983333333,-21.84165,2.0,0.0,0.0,true,319,0
1773228140000,64.1095983333333,-21.84165,5.0,0.0,0.0,true,320,0
1773228140000,64.1095983333333,-21.84165,0.0,0.0,0.0,true,321,0
1773228144000,64.1095983333333,-21.84165,4.0,0.0,0.0,true,322,0
1773228144000,64.1095983333333,-21.84165,0.0,0.0,0.0,true,323,0
1773228144000,64.1095983333333,-21.84165,0.0,0.0,0.0,true,324,0
1773228144000,64.1095983333333,-21.84165,0.0,0.0,0.0,true,325,0
1773228149000,64.1095983333333,-21.84165,5.0,0.0,0.0,true,326,0
1773228151000,64.1095983333333,-21.84165,2.0,0.0,0.0,true,327,0
1773228155000,64.1095983333333,-21.84165,4.0,0.0,0.0,true,328,0
1773228155000,64.1095983333333,-21.84165,0.0,0.0,0.0,true,329,0
1773228157000,64.1095983333333,-21.84165,2.0,0.0,0.0,true,330,0
1773228157000,64.1095983333333,-21.84165,0.0,0.0,0.0,true,331,0
1773228162000,64.1095983333333,-21.84165,5.0,0.0,0.0,true,332,0
1773228162000,64.1095983333333,-21.84165,0.0,0.0,0.0,true,333,0
1773228166000,64.1095983333333,-21.84165,4.0,0.0,0.0,true,334,0
1773228170000,64.1095983333333,-21.84165,4.0,0.0,0.0,true,335,0
1773228170000,64.1095983333333,-21.84165,0.0,0.0,0.0,true,336,0
1773228172000,64.1095983333333,-21.84165,2.0,0.0,0.0,true,337,0
1773228174000,64.1095983333333,-21.84165,2.0,0.0,0.0,true,338,0
1773228174000,64.1095983333333,-21.84165,0.0,0.0,0.0,true,339,0
1773228180000,64.1095983333333,-21.84165,6.0,0.0,0.0,true,340,0
1773228180000,64.1095983333333,-21.84165,0.0,0.0,0.0,true,341,0
1773228182000,64.1095983333333,-21.84165,2.0,0.0,0.0,true,342,0
1773228186000,64.1095983333333,-21.84165,4.0,0.0,0.0,true,343,0
1773228186000,64.1095983333333,-21.84165,0.0,0.0,0.0,true,344,0
1773228189000,64.1095983333333,-21.84165,3.0,0.0,0.0,true,345,0
1773228191000,64.1095983333333,-21.84165,2.0,0.0,0.0,true,346,0
1773228191000,64.1095983333333,-21.84165,0.0,0.0,0.0,true,347,0
1773228195000,64.1095983333333,-21.84165,4.0,0.0,0.0,true,348,0
1773228197000,64.1095983333333,-21.84165,2.0,0.0,0.0,true,349,0
1773228197000,64.1095983333333,-21.84165,0.0,0.0,0.0,true,350,0
1773228202000,64.1095983333333,-21.84165,5.0,0.0,0.0,true,351,0
1773228202000,64.1095983333333,-21.84165,0.0,0.0,0.0,true,352,0
1773228204000,64.1095983333333,-21.84165,2.0,0.0,0.0,true,353,0
1773228206000,64.1095983333333,-21.84165,2.0,0.0,0.0,true,354,0
1773228206000,64.1095983333333,-21.84165,0.0,0.0,0.0,true,355,0
1773228210000,64.1095983333333,-21.84165,4.0,0.0,0.0,true,356,0
1773228212000,64.1095983333333,-21.84165,2.0,0.0,0.0,true,357,0
1773228212000,64.1095983333333,-21.84165,0.0,0.0,0.0,true,358,0
1773228214000,64.1095983333333,-21.84165,2.0,0.0,0.0,true,359,0
1773228219000,64.1095983333333,-21.84165,5.0,0.0,0.0,true,360,0
1773228219000,64.1095983333333,-21.84165,0.0,0.0,0.0,true,361,0
1773228221000,64.1095983333333,-21.84165,2.0,0.0,0.0,true,362,0
1773228225000,64.1095983333333,-21.84165,4.0,0.0,0.0,true,363,0
1773228227000,64.1095983333333,-21.84165,2.0,0.0,0.0,true,364,0
1773228229000,64.1095983333333,-21.84165,2.0,0.0,0.0,true,365,0
1773228229000,64.1095983333333,-21.84165,0.0,0.0,0.0,true,366,0
1773228229000,64.1095983333333,-21.84165,0.0,0.0,0.0,true,367,0
1773228234000,64.1095983333333,-21.84165,5.0,0.0,0.0,true,368,0
1773228234000,64.1095983333333,-21.84165,0.0,0.0,0.0,true,369,0
1773228236000,64.1095983333333,-21.84165,2.0,0.0,0.0,true,370,0
1773228241000,64.1095983333333,-21.84165,5.0,0.0,0.0,true,371,0
1773228241000,64.1095983333333,-21.84165,0.0,0.0,0.0,true,372,0
1773228245000,64.1095983333333,-21.84165,4.0,0.0,0.0,true,373,0
1773228247000,64.1095983333333,-21.84165,2.0,0.0,0.0,true,374,0
1773228247000,64.1095983333333,-21.84165,0.0,0.0,0.0,true,375,0
1773228250000,64.1095983333333,-21.84165,3.0,0.0,0.0,true,376,0
1773228250000,64.1095983333333,-21.84165,0.0,0.0,0.0,true,377,0
1773228254000,64.1095983333333,-21.84165,4.0,0.0,0.0,true,378,0
1773228256000,64.1095983333333,-21.84165,2.0,0.0,0.0,true,379,0
1773228256000,64.1095983333333,-21.84165,0.0,0.0,0.0,true,380,0
1773228260000,64.1095983333333,-21.84165,4.0,0.0,0.0,true,381,0
1773228262000,64.1095983333333,-21.84165,2.0,0.0,0.0,true,382,0
1773228265000,64.1095983333333,-21.84165,3.0,0.0,0.0,true,383,0
1773228265000,64.1095983333333,-21.84165,0.0,0.0,0.0,true,384,0
1773228269000,64.1095983333333,-21.84165,4.0,0.0,0.0,true,385,0
1773228269000,64.1095983333333,-21.84165,0.0,0.0,0.0,true,386,0
1773228272000,64.1095983333333,-21.84165,3.0,0.0,0.0,true,387,0
1773228276000,64.1095983333333,-21.84165,4.0,0.0,0.0,true,388,0
1773228276000,64.1095983333333,-21.84165,0.0,0.0,0.0,true,389,0
1773228278000,64.1095983333333,-21.84165,2.0,0.0,0.0,true,390,0
1773228280000,64.1095983333333,-21.84165,2.0,0.0,0.0,true,391,0
1773228280000,64.1095983333333,-21.84165,0.0,0.0,0.0,true,392,0
1773228282000,64.1095983333333,-21.84165,2.0,0.0,0.0,true,393,0
1773228282000,64.1095983333333,-21.84165,0.0,0.0,0.0,true,394,0
1773228289000,64.1095983333333,-21.84165,7.0,0.0,0.0,true,395,0
1773228289000,64.1095983333333,-21.84165,0.0,0.0,0.0,true,396,0
1773228291000,64.1095983333333,-21.84165,2.0,0.0,0.0,true,397,0
1773228295000,64.1095983333333,-21.84165,4.0,0.0,0.0,true,398,0
1773228297000,64.1095983333333,-21.84165,2.0,0.0,0.0,true,399,0
1773228297000,64.1095983333333,-21.84165,0.0,0.0,0.0,true,400,0
1773228300000,64.1095983333333,-21.84165,3.0,0.0,0.0,true,401,0
1773228300000,64.1095983333333,-21.84165,0.0,0.0,0.0,true,402,0
1773228304000,64.1095983333333,-21.84165,4.0,0.0,0.0,true,403,0
1773228306000,64.1095983333333,-21.84165,2.0,0.0,0.0,true,404,0
1773228308000,64.1095983333333,-21.84165,2.0,0.0,0.0,true,405,0
1773228308000,64.1095983333333,-21.84165,0.0,0.0,0.0,true,406,0
1773228312000,64.1095983333333,-21.84165,4.0,0.0,0.0,true,407,0
1773228312000,64.1095983333333,-21.84165,0.0,0.0,0.0,true,408,0
1773228314000,64.1095983333333,-21.84165,2.0,0.0,0.0,true,409,0
1773228321000,64.1095983333333,-21.84165,7.0,0.0,0.0,true,410,0
1773228321000,64.1095983333333,-21.84165,0.0,0.0,0.0,true,411,0
1773228323000,64.1095983333333,-21.84165,2.0,0.0,0.0,true,412,0
1773228327000,64.1095983333333,-21.84165,4.0,0.0,0.0,true,413,0
1773228327000,64.1095983333333,-21.84165,0.0,0.0,0.0,true,414,0
1773228329000,64.1095983333333,-21.84165,2.0,0.0,0.0,true,415,0
1773228329000,64.1095983333333,-21.84165,0.0,0.0,0.0,true,416,0
1773228331000,64.1095983333333,-21.84165,2.0,0.0,0.0,true,417,0
1773228333000,64.1095983333333,-21.84165,2.0,0.0,0.0,true,418,0
1773228333000,64.1095983333333,-21.84165,0.0,0.0,0.0,true,419,0
1773228337000,64.1095983333333,-21.84165,4.0,0.0,0.0,true,420,0
1773228341000,64.1095983333333,-21.84165,4.0,0.0,0.0,true,421,0
1773228343000,64.1095983333333,-21.84165,2.0,0.0,0.0,true,422,0
1773228346000,64.1095983333333,-21.84165,3.0,0.0,0.0,true,423,0
1773228346000,64.1095983333333,-21.84165,0.0,0.0,0.0,true,424,0
1773228348000,64.1095983333333,-21.84165,2.0,0.0,0.0,true,425,0
1773228351000,64.1095983333333,-21.84165,3.0,0.0,0.0,true,426,0
1773228351000,64.1095983333333,-21.84165,0.0,0.0,0.0,true,427,0
1773228353000,64.1095983333333,-21.84165,2.0,0.0,0.0,true,428,0
1773228356000,64.1095983333333,-21.84165,3.0,0.0,0.0,true,429,0
1773228358000,64.1095983333333,-21.84165,2.0,0.0,0.0,true,430,0
1773228362000,64.1095983333333,-21.84165,4.0,0.0,0.0,true,431,0
1773228362000,64.1095983333333,-21.84165,0.0,0.0,0.0,true,432,0
1773228366000,64.1095983333333,-21.84165,4.0,0.0,0.0,true,433,0
1773228366000,64.1095983333333,-21.84165,0.0,0.0,0.0,true,434,0
1773228370000,64.1095983333333,-21.84165,4.0,0.0,0.0,true,435,0
1773228370000,64.1095983333333,-21.84165,0.0,0.0,0.0,true,436,0
1773228372000,64.1095983333333,-21.84165,2.0,0.0,0.0,true,437,0
1773228372000,64.1095983333333,-21.84165,0.0,0.0,0.0,true,438,0
1773228376000,64.1095983333333,-21.84165,4.0,0.0,0.0,true,439,0
1773228381000,64.1095983333333,-21.84165,5.0,0.0,0.0,true,440,0
1773228381000,64.1095983333333,-21.84165,0.0,0.0,0.0,true,441,0
1773228381000,64.1095983333333,-21.84165,0.0,0.0,0.0,true,442,0
1773228381000,64.1095983333333,-21.84165,0.0,0.0,0.0,true,443,0
1773228381000,64.1095983333333,-21.84165,0.0,0.0,0.0,true,444,0
1773228381000,64.1095983333333,-21.84165,0.0,0.0,0.0,true,445,0
1773228391000,64.1095983333333,-21.84165,10.0,0.0,0.0,true,446,0
1773228391000,64.1095983333333,-21.84165,0.0,0.0,0.0,true,447,0
1773228391000,64.1095983333333,-21.84165,0.0,0.0,0.0,true,448,0
1773228397000,64.1095983333333,-21.84165,6.0,0.0,0.0,true,449,0
1773228397000,64.1095983333333,-21.84165,0.0,0.0,0.0,true,450,0
1773228400000,64.1095983333333,-21.84165,3.0,0.0,0.0,true,451,0
1773228400000,64.1095983333333,-21.84165,0.0,0.0,0.0,true,452,0
1773228400000,64.1095983333333,-21.84165,0.0,0.0,0.0,true,453,0
1773228405000,64.1095983333333,-21.84165,5.0,0.0,0.0,true,454,0
1773228405000,64.1095983333333,-21.84165,0.0,0.0,0.0,true,455,0
1773228411000,64.1095983333333,-21.84165,6.0,0.0,0.0,true,456,0
1773228411000,64.1095983333333,-21.84165,0.0,0.0,0.0,true,457,0
1773228414000,64.1095983333333,-21.84165,3.0,0.0,0.0,true,458,0
1773228416000,64.1095983333333,-21.84165,2.0,0.0,0.0,true,459,0
1773228420000,64.1095983333333,-21.84165,4.0,0.0,0.0,true,460,0
1773228420000,64.1095983333333,-21.84165,0.0,0.0,0.0,true,461,0
1773228422000,64.1095983333333,-21.84165,2.0,0.0,0.0,true,462,0
1773228422000,64.1095983333333,-21.84165,0.0,0.0,0.0,true,463,0
1773228427000,64.1095983333333,-21.84165,5.0,0.0,0.0,true,464,0
1773228427000,64.1095983333333,-21.84165,0.0,0.0,0.0,true,465,0
1773228427000,64.1095983333333,-21.84165,0.0,0.0,0.0,true,466,0
1773228433000,64.1095983333333,-21.84165,6.0,0.0,0.0,true,467,0
1773228437000,64.1095983333333,-21.84165,4.0,0.0,0.0,true,468,0
1773228437000,64.1095983333333,-21.84165,0.0,0.0,0.0,true,469,0
1773228439000,64.1095983333333,-21.84165,2.0,0.0,0.0,true,470,0
1773228439000,64.1095983333333,-21.84165,0.0,0.0,0.0,true,471,0
1773228442000,64.1095983333333,-21.84165,3.0,0.0,0.0,true,472,0
1773228444000,64.1095983333333,-21.84165,2.0,0.0,0.0,true,473,0
1773228444000,64.1095983333333,-21.84165,0.0,0.0,0.0,true,474,0
1773228447000,64.1095983333333,-21.84165,3.0,0.0,0.0,true,475,0
1773228447000,64.1095983333333,-21.84165,0.0,0.0,0.0,true,476,0
1773228452000,64.1095983333333,-21.84165,5.0,0.0,0.0,true,477,0
1773228452000,64.1095983333333,-21.84165,0.0,0.0,0.0,true,478,0
1773228457000,64.1095983333333,-21.84165,5.0,0.0,0.0,true,479,0
1773228457000,64.1095983333333,-21.84165,0.0,0.0,0.0,true,480,0
1773228461000,64.1095983333333,-21.84165,4.0,0.0,0.0,true,481,0
1773228461000,64.1095983333333,-21.84165,0.0,0.0,0.0,true,482,0
1773228463000,64.1095983333333,-21.84165,2.0,0.0,0.0,true,483,0
1773228468000,64.1095983333333,-21.84165,5.0,0.0,0.0,true,484,0
1773228468000,64.1095983333333,-21.84165,0.0,0.0,0.0,true,485,0
1773228468000,64.1095983333333,-21.84165,0.0,0.0,0.0,true,486,0
1773228472000,64.1095983333333,-21.84165,4.0,0.0,0.0,true,487,0
1773228472000,64.1095983333333,-21.84165,0.0,0.0,0.0,true,488,0
1773228477000,64.1095983333333,-21.84165,5.0,0.0,0.0,true,489,0
1773228479000,64.1095983333333,-21.84165,2.0,0.0,0.0,true,490,0
1773228479000,64.1095983333333,-21.84165,0.0,0.0,0.0,true,491,0
1773228482000,64.1095983333333,-21.84165,3.0,0.0,0.0,true,492,0
1773228482000,64.1095983333333,-21.84165,0.0,0.0,0.0,true,493,0
1773228486000,64.1095983333333,-21.84165,4.0,0.0,0.0,true,494,0
1773228488000,64.1095983333333,-21.84165,2.0,0.0,0.0,true,495,0
1773228488000,64.1095983333333,-21.84165,0.0,0.0,0.0,true,496,0
1773228492000,64.1095983333333,-21.84165,4.0,0.0,0.0,true,497,0
1773228494000,64.1095983333333,-21.84165,2.0,0.0,0.0,true,498,0
1773228494000,64.1095983333333,-21.84165,0.0,0.0,0.0,true,499,0
1773228497000,64.1095983333333,-21.84165,3.0,0.0,0.0,true,500,0
1773228501000,64.1095983333333,-21.84165,4.0,0.0,0.0,true,501,0
1773228501000,64.1095983333333,-21.84165,0.0,0.0,0.0,true,502,0
1773228503000,64.1095983333333,-21.84165,2.0,0.0,0.0,true,503,0
1773228503000,64.1095983333333,-21.84165,0.0,0.0,0.0,true,504,0
1773228509000,64.1095983333333,-21.84165,6.0,0.0,0.0,true,505,0
1773228512000,64.1095983333333,-21.84165,3.0,0.0,0.0,true,506,0
1773228512000,64.1095983333333,-21.84165,0.0,0.0,0.0,true,507,0
1773228512000,64.1095983333333,-21.84165,0.0,0.0,0.0,true,508,0
1773228517000,64.1095983333333,-21.84165,5.0,0.0,0.0,true,509,0
1773228517000,64.1095983333333,-21.84165,0.0,0.0,0.0,true,510,0
1773228521000,64.1095983333333,-21.84165,4.0,0.0,0.0,true,511,0
1773228521000,64.1095983333333,-21.84165,0.0,0.0,0.0,true,512,0
1773228523000,64.1095983333333,-21.84165,2.0,0.0,0.0,true,513,0
1773228527000,64.1095983333333,-21.84165,4.0,0.0,0.0,true,514,0
1773228527000,64.1095983333333,-21.84165,0.0,0.0,0.0,true,515,0
1773228529000,64.1095983333333,-21.84165,2.0,0.0,0.0,true,516,0
1773228529000,64.1095983333333,-21.84165,0.0,0.0,0.0,true,517,0
1773228532000,64.1095983333333,-21.84165,3.0,0.0,0.0,true,518,0
1773228537000,64.1095983333333,-21.84165,5.0,0.0,0.0,true,519,0
1773228537000,64.1095983333333,-21.84165,0.0,0.0,0.0,true,520,0
1773228537000,64.1095983333333,-21.84165,0.0,0.0,0.0,true,521,0
1773228543000,64.1095983333333,-21.84165,6.0,0.0,0.0,true,522,0
1773228543000,64.1095983333333,-21.84165,0.0,0.0,0.0,true,523,0
1773228547000,64.1095983333333,-21.84165,4.0,0.0,0.0,true,524,0
1773228549000,64.1095983333333,-21.84165,2.0,0.0,0.0,true,525,0
1773228549000,64.1095983333333,-21.84165,0.0,0.0,0.0,true,526,0
1773228552000,64.1095983333333,-21.84165,3.0,0.0,0.0,true,527,0
1773228556000,64.1095983333333,-21.84165,4.0,0.0,0.0,true,528,0
1773228556000,64.1095983333333,-21.84165,0.0,0.0,0.0,true,529,0
1773228558000,64.1095983333333,-21.84165,2.0,0.0,0.0,true,530,0
1773228558000,64.1095983333333,-21.84165,0.0,0.0,0.0,true,531,0
1773228562000,64.1095983333333,-21.84165,4.0,0.0,0.0,true,532,0
1773228567000,64.1095983333333,-21.84165,5.0,0.0,0.0,true,533,0
1773228567000,64.1095983333333,-21.84165,0.0,0.0,0.0,true,534,0
1773228569000,64.1095983333333,-21.84165,2.0,0.0,0.0,true,535,0
1773228569000,64.1095983333333,-21.84165,0.0,0.0,0.0,true,536,0
1773228569000,64.1095983333333,-21.84165,0.0,0.0,0.0,true,537,0
1773228573000,64.1095983333333,-21.84165,4.0,0.0,0.0,true,538,0
1773228576000,64.1095983333333,-21.84165,3.0,0.0,0.0,true,539,0
1773228576000,64.1095983333333,-21.84165,0.0,0.0,0.0,true,540,0
1773228583000,64.1095983333333,-21.84165,7.0,0.0,0.0,true,541,0
1773228583000,64.1095983333333,-21.84165,0.0,0.0,0.0,true,542,0
1773228586000,64.1095983333333,-21.84165,3.0,0.0,0.0,true,543,0
1773228588000,64.1095983333333,-21.84165,2.0,0.0,0.0,true,544,0
1773228588000,64.1095983333333,-21.84165,0.0,0.0,0.0,true,545,0
1773228590000,64.1095983333333,-21.84165,2.0,0.0,0.0,true,546,0
1773228592000,64.1095983333333,-21.84165,2.0,0.0,0.0,true,547,0
1773228592000,64.1095983333333,-21.84165,0.0,0.0,0.0,true,548,0
1773228595000,64.1095983333333,-21.84165,3.0,0.0,0.0,true,549,0
1773228595000,64.1095983333333,-21.84165,0.0,0.0,0.0,true,550,0
1773228598000,64.1095983333333,-21.84165,3.0,0.0,0.0,true,551,0
1773228601000,64.1095983333333,-21.84165,3.0,0.0,0.0,true,552,0
1773228601000,64.1095983333333,-21.84165,0.0,0.0,0.0,true,553,0
1773228608000,64.1095983333333,-21.84165,7.0,0.0,0.0,true,554,0
1773228608000,64.1095983333333,-21.84165,0.0,0.0,0.0,true,555,0
1773228611000,64.1095983333333,-21.84165,3.0,0.0,0.0,true,556,0
1773228614000,64.1095983333333,-21.84165,3.0,0.0,0.0,true,557,0
1773228614000,64.1095983333333,-21.84165,0.0,0.0,0.0,true,558,0
1773228616000,64.1095983333333,-21.84165,2.0,0.0,0.0,true,559,0
1773228620000,64.1095983333333,-21.84165,4.0,0.0,0.0,true,560,0
1773228620000,64.1095983333333,-21.84165,0.0,0.0,0.0,true,561,0
1773228624000,64.1095983333333,-21.84165,4.0,0.0,0.0,true,562,0
1773228624000,64.1095983333333,-21.84165,0.0,0.0,0.0,true,563,0
1773228626000,64.1095983333333,-21.84165,2.0,0.0,0.0,true,564,0
1773228626000,64.1095983333333,-21.84165,0.0,0.0,0.0,true,565,0
1773228626000,64.1095983333333,-21.84165,0.0,0.0,0.0,true,566,0
1773228631000,64.1095983333333,-21.84165,5.0,0.0,0.0,true,567,0
1773228635000,64.1095983333333,-21.84165,4.0,0.0,0.0,true,568,0
1773228635000,64.1095983333333,-21.84165,0.0,0.0,0.0,true,569,0
1773228638000,64.1095983333333,-21.84165,3.0,0.0,0.0,true,570,0
1773228643000,64.1095983333333,-21.84165,5.0,0.0,0.0,true,571,0
1773228643000,64.1095983333333,-21.84165,0.0,0.0,0.0,true,572,0
1773228643000,64.1095983333333,-21.84165,0.0,0.0,0.0,true,573,0
1773228646000,64.1095983333333,-21.84165,3.0,0.0,0.0,true,574,0
1773228646000,64.1095983333333,-21.84165,0.0,0.0,0.0,true,575,0
1773228648000,64.1095983333333,-21.84165,2.0,0.0,0.0,true,576,0
1773228648000,64.1095983333333,-21.84165,0.0,0.0,0.0,true,577,0
1773228652000,64.1095983333333,-21.84165,4.0,0.0,0.0,true,578,0
1773228658000,64.1095983333333,-21.84165,6.0,0.0,0.0,true,579,0
1773228658000,64.1095983333333,-21.84165,0.0,0.0,0.0,true,580,0
1773228663000,64.1095983333333,-21.84165,5.0,0.0,0.0,true,581,0
1773228663000,64.1095983333333,-21.84165,0.0,0.0,0.0,true,582,0
1773228663000,64.1095983333333,-21.84165,0.0,0.0,0.0,true,583,0
1773228667000,64.1095983333333,-21.84165,4.0,0.0,0.0,true,584,0
1773228669000,64.1095983333333,-21.84165,2.0,0.0,0.0,true,585,0
1773228669000,64.1095983333333,-21.84165,0.0,0.0,0.0,true,586,0
1773228672000,64.1095983333333,-21.84165,3.0,0.0,0.0,true,587,0
1773228672000,64.1095983333333,-21.84165,0.0,0.0,0.0,true,588,0
1773228675000,64.1095983333333,-21.84165,3.0,0.0,0.0,true,589,0
1773228680000,64.1095983333333,-21.84165,5.0,0.0,0.0,true,590,0
1773228680000,64.1095983333333,-21.84165,0.0,0.0,0.0,true,591,0
1773228683000,64.1095983333333,-21.84165,3.0,0.0,0.0,true,592,0
1773228685000,64.1095983333333,-21.84165,2.0,0.0,0.0,true,593,0
1773228685000,64.1095983333333,-21.84165,0.0,0.0,0.0,true,594,0
1773228685000,64.1095983333333,-21.84165,0.0,0.0,0.0,true,595,0
1773228685000,64.1095983333333,-21.84165,0.0,0.0,0.0,true,596,0
1773228685000,64.1095983333333,-21.84165,0.0,0.0,0.0,true,597,0
1773228694000,64.1095983333333,-21.84165,9.0,0.0,0.0,true,598,0
1773228696000,64.1095983333333,-21.84165,2.0,0.0,0.0,true,599,0
1773228696000,64.1095983333333,-21.84165,0.0,0.0,0.0,true,600,0
1773228702000,64.1095983333333,-21.84165,6.0,0.0,0.0,true,601,0
1773228702000,64.1095983333333,-21.84165,0.0,0.0,0.0,true,602,0
1773228702000,64.1095983333333,-21.84165,0.0,0.0,0.0,true,603,0
1773228705000,64.1095983333333,-21.84165,3.0,0.0,0.0,true,604,0
1773228705000,64.1095983333333,-21.84165,0.0,0.0,0.0,true,605,0
1773228710000,64.1095983333333,-21.84165,5.0,0.0,0.0,true,606,0
1773228714000,64.1095983333333,-21.84165,4.0,0.0,0.0,true,607,0
1773228714000,64.1095983333333,-21.84165,0.0,0.0,0.0,true,608,0
1773228716000,64.1095983333333,-21.84165,2.0,0.0,0.0,true,609,0
1773228719000,64.1095983333333,-21.84165,3.0,0.0,0.0,true,610,0
1773228719000,64.1095983333333,-21.84165,0.0,0.0,0.0,true,611,0
1773228721000,64.1095983333333,-21.84165,2.0,0.0,0.0,true,612,0
1773228721000,64.1095983333333,-21.84165,0.0,0.0,0.0,true,613,0
1773228726000,64.1095983333333,-21.84165,5.0,0.0,0.0,true,614,0
1773228732000,64.1095983333333,-21.84165,6.0,0.0,0.0,true,615,0
1773228732000,64.1095983333333,-21.84165,0.0,0.0,0.0,true,616,0
1773228732000,64.1095983333333,-21.84165,0.0,0.0,0.0,true,617,0
1773228736000,64.1095983333333,-21.84165,4.0,0.0,0.0,true,618,0
1773228736000,64.1095983333333,-21.84165,0.0,0.0,0.0,true,619,0
1773228739000,64.1095983333333,-21.84165,3.0,0.0,0.0,true,620,0
1773228741000,64.1095983333333,-21.84165,2.0,0.0,0.0,true,621,0
1773228741000,64.1095983333333,-21.84165,0.0,0.0,0.0,true,622,0
1773228746000,64.1095983333333,-21.84165,5.0,0.0,0.0,true,623,0
1773228746000,64.1095983333333,-21.84165,0.0,0.0,0.0,true,624,0
1773228748000,64.1095983333333,-21.84165,2.0,0.0,0.0,true,625,0
1773228751000,64.1095983333333,-21.84165,3.0,0.0,0.0,true,626,0
1773228751000,64.1095983333333,-21.84165,0.0,0.0,0.0,true,627,0
1773228755000,64.1095983333333,-21.84165,4.0,0.0,0.0,true,628,0
1773228757000,64.1095983333333,-21.84165,2.0,0.0,0.0,true,629,0
1773228761000,64.1095983333333,-21.84165,4.0,0.0,0.0,true,630,0
1773228761000,64.1095983333333,-21.84165,0.0,0.0,0.0,true,631,0
1773228763000,64.1095983333333,-21.84165,2.0,0.0,0.0,true,632,0
1773228766000,64.1095983333333,-21.84165,3.0,0.0,0.0,true,633,0
1773228773000,64.1095983333333,-21.84165,7.0,0.0,0.0,true,634,0
1773228779000,64.1095983333333,-21.84165,6.0,0.0,0.0,true,635,0
1773228781000,64.1095983333333,-21.84165,2.0,0.0,0.0,true,636,0
1773228781000,64.1095983333333,-21.84165,0.0,0.0,0.0,true,637,0
1773228783000,64.1095983333333,-21.84165,2.0,0.0,0.0,true,638,0
1773228783000,64.1095983333333,-21.84165,0.0,0.0,0.0,true,639,0
1773228783000,64.1095983333333,-21.84165,0.0,0.0,0.0,true,640,0
1773228788000,64.1095983333333,-21.84165,5.0,0.0,0.0,true,641,0
1773228788000,64.1095983333333,-21.84165,0.0,0.0,0.0,true,642,0
1773228790000,64.1095983333333,-21.84165,2.0,0.0,0.0,true,643,0
1773228797000,64.1095983333333,-21.84165,7.0,0.0,0.0,true,644,0
1773228797000,64.1095983333333,-21.84165,0.0,0.0,0.0,true,645,0
1773228799000,64.1095983333333,-21.84165,2.0,0.0,0.0,true,646,0
1773228799000,64.1095983333333,-21.84165,0.0,0.0,0.0,true,647,0
1773228802000,64.1095983333333,-21.84165,3.0,0.0,0.0,true,648,0
1773228802000,64.1095983333333,-21.84165,0.0,0.0,0.0,true,649,0
1773228804000,64.1095983333333,-21.84165,2.0,0.0,0.0,true,650,0
1773228810000,64.1095983333333,-21.84165,6.0,0.0,0.0,true,651,0
1773228810000,64.1095983333333,-21.84165,0.0,0.0,0.0,true,652,0
1773228810000,64.1095983333333,-21.84165,0.0,0.0,0.0,true,653,0
1773228816000,64.1095983333333,-21.84165,6.0,0.0,0.0,true,654,0
1773228816000,64.1095983333333,-21.84165,0.0,0.0,0.0,true,655,0
1773228819000,64.1095983333333,-21.84165,3.0,0.0,0.0,true,656,0
1773228823000,64.1095983333333,-21.84165,4.0,0.0,0.0,true,657,0
1773228823000,64.1095983333333,-21.84165,0.0,0.0,0.0,true,658,0
1773228823000,64.1095983333333,-21.84165,0.0,0.0,0.0,true,659,0
1773228829000,64.1095983333333,-21.84165,6.0,0.0,0.0,true,660,0
1773228829000,64.1095983333333,-21.84165,0.0,0.0,0.0,true,661,0
1773228831000,64.1095983333333,-21.84165,2.0,0.0,0.0,true,662,0
1773228831000,64.1095983333333,-21.84165,0.0,0.0,0.0,true,663,0
1773228833000,64.1095983333333,-21.84165,2.0,0.0,0.0,true,664,0
1773228835000,64.1095983333333,-21.84165,2.0,0.0,0.0,true,665,0
1773228840000,64.1095983333333,-21.84165,5.0,0.0,0.0,true,666,0
1773228840000,64.1095983333333,-21.84165,0.0,0.0,0.0,true,667,0
1773228840000,64.1095983333333,-21.84165,0.0,0.0,0.0,true,668,0
1773228844000,64.1095983333333,-21.84165,4.0,0.0,0.0,true,669,0
1773228844000,64.1095983333333,-21.84165,0.0,0.0,0.0,true,670,0
1773228846000,64.1095983333333,-21.84165,2.0,0.0,0.0,true,671,0
1773228850000,64.1095983333333,-21.84165,4.0,0.0,0.0,true,672,0
1773228852000,64.1095983333333,-21.84165,2.0,0.0,0.0,true,673,0
1773228852000,64.1095983333333,-21.84165,0.0,0.0,0.0,true,674,0
1773228855000,64.1095983333333,-21.84165,3.0,0.0,0.0,true,675,0
1773228855000,64.1095983333333,-21.84165,0.0,0.0,0.0,true,676,0
1773228859000,64.1095983333333,-21.84165,4.0,0.0,0.0,true,677,0
1773228862000,64.1095983333333,-21.84165,3.0,0.0,0.0,true,678,0
1773228865000,64.1095983333333,-21.84165,3.0,0.0,0.0,true,679,0
1773228867000,64.1095983333333,-21.84165,2.0,0.0,0.0,true,680,0
1773228867000,64.1095983333333,-21.84165,0.0,0.0,0.0,true,681,0
1773228871000,64.1095983333333,-21.84165,4.0,0.0,0.0,true,682,0
1773228871000,64.1095983333333,-21.84165,0.0,0.0,0.0,true,683,0
1773228876000,64.1095983333333,-21.84165,5.0,0.0,0.0,true,684,0
1773228876000,64.1095983333333,-21.84165,0.0,0.0,0.0,true,685,0
1773228876000,64.1095983333333,-21.84165,0.0,0.0,0.0,true,686,0
1773228880000,64.1095983333333,-21.84165,4.0,0.0,0.0,true,687,0
1773228880000,64.1095983333333,-21.84165,0.0,0.0,0.0,true,688,0
1773228885000,64.1095983333333,-21.84165,5.0,0.0,0.0,true,689,0
1773228885000,64.1095983333333,-21.84165,0.0,0.0,0.0,true,690,0
1773228889000,64.1095983333333,-21.84165,4.0,0.0,0.0,true,691,0
1773228889000,64.1095983333333,-21.84165,0.0,0.0,0.0,true,692,0
1773228891000,64.1095983333333,-21.84165,2.0,0.0,0.0,true,693,0
1773228895000,64.1095983333333,-21.84165,4.0,0.0,0.0,true,694,0
1773228897000,64.1095983333333,-21.84165,2.0,0.0,0.0,true,695,0
1773228897000,64.1095983333333,-21.84165,0.0,0.0,0.0,true,696,0
1773228900000,64.1095983333333,-21.84165,3.0,0.0,0.0,true,697,0
1773228902000,64.1095983333333,-21.84165,2.0,0.0,0.0,true,698,0
1773228902000,64.1095983333333,-21.84165,0.0,0.0,0.0,true,699,0
1773228906000,64.1095983333333,-21.84165,4.0,0.0,0.0,true,700,0
1773228910000,64.1095983333333,-21.84165,4.0,0.0,0.0,true,701,0
1773228910000,64.1095983333333,-21.84165,0.0,0.0,0.0,true,702,0
1773228912000,64.1095983333333,-21.84165,2.0,0.0,0.0,true,703,0
1773228912000,64.1095983333333,-21.84165,0.0,0.0,0.0,true,704,0
1773228917000,64.1095983333333,-21.84165,5.0,0.0,0.0,true,705,0
1773228919000,64.1095983333333,-21.84165,2.0,0.0,0.0,true,706,0
1773228919000,64.1095983333333,-21.84165,0.0,0.0,0.0,true,707,0
1773228921000,64.1095983333333,-21.84165,2.0,0.0,0.0,true,708,0
1773228921000,64.1095983333333,-21.84165,0.0,0.0,0.0,true,709,0
1773228926000,64.1095983333333,-21.84165,5.0,0.0,0.0,true,710,0
1773228930000,64.1095983333333,-21.84165,4.0,0.0,0.0,true,711,0
1773228932000,64.1095983333333,-21.84165,2.0,0.0,0.0,true,712,0
1773228932000,64.1095983333333,-21.84165,0.0,0.0,0.0,true,713,0
1773228935000,64.1095983333333,-21.84165,3.0,0.0,0.0,true,714,0
1773228935000,64.1095983333333,-21.84165,0.0,0.0,0.0,true,715,0
1773228938000,64.1095983333333,-21.84165,3.0,0.0,0.0,true,716,0
1773228941000,64.1095983333333,-21.84165,3.0,0.0,0.0,true,717,0
1773228941000,64.1095983333333,-21.84165,0.0,0.0,0.0,true,718,0
1773228944000,64.1095983333333,-21.84165,3.0,0.0,0.0,true,719,0
1773228949000,64.1095983333333,-21.84165,5.0,0.0,0.0,true,720,0
1773228949000,64.1095983333333,-21.84165,0.0,0.0,0.0,true,721,0
1773228951000,64.1095983333333,-21.84165,2.0,0.0,0.0,true,722,0
1773228951000,64.1095983333333,-21.84165,0.0,0.0,0.0,true,723,0
1773228953000,64.1095983333333,-21.84165,2.0,0.0,0.0,true,724,0
1773228956000,64.1095983333333,-21.84165,3.0,0.0,0.0,true,725,0
1773228959000,64.1095983333333,-21.84165,3.0,0.0,0.0,true,726,0
1773228959000,64.1095983333333,-21.84165,0.0,0.0,0.0,true,727,0
1773228964000,64.1095983333333,-21.84165,5.0,0.0,0.0,true,728,0
1773228964000,64.1095983333333,-21.84165,0.0,0.0,0.0,true,729,0
1773228964000,64.1095983333333,-21.84165,0.0,0.0,0.0,true,730,0
1773228969000,64.1095983333333,-21.84165,5.0,0.0,0.0,true,731,0
1773228969000,64.1095983333333,-21.84165,0.0,0.0,0.0,true,732,0
1773228973000,64.1095983333333,-21.84165,4.0,0.0,0.0,true,733,0
1773228973000,64.1095983333333,-21.84165,0.0,0.0,0.0,true,734,0
1773228976000,64.1095983333333,-21.84165,3.0,0.0,0.0,true,735,0
1773228979000,64.1095983333333,-21.84165,3.0,0.0,0.0,true,736,0
1773228979000,64.1095983333333,-21.84165,0.0,0.0,0.0,true,737,0
1773228981000,64.1095983333333,-21.84165,2.0,0.0,0.0,true,738,0
1773228984000,64.1095983333333,-21.84165,3.0,0.0,0.0,true,739,0
1773228988000,64.1095983333333,-21.84165,4.0,0.0,0.0,true,740,0
1773228988000,64.1095983333333,-21.84165,0.0,0.0,0.0,true,741,0
1773228991000,64.1095983333333,-21.84165,3.0,0.0,0.0,true,742,0
1773228991000,64.1095983333333,-21.84165,0.0,0.0,0.0,true,743,0
1773228997000,64.1095983333333,-21.84165,6.0,0.0,0.0,true,744,0
1773228997000,64.1095983333333,-21.84165,0.0,0.0,0.0,true,745,0
1773229000000,64.1095983333333,-21.84165,3.0,0.0,0.0,true,746,0
1773229002000,64.1095983333333,-21.84165,2.0,0.0,0.0,true,747,0
1773229002000,64.1095983333333,-21.84165,0.0,0.0,0.0,true,748,0
1773229002000,64.1095983333333,-21.84165,0.0,0.0,0.0,true,749,0
1773229006000,64.1095983333333,-21.84165,4.0,0.0,0.0,true,750,0
1773229006000,64.1095983333333,-21.84165,0.0,0.0,0.0,true,751,0
1773229009000,64.1095983333333,-21.84165,3.0,0.0,0.0,true,752,0
1773229012000,64.1095983333333,-21.84165,3.0,0.0,0.0,true,753,0
1773229015000,64.1095983333333,-21.84165,3.0,0.0,0.0,true,754,0
1773229015000,64.1095983333333,-21.84165,0.0,0.0,0.0,true,755,0
1773229021000,64.1095983333333,-21.84165,6.0,0.0,0.0,true,756,0
1773229021000,64.1095983333333,-21.84165,0.0,0.0,0.0,true,757,0
1773229021000,64.1095983333333,-21.84165,0.0,0.0,0.0,true,758,0
1773229021000,64.1095983333333,-21.84165,0.0,0.0,0.0,true,759,0
1773229024000,64.1095983333333,-21.84165,3.0,0.0,0.0,true,760,0
1773229028000,64.1095983333333,-21.84165,4.0,0.0,0.0,true,761,0
1773229028000,64.1095983333333,-21.84165,0.0,0.0,0.0,true,762,0
1773229032000,64.1095983333333,-21.84165,4.0,0.0,0.0,true,763,0
1773229036000,64.1095983333333,-21.84165,4.0,0.0,0.0,true,764,0
1773229036000,64.1095983333333,-21.84165,0.0,0.0,0.0,true,765,0
1773229036000,64.1095983333333,-21.84165,0.0,0.0,0.0,true,766,0
1773229041000,64.1095983333333,-21.84165,5.0,0.0,0.0,true,767,0
1773229041000,64.1095983333333,-21.84165,0.0,0.0,0.0,true,768,0
1773229044000,64.1095983333333,-21.84165,3.0,0.0,0.0,true,769,0
1773229047000,64.1095983333333,-21.84165,3.0,0.0,0.0,true,770,0
1773229047000,64.1095983333333,-21.84165,0.0,0.0,0.0,true,771,0
1773229052000,64.1095983333333,-21.84165,5.0,0.0,0.0,true,772,0
1773229054000,64.1095983333333,-21.84165,2.0,0.0,0.0,true,773,0
1773229054000,64.1095983333333,-21.84165,0.0,0.0,0.0,true,774,0
1773229056000,64.1095983333333,-21.84165,2.0,0.0,0.0,true,775,0
1773229059000,64.1095983333333,-21.84165,3.0,0.0,0.0,true,776,0
1773229059000,64.1095983333333,-21.84165,0.0,0.0,0.0,true,777,0
1773229062000,64.1095983333333,-21.84165,3.0,0.0,0.0,true,778,0
1773229065000,64.1095983333333,-21.84165,3.0,0.0,0.0,true,779,0
1773229065000,64.1095983333333,-21.84165,0.0,0.0,0.0,true,780,0
1773229069000,64.1095983333333,-21.84165,4.0,0.0,0.0,true,781,0
1773229069000,64.1095983333333,-21.84165,0.0,0.0,0.0,true,782,0
1773229071000,64.1095983333333,-21.84165,2.0,0.0,0.0,true,783,0
1773229071000,64.1095983333333,-21.84165,0.0,0.0,0.0,true,784,0
1773229076000,64.1095983333333,-21.84165,5.0,0.0,0.0,true,785,0
1773229078000,64.1095983333333,-21.84165,2.0,0.0,0.0,true,786,0
1773229082000,64.1095983333333,-21.84165,4.0,0.0,0.0,true,787,0
1773229082000,64.1095983333333,-21.84165,0.0,0.0,0.0,true,788,0
1773229086000,64.1095983333333,-21.84165,4.0,0.0,0.0,true,789,0
1773229088000,64.1095983333333,-21.84165,2.0,0.0,0.0,true,790,0
1773229088000,64.1095983333333,-21.84165,0.0,0.0,0.0,true,791,0
1773229090000,64.1095983333333,-21.84165,2.0,0.0,0.0,true,792,0
1773229090000,64.1095983333333,-21.84165,0.0,0.0,0.0,true,793,0
1773229094000,64.1095983333333,-21.84165,4.0,0.0,0.0,true,794,0
1773229096000,64.1095983333333,-21.84165,2.0,0.0,0.0,true,795,0
1773229098000,64.1095983333333,-21.84165,2.0,0.0,0.0,true,796,0
1773229098000,64.1095983333333,-21.84165,0.0,0.0,0.0,true,797,0
1773229103000,64.1095983333333,-21.84165,5.0,0.0,0.0,true,798,0
1773229103000,64.1095983333333,-21.84165,0.0,0.0,0.0,true,799,0
1773229107000,64.1095983333333,-21.84165,4.0,0.0,0.0,true,800,0
1773229109000,64.1095983333333,-21.84165,2.0,0.0,0.0,true,801,0
1773229109000,64.1095983333333,-21.84165,0.0,0.0,0.0,true,802,0
1773229113000,64.1095983333333,-21.84165,4.0,0.0,0.0,true,803,0
1773229113000,64.1095983333333,-21.84165,0.0,0.0,0.0,true,804,0
1773229113000,64.1095983333333,-21.84165,0.0,0.0,0.0,true,805,0
1773229120000,64.1095983333333,-21.84165,7.0,0.0,0.0,true,806,0
1773229120000,64.1095983333333,-21.84165,0.0,0.0,0.0,true,807,0
1773229122000,64.1095983333333,-21.84165,2.0,0.0,0.0,true,808,0
1773229124000,64.1095983333333,-21.84165,2.0,0.0,0.0,true,809,0
1773229124000,64.1095983333333,-21.84165,0.0,0.0,0.0,true,810,0
1773229128000,64.1095983333333,-21.84165,4.0,0.0,0.0,true,811,0
1773229130000,64.1095983333333,-21.84165,2.0,0.0,0.0,true,812,0
1773229134000,64.1095983333333,-21.84165,4.0,0.0,0.0,true,813,0
1773229134000,64.1095983333333,-21.84165,0.0,0.0,0.0,true,814,0
1773229136000,64.1095983333333,-21.84165,2.0,0.0,0.0,true,815,0
1773229139000,64.1095983333333,-21.84165,3.0,0.0,0.0,true,816,0
1773229139000,64.1095983333333,-21.84165,0.0,0.0,0.0,true,817,0
1773229145000,64.1095983333333,-21.84165,6.0,0.0,0.0,true,818,0
1773229145000,64.1095983333333,-21.84165,0.0,0.0,0.0,true,819,0
1773229147000,64.1095983333333,-21.84165,2.0,0.0,0.0,true,820,0
1773229147000,64.1095983333333,-21.84165,0.0,0.0,0.0,true,821,0
1773229147000,64.1095983333333,-21.84165,0.0,0.0,0.0,true,822,0
1773229152000,64.1095983333333,-21.84165,5.0,0.0,0.0,true,823,0
1773229152000,64.1095983333333,-21.84165,0.0,0.0,0.0,true,824,0
1773229154000,64.1095983333333,-21.84165,2.0,0.0,0.0,true,825,0
1773229160000,64.1095983333333,-21.84165,6.0,0.0,0.0,true,826,0
1773229163000,64.1095983333333,-21.84165,3.0,0.0,0.0,true,827,0
1773229163000,64.1095983333333,-21.84165,0.0,0.0,0.0,true,828,0
1773229165000,64.1095983333333,-21.84165,2.0,0.0,0.0,true,829,0
1773229169000,64.1095983333333,-21.84165,4.0,0.0,0.0,true,830,0
1773229169000,64.1095983333333,-21.84165,0.0,0.0,0.0,true,831,0
1773229178000,64.1095983333333,-21.84165,9.0,0.0,0.0,true,832,0
1773229178000,64.1095983333333,-21.84165,0.0,0.0,0.0,true,833,0
1773229180000,64.1095983333333,-21.84165,2.0,0.0,0.0,true,834,0
1773229180000,64.1095983333333,-21.84165,0.0,0.0,0.0,true,835,0
1773229185000,64.1095983333333,-21.84165,5.0,0.0,0.0,true,836,0
1773229187000,64.1095983333333,-21.84165,2.0,0.0,0.0,true,837,0
1773229187000,64.1095983333333,-21.84165,0.0,0.0,0.0,true,838,0
1773229191000,64.1095983333333,-21.84165,4.0,0.0,0.0,true,839,0
1773229193000,64.1095983333333,-21.84165,2.0,0.0,0.0,true,840,0
1773229193000,64.1095983333333,-21.84165,0.0,0.0,0.0,true,841,0
1773229195000,64.1095983333333,-21.84165,2.0,0.0,0.0,true,842,0
1773229199000,64.1095983333333,-21.84165,4.0,0.0,0.0,true,843,0
1773229199000,64.1095983333333,-21.84165,0.0,0.0,0.0,true,844,0
1773229202000,64.1095983333333,-21.84165,3.0,0.0,0.0,true,845,0
1773229206000,64.1095983333333,-21.84165,4.0,0.0,0.0,true,846,0
1773229206000,64.1095983333333,-21.84165,0.0,0.0,0.0,true,847,0
1773229211000,64.1095983333333,-21.84165,5.0,0.0,0.0,true,848,0
1773229211000,64.1095983333333,-21.84165,0.0,0.0,0.0,true,849,0
1773229211000,64.1095983333333,-21.84165,0.0,0.0,0.0,true,850,0
1773229215000,64.1095983333333,-21.84165,4.0,0.0,0.0,true,851,0
1773229215000,64.1095983333333,-21.84165,0.0,0.0,0.0,true,852,0
1773229215000,64.1095983333333,-21.84165,0.0,0.0,0.0,true,853,0
1773229220000,64.1095983333333,-21.84165,5.0,0.0,0.0,true,854,0
1773229220000,64.1095983333333,-21.84165,0.0,0.0,0.0,true,855,0
1773229226000,64.1095983333333,-21.84165,6.0,0.0,0.0,true,856,0
1773229226000,64.1095983333333,-21.84165,0.0,0.0,0.0,true,857,0
1773229230000,64.1095983333333,-21.84165,4.0,0.0,0.0,true,858,0
1773229230000,64.1095983333333,-21.84165,0.0,0.0,0.0,true,859,0
1773229230000,64.1095983333333,-21.84165,0.0,0.0,0.0,true,860,0
1773229234000,64.1095983333333,-21.84165,4.0,0.0,0.0,true,861,0
1773229237000,64.1095983333333,-21.84165,3.0,0.0,0.0,true,862,0
1773229237000,64.1095983333333,-21.84165,0.0,0.0,0.0,true,863,0
1773229239000,64.1095983333333,-21.84165,2.0,0.0,0.0,true,864,0
1773229243000,64.1095983333333,-21.84165,4.0,0.0,0.0,true,865,0
1773229243000,64.1095983333333,-21.84165,0.0,0.0,0.0,true,866,0
1773229248000,64.1095983333333,-21.84165,5.0,0.0,0.0,true,867,0
1773229248000,64.1095983333333,-21.84165,0.0,0.0,0.0,true,868,0
1773229250000,64.1095983333333,-21.84165,2.0,0.0,0.0,true,869,0
1773229253000,64.1095983333333,-21.84165,3.0,0.0,0.0,true,870,0
1773229253000,64.1095983333333,-21.84165,0.0,0.0,0.0,true,871,0
1773229257000,64.1095983333333,-21.84165,4.0,0.0,0.0,true,872,0
1773229259000,64.1095983333333,-21.84165,2.0,0.0,0.0,true,873,0
1773229259000,64.1095983333333,-21.84165,0.0,0.0,0.0,true,874,0
1773229263000,64.1095983333333,-21.84165,4.0,0.0,0.0,true,875,0
1773229265000,64.1095983333333,-21.84165,2.0,0.0,0.0,true,876,0
1773229268000,64.1095983333333,-21.84165,3.0,0.0,0.0,true,877,0
1773229270000,64.1095983333333,-21.84165,2.0,0.0,0.0,true,878,0
1773229270000,64.1095983333333,-21.84165,0.0,0.0,0.0,true,879,0
1773229272000,64.1095983333333,-21.84165,2.0,0.0,0.0,true,880,0
1773229274000,64.1095983333333,-21.84165,2.0,0.0,0.0,true,881,0
1773229274000,64.1095983333333,-21.84165,0.0,0.0,0.0,true,882,0
1773229279000,64.1095983333333,-21.84165,5.0,0.0,0.0,true,883,0
1773229279000,64.1095983333333,-21.84165,0.0,0.0,0.0,true,884,0
1773229284000,64.1095983333333,-21.84165,5.0,0.0,0.0,true,885,0
1773229286000,64.1095983333333,-21.84165,2.0,0.0,0.0,true,886,0
1773229286000,64.1095983333333,-21.84165,0.0,0.0,0.0,true,887,0
1773229288000,64.1095983333333,-21.84165,2.0,0.0,0.0,true,888,0
1773229288000,64.1095983333333,-21.84165,0.0,0.0,0.0,true,889,0
1773229291000,64.1095983333333,-21.84165,3.0,0.0,0.0,true,890,0
1773229294000,64.1095983333333,-21.84165,3.0,0.0,0.0,true,891,0
1773229294000,64.1095983333333,-21.84165,0.0,0.0,0.0,true,892,0
1773229297000,64.1095983333333,-21.84165,3.0,0.0,0.0,true,893,0
1773229304000,64.1095983333333,-21.84165,7.0,0.0,0.0,true,894,0
1773229304000,64.1095983333333,-21.84165,0.0,0.0,0.0,true,895,0
1773229306000,64.1095983333333,-21.84165,2.0,0.0,0.0,true,896,0
1773229306000,64.1095983333333,-21.84165,0.0,0.0,0.0,true,897,0
1773229309000,64.1095983333333,-21.84165,3.0,0.0,0.0,true,898,0
1773229312000,64.1095983333333,-21.84165,3.0,0.0,0.0,true,899,0
1773229312000,64.1095983333333,-21.84165,0.0,0.0,0.0,true,900,0
1773229315000,64.1095983333333,-21.84165,3.0,0.0,0.0,true,901,0
1773229317000,64.1095983333333,-21.84165,2.0,0.0,0.0,true,902,0
1773229317000,64.1095983333333,-21.84165,0.0,0.0,0.0,true,903,0
1773229320000,64.1095983333333,-21.84165,3.0,0.0,0.0,true,904,0
1773229322000,64.1095983333333,-21.84165,2.0,0.0,0.0,true,905,0
1773229325000,64.1095983333333,-21.84165,3.0,0.0,0.0,true,906,0
1773229328000,64.1095983333333,-21.84165,3.0,0.0,0.0,true,907,0
1773229328000,64.1095983333333,-21.84165,0.0,0.0,0.0,true,908,0
1773229330000,64.1095983333333,-21.84165,2.0,0.0,0.0,true,909,0
1773229330000,64.1095983333333,-21.84165,0.0,0.0,0.0,true,910,0
1773229334000,64.1095983333333,-21.84165,4.0,0.0,0.0,true,911,0
1773229339000,64.1095983333333,-21.84165,5.0,0.0,0.0,true,912,0
1773229339000,64.1095983333333,-21.84165,0.0,0.0,0.0,true,913,0
1773229339000,64.1095983333333,-21.84165,0.0,0.0,0.0,true,914,0
1773229344000,64.1095983333333,-21.84165,5.0,0.0,0.0,true,915,0
1773229346000,64.1095983333333,-21.84165,2.0,0.0,0.0,true,916,0
1773229346000,64.1095983333333,-21.84165,0.0,0.0,0.0,true,917,0
1773229350000,64.1095983333333,-21.84165,4.0,0.0,0.0,true,918,0
1773229350000,64.1095983333333,-21.84165,0.0,0.0,0.0,true,919,0
1773229354000,64.1095983333333,-21.84165,4.0,0.0,0.0,true,920,0
1773229354000,64.1095983333333,-21.84165,0.0,0.0,0.0,true,921,0
1773229357000,64.1095983333333,-21.84165,3.0,0.0,0.0,true,922,0
1773229359000,64.1095983333333,-21.84165,2.0,0.0,0.0,true,923,0
1773229359000,64.1095983333333,-21.84165,0.0,0.0,0.0,true,924,0
1773229363000,64.1095983333333,-21.84165,4.0,0.0,0.0,true,925,0
1773229365000,64.1095983333333,-21.84165,2.0,0.0,0.0,true,926,0
1773229365000,64.1095983333333,-21.84165,0.0,0.0,0.0,true,927,0
1773229367000,64.1095983333333,-21.84165,2.0,0.0,0.0,true,928,0
1773229374000,64.1095983333333,-21.84165,7.0,0.0,0.0,true,929,0
1773229374000,64.1095983333333,-21.84165,0.0,0.0,0.0,true,930,0
1773229374000,64.1095983333333,-21.84165,0.0,0.0,0.0,true,931,0
1773229376000,64.1095983333333,-21.84165,2.0,0.0,0.0,true,932,0
1773229380000,64.1095983333333,-21.84165,4.0,0.0,0.0,true,933,0
1773229382000,64.1095983333333,-21.84165,2.0,0.0,0.0,true,934,0
1773229384000,64.1095983333333,-21.84165,2.0,0.0,0.0,true,935,0
1773229386000,64.1095983333333,-21.84165,2.0,0.0,0.0,true,936,0
1773229386000,64.1095983333333,-21.84165,0.0,0.0,0.0,true,937,0
1773229386000,64.1095983333333,-21.84165,0.0,0.0,0.0,true,938,0
1773229389000,64.1095983333333,-21.84165,3.0,0.0,0.0,true,939,0
1773229392000,64.1095983333333,-21.84165,3.0,0.0,0.0,true,940,0
1773229392000,64.1095983333333,-21.84165,0.0,0.0,0.0,true,941,0
1773229397000,64.1095983333333,-21.84165,5.0,0.0,0.0,true,942,0
1773229402000,64.1095983333333,-21.84165,5.0,0.0,0.0,true,943,0
1773229402000,64.1095983333333,-21.84165,0.0,0.0,0.0,true,944,0
1773229406000,64.1095983333333,-21.84165,4.0,0.0,0.0,true,945,0
1773229406000,64.1095983333333,-21.84165,0.0,0.0,0.0,true,946,0
1773229406000,64.1095983333333,-21.84165,0.0,0.0,0.0,true,947,0
1773229410000,64.1095983333333,-21.84165,4.0,0.0,0.0,true,948,0
1773229412000,64.1095983333333,-21.84165,2.0,0.0,0.0,true,949,0
1773229412000,64.1095983333333,-21.84165,0.0,0.0,0.0,true,950,0
1773229416000,64.1095983333333,-21.84165,4.0,0.0,0.0,true,951,0
1773229416000,64.1095983333333,-21.84165,0.0,0.0,0.0,true,952,0
1773229418000,64.1095983333333,-21.84165,2.0,0.0,0.0,true,953,0
1773229425000,64.1095983333333,-21.84165,7.0,0.0,0.0,true,954,0
1773229425000,64.1095983333333,-21.84165,0.0,0.0,0.0,true,955,0
1773229427000,64.1095983333333,-21.84165,2.0,0.0,0.0,true,956,0
1773229430000,64.1095983333333,-21.84165,3.0,0.0,0.0,true,957,0
1773229430000,64.1095983333333,-21.84165,0.0,0.0,0.0,true,958,0
1773229432000,64.1095983333333,-21.84165,2.0,0.0,0.0,true,959,0
1773229436000,64.1095983333333,-21.84165,4.0,0.0,0.0,true,960,0
1773229436000,64.1095983333333,-21.84165,0.0,0.0,0.0,true,961,0
1773229438000,64.1095983333333,-21.84165,2.0,0.0,0.0,true,962,0
1773229442000,64.1095983333333,-21.84165,4.0,0.0,0.0,true,963,0
1773229442000,64.1095983333333,-21.84165,0.0,0.0,0.0,true,964,0
1773229447000,64.1095983333333,-21.84165,5.0,0.0,0.0,true,965,0
1773229447000,64.1095983333333,-21.84165,0.0,0.0,0.0,true,966,0
1773229447000,64.1095983333333,-21.84165,0.0,0.0,0.0,true,967,0
1773229451000,64.1095983333333,-21.84165,4.0,0.0,0.0,true,968,0
1773229451000,64.1095983333333,-21.84165,0.0,0.0,0.0,true,969,0
1773229453000,64.1095983333333,-21.84165,2.0,0.0,0.0,true,970,0
1773229453000,64.1095983333333,-21.84165,0.0,0.0,0.0,true,971,0
1773229453000,64.1095983333333,-21.84165,0.0,0.0,0.0,true,972,0
1773229461000,64.1095983333333,-21.84165,8.0,0.0,0.0,true,973,0
1773229461000,64.1095983333333,-21.84165,0.0,0.0,0.0,true,974,0
1773229461000,64.1095983333333,-21.84165,0.0,0.0,0.0,true,975,0
1773229465000,64.1095983333333,-21.84165,4.0,0.0,0.0,true,976,0
1773229465000,64.1095983333333,-21.84165,0.0,0.0,0.0,true,977,0
1773229465000,64.1095983333333,-21.84165,0.0,0.0,0.0,true,978,0
1773229472000,64.1095983333333,-21.84165,7.0,0.0,0.0,true,979,0
1773229476000,64.1095983333333,-21.84165,4.0,0.0,0.0,true,980,0
1773229476000,64.1095983333333,-21.84165,0.0,0.0,0.0,true,981,0
1773229480000,64.1095983333333,-21.84165,4.0,0.0,0.0,true,982,0
1773229480000,64.1095983333333,-21.84165,0.0,0.0,0.0,true,983,0
1773229480000,64.1095983333333,-21.84165,0.0,0.0,0.0,true,984,0
1773229486000,64.1095983333333,-21.84165,6.0,0.0,0.0,true,985,0
1773229486000,64.1095983333333,-21.84165,0.0,0.0,0.0,true,986,0
1773229490000,64.1095983333333,-21.84165,4.0,0.0,0.0,true,987,0
1773229490000,64.1095983333333,-21.84165,0.0,0.0,0.0,true,988,0
1773229490000,64.1095983333333,-21.84165,0.0,0.0,0.0,true,989,0
1773229495000,64.1095983333333,-21.84165,5.0,0.0,0.0,true,990,0
1773229497000,64.1095983333333,-21.84165,2.0,0.0,0.0,true,991,0
1773229497000,64.1095983333333,-21.84165,0.0,0.0,0.0,true,992,0
1773229501000,64.1095983333333,-21.84165,4.0,0.0,0.0,true,993,0
1773229504000,64.1095983333333,-21.84165,3.0,0.0,0.0,true,994,0
1773229504000,64.1095983333333,-21.84165,0.0,0.0,0.0,true,995,0
1773229507000,64.1095983333333,-21.84165,3.0,0.0,0.0,true,996,0
1773229507000,64.1095983333333,-21.84165,0.0,0.0,0.0,true,997,0
1773229510000,64.1095983333333,-21.84165,3.0,0.0,0.0,true,998,0
1773229512000,64.1095983333333,-21.84165,2.0,0.0,0.0,true,999,0
1773229512000,64.1095983333333,-21.84165,0.0,0.0,0.0,true,1000,0
1773229517000,64.1095983333333,-21.84165,5.0,0.0,0.0,true,1001,0
1773229517000,64.1095983333333,-21.84165,0.0,0.0,0.0,true,1002,0
1773229520000,64.1095983333333,-21.84165,3.0,0.0,0.0,true,1003,0
1773229522000,64.1095983333333,-21.84165,2.0,0.0,0.0,true,1004,0
1773229526000,64.1095983333333,-21.84165,4.0,0.0,0.0,true,1005,0
1773229526000,64.1095983333333,-21.84165,0.0,0.0,0.0,true,1006,0
1773229531000,64.1095983333333,-21.84165,5.0,0.0,0.0,true,1007,0
1773229531000,64.1095983333333,-21.84165,0.0,0.0,0.0,true,1008,0
1773229531000,64.1095983333333,-21.84165,0.0,0.0,0.0,true,1009,0
1773229536000,64.1095983333333,-21.84165,5.0,0.0,0.0,true,1010,0
1773229536000,64.1095983333333,-21.84165,0.0,0.0,0.0,true,1011,0
1773229538000,64.1095983333333,-21.84165,2.0,0.0,0.0,true,1012,0
1773229542000,64.1095983333333,-21.84165,4.0,0.0,0.0,true,1013,0
1773229542000,64.1095983333333,-21.84165,0.0,0.0,0.0,true,1014,0
1773229547000,64.1095983333333,-21.84165,5.0,0.0,0.0,true,1015,0
1773229547000,64.1095983333333,-21.84165,0.0,0.0,0.0,true,1016,0
1773229547000,64.1095983333333,-21.84165,0.0,0.0,0.0,true,1017,0
1773229551000,64.1095983333333,-21.84165,4.0,0.0,0.0,true,1018,0
1773229551000,64.1095983333333,-21.84165,0.0,0.0,0.0,true,1019,0
1773229554000,64.1095983333333,-21.84165,3.0,0.0,0.0,true,1020,0
1773229557000,64.1095983333333,-21.84165,3.0,0.0,0.0,true,1021,0
1773229557000,64.1095983333333,-21.84165,0.0,0.0,0.0,true,1022,0
1773229559000,64.1095983333333,-21.84165,2.0,0.0,0.0,true,1023,0
1773229564000,64.1095983333333,-21.84165,5.0,0.0,0.0,true,1024,0
1773229564000,64.1095983333333,-21.84165,0.0,0.0,0.0,true,1025,0
1773229568000,64.1095983333333,-21.84165,4.0,0.0,0.0,true,1026,0
1773229568000,64.1095983333333,-21.84165,0.0,0.0,0.0,true,1027,0
1773229568000,64.1095983333333,-21.84165,0.0,0.0,0.0,true,1028,0
1773229572000,64.1095983333333,-21.84165,4.0,0.0,0.0,true,1029,0
1773229575000,64.1095983333333,-21.84165,3.0,0.0,0.0,true,1030,0
1773229575000,64.1095983333333,-21.84165,0.0,0.0,0.0,true,1031,0
1773229577000,64.1095983333333,-21.84165,2.0,0.0,0.0,true,1032,0
1773229580000,64.1095983333333,-21.84165,3.0,0.0,0.0,true,1033,0
1773229583000,64.1095983333333,-21.84165,3.0,0.0,0.0,true,1034,0
1773229587000,64.1095983333333,-21.84165,4.0,0.0,0.0,true,1035,0
1773229587000,64.1095983333333,-21.84165,0.0,0.0,0.0,true,1036,0
1773229589000,64.1095983333333,-21.84165,2.0,0.0,0.0,true,1037,0
1773229592000,64.1095983333333,-21.84165,3.0,0.0,0.0,true,1038,0
1773229592000,64.1095983333333,-21.84165,0.0,0.0,0.0,true,1039,0
1773229594000,64.1095983333333,-21.84165,2.0,0.0,0.0,true,1040,0
1773229598000,64.1095983333333,-21.84165,4.0,0.0,0.0,true,1041,0
1773229598000,64.1095983333333,-21.84165,0.0,0.0,0.0,true,1042,0
1773229602000,64.1095983333333,-21.84165,4.0,0.0,0.0,true,1043,0
1773229602000,64.1095983333333,-21.84165,0.0,0.0,0.0,true,1044,0
1773229604000,64.1095983333333,-21.84165,2.0,0.0,0.0,true,1045,0
1773229609000,64.1095983333333,-21.84165,5.0,0.0,0.0,true,1046,0
1773229609000,64.1095983333333,-21.84165,0.0,0.0,0.0,true,1047,0
1773229609000,64.1095983333333,-21.84165,0.0,0.0,0.0,true,1048,0
1773229613000,64.1095983333333,-21.84165,4.0,0.0,0.0,true,1049,0
1773229613000,64.1095983333333,-21.84165,0.0,0.0,0.0,true,1050,0
1773229613000,64.1095983333333,-21.84165,0.0,0.0,0.0,true,1051,0
1773229618000,64.1095983333333,-21.84165,5.0,0.0,0.0,true,1052,0
1773229618000,64.1095983333333,-21.84165,0.0,0.0,0.0,true,1053,0
1773229624000,64.1095983333333,-21.84165,6.0,0.0,0.0,true,1054,0
1773229624000,64.1095983333333,-21.84165,0.0,0.0,0.0,true,1055,0
1773229624000,64.1095983333333,-21.84165,0.0,0.0,0.0,true,1056,0
1773229629000,64.1095983333333,-21.84165,5.0,0.0,0.0,true,1057,0
1773229629000,64.1095983333333,-21.84165,0.0,0.0,0.0,true,1058,0
1773229633000,64.1095983333333,-21.84165,4.0,0.0,0.0,true,1059,0
1773229635000,64.1095983333333,-21.84165,2.0,0.0,0.0,true,1060,0
1773229638000,64.1095983333333,-21.84165,3.0,0.0,0.0,true,1061,0
1773229638000,64.1095983333333,-21.84165,0.0,0.0,0.0,true,1062,0
1773229642000,64.1095983333333,-21.84165,4.0,0.0,0.0,true,1063,0
1773229644000,64.1095983333333,-21.84165,2.0,0.0,0.0,true,1064,0
1773229644000,64.1095983333333,-21.84165,0.0,0.0,0.0,true,1065,0
1773229651000,64.1095983333333,-21.84165,7.0,0.0,0.0,true,1066,0
1773229651000,64.1095983333333,-21.84165,0.0,0.0,0.0,true,1067,0
1773229651000,64.1095983333333,-21.84165,0.0,0.0,0.0,true,1068,0
1773229653000,64.1095983333333,-21.84165,2.0,0.0,0.0,true,1069,0
1773229653000,64.1095983333333,-21.84165,0.0,0.0,0.0,true,1070,0
1773229658000,64.1095983333333,-21.84165,5.0,0.0,0.0,true,1071,0
1773229660000,64.1095983333333,-21.84165,2.0,0.0,0.0,true,1072,0
1773229660000,64.1095983333333,-21.84165,0.0,0.0,0.0,true,1073,0
1773229664000,64.1095983333333,-21.84165,4.0,0.0,0.0,true,1074,0
1773229664000,64.1095983333333,-21.84165,0.0,0.0,0.0,true,1075,0
1773229666000,64.1095983333333,-21.84165,2.0,0.0,0.0,true,1076,0
1773229666000,64.1095983333333,-21.84165,0.0,0.0,0.0,true,1077,0
1773229672000,64.1095983333333,-21.84165,6.0,0.0,0.0,true,1078,0
1773229675000,64.1095983333333,-21.84165,3.0,0.0,0.0,true,1079,0
1773229675000,64.1095983333333,-21.84165,0.0,0.0,0.0,true,1080,0
1773229678000,64.1095983333333,-21.84165,3.0,0.0,0.0,true,1081,0
1773229681000,64.1095983333333,-21.84165,3.0,0.0,0.0,true,1082,0
1773229681000,64.1095983333333,-21.84165,0.0,0.0,0.0,true,1083,0
1773229681000,64.1095983333333,-21.84165,0.0,0.0,0.0,true,1084,0
1773229683000,64.1095983333333,-21.84165,2.0,0.0,0.0,true,1085,0
1773229687000,64.1095983333333,-21.84165,4.0,0.0,0.0,true,1086,0
1773229687000,64.1095983333333,-21.84165,0.0,0.0,0.0,true,1087,0
1773229689000,64.1095983333333,-21.84165,2.0,0.0,0.0,true,1088,0
1773229694000,64.1095983333333,-21.84165,5.0,0.0,0.0,true,1089,0
1773229694000,64.1095983333333,-21.84165,0.0,0.0,0.0,true,1090,0
1773229694000,64.1095983333333,-21.84165,0.0,0.0,0.0,true,1091,0
1773229700000,64.1095983333333,-21.84165,6.0,0.0,0.0,true,1092,0
1773229700000,64.1095983333333,-21.84165,0.0,0.0,0.0,true,1093,0
1773229700000,64.1095983333333,-21.84165,0.0,0.0,0.0,true,1094,0
1773229707000,64.1095983333333,-21.84165,7.0,0.0,0.0,true,1095,0
1773229707000,64.1095983333333,-21.84165,0.0,0.0,0.0,true,1096,0
1773229709000,64.1095983333333,-21.84165,2.0,0.0,0.0,true,1097,0
1773229709000,64.1095983333333,-21.84165,0.0,0.0,0.0,true,1098,0
1773229715000,64.1095983333333,-21.84165,6.0,0.0,0.0,true,1099,0
1773229715000,64.1095983333333,-21.84165,0.0,0.0,0.0,true,1100,0
1773229718000,64.1095983333333,-21.84165,3.0,0.0,0.0,true,1101,0
1773229718000,64.1095983333333,-21.84165,0.0,0.0,0.0,true,1102,0
1773229720000,64.1095983333333,-21.84165,2.0,0.0,0.0,true,1103,0
1773229723000,64.1095983333333,-21.84165,3.0,0.0,0.0,true,1104,0
1773229723000,64.1095983333333,-21.84165,0.0,0.0,0.0,true,1105,0
1773229727000,64.1095983333333,-21.84165,4.0,0.0,0.0,true,1106,0
1773229729000,64.1095983333333,-21.84165,2.0,0.0,0.0,true,1107,0
1773229729000,64.1095983333333,-21.84165,0.0,0.0,0.0,true,1108,0
1773229733000,64.1095983333333,-21.84165,4.0,0.0,0.0,true,1109,0
1773229733000,64.1095983333333,-21.84165,0.0,0.0,0.0,true,1110,0
1773229735000,64.1095983333333,-21.84165,2.0,0.0,0.0,true,1111,0
1773229738000,64.1095983333333,-21.84165,3.0,0.0,0.0,true,1112,0
1773229738000,64.1095983333333,-21.84165,0.0,0.0,0.0,true,1113,0
1773229744000,64.1095983333333,-21.84165,6.0,0.0,0.0,true,1114,0
1773229744000,64.1095983333333,-21.84165,0.0,0.0,0.0,true,1115,0
1773229744000,64.1095983333333,-21.84165,0.0,0.0,0.0,true,1116,0
1773229749000,64.1095983333333,-21.84165,5.0,0.0,0.0,true,1117,0
1773229753000,64.1095983333333,-21.84165,4.0,0.0,0.0,true,1118,0
1773229753000,64.1095983333333,-21.84165,0.0,0.0,0.0,true,1119,0
1773229757000,64.1095983333333,-21.84165,4.0,0.0,0.0,true,1120,0
1773229759000,64.1095983333333,-21.84165,2.0,0.0,0.0,true,1121,0
1773229759000,64.1095983333333,-21.84165,0.0,0.0,0.0,true,1122,0
1773229762000,64.1095983333333,-21.84165,3.0,0.0,0.0,true,1123,0
1773229764000,64.1095983333333,-21.84165,2.0,0.0,0.0,true,1124,0
1773229764000,64.1095983333333,-21.84165,0.0,0.0,0.0,true,1125,0
1773229766000,64.1095983333333,-21.84165,2.0,0.0,0.0,true,1126,0
1773229766000,64.1095983333333,-21.84165,0.0,0.0,0.0,true,1127,0
1773229769000,64.1095983333333,-21.84165,3.0,0.0,0.0,true,1128,0
1773229775000,64.1095983333333,-21.84165,6.0,0.0,0.0,true,1129,0
1773229775000,64.1095983333333,-21.84165,0.0,0.0,0.0,true,1130,0
1773229779000,64.1095983333333,-21.84165,4.0,0.0,0.0,true,1131,0
1773229781000,64.1095983333333,-21.84165,2.0,0.0,0.0,true,1132,0
1773229783000,64.1095983333333,-21.84165,2.0,0.0,0.0,true,1133,0
1773229783000,64.1095983333333,-21.84165,0.0,0.0,0.0,true,1134,0
1773229788000,64.1095983333333,-21.84165,5.0,0.0,0.0,true,1135,0
1773229788000,64.1095983333333,-21.84165,0.0,0.0,0.0,true,1136,0
1773229788000,64.1095983333333,-21.84165,0.0,0.0,0.0,true,1137,0
1773229790000,64.1095983333333,-21.84165,2.0,0.0,0.0,true,1138,0
1773229795000,64.1095983333333,-21.84165,5.0,0.0,0.0,true,1139,0
1773229795000,64.1095983333333,-21.84165,0.0,0.0,0.0,true,1140,0
1773229799000,64.1095983333333,-21.84165,4.0,0.0,0.0,true,1141,0
1773229799000,64.1095983333333,-21.84165,0.0,0.0,0.0,true,1142,0
1773229803000,64.1095983333333,-21.84165,4.0,0.0,0.0,true,1143,0
1773229805000,64.1095983333333,-21.84165,2.0,0.0,0.0,true,1144,0
1773229807000,64.1095983333333,-21.84165,2.0,0.0,0.0,true,1145,0
1773229807000,64.1095983333333,-21.84165,0.0,0.0,0.0,true,1146,0
1773229807000,64.1095983333333,-21.84165,0.0,0.0,0.0,true,1147,0
1773229814000,64.1095983333333,-21.84165,7.0,0.0,0.0,true,1148,0
1773229814000,64.1095983333333,-21.84165,0.0,0.0,0.0,true,1149,0
1773229818000,64.1095983333333,-21.84165,4.0,0.0,0.0,true,1150,0
1773229818000,64.1095983333333,-21.84165,0.0,0.0,0.0,true,1151,0
1773229822000,64.1095983333333,-21.84165,4.0,0.0,0.0,true,1152,0
1773229824000,64.1095983333333,-21.84165,2.0,0.0,0.0,true,1153,0
1773229824000,64.1095983333333,-21.84165,0.0,0.0,0.0,true,1154,0
1773229824000,64.1095983333333,-21.84165,0.0,0.0,0.0,true,1155,0
1773229831000,64.1095983333333,-21.84165,7.0,0.0,0.0,true,1156,0
1773229833000,64.1095983333333,-21.84165,2.0,0.0,0.0,true,1157,0
1773229833000,64.1095983333333,-21.84165,0.0,0.0,0.0,true,1158,0
1773229835000,64.1095983333333,-21.84165,2.0,0.0,0.0,true,1159,0
1773229837000,64.1095983333333,-21.84165,2.0,0.0,0.0,true,1160,0
1773229841000,64.1095983333333,-21.84165,4.0,0.0,0.0,true,1161,0
1773229841000,64.1095983333333,-21.84165,0.0,0.0,0.0,true,1162,0
1773229843000,64.1095983333333,-21.84165,2.0,0.0,0.0,true,1163,0
1773229843000,64.1095983333333,-21.84165,0.0,0.0,0.0,true,1164,0
1773229846000,64.1095983333333,-21.84165,3.0,0.0,0.0,true,1165,0
1773229850000,64.1095983333333,-21.84165,4.0,0.0,0.0,true,1166,0
1773229850000,64.1095983333333,-21.84165,0.0,0.0,0.0,true,1167,0
1773229852000,64.1095983333333,-21.84165,2.0,0.0,0.0,true,1168,0
1773229857000,64.1095983333333,-21.84165,5.0,0.0,0.0,true,1169,0
1773229860000,64.1095983333333,-21.84165,3.0,0.0,0.0,true,1170,0
1773229860000,64.1095983333333,-21.84165,0.0,0.0,0.0,true,1171,0
1773229863000,64.1095983333333,-21.84165,3.0,0.0,0.0,true,1172,0
1773229865000,64.1095983333333,-21.84165,2.0,0.0,0.0,true,1173,0
1773229865000,64.1095983333333,-21.84165,0.0,0.0,0.0,true,1174,0
1773229867000,64.1095983333333,-21.84165,2.0,0.0,0.0,true,1175,0
1773229871000,64.1095983333333,-21.84165,4.0,0.0,0.0,true,1176,0
1773229871000,64.1095983333333,-21.84165,0.0,0.0,0.0,true,1177,0
1773229875000,64.1095983333333,-21.84165,4.0,0.0,0.0,true,1178,0
1773229878000,64.1095983333333,-21.84165,3.0,0.0,0.0,true,1179,0
1773229878000,64.1095983333333,-21.84165,0.0,0.0,0.0,true,1180,0
1773229878000,64.1095983333333,-21.84165,0.0,0.0,0.0,true,1181,0
1773229884000,64.1095983333333,-21.84165,6.0,0.0,0.0,true,1182,0
1773229884000,64.1095983333333,-21.84165,0.0,0.0,0.0,true,1183,0
1773229889000,64.1095983333333,-21.84165,5.0,0.0,0.0,true,1184,0
1773229889000,64.1095983333333,-21.84165,0.0,0.0,0.0,true,1185,0
1773229892000,64.1095983333333,-21.84165,3.0,0.0,0.0,true,1186,0
1773229895000,64.1095983333333,-21.84165,3.0,0.0,0.0,true,1187,0
1773229895000,64.1095983333333,-21.84165,0.0,0.0,0.0,true,1188,0
1773229897000,64.1095983333333,-21.84165,2.0,0.0,0.0,true,1189,0
1773229897000,64.1095983333333,-21.84165,0.0,0.0,0.0,true,1190,0
1773229900000,64.1095983333333,-21.84165,3.0,0.0,0.0,true,1191,0
1773229905000,64.1095983333333,-21.84165,5.0,0.0,0.0,true,1192,0
1773229905000,64.1095983333333,-21.84165,0.0,0.0,0.0,true,1193,0
1773229905000,64.1095983333333,-21.84165,0.0,0.0,0.0,true,1194,0
1773229910000,64.1095983333333,-21.84165,5.0,0.0,0.0,true,1195,0
1773229912000,64.1095983333333,-21.84165,2.0,0.0,0.0,true,1196,0
1773229912000,64.1095983333333,-21.84165,0.0,0.0,0.0,true,1197,0
1773229916000,64.1095983333333,-21.84165,4.0,0.0,0.0,true,1198,0
1773229916000,64.1095983333333,-21.84165,0.0,0.0,0.0,true,1199,0
1773229921000,64.1095983333333,-21.84165,5.0,0.0,0.0,true,1200,0
1773229921000,64.1095983333333,-21.84165,0.0,0.0,0.0,true,1201,0
1773229921000,64.1095983333333,-21.84165,0.0,0.0,0.0,true,1202,0
1773229926000,64.1095983333333,-21.84165,5.0,0.0,0.0,true,1203,0
1773229929000,64.1095983333333,-21.84165,3.0,0.0,0.0,true,1204,0
1773229929000,64.1095983333333,-21.84165,0.0,0.0,0.0,true,1205,0
1773229931000,64.1095983333333,-21.84165,2.0,0.0,0.0,true,1206,0
1773229931000,64.1095983333333,-21.84165,0.0,0.0,0.0,true,1207,0
1773229931000,64.1095983333333,-21.84165,0.0,0.0,0.0,true,1208,0
1773229936000,64.1095983333333,-21.84165,5.0,0.0,0.0,true,1209,0
1773229941000,64.1095983333333,-21.84165,5.0,0.0,0.0,true,1210,0
1773229941000,64.1095983333333,-21.84165,0.0,0.0,0.0,true,1211,0
1773229945000,64.1095983333333,-21.84165,4.0,0.0,0.0,true,1212,0
1773229945000,64.1095983333333,-21.84165,0.0,0.0,0.0,true,1213,0
1773229945000,64.1095983333333,-21.84165,0.0,0.0,0.0,true,1214,0
1773229950000,64.1095983333333,-21.84165,5.0,0.0,0.0,true,1215,0
1773229950000,64.1095983333333,-21.84165,0.0,0.0,0.0,true,1216,0
1773229950000,64.1095983333333,-21.84165,0.0,0.0,0.0,true,1217,0
1773229953000,64.1095983333333,-21.84165,3.0,0.0,0.0,true,1218,0
1773229956000,64.1095983333333,-21.84165,3.0,0.0,0.0,true,1219,0
1773229961000,64.1095983333333,-21.84165,5.0,0.0,0.0,true,1220,0
1773229961000,64.1095983333333,-21.84165,0.0,0.0,0.0,true,1221,0
1773229965000,64.1095983333333,-21.84165,4.0,0.0,0.0,true,1222,0
1773229965000,64.1095983333333,-21.84165,0.0,0.0,0.0,true,1223,0
1773229967000,64.1095983333333,-21.84165,2.0,0.0,0.0,true,1224,0
1773229970000,64.1095983333333,-21.84165,3.0,0.0,0.0,true,1225,0
1773229970000,64.1095983333333,-21.84165,0.0,0.0,0.0,true,1226,0
1773229972000,64.1095983333333,-21.84165,2.0,0.0,0.0,true,1227,0
1773229976000,64.1095983333333,-21.84165,4.0,0.0,0.0,true,1228,0
1773229976000,64.1095983333333,-21.84165,0.0,0.0,0.0,true,1229,0
1773229978000,64.1095983333333,-21.84165,2.0,0.0,0.0,true,1230,0
1773229982000,64.1095983333333,-21.84165,4.0,0.0,0.0,true,1231,0
1773229982000,64.1095983333333,-21.84165,0.0,0.0,0.0,true,1232,0
1773229987000,64.1095983333333,-21.84165,5.0,0.0,0.0,true,1233,0
1773229987000,64.1095983333333,-21.84165,0.0,0.0,0.0,true,1234,0
1773229991000,64.1095983333333,-21.84165,4.0,0.0,0.0,true,1235,0
1773229991000,64.1095983333333,-21.84165,0.0,0.0,0.0,true,1236,0
1773229991000,64.1095983333333,-21.84165,0.0,0.0,0.0,true,1237,0
1773229995000,64.1095983333333,-21.84165,4.0,0.0,0.0,true,1238,0
1773230000000,64.1095983333333,-21.84165,5.0,0.0,0.0,true,1239,0
1773230000000,64.1095983333333,-21.84165,0.0,0.0,0.0,true,1240,0
1773230002000,64.1095983333333,-21.84165,2.0,0.0,0.0,true,1241,0
1773230006000,64.1095983333333,-21.84165,4.0,0.0,0.0,true,1242,0
1773230008000,64.1095983333333,-21.84165,2.0,0.0,0.0,true,1243,0
1773230008000,64.1095983333333,-21.84165,0.0,0.0,0.0,true,1244,0
1773230013000,64.1095983333333,-21.84165,5.0,0.0,0.0,true,1245,0
1773230013000,64.1095983333333,-21.84165,0.0,0.0,0.0,true,1246,0
1773230015000,64.1095983333333,-21.84165,2.0,0.0,0.0,true,1247,0
1773230019000,64.1095983333333,-21.84165,4.0,0.0,0.0,true,1248,0
1773230019000,64.1095983333333,-21.84165,0.0,0.0,0.0,true,1249,0
1773230021000,64.1095983333333,-21.84165,2.0,0.0,0.0,true,1250,0
1773230021000,64.1095983333333,-21.84165,0.0,0.0,0.0,true,1251,0
1773230027000,64.1095983333333,-21.84165,6.0,0.0,0.0,true,1252,0
1773230027000,64.1095983333333,-21.84165,0.0,0.0,0.0,true,1253,0
1773230027000,64.1095983333333,-21.84165,0.0,0.0,0.0,true,1254,0
1773230027000,64.1095983333333,-21.84165,0.0,0.0,0.0,true,1255,0
1773230033000,64.1095983333333,-21.84165,6.0,0.0,0.0,true,1256,0
1773230037000,64.1095983333333,-21.84165,4.0,0.0,0.0,true,1257,0
1773230037000,64.1095983333333,-21.84165,0.0,0.0,0.0,true,1258,0
1773230041000,64.1095983333333,-21.84165,4.0,0.0,0.0,true,1259,0
1773230041000,64.1095983333333,-21.84165,0.0,0.0,0.0,true,1260,0
1773230045000,64.1095983333333,-21.84165,4.0,0.0,0.0,true,1261,0
1773230045000,64.1095983333333,-21.84165,0.0,0.0,0.0,true,1262,0
1773230048000,64.1095983333333,-21.84165,3.0,0.0,0.0,true,1263,0
1773230051000,64.1095983333333,-21.84165,3.0,0.0,0.0,true,1264,0
1773230051000,64.1095983333333,-21.84165,0.0,0.0,0.0,true,1265,0
1773230053000,64.1095983333333,-21.84165,2.0,0.0,0.0,true,1266,0
1773230056000,64.1095983333333,-21.84165,3.0,0.0,0.0,true,1267,0
1773230056000,64.1095983333333,-21.84165,0.0,0.0,0.0,true,1268,0
1773230056000,64.1095983333333,-21.84165,0.0,0.0,0.0,true,1269,0
1773230062000,64.1095983333333,-21.84165,6.0,0.0,0.0,true,1270,0
1773230062000,64.1095983333333,-21.84165,0.0,0.0,0.0,true,1271,0
1773230066000,64.1095983333333,-21.84165,4.0,0.0,0.0,true,1272,0
1773230069000,64.1095983333333,-21.84165,3.0,0.0,0.0,true,1273,0
1773230069000,64.1095983333333,-21.84165,0.0,0.0,0.0,true,1274,0
1773230072000,64.1095983333333,-21.84165,3.0,0.0,0.0,true,1275,0
1773230074000,64.1095983333333,-21.84165,2.0,0.0,0.0,true,1276,0
1773230077000,64.1095983333333,-21.84165,3.0,0.0,0.0,true,1277,0
1773230080000,64.1095983333333,-21.84165,3.0,0.0,0.0,true,1278,0
1773230080000,64.1095983333333,-21.84165,0.0,0.0,0.0,true,1279,0
1773230080000,64.1095983333333,-21.84165,0.0,0.0,0.0,true,1280,0
1773230082000,64.1095983333333,-21.84165,2.0,0.0,0.0,true,1281,0
1773230087000,64.1095983333333,-21.84165,5.0,0.0,0.0,true,1282,0
1773230087000,64.1095983333333,-21.84165,0.0,0.0,0.0,true,1283,0
1773230087000,64.1095983333333,-21.84165,0.0,0.0,0.0,true,1284,0
1773230089000,64.1095983333333,-21.84165,2.0,0.0,0.0,true,1285,0
1773230092000,64.1095983333333,-21.84165,3.0,0.0,0.0,true,1286,0
1773230095000,64.1095983333333,-21.84165,3.0,0.0,0.0,true,1287,0
1773230095000,64.1095983333333,-21.84165,0.0,0.0,0.0,true,1288,0
1773230099000,64.1095983333333,-21.84165,4.0,0.0,0.0,true,1289,0
1773230099000,64.1095983333333,-21.84165,0.0,0.0,0.0,true,1290,0
1773230103000,64.1095983333333,-21.84165,4.0,0.0,0.0,true,1291,0
1773230105000,64.1095983333333,-21.84165,2.0,0.0,0.0,true,1292,0
1773230105000,64.1095983333333,-21.84165,0.0,0.0,0.0,true,1293,0
1773230108000,64.1095983333333,-21.84165,3.0,0.0,0.0,true,1294,0
1773230108000,64.1095983333333,-21.84165,0.0,0.0,0.0,true,1295,0
1773230113000,64.1095983333333,-21.84165,5.0,0.0,0.0,true,1296,0
1773230113000,64.1095983333333,-21.84165,0.0,0.0,0.0,true,1297,0
1773230113000,64.1095983333333,-21.84165,0.0,0.0,0.0,true,1298,0
1773230113000,64.1095983333333,-21.84165,0.0,0.0,0.0,true,1299,0
1773230119000,64.1095983333333,-21.84165,6.0,0.0,0.0,true,1300,0
1773230125000,64.1095983333333,-21.84165,6.0,0.0,0.0,true,1301,0
1773230125000,64.1095983333333,-21.84165,0.0,0.0,0.0,true,1302,0
1773230125000,64.1095983333333,-21.84165,0.0,0.0,0.0,true,1303,0
1773230130000,64.1095983333333,-21.84165,5.0,0.0,0.0,true,1304,0
1773230130000,64.1095983333333,-21.84165,0.0,0.0,0.0,true,1305,0
1773230130000,64.1095983333333,-21.84165,0.0,0.0,0.0,true,1306,0
1773230134000,64.1095983333333,-21.84165,4.0,0.0,0.0,true,1307,0
1773230138000,64.1095983333333,-21.84165,4.0,0.0,0.0,true,1308,0
1773230138000,64.1095983333333,-21.84165,0.0,0.0,0.0,true,1309,0
1773230138000,64.1095983333333,-21.84165,0.0,0.0,0.0,true,1310,0
1773230144000,64.1095983333333,-21.84165,6.0,0.0,0.0,true,1311,0
1773230144000,64.1095983333333,-21.84165,0.0,0.0,0.0,true,1312,0
1773230149000,64.1095983333333,-21.84165,5.0,0.0,0.0,true,1313,0
1773230154000,64.1095983333333,-21.84165,5.0,0.0,0.0,true,1314,0
1773230154000,64.1095983333333,-21.84165,0.0,0.0,0.0,true,1315,0
1773230154000,64.1095983333333,-21.84165,0.0,0.0,0.0,true,1316,0
1773230159000,64.1095983333333,-21.84165,5.0,0.0,0.0,true,1317,0
1773230159000,64.1095983333333,-21.84165,0.0,0.0,0.0,true,1318,0
1773230164000,64.1095983333333,-21.84165,5.0,0.0,0.0,true,1319,0
1773230164000,64.1095983333333,-21.84165,0.0,0.0,0.0,true,1320,0
1773230164000,64.1095983333333,-21.84165,0.0,0.0,0.0,true,1321,0
1773230167000,64.1095983333333,-21.84165,3.0,0.0,0.0,true,1322,0
1773230169000,64.1095983333333,-21.84165,2.0,0.0,0.0,true,1323,0
1773230169000,64.1095983333333,-21.84165,0.0,0.0,0.0,true,1324,0
1773230174000,64.1095983333333,-21.84165,5.0,0.0,0.0,true,1325,0
1773230174000,64.1095983333333,-21.84165,0.0,0.0,0.0,true,1326,0
1773230174000,64.1095983333333,-21.84165,0.0,0.0,0.0,true,1327,0
1773230179000,64.1095983333333,-21.84165,5.0,0.0,0.0,true,1328,0
1773230179000,64.1095983333333,-21.84165,0.0,0.0,0.0,true,1329,0
1773230179000,64.1095983333333,-21.84165,0.0,0.0,0.0,true,1330,0
1773230179000,64.1095983333333,-21.84165,0.0,0.0,0.0,true,1331,0
1773230179000,64.1095983333333,-21.84165,0.0,0.0,0.0,true,1332,0
1773230179000,64.1095983333333,-21.84165,0.0,0.0,0.0,true,1333,0
1773230192000,64.1095983333333,-21.84165,13.0,0.0,0.0,true,1334,0
1773230192000,64.1095983333333,-21.84165,0.0,0.0,0.0,true,1335,0
1773230196000,64.1095983333333,-21.84165,4.0,0.0,0.0,true,1336,0
1773230196000,64.1095983333333,-21.84165,0.0,0.0,0.0,true,1337,0
1773230199000,64.1095983333333,-21.84165,3.0,0.0,0.0,true,1338,0
1773230199000,64.1095983333333,-21.84165,0.0,0.0,0.0,true,1339,0
1773230205000,64.1095983333333,-21.84165,6.0,0.0,0.0,true,1340,0
1773230205000,64.1095983333333,-21.84165,0.0,0.0,0.0,true,1341,0
1773230207000,64.1095983333333,-21.84165,2.0,0.0,0.0,true,1342,0
1773230210000,64.1095983333333,-21.84165,3.0,0.0,0.0,true,1343,0
1773230210000,64.1095983333333,-21.84165,0.0,0.0,0.0,true,1344,0
1773230210000,64.1095983333333,-21.84165,0.0,0.0,0.0,true,1345,0
1773230216000,64.1095983333333,-21.84165,6.0,0.0,0.0,true,1346,0
1773230216000,64.1095983333333,-21.84165,0.0,0.0,0.0,true,1347,0
1773230216000,64.1095983333333,-21.84165,0.0,0.0,0.0,true,1348,0
1773230221000,64.1095983333333,-21.84165,5.0,0.0,0.0,true,1349,0
1773230221000,64.1095983333333,-21.84165,0.0,0.0,0.0,true,1350,0
1773230221000,64.1095983333333,-21.84165,0.0,0.0,0.0,true,1351,0
1773230226000,64.1095983333333,-21.84165,5.0,0.0,0.0,true,1352,0
1773230229000,64.1095983333333,-21.84165,3.0,0.0,0.0,true,1353,0
1773230232000,64.1095983333333,-21.84165,3.0,0.0,0.0,true,1354,0
1773230232000,64.1095983333333,-21.84165,0.0,0.0,0.0,true,1355,0
1773230232000,64.1095983333333,-21.84165,0.0,0.0,0.0,true,1356,0
1773230238000,64.1095983333333,-21.84165,6.0,0.0,0.0,true,1357,0
1773230238000,64.1095983333333,-21.84165,0.0,0.0,0.0,true,1358,0
1773230238000,64.1095983333333,-21.84165,0.0,0.0,0.0,true,1359,0
1773230243000,64.1095983333333,-21.84165,5.0,0.0,0.0,true,1360,0
1773230247000,64.1095983333333,-21.84165,4.0,0.0,0.0,true,1361,0
1773230247000,64.1095983333333,-21.84165,0.0,0.0,0.0,true,1362,0
1773230249000,64.1095983333333,-21.84165,2.0,0.0,0.0,true,1363,0
1773230252000,64.1095983333333,-21.84165,3.0,0.0,0.0,true,1364,0
1773230254000,64.1095983333333,-21.84165,2.0,0.0,0.0,true,1365,0
1773230254000,64.1095983333333,-21.84165,0.0,0.0,0.0,true,1366,0
1773230258000,64.1095983333333,-21.84165,4.0,0.0,0.0,true,1367,0
1773230258000,64.1095983333333,-21.84165,0.0,0.0,0.0,true,1368,0
1773230261000,64.1095983333333,-21.84165,3.0,0.0,0.0,true,1369,0
1773230264000,64.1095983333333,-21.84165,3.0,0.0,0.0,true,1370,0
1773230264000,64.1095983333333,-21.84165,0.0,0.0,0.0,true,1371,0
1773230264000,64.1095983333333,-21.84165,0.0,0.0,0.0,true,1372,0
1773230269000,64.1095983333333,-21.84165,5.0,0.0,0.0,true,1373,0
1773230269000,64.1095983333333,-21.84165,0.0,0.0,0.0,true,1374,0
1773230273000,64.1095983333333,-21.84165,4.0,0.0,0.0,true,1375,0
1773230273000,64.1095983333333,-21.84165,0.0,0.0,0.0,true,1376,0
1773230278000,64.1095983333333,-21.84165,5.0,0.0,0.0,true,1377,0
1773230278000,64.1095983333333,-21.84165,0.0,0.0,0.0,true,1378,0
1773230281000,64.1095983333333,-21.84165,3.0,0.0,0.0,true,1379,0
1773230284000,64.1095983333333,-21.84165,3.0,0.0,0.0,true,1380,0
1773230284000,64.1095983333333,-21.84165,0.0,0.0,0.0,true,1381,0
1773230289000,64.1095983333333,-21.84165,5.0,0.0,0.0,true,1382,0
1773230289000,64.1095983333333,-21.84165,0.0,0.0,0.0,true,1383,0
1773230289000,64.1095983333333,-21.84165,0.0,0.0,0.0,true,1384,0
1773230293000,64.1095983333333,-21.84165,4.0,0.0,0.0,true,1385,0
1773230293000,64.1095983333333,-21.84165,0.0,0.0,0.0,true,1386,0
1773230298000,64.1095983333333,-21.84165,5.0,0.0,0.0,true,1387,0
1773230298000,64.1095983333333,-21.84165,0.0,0.0,0.0,true,1388,0
1773230305000,64.1095983333333,-21.84165,7.0,0.0,0.0,true,1389,0
1773230307000,64.1095983333333,-21.84165,2.0,0.0,0.0,true,1390,0
1773230307000,64.1095983333333,-21.84165,0.0,0.0,0.0,true,1391,0
1773230309000,64.1095983333333,-21.84165,2.0,0.0,0.0,true,1392,0
1773230312000,64.1095983333333,-21.84165,3.0,0.0,0.0,true,1393,0
1773230312000,64.1095983333333,-21.84165,0.0,0.0,0.0,true,1394,0
1773230314000,64.1095983333333,-21.84165,2.0,0.0,0.0,true,1395,0
1773230314000,64.1095983333333,-21.84165,0.0,0.0,0.0,true,1396,0
1773230318000,64.1095983333333,-21.84165,4.0,0.0,0.0,true,1397,0
1773230324000,64.1095983333333,-21.84165,6.0,0.0,0.0,true,1398,0
1773230324000,64.1095983333333,-21.84165,0.0,0.0,0.0,true,1399,0
1773230327000,64.1095983333333,-21.84165,3.0,0.0,0.0,true,1400,0
1773230329000,64.1095983333333,-21.84165,2.0,0.0,0.0,true,1401,0
1773230329000,64.1095983333333,-21.84165,0.0,0.0,0.0,true,1402,0
1773230329000,64.1095983333333,-21.84165,0.0,0.0,0.0,true,1403,0
1773230333000,64.1095983333333,-21.84165,4.0,0.0,0.0,true,1404,0
1773230333000,64.1095983333333,-21.84165,0.0,0.0,0.0,true,1405,0
1773230338000,64.1095983333333,-21.84165,5.0,0.0,0.0,true,1406,0
1773230341000,64.1095983333333,-21.84165,3.0,0.0,0.0,true,1407,0
1773230341000,64.1095983333333,-21.84165,0.0,0.0,0.0,true,1408,0
1773230345000,64.1095983333333,-21.84165,4.0,0.0,0.0,true,1409,0
1773230347000,64.1095983333333,-21.84165,2.0,0.0,0.0,true,1410,0
1773230347000,64.1095983333333,-21.84165,0.0,0.0,0.0,true,1411,0
1773230349000,64.1095983333333,-21.84165,2.0,0.0,0.0,true,1412,0
1773230349000,64.1095983333333,-21.84165,0.0,0.0,0.0,true,1413,0
1773230353000,64.1095983333333,-21.84165,4.0,0.0,0.0,true,1414,0
1773230355000,64.1095983333333,-21.84165,2.0,0.0,0.0,true,1415,0
1773230355000,64.1095983333333,-21.84165,0.0,0.0,0.0,true,1416,0
1773230360000,64.1095983333333,-21.84165,5.0,0.0,0.0,true,1417,0
1773230364000,64.1095983333333,-21.84165,4.0,0.0,0.0,true,1418,0
1773230364000,64.1095983333333,-21.84165,0.0,0.0,0.0,true,1419,0
1773230364000,64.1095983333333,-21.84165,0.0,0.0,0.0,true,1420,0
1773230364000,64.1095983333333,-21.84165,0.0,0.0,0.0,true,1421,0
1773230369000,64.1095983333333,-21.84165,5.0,0.0,0.0,true,1422,0
1773230369000,64.1095983333333,-21.84165,0.0,0.0,0.0,true,1423,0
1773230369000,64.1095983333333,-21.84165,0.0,0.0,0.0,true,1424,0
1773230375000,64.1095983333333,-21.84165,6.0,0.0,0.0,true,1425,0
1773230380000,64.1095983333333,-21.84165,5.0,0.0,0.0,true,1426,0
1773230380000,64.1095983333333,-21.84165,0.0,0.0,0.0,true,1427,0
1773230380000,64.1095983333333,-21.84165,0.0,0.0,0.0,true,1428,0
1773230384000,64.1095983333333,-21.84165,4.0,0.0,0.0,true,1429,0
1773230384000,64.1095983333333,-21.84165,0.0,0.0,0.0,true,1430,0
1773230386000,64.1095983333333,-21.84165,2.0,0.0,0.0,true,1431,0
1773230389000,64.1095983333333,-21.84165,3.0,0.0,0.0,true,1432,0
1773230393000,64.1095983333333,-21.84165,4.0,0.0,0.0,true,1433,0
1773230393000,64.1095983333333,-21.84165,0.0,0.0,0.0,true,1434,0
1773230395000,64.1095983333333,-21.84165,2.0,0.0,0.0,true,1435,0
1773230395000,64.1095983333333,-21.84165,0.0,0.0,0.0,true,1436,0
1773230399000,64.1095983333333,-21.84165,4.0,0.0,0.0,true,1437,0
1773230401000,64.1095983333333,-21.84165,2.0,0.0,0.0,true,1438,0
1773230401000,64.1095983333333,-21.84165,0.0,0.0,0.0,true,1439,0
1773230408000,64.1095983333333,-21.84165,7.0,0.0,0.0,true,1440,0
1773230408000,64.1095983333333,-21.84165,0.0,0.0,0.0,true,1441,0
1773230410000,64.1095983333333,-21.84165,2.0,0.0,0.0,true,1442,0
1773230413000,64.1095983333333,-21.84165,3.0,0.0,0.0,true,1443,0
1773230413000,64.1095983333333,-21.84165,0.0,0.0,0.0,true,1444,0
1773230419000,64.1095983333333,-21.84165,6.0,0.0,0.0,true,1445,0
1773230419000,64.1095983333333,-21.84165,0.0,0.0,0.0,true,1446,0
1773230419000,64.1095983333333,-21.84165,0.0,0.0,0.0,true,1447,0
1773230426000,64.1095983333333,-21.84165,7.0,0.0,0.0,true,1448,0
1773230426000,64.1095983333333,-21.84165,0.0,0.0,0.0,true,1449,0
1773230426000,64.1095983333333,-21.84165,0.0,0.0,0.0,true,1450,0
1773230430000,64.1095983333333,-21.84165,4.0,0.0,0.0,true,1451,0
1773230430000,64.1095983333333,-21.84165,0.0,0.0,0.0,true,1452,0
1773230432000,64.1095983333333,-21.84165,2.0,0.0,0.0,true,1453,0
1773230436000,64.1095983333333,-21.84165,4.0,0.0,0.0,true,1454,0
1773230436000,64.1095983333333,-21.84165,0.0,0.0,0.0,true,1455,0
1773230436000,64.1095983333333,-21.84165,0.0,0.0,0.0,true,1456,0
1773230436000,64.1095983333333,-21.84165,0.0,0.0,0.0,true,1457,0
1773230436000,64.1095983333333,-21.84165,0.0,0.0,0.0,true,1458,0
1773230447000,64.1095983333333,-21.84165,11.0,0.0,0.0,true,1459,0
1773230447000,64.1095983333333,-21.84165,0.0,0.0,0.0,true,1460,0
1773230450000,64.1095983333333,-21.84165,3.0,0.0,0.0,true,1461,0
1773230452000,64.1095983333333,-21.84165,2.0,0.0,0.0,true,1462,0
1773230455000,64.1095983333333,-21.84165,3.0,0.0,0.0,true,1463,0
1773230455000,64.1095983333333,-21.84165,0.0,0.0,0.0,true,1464,0
1773230455000,64.1095983333333,-21.84165,0.0,0.0,0.0,true,1465,0
1773230460000,64.1095983333333,-21.84165,5.0,0.0,0.0,true,1466,0
1773230460000,64.1095983333333,-21.84165,0.0,0.0,0.0,true,1467,0
1773230465000,64.1095983333333,-21.84165,5.0,0.0,0.0,true,1468,0
1773230467000,64.1095983333333,-21.84165,2.0,0.0,0.0,true,1469,0
1773230467000,64.1095983333333,-21.84165,0.0,0.0,0.0,true,1470,0
1773230470000,64.1095983333333,-21.84165,3.0,0.0,0.0,true,1471,0
1773230470000,64.1095983333333,-21.84165,0.0,0.0,0.0,true,1472,0
1773230474000,64.1095983333333,-21.84165,4.0,0.0,0.0,true,1473,0
1773230476000,64.1095983333333,-21.84165,2.0,0.0,0.0,true,1474,0
1773230479000,64.1095983333333,-21.84165,3.0,0.0,0.0,true,1475,0
1773230481000,64.1095983333333,-21.84165,2.0,0.0,0.0,true,1476,0
1773230481000,64.1095983333333,-21.84165,0.0,0.0,0.0,true,1477,0
1773230485000,64.1095983333333,-21.84165,4.0,0.0,0.0,true,1478,0
1773230485000,64.1095983333333,-21.84165,0.0,0.0,0.0,true,1479,0
1773230490000,64.1095983333333,-21.84165,5.0,0.0,0.0,true,1480,0
1773230490000,64.1095983333333,-21.84165,0.0,0.0,0.0,true,1481,0
1773230490000,64.1095983333333,-21.84165,0.0,0.0,0.0,true,1482,0
1773230494000,64.1095983333333,-21.84165,4.0,0.0,0.0,true,1483,0
1773230494000,64.1095983333333,-21.84165,0.0,0.0,0.0,true,1484,0
1773230498000,64.1095983333333,-21.84165,4.0,0.0,0.0,true,1485,0
1773230500000,64.1095983333333,-21.84165,2.0,0.0,0.0,true,1486,0
1773230500000,64.1095983333333,-21.84165,0.0,0.0,0.0,true,1487,0
1773230504000,64.1095983333333,-21.84165,4.0,0.0,0.0,true,1488,0
1773230504000,64.1095983333333,-21.84165,0.0,0.0,0.0,true,1489,0
1773230509000,64.1095983333333,-21.84165,5.0,0.0,0.0,true,1490,0
1773230511000,64.1095983333333,-21.84165,2.0,0.0,0.0,true,1491,0
1773230511000,64.1095983333333,-21.84165,0.0,0.0,0.0,true,1492,0
1773230515000,64.1095983333333,-21.84165,4.0,0.0,0.0,true,1493,0
1773230515000,64.1095983333333,-21.84165,0.0,0.0,0.0,true,1494,0
1773230517000,64.1095983333333,-21.84165,2.0,0.0,0.0,true,1495,0
1773230519000,64.1095983333333,-21.84165,2.0,0.0,0.0,true,1496,0
1773230523000,64.1095983333333,-21.84165,4.0,0.0,0.0,true,1497,0
1773230523000,64.1095983333333,-21.84165,0.0,0.0,0.0,true,1498,0
1773230529000,64.1095983333333,-21.84165,6.0,0.0,0.0,true,1499,0
1773230529000,64.1095983333333,-21.84165,0.0,0.0,0.0,true,1500,0
1773230531000,64.1095983333333,-21.84165,2.0,0.0,0.0,true,1501,0
1773230531000,64.1095983333333,-21.84165,0.0,0.0,0.0,true,1502,0
1773230531000,64.1095983333333,-21.84165,0.0,0.0,0.0,true,1503,0
1773230535000,64.1095983333333,-21.84165,4.0,0.0,0.0,true,1504,0
1773230535000,64.1095983333333,-21.84165,0.0,0.0,0.0,true,1505,0
1773230538000,64.1095983333333,-21.84165,3.0,0.0,0.0,true,1506,0
1773230544000,64.1095983333333,-21.84165,6.0,0.0,0.0,true,1507,0
1773230544000,64.1095983333333,-21.84165,0.0,0.0,0.0,true,1508,0
1773230546000,64.1095983333333,-21.84165,2.0,0.0,0.0,true,1509,0
1773230546000,64.1095983333333,-21.84165,0.0,0.0,0.0,true,1510,0
1773230546000,64.1095983333333,-21.84165,0.0,0.0,0.0,true,1511,0
1773230551000,64.1095983333333,-21.84165,5.0,0.0,0.0,true,1512,0
1773230553000,64.1095983333333,-21.84165,2.0,0.0,0.0,true,1513,0
1773230553000,64.1095983333333,-21.84165,0.0,0.0,0.0,true,1514,0
1773230557000,64.1095983333333,-21.84165,4.0,0.0,0.0,true,1515,0
1773230561000,64.1095983333333,-21.84165,4.0,0.0,0.0,true,1516,0
1773230561000,64.1095983333333,-21.84165,0.0,0.0,0.0,true,1517,0
1773230564000,64.1095983333333,-21.84165,3.0,0.0,0.0,true,1518,0
1773230566000,64.1095983333333,-21.84165,2.0,0.0,0.0,true,1519,0
1773230566000,64.1095983333333,-21.84165,0.0,0.0,0.0,true,1520,0
1773230570000,64.1095983333333,-21.84165,4.0,0.0,0.0,true,1521,0
1773230570000,64.1095983333333,-21.84165,0.0,0.0,0.0,true,1522,0
1773230570000,64.1095983333333,-21.84165,0.0,0.0,0.0,true,1523,0
1773230575000,64.1095983333333,-21.84165,5.0,0.0,0.0,true,1524,0
1773230575000,64.1095983333333,-21.84165,0.0,0.0,0.0,true,1525,0
1773230581000,64.1095983333333,-21.84165,6.0,0.0,0.0,true,1526,0
1773230583000,64.1095983333333,-21.84165,2.0,0.0,0.0,true,1527,0
1773230583000,64.1095983333333,-21.84165,0.0,0.0,0.0,true,1528,0
1773230585000,64.1095983333333,-21.84165,2.0,0.0,0.0,true,1529,0
1773230588000,64.1095983333333,-21.84165,3.0,0.0,0.0,true,1530,0
1773230588000,64.1095983333333,-21.84165,0.0,0.0,0.0,true,1531,0
1773230590000,64.1095983333333,-21.84165,2.0,0.0,0.0,true,1532,0
1773230594000,64.1095983333333,-21.84165,4.0,0.0,0.0,true,1533,0
1773230594000,64.1095983333333,-21.84165,0.0,0.0,0.0,true,1534,0
1773230598000,64.1095983333333,-21.84165,4.0,0.0,0.0,true,1535,0
1773230598000,64.1095983333333,-21.84165,0.0,0.0,0.0,true,1536,0
1773230600000,64.1095983333333,-21.84165,2.0,0.0,0.0,true,1537,0
1773230605000,64.1095983333333,-21.84165,5.0,0.0,0.0,true,1538,0
1773230605000,64.1095983333333,-21.84165,0.0,0.0,0.0,true,1539,0
1773230608000,64.1095983333333,-21.84165,3.0,0.0,0.0,true,1540,0
1773230611000,64.1095983333333,-21.84165,3.0,0.0,0.0,true,1541,0
1773230611000,64.1095983333333,-21.84165,0.0,0.0,0.0,true,1542,0
1773230614000,64.1095983333333,-21.84165,3.0,0.0,0.0,true,1543,0
1773230614000,64.1095983333333,-21.84165,0.0,0.0,0.0,true,1544,0
1773230618000,64.1095983333333,-21.84165,4.0,0.0,0.0,true,1545,0
1773230620000,64.1095983333333,-21.84165,2.0,0.0,0.0,true,1546,0
1773230623000,64.1095983333333,-21.84165,3.0,0.0,0.0,true,1547,0
1773230623000,64.1095983333333,-21.84165,0.0,0.0,0.0,true,1548,0
1773230627000,64.1095983333333,-21.84165,4.0,0.0,0.0,true,1549,0
1773230627000,64.1095983333333,-21.84165,0.0,0.0,0.0,true,1550,0
1773230629000,64.1095983333333,-21.84165,2.0,0.0,0.0,true,1551,0
1773230633000,64.1095983333333,-21.84165,4.0,0.0,0.0,true,1552,0
1773230633000,64.1095983333333,-21.84165,0.0,0.0,0.0,true,1553,0
1773230637000,64.1095983333333,-21.84165,4.0,0.0,0.0,true,1554,0
1773230637000,64.1095983333333,-21.84165,0.0,0.0,0.0,true,1555,0
1773230637000,64.1095983333333,-21.84165,0.0,0.0,0.0,true,1556,0
1773230643000,64.1095983333333,-21.84165,6.0,0.0,0.0,true,1557,0
1773230643000,64.1095983333333,-21.84165,0.0,0.0,0.0,true,1558,0
1773230643000,64.1095983333333,-21.84165,0.0,0.0,0.0,true,1559,0
1773230643000,64.1095983333333,-21.84165,0.0,0.0,0.0,true,1560,0
1773230643000,64.1095983333333,-21.84165,0.0,0.0,0.0,true,1561,0
1773230652000,64.1095983333333,-21.84165,9.0,0.0,0.0,true,1562,0
1773230656000,64.1095983333333,-21.84165,4.0,0.0,0.0,true,1563,0
1773230656000,64.1095983333333,-21.84165,0.0,0.0,0.0,true,1564,0
1773230658000,64.1095983333333,-21.84165,2.0,0.0,0.0,true,1565,0
1773230661000,64.1095983333333,-21.84165,3.0,0.0,0.0,true,1566,0
1773230661000,64.1095983333333,-21.84165,0.0,0.0,0.0,true,1567,0
1773230663000,64.1095983333333,-21.84165,2.0,0.0,0.0,true,1568,0
1773230667000,64.1095983333333,-21.84165,4.0,0.0,0.0,true,1569,0
1773230667000,64.1095983333333,-21.84165,0.0,0.0,0.0,true,1570,0
1773230671000,64.1095983333333,-21.84165,4.0,0.0,0.0,true,1571,0
1773230671000,64.1095983333333,-21.84165,0.0,0.0,0.0,true,1572,0
1773230673000,64.1095983333333,-21.84165,2.0,0.0,0.0,true,1573,0
1773230678000,64.1095983333333,-21.84165,5.0,0.0,0.0,true,1574,0
1773230678000,64.1095983333333,-21.84165,0.0,0.0,0.0,true,1575,0
1773230680000,64.1095983333333,-21.84165,2.0,0.0,0.0,true,1576,0
1773230682000,64.1095983333333,-21.84165,2.0,0.0,0.0,true,1577,0
1773230682000,64.1095983333333,-21.84165,0.0,0.0,0.0,true,1578,0
1773230684000,64.1095983333333,-21.84165,2.0,0.0,0.0,true,1579,0
1773230688000,64.1095983333333,-21.84165,4.0,0.0,0.0,true,1580,0
1773230688000,64.1095983333333,-21.84165,0.0,0.0,0.0,true,1581,0
1773230694000,64.1095983333333,-21.84165,6.0,0.0,0.0,true,1582,0
1773230697000,64.1095983333333,-21.84165,3.0,0.0,0.0,true,1583,0
1773230697000,64.1095983333333,-21.84165,0.0,0.0,0.0,true,1584,0
1773230699000,64.1095983333333,-21.84165,2.0,0.0,0.0,true,1585,0
1773230701000,64.1095983333333,-21.84165,2.0,0.0,0.0,true,1586,0
1773230701000,64.1095983333333,-21.84165,0.0,0.0,0.0,true,1587,0
1773230705000,64.1095983333333,-21.84165,4.0,0.0,0.0,true,1588,0
1773230705000,64.1095983333333,-21.84165,0.0,0.0,0.0,true,1589,0
1773230707000,64.1095983333333,-21.84165,2.0,0.0,0.0,true,1590,0
1773230709000,64.1095983333333,-21.84165,2.0,0.0,0.0,true,1591,0
1773230709000,64.1095983333333,-21.84165,0.0,0.0,0.0,true,1592,0
1773230714000,64.1095983333333,-21.84165,5.0,0.0,0.0,true,1593,0
1773230714000,64.1095983333333,-21.84165,0.0,0.0,0.0,true,1594,0
1773230718000,64.1095983333333,-21.84165,4.0,0.0,0.0,true,1595,0
1773230718000,64.1095983333333,-21.84165,0.0,0.0,0.0,true,1596,0
1773230724000,64.1095983333333,-21.84165,6.0,0.0,0.0,true,1597,0
1773230724000,64.1095983333333,-21.84165,0.0,0.0,0.0,true,1598,0
1773230724000,64.1095983333333,-21.84165,0.0,0.0,0.0,true,1599,0
1773230724000,64.1095983333333,-21.84165,0.0,0.0,0.0,true,1600,0
1773230729000,64.1095983333333,-21.84165,5.0,0.0,0.0,true,1601,0
1773230733000,64.1095983333333,-21.84165,4.0,0.0,0.0,true,1602,0
1773230737000,64.1095983333333,-21.84165,4.0,0.0,0.0,true,1603,0
1773230737000,64.1095983333333,-21.84165,0.0,0.0,0.0,true,1604,0
1773230739000,64.1095983333333,-21.84165,2.0,0.0,0.0,true,1605,0
1773230739000,64.1095983333333,-21.84165,0.0,0.0,0.0,true,1606,0
1773230739000,64.1095983333333,-21.84165,0.0,0.0,0.0,true,1607,0
1773230744000,64.1095983333333,-21.84165,5.0,0.0,0.0,true,1608,0
1773230744000,64.1095983333333,-21.84165,0.0,0.0,0.0,true,1609,0
1773230750000,64.1095983333333,-21.84165,6.0,0.0,0.0,true,1610,0
1773230750000,64.1095983333333,-21.84165,0.0,0.0,0.0,true,1611,0
1773230750000,64.1095983333333,-21.84165,0.0,0.0,0.0,true,1612,0
1773230754000,64.1095983333333,-21.84165,4.0,0.0,0.0,true,1613,0
1773230758000,64.1095983333333,-21.84165,4.0,0.0,0.0,true,1614,0
1773230758000,64.1095983333333,-21.84165,0.0,0.0,0.0,true,1615,0
1773230760000,64.1095983333333,-21.84165,2.0,0.0,0.0,true,1616,0
1773230760000,64.1095983333333,-21.84165,0.0,0.0,0.0,true,1617,0
1773230760000,64.1095983333333,-21.84165,0.0,0.0,0.0,true,1618,0
1773230768000,64.1095983333333,-21.84165,8.0,0.0,0.0,true,1619,0
1773230768000,64.1095983333333,-21.84165,0.0,0.0,0.0,true,1620,0
1773230771000,64.1095983333333,-21.84165,3.0,0.0,0.0,true,1621,0
1773230773000,64.1095983333333,-21.84165,2.0,0.0,0.0,true,1622,0
1773230773000,64.1095983333333,-21.84165,0.0,0.0,0.0,true,1623,0
1773230773000,64.1095983333333,-21.84165,0.0,0.0,0.0,true,1624,0
1773230773000,64.1095983333333,-21.84165,0.0,0.0,0.0,true,1625,0
1773230780000,64.1095983333333,-21.84165,7.0,0.0,0.0,true,1626,0
1773230784000,64.1095983333333,-21.84165,4.0,0.0,0.0,true,1627,0
1773230784000,64.1095983333333,-21.84165,0.0,0.0,0.0,true,1628,0
1773230786000,64.1095983333333,-21.84165,2.0,0.0,0.0,true,1629,0
1773230789000,64.1095983333333,-21.84165,3.0,0.0,0.0,true,1630,0
1773230789000,64.1095983333333,-21.84165,0.0,0.0,0.0,true,1631,0
1773230792000,64.1095983333333,-21.84165,3.0,0.0,0.0,true,1632,0
1773230794000,64.1095983333333,-21.84165,2.0,0.0,0.0,true,1633,0
1773230794000,64.1095983333333,-21.84165,0.0,0.0,0.0,true,1634,0
1773230800000,64.1095983333333,-21.84165,6.0,0.0,0.0,true,1635,0
1773230800000,64.1095983333333,-21.84165,0.0,0.0,0.0,true,1636,0
1773230800000,64.1095983333333,-21.84165,0.0,0.0,0.0,true,1637,0
1773230804000,64.1095983333333,-21.84165,4.0,0.0,0.0,true,1638,0
1773230804000,64.1095983333333,-21.84165,0.0,0.0,0.0,true,1639,0
1773230806000,64.1095983333333,-21.84165,2.0,0.0,0.0,true,1640,0
1773230808000,64.1095983333333,-21.84165,2.0,0.0,0.0,true,1641,0
1773230812000,64.1095983333333,-21.84165,4.0,0.0,0.0,true,1642,0
1773230816000,64.1095983333333,-21.84165,4.0,0.0,0.0,true,1643,0
1773230818000,64.1095983333333,-21.84165,2.0,0.0,0.0,true,1644,0
1773230818000,64.1095983333333,-21.84165,0.0,0.0,0.0,true,1645,0
1773230820000,64.1095983333333,-21.84165,2.0,0.0,0.0,true,1646,0
1773230823000,64.1095983333333,-21.84165,3.0,0.0,0.0,true,1647,0
1773230823000,64.1095983333333,-21.84165,0.0,0.0,0.0,true,1648,0
1773230825000,64.1095983333333,-21.84165,2.0,0.0,0.0,true,1649,0
1773230825000,64.1095983333333,-21.84165,0.0,0.0,0.0,true,1650,0
1773230830000,64.1095983333333,-21.84165,5.0,0.0,0.0,true,1651,0
1773230834000,64.1095983333333,-21.84165,4.0,0.0,0.0,true,1652,0
1773230834000,64.1095983333333,-21.84165,0.0,0.0,0.0,true,1653,0
1773230837000,64.1095983333333,-21.84165,3.0,0.0,0.0,true,1654,0
1773230839000,64.1095983333333,-21.84165,2.0,0.0,0.0,true,1655,0
1773230839000,64.1095983333333,-21.84165,0.0,0.0,0.0,true,1656,0
1773230843000,64.1095983333333,-21.84165,4.0,0.0,0.0,true,1657,0
1773230843000,64.1095983333333,-21.84165,0.0,0.0,0.0,true,1658,0
1773230846000,64.1095983333333,-21.84165,3.0,0.0,0.0,true,1659,0
1773230846000,64.1095983333333,-21.84165,0.0,0.0,0.0,true,1660,0
1773230851000,64.1095983333333,-21.84165,5.0,0.0,0.0,true,1661,0
1773230851000,64.1095983333333,-21.84165,0.0,0.0,0.0,true,1662,0
1773230851000,64.1095983333333,-21.84165,0.0,0.0,0.0,true,1663,0
1773230851000,64.1095983333333,-21.84165,0.0,0.0,0.0,true,1664,0
1773230856000,64.1095983333333,-21.84165,5.0,0.0,0.0,true,1665,0
1773230860000,64.1095983333333,-21.84165,4.0,0.0,0.0,true,1666,0
1773230863000,64.1095983333333,-21.84165,3.0,0.0,0.0,true,1667,0
1773230865000,64.1095983333333,-21.84165,2.0,0.0,0.0,true,1668,0
1773230865000,64.1095983333333,-21.84165,0.0,0.0,0.0,true,1669,0
1773230868000,64.1095983333333,-21.84165,3.0,0.0,0.0,true,1670,0
1773230871000,64.1095983333333,-21.84165,3.0,0.0,0.0,true,1671,0
1773230871000,64.1095983333333,-21.84165,0.0,0.0,0.0,true,1672,0
1773230874000,64.1095983333333,-21.84165,3.0,0.0,0.0,true,1673,0
1773230876000,64.1095983333333,-21.84165,2.0,0.0,0.0,true,1674,0
1773230876000,64.1095983333333,-21.84165,0.0,0.0,0.0,true,1675,0
1773230879000,64.1095983333333,-21.84165,3.0,0.0,0.0,true,1676,0
1773230883000,64.1095983333333,-21.84165,4.0,0.0,0.0,true,1677,0
1773230883000,64.1095983333333,-21.84165,0.0,0.0,0.0,true,1678,0
1773230883000,64.1095983333333,-21.84165,0.0,0.0,0.0,true,1679,0
1773230886000,64.1095983333333,-21.84165,3.0,0.0,0.0,true,1680,0
1773230893000,64.1095983333333,-21.84165,7.0,0.0,0.0,true,1681,0
1773230893000,64.1095983333333,-21.84165,0.0,0.0,0.0,true,1682,0
1773230895000,64.1095983333333,-21.84165,2.0,0.0,0.0,true,1683,0
1773230895000,64.1095983333333,-21.84165,0.0,0.0,0.0,true,1684,0
1773230898000,64.1095983333333,-21.84165,3.0,0.0,0.0,true,1685,0
1773230898000,64.1095983333333,-21.84165,0.0,0.0,0.0,true,1686,0
1773230902000,64.1095983333333,-21.84165,4.0,0.0,0.0,true,1687,0
1773230905000,64.1095983333333,-21.84165,3.0,0.0,0.0,true,1688,0
1773230908000,64.1095983333333,-21.84165,3.0,0.0,0.0,true,1689,0
1773230908000,64.1095983333333,-21.84165,0.0,0.0,0.0,true,1690,0
1773230910000,64.1095983333333,-21.84165,2.0,0.0,0.0,true,1691,0
1773230910000,64.1095983333333,-21.84165,0.0,0.0,0.0,true,1692,0
1773230915000,64.1095983333333,-21.84165,5.0,0.0,0.0,true,1693,0
1773230915000,64.1095983333333,-21.84165,0.0,0.0,0.0,true,1694,0
1773230915000,64.1095983333333,-21.84165,0.0,0.0,0.0,true,1695,0
1773230920000,64.1095983333333,-21.84165,5.0,0.0,0.0,true,1696,0
1773230922000,64.1095983333333,-21.84165,2.0,0.0,0.0,true,1697,0
1773230922000,64.1095983333333,-21.84165,0.0,0.0,0.0,true,1698,0
1773230928000,64.1095983333333,-21.84165,6.0,0.0,0.0,true,1699,0
1773230930000,64.1095983333333,-21.84165,2.0,0.0,0.0,true,1700,0
1773230930000,64.1095983333333,-21.84165,0.0,0.0,0.0,true,1701,0
1773230932000,64.1095983333333,-21.84165,2.0,0.0,0.0,true,1702,0
1773230936000,64.1095983333333,-21.84165,4.0,0.0,0.0,true,1703,0
1773230938000,64.1095983333333,-21.84165,2.0,0.0,0.0,true,1704,0
1773230940000,64.1095983333333,-21.84165,2.0,0.0,0.0,true,1705,0
1773230945000,64.1095983333333,-21.84165,5.0,0.0,0.0,true,1706,0
1773230945000,64.1095983333333,-21.84165,0.0,0.0,0.0,true,1707,0
1773230950000,64.1095983333333,-21.84165,5.0,0.0,0.0,true,1708,0
1773230950000,64.1095983333333,-21.84165,0.0,0.0,0.0,true,1709,0
1773230950000,64.1095983333333,-21.84165,0.0,0.0,0.0,true,1710,0
1773230954000,64.1095983333333,-21.84165,4.0,0.0,0.0,true,1711,0
1773230954000,64.1095983333333,-21.84165,0.0,0.0,0.0,true,1712,0
1773230958000,64.1095983333333,-21.84165,4.0,0.0,0.0,true,1713,0
1773230962000,64.1095983333333,-21.84165,4.0,0.0,0.0,true,1714,0
1773230962000,64.1095983333333,-21.84165,0.0,0.0,0.0,true,1715,0
1773230964000,64.1095983333333,-21.84165,2.0,0.0,0.0,true,1716,0
1773230964000,64.1095983333333,-21.84165,0.0,0.0,0.0,true,1717,0
1773230966000,64.1095983333333,-21.84165,2.0,0.0,0.0,true,1718,0
1773230970000,64.1095983333333,-21.84165,4.0,0.0,0.0,true,1719,0
1773230970000,64.1095983333333,-21.84165,0.0,0.0,0.0,true,1720,0
1773230974000,64.1095983333333,-21.84165,4.0,0.0,0.0,true,1721,0
1773230974000,64.1095983333333,-21.84165,0.0,0.0,0.0,true,1722,0
1773230980000,64.1095983333333,-21.84165,6.0,0.0,0.0,true,1723,0
1773230980000,64.1095983333333,-21.84165,0.0,0.0,0.0,true,1724,0
1773230984000,64.1095983333333,-21.84165,4.0,0.0,0.0,true,1725,0
1773230986000,64.1095983333333,-21.84165,2.0,0.0,0.0,true,1726,0
1773230986000,64.1095983333333,-21.84165,0.0,0.0,0.0,true,1727,0
1773230988000,64.1095983333333,-21.84165,2.0,0.0,0.0,true,1728,0
1773230992000,64.1095983333333,-21.84165,4.0,0.0,0.0,true,1729,0
1773230992000,64.1095983333333,-21.84165,0.0,0.0,0.0,true,1730,0
1773230994000,64.1095983333333,-21.84165,2.0,0.0,0.0,true,1731,0
1773230994000,64.1095983333333,-21.84165,0.0,0.0,0.0,true,1732,0
1773230999000,64.1095983333333,-21.84165,5.0,0.0,0.0,true,1733,0
1773230999000,64.1095983333333,-21.84165,0.0,0.0,0.0,true,1734,0
1773230999000,64.1095983333333,-21.84165,0.0,0.0,0.0,true,1735,0
1773231005000,64.1095983333333,-21.84165,6.0,0.0,0.0,true,1736,0
1773231005000,64.1095983333333,-21.84165,0.0,0.0,0.0,true,1737,0
1773231009000,64.1095983333333,-21.84165,4.0,0.0,0.0,true,1738,0
1773231011000,64.1095983333333,-21.84165,2.0,0.0,0.0,true,1739,0
1773231013000,64.1095983333333,-21.84165,2.0,0.0,0.0,true,1740,0
1773231013000,64.1095983333333,-21.84165,0.0,0.0,0.0,true,1741,0
1773231016000,64.1095983333333,-21.84165,3.0,0.0,0.0,true,1742,0
1773231019000,64.1095983333333,-21.84165,3.0,0.0,0.0,true,1743,0
1773231019000,64.1095983333333,-21.84165,0.0,0.0,0.0,true,1744,0
1773231022000,64.1095983333333,-21.84165,3.0,0.0,0.0,true,1745,0
1773231022000,64.1095983333333,-21.84165,0.0,0.0,0.0,true,1746,0
1773231025000,64.1095983333333,-21.84165,3.0,0.0,0.0,true,1747,0
1773231028000,64.1095983333333,-21.84165,3.0,0.0,0.0,true,1748,0
1773231028000,64.1095983333333,-21.84165,0.0,0.0,0.0,true,1749,0
1773231033000,64.1095983333333,-21.84165,5.0,0.0,0.0,true,1750,0
1773231037000,64.1095983333333,-21.84165,4.0,0.0,0.0,true,1751,0
1773231037000,64.1095983333333,-21.84165,0.0,0.0,0.0,true,1752,0
1773231039000,64.1095983333333,-21.84165,2.0,0.0,0.0,true,1753,0
1773231041000,64.1095983333333,-21.84165,2.0,0.0,0.0,true,1754,0
1773231041000,64.1095983333333,-21.84165,0.0,0.0,0.0,true,1755,0
1773231043000,64.1095983333333,-21.84165,2.0,0.0,0.0,true,1756,0
1773231043000,64.1095983333333,-21.84165,0.0,0.0,0.0,true,1757,0
1773231046000,64.1095983333333,-21.84165,3.0,0.0,0.0,true,1758,0
1773231049000,64.1095983333333,-21.84165,3.0,0.0,0.0,true,1759,0
1773231049000,64.1095983333333,-21.84165,0.0,0.0,0.0,true,1760,0
1773231052000,64.1095983333333,-21.84165,3.0,0.0,0.0,true,1761,0
1773231058000,64.1095983333333,-21.84165,6.0,0.0,0.0,true,1762,0
1773231058000,64.1095983333333,-21.84165,0.0,0.0,0.0,true,1763,0
1773231062000,64.1095983333333,-21.84165,4.0,0.0,0.0,true,1764,0
1773231064000,64.1095983333333,-21.84165,2.0,0.0,0.0,true,1765,0
1773231064000,64.1095983333333,-21.84165,0.0,0.0,0.0,true,1766,0
1773231066000,64.1095983333333,-21.84165,2.0,0.0,0.0,true,1767,0
1773231069000,64.1095983333333,-21.84165,3.0,0.0,0.0,true,1768,0
1773231069000,64.1095983333333,-21.84165,0.0,0.0,0.0,true,1769,0
1773231073000,64.1095983333333,-21.84165,4.0,0.0,0.0,true,1770,0
1773231073000,64.1095983333333,-21.84165,0.0,0.0,0.0,true,1771,0
1773231073000,64.1095983333333,-21.84165,0.0,0.0,0.0,true,1772,0
1773231081000,64.1095983333333,-21.84165,8.0,0.0,0.0,true,1773,0
1773231081000,64.1095983333333,-21.84165,0.0,0.0,0.0,true,1774,0
1773231081000,64.1095983333333,-21.84165,0.0,0.0,0.0,true,1775,0
1773231085000,64.1095983333333,-21.84165,4.0,0.0,0.0,true,1776,0
1773231085000,64.1095983333333,-21.84165,0.0,0.0,0.0,true,1777,0
1773231087000,64.1095983333333,-21.84165,2.0,0.0,0.0,true,1778,0
1773231090000,64.1095983333333,-21.84165,3.0,0.0,0.0,true,1779,0
1773231094000,64.1095983333333,-21.84165,4.0,0.0,0.0,true,1780,0
1773231096000,64.1095983333333,-21.84165,2.0,0.0,0.0,true,1781,0
1773231096000,64.1095983333333,-21.84165,0.0,0.0,0.0,true,1782,0
1773231100000,64.1095983333333,-21.84165,4.0,0.0,0.0,true,1783,0
1773231100000,64.1095983333333,-21.84165,0.0,0.0,0.0,true,1784,0
1773231104000,64.1095983333333,-21.84165,4.0,0.0,0.0,true,1785,0
1773231106000,64.1095983333333,-21.84165,2.0,0.0,0.0,true,1786,0
1773231106000,64.1095983333333,-21.84165,0.0,0.0,0.0,true,1787,0
1773231109000,64.1095983333333,-21.84165,3.0,0.0,0.0,true,1788,0
1773231111000,64.1095983333333,-21.84165,2.0,0.0,0.0,true,1789,0
1773231115000,64.1095983333333,-21.84165,4.0,0.0,0.0,true,1790,0
1773231117000,64.1095983333333,-21.84165,2.0,0.0,0.0,true,1791,0
1773231117000,64.1095983333333,-21.84165,0.0,0.0,0.0,true,1792,0
1773231117000,64.1095983333333,-21.84165,0.0,0.0,0.0,true,1793,0
1773231121000,64.1095983333333,-21.84165,4.0,0.0,0.0,true,1794,0
1773231123000,64.1095983333333,-21.84165,2.0,0.0,0.0,true,1795,0
1773231123000,64.1095983333333,-21.84165,0.0,0.0,0.0,true,1796,0
1773231128000,64.1095983333333,-21.84165,5.0,0.0,0.0,true,1797,0
1773231130000,64.1095983333333,-21.84165,2.0,0.0,0.0,true,1798,0
1773231132000,64.1095983333333,-21.84165,2.0,0.0,0.0,true,1799,0
1773231135000,64.1095983333333,-21.84165,3.0,0.0,0.0,true,1800,0
1773231135000,64.1095983333333,-21.84165,0.0,0.0,0.0,true,1801,0
1773231143000,64.1095983333333,-21.84165,8.0,0.0,0.0,true,1802,0
1773231147000,64.1095983333333,-21.84165,4.0,0.0,0.0,true,1803,0
1773231149000,64.1095983333333,-21.84165,2.0,0.0,0.0,true,1804,0
1773231151000,64.1095983333333,-21.84165,2.0,0.0,0.0,true,1805,0
1773231151000,64.1095983333333,-21.84165,0.0,0.0,0.0,true,1806,0
1773231154000,64.1095983333333,-21.84165,3.0,0.0,0.0,true,1807,0
1773231158000,64.1095983333333,-21.84165,4.0,0.0,0.0,true,1808,0
1773231158000,64.1095983333333,-21.84165,0.0,0.0,0.0,true,1809,0
1773231160000,64.1095983333333,-21.84165,2.0,0.0,0.0,true,1810,0
1773231160000,64.1095983333333,-21.84165,0.0,0.0,0.0,true,1811,0
1773231166000,64.1095983333333,-21.84165,6.0,0.0,0.0,true,1812,0
1773231168000,64.1095983333333,-21.84165,2.0,0.0,0.0,true,1813,0
1773231168000,64.1095983333333,-21.84165,0.0,0.0,0.0,true,1814,0
1773231170000,64.1095983333333,-21.84165,2.0,0.0,0.0,true,1815,0
1773231170000,64.1095983333333,-21.84165,0.0,0.0,0.0,true,1816,0
1773231175000,64.1095983333333,-21.84165,5.0,0.0,0.0,true,1817,0
1773231177000,64.1095983333333,-21.84165,2.0,0.0,0.0,true,1818,0
1773231177000,64.1095983333333,-21.84165,0.0,0.0,0.0,true,1819,0
1773231179000,64.1095983333333,-21.84165,2.0,0.0,0.0,true,1820,0
1773231181000,64.1095983333333,-21.84165,2.0,0.0,0.0,true,1821,0
1773231185000,64.1095983333333,-21.84165,4.0,0.0,0.0,true,1822,0
1773231185000,64.1095983333333,-21.84165,0.0,0.0,0.0,true,1823,0
1773231189000,64.1095983333333,-21.84165,4.0,0.0,0.0,true,1824,0
1773231189000,64.1095983333333,-21.84165,0.0,0.0,0.0,true,1825,0
1773231191000,64.1095983333333,-21.84165,2.0,0.0,0.0,true,1826,0
1773231195000,64.1095983333333,-21.84165,4.0,0.0,0.0,true,1827,0
1773231195000,64.1095983333333,-21.84165,0.0,0.0,0.0,true,1828,0
1773231197000,64.1095983333333,-21.84165,2.0,0.0,0.0,true,1829,0
1773231201000,64.1095983333333,-21.84165,4.0,0.0,0.0,true,1830,0
1773231201000,64.1095983333333,-21.84165,0.0,0.0,0.0,true,1831,0
1773231206000,64.1095983333333,-21.84165,5.0,0.0,0.0,true,1832,0
1773231206000,64.1095983333333,-21.84165,0.0,0.0,0.0,true,1833,0
1773231208000,64.1095983333333,-21.84165,2.0,0.0,0.0,true,1834,0
1773231210000,64.1095983333333,-21.84165,2.0,0.0,0.0,true,1835,0
1773231210000,64.1095983333333,-21.84165,0.0,0.0,0.0,true,1836,0
1773231214000,64.1095983333333,-21.84165,4.0,0.0,0.0,true,1837,0
1773231216000,64.1095983333333,-21.84165,2.0,0.0,0.0,true,1838,0
1773231216000,64.1095983333333,-21.84165,0.0,0.0,0.0,true,1839,0
1773231222000,64.1095983333333,-21.84165,6.0,0.0,0.0,true,1840,0
1773231225000,64.1095983333333,-21.84165,3.0,0.0,0.0,true,1841,0
1773231225000,64.1095983333333,-21.84165,0.0,0.0,0.0,true,1842,0
1773231227000,64.1095983333333,-21.84165,2.0,0.0,0.0,true,1843,0
1773231231000,64.1095983333333,-21.84165,4.0,0.0,0.0,true,1844,0
1773231231000,64.1095983333333,-21.84165,0.0,0.0,0.0,true,1845,0
1773231233000,64.1095983333333,-21.84165,2.0,0.0,0.0,true,1846,0
1773231235000,64.1095983333333,-21.84165,2.0,0.0,0.0,true,1847,0
1773231235000,64.1095983333333,-21.84165,0.0,0.0,0.0,true,1848,0
1773231238000,64.1095983333333,-21.84165,3.0,0.0,0.0,true,1849,0
1773231240000,64.1095983333333,-21.84165,2.0,0.0,0.0,true,1850,0
1773231240000,64.1095983333333,-21.84165,0.0,0.0,0.0,true,1851,0
1773231246000,64.1095983333333,-21.84165,6.0,0.0,0.0,true,1852,0
1773231246000,64.1095983333333,-21.84165,0.0,0.0,0.0,true,1853,0
1773231250000,64.1095983333333,-21.84165,4.0,0.0,0.0,true,1854,0
1773231252000,64.1095983333333,-21.84165,2.0,0.0,0.0,true,1855,0
1773231252000,64.1095983333333,-21.84165,0.0,0.0,0.0,true,1856,0
1773231255000,64.1095983333333,-21.84165,3.0,0.0,0.0,true,1857,0
1773231257000,64.1095983333333,-21.84165,2.0,0.0,0.0,true,1858,0
1773231257000,64.1095983333333,-21.84165,0.0,0.0,0.0,true,1859,0
1773231259000,64.1095983333333,-21.84165,2.0,0.0,0.0,true,1860,0
1773231264000,64.1095983333333,-21.84165,5.0,0.0,0.0,true,1861,0
1773231264000,64.1095983333333,-21.84165,0.0,0.0,0.0,true,1862,0
1773231266000,64.1095983333333,-21.84165,2.0,0.0,0.0,true,1863,0
1773231271000,64.1095983333333,-21.84165,5.0,0.0,0.0,true,1864,0
1773231271000,64.1095983333333,-21.84165,0.0,0.0,0.0,true,1865,0
1773231273000,64.1095983333333,-21.84165,2.0,0.0,0.0,true,1866,0
1773231275000,64.1095983333333,-21.84165,2.0,0.0,0.0,true,1867,0
1773231275000,64.1095983333333,-21.84165,0.0,0.0,0.0,true,1868,0
1773231279000,64.1095983333333,-21.84165,4.0,0.0,0.0,true,1869,0
1773231279000,64.1095983333333,-21.84165,0.0,0.0,0.0,true,1870,0
1773231281000,64.1095983333333,-21.84165,2.0,0.0,0.0,true,1871,0
1773231285000,64.1095983333333,-21.84165,4.0,0.0,0.0,true,1872,0
1773231285000,64.1095983333333,-21.84165,0.0,0.0,0.0,true,1873,0
1773231287000,64.1095983333333,-21.84165,2.0,0.0,0.0,true,1874,0
1773231293000,64.1095983333333,-21.84165,6.0,0.0,0.0,true,1875,0
1773231293000,64.1095983333333,-21.84165,0.0,0.0,0.0,true,1876,0
1773231296000,64.1095983333333,-21.84165,3.0,0.0,0.0,true,1877,0
1773231296000,64.1095983333333,-21.84165,0.0,0.0,0.0,true,1878,0
1773231296000,64.1095983333333,-21.84165,0.0,0.0,0.0,true,1879,0
1773231296000,64.1095983333333,-21.84165,0.0,0.0,0.0,true,1880,0
1773231301000,64.1095983333333,-21.84165,5.0,0.0,0.0,true,1881,0
1773231301000,64.1095983333333,-21.84165,0.0,0.0,0.0,true,1882,0
1773231305000,64.1095983333333,-21.84165,4.0,0.0,0.0,true,1883,0
1773231307000,64.1095983333333,-21.84165,2.0,0.0,0.0,true,1884,0
1773231312000,64.1095983333333,-21.84165,5.0,0.0,0.0,true,1885,0
1773231312000,64.1095983333333,-21.84165,0.0,0.0,0.0,true,1886,0
1773231316000,64.1095983333333,-21.84165,4.0,0.0,0.0,true,1887,0
1773231316000,64.1095983333333,-21.84165,0.0,0.0,0.0,true,1888,0
1773231318000,64.1095983333333,-21.84165,2.0,0.0,0.0,true,1889,0
1773231318000,64.1095983333333,-21.84165,0.0,0.0,0.0,true,1890,0
1773231322000,64.1095983333333,-21.84165,4.0,0.0,0.0,true,1891,0
1773231322000,64.1095983333333,-21.84165,0.0,0.0,0.0,true,1892,0
1773231327000,64.1095983333333,-21.84165,5.0,0.0,0.0,true,1893,0
1773231327000,64.1095983333333,-21.84165,0.0,0.0,0.0,true,1894,0
1773231331000,64.1095983333333,-21.84165,4.0,0.0,0.0,true,1895,0
1773231333000,64.1095983333333,-21.84165,2.0,0.0,0.0,true,1896,0
1773231333000,64.1095983333333,-21.84165,0.0,0.0,0.0,true,1897,0
1773231336000,64.1095983333333,-21.84165,3.0,0.0,0.0,true,1898,0
1773231336000,64.1095983333333,-21.84165,0.0,0.0,0.0,true,1899,0
1773231340000,64.1095983333333,-21.84165,4.0,0.0,0.0,true,1900,0
1773231340000,64.1095983333333,-21.84165,0.0,0.0,0.0,true,1901,0
1773231342000,64.1095983333333,-21.84165,2.0,0.0,0.0,true,1902,0
1773231345000,64.1095983333333,-21.84165,3.0,0.0,0.0,true,1903,0
1773231351000,64.1095983333333,-21.84165,6.0,0.0,0.0,true,1904,0
1773231351000,64.1095983333333,-21.84165,0.0,0.0,0.0,true,1905,0
1773231353000,64.1095983333333,-21.84165,2.0,0.0,0.0,true,1906,0
1773231357000,64.1095983333333,-21.84165,4.0,0.0,0.0,true,1907,0
1773231357000,64.1095983333333,-21.84165,0.0,0.0,0.0,true,1908,0
1773231357000,64.1095983333333,-21.84165,0.0,0.0,0.0,true,1909,0
1773231357000,64.1095983333333,-21.84165,0.0,0.0,0.0,true,1910,0
1773231364000,64.1095983333333,-21.84165,7.0,0.0,0.0,true,1911,0
1773231364000,64.1095983333333,-21.84165,0.0,0.0,0.0,true,1912,0
1773231364000,64.1095983333333,-21.84165,0.0,0.0,0.0,true,1913,0
1773231369000,64.1095983333333,-21.84165,5.0,0.0,0.0,true,1914,0
1773231371000,64.1095983333333,-21.84165,2.0,0.0,0.0,true,1915,0
1773231371000,64.1095983333333,-21.84165,0.0,0.0,0.0,true,1916,0
1773231374000,64.1095983333333,-21.84165,3.0,0.0,0.0,true,1917,0
1773231374000,64.1095983333333,-21.84165,0.0,0.0,0.0,true,1918,0
1773231378000,64.1095983333333,-21.84165,4.0,0.0,0.0,true,1919,0
1773231380000,64.1095983333333,-21.84165,2.0,0.0,0.0,true,1920,0
1773231380000,64.1095983333333,-21.84165,0.0,0.0,0.0,true,1921,0
1773231383000,64.1095983333333,-21.84165,3.0,0.0,0.0,true,1922,0
1773231387000,64.1095983333333,-21.84165,4.0,0.0,0.0,true,1923,0
1773231387000,64.1095983333333,-21.84165,0.0,0.0,0.0,true,1924,0
1773231389000,64.1095983333333,-21.84165,2.0,0.0,0.0,true,1925,0
1773231394000,64.1095983333333,-21.84165,5.0,0.0,0.0,true,1926,0
1773231394000,64.1095983333333,-21.84165,0.0,0.0,0.0,true,1927,0
1773231396000,64.1095983333333,-21.84165,2.0,0.0,0.0,true,1928,0
1773231406000,64.1095983333333,-21.84165,10.0,0.0,0.0,true,1929,0
1773231406000,64.1095983333333,-21.84165,0.0,0.0,0.0,true,1930,0
1773231406000,64.1095983333333,-21.84165,0.0,0.0,0.0,true,1931,0
1773231410000,64.1095983333333,-21.84165,4.0,0.0,0.0,true,1932,0
1773231410000,64.1095983333333,-21.84165,0.0,0.0,0.0,true,1933,0
1773231412000,64.1095983333333,-21.84165,2.0,0.0,0.0,true,1934,0
1773231415000,64.1095983333333,-21.84165,3.0,0.0,0.0,true,1935,0
1773231415000,64.1095983333333,-21.84165,0.0,0.0,0.0,true,1936,0
1773231415000,64.1095983333333,-21.84165,0.0,0.0,0.0,true,1937,0
1773231424000,64.1095983333333,-21.84165,9.0,0.0,0.0,true,1938,0
1773231424000,64.1095983333333,-21.84165,0.0,0.0,0.0,true,1939,0
1773231426000,64.1095983333333,-21.84165,2.0,0.0,0.0,true,1940,0
1773231426000,64.1095983333333,-21.84165,0.0,0.0,0.0,true,1941,0
1773231429000,64.1095983333333,-21.84165,3.0,0.0,0.0,true,1942,0
1773231431000,64.1095983333333,-21.84165,2.0,0.0,0.0,true,1943,0
1773231431000,64.1095983333333,-21.84165,0.0,0.0,0.0,true,1944,0
1773231431000,64.1095983333333,-21.84165,0.0,0.0,0.0,true,1945,0
1773231435000,64.1095983333333,-21.84165,4.0,0.0,0.0,true,1946,0
1773231437000,64.1095983333333,-21.84165,2.0,0.0,0.0,true,1947,0
1773231443000,64.1095983333333,-21.84165,6.0,0.0,0.0,true,1948,0
1773231443000,64.1095983333333,-21.84165,0.0,0.0,0.0,true,1949,0
1773231443000,64.1095983333333,-21.84165,0.0,0.0,0.0,true,1950,0
1773231446000,64.1095983333333,-21.84165,3.0,0.0,0.0,true,1951,0
1773231450000,64.1095983333333,-21.84165,4.0,0.0,0.0,true,1952,0
1773231450000,64.1095983333333,-21.84165,0.0,0.0,0.0,true,1953,0
1773231452000,64.1095983333333,-21.84165,2.0,0.0,0.0,true,1954,0
1773231455000,64.1095983333333,-21.84165,3.0,0.0,0.0,true,1955,0
1773231457000,64.1095983333333,-21.84165,2.0,0.0,0.0,true,1956,0
1773231459000,64.1095983333333,-21.84165,2.0,0.0,0.0,true,1957,0
1773231459000,64.1095983333333,-21.84165,0.0,0.0,0.0,true,1958,0
1773231463000,64.1095983333333,-21.84165,4.0,0.0,0.0,true,1959,0
1773231465000,64.1095983333333,-21.84165,2.0,0.0,0.0,true,1960,0
1773231465000,64.1095983333333,-21.84165,0.0,0.0,0.0,true,1961,0
1773231467000,64.1095983333333,-21.84165,2.0,0.0,0.0,true,1962,0
1773231467000,64.1095983333333,-21.84165,0.0,0.0,0.0,true,1963,0
1773231470000,64.1095983333333,-21.84165,3.0,0.0,0.0,true,1964,0
1773231473000,64.1095983333333,-21.84165,3.0,0.0,0.0,true,1965,0
1773231477000,64.1095983333333,-21.84165,4.0,0.0,0.0,true,1966,0
1773231477000,64.1095983333333,-21.84165,0.0,0.0,0.0,true,1967,0
1773231479000,64.1095983333333,-21.84165,2.0,0.0,0.0,true,1968,0
1773231479000,64.1095983333333,-21.84165,0.0,0.0,0.0,true,1969,0
1773231484000,64.1095983333333,-21.84165,5.0,0.0,0.0,true,1970,0
1773231486000,64.1095983333333,-21.84165,2.0,0.0,0.0,true,1971,0
1773231486000,64.1095983333333,-21.84165,0.0,0.0,0.0,true,1972,0
1773231489000,64.1095983333333,-21.84165,3.0,0.0,0.0,true,1973,0
1773231492000,64.1095983333333,-21.84165,3.0,0.0,0.0,true,1974,0
1773231492000,64.1095983333333,-21.84165,0.0,0.0,0.0,true,1975,0
1773231497000,64.1095983333333,-21.84165,5.0,0.0,0.0,true,1976,0
1773231497000,64.1095983333333,-21.84165,0.0,0.0,0.0,true,1977,0
1773231501000,64.1095983333333,-21.84165,4.0,0.0,0.0,true,1978,0
1773231504000,64.1095983333333,-21.84165,3.0,0.0,0.0,true,1979,0
1773231504000,64.1095983333333,-21.84165,0.0,0.0,0.0,true,1980,0
1773231507000,64.1095983333333,-21.84165,3.0,0.0,0.0,true,1981,0
1773231510000,64.1095983333333,-21.84165,3.0,0.0,0.0,true,1982,0
1773231512000,64.1095983333333,-21.84165,2.0,0.0,0.0,true,1983,0
1773231512000,64.1095983333333,-21.84165,0.0,0.0,0.0,true,1984,0
1773231515000,64.1095983333333,-21.84165,3.0,0.0,0.0,true,1985,0
1773231515000,64.1095983333333,-21.84165,0.0,0.0,0.0,true,1986,0
1773231517000,64.1095983333333,-21.84165,2.0,0.0,0.0,true,1987,0
1773231521000,64.1095983333333,-21.84165,4.0,0.0,0.0,true,1988,0
1773231521000,64.1095983333333,-21.84165,0.0,0.0,0.0,true,1989,0
1773231527000,64.1095983333333,-21.84165,6.0,0.0,0.0,true,1990,0
1773231527000,64.1095983333333,-21.84165,0.0,0.0,0.0,true,1991,0
1773231529000,64.1095983333333,-21.84165,2.0,0.0,0.0,true,1992,0
1773231532000,64.1095983333333,-21.84165,3.0,0.0,0.0,true,1993,0
1773231534000,64.1095983333333,-21.84165,2.0,0.0,0.0,true,1994,0
1773231534000,64.1095983333333,-21.84165,0.0,0.0,0.0,true,1995,0
1773231536000,64.1095983333333,-21.84165,2.0,0.0,0.0,true,1996,0
1773231541000,64.1095983333333,-21.84165,5.0,0.0,0.0,true,1997,0
1773231541000,64.1095983333333,-21.84165,0.0,0.0,0.0,true,1998,0
1773231544000,64.1095983333333,-21.84165,3.0,0.0,0.0,true,1999,0
1773231544000,64.1095983333333,-21.84165,0.0,0.0,0.0,true,2000,0
1773231544000,64.1095983333333,-21.84165,0.0,0.0,0.0,true,2001,0
1773231550000,64.1095983333333,-21.84165,6.0,0.0,0.0,true,2002,0
1773231550000,64.1095983333333,-21.84165,0.0,0.0,0.0,true,2003,0
1773231553000,64.1095983333333,-21.84165,3.0,0.0,0.0,true,2004,0
1773231553000,64.1095983333333,-21.84165,0.0,0.0,0.0,true,2005,0
1773231555000,64.1095983333333,-21.84165,2.0,0.0,0.0,true,2006,0
1773231560000,64.1095983333333,-21.84165,5.0,0.0,0.0,true,2007,0
1773231560000,64.1095983333333,-21.84165,0.0,0.0,0.0,true,2008,0
1773231560000,64.1095983333333,-21.84165,0.0,0.0,0.0,true,2009,0
1773231563000,64.1095983333333,-21.84165,3.0,0.0,0.0,true,2010,0
1773231565000,64.1095983333333,-21.84165,2.0,0.0,0.0,true,2011,0
1773231570000,64.1095983333333,-21.84165,5.0,0.0,0.0,true,2012,0
1773231570000,64.1095983333333,-21.84165,0.0,0.0,0.0,true,2013,0
1773231574000,64.1095983333333,-21.84165,4.0,0.0,0.0,true,2014,0
1773231574000,64.1095983333333,-21.84165,0.0,0.0,0.0,true,2015,0
1773231576000,64.1095983333333,-21.84165,2.0,0.0,0.0,true,2016,0
1773231576000,64.1095983333333,-21.84165,0.0,0.0,0.0,true,2017,0
1773231579000,64.1095983333333,-21.84165,3.0,0.0,0.0,true,2018,0
1773231584000,64.1095983333333,-21.84165,5.0,0.0,0.0,true,2019,0
1773231584000,64.1095983333333,-21.84165,0.0,0.0,0.0,true,2020,0
1773231589000,64.1095983333333,-21.84165,5.0,0.0,0.0,true,2021,0
1773231589000,64.1095983333333,-21.84165,0.0,0.0,0.0,true,2022,0
1773231591000,64.1095983333333,-21.84165,2.0,0.0,0.0,true,2023,0
1773231594000,64.1095983333333,-21.84165,3.0,0.0,0.0,true,2024,0
1773231594000,64.1095983333333,-21.84165,0.0,0.0,0.0,true,2025,0
1773231596000,64.1095983333333,-21.84165,2.0,0.0,0.0,true,2026,0
1773231598000,64.1095983333333,-21.84165,2.0,0.0,0.0,true,2027,0
1773231602000,64.1095983333333,-21.84165,4.0,0.0,0.0,true,2028,0
1773231602000,64.1095983333333,-21.84165,0.0,0.0,0.0,true,2029,0
1773231604000,64.1095983333333,-21.84165,2.0,0.0,0.0,true,2030,0
1773231604000,64.1095983333333,-21.84165,0.0,0.0,0.0,true,2031,0
1773231608000,64.1095983333333,-21.84165,4.0,0.0,0.0,true,2032,0
1773231610000,64.1095983333333,-21.84165,2.0,0.0,0.0,true,2033,0
1773231613000,64.1095983333333,-21.84165,3.0,0.0,0.0,true,2034,0
1773231615000,64.1095983333333,-21.84165,2.0,0.0,0.0,true,2035,0
1773231615000,64.1095983333333,-21.84165,0.0,0.0,0.0,true,2036,0
1773231615000,64.1095983333333,-21.84165,0.0,0.0,0.0,true,2037,0
1773231619000,64.1095983333333,-21.84165,4.0,0.0,0.0,true,2038,0
1773231625000,64.1095983333333,-21.84165,6.0,0.0,0.0,true,2039,0
1773231625000,64.1095983333333,-21.84165,0.0,0.0,0.0,true,2040,0
1773231625000,64.1095983333333,-21.84165,0.0,0.0,0.0,true,2041,0
1773231636000,64.1095983333333,-21.84165,11.0,0.0,0.0,true,2042,0
1773231636000,64.1095983333333,-21.84165,0.0,0.0,0.0,true,2043,0
1773231638000,64.1095983333333,-21.84165,2.0,0.0,0.0,true,2044,0
1773231641000,64.1095983333333,-21.84165,3.0,0.0,0.0,true,2045,0
1773231641000,64.1095983333333,-21.84165,0.0,0.0,0.0,true,2046,0
1773231647000,64.1095983333333,-21.84165,6.0,0.0,0.0,true,2047,0
1773231649000,64.1095983333333,-21.84165,2.0,0.0,0.0,true,2048,0
1773231649000,64.1095983333333,-21.84165,0.0,0.0,0.0,true,2049,0
1773231652000,64.1095983333333,-21.84165,3.0,0.0,0.0,true,2050,0
1773231652000,64.1095983333333,-21.84165,0.0,0.0,0.0,true,2051,0
1773231654000,64.1095983333333,-21.84165,2.0,0.0,0.0,true,2052,0
1773231656000,64.1095983333333,-21.84165,2.0,0.0,0.0,true,2053,0
1773231656000,64.1095983333333,-21.84165,0.0,0.0,0.0,true,2054,0
1773231660000,64.1095983333333,-21.84165,4.0,0.0,0.0,true,2055,0
1773231662000,64.1095983333333,-21.84165,2.0,0.0,0.0,true,2056,0
1773231668000,64.1095983333333,-21.84165,6.0,0.0,0.0,true,2057,0
1773231668000,64.1095983333333,-21.84165,0.0,0.0,0.0,true,2058,0
1773231671000,64.1095983333333,-21.84165,3.0,0.0,0.0,true,2059,0
1773231674000,64.1095983333333,-21.84165,3.0,0.0,0.0,true,2060,0
1773231677000,64.1095983333333,-21.84165,3.0,0.0,0.0,true,2061,0
1773231677000,64.1095983333333,-21.84165,0.0,0.0,0.0,true,2062,0
1773231679000,64.1095983333333,-21.84165,2.0,0.0,0.0,true,2063,0
1773231682000,64.1095983333333,-21.84165,3.0,0.0,0.0,true,2064,0
1773231684000,64.1095983333333,-21.84165,2.0,0.0,0.0,true,2065,0
1773231686000,64.1095983333333,-21.84165,2.0,0.0,0.0,true,2066,0
1773231686000,64.1095983333333,-21.84165,0.0,0.0,0.0,true,2067,0
1773231690000,64.1095983333333,-21.84165,4.0,0.0,0.0,true,2068,0
1773231692000,64.1095983333333,-21.84165,2.0,0.0,0.0,true,2069,0
1773231692000,64.1095983333333,-21.84165,0.0,0.0,0.0,true,2070,0
1773231694000,64.1095983333333,-21.84165,2.0,0.0,0.0,true,2071,0
1773231694000,64.1095983333333,-21.84165,0.0,0.0,0.0,true,2072,0
1773231700000,64.1095983333333,-21.84165,6.0,0.0,0.0,true,2073,0
1773231700000,64.1095983333333,-21.84165,0.0,0.0,0.0,true,2074,0
1773231700000,64.1095983333333,-21.84165,0.0,0.0,0.0,true,2075,0
1773231706000,64.1095983333333,-21.84165,6.0,0.0,0.0,true,2076,0
1773231708000,64.1095983333333,-21.84165,2.0,0.0,0.0,true,2077,0
1773231708000,64.1095983333333,-21.84165,0.0,0.0,0.0,true,2078,0
1773231710000,64.1095983333333,-21.84165,2.0,0.0,0.0,true,2079,0
1773231715000,64.1095983333333,-21.84165,5.0,0.0,0.0,true,2080,0
1773231715000,64.1095983333333,-21.84165,0.0,0.0,0.0,true,2081,0
1773231715000,64.1095983333333,-21.84165,0.0,0.0,0.0,true,2082,0
1773231715000,64.1095983333333,-21.84165,0.0,0.0,0.0,true,2083,0
1773231719000,64.1095983333333,-21.84165,4.0,0.0,0.0,true,2084,0
1773231721000,64.1095983333333,-21.84165,2.0,0.0,0.0,true,2085,0
1773231725000,64.1095983333333,-21.84165,4.0,0.0,0.0,true,2086,0
1773231725000,64.1095983333333,-21.84165,0.0,0.0,0.0,true,2087,0
1773231730000,64.1095983333333,-21.84165,5.0,0.0,0.0,true,2088,0
1773231732000,64.1095983333333,-21.84165,2.0,0.0,0.0,true,2089,0
1773231732000,64.1095983333333,-21.84165,0.0,0.0,0.0,true,2090,0
1773231735000,64.1095983333333,-21.84165,3.0,0.0,0.0,true,2091,0
1773231738000,64.1095983333333,-21.84165,3.0,0.0,0.0,true,2092,0
1773231738000,64.1095983333333,-21.84165,0.0,0.0,0.0,true,2093,0
1773231740000,64.1095983333333,-21.84165,2.0,0.0,0.0,true,2094,0
1773231740000,64.1095983333333,-21.84165,0.0,0.0,0.0,true,2095,0
1773231746000,64.1095983333333,-21.84165,6.0,0.0,0.0,true,2096,0
1773231746000,64.1095983333333,-21.84165,0.0,0.0,0.0,true,2097,0
1773231746000,64.1095983333333,-21.84165,0.0,0.0,0.0,true,2098,0
1773231750000,64.1095983333333,-21.84165,4.0,0.0,0.0,true,2099,0
1773231752000,64.1095983333333,-21.84165,2.0,0.0,0.0,true,2100,0
1773231752000,64.1095983333333,-21.84165,0.0,0.0,0.0,true,2101,0
1773231759000,64.1095983333333,-21.84165,7.0,0.0,0.0,true,2102,0
1773231759000,64.1095983333333,-21.84165,0.0,0.0,0.0,true,2103,0
1773231759000,64.1095983333333,-21.84165,0.0,0.0,0.0,true,2104,0
1773231764000,64.1095983333333,-21.84165,5.0,0.0,0.0,true,2105,0
1773231764000,64.1095983333333,-21.84165,0.0,0.0,0.0,true,2106,0
1773231768000,64.1095983333333,-21.84165,4.0,0.0,0.0,true,2107,0
1773231770000,64.1095983333333,-21.84165,2.0,0.0,0.0,true,2108,0
1773231770000,64.1095983333333,-21.84165,0.0,0.0,0.0,true,2109,0
1773231772000,64.1095983333333,-21.84165,2.0,0.0,0.0,true,2110,0
1773231774000,64.1095983333333,-21.84165,2.0,0.0,0.0,true,2111,0
1773231774000,64.1095983333333,-21.84165,0.0,0.0,0.0,true,2112,0
1773231778000,64.1095983333333,-21.84165,4.0,0.0,0.0,true,2113,0
1773231780000,64.1095983333333,-21.84165,2.0,0.0,0.0,true,2114,0
1773231782000,64.1095983333333,-21.84165,2.0,0.0,0.0,true,2115,0
1773231782000,64.1095983333333,-21.84165,0.0,0.0,0.0,true,2116,0
1773231787000,64.1095983333333,-21.84165,5.0,0.0,0.0,true,2117,0
1773231787000,64.1095983333333,-21.84165,0.0,0.0,0.0,true,2118,0
1773231790000,64.1095983333333,-21.84165,3.0,0.0,0.0,true,2119,0
1773231792000,64.1095983333333,-21.84165,2.0,0.0,0.0,true,2120,0
1773231792000,64.1095983333333,-21.84165,0.0,0.0,0.0,true,2121,0
1773231796000,64.1095983333333,-21.84165,4.0,0.0,0.0,true,2122,0
1773231796000,64.1095983333333,-21.84165,0.0,0.0,0.0,true,2123,0
1773231798000,64.1095983333333,-21.84165,2.0,0.0,0.0,true,2124,0
1773231805000,64.1095983333333,-21.84165,7.0,0.0,0.0,true,2125,0
1773231805000,64.1095983333333,-21.84165,0.0,0.0,0.0,true,2126,0
1773231807000,64.1095983333333,-21.84165,2.0,0.0,0.0,true,2127,0
1773231810000,64.1095983333333,-21.84165,3.0,0.0,0.0,true,2128,0
1773231810000,64.1095983333333,-21.84165,0.0,0.0,0.0,true,2129,0
1773231812000,64.1095983333333,-21.84165,2.0,0.0,0.0,true,2130,0
1773231816000,64.1095983333333,-21.84165,4.0,0.0,0.0,true,2131,0
1773231816000,64.1095983333333,-21.84165,0.0,0.0,0.0,true,2132,0
1773231818000,64.1095983333333,-21.84165,2.0,0.0,0.0,true,2133,0
1773231818000,64.1095983333333,-21.84165,0.0,0.0,0.0,true,2134,0
1773231820000,64.1095983333333,-21.84165,2.0,0.0,0.0,true,2135,0
1773231822000,64.1095983333333,-21.84165,2.0,0.0,0.0,true,2136,0
1773231827000,64.1095983333333,-21.84165,5.0,0.0,0.0,true,2137,0
1773231827000,64.1095983333333,-21.84165,0.0,0.0,0.0,true,2138,0
1773231831000,64.1095983333333,-21.84165,4.0,0.0,0.0,true,2139,0
1773231833000,64.1095983333333,-21.84165,2.0,0.0,0.0,true,2140,0
1773231833000,64.1095983333333,-21.84165,0.0,0.0,0.0,true,2141,0
1773231839000,64.1095983333333,-21.84165,6.0,0.0,0.0,true,2142,0
1773231839000,64.1095983333333,-21.84165,0.0,0.0,0.0,true,2143,0
1773231839000,64.1095983333333,-21.84165,0.0,0.0,0.0,true,2144,0
1773231843000,64.1095983333333,-21.84165,4.0,0.0,0.0,true,2145,0
1773231843000,64.1095983333333,-21.84165,0.0,0.0,0.0,true,2146,0
1773231848000,64.1095983333333,-21.84165,5.0,0.0,0.0,true,2147,0
1773231848000,64.1095983333333,-21.84165,0.0,0.0,0.0,true,2148,0
1773231851000,64.1095983333333,-21.84165,3.0,0.0,0.0,true,2149,0
1773231851000,64.1095983333333,-21.84165,0.0,0.0,0.0,true,2150,0
1773231851000,64.1095983333333,-21.84165,0.0,0.0,0.0,true,2151,0
1773231855000,64.1095983333333,-21.84165,4.0,0.0,0.0,true,2152,0
1773231861000,64.1095983333333,-21.84165,6.0,0.0,0.0,true,2153,0
1773231864000,64.1095983333333,-21.84165,3.0,0.0,0.0,true,2154,0
1773231864000,64.1095983333333,-21.84165,0.0,0.0,0.0,true,2155,0
1773231866000,64.1095983333333,-21.84165,2.0,0.0,0.0,true,2156,0
1773231866000,64.1095983333333,-21.84165,0.0,0.0,0.0,true,2157,0
1773231868000,64.1095983333333,-21.84165,2.0,0.0,0.0,true,2158,0
1773231871000,64.1095983333333,-21.84165,3.0,0.0,0.0,true,2159,0
1773231871000,64.1095983333333,-21.84165,0.0,0.0,0.0,true,2160,0
1773231873000,64.1095983333333,-21.84165,2.0,0.0,0.0,true,2161,0
1773231877000,64.1095983333333,-21.84165,4.0,0.0,0.0,true,2162,0
1773231877000,64.1095983333333,-21.84165,0.0,0.0,0.0,true,2163,0
1773231883000,64.1095983333333,-21.84165,6.0,0.0,0.0,true,2164,0
1773231883000,64.1095983333333,-21.84165,0.0,0.0,0.0,true,2165,0
1773231883000,64.1095983333333,-21.84165,0.0,0.0,0.0,true,2166,0
1773231888000,64.1095983333333,-21.84165,5.0,0.0,0.0,true,2167,0
1773231890000,64.1095983333333,-21.84165,2.0,0.0,0.0,true,2168,0
1773231890000,64.1095983333333,-21.84165,0.0,0.0,0.0,true,2169,0
1773231890000,64.1095983333333,-21.84165,0.0,0.0,0.0,true,2170,0
1773231894000,64.1095983333333,-21.84165,4.0,0.0,0.0,true,2171,0
1773231898000,64.1095983333333,-21.84165,4.0,0.0,0.0,true,2172,0
1773231898000,64.1095983333333,-21.84165,0.0,0.0,0.0,true,2173,0
1773231901000,64.1095983333333,-21.84165,3.0,0.0,0.0,true,2174,0
1773231903000,64.1095983333333,-21.84165,2.0,0.0,0.0,true,2175,0
1773231905000,64.1095983333333,-21.84165,2.0,0.0,0.0,true,2176,0
1773231905000,64.1095983333333,-21.84165,0.0,0.0,0.0,true,2177,0
1773231908000,64.1095983333333,-21.84165,3.0,0.0,0.0,true,2178,0
1773231911000,64.1095983333333,-21.84165,3.0,0.0,0.0,true,2179,0
1773231911000,64.1095983333333,-21.84165,0.0,0.0,0.0,true,2180,0
1773231915000,64.1095983333333,-21.84165,4.0,0.0,0.0,true,2181,0
1773231917000,64.1095983333333,-21.84165,2.0,0.0,0.0,true,2182,0
1773231920000,64.1095983333333,-21.84165,3.0,0.0,0.0,true,2183,0
1773231922000,64.1095983333333,-21.84165,2.0,0.0,0.0,true,2184,0
1773231922000,64.1095983333333,-21.84165,0.0,0.0,0.0,true,2185,0
1773231924000,64.1095983333333,-21.84165,2.0,0.0,0.0,true,2186,0
1773231924000,64.1095983333333,-21.84165,0.0,0.0,0.0,true,2187,0
1773231928000,64.1095983333333,-21.84165,4.0,0.0,0.0,true,2188,0
1773231930000,64.1095983333333,-21.84165,2.0,0.0,0.0,true,2189,0
1773231930000,64.1095983333333,-21.84165,0.0,0.0,0.0,true,2190,0
1773231936000,64.1095983333333,-21.84165,6.0,0.0,0.0,true,2191,0
1773231940000,64.1095983333333,-21.84165,4.0,0.0,0.0,true,2192,0
1773231940000,64.1095983333333,-21.84165,0.0,0.0,0.0,true,2193,0
1773231942000,64.1095983333333,-21.84165,2.0,0.0,0.0,true,2194,0
1773231942000,64.1095983333333,-21.84165,0.0,0.0,0.0,true,2195,0
1773231945000,64.1095983333333,-21.84165,3.0,0.0,0.0,true,2196,0
1773231945000,64.1095983333333,-21.84165,0.0,0.0,0.0,true,2197,0
1773231949000,64.1095983333333,-21.84165,4.0,0.0,0.0,true,2198,0
1773231949000,64.1095983333333,-21.84165,0.0,0.0,0.0,true,2199,0
1773231955000,64.1095983333333,-21.84165,6.0,0.0,0.0,true,2200,0
1773231955000,64.1095983333333,-21.84165,0.0,0.0,0.0,true,2201,0
1773231958000,64.1095983333333,-21.84165,3.0,0.0,0.0,true,2202,0
1773231960000,64.1095983333333,-21.84165,2.0,0.0,0.0,true,2203,0
1773231960000,64.1095983333333,-21.84165,0.0,0.0,0.0,true,2204,0
1773231963000,64.1095983333333,-21.84165,3.0,0.0,0.0,true,2205,0
1773231966000,64.1095983333333,-21.84165,3.0,0.0,0.0,true,2206,0
1773231966000,64.1095983333333,-21.84165,0.0,0.0,0.0,true,2207,0
1773231971000,64.1095983333333,-21.84165,5.0,0.0,0.0,true,2208,0
1773231971000,64.1095983333333,-21.84165,0.0,0.0,0.0,true,2209,0
1773231971000,64.1095983333333,-21.84165,0.0,0.0,0.0,true,2210,0
1773231977000,64.1095983333333,-21.84165,6.0,0.0,0.0,true,2211,0
1773231977000,64.1095983333333,-21.84165,0.0,0.0,0.0,true,2212,0
1773231979000,64.1095983333333,-21.84165,2.0,0.0,0.0,true,2213,0
1773231981000,64.1095983333333,-21.84165,2.0,0.0,0.0,true,2214,0
1773231981000,64.1095983333333,-21.84165,0.0,0.0,0.0,true,2215,0
1773231984000,64.1095983333333,-21.84165,3.0,0.0,0.0,true,2216,0
1773231984000,64.1095983333333,-21.84165,0.0,0.0,0.0,true,2217,0
1773231990000,64.1095983333333,-21.84165,6.0,0.0,0.0,true,2218,0
1773231992000,64.1095983333333,-21.84165,2.0,0.0,0.0,true,2219,0
1773231992000,64.1095983333333,-21.84165,0.0,0.0,0.0,true,2220,0
1773231992000,64.1095983333333,-21.84165,0.0,0.0,0.0,true,2221,0
1773231996000,64.1095983333333,-21.84165,4.0,0.0,0.0,true,2222,0
1773232002000,64.1095983333333,-21.84165,6.0,0.0,0.0,true,2223,0
1773232002000,64.1095983333333,-21.84165,0.0,0.0,0.0,true,2224,0
1773232002000,64.1095983333333,-21.84165,0.0,0.0,0.0,true,2225,0
1773232005000,64.1095983333333,-21.84165,3.0,0.0,0.0,true,2226,0
1773232005000,64.1095983333333,-21.84165,0.0,0.0,0.0,true,2227,0
1773232009000,64.1095983333333,-21.84165,4.0,0.0,0.0,true,2228,0
1773232011000,64.1095983333333,-21.84165,2.0,0.0,0.0,true,2229,0
1773232011000,64.1095983333333,-21.84165,0.0,0.0,0.0,true,2230,0
1773232016000,64.1095983333333,-21.84165,5.0,0.0,0.0,true,2231,0
1773232016000,64.1095983333333,-21.84165,0.0,0.0,0.0,true,2232,0
1773232020000,64.1095983333333,-21.84165,4.0,0.0,0.0,true,2233,0
1773232020000,64.1095983333333,-21.84165,0.0,0.0,0.0,true,2234,0
1773232022000,64.1095983333333,-21.84165,2.0,0.0,0.0,true,2235,0
1773232025000,64.1095983333333,-21.84165,3.0,0.0,0.0,true,2236,0
1773232027000,64.1095983333333,-21.84165,2.0,0.0,0.0,true,2237,0
1773232027000,64.1095983333333,-21.84165,0.0,0.0,0.0,true,2238,0
1773232030000,64.1095983333333,-21.84165,3.0,0.0,0.0,true,2239,0
1773232032000,64.1095983333333,-21.84165,2.0,0.0,0.0,true,2240,0
1773232035000,64.1095983333333,-21.84165,3.0,0.0,0.0,true,2241,0
1773232035000,64.1095983333333,-21.84165,0.0,0.0,0.0,true,2242,0
1773232039000,64.1095983333333,-21.84165,4.0,0.0,0.0,true,2243,0
1773232041000,64.1095983333333,-21.84165,2.0,0.0,0.0,true,2244,0
1773232044000,64.1095983333333,-21.84165,3.0,0.0,0.0,true,2245,0
1773232046000,64.1095983333333,-21.84165,2.0,0.0,0.0,true,2246,0
1773232046000,64.1095983333333,-21.84165,0.0,0.0,0.0,true,2247,0
1773232050000,64.1095983333333,-21.84165,4.0,0.0,0.0,true,2248,0
1773232052000,64.1095983333333,-21.84165,2.0,0.0,0.0,true,2249,0
1773232052000,64.1095983333333,-21.84165,0.0,0.0,0.0,true,2250,0
1773232055000,64.1095983333333,-21.84165,3.0,0.0,0.0,true,2251,0
1773232055000,64.1095983333333,-21.84165,0.0,0.0,0.0,true,2252,0
1773232061000,64.1095983333333,-21.84165,6.0,0.0,0.0,true,2253,0
1773232063000,64.1095983333333,-21.84165,2.0,0.0,0.0,true,2254,0
1773232066000,64.1095983333333,-21.84165,3.0,0.0,0.0,true,2255,0
1773232066000,64.1095983333333,-21.84165,0.0,0.0,0.0,true,2256,0
1773232068000,64.1095983333333,-21.84165,2.0,0.0,0.0,true,2257,0
1773232068000,64.1095983333333,-21.84165,0.0,0.0,0.0,true,2258,0
1773232074000,64.1095983333333,-21.84165,6.0,0.0,0.0,true,2259,0
1773232078000,64.1095983333333,-21.84165,4.0,0.0,0.0,true,2260,0
1773232078000,64.1095983333333,-21.84165,0.0,0.0,0.0,true,2261,0
1773232080000,64.1095983333333,-21.84165,2.0,0.0,0.0,true,2262,0
1773232080000,64.1095983333333,-21.84165,0.0,0.0,0.0,true,2263,0
1773232082000,64.1095983333333,-21.84165,2.0,0.0,0.0,true,2264,0
1773232085000,64.1095983333333,-21.84165,3.0,0.0,0.0,true,2265,0
1773232085000,64.1095983333333,-21.84165,0.0,0.0,0.0,true,2266,0
1773232089000,64.1095983333333,-21.84165,4.0,0.0,0.0,true,2267,0
1773232093000,64.1095983333333,-21.84165,4.0,0.0,0.0,true,2268,0
1773232093000,64.1095983333333,-21.84165,0.0,0.0,0.0,true,2269,0
1773232093000,64.1095983333333,-21.84165,0.0,0.0,0.0,true,2270,0
1773232099000,64.1095983333333,-21.84165,6.0,0.0,0.0,true,2271,0
1773232099000,64.1095983333333,-21.84165,0.0,0.0,0.0,true,2272,0
1773232104000,64.1095983333333,-21.84165,5.0,0.0,0.0,true,2273,0
1773232106000,64.1095983333333,-21.84165,2.0,0.0,0.0,true,2274,0
1773232106000,64.1095983333333,-21.84165,0.0,0.0,0.0,true,2275,0
1773232108000,64.1095983333333,-21.84165,2.0,0.0,0.0,true,2276,0
1773232113000,64.1095983333333,-21.84165,5.0,0.0,0.0,true,2277,0
1773232113000,64.1095983333333,-21.84165,0.0,0.0,0.0,true,2278,0
1773232119000,64.1095983333333,-21.84165,6.0,0.0,0.0,true,2279,0
1773232121000,64.1095983333333,-21.84165,2.0,0.0,0.0,true,2280,0
1773232121000,64.1095983333333,-21.84165,0.0,0.0,0.0,true,2281,0
1773232125000,64.1095983333333,-21.84165,4.0,0.0,0.0,true,2282,0
1773232125000,64.1095983333333,-21.84165,0.0,0.0,0.0,true,2283,0
1773232127000,64.1095983333333,-21.84165,2.0,0.0,0.0,true,2284,0
1773232129000,64.1095983333333,-21.84165,2.0,0.0,0.0,true,2285,0
1773232132000,64.1095983333333,-21.84165,3.0,0.0,0.0,true,2286,0
1773232132000,64.1095983333333,-21.84165,0.0,0.0,0.0,true,2287,0
1773232136000,64.1095983333333,-21.84165,4.0,0.0,0.0,true,2288,0
1773232136000,64.1095983333333,-21.84165,0.0,0.0,0.0,true,2289,0
1773232136000,64.1095983333333,-21.84165,0.0,0.0,0.0,true,2290,0
1773232142000,64.1095983333333,-21.84165,6.0,0.0,0.0,true,2291,0
1773232142000,64.1095983333333,-21.84165,0.0,0.0,0.0,true,2292,0
1773232145000,64.1095983333333,-21.84165,3.0,0.0,0.0,true,2293,0
1773232145000,64.1095983333333,-21.84165,0.0,0.0,0.0,true,2294,0
1773232149000,64.1095983333333,-21.84165,4.0,0.0,0.0,true,2295,0
1773232151000,64.1095983333333,-21.84165,2.0,0.0,0.0,true,2296,0
1773232151000,64.1095983333333,-21.84165,0.0,0.0,0.0,true,2297,0
1773232155000,64.1095983333333,-21.84165,4.0,0.0,0.0,true,2298,0
1773232157000,64.1095983333333,-21.84165,2.0,0.0,0.0,true,2299,0
1773232159000,64.1095983333333,-21.84165,2.0,0.0,0.0,true,2300,0
1773232159000,64.1095983333333,-21.84165,0.0,0.0,0.0,true,2301,0
1773232163000,64.1095983333333,-21.84165,4.0,0.0,0.0,true,2302,0
1773232163000,64.1095983333333,-21.84165,0.0,0.0,0.0,true,2303,0
1773232168000,64.1095983333333,-21.84165,5.0,0.0,0.0,true,2304,0
1773232170000,64.1095983333333,-21.84165,2.0,0.0,0.0,true,2305,0
1773232170000,64.1095983333333,-21.84165,0.0,0.0,0.0,true,2306,0
1773232174000,64.1095983333333,-21.84165,4.0,0.0,0.0,true,2307,0
1773232174000,64.1095983333333,-21.84165,0.0,0.0,0.0,true,2308,0
1773232174000,64.1095983333333,-21.84165,0.0,0.0,0.0,true,2309,0
1773232179000,64.1095983333333,-21.84165,5.0,0.0,0.0,true,2310,0
1773232179000,64.1095983333333,-21.84165,0.0,0.0,0.0,true,2311,0
1773232183000,64.1095983333333,-21.84165,4.0,0.0,0.0,true,2312,0
1773232187000,64.1095983333333,-21.84165,4.0,0.0,0.0,true,2313,0
1773232187000,64.1095983333333,-21.84165,0.0,0.0,0.0,true,2314,0
1773232189000,64.1095983333333,-21.84165,2.0,0.0,0.0,true,2315,0
1773232191000,64.1095983333333,-21.84165,2.0,0.0,0.0,true,2316,0
1773232191000,64.1095983333333,-21.84165,0.0,0.0,0.0,true,2317,0
1773232193000,64.1095983333333,-21.84165,2.0,0.0,0.0,true,2318,0
1773232196000,64.1095983333333,-21.84165,3.0,0.0,0.0,true,2319,0
1773232199000,64.1095983333333,-21.84165,3.0,0.0,0.0,true,2320,0
1773232199000,64.1095983333333,-21.84165,0.0,0.0,0.0,true,2321,0
1773232202000,64.1095983333333,-21.84165,3.0,0.0,0.0,true,2322,0
1773232204000,64.1095983333333,-21.84165,2.0,0.0,0.0,true,2323,0
1773232204000,64.1095983333333,-21.84165,0.0,0.0,0.0,true,2324,0
1773232208000,64.1095983333333,-21.84165,4.0,0.0,0.0,true,2325,0
1773232208000,64.1095983333333,-21.84165,0.0,0.0,0.0,true,2326,0
1773232214000,64.1095983333333,-21.84165,6.0,0.0,0.0,true,2327,0
1773232218000,64.1095983333333,-21.84165,4.0,0.0,0.0,true,2328,0
1773232218000,64.1095983333333,-21.84165,0.0,0.0,0.0,true,2329,0
1773232220000,64.1095983333333,-21.84165,2.0,0.0,0.0,true,2330,0
1773232220000,64.1095983333333,-21.84165,0.0,0.0,0.0,true,2331,0
1773232223000,64.1095983333333,-21.84165,3.0,0.0,0.0,true,2332,0
1773232227000,64.1095983333333,-21.84165,4.0,0.0,0.0,true,2333,0
1773232227000,64.1095983333333,-21.84165,0.0,0.0,0.0,true,2334,0
1773232229000,64.1095983333333,-21.84165,2.0,0.0,0.0,true,2335,0
1773232229000,64.1095983333333,-21.84165,0.0,0.0,0.0,true,2336,0
1773232231000,64.1095983333333,-21.84165,2.0,0.0,0.0,true,2337,0
1773232235000,64.1095983333333,-21.84165,4.0,0.0,0.0,true,2338,0
1773232237000,64.1095983333333,-21.84165,2.0,0.0,0.0,true,2339,0
1773232237000,64.1095983333333,-21.84165,0.0,0.0,0.0,true,2340,0
1773232243000,64.1095983333333,-21.84165,6.0,0.0,0.0,true,2341,0
1773232243000,64.1095983333333,-21.84165,0.0,0.0,0.0,true,2342,0
1773232245000,64.1095983333333,-21.84165,2.0,0.0,0.0,true,2343,0
1773232248000,64.1095983333333,-21.84165,3.0,0.0,0.0,true,2344,0
1773232248000,64.1095983333333,-21.84165,0.0,0.0,0.0,true,2345,0
1773232252000,64.1095983333333,-21.84165,4.0,0.0,0.0,true,2346,0
1773232255000,64.1095983333333,-21.84165,3.0,0.0,0.0,true,2347,0
1773232255000,64.1095983333333,-21.84165,0.0,0.0,0.0,true,2348,0
1773232257000,64.1095983333333,-21.84165,2.0,0.0,0.0,true,2349,0
1773232257000,64.1095983333333,-21.84165,0.0,0.0,0.0,true,2350,0
1773232259000,64.1095983333333,-21.84165,2.0,0.0,0.0,true,2351,0
1773232265000,64.1095983333333,-21.84165,6.0,0.0,0.0,true,2352,0
1773232265000,64.1095983333333,-21.84165,0.0,0.0,0.0,true,2353,0
1773232267000,64.1095983333333,-21.84165,2.0,0.0,0.0,true,2354,0
1773232270000,64.1095983333333,-21.84165,3.0,0.0,0.0,true,2355,0
1773232270000,64.1095983333333,-21.84165,0.0,0.0,0.0,true,2356,0
1773232273000,64.1095983333333,-21.84165,3.0,0.0,0.0,true,2357,0
1773232275000,64.1095983333333,-21.84165,2.0,0.0,0.0,true,2358,0
1773232275000,64.1095983333333,-21.84165,0.0,0.0,0.0,true,2359,0
1773232279000,64.1095983333333,-21.84165,4.0,0.0,0.0,true,2360,0
1773232281000,64.1095983333333,-21.84165,2.0,0.0,0.0,true,2361,0
1773232281000,64.1095983333333,-21.84165,0.0,0.0,0.0,true,2362,0
1773232285000,64.1095983333333,-21.84165,4.0,0.0,0.0,true,2363,0
1773232287000,64.1095983333333,-21.84165,2.0,0.0,0.0,true,2364,0
1773232287000,64.1095983333333,-21.84165,0.0,0.0,0.0,true,2365,0
1773232291000,64.1095983333333,-21.84165,4.0,0.0,0.0,true,2366,0
1773232291000,64.1095983333333,-21.84165,0.0,0.0,0.0,true,2367,0
1773232296000,64.1095983333333,-21.84165,5.0,0.0,0.0,true,2368,0
1773232298000,64.1095983333333,-21.84165,2.0,0.0,0.0,true,2369,0
1773232298000,64.1095983333333,-21.84165,0.0,0.0,0.0,true,2370,0
1773232300000,64.1095983333333,-21.84165,2.0,0.0,0.0,true,2371,0
1773232304000,64.1095983333333,-21.84165,4.0,0.0,0.0,true,2372,0
1773232304000,64.1095983333333,-21.84165,0.0,0.0,0.0,true,2373,0
1773232310000,64.1095983333333,-21.84165,6.0,0.0,0.0,true,2374,0
1773232310000,64.1095983333333,-21.84165,0.0,0.0,0.0,true,2375,0
1773232312000,64.1095983333333,-21.84165,2.0,0.0,0.0,true,2376,0
1773232315000,64.1095983333333,-21.84165,3.0,0.0,0.0,true,2377,0
1773232315000,64.1095983333333,-21.84165,0.0,0.0,0.0,true,2378,0
1773232317000,64.1095983333333,-21.84165,2.0,0.0,0.0,true,2379,0
1773232319000,64.1095983333333,-21.84165,2.0,0.0,0.0,true,2380,0
1773232319000,64.1095983333333,-21.84165,0.0,0.0,0.0,true,2381,0
1773232321000,64.1095983333333,-21.84165,2.0,0.0,0.0,true,2382,0
1773232326000,64.1095983333333,-21.84165,5.0,0.0,0.0,true,2383,0
1773232326000,64.1095983333333,-21.84165,0.0,0.0,0.0,true,2384,0
1773232328000,64.1095983333333,-21.84165,2.0,0.0,0.0,true,2385,0
1773232332000,64.1095983333333,-21.84165,4.0,0.0,0.0,true,2386,0
1773232332000,64.1095983333333,-21.84165,0.0,0.0,0.0,true,2387,0
1773232334000,64.1095983333333,-21.84165,2.0,0.0,0.0,true,2388,0
1773232338000,64.1095983333333,-21.84165,4.0,0.0,0.0,true,2389,0
1773232338000,64.1095983333333,-21.84165,0.0,0.0,0.0,true,2390,0
1773232342000,64.1095983333333,-21.84165,4.0,0.0,0.0,true,2391,0
1773232342000,64.1095983333333,-21.84165,0.0,0.0,0.0,true,2392,0
1773232342000,64.1095983333333,-21.84165,0.0,0.0,0.0,true,2393,0
1773232348000,64.1095983333333,-21.84165,6.0,0.0,0.0,true,2394,0
1773232350000,64.1095983333333,-21.84165,2.0,0.0,0.0,true,2395,0
1773232350000,64.1095983333333,-21.84165,0.0,0.0,0.0,true,2396,0
1773232354000,64.1095983333333,-21.84165,4.0,0.0,0.0,true,2397,0
1773232356000,64.1095983333333,-21.84165,2.0,0.0,0.0,true,2398,0
1773232358000,64.1095983333333,-21.84165,2.0,0.0,0.0,true,2399,0
1773232360000,64.1095983333333,-21.84165,2.0,0.0,0.0,true,2400,0
1773232360000,64.1095983333333,-21.84165,0.0,0.0,0.0,true,2401,0
1773232362000,64.1095983333333,-21.84165,2.0,0.0,0.0,true,2402,0
1773232367000,64.1095983333333,-21.84165,5.0,0.0,0.0,true,2403,0
1773232367000,64.1095983333333,-21.84165,0.0,0.0,0.0,true,2404,0
1773232369000,64.1095983333333,-21.84165,2.0,0.0,0.0,true,2405,0
1773232369000,64.1095983333333,-21.84165,0.0,0.0,0.0,true,2406,0
1773232373000,64.1095983333333,-21.84165,4.0,0.0,0.0,true,2407,0
1773232375000,64.1095983333333,-21.84165,2.0,0.0,0.0,true,2408,0
1773232375000,64.1095983333333,-21.84165,0.0,0.0,0.0,true,2409,0
1773232379000,64.1095983333333,-21.84165,4.0,0.0,0.0,true,2410,0
1773232383000,64.1095983333333,-21.84165,4.0,0.0,0.0,true,2411,0
1773232383000,64.1095983333333,-21.84165,0.0,0.0,0.0,true,2412,0
1773232383000,64.1095983333333,-21.84165,0.0,0.0,0.0,true,2413,0
1773232389000,64.1095983333333,-21.84165,6.0,0.0,0.0,true,2414,0
1773232389000,64.1095983333333,-21.84165,0.0,0.0,0.0,true,2415,0
1773232391000,64.1095983333333,-21.84165,2.0,0.0,0.0,true,2416,0
1773232395000,64.1095983333333,-21.84165,4.0,0.0,0.0,true,2417,0
1773232398000,64.1095983333333,-21.84165,3.0,0.0,0.0,true,2418,0
1773232398000,64.1095983333333,-21.84165,0.0,0.0,0.0,true,2419,0
1773232400000,64.1095983333333,-21.84165,2.0,0.0,0.0,true,2420,0
1773232402000,64.1095983333333,-21.84165,2.0,0.0,0.0,true,2421,0
1773232402000,64.1095983333333,-21.84165,0.0,0.0,0.0,true,2422,0
1773232406000,64.1095983333333,-21.84165,4.0,0.0,0.0,true,2423,0
1773232408000,64.1095983333333,-21.84165,2.0,0.0,0.0,true,2424,0
1773232410000,64.1095983333333,-21.84165,2.0,0.0,0.0,true,2425,0
1773232410000,64.1095983333333,-21.84165,0.0,0.0,0.0,true,2426,0
1773232413000,64.1095983333333,-21.84165,3.0,0.0,0.0,true,2427,0
1773232413000,64.1095983333333,-21.84165,0.0,0.0,0.0,true,2428,0
1773232417000,64.1095983333333,-21.84165,4.0,0.0,0.0,true,2429,0
1773232419000,64.1095983333333,-21.84165,2.0,0.0,0.0,true,2430,0
1773232423000,64.1095983333333,-21.84165,4.0,0.0,0.0,true,2431,0
1773232423000,64.1095983333333,-21.84165,0.0,0.0,0.0,true,2432,0
1773232425000,64.1095983333333,-21.84165,2.0,0.0,0.0,true,2433,0
1773232427000,64.1095983333333,-21.84165,2.0,0.0,0.0,true,2434,0
1773232431000,64.1095983333333,-21.84165,4.0,0.0,0.0,true,2435,0
1773232431000,64.1095983333333,-21.84165,0.0,0.0,0.0,true,2436,0
1773232433000,64.1095983333333,-21.84165,2.0,0.0,0.0,true,2437,0
1773232433000,64.1095983333333,-21.84165,0.0,0.0,0.0,true,2438,0
1773232435000,64.1095983333333,-21.84165,2.0,0.0,0.0,true,2439,0
1773232440000,64.1095983333333,-21.84165,5.0,0.0,0.0,true,2440,0
1773232442000,64.1095983333333,-21.84165,2.0,0.0,0.0,true,2441,0
1773232446000,64.1095983333333,-21.84165,4.0,0.0,0.0,true,2442,0
1773232446000,64.1095983333333,-21.84165,0.0,0.0,0.0,true,2443,0
1773232446000,64.1095983333333,-21.84165,0.0,0.0,0.0,true,2444,0
1773232450000,64.1095983333333,-21.84165,4.0,0.0,0.0,true,2445,0
1773232452000,64.1095983333333,-21.84165,2.0,0.0,0.0,true,2446,0
1773232452000,64.1095983333333,-21.84165,0.0,0.0,0.0,true,2447,0
1773232454000,64.1095983333333,-21.84165,2.0,0.0,0.0,true,2448,0
1773232459000,64.1095983333333,-21.84165,5.0,0.0,0.0,true,2449,0
1773232459000,64.1095983333333,-21.84165,0.0,0.0,0.0,true,2450,0
1773232461000,64.1095983333333,-21.84165,2.0,0.0,0.0,true,2451,0
1773232465000,64.1095983333333,-21.84165,4.0,0.0,0.0,true,2452,0
1773232465000,64.1095983333333,-21.84165,0.0,0.0,0.0,true,2453,0
1773232467000,64.1095983333333,-21.84165,2.0,0.0,0.0,true,2454,0
1773232471000,64.1095983333333,-21.84165,4.0,0.0,0.0,true,2455,0
1773232471000,64.1095983333333,-21.84165,0.0,0.0,0.0,true,2456,0
1773232473000,64.1095983333333,-21.84165,2.0,0.0,0.0,true,2457,0
1773232473000,64.1095983333333,-21.84165,0.0,0.0,0.0,true,2458,0
1773232478000,64.1095983333333,-21.84165,5.0,0.0,0.0,true,2459,0
1773232478000,64.1095983333333,-21.84165,0.0,0.0,0.0,true,2460,0
1773232480000,64.1095983333333,-21.84165,2.0,0.0,0.0,true,2461,0
1773232484000,64.1095983333333,-21.84165,4.0,0.0,0.0,true,2462,0
1773232486000,64.1095983333333,-21.84165,2.0,0.0,0.0,true,2463,0
1773232486000,64.1095983333333,-21.84165,0.0,0.0,0.0,true,2464,0
1773232492000,64.1095983333333,-21.84165,6.0,0.0,0.0,true,2465,0
1773232492000,64.1095983333333,-21.84165,0.0,0.0,0.0,true,2466,0
1773232494000,64.1095983333333,-21.84165,2.0,0.0,0.0,true,2467,0
1773232494000,64.1095983333333,-21.84165,0.0,0.0,0.0,true,2468,0
1773232497000,64.1095983333333,-21.84165,3.0,0.0,0.0,true,2469,0
1773232501000,64.1095983333333,-21.84165,4.0,0.0,0.0,true,2470,0
1773232503000,64.1095983333333,-21.84165,2.0,0.0,0.0,true,2471,0
1773232503000,64.1095983333333,-21.84165,0.0,0.0,0.0,true,2472,0
1773232505000,64.1095983333333,-21.84165,2.0,0.0,0.0,true,2473,0
1773232509000,64.1095983333333,-21.84165,4.0,0.0,0.0,true,2474,0
1773232509000,64.1095983333333,-21.84165,0.0,0.0,0.0,true,2475,0
1773232511000,64.1095983333333,-21.84165,2.0,0.0,0.0,true,2476,0
1773232511000,64.1095983333333,-21.84165,0.0,0.0,0.0,true,2477,0
1773232515000,64.1095983333333,-21.84165,4.0,0.0,0.0,true,2478,0
1773232517000,64.1095983333333,-21.84165,2.0,0.0,0.0,true,2479,0
1773232519000,64.1095983333333,-21.84165,2.0,0.0,0.0,true,2480,0
1773232524000,64.1095983333333,-21.84165,5.0,0.0,0.0,true,2481,0
1773232524000,64.1095983333333,-21.84165,0.0,0.0,0.0,true,2482,0
1773232526000,64.1095983333333,-21.84165,2.0,0.0,0.0,true,2483,0
1773232529000,64.1095983333333,-21.84165,3.0,0.0,0.0,true,2484,0
1773232529000,64.1095983333333,-21.84165,0.0,0.0,0.0,true,2485,0
1773232531000,64.1095983333333,-21.84165,2.0,0.0,0.0,true,2486,0
1773232533000,64.1095983333333,-21.84165,2.0,0.0,0.0,true,2487,0
1773232533000,64.1095983333333,-21.84165,0.0,0.0,0.0,true,2488,0
1773232537000,64.1095983333333,-21.84165,4.0,0.0,0.0,true,2489,0
1773232539000,64.1095983333333,-21.84165,2.0,0.0,0.0,true,2490,0
1773232543000,64.1095983333333,-21.84165,4.0,0.0,0.0,true,2491,0
1773232543000,64.1095983333333,-21.84165,0.0,0.0,0.0,true,2492,0
1773232545000,64.1095983333333,-21.84165,2.0,0.0,0.0,true,2493,0
1773232545000,64.1095983333333,-21.84165,0.0,0.0,0.0,true,2494,0
1773232550000,64.1095983333333,-21.84165,5.0,0.0,0.0,true,2495,0
1773232554000,64.1095983333333,-21.84165,4.0,0.0,0.0,true,2496,0
1773232554000,64.1095983333333,-21.84165,0.0,0.0,0.0,true,2497,0
1773232556000,64.1095983333333,-21.84165,2.0,0.0,0.0,true,2498,0
1773232558000,64.1095983333333,-21.84165,2.0,0.0,0.0,true,2499,0
1773232558000,64.1095983333333,-21.84165,0.0,0.0,0.0,true,2500,0
1773232562000,64.1095983333333,-21.84165,4.0,0.0,0.0,true,2501,0
1773232562000,64.1095983333333,-21.84165,0.0,0.0,0.0,true,2502,0
1773232564000,64.1095983333333,-21.84165,2.0,0.0,0.0,true,2503,0
1773232568000,64.1095983333333,-21.84165,4.0,0.0,0.0,true,2504,0
1773232568000,64.1095983333333,-21.84165,0.0,0.0,0.0,true,2505,0
1773232573000,64.1095983333333,-21.84165,5.0,0.0,0.0,true,2506,0
1773232575000,64.1095983333333,-21.84165,2.0,0.0,0.0,true,2507,0
1773232575000,64.1095983333333,-21.84165,0.0,0.0,0.0,true,2508,0
1773232579000,64.1095983333333,-21.84165,4.0,0.0,0.0,true,2509,0
1773232581000,64.1095983333333,-21.84165,2.0,0.0,0.0,true,2510,0
1773232581000,64.1095983333333,-21.84165,0.0,0.0,0.0,true,2511,0
1773232583000,64.1095983333333,-21.84165,2.0,0.0,0.0,true,2512,0
1773232583000,64.1095983333333,-21.84165,0.0,0.0,0.0,true,2513,0
1773232587000,64.1095983333333,-21.84165,4.0,0.0,0.0,true,2514,0
1773232591000,64.1095983333333,-21.84165,4.0,0.0,0.0,true,2515,0
1773232591000,64.1095983333333,-21.84165,0.0,0.0,0.0,true,2516,0
1773232595000,64.1095983333333,-21.84165,4.0,0.0,0.0,true,2517,0
1773232595000,64.1095983333333,-21.84165,0.0,0.0,0.0,true,2518,0
1773232598000,64.1095983333333,-21.84165,3.0,0.0,0.0,true,2519,0
1773232600000,64.1095983333333,-21.84165,2.0,0.0,0.0,true,2520,0
1773232602000,64.1095983333333,-21.84165,2.0,0.0,0.0,true,2521,0
1773232602000,64.1095983333333,-21.84165,0.0,0.0,0.0,true,2522,0
1773232606000,64.1095983333333,-21.84165,4.0,0.0,0.0,true,2523,0
1773232608000,64.1095983333333,-21.84165,2.0,0.0,0.0,true,2524,0
1773232608000,64.1095983333333,-21.84165,0.0,0.0,0.0,true,2525,0
1773232615000,64.1095983333333,-21.84165,7.0,0.0,0.0,true,2526,0
1773232615000,64.1095983333333,-21.84165,0.0,0.0,0.0,true,2527,0
1773232615000,64.1095983333333,-21.84165,0.0,0.0,0.0,true,2528,0
1773232617000,64.1095983333333,-21.84165,2.0,0.0,0.0,true,2529,0
1773232621000,64.1095983333333,-21.84165,4.0,0.0,0.0,true,2530,0
1773232621000,64.1095983333333,-21.84165,0.0,0.0,0.0,true,2531,0
1773232621000,64.1095983333333,-21.84165,0.0,0.0,0.0,true,2532,0
1773232625000,64.1095983333333,-21.84165,4.0,0.0,0.0,true,2533,0
1773232627000,64.1095983333333,-21.84165,2.0,0.0,0.0,true,2534,0
1773232631000,64.1095983333333,-21.84165,4.0,0.0,0.0,true,2535,0
1773232633000,64.1095983333333,-21.84165,2.0,0.0,0.0,true,2536,0
1773232633000,64.1095983333333,-21.84165,0.0,0.0,0.0,true,2537,0
1773232635000,64.1095983333333,-21.84165,2.0,0.0,0.0,true,2538,0
1773232635000,64.1095983333333,-21.84165,0.0,0.0,0.0,true,2539,0
1773232640000,64.1095983333333,-21.84165,5.0,0.0,0.0,true,2540,0
1773232642000,64.1095983333333,-21.84165,2.0,0.0,0.0,true,2541,0
1773232642000,64.1095983333333,-21.84165,0.0,0.0,0.0,true,2542,0
1773232646000,64.1095983333333,-21.84165,4.0,0.0,0.0,true,2543,0
1773232650000,64.1095983333333,-21.84165,4.0,0.0,0.0,true,2544,0
1773232650000,64.1095983333333,-21.84165,0.0,0.0,0.0,true,2545,0
1773232650000,64.1095983333333,-21.84165,0.0,0.0,0.0,true,2546,0
1773232655000,64.1095983333333,-21.84165,5.0,0.0,0.0,true,2547,0
1773232655000,64.1095983333333,-21.84165,0.0,0.0,0.0,true,2548,0
1773232657000,64.1095983333333,-21.84165,2.0,0.0,0.0,true,2549,0
1773232657000,64.1095983333333,-21.84165,0.0,0.0,0.0,true,2550,0
1773232661000,64.1095983333333,-21.84165,4.0,0.0,0.0,true,2551,0
1773232667000,64.1095983333333,-21.84165,6.0,0.0,0.0,true,2552,0
1773232667000,64.1095983333333,-21.84165,0.0,0.0,0.0,true,2553,0
1773232669000,64.1095983333333,-21.84165,2.0,0.0,0.0,true,2554,0
1773232669000,64.1095983333333,-21.84165,0.0,0.0,0.0,true,2555,0
1773232674000,64.1095983333333,-21.84165,5.0,0.0,0.0,true,2556,0
1773232674000,64.1095983333333,-21.84165,0.0,0.0,0.0,true,2557,0
1773232676000,64.1095983333333,-21.84165,2.0,0.0,0.0,true,2558,0
1773232676000,64.1095983333333,-21.84165,0.0,0.0,0.0,true,2559,0
1773232680000,64.1095983333333,-21.84165,4.0,0.0,0.0,true,2560,0
1773232680000,64.1095983333333,-21.84165,0.0,0.0,0.0,true,2561,0
1773232682000,64.1095983333333,-21.84165,2.0,0.0,0.0,true,2562,0
1773232685000,64.1095983333333,-21.84165,3.0,0.0,0.0,true,2563,0
1773232685000,64.1095983333333,-21.84165,0.0,0.0,0.0,true,2564,0
1773232691000,64.1095983333333,-21.84165,6.0,0.0,0.0,true,2565,0
1773232694000,64.1095983333333,-21.84165,3.0,0.0,0.0,true,2566,0
1773232694000,64.1095983333333,-21.84165,0.0,0.0,0.0,true,2567,0
1773232694000,64.1095983333333,-21.84165,0.0,0.0,0.0,true,2568,0
1773232700000,64.1095983333333,-21.84165,6.0,0.0,0.0,true,2569,0
1773232702000,64.1095983333333,-21.84165,2.0,0.0,0.0,true,2570,0
1773232702000,64.1095983333333,-21.84165,0.0,0.0,0.0,true,2571,0
1773232704000,64.1095983333333,-21.84165,2.0,0.0,0.0,true,2572,0
1773232704000,64.1095983333333,-21.84165,0.0,0.0,0.0,true,2573,0
1773232708000,64.1095983333333,-21.84165,4.0,0.0,0.0,true,2574,0
1773232710000,64.1095983333333,-21.84165,2.0,0.0,0.0,true,2575,0
1773232710000,64.1095983333333,-21.84165,0.0,0.0,0.0,true,2576,0
1773232712000,64.1095983333333,-21.84165,2.0,0.0,0.0,true,2577,0
1773232715000,64.1095983333333,-21.84165,3.0,0.0,0.0,true,2578,0
1773232717000,64.1095983333333,-21.84165,2.0,0.0,0.0,true,2579,0
1773232722000,64.1095983333333,-21.84165,5.0,0.0,0.0,true,2580,0
1773232722000,64.1095983333333,-21.84165,0.0,0.0,0.0,true,2581,0
1773232724000,64.1095983333333,-21.84165,2.0,0.0,0.0,true,2582,0
1773232728000,64.1095983333333,-21.84165,4.0,0.0,0.0,true,2583,0
1773232730000,64.1095983333333,-21.84165,2.0,0.0,0.0,true,2584,0
1773232730000,64.1095983333333,-21.84165,0.0,0.0,0.0,true,2585,0
1773232730000,64.1095983333333,-21.84165,0.0,0.0,0.0,true,2586,0
1773232735000,64.1095983333333,-21.84165,5.0,0.0,0.0,true,2587,0
1773232735000,64.1095983333333,-21.84165,0.0,0.0,0.0,true,2588,0
1773232739000,64.1095983333333,-21.84165,4.0,0.0,0.0,true,2589,0
1773232739000,64.1095983333333,-21.84165,0.0,0.0,0.0,true,2590,0
1773232743000,64.1095983333333,-21.84165,4.0,0.0,0.0,true,2591,0
1773232743000,64.1095983333333,-21.84165,0.0,0.0,0.0,true,2592,0
1773232745000,64.1095983333333,-21.84165,2.0,0.0,0.0,true,2593,0
1773232749000,64.1095983333333,-21.84165,4.0,0.0,0.0,true,2594,0
1773232749000,64.1095983333333,-21.84165,0.0,0.0,0.0,true,2595,0
1773232751000,64.1095983333333,-21.84165,2.0,0.0,0.0,true,2596,0
1773232753000,64.1095983333333,-21.84165,2.0,0.0,0.0,true,2597,0
1773232760000,64.1095983333333,-21.84165,7.0,0.0,0.0,true,2598,0
1773232760000,64.1095983333333,-21.84165,0.0,0.0,0.0,true,2599,0
1773232766000,64.1095983333333,-21.84165,6.0,0.0,0.0,true,2600,0
1773232766000,64.1095983333333,-21.84165,0.0,0.0,0.0,true,2601,0
1773232768000,64.1095983333333,-21.84165,2.0,0.0,0.0,true,2602,0
1773232770000,64.1095983333333,-21.84165,2.0,0.0,0.0,true,2603,0
1773232770000,64.1095983333333,-21.84165,0.0,0.0,0.0,true,2604,0
1773232772000,64.1095983333333,-21.84165,2.0,0.0,0.0,true,2605,0
1773232777000,64.1095983333333,-21.84165,5.0,0.0,0.0,true,2606,0
1773232777000,64.1095983333333,-21.84165,0.0,0.0,0.0,true,2607,0
1773232779000,64.1095983333333,-21.84165,2.0,0.0,0.0,true,2608,0
1773232781000,64.1095983333333,-21.84165,2.0,0.0,0.0,true,2609,0
1773232781000,64.1095983333333,-21.84165,0.0,0.0,0.0,true,2610,0
1773232785000,64.1095983333333,-21.84165,4.0,0.0,0.0,true,2611,0
1773232787000,64.1095983333333,-21.84165,2.0,0.0,0.0,true,2612,0
1773232791000,64.1095983333333,-21.84165,4.0,0.0,0.0,true,2613,0
1773232793000,64.1095983333333,-21.84165,2.0,0.0,0.0,true,2614,0
1773232793000,64.1095983333333,-21.84165,0.0,0.0,0.0,true,2615,0
1773232796000,64.1095983333333,-21.84165,3.0,0.0,0.0,true,2616,0
1773232798000,64.1095983333333,-21.84165,2.0,0.0,0.0,true,2617,0
1773232798000,64.1095983333333,-21.84165,0.0,0.0,0.0,true,2618,0
1773232802000,64.1095983333333,-21.84165,4.0,0.0,0.0,true,2619,0
1773232804000,64.1095983333333,-21.84165,2.0,0.0,0.0,true,2620,0
1773232804000,64.1095983333333,-21.84165,0.0,0.0,0.0,true,2621,0
1773232808000,64.1095983333333,-21.84165,4.0,0.0,0.0,true,2622,0
1773232810000,64.1095983333333,-21.84165,2.0,0.0,0.0,true,2623,0
1773232810000,64.1095983333333,-21.84165,0.0,0.0,0.0,true,2624,0
1773232814000,64.1095983333333,-21.84165,4.0,0.0,0.0,true,2625,0
1773232816000,64.1095983333333,-21.84165,2.0,0.0,0.0,true,2626,0
1773232816000,64.1095983333333,-21.84165,0.0,0.0,0.0,true,2627,0
1773232818000,64.1095983333333,-21.84165,2.0,0.0,0.0,true,2628,0
1773232822000,64.1095983333333,-21.84165,4.0,0.0,0.0,true,2629,0
1773232822000,64.1095983333333,-21.84165,0.0,0.0,0.0,true,2630,0
1773232827000,64.1095983333333,-21.84165,5.0,0.0,0.0,true,2631,0
1773232827000,64.1095983333333,-21.84165,0.0,0.0,0.0,true,2632,0
1773232827000,64.1095983333333,-21.84165,0.0,0.0,0.0,true,2633,0
1773232833000,64.1095983333333,-21.84165,6.0,0.0,0.0,true,2634,0
1773232833000,64.1095983333333,-21.84165,0.0,0.0,0.0,true,2635,0
1773232835000,64.1095983333333,-21.84165,2.0,0.0,0.0,true,2636,0
1773232837000,64.1095983333333,-21.84165,2.0,0.0,0.0,true,2637,0
1773232837000,64.1095983333333,-21.84165,0.0,0.0,0.0,true,2638,0
1773232840000,64.1095983333333,-21.84165,3.0,0.0,0.0,true,2639,0
1773232846000,64.1095983333333,-21.84165,6.0,0.0,0.0,true,2640,0
1773232846000,64.1095983333333,-21.84165,0.0,0.0,0.0,true,2641,0
1773232848000,64.1095983333333,-21.84165,2.0,0.0,0.0,true,2642,0
1773232848000,64.1095983333333,-21.84165,0.0,0.0,0.0,true,2643,0
1773232852000,64.1095983333333,-21.84165,4.0,0.0,0.0,true,2644,0
1773232852000,64.1095983333333,-21.84165,0.0,0.0,0.0,true,2645,0
1773232852000,64.1095983333333,-21.84165,0.0,0.0,0.0,true,2646,0
1773232857000,64.1095983333333,-21.84165,5.0,0.0,0.0,true,2647,0
1773232862000,64.1095983333333,-21.84165,5.0,0.0,0.0,true,2648,0
1773232862000,64.1095983333333,-21.84165,0.0,0.0,0.0,true,2649,0
1773232864000,64.1095983333333,-21.84165,2.0,0.0,0.0,true,2650,0
1773232868000,64.1095983333333,-21.84165,4.0,0.0,0.0,true,2651,0
1773232868000,64.1095983333333,-21.84165,0.0,0.0,0.0,true,2652,0
1773232870000,64.1095983333333,-21.84165,2.0,0.0,0.0,true,2653,0
1773232874000,64.1095983333333,-21.84165,4.0,0.0,0.0,true,2654,0
1773232874000,64.1095983333333,-21.84165,0.0,0.0,0.0,true,2655,0
1773232876000,64.1095983333333,-21.84165,2.0,0.0,0.0,true,2656,0
1773232878000,64.1095983333333,-21.84165,2.0,0.0,0.0,true,2657,0
1773232878000,64.1095983333333,-21.84165,0.0,0.0,0.0,true,2658,0
1773232881000,64.1095983333333,-21.84165,3.0,0.0,0.0,true,2659,0
1773232885000,64.1095983333333,-21.84165,4.0,0.0,0.0,true,2660,0
1773232887000,64.1095983333333,-21.84165,2.0,0.0,0.0,true,2661,0
1773232889000,64.1095983333333,-21.84165,2.0,0.0,0.0,true,2662,0
1773232889000,64.1095983333333,-21.84165,0.0,0.0,0.0,true,2663,0
1773232891000,64.1095983333333,-21.84165,2.0,0.0,0.0,true,2664,0
1773232893000,64.1095983333333,-21.84165,2.0,0.0,0.0,true,2665,0
1773232893000,64.1095983333333,-21.84165,0.0,0.0,0.0,true,2666,0
1773232898000,64.1095983333333,-21.84165,5.0,0.0,0.0,true,2667,0
1773232898000,64.1095983333333,-21.84165,0.0,0.0,0.0,true,2668,0
1773232900000,64.1095983333333,-21.84165,2.0,0.0,0.0,true,2669,0
1773232902000,64.1095983333333,-21.84165,2.0,0.0,0.0,true,2670,0
1773232906000,64.1095983333333,-21.84165,4.0,0.0,0.0,true,2671,0
1773232910000,64.1095983333333,-21.84165,4.0,0.0,0.0,true,2672,0
1773232912000,64.1095983333333,-21.84165,2.0,0.0,0.0,true,2673,0
1773232912000,64.1095983333333,-21.84165,0.0,0.0,0.0,true,2674,0
1773232914000,64.1095983333333,-21.84165,2.0,0.0,0.0,true,2675,0
1773232917000,64.1095983333333,-21.84165,3.0,0.0,0.0,true,2676,0
1773232917000,64.1095983333333,-21.84165,0.0,0.0,0.0,true,2677,0
1773232919000,64.1095983333333,-21.84165,2.0,0.0,0.0,true,2678,0
1773232921000,64.1095983333333,-21.84165,2.0,0.0,0.0,true,2679,0
1773232921000,64.1095983333333,-21.84165,0.0,0.0,0.0,true,2680,0
1773232925000,64.1095983333333,-21.84165,4.0,0.0,0.0,true,2681,0
1773232927000,64.1095983333333,-21.84165,2.0,0.0,0.0,true,2682,0
1773232927000,64.1095983333333,-21.84165,0.0,0.0,0.0,true,2683,0
1773232931000,64.1095983333333,-21.84165,4.0,0.0,0.0,true,2684,0
1773232936000,64.1095983333333,-21.84165,5.0,0.0,0.0,true,2685,0
1773232936000,64.1095983333333,-21.84165,0.0,0.0,0.0,true,2686,0
1773232940000,64.1095983333333,-21.84165,4.0,0.0,0.0,true,2687,0
1773232942000,64.1095983333333,-21.84165,2.0,0.0,0.0,true,2688,0
1773232942000,64.1095983333333,-21.84165,0.0,0.0,0.0,true,2689,0
1773232944000,64.1095983333333,-21.84165,2.0,0.0,0.0,true,2690,0
1773232944000,64.1095983333333,-21.84165,0.0,0.0,0.0,true,2691,0
1773232946000,64.1095983333333,-21.84165,2.0,0.0,0.0,true,2692,0
1773232949000,64.1095983333333,-21.84165,3.0,0.0,0.0,true,2693,0
1773232949000,64.1095983333333,-21.84165,0.0,0.0,0.0,true,2694,0
1773232955000,64.1095983333333,-21.84165,6.0,0.0,0.0,true,2695,0
1773232957000,64.1095983333333,-21.84165,2.0,0.0,0.0,true,2696,0
1773232957000,64.1095983333333,-21.84165,0.0,0.0,0.0,true,2697,0
1773232961000,64.1095983333333,-21.84165,4.0,0.0,0.0,true,2698,0
1773232963000,64.1095983333333,-21.84165,2.0,0.0,0.0,true,2699,0
1773232963000,64.1095983333333,-21.84165,0.0,0.0,0.0,true,2700,0
1773232967000,64.1095983333333,-21.84165,4.0,0.0,0.0,true,2701,0
1773232967000,64.1095983333333,-21.84165,0.0,0.0,0.0,true,2702,0
1773232969000,64.1095983333333,-21.84165,2.0,0.0,0.0,true,2703,0
1773232972000,64.1095983333333,-21.84165,3.0,0.0,0.0,true,2704,0
1773232972000,64.1095983333333,-21.84165,0.0,0.0,0.0,true,2705,0
1773232974000,64.1095983333333,-21.84165,2.0,0.0,0.0,true,2706,0
1773232980000,64.1095983333333,-21.84165,6.0,0.0,0.0,true,2707,0
1773232980000,64.1095983333333,-21.84165,0.0,0.0,0.0,true,2708,0
1773232982000,64.1095983333333,-21.84165,2.0,0.0,0.0,true,2709,0
1773232986000,64.1095983333333,-21.84165,4.0,0.0,0.0,true,2710,0
1773232986000,64.1095983333333,-21.84165,0.0,0.0,0.0,true,2711,0
1773232988000,64.1095983333333,-21.84165,2.0,0.0,0.0,true,2712,0
1773232991000,64.1095983333333,-21.84165,3.0,0.0,0.0,true,2713,0
1773232991000,64.1095983333333,-21.84165,0.0,0.0,0.0,true,2714,0
1773232995000,64.1095983333333,-21.84165,4.0,0.0,0.0,true,2715,0
1773232997000,64.1095983333333,-21.84165,2.0,0.0,0.0,true,2716,0
1773232997000,64.1095983333333,-21.84165,0.0,0.0,0.0,true,2717,0
1773232999000,64.1095983333333,-21.84165,2.0,0.0,0.0,true,2718,0
1773233001000,64.1095983333333,-21.84165,2.0,0.0,0.0,true,2719,0
1773233003000,64.1095983333333,-21.84165,2.0,0.0,0.0,true,2720,0
1773233003000,64.1095983333333,-21.84165,0.0,0.0,0.0,true,2721,0
1773233008000,64.1095983333333,-21.84165,5.0,0.0,0.0,true,2722,0
1773233010000,64.1095983333333,-21.84165,2.0,0.0,0.0,true,2723,0
1773233012000,64.1095983333333,-21.84165,2.0,0.0,0.0,true,2724,0
1773233012000,64.1095983333333,-21.84165,0.0,0.0,0.0,true,2725,0
1773233016000,64.1095983333333,-21.84165,4.0,0.0,0.0,true,2726,0
1773233016000,64.1095983333333,-21.84165,0.0,0.0,0.0,true,2727,0
1773233020000,64.1095983333333,-21.84165,4.0,0.0,0.0,true,2728,0
1773233022000,64.1095983333333,-21.84165,2.0,0.0,0.0,true,2729,0
1773233022000,64.1095983333333,-21.84165,0.0,0.0,0.0,true,2730,0
1773233027000,64.1095983333333,-21.84165,5.0,0.0,0.0,true,2731,0
1773233029000,64.1095983333333,-21.84165,2.0,0.0,0.0,true,2732,0
1773233029000,64.1095983333333,-21.84165,0.0,0.0,0.0,true,2733,0
1773233031000,64.1095983333333,-21.84165,2.0,0.0,0.0,true,2734,0
1773233035000,64.1095983333333,-21.84165,4.0,0.0,0.0,true,2735,0
1773233037000,64.1095983333333,-21.84165,2.0,0.0,0.0,true,2736,0
1773233037000,64.1095983333333,-21.84165,0.0,0.0,0.0,true,2737,0
1773233037000,64.1095983333333,-21.84165,0.0,0.0,0.0,true,2738,0
1773233041000,64.1095983333333,-21.84165,4.0,0.0,0.0,true,2739,0
1773233043000,64.1095983333333,-21.84165,2.0,0.0,0.0,true,2740,0
1773233043000,64.1095983333333,-21.84165,0.0,0.0,0.0,true,2741,0
1773233046000,64.1095983333333,-21.84165,3.0,0.0,0.0,true,2742,0
1773233052000,64.1095983333333,-21.84165,6.0,0.0,0.0,true,2743,0
1773233052000,64.1095983333333,-21.84165,0.0,0.0,0.0,true,2744,0
1773233054000,64.1095983333333,-21.84165,2.0,0.0,0.0,true,2745,0
1773233056000,64.1095983333333,-21.84165,2.0,0.0,0.0,true,2746,0
1773233056000,64.1095983333333,-21.84165,0.0,0.0,0.0,true,2747,0
1773233060000,64.1095983333333,-21.84165,4.0,0.0,0.0,true,2748,0
1773233062000,64.1095983333333,-21.84165,2.0,0.0,0.0,true,2749,0
1773233064000,64.1095983333333,-21.84165,2.0,0.0,0.0,true,2750,0
1773233064000,64.1095983333333,-21.84165,0.0,0.0,0.0,true,2751,0
1773233064000,64.1095983333333,-21.84165,0.0,0.0,0.0,true,2752,0
1773233067000,64.1095983333333,-21.84165,3.0,0.0,0.0,true,2753,0
1773233071000,64.1095983333333,-21.84165,4.0,0.0,0.0,true,2754,0
1773233074000,64.1095983333333,-21.84165,3.0,0.0,0.0,true,2755,0
1773233077000,64.1095983333333,-21.84165,3.0,0.0,0.0,true,2756,0
1773233077000,64.1095983333333,-21.84165,0.0,0.0,0.0,true,2757,0
1773233079000,64.1095983333333,-21.84165,2.0,0.0,0.0,true,2758,0
1773233079000,64.1095983333333,-21.84165,0.0,0.0,0.0,true,2759,0
1773233084000,64.1095983333333,-21.84165,5.0,0.0,0.0,true,2760,0
1773233084000,64.1095983333333,-21.84165,0.0,0.0,0.0,true,2761,0
1773233086000,64.1095983333333,-21.84165,2.0,0.0,0.0,true,2762,0
1773233090000,64.1095983333333,-21.84165,4.0,0.0,0.0,true,2763,0
1773233090000,64.1095983333333,-21.84165,0.0,0.0,0.0,true,2764,0
1773233094000,64.1095983333333,-21.84165,4.0,0.0,0.0,true,2765,0
1773233094000,64.1095983333333,-21.84165,0.0,0.0,0.0,true,2766,0
1773233097000,64.1095983333333,-21.84165,3.0,0.0,0.0,true,2767,0
1773233097000,64.1095983333333,-21.84165,0.0,0.0,0.0,true,2768,0
1773233099000,64.1095983333333,-21.84165,2.0,0.0,0.0,true,2769,0
1773233104000,64.1095983333333,-21.84165,5.0,0.0,0.0,true,2770,0
1773233106000,64.1095983333333,-21.84165,2.0,0.0,0.0,true,2771,0
1773233110000,64.1095983333333,-21.84165,4.0,0.0,0.0,true,2772,0
1773233112000,64.1095983333333,-21.84165,2.0,0.0,0.0,true,2773,0
1773233112000,64.1095983333333,-21.84165,0.0,0.0,0.0,true,2774,0
1773233116000,64.1095983333333,-21.84165,4.0,0.0,0.0,true,2775,0
1773233118000,64.1095983333333,-21.84165,2.0,0.0,0.0,true,2776,0
1773233118000,64.1095983333333,-21.84165,0.0,0.0,0.0,true,2777,0
1773233120000,64.1095983333333,-21.84165,2.0,0.0,0.0,true,2778,0
1773233123000,64.1095983333333,-21.84165,3.0,0.0,0.0,true,2779,0
1773233123000,64.1095983333333,-21.84165,0.0,0.0,0.0,true,2780,0
1773233125000,64.1095983333333,-21.84165,2.0,0.0,0.0,true,2781,0
1773233125000,64.1095983333333,-21.84165,0.0,0.0,0.0,true,2782,0
1773233129000,64.1095983333333,-21.84165,4.0,0.0,0.0,true,2783,0
1773233133000,64.1095983333333,-21.84165,4.0,0.0,0.0,true,2784,0
1773233133000,64.1095983333333,-21.84165,0.0,0.0,0.0,true,2785,0
1773233135000,64.1095983333333,-21.84165,2.0,0.0,0.0,true,2786,0
1773233137000,64.1095983333333,-21.84165,2.0,0.0,0.0,true,2787,0
1773233139000,64.1095983333333,-21.84165,2.0,0.0,0.0,true,2788,0
1773233139000,64.1095983333333,-21.84165,0.0,0.0,0.0,true,2789,0
1773233146000,64.1095983333333,-21.84165,7.0,0.0,0.0,true,2790,0
1773233146000,64.1095983333333,-21.84165,0.0,0.0,0.0,true,2791,0
1773233148000,64.1095983333333,-21.84165,2.0,0.0,0.0,true,2792,0
1773233150000,64.1095983333333,-21.84165,2.0,0.0,0.0,true,2793,0
1773233150000,64.1095983333333,-21.84165,0.0,0.0,0.0,true,2794,0
1773233154000,64.1095983333333,-21.84165,4.0,0.0,0.0,true,2795,0
1773233156000,64.1095983333333,-21.84165,2.0,0.0,0.0,true,2796,0
1773233160000,64.1095983333333,-21.84165,4.0,0.0,0.0,true,2797,0
1773233162000,64.1095983333333,-21.84165,2.0,0.0,0.0,true,2798,0
1773233164000,64.1095983333333,-21.84165,2.0,0.0,0.0,true,2799,0
1773233164000,64.1095983333333,-21.84165,0.0,0.0,0.0,true,2800,0
1773233169000,64.1095983333333,-21.84165,5.0,0.0,0.0,true,2801,0
1773233171000,64.1095983333333,-21.84165,2.0,0.0,0.0,true,2802,0
1773233173000,64.1095983333333,-21.84165,2.0,0.0,0.0,true,2803,0
1773233175000,64.1095983333333,-21.84165,2.0,0.0,0.0,true,2804,0
1773233175000,64.1095983333333,-21.84165,0.0,0.0,0.0,true,2805,0
1773233175000,64.1095983333333,-21.84165,0.0,0.0,0.0,true,2806,0
1773233181000,64.1095983333333,-21.84165,6.0,0.0,0.0,true,2807,0
1773233181000,64.1095983333333,-21.84165,0.0,0.0,0.0,true,2808,0
1773233184000,64.1095983333333,-21.84165,3.0,0.0,0.0,true,2809,0
1773233186000,64.1095983333333,-21.84165,2.0,0.0,0.0,true,2810,0
1773233186000,64.1095983333333,-21.84165,0.0,0.0,0.0,true,2811,0
1773233190000,64.1095983333333,-21.84165,4.0,0.0,0.0,true,2812,0
1773233193000,64.1095983333333,-21.84165,3.0,0.0,0.0,true,2813,0
1773233193000,64.1095983333333,-21.84165,0.0,0.0,0.0,true,2814,0
1773233195000,64.1095983333333,-21.84165,2.0,0.0,0.0,true,2815,0
1773233199000,64.1095983333333,-21.84165,4.0,0.0,0.0,true,2816,0
1773233199000,64.1095983333333,-21.84165,0.0,0.0,0.0,true,2817,0
1773233203000,64.1095983333333,-21.84165,4.0,0.0,0.0,true,2818,0
1773233207000,64.1095983333333,-21.84165,4.0,0.0,0.0,true,2819,0
1773233207000,64.1095983333333,-21.84165,0.0,0.0,0.0,true,2820,0
1773233209000,64.1095983333333,-21.84165,2.0,0.0,0.0,true,2821,0
1773233211000,64.1095983333333,-21.84165,2.0,0.0,0.0,true,2822,0
1773233211000,64.1095983333333,-21.84165,0.0,0.0,0.0,true,2823,0
1773233216000,64.1095983333333,-21.84165,5.0,0.0,0.0,true,2824,0
1773233221000,64.1095983333333,-21.84165,5.0,0.0,0.0,true,2825,0
1773233221000,64.1095983333333,-21.84165,0.0,0.0,0.0,true,2826,0
1773233223000,64.1095983333333,-21.84165,2.0,0.0,0.0,true,2827,0
1773233225000,64.1095983333333,-21.84165,2.0,0.0,0.0,true,2828,0
1773233225000,64.1095983333333,-21.84165,0.0,0.0,0.0,true,2829,0
1773233229000,64.1095983333333,-21.84165,4.0,0.0,0.0,true,2830,0
1773233231000,64.1095983333333,-21.84165,2.0,0.0,0.0,true,2831,0
1773233231000,64.1095983333333,-21.84165,0.0,0.0,0.0,true,2832,0
1773233235000,64.1095983333333,-21.84165,4.0,0.0,0.0,true,2833,0
1773233235000,64.1095983333333,-21.84165,0.0,0.0,0.0,true,2834,0
1773233237000,64.1095983333333,-21.84165,2.0,0.0,0.0,true,2835,0
1773233241000,64.1095983333333,-21.84165,4.0,0.0,0.0,true,2836,0
1773233241000,64.1095983333333,-21.84165,0.0,0.0,0.0,true,2837,0
1773233244000,64.1095983333333,-21.84165,3.0,0.0,0.0,true,2838,0
1773233248000,64.1095983333333,-21.84165,4.0,0.0,0.0,true,2839,0
1773233248000,64.1095983333333,-21.84165,0.0,0.0,0.0,true,2840,0
1773233250000,64.1095983333333,-21.84165,2.0,0.0,0.0,true,2841,0
1773233252000,64.1095983333333,-21.84165,2.0,0.0,0.0,true,2842,0
1773233252000,64.1095983333333,-21.84165,0.0,0.0,0.0,true,2843,0
1773233255000,64.1095983333333,-21.84165,3.0,0.0,0.0,true,2844,0
1773233259000,64.1095983333333,-21.84165,4.0,0.0,0.0,true,2845,0
1773233259000,64.1095983333333,-21.84165,0.0,0.0,0.0,true,2846,0
1773233261000,64.1095983333333,-21.84165,2.0,0.0,0.0,true,2847,0
1773233261000,64.1095983333333,-21.84165,0.0,0.0,0.0,true,2848,0
1773233265000,64.1095983333333,-21.84165,4.0,0.0,0.0,true,2849,0
1773233267000,64.1095983333333,-21.84165,2.0,0.0,0.0,true,2850,0
1773233267000,64.1095983333333,-21.84165,0.0,0.0,0.0,true,2851,0
1773233273000,64.1095983333333,-21.84165,6.0,0.0,0.0,true,2852,0
1773233276000,64.1095983333333,-21.84165,3.0,0.0,0.0,true,2853,0
1773233276000,64.1095983333333,-21.84165,0.0,0.0,0.0,true,2854,0
1773233278000,64.1095983333333,-21.84165,2.0,0.0,0.0,true,2855,0
1773233281000,64.1095983333333,-21.84165,3.0,0.0,0.0,true,2856,0
1773233281000,64.1095983333333,-21.84165,0.0,0.0,0.0,true,2857,0
1773233283000,64.1095983333333,-21.84165,2.0,0.0,0.0,true,2858,0
1773233287000,64.1095983333333,-21.84165,4.0,0.0,0.0,true,2859,0
1773233287000,64.1095983333333,-21.84165,0.0,0.0,0.0,true,2860,0
1773233289000,64.1095983333333,-21.84165,2.0,0.0,0.0,true,2861,0
1773233289000,64.1095983333333,-21.84165,0.0,0.0,0.0,true,2862,0
1773233293000,64.1095983333333,-21.84165,4.0,0.0,0.0,true,2863,0
1773233299000,64.1095983333333,-21.84165,6.0,0.0,0.0,true,2864,0
1773233299000,64.1095983333333,-21.84165,0.0,0.0,0.0,true,2865,0
1773233301000,64.1095983333333,-21.84165,2.0,0.0,0.0,true,2866,0
1773233303000,64.1095983333333,-21.84165,2.0,0.0,0.0,true,2867,0
1773233303000,64.1095983333333,-21.84165,0.0,0.0,0.0,true,2868,0
1773233305000,64.1095983333333,-21.84165,2.0,0.0,0.0,true,2869,0
1773233305000,64.1095983333333,-21.84165,0.0,0.0,0.0,true,2870,0
1773233309000,64.1095983333333,-21.84165,4.0,0.0,0.0,true,2871,0
1773233313000,64.1095983333333,-21.84165,4.0,0.0,0.0,true,2872,0
1773233315000,64.1095983333333,-21.84165,2.0,0.0,0.0,true,2873,0
1773233315000,64.1095983333333,-21.84165,0.0,0.0,0.0,true,2874,0
1773233317000,64.1095983333333,-21.84165,2.0,0.0,0.0,true,2875,0
1773233319000,64.1095983333333,-21.84165,2.0,0.0,0.0,true,2876,0
1773233319000,64.1095983333333,-21.84165,0.0,0.0,0.0,true,2877,0
1773233327000,64.1095983333333,-21.84165,8.0,0.0,0.0,true,2878,0
1773233327000,64.1095983333333,-21.84165,0.0,0.0,0.0,true,2879,0
1773233329000,64.1095983333333,-21.84165,2.0,0.0,0.0,true,2880,0
1773233331000,64.1095983333333,-21.84165,2.0,0.0,0.0,true,2881,0
1773233331000,64.1095983333333,-21.84165,0.0,0.0,0.0,true,2882,0
1773233333000,64.1095983333333,-21.84165,2.0,0.0,0.0,true,2883,0
1773233338000,64.1095983333333,-21.84165,5.0,0.0,0.0,true,2884,0
1773233338000,64.1095983333333,-21.84165,0.0,0.0,0.0,true,2885,0
1773233340000,64.1095983333333,-21.84165,2.0,0.0,0.0,true,2886,0
1773233342000,64.1095983333333,-21.84165,2.0,0.0,0.0,true,2887,0
1773233342000,64.1095983333333,-21.84165,0.0,0.0,0.0,true,2888,0
1773233346000,64.1095983333333,-21.84165,4.0,0.0,0.0,true,2889,0
1773233348000,64.1095983333333,-21.84165,2.0,0.0,0.0,true,2890,0
1773233348000,64.1095983333333,-21.84165,0.0,0.0,0.0,true,2891,0
1773233352000,64.1095983333333,-21.84165,4.0,0.0,0.0,true,2892,0
1773233354000,64.1095983333333,-21.84165,2.0,0.0,0.0,true,2893,0
1773233354000,64.1095983333333,-21.84165,0.0,0.0,0.0,true,2894,0
1773233359000,64.1095983333333,-21.84165,5.0,0.0,0.0,true,2895,0
1773233359000,64.1095983333333,-21.84165,0.0,0.0,0.0,true,2896,0
1773233364000,64.1095983333333,-21.84165,5.0,0.0,0.0,true,2897,0
1773233364000,64.1095983333333,-21.84165,0.0,0.0,0.0,true,2898,0
1773233366000,64.1095983333333,-21.84165,2.0,0.0,0.0,true,2899,0
1773233368000,64.1095983333333,-21.84165,2.0,0.0,0.0,true,2900,0
1773233368000,64.1095983333333,-21.84165,0.0,0.0,0.0,true,2901,0
1773233370000,64.1095983333333,-21.84165,2.0,0.0,0.0,true,2902,0
1773233374000,64.1095983333333,-21.84165,4.0,0.0,0.0,true,2903,0
1773233374000,64.1095983333333,-21.84165,0.0,0.0,0.0,true,2904,0
1773233374000,64.1095983333333,-21.84165,0.0,0.0,0.0,true,2905,0
1773233379000,64.1095983333333,-21.84165,5.0,0.0,0.0,true,2906,0
1773233381000,64.1095983333333,-21.84165,2.0,0.0,0.0,true,2907,0
1773233385000,64.1095983333333,-21.84165,4.0,0.0,0.0,true,2908,0
1773233385000,64.1095983333333,-21.84165,0.0,0.0,0.0,true,2909,0
1773233387000,64.1095983333333,-21.84165,2.0,0.0,0.0,true,2910,0
1773233391000,64.1095983333333,-21.84165,4.0,0.0,0.0,true,2911,0
1773233393000,64.1095983333333,-21.84165,2.0,0.0,0.0,true,2912,0
1773233393000,64.1095983333333,-21.84165,0.0,0.0,0.0,true,2913,0
1773233395000,64.1095983333333,-21.84165,2.0,0.0,0.0,true,2914,0
1773233395000,64.1095983333333,-21.84165,0.0,0.0,0.0,true,2915,0
1773233399000,64.1095983333333,-21.84165,4.0,0.0,0.0,true,2916,0
1773233405000,64.1095983333333,-21.84165,6.0,0.0,0.0,true,2917,0
1773233405000,64.1095983333333,-21.84165,0.0,0.0,0.0,true,2918,0
1773233405000,64.1095983333333,-21.84165,0.0,0.0,0.0,true,2919,0
1773233405000,64.1095983333333,-21.84165,0.0,0.0,0.0,true,2920,0
1773233411000,64.1095983333333,-21.84165,6.0,0.0,0.0,true,2921,0
1773233411000,64.1095983333333,-21.84165,0.0,0.0,0.0,true,2922,0
1773233411000,64.1095983333333,-21.84165,0.0,0.0,0.0,true,2923,0
1773233414000,64.1095983333333,-21.84165,3.0,0.0,0.0,true,2924,0
1773233417000,64.1095983333333,-21.84165,3.0,0.0,0.0,true,2925,0
1773233417000,64.1095983333333,-21.84165,0.0,0.0,0.0,true,2926,0
1773233421000,64.1095983333333,-21.84165,4.0,0.0,0.0,true,2927,0
1773233425000,64.1095983333333,-21.84165,4.0,0.0,0.0,true,2928,0
1773233425000,64.1095983333333,-21.84165,0.0,0.0,0.0,true,2929,0
1773233430000,64.1095983333333,-21.84165,5.0,0.0,0.0,true,2930,0
1773233430000,64.1095983333333,-21.84165,0.0,0.0,0.0,true,2931,0
1773233432000,64.1095983333333,-21.84165,2.0,0.0,0.0,true,2932,0
1773233436000,64.1095983333333,-21.84165,4.0,0.0,0.0,true,2933,0
1773233438000,64.1095983333333,-21.84165,2.0,0.0,0.0,true,2934,0
1773233438000,64.1095983333333,-21.84165,0.0,0.0,0.0,true,2935,0
1773233440000,64.1095983333333,-21.84165,2.0,0.0,0.0,true,2936,0
1773233443000,64.1095983333333,-21.84165,3.0,0.0,0.0,true,2937,0
1773233443000,64.1095983333333,-21.84165,0.0,0.0,0.0,true,2938,0
1773233445000,64.1095983333333,-21.84165,2.0,0.0,0.0,true,2939,0
1773233455000,64.1095983333333,-21.84165,10.0,0.0,0.0,true,2940,0
1773233455000,64.1095983333333,-21.84165,0.0,0.0,0.0,true,2941,0
1773233457000,64.1095983333333,-21.84165,2.0,0.0,0.0,true,2942,0
1773233457000,64.1095983333333,-21.84165,0.0,0.0,0.0,true,2943,0
1773233461000,64.1095983333333,-21.84165,4.0,0.0,0.0,true,2944,0
1773233463000,64.1095983333333,-21.84165,2.0,0.0,0.0,true,2945,0
1773233463000,64.1095983333333,-21.84165,0.0,0.0,0.0,true,2946,0
1773233465000,64.1095983333333,-21.84165,2.0,0.0,0.0,true,2947,0
1773233468000,64.1095983333333,-21.84165,3.0,0.0,0.0,true,2948,0
1773233468000,64.1095983333333,-21.84165,0.0,0.0,0.0,true,2949,0
1773233470000,64.1095983333333,-21.84165,2.0,0.0,0.0,true,2950,0
1773233473000,64.1095983333333,-21.84165,3.0,0.0,0.0,true,2951,0
1773233473000,64.1095983333333,-21.84165,0.0,0.0,0.0,true,2952,0
1773233477000,64.1095983333333,-21.84165,4.0,0.0,0.0,true,2953,0
1773233483000,64.1095983333333,-21.84165,6.0,0.0,0.0,true,2954,0
1773233483000,64.1095983333333,-21.84165,0.0,0.0,0.0,true,2955,0
1773233485000,64.1095983333333,-21.84165,2.0,0.0,0.0,true,2956,0
1773233488000,64.1095983333333,-21.84165,3.0,0.0,0.0,true,2957,0
1773233488000,64.1095983333333,-21.84165,0.0,0.0,0.0,true,2958,0
1773233490000,64.1095983333333,-21.84165,2.0,0.0,0.0,true,2959,0
1773233494000,64.1095983333333,-21.84165,4.0,0.0,0.0,true,2960,0
1773233494000,64.1095983333333,-21.84165,0.0,0.0,0.0,true,2961,0
1773233496000,64.1095983333333,-21.84165,2.0,0.0,0.0,true,2962,0
1773233498000,64.1095983333333,-21.84165,2.0,0.0,0.0,true,2963,0
1773233502000,64.1095983333333,-21.84165,4.0,0.0,0.0,true,2964,0
1773233502000,64.1095983333333,-21.84165,0.0,0.0,0.0,true,2965,0
1773233502000,64.1095983333333,-21.84165,0.0,0.0,0.0,true,2966,0
1773233506000,64.1095983333333,-21.84165,4.0,0.0,0.0,true,2967,0
1773233509000,64.1095983333333,-21.84165,3.0,0.0,0.0,true,2968,0
1773233509000,64.1095983333333,-21.84165,0.0,0.0,0.0,true,2969,0
1773233513000,64.1095983333333,-21.84165,4.0,0.0,0.0,true,2970,0
1773233515000,64.1095983333333,-21.84165,2.0,0.0,0.0,true,2971,0
1773233515000,64.1095983333333,-21.84165,0.0,0.0,0.0,true,2972,0
1773233519000,64.1095983333333,-21.84165,4.0,0.0,0.0,true,2973,0
1773233521000,64.1095983333333,-21.84165,2.0,0.0,0.0,true,2974,0
1773233521000,64.1095983333333,-21.84165,0.0,0.0,0.0,true,2975,0
1773233523000,64.1095983333333,-21.84165,2.0,0.0,0.0,true,2976,0
1773233527000,64.1095983333333,-21.84165,4.0,0.0,0.0,true,2977,0
1773233530000,64.1095983333333,-21.84165,3.0,0.0,0.0,true,2978,0
1773233530000,64.1095983333333,-21.84165,0.0,0.0,0.0,true,2979,0
1773233532000,64.1095983333333,-21.84165,2.0,0.0,0.0,true,2980,0
1773233536000,64.1095983333333,-21.84165,4.0,0.0,0.0,true,2981,0
1773233536000,64.1095983333333,-21.84165,0.0,0.0,0.0,true,2982,0
1773233538000,64.1095983333333,-21.84165,2.0,0.0,0.0,true,2983,0
1773233538000,64.1095983333333,-21.84165,0.0,0.0,0.0,true,2984,0
1773233540000,64.1095983333333,-21.84165,2.0,0.0,0.0,true,2985,0
1773233543000,64.1095983333333,-21.84165,3.0,0.0,0.0,true,2986,0
1773233546000,64.1095983333333,-21.84165,3.0,0.0,0.0,true,2987,0
1773233548000,64.1095983333333,-21.84165,2.0,0.0,0.0,true,2988,0
1773233548000,64.1095983333333,-21.84165,0.0,0.0,0.0,true,2989,0
1773233551000,64.1095983333333,-21.84165,3.0,0.0,0.0,true,2990,0
1773233551000,64.1095983333333,-21.84165,0.0,0.0,0.0,true,2991,0
1773233555000,64.1095983333333,-21.84165,4.0,0.0,0.0,true,2992,0
1773233557000,64.1095983333333,-21.84165,2.0,0.0,0.0,true,2993,0
1773233559000,64.1095983333333,-21.84165,2.0,0.0,0.0,true,2994,0
1773233564000,64.1095983333333,-21.84165,5.0,0.0,0.0,true,2995,0
1773233566000,64.1095983333333,-21.84165,2.0,0.0,0.0,true,2996,0
1773233566000,64.1095983333333,-21.84165,0.0,0.0,0.0,true,2997,0
1773233566000,64.1095983333333,-21.84165,0.0,0.0,0.0,true,2998,0
1773233571000,64.1095983333333,-21.84165,5.0,0.0,0.0,true,2999,0
1773233571000,64.1095983333333,-21.84165,0.0,0.0,0.0,true,3000,0
1773233575000,64.1095983333333,-21.84165,4.0,0.0,0.0,true,3001,0
1773233577000,64.1095983333333,-21.84165,2.0,0.0,0.0,true,3002,0
1773233577000,64.1095983333333,-21.84165,0.0,0.0,0.0,true,3003,0
1773233579000,64.1095983333333,-21.84165,2.0,0.0,0.0,true,3004,0
1773233579000,64.1095983333333,-21.84165,0.0,0.0,0.0,true,3005,0
1773233581000,64.1095983333333,-21.84165,2.0,0.0,0.0,true,3006,0
1773233589000,64.1095983333333,-21.84165,8.0,0.0,0.0,true,3007,0
1773233589000,64.1095983333333,-21.84165,0.0,0.0,0.0,true,3008,0
1773233591000,64.1095983333333,-21.84165,2.0,0.0,0.0,true,3009,0
1773233591000,64.1095983333333,-21.84165,0.0,0.0,0.0,true,3010,0
1773233596000,64.1095983333333,-21.84165,5.0,0.0,0.0,true,3011,0
1773233596000,64.1095983333333,-21.84165,0.0,0.0,0.0,true,3012,0
1773233600000,64.1095983333333,-21.84165,4.0,0.0,0.0,true,3013,0
1773233600000,64.1095983333333,-21.84165,0.0,0.0,0.0,true,3014,0
1773233602000,64.1095983333333,-21.84165,2.0,0.0,0.0,true,3015,0
1773233604000,64.1095983333333,-21.84165,2.0,0.0,0.0,true,3016,0
1773233604000,64.1095983333333,-21.84165,0.0,0.0,0.0,true,3017,0
1773233606000,64.1095983333333,-21.84165,2.0,0.0,0.0,true,3018,0
1773233610000,64.1095983333333,-21.84165,4.0,0.0,0.0,true,3019,0
1773233612000,64.1095983333333,-21.84165,2.0,0.0,0.0,true,3020,0
1773233616000,64.1095983333333,-21.84165,4.0,0.0,0.0,true,3021,0
1773233616000,64.1095983333333,-21.84165,0.0,0.0,0.0,true,3022,0
1773233618000,64.1095983333333,-21.84165,2.0,0.0,0.0,true,3023,0
1773233621000,64.1095983333333,-21.84165,3.0,0.0,0.0,true,3024,0
1773233621000,64.1095983333333,-21.84165,0.0,0.0,0.0,true,3025,0
1773233623000,64.1095983333333,-21.84165,2.0,0.0,0.0,true,3026,0
1773233627000,64.1095983333333,-21.84165,4.0,0.0,0.0,true,3027,0
1773233629000,64.1095983333333,-21.84165,2.0,0.0,0.0,true,3028,0
1773233629000,64.1095983333333,-21.84165,0.0,0.0,0.0,true,3029,0
1773233635000,64.1095983333333,-21.84165,6.0,0.0,0.0,true,3030,0
1773233635000,64.1095983333333,-21.84165,0.0,0.0,0.0,true,3031,0
1773233637000,64.1095983333333,-21.84165,2.0,0.0,0.0,true,3032,0
1773233639000,64.1095983333333,-21.84165,2.0,0.0,0.0,true,3033,0
1773233639000,64.1095983333333,-21.84165,0.0,0.0,0.0,true,3034,0
1773233642000,64.1095983333333,-21.84165,3.0,0.0,0.0,true,3035,0
1773233646000,64.1095983333333,-21.84165,4.0,0.0,0.0,true,3036,0
1773233646000,64.1095983333333,-21.84165,0.0,0.0,0.0,true,3037,0
1773233648000,64.1095983333333,-21.84165,2.0,0.0,0.0,true,3038,0
1773233652000,64.1095983333333,-21.84165,4.0,0.0,0.0,true,3039,0
1773233652000,64.1095983333333,-21.84165,0.0,0.0,0.0,true,3040,0
1773233657000,64.1095983333333,-21.84165,5.0,0.0,0.0,true,3041,0
1773233657000,64.1095983333333,-21.84165,0.0,0.0,0.0,true,3042,0
1773233659000,64.1095983333333,-21.84165,2.0,0.0,0.0,true,3043,0
1773233659000,64.1095983333333,-21.84165,0.0,0.0,0.0,true,3044,0
1773233665000,64.1095983333333,-21.84165,6.0,0.0,0.0,true,3045,0
1773233665000,64.1095983333333,-21.84165,0.0,0.0,0.0,true,3046,0
1773233667000,64.1095983333333,-21.84165,2.0,0.0,0.0,true,3047,0
1773233667000,64.1095983333333,-21.84165,0.0,0.0,0.0,true,3048,0
1773233669000,64.1095983333333,-21.84165,2.0,0.0,0.0,true,3049,0
1773233673000,64.1095983333333,-21.84165,4.0,0.0,0.0,true,3050,0
1773233673000,64.1095983333333,-21.84165,0.0,0.0,0.0,true,3051,0
1773233676000,64.1095983333333,-21.84165,3.0,0.0,0.0,true,3052,0
1773233678000,64.1095983333333,-21.84165,2.0,0.0,0.0,true,3053,0
1773233682000,64.1095983333333,-21.84165,4.0,0.0,0.0,true,3054,0
1773233682000,64.1095983333333,-21.84165,0.0,0.0,0.0,true,3055,0
1773233686000,64.1095983333333,-21.84165,4.0,0.0,0.0,true,3056,0
1773233686000,64.1095983333333,-21.84165,0.0,0.0,0.0,true,3057,0
1773233686000,64.1095983333333,-21.84165,0.0,0.0,0.0,true,3058,0
1773233690000,64.1095983333333,-21.84165,4.0,0.0,0.0,true,3059,0
1773233694000,64.1095983333333,-21.84165,4.0,0.0,0.0,true,3060,0
1773233694000,64.1095983333333,-21.84165,0.0,0.0,0.0,true,3061,0
1773233697000,64.1095983333333,-21.84165,3.0,0.0,0.0,true,3062,0
1773233697000,64.1095983333333,-21.84165,0.0,0.0,0.0,true,3063,0
1773233701000,64.1095983333333,-21.84165,4.0,0.0,0.0,true,3064,0
1773233701000,64.1095983333333,-21.84165,0.0,0.0,0.0,true,3065,0
1773233703000,64.1095983333333,-21.84165,2.0,0.0,0.0,true,3066,0
1773233707000,64.1095983333333,-21.84165,4.0,0.0,0.0,true,3067,0
1773233709000,64.1095983333333,-21.84165,2.0,0.0,0.0,true,3068,0
1773233709000,64.1095983333333,-21.84165,0.0,0.0,0.0,true,3069,0
1773233712000,64.1095983333333,-21.84165,3.0,0.0,0.0,true,3070,0
1773233716000,64.1095983333333,-21.84165,4.0,0.0,0.0,true,3071,0
1773233716000,64.1095983333333,-21.84165,0.0,0.0,0.0,true,3072,0
1773233718000,64.1095983333333,-21.84165,2.0,0.0,0.0,true,3073,0
1773233720000,64.1095983333333,-21.84165,2.0,0.0,0.0,true,3074,0
1773233724000,64.1095983333333,-21.84165,4.0,0.0,0.0,true,3075,0
1773233724000,64.1095983333333,-21.84165,0.0,0.0,0.0,true,3076,0
1773233726000,64.1095983333333,-21.84165,2.0,0.0,0.0,true,3077,0
1773233730000,64.1095983333333,-21.84165,4.0,0.0,0.0,true,3078,0
1773233732000,64.1095983333333,-21.84165,2.0,0.0,0.0,true,3079,0
1773233732000,64.1095983333333,-21.84165,0.0,0.0,0.0,true,3080,0
1773233734000,64.1095983333333,-21.84165,2.0,0.0,0.0,true,3081,0
1773233738000,64.1095983333333,-21.84165,4.0,0.0,0.0,true,3082,0
1773233738000,64.1095983333333,-21.84165,0.0,0.0,0.0,true,3083,0
1773233740000,64.1095983333333,-21.84165,2.0,0.0,0.0,true,3084,0
1773233744000,64.1095983333333,-21.84165,4.0,0.0,0.0,true,3085,0
1773233746000,64.1095983333333,-21.84165,2.0,0.0,0.0,true,3086,0
1773233746000,64.1095983333333,-21.84165,0.0,0.0,0.0,true,3087,0
1773233749000,64.1095983333333,-21.84165,3.0,0.0,0.0,true,3088,0
1773233751000,64.1095983333333,-21.84165,2.0,0.0,0.0,true,3089,0
1773233755000,64.1095983333333,-21.84165,4.0,0.0,0.0,true,3090,0
1773233755000,64.1095983333333,-21.84165,0.0,0.0,0.0,true,3091,0
1773233757000,64.1095983333333,-21.84165,2.0,0.0,0.0,true,3092,0
1773233757000,64.1095983333333,-21.84165,0.0,0.0,0.0,true,3093,0
1773233759000,64.1095983333333,-21.84165,2.0,0.0,0.0,true,3094,0
1773233763000,64.1095983333333,-21.84165,4.0,0.0,0.0,true,3095,0
1773233763000,64.1095983333333,-21.84165,0.0,0.0,0.0,true,3096,0
1773233765000,64.1095983333333,-21.84165,2.0,0.0,0.0,true,3097,0
1773233769000,64.1095983333333,-21.84165,4.0,0.0,0.0,true,3098,0
1773233771000,64.1095983333333,-21.84165,2.0,0.0,0.0,true,3099,0
1773233771000,64.1095983333333,-21.84165,0.0,0.0,0.0,true,3100,0
1773233773000,64.1095983333333,-21.84165,2.0,0.0,0.0,true,3101,0
1773233775000,64.1095983333333,-21.84165,2.0,0.0,0.0,true,3102,0
1773233775000,64.1095983333333,-21.84165,0.0,0.0,0.0,true,3103,0
1773233782000,64.1095983333333,-21.84165,7.0,0.0,0.0,true,3104,0
1773233782000,64.1095983333333,-21.84165,0.0,0.0,0.0,true,3105,0
1773233786000,64.1095983333333,-21.84165,4.0,0.0,0.0,true,3106,0
1773233788000,64.1095983333333,-21.84165,2.0,0.0,0.0,true,3107,0
1773233788000,64.1095983333333,-21.84165,0.0,0.0,0.0,true,3108,0
1773233788000,64.1095983333333,-21.84165,0.0,0.0,0.0,true,3109,0
1773233790000,64.1095983333333,-21.84165,2.0,0.0,0.0,true,3110,0
1773233796000,64.1095983333333,-21.84165,6.0,0.0,0.0,true,3111,0
1773233796000,64.1095983333333,-21.84165,0.0,0.0,0.0,true,3112,0
1773233798000,64.1095983333333,-21.84165,2.0,0.0,0.0,true,3113,0
1773233798000,64.1095983333333,-21.84165,0.0,0.0,0.0,true,3114,0
1773233802000,64.1095983333333,-21.84165,4.0,0.0,0.0,true,3115,0
1773233802000,64.1095983333333,-21.84165,0.0,0.0,0.0,true,3116,0
1773233807000,64.1095983333333,-21.84165,5.0,0.0,0.0,true,3117,0
1773233809000,64.1095983333333,-21.84165,2.0,0.0,0.0,true,3118,0
1773233809000,64.1095983333333,-21.84165,0.0,0.0,0.0,true,3119,0
1773233813000,64.1095983333333,-21.84165,4.0,0.0,0.0,true,3120,0
1773233813000,64.1095983333333,-21.84165,0.0,0.0,0.0,true,3121,0
1773233816000,64.1095983333333,-21.84165,3.0,0.0,0.0,true,3122,0
1773233821000,64.1095983333333,-21.84165,5.0,0.0,0.0,true,3123,0
1773233823000,64.1095983333333,-21.84165,2.0,0.0,0.0,true,3124,0
1773233823000,64.1095983333333,-21.84165,0.0,0.0,0.0,true,3125,0
1773233825000,64.1095983333333,-21.84165,2.0,0.0,0.0,true,3126,0
1773233825000,64.1095983333333,-21.84165,0.0,0.0,0.0,true,3127,0
1773233827000,64.1095983333333,-21.84165,2.0,0.0,0.0,true,3128,0
1773233827000,64.1095983333333,-21.84165,0.0,0.0,0.0,true,3129,0
1773233830000,64.1095983333333,-21.84165,3.0,0.0,0.0,true,3130,0
1773233836000,64.1095983333333,-21.84165,6.0,0.0,0.0,true,3131,0
1773233836000,64.1095983333333,-21.84165,0.0,0.0,0.0,true,3132,0
1773233838000,64.1095983333333,-21.84165,2.0,0.0,0.0,true,3133,0
1773233841000,64.1095983333333,-21.84165,3.0,0.0,0.0,true,3134,0
1773233841000,64.1095983333333,-21.84165,0.0,0.0,0.0,true,3135,0
1773233841000,64.1095983333333,-21.84165,0.0,0.0,0.0,true,3136,0
1773233848000,64.1095983333333,-21.84165,7.0,0.0,0.0,true,3137,0
1773233848000,64.1095983333333,-21.84165,0.0,0.0,0.0,true,3138,0
1773233851000,64.1095983333333,-21.84165,3.0,0.0,0.0,true,3139,0
1773233853000,64.1095983333333,-21.84165,2.0,0.0,0.0,true,3140,0
1773233853000,64.1095983333333,-21.84165,0.0,0.0,0.0,true,3141,0
1773233857000,64.1095983333333,-21.84165,4.0,0.0,0.0,true,3142,0
1773233857000,64.1095983333333,-21.84165,0.0,0.0,0.0,true,3143,0
1773233862000,64.1095983333333,-21.84165,5.0,0.0,0.0,true,3144,0
1773233862000,64.1095983333333,-21.84165,0.0,0.0,0.0,true,3145,0
1773233864000,64.1095983333333,-21.84165,2.0,0.0,0.0,true,3146,0
1773233864000,64.1095983333333,-21.84165,0.0,0.0,0.0,true,3147,0
1773233870000,64.1095983333333,-21.84165,6.0,0.0,0.0,true,3148,0
1773233870000,64.1095983333333,-21.84165,0.0,0.0,0.0,true,3149,0
1773233872000,64.1095983333333,-21.84165,2.0,0.0,0.0,true,3150,0
1773233876000,64.1095983333333,-21.84165,4.0,0.0,0.0,true,3151,0
1773233878000,64.1095983333333,-21.84165,2.0,0.0,0.0,true,3152,0
1773233878000,64.1095983333333,-21.84165,0.0,0.0,0.0,true,3153,0
1773233878000,64.1095983333333,-21.84165,0.0,0.0,0.0,true,3154,0
1773233881000,64.1095983333333,-21.84165,3.0,0.0,0.0,true,3155,0
1773233887000,64.1095983333333,-21.84165,6.0,0.0,0.0,true,3156,0
1773233887000,64.1095983333333,-21.84165,0.0,0.0,0.0,true,3157,0
1773233887000,64.1095983333333,-21.84165,0.0,0.0,0.0,true,3158,0
1773233893000,64.1095983333333,-21.84165,6.0,0.0,0.0,true,3159,0
1773233893000,64.1095983333333,-21.84165,0.0,0.0,0.0,true,3160,0
1773233893000,64.1095983333333,-21.84165,0.0,0.0,0.0,true,3161,0
1773233899000,64.1095983333333,-21.84165,6.0,0.0,0.0,true,3162,0
1773233901000,64.1095983333333,-21.84165,2.0,0.0,0.0,true,3163,0
1773233901000,64.1095983333333,-21.84165,0.0,0.0,0.0,true,3164,0
1773233903000,64.1095983333333,-21.84165,2.0,0.0,0.0,true,3165,0
1773233903000,64.1095983333333,-21.84165,0.0,0.0,0.0,true,3166,0
1773233906000,64.1095983333333,-21.84165,3.0,0.0,0.0,true,3167,0
1773233906000,64.1095983333333,-21.84165,0.0,0.0,0.0,true,3168,0
1773233906000,64.1095983333333,-21.84165,0.0,0.0,0.0,true,3169,0
1773233911000,64.1095983333333,-21.84165,5.0,0.0,0.0,true,3170,0
1773233911000,64.1095983333333,-21.84165,0.0,0.0,0.0,true,3171,0
1773233915000,64.1095983333333,-21.84165,4.0,0.0,0.0,true,3172,0
1773233921000,64.1095983333333,-21.84165,6.0,0.0,0.0,true,3173,0
1773233923000,64.1095983333333,-21.84165,2.0,0.0,0.0,true,3174,0
1773233923000,64.1095983333333,-21.84165,0.0,0.0,0.0,true,3175,0
1773233925000,64.1095983333333,-21.84165,2.0,0.0,0.0,true,3176,0
1773233929000,64.1095983333333,-21.84165,4.0,0.0,0.0,true,3177,0
1773233929000,64.1095983333333,-21.84165,0.0,0.0,0.0,true,3178,0
1773233931000,64.1095983333333,-21.84165,2.0,0.0,0.0,true,3179,0
1773233931000,64.1095983333333,-21.84165,0.0,0.0,0.0,true,3180,0
1773233933000,64.1095983333333,-21.84165,2.0,0.0,0.0,true,3181,0
1773233933000,64.1095983333333,-21.84165,0.0,0.0,0.0,true,3182,0
1773233936000,64.1095983333333,-21.84165,3.0,0.0,0.0,true,3183,0
1773233942000,64.1095983333333,-21.84165,6.0,0.0,0.0,true,3184,0
1773233942000,64.1095983333333,-21.84165,0.0,0.0,0.0,true,3185,0
1773233946000,64.1095983333333,-21.84165,4.0,0.0,0.0,true,3186,0
1773233948000,64.1095983333333,-21.84165,2.0,0.0,0.0,true,3187,0
1773233948000,64.1095983333333,-21.84165,0.0,0.0,0.0,true,3188,0
1773233951000,64.1095983333333,-21.84165,3.0,0.0,0.0,true,3189,0
1773233957000,64.1095983333333,-21.84165,6.0,0.0,0.0,true,3190,0
1773233959000,64.1095983333333,-21.84165,2.0,0.0,0.0,true,3191,0
1773233959000,64.1095983333333,-21.84165,0.0,0.0,0.0,true,3192,0
1773233959000,64.1095983333333,-21.84165,0.0,0.0,0.0,true,3193,0
1773233965000,64.1095983333333,-21.84165,6.0,0.0,0.0,true,3194,0
1773233965000,64.1095983333333,-21.84165,0.0,0.0,0.0,true,3195,0
1773233967000,64.1095983333333,-21.84165,2.0,0.0,0.0,true,3196,0
1773233971000,64.1095983333333,-21.84165,4.0,0.0,0.0,true,3197,0
1773233973000,64.1095983333333,-21.84165,2.0,0.0,0.0,true,3198,0
1773233973000,64.1095983333333,-21.84165,0.0,0.0,0.0,true,3199,0
1773233973000,64.1095983333333,-21.84165,0.0,0.0,0.0,true,3200,0
1773233975000,64.1095983333333,-21.84165,2.0,0.0,0.0,true,3201,0
1773233977000,64.1095983333333,-21.84165,2.0,0.0,0.0,true,3202,0
1773233982000,64.1095983333333,-21.84165,5.0,0.0,0.0,true,3203,0
1773233984000,64.1095983333333,-21.84165,2.0,0.0,0.0,true,3204,0
1773233984000,64.1095983333333,-21.84165,0.0,0.0,0.0,true,3205,0
1773233986000,64.1095983333333,-21.84165,2.0,0.0,0.0,true,3206,0
1773233988000,64.1095983333333,-21.84165,2.0,0.0,0.0,true,3207,0
1773233992000,64.1095983333333,-21.84165,4.0,0.0,0.0,true,3208,0
1773233994000,64.1095983333333,-21.84165,2.0,0.0,0.0,true,3209,0
1773233994000,64.1095983333333,-21.84165,0.0,0.0,0.0,true,3210,0
1773233998000,64.1095983333333,-21.84165,4.0,0.0,0.0,true,3211,0
1773234001000,64.1095983333333,-21.84165,3.0,0.0,0.0,true,3212,0
1773234003000,64.1095983333333,-21.84165,2.0,0.0,0.0,true,3213,0
1773234003000,64.1095983333333,-21.84165,0.0,0.0,0.0,true,3214,0
1773234007000,64.1095983333333,-21.84165,4.0,0.0,0.0,true,3215,0
1773234009000,64.1095983333333,-21.84165,2.0,0.0,0.0,true,3216,0
1773234009000,64.1095983333333,-21.84165,0.0,0.0,0.0,true,3217,0
1773234011000,64.1095983333333,-21.84165,2.0,0.0,0.0,true,3218,0
1773234015000,64.1095983333333,-21.84165,4.0,0.0,0.0,true,3219,0
1773234015000,64.1095983333333,-21.84165,0.0,0.0,0.0,true,3220,0
1773234019000,64.1095983333333,-21.84165,4.0,0.0,0.0,true,3221,0
1773234019000,64.1095983333333,-21.84165,0.0,0.0,0.0,true,3222,0
1773234021000,64.1095983333333,-21.84165,2.0,0.0,0.0,true,3223,0
1773234023000,64.1095983333333,-21.84165,2.0,0.0,0.0,true,3224,0
1773234027000,64.1095983333333,-21.84165,4.0,0.0,0.0,true,3225,0
1773234027000,64.1095983333333,-21.84165,0.0,0.0,0.0,true,3226,0
1773234027000,64.1095983333333,-21.84165,0.0,0.0,0.0,true,3227,0
1773234032000,64.1095983333333,-21.84165,5.0,0.0,0.0,true,3228,0
1773234032000,64.1095983333333,-21.84165,0.0,0.0,0.0,true,3229,0
1773234034000,64.1095983333333,-21.84165,2.0,0.0,0.0,true,3230,0
1773234040000,64.1095983333333,-21.84165,6.0,0.0,0.0,true,3231,0
1773234040000,64.1095983333333,-21.84165,0.0,0.0,0.0,true,3232,0
1773234044000,64.1095983333333,-21.84165,4.0,0.0,0.0,true,3233,0
1773234044000,64.1095983333333,-21.84165,0.0,0.0,0.0,true,3234,0
1773234046000,64.1095983333333,-21.84165,2.0,0.0,0.0,true,3235,0
1773234048000,64.1095983333333,-21.84165,2.0,0.0,0.0,true,3236,0
1773234051000,64.1095983333333,-21.84165,3.0,0.0,0.0,true,3237,0
1773234051000,64.1095983333333,-21.84165,0.0,0.0,0.0,true,3238,0
1773234053000,64.1095983333333,-21.84165,2.0,0.0,0.0,true,3239,0
1773234058000,64.1095983333333,-21.84165,5.0,0.0,0.0,true,3240,0
1773234060000,64.1095983333333,-21.84165,2.0,0.0,0.0,true,3241,0
1773234060000,64.1095983333333,-21.84165,0.0,0.0,0.0,true,3242,0
1773234062000,64.1095983333333,-21.84165,2.0,0.0,0.0,true,3243,0
1773234065000,64.1095983333333,-21.84165,3.0,0.0,0.0,true,3244,0
1773234065000,64.1095983333333,-21.84165,0.0,0.0,0.0,true,3245,0
1773234069000,64.1095983333333,-21.84165,4.0,0.0,0.0,true,3246,0
1773234069000,64.1095983333333,-21.84165,0.0,0.0,0.0,true,3247,0
1773234077000,64.1095983333333,-21.84165,8.0,0.0,0.0,true,3248,0
1773234077000,64.1095983333333,-21.84165,0.0,0.0,0.0,true,3249,0
1773234079000,64.1095983333333,-21.84165,2.0,0.0,0.0,true,3250,0
1773234083000,64.1095983333333,-21.84165,4.0,0.0,0.0,true,3251,0
1773234083000,64.1095983333333,-21.84165,0.0,0.0,0.0,true,3252,0
1773234085000,64.1095983333333,-21.84165,2.0,0.0,0.0,true,3253,0
1773234087000,64.1095983333333,-21.84165,2.0,0.0,0.0,true,3254,0
1773234087000,64.1095983333333,-21.84165,0.0,0.0,0.0,true,3255,0
1773234089000,64.1095983333333,-21.84165,2.0,0.0,0.0,true,3256,0
1773234093000,64.1095983333333,-21.84165,4.0,0.0,0.0,true,3257,0
1773234093000,64.1095983333333,-21.84165,0.0,0.0,0.0,true,3258,0
1773234098000,64.1095983333333,-21.84165,5.0,0.0,0.0,true,3259,0
1773234098000,64.1095983333333,-21.84165,0.0,0.0,0.0,true,3260,0
1773234100000,64.1095983333333,-21.84165,2.0,0.0,0.0,true,3261,0
1773234103000,64.1095983333333,-21.84165,3.0,0.0,0.0,true,3262,0
1773234103000,64.1095983333333,-21.84165,0.0,0.0,0.0,true,3263,0
1773234107000,64.1095983333333,-21.84165,4.0,0.0,0.0,true,3264,0
1773234109000,64.1095983333333,-21.84165,2.0,0.0,0.0,true,3265,0
1773234109000,64.1095983333333,-21.84165,0.0,0.0,0.0,true,3266,0
1773234113000,64.1095983333333,-21.84165,4.0,0.0,0.0,true,3267,0
1773234115000,64.1095983333333,-21.84165,2.0,0.0,0.0,true,3268,0
1773234115000,64.1095983333333,-21.84165,0.0,0.0,0.0,true,3269,0
1773234118000,64.1095983333333,-21.84165,3.0,0.0,0.0,true,3270,0
1773234124000,64.1095983333333,-21.84165,6.0,0.0,0.0,true,3271,0
1773234124000,64.1095983333333,-21.84165,0.0,0.0,0.0,true,3272,0
1773234126000,64.1095983333333,-21.84165,2.0,0.0,0.0,true,3273,0
1773234126000,64.1095983333333,-21.84165,0.0,0.0,0.0,true,3274,0
1773234128000,64.1095983333333,-21.84165,2.0,0.0,0.0,true,3275,0
1773234130000,64.1095983333333,-21.84165,2.0,0.0,0.0,true,3276,0
1773234130000,64.1095983333333,-21.84165,0.0,0.0,0.0,true,3277,0
1773234133000,64.1095983333333,-21.84165,3.0,0.0,0.0,true,3278,0
1773234138000,64.1095983333333,-21.84165,5.0,0.0,0.0,true,3279,0
1773234138000,64.1095983333333,-21.84165,0.0,0.0,0.0,true,3280,0
1773234140000,64.1095983333333,-21.84165,2.0,0.0,0.0,true,3281,0
1773234143000,64.1095983333333,-21.84165,3.0,0.0,0.0,true,3282,0
1773234145000,64.1095983333333,-21.84165,2.0,0.0,0.0,true,3283,0
1773234148000,64.1095983333333,-21.84165,3.0,0.0,0.0,true,3284,0
1773234150000,64.1095983333333,-21.84165,2.0,0.0,0.0,true,3285,0
1773234150000,64.1095983333333,-21.84165,0.0,0.0,0.0,true,3286,0
1773234150000,64.1095983333333,-21.84165,0.0,0.0,0.0,true,3287,0
1773234154000,64.1095983333333,-21.84165,4.0,0.0,0.0,true,3288,0
1773234156000,64.1095983333333,-21.84165,2.0,0.0,0.0,true,3289,0
1773234158000,64.1095983333333,-21.84165,2.0,0.0,0.0,true,3290,0
1773234162000,64.1095983333333,-21.84165,4.0,0.0,0.0,true,3291,0
1773234164000,64.1095983333333,-21.84165,2.0,0.0,0.0,true,3292,0
1773234164000,64.1095983333333,-21.84165,0.0,0.0,0.0,true,3293,0
1773234164000,64.1095983333333,-21.84165,0.0,0.0,0.0,true,3294,0
1773234168000,64.1095983333333,-21.84165,4.0,0.0,0.0,true,3295,0
1773234173000,64.1095983333333,-21.84165,5.0,0.0,0.0,true,3296,0
1773234173000,64.1095983333333,-21.84165,0.0,0.0,0.0,true,3297,0
1773234175000,64.1095983333333,-21.84165,2.0,0.0,0.0,true,3298,0
1773234178000,64.1095983333333,-21.84165,3.0,0.0,0.0,true,3299,0
1773234178000,64.1095983333333,-21.84165,0.0,0.0,0.0,true,3300,0
1773234182000,64.1095983333333,-21.84165,4.0,0.0,0.0,true,3301,0
1773234182000,64.1095983333333,-21.84165,0.0,0.0,0.0,true,3302,0
1773234184000,64.1095983333333,-21.84165,2.0,0.0,0.0,true,3303,0
1773234187000,64.1095983333333,-21.84165,3.0,0.0,0.0,true,3304,0
1773234189000,64.1095983333333,-21.84165,2.0,0.0,0.0,true,3305,0
1773234189000,64.1095983333333,-21.84165,0.0,0.0,0.0,true,3306,0
1773234192000,64.1095983333333,-21.84165,3.0,0.0,0.0,true,3307,0
1773234192000,64.1095983333333,-21.84165,0.0,0.0,0.0,true,3308,0
1773234196000,64.1095983333333,-21.84165,4.0,0.0,0.0,true,3309,0
1773234200000,64.1095983333333,-21.84165,4.0,0.0,0.0,true,3310,0
1773234200000,64.1095983333333,-21.84165,0.0,0.0,0.0,true,3311,0
1773234204000,64.1095983333333,-21.84165,4.0,0.0,0.0,true,3312,0
1773234204000,64.1095983333333,-21.84165,0.0,0.0,0.0,true,3313,0
1773234206000,64.1095983333333,-21.84165,2.0,0.0,0.0,true,3314,0
1773234210000,64.1095983333333,-21.84165,4.0,0.0,0.0,true,3315,0
1773234210000,64.1095983333333,-21.84165,0.0,0.0,0.0,true,3316,0
1773234210000,64.1095983333333,-21.84165,0.0,0.0,0.0,true,3317,0
1773234215000,64.1095983333333,-21.84165,5.0,0.0,0.0,true,3318,0
1773234217000,64.1095983333333,-21.84165,2.0,0.0,0.0,true,3319,0
1773234221000,64.1095983333333,-21.84165,4.0,0.0,0.0,true,3320,0
1773234223000,64.1095983333333,-21.84165,2.0,0.0,0.0,true,3321,0
1773234223000,64.1095983333333,-21.84165,0.0,0.0,0.0,true,3322,0
1773234225000,64.1095983333333,-21.84165,2.0,0.0,0.0,true,3323,0
1773234229000,64.1095983333333,-21.84165,4.0,0.0,0.0,true,3324,0
1773234229000,64.1095983333333,-21.84165,0.0,0.0,0.0,true,3325,0
1773234231000,64.1095983333333,-21.84165,2.0,0.0,0.0,true,3326,0
1773234231000,64.1095983333333,-21.84165,0.0,0.0,0.0,true,3327,0
1773234234000,64.1095983333333,-21.84165,3.0,0.0,0.0,true,3328,0
1773234236000,64.1095983333333,-21.84165,2.0,0.0,0.0,true,3329,0
1773234236000,64.1095983333333,-21.84165,0.0,0.0,0.0,true,3330,0
1773234240000,64.1095983333333,-21.84165,4.0,0.0,0.0,true,3331,0
1773234243000,64.1095983333333,-21.84165,3.0,0.0,0.0,true,3332,0
1773234243000,64.1095983333333,-21.84165,0.0,0.0,0.0,true,3333,0
1773234245000,64.1095983333333,-21.84165,2.0,0.0,0.0,true,3334,0
1773234250000,64.1095983333333,-21.84165,5.0,0.0,0.0,true,3335,0
1773234250000,64.1095983333333,-21.84165,0.0,0.0,0.0,true,3336,0
1773234254000,64.1095983333333,-21.84165,4.0,0.0,0.0,true,3337,0
1773234254000,64.1095983333333,-21.84165,0.0,0.0,0.0,true,3338,0
1773234256000,64.1095983333333,-21.84165,2.0,0.0,0.0,true,3339,0
1773234259000,64.1095983333333,-21.84165,3.0,0.0,0.0,true,3340,0
1773234259000,64.1095983333333,-21.84165,0.0,0.0,0.0,true,3341,0
1773234263000,64.1095983333333,-21.84165,4.0,0.0,0.0,true,3342,0
1773234265000,64.1095983333333,-21.84165,2.0,0.0,0.0,true,3343,0
1773234267000,64.1095983333333,-21.84165,2.0,0.0,0.0,true,3344,0
1773234267000,64.1095983333333,-21.84165,0.0,0.0,0.0,true,3345,0
1773234269000,64.1095983333333,-21.84165,2.0,0.0,0.0,true,3346,0
1773234273000,64.1095983333333,-21.84165,4.0,0.0,0.0,true,3347,0
1773234276000,64.1095983333333,-21.84165,3.0,0.0,0.0,true,3348,0
1773234276000,64.1095983333333,-21.84165,0.0,0.0,0.0,true,3349,0
1773234278000,64.1095983333333,-21.84165,2.0,0.0,0.0,true,3350,0
1773234281000,64.1095983333333,-21.84165,3.0,0.0,0.0,true,3351,0
1773234281000,64.1095983333333,-21.84165,0.0,0.0,0.0,true,3352,0
1773234283000,64.1095983333333,-21.84165,2.0,0.0,0.0,true,3353,0
1773234286000,64.1095983333333,-21.84165,3.0,0.0,0.0,true,3354,0
1773234286000,64.1095983333333,-21.84165,0.0,0.0,0.0,true,3355,0
1773234292000,64.1095983333333,-21.84165,6.0,0.0,0.0,true,3356,0
1773234294000,64.1095983333333,-21.84165,2.0,0.0,0.0,true,3357,0
1773234294000,64.1095983333333,-21.84165,0.0,0.0,0.0,true,3358,0
1773234297000,64.1095983333333,-21.84165,3.0,0.0,0.0,true,3359,0
1773234301000,64.1095983333333,-21.84165,4.0,0.0,0.0,true,3360,0
1773234301000,64.1095983333333,-21.84165,0.0,0.0,0.0,true,3361,0
1773234301000,64.1095983333333,-21.84165,0.0,0.0,0.0,true,3362,0
1773234307000,64.1095983333333,-21.84165,6.0,0.0,0.0,true,3363,0
1773234307000,64.1095983333333,-21.84165,0.0,0.0,0.0,true,3364,0
1773234309000,64.1095983333333,-21.84165,2.0,0.0,0.0,true,3365,0
1773234309000,64.1095983333333,-21.84165,0.0,0.0,0.0,true,3366,0
1773234312000,64.1095983333333,-21.84165,3.0,0.0,0.0,true,3367,0
1773234314000,64.1095983333333,-21.84165,2.0,0.0,0.0,true,3368,0
1773234314000,64.1095983333333,-21.84165,0.0,0.0,0.0,true,3369,0
1773234317000,64.1095983333333,-21.84165,3.0,0.0,0.0,true,3370,0
1773234319000,64.1095983333333,-21.84165,2.0,0.0,0.0,true,3371,0
1773234319000,64.1095983333333,-21.84165,0.0,0.0,0.0,true,3372,0
1773234322000,64.1095983333333,-21.84165,3.0,0.0,0.0,true,3373,0
1773234327000,64.1095983333333,-21.84165,5.0,0.0,0.0,true,3374,0
1773234327000,64.1095983333333,-21.84165,0.0,0.0,0.0,true,3375,0
1773234327000,64.1095983333333,-21.84165,0.0,0.0,0.0,true,3376,0
1773234333000,64.1095983333333,-21.84165,6.0,0.0,0.0,true,3377,0
1773234333000,64.1095983333333,-21.84165,0.0,0.0,0.0,true,3378,0
1773234336000,64.1095983333333,-21.84165,3.0,0.0,0.0,true,3379,0
1773234336000,64.1095983333333,-21.84165,0.0,0.0,0.0,true,3380,0
1773234339000,64.1095983333333,-21.84165,3.0,0.0,0.0,true,3381,0
1773234342000,64.1095983333333,-21.84165,3.0,0.0,0.0,true,3382,0
1773234342000,64.1095983333333,-21.84165,0.0,0.0,0.0,true,3383,0
1773234347000,64.1095983333333,-21.84165,5.0,0.0,0.0,true,3384,0
1773234350000,64.1095983333333,-21.84165,3.0,0.0,0.0,true,3385,0
1773234350000,64.1095983333333,-21.84165,0.0,0.0,0.0,true,3386,0
1773234354000,64.1095983333333,-21.84165,4.0,0.0,0.0,true,3387,0
1773234356000,64.1095983333333,-21.84165,2.0,0.0,0.0,true,3388,0
1773234356000,64.1095983333333,-21.84165,0.0,0.0,0.0,true,3389,0
1773234360000,64.1095983333333,-21.84165,4.0,0.0,0.0,true,3390,0
1773234362000,64.1095983333333,-21.84165,2.0,0.0,0.0,true,3391,0
1773234362000,64.1095983333333,-21.84165,0.0,0.0,0.0,true,3392,0
1773234362000,64.1095983333333,-21.84165,0.0,0.0,0.0,true,3393,0
1773234362000,64.1095983333333,-21.84165,0.0,0.0,0.0,true,3394,0
1773234366000,64.1095983333333,-21.84165,4.0,0.0,0.0,true,3395,0
1773234373000,64.1095983333333,-21.84165,7.0,0.0,0.0,true,3396,0
1773234373000,64.1095983333333,-21.84165,0.0,0.0,0.0,true,3397,0
1773234375000,64.1095983333333,-21.84165,2.0,0.0,0.0,true,3398,0
1773234378000,64.1095983333333,-21.84165,3.0,0.0,0.0,true,3399,0
1773234378000,64.1095983333333,-21.84165,0.0,0.0,0.0,true,3400,0
1773234380000,64.1095983333333,-21.84165,2.0,0.0,0.0,true,3401,0
1773234384000,64.1095983333333,-21.84165,4.0,0.0,0.0,true,3402,0
1773234384000,64.1095983333333,-21.84165,0.0,0.0,0.0,true,3403,0
1773234386000,64.1095983333333,-21.84165,2.0,0.0,0.0,true,3404,0
1773234390000,64.1095983333333,-21.84165,4.0,0.0,0.0,true,3405,0
1773234390000,64.1095983333333,-21.84165,0.0,0.0,0.0,true,3406,0
1773234393000,64.1095983333333,-21.84165,3.0,0.0,0.0,true,3407,0
1773234397000,64.1095983333333,-21.84165,4.0,0.0,0.0,true,3408,0
1773234397000,64.1095983333333,-21.84165,0.0,0.0,0.0,true,3409,0
1773234400000,64.1095983333333,-21.84165,3.0,0.0,0.0,true,3410,0
1773234400000,64.1095983333333,-21.84165,0.0,0.0,0.0,true,3411,0
1773234403000,64.1095983333333,-21.84165,3.0,0.0,0.0,true,3412,0
1773234406000,64.1095983333333,-21.84165,3.0,0.0,0.0,true,3413,0
1773234406000,64.1095983333333,-21.84165,0.0,0.0,0.0,true,3414,0
1773234408000,64.1095983333333,-21.84165,2.0,0.0,0.0,true,3415,0
1773234411000,64.1095983333333,-21.84165,3.0,0.0,0.0,true,3416,0
1773234411000,64.1095983333333,-21.84165,0.0,0.0,0.0,true,3417,0
1773234413000,64.1095983333333,-21.84165,2.0,0.0,0.0,true,3418,0
1773234417000,64.1095983333333,-21.84165,4.0,0.0,0.0,true,3419,0
1773234417000,64.1095983333333,-21.84165,0.0,0.0,0.0,true,3420,0
1773234422000,64.1095983333333,-21.84165,5.0,0.0,0.0,true,3421,0
1773234422000,64.1095983333333,-21.84165,0.0,0.0,0.0,true,3422,0
1773234424000,64.1095983333333,-21.84165,2.0,0.0,0.0,true,3423,0
1773234428000,64.1095983333333,-21.84165,4.0,0.0,0.0,true,3424,0
1773234428000,64.1095983333333,-21.84165,0.0,0.0,0.0,true,3425,0
1773234428000,64.1095983333333,-21.84165,0.0,0.0,0.0,true,3426,0
1773234433000,64.1095983333333,-21.84165,5.0,0.0,0.0,true,3427,0
1773234436000,64.1095983333333,-21.84165,3.0,0.0,0.0,true,3428,0
1773234436000,64.1095983333333,-21.84165,0.0,0.0,0.0,true,3429,0
1773234441000,64.1095983333333,-21.84165,5.0,0.0,0.0,true,3430,0
1773234444000,64.1095983333333,-21.84165,3.0,0.0,0.0,true,3431,0
1773234446000,64.1095983333333,-21.84165,2.0,0.0,0.0,true,3432,0
1773234450000,64.1095983333333,-21.84165,4.0,0.0,0.0,true,3433,0
1773234450000,64.1095983333333,-21.84165,0.0,0.0,0.0,true,3434,0
1773234452000,64.1095983333333,-21.84165,2.0,0.0,0.0,true,3435,0
1773234454000,64.1095983333333,-21.84165,2.0,0.0,0.0,true,3436,0
1773234454000,64.1095983333333,-21.84165,0.0,0.0,0.0,true,3437,0
1773234454000,64.1095983333333,-21.84165,0.0,0.0,0.0,true,3438,0
1773234456000,64.1095983333333,-21.84165,2.0,0.0,0.0,true,3439,0
1773234459000,64.1095983333333,-21.84165,3.0,0.0,0.0,true,3440,0
1773234463000,64.1095983333333,-21.84165,4.0,0.0,0.0,true,3441,0
1773234466000,64.1095983333333,-21.84165,3.0,0.0,0.0,true,3442,0
1773234469000,64.1095983333333,-21.84165,3.0,0.0,0.0,true,3443,0
1773234469000,64.1095983333333,-21.84165,0.0,0.0,0.0,true,3444,0
1773234469000,64.1095983333333,-21.84165,0.0,0.0,0.0,true,3445,0
1773234473000,64.1095983333333,-21.84165,4.0,0.0,0.0,true,3446,0
1773234473000,64.1095983333333,-21.84165,0.0,0.0,0.0,true,3447,0
1773234476000,64.1095983333333,-21.84165,3.0,0.0,0.0,true,3448,0
1773234478000,64.1095983333333,-21.84165,2.0,0.0,0.0,true,3449,0
1773234478000,64.1095983333333,-21.84165,0.0,0.0,0.0,true,3450,0
1773234481000,64.1095983333333,-21.84165,3.0,0.0,0.0,true,3451,0
1773234481000,64.1095983333333,-21.84165,0.0,0.0,0.0,true,3452,0
1773234486000,64.1095983333333,-21.84165,5.0,0.0,0.0,true,3453,0
1773234486000,64.1095983333333,-21.84165,0.0,0.0,0.0,true,3454,0
1773234493000,64.1095983333333,-21.84165,7.0,0.0,0.0,true,3455,0
1773234493000,64.1095983333333,-21.84165,0.0,0.0,0.0,true,3456,0
1773234496000,64.1095983333333,-21.84165,3.0,0.0,0.0,true,3457,0
1773234499000,64.1095983333333,-21.84165,3.0,0.0,0.0,true,3458,0
1773234499000,64.1095983333333,-21.84165,0.0,0.0,0.0,true,3459,0
1773234501000,64.1095983333333,-21.84165,2.0,0.0,0.0,true,3460,0
1773234501000,64.1095983333333,-21.84165,0.0,0.0,0.0,true,3461,0
1773234504000,64.1095983333333,-21.84165,3.0,0.0,0.0,true,3462,0
1773234506000,64.1095983333333,-21.84165,2.0,0.0,0.0,true,3463,0
1773234510000,64.1095983333333,-21.84165,4.0,0.0,0.0,true,3464,0
1773234510000,64.1095983333333,-21.84165,0.0,0.0,0.0,true,3465,0
1773234510000,64.1095983333333,-21.84165,0.0,0.0,0.0,true,3466,0
1773234516000,64.1095983333333,-21.84165,6.0,0.0,0.0,true,3467,0
1773234518000,64.1095983333333,-21.84165,2.0,0.0,0.0,true,3468,0
1773234521000,64.1095983333333,-21.84165,3.0,0.0,0.0,true,3469,0
1773234521000,64.1095983333333,-21.84165,0.0,0.0,0.0,true,3470,0
1773234526000,64.1095983333333,-21.84165,5.0,0.0,0.0,true,3471,0
1773234526000,64.1095983333333,-21.84165,0.0,0.0,0.0,true,3472,0
1773234531000,64.1095983333333,-21.84165,5.0,0.0,0.0,true,3473,0
1773234533000,64.1095983333333,-21.84165,2.0,0.0,0.0,true,3474,0
1773234536000,64.1095983333333,-21.84165,3.0,0.0,0.0,true,3475,0
1773234536000,64.1095983333333,-21.84165,0.0,0.0,0.0,true,3476,0
1773234538000,64.1095983333333,-21.84165,2.0,0.0,0.0,true,3477,0
1773234538000,64.1095983333333,-21.84165,0.0,0.0,0.0,true,3478,0
1773234541000,64.1095983333333,-21.84165,3.0,0.0,0.0,true,3479,0
1773234545000,64.1095983333333,-21.84165,4.0,0.0,0.0,true,3480,0
1773234547000,64.1095983333333,-21.84165,2.0,0.0,0.0,true,3481,0
1773234547000,64.1095983333333,-21.84165,0.0,0.0,0.0,true,3482,0
1773234553000,64.1095983333333,-21.84165,6.0,0.0,0.0,true,3483,0
1773234553000,64.1095983333333,-21.84165,0.0,0.0,0.0,true,3484,0
1773234553000,64.1095983333333,-21.84165,0.0,0.0,0.0,true,3485,0
1773234558000,64.1095983333333,-21.84165,5.0,0.0,0.0,true,3486,0
1773234558000,64.1095983333333,-21.84165,0.0,0.0,0.0,true,3487,0
1773234562000,64.1095983333333,-21.84165,4.0,0.0,0.0,true,3488,0
1773234564000,64.1095983333333,-21.84165,2.0,0.0,0.0,true,3489,0
1773234564000,64.1095983333333,-21.84165,0.0,0.0,0.0,true,3490,0
1773234566000,64.1095983333333,-21.84165,2.0,0.0,0.0,true,3491,0
1773234570000,64.1095983333333,-21.84165,4.0,0.0,0.0,true,3492,0
1773234570000,64.1095983333333,-21.84165,0.0,0.0,0.0,true,3493,0
1773234574000,64.1095983333333,-21.84165,4.0,0.0,0.0,true,3494,0
1773234574000,64.1095983333333,-21.84165,0.0,0.0,0.0,true,3495,0
1773234574000,64.1095983333333,-21.84165,0.0,0.0,0.0,true,3496,0
1773234580000,64.1095983333333,-21.84165,6.0,0.0,0.0,true,3497,0
1773234580000,64.1095983333333,-21.84165,0.0,0.0,0.0,true,3498,0
1773234583000,64.1095983333333,-21.84165,3.0,0.0,0.0,true,3499,0
1773234585000,64.1095983333333,-21.84165,2.0,0.0,0.0,true,3500,0
1773234585000,64.1095983333333,-21.84165,0.0,0.0,0.0,true,3501,0
1773234588000,64.1095983333333,-21.84165,3.0,0.0,0.0,true,3502,0
1773234593000,64.1095983333333,-21.84165,5.0,0.0,0.0,true,3503,0
1773234593000,64.1095983333333,-21.84165,0.0,0.0,0.0,true,3504,0
1773234593000,64.1095983333333,-21.84165,0.0,0.0,0.0,true,3505,0
1773234593000,64.1095983333333,-21.84165,0.0,0.0,0.0,true,3506,0
1773234600000,64.1095983333333,-21.84165,7.0,0.0,0.0,true,3507,0
1773234600000,64.1095983333333,-21.84165,0.0,0.0,0.0,true,3508,0
1773234602000,64.1095983333333,-21.84165,2.0,0.0,0.0,true,3509,0
1773234605000,64.1095983333333,-21.84165,3.0,0.0,0.0,true,3510,0
1773234605000,64.1095983333333,-21.84165,0.0,0.0,0.0,true,3511,0
1773234609000,64.1095983333333,-21.84165,4.0,0.0,0.0,true,3512,0
1773234611000,64.1095983333333,-21.84165,2.0,0.0,0.0,true,3513,0
1773234613000,64.1095983333333,-21.84165,2.0,0.0,0.0,true,3514,0
1773234613000,64.1095983333333,-21.84165,0.0,0.0,0.0,true,3515,0
1773234617000,64.1095983333333,-21.84165,4.0,0.0,0.0,true,3516,0
1773234621000,64.1095983333333,-21.84165,4.0,0.0,0.0,true,3517,0
1773234621000,64.1095983333333,-21.84165,0.0,0.0,0.0,true,3518,0
1773234623000,64.1095983333333,-21.84165,2.0,0.0,0.0,true,3519,0
1773234626000,64.1095983333333,-21.84165,3.0,0.0,0.0,true,3520,0
1773234628000,64.1095983333333,-21.84165,2.0,0.0,0.0,true,3521,0
1773234628000,64.1095983333333,-21.84165,0.0,0.0,0.0,true,3522,0
1773234628000,64.1095983333333,-21.84165,0.0,0.0,0.0,true,3523,0
1773234634000,64.1095983333333,-21.84165,6.0,0.0,0.0,true,3524,0
1773234634000,64.1095983333333,-21.84165,0.0,0.0,0.0,true,3525,0
1773234634000,64.1095983333333,-21.84165,0.0,0.0,0.0,true,3526,0
1773234638000,64.1095983333333,-21.84165,4.0,0.0,0.0,true,3527,0
1773234642000,64.1095983333333,-21.84165,4.0,0.0,0.0,true,3528,0
1773234642000,64.1095983333333,-21.84165,0.0,0.0,0.0,true,3529,0
1773234645000,64.1095983333333,-21.84165,3.0,0.0,0.0,true,3530,0
1773234648000,64.1095983333333,-21.84165,3.0,0.0,0.0,true,3531,0
1773234648000,64.1095983333333,-21.84165,0.0,0.0,0.0,true,3532,0
1773234651000,64.1095983333333,-21.84165,3.0,0.0,0.0,true,3533,0
1773234655000,64.1095983333333,-21.84165,4.0,0.0,0.0,true,3534,0
1773234658000,64.1095983333333,-21.84165,3.0,0.0,0.0,true,3535,0
1773234662000,64.1095983333333,-21.84165,4.0,0.0,0.0,true,3536,0
1773234664000,64.1095983333333,-21.84165,2.0,0.0,0.0,true,3537,0
1773234664000,64.1095983333333,-21.84165,0.0,0.0,0.0,true,3538,0
1773234668000,64.1095983333333,-21.84165,4.0,0.0,0.0,true,3539,0
1773234670000,64.1095983333333,-21.84165,2.0,0.0,0.0,true,3540,0
1773234674000,64.1095983333333,-21.84165,4.0,0.0,0.0,true,3541,0
1773234674000,64.1095983333333,-21.84165,0.0,0.0,0.0,true,3542,0
1773234674000,64.1095983333333,-21.84165,0.0,0.0,0.0,true,3543,0
1773234678000,64.1095983333333,-21.84165,4.0,0.0,0.0,true,3544,0
1773234678000,64.1095983333333,-21.84165,0.0,0.0,0.0,true,3545,0
1773234678000,64.1095983333333,-21.84165,0.0,0.0,0.0,true,3546,0
1773234683000,64.1095983333333,-21.84165,5.0,0.0,0.0,true,3547,0
1773234683000,64.1095983333333,-21.84165,0.0,0.0,0.0,true,3548,0
1773234687000,64.1095983333333,-21.84165,4.0,0.0,0.0,true,3549,0
1773234689000,64.1095983333333,-21.84165,2.0,0.0,0.0,true,3550,0
1773234693000,64.1095983333333,-21.84165,4.0,0.0,0.0,true,3551,0
1773234695000,64.1095983333333,-21.84165,2.0,0.0,0.0,true,3552,0
1773234695000,64.1095983333333,-21.84165,0.0,0.0,0.0,true,3553,0
1773234699000,64.1095983333333,-21.84165,4.0,0.0,0.0,true,3554,0
1773234702000,64.1095983333333,-21.84165,3.0,0.0,0.0,true,3555,0
1773234702000,64.1095983333333,-21.84165,0.0,0.0,0.0,true,3556,0
1773234704000,64.1095983333333,-21.84165,2.0,0.0,0.0,true,3557,0
1773234706000,64.1095983333333,-21.84165,2.0,0.0,0.0,true,3558,0
1773234706000,64.1095983333333,-21.84165,0.0,0.0,0.0,true,3559,0
1773234706000,64.1095983333333,-21.84165,0.0,0.0,0.0,true,3560,0
1773234706000,64.1095983333333,-21.84165,0.0,0.0,0.0,true,3561,0
1773234713000,64.1095983333333,-21.84165,7.0,0.0,0.0,true,3562,0
1773234718000,64.1095983333333,-21.84165,5.0,0.0,0.0,true,3563,0
1773234718000,64.1095983333333,-21.84165,0.0,0.0,0.0,true,3564,0
1773234720000,64.1095983333333,-21.84165,2.0,0.0,0.0,true,3565,0
1773234722000,64.1095983333333,-21.84165,2.0,0.0,0.0,true,3566,0
1773234722000,64.1095983333333,-21.84165,0.0,0.0,0.0,true,3567,0
1773234726000,64.1095983333333,-21.84165,4.0,0.0,0.0,true,3568,0
1773234726000,64.1095983333333,-21.84165,0.0,0.0,0.0,true,3569,0
1773234728000,64.1095983333333,-21.84165,2.0,0.0,0.0,true,3570,0
1773234728000,64.1095983333333,-21.84165,0.0,0.0,0.0,true,3571,0
1773234732000,64.1095983333333,-21.84165,4.0,0.0,0.0,true,3572,0
1773234738000,64.1095983333333,-21.84165,6.0,0.0,0.0,true,3573,0
1773234738000,64.1095983333333,-21.84165,0.0,0.0,0.0,true,3574,0
1773234738000,64.1095983333333,-21.84165,0.0,0.0,0.0,true,3575,0
1773234738000,64.1095983333333,-21.84165,0.0,0.0,0.0,true,3576,0
1773234743000,64.1095983333333,-21.84165,5.0,0.0,0.0,true,3577,0
1773234745000,64.1095983333333,-21.84165,2.0,0.0,0.0,true,3578,0
1773234749000,64.1095983333333,-21.84165,4.0,0.0,0.0,true,3579,0
1773234751000,64.1095983333333,-21.84165,2.0,0.0,0.0,true,3580,0
1773234751000,64.1095983333333,-21.84165,0.0,0.0,0.0,true,3581,0
1773234753000,64.1095983333333,-21.84165,2.0,0.0,0.0,true,3582,0
1773234753000,64.1095983333333,-21.84165,0.0,0.0,0.0,true,3583,0
1773234756000,64.1095983333333,-21.84165,3.0,0.0,0.0,true,3584,0
1773234760000,64.1095983333333,-21.84165,4.0,0.0,0.0,true,3585,0
1773234760000,64.1095983333333,-21.84165,0.0,0.0,0.0,true,3586,0
1773234762000,64.1095983333333,-21.84165,2.0,0.0,0.0,true,3587,0
1773234764000,64.1095983333333,-21.84165,2.0,0.0,0.0,true,3588,0
1773234764000,64.1095983333333,-21.84165,0.0,0.0,0.0,true,3589,0
1773234770000,64.1095983333333,-21.84165,6.0,0.0,0.0,true,3590,0
1773234770000,64.1095983333333,-21.84165,0.0,0.0,0.0,true,3591,0
1773234774000,64.1095983333333,-21.84165,4.0,0.0,0.0,true,3592,0
1773234774000,64.1095983333333,-21.84165,0.0,0.0,0.0,true,3593,0
1773234774000,64.1095983333333,-21.84165,0.0,0.0,0.0,true,3594,0
1773234779000,64.1095983333333,-21.84165,5.0,0.0,0.0,true,3595,0
1773234781000,64.1095983333333,-21.84165,2.0,0.0,0.0,true,3596,0
1773234785000,64.1095983333333,-21.84165,4.0,0.0,0.0,true,3597,0
1773234785000,64.1095983333333,-21.84165,0.0,0.0,0.0,true,3598,0
1773234787000,64.1095983333333,-21.84165,2.0,0.0,0.0,true,3599,0
1773234789000,64.1095983333333,-21.84165,2.0,0.0,0.0,true,3600,0
1773234792000,64.1095983333333,-21.84165,3.0,0.0,0.0,true,3601,0
1773234794000,64.1095983333333,-21.84165,2.0,0.0,0.0,true,3602,0
1773234794000,64.1095983333333,-21.84165,0.0,0.0,0.0,true,3603,0
1773234798000,64.1095983333333,-21.84165,4.0,0.0,0.0,true,3604,0
1773234800000,64.1095983333333,-21.84165,2.0,0.0,0.0,true,3605,0
1773234800000,64.1095983333333,-21.84165,0.0,0.0,0.0,true,3606,0
1773234804000,64.1095983333333,-21.84165,4.0,0.0,0.0,true,3607,0
1773234804000,64.1095983333333,-21.84165,0.0,0.0,0.0,true,3608,0
1773234806000,64.1095983333333,-21.84165,2.0,0.0,0.0,true,3609,0
1773234810000,64.1095983333333,-21.84165,4.0,0.0,0.0,true,3610,0
1773234810000,64.1095983333333,-21.84165,0.0,0.0,0.0,true,3611,0
1773234812000,64.1095983333333,-21.84165,2.0,0.0,0.0,true,3612,0
1773234817000,64.1095983333333,-21.84165,5.0,0.0,0.0,true,3613,0
1773234817000,64.1095983333333,-21.84165,0.0,0.0,0.0,true,3614,0
1773234819000,64.1095983333333,-21.84165,2.0,0.0,0.0,true,3615,0
1773234823000,64.1095983333333,-21.84165,4.0,0.0,0.0,true,3616,0
1773234823000,64.1095983333333,-21.84165,0.0,0.0,0.0,true,3617,0
1773234825000,64.1095983333333,-21.84165,2.0,0.0,0.0,true,3618,0
1773234825000,64.1095983333333,-21.84165,0.0,0.0,0.0,true,3619,0
1773234829000,64.1095983333333,-21.84165,4.0,0.0,0.0,true,3620,0
1773234831000,64.1095983333333,-21.84165,2.0,0.0,0.0,true,3621,0
1773234831000,64.1095983333333,-21.84165,0.0,0.0,0.0,true,3622,0
1773234833000,64.1095983333333,-21.84165,2.0,0.0,0.0,true,3623,0
1773234835000,64.1095983333333,-21.84165,2.0,0.0,0.0,true,3624,0
1773234838000,64.1095983333333,-21.84165,3.0,0.0,0.0,true,3625,0
1773234838000,64.1095983333333,-21.84165,0.0,0.0,0.0,true,3626,0
1773234843000,64.1095983333333,-21.84165,5.0,0.0,0.0,true,3627,0
1773234843000,64.1095983333333,-21.84165,0.0,0.0,0.0,true,3628,0
1773234848000,64.1095983333333,-21.84165,5.0,0.0,0.0,true,3629,0
1773234850000,64.1095983333333,-21.84165,2.0,0.0,0.0,true,3630,0
1773234850000,64.1095983333333,-21.84165,0.0,0.0,0.0,true,3631,0
1773234853000,64.1095983333333,-21.84165,3.0,0.0,0.0,true,3632,0
1773234853000,64.1095983333333,-21.84165,0.0,0.0,0.0,true,3633,0
1773234856000,64.1095983333333,-21.84165,3.0,0.0,0.0,true,3634,0
1773234859000,64.1095983333333,-21.84165,3.0,0.0,0.0,true,3635,0
1773234861000,64.1095983333333,-21.84165,2.0,0.0,0.0,true,3636,0
1773234861000,64.1095983333333,-21.84165,0.0,0.0,0.0,true,3637,0
1773234865000,64.1095983333333,-21.84165,4.0,0.0,0.0,true,3638,0
1773234865000,64.1095983333333,-21.84165,0.0,0.0,0.0,true,3639,0
1773234870000,64.1095983333333,-21.84165,5.0,0.0,0.0,true,3640,0
1773234870000,64.1095983333333,-21.84165,0.0,0.0,0.0,true,3641,0
1773234874000,64.1095983333333,-21.84165,4.0,0.0,0.0,true,3642,0
1773234876000,64.1095983333333,-21.84165,2.0,0.0,0.0,true,3643,0
1773234876000,64.1095983333333,-21.84165,0.0,0.0,0.0,true,3644,0
1773234876000,64.1095983333333,-21.84165,0.0,0.0,0.0,true,3645,0
1773234879000,64.1095983333333,-21.84165,3.0,0.0,0.0,true,3646,0
1773234885000,64.1095983333333,-21.84165,6.0,0.0,0.0,true,3647,0
1773234885000,64.1095983333333,-21.84165,0.0,0.0,0.0,true,3648,0
1773234894000,64.1095983333333,-21.84165,9.0,0.0,0.0,true,3649,0
1773234894000,64.1095983333333,-21.84165,0.0,0.0,0.0,true,3650,0
1773234896000,64.1095983333333,-21.84165,2.0,0.0,0.0,true,3651,0
1773234898000,64.1095983333333,-21.84165,2.0,0.0,0.0,true,3652,0
1773234900000,64.1095983333333,-21.84165,2.0,0.0,0.0,true,3653,0
1773234905000,64.1095983333333,-21.84165,5.0,0.0,0.0,true,3654,0
1773234905000,64.1095983333333,-21.84165,0.0,0.0,0.0,true,3655,0
1773234907000,64.1095983333333,-21.84165,2.0,0.0,0.0,true,3656,0
1773234911000,64.1095983333333,-21.84165,4.0,0.0,0.0,true,3657,0
1773234911000,64.1095983333333,-21.84165,0.0,0.0,0.0,true,3658,0
1773234913000,64.1095983333333,-21.84165,2.0,0.0,0.0,true,3659,0
1773234913000,64.1095983333333,-21.84165,0.0,0.0,0.0,true,3660,0
1773234919000,64.1095983333333,-21.84165,6.0,0.0,0.0,true,3661,0
1773234919000,64.1095983333333,-21.84165,0.0,0.0,0.0,true,3662,0
1773234921000,64.1095983333333,-21.84165,2.0,0.0,0.0,true,3663,0
1773234925000,64.1095983333333,-21.84165,4.0,0.0,0.0,true,3664,0
1773234925000,64.1095983333333,-21.84165,0.0,0.0,0.0,true,3665,0
1773234925000,64.1095983333333,-21.84165,0.0,0.0,0.0,true,3666,0
1773234928000,64.1095983333333,-21.84165,3.0,0.0,0.0,true,3667,0
1773234930000,64.1095983333333,-21.84165,2.0,0.0,0.0,true,3668,0
1773234935000,64.1095983333333,-21.84165,5.0,0.0,0.0,true,3669,0
1773234937000,64.1095983333333,-21.84165,2.0,0.0,0.0,true,3670,0
1773234937000,64.1095983333333,-21.84165,0.0,0.0,0.0,true,3671,0
1773234939000,64.1095983333333,-21.84165,2.0,0.0,0.0,true,3672,0
1773234941000,64.1095983333333,-21.84165,2.0,0.0,0.0,true,3673,0
1773234945000,64.1095983333333,-21.84165,4.0,0.0,0.0,true,3674,0
1773234945000,64.1095983333333,-21.84165,0.0,0.0,0.0,true,3675,0
1773234949000,64.1095983333333,-21.84165,4.0,0.0,0.0,true,3676,0
1773234949000,64.1095983333333,-21.84165,0.0,0.0,0.0,true,3677,0
1773234951000,64.1095983333333,-21.84165,2.0,0.0,0.0,true,3678,0
1773234954000,64.1095983333333,-21.84165,3.0,0.0,0.0,true,3679,0
1773234956000,64.1095983333333,-21.84165,2.0,0.0,0.0,true,3680,0
1773234956000,64.1095983333333,-21.84165,0.0,0.0,0.0,true,3681,0
1773234958000,64.1095983333333,-21.84165,2.0,0.0,0.0,true,3682,0
1773234958000,64.1095983333333,-21.84165,0.0,0.0,0.0,true,3683,0
1773234964000,64.1095983333333,-21.84165,6.0,0.0,0.0,true,3684,0
1773234964000,64.1095983333333,-21.84165,0.0,0.0,0.0,true,3685,0
1773234968000,64.1095983333333,-21.84165,4.0,0.0,0.0,true,3686,0
1773234970000,64.1095983333333,-21.84165,2.0,0.0,0.0,true,3687,0
1773234970000,64.1095983333333,-21.84165,0.0,0.0,0.0,true,3688,0
1773234973000,64.1095983333333,-21.84165,3.0,0.0,0.0,true,3689,0
1773234975000,64.1095983333333,-21.84165,2.0,0.0,0.0,true,3690,0
1773234975000,64.1095983333333,-21.84165,0.0,0.0,0.0,true,3691,0
1773234979000,64.1095983333333,-21.84165,4.0,0.0,0.0,true,3692,0
1773234981000,64.1095983333333,-21.84165,2.0,0.0,0.0,true,3693,0
1773234983000,64.1095983333333,-21.84165,2.0,0.0,0.0,true,3694,0
1773234985000,64.1095983333333,-21.84165,2.0,0.0,0.0,true,3695,0
1773234990000,64.1095983333333,-21.84165,5.0,0.0,0.0,true,3696,0
1773234992000,64.1095983333333,-21.84165,2.0,0.0,0.0,true,3697,0
1773234992000,64.1095983333333,-21.84165,0.0,0.0,0.0,true,3698,0
1773234994000,64.1095983333333,-21.84165,2.0,0.0,0.0,true,3699,0
1773234994000,64.1095983333333,-21.84165,0.0,0.0,0.0,true,3700,0
1773234998000,64.1095983333333,-21.84165,4.0,0.0,0.0,true,3701,0
1773235004000,64.1095983333333,-21.84165,6.0,0.0,0.0,true,3702,0
1773235004000,64.1095983333333,-21.84165,0.0,0.0,0.0,true,3703,0
1773235006000,64.1095983333333,-21.84165,2.0,0.0,0.0,true,3704,0
1773235008000,64.1095983333333,-21.84165,2.0,0.0,0.0,true,3705,0
1773235008000,64.1095983333333,-21.84165,0.0,0.0,0.0,true,3706,0
1773235010000,64.1095983333333,-21.84165,2.0,0.0,0.0,true,3707,0
1773235015000,64.1095983333333,-21.84165,5.0,0.0,0.0,true,3708,0
1773235015000,64.1095983333333,-21.84165,0.0,0.0,0.0,true,3709,0
1773235017000,64.1095983333333,-21.84165,2.0,0.0,0.0,true,3710,0
1773235022000,64.1095983333333,-21.84165,5.0,0.0,0.0,true,3711,0
1773235022000,64.1095983333333,-21.84165,0.0,0.0,0.0,true,3712,0
1773235024000,64.1095983333333,-21.84165,2.0,0.0,0.0,true,3713,0
1773235024000,64.1095983333333,-21.84165,0.0,0.0,0.0,true,3714,0
1773235028000,64.1095983333333,-21.84165,4.0,0.0,0.0,true,3715,0
1773235030000,64.1095983333333,-21.84165,2.0,0.0,0.0,true,3716,0
1773235030000,64.1095983333333,-21.84165,0.0,0.0,0.0,true,3717,0
1773235032000,64.1095983333333,-21.84165,2.0,0.0,0.0,true,3718,0
1773235035000,64.1095983333333,-21.84165,3.0,0.0,0.0,true,3719,0
1773235035000,64.1095983333333,-21.84165,0.0,0.0,0.0,true,3720,0
1773235039000,64.1095983333333,-21.84165,4.0,0.0,0.0,true,3721,0
1773235039000,64.1095983333333,-21.84165,0.0,0.0,0.0,true,3722,0
1773235045000,64.1095983333333,-21.84165,6.0,0.0,0.0,true,3723,0
1773235047000,64.1095983333333,-21.84165,2.0,0.0,0.0,true,3724,0
1773235047000,64.1095983333333,-21.84165,0.0,0.0,0.0,true,3725,0
1773235049000,64.1095983333333,-21.84165,2.0,0.0,0.0,true,3726,0
1773235051000,64.1095983333333,-21.84165,2.0,0.0,0.0,true,3727,0
1773235051000,64.1095983333333,-21.84165,0.0,0.0,0.0,true,3728,0
1773235056000,64.1095983333333,-21.84165,5.0,0.0,0.0,true,3729,0
1773235058000,64.1095983333333,-21.84165,2.0,0.0,0.0,true,3730,0
1773235058000,64.1095983333333,-21.84165,0.0,0.0,0.0,true,3731,0
1773235060000,64.1095983333333,-21.84165,2.0,0.0,0.0,true,3732,0
1773235066000,64.1095983333333,-21.84165,6.0,0.0,0.0,true,3733,0
1773235066000,64.1095983333333,-21.84165,0.0,0.0,0.0,true,3734,0
1773235070000,64.1095983333333,-21.84165,4.0,0.0,0.0,true,3735,0
1773235070000,64.1095983333333,-21.84165,0.0,0.0,0.0,true,3736,0
1773235072000,64.1095983333333,-21.84165,2.0,0.0,0.0,true,3737,0
1773235075000,64.1095983333333,-21.84165,3.0,0.0,0.0,true,3738,0
1773235077000,64.1095983333333,-21.84165,2.0,0.0,0.0,true,3739,0
1773235077000,64.1095983333333,-21.84165,0.0,0.0,0.0,true,3740,0
1773235079000,64.1095983333333,-21.84165,2.0,0.0,0.0,true,3741,0
1773235079000,64.1095983333333,-21.84165,0.0,0.0,0.0,true,3742,0
1773235083000,64.1095983333333,-21.84165,4.0,0.0,0.0,true,3743,0
1773235086000,64.1095983333333,-21.84165,3.0,0.0,0.0,true,3744,0
1773235086000,64.1095983333333,-21.84165,0.0,0.0,0.0,true,3745,0
1773235088000,64.1095983333333,-21.84165,2.0,0.0,0.0,true,3746,0
1773235090000,64.1095983333333,-21.84165,2.0,0.0,0.0,true,3747,0
1773235090000,64.1095983333333,-21.84165,0.0,0.0,0.0,true,3748,0
1773235092000,64.1095983333333,-21.84165,2.0,0.0,0.0,true,3749,0
1773235099000,64.1095983333333,-21.84165,7.0,0.0,0.0,true,3750,0
1773235099000,64.1095983333333,-21.84165,0.0,0.0,0.0,true,3751,0
1773235103000,64.1095983333333,-21.84165,4.0,0.0,0.0,true,3752,0
1773235103000,64.1095983333333,-21.84165,0.0,0.0,0.0,true,3753,0
1773235105000,64.1095983333333,-21.84165,2.0,0.0,0.0,true,3754,0
1773235109000,64.1095983333333,-21.84165,4.0,0.0,0.0,true,3755,0
1773235109000,64.1095983333333,-21.84165,0.0,0.0,0.0,true,3756,0
1773235111000,64.1095983333333,-21.84165,2.0,0.0,0.0,true,3757,0
1773235113000,64.1095983333333,-21.84165,2.0,0.0,0.0,true,3758,0
1773235117000,64.1095983333333,-21.84165,4.0,0.0,0.0,true,3759,0
1773235120000,64.1095983333333,-21.84165,3.0,0.0,0.0,true,3760,0
1773235120000,64.1095983333333,-21.84165,0.0,0.0,0.0,true,3761,0
1773235124000,64.1095983333333,-21.84165,4.0,0.0,0.0,true,3762,0
1773235126000,64.1095983333333,-21.84165,2.0,0.0,0.0,true,3763,0
1773235126000,64.1095983333333,-21.84165,0.0,0.0,0.0,true,3764,0
1773235128000,64.1095983333333,-21.84165,2.0,0.0,0.0,true,3765,0
1773235132000,64.1095983333333,-21.84165,4.0,0.0,0.0,true,3766,0
1773235132000,64.1095983333333,-21.84165,0.0,0.0,0.0,true,3767,0
1773235137000,64.1095983333333,-21.84165,5.0,0.0,0.0,true,3768,0
1773235137000,64.1095983333333,-21.84165,0.0,0.0,0.0,true,3769,0
1773235139000,64.1095983333333,-21.84165,2.0,0.0,0.0,true,3770,0
1773235142000,64.1095983333333,-21.84165,3.0,0.0,0.0,true,3771,0
1773235142000,64.1095983333333,-21.84165,0.0,0.0,0.0,true,3772,0
1773235144000,64.1095983333333,-21.84165,2.0,0.0,0.0,true,3773,0
1773235148000,64.1095983333333,-21.84165,4.0,0.0,0.0,true,3774,0
1773235148000,64.1095983333333,-21.84165,0.0,0.0,0.0,true,3775,0
1773235152000,64.1095983333333,-21.84165,4.0,0.0,0.0,true,3776,0
1773235152000,64.1095983333333,-21.84165,0.0,0.0,0.0,true,3777,0
1773235154000,64.1095983333333,-21.84165,2.0,0.0,0.0,true,3778,0
1773235158000,64.1095983333333,-21.84165,4.0,0.0,0.0,true,3779,0
1773235161000,64.1095983333333,-21.84165,3.0,0.0,0.0,true,3780,0
1773235161000,64.1095983333333,-21.84165,0.0,0.0,0.0,true,3781,0
1773235164000,64.1095983333333,-21.84165,3.0,0.0,0.0,true,3782,0
1773235164000,64.1095983333333,-21.84165,0.0,0.0,0.0,true,3783,0
1773235167000,64.1095983333333,-21.84165,3.0,0.0,0.0,true,3784,0
1773235169000,64.1095983333333,-21.84165,2.0,0.0,0.0,true,3785,0
1773235169000,64.1095983333333,-21.84165,0.0,0.0,0.0,true,3786,0
1773235174000,64.1095983333333,-21.84165,5.0,0.0,0.0,true,3787,0
1773235176000,64.1095983333333,-21.84165,2.0,0.0,0.0,true,3788,0
1773235176000,64.1095983333333,-21.84165,0.0,0.0,0.0,true,3789,0
1773235180000,64.1095983333333,-21.84165,4.0,0.0,0.0,true,3790,0
1773235182000,64.1095983333333,-21.84165,2.0,0.0,0.0,true,3791,0
1773235182000,64.1095983333333,-21.84165,0.0,0.0,0.0,true,3792,0
1773235188000,64.1095983333333,-21.84165,6.0,0.0,0.0,true,3793,0
1773235188000,64.1095983333333,-21.84165,0.0,0.0,0.0,true,3794,0
1773235188000,64.1095983333333,-21.84165,0.0,0.0,0.0,true,3795,0
1773235193000,64.1095983333333,-21.84165,5.0,0.0,0.0,true,3796,0
1773235193000,64.1095983333333,-21.84165,0.0,0.0,0.0,true,3797,0
1773235195000,64.1095983333333,-21.84165,2.0,0.0,0.0,true,3798,0
1773235197000,64.1095983333333,-21.84165,2.0,0.0,0.0,true,3799,0
1773235197000,64.1095983333333,-21.84165,0.0,0.0,0.0,true,3800,0
1773235201000,64.1095983333333,-21.84165,4.0,0.0,0.0,true,3801,0
1773235201000,64.1095983333333,-21.84165,0.0,0.0,0.0,true,3802,0
1773235205000,64.1095983333333,-21.84165,4.0,0.0,0.0,true,3803,0
1773235209000,64.1095983333333,-21.84165,4.0,0.0,0.0,true,3804,0
1773235209000,64.1095983333333,-21.84165,0.0,0.0,0.0,true,3805,0
1773235212000,64.1095983333333,-21.84165,3.0,0.0,0.0,true,3806,0
1773235214000,64.1095983333333,-21.84165,2.0,0.0,0.0,true,3807,0
1773235214000,64.1095983333333,-21.84165,0.0,0.0,0.0,true,3808,0
1773235219000,64.1095983333333,-21.84165,5.0,0.0,0.0,true,3809,0
1773235221000,64.1095983333333,-21.84165,2.0,0.0,0.0,true,3810,0
1773235221000,64.1095983333333,-21.84165,0.0,0.0,0.0,true,3811,0
1773235223000,64.1095983333333,-21.84165,2.0,0.0,0.0,true,3812,0
1773235227000,64.1095983333333,-21.84165,4.0,0.0,0.0,true,3813,0
1773235227000,64.1095983333333,-21.84165,0.0,0.0,0.0,true,3814,0
1773235229000,64.1095983333333,-21.84165,2.0,0.0,0.0,true,3815,0
1773235229000,64.1095983333333,-21.84165,0.0,0.0,0.0,true,3816,0
1773235234000,64.1095983333333,-21.84165,5.0,0.0,0.0,true,3817,0
1773235236000,64.1095983333333,-21.84165,2.0,0.0,0.0,true,3818,0
1773235236000,64.1095983333333,-21.84165,0.0,0.0,0.0,true,3819,0
1773235241000,64.1095983333333,-21.84165,5.0,0.0,0.0,true,3820,0
1773235241000,64.1095983333333,-21.84165,0.0,0.0,0.0,true,3821,0
1773235243000,64.1095983333333,-21.84165,2.0,0.0,0.0,true,3822,0
1773235247000,64.1095983333333,-21.84165,4.0,0.0,0.0,true,3823,0
1773235247000,64.1095983333333,-21.84165,0.0,0.0,0.0,true,3824,0
1773235249000,64.1095983333333,-21.84165,2.0,0.0,0.0,true,3825,0
1773235251000,64.1095983333333,-21.84165,2.0,0.0,0.0,true,3826,0
1773235254000,64.1095983333333,-21.84165,3.0,0.0,0.0,true,3827,0
1773235256000,64.1095983333333,-21.84165,2.0,0.0,0.0,true,3828,0
1773235260000,64.1095983333333,-21.84165,4.0,0.0,0.0,true,3829,0
1773235260000,64.1095983333333,-21.84165,0.0,0.0,0.0,true,3830,0
1773235262000,64.1095983333333,-21.84165,2.0,0.0,0.0,true,3831,0
1773235262000,64.1095983333333,-21.84165,0.0,0.0,0.0,true,3832,0
1773235266000,64.1095983333333,-21.84165,4.0,0.0,0.0,true,3833,0
1773235268000,64.1095983333333,-21.84165,2.0,0.0,0.0,true,3834,0
1773235268000,64.1095983333333,-21.84165,0.0,0.0,0.0,true,3835,0
1773235272000,64.1095983333333,-21.84165,4.0,0.0,0.0,true,3836,0
1773235272000,64.1095983333333,-21.84165,0.0,0.0,0.0,true,3837,0
1773235276000,64.1095983333333,-21.84165,4.0,0.0,0.0,true,3838,0
1773235279000,64.1095983333333,-21.84165,3.0,0.0,0.0,true,3839,0
1773235279000,64.1095983333333,-21.84165,0.0,0.0,0.0,true,3840,0
1773235281000,64.1095983333333,-21.84165,2.0,0.0,0.0,true,3841,0
1773235285000,64.1095983333333,-21.84165,4.0,0.0,0.0,true,3842,0
1773235287000,64.1095983333333,-21.84165,2.0,0.0,0.0,true,3843,0
1773235287000,64.1095983333333,-21.84165,0.0,0.0,0.0,true,3844,0
1773235291000,64.1095983333333,-21.84165,4.0,0.0,0.0,true,3845,0
1773235291000,64.1095983333333,-21.84165,0.0,0.0,0.0,true,3846,0
1773235293000,64.1095983333333,-21.84165,2.0,0.0,0.0,true,3847,0
1773235293000,64.1095983333333,-21.84165,0.0,0.0,0.0,true,3848,0
1773235298000,64.1095983333333,-21.84165,5.0,0.0,0.0,true,3849,0
1773235298000,64.1095983333333,-21.84165,0.0,0.0,0.0,true,3850,0
1773235304000,64.1095983333333,-21.84165,6.0,0.0,0.0,true,3851,0
1773235304000,64.1095983333333,-21.84165,0.0,0.0,0.0,true,3852,0
1773235307000,64.1095983333333,-21.84165,3.0,0.0,0.0,true,3853,0
1773235307000,64.1095983333333,-21.84165,0.0,0.0,0.0,true,3854,0
1773235309000,64.1095983333333,-21.84165,2.0,0.0,0.0,true,3855,0
1773235311000,64.1095983333333,-21.84165,2.0,0.0,0.0,true,3856,0
1773235315000,64.1095983333333,-21.84165,4.0,0.0,0.0,true,3857,0
1773235315000,64.1095983333333,-21.84165,0.0,0.0,0.0,true,3858,0
1773235315000,64.1095983333333,-21.84165,0.0,0.0,0.0,true,3859,0
1773235319000,64.1095983333333,-21.84165,4.0,0.0,0.0,true,3860,0
1773235323000,64.1095983333333,-21.84165,4.0,0.0,0.0,true,3861,0
1773235326000,64.1095983333333,-21.84165,3.0,0.0,0.0,true,3862,0
1773235326000,64.1095983333333,-21.84165,0.0,0.0,0.0,true,3863,0
1773235326000,64.1095983333333,-21.84165,0.0,0.0,0.0,true,3864,0
1773235331000,64.1095983333333,-21.84165,5.0,0.0,0.0,true,3865,0
1773235331000,64.1095983333333,-21.84165,0.0,0.0,0.0,true,3866,0
1773235333000,64.1095983333333,-21.84165,2.0,0.0,0.0,true,3867,0
1773235333000,64.1095983333333,-21.84165,0.0,0.0,0.0,true,3868,0
1773235335000,64.1095983333333,-21.84165,2.0,0.0,0.0,true,3869,0
1773235341000,64.1095983333333,-21.84165,6.0,0.0,0.0,true,3870,0
1773235341000,64.1095983333333,-21.84165,0.0,0.0,0.0,true,3871,0
1773235341000,64.1095983333333,-21.84165,0.0,0.0,0.0,true,3872,0
1773235348000,64.1095983333333,-21.84165,7.0,0.0,0.0,true,3873,0
1773235348000,64.1095983333333,-21.84165,0.0,0.0,0.0,true,3874,0
1773235350000,64.1095983333333,-21.84165,2.0,0.0,0.0,true,3875,0
1773235352000,64.1095983333333,-21.84165,2.0,0.0,0.0,true,3876,0
1773235352000,64.1095983333333,-21.84165,0.0,0.0,0.0,true,3877,0
1773235356000,64.1095983333333,-21.84165,4.0,0.0,0.0,true,3878,0
1773235356000,64.1095983333333,-21.84165,0.0,0.0,0.0,true,3879,0
1773235358000,64.1095983333333,-21.84165,2.0,0.0,0.0,true,3880,0
1773235364000,64.1095983333333,-21.84165,6.0,0.0,0.0,true,3881,0
1773235364000,64.1095983333333,-21.84165,0.0,0.0,0.0,true,3882,0
1773235364000,64.1095983333333,-21.84165,0.0,0.0,0.0,true,3883,0
1773235369000,64.1095983333333,-21.84165,5.0,0.0,0.0,true,3884,0
1773235369000,64.1095983333333,-21.84165,0.0,0.0,0.0,true,3885,0
1773235373000,64.1095983333333,-21.84165,4.0,0.0,0.0,true,3886,0
1773235375000,64.1095983333333,-21.84165,2.0,0.0,0.0,true,3887,0
1773235375000,64.1095983333333,-21.84165,0.0,0.0,0.0,true,3888,0
1773235377000,64.1095983333333,-21.84165,2.0,0.0,0.0,true,3889,0
1773235381000,64.1095983333333,-21.84165,4.0,0.0,0.0,true,3890,0
1773235381000,64.1095983333333,-21.84165,0.0,0.0,0.0,true,3891,0
1773235384000,64.1095983333333,-21.84165,3.0,0.0,0.0,true,3892,0
1773235384000,64.1095983333333,-21.84165,0.0,0.0,0.0,true,3893,0
1773235386000,64.1095983333333,-21.84165,2.0,0.0,0.0,true,3894,0
1773235390000,64.1095983333333,-21.84165,4.0,0.0,0.0,true,3895,0
1773235392000,64.1095983333333,-21.84165,2.0,0.0,0.0,true,3896,0
1773235392000,64.1095983333333,-21.84165,0.0,0.0,0.0,true,3897,0
1773235398000,64.1095983333333,-21.84165,6.0,0.0,0.0,true,3898,0
1773235401000,64.1095983333333,-21.84165,3.0,0.0,0.0,true,3899,0
1773235401000,64.1095983333333,-21.84165,0.0,0.0,0.0,true,3900,0
1773235401000,64.1095983333333,-21.84165,0.0,0.0,0.0,true,3901,0
1773235406000,64.1095983333333,-21.84165,5.0,0.0,0.0,true,3902,0
1773235406000,64.1095983333333,-21.84165,0.0,0.0,0.0,true,3903,0
1773235408000,64.1095983333333,-21.84165,2.0,0.0,0.0,true,3904,0
1773235408000,64.1095983333333,-21.84165,0.0,0.0,0.0,true,3905,0
1773235410000,64.1095983333333,-21.84165,2.0,0.0,0.0,true,3906,0
1773235414000,64.1095983333333,-21.84165,4.0,0.0,0.0,true,3907,0
1773235414000,64.1095983333333,-21.84165,0.0,0.0,0.0,true,3908,0
1773235419000,64.1095983333333,-21.84165,5.0,0.0,0.0,true,3909,0
1773235419000,64.1095983333333,-21.84165,0.0,0.0,0.0,true,3910,0
1773235423000,64.1095983333333,-21.84165,4.0,0.0,0.0,true,3911,0
1773235423000,64.1095983333333,-21.84165,0.0,0.0,0.0,true,3912,0
1773235428000,64.1095983333333,-21.84165,5.0,0.0,0.0,true,3913,0
1773235428000,64.1095983333333,-21.84165,0.0,0.0,0.0,true,3914,0
1773235430000,64.1095983333333,-21.84165,2.0,0.0,0.0,true,3915,0
1773235430000,64.1095983333333,-21.84165,0.0,0.0,0.0,true,3916,0
1773235432000,64.1095983333333,-21.84165,2.0,0.0,0.0,true,3917,0
1773235432000,64.1095983333333,-21.84165,0.0,0.0,0.0,true,3918,0
1773235440000,64.1095983333333,-21.84165,8.0,0.0,0.0,true,3919,0
1773235442000,64.1095983333333,-21.84165,2.0,0.0,0.0,true,3920,0
1773235442000,64.1095983333333,-21.84165,0.0,0.0,0.0,true,3921,0
1773235442000,64.1095983333333,-21.84165,0.0,0.0,0.0,true,3922,0
1773235446000,64.1095983333333,-21.84165,4.0,0.0,0.0,true,3923,0
1773235448000,64.1095983333333,-21.84165,2.0,0.0,0.0,true,3924,0
1773235448000,64.1095983333333,-21.84165,0.0,0.0,0.0,true,3925,0
1773235453000,64.1095983333333,-21.84165,5.0,0.0,0.0,true,3926,0
1773235455000,64.1095983333333,-21.84165,2.0,0.0,0.0,true,3927,0
1773235458000,64.1095983333333,-21.84165,3.0,0.0,0.0,true,3928,0
1773235458000,64.1095983333333,-21.84165,0.0,0.0,0.0,true,3929,0
1773235464000,64.1095983333333,-21.84165,6.0,0.0,0.0,true,3930,0
1773235464000,64.1095983333333,-21.84165,0.0,0.0,0.0,true,3931,0
1773235469000,64.1095983333333,-21.84165,5.0,0.0,0.0,true,3932,0
1773235471000,64.1095983333333,-21.84165,2.0,0.0,0.0,true,3933,0
1773235471000,64.1095983333333,-21.84165,0.0,0.0,0.0,true,3934,0
1773235471000,64.1095983333333,-21.84165,0.0,0.0,0.0,true,3935,0
1773235477000,64.1095983333333,-21.84165,6.0,0.0,0.0,true,3936,0
1773235477000,64.1095983333333,-21.84165,0.0,0.0,0.0,true,3937,0
1773235479000,64.1095983333333,-21.84165,2.0,0.0,0.0,true,3938,0
1773235483000,64.1095983333333,-21.84165,4.0,0.0,0.0,true,3939,0
1773235483000,64.1095983333333,-21.84165,0.0,0.0,0.0,true,3940,0
1773235485000,64.1095983333333,-21.84165,2.0,0.0,0.0,true,3941,0
1773235488000,64.1095983333333,-21.84165,3.0,0.0,0.0,true,3942,0
1773235488000,64.1095983333333,-21.84165,0.0,0.0,0.0,true,3943,0
1773235490000,64.1095983333333,-21.84165,2.0,0.0,0.0,true,3944,0
1773235494000,64.1095983333333,-21.84165,4.0,0.0,0.0,true,3945,0
1773235494000,64.1095983333333,-21.84165,0.0,0.0,0.0,true,3946,0
1773235494000,64.1095983333333,-21.84165,0.0,0.0,0.0,true,3947,0
1773235499000,64.1095983333333,-21.84165,5.0,0.0,0.0,true,3948,0
1773235501000,64.1095983333333,-21.84165,2.0,0.0,0.0,true,3949,0
1773235505000,64.1095983333333,-21.84165,4.0,0.0,0.0,true,3950,0
1773235508000,64.1095983333333,-21.84165,3.0,0.0,0.0,true,3951,0
1773235508000,64.1095983333333,-21.84165,0.0,0.0,0.0,true,3952,0
1773235510000,64.1095983333333,-21.84165,2.0,0.0,0.0,true,3953,0
1773235510000,64.1095983333333,-21.84165,0.0,0.0,0.0,true,3954,0
1773235514000,64.1095983333333,-21.84165,4.0,0.0,0.0,true,3955,0
1773235516000,64.1095983333333,-21.84165,2.0,0.0,0.0,true,3956,0
1773235516000,64.1095983333333,-21.84165,0.0,0.0,0.0,true,3957,0
1773235519000,64.1095983333333,-21.84165,3.0,0.0,0.0,true,3958,0
1773235523000,64.1095983333333,-21.84165,4.0,0.0,0.0,true,3959,0
1773235523000,64.1095983333333,-21.84165,0.0,0.0,0.0,true,3960,0
1773235525000,64.1095983333333,-21.84165,2.0,0.0,0.0,true,3961,0
1773235529000,64.1095983333333,-21.84165,4.0,0.0,0.0,true,3962,0
1773235529000,64.1095983333333,-21.84165,0.0,0.0,0.0,true,3963,0
1773235531000,64.1095983333333,-21.84165,2.0,0.0,0.0,true,3964,0
1773235535000,64.1095983333333,-21.84165,4.0,0.0,0.0,true,3965,0
1773235535000,64.1095983333333,-21.84165,0.0,0.0,0.0,true,3966,0
1773235538000,64.1095983333333,-21.84165,3.0,0.0,0.0,true,3967,0
1773235540000,64.1095983333333,-21.84165,2.0,0.0,0.0,true,3968,0
1773235540000,64.1095983333333,-21.84165,0.0,0.0,0.0,true,3969,0
1773235543000,64.1095983333333,-21.84165,3.0,0.0,0.0,true,3970,0
1773235543000,64.1095983333333,-21.84165,0.0,0.0,0.0,true,3971,0
1773235545000,64.1095983333333,-21.84165,2.0,0.0,0.0,true,3972,0
1773235551000,64.1095983333333,-21.84165,6.0,0.0,0.0,true,3973,0
1773235551000,64.1095983333333,-21.84165,0.0,0.0,0.0,true,3974,0
1773235555000,64.1095983333333,-21.84165,4.0,0.0,0.0,true,3975,0
1773235555000,64.1095983333333,-21.84165,0.0,0.0,0.0,true,3976,0
1773235561000,64.1095983333333,-21.84165,6.0,0.0,0.0,true,3977,0
1773235561000,64.1095983333333,-21.84165,0.0,0.0,0.0,true,3978,0
1773235563000,64.1095983333333,-21.84165,2.0,0.0,0.0,true,3979,0
1773235563000,64.1095983333333,-21.84165,0.0,0.0,0.0,true,3980,0
1773235565000,64.1095983333333,-21.84165,2.0,0.0,0.0,true,3981,0
1773235565000,64.1095983333333,-21.84165,0.0,0.0,0.0,true,3982,0
1773235569000,64.1095983333333,-21.84165,4.0,0.0,0.0,true,3983,0
1773235573000,64.1095983333333,-21.84165,4.0,0.0,0.0,true,3984,0
1773235573000,64.1095983333333,-21.84165,0.0,0.0,0.0,true,3985,0
1773235575000,64.1095983333333,-21.84165,2.0,0.0,0.0,true,3986,0
1773235577000,64.1095983333333,-21.84165,2.0,0.0,0.0,true,3987,0
1773235577000,64.1095983333333,-21.84165,0.0,0.0,0.0,true,3988,0
1773235581000,64.1095983333333,-21.84165,4.0,0.0,0.0,true,3989,0
1773235584000,64.1095983333333,-21.84165,3.0,0.0,0.0,true,3990,0
1773235584000,64.1095983333333,-21.84165,0.0,0.0,0.0,true,3991,0
1773235589000,64.1095983333333,-21.84165,5.0,0.0,0.0,true,3992,0
1773235591000,64.1095983333333,-21.84165,2.0,0.0,0.0,true,3993,0
1773235597000,64.1095983333333,-21.84165,6.0,0.0,0.0,true,3994,0
1773235597000,64.1095983333333,-21.84165,0.0,0.0,0.0,true,3995,0
1773235601000,64.1095983333333,-21.84165,4.0,0.0,0.0,true,3996,0
1773235604000,64.1095983333333,-21.84165,3.0,0.0,0.0,true,3997,0
1773235604000,64.1095983333333,-21.84165,0.0,0.0,0.0,true,3998,0
1773235606000,64.1095983333333,-21.84165,2.0,0.0,0.0,true,3999,0
1773235608000,64.1095983333333,-21.84165,2.0,0.0,0.0,true,4000,0
1773235608000,64.1095983333333,-21.84165,0.0,0.0,0.0,true,4001,0
1773235611000,64.1095983333333,-21.84165,3.0,0.0,0.0,true,4002,0
1773235611000,64.1095983333333,-21.84165,0.0,0.0,0.0,true,4003,0
1773235614000,64.1095983333333,-21.84165,3.0,0.0,0.0,true,4004,0
1773235619000,64.1095983333333,-21.84165,5.0,0.0,0.0,true,4005,0
1773235619000,64.1095983333333,-21.84165,0.0,0.0,0.0,true,4006,0
1773235623000,64.1095983333333,-21.84165,4.0,0.0,0.0,true,4007,0
1773235625000,64.1095983333333,-21.84165,2.0,0.0,0.0,true,4008,0
1773235625000,64.1095983333333,-21.84165,0.0,0.0,0.0,true,4009,0
1773235629000,64.1095983333333,-21.84165,4.0,0.0,0.0,true,4010,0
1773235631000,64.1095983333333,-21.84165,2.0,0.0,0.0,true,4011,0
1773235631000,64.1095983333333,-21.84165,0.0,0.0,0.0,true,4012,0
1773235633000,64.1095983333333,-21.84165,2.0,0.0,0.0,true,4013,0
1773235633000,64.1095983333333,-21.84165,0.0,0.0,0.0,true,4014,0
1773235635000,64.1095983333333,-21.84165,2.0,0.0,0.0,true,4015,0
1773235640000,64.1095983333333,-21.84165,5.0,0.0,0.0,true,4016,0
1773235642000,64.1095983333333,-21.84165,2.0,0.0,0.0,true,4017,0
1773235642000,64.1095983333333,-21.84165,0.0,0.0,0.0,true,4018,0
1773235648000,64.1095983333333,-21.84165,6.0,0.0,0.0,true,4019,0
1773235648000,64.1095983333333,-21.84165,0.0,0.0,0.0,true,4020,0
1773235648000,64.1095983333333,-21.84165,0.0,0.0,0.0,true,4021,0
1773235654000,64.1095983333333,-21.84165,6.0,0.0,0.0,true,4022,0
1773235654000,64.1095983333333,-21.84165,0.0,0.0,0.0,true,4023,0
1773235654000,64.1095983333333,-21.84165,0.0,0.0,0.0,true,4024,0
1773235659000,64.1095983333333,-21.84165,5.0,0.0,0.0,true,4025,0
1773235659000,64.1095983333333,-21.84165,0.0,0.0,0.0,true,4026,0
1773235663000,64.1095983333333,-21.84165,4.0,0.0,0.0,true,4027,0
1773235666000,64.1095983333333,-21.84165,3.0,0.0,0.0,true,4028,0
1773235666000,64.1095983333333,-21.84165,0.0,0.0,0.0,true,4029,0
1773235670000,64.1095983333333,-21.84165,4.0,0.0,0.0,true,4030,0
1773235672000,64.1095983333333,-21.84165,2.0,0.0,0.0,true,4031,0
1773235672000,64.1095983333333,-21.84165,0.0,0.0,0.0,true,4032,0
1773235674000,64.1095983333333,-21.84165,2.0,0.0,0.0,true,4033,0
1773235674000,64.1095983333333,-21.84165,0.0,0.0,0.0,true,4034,0
1773235677000,64.1095983333333,-21.84165,3.0,0.0,0.0,true,4035,0
1773235679000,64.1095983333333,-21.84165,2.0,0.0,0.0,true,4036,0
1773235679000,64.1095983333333,-21.84165,0.0,0.0,0.0,true,4037,0
1773235683000,64.1095983333333,-21.84165,4.0,0.0,0.0,true,4038,0
1773235685000,64.1095983333333,-21.84165,2.0,0.0,0.0,true,4039,0
1773235689000,64.1095983333333,-21.84165,4.0,0.0,0.0,true,4040,0
1773235691000,64.1095983333333,-21.84165,2.0,0.0,0.0,true,4041,0
1773235693000,64.1095983333333,-21.84165,2.0,0.0,0.0,true,4042,0
1773235693000,64.1095983333333,-21.84165,0.0,0.0,0.0,true,4043,0
1773235697000,64.1095983333333,-21.84165,4.0,0.0,0.0,true,4044,0
1773235699000,64.1095983333333,-21.84165,2.0,0.0,0.0,true,4045,0
1773235699000,64.1095983333333,-21.84165,0.0,0.0,0.0,true,4046,0
1773235701000,64.1095983333333,-21.84165,2.0,0.0,0.0,true,4047,0
1773235701000,64.1095983333333,-21.84165,0.0,0.0,0.0,true,4048,0
1773235704000,64.1095983333333,-21.84165,3.0,0.0,0.0,true,4049,0
1773235708000,64.1095983333333,-21.84165,4.0,0.0,0.0,true,4050,0
1773235708000,64.1095983333333,-21.84165,0.0,0.0,0.0,true,4051,0
1773235710000,64.1095983333333,-21.84165,2.0,0.0,0.0,true,4052,0
1773235714000,64.1095983333333,-21.84165,4.0,0.0,0.0,true,4053,0
1773235714000,64.1095983333333,-21.84165,0.0,0.0,0.0,true,4054,0
1773235719000,64.1095983333333,-21.84165,5.0,0.0,0.0,true,4055,0
1773235721000,64.1095983333333,-21.84165,2.0,0.0,0.0,true,4056,0
1773235721000,64.1095983333333,-21.84165,0.0,0.0,0.0,true,4057,0
1773235725000,64.1095983333333,-21.84165,4.0,0.0,0.0,true,4058,0
1773235725000,64.1095983333333,-21.84165,0.0,0.0,0.0,true,4059,0
1773235725000,64.1095983333333,-21.84165,0.0,0.0,0.0,true,4060,0
1773235730000,64.1095983333333,-21.84165,5.0,0.0,0.0,true,4061,0
1773235730000,64.1095983333333,-21.84165,0.0,0.0,0.0,true,4062,0
1773235730000,64.1095983333333,-21.84165,0.0,0.0,0.0,true,4063,0
1773235736000,64.1095983333333,-21.84165,6.0,0.0,0.0,true,4064,0
1773235736000,64.1095983333333,-21.84165,0.0,0.0,0.0,true,4065,0
1773235741000,64.1095983333333,-21.84165,5.0,0.0,0.0,true,4066,0
1773235745000,64.1095983333333,-21.84165,4.0,0.0,0.0,true,4067,0
1773235745000,64.1095983333333,-21.84165,0.0,0.0,0.0,true,4068,0
1773235747000,64.1095983333333,-21.84165,2.0,0.0,0.0,true,4069,0
1773235749000,64.1095983333333,-21.84165,2.0,0.0,0.0,true,4070,0
1773235749000,64.1095983333333,-21.84165,0.0,0.0,0.0,true,4071,0
1773235751000,64.1095983333333,-21.84165,2.0,0.0,0.0,true,4072,0
1773235754000,64.1095983333333,-21.84165,3.0,0.0,0.0,true,4073,0
1773235754000,64.1095983333333,-21.84165,0.0,0.0,0.0,true,4074,0
1773235759000,64.1095983333333,-21.84165,5.0,0.0,0.0,true,4075,0
1773235761000,64.1095983333333,-21.84165,2.0,0.0,0.0,true,4076,0
1773235761000,64.1095983333333,-21.84165,0.0,0.0,0.0,true,4077,0
1773235764000,64.1095983333333,-21.84165,3.0,0.0,0.0,true,4078,0
1773235764000,64.1095983333333,-21.84165,0.0,0.0,0.0,true,4079,0
1773235768000,64.1095983333333,-21.84165,4.0,0.0,0.0,true,4080,0
1773235772000,64.1095983333333,-21.84165,4.0,0.0,0.0,true,4081,0
1773235772000,64.1095983333333,-21.84165,0.0,0.0,0.0,true,4082,0
1773235774000,64.1095983333333,-21.84165,2.0,0.0,0.0,true,4083,0
1773235776000,64.1095983333333,-21.84165,2.0,0.0,0.0,true,4084,0
1773235776000,64.1095983333333,-21.84165,0.0,0.0,0.0,true,4085,0
1773235779000,64.1095983333333,-21.84165,3.0,0.0,0.0,true,4086,0
1773235781000,64.1095983333333,-21.84165,2.0,0.0,0.0,true,4087,0
1773235781000,64.1095983333333,-21.84165,0.0,0.0,0.0,true,4088,0
1773235787000,64.1095983333333,-21.84165,6.0,0.0,0.0,true,4089,0
1773235789000,64.1095983333333,-21.84165,2.0,0.0,0.0,true,4090,0
1773235789000,64.1095983333333,-21.84165,0.0,0.0,0.0,true,4091,0
1773235791000,64.1095983333333,-21.84165,2.0,0.0,0.0,true,4092,0
1773235796000,64.1095983333333,-21.84165,5.0,0.0,0.0,true,4093,0
1773235796000,64.1095983333333,-21.84165,0.0,0.0,0.0,true,4094,0
1773235800000,64.1095983333333,-21.84165,4.0,0.0,0.0,true,4095,0
1773235800000,64.1095983333333,-21.84165,0.0,0.0,0.0,true,4096,0
1773235800000,64.1095983333333,-21.84165,0.0,0.0,0.0,true,4097,0
1773235806000,64.1095983333333,-21.84165,6.0,0.0,0.0,true,4098,0
1773235806000,64.1095983333333,-21.84165,0.0,0.0,0.0,true,4099,0
1773235808000,64.1095983333333,-21.84165,2.0,0.0,0.0,true,4100,0
1773235810000,64.1095983333333,-21.84165,2.0,0.0,0.0,true,4101,0
1773235810000,64.1095983333333,-21.84165,0.0,0.0,0.0,true,4102,0
1773235813000,64.1095983333333,-21.84165,3.0,0.0,0.0,true,4103,0
1773235815000,64.1095983333333,-21.84165,2.0,0.0,0.0,true,4104,0
1773235815000,64.1095983333333,-21.84165,0.0,0.0,0.0,true,4105,0
1773235821000,64.1095983333333,-21.84165,6.0,0.0,0.0,true,4106,0
1773235821000,64.1095983333333,-21.84165,0.0,0.0,0.0,true,4107,0
1773235821000,64.1095983333333,-21.84165,0.0,0.0,0.0,true,4108,0
1773235825000,64.1095983333333,-21.84165,4.0,0.0,0.0,true,4109,0
1773235825000,64.1095983333333,-21.84165,0.0,0.0,0.0,true,4110,0
1773235829000,64.1095983333333,-21.84165,4.0,0.0,0.0,true,4111,0
1773235831000,64.1095983333333,-21.84165,2.0,0.0,0.0,true,4112,0
1773235835000,64.1095983333333,-21.84165,4.0,0.0,0.0,true,4113,0
1773235837000,64.1095983333333,-21.84165,2.0,0.0,0.0,true,4114,0
1773235839000,64.1095983333333,-21.84165,2.0,0.0,0.0,true,4115,0
1773235839000,64.1095983333333,-21.84165,0.0,0.0,0.0,true,4116,0
1773235841000,64.1095983333333,-21.84165,2.0,0.0,0.0,true,4117,0
1773235846000,64.1095983333333,-21.84165,5.0,0.0,0.0,true,4118,0
1773235846000,64.1095983333333,-21.84165,0.0,0.0,0.0,true,4119,0
1773235846000,64.1095983333333,-21.84165,0.0,0.0,0.0,true,4120,0
1773235846000,64.1095983333333,-21.84165,0.0,0.0,0.0,true,4121,0
1773235852000,64.1095983333333,-21.84165,6.0,0.0,0.0,true,4122,0
1773235852000,64.1095983333333,-21.84165,0.0,0.0,0.0,true,4123,0
1773235852000,64.1095983333333,-21.84165,0.0,0.0,0.0,true,4124,0
1773235859000,64.1095983333333,-21.84165,7.0,0.0,0.0,true,4125,0
1773235861000,64.1095983333333,-21.84165,2.0,0.0,0.0,true,4126,0
1773235861000,64.1095983333333,-21.84165,0.0,0.0,0.0,true,4127,0
1773235865000,64.1095983333333,-21.84165,4.0,0.0,0.0,true,4128,0
1773235867000,64.1095983333333,-21.84165,2.0,0.0,0.0,true,4129,0
1773235867000,64.1095983333333,-21.84165,0.0,0.0,0.0,true,4130,0
1773235869000,64.1095983333333,-21.84165,2.0,0.0,0.0,true,4131,0
1773235872000,64.1095983333333,-21.84165,3.0,0.0,0.0,true,4132,0
1773235872000,64.1095983333333,-21.84165,0.0,0.0,0.0,true,4133,0
1773235874000,64.1095983333333,-21.84165,2.0,0.0,0.0,true,4134,0
1773235879000,64.1095983333333,-21.84165,5.0,0.0,0.0,true,4135,0
1773235879000,64.1095983333333,-21.84165,0.0,0.0,0.0,true,4136,0
1773235881000,64.1095983333333,-21.84165,2.0,0.0,0.0,true,4137,0
1773235883000,64.1095983333333,-21.84165,2.0,0.0,0.0,true,4138,0
1773235883000,64.1095983333333,-21.84165,0.0,0.0,0.0,true,4139,0
1773235890000,64.1095983333333,-21.84165,7.0,0.0,0.0,true,4140,0
1773235890000,64.1095983333333,-21.84165,0.0,0.0,0.0,true,4141,0
1773235892000,64.1095983333333,-21.84165,2.0,0.0,0.0,true,4142,0
1773235897000,64.1095983333333,-21.84165,5.0,0.0,0.0,true,4143,0
1773235897000,64.1095983333333,-21.84165,0.0,0.0,0.0,true,4144,0
1773235897000,64.1095983333333,-21.84165,0.0,0.0,0.0,true,4145,0
1773235901000,64.1095983333333,-21.84165,4.0,0.0,0.0,true,4146,0
1773235901000,64.1095983333333,-21.84165,0.0,0.0,0.0,true,4147,0
1773235901000,64.1095983333333,-21.84165,0.0,0.0,0.0,true,4148,0
1773235901000,64.1095983333333,-21.84165,0.0,0.0,0.0,true,4149,0
1773235907000,64.1095983333333,-21.84165,6.0,0.0,0.0,true,4150,0
1773235911000,64.1095983333333,-21.84165,4.0,0.0,0.0,true,4151,0
1773235911000,64.1095983333333,-21.84165,0.0,0.0,0.0,true,4152,0
1773235914000,64.1095983333333,-21.84165,3.0,0.0,0.0,true,4153,0
1773235917000,64.1095983333333,-21.84165,3.0,0.0,0.0,true,4154,0
1773235917000,64.1095983333333,-21.84165,0.0,0.0,0.0,true,4155,0
1773235919000,64.1095983333333,-21.84165,2.0,0.0,0.0,true,4156,0
1773235922000,64.1095983333333,-21.84165,3.0,0.0,0.0,true,4157,0
1773235922000,64.1095983333333,-21.84165,0.0,0.0,0.0,true,4158,0
1773235926000,64.1095983333333,-21.84165,4.0,0.0,0.0,true,4159,0
1773235928000,64.1095983333333,-21.84165,2.0,0.0,0.0,true,4160,0
1773235928000,64.1095983333333,-21.84165,0.0,0.0,0.0,true,4161,0
1773235932000,64.1095983333333,-21.84165,4.0,0.0,0.0,true,4162,0
1773235934000,64.1095983333333,-21.84165,2.0,0.0,0.0,true,4163,0
1773235934000,64.1095983333333,-21.84165,0.0,0.0,0.0,true,4164,0
1773235937000,64.1095983333333,-21.84165,3.0,0.0,0.0,true,4165,0
1773235939000,64.1095983333333,-21.84165,2.0,0.0,0.0,true,4166,0
1773235943000,64.1095983333333,-21.84165,4.0,0.0,0.0,true,4167,0
1773235946000,64.1095983333333,-21.84165,3.0,0.0,0.0,true,4168,0
1773235948000,64.1095983333333,-21.84165,2.0,0.0,0.0,true,4169,0
1773235948000,64.1095983333333,-21.84165,0.0,0.0,0.0,true,4170,0
1773235950000,64.1095983333333,-21.84165,2.0,0.0,0.0,true,4171,0
1773235953000,64.1095983333333,-21.84165,3.0,0.0,0.0,true,4172,0
1773235955000,64.1095983333333,-21.84165,2.0,0.0,0.0,true,4173,0
1773235955000,64.1095983333333,-21.84165,0.0,0.0,0.0,true,4174,0
1773235958000,64.1095983333333,-21.84165,3.0,0.0,0.0,true,4175,0
1773235958000,64.1095983333333,-21.84165,0.0,0.0,0.0,true,4176,0
1773235963000,64.1095983333333,-21.84165,5.0,0.0,0.0,true,4177,0
1773235963000,64.1095983333333,-21.84165,0.0,0.0,0.0,true,4178,0
1773235965000,64.1095983333333,-21.84165,2.0,0.0,0.0,true,4179,0
1773235968000,64.1095983333333,-21.84165,3.0,0.0,0.0,true,4180,0
1773235968000,64.1095983333333,-21.84165,0.0,0.0,0.0,true,4181,0
1773235970000,64.1095983333333,-21.84165,2.0,0.0,0.0,true,4182,0
1773235975000,64.1095983333333,-21.84165,5.0,0.0,0.0,true,4183,0
1773235975000,64.1095983333333,-21.84165,0.0,0.0,0.0,true,4184,0
1773235978000,64.1095983333333,-21.84165,3.0,0.0,0.0,true,4185,0
1773235980000,64.1095983333333,-21.84165,2.0,0.0,0.0,true,4186,0
1773235980000,64.1095983333333,-21.84165,0.0,0.0,0.0,true,4187,0
1773235985000,64.1095983333333,-21.84165,5.0,0.0,0.0,true,4188,0
1773235985000,64.1095983333333,-21.84165,0.0,0.0,0.0,true,4189,0
1773235989000,64.1095983333333,-21.84165,4.0,0.0,0.0,true,4190,0
1773235989000,64.1095983333333,-21.84165,0.0,0.0,0.0,true,4191,0
1773235991000,64.1095983333333,-21.84165,2.0,0.0,0.0,true,4192,0
1773235995000,64.1095983333333,-21.84165,4.0,0.0,0.0,true,4193,0
1773235997000,64.1095983333333,-21.84165,2.0,0.0,0.0,true,4194,0
1773235997000,64.1095983333333,-21.84165,0.0,0.0,0.0,true,4195,0
1773236000000,64.1095983333333,-21.84165,3.0,0.0,0.0,true,4196,0
1773236003000,64.1095983333333,-21.84165,3.0,0.0,0.0,true,4197,0
1773236005000,64.1095983333333,-21.84165,2.0,0.0,0.0,true,4198,0
1773236005000,64.1095983333333,-21.84165,0.0,0.0,0.0,true,4199,0
1773236005000,64.1095983333333,-21.84165,0.0,0.0,0.0,true,4200,0
1773236011000,64.1095983333333,-21.84165,6.0,0.0,0.0,true,4201,0
1773236011000,64.1095983333333,-21.84165,0.0,0.0,0.0,true,4202,0
1773236015000,64.1095983333333,-21.84165,4.0,0.0,0.0,true,4203,0
1773236015000,64.1095983333333,-21.84165,0.0,0.0,0.0,true,4204,0
1773236017000,64.1095983333333,-21.84165,2.0,0.0,0.0,true,4205,0
1773236020000,64.1095983333333,-21.84165,3.0,0.0,0.0,true,4206,0
1773236020000,64.1095983333333,-21.84165,0.0,0.0,0.0,true,4207,0
1773236023000,64.1095983333333,-21.84165,3.0,0.0,0.0,true,4208,0
1773236027000,64.1095983333333,-21.84165,4.0,0.0,0.0,true,4209,0
1773236027000,64.1095983333333,-21.84165,0.0,0.0,0.0,true,4210,0
1773236030000,64.1095983333333,-21.84165,3.0,0.0,0.0,true,4211,0
1773236030000,64.1095983333333,-21.84165,0.0,0.0,0.0,true,4212,0
1773236030000,64.1095983333333,-21.84165,0.0,0.0,0.0,true,4213,0
1773236035000,64.1095983333333,-21.84165,5.0,0.0,0.0,true,4214,0
1773236038000,64.1095983333333,-21.84165,3.0,0.0,0.0,true,4215,0
1773236041000,64.1095983333333,-21.84165,3.0,0.0,0.0,true,4216,0
1773236041000,64.1095983333333,-21.84165,0.0,0.0,0.0,true,4217,0
1773236046000,64.1095983333333,-21.84165,5.0,0.0,0.0,true,4218,0
1773236046000,64.1095983333333,-21.84165,0.0,0.0,0.0,true,4219,0
1773236046000,64.1095983333333,-21.84165,0.0,0.0,0.0,true,4220,0
1773236049000,64.1095983333333,-21.84165,3.0,0.0,0.0,true,4221,0
1773236054000,64.1095983333333,-21.84165,5.0,0.0,0.0,true,4222,0
1773236054000,64.1095983333333,-21.84165,0.0,0.0,0.0,true,4223,0
1773236054000,64.1095983333333,-21.84165,0.0,0.0,0.0,true,4224,0
1773236058000,64.1095983333333,-21.84165,4.0,0.0,0.0,true,4225,0
1773236058000,64.1095983333333,-21.84165,0.0,0.0,0.0,true,4226,0
1773236063000,64.1095983333333,-21.84165,5.0,0.0,0.0,true,4227,0
1773236063000,64.1095983333333,-21.84165,0.0,0.0,0.0,true,4228,0
1773236067000,64.1095983333333,-21.84165,4.0,0.0,0.0,true,4229,0
1773236067000,64.1095983333333,-21.84165,0.0,0.0,0.0,true,4230,0
1773236069000,64.1095983333333,-21.84165,2.0,0.0,0.0,true,4231,0
1773236071000,64.1095983333333,-21.84165,2.0,0.0,0.0,true,4232,0
1773236076000,64.1095983333333,-21.84165,5.0,0.0,0.0,true,4233,0
1773236076000,64.1095983333333,-21.84165,0.0,0.0,0.0,true,4234,0
1773236076000,64.1095983333333,-21.84165,0.0,0.0,0.0,true,4235,0
1773236080000,64.1095983333333,-21.84165,4.0,0.0,0.0,true,4236,0
1773236080000,64.1095983333333,-21.84165,0.0,0.0,0.0,true,4237,0
1773236082000,64.1095983333333,-21.84165,2.0,0.0,0.0,true,4238,0
1773236086000,64.1095983333333,-21.84165,4.0,0.0,0.0,true,4239,0
1773236086000,64.1095983333333,-21.84165,0.0,0.0,0.0,true,4240,0
1773236091000,64.1095983333333,-21.84165,5.0,0.0,0.0,true,4241,0
1773236091000,64.1095983333333,-21.84165,0.0,0.0,0.0,true,4242,0
1773236093000,64.1095983333333,-21.84165,2.0,0.0,0.0,true,4243,0
1773236095000,64.1095983333333,-21.84165,2.0,0.0,0.0,true,4244,0
1773236097000,64.1095983333333,-21.84165,2.0,0.0,0.0,true,4245,0
1773236100000,64.1095983333333,-21.84165,3.0,0.0,0.0,true,4246,0
1773236100000,64.1095983333333,-21.84165,0.0,0.0,0.0,true,4247,0
1773236105000,64.1095983333333,-21.84165,5.0,0.0,0.0,true,4248,0
1773236107000,64.1095983333333,-21.84165,2.0,0.0,0.0,true,4249,0
1773236107000,64.1095983333333,-21.84165,0.0,0.0,0.0,true,4250,0
1773236112000,64.1095983333333,-21.84165,5.0,0.0,0.0,true,4251,0
1773236112000,64.1095983333333,-21.84165,0.0,0.0,0.0,true,4252,0
1773236116000,64.1095983333333,-21.84165,4.0,0.0,0.0,true,4253,0
1773236116000,64.1095983333333,-21.84165,0.0,0.0,0.0,true,4254,0
1773236120000,64.1095983333333,-21.84165,4.0,0.0,0.0,true,4255,0
1773236122000,64.1095983333333,-21.84165,2.0,0.0,0.0,true,4256,0
1773236122000,64.1095983333333,-21.84165,0.0,0.0,0.0,true,4257,0
1773236126000,64.1095983333333,-21.84165,4.0,0.0,0.0,true,4258,0
1773236126000,64.1095983333333,-21.84165,0.0,0.0,0.0,true,4259,0
1773236126000,64.1095983333333,-21.84165,0.0,0.0,0.0,true,4260,0
1773236133000,64.1095983333333,-21.84165,7.0,0.0,0.0,true,4261,0
1773236135000,64.1095983333333,-21.84165,2.0,0.0,0.0,true,4262,0
1773236135000,64.1095983333333,-21.84165,0.0,0.0,0.0,true,4263,0
1773236137000,64.1095983333333,-21.84165,2.0,0.0,0.0,true,4264,0
1773236141000,64.1095983333333,-21.84165,4.0,0.0,0.0,true,4265,0
1773236141000,64.1095983333333,-21.84165,0.0,0.0,0.0,true,4266,0
1773236146000,64.1095983333333,-21.84165,5.0,0.0,0.0,true,4267,0
1773236146000,64.1095983333333,-21.84165,0.0,0.0,0.0,true,4268,0
1773236149000,64.1095983333333,-21.84165,3.0,0.0,0.0,true,4269,0
1773236152000,64.1095983333333,-21.84165,3.0,0.0,0.0,true,4270,0
1773236154000,64.1095983333333,-21.84165,2.0,0.0,0.0,true,4271,0
1773236154000,64.1095983333333,-21.84165,0.0,0.0,0.0,true,4272,0
1773236156000,64.1095983333333,-21.84165,2.0,0.0,0.0,true,4273,0
1773236156000,64.1095983333333,-21.84165,0.0,0.0,0.0,true,4274,0
1773236161000,64.1095983333333,-21.84165,5.0,0.0,0.0,true,4275,0
1773236163000,64.1095983333333,-21.84165,2.0,0.0,0.0,true,4276,0
1773236163000,64.1095983333333,-21.84165,0.0,0.0,0.0,true,4277,0
1773236165000,64.1095983333333,-21.84165,2.0,0.0,0.0,true,4278,0
1773236168000,64.1095983333333,-21.84165,3.0,0.0,0.0,true,4279,0
1773236168000,64.1095983333333,-21.84165,0.0,0.0,0.0,true,4280,0
1773236172000,64.1095983333333,-21.84165,4.0,0.0,0.0,true,4281,0
1773236172000,64.1095983333333,-21.84165,0.0,0.0,0.0,true,4282,0
1773236174000,64.1095983333333,-21.84165,2.0,0.0,0.0,true,4283,0
1773236179000,64.1095983333333,-21.84165,5.0,0.0,0.0,true,4284,0
1773236179000,64.1095983333333,-21.84165,0.0,0.0,0.0,true,4285,0
1773236179000,64.1095983333333,-21.84165,0.0,0.0,0.0,true,4286,0
1773236187000,64.1095983333333,-21.84165,8.0,0.0,0.0,true,4287,0
1773236189000,64.1095983333333,-21.84165,2.0,0.0,0.0,true,4288,0
1773236189000,64.1095983333333,-21.84165,0.0,0.0,0.0,true,4289,0
1773236193000,64.1095983333333,-21.84165,4.0,0.0,0.0,true,4290,0
1773236193000,64.1095983333333,-21.84165,0.0,0.0,0.0,true,4291,0
1773236195000,64.1095983333333,-21.84165,2.0,0.0,0.0,true,4292,0
1773236198000,64.1095983333333,-21.84165,3.0,0.0,0.0,true,4293,0
1773236198000,64.1095983333333,-21.84165,0.0,0.0,0.0,true,4294,0
1773236200000,64.1095983333333,-21.84165,2.0,0.0,0.0,true,4295,0
1773236202000,64.1095983333333,-21.84165,2.0,0.0,0.0,true,4296,0
1773236202000,64.1095983333333,-21.84165,0.0,0.0,0.0,true,4297,0
1773236204000,64.1095983333333,-21.84165,2.0,0.0,0.0,true,4298,0
1773236209000,64.1095983333333,-21.84165,5.0,0.0,0.0,true,4299,0
1773236209000,64.1095983333333,-21.84165,0.0,0.0,0.0,true,4300,0
1773236213000,64.1095983333333,-21.84165,4.0,0.0,0.0,true,4301,0
1773236213000,64.1095983333333,-21.84165,0.0,0.0,0.0,true,4302,0
1773236215000,64.1095983333333,-21.84165,2.0,0.0,0.0,true,4303,0
1773236219000,64.1095983333333,-21.84165,4.0,0.0,0.0,true,4304,0
1773236219000,64.1095983333333,-21.84165,0.0,0.0,0.0,true,4305,0
1773236224000,64.1095983333333,-21.84165,5.0,0.0,0.0,true,4306,0
1773236226000,64.1095983333333,-21.84165,2.0,0.0,0.0,true,4307,0
1773236226000,64.1095983333333,-21.84165,0.0,0.0,0.0,true,4308,0
1773236230000,64.1095983333333,-21.84165,4.0,0.0,0.0,true,4309,0
1773236232000,64.1095983333333,-21.84165,2.0,0.0,0.0,true,4310,0
1773236236000,64.1095983333333,-21.84165,4.0,0.0,0.0,true,4311,0
1773236236000,64.1095983333333,-21.84165,0.0,0.0,0.0,true,4312,0
1773236238000,64.1095983333333,-21.84165,2.0,0.0,0.0,true,4313,0
1773236238000,64.1095983333333,-21.84165,0.0,0.0,0.0,true,4314,0
1773236240000,64.1095983333333,-21.84165,2.0,0.0,0.0,true,4315,0
1773236240000,64.1095983333333,-21.84165,0.0,0.0,0.0,true,4316,0
1773236243000,64.1095983333333,-21.84165,3.0,0.0,0.0,true,4317,0
1773236245000,64.1095983333333,-21.84165,2.0,0.0,0.0,true,4318,0
1773236245000,64.1095983333333,-21.84165,0.0,0.0,0.0,true,4319,0
1773236249000,64.1095983333333,-21.84165,4.0,0.0,0.0,true,4320,0
1773236251000,64.1095983333333,-21.84165,2.0,0.0,0.0,true,4321,0
1773236253000,64.1095983333333,-21.84165,2.0,0.0,0.0,true,4322,0
1773236257000,64.1095983333333,-21.84165,4.0,0.0,0.0,true,4323,0
1773236259000,64.1095983333333,-21.84165,2.0,0.0,0.0,true,4324,0
1773236261000,64.1095983333333,-21.84165,2.0,0.0,0.0,true,4325,0
1773236261000,64.1095983333333,-21.84165,0.0,0.0,0.0,true,4326,0
1773236264000,64.1095983333333,-21.84165,3.0,0.0,0.0,true,4327,0
1773236264000,64.1095983333333,-21.84165,0.0,0.0,0.0,true,4328,0
1773236268000,64.1095983333333,-21.84165,4.0,0.0,0.0,true,4329,0
1773236273000,64.1095983333333,-21.84165,5.0,0.0,0.0,true,4330,0
1773236273000,64.1095983333333,-21.84165,0.0,0.0,0.0,true,4331,0
1773236273000,64.1095983333333,-21.84165,0.0,0.0,0.0,true,4332,0
1773236277000,64.1095983333333,-21.84165,4.0,0.0,0.0,true,4333,0
1773236277000,64.1095983333333,-21.84165,0.0,0.0,0.0,true,4334,0
1773236282000,64.1095983333333,-21.84165,5.0,0.0,0.0,true,4335,0
1773236285000,64.1095983333333,-21.84165,3.0,0.0,0.0,true,4336,0
1773236285000,64.1095983333333,-21.84165,0.0,0.0,0.0,true,4337,0
1773236287000,64.1095983333333,-21.84165,2.0,0.0,0.0,true,4338,0
1773236287000,64.1095983333333,-21.84165,0.0,0.0,0.0,true,4339,0
1773236292000,64.1095983333333,-21.84165,5.0,0.0,0.0,true,4340,0
1773236292000,64.1095983333333,-21.84165,0.0,0.0,0.0,true,4341,0
1773236292000,64.1095983333333,-21.84165,0.0,0.0,0.0,true,4342,0
1773236298000,64.1095983333333,-21.84165,6.0,0.0,0.0,true,4343,0
1773236300000,64.1095983333333,-21.84165,2.0,0.0,0.0,true,4344,0
1773236300000,64.1095983333333,-21.84165,0.0,0.0,0.0,true,4345,0
1773236302000,64.1095983333333,-21.84165,2.0,0.0,0.0,true,4346,0
1773236306000,64.1095983333333,-21.84165,4.0,0.0,0.0,true,4347,0
1773236306000,64.1095983333333,-21.84165,0.0,0.0,0.0,true,4348,0
1773236306000,64.1095983333333,-21.84165,0.0,0.0,0.0,true,4349,0
1773236310000,64.1095983333333,-21.84165,4.0,0.0,0.0,true,4350,0
1773236312000,64.1095983333333,-21.84165,2.0,0.0,0.0,true,4351,0
1773236315000,64.1095983333333,-21.84165,3.0,0.0,0.0,true,4352,0
1773236315000,64.1095983333333,-21.84165,0.0,0.0,0.0,true,4353,0
1773236319000,64.1095983333333,-21.84165,4.0,0.0,0.0,true,4354,0
1773236321000,64.1095983333333,-21.84165,2.0,0.0,0.0,true,4355,0
1773236321000,64.1095983333333,-21.84165,0.0,0.0,0.0,true,4356,0
1773236325000,64.1095983333333,-21.84165,4.0,0.0,0.0,true,4357,0
1773236327000,64.1095983333333,-21.84165,2.0,0.0,0.0,true,4358,0
1773236327000,64.1095983333333,-21.84165,0.0,0.0,0.0,true,4359,0
1773236329000,64.1095983333333,-21.84165,2.0,0.0,0.0,true,4360,0
1773236331000,64.1095983333333,-21.84165,2.0,0.0,0.0,true,4361,0
1773236336000,64.1095983333333,-21.84165,5.0,0.0,0.0,true,4362,0
1773236338000,64.1095983333333,-21.84165,2.0,0.0,0.0,true,4363,0
1773236338000,64.1095983333333,-21.84165,0.0,0.0,0.0,true,4364,0
1773236340000,64.1095983333333,-21.84165,2.0,0.0,0.0,true,4365,0
1773236342000,64.1095983333333,-21.84165,2.0,0.0,0.0,true,4366,0
1773236346000,64.1095983333333,-21.84165,4.0,0.0,0.0,true,4367,0
1773236348000,64.1095983333333,-21.84165,2.0,0.0,0.0,true,4368,0
1773236348000,64.1095983333333,-21.84165,0.0,0.0,0.0,true,4369,0
1773236350000,64.1095983333333,-21.84165,2.0,0.0,0.0,true,4370,0
1773236352000,64.1095983333333,-21.84165,2.0,0.0,0.0,true,4371,0
1773236352000,64.1095983333333,-21.84165,0.0,0.0,0.0,true,4372,0
1773236357000,64.1095983333333,-21.84165,5.0,0.0,0.0,true,4373,0
1773236357000,64.1095983333333,-21.84165,0.0,0.0,0.0,true,4374,0
1773236357000,64.1095983333333,-21.84165,0.0,0.0,0.0,true,4375,0
1773236360000,64.1095983333333,-21.84165,3.0,0.0,0.0,true,4376,0
1773236364000,64.1095983333333,-21.84165,4.0,0.0,0.0,true,4377,0
1773236366000,64.1095983333333,-21.84165,2.0,0.0,0.0,true,4378,0
1773236368000,64.1095983333333,-21.84165,2.0,0.0,0.0,true,4379,0
1773236372000,64.1095983333333,-21.84165,4.0,0.0,0.0,true,4380,0
1773236372000,64.1095983333333,-21.84165,0.0,0.0,0.0,true,4381,0
1773236375000,64.1095983333333,-21.84165,3.0,0.0,0.0,true,4382,0
1773236375000,64.1095983333333,-21.84165,0.0,0.0,0.0,true,4383,0
1773236378000,64.1095983333333,-21.84165,3.0,0.0,0.0,true,4384,0
1773236378000,64.1095983333333,-21.84165,0.0,0.0,0.0,true,4385,0
1773236382000,64.1095983333333,-21.84165,4.0,0.0,0.0,true,4386,0
1773236384000,64.1095983333333,-21.84165,2.0,0.0,0.0,true,4387,0
1773236384000,64.1095983333333,-21.84165,0.0,0.0,0.0,true,4388,0
1773236390000,64.1095983333333,-21.84165,6.0,0.0,0.0,true,4389,0
1773236390000,64.1095983333333,-21.84165,0.0,0.0,0.0,true,4390,0
1773236393000,64.1095983333333,-21.84165,3.0,0.0,0.0,true,4391,0
1773236396000,64.1095983333333,-21.84165,3.0,0.0,0.0,true,4392,0
1773236396000,64.1095983333333,-21.84165,0.0,0.0,0.0,true,4393,0
1773236399000,64.1095983333333,-21.84165,3.0,0.0,0.0,true,4394,0
1773236399000,64.1095983333333,-21.84165,0.0,0.0,0.0,true,4395,0
1773236401000,64.1095983333333,-21.84165,2.0,0.0,0.0,true,4396,0
1773236401000,64.1095983333333,-21.84165,0.0,0.0,0.0,true,4397,0
1773236408000,64.1095983333333,-21.84165,7.0,0.0,0.0,true,4398,0
1773236408000,64.1095983333333,-21.84165,0.0,0.0,0.0,true,4399,0
1773236412000,64.1095983333333,-21.84165,4.0,0.0,0.0,true,4400,0
1773236412000,64.1095983333333,-21.84165,0.0,0.0,0.0,true,4401,0
1773236414000,64.1095983333333,-21.84165,2.0,0.0,0.0,true,4402,0
1773236414000,64.1095983333333,-21.84165,0.0,0.0,0.0,true,4403,0
1773236416000,64.1095983333333,-21.84165,2.0,0.0,0.0,true,4404,0
1773236420000,64.1095983333333,-21.84165,4.0,0.0,0.0,true,4405,0
1773236422000,64.1095983333333,-21.84165,2.0,0.0,0.0,true,4406,0
1773236429000,64.1095983333333,-21.84165,7.0,0.0,0.0,true,4407,0
1773236429000,64.1095983333333,-21.84165,0.0,0.0,0.0,true,4408,0
1773236432000,64.1095983333333,-21.84165,3.0,0.0,0.0,true,4409,0
1773236432000,64.1095983333333,-21.84165,0.0,0.0,0.0,true,4410,0
1773236435000,64.1095983333333,-21.84165,3.0,0.0,0.0,true,4411,0
1773236439000,64.1095983333333,-21.84165,4.0,0.0,0.0,true,4412,0
1773236442000,64.1095983333333,-21.84165,3.0,0.0,0.0,true,4413,0
1773236442000,64.1095983333333,-21.84165,0.0,0.0,0.0,true,4414,0
1773236445000,64.1095983333333,-21.84165,3.0,0.0,0.0,true,4415,0
1773236447000,64.1095983333333,-21.84165,2.0,0.0,0.0,true,4416,0
1773236449000,64.1095983333333,-21.84165,2.0,0.0,0.0,true,4417,0
1773236449000,64.1095983333333,-21.84165,0.0,0.0,0.0,true,4418,0
1773236451000,64.1095983333333,-21.84165,2.0,0.0,0.0,true,4419,0
1773236455000,64.1095983333333,-21.84165,4.0,0.0,0.0,true,4420,0
1773236455000,64.1095983333333,-21.84165,0.0,0.0,0.0,true,4421,0
1773236457000,64.1095983333333,-21.84165,2.0,0.0,0.0,true,4422,0
1773236457000,64.1095983333333,-21.84165,0.0,0.0,0.0,true,4423,0
1773236464000,64.1095983333333,-21.84165,7.0,0.0,0.0,true,4424,0
1773236464000,64.1095983333333,-21.84165,0.0,0.0,0.0,true,4425,0
1773236466000,64.1095983333333,-21.84165,2.0,0.0,0.0,true,4426,0
1773236466000,64.1095983333333,-21.84165,0.0,0.0,0.0,true,4427,0
1773236472000,64.1095983333333,-21.84165,6.0,0.0,0.0,true,4428,0
1773236472000,64.1095983333333,-21.84165,0.0,0.0,0.0,true,4429,0
1773236474000,64.1095983333333,-21.84165,2.0,0.0,0.0,true,4430,0
1773236476000,64.1095983333333,-21.84165,2.0,0.0,0.0,true,4431,0
1773236476000,64.1095983333333,-21.84165,0.0,0.0,0.0,true,4432,0
1773236478000,64.1095983333333,-21.84165,2.0,0.0,0.0,true,4433,0
1773236483000,64.1095983333333,-21.84165,5.0,0.0,0.0,true,4434,0
1773236485000,64.1095983333333,-21.84165,2.0,0.0,0.0,true,4435,0
1773236485000,64.1095983333333,-21.84165,0.0,0.0,0.0,true,4436,0
1773236487000,64.1095983333333,-21.84165,2.0,0.0,0.0,true,4437,0
1773236491000,64.1095983333333,-21.84165,4.0,0.0,0.0,true,4438,0
1773236491000,64.1095983333333,-21.84165,0.0,0.0,0.0,true,4439,0
1773236491000,64.1095983333333,-21.84165,0.0,0.0,0.0,true,4440,0
1773236496000,64.1095983333333,-21.84165,5.0,0.0,0.0,true,4441,0
1773236498000,64.1095983333333,-21.84165,2.0,0.0,0.0,true,4442,0
1773236498000,64.1095983333333,-21.84165,0.0,0.0,0.0,true,4443,0
1773236502000,64.1095983333333,-21.84165,4.0,0.0,0.0,true,4444,0
1773236502000,64.1095983333333,-21.84165,0.0,0.0,0.0,true,4445,0
1773236506000,64.1095983333333,-21.84165,4.0,0.0,0.0,true,4446,0
1773236506000,64.1095983333333,-21.84165,0.0,0.0,0.0,true,4447,0
1773236511000,64.1095983333333,-21.84165,5.0,0.0,0.0,true,4448,0
1773236514000,64.1095983333333,-21.84165,3.0,0.0,0.0,true,4449,0
1773236514000,64.1095983333333,-21.84165,0.0,0.0,0.0,true,4450,0
1773236517000,64.1095983333333,-21.84165,3.0,0.0,0.0,true,4451,0
1773236521000,64.1095983333333,-21.84165,4.0,0.0,0.0,true,4452,0
1773236521000,64.1095983333333,-21.84165,0.0,0.0,0.0,true,4453,0
1773236521000,64.1095983333333,-21.84165,0.0,0.0,0.0,true,4454,0
1773236521000,64.1095983333333,-21.84165,0.0,0.0,0.0,true,4455,0
1773236526000,64.1095983333333,-21.84165,5.0,0.0,0.0,true,4456,0
1773236528000,64.1095983333333,-21.84165,2.0,0.0,0.0,true,4457,0
1773236528000,64.1095983333333,-21.84165,0.0,0.0,0.0,true,4458,0
1773236532000,64.1095983333333,-21.84165,4.0,0.0,0.0,true,4459,0
1773236534000,64.1095983333333,-21.84165,2.0,0.0,0.0,true,4460,0
1773236537000,64.1095983333333,-21.84165,3.0,0.0,0.0,true,4461,0
1773236539000,64.1095983333333,-21.84165,2.0,0.0,0.0,true,4462,0
1773236539000,64.1095983333333,-21.84165,0.0,0.0,0.0,true,4463,0
1773236539000,64.1095983333333,-21.84165,0.0,0.0,0.0,true,4464,0
1773236546000,64.1095983333333,-21.84165,7.0,0.0,0.0,true,4465,0
1773236546000,64.1095983333333,-21.84165,0.0,0.0,0.0,true,4466,0
1773236548000,64.1095983333333,-21.84165,2.0,0.0,0.0,true,4467,0
1773236551000,64.1095983333333,-21.84165,3.0,0.0,0.0,true,4468,0
1773236555000,64.1095983333333,-21.84165,4.0,0.0,0.0,true,4469,0
1773236555000,64.1095983333333,-21.84165,0.0,0.0,0.0,true,4470,0
1773236557000,64.1095983333333,-21.84165,2.0,0.0,0.0,true,4471,0
1773236557000,64.1095983333333,-21.84165,0.0,0.0,0.0,true,4472,0
1773236559000,64.1095983333333,-21.84165,2.0,0.0,0.0,true,4473,0
1773236563000,64.1095983333333,-21.84165,4.0,0.0,0.0,true,4474,0
1773236563000,64.1095983333333,-21.84165,0.0,0.0,0.0,true,4475,0
1773236567000,64.1095983333333,-21.84165,4.0,0.0,0.0,true,4476,0
1773236569000,64.1095983333333,-21.84165,2.0,0.0,0.0,true,4477,0
1773236569000,64.1095983333333,-21.84165,0.0,0.0,0.0,true,4478,0
1773236574000,64.1095983333333,-21.84165,5.0,0.0,0.0,true,4479,0
1773236574000,64.1095983333333,-21.84165,0.0,0.0,0.0,true,4480,0
1773236574000,64.1095983333333,-21.84165,0.0,0.0,0.0,true,4481,0
1773236578000,64.1095983333333,-21.84165,4.0,0.0,0.0,true,4482,0
1773236582000,64.1095983333333,-21.84165,4.0,0.0,0.0,true,4483,0
1773236582000,64.1095983333333,-21.84165,0.0,0.0,0.0,true,4484,0
1773236584000,64.1095983333333,-21.84165,2.0,0.0,0.0,true,4485,0
1773236587000,64.1095983333333,-21.84165,3.0,0.0,0.0,true,4486,0
1773236589000,64.1095983333333,-21.84165,2.0,0.0,0.0,true,4487,0
1773236593000,64.1095983333333,-21.84165,4.0,0.0,0.0,true,4488,0
1773236593000,64.1095983333333,-21.84165,0.0,0.0,0.0,true,4489,0
1773236595000,64.1095983333333,-21.84165,2.0,0.0,0.0,true,4490,0
1773236597000,64.1095983333333,-21.84165,2.0,0.0,0.0,true,4491,0
1773236597000,64.1095983333333,-21.84165,0.0,0.0,0.0,true,4492,0
1773236599000,64.1095983333333,-21.84165,2.0,0.0,0.0,true,4493,0
1773236599000,64.1095983333333,-21.84165,0.0,0.0,0.0,true,4494,0
1773236603000,64.1095983333333,-21.84165,4.0,0.0,0.0,true,4495,0
1773236605000,64.1095983333333,-21.84165,2.0,0.0,0.0,true,4496,0
1773236610000,64.1095983333333,-21.84165,5.0,0.0,0.0,true,4497,0
1773236610000,64.1095983333333,-21.84165,0.0,0.0,0.0,true,4498,0
1773236614000,64.1095983333333,-21.84165,4.0,0.0,0.0,true,4499,0
1773236614000,64.1095983333333,-21.84165,0.0,0.0,0.0,true,4500,0
1773236617000,64.1095983333333,-21.84165,3.0,0.0,0.0,true,4501,0
1773236619000,64.1095983333333,-21.84165,2.0,0.0,0.0,true,4502,0
1773236622000,64.1095983333333,-21.84165,3.0,0.0,0.0,true,4503,0
1773236622000,64.1095983333333,-21.84165,0.0,0.0,0.0,true,4504,0
1773236626000,64.1095983333333,-21.84165,4.0,0.0,0.0,true,4505,0
1773236626000,64.1095983333333,-21.84165,0.0,0.0,0.0,true,4506,0
1773236630000,64.1095983333333,-21.84165,4.0,0.0,0.0,true,4507,0
1773236630000,64.1095983333333,-21.84165,0.0,0.0,0.0,true,4508,0
1773236630000,64.1095983333333,-21.84165,0.0,0.0,0.0,true,4509,0
1773236636000,64.1095983333333,-21.84165,6.0,0.0,0.0,true,4510,0
1773236638000,64.1095983333333,-21.84165,2.0,0.0,0.0,true,4511,0
1773236638000,64.1095983333333,-21.84165,0.0,0.0,0.0,true,4512,0
1773236642000,64.1095983333333,-21.84165,4.0,0.0,0.0,true,4513,0
1773236644000,64.1095983333333,-21.84165,2.0,0.0,0.0,true,4514,0
1773236644000,64.1095983333333,-21.84165,0.0,0.0,0.0,true,4515,0
1773236647000,64.1095983333333,-21.84165,3.0,0.0,0.0,true,4516,0
1773236647000,64.1095983333333,-21.84165,0.0,0.0,0.0,true,4517,0
1773236651000,64.1095983333333,-21.84165,4.0,0.0,0.0,true,4518,0
1773236655000,64.1095983333333,-21.84165,4.0,0.0,0.0,true,4519,0
1773236655000,64.1095983333333,-21.84165,0.0,0.0,0.0,true,4520,0
1773236657000,64.1095983333333,-21.84165,2.0,0.0,0.0,true,4521,0
1773236661000,64.1095983333333,-21.84165,4.0,0.0,0.0,true,4522,0
1773236661000,64.1095983333333,-21.84165,0.0,0.0,0.0,true,4523,0
1773236663000,64.1095983333333,-21.84165,2.0,0.0,0.0,true,4524,0
1773236665000,64.1095983333333,-21.84165,2.0,0.0,0.0,true,4525,0
1773236665000,64.1095983333333,-21.84165,0.0,0.0,0.0,true,4526,0
1773236667000,64.1095983333333,-21.84165,2.0,0.0,0.0,true,4527,0
1773236673000,64.1095983333333,-21.84165,6.0,0.0,0.0,true,4528,0
1773236673000,64.1095983333333,-21.84165,0.0,0.0,0.0,true,4529,0
1773236677000,64.1095983333333,-21.84165,4.0,0.0,0.0,true,4530,0
1773236679000,64.1095983333333,-21.84165,2.0,0.0,0.0,true,4531,0
1773236679000,64.1095983333333,-21.84165,0.0,0.0,0.0,true,4532,0
1773236681000,64.1095983333333,-21.84165,2.0,0.0,0.0,true,4533,0
1773236683000,64.1095983333333,-21.84165,2.0,0.0,0.0,true,4534,0
1773236683000,64.1095983333333,-21.84165,0.0,0.0,0.0,true,4535,0
1773236687000,64.1095983333333,-21.84165,4.0,0.0,0.0,true,4536,0
1773236687000,64.1095983333333,-21.84165,0.0,0.0,0.0,true,4537,0
1773236689000,64.1095983333333,-21.84165,2.0,0.0,0.0,true,4538,0
1773236693000,64.1095983333333,-21.84165,4.0,0.0,0.0,true,4539,0
1773236693000,64.1095983333333,-21.84165,0.0,0.0,0.0,true,4540,0
1773236695000,64.1095983333333,-21.84165,2.0,0.0,0.0,true,4541,0
1773236701000,64.1095983333333,-21.84165,6.0,0.0,0.0,true,4542,0
1773236701000,64.1095983333333,-21.84165,0.0,0.0,0.0,true,4543,0
1773236704000,64.1095983333333,-21.84165,3.0,0.0,0.0,true,4544,0
1773236706000,64.1095983333333,-21.84165,2.0,0.0,0.0,true,4545,0
1773236706000,64.1095983333333,-21.84165,0.0,0.0,0.0,true,4546,0
1773236708000,64.1095983333333,-21.84165,2.0,0.0,0.0,true,4547,0
1773236710000,64.1095983333333,-21.84165,2.0,0.0,0.0,true,4548,0
1773236710000,64.1095983333333,-21.84165,0.0,0.0,0.0,true,4549,0
1773236715000,64.1095983333333,-21.84165,5.0,0.0,0.0,true,4550,0
1773236717000,64.1095983333333,-21.84165,2.0,0.0,0.0,true,4551,0
1773236719000,64.1095983333333,-21.84165,2.0,0.0,0.0,true,4552,0
1773236723000,64.1095983333333,-21.84165,4.0,0.0,0.0,true,4553,0
1773236723000,64.1095983333333,-21.84165,0.0,0.0,0.0,true,4554,0
1773236725000,64.1095983333333,-21.84165,2.0,0.0,0.0,true,4555,0
1773236727000,64.1095983333333,-21.84165,2.0,0.0,0.0,true,4556,0
1773236727000,64.1095983333333,-21.84165,0.0,0.0,0.0,true,4557,0
1773236731000,64.1095983333333,-21.84165,4.0,0.0,0.0,true,4558,0
1773236734000,64.1095983333333,-21.84165,3.0,0.0,0.0,true,4559,0
1773236734000,64.1095983333333,-21.84165,0.0,0.0,0.0,true,4560,0
1773236736000,64.1095983333333,-21.84165,2.0,0.0,0.0,true,4561,0
1773236738000,64.1095983333333,-21.84165,2.0,0.0,0.0,true,4562,0
1773236738000,64.1095983333333,-21.84165,0.0,0.0,0.0,true,4563,0
1773236744000,64.1095983333333,-21.84165,6.0,0.0,0.0,true,4564,0
1773236746000,64.1095983333333,-21.84165,2.0,0.0,0.0,true,4565,0
1773236746000,64.1095983333333,-21.84165,0.0,0.0,0.0,true,4566,0
1773236750000,64.1095983333333,-21.84165,4.0,0.0,0.0,true,4567,0
1773236750000,64.1095983333333,-21.84165,0.0,0.0,0.0,true,4568,0
1773236750000,64.1095983333333,-21.84165,0.0,0.0,0.0,true,4569,0
1773236755000,64.1095983333333,-21.84165,5.0,0.0,0.0,true,4570,0
1773236757000,64.1095983333333,-21.84165,2.0,0.0,0.0,true,4571,0
1773236759000,64.1095983333333,-21.84165,2.0,0.0,0.0,true,4572,0
1773236763000,64.1095983333333,-21.84165,4.0,0.0,0.0,true,4573,0
1773236763000,64.1095983333333,-21.84165,0.0,0.0,0.0,true,4574,0
1773236765000,64.1095983333333,-21.84165,2.0,0.0,0.0,true,4575,0
1773236765000,64.1095983333333,-21.84165,0.0,0.0,0.0,true,4576,0
1773236769000,64.1095983333333,-21.84165,4.0,0.0,0.0,true,4577,0
1773236771000,64.1095983333333,-21.84165,2.0,0.0,0.0,true,4578,0
1773236771000,64.1095983333333,-21.84165,0.0,0.0,0.0,true,4579,0
1773236776000,64.1095983333333,-21.84165,5.0,0.0,0.0,true,4580,0
1773236778000,64.1095983333333,-21.84165,2.0,0.0,0.0,true,4581,0
1773236778000,64.1095983333333,-21.84165,0.0,0.0,0.0,true,4582,0
1773236780000,64.1095983333333,-21.84165,2.0,0.0,0.0,true,4583,0
1773236780000,64.1095983333333,-21.84165,0.0,0.0,0.0,true,4584,0
1773236787000,64.1095983333333,-21.84165,7.0,0.0,0.0,true,4585,0
1773236787000,64.1095983333333,-21.84165,0.0,0.0,0.0,true,4586,0
1773236793000,64.1095983333333,-21.84165,6.0,0.0,0.0,true,4587,0
1773236797000,64.1095983333333,-21.84165,4.0,0.0,0.0,true,4588,0
1773236799000,64.1095983333333,-21.84165,2.0,0.0,0.0,true,4589,0
1773236799000,64.1095983333333,-21.84165,0.0,0.0,0.0,true,4590,0
1773236801000,64.1095983333333,-21.84165,2.0,0.0,0.0,true,4591,0
1773236803000,64.1095983333333,-21.84165,2.0,0.0,0.0,true,4592,0
1773236803000,64.1095983333333,-21.84165,0.0,0.0,0.0,true,4593,0
1773236805000,64.1095983333333,-21.84165,2.0,0.0,0.0,true,4594,0
1773236810000,64.1095983333333,-21.84165,5.0,0.0,0.0,true,4595,0
1773236810000,64.1095983333333,-21.84165,0.0,0.0,0.0,true,4596,0
1773236814000,64.1095983333333,-21.84165,4.0,0.0,0.0,true,4597,0
1773236814000,64.1095983333333,-21.84165,0.0,0.0,0.0,true,4598,0
1773236818000,64.1095983333333,-21.84165,4.0,0.0,0.0,true,4599,0
1773236820000,64.1095983333333,-21.84165,2.0,0.0,0.0,true,4600,0
1773236820000,64.1095983333333,-21.84165,0.0,0.0,0.0,true,4601,0
1773236822000,64.1095983333333,-21.84165,2.0,0.0,0.0,true,4602,0
1773236825000,64.1095983333333,-21.84165,3.0,0.0,0.0,true,4603,0
1773236825000,64.1095983333333,-21.84165,0.0,0.0,0.0,true,4604,0
1773236829000,64.1095983333333,-21.84165,4.0,0.0,0.0,true,4605,0
1773236831000,64.1095983333333,-21.84165,2.0,0.0,0.0,true,4606,0
1773236831000,64.1095983333333,-21.84165,0.0,0.0,0.0,true,4607,0
1773236837000,64.1095983333333,-21.84165,6.0,0.0,0.0,true,4608,0
1773236837000,64.1095983333333,-21.84165,0.0,0.0,0.0,true,4609,0
1773236837000,64.1095983333333,-21.84165,0.0,0.0,0.0,true,4610,0
1773236841000,64.1095983333333,-21.84165,4.0,0.0,0.0,true,4611,0
1773236843000,64.1095983333333,-21.84165,2.0,0.0,0.0,true,4612,0
1773236843000,64.1095983333333,-21.84165,0.0,0.0,0.0,true,4613,0
1773236846000,64.1095983333333,-21.84165,3.0,0.0,0.0,true,4614,0
1773236846000,64.1095983333333,-21.84165,0.0,0.0,0.0,true,4615,0
1773236855000,64.1095983333333,-21.84165,9.0,0.0,0.0,true,4616,0
1773236855000,64.1095983333333,-21.84165,0.0,0.0,0.0,true,4617,0
1773236857000,64.1095983333333,-21.84165,2.0,0.0,0.0,true,4618,0
1773236861000,64.1095983333333,-21.84165,4.0,0.0,0.0,true,4619,0
1773236861000,64.1095983333333,-21.84165,0.0,0.0,0.0,true,4620,0
1773236863000,64.1095983333333,-21.84165,2.0,0.0,0.0,true,4621,0
1773236863000,64.1095983333333,-21.84165,0.0,0.0,0.0,true,4622,0
1773236865000,64.1095983333333,-21.84165,2.0,0.0,0.0,true,4623,0
1773236871000,64.1095983333333,-21.84165,6.0,0.0,0.0,true,4624,0
1773236871000,64.1095983333333,-21.84165,0.0,0.0,0.0,true,4625,0
1773236875000,64.1095983333333,-21.84165,4.0,0.0,0.0,true,4626,0
1773236877000,64.1095983333333,-21.84165,2.0,0.0,0.0,true,4627,0
1773236877000,64.1095983333333,-21.84165,0.0,0.0,0.0,true,4628,0
1773236880000,64.1095983333333,-21.84165,3.0,0.0,0.0,true,4629,0
1773236880000,64.1095983333333,-21.84165,0.0,0.0,0.0,true,4630,0
1773236882000,64.1095983333333,-21.84165,2.0,0.0,0.0,true,4631,0
1773236888000,64.1095983333333,-21.84165,6.0,0.0,0.0,true,4632,0
1773236888000,64.1095983333333,-21.84165,0.0,0.0,0.0,true,4633,0
1773236888000,64.1095983333333,-21.84165,0.0,0.0,0.0,true,4634,0
1773236890000,64.1095983333333,-21.84165,2.0,0.0,0.0,true,4635,0
1773236896000,64.1095983333333,-21.84165,6.0,0.0,0.0,true,4636,0
1773236896000,64.1095983333333,-21.84165,0.0,0.0,0.0,true,4637,0
1773236896000,64.1095983333333,-21.84165,0.0,0.0,0.0,true,4638,0
1773236899000,64.1095983333333,-21.84165,3.0,0.0,0.0,true,4639,0
1773236899000,64.1095983333333,-21.84165,0.0,0.0,0.0,true,4640,0
1773236903000,64.1095983333333,-21.84165,4.0,0.0,0.0,true,4641,0
1773236903000,64.1095983333333,-21.84165,0.0,0.0,0.0,true,4642,0
1773236909000,64.1095983333333,-21.84165,6.0,0.0,0.0,true,4643,0
1773236909000,64.1095983333333,-21.84165,0.0,0.0,0.0,true,4644,0
1773236909000,64.1095983333333,-21.84165,0.0,0.0,0.0,true,4645,0
1773236914000,64.1095983333333,-21.84165,5.0,0.0,0.0,true,4646,0
1773236914000,64.1095983333333,-21.84165,0.0,0.0,0.0,true,4647,0
1773236920000,64.1095983333333,-21.84165,6.0,0.0,0.0,true,4648,0
1773236922000,64.1095983333333,-21.84165,2.0,0.0,0.0,true,4649,0
1773236922000,64.1095983333333,-21.84165,0.0,0.0,0.0,true,4650,0
1773236924000,64.1095983333333,-21.84165,2.0,0.0,0.0,true,4651,0
1773236928000,64.1095983333333,-21.84165,4.0,0.0,0.0,true,4652,0
1773236928000,64.1095983333333,-21.84165,0.0,0.0,0.0,true,4653,0
1773236930000,64.1095983333333,-21.84165,2.0,0.0,0.0,true,4654,0
1773236932000,64.1095983333333,-21.84165,2.0,0.0,0.0,true,4655,0
1773236935000,64.1095983333333,-21.84165,3.0,0.0,0.0,true,4656,0
1773236938000,64.1095983333333,-21.84165,3.0,0.0,0.0,true,4657,0
1773236940000,64.1095983333333,-21.84165,2.0,0.0,0.0,true,4658,0
1773236940000,64.1095983333333,-21.84165,0.0,0.0,0.0,true,4659,0
1773236944000,64.1095983333333,-21.84165,4.0,0.0,0.0,true,4660,0
1773236944000,64.1095983333333,-21.84165,0.0,0.0,0.0,true,4661,0
1773236946000,64.1095983333333,-21.84165,2.0,0.0,0.0,true,4662,0
1773236948000,64.1095983333333,-21.84165,2.0,0.0,0.0,true,4663,0
1773236948000,64.1095983333333,-21.84165,0.0,0.0,0.0,true,4664,0
1773236950000,64.1095983333333,-21.84165,2.0,0.0,0.0,true,4665,0
1773236955000,64.1095983333333,-21.84165,5.0,0.0,0.0,true,4666,0
1773236955000,64.1095983333333,-21.84165,0.0,0.0,0.0,true,4667,0
1773236959000,64.1095983333333,-21.84165,4.0,0.0,0.0,true,4668,0
1773236959000,64.1095983333333,-21.84165,0.0,0.0,0.0,true,4669,0
1773236961000,64.1095983333333,-21.84165,2.0,0.0,0.0,true,4670,0
1773236967000,64.1095983333333,-21.84165,6.0,0.0,0.0,true,4671,0
1773236967000,64.1095983333333,-21.84165,0.0,0.0,0.0,true,4672,0
1773236967000,64.1095983333333,-21.84165,0.0,0.0,0.0,true,4673,0
1773236969000,64.1095983333333,-21.84165,2.0,0.0,0.0,true,4674,0
1773236971000,64.1095983333333,-21.84165,2.0,0.0,0.0,true,4675,0
1773236976000,64.1095983333333,-21.84165,5.0,0.0,0.0,true,4676,0
1773236976000,64.1095983333333,-21.84165,0.0,0.0,0.0,true,4677,0
1773236976000,64.1095983333333,-21.84165,0.0,0.0,0.0,true,4678,0
1773236982000,64.1095983333333,-21.84165,6.0,0.0,0.0,true,4679,0
1773236982000,64.1095983333333,-21.84165,0.0,0.0,0.0,true,4680,0
1773236982000,64.1095983333333,-21.84165,0.0,0.0,0.0,true,4681,0
1773236985000,64.1095983333333,-21.84165,3.0,0.0,0.0,true,4682,0
1773236991000,64.1095983333333,-21.84165,6.0,0.0,0.0,true,4683,0
1773236991000,64.1095983333333,-21.84165,0.0,0.0,0.0,true,4684,0
1773236991000,64.1095983333333,-21.84165,0.0,0.0,0.0,true,4685,0
1773236996000,64.1095983333333,-21.84165,5.0,0.0,0.0,true,4686,0
1773236998000,64.1095983333333,-21.84165,2.0,0.0,0.0,true,4687,0
1773237002000,64.1095983333333,-21.84165,4.0,0.0,0.0,true,4688,0
1773237002000,64.1095983333333,-21.84165,0.0,0.0,0.0,true,4689,0
1773237002000,64.1095983333333,-21.84165,0.0,0.0,0.0,true,4690,0
1773237005000,64.1095983333333,-21.84165,3.0,0.0,0.0,true,4691,0
1773237011000,64.1095983333333,-21.84165,6.0,0.0,0.0,true,4692,0
1773237011000,64.1095983333333,-21.84165,0.0,0.0,0.0,true,4693,0
1773237013000,64.1095983333333,-21.84165,2.0,0.0,0.0,true,4694,0
1773237016000,64.1095983333333,-21.84165,3.0,0.0,0.0,true,4695,0
1773237016000,64.1095983333333,-21.84165,0.0,0.0,0.0,true,4696,0
1773237020000,64.1095983333333,-21.84165,4.0,0.0,0.0,true,4697,0
1773237022000,64.1095983333333,-21.84165,2.0,0.0,0.0,true,4698,0
1773237022000,64.1095983333333,-21.84165,0.0,0.0,0.0,true,4699,0
1773237025000,64.1095983333333,-21.84165,3.0,0.0,0.0,true,4700,0
1773237025000,64.1095983333333,-21.84165,0.0,0.0,0.0,true,4701,0
1773237027000,64.1095983333333,-21.84165,2.0,0.0,0.0,true,4702,0
1773237031000,64.1096133333333,-21.8415166666667,4.0,6.7,6.0,false,4702,9540.0
1773237031000,64.1096133333333,-21.8415166666667,0.0,0.0,0.0,true,1,0
1773237031000,64.1096133333333,-21.8415166666667,0.0,0.0,0.0,true,2,0
1773237035000,64.1096233333333,-21.8414,4.0,5.8,5.2,false,2,4.0
1773237039000,64.1096233333333,-21.8409333333333,4.0,22.7,20.4,false,0,4.0
1773237041000,64.1096233333333,-21.8409333333333,2.0,0.0,0.0,true,1,0
1773237045000,64.10962,-21.8409166666667,4.0,0.9,0.8,false,1,6.0
1773237045000,64.10962,-21.8409166666667,0.0,0.0,0.0,true,1,0
1773237047000,64.10962,-21.8409166666667,2.0,0.0,0.0,true,2,0
1773237050000,64.10962,-21.8409166666667,3.0,0.0,0.0,true,3,0
1773237050000,64.10962,-21.8409166666667,0.0,0.0,0.0,true,4,0
1773237054000,64.10962,-21.8409166666667,4.0,0.0,0.0,true,5,0
1773237054000,64.10962,-21.8409166666667,0.0,0.0,0.0,true,6,0
1773237061000,64.1095566666667,-21.8407666666667,7.0,10.1,5.2,false,6,16.0
1773237061000,64.1095566666667,-21.8407666666667,0.0,0.0,0.0,true,1,0
1773237061000,64.1095566666667,-21.8407666666667,0.0,0.0,0.0,true,2,0
1773237067000,64.109335,-21.8406833333333,6.0,25.0,15.0,false,2,6.0
1773237067000,64.109335,-21.8406833333333,0.0,0.0,0.0,true,1,0
1773237067000,64.109335,-21.8406833333333,0.0,0.0,0.0,true,2,0
1773237071000,64.10903,-21.8407,4.0,33.9,30.5,false,2,4.0
1773237071000,64.10903,-21.8407,0.0,0.0,0.0,true,1,0
1773237076000,64.1086983333333,-21.8407,5.0,36.9,26.6,false,1,5.0
1773237076000,64.1086983333333,-21.8407,0.0,0.0,0.0,true,1,0
1773237079000,64.1083516666667,-21.8407333333333,3.0,38.6,46.3,false,1,3.0
1773237081000,64.1083516666667,-21.8407333333333,2.0,0.0,0.0,true,1,0
1773237081000,64.1083516666667,-21.8407333333333,0.0,0.0,0.0,true,2,0
1773237081000,64.1083516666667,-21.8407333333333,0.0,0.0,0.0,true,3,0
1773237088000,64.1076966666667,-21.8409833333333,7.0,73.8,38.0,false,3,9.0
1773237088000,64.1076966666667,-21.8409833333333,0.0,0.0,0.0,true,1,0
1773237092000,64.1076966666667,-21.8409833333333,4.0,0.0,0.0,true,2,0
1773237094000,64.1073116666667,-21.84115,2.0,43.6,78.4,false,2,6.0
1773237096000,64.1073116666667,-21.84115,2.0,0.0,0.0,true,1,0
1773237096000,64.1073116666667,-21.84115,0.0,0.0,0.0,true,2,0
1773237100000,64.106935,-21.84135,4.0,43.0,38.7,false,2,6.0
1773237100000,64.106935,-21.84135,0.0,0.0,0.0,true,1,0
1773237105000,64.1066383333333,-21.8415833333333,5.0,34.9,25.1,false,1,5.0
1773237105000,64.1066383333333,-21.8415833333333,0.0,0.0,0.0,true,1,0
1773237107000,64.1066383333333,-21.8415833333333,2.0,0.0,0.0,true,2,0
1773237111000,64.106435,-21.84185,4.0,26.1,23.4,false,2,6.0
1773237111000,64.106435,-21.84185,0.0,0.0,0.0,true,1,0
1773237113000,64.106345,-21.8424,2.0,28.5,51.3,false,1,2.0
1773237115000,64.106345,-21.8424,2.0,0.0,0.0,true,1,0
1773237117000,64.106345,-21.8424,2.0,0.0,0.0,true,2,0
1773237117000,64.106345,-21.8424,0.0,0.0,0.0,true,3,0
1773237122000,64.10638,-21.8432666666667,5.0,42.3,30.4,false,3,9.0
1773237122000,64.10638,-21.8432666666667,0.0,0.0,0.0,true,1,0
1773237122000,64.10638,-21.8432666666667,0.0,0.0,0.0,true,2,0
1773237126000,64.106455,-21.8442333333333,4.0,47.7,42.9,false,2,4.0
1773237128000,64.106545,-21.8452333333333,2.0,49.6,89.2,false,0,2.0
1773237128000,64.106545,-21.8452333333333,0.0,0.0,0.0,true,1,0
1773237135000,64.1066283333333,-21.8462833333333,7.0,51.8,26.7,false,1,7.0
1773237135000,64.1066283333333,-21.8462833333333,0.0,0.0,0.0,true,1,0
1773237137000,64.1066283333333,-21.8462833333333,2.0,0.0,0.0,true,2,0
1773237139000,64.1067166666667,-21.8471666666667,2.0,44.0,79.2,false,2,4.0
1773237139000,64.1067166666667,-21.8471666666667,0.0,0.0,0.0,true,1,0
1773237141000,64.1067166666667,-21.8471666666667,2.0,0.0,0.0,true,2,0
1773237141000,64.1067166666667,-21.8471666666667,0.0,0.0,0.0,true,3,0
1773237147000,64.1067966666667,-21.8478666666667,6.0,35.1,21.1,false,3,8.0
1773237152000,64.10687,-21.8484333333333,5.0,28.7,20.7,false,0,5.0
1773237152000,64.10687,-21.8484333333333,0.0,0.0,0.0,true,1,0
1773237152000,64.10687,-21.8484333333333,0.0,0.0,0.0,true,2,0
1773237156000,64.10687,-21.8484333333333,4.0,0.0,0.0,true,3,0
1773237159000,64.1068733333333,-21.8484666666667,3.0,1.7,2.0,false,3,7.0
1773237159000,64.1068733333333,-21.8484666666667,0.0,0.0,0.0,true,1,0
1773237161000,64.1068733333333,-21.8484666666667,2.0,0.0,0.0,true,2,0
1773237161000,64.1068733333333,-21.8484666666667,0.0,0.0,0.0,true,3,0
1773237163000,64.1068733333333,-21.8484666666667,2.0,0.0,0.0,true,4,0
1773237167000,64.1068733333333,-21.8484666666667,4.0,0.0,0.0,true,5,0
1773237169000,64.1068733333333,-21.8484666666667,2.0,0.0,0.0,true,6,0
1773237172000,64.1068733333333,-21.8484666666667,3.0,0.0,0.0,true,7,0
1773237172000,64.1068733333333,-21.8484666666667,0.0,0.0,0.0,true,8,0
1773237174000,64.1068733333333,-21.8484666666667,2.0,0.0,0.0,true,9,0
1773237178000,64.1068733333333,-21.8484666666667,4.0,0.0,0.0,true,10,0
1773237178000,64.1068733333333,-21.8484666666667,0.0,0.0,0.0,true,11,0
1773237178000,64.1068733333333,-21.8484666666667,0.0,0.0,0.0,true,12,0
1773237181000,64.1068733333333,-21.8484666666667,3.0,0.0,0.0,true,13,0
1773237188000,64.10688,-21.84855,7.0,4.1,2.1,false,13,29.0
1773237188000,64.10688,-21.84855,0.0,0.0,0.0,true,1,0
1773237191000,64.10688,-21.84855,3.0,0.0,0.0,true,2,0
1773237191000,64.10688,-21.84855,0.0,0.0,0.0,true,3,0
1773237193000,64.10692,-21.8491166666667,2.0,27.9,50.2,false,3,5.0
1773237195000,64.10692,-21.8491166666667,2.0,0.0,0.0,true,1,0
1773237195000,64.10692,-21.8491166666667,0.0,0.0,0.0,true,2,0
1773237199000,64.10692,-21.84995,4.0,40.5,36.4,false,2,6.0
1773237202000,64.1068216666667,-21.8509,3.0,47.4,56.9,false,0,3.0
1773237204000,64.1068216666667,-21.8509,2.0,0.0,0.0,true,1,0
1773237206000,64.1068216666667,-21.8509,2.0,0.0,0.0,true,2,0
1773237206000,64.1068216666667,-21.8509,0.0,0.0,0.0,true,3,0
1773237206000,64.1068216666667,-21.8509,0.0,0.0,0.0,true,4,0
1773237212000,64.1062966666667,-21.85305,6.0,119.6,71.8,false,4,10.0
1773237212000,64.1062966666667,-21.85305,0.0,0.0,0.0,true,1,0
1773237216000,64.1062966666667,-21.85305,4.0,0.0,0.0,true,2,0
1773237218000,64.1060383333333,-21.8544,2.0,71.6,128.8,false,2,6.0
1773237220000,64.1060383333333,-21.8544,2.0,0.0,0.0,true,1,0
1773237220000,64.1060383333333,-21.8544,0.0,0.0,0.0,true,2,0
1773237226000,64.1056333333333,-21.8575666666667,6.0,160.2,96.1,false,2,8.0
1773237226000,64.1056333333333,-21.8575666666667,0.0,0.0,0.0,true,1,0
1773237228000,64.1056333333333,-21.8575666666667,2.0,0.0,0.0,true,2,0
1773237228000,64.1056333333333,-21.8575666666667,0.0,0.0,0.0,true,3,0
1773237232000,64.1054766666667,-21.8593333333333,4.0,87.5,78.8,false,3,6.0
1773237234000,64.1054766666667,-21.8593333333333,2.0,0.0,0.0,true,1,0
1773237234000,64.1054766666667,-21.8593333333333,0.0,0.0,0.0,true,2,0
1773237238000,64.1053833333333,-21.86115,4.0,88.8,79.9,false,2,6.0
1773237238000,64.1053833333333,-21.86115,0.0,0.0,0.0,true,1,0
1773237243000,64.1052916666667,-21.8629166666667,5.0,86.4,62.2,false,1,5.0
1773237243000,64.1052916666667,-21.8629166666667,0.0,0.0,0.0,true,1,0
1773237245000,64.1052916666667,-21.8629166666667,2.0,0.0,0.0,true,2,0
1773237247000,64.10516,-21.8646333333333,2.0,84.6,152.4,false,2,4.0
1773237249000,64.10516,-21.8646333333333,2.0,0.0,0.0,true,1,0
1773237253000,64.10499,-21.8662666666667,4.0,81.5,73.4,false,1,6.0
1773237253000,64.10499,-21.8662666666667,0.0,0.0,0.0,true,1,0
1773237253000,64.10499,-21.8662666666667,0.0,0.0,0.0,true,2,0
1773237259000,64.104745,-21.8678833333333,6.0,83.1,49.9,false,2,6.0
1773237261000,64.104745,-21.8678833333333,2.0,0.0,0.0,true,1,0
1773237261000,64.104745,-21.8678833333333,0.0,0.0,0.0,true,2,0
1773237263000,64.1044583333333,-21.8695166666667,2.0,85.5,153.9,false,2,4.0
1773237266000,64.104085,-21.8710833333333,3.0,86.7,104.0,false,0,3.0
1773237266000,64.104085,-21.8710833333333,0.0,0.0,0.0,true,1,0
1773237266000,64.104085,-21.8710833333333,0.0,0.0,0.0,true,2,0
1773237272000,64.10366,-21.8727,6.0,91.6,55.0,false,2,6.0
1773237274000,64.10366,-21.8727,2.0,0.0,0.0,true,1,0
1773237274000,64.10366,-21.8727,0.0,0.0,0.0,true,2,0
1773237278000,64.1031683333333,-21.87425,4.0,93.0,83.7,false,2,6.0
1773237278000,64.1031683333333,-21.87425,0.0,0.0,0.0,true,1,0
1773237280000,64.1031683333333,-21.87425,2.0,0.0,0.0,true,2,0
1773237283000,64.102625,-21.8757333333333,3.0,94.0,112.8,false,2,5.0
1773237285000,64.102625,-21.8757333333333,2.0,0.0,0.0,true,1,0
1773237288000,64.102035,-21.87715,3.0,95.1,114.1,false,1,5.0
1773237288000,64.102035,-21.87715,0.0,0.0,0.0,true,1,0
1773237288000,64.102035,-21.87715,0.0,0.0,0.0,true,2,0
1773237292000,64.1014333333333,-21.8785166666667,4.0,94.2,84.8,false,2,4.0
1773237292000,64.1014333333333,-21.8785166666667,0.0,0.0,0.0,true,1,0
1773237300000,64.100795,-21.8798166666667,8.0,95.0,42.7,false,1,8.0
1773237300000,64.100795,-21.8798166666667,0.0,0.0,0.0,true,1,0
1773237303000,64.1001566666667,-21.8810166666667,3.0,91.8,110.2,false,1,3.0
1773237303000,64.1001566666667,-21.8810166666667,0.0,0.0,0.0,true,1,0
1773237307000,64.0995183333333,-21.8821833333333,4.0,90.8,81.7,false,1,4.0
1773237307000,64.0995183333333,-21.8821833333333,0.0,0.0,0.0,true,1,0
1773237309000,64.0995183333333,-21.8821833333333,2.0,0.0,0.0,true,2,0
1773237312000,64.0988583333333,-21.8833,3.0,91.3,109.5,false,2,5.0
1773237312000,64.0988583333333,-21.8833,0.0,0.0,0.0,true,1,0
1773237314000,64.0988583333333,-21.8833,2.0,0.0,0.0,true,2,0
1773237317000,64.0981933333333,-21.88435,3.0,89.8,107.8,false,2,5.0
1773237317000,64.0981933333333,-21.88435,0.0,0.0,0.0,true,1,0
1773237321000,64.0981933333333,-21.88435,4.0,0.0,0.0,true,2,0
1773237325000,64.0973816666667,-21.8855666666667,4.0,107.9,97.1,false,2,8.0
1773237327000,64.0973816666667,-21.8855666666667,2.0,0.0,0.0,true,1,0
1773237327000,64.0973816666667,-21.8855666666667,0.0,0.0,0.0,true,2,0
1773237329000,64.0967016666667,-21.8864833333333,2.0,87.7,157.9,false,2,4.0
1773237333000,64.0960083333333,-21.8873666666667,4.0,88.2,79.4,false,0,4.0
1773237333000,64.0960083333333,-21.8873666666667,0.0,0.0,0.0,true,1,0
1773237333000,64.0960083333333,-21.8873666666667,0.0,0.0,0.0,true,2,0
1773237339000,64.0953033333333,-21.8882166666667,6.0,88.6,53.2,false,2,6.0
1773237341000,64.0953033333333,-21.8882166666667,2.0,0.0,0.0,true,1,0
1773237341000,64.0953033333333,-21.8882166666667,0.0,0.0,0.0,true,2,0
1773237344000,64.0944516666667,-21.88915,3.0,105.0,126.0,false,2,5.0
1773237346000,64.0944516666667,-21.88915,2.0,0.0,0.0,true,1,0
1773237349000,64.09373,-21.8898833333333,3.0,87.8,105.4,false,1,5.0
1773237349000,64.09373,-21.8898833333333,0.0,0.0,0.0,true,1,0
1773237352000,64.09373,-21.8898833333333,3.0,0.0,0.0,true,2,0
1773237352000,64.09373,-21.8898833333333,0.0,0.0,0.0,true,3,0
1773237356000,64.093,-21.89055,4.0,87.4,78.7,false,3,7.0
1773237356000,64.093,-21.89055,0.0,0.0,0.0,true,1,0
1773237358000,64.093,-21.89055,2.0,0.0,0.0,true,2,0
1773237362000,64.0922566666667,-21.8911333333333,4.0,87.4,78.6,false,2,6.0
1773237364000,64.0914733333333,-21.89165,2.0,90.6,163.2,false,0,2.0
1773237364000,64.0914733333333,-21.89165,0.0,0.0,0.0,true,1,0
1773237370000,64.0906633333333,-21.8920666666667,6.0,92.3,55.4,false,1,6.0
1773237370000,64.0906633333333,-21.8920666666667,0.0,0.0,0.0,true,1,0
1773237373000,64.0906633333333,-21.8920666666667,3.0,0.0,0.0,true,2,0
1773237375000,64.0898333333333,-21.8923166666667,2.0,93.1,167.6,false,2,5.0
1773237375000,64.0898333333333,-21.8923166666667,0.0,0.0,0.0,true,1,0
1773237377000,64.0898333333333,-21.8923166666667,2.0,0.0,0.0,true,2,0
1773237379000,64.089015,-21.8924666666667,2.0,91.3,164.3,false,2,4.0
1773237379000,64.089015,-21.8924666666667,0.0,0.0,0.0,true,1,0
1773237382000,64.089015,-21.8924666666667,3.0,0.0,0.0,true,2,0
1773237382000,64.089015,-21.8924666666667,0.0,0.0,0.0,true,3,0
1773237390000,64.0873766666667,-21.89255,8.0,182.2,82.0,false,3,11.0
1773237390000,64.0873766666667,-21.89255,0.0,0.0,0.0,true,1,0
1773237390000,64.0873766666667,-21.89255,0.0,0.0,0.0,true,2,0
1773237394000,64.0865283333333,-21.8926833333333,4.0,94.6,85.1,false,2,4.0
1773237394000,64.0865283333333,-21.8926833333333,0.0,0.0,0.0,true,1,0
1773237397000,64.0865283333333,-21.8926833333333,3.0,0.0,0.0,true,2,0
1773237401000,64.085695,-21.8929,4.0,93.3,83.9,false,2,7.0
1773237401000,64.085695,-21.8929,0.0,0.0,0.0,true,1,0
1773237401000,64.085695,-21.8929,0.0,0.0,0.0,true,2,0
1773237404000,64.084875,-21.89335,3.0,93.8,112.5,false,2,3.0
1773237409000,64.084075,-21.8940166666667,5.0,94.7,68.2,false,0,5.0
1773237409000,64.084075,-21.8940166666667,0.0,0.0,0.0,true,1,0
1773237413000,64.084075,-21.8940166666667,4.0,0.0,0.0,true,2,0
1773237413000,64.084075,-21.8940166666667,0.0,0.0,0.0,true,3,0
1773237415000,64.0833033333333,-21.8949166666667,2.0,96.3,173.4,false,3,6.0
1773237419000,64.0825866666667,-21.8961666666667,4.0,100.2,90.2,false,0,4.0
1773237419000,64.0825866666667,-21.8961666666667,0.0,0.0,0.0,true,1,0
1773237421000,64.0825866666667,-21.8961666666667,2.0,0.0,0.0,true,2,0
1773237424000,64.0819316666667,-21.8976,3.0,100.8,120.9,false,2,5.0
1773237424000,64.0819316666667,-21.8976,0.0,0.0,0.0,true,1,0
1773237426000,64.0819316666667,-21.8976,2.0,0.0,0.0,true,2,0
1773237428000,64.0819316666667,-21.8976,2.0,0.0,0.0,true,3,0
1773237432000,64.0813566666667,-21.8991333333333,4.0,98.2,88.4,false,3,8.0
1773237432000,64.0813566666667,-21.8991333333333,0.0,0.0,0.0,true,1,0
1773237434000,64.0808383333333,-21.9006666666667,2.0,94.2,169.6,false,1,2.0
1773237438000,64.0808383333333,-21.9006666666667,4.0,0.0,0.0,true,1,0
1773237440000,64.080335,-21.9022,2.0,93.2,167.8,false,1,6.0
1773237443000,64.080335,-21.9022,3.0,0.0,0.0,true,1,0
1773237443000,64.080335,-21.9022,0.0,0.0,0.0,true,2,0
1773237443000,64.080335,-21.9022,0.0,0.0,0.0,true,3,0
1773237447000,64.0798533333333,-21.9038166666667,4.0,95.1,85.6,false,3,7.0
1773237450000,64.0793566666667,-21.90545,3.0,96.7,116.1,false,0,3.0
1773237450000,64.0793566666667,-21.90545,0.0,0.0,0.0,true,1,0
1773237454000,64.0788966666667,-21.9071166666667,4.0,95.8,86.2,false,1,4.0
1773237454000,64.0788966666667,-21.9071166666667,0.0,0.0,0.0,true,1,0
1773237458000,64.0788966666667,-21.9071166666667,4.0,0.0,0.0,true,2,0
1773237458000,64.0788966666667,-21.9071166666667,0.0,0.0,0.0,true,3,0
1773237458000,64.0788966666667,-21.9071166666667,0.0,0.0,0.0,true,4,0
1773237463000,64.078425,-21.9088333333333,5.0,98.6,71.0,false,4,9.0
1773237467000,64.0779516666667,-21.9106833333333,4.0,104.2,93.8,false,0,4.0
1773237467000,64.0779516666667,-21.9106833333333,0.0,0.0,0.0,true,1,0
1773237469000,64.0774916666667,-21.9125833333333,2.0,105.6,190.0,false,1,2.0
1773237469000,64.0774916666667,-21.9125833333333,0.0,0.0,0.0,true,1,0
1773237473000,64.0774916666667,-21.9125833333333,4.0,0.0,0.0,true,2,0
1773237473000,64.0774916666667,-21.9125833333333,0.0,0.0,0.0,true,3,0
1773237476000,64.0770516666667,-21.9144833333333,3.0,104.5,125.4,false,3,7.0
1773237478000,64.0770516666667,-21.9144833333333,2.0,0.0,0.0,true,1,0
1773237482000,64.0766416666667,-21.9163666666667,4.0,102.3,92.0,false,1,6.0
1773237482000,64.0766416666667,-21.9163666666667,0.0,0.0,0.0,true,1,0
1773237484000,64.0762666666667,-21.91825,2.0,100.6,181.1,false,1,2.0
1773237488000,64.0762666666667,-21.91825,4.0,0.0,0.0,true,1,0
1773237488000,64.0762666666667,-21.91825,0.0,0.0,0.0,true,2,0
1773237493000,64.0759266666667,-21.92015,5.0,99.8,71.9,false,2,9.0
1773237493000,64.0759266666667,-21.92015,0.0,0.0,0.0,true,1,0
1773237495000,64.0756316666667,-21.92205,2.0,98.0,176.4,false,1,2.0
1773237498000,64.0756316666667,-21.92205,3.0,0.0,0.0,true,1,0
1773237498000,64.0756316666667,-21.92205,0.0,0.0,0.0,true,2,0
1773237500000,64.0754416666667,-21.9239333333333,2.0,94.0,169.1,false,2,5.0
1773237504000,64.0753316666667,-21.9258,4.0,91.6,82.4,false,0,4.0
1773237504000,64.0753316666667,-21.9258,0.0,0.0,0.0,true,1,0
1773237504000,64.0753316666667,-21.9258,0.0,0.0,0.0,true,2,0
1773237509000,64.0753083333333,-21.9271833333333,5.0,67.3,48.5,false,2,5.0
1773237509000,64.0753083333333,-21.9271833333333,0.0,0.0,0.0,true,1,0
1773237514000,64.0752933333333,-21.9278,5.0,30.0,21.6,false,1,5.0
1773237514000,64.0752933333333,-21.9278,0.0,0.0,0.0,true,1,0
1773237514000,64.0752933333333,-21.9278,0.0,0.0,0.0,true,2,0
1773237520000,64.07529,-21.9279166666667,6.0,5.7,3.4,false,2,6.0
1773237522000,64.0752916666667,-21.9279333333333,2.0,0.8,1.5,false,0,2.0
1773237522000,64.0752916666667,-21.9279333333333,0.0,0.0,0.0,true,1,0
1773237524000,64.0752916666667,-21.9279333333333,2.0,0.0,0.0,true,2,0
1773237524000,64.0752916666667,-21.9279333333333,0.0,0.0,0.0,true,3,0
1773237529000,64.0752916666667,-21.9279333333333,5.0,0.0,0.0,true,4,0
1773237529000,64.0752916666667,-21.9279333333333,0.0,0.0,0.0,true,5,0
1773237529000,64.0752916666667,-21.9279333333333,0.0,0.0,0.0,true,6,0
1773237534000,64.07529,-21.928,5.0,3.2,2.3,false,6,12.0
1773237534000,64.07529,-21.928,0.0,0.0,0.0,true,1,0
1773237534000,64.07529,-21.928,0.0,0.0,0.0,true,2,0
1773237539000,64.075275,-21.92875,5.0,36.5,26.3,false,2,5.0
1773237544000,64.07525,-21.9300833333333,5.0,64.9,46.7,false,0,5.0
1773237544000,64.07525,-21.9300833333333,0.0,0.0,0.0,true,1,0
1773237549000,64.0751983333333,-21.9314833333333,5.0,68.3,49.2,false,1,5.0
1773237549000,64.0751983333333,-21.9314833333333,0.0,0.0,0.0,true,1,0
1773237549000,64.0751983333333,-21.9314833333333,0.0,0.0,0.0,true,2,0
1773237554000,64.0750916666667,-21.9329666666667,5.0,73.1,52.6,false,2,5.0
1773237554000,64.0750916666667,-21.9329666666667,0.0,0.0,0.0,true,1,0
1773237554000,64.0750916666667,-21.9329666666667,0.0,0.0,0.0,true,2,0
1773237557000,64.0750916666667,-21.9329666666667,3.0,0.0,0.0,true,3,0
1773237559000,64.0749066666667,-21.9344833333333,2.0,76.5,137.8,false,3,5.0
1773237559000,64.0749066666667,-21.9344833333333,0.0,0.0,0.0,true,1,0
1773237563000,64.0746483333333,-21.9359333333333,4.0,76.1,68.5,false,1,4.0
1773237563000,64.0746483333333,-21.9359333333333,0.0,0.0,0.0,true,1,0
1773237572000,64.0743783333333,-21.9372666666667,9.0,71.4,28.6,false,1,9.0
1773237572000,64.0743783333333,-21.9372666666667,0.0,0.0,0.0,true,1,0
1773237574000,64.0742066666667,-21.9380333333333,2.0,41.9,75.4,false,1,2.0
1773237577000,64.0742066666667,-21.9380333333333,3.0,0.0,0.0,true,1,0
1773237577000,64.0742066666667,-21.9380333333333,0.0,0.0,0.0,true,2,0
1773237577000,64.0742066666667,-21.9380333333333,0.0,0.0,0.0,true,3,0
1773237583000,64.0740316666667,-21.9388166666667,6.0,42.8,25.7,false,3,9.0
1773237583000,64.0740316666667,-21.9388166666667,0.0,0.0,0.0,true,1,0
1773237585000,64.0740316666667,-21.9388166666667,2.0,0.0,0.0,true,2,0
1773237585000,64.0740316666667,-21.9388166666667,0.0,0.0,0.0,true,3,0
1773237592000,64.0738866666667,-21.9394166666667,7.0,33.3,17.1,false,3,9.0
1773237592000,64.0738866666667,-21.9394166666667,0.0,0.0,0.0,true,1,0
1773237594000,64.073715,-21.9397666666667,2.0,25.6,46.0,false,1,2.0
1773237594000,64.073715,-21.9397666666667,0.0,0.0,0.0,true,1,0
1773237597000,64.073715,-21.9397666666667,3.0,0.0,0.0,true,2,0
1773237597000,64.073715,-21.9397666666667,0.0,0.0,0.0,true,3,0
1773237600000,64.07339,-21.93965,3.0,36.6,43.9,false,3,6.0
1773237603000,64.0729416666667,-21.93945,3.0,50.8,61.0,false,0,3.0
1773237603000,64.0729416666667,-21.93945,0.0,0.0,0.0,true,1,0
1773237603000,64.0729416666667,-21.93945,0.0,0.0,0.0,true,2,0
1773237610000,64.072455,-21.9393333333333,7.0,54.4,28.0,false,2,7.0
1773237614000,64.0719366666667,-21.9391833333333,4.0,58.1,52.3,false,0,4.0
1773237618000,64.0713983333333,-21.9390333333333,4.0,60.3,54.3,false,0,4.0
1773237618000,64.0713983333333,-21.9390333333333,0.0,0.0,0.0,true,1,0
1773237620000,64.0713983333333,-21.9390333333333,2.0,0.0,0.0,true,2,0
1773237620000,64.0713983333333,-21.9390333333333,0.0,0.0,0.0,true,3,0
1773237623000,64.070705,-21.9388166666667,3.0,77.8,93.4,false,3,5.0
1773237627000,64.070705,-21.9388166666667,4.0,0.0,0.0,true,1,0
1773237627000,64.070705,-21.9388166666667,0.0,0.0,0.0,true,2,0
1773237629000,64.0701383333333,-21.9386333333333,2.0,63.6,114.5,false,2,6.0
1773237629000,64.0701383333333,-21.9386333333333,0.0,0.0,0.0,true,1,0
1773237629000,64.0701383333333,-21.9386333333333,0.0,0.0,0.0,true,2,0
1773237633000,64.0701383333333,-21.9386333333333,4.0,0.0,0.0,true,3,0
1773237637000,64.0695683333333,-21.9384666666667,4.0,63.9,57.5,false,3,8.0
1773237640000,64.0689683333333,-21.9382666666667,3.0,67.4,80.9,false,0,3.0
1773237642000,64.0689683333333,-21.9382666666667,2.0,0.0,0.0,true,1,0
1773237642000,64.0689683333333,-21.9382666666667,0.0,0.0,0.0,true,2,0
1773237645000,64.0683666666667,-21.9381,3.0,67.4,80.9,false,2,5.0
1773237645000,64.0683666666667,-21.9381,0.0,0.0,0.0,true,1,0
1773237650000,64.0677866666667,-21.9379166666667,5.0,65.1,46.9,false,1,5.0
1773237650000,64.0677866666667,-21.9379166666667,0.0,0.0,0.0,true,1,0
1773237654000,64.0673983333333,-21.9378333333333,4.0,43.4,39.0,false,1,4.0
1773237654000,64.0673983333333,-21.9378333333333,0.0,0.0,0.0,true,1,0
1773237654000,64.0673983333333,-21.9378333333333,0.0,0.0,0.0,true,2,0
1773237660000,64.0672216666667,-21.9379833333333,6.0,21.0,12.6,false,2,6.0
1773237660000,64.0672216666667,-21.9379833333333,0.0,0.0,0.0,true,1,0
1773237662000,64.0672216666667,-21.9379833333333,2.0,0.0,0.0,true,2,0
1773237665000,64.06702,-21.9380666666667,3.0,22.8,27.3,false,2,5.0
1773237665000,64.06702,-21.9380666666667,0.0,0.0,0.0,true,1,0
1773237667000,64.06702,-21.9380666666667,2.0,0.0,0.0,true,2,0
1773237670000,64.0666983333333,-21.93775,3.0,38.9,46.7,false,2,5.0
1773237672000,64.0666983333333,-21.93775,2.0,0.0,0.0,true,1,0
1773237677000,64.06624,-21.9376166666667,5.0,51.4,37.0,false,1,7.0
1773237677000,64.06624,-21.9376166666667,0.0,0.0,0.0,true,1,0
1773237682000,64.0657283333333,-21.9377166666667,5.0,57.1,41.1,false,1,5.0
1773237682000,64.0657283333333,-21.9377166666667,0.0,0.0,0.0,true,1,0
1773237682000,64.0657283333333,-21.9377166666667,0.0,0.0,0.0,true,2,0
1773237687000,64.0651783333333,-21.9378666666667,5.0,61.6,44.3,false,2,5.0
1773237687000,64.0651783333333,-21.9378666666667,0.0,0.0,0.0,true,1,0
1773237692000,64.0646083333333,-21.9380333333333,5.0,63.9,46.0,false,1,5.0
1773237695000,64.0640366666667,-21.9381666666667,3.0,63.9,76.7,false,0,3.0
1773237697000,64.0640366666667,-21.9381666666667,2.0,0.0,0.0,true,1,0
1773237700000,64.06346,-21.93835,3.0,64.7,77.7,false,1,5.0
1773237700000,64.06346,-21.93835,0.0,0.0,0.0,true,1,0
1773237702000,64.06346,-21.93835,2.0,0.0,0.0,true,2,0
1773237707000,64.06287,-21.9385666666667,5.0,66.4,47.8,false,2,7.0
1773237707000,64.06287,-21.9385666666667,0.0,0.0,0.0,true,1,0
1773237707000,64.06287,-21.9385666666667,0.0,0.0,0.0,true,2,0
1773237712000,64.0622516666667,-21.9387833333333,5.0,69.6,50.1,false,2,5.0
1773237712000,64.0622516666667,-21.9387833333333,0.0,0.0,0.0,true,1,0
1773237712000,64.0622516666667,-21.9387833333333,0.0,0.0,0.0,true,2,0
1773237717000,64.0616133333333,-21.9390166666667,5.0,71.9,51.8,false,2,5.0
1773237720000,64.0609716666667,-21.9394333333333,3.0,74.2,89.0,false,0,3.0
1773237720000,64.0609716666667,-21.9394333333333,0.0,0.0,0.0,true,1,0
1773237725000,64.06027,-21.94035,5.0,89.9,64.7,false,1,5.0
1773237727000,64.06027,-21.94035,2.0,0.0,0.0,true,1,0
1773237727000,64.06027,-21.94035,0.0,0.0,0.0,true,2,0
1773237727000,64.06027,-21.94035,0.0,0.0,0.0,true,3,0
1773237732000,64.0598033333333,-21.9414166666667,5.0,73.4,52.8,false,3,7.0
1773237732000,64.0598033333333,-21.9414166666667,0.0,0.0,0.0,true,1,0
1773237732000,64.0598033333333,-21.9414166666667,0.0,0.0,0.0,true,2,0
1773237737000,64.0594666666667,-21.9427333333333,5.0,74.2,53.4,false,2,5.0
1773237737000,64.0594666666667,-21.9427333333333,0.0,0.0,0.0,true,1,0
1773237737000,64.0594666666667,-21.9427333333333,0.0,0.0,0.0,true,2,0
1773237742000,64.05925,-21.94425,5.0,77.6,55.9,false,2,5.0
1773237747000,64.0590916666667,-21.9458333333333,5.0,79.0,56.9,false,0,5.0
1773237747000,64.0590916666667,-21.9458333333333,0.0,0.0,0.0,true,1,0
1773237747000,64.0590916666667,-21.9458333333333,0.0,0.0,0.0,true,2,0
1773237751000,64.0589183333333,-21.9475,4.0,83.3,75.0,false,2,4.0
1773237756000,64.058695,-21.9492166666667,5.0,87.1,62.7,false,0,5.0
1773237756000,64.058695,-21.9492166666667,0.0,0.0,0.0,true,1,0
1773237758000,64.058695,-21.9492166666667,2.0,0.0,0.0,true,2,0
1773237758000,64.058695,-21.9492166666667,0.0,0.0,0.0,true,3,0
1773237758000,64.058695,-21.9492166666667,0.0,0.0,0.0,true,4,0
1773237763000,64.05835,-21.95095,5.0,92.6,66.7,false,4,7.0
1773237763000,64.05835,-21.95095,0.0,0.0,0.0,true,1,0
1773237768000,64.057995,-21.9527833333333,5.0,97.5,70.2,false,1,5.0
1773237768000,64.057995,-21.9527833333333,0.0,0.0,0.0,true,1,0
1773237771000,64.0576233333333,-21.95465,3.0,99.8,119.7,false,1,3.0
1773237771000,64.0576233333333,-21.95465,0.0,0.0,0.0,true,1,0
1773237771000,64.0576233333333,-21.95465,0.0,0.0,0.0,true,2,0
1773237776000,64.0572566666667,-21.9565666666667,5.0,101.8,73.3,false,2,5.0
1773237776000,64.0572566666667,-21.9565666666667,0.0,0.0,0.0,true,1,0
1773237783000,64.0569083333333,-21.9585833333333,7.0,105.5,54.2,false,1,7.0
1773237786000,64.05661,-21.9605333333333,3.0,100.5,120.6,false,0,3.0
1773237786000,64.05661,-21.9605333333333,0.0,0.0,0.0,true,1,0
1773237788000,64.05661,-21.9605333333333,2.0,0.0,0.0,true,2,0
1773237792000,64.0563266666667,-21.9625,4.0,100.7,90.7,false,2,6.0
1773237792000,64.0563266666667,-21.9625,0.0,0.0,0.0,true,1,0
1773237792000,64.0563266666667,-21.9625,0.0,0.0,0.0,true,2,0
1773237798000,64.0560883333333,-21.9642833333333,6.0,90.7,54.4,false,2,6.0
1773237801000,64.055895,-21.9655333333333,3.0,64.5,77.4,false,0,3.0
1773237801000,64.055895,-21.9655333333333,0.0,0.0,0.0,true,1,0
1773237805000,64.0558616666667,-21.96635,4.0,39.9,35.9,false,1,4.0
1773237808000,64.0558616666667,-21.96635,3.0,0.0,0.0,true,1,0
1773237813000,64.0560616666667,-21.9666833333333,5.0,27.5,19.8,false,1,8.0
1773237813000,64.0560616666667,-21.9666833333333,0.0,0.0,0.0,true,1,0
1773237818000,64.0563033333333,-21.96645,5.0,29.2,21.0,false,1,5.0
1773237818000,64.0563033333333,-21.96645,0.0,0.0,0.0,true,1,0
1773237818000,64.0563033333333,-21.96645,0.0,0.0,0.0,true,2,0
1773237823000,64.056335,-21.96585,5.0,29.4,21.2,false,2,5.0
1773237823000,64.056335,-21.96585,0.0,0.0,0.0,true,1,0
1773237828000,64.0561516666667,-21.9655,5.0,26.6,19.1,false,1,5.0
1773237833000,64.0558383333333,-21.9654833333333,5.0,34.9,25.1,false,0,5.0
1773237833000,64.0558383333333,-21.9654833333333,0.0,0.0,0.0,true,1,0
1773237835000,64.0554433333333,-21.9656,2.0,44.3,79.7,false,1,2.0
1773237835000,64.0554433333333,-21.9656,0.0,0.0,0.0,true,1,0
1773237838000,64.0554433333333,-21.9656,3.0,0.0,0.0,true,2,0
1773237843000,64.0550083333333,-21.9659833333333,5.0,51.8,37.3,false,2,8.0
1773237843000,64.0550083333333,-21.9659833333333,0.0,0.0,0.0,true,1,0
1773237843000,64.0550083333333,-21.9659833333333,0.0,0.0,0.0,true,2,0
1773237848000,64.0546883333333,-21.9664666666667,5.0,42.6,30.7,false,2,5.0
1773237848000,64.0546883333333,-21.9664666666667,0.0,0.0,0.0,true,1,0
1773237848000,64.0546883333333,-21.9664666666667,0.0,0.0,0.0,true,2,0
1773237853000,64.0546066666667,-21.9669666666667,5.0,26.0,18.7,false,2,5.0
1773237853000,64.0546066666667,-21.9669666666667,0.0,0.0,0.0,true,1,0
1773237858000,64.05439,-21.96725,5.0,27.8,20.0,false,1,5.0
1773237861000,64.054075,-21.9677166666667,3.0,41.7,50.1,false,0,3.0
1773237861000,64.054075,-21.9677166666667,0.0,0.0,0.0,true,1,0
1773237863000,64.054075,-21.9677166666667,2.0,0.0,0.0,true,2,0
1773237863000,64.054075,-21.9677166666667,0.0,0.0,0.0,true,3,0
1773237868000,64.0538333333333,-21.9683166666667,5.0,39.7,28.6,false,3,7.0
1773237868000,64.0538333333333,-21.9683166666667,0.0,0.0,0.0,true,1,0
1773237868000,64.0538333333333,-21.9683166666667,0.0,0.0,0.0,true,2,0
1773237873000,64.0536783333333,-21.9689666666667,5.0,36.0,25.9,false,2,5.0
1773237878000,64.053625,-21.9695,5.0,26.6,19.2,false,0,5.0
1773237878000,64.053625,-21.9695,0.0,0.0,0.0,true,1,0
1773237878000,64.053625,-21.9695,0.0,0.0,0.0,true,2,0
1773237881000,64.0536616666667,-21.9699666666667,3.0,23.1,27.7,false,2,3.0
1773237881000,64.0536616666667,-21.9699666666667,0.0,0.0,0.0,true,1,0
1773237885000,64.0536616666667,-21.9699666666667,4.0,0.0,0.0,true,2,0
1773237888000,64.0535133333333,-21.97035,3.0,24.9,29.9,false,2,7.0
1773237888000,64.0535133333333,-21.97035,0.0,0.0,0.0,true,1,0
1773237891000,64.0534116666667,-21.9707833333333,3.0,23.9,28.7,false,1,3.0
1773237893000,64.0534116666667,-21.9707833333333,2.0,0.0,0.0,true,1,0
1773237893000,64.0534116666667,-21.9707833333333,0.0,0.0,0.0,true,2,0
1773237898000,64.05336,-21.9711333333333,5.0,18.0,12.9,false,2,7.0
1773237901000,64.0533233333333,-21.9714333333333,3.0,15.2,18.2,false,0,3.0
1773237901000,64.0533233333333,-21.9714333333333,0.0,0.0,0.0,true,1,0
1773237903000,64.0533233333333,-21.9714333333333,2.0,0.0,0.0,true,2,0
1773237908000,64.0532733333333,-21.9717333333333,5.0,15.6,11.2,false,2,7.0
1773237908000,64.0532733333333,-21.9717333333333,0.0,0.0,0.0,true,1,0
1773237910000,64.0532733333333,-21.9717333333333,2.0,0.0,0.0,true,2,0
1773237910000,64.0532733333333,-21.9717333333333,0.0,0.0,0.0,true,3,0
1773237913000,64.0532066666667,-21.9721333333333,3.0,20.8,25.0,false,3,5.0
1773237918000,64.0531016666667,-21.9728333333333,5.0,36.0,25.9,false,0,5.0
1773237918000,64.0531016666667,-21.9728333333333,0.0,0.0,0.0,true,1,0
1773237918000,64.0531016666667,-21.9728333333333,0.0,0.0,0.0,true,2,0
1773237921000,64.0529866666667,-21.9735833333333,3.0,38.7,46.4,false,2,3.0
1773237921000,64.0529866666667,-21.9735833333333,0.0,0.0,0.0,true,1,0
1773237924000,64.0529866666667,-21.9735833333333,3.0,0.0,0.0,true,2,0
1773237929000,64.0529766666667,-21.9741166666667,5.0,26.0,18.7,false,2,8.0
1773237929000,64.0529766666667,-21.9741166666667,0.0,0.0,0.0,true,1,0
1773237929000,64.0529766666667,-21.9741166666667,0.0,0.0,0.0,true,2,0
1773237937000,64.05277,-21.9745,8.0,29.6,13.3,false,2,8.0
1773237937000,64.05277,-21.9745,0.0,0.0,0.0,true,1,0
1773237939000,64.0526933333333,-21.9743,2.0,12.9,23.3,false,1,2.0
1773237939000,64.0526933333333,-21.9743,0.0,0.0,0.0,true,1,0
1773237942000,64.0526933333333,-21.9743,3.0,0.0,0.0,true,2,0
1773237944000,64.0525466666667,-21.9740333333333,2.0,20.8,37.5,false,2,5.0
1773237944000,64.0525466666667,-21.9740333333333,0.0,0.0,0.0,true,1,0
1773237946000,64.0525466666667,-21.9740333333333,2.0,0.0,0.0,true,2,0
1773237950000,64.05235,-21.9738666666667,4.0,23.3,21.0,false,2,6.0
1773237952000,64.05235,-21.9738666666667,2.0,0.0,0.0,true,1,0
1773237954000,64.052255,-21.9735166666667,2.0,20.0,36.1,false,1,4.0
1773237958000,64.052255,-21.9735166666667,4.0,0.0,0.0,true,1,0
1773237958000,64.052255,-21.9735166666667,0.0,0.0,0.0,true,2,0
1773237958000,64.052255,-21.9735166666667,0.0,0.0,0.0,true,3,0
1773237963000,64.052305,-21.9731666666667,5.0,17.9,12.9,false,3,9.0
1773237963000,64.052305,-21.9731666666667,0.0,0.0,0.0,true,1,0
1773237965000,64.0523816666667,-21.9729166666667,2.0,14.9,26.7,false,1,2.0
1773237967000,64.0523816666667,-21.9729166666667,2.0,0.0,0.0,true,1,0
1773237967000,64.0523816666667,-21.9729166666667,0.0,0.0,0.0,true,2,0
1773237973000,64.0526016666667,-21.97295,6.0,24.5,14.7,false,2,8.0
1773237975000,64.0526016666667,-21.97295,2.0,0.0,0.0,true,1,0
1773237980000,64.0526116666667,-21.9729666666667,5.0,1.4,1.0,false,1,7.0
1773237980000,64.0526116666667,-21.9729666666667,0.0,0.0,0.0,true,1,0
1773237980000,64.0526116666667,-21.9729666666667,0.0,0.0,0.0,true,2,0
1773237980000,64.0526116666667,-21.9729666666667,0.0,0.0,0.0,true,3,0
1773237987000,64.0526116666667,-21.9729666666667,7.0,0.0,0.0,true,4,0
1773237987000,64.0526116666667,-21.9729666666667,0.0,0.0,0.0,true,5,0
1773237992000,64.0526116666667,-21.9729666666667,5.0,0.0,0.0,true,6,0
1773237992000,64.0526116666667,-21.9729666666667,0.0,0.0,0.0,true,7,0
1773237994000,64.0526116666667,-21.9729666666667,2.0,0.0,0.0,true,8,0
1773237994000,64.0526116666667,-21.9729666666667,0.0,0.0,0.0,true,9,0
1773237998000,64.0526116666667,-21.9729666666667,4.0,0.0,0.0,true,10,0
1773237998000,64.0526116666667,-21.9729666666667,0.0,0.0,0.0,true,11,0
1773237998000,64.0526116666667,-21.9729666666667,0.0,0.0,0.0,true,12,0
1773238005000,64.0526116666667,-21.9729666666667,7.0,0.0,0.0,true,13,0
1773238007000,64.0526116666667,-21.9729666666667,2.0,0.0,0.0,true,14,0
1773238007000,64.0526116666667,-21.9729666666667,0.0,0.0,0.0,true,15,0
1773238009000,64.0526116666667,-21.9729666666667,2.0,0.0,0.0,true,16,0
1773238009000,64.0526116666667,-21.9729666666667,0.0,0.0,0.0,true,17,0
1773238013000,64.0526116666667,-21.9729666666667,4.0,0.0,0.0,true,18,0
1773238015000,64.0526116666667,-21.9729666666667,2.0,0.0,0.0,true,19,0
1773238015000,64.0526116666667,-21.9729666666667,0.0,0.0,0.0,true,20,0
1773238018000,64.0526116666667,-21.9729666666667,3.0,0.0,0.0,true,21,0
1773238022000,64.0526116666667,-21.9729666666667,4.0,0.0,0.0,true,22,0
1773238024000,64.0526116666667,-21.9729666666667,2.0,0.0,0.0,true,23,0
1773238027000,64.0526116666667,-21.9729666666667,3.0,0.0,0.0,true,24,0
1773238027000,64.0526116666667,-21.9729666666667,0.0,0.0,0.0,true,25,0
1773238030000,64.0526116666667,-21.9729666666667,3.0,0.0,0.0,true,26,0
1773238030000,64.0526116666667,-21.9729666666667,0.0,0.0,0.0,true,27,0
1773238037000,64.0526116666667,-21.9729666666667,7.0,0.0,0.0,true,28,0
1773238037000,64.0526116666667,-21.9729666666667,0.0,0.0,0.0,true,29,0
1773238037000,64.0526116666667,-21.9729666666667,0.0,0.0,0.0,true,30,0
1773238042000,64.0526116666667,-21.9729666666667,5.0,0.0,0.0,true,31,0
1773238044000,64.0526116666667,-21.9729666666667,2.0,0.0,0.0,true,32,0
1773238044000,64.0526116666667,-21.9729666666667,0.0,0.0,0.0,true,33,0
1773238047000,64.0526116666667,-21.9729666666667,3.0,0.0,0.0,true,34,0
1773238047000,64.0526116666667,-21.9729666666667,0.0,0.0,0.0,true,35,0
1773238054000,64.0526116666667,-21.9729666666667,7.0,0.0,0.0,true,36,0
1773238057000,64.0526116666667,-21.9729666666667,3.0,0.0,0.0,true,37,0
1773238057000,64.0526116666667,-21.9729666666667,0.0,0.0,0.0,true,38,0
1773238059000,64.0526116666667,-21.9729666666667,2.0,0.0,0.0,true,39,0
1773238059000,64.0526116666667,-21.9729666666667,0.0,0.0,0.0,true,40,0
1773238062000,64.0526116666667,-21.9729666666667,3.0,0.0,0.0,true,41,0
1773238064000,64.0526116666667,-21.9729666666667,2.0,0.0,0.0,true,42,0
1773238067000,64.0526116666667,-21.9729666666667,3.0,0.0,0.0,true,43,0
1773238067000,64.0526116666667,-21.9729666666667,0.0,0.0,0.0,true,44,0
1773238069000,64.0526116666667,-21.9729666666667,2.0,0.0,0.0,true,45,0
1773238072000,64.0526116666667,-21.9729666666667,3.0,0.0,0.0,true,46,0
1773238074000,64.0526116666667,-21.9729666666667,2.0,0.0,0.0,true,47,0
1773238078000,64.0526116666667,-21.9729666666667,4.0,0.0,0.0,true,48,0
1773238078000,64.0526116666667,-21.9729666666667,0.0,0.0,0.0,true,49,0
1773238081000,64.0526116666667,-21.9729666666667,3.0,0.0,0.0,true,50,0
1773238083000,64.0526116666667,-21.9729666666667,2.0,0.0,0.0,true,51,0
1773238083000,64.0526116666667,-21.9729666666667,0.0,0.0,0.0,true,52,0
1773238086000,64.0526116666667,-21.9729666666667,3.0,0.0,0.0,true,53,0
1773238088000,64.0526116666667,-21.9729666666667,2.0,0.0,0.0,true,54,0
1773238088000,64.0526116666667,-21.9729666666667,0.0,0.0,0.0,true,55,0
1773238090000,64.0526116666667,-21.9729666666667,2.0,0.0,0.0,true,56,0
1773238090000,64.0526116666667,-21.9729666666667,0.0,0.0,0.0,true,57,0
1773238093000,64.0526116666667,-21.9729666666667,3.0,0.0,0.0,true,58,0
1773238099000,64.0526116666667,-21.9729666666667,6.0,0.0,0.0,true,59,0
1773238099000,64.0526116666667,-21.9729666666667,0.0,0.0,0.0,true,60,0
1773238101000,64.0526116666667,-21.9729666666667,2.0,0.0,0.0,true,61,0
1773238101000,64.0526116666667,-21.9729666666667,0.0,0.0,0.0,true,62,0
1773238104000,64.0526116666667,-21.9729666666667,3.0,0.0,0.0,true,63,0
1773238107000,64.0526116666667,-21.9729666666667,3.0,0.0,0.0,true,64,0
1773238111000,64.0526116666667,-21.9729666666667,4.0,0.0,0.0,true,65,0
1773238111000,64.0526116666667,-21.9729666666667,0.0,0.0,0.0,true,66,0
1773238114000,64.0526116666667,-21.9729666666667,3.0,0.0,0.0,true,67,0
1773238116000,64.0526116666667,-21.9729666666667,2.0,0.0,0.0,true,68,0
1773238119000,64.0526116666667,-21.9729666666667,3.0,0.0,0.0,true,69,0
1773238119000,64.0526116666667,-21.9729666666667,0.0,0.0,0.0,true,70,0
1773238124000,64.0526116666667,-21.9729666666667,5.0,0.0,0.0,true,71,0
1773238124000,64.0526116666667,-21.9729666666667,0.0,0.0,0.0,true,72,0
1773238126000,64.0526116666667,-21.9729666666667,2.0,0.0,0.0,true,73,0
1773238126000,64.0526116666667,-21.9729666666667,0.0,0.0,0.0,true,74,0
1773238129000,64.0526116666667,-21.9729666666667,3.0,0.0,0.0,true,75,0
1773238132000,64.0526116666667,-21.9729666666667,3.0,0.0,0.0,true,76,0
1773238136000,64.0526116666667,-21.9729666666667,4.0,0.0,0.0,true,77,0
1773238136000,64.0526116666667,-21.9729666666667,0.0,0.0,0.0,true,78,0
1773238138000,64.0526116666667,-21.9729666666667,2.0,0.0,0.0,true,79,0
1773238140000,64.0526116666667,-21.9729666666667,2.0,0.0,0.0,true,80,0
1773238144000,64.0526116666667,-21.9729666666667,4.0,0.0,0.0,true,81,0
1773238144000,64.0526116666667,-21.9729666666667,0.0,0.0,0.0,true,82,0
1773238146000,64.0526116666667,-21.9729666666667,2.0,0.0,0.0,true,83,0
1773238146000,64.0526116666667,-21.9729666666667,0.0,0.0,0.0,true,84,0
1773238148000,64.0526116666667,-21.9729666666667,2.0,0.0,0.0,true,85,0
1773238150000,64.0526116666667,-21.9729666666667,2.0,0.0,0.0,true,86,0
1773238155000,64.0526116666667,-21.9729666666667,5.0,0.0,0.0,true,87,0
1773238157000,64.0526116666667,-21.9729666666667,2.0,0.0,0.0,true,88,0
1773238161000,64.0526116666667,-21.9729666666667,4.0,0.0,0.0,true,89,0
1773238161000,64.0526116666667,-21.9729666666667,0.0,0.0,0.0,true,90,0
1773238161000,64.0526116666667,-21.9729666666667,0.0,0.0,0.0,true,91,0
1773238165000,64.0526116666667,-21.9729666666667,4.0,0.0,0.0,true,92,0
1773238165000,64.0526116666667,-21.9729666666667,0.0,0.0,0.0,true,93,0
1773238167000,64.0526116666667,-21.9729666666667,2.0,0.0,0.0,true,94,0
1773238169000,64.0526116666667,-21.9729666666667,2.0,0.0,0.0,true,95,0
1773238169000,64.0526116666667,-21.9729666666667,0.0,0.0,0.0,true,96,0
1773238174000,64.0526116666667,-21.9729666666667,5.0,0.0,0.0,true,97,0
1773238174000,64.0526116666667,-21.9729666666667,0.0,0.0,0.0,true,98,0
1773238176000,64.0526116666667,-21.9729666666667,2.0,0.0,0.0,true,99,0
1773238180000,64.0526116666667,-21.9729666666667,4.0,0.0,0.0,true,100,0
1773238180000,64.0526116666667,-21.9729666666667,0.0,0.0,0.0,true,101,0
1773238185000,64.0526116666667,-21.9729666666667,5.0,0.0,0.0,true,102,0
1773238187000,64.0526116666667,-21.9729666666667,2.0,0.0,0.0,true,103,0
1773238187000,64.0526116666667,-21.9729666666667,0.0,0.0,0.0,true,104,0
1773238191000,64.0526116666667,-21.9729666666667,4.0,0.0,0.0,true,105,0
1773238193000,64.0526116666667,-21.9729666666667,2.0,0.0,0.0,true,106,0
1773238193000,64.0526116666667,-21.9729666666667,0.0,0.0,0.0,true,107,0
1773238195000,64.0526116666667,-21.9729666666667,2.0,0.0,0.0,true,108,0
1773238195000,64.0526116666667,-21.9729666666667,0.0,0.0,0.0,true,109,0
1773238202000,64.0526116666667,-21.9729666666667,7.0,0.0,0.0,true,110,0
1773238202000,64.0526116666667,-21.9729666666667,0.0,0.0,0.0,true,111,0
1773238202000,64.0526116666667,-21.9729666666667,0.0,0.0,0.0,true,112,0
1773238205000,64.0526116666667,-21.9729666666667,3.0,0.0,0.0,true,113,0
1773238207000,64.0526116666667,-21.9729666666667,2.0,0.0,0.0,true,114,0
1773238212000,64.0526116666667,-21.9729666666667,5.0,0.0,0.0,true,115,0
1773238212000,64.0526116666667,-21.9729666666667,0.0,0.0,0.0,true,116,0
1773238212000,64.0526116666667,-21.9729666666667,0.0,0.0,0.0,true,117,0
1773238212000,64.0526116666667,-21.9729666666667,0.0,0.0,0.0,true,118,0
1773238217000,64.0526116666667,-21.9729666666667,5.0,0.0,0.0,true,119,0
1773238221000,64.0526116666667,-21.9729666666667,4.0,0.0,0.0,true,120,0
1773238221000,64.0526116666667,-21.9729666666667,0.0,0.0,0.0,true,121,0
1773238221000,64.0526116666667,-21.9729666666667,0.0,0.0,0.0,true,122,0
1773238225000,64.0526116666667,-21.9729666666667,4.0,0.0,0.0,true,123,0
1773238231000,64.0526116666667,-21.9729666666667,6.0,0.0,0.0,true,124,0
1773238231000,64.0526116666667,-21.9729666666667,0.0,0.0,0.0,true,125,0
1773238233000,64.0526116666667,-21.9729666666667,2.0,0.0,0.0,true,126,0
1773238233000,64.0526116666667,-21.9729666666667,0.0,0.0,0.0,true,127,0
1773238235000,64.0526116666667,-21.9729666666667,2.0,0.0,0.0,true,128,0
1773238237000,64.0526116666667,-21.9729666666667,2.0,0.0,0.0,true,129,0
1773238237000,64.0526116666667,-21.9729666666667,0.0,0.0,0.0,true,130,0
1773238243000,64.0526116666667,-21.9729666666667,6.0,0.0,0.0,true,131,0
1773238247000,64.0526116666667,-21.9729666666667,4.0,0.0,0.0,true,132,0
1773238247000,64.0526116666667,-21.9729666666667,0.0,0.0,0.0,true,133,0
1773238247000,64.0526116666667,-21.9729666666667,0.0,0.0,0.0,true,134,0
1773238247000,64.0526116666667,-21.9729666666667,0.0,0.0,0.0,true,135,0
1773238252000,64.0526116666667,-21.9729666666667,5.0,0.0,0.0,true,136,0
1773238254000,64.0526116666667,-21.9729666666667,2.0,0.0,0.0,true,137,0
1773238258000,64.0526116666667,-21.9729666666667,4.0,0.0,0.0,true,138,0
1773238258000,64.0526116666667,-21.9729666666667,0.0,0.0,0.0,true,139,0
1773238262000,64.0526116666667,-21.9729666666667,4.0,0.0,0.0,true,140,0
1773238262000,64.0526116666667,-21.9729666666667,0.0,0.0,0.0,true,141,0
1773238264000,64.0526116666667,-21.9729666666667,2.0,0.0,0.0,true,142,0
1773238266000,64.0526116666667,-21.9729666666667,2.0,0.0,0.0,true,143,0
1773238266000,64.0526116666667,-21.9729666666667,0.0,0.0,0.0,true,144,0
1773238266000,64.0526116666667,-21.9729666666667,0.0,0.0,0.0,true,145,0
1773238270000,64.0526116666667,-21.9729666666667,4.0,0.0,0.0,true,146,0
1773238272000,64.0526116666667,-21.9729666666667,2.0,0.0,0.0,true,147,0
1773238275000,64.0526116666667,-21.9729666666667,3.0,0.0,0.0,true,148,0
1773238279000,64.0526116666667,-21.9729666666667,4.0,0.0,0.0,true,149,0
1773238279000,64.0526116666667,-21.9729666666667,0.0,0.0,0.0,true,150,0
1773238284000,64.0526116666667,-21.9729666666667,5.0,0.0,0.0,true,151,0
1773238284000,64.0526116666667,-21.9729666666667,0.0,0.0,0.0,true,152,0
1773238286000,64.0526116666667,-21.9729666666667,2.0,0.0,0.0,true,153,0
1773238286000,64.0526116666667,-21.9729666666667,0.0,0.0,0.0,true,154,0
1773238290000,64.0526116666667,-21.9729666666667,4.0,0.0,0.0,true,155,0
1773238292000,64.0526116666667,-21.9729666666667,2.0,0.0,0.0,true,156,0
1773238292000,64.0526116666667,-21.9729666666667,0.0,0.0,0.0,true,157,0
1773238294000,64.0526116666667,-21.9729666666667,2.0,0.0,0.0,true,158,0
1773238300000,64.0526116666667,-21.9729666666667,6.0,0.0,0.0,true,159,0
1773238300000,64.0526116666667,-21.9729666666667,0.0,0.0,0.0,true,160,0
1773238302000,64.0526116666667,-21.9729666666667,2.0,0.0,0.0,true,161,0
1773238302000,64.0526116666667,-21.9729666666667,0.0,0.0,0.0,true,162,0
1773238309000,64.0526116666667,-21.9729666666667,7.0,0.0,0.0,true,163,0
1773238309000,64.0526116666667,-21.9729666666667,0.0,0.0,0.0,true,164,0
1773238309000,64.0526116666667,-21.9729666666667,0.0,0.0,0.0,true,165,0
1773238315000,64.0526116666667,-21.9729666666667,6.0,0.0,0.0,true,166,0
1773238315000,64.0526116666667,-21.9729666666667,0.0,0.0,0.0,true,167,0
1773238315000,64.0526116666667,-21.9729666666667,0.0,0.0,0.0,true,168,0
1773238320000,64.0526116666667,-21.9729666666667,5.0,0.0,0.0,true,169,0
1773238322000,64.0526116666667,-21.9729666666667,2.0,0.0,0.0,true,170,0
1773238322000,64.0526116666667,-21.9729666666667,0.0,0.0,0.0,true,171,0
1773238326000,64.0526116666667,-21.9729666666667,4.0,0.0,0.0,true,172,0
1773238328000,64.0526116666667,-21.9729666666667,2.0,0.0,0.0,true,173,0
1773238328000,64.0526116666667,-21.9729666666667,0.0,0.0,0.0,true,174,0
1773238330000,64.0526116666667,-21.9729666666667,2.0,0.0,0.0,true,175,0
1773238332000,64.0526116666667,-21.9729666666667,2.0,0.0,0.0,true,176,0
1773238332000,64.0526116666667,-21.9729666666667,0.0,0.0,0.0,true,177,0
1773238335000,64.0526116666667,-21.9729666666667,3.0,0.0,0.0,true,178,0
1773238337000,64.0526116666667,-21.9729666666667,2.0,0.0,0.0,true,179,0
1773238342000,64.0526116666667,-21.9729666666667,5.0,0.0,0.0,true,180,0
1773238342000,64.0526116666667,-21.9729666666667,0.0,0.0,0.0,true,181,0
1773238345000,64.0526116666667,-21.9729666666667,3.0,0.0,0.0,true,182,0
1773238345000,64.0526116666667,-21.9729666666667,0.0,0.0,0.0,true,183,0
1773238349000,64.0526116666667,-21.9729666666667,4.0,0.0,0.0,true,184,0
1773238349000,64.0526116666667,-21.9729666666667,0.0,0.0,0.0,true,185,0
1773238351000,64.0526116666667,-21.9729666666667,2.0,0.0,0.0,true,186,0
1773238354000,64.0526116666667,-21.9729666666667,3.0,0.0,0.0,true,187,0
1773238354000,64.0526116666667,-21.9729666666667,0.0,0.0,0.0,true,188,0
1773238356000,64.0526116666667,-21.9729666666667,2.0,0.0,0.0,true,189,0
1773238362000,64.0526116666667,-21.9729666666667,6.0,0.0,0.0,true,190,0
1773238362000,64.0526116666667,-21.9729666666667,0.0,0.0,0.0,true,191,0
1773238364000,64.0526116666667,-21.9729666666667,2.0,0.0,0.0,true,192,0
1773238368000,64.0526116666667,-21.9729666666667,4.0,0.0,0.0,true,193,0
1773238368000,64.0526116666667,-21.9729666666667,0.0,0.0,0.0,true,194,0
1773238371000,64.0526116666667,-21.9729666666667,3.0,0.0,0.0,true,195,0
1773238373000,64.0526116666667,-21.9729666666667,2.0,0.0,0.0,true,196,0
1773238373000,64.0526116666667,-21.9729666666667,0.0,0.0,0.0,true,197,0
1773238375000,64.0526116666667,-21.9729666666667,2.0,0.0,0.0,true,198,0
1773238377000,64.0526116666667,-21.9729666666667,2.0,0.0,0.0,true,199,0
1773238377000,64.0526116666667,-21.9729666666667,0.0,0.0,0.0,true,200,0
1773238382000,64.0526116666667,-21.9729666666667,5.0,0.0,0.0,true,201,0
1773238382000,64.0526116666667,-21.9729666666667,0.0,0.0,0.0,true,202,0
1773238386000,64.0526116666667,-21.9729666666667,4.0,0.0,0.0,true,203,0
1773238388000,64.0526116666667,-21.9729666666667,2.0,0.0,0.0,true,204,0
1773238388000,64.0526116666667,-21.9729666666667,0.0,0.0,0.0,true,205,0
1773238391000,64.0526116666667,-21.9729666666667,3.0,0.0,0.0,true,206,0
1773238395000,64.0526116666667,-21.9729666666667,4.0,0.0,0.0,true,207,0
1773238395000,64.0526116666667,-21.9729666666667,0.0,0.0,0.0,true,208,0
1773238397000,64.0526116666667,-21.9729666666667,2.0,0.0,0.0,true,209,0
1773238401000,64.0526116666667,-21.9729666666667,4.0,0.0,0.0,true,210,0
1773238403000,64.0526116666667,-21.9729666666667,2.0,0.0,0.0,true,211,0
1773238405000,64.0526116666667,-21.9729666666667,2.0,0.0,0.0,true,212,0
1773238407000,64.0526116666667,-21.9729666666667,2.0,0.0,0.0,true,213,0
1773238407000,64.0526116666667,-21.9729666666667,0.0,0.0,0.0,true,214,0
1773238412000,64.0526116666667,-21.9729666666667,5.0,0.0,0.0,true,215,0
1773238412000,64.0526116666667,-21.9729666666667,0.0,0.0,0.0,true,216,0
1773238414000,64.0526116666667,-21.9729666666667,2.0,0.0,0.0,true,217,0
1773238416000,64.0526116666667,-21.9729666666667,2.0,0.0,0.0,true,218,0
1773238416000,64.0526116666667,-21.9729666666667,0.0,0.0,0.0,true,219,0
1773238418000,64.0526116666667,-21.9729666666667,2.0,0.0,0.0,true,220,0
1773238422000,64.0526116666667,-21.9729666666667,4.0,0.0,0.0,true,221,0
1773238422000,64.0526116666667,-21.9729666666667,0.0,0.0,0.0,true,222,0
1773238428000,64.0526116666667,-21.9729666666667,6.0,0.0,0.0,true,223,0
1773238428000,64.0526116666667,-21.9729666666667,0.0,0.0,0.0,true,224,0
1773238428000,64.0526116666667,-21.9729666666667,0.0,0.0,0.0,true,225,0
1773238433000,64.0526116666667,-21.9729666666667,5.0,0.0,0.0,true,226,0
1773238435000,64.0526116666667,-21.9729666666667,2.0,0.0,0.0,true,227,0
1773238435000,64.0526116666667,-21.9729666666667,0.0,0.0,0.0,true,228,0
1773238439000,64.0526116666667,-21.9729666666667,4.0,0.0,0.0,true,229,0
1773238439000,64.0526116666667,-21.9729666666667,0.0,0.0,0.0,true,230,0
1773238441000,64.0526116666667,-21.9729666666667,2.0,0.0,0.0,true,231,0
1773238443000,64.0526116666667,-21.9729666666667,2.0,0.0,0.0,true,232,0
1773238446000,64.0526116666667,-21.9729666666667,3.0,0.0,0.0,true,233,0
1773238448000,64.0526116666667,-21.9729666666667,2.0,0.0,0.0,true,234,0
1773238451000,64.0526116666667,-21.9729666666667,3.0,0.0,0.0,true,235,0
1773238455000,64.0526116666667,-21.9729666666667,4.0,0.0,0.0,true,236,0
1773238455000,64.0526116666667,-21.9729666666667,0.0,0.0,0.0,true,237,0
1773238457000,64.0526116666667,-21.9729666666667,2.0,0.0,0.0,true,238,0
1773238457000,64.0526116666667,-21.9729666666667,0.0,0.0,0.0,true,239,0
1773238460000,64.0526116666667,-21.9729666666667,3.0,0.0,0.0,true,240,0
1773238465000,64.0526116666667,-21.9729666666667,5.0,0.0,0.0,true,241,0
1773238465000,64.0526116666667,-21.9729666666667,0.0,0.0,0.0,true,242,0
1773238468000,64.0526116666667,-21.9729666666667,3.0,0.0,0.0,true,243,0
1773238471000,64.0526116666667,-21.9729666666667,3.0,0.0,0.0,true,244,0
1773238471000,64.0526116666667,-21.9729666666667,0.0,0.0,0.0,true,245,0
1773238473000,64.0526116666667,-21.9729666666667,2.0,0.0,0.0,true,246,0
1773238473000,64.0526116666667,-21.9729666666667,0.0,0.0,0.0,true,247,0
1773238473000,64.0526116666667,-21.9729666666667,0.0,0.0,0.0,true,248,0
1773238477000,64.0526116666667,-21.9729666666667,4.0,0.0,0.0,true,249,0
1773238477000,64.0526116666667,-21.9729666666667,0.0,0.0,0.0,true,250,0
1773238480000,64.0526116666667,-21.9729666666667,3.0,0.0,0.0,true,251,0
1773238486000,64.0526116666667,-21.9729666666667,6.0,0.0,0.0,true,252,0
1773238486000,64.0526116666667,-21.9729666666667,0.0,0.0,0.0,true,253,0
1773238488000,64.0526116666667,-21.9729666666667,2.0,0.0,0.0,true,254,0
1773238492000,64.0526116666667,-21.9729666666667,4.0,0.0,0.0,true,255,0
1773238492000,64.0526116666667,-21.9729666666667,0.0,0.0,0.0,true,256,0
1773238492000,64.0526116666667,-21.9729666666667,0.0,0.0,0.0,true,257,0
1773238497000,64.0526116666667,-21.9729666666667,5.0,0.0,0.0,true,258,0
1773238499000,64.0526116666667,-21.9729666666667,2.0,0.0,0.0,true,259,0
1773238499000,64.0526116666667,-21.9729666666667,0.0,0.0,0.0,true,260,0
1773238504000,64.0526116666667,-21.9729666666667,5.0,0.0,0.0,true,261,0
1773238504000,64.0526116666667,-21.9729666666667,0.0,0.0,0.0,true,262,0
1773238504000,64.0526116666667,-21.9729666666667,0.0,0.0,0.0,true,263,0
1773238508000,64.0526116666667,-21.9729666666667,4.0,0.0,0.0,true,264,0
1773238508000,64.0526116666667,-21.9729666666667,0.0,0.0,0.0,true,265,0
1773238513000,64.0526116666667,-21.9729666666667,5.0,0.0,0.0,true,266,0
1773238515000,64.0526116666667,-21.9729666666667,2.0,0.0,0.0,true,267,0
1773238515000,64.0526116666667,-21.9729666666667,0.0,0.0,0.0,true,268,0
1773238517000,64.0526116666667,-21.9729666666667,2.0,0.0,0.0,true,269,0
1773238517000,64.0526116666667,-21.9729666666667,0.0,0.0,0.0,true,270,0
1773238521000,64.0526116666667,-21.9729666666667,4.0,0.0,0.0,true,271,0
1773238523000,64.0526116666667,-21.9729666666667,2.0,0.0,0.0,true,272,0
1773238523000,64.0526116666667,-21.9729666666667,0.0,0.0,0.0,true,273,0
1773238528000,64.0526116666667,-21.9729666666667,5.0,0.0,0.0,true,274,0
1773238531000,64.0526116666667,-21.9729666666667,3.0,0.0,0.0,true,275,0
1773238531000,64.0526116666667,-21.9729666666667,0.0,0.0,0.0,true,276,0
1773238533000,64.0526116666667,-21.9729666666667,2.0,0.0,0.0,true,277,0
1773238533000,64.0526116666667,-21.9729666666667,0.0,0.0,0.0,true,278,0
1773238533000,64.0526116666667,-21.9729666666667,0.0,0.0,0.0,true,279,0
1773238539000,64.0526116666667,-21.9729666666667,6.0,0.0,0.0,true,280,0
1773238542000,64.0526116666667,-21.9729666666667,3.0,0.0,0.0,true,281,0
1773238542000,64.0526116666667,-21.9729666666667,0.0,0.0,0.0,true,282,0
1773238546000,64.0526116666667,-21.9729666666667,4.0,0.0,0.0,true,283,0
1773238550000,64.0526116666667,-21.9729666666667,4.0,0.0,0.0,true,284,0
1773238550000,64.0526116666667,-21.9729666666667,0.0,0.0,0.0,true,285,0
1773238553000,64.0526116666667,-21.9729666666667,3.0,0.0,0.0,true,286,0
1773238553000,64.0526116666667,-21.9729666666667,0.0,0.0,0.0,true,287,0
1773238555000,64.0526116666667,-21.9729666666667,2.0,0.0,0.0,true,288,0
1773238559000,64.0526116666667,-21.9729666666667,4.0,0.0,0.0,true,289,0
1773238559000,64.0526116666667,-21.9729666666667,0.0,0.0,0.0,true,290,0
1773238561000,64.0526116666667,-21.9729666666667,2.0,0.0,0.0,true,291,0
1773238563000,64.0526116666667,-21.9729666666667,2.0,0.0,0.0,true,292,0
1773238563000,64.0526116666667,-21.9729666666667,0.0,0.0,0.0,true,293,0
1773238568000,64.0526116666667,-21.9729666666667,5.0,0.0,0.0,true,294,0
1773238570000,64.0526116666667,-21.9729666666667,2.0,0.0,0.0,true,295,0
1773238570000,64.0526116666667,-21.9729666666667,0.0,0.0,0.0,true,296,0
1773238575000,64.0526116666667,-21.9729666666667,5.0,0.0,0.0,true,297,0
1773238575000,64.0526116666667,-21.9729666666667,0.0,0.0,0.0,true,298,0
1773238575000,64.0526116666667,-21.9729666666667,0.0,0.0,0.0,true,299,0
1773238581000,64.0526116666667,-21.9729666666667,6.0,0.0,0.0,true,300,0
1773238581000,64.0526116666667,-21.9729666666667,0.0,0.0,0.0,true,301,0
1773238585000,64.0526116666667,-21.9729666666667,4.0,0.0,0.0,true,302,0
1773238585000,64.0526116666667,-21.9729666666667,0.0,0.0,0.0,true,303,0
1773238585000,64.0526116666667,-21.9729666666667,0.0,0.0,0.0,true,304,0
1773238590000,64.0526116666667,-21.9729666666667,5.0,0.0,0.0,true,305,0
1773238592000,64.0526116666667,-21.9729666666667,2.0,0.0,0.0,true,306,0
1773238594000,64.0526116666667,-21.9729666666667,2.0,0.0,0.0,true,307,0
1773238594000,64.0526116666667,-21.9729666666667,0.0,0.0,0.0,true,308,0
1773238598000,64.0526116666667,-21.9729666666667,4.0,0.0,0.0,true,309,0
1773238598000,64.0526116666667,-21.9729666666667,0.0,0.0,0.0,true,310,0
1773238600000,64.0526116666667,-21.9729666666667,2.0,0.0,0.0,true,311,0
1773238605000,64.0526116666667,-21.9729666666667,5.0,0.0,0.0,true,312,0
1773238605000,64.0526116666667,-21.9729666666667,0.0,0.0,0.0,true,313,0
1773238609000,64.0526116666667,-21.9729666666667,4.0,0.0,0.0,true,314,0
1773238611000,64.0526116666667,-21.9729666666667,2.0,0.0,0.0,true,315,0
1773238611000,64.0526116666667,-21.9729666666667,0.0,0.0,0.0,true,316,0
1773238613000,64.0526116666667,-21.9729666666667,2.0,0.0,0.0,true,317,0
1773238616000,64.0526116666667,-21.9729666666667,3.0,0.0,0.0,true,318,0
1773238616000,64.0526116666667,-21.9729666666667,0.0,0.0,0.0,true,319,0
1773238620000,64.0526116666667,-21.9729666666667,4.0,0.0,0.0,true,320,0
1773238620000,64.0526116666667,-21.9729666666667,0.0,0.0,0.0,true,321,0
1773238620000,64.0526116666667,-21.9729666666667,0.0,0.0,0.0,true,322,0
1773238626000,64.0526116666667,-21.9729666666667,6.0,0.0,0.0,true,323,0
1773238626000,64.0526116666667,-21.9729666666667,0.0,0.0,0.0,true,324,0
1773238631000,64.0526116666667,-21.9729666666667,5.0,0.0,0.0,true,325,0
1773238633000,64.0526116666667,-21.9729666666667,2.0,0.0,0.0,true,326,0
1773238633000,64.0526116666667,-21.9729666666667,0.0,0.0,0.0,true,327,0
1773238636000,64.0526116666667,-21.9729666666667,3.0,0.0,0.0,true,328,0
1773238640000,64.0526116666667,-21.9729666666667,4.0,0.0,0.0,true,329,0
1773238640000,64.0526116666667,-21.9729666666667,0.0,0.0,0.0,true,330,0
1773238642000,64.0526116666667,-21.9729666666667,2.0,0.0,0.0,true,331,0
1773238645000,64.0526116666667,-21.9729666666667,3.0,0.0,0.0,true,332,0
1773238645000,64.0526116666667,-21.9729666666667,0.0,0.0,0.0,true,333,0
1773238648000,64.0526116666667,-21.9729666666667,3.0,0.0,0.0,true,334,0
1773238651000,64.0526116666667,-21.9729666666667,3.0,0.0,0.0,true,335,0
1773238651000,64.0526116666667,-21.9729666666667,0.0,0.0,0.0,true,336,0
1773238653000,64.0526116666667,-21.9729666666667,2.0,0.0,0.0,true,337,0
1773238656000,64.0526116666667,-21.9729666666667,3.0,0.0,0.0,true,338,0
1773238656000,64.0526116666667,-21.9729666666667,0.0,0.0,0.0,true,339,0
1773238660000,64.0526116666667,-21.9729666666667,4.0,0.0,0.0,true,340,0
1773238665000,64.0526116666667,-21.9729666666667,5.0,0.0,0.0,true,341,0
1773238665000,64.0526116666667,-21.9729666666667,0.0,0.0,0.0,true,342,0
1773238667000,64.0526116666667,-21.9729666666667,2.0,0.0,0.0,true,343,0
1773238667000,64.0526116666667,-21.9729666666667,0.0,0.0,0.0,true,344,0
1773238669000,64.0526116666667,-21.9729666666667,2.0,0.0,0.0,true,345,0
1773238672000,64.0526116666667,-21.9729666666667,3.0,0.0,0.0,true,346,0
1773238672000,64.0526116666667,-21.9729666666667,0.0,0.0,0.0,true,347,0
1773238676000,64.0526116666667,-21.9729666666667,4.0,0.0,0.0,true,348,0
1773238678000,64.0526116666667,-21.9729666666667,2.0,0.0,0.0,true,349,0
1773238678000,64.0526116666667,-21.9729666666667,0.0,0.0,0.0,true,350,0
1773238681000,64.0526116666667,-21.9729666666667,3.0,0.0,0.0,true,351,0
1773238683000,64.0526116666667,-21.9729666666667,2.0,0.0,0.0,true,352,0
1773238683000,64.0526116666667,-21.9729666666667,0.0,0.0,0.0,true,353,0
1773238689000,64.0526116666667,-21.9729666666667,6.0,0.0,0.0,true,354,0
1773238693000,64.0526116666667,-21.9729666666667,4.0,0.0,0.0,true,355,0
1773238693000,64.0526116666667,-21.9729666666667,0.0,0.0,0.0,true,356,0
1773238693000,64.0526116666667,-21.9729666666667,0.0,0.0,0.0,true,357,0
1773238698000,64.0526116666667,-21.9729666666667,5.0,0.0,0.0,true,358,0
1773238698000,64.0526116666667,-21.9729666666667,0.0,0.0,0.0,true,359,0
1773238698000,64.0526116666667,-21.9729666666667,0.0,0.0,0.0,true,360,0
1773238698000,64.0526116666667,-21.9729666666667,0.0,0.0,0.0,true,361,0
1773238706000,64.0526116666667,-21.9729666666667,8.0,0.0,0.0,true,362,0
1773238708000,64.0526116666667,-21.9729666666667,2.0,0.0,0.0,true,363,0
1773238708000,64.0526116666667,-21.9729666666667,0.0,0.0,0.0,true,364,0
1773238711000,64.0526116666667,-21.9729666666667,3.0,0.0,0.0,true,365,0
1773238713000,64.0526116666667,-21.9729666666667,2.0,0.0,0.0,true,366,0
1773238713000,64.0526116666667,-21.9729666666667,0.0,0.0,0.0,true,367,0
1773238716000,64.0526116666667,-21.9729666666667,3.0,0.0,0.0,true,368,0
1773238718000,64.0526116666667,-21.9729666666667,2.0,0.0,0.0,true,369,0
1773238718000,64.0526116666667,-21.9729666666667,0.0,0.0,0.0,true,370,0
1773238722000,64.0526116666667,-21.9729666666667,4.0,0.0,0.0,true,371,0
1773238727000,64.0526116666667,-21.9729666666667,5.0,0.0,0.0,true,372,0
1773238727000,64.0526116666667,-21.9729666666667,0.0,0.0,0.0,true,373,0
1773238729000,64.0526116666667,-21.9729666666667,2.0,0.0,0.0,true,374,0
1773238733000,64.0526116666667,-21.9729666666667,4.0,0.0,0.0,true,375,0
1773238733000,64.0526116666667,-21.9729666666667,0.0,0.0,0.0,true,376,0
1773238735000,64.0526116666667,-21.9729666666667,2.0,0.0,0.0,true,377,0
1773238735000,64.0526116666667,-21.9729666666667,0.0,0.0,0.0,true,378,0
1773238738000,64.0526116666667,-21.9729666666667,3.0,0.0,0.0,true,379,0
1773238738000,64.0526116666667,-21.9729666666667,0.0,0.0,0.0,true,380,0
1773238738000,64.0526116666667,-21.9729666666667,0.0,0.0,0.0,true,381,0
1773238744000,64.0526116666667,-21.9729666666667,6.0,0.0,0.0,true,382,0
1773238749000,64.0526116666667,-21.9729666666667,5.0,0.0,0.0,true,383,0
1773238749000,64.0526116666667,-21.9729666666667,0.0,0.0,0.0,true,384,0
1773238749000,64.0526116666667,-21.9729666666667,0.0,0.0,0.0,true,385,0
1773238753000,64.0526383333333,-21.97305,4.0,5.0,4.5,false,385,773.0
1773238753000,64.0526383333333,-21.97305,0.0,0.0,0.0,true,1,0
1773238755000,64.0526383333333,-21.97305,2.0,0.0,0.0,true,2,0
1773238759000,64.0527083333333,-21.9732,4.0,10.7,9.6,false,2,6.0
1773238759000,64.0527083333333,-21.9732,0.0,0.0,0.0,true,1,0
1773238762000,64.0527733333333,-21.9733833333333,3.0,11.5,13.8,false,1,3.0
1773238764000,64.0527733333333,-21.9733833333333,2.0,0.0,0.0,true,1,0
1773238768000,64.0527316666667,-21.97355,4.0,9.3,8.4,false,1,6.0
1773238770000,64.05261,-21.9735333333333,2.0,13.6,24.4,false,0,2.0
1773238770000,64.05261,-21.9735333333333,0.0,0.0,0.0,true,1,0
1773238772000,64.05261,-21.9735333333333,2.0,0.0,0.0,true,2,0
1773238774000,64.05261,-21.9735333333333,2.0,0.0,0.0,true,3,0
1773238774000,64.05261,-21.9735333333333,0.0,0.0,0.0,true,4,0
1773238779000,64.05249,-21.9733833333333,5.0,15.2,11.0,false,4,9.0
1773238779000,64.05249,-21.9733833333333,0.0,0.0,0.0,true,1,0
1773238779000,64.05249,-21.9733833333333,0.0,0.0,0.0,true,2,0
1773238784000,64.05236,-21.9732833333333,5.0,15.3,11.0,false,2,5.0
1773238789000,64.0522516666667,-21.9734333333333,5.0,14.1,10.1,false,0,5.0
1773238789000,64.0522516666667,-21.9734333333333,0.0,0.0,0.0,true,1,0
1773238791000,64.0522566666667,-21.9737666666667,2.0,16.2,29.2,false,1,2.0
1773238795000,64.0523883333333,-21.9738666666667,4.0,15.4,13.9,false,0,4.0
1773238795000,64.0523883333333,-21.9738666666667,0.0,0.0,0.0,true,1,0
1773238797000,64.0523883333333,-21.9738666666667,2.0,0.0,0.0,true,2,0
1773238799000,64.0523883333333,-21.9738666666667,2.0,0.0,0.0,true,3,0
1773238799000,64.0523883333333,-21.9738666666667,0.0,0.0,0.0,true,4,0
1773238799000,64.0523883333333,-21.9738666666667,0.0,0.0,0.0,true,5,0
1773238799000,64.0523883333333,-21.9738666666667,0.0,0.0,0.0,true,6,0
1773238806000,64.0525166666667,-21.9739,7.0,14.4,7.4,false,6,11.0
1773238811000,64.0525166666667,-21.9739,5.0,0.0,0.0,true,1,0
1773238811000,64.0525166666667,-21.9739,0.0,0.0,0.0,true,2,0
1773238813000,64.0525166666667,-21.9739,2.0,0.0,0.0,true,3,0
1773238816000,64.0525166666667,-21.9739,3.0,0.0,0.0,true,4,0
1773238816000,64.0525166666667,-21.9739,0.0,0.0,0.0,true,5,0
1773238819000,64.0525166666667,-21.9739,3.0,0.0,0.0,true,6,0
1773238821000,64.0525166666667,-21.9739,2.0,0.0,0.0,true,7,0
1773238821000,64.0525166666667,-21.9739,0.0,0.0,0.0,true,8,0
1773238824000,64.0525166666667,-21.9739,3.0,0.0,0.0,true,9,0
1773238827000,64.0525166666667,-21.9739,3.0,0.0,0.0,true,10,0
1773238827000,64.0525166666667,-21.9739,0.0,0.0,0.0,true,11,0
1773238832000,64.0525166666667,-21.9739,5.0,0.0,0.0,true,12,0
1773238834000,64.0525166666667,-21.9739,2.0,0.0,0.0,true,13,0
1773238834000,64.0525166666667,-21.9739,0.0,0.0,0.0,true,14,0
1773238836000,64.0525166666667,-21.9739,2.0,0.0,0.0,true,15,0
1773238836000,64.0525166666667,-21.9739,0.0,0.0,0.0,true,16,0
1773238839000,64.0525166666667,-21.9739,3.0,0.0,0.0,true,17,0
1773238841000,64.0525166666667,-21.9739,2.0,0.0,0.0,true,18,0
1773238841000,64.0525166666667,-21.9739,0.0,0.0,0.0,true,19,0
1773238845000,64.0525166666667,-21.9739,4.0,0.0,0.0,true,20,0
1773238847000,64.0525166666667,-21.9739,2.0,0.0,0.0,true,21,0
1773238847000,64.0525166666667,-21.9739,0.0,0.0,0.0,true,22,0
1773238850000,64.0525166666667,-21.9739,3.0,0.0,0.0,true,23,0
1773238854000,64.0525166666667,-21.9739,4.0,0.0,0.0,true,24,0
1773238860000,64.0525166666667,-21.9739,6.0,0.0,0.0,true,25,0
1773238860000,64.0525166666667,-21.9739,0.0,0.0,0.0,true,26,0
1773238862000,64.0525166666667,-21.9739,2.0,0.0,0.0,true,27,0
1773238864000,64.0525166666667,-21.9739,2.0,0.0,0.0,true,28,0
1773238864000,64.0525166666667,-21.9739,0.0,0.0,0.0,true,29,0
1773238871000,64.0525166666667,-21.9739,7.0,0.0,0.0,true,30,0
1773238871000,64.0525166666667,-21.9739,0.0,0.0,0.0,true,31,0
1773238873000,64.0525166666667,-21.9739,2.0,0.0,0.0,true,32,0
1773238875000,64.0525166666667,-21.9739,2.0,0.0,0.0,true,33,0
1773238875000,64.0525166666667,-21.9739,0.0,0.0,0.0,true,34,0
1773238880000,64.0525166666667,-21.9739,5.0,0.0,0.0,true,35,0
1773238880000,64.0525166666667,-21.9739,0.0,0.0,0.0,true,36,0
1773238880000,64.0525166666667,-21.9739,0.0,0.0,0.0,true,37,0
1773238884000,64.0525166666667,-21.9739,4.0,0.0,0.0,true,38,0
1773238892000,64.0525166666667,-21.9739,8.0,0.0,0.0,true,39,0
1773238892000,64.0525166666667,-21.9739,0.0,0.0,0.0,true,40,0
1773238894000,64.0525266666667,-21.9739166666667,2.0,1.4,2.5,false,40,88.0
1773238897000,64.0525266666667,-21.9739166666667,3.0,0.0,0.0,true,1,0
1773238897000,64.0525266666667,-21.9739166666667,0.0,0.0,0.0,true,2,0
1773238901000,64.0526116666667,-21.9740666666667,4.0,11.9,10.7,false,2,7.0
1773238901000,64.0526116666667,-21.9740666666667,0.0,0.0,0.0,true,1,0
1773238905000,64.05269,-21.9741,4.0,8.9,8.0,false,1,4.0
1773238907000,64.05269,-21.9741,2.0,0.0,0.0,true,1,0
1773238907000,64.05269,-21.9741,0.0,0.0,0.0,true,2,0
1773238907000,64.05269,-21.9741,0.0,0.0,0.0,true,3,0
1773238913000,64.0527416666667,-21.9741,6.0,5.7,3.4,false,3,8.0
1773238913000,64.0527416666667,-21.9741,0.0,0.0,0.0,true,1,0
1773238915000,64.052885,-21.9738166666667,2.0,21.1,37.9,false,1,2.0
1773238917000,64.052885,-21.9738166666667,2.0,0.0,0.0,true,1,0
1773238922000,64.0530066666667,-21.9731833333333,5.0,33.7,24.2,false,1,7.0
1773238922000,64.0530066666667,-21.9731833333333,0.0,0.0,0.0,true,1,0
1773238926000,64.0531133333333,-21.97245,4.0,37.6,33.8,false,1,4.0
1773238926000,64.0531133333333,-21.97245,0.0,0.0,0.0,true,1,0
1773238928000,64.0531133333333,-21.97245,2.0,0.0,0.0,true,2,0
1773238932000,64.0532466666667,-21.9715666666667,4.0,45.5,40.9,false,2,6.0
1773238932000,64.0532466666667,-21.9715666666667,0.0,0.0,0.0,true,1,0
1773238932000,64.0532466666667,-21.9715666666667,0.0,0.0,0.0,true,2,0
1773238937000,64.05335,-21.9709,5.0,34.4,24.8,false,2,5.0
1773238937000,64.05335,-21.9709,0.0,0.0,0.0,true,1,0
1773238941000,64.05345,-21.97025,4.0,33.5,30.2,false,1,4.0
1773238944000,64.05345,-21.97025,3.0,0.0,0.0,true,1,0
1773238944000,64.05345,-21.97025,0.0,0.0,0.0,true,2,0
1773238946000,64.05345,-21.97025,2.0,0.0,0.0,true,3,0
1773238949000,64.0534466666667,-21.9695666666667,3.0,33.2,39.9,false,3,8.0
1773238949000,64.0534466666667,-21.9695666666667,0.0,0.0,0.0,true,1,0
1773238953000,64.0536283333333,-21.969,4.0,34.2,30.8,false,1,4.0
1773238955000,64.0536283333333,-21.969,2.0,0.0,0.0,true,1,0
1773238955000,64.0536283333333,-21.969,0.0,0.0,0.0,true,2,0
1773238958000,64.0538066666667,-21.9681666666667,3.0,45.1,54.2,false,2,5.0
1773238960000,64.0538066666667,-21.9681666666667,2.0,0.0,0.0,true,1,0
1773238964000,64.0540716666667,-21.96745,4.0,45.7,41.1,false,1,6.0
1773238964000,64.0540716666667,-21.96745,0.0,0.0,0.0,true,1,0
1773238966000,64.0540716666667,-21.96745,2.0,0.0,0.0,true,2,0
1773238970000,64.05432,-21.9669166666667,4.0,37.9,34.1,false,2,6.0
1773238972000,64.0542233333333,-21.9661833333333,2.0,37.3,67.1,false,0,2.0
1773238975000,64.0542233333333,-21.9661833333333,3.0,0.0,0.0,true,1,0
1773238975000,64.0542233333333,-21.9661833333333,0.0,0.0,0.0,true,2,0
1773238977000,64.0542833333333,-21.96495,2.0,60.4,108.7,false,2,5.0
1773238977000,64.0542833333333,-21.96495,0.0,0.0,0.0,true,1,0
1773238981000,64.0542833333333,-21.96495,4.0,0.0,0.0,true,2,0
1773238985000,64.054615,-21.9636666666667,4.0,72.5,65.3,false,2,8.0
1773238985000,64.054615,-21.9636666666667,0.0,0.0,0.0,true,1,0
1773238985000,64.054615,-21.9636666666667,0.0,0.0,0.0,true,2,0
1773238988000,64.0551766666667,-21.9629666666667,3.0,71.1,85.4,false,2,3.0
1773238994000,64.0557266666667,-21.9623333333333,6.0,68.5,41.1,false,0,6.0
1773238994000,64.0557266666667,-21.9623333333333,0.0,0.0,0.0,true,1,0
1773238996000,64.0557266666667,-21.9623333333333,2.0,0.0,0.0,true,2,0
1773238996000,64.0557266666667,-21.9623333333333,0.0,0.0,0.0,true,3,0
1773238999000,64.0560533333333,-21.96135,3.0,60.1,72.1,false,3,5.0
1773238999000,64.0560533333333,-21.96135,0.0,0.0,0.0,true,1,0
1773239001000,64.0560533333333,-21.96135,2.0,0.0,0.0,true,2,0
1773239005000,64.05623,-21.9601166666667,4.0,63.1,56.8,false,2,6.0
1773239007000,64.056405,-21.9588666666667,2.0,63.8,114.9,false,0,2.0
1773239009000,64.056405,-21.9588666666667,2.0,0.0,0.0,true,1,0
1773239012000,64.05656,-21.9578,3.0,54.7,65.6,false,1,5.0
1773239012000,64.05656,-21.9578,0.0,0.0,0.0,true,1,0
1773239015000,64.0566166666667,-21.9574333333333,3.0,18.9,22.7,false,1,3.0
1773239017000,64.0566166666667,-21.9574333333333,2.0,0.0,0.0,true,1,0
1773239017000,64.0566166666667,-21.9574333333333,0.0,0.0,0.0,true,2,0
1773239020000,64.056715,-21.95685,3.0,30.4,36.5,false,2,5.0
1773239022000,64.056715,-21.95685,2.0,0.0,0.0,true,1,0
1773239022000,64.056715,-21.95685,0.0,0.0,0.0,true,2,0
1773239025000,64.0568766666667,-21.9558,3.0,54.1,65.0,false,2,5.0
1773239028000,64.0568766666667,-21.9558,3.0,0.0,0.0,true,1,0
1773239031000,64.05702,-21.9546,3.0,60.5,72.6,false,1,6.0
1773239031000,64.05702,-21.9546,0.0,0.0,0.0,true,1,0
1773239036000,64.056965,-21.9533666666667,5.0,60.3,43.4,false,1,5.0
1773239036000,64.056965,-21.9533666666667,0.0,0.0,0.0,true,1,0
1773239039000,64.056965,-21.9533666666667,3.0,0.0,0.0,true,2,0
1773239039000,64.056965,-21.9533666666667,0.0,0.0,0.0,true,3,0
1773239041000,64.0570566666667,-21.9521333333333,2.0,60.9,109.5,false,3,5.0
1773239043000,64.0570566666667,-21.9521333333333,2.0,0.0,0.0,true,1,0
1773239043000,64.0570566666667,-21.9521333333333,0.0,0.0,0.0,true,2,0
1773239048000,64.05737,-21.9510166666667,5.0,64.5,46.5,false,2,7.0
1773239051000,64.0576966666667,-21.94985,3.0,67.4,80.9,false,0,3.0
1773239053000,64.0578366666667,-21.9491166666667,2.0,38.9,70.1,false,0,2.0
1773239053000,64.0578366666667,-21.9491166666667,0.0,0.0,0.0,true,1,0
1773239057000,64.0578366666667,-21.9491166666667,4.0,0.0,0.0,true,2,0
1773239057000,64.0578366666667,-21.9491166666667,0.0,0.0,0.0,true,3,0
1773239062000,64.0578783333333,-21.9482833333333,5.0,40.8,29.4,false,3,9.0
1773239064000,64.0576566666667,-21.9478666666667,2.0,31.9,57.4,false,0,2.0
1773239066000,64.0576566666667,-21.9478666666667,2.0,0.0,0.0,true,1,0
1773239066000,64.0576566666667,-21.9478666666667,0.0,0.0,0.0,true,2,0
1773239068000,64.057265,-21.94755,2.0,46.2,83.2,false,2,4.0
1773239068000,64.057265,-21.94755,0.0,0.0,0.0,true,1,0
1773239072000,64.057265,-21.94755,4.0,0.0,0.0,true,2,0
1773239074000,64.0569466666667,-21.94735,2.0,36.7,66.1,false,2,6.0
1773239074000,64.0569466666667,-21.94735,0.0,0.0,0.0,true,1,0
1773239078000,64.0566733333333,-21.9471166666667,4.0,32.4,29.2,false,1,4.0
1773239080000,64.0566733333333,-21.9471166666667,2.0,0.0,0.0,true,1,0
1773239082000,64.0566733333333,-21.9471166666667,2.0,0.0,0.0,true,2,0
1773239085000,64.056395,-21.9469,3.0,32.7,39.2,false,2,7.0
1773239085000,64.056395,-21.9469,0.0,0.0,0.0,true,1,0
1773239089000,64.05623,-21.9467833333333,4.0,19.2,17.3,false,1,4.0
1773239091000,64.05623,-21.9467833333333,2.0,0.0,0.0,true,1,0
1773239093000,64.0560066666667,-21.9466333333333,2.0,25.9,46.6,false,1,4.0
1773239093000,64.0560066666667,-21.9466333333333,0.0,0.0,0.0,true,1,0
1773239097000,64.0560066666667,-21.9466333333333,4.0,0.0,0.0,true,2,0
1773239097000,64.0560066666667,-21.9466333333333,0.0,0.0,0.0,true,3,0
1773239102000,64.05574,-21.94675,5.0,30.2,21.7,false,3,9.0
1773239104000,64.0555833333333,-21.9464166666667,2.0,23.8,42.8,false,0,2.0
1773239104000,64.0555833333333,-21.9464166666667,0.0,0.0,0.0,true,1,0
1773239108000,64.0555833333333,-21.9464166666667,4.0,0.0,0.0,true,2,0
1773239108000,64.0555833333333,-21.9464166666667,0.0,0.0,0.0,true,3,0
1773239108000,64.0555833333333,-21.9464166666667,0.0,0.0,0.0,true,4,0
1773239111000,64.0556933333333,-21.946,3.0,23.7,28.4,false,4,7.0
1773239113000,64.0556933333333,-21.946,2.0,0.0,0.0,true,1,0
1773239113000,64.0556933333333,-21.946,0.0,0.0,0.0,true,2,0
1773239118000,64.0559216666667,-21.9462333333333,5.0,27.8,20.0,false,2,7.0
1773239120000,64.05614,-21.94665,2.0,31.6,56.9,false,0,2.0
1773239124000,64.05644,-21.9468666666667,4.0,35.0,31.5,false,0,4.0
1773239124000,64.05644,-21.9468666666667,0.0,0.0,0.0,true,1,0
1773239126000,64.05644,-21.9468666666667,2.0,0.0,0.0,true,2,0
1773239130000,64.0566816666667,-21.9470666666667,4.0,28.6,25.7,false,2,6.0
1773239132000,64.0566816666667,-21.9470666666667,2.0,0.0,0.0,true,1,0
1773239134000,64.057005,-21.9473166666667,2.0,38.0,68.3,false,1,4.0
1773239137000,64.057005,-21.9473166666667,3.0,0.0,0.0,true,1,0
1773239137000,64.057005,-21.9473166666667,0.0,0.0,0.0,true,2,0
1773239141000,64.0571733333333,-21.9474666666667,4.0,20.1,18.1,false,2,7.0
1773239141000,64.0571733333333,-21.9474666666667,0.0,0.0,0.0,true,1,0
1773239144000,64.0574583333333,-21.9477,3.0,33.7,40.4,false,1,3.0
1773239147000,64.0574583333333,-21.9477,3.0,0.0,0.0,true,1,0
1773239151000,64.0577133333333,-21.9478833333333,4.0,29.7,26.8,false,1,7.0
1773239151000,64.0577133333333,-21.9478833333333,0.0,0.0,0.0,true,1,0
1773239160000,64.058275,-21.94745,9.0,65.9,26.4,false,1,9.0
1773239160000,64.058275,-21.94745,0.0,0.0,0.0,true,1,0
1773239162000,64.058275,-21.94745,2.0,0.0,0.0,true,2,0
1773239162000,64.058275,-21.94745,0.0,0.0,0.0,true,3,0
1773239164000,64.058275,-21.94745,2.0,0.0,0.0,true,4,0
1773239164000,64.058275,-21.94745,0.0,0.0,0.0,true,5,0
1773239168000,64.05844,-21.9465833333333,4.0,46.0,41.4,false,5,8.0
1773239168000,64.05844,-21.9465833333333,0.0,0.0,0.0,true,1,0
1773239173000,64.0585416666667,-21.94545,5.0,56.3,40.5,false,1,5.0
1773239175000,64.0586733333333,-21.9442833333333,2.0,58.6,105.5,false,0,2.0
1773239177000,64.0586733333333,-21.9442833333333,2.0,0.0,0.0,true,1,0
1773239177000,64.0586733333333,-21.9442833333333,0.0,0.0,0.0,true,2,0
1773239181000,64.0587966666667,-21.9430666666667,4.0,60.7,54.7,false,2,6.0
1773239185000,64.0588816666667,-21.9418833333333,4.0,58.3,52.5,false,0,4.0
1773239187000,64.0588816666667,-21.9418833333333,2.0,0.0,0.0,true,1,0
1773239187000,64.0588816666667,-21.9418833333333,0.0,0.0,0.0,true,2,0
1773239189000,64.0588816666667,-21.9418833333333,2.0,0.0,0.0,true,3,0
1773239192000,64.0588483333333,-21.9404833333333,3.0,68.2,81.8,false,3,7.0
1773239192000,64.0588483333333,-21.9404833333333,0.0,0.0,0.0,true,1,0
1773239194000,64.0588483333333,-21.9404833333333,2.0,0.0,0.0,true,2,0
1773239196000,64.058855,-21.9394166666667,2.0,51.9,93.4,false,2,4.0
1773239199000,64.058855,-21.9394166666667,3.0,0.0,0.0,true,1,0
1773239199000,64.058855,-21.9394166666667,0.0,0.0,0.0,true,2,0
1773239202000,64.05909,-21.9388666666667,3.0,37.4,44.9,false,2,6.0
1773239205000,64.05909,-21.9388666666667,3.0,0.0,0.0,true,1,0
1773239205000,64.05909,-21.9388666666667,0.0,0.0,0.0,true,2,0
1773239208000,64.05921,-21.9384333333333,3.0,24.9,29.9,false,2,6.0
1773239208000,64.05921,-21.9384333333333,0.0,0.0,0.0,true,1,0
1773239213000,64.059175,-21.938,5.0,21.4,15.4,false,1,5.0
1773239216000,64.05908,-21.93735,3.0,33.3,40.0,false,0,3.0
1773239216000,64.05908,-21.93735,0.0,0.0,0.0,true,1,0
1773239220000,64.05908,-21.93735,4.0,0.0,0.0,true,2,0
1773239220000,64.05908,-21.93735,0.0,0.0,0.0,true,3,0
1773239220000,64.05908,-21.93735,0.0,0.0,0.0,true,4,0
1773239224000,64.058825,-21.9362166666667,4.0,62.0,55.8,false,4,8.0
1773239228000,64.05849,-21.9352333333333,4.0,60.6,54.6,false,0,4.0
1773239228000,64.05849,-21.9352333333333,0.0,0.0,0.0,true,1,0
1773239231000,64.05849,-21.9352333333333,3.0,0.0,0.0,true,2,0
1773239233000,64.0580966666667,-21.93435,2.0,61.3,110.4,false,2,5.0
1773239233000,64.0580966666667,-21.93435,0.0,0.0,0.0,true,1,0
1773239238000,64.0576766666667,-21.9334666666667,5.0,63.5,45.7,false,1,5.0
1773239238000,64.0576766666667,-21.9334666666667,0.0,0.0,0.0,true,1,0
1773239240000,64.0576766666667,-21.9334666666667,2.0,0.0,0.0,true,2,0
1773239243000,64.0572716666667,-21.9326833333333,3.0,59.0,70.8,false,2,5.0
1773239243000,64.0572716666667,-21.9326833333333,0.0,0.0,0.0,true,1,0
1773239243000,64.0572716666667,-21.9326833333333,0.0,0.0,0.0,true,2,0
1773239247000,64.0570566666667,-21.9323333333333,4.0,29.3,26.4,false,2,4.0
1773239247000,64.0570566666667,-21.9323333333333,0.0,0.0,0.0,true,1,0
1773239251000,64.0567733333333,-21.9318666666667,4.0,38.8,34.9,false,1,4.0
1773239254000,64.056665,-21.9314833333333,3.0,22.2,26.6,false,0,3.0
1773239257000,64.056665,-21.9314833333333,3.0,0.0,0.0,true,1,0
1773239257000,64.056665,-21.9314833333333,0.0,0.0,0.0,true,2,0
1773239260000,64.0565116666667,-21.9310833333333,3.0,25.9,31.0,false,2,6.0
1773239260000,64.0565116666667,-21.9310833333333,0.0,0.0,0.0,true,1,0
1773239262000,64.0565116666667,-21.9310833333333,2.0,0.0,0.0,true,2,0
1773239266000,64.0566216666667,-21.93065,4.0,24.4,21.9,false,2,6.0
1773239271000,64.0569,-21.9308833333333,5.0,33.0,23.7,false,0,5.0
1773239271000,64.0569,-21.9308833333333,0.0,0.0,0.0,true,1,0
1773239274000,64.05724,-21.9313166666667,3.0,43.3,51.9,false,1,3.0
1773239274000,64.05724,-21.9313166666667,0.0,0.0,0.0,true,1,0
1773239277000,64.05724,-21.9313166666667,3.0,0.0,0.0,true,2,0
1773239279000,64.05724,-21.9313166666667,2.0,0.0,0.0,true,3,0
1773239279000,64.05724,-21.9313166666667,0.0,0.0,0.0,true,4,0
1773239282000,64.05755,-21.93185,3.0,43.1,51.8,false,4,8.0
1773239286000,64.05784,-21.9321333333333,4.0,35.1,31.6,false,0,4.0
1773239286000,64.05784,-21.9321333333333,0.0,0.0,0.0,true,1,0
1773239288000,64.05784,-21.9321333333333,2.0,0.0,0.0,true,2,0
1773239291000,64.0579966666667,-21.9319166666667,3.0,20.4,24.4,false,2,5.0
1773239293000,64.0579966666667,-21.9319166666667,2.0,0.0,0.0,true,1,0
1773239297000,64.0581516666667,-21.9316,4.0,23.1,20.8,false,1,6.0
1773239297000,64.0581516666667,-21.9316,0.0,0.0,0.0,true,1,0
1773239300000,64.0583783333333,-21.9311333333333,3.0,33.9,40.7,false,1,3.0
1773239302000,64.0583783333333,-21.9311333333333,2.0,0.0,0.0,true,1,0
1773239302000,64.0583783333333,-21.9311333333333,0.0,0.0,0.0,true,2,0
1773239302000,64.0583783333333,-21.9311333333333,0.0,0.0,0.0,true,3,0
1773239308000,64.058635,-21.9306333333333,6.0,37.5,22.5,false,3,8.0
1773239308000,64.058635,-21.9306333333333,0.0,0.0,0.0,true,1,0
1773239308000,64.058635,-21.9306333333333,0.0,0.0,0.0,true,2,0
1773239312000,64.0587566666667,-21.9303833333333,4.0,18.2,16.4,false,2,4.0
1773239314000,64.0587566666667,-21.9303833333333,2.0,0.0,0.0,true,1,0
1773239314000,64.0587566666667,-21.9303833333333,0.0,0.0,0.0,true,2,0
1773239319000,64.058895,-21.9301333333333,5.0,19.6,14.1,false,2,7.0
1773239323000,64.05918,-21.9296833333333,4.0,38.5,34.7,false,0,4.0
1773239323000,64.05918,-21.9296833333333,0.0,0.0,0.0,true,1,0
1773239323000,64.05918,-21.9296833333333,0.0,0.0,0.0,true,2,0
1773239327000,64.0594,-21.9293166666667,4.0,30.3,27.2,false,2,4.0
1773239327000,64.0594,-21.9293166666667,0.0,0.0,0.0,true,1,0
1773239329000,64.0594,-21.9293166666667,2.0,0.0,0.0,true,2,0
1773239332000,64.0595466666667,-21.9292166666667,3.0,17.0,20.4,false,2,5.0
1773239336000,64.0596566666667,-21.9294666666667,4.0,17.2,15.5,false,0,4.0
1773239338000,64.05969,-21.9295666666667,2.0,6.1,11.0,false,0,2.0
1773239338000,64.05969,-21.9295666666667,0.0,0.0,0.0,true,1,0
1773239343000,64.05969,-21.9295666666667,5.0,0.0,0.0,true,2,0
1773239345000,64.0596883333333,-21.9295666666667,2.0,0.2,0.3,true,3,0
1773239345000,64.0596883333333,-21.9295666666667,0.0,0.0,0.0,true,4,0
1773239347000,64.0596883333333,-21.9295666666667,2.0,0.0,0.0,true,5,0
1773239347000,64.0596883333333,-21.9295666666667,0.0,0.0,0.0,true,6,0
1773239347000,64.0596883333333,-21.9295666666667,0.0,0.0,0.0,true,7,0
1773239351000,64.0596883333333,-21.9295666666667,4.0,0.0,0.0,true,8,0
1773239355000,64.059715,-21.9296666666667,4.0,5.7,5.1,false,8,17.0
1773239357000,64.059715,-21.9296666666667,2.0,0.0,0.0,true,1,0
1773239361000,64.059715,-21.9296666666667,4.0,0.0,0.0,true,2,0
1773239363000,64.0598216666667,-21.9300333333333,2.0,21.4,38.6,false,2,8.0
1773239363000,64.0598216666667,-21.9300333333333,0.0,0.0,0.0,true,1,0
1773239365000,64.0598216666667,-21.9300333333333,2.0,0.0,0.0,true,2,0
1773239365000,64.0598216666667,-21.9300333333333,0.0,0.0,0.0,true,3,0
1773239368000,64.0598433333333,-21.9301666666667,3.0,6.9,8.3,false,3,5.0
1773239371000,64.0598433333333,-21.9301666666667,3.0,0.0,0.0,true,1,0
1773239371000,64.0598433333333,-21.9301666666667,0.0,0.0,0.0,true,2,0
1773239374000,64.0599416666667,-21.9308666666667,3.0,35.8,42.9,false,2,6.0
1773239376000,64.0599416666667,-21.9308666666667,2.0,0.0,0.0,true,1,0
1773239376000,64.0599416666667,-21.9308666666667,0.0,0.0,0.0,true,2,0
1773239381000,64.0600683333333,-21.9317833333333,5.0,46.8,33.7,false,2,7.0
1773239385000,64.0602083333333,-21.9324666666667,4.0,36.7,33.0,false,0,4.0
1773239385000,64.0602083333333,-21.9324666666667,0.0,0.0,0.0,true,1,0
1773239387000,64.0602083333333,-21.9324666666667,2.0,0.0,0.0,true,2,0
1773239391000,64.0603266666667,-21.93275,4.0,19.1,17.1,false,2,6.0
1773239391000,64.0603266666667,-21.93275,0.0,0.0,0.0,true,1,0
1773239393000,64.0605616666667,-21.9332333333333,2.0,35.1,63.3,false,1,2.0
1773239397000,64.0605616666667,-21.9332333333333,4.0,0.0,0.0,true,1,0
1773239397000,64.0605616666667,-21.9332333333333,0.0,0.0,0.0,true,2,0
1773239397000,64.0605616666667,-21.9332333333333,0.0,0.0,0.0,true,3,0
1773239397000,64.0605616666667,-21.9332333333333,0.0,0.0,0.0,true,4,0
1773239402000,64.060845,-21.9335333333333,5.0,34.7,25.0,false,4,9.0
1773239402000,64.060845,-21.9335333333333,0.0,0.0,0.0,true,1,0
1773239410000,64.0613516666667,-21.9337666666667,8.0,57.5,25.9,false,1,8.0
1773239410000,64.0613516666667,-21.9337666666667,0.0,0.0,0.0,true,1,0
1773239410000,64.0613516666667,-21.9337666666667,0.0,0.0,0.0,true,2,0
1773239415000,64.061655,-21.9339,5.0,34.3,24.7,false,2,5.0
1773239417000,64.061655,-21.9339,2.0,0.0,0.0,true,1,0
1773239417000,64.061655,-21.9339,0.0,0.0,0.0,true,2,0
1773239417000,64.061655,-21.9339,0.0,0.0,0.0,true,3,0
1773239422000,64.0618366666667,-21.9339833333333,5.0,20.6,14.8,false,3,7.0
1773239422000,64.0618366666667,-21.9339833333333,0.0,0.0,0.0,true,1,0
1773239428000,64.0625566666667,-21.93435,6.0,82.0,49.2,false,1,6.0
1773239428000,64.0625566666667,-21.93435,0.0,0.0,0.0,true,1,0
1773239428000,64.0625566666667,-21.93435,0.0,0.0,0.0,true,2,0
1773239428000,64.0625566666667,-21.93435,0.0,0.0,0.0,true,3,0
1773239428000,64.0625566666667,-21.93435,0.0,0.0,0.0,true,4,0
1773239428000,64.0625566666667,-21.93435,0.0,0.0,0.0,true,5,0
1773239440000,64.062735,-21.9346166666667,12.0,23.7,7.1,false,5,12.0
1773239440000,64.062735,-21.9346166666667,0.0,0.0,0.0,true,1,0
1773239445000,64.062735,-21.9346166666667,5.0,0.0,0.0,true,2,0
1773239445000,64.062735,-21.9346166666667,0.0,0.0,0.0,true,3,0
1773239445000,64.062735,-21.9346166666667,0.0,0.0,0.0,true,4,0
1773239447000,64.062735,-21.9346166666667,2.0,0.0,0.0,true,5,0
1773239450000,64.06277,-21.9346666666667,3.0,4.6,5.5,false,5,10.0
1773239454000,64.0629533333333,-21.935,4.0,26.0,23.4,false,0,4.0
1773239456000,64.0629533333333,-21.935,2.0,0.0,0.0,true,1,0
1773239459000,64.0631883333333,-21.9351833333333,3.0,27.6,33.1,false,1,5.0
1773239459000,64.0631883333333,-21.9351833333333,0.0,0.0,0.0,true,1,0
1773239463000,64.0631883333333,-21.9351833333333,4.0,0.0,0.0,true,2,0
1773239463000,64.0631883333333,-21.9351833333333,0.0,0.0,0.0,true,3,0
1773239465000,64.0634733333333,-21.9351666666667,2.0,31.7,57.1,false,3,6.0
1773239465000,64.0634733333333,-21.9351666666667,0.0,0.0,0.0,true,1,0
1773239467000,64.0634733333333,-21.9351666666667,2.0,0.0,0.0,true,2,0
1773239469000,64.0637466666667,-21.9349,2.0,33.0,59.5,false,2,4.0
1773239473000,64.0637466666667,-21.9349,4.0,0.0,0.0,true,1,0
1773239475000,64.0639316666667,-21.93455,2.0,26.7,48.1,false,1,6.0
1773239475000,64.0639316666667,-21.93455,0.0,0.0,0.0,true,1,0
1773239477000,64.0639316666667,-21.93455,2.0,0.0,0.0,true,2,0
1773239480000,64.0642216666667,-21.9339166666667,3.0,44.6,53.5,false,2,5.0
1773239480000,64.0642216666667,-21.9339166666667,0.0,0.0,0.0,true,1,0
1773239480000,64.0642216666667,-21.9339166666667,0.0,0.0,0.0,true,2,0
1773239487000,64.064625,-21.9336166666667,7.0,47.2,24.3,false,2,7.0
1773239490000,64.0650066666667,-21.9338666666667,3.0,44.1,53.0,false,0,3.0
1773239492000,64.0650066666667,-21.9338666666667,2.0,0.0,0.0,true,1,0
1773239492000,64.0650066666667,-21.9338666666667,0.0,0.0,0.0,true,2,0
1773239496000,64.0653483333333,-21.9344833333333,4.0,48.4,43.6,false,2,6.0
1773239496000,64.0653483333333,-21.9344833333333,0.0,0.0,0.0,true,1,0
1773239496000,64.0653483333333,-21.9344833333333,0.0,0.0,0.0,true,2,0
1773239501000,64.0656983333333,-21.9351166666667,5.0,49.6,35.7,false,2,5.0
1773239501000,64.0656983333333,-21.9351166666667,0.0,0.0,0.0,true,1,0
1773239504000,64.0660533333333,-21.93565,3.0,47.2,56.7,false,1,3.0
1773239504000,64.0660533333333,-21.93565,0.0,0.0,0.0,true,1,0
1773239507000,64.0660533333333,-21.93565,3.0,0.0,0.0,true,2,0
1773239512000,64.0664633333333,-21.9357166666667,5.0,45.7,32.9,false,2,8.0
1773239512000,64.0664633333333,-21.9357166666667,0.0,0.0,0.0,true,1,0
1773239516000,64.0667616666667,-21.93535,4.0,37.7,33.9,false,1,4.0
1773239519000,64.0668766666667,-21.93495,3.0,23.3,27.9,false,0,3.0
1773239519000,64.0668766666667,-21.93495,0.0,0.0,0.0,true,1,0
1773239523000,64.0668766666667,-21.93495,4.0,0.0,0.0,true,2,0
1773239525000,64.0670333333333,-21.9350833333333,2.0,18.6,33.5,false,2,6.0
1773239527000,64.0670333333333,-21.9350833333333,2.0,0.0,0.0,true,1,0
1773239527000,64.0670333333333,-21.9350833333333,0.0,0.0,0.0,true,2,0
1773239529000,64.06705,-21.9354833333333,2.0,19.5,35.2,false,2,4.0
1773239531000,64.06705,-21.9354833333333,2.0,0.0,0.0,true,1,0
1773239531000,64.06705,-21.9354833333333,0.0,0.0,0.0,true,2,0
1773239531000,64.06705,-21.9354833333333,0.0,0.0,0.0,true,3,0
1773239537000,64.0671383333333,-21.936,6.0,27.0,16.2,false,3,8.0
1773239540000,64.06714,-21.9361666666667,3.0,8.1,9.7,false,0,3.0
1773239540000,64.06714,-21.9361666666667,0.0,0.0,0.0,true,1,0
1773239544000,64.06714,-21.9361666666667,4.0,0.0,0.0,true,2,0
1773239544000,64.06714,-21.9361666666667,0.0,0.0,0.0,true,3,0
1773239546000,64.0671383333333,-21.9361666666667,2.0,0.2,0.3,true,4,0
1773239548000,64.0671383333333,-21.9361666666667,2.0,0.0,0.0,true,5,0
1773239552000,64.0671383333333,-21.9361666666667,4.0,0.0,0.0,true,6,0
1773239552000,64.0671383333333,-21.9361666666667,0.0,0.0,0.0,true,7,0
1773239554000,64.0671383333333,-21.9361666666667,2.0,0.0,0.0,true,8,0
1773239557000,64.0671383333333,-21.9361666666667,3.0,0.0,0.0,true,9,0
1773239557000,64.0671383333333,-21.9361666666667,0.0,0.0,0.0,true,10,0
1773239560000,64.0671333333333,-21.9362666666667,3.0,4.9,5.9,false,10,20.0
1773239562000,64.0671333333333,-21.9362666666667,2.0,0.0,0.0,true,1,0
1773239566000,64.067105,-21.9366333333333,4.0,18.1,16.3,false,1,6.0
1773239566000,64.067105,-21.9366333333333,0.0,0.0,0.0,true,1,0
1773239568000,64.067105,-21.9366333333333,2.0,0.0,0.0,true,2,0
1773239573000,64.0671066666667,-21.9369,5.0,13.0,9.3,false,2,7.0
1773239575000,64.0671216666667,-21.9370833333333,2.0,9.1,16.3,false,0,2.0
1773239578000,64.0671216666667,-21.9370833333333,3.0,0.0,0.0,true,1,0
1773239578000,64.0671216666667,-21.9370833333333,0.0,0.0,0.0,true,2,0
1773239578000,64.0671216666667,-21.9370833333333,0.0,0.0,0.0,true,3,0
1773239582000,64.0671216666667,-21.9370833333333,4.0,0.0,0.0,true,4,0
1773239582000,64.0671216666667,-21.9370833333333,0.0,0.0,0.0,true,5,0
1773239584000,64.0671216666667,-21.9370833333333,2.0,0.0,0.0,true,6,0
1773239588000,64.0671216666667,-21.9370833333333,4.0,0.0,0.0,true,7,0
1773239588000,64.0671216666667,-21.9370833333333,0.0,0.0,0.0,true,8,0
1773239590000,64.0671216666667,-21.9370833333333,2.0,0.0,0.0,true,9,0
1773239590000,64.0671216666667,-21.9370833333333,0.0,0.0,0.0,true,10,0
1773239593000,64.0671216666667,-21.9370833333333,3.0,0.0,0.0,true,11,0
1773239593000,64.0671216666667,-21.9370833333333,0.0,0.0,0.0,true,12,0
1773239598000,64.0671216666667,-21.9370833333333,5.0,0.0,0.0,true,13,0
1773239601000,64.0671216666667,-21.9370833333333,3.0,0.0,0.0,true,14,0
1773239606000,64.0671216666667,-21.9370833333333,5.0,0.0,0.0,true,15,0
1773239608000,64.0671583333333,-21.9372166666667,2.0,7.7,13.8,false,15,33.0
1773239608000,64.0671583333333,-21.9372166666667,0.0,0.0,0.0,true,1,0
1773239608000,64.0671583333333,-21.9372166666667,0.0,0.0,0.0,true,2,0
1773239608000,64.0671583333333,-21.9372166666667,0.0,0.0,0.0,true,3,0
1773239612000,64.06727,-21.9375833333333,4.0,21.7,19.6,false,3,4.0
1773239612000,64.06727,-21.9375833333333,0.0,0.0,0.0,true,1,0
1773239616000,64.06727,-21.9375833333333,4.0,0.0,0.0,true,2,0
1773239616000,64.06727,-21.9375833333333,0.0,0.0,0.0,true,3,0
1773239622000,64.0670633333333,-21.9388166666667,6.0,64.2,38.5,false,3,10.0
1773239622000,64.0670633333333,-21.9388166666667,0.0,0.0,0.0,true,1,0
1773239627000,64.0669716666667,-21.93965,5.0,41.8,30.1,false,1,5.0
1773239627000,64.0669716666667,-21.93965,0.0,0.0,0.0,true,1,0
1773239629000,64.0669716666667,-21.93965,2.0,0.0,0.0,true,2,0
1773239631000,64.0669716666667,-21.93965,2.0,0.0,0.0,true,3,0
1773239635000,64.066895,-21.9403833333333,4.0,36.7,33.0,false,3,8.0
1773239635000,64.066895,-21.9403833333333,0.0,0.0,0.0,true,1,0
1773239637000,64.0668833333333,-21.9412166666667,2.0,40.5,73.0,false,1,2.0
1773239641000,64.0668833333333,-21.9412166666667,4.0,0.0,0.0,true,1,0
1773239641000,64.0668833333333,-21.9412166666667,0.0,0.0,0.0,true,2,0
1773239643000,64.0669116666667,-21.9423333333333,2.0,54.4,97.9,false,2,6.0
1773239645000,64.0669116666667,-21.9423333333333,2.0,0.0,0.0,true,1,0
1773239648000,64.0669983333333,-21.9429833333333,3.0,33.0,39.7,false,1,5.0
1773239648000,64.0669983333333,-21.9429833333333,0.0,0.0,0.0,true,1,0
1773239652000,64.0669983333333,-21.9429833333333,4.0,0.0,0.0,true,2,0
1773239652000,64.0669983333333,-21.9429833333333,0.0,0.0,0.0,true,3,0
1773239654000,64.0670566666667,-21.9438166666667,2.0,41.0,73.9,false,3,6.0
1773239657000,64.0670566666667,-21.9438166666667,3.0,0.0,0.0,true,1,0
1773239659000,64.06712,-21.9447833333333,2.0,47.5,85.6,false,1,5.0
1773239659000,64.06712,-21.9447833333333,0.0,0.0,0.0,true,1,0
1773239663000,64.0671933333333,-21.9458,4.0,50.1,45.1,false,1,4.0
1773239665000,64.0671933333333,-21.9458,2.0,0.0,0.0,true,1,0
1773239665000,64.0671933333333,-21.9458,0.0,0.0,0.0,true,2,0
1773239669000,64.0672683333333,-21.9467833333333,4.0,48.5,43.7,false,2,6.0
1773239671000,64.0672683333333,-21.9467833333333,2.0,0.0,0.0,true,1,0
1773239671000,64.0672683333333,-21.9467833333333,0.0,0.0,0.0,true,2,0
1773239677000,64.0673283333333,-21.9481166666667,6.0,65.2,39.1,false,2,8.0
1773239680000,64.067315,-21.9483666666667,3.0,12.2,14.7,false,0,3.0
1773239680000,64.067315,-21.9483666666667,0.0,0.0,0.0,true,1,0
1773239680000,64.067315,-21.9483666666667,0.0,0.0,0.0,true,2,0
1773239682000,64.067315,-21.9483666666667,2.0,0.0,0.0,true,3,0
1773239684000,64.067315,-21.9483666666667,2.0,0.0,0.0,true,4,0
1773239684000,64.067315,-21.9483666666667,0.0,0.0,0.0,true,5,0
1773239688000,64.0673133333333,-21.9483666666667,4.0,0.2,0.2,true,6,0
1773239690000,64.0673133333333,-21.9483666666667,2.0,0.0,0.0,true,7,0
1773239692000,64.0673133333333,-21.9483666666667,2.0,0.0,0.0,true,8,0
1773239699000,64.067305,-21.9484333333333,7.0,3.4,1.7,false,8,19.0
1773239699000,64.067305,-21.9484333333333,0.0,0.0,0.0,true,1,0
1773239702000,64.0672183333333,-21.9490833333333,3.0,33.0,39.7,false,1,3.0
1773239705000,64.0672183333333,-21.9490833333333,3.0,0.0,0.0,true,1,0
1773239705000,64.0672183333333,-21.9490833333333,0.0,0.0,0.0,true,2,0
1773239709000,64.0670533333333,-21.9501666666667,4.0,55.8,50.2,false,2,7.0
1773239711000,64.0670533333333,-21.9501666666667,2.0,0.0,0.0,true,1,0
1773239717000,64.06681,-21.9517666666667,6.0,82.4,49.4,false,1,8.0
1773239717000,64.06681,-21.9517666666667,0.0,0.0,0.0,true,1,0
1773239717000,64.06681,-21.9517666666667,0.0,0.0,0.0,true,2,0
1773239720000,64.06681,-21.9517666666667,3.0,0.0,0.0,true,3,0
1773239724000,64.0667283333333,-21.95245,4.0,34.4,31.0,false,3,7.0
1773239726000,64.0667283333333,-21.95245,2.0,0.0,0.0,true,1,0
1773239726000,64.0667283333333,-21.95245,0.0,0.0,0.0,true,2,0
1773239729000,64.0667266666667,-21.9533,3.0,41.3,49.6,false,2,5.0
1773239732000,64.0668066666667,-21.9542,3.0,44.7,53.6,false,0,3.0
1773239735000,64.0668066666667,-21.9542,3.0,0.0,0.0,true,1,0
1773239735000,64.0668066666667,-21.9542,0.0,0.0,0.0,true,2,0
1773239737000,64.0668366666667,-21.9548833333333,2.0,33.4,60.1,false,2,5.0
1773239739000,64.0668366666667,-21.9548833333333,2.0,0.0,0.0,true,1,0
1773239739000,64.0668366666667,-21.9548833333333,0.0,0.0,0.0,true,2,0
1773239742000,64.0667566666667,-21.9555,3.0,31.3,37.5,false,2,5.0
1773239742000,64.0667566666667,-21.9555,0.0,0.0,0.0,true,1,0
1773239748000,64.0666366666667,-21.95605,6.0,29.9,17.9,false,1,6.0
1773239748000,64.0666366666667,-21.95605,0.0,0.0,0.0,true,1,0
1773239750000,64.0666366666667,-21.95605,2.0,0.0,0.0,true,2,0
1773239754000,64.06684,-21.9565833333333,4.0,34.4,31.0,false,2,6.0
1773239757000,64.067145,-21.9570166666667,3.0,39.9,47.9,false,0,3.0
1773239757000,64.067145,-21.9570166666667,0.0,0.0,0.0,true,1,0
1773239760000,64.067145,-21.9570166666667,3.0,0.0,0.0,true,2,0
1773239763000,64.0674283333333,-21.9573833333333,3.0,36.2,43.4,false,2,6.0
1773239765000,64.0674283333333,-21.9573833333333,2.0,0.0,0.0,true,1,0
1773239765000,64.0674283333333,-21.9573833333333,0.0,0.0,0.0,true,2,0
1773239767000,64.0674283333333,-21.9573833333333,2.0,0.0,0.0,true,3,0
1773239769000,64.0676833333333,-21.9574666666667,2.0,28.6,51.6,false,3,6.0
1773239769000,64.0676833333333,-21.9574666666667,0.0,0.0,0.0,true,1,0
1773239772000,64.06781,-21.95765,3.0,16.7,20.0,false,1,3.0
1773239776000,64.06781,-21.95765,4.0,0.0,0.0,true,1,0
1773239776000,64.06781,-21.95765,0.0,0.0,0.0,true,2,0
1773239776000,64.06781,-21.95765,0.0,0.0,0.0,true,3,0
1773239783000,64.067815,-21.95765,7.0,0.6,0.3,false,3,11.0
1773239783000,64.067815,-21.95765,0.0,0.0,0.0,true,1,0
1773239787000,64.067815,-21.95765,4.0,0.0,0.0,true,2,0
1773239787000,64.067815,-21.95765,0.0,0.0,0.0,true,3,0
1773239790000,64.067815,-21.95765,3.0,0.0,0.0,true,4,0
1773239790000,64.067815,-21.95765,0.0,0.0,0.0,true,5,0
1773239790000,64.067815,-21.95765,0.0,0.0,0.0,true,6,0
1773239794000,64.067815,-21.95765,4.0,0.0,0.0,true,7,0
1773239794000,64.067815,-21.95765,0.0,0.0,0.0,true,8,0
1773239800000,64.067815,-21.95765,6.0,0.0,0.0,true,9,0
1773239802000,64.067815,-21.95765,2.0,0.0,0.0,true,10,0
1773239802000,64.067815,-21.95765,0.0,0.0,0.0,true,11,0
1773239806000,64.067815,-21.95765,4.0,0.0,0.0,true,12,0
1773239808000,64.0678666666667,-21.95775,2.0,7.5,13.5,false,12,25.0
1773239811000,64.0678666666667,-21.95775,3.0,0.0,0.0,true,1,0
1773239811000,64.0678666666667,-21.95775,0.0,0.0,0.0,true,2,0
1773239813000,64.06791,-21.9579666666667,2.0,11.6,20.9,false,2,5.0
1773239817000,64.06791,-21.9579666666667,4.0,0.0,0.0,true,1,0
1773239817000,64.06791,-21.9579666666667,0.0,0.0,0.0,true,2,0
1773239820000,64.067935,-21.9581166666667,3.0,7.8,9.4,false,2,7.0
1773239822000,64.0680983333333,-21.9584,2.0,22.8,41.0,false,0,2.0
1773239822000,64.0680983333333,-21.9584,0.0,0.0,0.0,true,1,0
1773239826000,64.0680983333333,-21.9584,4.0,0.0,0.0,true,2,0
1773239829000,64.068365,-21.9588166666667,3.0,35.9,43.1,false,2,7.0
1773239829000,64.068365,-21.9588166666667,0.0,0.0,0.0,true,1,0
1773239831000,64.068365,-21.9588166666667,2.0,0.0,0.0,true,2,0
1773239833000,64.06866,-21.9592,2.0,37.7,67.9,false,2,4.0
1773239835000,64.06866,-21.9592,2.0,0.0,0.0,true,1,0
1773239835000,64.06866,-21.9592,0.0,0.0,0.0,true,2,0
1773239841000,64.0690616666667,-21.9592833333333,6.0,44.8,26.9,false,2,8.0
1773239843000,64.0690616666667,-21.9592833333333,2.0,0.0,0.0,true,1,0
1773239843000,64.0690616666667,-21.9592833333333,0.0,0.0,0.0,true,2,0
1773239848000,64.0693416666667,-21.9590666666667,5.0,32.9,23.7,false,2,7.0
1773239850000,64.06949,-21.9586166666667,2.0,27.4,49.3,false,0,2.0
1773239850000,64.06949,-21.9586166666667,0.0,0.0,0.0,true,1,0
1773239855000,64.06981,-21.9588,5.0,36.7,26.4,false,1,5.0
1773239855000,64.06981,-21.9588,0.0,0.0,0.0,true,1,0
1773239858000,64.06981,-21.9588,3.0,0.0,0.0,true,2,0
1773239861000,64.0698633333333,-21.9596666666667,3.0,42.6,51.1,false,2,6.0
1773239861000,64.0698633333333,-21.9596666666667,0.0,0.0,0.0,true,1,0
1773239863000,64.0698633333333,-21.9596666666667,2.0,0.0,0.0,true,2,0
1773239867000,64.06989,-21.9603666666667,4.0,34.2,30.7,false,2,6.0
1773239867000,64.06989,-21.9603666666667,0.0,0.0,0.0,true,1,0
1773239870000,64.0699033333333,-21.9609833333333,3.0,30.0,36.0,false,1,3.0
1773239873000,64.0699033333333,-21.9609833333333,3.0,0.0,0.0,true,1,0
1773239873000,64.0699033333333,-21.9609833333333,0.0,0.0,0.0,true,2,0
1773239873000,64.0699033333333,-21.9609833333333,0.0,0.0,0.0,true,3,0
1773239873000,64.0699033333333,-21.9609833333333,0.0,0.0,0.0,true,4,0
1773239881000,64.0698816666667,-21.9624333333333,8.0,70.5,31.7,false,4,11.0
1773239881000,64.0698816666667,-21.9624333333333,0.0,0.0,0.0,true,1,0
1773239883000,64.0698816666667,-21.9624333333333,2.0,0.0,0.0,true,2,0
1773239883000,64.0698816666667,-21.9624333333333,0.0,0.0,0.0,true,3,0
1773239887000,64.0698683333333,-21.9634833333333,4.0,51.1,46.0,false,3,6.0
1773239887000,64.0698683333333,-21.9634833333333,0.0,0.0,0.0,true,1,0
1773239887000,64.0698683333333,-21.9634833333333,0.0,0.0,0.0,true,2,0
1773239894000,64.0699783333333,-21.964,7.0,27.9,14.4,false,2,7.0
1773239894000,64.0699783333333,-21.964,0.0,0.0,0.0,true,1,0
1773239898000,64.0700183333333,-21.9646,4.0,29.5,26.6,false,1,4.0
1773239898000,64.0700183333333,-21.9646,0.0,0.0,0.0,true,1,0
1773239898000,64.0700183333333,-21.9646,0.0,0.0,0.0,true,2,0
1773239903000,64.0704166666667,-21.9652333333333,5.0,53.9,38.8,false,2,5.0
1773239903000,64.0704166666667,-21.9652333333333,0.0,0.0,0.0,true,1,0
1773239903000,64.0704166666667,-21.9652333333333,0.0,0.0,0.0,true,2,0
1773239907000,64.0709216666667,-21.9655333333333,4.0,58.0,52.2,false,2,4.0
1773239912000,64.0712866666667,-21.9659,5.0,44.3,31.9,false,0,5.0
1773239912000,64.0712866666667,-21.9659,0.0,0.0,0.0,true,1,0
1773239915000,64.0715066666667,-21.9663166666667,3.0,31.8,38.1,false,1,3.0
1773239915000,64.0715066666667,-21.9663166666667,0.0,0.0,0.0,true,1,0
1773239918000,64.0715066666667,-21.9663166666667,3.0,0.0,0.0,true,2,0
1773239921000,64.071745,-21.9661833333333,3.0,27.3,32.7,false,2,6.0
1773239925000,64.0720533333333,-21.9661833333333,4.0,34.3,30.9,false,0,4.0
1773239925000,64.0720533333333,-21.9661833333333,0.0,0.0,0.0,true,1,0
1773239927000,64.0720533333333,-21.9661833333333,2.0,0.0,0.0,true,2,0
1773239927000,64.0720533333333,-21.9661833333333,0.0,0.0,0.0,true,3,0
1773239933000,64.0722516666667,-21.96625,6.0,22.3,13.4,false,3,8.0
1773239936000,64.07259,-21.9664666666667,3.0,39.1,46.9,false,0,3.0
1773239936000,64.07259,-21.9664666666667,0.0,0.0,0.0,true,1,0
1773239938000,64.07259,-21.9664666666667,2.0,0.0,0.0,true,2,0
1773239940000,64.07276,-21.9665333333333,2.0,19.2,34.5,false,2,4.0
1773239940000,64.07276,-21.9665333333333,0.0,0.0,0.0,true,1,0
1773239942000,64.07276,-21.9665333333333,2.0,0.0,0.0,true,2,0
1773239947000,64.0731066666667,-21.9666,5.0,38.7,27.9,false,2,7.0
1773239947000,64.0731066666667,-21.9666,0.0,0.0,0.0,true,1,0
1773239949000,64.0731066666667,-21.9666,2.0,0.0,0.0,true,2,0
1773239951000,64.0735233333333,-21.9665333333333,2.0,46.4,83.6,false,2,4.0
1773239951000,64.0735233333333,-21.9665333333333,0.0,0.0,0.0,true,1,0
1773239953000,64.0735233333333,-21.9665333333333,2.0,0.0,0.0,true,2,0
1773239958000,64.0740433333333,-21.9664666666667,5.0,57.9,41.7,false,2,7.0
1773239958000,64.0740433333333,-21.9664666666667,0.0,0.0,0.0,true,1,0
1773239962000,64.0744916666667,-21.9664,4.0,50.0,45.0,false,1,4.0
1773239962000,64.0744916666667,-21.9664,0.0,0.0,0.0,true,1,0
1773239966000,64.0749233333333,-21.96635,4.0,48.1,43.3,false,1,4.0
1773239968000,64.0749233333333,-21.96635,2.0,0.0,0.0,true,1,0
1773239970000,64.0749233333333,-21.96635,2.0,0.0,0.0,true,2,0
1773239970000,64.0749233333333,-21.96635,0.0,0.0,0.0,true,3,0
1773239973000,64.07532,-21.9662833333333,3.0,44.2,53.1,false,3,7.0
1773239973000,64.07532,-21.9662833333333,0.0,0.0,0.0,true,1,0
1773239976000,64.0756833333333,-21.9661833333333,3.0,40.7,48.8,false,1,3.0
1773239981000,64.0760516666667,-21.9661333333333,5.0,41.0,29.5,false,0,5.0
1773239981000,64.0760516666667,-21.9661333333333,0.0,0.0,0.0,true,1,0
1773239985000,64.0760516666667,-21.9661333333333,4.0,0.0,0.0,true,2,0
1773239987000,64.07647,-21.9661166666667,2.0,46.5,83.7,false,2,6.0
1773239987000,64.07647,-21.9661166666667,0.0,0.0,0.0,true,1,0
1773239991000,64.0768816666667,-21.9660666666667,4.0,45.8,41.3,false,1,4.0
1773239993000,64.0768816666667,-21.9660666666667,2.0,0.0,0.0,true,1,0
1773239993000,64.0768816666667,-21.9660666666667,0.0,0.0,0.0,true,2,0
1773239996000,64.0771033333333,-21.9660333333333,3.0,24.7,29.6,false,2,5.0
1773239998000,64.0771033333333,-21.9660333333333,2.0,0.0,0.0,true,1,0
1773239998000,64.0771033333333,-21.9660333333333,0.0,0.0,0.0,true,2,0
1773240002000,64.077415,-21.9659833333333,4.0,34.7,31.3,false,2,6.0
1773240002000,64.077415,-21.9659833333333,0.0,0.0,0.0,true,1,0
1773240007000,64.077695,-21.9657833333333,5.0,32.6,23.5,false,1,5.0
1773240007000,64.077695,-21.9657833333333,0.0,0.0,0.0,true,1,0
1773240007000,64.077695,-21.9657833333333,0.0,0.0,0.0,true,2,0
1773240011000,64.0779366666667,-21.9654,4.0,32.7,29.4,false,2,4.0
1773240013000,64.0779366666667,-21.9654,2.0,0.0,0.0,true,1,0
1773240013000,64.0779366666667,-21.9654,0.0,0.0,0.0,true,2,0
1773240017000,64.078235,-21.96485,4.0,42.6,38.3,false,2,6.0
1773240020000,64.078525,-21.9643166666667,3.0,41.4,49.7,false,0,3.0
1773240020000,64.078525,-21.9643166666667,0.0,0.0,0.0,true,1,0
1773240022000,64.078525,-21.9643166666667,2.0,0.0,0.0,true,2,0
1773240022000,64.078525,-21.9643166666667,0.0,0.0,0.0,true,3,0
1773240026000,64.0787016666667,-21.9639833333333,4.0,25.5,22.9,false,3,6.0
1773240031000,64.0788216666667,-21.96365,5.0,21.0,15.1,false,0,5.0
1773240031000,64.0788216666667,-21.96365,0.0,0.0,0.0,true,1,0
1773240031000,64.0788216666667,-21.96365,0.0,0.0,0.0,true,2,0
1773240035000,64.0788233333333,-21.96365,4.0,0.2,0.2,true,3,0
1773240037000,64.0788233333333,-21.96365,2.0,0.0,0.0,true,4,0
1773240037000,64.0788233333333,-21.96365,0.0,0.0,0.0,true,5,0
1773240041000,64.0788233333333,-21.96365,4.0,0.0,0.0,true,6,0
1773240043000,64.0788233333333,-21.96365,2.0,0.0,0.0,true,7,0
1773240043000,64.0788233333333,-21.96365,0.0,0.0,0.0,true,8,0
1773240048000,64.07889,-21.9636,5.0,7.8,5.6,false,8,17.0
1773240050000,64.07889,-21.9636,2.0,0.0,0.0,true,1,0
1773240053000,64.0790816666667,-21.9633333333333,3.0,24.9,29.9,false,1,5.0
1773240053000,64.0790816666667,-21.9633333333333,0.0,0.0,0.0,true,1,0
1773240053000,64.0790816666667,-21.9633333333333,0.0,0.0,0.0,true,2,0
1773240057000,64.0792816666667,-21.9628666666667,4.0,31.8,28.6,false,2,4.0
1773240059000,64.0792816666667,-21.9628666666667,2.0,0.0,0.0,true,1,0
1773240059000,64.0792816666667,-21.9628666666667,0.0,0.0,0.0,true,2,0
1773240064000,64.0794783333333,-21.9622333333333,5.0,37.8,27.2,false,2,7.0
1773240066000,64.0794783333333,-21.9622333333333,2.0,0.0,0.0,true,1,0
1773240066000,64.0794783333333,-21.9622333333333,0.0,0.0,0.0,true,2,0
1773240068000,64.0796016666667,-21.9611833333333,2.0,52.8,95.1,false,2,4.0
1773240071000,64.0796016666667,-21.9611833333333,3.0,0.0,0.0,true,1,0
1773240071000,64.0796016666667,-21.9611833333333,0.0,0.0,0.0,true,2,0
1773240073000,64.0795416666667,-21.9598333333333,2.0,66.0,118.7,false,2,5.0
1773240079000,64.0795416666667,-21.9598333333333,6.0,0.0,0.0,true,1,0
1773240079000,64.0795416666667,-21.9598333333333,0.0,0.0,0.0,true,2,0
1773240083000,64.0793666666667,-21.9583833333333,4.0,73.1,65.8,false,2,10.0
1773240083000,64.0793666666667,-21.9583833333333,0.0,0.0,0.0,true,1,0
1773240083000,64.0793666666667,-21.9583833333333,0.0,0.0,0.0,true,2,0
1773240088000,64.0792533333333,-21.9574666666667,5.0,46.3,33.3,false,2,5.0
1773240088000,64.0792533333333,-21.9574666666667,0.0,0.0,0.0,true,1,0
1773240092000,64.079155,-21.9567,4.0,38.8,35.0,false,1,4.0
1773240092000,64.079155,-21.9567,0.0,0.0,0.0,true,1,0
1773240096000,64.07904,-21.9561833333333,4.0,28.2,25.4,false,1,4.0
1773240098000,64.07904,-21.9561833333333,2.0,0.0,0.0,true,1,0
1773240102000,64.0790316666667,-21.95565,4.0,25.9,23.3,false,1,6.0
1773240102000,64.0790316666667,-21.95565,0.0,0.0,0.0,true,1,0
1773240104000,64.0790316666667,-21.95565,2.0,0.0,0.0,true,2,0
1773240106000,64.0790316666667,-21.95565,2.0,0.0,0.0,true,3,0
1773240106000,64.0790316666667,-21.95565,0.0,0.0,0.0,true,4,0
1773240108000,64.0788716666667,-21.9544833333333,2.0,59.4,107.0,false,4,6.0
1773240108000,64.0788716666667,-21.9544833333333,0.0,0.0,0.0,true,1,0
1773240113000,64.0788183333333,-21.95405,5.0,21.9,15.8,false,1,5.0
1773240117000,64.0788183333333,-21.95405,4.0,0.0,0.0,true,1,0
1773240117000,64.0788183333333,-21.95405,0.0,0.0,0.0,true,2,0
1773240119000,64.0788183333333,-21.95405,2.0,0.0,0.0,true,3,0
1773240119000,64.0788183333333,-21.95405,0.0,0.0,0.0,true,4,0
1773240121000,64.0788183333333,-21.95405,2.0,0.0,0.0,true,5,0
1773240121000,64.0788183333333,-21.95405,0.0,0.0,0.0,true,6,0
1773240129000,64.0787266666667,-21.9532666666667,8.0,39.4,17.7,false,6,16.0
1773240129000,64.0787266666667,-21.9532666666667,0.0,0.0,0.0,true,1,0
1773240133000,64.0785933333333,-21.9521833333333,4.0,54.7,49.2,false,1,4.0
1773240133000,64.0785933333333,-21.9521833333333,0.0,0.0,0.0,true,1,0
1773240133000,64.0785933333333,-21.9521833333333,0.0,0.0,0.0,true,2,0
1773240137000,64.0785933333333,-21.9521833333333,4.0,0.0,0.0,true,3,0
1773240141000,64.0784616666667,-21.9512333333333,4.0,48.4,43.6,false,3,8.0
1773240141000,64.0784616666667,-21.9512333333333,0.0,0.0,0.0,true,1,0
1773240143000,64.0783533333333,-21.9506,2.0,33.1,59.5,false,1,2.0
1773240149000,64.078205,-21.9503833333333,6.0,19.6,11.7,false,0,6.0
1773240149000,64.078205,-21.9503833333333,0.0,0.0,0.0,true,1,0
1773240152000,64.078205,-21.9503833333333,3.0,0.0,0.0,true,2,0
1773240152000,64.078205,-21.9503833333333,0.0,0.0,0.0,true,3,0
1773240156000,64.077835,-21.95045,4.0,41.3,37.1,false,3,7.0
1773240156000,64.077835,-21.95045,0.0,0.0,0.0,true,1,0
1773240163000,64.07668,-21.9511,7.0,132.3,68.0,false,1,7.0
1773240163000,64.07668,-21.9511,0.0,0.0,0.0,true,1,0
1773240165000,64.07668,-21.9511,2.0,0.0,0.0,true,2,0
1773240167000,64.07668,-21.9511,2.0,0.0,0.0,true,3,0
1773240167000,64.07668,-21.9511,0.0,0.0,0.0,true,4,0
1773240169000,64.0761683333333,-21.9514166666667,2.0,58.9,106.1,false,4,6.0
1773240169000,64.0761683333333,-21.9514166666667,0.0,0.0,0.0,true,1,0
1773240171000,64.0761683333333,-21.9514166666667,2.0,0.0,0.0,true,2,0
1773240174000,64.0758183333333,-21.95165,3.0,40.5,48.6,false,2,5.0
1773240178000,64.07569,-21.9517333333333,4.0,14.8,13.4,false,0,4.0
1773240178000,64.07569,-21.9517333333333,0.0,0.0,0.0,true,1,0
1773240184000,64.075685,-21.9517333333333,6.0,0.6,0.3,false,1,6.0
1773240184000,64.075685,-21.9517333333333,0.0,0.0,0.0,true,1,0
1773240186000,64.0756633333333,-21.95175,2.0,2.5,4.6,false,1,2.0
1773240186000,64.0756633333333,-21.95175,0.0,0.0,0.0,true,1,0
1773240190000,64.0756633333333,-21.95175,4.0,0.0,0.0,true,2,0
1773240190000,64.0756633333333,-21.95175,0.0,0.0,0.0,true,3,0
1773240190000,64.0756633333333,-21.95175,0.0,0.0,0.0,true,4,0
1773240195000,64.0754483333333,-21.9519,5.0,25.0,18.0,false,4,9.0
1773240198000,64.0752966666667,-21.9516166666667,3.0,21.8,26.1,false,0,3.0
1773240198000,64.0752966666667,-21.9516166666667,0.0,0.0,0.0,true,1,0
1773240202000,64.0751883333333,-21.9506333333333,4.0,49.3,44.4,false,1,4.0
1773240204000,64.0751883333333,-21.9506333333333,2.0,0.0,0.0,true,1,0
1773240204000,64.0751883333333,-21.9506333333333,0.0,0.0,0.0,true,2,0
1773240208000,64.0752016666667,-21.9494833333333,4.0,55.9,50.3,false,2,6.0
1773240215000,64.075285,-21.9483,7.0,58.3,30.0,false,0,7.0
1773240215000,64.075285,-21.9483,0.0,0.0,0.0,true,1,0
1773240217000,64.0753533333333,-21.9472666666667,2.0,50.8,91.4,false,1,2.0
1773240219000,64.0753533333333,-21.9472666666667,2.0,0.0,0.0,true,1,0
1773240219000,64.0753533333333,-21.9472666666667,0.0,0.0,0.0,true,2,0
1773240224000,64.07541,-21.9463666666667,5.0,44.2,31.8,false,2,7.0
1773240226000,64.07541,-21.9463666666667,2.0,0.0,0.0,true,1,0
1773240226000,64.07541,-21.9463666666667,0.0,0.0,0.0,true,2,0
1773240230000,64.0754116666667,-21.9459166666667,4.0,21.9,19.7,false,2,6.0
1773240230000,64.0754116666667,-21.9459166666667,0.0,0.0,0.0,true,1,0
1773240233000,64.0754116666667,-21.9459166666667,3.0,0.0,0.0,true,2,0
1773240235000,64.0754116666667,-21.9459,2.0,0.8,1.5,false,2,5.0
1773240235000,64.0754116666667,-21.9459,0.0,0.0,0.0,true,1,0
1773240240000,64.0754116666667,-21.9459,5.0,0.0,0.0,true,2,0
1773240242000,64.0754116666667,-21.9459,2.0,0.0,0.0,true,3,0
1773240242000,64.0754116666667,-21.9459,0.0,0.0,0.0,true,4,0
1773240245000,64.0754266666667,-21.9457833333333,3.0,5.9,7.1,false,4,10.0
1773240248000,64.0754266666667,-21.9457833333333,3.0,0.0,0.0,true,1,0
1773240248000,64.0754266666667,-21.9457833333333,0.0,0.0,0.0,true,2,0
1773240253000,64.075495,-21.9451666666667,5.0,30.9,22.3,false,2,8.0
1773240257000,64.07555,-21.9443,4.0,42.6,38.3,false,0,4.0
1773240257000,64.07555,-21.9443,0.0,0.0,0.0,true,1,0
1773240259000,64.07555,-21.9443,2.0,0.0,0.0,true,2,0
1773240261000,64.075595,-21.9436,2.0,34.4,61.9,false,2,4.0
1773240261000,64.075595,-21.9436,0.0,0.0,0.0,true,1,0
1773240263000,64.075595,-21.9436,2.0,0.0,0.0,true,2,0
1773240267000,64.0756533333333,-21.9428833333333,4.0,35.4,31.9,false,2,6.0
1773240267000,64.0756533333333,-21.9428833333333,0.0,0.0,0.0,true,1,0
1773240270000,64.0756533333333,-21.9428833333333,3.0,0.0,0.0,true,2,0
1773240270000,64.0756533333333,-21.9428833333333,0.0,0.0,0.0,true,3,0
1773240272000,64.0756966666667,-21.9422166666667,2.0,32.8,59.0,false,3,5.0
1773240275000,64.0757216666667,-21.9420333333333,3.0,9.3,11.2,false,0,3.0
1773240275000,64.0757216666667,-21.9420333333333,0.0,0.0,0.0,true,1,0
1773240279000,64.075725,-21.9420166666667,4.0,0.9,0.8,false,1,4.0
1773240283000,64.075725,-21.9420166666667,4.0,0.0,0.0,true,1,0
1773240283000,64.075725,-21.9420166666667,0.0,0.0,0.0,true,2,0
1773240285000,64.075725,-21.9420166666667,2.0,0.0,0.0,true,3,0
1773240289000,64.075725,-21.9420166666667,4.0,0.0,0.0,true,4,0
1773240289000,64.075725,-21.9420166666667,0.0,0.0,0.0,true,5,0
1773240291000,64.075725,-21.9420166666667,2.0,0.0,0.0,true,6,0
1773240294000,64.075725,-21.9420166666667,3.0,0.0,0.0,true,7,0
1773240294000,64.075725,-21.9420166666667,0.0,0.0,0.0,true,8,0
1773240298000,64.075725,-21.9420166666667,4.0,0.0,0.0,true,9,0
1773240298000,64.075725,-21.9420166666667,0.0,0.0,0.0,true,10,0
1773240300000,64.075725,-21.9420166666667,2.0,0.0,0.0,true,11,0
1773240304000,64.0757316666667,-21.9419833333333,4.0,1.8,1.6,false,11,25.0
1773240308000,64.0757316666667,-21.9419833333333,4.0,0.0,0.0,true,1,0
1773240308000,64.0757316666667,-21.9419833333333,0.0,0.0,0.0,true,2,0
1773240312000,64.07574,-21.9419333333333,4.0,2.6,2.3,false,2,8.0
1773240312000,64.07574,-21.9419333333333,0.0,0.0,0.0,true,1,0
1773240312000,64.07574,-21.9419333333333,0.0,0.0,0.0,true,2,0
1773240317000,64.075775,-21.9418166666667,5.0,6.9,5.0,false,2,5.0
1773240317000,64.075775,-21.9418166666667,0.0,0.0,0.0,true,1,0
1773240319000,64.0758366666667,-21.9414833333333,2.0,17.6,31.7,false,1,2.0
1773240323000,64.0759416666667,-21.9410833333333,4.0,22.7,20.4,false,0,4.0
1773240323000,64.0759416666667,-21.9410833333333,0.0,0.0,0.0,true,1,0
1773240325000,64.0759516666667,-21.94105,2.0,2.0,3.5,false,1,2.0
1773240327000,64.0759516666667,-21.94105,2.0,0.0,0.0,true,1,0
1773240327000,64.0759516666667,-21.94105,0.0,0.0,0.0,true,2,0
1773240331000,64.075965,-21.9409833333333,4.0,3.6,3.2,false,2,6.0
1773240336000,64.075965,-21.9409833333333,5.0,0.0,0.0,true,1,0
1773240336000,64.075965,-21.9409833333333,0.0,0.0,0.0,true,2,0
1773240338000,64.075965,-21.9409833333333,2.0,0.0,0.0,true,3,0
1773240342000,64.0759733333333,-21.9409333333333,4.0,2.6,2.3,false,3,11.0
1773240342000,64.0759733333333,-21.9409333333333,0.0,0.0,0.0,true,1,0
1773240344000,64.075975,-21.9408166666667,2.0,5.7,10.2,false,1,2.0
1773240344000,64.075975,-21.9408166666667,0.0,0.0,0.0,true,1,0
1773240348000,64.0759666666667,-21.9407333333333,4.0,4.2,3.7,false,1,4.0
1773240350000,64.0759666666667,-21.9407333333333,2.0,0.0,0.0,true,1,0
1773240350000,64.0759666666667,-21.9407333333333,0.0,0.0,0.0,true,2,0
1773240354000,64.075955,-21.9401333333333,4.0,29.2,26.3,false,2,6.0
1773240359000,64.0760766666667,-21.9399333333333,5.0,16.7,12.0,false,0,5.0
1773240362000,64.0760766666667,-21.9399333333333,3.0,0.0,0.0,true,1,0
1773240362000,64.0760766666667,-21.9399333333333,0.0,0.0,0.0,true,2,0
1773240367000,64.07625,-21.9394666666667,5.0,29.8,21.4,false,2,8.0
1773240369000,64.0764233333333,-21.9388,2.0,37.7,67.9,false,0,2.0
1773240369000,64.0764233333333,-21.9388,0.0,0.0,0.0,true,1,0
1773240371000,64.0764233333333,-21.9388,2.0,0.0,0.0,true,2,0
1773240374000,64.0766,-21.9381166666667,3.0,38.6,46.3,false,2,5.0
1773240378000,64.0766,-21.9381166666667,4.0,0.0,0.0,true,1,0
1773240378000,64.0766,-21.9381166666667,0.0,0.0,0.0,true,2,0
1773240378000,64.0766,-21.9381166666667,0.0,0.0,0.0,true,3,0
1773240382000,64.07675,-21.9375166666667,4.0,33.6,30.2,false,3,8.0
1773240385000,64.076845,-21.93705,3.0,25.0,30.0,false,0,3.0
1773240385000,64.076845,-21.93705,0.0,0.0,0.0,true,1,0
1773240389000,64.0768883333333,-21.93675,4.0,15.4,13.8,false,1,4.0
1773240391000,64.0768933333333,-21.9367333333333,2.0,1.0,1.8,false,0,2.0
1773240391000,64.0768933333333,-21.9367333333333,0.0,0.0,0.0,true,1,0
1773240393000,64.0768933333333,-21.9367333333333,2.0,0.0,0.0,true,2,0
1773240396000,64.0768966666667,-21.9367166666667,3.0,0.9,1.1,false,2,5.0
1773240396000,64.0768966666667,-21.9367166666667,0.0,0.0,0.0,true,1,0
1773240398000,64.0768966666667,-21.9367166666667,2.0,0.0,0.0,true,2,0
1773240400000,64.0768966666667,-21.9367166666667,2.0,0.0,0.0,true,3,0
1773240406000,64.0768966666667,-21.9367166666667,6.0,0.0,0.0,true,4,0
1773240406000,64.0768966666667,-21.9367166666667,0.0,0.0,0.0,true,5,0
1773240406000,64.0768966666667,-21.9367166666667,0.0,0.0,0.0,true,6,0
1773240409000,64.0768966666667,-21.9367166666667,3.0,0.0,0.0,true,7,0
1773240411000,64.0768966666667,-21.9367166666667,2.0,0.0,0.0,true,8,0
1773240411000,64.0768966666667,-21.9367166666667,0.0,0.0,0.0,true,9,0
1773240416000,64.0768966666667,-21.9367166666667,5.0,0.0,0.0,true,10,0
1773240418000,64.0768966666667,-21.9367166666667,2.0,0.0,0.0,true,11,0
1773240418000,64.0768966666667,-21.9367166666667,0.0,0.0,0.0,true,12,0
1773240418000,64.0768966666667,-21.9367166666667,0.0,0.0,0.0,true,13,0
1773240425000,64.0768966666667,-21.9367166666667,7.0,0.0,0.0,true,14,0
1773240425000,64.0768966666667,-21.9367166666667,0.0,0.0,0.0,true,15,0
1773240429000,64.0768966666667,-21.9367166666667,4.0,0.0,0.0,true,16,0
1773240429000,64.0768966666667,-21.9367166666667,0.0,0.0,0.0,true,17,0
1773240429000,64.0768966666667,-21.9367166666667,0.0,0.0,0.0,true,18,0
1773240434000,64.0768966666667,-21.9367166666667,5.0,0.0,0.0,true,19,0
1773240434000,64.0768966666667,-21.9367166666667,0.0,0.0,0.0,true,20,0
1773240437000,64.0768966666667,-21.9367166666667,3.0,0.0,0.0,true,21,0
1773240439000,64.0768966666667,-21.9367166666667,2.0,0.0,0.0,true,22,0
1773240443000,64.0768966666667,-21.9367166666667,4.0,0.0,0.0,true,23,0
1773240443000,64.0768966666667,-21.9367166666667,0.0,0.0,0.0,true,24,0
1773240445000,64.0768966666667,-21.9367166666667,2.0,0.0,0.0,true,25,0
1773240449000,64.0768966666667,-21.9367166666667,4.0,0.0,0.0,true,26,0
1773240449000,64.0768966666667,-21.9367166666667,0.0,0.0,0.0,true,27,0
1773240454000,64.0768966666667,-21.9367166666667,5.0,0.0,0.0,true,28,0
1773240454000,64.0768966666667,-21.9367166666667,0.0,0.0,0.0,true,29,0
1773240456000,64.0768966666667,-21.9367166666667,2.0,0.0,0.0,true,30,0
1773240456000,64.0768966666667,-21.9367166666667,0.0,0.0,0.0,true,31,0
1773240458000,64.0768966666667,-21.9367166666667,2.0,0.0,0.0,true,32,0
1773240463000,64.0768966666667,-21.9367166666667,5.0,0.0,0.0,true,33,0
1773240463000,64.0768966666667,-21.9367166666667,0.0,0.0,0.0,true,34,0
1773240467000,64.0768966666667,-21.9367166666667,4.0,0.0,0.0,true,35,0
1773240470000,64.0768966666667,-21.9367166666667,3.0,0.0,0.0,true,36,0
1773240470000,64.0768966666667,-21.9367166666667,0.0,0.0,0.0,true,37,0
1773240470000,64.0768966666667,-21.9367166666667,0.0,0.0,0.0,true,38,0
1773240476000,64.0768966666667,-21.9367166666667,6.0,0.0,0.0,true,39,0
1773240476000,64.0768966666667,-21.9367166666667,0.0,0.0,0.0,true,40,0
1773240481000,64.0768966666667,-21.9367166666667,5.0,0.0,0.0,true,41,0
1773240481000,64.0768966666667,-21.9367166666667,0.0,0.0,0.0,true,42,0
1773240483000,64.0768966666667,-21.9367166666667,2.0,0.0,0.0,true,43,0
1773240485000,64.0768966666667,-21.9367166666667,2.0,0.0,0.0,true,44,0
1773240489000,64.0768966666667,-21.9367166666667,4.0,0.0,0.0,true,45,0
1773240489000,64.0768966666667,-21.9367166666667,0.0,0.0,0.0,true,46,0
1773240489000,64.0768966666667,-21.9367166666667,0.0,0.0,0.0,true,47,0
1773240495000,64.0768966666667,-21.9367166666667,6.0,0.0,0.0,true,48,0
1773240498000,64.0768966666667,-21.9367166666667,3.0,0.0,0.0,true,49,0
1773240498000,64.0768966666667,-21.9367166666667,0.0,0.0,0.0,true,50,0
1773240502000,64.0768966666667,-21.9367166666667,4.0,0.0,0.0,true,51,0
1773240504000,64.0768966666667,-21.9367166666667,2.0,0.0,0.0,true,52,0
1773240504000,64.0768966666667,-21.9367166666667,0.0,0.0,0.0,true,53,0
1773240507000,64.0768966666667,-21.9367166666667,3.0,0.0,0.0,true,54,0
1773240511000,64.0768966666667,-21.9367166666667,4.0,0.0,0.0,true,55,0
1773240511000,64.0768966666667,-21.9367166666667,0.0,0.0,0.0,true,56,0
1773240513000,64.0768966666667,-21.9367166666667,2.0,0.0,0.0,true,57,0
1773240516000,64.0768966666667,-21.9367166666667,3.0,0.0,0.0,true,58,0
1773240516000,64.0768966666667,-21.9367166666667,0.0,0.0,0.0,true,59,0
1773240516000,64.0768966666667,-21.9367166666667,0.0,0.0,0.0,true,60,0
1773240522000,64.0768966666667,-21.9367166666667,6.0,0.0,0.0,true,61,0
1773240522000,64.0768966666667,-21.9367166666667,0.0,0.0,0.0,true,62,0
1773240525000,64.0768966666667,-21.9367166666667,3.0,0.0,0.0,true,63,0
1773240528000,64.0768966666667,-21.9367166666667,3.0,0.0,0.0,true,64,0
1773240528000,64.0768966666667,-21.9367166666667,0.0,0.0,0.0,true,65,0
1773240531000,64.0768966666667,-21.9367166666667,3.0,0.0,0.0,true,66,0
1773240531000,64.0768966666667,-21.9367166666667,0.0,0.0,0.0,true,67,0
1773240533000,64.0768966666667,-21.9367166666667,2.0,0.0,0.0,true,68,0
1773240536000,64.0768966666667,-21.9367166666667,3.0,0.0,0.0,true,69,0
1773240539000,64.0768966666667,-21.9367166666667,3.0,0.0,0.0,true,70,0
1773240539000,64.0768966666667,-21.9367166666667,0.0,0.0,0.0,true,71,0
1773240545000,64.0768966666667,-21.9367166666667,6.0,0.0,0.0,true,72,0
1773240548000,64.0768966666667,-21.9367166666667,3.0,0.0,0.0,true,73,0
1773240548000,64.0768966666667,-21.9367166666667,0.0,0.0,0.0,true,74,0
1773240552000,64.0768966666667,-21.9367166666667,4.0,0.0,0.0,true,75,0
1773240552000,64.0768966666667,-21.9367166666667,0.0,0.0,0.0,true,76,0
1773240552000,64.0768966666667,-21.9367166666667,0.0,0.0,0.0,true,77,0
1773240555000,64.0768966666667,-21.9367166666667,3.0,0.0,0.0,true,78,0
1773240555000,64.0768966666667,-21.9367166666667,0.0,0.0,0.0,true,79,0
1773240558000,64.0768966666667,-21.9367166666667,3.0,0.0,0.0,true,80,0
1773240561000,64.0768966666667,-21.9367166666667,3.0,0.0,0.0,true,81,0
1773240561000,64.0768966666667,-21.9367166666667,0.0,0.0,0.0,true,82,0
1773240565000,64.0768966666667,-21.9367166666667,4.0,0.0,0.0,true,83,0
1773240567000,64.0768966666667,-21.9367166666667,2.0,0.0,0.0,true,84,0
1773240567000,64.0768966666667,-21.9367166666667,0.0,0.0,0.0,true,85,0
1773240570000,64.0768966666667,-21.9367166666667,3.0,0.0,0.0,true,86,0
1773240570000,64.0768966666667,-21.9367166666667,0.0,0.0,0.0,true,87,0
1773240575000,64.0768966666667,-21.9367166666667,5.0,0.0,0.0,true,88,0
1773240575000,64.0768966666667,-21.9367166666667,0.0,0.0,0.0,true,89,0
1773240575000,64.0768966666667,-21.9367166666667,0.0,0.0,0.0,true,90,0
1773240582000,64.0768966666667,-21.9367166666667,7.0,0.0,0.0,true,91,0
1773240582000,64.0768966666667,-21.9367166666667,0.0,0.0,0.0,true,92,0
1773240582000,64.0768966666667,-21.9367166666667,0.0,0.0,0.0,true,93,0
1773240586000,64.0768966666667,-21.9367166666667,4.0,0.0,0.0,true,94,0
1773240591000,64.0768966666667,-21.9367166666667,5.0,0.0,0.0,true,95,0
1773240593000,64.0768966666667,-21.9367166666667,2.0,0.0,0.0,true,96,0
1773240593000,64.0768966666667,-21.9367166666667,0.0,0.0,0.0,true,97,0
1773240595000,64.0768966666667,-21.9367166666667,2.0,0.0,0.0,true,98,0
1773240600000,64.0768966666667,-21.9367166666667,5.0,0.0,0.0,true,99,0
1773240600000,64.0768966666667,-21.9367166666667,0.0,0.0,0.0,true,100,0
1773240602000,64.0768966666667,-21.9367166666667,2.0,0.0,0.0,true,101,0
1773240602000,64.0768966666667,-21.9367166666667,0.0,0.0,0.0,true,102,0
1773240606000,64.0768966666667,-21.9367166666667,4.0,0.0,0.0,true,103,0
1773240606000,64.0768966666667,-21.9367166666667,0.0,0.0,0.0,true,104,0
1773240609000,64.0768966666667,-21.9367166666667,3.0,0.0,0.0,true,105,0
1773240611000,64.0768966666667,-21.9367166666667,2.0,0.0,0.0,true,106,0
1773240611000,64.0768966666667,-21.9367166666667,0.0,0.0,0.0,true,107,0
1773240617000,64.0768966666667,-21.9367166666667,6.0,0.0,0.0,true,108,0
1773240617000,64.0768966666667,-21.9367166666667,0.0,0.0,0.0,true,109,0
1773240621000,64.0768966666667,-21.9367166666667,4.0,0.0,0.0,true,110,0
1773240623000,64.0768966666667,-21.9367166666667,2.0,0.0,0.0,true,111,0
1773240623000,64.0768966666667,-21.9367166666667,0.0,0.0,0.0,true,112,0
1773240626000,64.0768966666667,-21.9367166666667,3.0,0.0,0.0,true,113,0
1773240629000,64.0768966666667,-21.9367166666667,3.0,0.0,0.0,true,114,0
1773240629000,64.0768966666667,-21.9367166666667,0.0,0.0,0.0,true,115,0
1773240634000,64.0768966666667,-21.9367166666667,5.0,0.0,0.0,true,116,0
1773240637000,64.0768966666667,-21.9367166666667,3.0,0.0,0.0,true,117,0
1773240637000,64.0768966666667,-21.9367166666667,0.0,0.0,0.0,true,118,0
1773240639000,64.0768966666667,-21.9367166666667,2.0,0.0,0.0,true,119,0
1773240639000,64.0768966666667,-21.9367166666667,0.0,0.0,0.0,true,120,0
1773240645000,64.0768966666667,-21.9367166666667,6.0,0.0,0.0,true,121,0
1773240647000,64.0768966666667,-21.9367166666667,2.0,0.0,0.0,true,122,0
1773240649000,64.0768966666667,-21.9367166666667,2.0,0.0,0.0,true,123,0
1773240649000,64.0768966666667,-21.9367166666667,0.0,0.0,0.0,true,124,0
1773240652000,64.0768966666667,-21.9367166666667,3.0,0.0,0.0,true,125,0
1773240652000,64.0768966666667,-21.9367166666667,0.0,0.0,0.0,true,126,0
1773240657000,64.0768966666667,-21.9367166666667,5.0,0.0,0.0,true,127,0
1773240657000,64.0768966666667,-21.9367166666667,0.0,0.0,0.0,true,128,0
1773240657000,64.0768966666667,-21.9367166666667,0.0,0.0,0.0,true,129,0
1773240664000,64.0768966666667,-21.9367166666667,7.0,0.0,0.0,true,130,0
1773240664000,64.0768966666667,-21.9367166666667,0.0,0.0,0.0,true,131,0
1773240664000,64.0768966666667,-21.9367166666667,0.0,0.0,0.0,true,132,0
1773240667000,64.0768966666667,-21.9367166666667,3.0,0.0,0.0,true,133,0
1773240667000,64.0768966666667,-21.9367166666667,0.0,0.0,0.0,true,134,0
1773240667000,64.0768966666667,-21.9367166666667,0.0,0.0,0.0,true,135,0
1773240673000,64.0768966666667,-21.9367166666667,6.0,0.0,0.0,true,136,0
1773240673000,64.0768966666667,-21.9367166666667,0.0,0.0,0.0,true,137,0
1773240673000,64.0768966666667,-21.9367166666667,0.0,0.0,0.0,true,138,0
1773240678000,64.0768966666667,-21.9367166666667,5.0,0.0,0.0,true,139,0
1773240684000,64.0768966666667,-21.9367166666667,6.0,0.0,0.0,true,140,0
1773240684000,64.0768966666667,-21.9367166666667,0.0,0.0,0.0,true,141,0
1773240684000,64.0768966666667,-21.9367166666667,0.0,0.0,0.0,true,142,0
1773240684000,64.0768966666667,-21.9367166666667,0.0,0.0,0.0,true,143,0
1773240684000,64.0768966666667,-21.9367166666667,0.0,0.0,0.0,true,144,0
1773240684000,64.0768966666667,-21.9367166666667,0.0,0.0,0.0,true,145,0
1773240694000,64.0768966666667,-21.9367166666667,10.0,0.0,0.0,true,146,0
1773240694000,64.0768966666667,-21.9367166666667,0.0,0.0,0.0,true,147,0
1773240694000,64.0768966666667,-21.9367166666667,0.0,0.0,0.0,true,148,0
1773240694000,64.0768966666667,-21.9367166666667,0.0,0.0,0.0,true,149,0
1773240694000,64.0768966666667,-21.9367166666667,0.0,0.0,0.0,true,150,0
1773240703000,64.0768966666667,-21.9367166666667,9.0,0.0,0.0,true,151,0
1773240703000,64.0768966666667,-21.9367166666667,0.0,0.0,0.0,true,152,0
1773240706000,64.0768966666667,-21.9367166666667,3.0,0.0,0.0,true,153,0
1773240710000,64.07694,-21.9366166666667,4.0,6.8,6.2,false,153,314.0
1773240712000,64.07694,-21.9366166666667,2.0,0.0,0.0,true,1,0
1773240715000,64.0770133333333,-21.9363,3.0,17.4,20.9,false,1,5.0
1773240717000,64.0770133333333,-21.9363,2.0,0.0,0.0,true,1,0
1773240717000,64.0770133333333,-21.9363,0.0,0.0,0.0,true,2,0
1773240719000,64.0770133333333,-21.9363,2.0,0.0,0.0,true,3,0
1773240722000,64.0770433333333,-21.9359,3.0,19.7,23.7,false,3,7.0
1773240722000,64.0770433333333,-21.9359,0.0,0.0,0.0,true,1,0
1773240724000,64.077035,-21.9357833333333,2.0,5.7,10.3,false,1,2.0
1773240728000,64.077035,-21.9357833333333,4.0,0.0,0.0,true,1,0
1773240728000,64.077035,-21.9357833333333,0.0,0.0,0.0,true,2,0
1773240732000,64.0770016666667,-21.93545,4.0,16.6,15.0,false,2,8.0
1773240734000,64.0770016666667,-21.93545,2.0,0.0,0.0,true,1,0
1773240734000,64.0770016666667,-21.93545,0.0,0.0,0.0,true,2,0
1773240734000,64.0770016666667,-21.93545,0.0,0.0,0.0,true,3,0
1773240739000,64.0771216666667,-21.9353,5.0,15.2,10.9,false,3,7.0
1773240743000,64.0772183333333,-21.9356,4.0,18.1,16.3,false,0,4.0
1773240743000,64.0772183333333,-21.9356,0.0,0.0,0.0,true,1,0
1773240745000,64.0770933333333,-21.936,2.0,23.9,43.0,false,1,2.0
1773240748000,64.0770933333333,-21.936,3.0,0.0,0.0,true,1,0
1773240750000,64.0769916666667,-21.9365333333333,2.0,28.3,50.9,false,1,5.0
1773240750000,64.0769916666667,-21.9365333333333,0.0,0.0,0.0,true,1,0
1773240754000,64.0769916666667,-21.9365333333333,4.0,0.0,0.0,true,2,0
1773240754000,64.0769916666667,-21.9365333333333,0.0,0.0,0.0,true,3,0
1773240759000,64.0768783333333,-21.9370833333333,5.0,29.6,21.3,false,3,9.0
1773240759000,64.0768783333333,-21.9370833333333,0.0,0.0,0.0,true,1,0
1773240759000,64.0768783333333,-21.9370833333333,0.0,0.0,0.0,true,2,0
1773240764000,64.0766266666667,-21.93815,5.0,58.9,42.4,false,2,5.0
1773240766000,64.0766266666667,-21.93815,2.0,0.0,0.0,true,1,0
1773240770000,64.0764983333333,-21.9386333333333,4.0,27.5,24.7,false,1,6.0
1773240770000,64.0764983333333,-21.9386333333333,0.0,0.0,0.0,true,1,0
1773240772000,64.0764983333333,-21.9386333333333,2.0,0.0,0.0,true,2,0
1773240775000,64.0763683333333,-21.9391333333333,3.0,28.3,33.9,false,2,5.0
1773240775000,64.0763683333333,-21.9391333333333,0.0,0.0,0.0,true,1,0
1773240777000,64.0763683333333,-21.9391333333333,2.0,0.0,0.0,true,2,0
1773240777000,64.0763683333333,-21.9391333333333,0.0,0.0,0.0,true,3,0
1773240784000,64.0762016666667,-21.9398666666667,7.0,40.2,20.7,false,3,9.0
1773240784000,64.0762016666667,-21.9398666666667,0.0,0.0,0.0,true,1,0
1773240786000,64.0762016666667,-21.9398666666667,2.0,0.0,0.0,true,2,0
1773240786000,64.0762016666667,-21.9398666666667,0.0,0.0,0.0,true,3,0
1773240786000,64.0762016666667,-21.9398666666667,0.0,0.0,0.0,true,4,0
1773240790000,64.0762016666667,-21.9398833333333,4.0,0.8,0.7,false,4,6.0
1773240793000,64.0762033333333,-21.9399333333333,3.0,2.4,2.9,false,0,3.0
1773240796000,64.0762066666667,-21.9399666666667,3.0,1.7,2.0,false,0,3.0
1773240796000,64.0762066666667,-21.9399666666667,0.0,0.0,0.0,true,1,0
1773240801000,64.0762616666667,-21.9404833333333,5.0,25.8,18.6,false,1,5.0
1773240801000,64.0762616666667,-21.9404833333333,0.0,0.0,0.0,true,1,0
1773240805000,64.076075,-21.94095,4.0,30.7,27.7,false,1,4.0
1773240805000,64.076075,-21.94095,0.0,0.0,0.0,true,1,0
1773240808000,64.076075,-21.94095,3.0,0.0,0.0,true,2,0
1773240811000,64.075895,-21.94165,3.0,39.5,47.4,false,2,6.0
1773240811000,64.075895,-21.94165,0.0,0.0,0.0,true,1,0
1773240814000,64.075895,-21.94165,3.0,0.0,0.0,true,2,0
1773240814000,64.075895,-21.94165,0.0,0.0,0.0,true,3,0
1773240814000,64.075895,-21.94165,0.0,0.0,0.0,true,4,0
1773240820000,64.075855,-21.9419333333333,6.0,14.5,8.7,false,4,9.0
1773240823000,64.0757933333333,-21.9424,3.0,23.7,28.4,false,0,3.0
1773240823000,64.0757933333333,-21.9424,0.0,0.0,0.0,true,1,0
1773240825000,64.0757116666667,-21.9432,2.0,39.9,71.9,false,1,2.0
1773240829000,64.0756716666667,-21.9437,4.0,24.7,22.2,false,0,4.0
1773240829000,64.0756716666667,-21.9437,0.0,0.0,0.0,true,1,0
1773240831000,64.0756716666667,-21.9437,2.0,0.0,0.0,true,2,0
1773240834000,64.075615,-21.9445666666667,3.0,42.6,51.1,false,2,5.0
1773240834000,64.075615,-21.9445666666667,0.0,0.0,0.0,true,1,0
1773240840000,64.0755616666667,-21.9454166666667,6.0,41.7,25.0,false,1,6.0
1773240840000,64.0755616666667,-21.9454166666667,0.0,0.0,0.0,true,1,0
1773240840000,64.0755616666667,-21.9454166666667,0.0,0.0,0.0,true,2,0
1773240843000,64.0754966666667,-21.9463333333333,3.0,45.1,54.2,false,2,3.0
1773240843000,64.0754966666667,-21.9463333333333,0.0,0.0,0.0,true,1,0
1773240849000,64.0754283333333,-21.9472166666667,6.0,43.6,26.2,false,1,6.0
1773240851000,64.0754283333333,-21.9472166666667,2.0,0.0,0.0,true,1,0
1773240851000,64.0754283333333,-21.9472166666667,0.0,0.0,0.0,true,2,0
1773240855000,64.0753633333333,-21.9481833333333,4.0,47.5,42.8,false,2,6.0
1773240855000,64.0753633333333,-21.9481833333333,0.0,0.0,0.0,true,1,0
1773240855000,64.0753633333333,-21.9481833333333,0.0,0.0,0.0,true,2,0
1773240858000,64.0752983333333,-21.9492333333333,3.0,51.6,61.9,false,2,3.0
1773240858000,64.0752983333333,-21.9492333333333,0.0,0.0,0.0,true,1,0
1773240863000,64.0752983333333,-21.9492333333333,5.0,0.0,0.0,true,2,0
1773240866000,64.07526,-21.9502333333333,3.0,48.8,58.6,false,2,8.0
1773240866000,64.07526,-21.9502333333333,0.0,0.0,0.0,true,1,0
1773240870000,64.07529,-21.95095,4.0,35.0,31.5,false,1,4.0
1773240873000,64.0753216666667,-21.9511666666667,3.0,11.1,13.3,false,0,3.0
1773240873000,64.0753216666667,-21.9511666666667,0.0,0.0,0.0,true,1,0
1773240875000,64.0753216666667,-21.9511666666667,2.0,0.0,0.0,true,2,0
1773240875000,64.0753216666667,-21.9511666666667,0.0,0.0,0.0,true,3,0
1773240881000,64.0753366666667,-21.95125,6.0,4.4,2.6,false,3,8.0
1773240881000,64.0753366666667,-21.95125,0.0,0.0,0.0,true,1,0
1773240886000,64.0754233333333,-21.9515833333333,5.0,18.9,13.6,false,1,5.0
1773240886000,64.0754233333333,-21.9515833333333,0.0,0.0,0.0,true,1,0
1773240886000,64.0754233333333,-21.9515833333333,0.0,0.0,0.0,true,2,0
1773240892000,64.0757216666667,-21.9515833333333,6.0,33.2,19.9,false,2,6.0
1773240894000,64.0757216666667,-21.9515833333333,2.0,0.0,0.0,true,1,0
1773240894000,64.0757216666667,-21.9515833333333,0.0,0.0,0.0,true,2,0
1773240898000,64.0758633333333,-21.9513833333333,4.0,18.5,16.7,false,2,6.0
1773240900000,64.0758633333333,-21.9513833333333,2.0,0.0,0.0,true,1,0
1773240900000,64.0758633333333,-21.9513833333333,0.0,0.0,0.0,true,2,0
1773240900000,64.0758633333333,-21.9513833333333,0.0,0.0,0.0,true,3,0
1773240902000,64.0758633333333,-21.9513833333333,2.0,0.0,0.0,true,4,0
1773240905000,64.0758716666667,-21.9513833333333,3.0,0.9,1.1,false,4,7.0
1773240908000,64.0758716666667,-21.9513833333333,3.0,0.0,0.0,true,1,0
1773240908000,64.0758716666667,-21.9513833333333,0.0,0.0,0.0,true,2,0
1773240915000,64.0758716666667,-21.9513833333333,7.0,0.0,0.0,true,3,0
1773240915000,64.0758716666667,-21.9513833333333,0.0,0.0,0.0,true,4,0
1773240917000,64.0758716666667,-21.9513833333333,2.0,0.0,0.0,true,5,0
1773240917000,64.0758716666667,-21.9513833333333,0.0,0.0,0.0,true,6,0
1773240920000,64.0758716666667,-21.9513833333333,3.0,0.0,0.0,true,7,0
1773240920000,64.0758716666667,-21.9513833333333,0.0,0.0,0.0,true,8,0
1773240926000,64.0758716666667,-21.9513833333333,6.0,0.0,0.0,true,9,0
1773240928000,64.0758716666667,-21.9513833333333,2.0,0.0,0.0,true,10,0
1773240928000,64.0758716666667,-21.9513833333333,0.0,0.0,0.0,true,11,0
1773240930000,64.0758716666667,-21.9513833333333,2.0,0.0,0.0,true,12,0
1773240934000,64.0758716666667,-21.9513833333333,4.0,0.0,0.0,true,13,0
1773240934000,64.0758716666667,-21.9513833333333,0.0,0.0,0.0,true,14,0
1773240938000,64.0758716666667,-21.9513833333333,4.0,0.0,0.0,true,15,0
1773240938000,64.0758716666667,-21.9513833333333,0.0,0.0,0.0,true,16,0
1773240938000,64.0758716666667,-21.9513833333333,0.0,0.0,0.0,true,17,0
1773240941000,64.0758716666667,-21.9513833333333,3.0,0.0,0.0,true,18,0
1773240943000,64.0758783333333,-21.9513833333333,2.0,0.7,1.3,false,18,38.0
1773240949000,64.0759166666667,-21.9513833333333,6.0,4.3,2.6,false,0,6.0
1773240949000,64.0759166666667,-21.9513833333333,0.0,0.0,0.0,true,1,0
1773240949000,64.0759166666667,-21.9513833333333,0.0,0.0,0.0,true,2,0
1773240958000,64.07655,-21.9511,9.0,71.8,28.7,false,2,9.0
1773240958000,64.07655,-21.9511,0.0,0.0,0.0,true,1,0
1773240960000,64.07655,-21.9511,2.0,0.0,0.0,true,2,0
1773240963000,64.07696,-21.95085,3.0,47.2,56.6,false,2,5.0
1773240963000,64.07696,-21.95085,0.0,0.0,0.0,true,1,0
1773240963000,64.07696,-21.95085,0.0,0.0,0.0,true,2,0
1773240967000,64.0774033333333,-21.9505666666667,4.0,51.2,46.1,false,2,4.0
1773240967000,64.0774033333333,-21.9505666666667,0.0,0.0,0.0,true,1,0
1773240969000,64.0774033333333,-21.9505666666667,2.0,0.0,0.0,true,2,0
1773240975000,64.0778066666667,-21.9503166666667,6.0,46.5,27.9,false,2,8.0
1773240975000,64.0778066666667,-21.9503166666667,0.0,0.0,0.0,true,1,0
1773240978000,64.0781033333333,-21.9501833333333,3.0,33.6,40.3,false,1,3.0
1773240978000,64.0781033333333,-21.9501833333333,0.0,0.0,0.0,true,1,0
1773240984000,64.0781783333333,-21.9501333333333,6.0,8.7,5.2,false,1,6.0
1773240984000,64.0781783333333,-21.9501333333333,0.0,0.0,0.0,true,1,0
1773240987000,64.078195,-21.9501166666667,3.0,2.0,2.4,false,1,3.0
1773240987000,64.078195,-21.9501166666667,0.0,0.0,0.0,true,1,0
1773240990000,64.0782133333333,-21.9501,3.0,2.2,2.6,false,1,3.0
1773240990000,64.0782133333333,-21.9501,0.0,0.0,0.0,true,1,0
1773240993000,64.0782133333333,-21.9501,3.0,0.0,0.0,true,2,0
1773240995000,64.078215,-21.9501,2.0,0.2,0.3,true,3,0
1773240999000,64.078215,-21.9501,4.0,0.0,0.0,true,4,0
1773240999000,64.078215,-21.9501,0.0,0.0,0.0,true,5,0
1773241002000,64.078215,-21.9501,3.0,0.0,0.0,true,6,0
1773241004000,64.078215,-21.9501,2.0,0.0,0.0,true,7,0
1773241004000,64.078215,-21.9501,0.0,0.0,0.0,true,8,0
1773241010000,64.0782383333333,-21.9500833333333,6.0,2.7,1.6,false,8,20.0
1773241010000,64.0782383333333,-21.9500833333333,0.0,0.0,0.0,true,1,0
1773241013000,64.07841,-21.9500666666667,3.0,19.1,22.9,false,1,3.0
1773241015000,64.07841,-21.9500666666667,2.0,0.0,0.0,true,1,0
1773241015000,64.07841,-21.9500666666667,0.0,0.0,0.0,true,2,0
1773241017000,64.0785116666667,-21.9506333333333,2.0,29.8,53.6,false,2,4.0
1773241017000,64.0785116666667,-21.9506333333333,0.0,0.0,0.0,true,1,0
1773241019000,64.0785116666667,-21.9506333333333,2.0,0.0,0.0,true,2,0
1773241022000,64.0786166666667,-21.9515166666667,3.0,44.5,53.4,false,2,5.0
1773241022000,64.0786166666667,-21.9515166666667,0.0,0.0,0.0,true,1,0
1773241030000,64.078735,-21.9525833333333,8.0,53.5,24.1,false,1,8.0
1773241030000,64.078735,-21.9525833333333,0.0,0.0,0.0,true,1,0
1773241033000,64.07885,-21.9535833333333,3.0,50.3,60.3,false,1,3.0
1773241033000,64.07885,-21.9535833333333,0.0,0.0,0.0,true,1,0
1773241037000,64.078965,-21.9544833333333,4.0,45.6,41.0,false,1,4.0
1773241037000,64.078965,-21.9544833333333,0.0,0.0,0.0,true,1,0
1773241039000,64.078965,-21.9544833333333,2.0,0.0,0.0,true,2,0
1773241043000,64.079065,-21.9552833333333,4.0,40.4,36.4,false,2,6.0
1773241045000,64.079065,-21.9552833333333,2.0,0.0,0.0,true,1,0
1773241045000,64.079065,-21.9552833333333,0.0,0.0,0.0,true,2,0
1773241045000,64.079065,-21.9552833333333,0.0,0.0,0.0,true,3,0
1773241051000,64.0792316666667,-21.9561666666667,6.0,46.8,28.1,false,3,8.0
1773241053000,64.0792316666667,-21.9561666666667,2.0,0.0,0.0,true,1,0
1773241053000,64.0792316666667,-21.9561666666667,0.0,0.0,0.0,true,2,0
1773241053000,64.0792316666667,-21.9561666666667,0.0,0.0,0.0,true,3,0
1773241058000,64.0792483333333,-21.95675,5.0,28.4,20.5,false,3,7.0
1773241060000,64.0792483333333,-21.95675,2.0,0.0,0.0,true,1,0
1773241060000,64.0792483333333,-21.95675,0.0,0.0,0.0,true,2,0
1773241064000,64.0793483333333,-21.9574666666667,4.0,36.6,32.9,false,2,6.0
1773241064000,64.0793483333333,-21.9574666666667,0.0,0.0,0.0,true,1,0
1773241064000,64.0793483333333,-21.9574666666667,0.0,0.0,0.0,true,2,0
1773241071000,64.079535,-21.9583666666667,7.0,48.4,24.9,false,2,7.0
1773241071000,64.079535,-21.9583666666667,0.0,0.0,0.0,true,1,0
1773241073000,64.079535,-21.9583666666667,2.0,0.0,0.0,true,2,0
1773241077000,64.0795366666667,-21.9583833333333,4.0,0.8,0.7,false,2,6.0
1773241079000,64.0795366666667,-21.9583833333333,2.0,0.0,0.0,true,1,0
1773241079000,64.0795366666667,-21.9583833333333,0.0,0.0,0.0,true,2,0
1773241083000,64.0795333333333,-21.95845,4.0,3.3,2.9,false,2,6.0
1773241083000,64.0795333333333,-21.95845,0.0,0.0,0.0,true,1,0
1773241083000,64.0795333333333,-21.95845,0.0,0.0,0.0,true,2,0
1773241089000,64.0795366666667,-21.9589833333333,6.0,25.9,15.6,false,2,6.0
1773241089000,64.0795366666667,-21.9589833333333,0.0,0.0,0.0,true,1,0
1773241089000,64.0795366666667,-21.9589833333333,0.0,0.0,0.0,true,2,0
1773241094000,64.0796816666667,-21.9600333333333,5.0,53.5,38.5,false,2,5.0
1773241094000,64.0796816666667,-21.9600333333333,0.0,0.0,0.0,true,1,0
1773241100000,64.079725,-21.9611166666667,6.0,52.9,31.7,false,1,6.0
1773241100000,64.079725,-21.9611166666667,0.0,0.0,0.0,true,1,0
1773241100000,64.079725,-21.9611166666667,0.0,0.0,0.0,true,2,0
1773241103000,64.0796216666667,-21.9621,3.0,49.2,59.0,false,2,3.0
1773241106000,64.0795016666667,-21.9626166666667,3.0,28.4,34.1,false,0,3.0
1773241106000,64.0795016666667,-21.9626166666667,0.0,0.0,0.0,true,1,0
1773241109000,64.07936,-21.9629166666667,3.0,21.5,25.8,false,1,3.0
1773241112000,64.07936,-21.9629166666667,3.0,0.0,0.0,true,1,0
1773241112000,64.07936,-21.9629166666667,0.0,0.0,0.0,true,2,0
1773241118000,64.0793666666667,-21.9628833333333,6.0,1.8,1.1,false,2,9.0
1773241120000,64.0793666666667,-21.9628833333333,2.0,0.0,0.0,true,1,0
1773241120000,64.0793666666667,-21.9628833333333,0.0,0.0,0.0,true,2,0
1773241123000,64.0793666666667,-21.9628833333333,3.0,0.0,0.0,true,3,0
1773241123000,64.0793666666667,-21.9628833333333,0.0,0.0,0.0,true,4,0
1773241123000,64.0793666666667,-21.9628833333333,0.0,0.0,0.0,true,5,0
1773241127000,64.0793433333333,-21.9629333333333,4.0,3.6,3.2,false,5,9.0
1773241129000,64.0793433333333,-21.9629333333333,2.0,0.0,0.0,true,1,0
1773241129000,64.0793433333333,-21.9629333333333,0.0,0.0,0.0,true,2,0
1773241133000,64.0791316666667,-21.9632666666667,4.0,28.6,25.7,false,2,6.0
1773241135000,64.0791316666667,-21.9632666666667,2.0,0.0,0.0,true,1,0
1773241135000,64.0791316666667,-21.9632666666667,0.0,0.0,0.0,true,2,0
1773241141000,64.0784733333333,-21.9644666666667,6.0,93.6,56.2,false,2,8.0
1773241141000,64.0784733333333,-21.9644666666667,0.0,0.0,0.0,true,1,0
1773241145000,64.0784733333333,-21.9644666666667,4.0,0.0,0.0,true,2,0
1773241145000,64.0784733333333,-21.9644666666667,0.0,0.0,0.0,true,3,0
1773241145000,64.0784733333333,-21.9644666666667,0.0,0.0,0.0,true,4,0
1773241149000,64.0781366666667,-21.9650666666667,4.0,47.5,42.7,false,4,8.0
1773241152000,64.077835,-21.9656166666667,3.0,42.9,51.5,false,0,3.0
1773241152000,64.077835,-21.9656166666667,0.0,0.0,0.0,true,1,0
1773241156000,64.0776733333333,-21.96595,4.0,24.2,21.8,false,1,4.0
1773241158000,64.0776733333333,-21.96595,2.0,0.0,0.0,true,1,0
1773241160000,64.0776733333333,-21.96595,2.0,0.0,0.0,true,2,0
1773241164000,64.0775816666667,-21.9662166666667,4.0,16.5,14.8,false,2,8.0
1773241164000,64.0775816666667,-21.9662166666667,0.0,0.0,0.0,true,1,0
1773241166000,64.0774016666667,-21.9661166666667,2.0,20.6,37.1,false,1,2.0
1773241169000,64.0774016666667,-21.9661166666667,3.0,0.0,0.0,true,1,0
1773241169000,64.0774016666667,-21.9661166666667,0.0,0.0,0.0,true,2,0
1773241171000,64.0771866666667,-21.9662,2.0,24.2,43.6,false,2,5.0
1773241175000,64.07677,-21.9663166666667,4.0,46.7,42.0,false,0,4.0
1773241175000,64.07677,-21.9663166666667,0.0,0.0,0.0,true,1,0
1773241178000,64.07677,-21.9663166666667,3.0,0.0,0.0,true,2,0
1773241180000,64.0762566666667,-21.9663833333333,2.0,57.2,102.9,false,2,5.0
1773241180000,64.0762566666667,-21.9663833333333,0.0,0.0,0.0,true,1,0
1773241180000,64.0762566666667,-21.9663833333333,0.0,0.0,0.0,true,2,0
1773241189000,64.0757666666667,-21.9664333333333,9.0,54.5,21.8,false,2,9.0
1773241189000,64.0757666666667,-21.9664333333333,0.0,0.0,0.0,true,1,0
1773241191000,64.0751533333333,-21.9664833333333,2.0,68.2,122.8,false,1,2.0
1773241191000,64.0751533333333,-21.9664833333333,0.0,0.0,0.0,true,1,0
1773241191000,64.0751533333333,-21.9664833333333,0.0,0.0,0.0,true,2,0
1773241195000,64.0746566666667,-21.96655,4.0,55.3,49.8,false,2,4.0
1773241200000,64.0746566666667,-21.96655,5.0,0.0,0.0,true,1,0
1773241200000,64.0746566666667,-21.96655,0.0,0.0,0.0,true,2,0
1773241202000,64.0741666666667,-21.9666,2.0,54.5,98.2,false,2,7.0
1773241202000,64.0741666666667,-21.9666,0.0,0.0,0.0,true,1,0
1773241206000,64.07367,-21.9666833333333,4.0,55.4,49.8,false,1,4.0
1773241211000,64.07367,-21.9666833333333,5.0,0.0,0.0,true,1,0
1773241211000,64.07367,-21.9666833333333,0.0,0.0,0.0,true,2,0
1773241211000,64.07367,-21.9666833333333,0.0,0.0,0.0,true,3,0
1773241213000,64.0733083333333,-21.9667166666667,2.0,40.2,72.4,false,3,7.0
1773241216000,64.0733083333333,-21.9667166666667,3.0,0.0,0.0,true,1,0
1773241216000,64.0733083333333,-21.9667166666667,0.0,0.0,0.0,true,2,0
1773241221000,64.07309,-21.9667166666667,5.0,24.3,17.5,false,2,8.0
1773241221000,64.07309,-21.9667166666667,0.0,0.0,0.0,true,1,0
1773241221000,64.07309,-21.9667166666667,0.0,0.0,0.0,true,2,0
1773241226000,64.07248,-21.9665166666667,5.0,68.5,49.3,false,2,5.0
1773241230000,64.0721333333333,-21.9663333333333,4.0,39.6,35.6,false,0,4.0
1773241230000,64.0721333333333,-21.9663333333333,0.0,0.0,0.0,true,1,0
1773241234000,64.0721333333333,-21.9663333333333,4.0,0.0,0.0,true,2,0
1773241234000,64.0721333333333,-21.9663333333333,0.0,0.0,0.0,true,3,0
1773241237000,64.07186,-21.9663833333333,3.0,30.5,36.6,false,3,7.0
1773241237000,64.07186,-21.9663833333333,0.0,0.0,0.0,true,1,0
1773241237000,64.07186,-21.9663833333333,0.0,0.0,0.0,true,2,0
1773241243000,64.07173,-21.9666833333333,6.0,20.5,12.3,false,2,6.0
1773241243000,64.07173,-21.9666833333333,0.0,0.0,0.0,true,1,0
1773241243000,64.07173,-21.9666833333333,0.0,0.0,0.0,true,2,0
1773241249000,64.0715,-21.9664166666667,6.0,28.7,17.2,false,2,6.0
1773241249000,64.0715,-21.9664166666667,0.0,0.0,0.0,true,1,0
1773241249000,64.0715,-21.9664166666667,0.0,0.0,0.0,true,2,0
1773241252000,64.0711266666667,-21.9657666666667,3.0,52.2,62.6,false,2,3.0
1773241256000,64.0706933333333,-21.96555,4.0,49.3,44.4,false,0,4.0
1773241256000,64.0706933333333,-21.96555,0.0,0.0,0.0,true,1,0
1773241261000,64.0703166666667,-21.9652166666667,5.0,44.9,32.3,false,1,5.0
1773241266000,64.0700333333333,-21.9646166666667,5.0,42.9,30.9,false,0,5.0
1773241270000,64.0700333333333,-21.9646166666667,4.0,0.0,0.0,true,1,0
1773241270000,64.0700333333333,-21.9646166666667,0.0,0.0,0.0,true,2,0
1773241272000,64.0698333333333,-21.9640666666667,2.0,34.8,62.6,false,2,6.0
1773241275000,64.0698333333333,-21.9640666666667,3.0,0.0,0.0,true,1,0
1773241275000,64.0698333333333,-21.9640666666667,0.0,0.0,0.0,true,2,0
1773241279000,64.0698416666667,-21.9635833333333,4.0,23.5,21.2,false,2,7.0
1773241285000,64.0698433333333,-21.9624,6.0,57.5,34.5,false,0,6.0
1773241285000,64.0698433333333,-21.9624,0.0,0.0,0.0,true,1,0
1773241287000,64.0698433333333,-21.9624,2.0,0.0,0.0,true,2,0
1773241292000,64.0698333333333,-21.9615333333333,5.0,42.2,30.4,false,2,7.0
1773241292000,64.0698333333333,-21.9615333333333,0.0,0.0,0.0,true,1,0
1773241297000,64.0698216666667,-21.9608166666667,5.0,34.9,25.1,false,1,5.0
1773241297000,64.0698216666667,-21.9608166666667,0.0,0.0,0.0,true,1,0
1773241302000,64.06982,-21.9602666666667,5.0,26.7,19.3,false,1,5.0
1773241302000,64.06982,-21.9602666666667,0.0,0.0,0.0,true,1,0
1773241307000,64.06982,-21.9596,5.0,32.4,23.3,false,1,5.0
1773241307000,64.06982,-21.9596,0.0,0.0,0.0,true,1,0
1773241307000,64.06982,-21.9596,0.0,0.0,0.0,true,2,0
1773241307000,64.06982,-21.9596,0.0,0.0,0.0,true,3,0
1773241312000,64.06966,-21.9592,5.0,26.4,19.0,false,3,5.0
1773241319000,64.0689733333333,-21.95945,7.0,77.3,39.8,false,0,7.0
1773241319000,64.0689733333333,-21.95945,0.0,0.0,0.0,true,1,0
1773241322000,64.0689733333333,-21.95945,3.0,0.0,0.0,true,2,0
1773241324000,64.0686583333333,-21.9593333333333,2.0,35.5,63.9,false,2,5.0
1773241326000,64.0686583333333,-21.9593333333333,2.0,0.0,0.0,true,1,0
1773241326000,64.0686583333333,-21.9593333333333,0.0,0.0,0.0,true,2,0
1773241328000,64.0685416666667,-21.9592166666667,2.0,14.2,25.5,false,2,4.0
1773241333000,64.0685266666667,-21.9591833333333,5.0,2.3,1.7,false,0,5.0
1773241333000,64.0685266666667,-21.9591833333333,0.0,0.0,0.0,true,1,0
1773241333000,64.0685266666667,-21.9591833333333,0.0,0.0,0.0,true,2,0
1773241333000,64.0685266666667,-21.9591833333333,0.0,0.0,0.0,true,3,0
1773241339000,64.068485,-21.9591166666667,6.0,5.7,3.4,false,3,6.0
1773241346000,64.0682933333333,-21.9588333333333,7.0,25.4,13.1,false,0,7.0
1773241346000,64.0682933333333,-21.9588333333333,0.0,0.0,0.0,true,1,0
1773241348000,64.0681416666667,-21.9585833333333,2.0,20.8,37.4,false,1,2.0
1773241352000,64.067985,-21.95835,4.0,20.8,18.7,false,0,4.0
1773241352000,64.067985,-21.95835,0.0,0.0,0.0,true,1,0
1773241354000,64.067985,-21.95835,2.0,0.0,0.0,true,2,0
1773241357000,64.0677566666667,-21.9580166666667,3.0,30.1,36.1,false,2,5.0
1773241357000,64.0677566666667,-21.9580166666667,0.0,0.0,0.0,true,1,0
1773241359000,64.0677566666667,-21.9580166666667,2.0,0.0,0.0,true,2,0
1773241363000,64.0675133333333,-21.95765,4.0,32.4,29.2,false,2,6.0
1773241363000,64.0675133333333,-21.95765,0.0,0.0,0.0,true,1,0
1773241365000,64.0675133333333,-21.95765,2.0,0.0,0.0,true,2,0
1773241369000,64.067515,-21.9573333333333,4.0,15.4,13.9,false,2,6.0
1773241369000,64.067515,-21.9573333333333,0.0,0.0,0.0,true,1,0
1773241374000,64.0676266666667,-21.9573333333333,5.0,12.4,8.9,false,1,5.0
1773241376000,64.0676866666667,-21.9574166666667,2.0,7.8,14.1,false,0,2.0
1773241376000,64.0676866666667,-21.9574166666667,0.0,0.0,0.0,true,1,0
1773241380000,64.0676983333333,-21.9574333333333,4.0,1.5,1.4,false,1,4.0
1773241380000,64.0676983333333,-21.9574333333333,0.0,0.0,0.0,true,1,0
1773241385000,64.0677083333333,-21.95745,5.0,1.4,1.0,false,1,5.0
1773241385000,64.0677083333333,-21.95745,0.0,0.0,0.0,true,1,0
1773241385000,64.0677083333333,-21.95745,0.0,0.0,0.0,true,2,0
1773241387000,64.0677083333333,-21.95745,2.0,0.0,0.0,true,3,0
1773241389000,64.0677083333333,-21.95745,2.0,0.0,0.0,true,4,0
1773241389000,64.0677083333333,-21.95745,0.0,0.0,0.0,true,5,0
1773241395000,64.0677083333333,-21.95745,6.0,0.0,0.0,true,6,0
1773241395000,64.0677083333333,-21.95745,0.0,0.0,0.0,true,7,0
1773241398000,64.0677083333333,-21.95745,3.0,0.0,0.0,true,8,0
1773241400000,64.0677083333333,-21.95745,2.0,0.0,0.0,true,9,0
1773241404000,64.0677083333333,-21.95745,4.0,0.0,0.0,true,10,0
1773241404000,64.0677083333333,-21.95745,0.0,0.0,0.0,true,11,0
1773241406000,64.0677083333333,-21.95745,2.0,0.0,0.0,true,12,0
1773241406000,64.0677083333333,-21.95745,0.0,0.0,0.0,true,13,0
1773241408000,64.0677083333333,-21.95745,2.0,0.0,0.0,true,14,0
1773241411000,64.0677083333333,-21.95745,3.0,0.0,0.0,true,15,0
1773241415000,64.0677083333333,-21.95745,4.0,0.0,0.0,true,16,0
1773241415000,64.0677083333333,-21.95745,0.0,0.0,0.0,true,17,0
1773241421000,64.0677083333333,-21.95745,6.0,0.0,0.0,true,18,0
1773241421000,64.0677083333333,-21.95745,0.0,0.0,0.0,true,19,0
1773241423000,64.0677083333333,-21.95745,2.0,0.0,0.0,true,20,0
1773241425000,64.0677083333333,-21.95745,2.0,0.0,0.0,true,21,0
1773241425000,64.0677083333333,-21.95745,0.0,0.0,0.0,true,22,0
1773241428000,64.0677083333333,-21.95745,3.0,0.0,0.0,true,23,0
1773241432000,64.067745,-21.9575,4.0,4.7,4.3,false,23,47.0
1773241432000,64.067745,-21.9575,0.0,0.0,0.0,true,1,0
1773241435000,64.067745,-21.9575,3.0,0.0,0.0,true,2,0
1773241435000,64.067745,-21.9575,0.0,0.0,0.0,true,3,0
1773241440000,64.06787,-21.95775,5.0,18.5,13.3,false,3,8.0
1773241442000,64.06785,-21.9578666666667,2.0,6.1,11.0,false,0,2.0
1773241445000,64.06785,-21.9578666666667,3.0,0.0,0.0,true,1,0
1773241447000,64.0678433333333,-21.9578833333333,2.0,1.1,2.0,false,1,5.0
1773241447000,64.0678433333333,-21.9578833333333,0.0,0.0,0.0,true,1,0
1773241451000,64.0678433333333,-21.9578833333333,4.0,0.0,0.0,true,2,0
1773241453000,64.0678433333333,-21.9578833333333,2.0,0.0,0.0,true,3,0
1773241453000,64.0678433333333,-21.9578833333333,0.0,0.0,0.0,true,4,0
1773241457000,64.06782,-21.9579333333333,4.0,3.6,3.2,false,4,10.0
1773241459000,64.06782,-21.9579333333333,2.0,0.0,0.0,true,1,0
1773241459000,64.06782,-21.9579333333333,0.0,0.0,0.0,true,2,0
1773241462000,64.06768,-21.9578833333333,3.0,15.8,18.9,false,2,5.0
1773241465000,64.06768,-21.9578833333333,3.0,0.0,0.0,true,1,0
1773241465000,64.06768,-21.9578833333333,0.0,0.0,0.0,true,2,0
1773241470000,64.0674433333333,-21.9575166666667,5.0,31.8,22.9,false,2,8.0
1773241472000,64.067065,-21.95695,2.0,50.3,90.5,false,0,2.0
1773241472000,64.067065,-21.95695,0.0,0.0,0.0,true,1,0
1773241474000,64.067065,-21.95695,2.0,0.0,0.0,true,2,0
1773241474000,64.067065,-21.95695,0.0,0.0,0.0,true,3,0
1773241480000,64.0668433333333,-21.9566166666667,6.0,29.5,17.7,false,3,8.0
1773241480000,64.0668433333333,-21.9566166666667,0.0,0.0,0.0,true,1,0
1773241480000,64.0668433333333,-21.9566166666667,0.0,0.0,0.0,true,2,0
1773241486000,64.06664,-21.9564666666667,6.0,23.8,14.3,false,2,6.0
1773241486000,64.06664,-21.9564666666667,0.0,0.0,0.0,true,1,0
1773241486000,64.06664,-21.9564666666667,0.0,0.0,0.0,true,2,0
1773241492000,64.0664683333333,-21.9564833333333,6.0,19.1,11.5,false,2,6.0
1773241492000,64.0664683333333,-21.9564833333333,0.0,0.0,0.0,true,1,0
1773241492000,64.0664683333333,-21.9564833333333,0.0,0.0,0.0,true,2,0
1773241498000,64.0664316666667,-21.9560666666667,6.0,20.7,12.4,false,2,6.0
1773241498000,64.0664316666667,-21.9560666666667,0.0,0.0,0.0,true,1,0
1773241501000,64.0666433333333,-21.9557333333333,3.0,28.6,34.3,false,1,3.0
1773241503000,64.0666433333333,-21.9557333333333,2.0,0.0,0.0,true,1,0
1773241505000,64.0666433333333,-21.9557333333333,2.0,0.0,0.0,true,2,0
1773241505000,64.0666433333333,-21.9557333333333,0.0,0.0,0.0,true,3,0
1773241509000,64.0667983333333,-21.9551333333333,4.0,33.9,30.5,false,3,8.0
1773241509000,64.0667983333333,-21.9551333333333,0.0,0.0,0.0,true,1,0
1773241511000,64.0668266666667,-21.95435,2.0,38.2,68.8,false,1,2.0
1773241514000,64.0668266666667,-21.95435,3.0,0.0,0.0,true,1,0
1773241518000,64.0667716666667,-21.9536166666667,4.0,36.2,32.6,false,1,7.0
1773241518000,64.0667716666667,-21.9536166666667,0.0,0.0,0.0,true,1,0
1773241524000,64.0667366666667,-21.9530833333333,6.0,26.2,15.7,false,1,6.0
1773241524000,64.0667366666667,-21.9530833333333,0.0,0.0,0.0,true,1,0
1773241524000,64.0667366666667,-21.9530833333333,0.0,0.0,0.0,true,2,0
1773241526000,64.06673,-21.95285,2.0,11.4,20.5,false,2,2.0
1773241529000,64.06673,-21.95285,3.0,0.0,0.0,true,1,0
1773241531000,64.06673,-21.9528166666667,2.0,1.6,2.9,false,1,5.0
1773241535000,64.06673,-21.9527833333333,4.0,1.6,1.5,false,0,4.0
1773241535000,64.06673,-21.9527833333333,0.0,0.0,0.0,true,1,0
1773241535000,64.06673,-21.9527833333333,0.0,0.0,0.0,true,2,0
1773241539000,64.0667416666667,-21.9522333333333,4.0,26.8,24.1,false,2,4.0
1773241539000,64.0667416666667,-21.9522333333333,0.0,0.0,0.0,true,1,0
1773241541000,64.0667416666667,-21.9522333333333,2.0,0.0,0.0,true,2,0
1773241546000,64.0668233333333,-21.9516,5.0,32.1,23.1,false,2,7.0
1773241546000,64.0668233333333,-21.9516,0.0,0.0,0.0,true,1,0
1773241548000,64.066915,-21.9509833333333,2.0,31.7,57.0,false,1,2.0
1773241552000,64.06699,-21.95045,4.0,27.2,24.5,false,0,4.0
1773241552000,64.06699,-21.95045,0.0,0.0,0.0,true,1,0
1773241556000,64.06699,-21.95045,4.0,0.0,0.0,true,2,0
1773241559000,64.0670733333333,-21.9498166666667,3.0,32.2,38.6,false,2,7.0
1773241559000,64.0670733333333,-21.9498166666667,0.0,0.0,0.0,true,1,0
1773241563000,64.0672016666667,-21.94885,4.0,49.1,44.2,false,1,4.0
1773241567000,64.0672016666667,-21.94885,4.0,0.0,0.0,true,1,0
1773241567000,64.0672016666667,-21.94885,0.0,0.0,0.0,true,2,0
1773241569000,64.0673033333333,-21.9480666666667,2.0,39.7,71.5,false,2,6.0
1773241571000,64.0673033333333,-21.9480666666667,2.0,0.0,0.0,true,1,0
1773241574000,64.0673166666667,-21.9476,3.0,22.7,27.3,false,1,5.0
1773241574000,64.0673166666667,-21.9476,0.0,0.0,0.0,true,1,0
1773241578000,64.0673166666667,-21.9475833333333,4.0,0.8,0.7,false,1,4.0
1773241580000,64.0673166666667,-21.9475833333333,2.0,0.0,0.0,true,1,0
1773241584000,64.0673166666667,-21.9475833333333,4.0,0.0,0.0,true,2,0
1773241584000,64.0673166666667,-21.9475833333333,0.0,0.0,0.0,true,3,0
1773241588000,64.0673166666667,-21.9475833333333,4.0,0.0,0.0,true,4,0
1773241588000,64.0673166666667,-21.9475833333333,0.0,0.0,0.0,true,5,0
1773241592000,64.0673166666667,-21.9475333333333,4.0,2.4,2.2,false,5,14.0
1773241594000,64.0673166666667,-21.9475333333333,2.0,0.0,0.0,true,1,0
1773241594000,64.0673166666667,-21.9475333333333,0.0,0.0,0.0,true,2,0
1773241596000,64.0672783333333,-21.9468833333333,2.0,31.9,57.4,false,2,4.0
1773241599000,64.0672783333333,-21.9468833333333,3.0,0.0,0.0,true,1,0
1773241601000,64.067195,-21.9458333333333,2.0,51.9,93.4,false,1,5.0
1773241601000,64.067195,-21.9458333333333,0.0,0.0,0.0,true,1,0
1773241604000,64.067195,-21.9458333333333,3.0,0.0,0.0,true,2,0
1773241606000,64.0671233333333,-21.94485,2.0,48.5,87.3,false,2,5.0
1773241606000,64.0671233333333,-21.94485,0.0,0.0,0.0,true,1,0
1773241610000,64.0670616666667,-21.9439333333333,4.0,45.1,40.6,false,1,4.0
1773241614000,64.0670616666667,-21.9439333333333,4.0,0.0,0.0,true,1,0
1773241614000,64.0670616666667,-21.9439333333333,0.0,0.0,0.0,true,2,0
1773241616000,64.0669483333333,-21.9433,2.0,33.3,59.9,false,2,6.0
1773241619000,64.0669483333333,-21.9433,3.0,0.0,0.0,true,1,0
1773241619000,64.0669483333333,-21.9433,0.0,0.0,0.0,true,2,0
1773241624000,64.0668116666667,-21.9429166666667,5.0,24.1,17.3,false,2,8.0
1773241624000,64.0668116666667,-21.9429166666667,0.0,0.0,0.0,true,1,0
1773241628000,64.0668616666667,-21.9422166666667,4.0,34.5,31.0,false,1,4.0
1773241630000,64.0668616666667,-21.9422166666667,2.0,0.0,0.0,true,1,0
1773241630000,64.0668616666667,-21.9422166666667,0.0,0.0,0.0,true,2,0
1773241632000,64.0668616666667,-21.9422166666667,2.0,0.0,0.0,true,3,0
1773241635000,64.0668633333333,-21.9422166666667,3.0,0.2,0.2,true,4,0
1773241635000,64.0668633333333,-21.9422166666667,0.0,0.0,0.0,true,5,0
1773241637000,64.0668633333333,-21.9422166666667,2.0,0.0,0.0,true,6,0
1773241641000,64.0668683333333,-21.94215,4.0,3.3,3.0,false,6,13.0
1773241641000,64.0668683333333,-21.94215,0.0,0.0,0.0,true,1,0
1773241645000,64.06687,-21.9417,4.0,21.9,19.7,false,1,4.0
1773241647000,64.06687,-21.9417,2.0,0.0,0.0,true,1,0
1773241647000,64.06687,-21.9417,0.0,0.0,0.0,true,2,0
1773241652000,64.066855,-21.9415,5.0,9.9,7.1,false,2,7.0
1773241652000,64.066855,-21.9415,0.0,0.0,0.0,true,1,0
1773241654000,64.0668533333333,-21.9414833333333,2.0,0.8,1.5,false,1,2.0
1773241658000,64.0668533333333,-21.9414833333333,4.0,0.0,0.0,true,1,0
1773241660000,64.0668533333333,-21.9414833333333,2.0,0.0,0.0,true,2,0
1773241660000,64.0668533333333,-21.9414833333333,0.0,0.0,0.0,true,3,0
1773241664000,64.0668483333333,-21.9414,4.0,4.1,3.7,false,3,10.0
1773241666000,64.0668483333333,-21.9414,2.0,0.0,0.0,true,1,0
1773241668000,64.0668483333333,-21.9414,2.0,0.0,0.0,true,2,0
1773241668000,64.0668483333333,-21.9414,0.0,0.0,0.0,true,3,0
1773241670000,64.0668283333333,-21.9407833333333,2.0,30.1,54.1,false,3,6.0
1773241670000,64.0668283333333,-21.9407833333333,0.0,0.0,0.0,true,1,0
1773241678000,64.0668866666667,-21.9398833333333,8.0,44.2,19.9,false,1,8.0
1773241678000,64.0668866666667,-21.9398833333333,0.0,0.0,0.0,true,1,0
1773241678000,64.0668866666667,-21.9398833333333,0.0,0.0,0.0,true,2,0
1773241678000,64.0668866666667,-21.9398833333333,0.0,0.0,0.0,true,3,0
1773241682000,64.0669733333333,-21.9391166666667,4.0,38.5,34.7,false,3,4.0
1773241684000,64.0670383333333,-21.9384,2.0,35.6,64.1,false,0,2.0
1773241687000,64.0670383333333,-21.9384,3.0,0.0,0.0,true,1,0
1773241687000,64.0670383333333,-21.9384,0.0,0.0,0.0,true,2,0
1773241691000,64.0670183333333,-21.9381,4.0,14.8,13.3,false,2,7.0
1773241693000,64.0669366666667,-21.9379666666667,2.0,11.2,20.1,false,0,2.0
1773241693000,64.0669366666667,-21.9379666666667,0.0,0.0,0.0,true,1,0
1773241697000,64.0669366666667,-21.9379666666667,4.0,0.0,0.0,true,2,0
1773241699000,64.0668583333333,-21.9375666666667,2.0,21.3,38.4,false,2,6.0
1773241703000,64.0668583333333,-21.9375666666667,4.0,0.0,0.0,true,1,0
1773241703000,64.0668583333333,-21.9375666666667,0.0,0.0,0.0,true,2,0
1773241705000,64.06698,-21.9370333333333,2.0,29.3,52.7,false,2,6.0
1773241705000,64.06698,-21.9370333333333,0.0,0.0,0.0,true,1,0
1773241709000,64.067055,-21.9363,4.0,36.6,33.0,false,1,4.0
1773241709000,64.067055,-21.9363,0.0,0.0,0.0,true,1,0
1773241713000,64.067055,-21.9363,4.0,0.0,0.0,true,2,0
1773241717000,64.0669466666667,-21.9355,4.0,40.7,36.7,false,2,8.0
1773241717000,64.0669466666667,-21.9355,0.0,0.0,0.0,true,1,0
1773241719000,64.0669183333333,-21.93545,2.0,4.0,7.2,false,1,2.0
1773241723000,64.0669183333333,-21.93545,4.0,0.0,0.0,true,1,0
1773241723000,64.0669183333333,-21.93545,0.0,0.0,0.0,true,2,0
1773241727000,64.0667366666667,-21.9354833333333,4.0,20.3,18.2,false,2,8.0
1773241729000,64.0666116666667,-21.93565,2.0,16.1,29.0,false,0,2.0
1773241733000,64.0664966666667,-21.93575,4.0,13.7,12.3,false,0,4.0
1773241733000,64.0664966666667,-21.93575,0.0,0.0,0.0,true,1,0
1773241733000,64.0664966666667,-21.93575,0.0,0.0,0.0,true,2,0
1773241738000,64.06649,-21.9357666666667,5.0,1.1,0.8,false,2,5.0
1773241738000,64.06649,-21.9357666666667,0.0,0.0,0.0,true,1,0
1773241738000,64.06649,-21.9357666666667,0.0,0.0,0.0,true,2,0
1773241744000,64.066455,-21.9357666666667,6.0,3.9,2.3,false,2,6.0
1773241744000,64.066455,-21.9357666666667,0.0,0.0,0.0,true,1,0
1773241747000,64.066455,-21.9357666666667,3.0,0.0,0.0,true,2,0
1773241747000,64.066455,-21.9357666666667,0.0,0.0,0.0,true,3,0
1773241751000,64.06621,-21.9357833333333,4.0,27.3,24.5,false,3,7.0
1773241753000,64.06621,-21.9357833333333,2.0,0.0,0.0,true,1,0
1773241753000,64.06621,-21.9357833333333,0.0,0.0,0.0,true,2,0
1773241757000,64.0658266666667,-21.9353833333333,4.0,46.9,42.2,false,2,6.0
1773241759000,64.0654033333333,-21.9346333333333,2.0,59.5,107.2,false,0,2.0
1773241762000,64.0654033333333,-21.9346333333333,3.0,0.0,0.0,true,1,0
1773241762000,64.0654033333333,-21.9346333333333,0.0,0.0,0.0,true,2,0
1773241768000,64.06502,-21.9339833333333,6.0,53.1,31.8,false,2,9.0
1773241768000,64.06502,-21.9339833333333,0.0,0.0,0.0,true,1,0
1773241768000,64.06502,-21.9339833333333,0.0,0.0,0.0,true,2,0
1773241772000,64.064605,-21.9336833333333,4.0,48.4,43.6,false,2,4.0
1773241772000,64.064605,-21.9336833333333,0.0,0.0,0.0,true,1,0
1773241774000,64.0641916666667,-21.9340333333333,2.0,49.0,88.2,false,1,2.0
1773241779000,64.063875,-21.93475,5.0,49.5,35.7,false,0,5.0
1773241779000,64.063875,-21.93475,0.0,0.0,0.0,true,1,0
1773241779000,64.063875,-21.93475,0.0,0.0,0.0,true,2,0
1773241782000,64.063875,-21.93475,3.0,0.0,0.0,true,3,0
1773241782000,64.063875,-21.93475,0.0,0.0,0.0,true,4,0
1773241786000,64.0636666666667,-21.9351166666667,4.0,29.2,26.3,false,4,7.0
1773241786000,64.0636666666667,-21.9351166666667,0.0,0.0,0.0,true,1,0
1773241788000,64.0636666666667,-21.9351166666667,2.0,0.0,0.0,true,2,0
1773241792000,64.0634466666667,-21.9352833333333,4.0,25.8,23.2,false,2,6.0
1773241794000,64.063255,-21.9353833333333,2.0,21.9,39.3,false,0,2.0
1773241796000,64.063255,-21.9353833333333,2.0,0.0,0.0,true,1,0
1773241800000,64.063105,-21.9356166666667,4.0,20.2,18.2,false,1,6.0
1773241800000,64.063105,-21.9356166666667,0.0,0.0,0.0,true,1,0
1773241800000,64.063105,-21.9356166666667,0.0,0.0,0.0,true,2,0
1773241806000,64.062975,-21.93535,6.0,19.4,11.7,false,2,6.0
1773241808000,64.062975,-21.93535,2.0,0.0,0.0,true,1,0
1773241808000,64.062975,-21.93535,0.0,0.0,0.0,true,2,0
1773241810000,64.0628416666667,-21.9349,2.0,26.4,47.6,false,2,4.0
1773241810000,64.0628416666667,-21.9349,0.0,0.0,0.0,true,1,0
1773241815000,64.0624766666667,-21.9343166666667,5.0,49.5,35.7,false,1,5.0
1773241815000,64.0624766666667,-21.9343166666667,0.0,0.0,0.0,true,1,0
1773241815000,64.0624766666667,-21.9343166666667,0.0,0.0,0.0,true,2,0
1773241820000,64.0620633333333,-21.9341,5.0,47.2,34.0,false,2,5.0
1773241824000,64.0620633333333,-21.9341,4.0,0.0,0.0,true,1,0
1773241824000,64.0620633333333,-21.9341,0.0,0.0,0.0,true,2,0
1773241827000,64.0617033333333,-21.9339333333333,3.0,40.8,49.0,false,2,7.0
1773241827000,64.0617033333333,-21.9339333333333,0.0,0.0,0.0,true,1,0
1773241831000,64.0614766666667,-21.9338333333333,4.0,25.7,23.1,false,1,4.0
1773241833000,64.0614766666667,-21.9338333333333,2.0,0.0,0.0,true,1,0
1773241835000,64.061135,-21.9336833333333,2.0,38.7,69.6,false,1,4.0
1773241838000,64.061135,-21.9336833333333,3.0,0.0,0.0,true,1,0
1773241838000,64.061135,-21.9336833333333,0.0,0.0,0.0,true,2,0
1773241842000,64.0608633333333,-21.9335666666667,4.0,30.7,27.7,false,2,7.0
1773241842000,64.0608633333333,-21.9335666666667,0.0,0.0,0.0,true,1,0
1773241844000,64.0608633333333,-21.9335666666667,2.0,0.0,0.0,true,2,0
1773241848000,64.060695,-21.9334333333333,4.0,19.8,17.8,false,2,6.0
1773241848000,64.060695,-21.9334333333333,0.0,0.0,0.0,true,1,0
1773241848000,64.060695,-21.9334333333333,0.0,0.0,0.0,true,2,0
1773241851000,64.0603316666667,-21.9327833333333,3.0,51.3,61.6,false,2,3.0
1773241855000,64.0603316666667,-21.9327833333333,4.0,0.0,0.0,true,1,0
1773241857000,64.0601783333333,-21.93235,2.0,27.1,48.8,false,1,6.0
1773241857000,64.0601783333333,-21.93235,0.0,0.0,0.0,true,1,0
1773241863000,64.060055,-21.9317166666667,6.0,33.7,20.2,false,1,6.0
1773241863000,64.060055,-21.9317166666667,0.0,0.0,0.0,true,1,0
1773241865000,64.060055,-21.9317166666667,2.0,0.0,0.0,true,2,0
1773241865000,64.060055,-21.9317166666667,0.0,0.0,0.0,true,3,0
1773241867000,64.0599116666667,-21.9306666666667,2.0,53.5,96.3,false,3,4.0
1773241867000,64.0599116666667,-21.9306666666667,0.0,0.0,0.0,true,1,0
1773241873000,64.059695,-21.9296333333333,6.0,55.7,33.4,false,1,6.0
1773241873000,64.059695,-21.9296333333333,0.0,0.0,0.0,true,1,0
1773241876000,64.059695,-21.9296333333333,3.0,0.0,0.0,true,2,0
1773241876000,64.059695,-21.9296333333333,0.0,0.0,0.0,true,3,0
1773241880000,64.0595366666667,-21.9292333333333,4.0,26.2,23.6,false,3,7.0
1773241882000,64.05949,-21.9291833333333,2.0,5.7,10.3,false,0,2.0
1773241885000,64.05944,-21.9292166666667,3.0,5.8,6.9,false,0,3.0
1773241887000,64.05944,-21.9292166666667,2.0,0.0,0.0,true,1,0
1773241887000,64.05944,-21.9292166666667,0.0,0.0,0.0,true,2,0
1773241891000,64.0592616666667,-21.9295333333333,4.0,25.1,22.6,false,2,6.0
1773241893000,64.0592616666667,-21.9295333333333,2.0,0.0,0.0,true,1,0
1773241895000,64.058955,-21.9300666666667,2.0,42.8,77.1,false,1,4.0
1773241895000,64.058955,-21.9300666666667,0.0,0.0,0.0,true,1,0
1773241899000,64.058955,-21.9300666666667,4.0,0.0,0.0,true,2,0
1773241901000,64.0587183333333,-21.9305166666667,2.0,34.2,61.6,false,2,6.0
1773241905000,64.0585983333333,-21.93075,4.0,17.5,15.8,false,0,4.0
1773241905000,64.0585983333333,-21.93075,0.0,0.0,0.0,true,1,0
1773241907000,64.0585983333333,-21.93075,2.0,0.0,0.0,true,2,0
1773241907000,64.0585983333333,-21.93075,0.0,0.0,0.0,true,3,0
1773241910000,64.058325,-21.9313,3.0,40.5,48.6,false,3,5.0
1773241913000,64.058325,-21.9313,3.0,0.0,0.0,true,1,0
1773241916000,64.0580566666667,-21.93185,3.0,40.1,48.1,false,1,6.0
1773241918000,64.0580566666667,-21.93185,2.0,0.0,0.0,true,1,0
1773241918000,64.0580566666667,-21.93185,0.0,0.0,0.0,true,2,0
1773241921000,64.0579133333333,-21.9321,3.0,20.0,24.1,false,2,5.0
1773241921000,64.0579133333333,-21.9321,0.0,0.0,0.0,true,1,0
1773241925000,64.0576633333333,-21.9321,4.0,27.8,25.0,false,1,4.0
1773241931000,64.0572866666667,-21.93145,6.0,52.5,31.5,false,0,6.0
1773241935000,64.0569366666667,-21.9309833333333,4.0,45.1,40.5,false,0,4.0
1773241935000,64.0569366666667,-21.9309833333333,0.0,0.0,0.0,true,1,0
1773241941000,64.056765,-21.93125,6.0,23.1,13.8,false,1,6.0
1773241943000,64.056765,-21.93125,2.0,0.0,0.0,true,1,0
1773241943000,64.056765,-21.93125,0.0,0.0,0.0,true,2,0
1773241946000,64.056795,-21.9317833333333,3.0,26.2,31.4,false,2,5.0
1773241948000,64.0568116666667,-21.9318333333333,2.0,3.1,5.5,false,0,2.0
1773241948000,64.0568116666667,-21.9318333333333,0.0,0.0,0.0,true,1,0
1773241950000,64.0568116666667,-21.9318333333333,2.0,0.0,0.0,true,2,0
1773241955000,64.0568133333333,-21.9318333333333,5.0,0.2,0.1,true,3,0
1773241955000,64.0568133333333,-21.9318333333333,0.0,0.0,0.0,true,4,0
1773241958000,64.0568133333333,-21.9318333333333,3.0,0.0,0.0,true,5,0
1773241960000,64.0568133333333,-21.9318333333333,2.0,0.0,0.0,true,6,0
1773241960000,64.0568133333333,-21.9318333333333,0.0,0.0,0.0,true,7,0
1773241964000,64.0568133333333,-21.9318333333333,4.0,0.0,0.0,true,8,0
1773241964000,64.0568133333333,-21.9318333333333,0.0,0.0,0.0,true,9,0
1773241968000,64.0568316666667,-21.9318833333333,4.0,3.2,2.9,false,9,20.0
1773241968000,64.0568316666667,-21.9318833333333,0.0,0.0,0.0,true,1,0
1773241968000,64.0568316666667,-21.9318833333333,0.0,0.0,0.0,true,2,0
1773241974000,64.0570666666667,-21.9323166666667,6.0,33.6,20.1,false,2,6.0
1773241974000,64.0570666666667,-21.9323166666667,0.0,0.0,0.0,true,1,0
1773241974000,64.0570666666667,-21.9323166666667,0.0,0.0,0.0,true,2,0
1773241977000,64.0575016666667,-21.9330333333333,3.0,59.6,71.5,false,2,3.0
1773241981000,64.0575016666667,-21.9330333333333,4.0,0.0,0.0,true,1,0
1773241981000,64.0575016666667,-21.9330333333333,0.0,0.0,0.0,true,2,0
1773241987000,64.0583283333333,-21.9347666666667,6.0,124.7,74.8,false,2,10.0
1773241987000,64.0583283333333,-21.9347666666667,0.0,0.0,0.0,true,1,0
1773241987000,64.0583283333333,-21.9347666666667,0.0,0.0,0.0,true,2,0
1773241992000,64.05866,-21.9355833333333,5.0,54.2,39.0,false,2,5.0
1773241992000,64.05866,-21.9355833333333,0.0,0.0,0.0,true,1,0
1773241994000,64.05866,-21.9355833333333,2.0,0.0,0.0,true,2,0
1773241999000,64.05891,-21.9363833333333,5.0,47.8,34.4,false,2,7.0
1773241999000,64.05891,-21.9363833333333,0.0,0.0,0.0,true,1,0
1773241999000,64.05891,-21.9363833333333,0.0,0.0,0.0,true,2,0
1773242002000,64.0591133333333,-21.9373,3.0,50.0,60.0,false,2,3.0
1773242006000,64.0591133333333,-21.9373,4.0,0.0,0.0,true,1,0
1773242009000,64.0592133333333,-21.9377333333333,3.0,23.8,28.6,false,1,7.0
1773242009000,64.0592133333333,-21.9377333333333,0.0,0.0,0.0,true,1,0
1773242009000,64.0592133333333,-21.9377333333333,0.0,0.0,0.0,true,2,0
1773242015000,64.059215,-21.9377333333333,6.0,0.2,0.1,true,3,0
1773242015000,64.059215,-21.9377333333333,0.0,0.0,0.0,true,4,0
1773242018000,64.059215,-21.9377333333333,3.0,0.0,0.0,true,5,0
1773242022000,64.059215,-21.9377333333333,4.0,0.0,0.0,true,6,0
1773242024000,64.059215,-21.9377333333333,2.0,0.0,0.0,true,7,0
1773242026000,64.05922,-21.9378,2.0,3.3,5.9,false,7,17.0
1773242026000,64.05922,-21.9378,0.0,0.0,0.0,true,1,0
1773242028000,64.05922,-21.9378,2.0,0.0,0.0,true,2,0
1773242032000,64.0592383333333,-21.9382333333333,4.0,21.2,19.1,false,2,6.0
1773242032000,64.0592383333333,-21.9382333333333,0.0,0.0,0.0,true,1,0
1773242034000,64.0592383333333,-21.9382333333333,2.0,0.0,0.0,true,2,0
1773242037000,64.0593383333333,-21.9385,3.0,17.1,20.5,false,2,5.0
1773242037000,64.0593383333333,-21.9385,0.0,0.0,0.0,true,1,0
1773242041000,64.0594866666667,-21.93885,4.0,23.7,21.3,false,1,4.0
1773242041000,64.0594866666667,-21.93885,0.0,0.0,0.0,true,1,0
1773242046000,64.0593633333333,-21.9392333333333,5.0,23.1,16.7,false,1,5.0
1773242048000,64.0593633333333,-21.9392333333333,2.0,0.0,0.0,true,1,0
1773242048000,64.0593633333333,-21.9392333333333,0.0,0.0,0.0,true,2,0
1773242052000,64.0591083333333,-21.9391,4.0,29.1,26.2,false,2,6.0
1773242052000,64.0591083333333,-21.9391,0.0,0.0,0.0,true,1,0
1773242052000,64.0591083333333,-21.9391,0.0,0.0,0.0,true,2,0
1773242056000,64.0588616666667,-21.9395333333333,4.0,34.6,31.1,false,2,4.0
1773242059000,64.0588616666667,-21.9395333333333,3.0,0.0,0.0,true,1,0
1773242059000,64.0588616666667,-21.9395333333333,0.0,0.0,0.0,true,2,0
1773242063000,64.05887,-21.9405833333333,4.0,51.1,46.0,false,2,7.0
1773242067000,64.0589,-21.9417833333333,4.0,58.5,52.6,false,0,4.0
1773242067000,64.0589,-21.9417833333333,0.0,0.0,0.0,true,1,0
1773242071000,64.0588216666667,-21.9430166666667,4.0,60.6,54.6,false,1,4.0
1773242071000,64.0588216666667,-21.9430166666667,0.0,0.0,0.0,true,1,0
1773242073000,64.0588216666667,-21.9430166666667,2.0,0.0,0.0,true,2,0
1773242073000,64.0588216666667,-21.9430166666667,0.0,0.0,0.0,true,3,0
1773242073000,64.0588216666667,-21.9430166666667,0.0,0.0,0.0,true,4,0
1773242078000,64.0586966666667,-21.9442666666667,5.0,62.4,44.9,false,4,7.0
1773242080000,64.0585583333333,-21.9455166666667,2.0,62.7,112.9,false,0,2.0
1773242080000,64.0585583333333,-21.9455166666667,0.0,0.0,0.0,true,1,0
1773242083000,64.0585583333333,-21.9455166666667,3.0,0.0,0.0,true,2,0
1773242087000,64.0584383333333,-21.9466833333333,4.0,58.3,52.5,false,2,7.0
1773242087000,64.0584383333333,-21.9466833333333,0.0,0.0,0.0,true,1,0
1773242093000,64.0582766666667,-21.9476,6.0,48.1,28.8,false,1,6.0
1773242093000,64.0582766666667,-21.9476,0.0,0.0,0.0,true,1,0
1773242093000,64.0582766666667,-21.9476,0.0,0.0,0.0,true,2,0
1773242097000,64.0581383333333,-21.94825,4.0,35.2,31.6,false,2,4.0
1773242101000,64.05799,-21.9485666666667,4.0,22.6,20.3,false,0,4.0
1773242101000,64.05799,-21.9485666666667,0.0,0.0,0.0,true,1,0
1773242103000,64.05799,-21.9485666666667,2.0,0.0,0.0,true,2,0
1773242107000,64.057815,-21.9481833333333,4.0,27.0,24.3,false,2,6.0
1773242107000,64.057815,-21.9481833333333,0.0,0.0,0.0,true,1,0
1773242110000,64.0575833333333,-21.9478333333333,3.0,30.9,37.1,false,1,3.0
1773242112000,64.0575833333333,-21.9478333333333,2.0,0.0,0.0,true,1,0
1773242112000,64.0575833333333,-21.9478333333333,0.0,0.0,0.0,true,2,0
1773242114000,64.0575833333333,-21.9478333333333,2.0,0.0,0.0,true,3,0
1773242114000,64.0575833333333,-21.9478333333333,0.0,0.0,0.0,true,4,0
1773242120000,64.0569566666667,-21.9473666666667,6.0,73.3,44.0,false,4,10.0
1773242120000,64.0569566666667,-21.9473666666667,0.0,0.0,0.0,true,1,0
1773242124000,64.0569566666667,-21.9473666666667,4.0,0.0,0.0,true,2,0
1773242124000,64.0569566666667,-21.9473666666667,0.0,0.0,0.0,true,3,0
1773242128000,64.0566783333333,-21.9471333333333,4.0,33.0,29.7,false,3,8.0
1773242128000,64.0566783333333,-21.9471333333333,0.0,0.0,0.0,true,1,0
1773242132000,64.0563916666667,-21.9469166666667,4.0,33.6,30.2,false,1,4.0
1773242137000,64.056225,-21.9467833333333,5.0,19.6,14.1,false,0,5.0
1773242137000,64.056225,-21.9467833333333,0.0,0.0,0.0,true,1,0
1773242137000,64.056225,-21.9467833333333,0.0,0.0,0.0,true,2,0
1773242142000,64.0560216666667,-21.9466333333333,5.0,23.8,17.1,false,2,5.0
1773242144000,64.0560216666667,-21.9466333333333,2.0,0.0,0.0,true,1,0
1773242147000,64.055825,-21.9466833333333,3.0,22.0,26.4,false,1,5.0
1773242151000,64.05564,-21.9466333333333,4.0,20.7,18.6,false,0,4.0
1773242151000,64.05564,-21.9466333333333,0.0,0.0,0.0,true,1,0
1773242154000,64.055585,-21.9464,3.0,12.9,15.5,false,1,3.0
1773242157000,64.055585,-21.9464,3.0,0.0,0.0,true,1,0
1773242157000,64.055585,-21.9464,0.0,0.0,0.0,true,2,0
1773242157000,64.055585,-21.9464,0.0,0.0,0.0,true,3,0
1773242157000,64.055585,-21.9464,0.0,0.0,0.0,true,4,0
1773242164000,64.0556933333333,-21.9459333333333,7.0,25.7,13.2,false,4,10.0
1773242166000,64.0556966666667,-21.9459166666667,2.0,0.9,1.6,false,0,2.0
1773242166000,64.0556966666667,-21.9459166666667,0.0,0.0,0.0,true,1,0
1773242170000,64.0556966666667,-21.9459166666667,4.0,0.0,0.0,true,2,0
1773242173000,64.0556966666667,-21.9459166666667,3.0,0.0,0.0,true,3,0
1773242173000,64.0556966666667,-21.9459166666667,0.0,0.0,0.0,true,4,0
1773242175000,64.0556966666667,-21.9459166666667,2.0,0.0,0.0,true,5,0
1773242177000,64.05573,-21.9459,2.0,3.8,6.8,false,5,11.0
1773242184000,64.055875,-21.9460833333333,7.0,18.4,9.5,false,0,7.0
1773242184000,64.055875,-21.9460833333333,0.0,0.0,0.0,true,1,0
1773242184000,64.055875,-21.9460833333333,0.0,0.0,0.0,true,2,0
1773242188000,64.05605,-21.9465333333333,4.0,29.3,26.4,false,2,4.0
1773242192000,64.0563466666667,-21.9467833333333,4.0,35.2,31.6,false,0,4.0
1773242194000,64.0563466666667,-21.9467833333333,2.0,0.0,0.0,true,1,0
1773242194000,64.0563466666667,-21.9467833333333,0.0,0.0,0.0,true,2,0
1773242197000,64.0565266666667,-21.9469166666667,3.0,21.0,25.2,false,2,5.0
1773242197000,64.0565266666667,-21.9469166666667,0.0,0.0,0.0,true,1,0
1773242202000,64.0567916666667,-21.9471333333333,5.0,31.3,22.5,false,1,5.0
1773242206000,64.0567916666667,-21.9471333333333,4.0,0.0,0.0,true,1,0
1773242206000,64.0567916666667,-21.9471333333333,0.0,0.0,0.0,true,2,0
1773242208000,64.057075,-21.94735,2.0,33.2,59.8,false,2,6.0
1773242208000,64.057075,-21.94735,0.0,0.0,0.0,true,1,0
1773242214000,64.0573216666667,-21.9475666666667,6.0,29.4,17.6,false,1,6.0
1773242214000,64.0573216666667,-21.9475666666667,0.0,0.0,0.0,true,1,0
1773242217000,64.0576383333333,-21.9478333333333,3.0,37.5,45.0,false,1,3.0
1773242217000,64.0576383333333,-21.9478333333333,0.0,0.0,0.0,true,1,0
1773242219000,64.0576383333333,-21.9478333333333,2.0,0.0,0.0,true,2,0
1773242219000,64.0576383333333,-21.9478333333333,0.0,0.0,0.0,true,3,0
1773242222000,64.0578566666667,-21.9478666666667,3.0,24.3,29.2,false,3,5.0
1773242224000,64.0578566666667,-21.9478666666667,2.0,0.0,0.0,true,1,0
1773242229000,64.0580633333333,-21.9477833333333,5.0,23.3,16.8,false,1,7.0
1773242229000,64.0580633333333,-21.9477833333333,0.0,0.0,0.0,true,1,0
1773242232000,64.05817,-21.9482,3.0,23.5,28.2,false,1,3.0
1773242235000,64.05817,-21.9482,3.0,0.0,0.0,true,1,0
1773242237000,64.058045,-21.94855,2.0,22.0,39.6,false,1,5.0
1773242237000,64.058045,-21.94855,0.0,0.0,0.0,true,1,0
1773242241000,64.0579416666667,-21.9488166666667,4.0,17.3,15.6,false,1,4.0
1773242244000,64.057935,-21.94885,3.0,1.8,2.1,false,0,3.0
1773242244000,64.057935,-21.94885,0.0,0.0,0.0,true,1,0
1773242249000,64.0579316666667,-21.9488666666667,5.0,0.9,0.6,false,1,5.0
1773242249000,64.0579316666667,-21.9488666666667,0.0,0.0,0.0,true,1,0
1773242253000,64.0579316666667,-21.9488666666667,4.0,0.0,0.0,true,2,0
1773242255000,64.0579316666667,-21.9488666666667,2.0,0.0,0.0,true,3,0
1773242255000,64.0579316666667,-21.9488666666667,0.0,0.0,0.0,true,4,0
1773242258000,64.057915,-21.9489333333333,3.0,3.7,4.5,false,4,9.0
1773242260000,64.057915,-21.9489333333333,2.0,0.0,0.0,true,1,0
1773242265000,64.05775,-21.9497333333333,5.0,43.0,31.0,false,1,7.0
1773242267000,64.05775,-21.9497333333333,2.0,0.0,0.0,true,1,0
1773242267000,64.05775,-21.9497333333333,0.0,0.0,0.0,true,2,0
1773242271000,64.0574366666667,-21.95085,4.0,64.5,58.1,false,2,6.0
1773242273000,64.0571716666667,-21.9518166666667,2.0,55.5,99.9,false,0,2.0
1773242273000,64.0571716666667,-21.9518166666667,0.0,0.0,0.0,true,1,0
1773242278000,64.0570433333333,-21.9527166666667,5.0,46.0,33.2,false,1,5.0
1773242281000,64.0570433333333,-21.9527166666667,3.0,0.0,0.0,true,1,0
1773242281000,64.0570433333333,-21.9527166666667,0.0,0.0,0.0,true,2,0
1773242281000,64.0570433333333,-21.9527166666667,0.0,0.0,0.0,true,3,0
1773242285000,64.057035,-21.9537666666667,4.0,51.1,46.0,false,3,7.0
1773242285000,64.057035,-21.9537666666667,0.0,0.0,0.0,true,1,0
1773242287000,64.057035,-21.9537666666667,2.0,0.0,0.0,true,2,0
1773242290000,64.0570183333333,-21.9549,3.0,55.2,66.2,false,2,5.0
1773242290000,64.0570183333333,-21.9549,0.0,0.0,0.0,true,1,0
1773242296000,64.0567616666667,-21.9567666666667,6.0,95.2,57.1,false,1,6.0
1773242300000,64.0567616666667,-21.9567666666667,4.0,0.0,0.0,true,1,0
1773242300000,64.0567616666667,-21.9567666666667,0.0,0.0,0.0,true,2,0
1773242302000,64.0566533333333,-21.9575666666667,2.0,40.7,73.3,false,2,6.0
1773242302000,64.0566533333333,-21.9575666666667,0.0,0.0,0.0,true,1,0
1773242305000,64.0566533333333,-21.9575666666667,3.0,0.0,0.0,true,2,0
1773242307000,64.0565866666667,-21.9580333333333,2.0,23.9,43.0,false,2,5.0
1773242307000,64.0565866666667,-21.9580333333333,0.0,0.0,0.0,true,1,0
1773242313000,64.0564433333333,-21.959,6.0,49.7,29.8,false,1,6.0
1773242315000,64.0564433333333,-21.959,2.0,0.0,0.0,true,1,0
1773242315000,64.0564433333333,-21.959,0.0,0.0,0.0,true,2,0
1773242319000,64.0562266666667,-21.9602666666667,4.0,66.2,59.5,false,2,6.0
1773242319000,64.0562266666667,-21.9602666666667,0.0,0.0,0.0,true,1,0
1773242325000,64.05603,-21.9615166666667,6.0,64.6,38.8,false,1,6.0
1773242325000,64.05603,-21.9615166666667,0.0,0.0,0.0,true,1,0
1773242327000,64.0557583333333,-21.96235,2.0,50.6,91.0,false,1,2.0
1773242330000,64.0557583333333,-21.96235,3.0,0.0,0.0,true,1,0
1773242330000,64.0557583333333,-21.96235,0.0,0.0,0.0,true,2,0
1773242332000,64.0552883333333,-21.9629,2.0,58.7,105.7,false,2,5.0
1773242336000,64.054805,-21.9634166666667,4.0,59.3,53.4,false,0,4.0
1773242338000,64.054805,-21.9634166666667,2.0,0.0,0.0,true,1,0
1773242342000,64.05446,-21.9641,4.0,50.8,45.7,false,1,6.0
1773242342000,64.05446,-21.9641,0.0,0.0,0.0,true,1,0
1773242342000,64.05446,-21.9641,0.0,0.0,0.0,true,2,0
1773242345000,64.05446,-21.9641,3.0,0.0,0.0,true,3,0
1773242345000,64.05446,-21.9641,0.0,0.0,0.0,true,4,0
1773242348000,64.0542616666667,-21.9652166666667,3.0,58.6,70.4,false,4,6.0
1773242352000,64.0542416666667,-21.9659333333333,4.0,34.9,31.4,false,0,4.0
1773242352000,64.0542416666667,-21.9659333333333,0.0,0.0,0.0,true,1,0
1773242354000,64.0542416666667,-21.9659333333333,2.0,0.0,0.0,true,2,0
1773242356000,64.0542416666667,-21.9659333333333,2.0,0.0,0.0,true,3,0
1773242356000,64.0542416666667,-21.9659333333333,0.0,0.0,0.0,true,4,0
1773242360000,64.05435,-21.9664166666667,4.0,26.4,23.8,false,4,8.0
1773242362000,64.0545483333333,-21.96655,2.0,23.0,41.4,false,0,2.0
1773242362000,64.0545483333333,-21.96655,0.0,0.0,0.0,true,1,0
1773242367000,64.0546316666667,-21.9669166666667,5.0,20.1,14.5,false,1,5.0
1773242369000,64.0546316666667,-21.9669166666667,2.0,0.0,0.0,true,1,0
1773242371000,64.0546316666667,-21.9669166666667,2.0,0.0,0.0,true,2,0
1773242374000,64.05446,-21.9672333333333,3.0,24.5,29.4,false,2,7.0
1773242376000,64.05446,-21.9672333333333,2.0,0.0,0.0,true,1,0
1773242376000,64.05446,-21.9672333333333,0.0,0.0,0.0,true,2,0
1773242380000,64.0541816666667,-21.96755,4.0,34.6,31.1,false,2,6.0
1773242380000,64.0541816666667,-21.96755,0.0,0.0,0.0,true,1,0
1773242386000,64.0538966666667,-21.96815,6.0,43.1,25.9,false,1,6.0
1773242386000,64.0538966666667,-21.96815,0.0,0.0,0.0,true,1,0
1773242390000,64.0536833333333,-21.9689,4.0,43.5,39.2,false,1,4.0
1773242397000,64.05363,-21.9701166666667,7.0,59.5,30.6,false,0,7.0
1773242397000,64.05363,-21.9701166666667,0.0,0.0,0.0,true,1,0
1773242397000,64.05363,-21.9701166666667,0.0,0.0,0.0,true,2,0
1773242399000,64.05363,-21.9701166666667,2.0,0.0,0.0,true,3,0
1773242402000,64.053445,-21.9706166666667,3.0,31.9,38.2,false,3,5.0
1773242402000,64.053445,-21.9706166666667,0.0,0.0,0.0,true,1,0
1773242405000,64.053445,-21.9706166666667,3.0,0.0,0.0,true,2,0
1773242405000,64.053445,-21.9706166666667,0.0,0.0,0.0,true,3,0
1773242407000,64.053365,-21.97115,2.0,27.4,49.4,false,3,5.0
1773242414000,64.053315,-21.9716,7.0,22.6,11.6,false,0,7.0
1773242414000,64.053315,-21.9716,0.0,0.0,0.0,true,1,0
1773242416000,64.053315,-21.9716,2.0,0.0,0.0,true,2,0
1773242418000,64.0533133333333,-21.9716,2.0,0.2,0.3,true,3,0
1773242418000,64.0533133333333,-21.9716,0.0,0.0,0.0,true,4,0
1773242421000,64.0533133333333,-21.9716,3.0,0.0,0.0,true,5,0
1773242421000,64.0533133333333,-21.9716,0.0,0.0,0.0,true,6,0
1773242423000,64.0533133333333,-21.9716,2.0,0.0,0.0,true,7,0
1773242427000,64.05331,-21.9716166666667,4.0,0.9,0.8,false,7,13.0
1773242431000,64.0532633333333,-21.97175,4.0,8.3,7.5,false,0,4.0
1773242431000,64.0532633333333,-21.97175,0.0,0.0,0.0,true,1,0
1773242433000,64.0532633333333,-21.97175,2.0,0.0,0.0,true,2,0
1773242436000,64.0531716666667,-21.9723166666667,3.0,29.4,35.3,false,2,5.0
1773242436000,64.0531716666667,-21.9723166666667,0.0,0.0,0.0,true,1,0
1773242441000,64.05305,-21.9731166666667,5.0,41.2,29.7,false,1,5.0
1773242441000,64.05305,-21.9731166666667,0.0,0.0,0.0,true,1,0
1773242444000,64.05305,-21.9731166666667,3.0,0.0,0.0,true,2,0
1773242444000,64.05305,-21.9731166666667,0.0,0.0,0.0,true,3,0
1773242446000,64.05294,-21.97385,2.0,37.7,67.9,false,3,5.0
1773242446000,64.05294,-21.97385,0.0,0.0,0.0,true,1,0
1773242451000,64.05298,-21.97435,5.0,24.7,17.8,false,1,5.0
1773242451000,64.05298,-21.97435,0.0,0.0,0.0,true,1,0
1773242455000,64.05298,-21.97435,4.0,0.0,0.0,true,2,0
1773242455000,64.05298,-21.97435,0.0,0.0,0.0,true,3,0
1773242458000,64.0528016666667,-21.9746666666667,3.0,25.1,30.1,false,3,7.0
1773242464000,64.0526166666667,-21.9742666666667,6.0,28.3,17.0,false,0,6.0
1773242464000,64.0526166666667,-21.9742666666667,0.0,0.0,0.0,true,1,0
1773242466000,64.0526166666667,-21.9742666666667,2.0,0.0,0.0,true,2,0
1773242469000,64.0523983333333,-21.9739833333333,3.0,27.9,33.5,false,2,5.0
1773242469000,64.0523983333333,-21.9739833333333,0.0,0.0,0.0,true,1,0
1773242472000,64.0522566666667,-21.9738333333333,3.0,17.4,20.8,false,1,3.0
1773242476000,64.0522566666667,-21.9738333333333,4.0,0.0,0.0,true,1,0
1773242476000,64.0522566666667,-21.9738333333333,0.0,0.0,0.0,true,2,0
1773242476000,64.0522566666667,-21.9738333333333,0.0,0.0,0.0,true,3,0
1773242481000,64.0522733333333,-21.9734166666667,5.0,20.4,14.7,false,3,9.0
1773242481000,64.0522733333333,-21.9734166666667,0.0,0.0,0.0,true,1,0
1773242483000,64.0523466666667,-21.9730166666667,2.0,21.1,38.0,false,1,2.0
1773242485000,64.0523466666667,-21.9730166666667,2.0,0.0,0.0,true,1,0
1773242489000,64.052525,-21.9730666666667,4.0,20.0,18.0,false,1,6.0
1773242489000,64.052525,-21.9730666666667,0.0,0.0,0.0,true,1,0
1773242489000,64.052525,-21.9730666666667,0.0,0.0,0.0,true,2,0
1773242493000,64.0527233333333,-21.9732666666667,4.0,24.1,21.7,false,2,4.0
1773242497000,64.05274,-21.9735833333333,4.0,15.5,14.0,false,0,4.0
1773242497000,64.05274,-21.9735833333333,0.0,0.0,0.0,true,1,0
1773242499000,64.05274,-21.9735833333333,2.0,0.0,0.0,true,2,0
1773242501000,64.05274,-21.9735833333333,2.0,0.0,0.0,true,3,0
1773242501000,64.05274,-21.9735833333333,0.0,0.0,0.0,true,4,0
1773242504000,64.05254,-21.97355,3.0,22.3,26.8,false,4,7.0
1773242507000,64.0523466666667,-21.9733166666667,3.0,24.3,29.2,false,0,3.0
1773242509000,64.0523466666667,-21.9733166666667,2.0,0.0,0.0,true,1,0
1773242513000,64.0522333333333,-21.9734833333333,4.0,15.0,13.5,false,1,6.0
1773242513000,64.0522333333333,-21.9734833333333,0.0,0.0,0.0,true,1,0
1773242515000,64.0522333333333,-21.9734833333333,2.0,0.0,0.0,true,2,0
1773242515000,64.0522333333333,-21.9734833333333,0.0,0.0,0.0,true,3,0
1773242522000,64.0524216666667,-21.9739333333333,7.0,30.3,15.6,false,3,9.0
1773242524000,64.0524216666667,-21.9739333333333,2.0,0.0,0.0,true,1,0
1773242524000,64.0524216666667,-21.9739333333333,0.0,0.0,0.0,true,2,0
1773242526000,64.05251,-21.9739833333333,2.0,10.1,18.2,false,2,4.0
1773242528000,64.05251,-21.9739833333333,2.0,0.0,0.0,true,1,0
1773242528000,64.05251,-21.9739833333333,0.0,0.0,0.0,true,2,0
1773242531000,64.0525133333333,-21.9739833333333,3.0,0.4,0.4,true,3,0
1773242531000,64.0525133333333,-21.9739833333333,0.0,0.0,0.0,true,4,0
1773242534000,64.0525133333333,-21.9739833333333,3.0,0.0,0.0,true,5,0
1773242536000,64.0525133333333,-21.9739833333333,2.0,0.0,0.0,true,6,0
1773242536000,64.0525133333333,-21.9739833333333,0.0,0.0,0.0,true,7,0
1773242541000,64.0525133333333,-21.9739833333333,5.0,0.0,0.0,true,8,0
1773242544000,64.0525133333333,-21.9739833333333,3.0,0.0,0.0,true,9,0
1773242544000,64.0525133333333,-21.9739833333333,0.0,0.0,0.0,true,10,0
1773242548000,64.0525133333333,-21.9739833333333,4.0,0.0,0.0,true,11,0
1773242550000,64.0525133333333,-21.9739833333333,2.0,0.0,0.0,true,12,0
1773242550000,64.0525133333333,-21.9739833333333,0.0,0.0,0.0,true,13,0
1773242554000,64.0525133333333,-21.9739833333333,4.0,0.0,0.0,true,14,0
1773242554000,64.0525133333333,-21.9739833333333,0.0,0.0,0.0,true,15,0
1773242559000,64.0525783333333,-21.9741166666667,5.0,9.7,7.0,false,15,33.0
1773242561000,64.0527366666667,-21.97415,2.0,17.7,31.8,false,0,2.0
1773242561000,64.0527366666667,-21.97415,0.0,0.0,0.0,true,1,0
1773242565000,64.0527366666667,-21.97415,4.0,0.0,0.0,true,2,0
1773242565000,64.0527366666667,-21.97415,0.0,0.0,0.0,true,3,0
1773242569000,64.0528983333333,-21.9737333333333,4.0,27.1,24.4,false,3,8.0
1773242569000,64.0528983333333,-21.9737333333333,0.0,0.0,0.0,true,1,0
1773242572000,64.0530233333333,-21.9730166666667,3.0,37.5,45.0,false,1,3.0
1773242574000,64.0530233333333,-21.9730166666667,2.0,0.0,0.0,true,1,0
1773242574000,64.0530233333333,-21.9730166666667,0.0,0.0,0.0,true,2,0
1773242574000,64.0530233333333,-21.9730166666667,0.0,0.0,0.0,true,3,0
1773242581000,64.053235,-21.9715833333333,7.0,73.6,37.9,false,3,9.0
1773242581000,64.053235,-21.9715833333333,0.0,0.0,0.0,true,1,0
1773242581000,64.053235,-21.9715833333333,0.0,0.0,0.0,true,2,0
1773242581000,64.053235,-21.9715833333333,0.0,0.0,0.0,true,3,0
1773242585000,64.053235,-21.9715833333333,4.0,0.0,0.0,true,4,0
1773242592000,64.0534416666667,-21.9701666666667,7.0,72.7,37.4,false,4,11.0
1773242592000,64.0534416666667,-21.9701666666667,0.0,0.0,0.0,true,1,0
1773242592000,64.0534416666667,-21.9701666666667,0.0,0.0,0.0,true,2,0
1773242592000,64.0534416666667,-21.9701666666667,0.0,0.0,0.0,true,3,0
1773242597000,64.05342,-21.9696666666667,5.0,24.4,17.6,false,3,5.0
1773242600000,64.05342,-21.9696666666667,3.0,0.0,0.0,true,1,0
1773242602000,64.0535983333333,-21.9691166666667,2.0,33.3,59.9,false,1,5.0
1773242602000,64.0535983333333,-21.9691166666667,0.0,0.0,0.0,true,1,0
1773242605000,64.0535983333333,-21.9691166666667,3.0,0.0,0.0,true,2,0
1773242607000,64.0537716666667,-21.9683,2.0,44.2,79.5,false,2,5.0
1773242611000,64.0540383333333,-21.9675166666667,4.0,48.3,43.5,false,0,4.0
1773242611000,64.0540383333333,-21.9675166666667,0.0,0.0,0.0,true,1,0
1773242615000,64.0540383333333,-21.9675166666667,4.0,0.0,0.0,true,2,0
1773242615000,64.0540383333333,-21.9675166666667,0.0,0.0,0.0,true,3,0
1773242618000,64.0543,-21.967,3.0,38.4,46.1,false,3,7.0
1773242618000,64.0543,-21.967,0.0,0.0,0.0,true,1,0
1773242620000,64.0543,-21.967,2.0,0.0,0.0,true,2,0
1773242625000,64.0542583333333,-21.9664666666667,5.0,26.4,19.0,false,2,7.0
1773242627000,64.05418,-21.9659833333333,2.0,25.1,45.1,false,0,2.0
1773242627000,64.05418,-21.9659833333333,0.0,0.0,0.0,true,1,0
1773242630000,64.05418,-21.9659833333333,3.0,0.0,0.0,true,2,0
1773242630000,64.05418,-21.9659833333333,0.0,0.0,0.0,true,3,0
1773242633000,64.05427,-21.9650166666667,3.0,48.1,57.7,false,3,6.0
1773242635000,64.05427,-21.9650166666667,2.0,0.0,0.0,true,1,0
1773242635000,64.05427,-21.9650166666667,0.0,0.0,0.0,true,2,0
1773242635000,64.05427,-21.9650166666667,0.0,0.0,0.0,true,3,0
1773242640000,64.0545016666667,-21.9638833333333,5.0,60.9,43.8,false,3,7.0
1773242642000,64.0549883333333,-21.9631833333333,2.0,63.9,115.1,false,0,2.0
1773242648000,64.055535,-21.9625833333333,6.0,67.4,40.5,false,0,6.0
1773242648000,64.055535,-21.9625833333333,0.0,0.0,0.0,true,1,0
1773242650000,64.055535,-21.9625833333333,2.0,0.0,0.0,true,2,0
1773242653000,64.0559433333333,-21.9618,3.0,59.3,71.1,false,2,5.0
1773242653000,64.0559433333333,-21.9618,0.0,0.0,0.0,true,1,0
1773242655000,64.0559433333333,-21.9618,2.0,0.0,0.0,true,2,0
1773242657000,64.0561516666667,-21.9605333333333,2.0,65.8,118.5,false,2,4.0
1773242661000,64.0561516666667,-21.9605333333333,4.0,0.0,0.0,true,1,0
1773242661000,64.0561516666667,-21.9605333333333,0.0,0.0,0.0,true,2,0
1773242667000,64.0564133333333,-21.9587,6.0,93.8,56.3,false,2,10.0
1773242667000,64.0564133333333,-21.9587,0.0,0.0,0.0,true,1,0
1773242667000,64.0564133333333,-21.9587,0.0,0.0,0.0,true,2,0
1773242671000,64.05658,-21.9575833333333,4.0,57.4,51.7,false,2,4.0
1773242671000,64.05658,-21.9575833333333,0.0,0.0,0.0,true,1,0
1773242674000,64.0566666666667,-21.9570333333333,3.0,28.4,34.1,false,1,3.0
1773242674000,64.0566666666667,-21.9570333333333,0.0,0.0,0.0,true,1,0
1773242679000,64.0568266666667,-21.9560666666667,5.0,50.3,36.2,false,1,5.0
1773242679000,64.0568266666667,-21.9560666666667,0.0,0.0,0.0,true,1,0
1773242679000,64.0568266666667,-21.9560666666667,0.0,0.0,0.0,true,2,0
1773242684000,64.0569966666667,-21.9548333333333,5.0,62.9,45.3,false,2,5.0
1773242686000,64.0569966666667,-21.9548333333333,2.0,0.0,0.0,true,1,0
1773242686000,64.0569966666667,-21.9548333333333,0.0,0.0,0.0,true,2,0
1773242690000,64.0569683333333,-21.9534833333333,4.0,65.7,59.2,false,2,6.0
1773242690000,64.0569683333333,-21.9534833333333,0.0,0.0,0.0,true,1,0
1773242690000,64.0569683333333,-21.9534833333333,0.0,0.0,0.0,true,2,0
1773242690000,64.0569683333333,-21.9534833333333,0.0,0.0,0.0,true,3,0
1773242696000,64.0570466666667,-21.9521833333333,6.0,63.8,38.3,false,3,6.0
1773242699000,64.0573966666667,-21.9509166666667,3.0,72.9,87.5,false,0,3.0
1773242699000,64.0573966666667,-21.9509166666667,0.0,0.0,0.0,true,1,0
1773242699000,64.0573966666667,-21.9509166666667,0.0,0.0,0.0,true,2,0
1773242704000,64.0577266666667,-21.9497166666667,5.0,68.9,49.6,false,2,5.0
1773242707000,64.0577266666667,-21.9497166666667,3.0,0.0,0.0,true,1,0
1773242712000,64.05788,-21.9487,5.0,52.3,37.7,false,1,8.0
1773242712000,64.05788,-21.9487,0.0,0.0,0.0,true,1,0
1773242716000,64.0578316666667,-21.9481,4.0,29.7,26.7,false,1,4.0
1773242718000,64.0578316666667,-21.9481,2.0,0.0,0.0,true,1,0
1773242718000,64.0578316666667,-21.9481,0.0,0.0,0.0,true,2,0
1773242721000,64.057515,-21.9477333333333,3.0,39.5,47.4,false,2,5.0
1773242724000,64.0570866666667,-21.9474666666667,3.0,49.4,59.2,false,0,3.0
1773242724000,64.0570866666667,-21.9474666666667,0.0,0.0,0.0,true,1,0
1773242726000,64.0570866666667,-21.9474666666667,2.0,0.0,0.0,true,2,0
1773242732000,64.0568533333333,-21.9472833333333,6.0,27.4,16.5,false,2,8.0
1773242732000,64.0568533333333,-21.9472833333333,0.0,0.0,0.0,true,1,0
1773242732000,64.0568533333333,-21.9472833333333,0.0,0.0,0.0,true,2,0
1773242732000,64.0568533333333,-21.9472833333333,0.0,0.0,0.0,true,3,0
1773242737000,64.0565166666667,-21.9470166666667,5.0,39.6,28.5,false,3,5.0
1773242739000,64.0563083333333,-21.94685,2.0,24.5,44.2,false,0,2.0
1773242741000,64.0563083333333,-21.94685,2.0,0.0,0.0,true,1,0
1773242745000,64.0561016666667,-21.9467,4.0,24.1,21.7,false,1,6.0
1773242747000,64.0561016666667,-21.9467,2.0,0.0,0.0,true,1,0
1773242747000,64.0561016666667,-21.9467,0.0,0.0,0.0,true,2,0
1773242750000,64.0558716666667,-21.94665,3.0,25.7,30.8,false,2,5.0
1773242752000,64.0558716666667,-21.94665,2.0,0.0,0.0,true,1,0
1773242754000,64.0556383333333,-21.9466833333333,2.0,26.0,46.8,false,1,4.0
1773242754000,64.0556383333333,-21.9466833333333,0.0,0.0,0.0,true,1,0
1773242754000,64.0556383333333,-21.9466833333333,0.0,0.0,0.0,true,2,0
1773242754000,64.0556383333333,-21.9466833333333,0.0,0.0,0.0,true,3,0
1773242762000,64.0556583333333,-21.9459666666667,8.0,34.9,15.7,false,3,8.0
1773242764000,64.0556916666667,-21.9459333333333,2.0,4.0,7.3,false,0,2.0
1773242764000,64.0556916666667,-21.9459333333333,0.0,0.0,0.0,true,1,0
1773242767000,64.0556916666667,-21.9459333333333,3.0,0.0,0.0,true,2,0
1773242767000,64.0556916666667,-21.9459333333333,0.0,0.0,0.0,true,3,0
1773242772000,64.0556983333333,-21.9459333333333,5.0,0.7,0.5,false,3,8.0
1773242772000,64.0556983333333,-21.9459333333333,0.0,0.0,0.0,true,1,0
1773242772000,64.0556983333333,-21.9459333333333,0.0,0.0,0.0,true,2,0
1773242772000,64.0556983333333,-21.9459333333333,0.0,0.0,0.0,true,3,0
1773242772000,64.0556983333333,-21.9459333333333,0.0,0.0,0.0,true,4,0
1773242772000,64.0556983333333,-21.9459333333333,0.0,0.0,0.0,true,5,0
1773242772000,64.0556983333333,-21.9459333333333,0.0,0.0,0.0,true,6,0
1773242772000,64.0556983333333,-21.9459333333333,0.0,0.0,0.0,true,7,0
1773242772000,64.0556983333333,-21.9459333333333,0.0,0.0,0.0,true,8,0
1773242772000,64.0556983333333,-21.9459333333333,0.0,0.0,0.0,true,9,0
1773242772000,64.0556983333333,-21.9459333333333,0.0,0.0,0.0,true,10,0
1773242772000,64.0556983333333,-21.9459333333333,0.0,0.0,0.0,true,11,0
1773242772000,64.0556983333333,-21.9459333333333,0.0,0.0,0.0,true,12,0
1773242772000,64.0556983333333,-21.9459333333333,0.0,0.0,0.0,true,13,0
1773242772000,64.0556983333333,-21.9459333333333,0.0,0.0,0.0,true,14,0
1773242772000,64.0556983333333,-21.9459333333333,0.0,0.0,0.0,true,15,0
1773242772000,64.0556983333333,-21.9459333333333,0.0,0.0,0.0,true,16,0
1773242772000,64.0556983333333,-21.9459333333333,0.0,0.0,0.0,true,17,0
1773242772000,64.0556983333333,-21.9459333333333,0.0,0.0,0.0,true,18,0
1773242772000,64.0556983333333,-21.9459333333333,0.0,0.0,0.0,true,19,0
1773242772000,64.0556983333333,-21.9459333333333,0.0,0.0,0.0,true,20,0
1773242772000,64.0556983333333,-21.9459333333333,0.0,0.0,0.0,true,21,0
1773242772000,64.0556983333333,-21.9459333333333,0.0,0.0,0.0,true,22,0
1773242772000,64.0556983333333,-21.9459333333333,0.0,0.0,0.0,true,23,0
1773242772000,64.0556983333333,-21.9459333333333,0.0,0.0,0.0,true,24,0
1773242772000,64.0556983333333,-21.9459333333333,0.0,0.0,0.0,true,25,0
1773242772000,64.0556983333333,-21.9459333333333,0.0,0.0,0.0,true,26,0
1773242772000,64.0556983333333,-21.9459333333333,0.0,0.0,0.0,true,27,0
1773242772000,64.0556983333333,-21.9459333333333,0.0,0.0,0.0,true,28,0
1773242772000,64.0556983333333,-21.9459333333333,0.0,0.0,0.0,true,29,0
1773242772000,64.0556983333333,-21.9459333333333,0.0,0.0,0.0,true,30,0
1773242772000,64.0556983333333,-21.9459333333333,0.0,0.0,0.0,true,31,0
1773242772000,64.0556983333333,-21.9459333333333,0.0,0.0,0.0,true,32,0
1773242772000,64.0556983333333,-21.9459333333333,0.0,0.0,0.0,true,33,0
1773242772000,64.0556983333333,-21.9459333333333,0.0,0.0,0.0,true,34,0
1773242772000,64.0556983333333,-21.9459333333333,0.0,0.0,0.0,true,35,0
1773242772000,64.0556983333333,-21.9459333333333,0.0,0.0,0.0,true,36,0
1773242775000,64.0556983333333,-21.9459333333333,3.0,0.0,0.0,true,37,0
1773242849000,64.0588766666667,-21.9418166666667,74.0,406.2,19.8,false,37,77.0
1773242849000,64.0588766666667,-21.9418166666667,0.0,0.0,0.0,true,1,0
1773242853000,64.058835,-21.9399833333333,4.0,89.3,80.4,false,1,4.0
1773242856000,64.058835,-21.9399833333333,3.0,0.0,0.0,true,1,0
1773242856000,64.058835,-21.9399833333333,0.0,0.0,0.0,true,2,0
1773242860000,64.05902,-21.939,4.0,52.1,46.9,false,2,7.0
1773242862000,64.0592216666667,-21.9384333333333,2.0,35.5,64.0,false,0,2.0
1773242862000,64.0592216666667,-21.9384333333333,0.0,0.0,0.0,true,1,0
1773242868000,64.059185,-21.93795,6.0,23.9,14.3,false,1,6.0
1773242868000,64.059185,-21.93795,0.0,0.0,0.0,true,1,0
1773242868000,64.059185,-21.93795,0.0,0.0,0.0,true,2,0
1773242873000,64.0590616666667,-21.9371833333333,5.0,39.7,28.6,false,2,5.0
1773242873000,64.0590616666667,-21.9371833333333,0.0,0.0,0.0,true,1,0
1773242873000,64.0590616666667,-21.9371833333333,0.0,0.0,0.0,true,2,0
1773242876000,64.0590616666667,-21.9371833333333,3.0,0.0,0.0,true,3,0
1773242876000,64.0590616666667,-21.9371833333333,0.0,0.0,0.0,true,4,0
1773242883000,64.0588316666667,-21.9363666666667,7.0,47.2,24.3,false,4,10.0
1773242883000,64.0588316666667,-21.9363666666667,0.0,0.0,0.0,true,1,0
1773242883000,64.0588316666667,-21.9363666666667,0.0,0.0,0.0,true,2,0
1773242888000,64.05883,-21.9363666666667,5.0,0.2,0.1,true,3,0
1773242888000,64.05883,-21.9363666666667,0.0,0.0,0.0,true,4,0
1773242888000,64.05883,-21.9363666666667,0.0,0.0,0.0,true,5,0
1773242893000,64.05881,-21.9362666666667,5.0,5.3,3.9,false,5,10.0
1773242893000,64.05881,-21.9362666666667,0.0,0.0,0.0,true,1,0
1773242893000,64.05881,-21.9362666666667,0.0,0.0,0.0,true,2,0
1773242899000,64.05866,-21.9356666666667,6.0,33.6,20.2,false,2,6.0
1773242902000,64.05866,-21.9356666666667,3.0,0.0,0.0,true,1,0
1773242902000,64.05866,-21.9356666666667,0.0,0.0,0.0,true,2,0
1773242907000,64.058315,-21.9348,5.0,57.0,41.0,false,2,8.0
1773242907000,64.058315,-21.9348,0.0,0.0,0.0,true,1,0
1773242907000,64.058315,-21.9348,0.0,0.0,0.0,true,2,0
1773242911000,64.05787,-21.9338666666667,4.0,67.2,60.4,false,2,4.0
1773242911000,64.05787,-21.9338666666667,0.0,0.0,0.0,true,1,0
1773242913000,64.0574583333333,-21.933,2.0,62.2,112.0,false,1,2.0
1773242917000,64.0574583333333,-21.933,4.0,0.0,0.0,true,1,0
1773242922000,64.0571066666667,-21.9324,5.0,48.8,35.1,false,1,9.0
1773242922000,64.0571066666667,-21.9324,0.0,0.0,0.0,true,1,0
1773242922000,64.0571066666667,-21.9324,0.0,0.0,0.0,true,2,0
1773242922000,64.0571066666667,-21.9324,0.0,0.0,0.0,true,3,0
1773242926000,64.0568166666667,-21.9319666666667,4.0,38.5,34.7,false,3,4.0
1773242930000,64.0566566666667,-21.9314333333333,4.0,31.5,28.3,false,0,4.0
1773242930000,64.0566566666667,-21.9314333333333,0.0,0.0,0.0,true,1,0
1773242934000,64.0565283333333,-21.931,4.0,25.5,22.9,false,1,4.0
1773242936000,64.0565283333333,-21.931,2.0,0.0,0.0,true,1,0
1773242936000,64.0565283333333,-21.931,0.0,0.0,0.0,true,2,0
1773242938000,64.0566933333333,-21.9306833333333,2.0,24.0,43.1,false,2,4.0
1773242942000,64.0566933333333,-21.9306833333333,4.0,0.0,0.0,true,1,0
1773242942000,64.0566933333333,-21.9306833333333,0.0,0.0,0.0,true,2,0
1773242948000,64.0574566666667,-21.9317,6.0,98.2,58.9,false,2,10.0
1773242948000,64.0574566666667,-21.9317,0.0,0.0,0.0,true,1,0
1773242948000,64.0574566666667,-21.9317,0.0,0.0,0.0,true,2,0
1773242951000,64.0574566666667,-21.9317,3.0,0.0,0.0,true,3,0
1773242955000,64.0577583333333,-21.93215,4.0,40.1,36.0,false,3,7.0
1773242955000,64.0577583333333,-21.93215,0.0,0.0,0.0,true,1,0
1773242957000,64.0577583333333,-21.93215,2.0,0.0,0.0,true,2,0
1773242960000,64.057975,-21.9319833333333,3.0,25.4,30.5,false,2,5.0
1773242960000,64.057975,-21.9319833333333,0.0,0.0,0.0,true,1,0
1773242963000,64.0580816666667,-21.9317333333333,3.0,17.0,20.4,false,1,3.0
1773242968000,64.0580816666667,-21.9317333333333,5.0,0.0,0.0,true,1,0
1773242968000,64.0580816666667,-21.9317333333333,0.0,0.0,0.0,true,2,0
1773242970000,64.0584033333333,-21.9310666666667,2.0,48.3,86.9,false,2,7.0
1773242972000,64.0584033333333,-21.9310666666667,2.0,0.0,0.0,true,1,0
1773242972000,64.0584033333333,-21.9310666666667,0.0,0.0,0.0,true,2,0
1773242975000,64.0586766666667,-21.9305166666667,3.0,40.5,48.6,false,2,5.0
1773242975000,64.0586766666667,-21.9305166666667,0.0,0.0,0.0,true,1,0
1773242978000,64.0586766666667,-21.9305166666667,3.0,0.0,0.0,true,2,0
1773242982000,64.0588066666667,-21.9302666666667,4.0,18.9,17.0,false,2,7.0
1773242982000,64.0588066666667,-21.9302666666667,0.0,0.0,0.0,true,1,0
1773242984000,64.0588066666667,-21.9302666666667,2.0,0.0,0.0,true,2,0
1773242987000,64.0591183333333,-21.92975,3.0,42.8,51.4,false,2,5.0
1773242987000,64.0591183333333,-21.92975,0.0,0.0,0.0,true,1,0
1773242994000,64.0594333333333,-21.9291833333333,7.0,44.6,22.9,false,1,7.0
1773242997000,64.059485,-21.92915,3.0,6.0,7.2,false,0,3.0
1773242997000,64.059485,-21.92915,0.0,0.0,0.0,true,1,0
1773242999000,64.059485,-21.92915,2.0,0.0,0.0,true,2,0
1773243002000,64.059625,-21.9294166666667,3.0,20.3,24.3,false,2,5.0
1773243002000,64.059625,-21.9294166666667,0.0,0.0,0.0,true,1,0
1773243005000,64.059625,-21.9294166666667,3.0,0.0,0.0,true,2,0
1773243005000,64.059625,-21.9294166666667,0.0,0.0,0.0,true,3,0
1773243007000,64.0597616666667,-21.9298166666667,2.0,24.7,44.4,false,3,5.0
1773243011000,64.0597616666667,-21.9298166666667,4.0,0.0,0.0,true,1,0
1773243013000,64.05991,-21.9305666666667,2.0,40.0,72.1,false,1,6.0
1773243013000,64.05991,-21.9305666666667,0.0,0.0,0.0,true,1,0
1773243016000,64.05991,-21.9305666666667,3.0,0.0,0.0,true,2,0
1773243016000,64.05991,-21.9305666666667,0.0,0.0,0.0,true,3,0
1773243018000,64.0600433333333,-21.93155,2.0,50.1,90.1,false,3,5.0
1773243022000,64.060195,-21.9324,4.0,44.7,40.2,false,0,4.0
1773243022000,64.060195,-21.9324,0.0,0.0,0.0,true,1,0
1773243026000,64.060195,-21.9324,4.0,0.0,0.0,true,2,0
1773243031000,64.06032,-21.9327333333333,5.0,21.4,15.4,false,2,9.0
1773243031000,64.06032,-21.9327333333333,0.0,0.0,0.0,true,1,0
1773243031000,64.06032,-21.9327333333333,0.0,0.0,0.0,true,2,0
1773243035000,64.060595,-21.9332833333333,4.0,40.6,36.6,false,2,4.0
1773243035000,64.060595,-21.9332833333333,0.0,0.0,0.0,true,1,0
1773243039000,64.0609083333333,-21.9335666666667,4.0,37.5,33.7,false,1,4.0
1773243041000,64.0609083333333,-21.9335666666667,2.0,0.0,0.0,true,1,0
1773243041000,64.0609083333333,-21.9335666666667,0.0,0.0,0.0,true,2,0
1773243044000,64.0612,-21.9336833333333,3.0,32.9,39.5,false,2,5.0
1773243046000,64.0612,-21.9336833333333,2.0,0.0,0.0,true,1,0
1773243046000,64.0612,-21.9336833333333,0.0,0.0,0.0,true,2,0
1773243050000,64.0616,-21.9338666666667,4.0,45.4,40.8,false,2,6.0
1773243050000,64.0616,-21.9338666666667,0.0,0.0,0.0,true,1,0
1773243050000,64.0616,-21.9338666666667,0.0,0.0,0.0,true,2,0
1773243057000,64.0618033333333,-21.9339666666667,7.0,23.1,11.9,false,2,7.0
1773243057000,64.0618033333333,-21.9339666666667,0.0,0.0,0.0,true,1,0
1773243060000,64.062185,-21.9341333333333,3.0,43.2,51.8,false,1,3.0
1773243062000,64.0626033333333,-21.9344166666667,2.0,48.5,87.3,false,0,2.0
1773243062000,64.0626033333333,-21.9344166666667,0.0,0.0,0.0,true,1,0
1773243062000,64.0626033333333,-21.9344166666667,0.0,0.0,0.0,true,2,0
1773243062000,64.0626033333333,-21.9344166666667,0.0,0.0,0.0,true,3,0
1773243067000,64.062975,-21.9350333333333,5.0,51.1,36.8,false,3,5.0
1773243070000,64.062975,-21.9350333333333,3.0,0.0,0.0,true,1,0
1773243072000,64.0632566666667,-21.9352,2.0,32.4,58.2,false,1,5.0
1773243072000,64.0632566666667,-21.9352,0.0,0.0,0.0,true,1,0
1773243078000,64.0636016666667,-21.9351,6.0,38.7,23.2,false,1,6.0
1773243082000,64.063855,-21.9347166666667,4.0,33.8,30.4,false,0,4.0
1773243082000,64.063855,-21.9347166666667,0.0,0.0,0.0,true,1,0
1773243084000,64.063855,-21.9347166666667,2.0,0.0,0.0,true,2,0
1773243084000,64.063855,-21.9347166666667,0.0,0.0,0.0,true,3,0
1773243087000,64.0641083333333,-21.9341,3.0,41.1,49.4,false,3,5.0
1773243087000,64.0641083333333,-21.9341,0.0,0.0,0.0,true,1,0
1773243092000,64.0646066666667,-21.9336333333333,5.0,59.9,43.1,false,1,5.0
1773243092000,64.0646066666667,-21.9336333333333,0.0,0.0,0.0,true,1,0
1773243092000,64.0646066666667,-21.9336333333333,0.0,0.0,0.0,true,2,0
1773243099000,64.065065,-21.9339833333333,7.0,53.7,27.6,false,2,7.0
1773243101000,64.065605,-21.9349333333333,2.0,75.8,136.4,false,0,2.0
1773243101000,64.065605,-21.9349333333333,0.0,0.0,0.0,true,1,0
1773243104000,64.065605,-21.9349333333333,3.0,0.0,0.0,true,2,0
1773243107000,64.0660833333333,-21.9356666666667,3.0,64.0,76.8,false,2,6.0
1773243107000,64.0660833333333,-21.9356666666667,0.0,0.0,0.0,true,1,0
1773243107000,64.0660833333333,-21.9356666666667,0.0,0.0,0.0,true,2,0
1773243111000,64.0660833333333,-21.9356666666667,4.0,0.0,0.0,true,3,0
1773243113000,64.066685,-21.9354666666667,2.0,67.6,121.7,false,3,6.0
1773243113000,64.066685,-21.9354666666667,0.0,0.0,0.0,true,1,0
1773243119000,64.066785,-21.93525,6.0,15.3,9.2,false,1,6.0
1773243122000,64.066785,-21.93525,3.0,0.0,0.0,true,1,0
1773243122000,64.066785,-21.93525,0.0,0.0,0.0,true,2,0
1773243124000,64.0668666666667,-21.9349,2.0,19.3,34.7,false,2,5.0
1773243126000,64.0668666666667,-21.9349,2.0,0.0,0.0,true,1,0
1773243126000,64.0668666666667,-21.9349,0.0,0.0,0.0,true,2,0
1773243134000,64.0670666666667,-21.9355833333333,8.0,40.0,18.0,false,2,10.0
1773243137000,64.0671483333333,-21.9360166666667,3.0,22.9,27.5,false,0,3.0
1773243137000,64.0671483333333,-21.9360166666667,0.0,0.0,0.0,true,1,0
1773243141000,64.06715,-21.93605,4.0,1.6,1.5,false,1,4.0
1773243141000,64.06715,-21.93605,0.0,0.0,0.0,true,1,0
1773243143000,64.06715,-21.9360666666667,2.0,0.8,1.5,false,1,2.0
1773243143000,64.06715,-21.9360666666667,0.0,0.0,0.0,true,1,0
1773243143000,64.06715,-21.9360666666667,0.0,0.0,0.0,true,2,0
1773243149000,64.06715,-21.9360666666667,6.0,0.0,0.0,true,3,0
1773243155000,64.06714,-21.9363166666667,6.0,12.2,7.3,false,3,12.0
1773243155000,64.06714,-21.9363166666667,0.0,0.0,0.0,true,1,0
1773243157000,64.06714,-21.9363166666667,2.0,0.0,0.0,true,2,0
1773243159000,64.06714,-21.9363166666667,2.0,0.0,0.0,true,3,0
1773243159000,64.06714,-21.9363166666667,0.0,0.0,0.0,true,4,0
1773243162000,64.0671166666667,-21.9368166666667,3.0,24.5,29.3,false,4,7.0
1773243164000,64.0671383333333,-21.9370666666667,2.0,12.4,22.3,false,0,2.0
1773243164000,64.0671383333333,-21.9370666666667,0.0,0.0,0.0,true,1,0
1773243168000,64.067155,-21.9371666666667,4.0,5.2,4.7,false,1,4.0
1773243170000,64.067155,-21.9371666666667,2.0,0.0,0.0,true,1,0
1773243170000,64.067155,-21.9371666666667,0.0,0.0,0.0,true,2,0
1773243172000,64.0672883333333,-21.9376166666667,2.0,26.4,47.6,false,2,4.0
1773243176000,64.0672883333333,-21.9376166666667,4.0,0.0,0.0,true,1,0
1773243176000,64.0672883333333,-21.9376166666667,0.0,0.0,0.0,true,2,0
1773243178000,64.067195,-21.9381,2.0,25.7,46.2,false,2,6.0
1773243183000,64.0670366666667,-21.9390833333333,5.0,51.0,36.7,false,0,5.0
1773243185000,64.0670366666667,-21.9390833333333,2.0,0.0,0.0,true,1,0
1773243188000,64.0669066666667,-21.9404333333333,3.0,67.2,80.7,false,1,5.0
1773243188000,64.0669066666667,-21.9404333333333,0.0,0.0,0.0,true,1,0
1773243191000,64.0669066666667,-21.9404333333333,3.0,0.0,0.0,true,2,0
1773243191000,64.0669066666667,-21.9404333333333,0.0,0.0,0.0,true,3,0
1773243191000,64.0669066666667,-21.9404333333333,0.0,0.0,0.0,true,4,0
1773243196000,64.0669283333333,-21.9416,5.0,56.8,40.9,false,4,8.0
1773243198000,64.0669366666667,-21.9425333333333,2.0,45.4,81.7,false,0,2.0
1773243198000,64.0669366666667,-21.9425333333333,0.0,0.0,0.0,true,1,0
1773243202000,64.0670483333333,-21.9431833333333,4.0,34.0,30.6,false,1,4.0
1773243202000,64.0670483333333,-21.9431833333333,0.0,0.0,0.0,true,1,0
1773243205000,64.0670483333333,-21.9431833333333,3.0,0.0,0.0,true,2,0
1773243205000,64.0670483333333,-21.9431833333333,0.0,0.0,0.0,true,3,0
1773243212000,64.0671766666667,-21.94525,7.0,101.5,52.2,false,3,10.0
1773243212000,64.0671766666667,-21.94525,0.0,0.0,0.0,true,1,0
1773243212000,64.0671766666667,-21.94525,0.0,0.0,0.0,true,2,0
1773243216000,64.0672533333333,-21.94635,4.0,54.2,48.7,false,2,4.0
1773243220000,64.0672533333333,-21.94635,4.0,0.0,0.0,true,1,0
1773243224000,64.0673333333333,-21.94735,4.0,49.4,44.5,false,1,8.0
1773243224000,64.0673333333333,-21.94735,0.0,0.0,0.0,true,1,0
1773243228000,64.06735,-21.9479166666667,4.0,27.6,24.9,false,1,4.0
1773243231000,64.06735,-21.9479166666667,3.0,0.0,0.0,true,1,0
1773243231000,64.06735,-21.9479166666667,0.0,0.0,0.0,true,2,0
1773243234000,64.0673416666667,-21.9481666666667,3.0,12.2,14.6,false,2,6.0
1773243234000,64.0673416666667,-21.9481666666667,0.0,0.0,0.0,true,1,0
1773243239000,64.06734,-21.9482,5.0,1.6,1.2,false,1,5.0
1773243242000,64.06734,-21.9482,3.0,0.0,0.0,true,1,0
1773243244000,64.06734,-21.9482,2.0,0.0,0.0,true,2,0
1773243247000,64.06734,-21.9482,3.0,0.0,0.0,true,3,0
1773243247000,64.06734,-21.9482,0.0,0.0,0.0,true,4,0
1773243249000,64.06734,-21.9482,2.0,0.0,0.0,true,5,0
1773243249000,64.06734,-21.9482,0.0,0.0,0.0,true,6,0
1773243249000,64.06734,-21.9482,0.0,0.0,0.0,true,7,0
1773243256000,64.067335,-21.9482666666667,7.0,3.3,1.7,false,7,17.0
1773243256000,64.067335,-21.9482666666667,0.0,0.0,0.0,true,1,0
1773243256000,64.067335,-21.9482666666667,0.0,0.0,0.0,true,2,0
1773243260000,64.067265,-21.9488666666667,4.0,30.2,27.2,false,2,4.0
1773243265000,64.06713,-21.9498,5.0,47.8,34.4,false,0,5.0
1773243265000,64.06713,-21.9498,0.0,0.0,0.0,true,1,0
1773243269000,64.06713,-21.9498,4.0,0.0,0.0,true,2,0
1773243272000,64.06698,-21.9506666666667,3.0,45.3,54.4,false,2,7.0
1773243272000,64.06698,-21.9506666666667,0.0,0.0,0.0,true,1,0
1773243272000,64.06698,-21.9506666666667,0.0,0.0,0.0,true,2,0
1773243272000,64.06698,-21.9506666666667,0.0,0.0,0.0,true,3,0
1773243277000,64.06685,-21.9515666666667,5.0,46.1,33.2,false,3,5.0
1773243277000,64.06685,-21.9515666666667,0.0,0.0,0.0,true,1,0
1773243277000,64.06685,-21.9515666666667,0.0,0.0,0.0,true,2,0
1773243277000,64.06685,-21.9515666666667,0.0,0.0,0.0,true,3,0
1773243285000,64.066765,-21.9534666666667,8.0,92.9,41.8,false,3,8.0
1773243290000,64.0668466666667,-21.9544166666667,5.0,47.1,33.9,false,0,5.0
1773243290000,64.0668466666667,-21.9544166666667,0.0,0.0,0.0,true,1,0
1773243290000,64.0668466666667,-21.9544166666667,0.0,0.0,0.0,true,2,0
1773243290000,64.0668466666667,-21.9544166666667,0.0,0.0,0.0,true,3,0
1773243290000,64.0668466666667,-21.9544166666667,0.0,0.0,0.0,true,4,0
1773243300000,64.0667666666667,-21.9555333333333,10.0,55.0,19.8,false,4,10.0
1773243300000,64.0667666666667,-21.9555333333333,0.0,0.0,0.0,true,1,0
1773243300000,64.0667666666667,-21.9555333333333,0.0,0.0,0.0,true,2,0
1773243306000,64.0667116666667,-21.9557,6.0,10.2,6.1,false,2,6.0
1773243306000,64.0667116666667,-21.9557,0.0,0.0,0.0,true,1,0
1773243306000,64.0667116666667,-21.9557,0.0,0.0,0.0,true,2,0
1773243310000,64.0666716666667,-21.9558166666667,4.0,7.2,6.5,false,2,4.0
1773243310000,64.0666716666667,-21.9558166666667,0.0,0.0,0.0,true,1,0
1773243310000,64.0666716666667,-21.9558166666667,0.0,0.0,0.0,true,2,0
1773243310000,64.0666716666667,-21.9558166666667,0.0,0.0,0.0,true,3,0
1773243316000,64.0666416666667,-21.9560333333333,6.0,11.1,6.6,false,3,6.0
1773243316000,64.0666416666667,-21.9560333333333,0.0,0.0,0.0,true,1,0
1773243321000,64.0666416666667,-21.9560333333333,5.0,0.0,0.0,true,2,0
1773243321000,64.0666416666667,-21.9560333333333,0.0,0.0,0.0,true,3,0
1773243326000,64.066805,-21.9564833333333,5.0,28.4,20.5,false,3,10.0
1773243326000,64.066805,-21.9564833333333,0.0,0.0,0.0,true,1,0
1773243326000,64.066805,-21.9564833333333,0.0,0.0,0.0,true,2,0
1773243331000,64.067075,-21.95685,5.0,34.9,25.1,false,2,5.0
1773243334000,64.0672583333333,-21.9571166666667,3.0,24.2,29.0,false,0,3.0
1773243336000,64.0672583333333,-21.9571166666667,2.0,0.0,0.0,true,1,0
1773243341000,64.0672866666667,-21.95715,5.0,3.5,2.6,false,1,7.0
1773243341000,64.0672866666667,-21.95715,0.0,0.0,0.0,true,1,0
1773243341000,64.0672866666667,-21.95715,0.0,0.0,0.0,true,2,0
1773243346000,64.0673716666667,-21.9572666666667,5.0,11.0,7.9,false,2,5.0
1773243346000,64.0673716666667,-21.9572666666667,0.0,0.0,0.0,true,1,0
1773243346000,64.0673716666667,-21.9572666666667,0.0,0.0,0.0,true,2,0
1773243350000,64.0674933333333,-21.9573833333333,4.0,14.7,13.2,false,2,4.0
1773243352000,64.0674933333333,-21.9573833333333,2.0,0.0,0.0,true,1,0
1773243356000,64.0676116666667,-21.9572833333333,4.0,14.0,12.6,false,1,6.0
1773243356000,64.0676116666667,-21.9572833333333,0.0,0.0,0.0,true,1,0
1773243356000,64.0676116666667,-21.9572833333333,0.0,0.0,0.0,true,2,0
1773243356000,64.0676116666667,-21.9572833333333,0.0,0.0,0.0,true,3,0
1773243362000,64.0677016666667,-21.95725,6.0,10.1,6.1,false,3,6.0
1773243365000,64.067785,-21.9574,3.0,11.8,14.2,false,0,3.0
1773243367000,64.0678333333333,-21.9574666666667,2.0,6.3,11.3,false,0,2.0
1773243367000,64.0678333333333,-21.9574666666667,0.0,0.0,0.0,true,1,0
1773243370000,64.0678333333333,-21.9574666666667,3.0,0.0,0.0,true,2,0
1773243372000,64.067845,-21.9574833333333,2.0,1.5,2.8,false,2,5.0
1773243374000,64.067845,-21.9574833333333,2.0,0.0,0.0,true,1,0
1773243376000,64.067845,-21.9574833333333,2.0,0.0,0.0,true,2,0
1773243376000,64.067845,-21.9574833333333,0.0,0.0,0.0,true,3,0
1773243380000,64.067845,-21.9574833333333,4.0,0.0,0.0,true,4,0
1773243380000,64.067845,-21.9574833333333,0.0,0.0,0.0,true,5,0
1773243382000,64.067845,-21.9574833333333,2.0,0.0,0.0,true,6,0
1773243389000,64.067845,-21.9574833333333,7.0,0.0,0.0,true,7,0
1773243389000,64.067845,-21.9574833333333,0.0,0.0,0.0,true,8,0
1773243389000,64.067845,-21.9574833333333,0.0,0.0,0.0,true,9,0
1773243391000,64.067845,-21.9574833333333,2.0,0.0,0.0,true,10,0
1773243391000,64.067845,-21.9574833333333,0.0,0.0,0.0,true,11,0
1773243391000,64.067845,-21.9574833333333,0.0,0.0,0.0,true,12,0
1773243398000,64.067845,-21.9574833333333,7.0,0.0,0.0,true,13,0
1773243401000,64.067845,-21.9574833333333,3.0,0.0,0.0,true,14,0
1773243401000,64.067845,-21.9574833333333,0.0,0.0,0.0,true,15,0
1773243401000,64.067845,-21.9574833333333,0.0,0.0,0.0,true,16,0
1773243406000,64.067845,-21.9574833333333,5.0,0.0,0.0,true,17,0
1773243408000,64.0678633333333,-21.9575166666667,2.0,2.6,4.7,false,17,36.0
1773243413000,64.06788,-21.95765,5.0,6.7,4.9,false,0,5.0
1773243413000,64.06788,-21.95765,0.0,0.0,0.0,true,1,0
1773243417000,64.06788,-21.95765,4.0,0.0,0.0,true,2,0
1773243417000,64.06788,-21.95765,0.0,0.0,0.0,true,3,0
1773243417000,64.06788,-21.95765,0.0,0.0,0.0,true,4,0
1773243422000,64.0678816666667,-21.95785,5.0,9.7,7.0,false,4,9.0
1773243422000,64.0678816666667,-21.95785,0.0,0.0,0.0,true,1,0
1773243425000,64.0678916666667,-21.95795,3.0,5.0,6.0,false,1,3.0
1773243427000,64.0678916666667,-21.95795,2.0,0.0,0.0,true,1,0
1773243427000,64.0678916666667,-21.95795,0.0,0.0,0.0,true,2,0
1773243431000,64.0678916666667,-21.95795,4.0,0.0,0.0,true,3,0
1773243433000,64.0678916666667,-21.95795,2.0,0.0,0.0,true,4,0
1773243433000,64.0678916666667,-21.95795,0.0,0.0,0.0,true,5,0
1773243437000,64.0678916666667,-21.95795,4.0,0.0,0.0,true,6,0
1773243442000,64.0679166666667,-21.95805,5.0,5.6,4.0,false,6,17.0
1773243442000,64.0679166666667,-21.95805,0.0,0.0,0.0,true,1,0
1773243445000,64.0681516666667,-21.95845,3.0,32.6,39.1,false,1,3.0
1773243447000,64.0681516666667,-21.95845,2.0,0.0,0.0,true,1,0
1773243447000,64.0681516666667,-21.95845,0.0,0.0,0.0,true,2,0
1773243447000,64.0681516666667,-21.95845,0.0,0.0,0.0,true,3,0
1773243452000,64.0684766666667,-21.9589333333333,5.0,43.1,31.0,false,3,7.0
1773243452000,64.0684766666667,-21.9589333333333,0.0,0.0,0.0,true,1,0
1773243457000,64.0687583333333,-21.9592166666667,5.0,34.2,24.6,false,1,5.0
1773243457000,64.0687583333333,-21.9592166666667,0.0,0.0,0.0,true,1,0
1773243457000,64.0687583333333,-21.9592166666667,0.0,0.0,0.0,true,2,0
1773243462000,64.0690483333333,-21.9592666666667,5.0,32.3,23.3,false,2,5.0
1773243466000,64.069235,-21.9591666666667,4.0,21.3,19.2,false,0,4.0
1773243466000,64.069235,-21.9591666666667,0.0,0.0,0.0,true,1,0
1773243468000,64.069235,-21.9591666666667,2.0,0.0,0.0,true,2,0
1773243468000,64.069235,-21.9591666666667,0.0,0.0,0.0,true,3,0
1773243471000,64.069405,-21.9589,3.0,22.9,27.5,false,3,5.0
1773243477000,64.0695716666667,-21.9585,6.0,26.9,16.1,false,0,6.0
1773243477000,64.0695716666667,-21.9585,0.0,0.0,0.0,true,1,0
1773243477000,64.0695716666667,-21.9585,0.0,0.0,0.0,true,2,0
1773243477000,64.0695716666667,-21.9585,0.0,0.0,0.0,true,3,0
1773243481000,64.0697966666667,-21.9586333333333,4.0,25.8,23.3,false,3,4.0
1773243485000,64.0697916666667,-21.9592,4.0,27.6,24.8,false,0,4.0
1773243487000,64.0697916666667,-21.9592,2.0,0.0,0.0,true,1,0
1773243487000,64.0697916666667,-21.9592,0.0,0.0,0.0,true,2,0
1773243490000,64.069885,-21.9597166666667,3.0,27.2,32.6,false,2,5.0
1773243490000,64.069885,-21.9597166666667,0.0,0.0,0.0,true,1,0
1773243496000,64.0698933333333,-21.9602,6.0,23.5,14.1,false,1,6.0
1773243498000,64.0698933333333,-21.9602,2.0,0.0,0.0,true,1,0
1773243498000,64.0698933333333,-21.9602,0.0,0.0,0.0,true,2,0
1773243500000,64.0698933333333,-21.9602,2.0,0.0,0.0,true,3,0
1773243502000,64.0699366666667,-21.9608166666667,2.0,30.4,54.7,false,3,6.0
1773243502000,64.0699366666667,-21.9608166666667,0.0,0.0,0.0,true,1,0
1773243506000,64.0699066666667,-21.96125,4.0,21.3,19.2,false,1,4.0
1773243508000,64.0699066666667,-21.96125,2.0,0.0,0.0,true,1,0
1773243508000,64.0699066666667,-21.96125,0.0,0.0,0.0,true,2,0
1773243512000,64.069905,-21.9624666666667,4.0,59.2,53.2,false,2,6.0
1773243512000,64.069905,-21.9624666666667,0.0,0.0,0.0,true,1,0
1773243516000,64.0699216666667,-21.9634,4.0,45.4,40.9,false,1,4.0
1773243520000,64.070045,-21.9640166666667,4.0,33.0,29.7,false,0,4.0
1773243520000,64.070045,-21.9640166666667,0.0,0.0,0.0,true,1,0
1773243520000,64.070045,-21.9640166666667,0.0,0.0,0.0,true,2,0
1773243525000,64.0701333333333,-21.9647166666667,5.0,35.4,25.5,false,2,5.0
1773243527000,64.0701333333333,-21.9647166666667,2.0,0.0,0.0,true,1,0
1773243527000,64.0701333333333,-21.9647166666667,0.0,0.0,0.0,true,2,0
1773243531000,64.0704666666667,-21.9652833333333,4.0,46.2,41.6,false,2,6.0
1773243533000,64.0704666666667,-21.9652833333333,2.0,0.0,0.0,true,1,0
1773243533000,64.0704666666667,-21.9652833333333,0.0,0.0,0.0,true,2,0
1773243533000,64.0704666666667,-21.9652833333333,0.0,0.0,0.0,true,3,0
1773243537000,64.0709333333333,-21.9655666666667,4.0,53.7,48.3,false,3,6.0
1773243537000,64.0709333333333,-21.9655666666667,0.0,0.0,0.0,true,1,0
1773243540000,64.0713183333333,-21.9659333333333,3.0,46.4,55.6,false,1,3.0
1773243542000,64.0713183333333,-21.9659333333333,2.0,0.0,0.0,true,1,0
1773243545000,64.0715516666667,-21.9663166666667,3.0,31.9,38.3,false,1,5.0
1773243548000,64.0715516666667,-21.9663166666667,3.0,0.0,0.0,true,1,0
1773243548000,64.0715516666667,-21.9663166666667,0.0,0.0,0.0,true,2,0
1773243551000,64.0717833333333,-21.9661833333333,3.0,26.6,31.9,false,2,6.0
1773243554000,64.0717833333333,-21.9661833333333,3.0,0.0,0.0,true,1,0
1773243556000,64.072085,-21.9661666666667,2.0,33.6,60.4,false,1,5.0
1773243556000,64.072085,-21.9661666666667,0.0,0.0,0.0,true,1,0
1773243560000,64.07231,-21.9662666666667,4.0,25.5,22.9,false,1,4.0
1773243560000,64.07231,-21.9662666666667,0.0,0.0,0.0,true,1,0
1773243560000,64.07231,-21.9662666666667,0.0,0.0,0.0,true,2,0
1773243567000,64.07232,-21.9662666666667,7.0,1.1,0.6,false,2,7.0
1773243567000,64.07232,-21.9662666666667,0.0,0.0,0.0,true,1,0
1773243571000,64.07232,-21.9662666666667,4.0,0.0,0.0,true,2,0
1773243573000,64.07232,-21.9662666666667,2.0,0.0,0.0,true,3,0
1773243573000,64.07232,-21.9662666666667,0.0,0.0,0.0,true,4,0
1773243577000,64.0723466666667,-21.9662833333333,4.0,3.1,2.8,false,4,10.0
1773243577000,64.0723466666667,-21.9662833333333,0.0,0.0,0.0,true,1,0
1773243577000,64.0723466666667,-21.9662833333333,0.0,0.0,0.0,true,2,0
1773243583000,64.0725883333333,-21.96645,6.0,28.1,16.8,false,2,6.0
1773243583000,64.0725883333333,-21.96645,0.0,0.0,0.0,true,1,0
1773243588000,64.07274,-21.9665166666667,5.0,17.2,12.4,false,1,5.0
1773243588000,64.07274,-21.9665166666667,0.0,0.0,0.0,true,1,0
1773243592000,64.0730883333333,-21.9666,4.0,38.9,35.0,false,1,4.0
1773243592000,64.0730883333333,-21.9666,0.0,0.0,0.0,true,1,0
1773243595000,64.073455,-21.9665666666667,3.0,40.8,49.0,false,1,3.0
1773243599000,64.073455,-21.9665666666667,4.0,0.0,0.0,true,1,0
1773243599000,64.073455,-21.9665666666667,0.0,0.0,0.0,true,2,0
1773243601000,64.07392,-21.9665,2.0,51.8,93.3,false,2,6.0
1773243601000,64.07392,-21.9665,0.0,0.0,0.0,true,1,0
1773243601000,64.07392,-21.9665,0.0,0.0,0.0,true,2,0
1773243605000,64.07392,-21.9665,4.0,0.0,0.0,true,3,0
1773243605000,64.07392,-21.9665,0.0,0.0,0.0,true,4,0
1773243610000,64.0744716666667,-21.9664166666667,5.0,61.5,44.3,false,4,9.0
1773243610000,64.0744716666667,-21.9664166666667,0.0,0.0,0.0,true,1,0
1773243615000,64.0751333333333,-21.9663166666667,5.0,73.7,53.1,false,1,5.0
1773243615000,64.0751333333333,-21.9663166666667,0.0,0.0,0.0,true,1,0
1773243619000,64.0758516666667,-21.9661666666667,4.0,80.2,72.2,false,1,4.0
1773243619000,64.0758516666667,-21.9661666666667,0.0,0.0,0.0,true,1,0
1773243622000,64.076635,-21.9661166666667,3.0,87.1,104.6,false,1,3.0
1773243624000,64.076635,-21.9661166666667,2.0,0.0,0.0,true,1,0
1773243624000,64.076635,-21.9661166666667,0.0,0.0,0.0,true,2,0
1773243628000,64.077265,-21.9660166666667,4.0,70.2,63.2,false,2,6.0
1773243631000,64.0776033333333,-21.9658,3.0,39.1,46.9,false,0,3.0
1773243631000,64.0776033333333,-21.9658,0.0,0.0,0.0,true,1,0
1773243633000,64.0776033333333,-21.9658,2.0,0.0,0.0,true,2,0
1773243636000,64.07784,-21.9655666666667,3.0,28.7,34.4,false,2,5.0
1773243636000,64.07784,-21.9655666666667,0.0,0.0,0.0,true,1,0
1773243641000,64.0781733333333,-21.9649833333333,5.0,46.7,33.6,false,1,5.0
1773243641000,64.0781733333333,-21.9649833333333,0.0,0.0,0.0,true,1,0
1773243643000,64.0781733333333,-21.9649833333333,2.0,0.0,0.0,true,2,0
1773243647000,64.0787566666667,-21.9639166666667,4.0,83.0,74.7,false,2,6.0
1773243647000,64.0787566666667,-21.9639166666667,0.0,0.0,0.0,true,1,0
1773243649000,64.079045,-21.9634,2.0,40.7,73.3,false,1,2.0
1773243653000,64.079045,-21.9634,4.0,0.0,0.0,true,1,0
1773243653000,64.079045,-21.9634,0.0,0.0,0.0,true,2,0
1773243655000,64.079045,-21.9634,2.0,0.0,0.0,true,3,0
1773243658000,64.07935,-21.9627,3.0,48.0,57.6,false,3,9.0
1773243658000,64.07935,-21.9627,0.0,0.0,0.0,true,1,0
1773243661000,64.0794883333333,-21.9622166666667,3.0,28.1,33.7,false,1,3.0
1773243663000,64.0794883333333,-21.9622166666667,2.0,0.0,0.0,true,1,0
1773243663000,64.0794883333333,-21.9622166666667,0.0,0.0,0.0,true,2,0
1773243666000,64.07961,-21.9609833333333,3.0,61.5,73.7,false,2,5.0
1773243672000,64.07952,-21.9594833333333,6.0,73.6,44.2,false,0,6.0
1773243672000,64.07952,-21.9594833333333,0.0,0.0,0.0,true,1,0
1773243676000,64.0793883333333,-21.9583333333333,4.0,57.8,52.0,false,1,4.0
1773243676000,64.0793883333333,-21.9583333333333,0.0,0.0,0.0,true,1,0
1773243678000,64.0793883333333,-21.9583333333333,2.0,0.0,0.0,true,2,0
1773243681000,64.0792516666667,-21.9573,3.0,52.5,63.0,false,2,5.0
1773243681000,64.0792516666667,-21.9573,0.0,0.0,0.0,true,1,0
1773243684000,64.0792516666667,-21.9573,3.0,0.0,0.0,true,2,0
1773243687000,64.0791366666667,-21.9564,3.0,45.6,54.7,false,2,6.0
1773243689000,64.0791366666667,-21.9564,2.0,0.0,0.0,true,1,0
1773243689000,64.0791366666667,-21.9564,0.0,0.0,0.0,true,2,0
1773243692000,64.0790266666667,-21.9560166666667,3.0,22.3,26.7,false,2,5.0
1773243692000,64.0790266666667,-21.9560166666667,0.0,0.0,0.0,true,1,0
1773243694000,64.0790266666667,-21.9560166666667,2.0,0.0,0.0,true,2,0
1773243698000,64.0790516666667,-21.9556833333333,4.0,16.4,14.8,false,2,6.0
1773243698000,64.0790516666667,-21.9556833333333,0.0,0.0,0.0,true,1,0
1773243704000,64.078905,-21.9545833333333,6.0,55.9,33.5,false,1,6.0
1773243704000,64.078905,-21.9545833333333,0.0,0.0,0.0,true,1,0
1773243707000,64.078905,-21.9545833333333,3.0,0.0,0.0,true,2,0
1773243707000,64.078905,-21.9545833333333,0.0,0.0,0.0,true,3,0
1773243713000,64.0788383333333,-21.9540666666667,6.0,26.2,15.7,false,3,9.0
1773243713000,64.0788383333333,-21.9540666666667,0.0,0.0,0.0,true,1,0
1773243713000,64.0788383333333,-21.9540666666667,0.0,0.0,0.0,true,2,0
1773243713000,64.0788383333333,-21.9540666666667,0.0,0.0,0.0,true,3,0
1773243717000,64.0788383333333,-21.9540666666667,4.0,0.0,0.0,true,4,0
1773243719000,64.0788383333333,-21.9540666666667,2.0,0.0,0.0,true,5,0
1773243719000,64.0788383333333,-21.9540666666667,0.0,0.0,0.0,true,6,0
1773243726000,64.07875,-21.9533333333333,7.0,37.0,19.0,false,6,13.0
1773243726000,64.07875,-21.9533333333333,0.0,0.0,0.0,true,1,0
1773243730000,64.07875,-21.9533333333333,4.0,0.0,0.0,true,2,0
1773243732000,64.0786033333333,-21.9520666666667,2.0,63.7,114.6,false,2,6.0
1773243732000,64.0786033333333,-21.9520666666667,0.0,0.0,0.0,true,1,0
1773243734000,64.0786033333333,-21.9520666666667,2.0,0.0,0.0,true,2,0
1773243736000,64.07844,-21.9509833333333,2.0,55.7,100.3,false,2,4.0
1773243736000,64.07844,-21.9509833333333,0.0,0.0,0.0,true,1,0
1773243742000,64.0782916666667,-21.95045,6.0,30.7,18.4,false,1,6.0
1773243742000,64.0782916666667,-21.95045,0.0,0.0,0.0,true,1,0
1773243742000,64.0782916666667,-21.95045,0.0,0.0,0.0,true,2,0
1773243742000,64.0782916666667,-21.95045,0.0,0.0,0.0,true,3,0
1773243747000,64.0780816666667,-21.95035,5.0,23.9,17.2,false,3,5.0
1773243750000,64.0780816666667,-21.95035,3.0,0.0,0.0,true,1,0
1773243750000,64.0780816666667,-21.95035,0.0,0.0,0.0,true,2,0
1773243756000,64.077195,-21.9508,6.0,101.0,60.6,false,2,9.0
1773243756000,64.077195,-21.9508,0.0,0.0,0.0,true,1,0
1773243756000,64.077195,-21.9508,0.0,0.0,0.0,true,2,0
1773243759000,64.077195,-21.9508,3.0,0.0,0.0,true,3,0
1773243765000,64.0766983333333,-21.9510833333333,6.0,56.9,34.2,false,3,9.0
1773243765000,64.0766983333333,-21.9510833333333,0.0,0.0,0.0,true,1,0
1773243767000,64.076275,-21.9513333333333,2.0,48.6,87.5,false,1,2.0
1773243770000,64.076275,-21.9513333333333,3.0,0.0,0.0,true,1,0
1773243770000,64.076275,-21.9513333333333,0.0,0.0,0.0,true,2,0
1773243770000,64.076275,-21.9513333333333,0.0,0.0,0.0,true,3,0
1773243776000,64.075835,-21.95165,6.0,51.3,30.8,false,3,9.0
1773243776000,64.075835,-21.95165,0.0,0.0,0.0,true,1,0
1773243776000,64.075835,-21.95165,0.0,0.0,0.0,true,2,0
1773243776000,64.075835,-21.95165,0.0,0.0,0.0,true,3,0
1773243776000,64.075835,-21.95165,0.0,0.0,0.0,true,4,0
1773243776000,64.075835,-21.95165,0.0,0.0,0.0,true,5,0
1773243787000,64.0758366666667,-21.95165,11.0,0.2,0.1,true,6,0
1773243787000,64.0758366666667,-21.95165,0.0,0.0,0.0,true,7,0
1773243787000,64.0758366666667,-21.95165,0.0,0.0,0.0,true,8,0
1773243793000,64.0757866666667,-21.9517,6.0,6.1,3.6,false,8,17.0
1773243793000,64.0757866666667,-21.9517,0.0,0.0,0.0,true,1,0
1773243795000,64.07554,-21.9518666666667,2.0,28.6,51.5,false,1,2.0
1773243799000,64.0753316666667,-21.9518166666667,4.0,23.3,21.0,false,0,4.0
1773243799000,64.0753316666667,-21.9518166666667,0.0,0.0,0.0,true,1,0
1773243799000,64.0753316666667,-21.9518166666667,0.0,0.0,0.0,true,2,0
1773243802000,64.0753316666667,-21.9518166666667,3.0,0.0,0.0,true,3,0
1773243810000,64.0751816666667,-21.9502666666667,8.0,77.2,34.7,false,3,11.0
1773243810000,64.0751816666667,-21.9502666666667,0.0,0.0,0.0,true,1,0
1773243812000,64.0751816666667,-21.9502666666667,2.0,0.0,0.0,true,2,0
1773243812000,64.0751816666667,-21.9502666666667,0.0,0.0,0.0,true,3,0
1773243814000,64.0752416666667,-21.9491,2.0,57.1,102.8,false,3,4.0
1773243817000,64.0752416666667,-21.9491,3.0,0.0,0.0,true,1,0
1773243817000,64.0752416666667,-21.9491,0.0,0.0,0.0,true,2,0
1773243820000,64.0753116666667,-21.9480166666667,3.0,53.2,63.9,false,2,6.0
1773243822000,64.0753116666667,-21.9480166666667,2.0,0.0,0.0,true,1,0
1773243824000,64.0753683333333,-21.94725,2.0,37.8,68.0,false,1,4.0
1773243828000,64.0753683333333,-21.94725,4.0,0.0,0.0,true,1,0
1773243828000,64.0753683333333,-21.94725,0.0,0.0,0.0,true,2,0
1773243831000,64.0754166666667,-21.9464666666667,3.0,38.5,46.1,false,2,7.0
1773243833000,64.0754166666667,-21.9464666666667,2.0,0.0,0.0,true,1,0
1773243833000,64.0754166666667,-21.9464666666667,0.0,0.0,0.0,true,2,0
1773243833000,64.0754166666667,-21.9464666666667,0.0,0.0,0.0,true,3,0
1773243838000,64.0754266666667,-21.94595,5.0,25.1,18.1,false,3,7.0
1773243838000,64.0754266666667,-21.94595,0.0,0.0,0.0,true,1,0
1773243845000,64.0754266666667,-21.9459166666667,7.0,1.6,0.8,false,1,7.0
1773243845000,64.0754266666667,-21.9459166666667,0.0,0.0,0.0,true,1,0
1773243847000,64.0754266666667,-21.9459166666667,2.0,0.0,0.0,true,2,0
1773243847000,64.0754266666667,-21.9459166666667,0.0,0.0,0.0,true,3,0
1773243847000,64.0754266666667,-21.9459166666667,0.0,0.0,0.0,true,4,0
1773243847000,64.0754266666667,-21.9459166666667,0.0,0.0,0.0,true,5,0
1773243847000,64.0754266666667,-21.9459166666667,0.0,0.0,0.0,true,6,0
1773243847000,64.0754266666667,-21.9459166666667,0.0,0.0,0.0,true,7,0
1773243847000,64.0754266666667,-21.9459166666667,0.0,0.0,0.0,true,8,0
1773243862000,64.0755016666667,-21.9452833333333,15.0,31.9,7.7,false,8,17.0
1773243864000,64.0755016666667,-21.9452833333333,2.0,0.0,0.0,true,1,0
1773243864000,64.0755016666667,-21.9452833333333,0.0,0.0,0.0,true,2,0
1773243867000,64.075545,-21.9445833333333,3.0,34.4,41.2,false,2,5.0
1773243867000,64.075545,-21.9445833333333,0.0,0.0,0.0,true,1,0
1773243870000,64.075545,-21.9445833333333,3.0,0.0,0.0,true,2,0
1773243872000,64.0755833333333,-21.9439333333333,2.0,31.9,57.4,false,2,5.0
1773243872000,64.0755833333333,-21.9439333333333,0.0,0.0,0.0,true,1,0
1773243877000,64.0756233333333,-21.9433166666667,5.0,30.3,21.8,false,1,5.0
1773243877000,64.0756233333333,-21.9433166666667,0.0,0.0,0.0,true,1,0
1773243877000,64.0756233333333,-21.9433166666667,0.0,0.0,0.0,true,2,0
1773243884000,64.0756716666667,-21.94275,7.0,28.1,14.4,false,2,7.0
1773243884000,64.0756716666667,-21.94275,0.0,0.0,0.0,true,1,0
1773243888000,64.0756716666667,-21.94275,4.0,0.0,0.0,true,2,0
1773243888000,64.0756716666667,-21.94275,0.0,0.0,0.0,true,3,0
1773243890000,64.0756733333333,-21.9427333333333,2.0,0.8,1.5,false,3,6.0
1773243893000,64.0756733333333,-21.9427333333333,3.0,0.0,0.0,true,1,0
1773243893000,64.0756733333333,-21.9427333333333,0.0,0.0,0.0,true,2,0
1773243896000,64.0756733333333,-21.9427333333333,3.0,0.0,0.0,true,3,0
1773243900000,64.0756733333333,-21.9427333333333,4.0,0.0,0.0,true,4,0
1773243900000,64.0756733333333,-21.9427333333333,0.0,0.0,0.0,true,5,0
1773243903000,64.0756783333333,-21.94265,3.0,4.1,4.9,false,5,13.0
1773243903000,64.0756783333333,-21.94265,0.0,0.0,0.0,true,1,0
1773243908000,64.0756916666667,-21.94235,5.0,14.7,10.6,false,1,5.0
1773243908000,64.0756916666667,-21.94235,0.0,0.0,0.0,true,1,0
1773243908000,64.0756916666667,-21.94235,0.0,0.0,0.0,true,2,0
1773243912000,64.0757283333333,-21.94205,4.0,15.1,13.6,false,2,4.0
1773243914000,64.0757283333333,-21.94205,2.0,0.0,0.0,true,1,0
1773243914000,64.0757283333333,-21.94205,0.0,0.0,0.0,true,2,0
1773243919000,64.07573,-21.9420333333333,5.0,0.8,0.6,false,2,7.0
1773243919000,64.07573,-21.9420333333333,0.0,0.0,0.0,true,1,0
1773243919000,64.07573,-21.9420333333333,0.0,0.0,0.0,true,2,0
1773243927000,64.07573,-21.9420333333333,8.0,0.0,0.0,true,3,0
1773243927000,64.07573,-21.9420333333333,0.0,0.0,0.0,true,4,0
1773243927000,64.07573,-21.9420333333333,0.0,0.0,0.0,true,5,0
1773243929000,64.07573,-21.9420333333333,2.0,0.0,0.0,true,6,0
1773243931000,64.07573,-21.9420333333333,2.0,0.0,0.0,true,7,0
1773243935000,64.0757483333333,-21.9419666666667,4.0,3.8,3.4,false,7,16.0
1773243937000,64.0757566666667,-21.9419333333333,2.0,1.9,3.4,false,0,2.0
1773243941000,64.0757566666667,-21.9419333333333,4.0,0.0,0.0,true,1,0
1773243941000,64.0757566666667,-21.9419333333333,0.0,0.0,0.0,true,2,0
1773243941000,64.0757566666667,-21.9419333333333,0.0,0.0,0.0,true,3,0
1773243946000,64.075795,-21.9417666666667,5.0,9.2,6.6,false,3,9.0
1773243946000,64.075795,-21.9417666666667,0.0,0.0,0.0,true,1,0
1773243948000,64.075795,-21.9417666666667,2.0,0.0,0.0,true,2,0
1773243952000,64.0758583333333,-21.9414,4.0,19.2,17.2,false,2,6.0
1773243952000,64.0758583333333,-21.9414,0.0,0.0,0.0,true,1,0
1773243952000,64.0758583333333,-21.9414,0.0,0.0,0.0,true,2,0
1773243956000,64.0759816666667,-21.9409166666667,4.0,27.2,24.5,false,2,4.0
1773243959000,64.0759816666667,-21.9409166666667,3.0,0.0,0.0,true,1,0
1773243964000,64.0759833333333,-21.9409,5.0,0.8,0.6,false,1,8.0
1773243967000,64.0759833333333,-21.9409,3.0,0.0,0.0,true,1,0
1773243967000,64.0759833333333,-21.9409,0.0,0.0,0.0,true,2,0
1773243967000,64.0759833333333,-21.9409,0.0,0.0,0.0,true,3,0
1773243972000,64.0759833333333,-21.9408,5.0,4.9,3.5,false,3,8.0
1773243972000,64.0759833333333,-21.9408,0.0,0.0,0.0,true,1,0
1773243979000,64.0759233333333,-21.9404666666667,7.0,17.5,9.0,false,1,7.0
1773243979000,64.0759233333333,-21.9404666666667,0.0,0.0,0.0,true,1,0
1773243981000,64.076035,-21.9399666666667,2.0,27.3,49.1,false,1,2.0
1773243981000,64.076035,-21.9399666666667,0.0,0.0,0.0,true,1,0
1773243981000,64.076035,-21.9399666666667,0.0,0.0,0.0,true,2,0
1773243981000,64.076035,-21.9399666666667,0.0,0.0,0.0,true,3,0
1773243981000,64.076035,-21.9399666666667,0.0,0.0,0.0,true,4,0
1773243989000,64.0762566666667,-21.93945,8.0,35.2,15.8,false,4,8.0
1773243993000,64.0764416666667,-21.93875,4.0,39.8,35.8,false,0,4.0
1773243993000,64.0764416666667,-21.93875,0.0,0.0,0.0,true,1,0
1773243998000,64.0766216666667,-21.93805,5.0,39.5,28.4,false,1,5.0
1773243998000,64.0766216666667,-21.93805,0.0,0.0,0.0,true,1,0
1773244002000,64.0767983333333,-21.9373666666667,4.0,38.6,34.7,false,1,4.0
1773244002000,64.0767983333333,-21.9373666666667,0.0,0.0,0.0,true,1,0
1773244004000,64.0767983333333,-21.9373666666667,2.0,0.0,0.0,true,2,0
1773244006000,64.0768666666667,-21.9368833333333,2.0,24.7,44.4,false,2,4.0
1773244006000,64.0768666666667,-21.9368833333333,0.0,0.0,0.0,true,1,0
1773244012000,64.0769,-21.9367166666667,6.0,8.9,5.3,false,1,6.0
1773244012000,64.0769,-21.9367166666667,0.0,0.0,0.0,true,1,0
1773244015000,64.0769016666667,-21.9367166666667,3.0,0.2,0.2,true,2,0
1773244015000,64.0769016666667,-21.9367166666667,0.0,0.0,0.0,true,3,0
1773244017000,64.0769016666667,-21.9367166666667,2.0,0.0,0.0,true,4,0
1773244021000,64.0769016666667,-21.9367166666667,4.0,0.0,0.0,true,5,0
1773244024000,64.0769016666667,-21.9367166666667,3.0,0.0,0.0,true,6,0
1773244026000,64.0769016666667,-21.9367166666667,2.0,0.0,0.0,true,7,0
1773244026000,64.0769016666667,-21.9367166666667,0.0,0.0,0.0,true,8,0
1773244026000,64.0769016666667,-21.9367166666667,0.0,0.0,0.0,true,9,0
1773244029000,64.0769016666667,-21.9367166666667,3.0,0.0,0.0,true,10,0
1773244032000,64.0769016666667,-21.9367166666667,3.0,0.0,0.0,true,11,0
1773244032000,64.0769016666667,-21.9367166666667,0.0,0.0,0.0,true,12,0
1773244037000,64.0769016666667,-21.9367166666667,5.0,0.0,0.0,true,13,0
1773244037000,64.0769016666667,-21.9367166666667,0.0,0.0,0.0,true,14,0
1773244037000,64.0769016666667,-21.9367166666667,0.0,0.0,0.0,true,15,0
1773244042000,64.0769016666667,-21.9367166666667,5.0,0.0,0.0,true,16,0
1773244044000,64.0769016666667,-21.9367166666667,2.0,0.0,0.0,true,17,0
1773244044000,64.0769016666667,-21.9367166666667,0.0,0.0,0.0,true,18,0
1773244049000,64.0769016666667,-21.9367166666667,5.0,0.0,0.0,true,19,0
1773244049000,64.0769016666667,-21.9367166666667,0.0,0.0,0.0,true,20,0
1773244053000,64.0769016666667,-21.9367166666667,4.0,0.0,0.0,true,21,0
1773244055000,64.0769016666667,-21.9367166666667,2.0,0.0,0.0,true,22,0
1773244058000,64.0769016666667,-21.9367166666667,3.0,0.0,0.0,true,23,0
1773244058000,64.0769016666667,-21.9367166666667,0.0,0.0,0.0,true,24,0
1773244058000,64.0769016666667,-21.9367166666667,0.0,0.0,0.0,true,25,0
1773244062000,64.0769016666667,-21.9367166666667,4.0,0.0,0.0,true,26,0
1773244062000,64.0769016666667,-21.9367166666667,0.0,0.0,0.0,true,27,0
1773244062000,64.0769016666667,-21.9367166666667,0.0,0.0,0.0,true,28,0
1773244069000,64.0769016666667,-21.9367166666667,7.0,0.0,0.0,true,29,0
1773244069000,64.0769016666667,-21.9367166666667,0.0,0.0,0.0,true,30,0
1773244069000,64.0769016666667,-21.9367166666667,0.0,0.0,0.0,true,31,0
1773244073000,64.0769016666667,-21.9367166666667,4.0,0.0,0.0,true,32,0
1773244077000,64.0769016666667,-21.9367166666667,4.0,0.0,0.0,true,33,0
1773244079000,64.0769016666667,-21.9367166666667,2.0,0.0,0.0,true,34,0
1773244079000,64.0769016666667,-21.9367166666667,0.0,0.0,0.0,true,35,0
1773244084000,64.0769016666667,-21.9367166666667,5.0,0.0,0.0,true,36,0
1773244084000,64.0769016666667,-21.9367166666667,0.0,0.0,0.0,true,37,0
1773244084000,64.0769016666667,-21.9367166666667,0.0,0.0,0.0,true,38,0
1773244090000,64.0769016666667,-21.9367166666667,6.0,0.0,0.0,true,39,0
1773244090000,64.0769016666667,-21.9367166666667,0.0,0.0,0.0,true,40,0
1773244093000,64.0769016666667,-21.9367166666667,3.0,0.0,0.0,true,41,0
1773244097000,64.0769016666667,-21.9367166666667,4.0,0.0,0.0,true,42,0
1773244097000,64.0769016666667,-21.9367166666667,0.0,0.0,0.0,true,43,0
1773244099000,64.0769016666667,-21.9367166666667,2.0,0.0,0.0,true,44,0
1773244103000,64.0769016666667,-21.9367166666667,4.0,0.0,0.0,true,45,0
1773244103000,64.0769016666667,-21.9367166666667,0.0,0.0,0.0,true,46,0
1773244105000,64.0769016666667,-21.9367166666667,2.0,0.0,0.0,true,47,0
1773244110000,64.0769016666667,-21.9367166666667,5.0,0.0,0.0,true,48,0
1773244110000,64.0769016666667,-21.9367166666667,0.0,0.0,0.0,true,49,0
1773244113000,64.0769016666667,-21.9367166666667,3.0,0.0,0.0,true,50,0
1773244115000,64.0769016666667,-21.9367166666667,2.0,0.0,0.0,true,51,0
1773244115000,64.0769016666667,-21.9367166666667,0.0,0.0,0.0,true,52,0
1773244120000,64.0769016666667,-21.9367166666667,5.0,0.0,0.0,true,53,0
1773244120000,64.0769016666667,-21.9367166666667,0.0,0.0,0.0,true,54,0
1773244120000,64.0769016666667,-21.9367166666667,0.0,0.0,0.0,true,55,0
1773244125000,64.0769016666667,-21.9367166666667,5.0,0.0,0.0,true,56,0
1773244125000,64.0769016666667,-21.9367166666667,0.0,0.0,0.0,true,57,0
1773244125000,64.0769016666667,-21.9367166666667,0.0,0.0,0.0,true,58,0
1773244129000,64.0769016666667,-21.9367166666667,4.0,0.0,0.0,true,59,0
1773244133000,64.0769016666667,-21.9367166666667,4.0,0.0,0.0,true,60,0
1773244135000,64.0769016666667,-21.9367166666667,2.0,0.0,0.0,true,61,0
1773244138000,64.0769016666667,-21.9367166666667,3.0,0.0,0.0,true,62,0
1773244138000,64.0769016666667,-21.9367166666667,0.0,0.0,0.0,true,63,0
1773244140000,64.0769016666667,-21.9367166666667,2.0,0.0,0.0,true,64,0
1773244144000,64.0769016666667,-21.9367166666667,4.0,0.0,0.0,true,65,0
1773244144000,64.0769016666667,-21.9367166666667,0.0,0.0,0.0,true,66,0
1773244146000,64.0769016666667,-21.9367166666667,2.0,0.0,0.0,true,67,0
1773244149000,64.0769016666667,-21.9367166666667,3.0,0.0,0.0,true,68,0
1773244149000,64.0769016666667,-21.9367166666667,0.0,0.0,0.0,true,69,0
1773244149000,64.0769016666667,-21.9367166666667,0.0,0.0,0.0,true,70,0
1773244153000,64.0769016666667,-21.9367166666667,4.0,0.0,0.0,true,71,0
1773244153000,64.0769016666667,-21.9367166666667,0.0,0.0,0.0,true,72,0
1773244155000,64.0769016666667,-21.9367166666667,2.0,0.0,0.0,true,73,0
1773244164000,64.0769016666667,-21.9367166666667,9.0,0.0,0.0,true,74,0
1773244164000,64.0769016666667,-21.9367166666667,0.0,0.0,0.0,true,75,0
1773244164000,64.0769016666667,-21.9367166666667,0.0,0.0,0.0,true,76,0
1773244169000,64.0769016666667,-21.9367166666667,5.0,0.0,0.0,true,77,0
1773244169000,64.0769016666667,-21.9367166666667,0.0,0.0,0.0,true,78,0
1773244169000,64.0769016666667,-21.9367166666667,0.0,0.0,0.0,true,79,0
1773244173000,64.0769016666667,-21.9367166666667,4.0,0.0,0.0,true,80,0
1773244173000,64.0769016666667,-21.9367166666667,0.0,0.0,0.0,true,81,0
1773244175000,64.0769016666667,-21.9367166666667,2.0,0.0,0.0,true,82,0
1773244175000,64.0769016666667,-21.9367166666667,0.0,0.0,0.0,true,83,0
1773244179000,64.0769016666667,-21.9367166666667,4.0,0.0,0.0,true,84,0
1773244181000,64.0769016666667,-21.9367166666667,2.0,0.0,0.0,true,85,0
1773244181000,64.0769016666667,-21.9367166666667,0.0,0.0,0.0,true,86,0
1773244186000,64.0769016666667,-21.9367166666667,5.0,0.0,0.0,true,87,0
1773244190000,64.0769016666667,-21.9367166666667,4.0,0.0,0.0,true,88,0
1773244190000,64.0769016666667,-21.9367166666667,0.0,0.0,0.0,true,89,0
1773244193000,64.0769016666667,-21.9367166666667,3.0,0.0,0.0,true,90,0
1773244195000,64.0769016666667,-21.9367166666667,2.0,0.0,0.0,true,91,0
1773244195000,64.0769016666667,-21.9367166666667,0.0,0.0,0.0,true,92,0
1773244199000,64.0769016666667,-21.9367166666667,4.0,0.0,0.0,true,93,0
1773244201000,64.0769016666667,-21.9367166666667,2.0,0.0,0.0,true,94,0
1773244201000,64.0769016666667,-21.9367166666667,0.0,0.0,0.0,true,95,0
1773244205000,64.0769016666667,-21.9367166666667,4.0,0.0,0.0,true,96,0
1773244207000,64.0769016666667,-21.9367166666667,2.0,0.0,0.0,true,97,0
1773244207000,64.0769016666667,-21.9367166666667,0.0,0.0,0.0,true,98,0
1773244211000,64.0769016666667,-21.9367166666667,4.0,0.0,0.0,true,99,0
1773244214000,64.0769016666667,-21.9367166666667,3.0,0.0,0.0,true,100,0
1773244214000,64.0769016666667,-21.9367166666667,0.0,0.0,0.0,true,101,0
1773244218000,64.0769016666667,-21.9367166666667,4.0,0.0,0.0,true,102,0
1773244218000,64.0769016666667,-21.9367166666667,0.0,0.0,0.0,true,103,0
1773244220000,64.0769016666667,-21.9367166666667,2.0,0.0,0.0,true,104,0
1773244225000,64.0769016666667,-21.9367166666667,5.0,0.0,0.0,true,105,0
1773244225000,64.0769016666667,-21.9367166666667,0.0,0.0,0.0,true,106,0
1773244225000,64.0769016666667,-21.9367166666667,0.0,0.0,0.0,true,107,0
1773244225000,64.0769016666667,-21.9367166666667,0.0,0.0,0.0,true,108,0
1773244230000,64.0769016666667,-21.9367166666667,5.0,0.0,0.0,true,109,0
1773244230000,64.0769016666667,-21.9367166666667,0.0,0.0,0.0,true,110,0
1773244230000,64.0769016666667,-21.9367166666667,0.0,0.0,0.0,true,111,0
1773244230000,64.0769016666667,-21.9367166666667,0.0,0.0,0.0,true,112,0
1773244240000,64.0769016666667,-21.9367166666667,10.0,0.0,0.0,true,113,0
1773244240000,64.0769016666667,-21.9367166666667,0.0,0.0,0.0,true,114,0
1773244240000,64.0769016666667,-21.9367166666667,0.0,0.0,0.0,true,115,0
1773244240000,64.0769016666667,-21.9367166666667,0.0,0.0,0.0,true,116,0
1773244245000,64.0769016666667,-21.9367166666667,5.0,0.0,0.0,true,117,0
1773244251000,64.0769016666667,-21.9367166666667,6.0,0.0,0.0,true,118,0
1773244251000,64.0769016666667,-21.9367166666667,0.0,0.0,0.0,true,119,0
1773244255000,64.0769016666667,-21.9367166666667,4.0,0.0,0.0,true,120,0
1773244255000,64.0769016666667,-21.9367166666667,0.0,0.0,0.0,true,121,0
1773244258000,64.0769016666667,-21.9367166666667,3.0,0.0,0.0,true,122,0
1773244260000,64.0769016666667,-21.9367166666667,2.0,0.0,0.0,true,123,0
1773244260000,64.0769016666667,-21.9367166666667,0.0,0.0,0.0,true,124,0
1773244260000,64.0769016666667,-21.9367166666667,0.0,0.0,0.0,true,125,0
1773244264000,64.0769016666667,-21.9367166666667,4.0,0.0,0.0,true,126,0
1773244266000,64.0769016666667,-21.9367166666667,2.0,0.0,0.0,true,127,0
1773244270000,64.0769016666667,-21.9367166666667,4.0,0.0,0.0,true,128,0
1773244270000,64.0769016666667,-21.9367166666667,0.0,0.0,0.0,true,129,0
1773244270000,64.0769016666667,-21.9367166666667,0.0,0.0,0.0,true,130,0
1773244275000,64.0769016666667,-21.9367166666667,5.0,0.0,0.0,true,131,0
1773244275000,64.0769016666667,-21.9367166666667,0.0,0.0,0.0,true,132,0
1773244278000,64.0769016666667,-21.9367166666667,3.0,0.0,0.0,true,133,0
1773244280000,64.0769016666667,-21.9367166666667,2.0,0.0,0.0,true,134,0
1773244280000,64.0769016666667,-21.9367166666667,0.0,0.0,0.0,true,135,0
1773244280000,64.0769016666667,-21.9367166666667,0.0,0.0,0.0,true,136,0
1773244286000,64.0769016666667,-21.9367166666667,6.0,0.0,0.0,true,137,0
1773244286000,64.0769016666667,-21.9367166666667,0.0,0.0,0.0,true,138,0
1773244290000,64.0769016666667,-21.9367166666667,4.0,0.0,0.0,true,139,0
1773244290000,64.0769016666667,-21.9367166666667,0.0,0.0,0.0,true,140,0
1773244295000,64.0769016666667,-21.9367166666667,5.0,0.0,0.0,true,141,0
1773244295000,64.0769016666667,-21.9367166666667,0.0,0.0,0.0,true,142,0
1773244295000,64.0769016666667,-21.9367166666667,0.0,0.0,0.0,true,143,0
1773244300000,64.0769016666667,-21.9367166666667,5.0,0.0,0.0,true,144,0
1773244300000,64.0769016666667,-21.9367166666667,0.0,0.0,0.0,true,145,0
1773244305000,64.0769016666667,-21.9367166666667,5.0,0.0,0.0,true,146,0
1773244305000,64.0769016666667,-21.9367166666667,0.0,0.0,0.0,true,147,0
1773244305000,64.0769016666667,-21.9367166666667,0.0,0.0,0.0,true,148,0
1773244305000,64.0769016666667,-21.9367166666667,0.0,0.0,0.0,true,149,0
1773244312000,64.0769016666667,-21.9367166666667,7.0,0.0,0.0,true,150,0
1773244312000,64.0769016666667,-21.9367166666667,0.0,0.0,0.0,true,151,0
1773244312000,64.0769016666667,-21.9367166666667,0.0,0.0,0.0,true,152,0
1773244312000,64.0769016666667,-21.9367166666667,0.0,0.0,0.0,true,153,0
1773244312000,64.0769016666667,-21.9367166666667,0.0,0.0,0.0,true,154,0
1773244312000,64.0769016666667,-21.9367166666667,0.0,0.0,0.0,true,155,0
1773244325000,64.076955,-21.9366166666667,13.0,7.7,2.1,false,155,313.0
1773244330000,64.07705,-21.9359166666667,5.0,35.6,25.7,false,0,5.0
1773244330000,64.07705,-21.9359166666667,0.0,0.0,0.0,true,1,0
1773244330000,64.07705,-21.9359166666667,0.0,0.0,0.0,true,2,0
1773244335000,64.0770416666667,-21.9358166666667,5.0,4.9,3.6,false,2,5.0
1773244335000,64.0770416666667,-21.9358166666667,0.0,0.0,0.0,true,1,0
1773244337000,64.0770416666667,-21.9358166666667,2.0,0.0,0.0,true,2,0
1773244337000,64.0770416666667,-21.9358166666667,0.0,0.0,0.0,true,3,0
1773244341000,64.077015,-21.93545,4.0,18.1,16.3,false,3,6.0
1773244341000,64.077015,-21.93545,0.0,0.0,0.0,true,1,0
1773244345000,64.07721,-21.93545,4.0,21.7,19.5,false,1,4.0
1773244347000,64.07721,-21.93545,2.0,0.0,0.0,true,1,0
1773244347000,64.07721,-21.93545,0.0,0.0,0.0,true,2,0
1773244349000,64.07721,-21.93545,2.0,0.0,0.0,true,3,0
1773244354000,64.07703,-21.9364333333333,5.0,51.8,37.3,false,3,9.0
1773244354000,64.07703,-21.9364333333333,0.0,0.0,0.0,true,1,0
1773244354000,64.07703,-21.9364333333333,0.0,0.0,0.0,true,2,0
1773244360000,64.0768866666667,-21.9371166666667,6.0,36.8,22.1,false,2,6.0
1773244360000,64.0768866666667,-21.9371166666667,0.0,0.0,0.0,true,1,0
1773244365000,64.0768866666667,-21.9371166666667,5.0,0.0,0.0,true,2,0
1773244365000,64.0768866666667,-21.9371166666667,0.0,0.0,0.0,true,3,0
1773244368000,64.076685,-21.9379333333333,3.0,45.6,54.7,false,3,8.0
1773244368000,64.076685,-21.9379333333333,0.0,0.0,0.0,true,1,0
1773244368000,64.076685,-21.9379333333333,0.0,0.0,0.0,true,2,0
1773244371000,64.076535,-21.9385166666667,3.0,32.9,39.5,false,2,3.0
1773244371000,64.076535,-21.9385166666667,0.0,0.0,0.0,true,1,0
1773244371000,64.076535,-21.9385166666667,0.0,0.0,0.0,true,2,0
1773244377000,64.0764133333333,-21.9389833333333,6.0,26.4,15.8,false,2,6.0
1773244377000,64.0764133333333,-21.9389833333333,0.0,0.0,0.0,true,1,0
1773244382000,64.0763183333333,-21.9393666666667,5.0,21.4,15.4,false,1,5.0
1773244385000,64.0763183333333,-21.9393666666667,3.0,0.0,0.0,true,1,0
1773244387000,64.07625,-21.9396333333333,2.0,15.0,27.0,false,1,5.0
1773244387000,64.07625,-21.9396333333333,0.0,0.0,0.0,true,1,0
1773244393000,64.0762483333333,-21.9396333333333,6.0,0.2,0.1,true,2,0
1773244393000,64.0762483333333,-21.9396333333333,0.0,0.0,0.0,true,3,0
1773244393000,64.0762483333333,-21.9396333333333,0.0,0.0,0.0,true,4,0
1773244396000,64.0762333333333,-21.9397,3.0,3.6,4.4,false,4,9.0
1773244399000,64.0762066666667,-21.94,3.0,14.9,17.9,false,0,3.0
1773244399000,64.0762066666667,-21.94,0.0,0.0,0.0,true,1,0
1773244399000,64.0762066666667,-21.94,0.0,0.0,0.0,true,2,0
1773244405000,64.0762733333333,-21.9404,6.0,20.8,12.5,false,2,6.0
1773244408000,64.0762733333333,-21.9404,3.0,0.0,0.0,true,1,0
1773244408000,64.0762733333333,-21.9404,0.0,0.0,0.0,true,2,0
1773244412000,64.07619,-21.9407833333333,4.0,20.8,18.7,false,2,7.0
1773244412000,64.07619,-21.9407833333333,0.0,0.0,0.0,true,1,0
1773244414000,64.07619,-21.9407833333333,2.0,0.0,0.0,true,2,0
1773244414000,64.07619,-21.9407833333333,0.0,0.0,0.0,true,3,0
1773244419000,64.0761766666667,-21.9408,5.0,1.7,1.2,false,3,7.0
1773244419000,64.0761766666667,-21.9408,0.0,0.0,0.0,true,1,0
1773244419000,64.0761766666667,-21.9408,0.0,0.0,0.0,true,2,0
1773244419000,64.0761766666667,-21.9408,0.0,0.0,0.0,true,3,0
1773244419000,64.0761766666667,-21.9408,0.0,0.0,0.0,true,4,0
1773244419000,64.0761766666667,-21.9408,0.0,0.0,0.0,true,5,0
1773244419000,64.0761766666667,-21.9408,0.0,0.0,0.0,true,6,0
1773244419000,64.0761766666667,-21.9408,0.0,0.0,0.0,true,7,0
1773244419000,64.0761766666667,-21.9408,0.0,0.0,0.0,true,8,0
1773244419000,64.0761766666667,-21.9408,0.0,0.0,0.0,true,9,0
1773244419000,64.0761766666667,-21.9408,0.0,0.0,0.0,true,10,0
1773244419000,64.0761766666667,-21.9408,0.0,0.0,0.0,true,11,0
1773244443000,64.0759283333333,-21.9415333333333,24.0,45.1,6.8,false,11,24.0
1773244447000,64.0759266666667,-21.94155,4.0,0.8,0.7,false,0,4.0
1773244450000,64.075915,-21.9416333333333,3.0,4.3,5.1,false,0,3.0
1773244450000,64.075915,-21.9416333333333,0.0,0.0,0.0,true,1,0
1773244453000,64.075915,-21.9416333333333,3.0,0.0,0.0,true,2,0
1773244453000,64.075915,-21.9416333333333,0.0,0.0,0.0,true,3,0
1773244455000,64.0758633333333,-21.942,2.0,18.7,33.7,false,3,5.0
1773244459000,64.0757966666667,-21.9425,4.0,25.4,22.9,false,0,4.0
1773244459000,64.0757966666667,-21.9425,0.0,0.0,0.0,true,1,0
1773244461000,64.0757966666667,-21.9425,2.0,0.0,0.0,true,2,0
1773244466000,64.0757283333333,-21.9431666666667,5.0,33.3,24.0,false,2,7.0
1773244466000,64.0757283333333,-21.9431666666667,0.0,0.0,0.0,true,1,0
1773244470000,64.0757033333333,-21.9435166666667,4.0,17.2,15.5,false,1,4.0
1773244470000,64.0757033333333,-21.9435166666667,0.0,0.0,0.0,true,1,0
1773244470000,64.0757033333333,-21.9435166666667,0.0,0.0,0.0,true,2,0
1773244475000,64.0756766666667,-21.9438833333333,5.0,18.1,13.0,false,2,5.0
1773244475000,64.0756766666667,-21.9438833333333,0.0,0.0,0.0,true,1,0
1773244480000,64.0756766666667,-21.9439,5.0,0.8,0.6,false,1,5.0
1773244480000,64.0756766666667,-21.9439,0.0,0.0,0.0,true,1,0
1773244486000,64.0756733333333,-21.9439666666667,6.0,3.3,2.0,false,1,6.0
1773244486000,64.0756733333333,-21.9439666666667,0.0,0.0,0.0,true,1,0
1773244486000,64.0756733333333,-21.9439666666667,0.0,0.0,0.0,true,2,0
1773244486000,64.0756733333333,-21.9439666666667,0.0,0.0,0.0,true,3,0
1773244494000,64.0756416666667,-21.9444166666667,8.0,22.2,10.0,false,3,8.0
1773244496000,64.0755966666667,-21.94515,2.0,36.0,64.8,false,0,2.0
1773244496000,64.0755966666667,-21.94515,0.0,0.0,0.0,true,1,0
1773244496000,64.0755966666667,-21.94515,0.0,0.0,0.0,true,2,0
1773244500000,64.0755966666667,-21.94515,4.0,0.0,0.0,true,3,0
1773244504000,64.0755416666667,-21.94595,4.0,39.4,35.4,false,3,8.0
1773244504000,64.0755416666667,-21.94595,0.0,0.0,0.0,true,1,0
1773244506000,64.0754916666667,-21.94675,2.0,39.3,70.7,false,1,2.0
1773244511000,64.0754333333333,-21.9476,5.0,41.8,30.1,false,0,5.0
1773244516000,64.0753733333333,-21.9485,5.0,44.3,31.9,false,0,5.0
1773244516000,64.0753733333333,-21.9485,0.0,0.0,0.0,true,1,0
1773244516000,64.0753733333333,-21.9485,0.0,0.0,0.0,true,2,0
1773244521000,64.0753116666667,-21.94945,5.0,46.7,33.6,false,2,5.0
1773244523000,64.0753116666667,-21.94945,2.0,0.0,0.0,true,1,0
1773244523000,64.0753116666667,-21.94945,0.0,0.0,0.0,true,2,0
1773244528000,64.075275,-21.9503833333333,5.0,45.6,32.8,false,2,7.0
1773244528000,64.075275,-21.9503833333333,0.0,0.0,0.0,true,1,0
1773244530000,64.075275,-21.9503833333333,2.0,0.0,0.0,true,2,0
1773244534000,64.0753483333333,-21.9513166666667,4.0,46.1,41.5,false,2,6.0
1773244534000,64.0753483333333,-21.9513166666667,0.0,0.0,0.0,true,1,0
1773244536000,64.0753483333333,-21.9513166666667,2.0,0.0,0.0,true,2,0
1773244540000,64.0754516666667,-21.95165,4.0,19.9,17.9,false,2,6.0
1773244540000,64.0754516666667,-21.95165,0.0,0.0,0.0,true,1,0
1773244543000,64.0754516666667,-21.95165,3.0,0.0,0.0,true,2,0
1773244543000,64.0754516666667,-21.95165,0.0,0.0,0.0,true,3,0
1773244543000,64.0754516666667,-21.95165,0.0,0.0,0.0,true,4,0
1773244548000,64.0755233333333,-21.9517166666667,5.0,8.6,6.2,false,4,8.0
1773244553000,64.0757183333333,-21.9516166666667,5.0,22.2,16.0,false,0,5.0
1773244553000,64.0757183333333,-21.9516166666667,0.0,0.0,0.0,true,1,0
1773244553000,64.0757183333333,-21.9516166666667,0.0,0.0,0.0,true,2,0
1773244558000,64.0757783333333,-21.9515166666667,5.0,8.3,5.9,false,2,5.0
1773244558000,64.0757783333333,-21.9515166666667,0.0,0.0,0.0,true,1,0
1773244560000,64.0757783333333,-21.9515166666667,2.0,0.0,0.0,true,2,0
1773244563000,64.075795,-21.9514833333333,3.0,2.5,3.0,false,2,5.0
1773244563000,64.075795,-21.9514833333333,0.0,0.0,0.0,true,1,0
1773244568000,64.075795,-21.9514833333333,5.0,0.0,0.0,true,2,0
1773244568000,64.075795,-21.9514833333333,0.0,0.0,0.0,true,3,0
1773244568000,64.075795,-21.9514833333333,0.0,0.0,0.0,true,4,0
1773244573000,64.0758383333333,-21.95145,5.0,5.1,3.7,false,4,10.0
1773244576000,64.0758383333333,-21.95145,3.0,0.0,0.0,true,1,0
1773244576000,64.0758383333333,-21.95145,0.0,0.0,0.0,true,2,0
1773244578000,64.0759133333333,-21.9514,2.0,8.7,15.6,false,2,5.0
1773244578000,64.0759133333333,-21.9514,0.0,0.0,0.0,true,1,0
1773244581000,64.0759716666667,-21.9514166666667,3.0,6.5,7.8,false,1,3.0
1773244586000,64.0759716666667,-21.9514166666667,5.0,0.0,0.0,true,1,0
1773244586000,64.0759716666667,-21.9514166666667,0.0,0.0,0.0,true,2,0
1773244590000,64.0762683333333,-21.9513,4.0,33.5,30.1,false,2,9.0
1773244593000,64.0766316666667,-21.9510666666667,3.0,42.0,50.4,false,0,3.0
1773244593000,64.0766316666667,-21.9510666666667,0.0,0.0,0.0,true,1,0
1773244593000,64.0766316666667,-21.9510666666667,0.0,0.0,0.0,true,2,0
1773244593000,64.0766316666667,-21.9510666666667,0.0,0.0,0.0,true,3,0
1773244593000,64.0766316666667,-21.9510666666667,0.0,0.0,0.0,true,4,0
1773244593000,64.0766316666667,-21.9510666666667,0.0,0.0,0.0,true,5,0
1773244606000,64.0775566666667,-21.9504666666667,13.0,106.9,29.6,false,5,13.0
1773244606000,64.0775566666667,-21.9504666666667,0.0,0.0,0.0,true,1,0
1773244606000,64.0775566666667,-21.9504666666667,0.0,0.0,0.0,true,2,0
1773244609000,64.0779866666667,-21.9503,3.0,48.5,58.2,false,2,3.0
1773244609000,64.0779866666667,-21.9503,0.0,0.0,0.0,true,1,0
1773244609000,64.0779866666667,-21.9503,0.0,0.0,0.0,true,2,0
1773244615000,64.07829,-21.9501,6.0,35.1,21.1,false,2,6.0
1773244615000,64.07829,-21.9501,0.0,0.0,0.0,true,1,0
1773244621000,64.0782916666667,-21.9501,6.0,0.2,0.1,true,2,0
1773244621000,64.0782916666667,-21.9501,0.0,0.0,0.0,true,3,0
1773244623000,64.0782916666667,-21.9501,2.0,0.0,0.0,true,4,0
1773244623000,64.0782916666667,-21.9501,0.0,0.0,0.0,true,5,0
1773244623000,64.0782916666667,-21.9501,0.0,0.0,0.0,true,6,0
1773244628000,64.0782916666667,-21.9501,5.0,0.0,0.0,true,7,0
1773244628000,64.0782916666667,-21.9501,0.0,0.0,0.0,true,8,0
1773244628000,64.0782916666667,-21.9501,0.0,0.0,0.0,true,9,0
1773244635000,64.0782916666667,-21.9501,7.0,0.0,0.0,true,10,0
1773244638000,64.0782916666667,-21.9501,3.0,0.0,0.0,true,11,0
1773244638000,64.0782916666667,-21.9501,0.0,0.0,0.0,true,12,0
1773244642000,64.0782916666667,-21.9501,4.0,0.0,0.0,true,13,0
1773244644000,64.0782916666667,-21.9501,2.0,0.0,0.0,true,14,0
1773244644000,64.0782916666667,-21.9501,0.0,0.0,0.0,true,15,0
1773244648000,64.0782916666667,-21.9501,4.0,0.0,0.0,true,16,0
1773244648000,64.0782916666667,-21.9501,0.0,0.0,0.0,true,17,0
1773244653000,64.0782916666667,-21.9501,5.0,0.0,0.0,true,18,0
1773244653000,64.0782916666667,-21.9501,0.0,0.0,0.0,true,19,0
1773244655000,64.0782916666667,-21.9501,2.0,0.0,0.0,true,20,0
1773244655000,64.0782916666667,-21.9501,0.0,0.0,0.0,true,21,0
1773244659000,64.0782916666667,-21.9501,4.0,0.0,0.0,true,22,0
1773244659000,64.0782916666667,-21.9501,0.0,0.0,0.0,true,23,0
1773244662000,64.0782916666667,-21.9501,3.0,0.0,0.0,true,24,0
1773244662000,64.0782916666667,-21.9501,0.0,0.0,0.0,true,25,0
1773244662000,64.0782916666667,-21.9501,0.0,0.0,0.0,true,26,0
1773244662000,64.0782916666667,-21.9501,0.0,0.0,0.0,true,27,0
1773244662000,64.0782916666667,-21.9501,0.0,0.0,0.0,true,28,0
1773244662000,64.0782916666667,-21.9501,0.0,0.0,0.0,true,29,0
1773244675000,64.07833,-21.9500666666667,13.0,4.6,1.3,false,29,60.0
1773244675000,64.07833,-21.9500666666667,0.0,0.0,0.0,true,1,0
1773244683000,64.0784766666667,-21.9502333333333,8.0,18.2,8.2,false,1,8.0
1773244683000,64.0784766666667,-21.9502333333333,0.0,0.0,0.0,true,1,0
1773244685000,64.07853,-21.95075,2.0,25.8,46.4,false,1,2.0
1773244685000,64.07853,-21.95075,0.0,0.0,0.0,true,1,0
1773244685000,64.07853,-21.95075,0.0,0.0,0.0,true,2,0
1773244685000,64.07853,-21.95075,0.0,0.0,0.0,true,3,0
1773244685000,64.07853,-21.95075,0.0,0.0,0.0,true,4,0
1773244685000,64.07853,-21.95075,0.0,0.0,0.0,true,5,0
1773244685000,64.07853,-21.95075,0.0,0.0,0.0,true,6,0
1773244685000,64.07853,-21.95075,0.0,0.0,0.0,true,7,0
1773244685000,64.07853,-21.95075,0.0,0.0,0.0,true,8,0
1773244685000,64.07853,-21.95075,0.0,0.0,0.0,true,9,0
1773244685000,64.07853,-21.95075,0.0,0.0,0.0,true,10,0
1773244685000,64.07853,-21.95075,0.0,0.0,0.0,true,11,0
1773244685000,64.07853,-21.95075,0.0,0.0,0.0,true,12,0
1773244685000,64.07853,-21.95075,0.0,0.0,0.0,true,13,0
1773244685000,64.07853,-21.95075,0.0,0.0,0.0,true,14,0
1773244685000,64.07853,-21.95075,0.0,0.0,0.0,true,15,0
1773244685000,64.07853,-21.95075,0.0,0.0,0.0,true,16,0
1773244719000,64.0792466666667,-21.95625,34.0,279.0,29.5,false,16,34.0
1773244719000,64.0792466666667,-21.95625,0.0,0.0,0.0,true,1,0
1773244719000,64.0792466666667,-21.95625,0.0,0.0,0.0,true,2,0
1773244719000,64.0792466666667,-21.95625,0.0,0.0,0.0,true,3,0
1773244719000,64.0792466666667,-21.95625,0.0,0.0,0.0,true,4,0
1773244719000,64.0792466666667,-21.95625,0.0,0.0,0.0,true,5,0
1773244719000,64.0792466666667,-21.95625,0.0,0.0,0.0,true,6,0
1773244719000,64.0792466666667,-21.95625,0.0,0.0,0.0,true,7,0
1773244719000,64.0792466666667,-21.95625,0.0,0.0,0.0,true,8,0
1773244719000,64.0792466666667,-21.95625,0.0,0.0,0.0,true,9,0
1773244719000,64.0792466666667,-21.95625,0.0,0.0,0.0,true,10,0
1773244719000,64.0792466666667,-21.95625,0.0,0.0,0.0,true,11,0
1773244745000,64.0796816666667,-21.96005,26.0,190.9,26.4,false,11,26.0
1773244745000,64.0796816666667,-21.96005,0.0,0.0,0.0,true,1,0
1773244745000,64.0796816666667,-21.96005,0.0,0.0,0.0,true,2,0
1773244750000,64.0797166666667,-21.96125,5.0,58.5,42.1,false,2,5.0
1773244750000,64.0797166666667,-21.96125,0.0,0.0,0.0,true,1,0
1773244755000,64.0796133333333,-21.9622,5.0,47.6,34.3,false,1,5.0
1773244755000,64.0796133333333,-21.9622,0.0,0.0,0.0,true,1,0
1773244755000,64.0796133333333,-21.9622,0.0,0.0,0.0,true,2,0
1773244760000,64.0794633333333,-21.9627166666667,5.0,30.1,21.7,false,2,5.0
1773244760000,64.0794633333333,-21.9627166666667,0.0,0.0,0.0,true,1,0
1773244760000,64.0794633333333,-21.9627166666667,0.0,0.0,0.0,true,2,0
1773244760000,64.0794633333333,-21.9627166666667,0.0,0.0,0.0,true,3,0
1773244760000,64.0794633333333,-21.9627166666667,0.0,0.0,0.0,true,4,0
1773244770000,64.0790116666667,-21.9635333333333,10.0,64.0,23.0,false,4,10.0
1773244770000,64.0790116666667,-21.9635333333333,0.0,0.0,0.0,true,1,0
1773244770000,64.0790116666667,-21.9635333333333,0.0,0.0,0.0,true,2,0
1773244775000,64.0786066666667,-21.9643,5.0,58.5,42.1,false,2,5.0
1773244780000,64.0782,-21.9650166666667,5.0,57.1,41.1,false,0,5.0
1773244780000,64.0782,-21.9650166666667,0.0,0.0,0.0,true,1,0
1773244784000,64.077865,-21.96565,4.0,48.3,43.5,false,1,4.0
1773244784000,64.077865,-21.96565,0.0,0.0,0.0,true,1,0
1773244784000,64.077865,-21.96565,0.0,0.0,0.0,true,2,0
1773244790000,64.0776866666667,-21.9659833333333,6.0,25.6,15.4,false,2,6.0
1773244796000,64.0775866666667,-21.9662333333333,6.0,16.5,9.9,false,0,6.0
1773244798000,64.07739,-21.9661333333333,2.0,22.4,40.3,false,0,2.0
1773244798000,64.07739,-21.9661333333333,0.0,0.0,0.0,true,1,0
1773244800000,64.0771816666667,-21.9662166666667,2.0,23.5,42.3,false,1,2.0
1773244803000,64.0771816666667,-21.9662166666667,3.0,0.0,0.0,true,1,0
1773244803000,64.0771816666667,-21.9662166666667,0.0,0.0,0.0,true,2,0
1773244803000,64.0771816666667,-21.9662166666667,0.0,0.0,0.0,true,3,0
1773244805000,64.07658,-21.9663666666667,2.0,67.3,121.1,false,3,5.0
1773244810000,64.0757616666667,-21.96645,5.0,91.1,65.6,false,0,5.0
1773244813000,64.0757616666667,-21.96645,3.0,0.0,0.0,true,1,0
1773244813000,64.0757616666667,-21.96645,0.0,0.0,0.0,true,2,0
1773244816000,64.0748566666667,-21.9665333333333,3.0,100.7,120.9,false,2,6.0
1773244816000,64.0748566666667,-21.9665333333333,0.0,0.0,0.0,true,1,0
1773244818000,64.0748566666667,-21.9665333333333,2.0,0.0,0.0,true,2,0
1773244820000,64.0741616666667,-21.9666333333333,2.0,77.4,139.4,false,2,4.0
1773244820000,64.0741616666667,-21.9666333333333,0.0,0.0,0.0,true,1,0
1773244825000,64.0736666666667,-21.9667,5.0,55.1,39.7,false,1,5.0
1773244828000,64.0736666666667,-21.9667,3.0,0.0,0.0,true,1,0
1773244828000,64.0736666666667,-21.9667,0.0,0.0,0.0,true,2,0
1773244828000,64.0736666666667,-21.9667,0.0,0.0,0.0,true,3,0
1773244835000,64.0731666666667,-21.96675,7.0,55.7,28.6,false,3,10.0
1773244837000,64.0731666666667,-21.96675,2.0,0.0,0.0,true,1,0
1773244837000,64.0731666666667,-21.96675,0.0,0.0,0.0,true,2,0
1773244837000,64.0731666666667,-21.96675,0.0,0.0,0.0,true,3,0
1773244843000,64.07248,-21.9665166666667,6.0,77.2,46.3,false,3,8.0
1773244843000,64.07248,-21.9665166666667,0.0,0.0,0.0,true,1,0
1773244846000,64.07248,-21.9665166666667,3.0,0.0,0.0,true,2,0
1773244848000,64.07248,-21.9665166666667,2.0,0.0,0.0,true,3,0
1773244848000,64.07248,-21.9665166666667,0.0,0.0,0.0,true,4,0
1773244848000,64.07248,-21.9665166666667,0.0,0.0,0.0,true,5,0
1773244855000,64.0718233333333,-21.96645,7.0,73.1,37.6,false,5,12.0
1773244855000,64.0718233333333,-21.96645,0.0,0.0,0.0,true,1,0
1773244855000,64.0718233333333,-21.96645,0.0,0.0,0.0,true,2,0
1773244860000,64.0717033333333,-21.9667,5.0,18.0,13.0,false,2,5.0
1773244860000,64.0717033333333,-21.9667,0.0,0.0,0.0,true,1,0
1773244860000,64.0717033333333,-21.9667,0.0,0.0,0.0,true,2,0
1773244863000,64.0717033333333,-21.9667,3.0,0.0,0.0,true,3,0
1773244865000,64.0714683333333,-21.9663833333333,2.0,30.3,54.6,false,3,5.0
1773244870000,64.0711216666667,-21.9658,5.0,47.9,34.5,false,0,5.0
1773244870000,64.0711216666667,-21.9658,0.0,0.0,0.0,true,1,0
1773244872000,64.0711216666667,-21.9658,2.0,0.0,0.0,true,2,0
1773244872000,64.0711216666667,-21.9658,0.0,0.0,0.0,true,3,0
1773244878000,64.0705633333333,-21.9654666666667,6.0,64.2,38.5,false,3,8.0
1773244878000,64.0705633333333,-21.9654666666667,0.0,0.0,0.0,true,1,0
1773244883000,64.0701933333333,-21.9650166666667,5.0,46.6,33.6,false,1,5.0
1773244883000,64.0701933333333,-21.9650166666667,0.0,0.0,0.0,true,1,0
1773244888000,64.069995,-21.9644333333333,5.0,35.9,25.9,false,1,5.0
1773244888000,64.069995,-21.9644333333333,0.0,0.0,0.0,true,1,0
1773244888000,64.069995,-21.9644333333333,0.0,0.0,0.0,true,2,0
1773244892000,64.0699066666667,-21.9642333333333,4.0,13.8,12.4,false,2,4.0
1773244892000,64.0699066666667,-21.9642333333333,0.0,0.0,0.0,true,1,0
1773244897000,64.0698183333333,-21.9639,5.0,19.0,13.6,false,1,5.0
1773244897000,64.0698183333333,-21.9639,0.0,0.0,0.0,true,1,0
1773244902000,64.0698516666667,-21.9632333333333,5.0,32.6,23.5,false,1,5.0
1773244902000,64.0698516666667,-21.9632333333333,0.0,0.0,0.0,true,1,0
1773244908000,64.0698466666667,-21.9624833333333,6.0,36.5,21.9,false,1,6.0
1773244908000,64.0698466666667,-21.9624833333333,0.0,0.0,0.0,true,1,0
1773244908000,64.0698466666667,-21.9624833333333,0.0,0.0,0.0,true,2,0
1773244908000,64.0698466666667,-21.9624833333333,0.0,0.0,0.0,true,3,0
1773244908000,64.0698466666667,-21.9624833333333,0.0,0.0,0.0,true,4,0
1773244919000,64.06985,-21.9609833333333,11.0,72.9,23.9,false,4,11.0
1773244921000,64.0698183333333,-21.9603666666667,2.0,30.2,54.3,false,0,2.0
1773244921000,64.0698183333333,-21.9603666666667,0.0,0.0,0.0,true,1,0
1773244921000,64.0698183333333,-21.9603666666667,0.0,0.0,0.0,true,2,0
1773244925000,64.0698183333333,-21.9603666666667,4.0,0.0,0.0,true,3,0
1773244925000,64.0698183333333,-21.9603666666667,0.0,0.0,0.0,true,4,0
1773244925000,64.0698183333333,-21.9603666666667,0.0,0.0,0.0,true,5,0
1773244925000,64.0698183333333,-21.9603666666667,0.0,0.0,0.0,true,6,0
1773244925000,64.0698183333333,-21.9603666666667,0.0,0.0,0.0,true,7,0
1773244937000,64.069305,-21.9593333333333,12.0,76.0,22.8,false,7,16.0
1773244937000,64.069305,-21.9593333333333,0.0,0.0,0.0,true,1,0
1773244943000,64.0687716666667,-21.95945,6.0,59.6,35.7,false,1,6.0
1773244947000,64.0683933333333,-21.959,4.0,47.4,42.7,false,0,4.0
1773244952000,64.067875,-21.9582,5.0,69.5,50.1,false,0,5.0
1773244952000,64.067875,-21.9582,0.0,0.0,0.0,true,1,0
1773244952000,64.067875,-21.9582,0.0,0.0,0.0,true,2,0
1773244952000,64.067875,-21.9582,0.0,0.0,0.0,true,3,0
1773244957000,64.06754,-21.9577,5.0,44.5,32.0,false,3,5.0
1773244957000,64.06754,-21.9577,0.0,0.0,0.0,true,1,0
1773244957000,64.06754,-21.9577,0.0,0.0,0.0,true,2,0
1773244961000,64.0674883333333,-21.95735,4.0,18.0,16.2,false,2,4.0
1773244968000,64.0676383333333,-21.9573333333333,7.0,16.7,8.6,false,0,7.0
1773244968000,64.0676383333333,-21.9573333333333,0.0,0.0,0.0,true,1,0
1773244968000,64.0676383333333,-21.9573333333333,0.0,0.0,0.0,true,2,0
1773244973000,64.06772,-21.9574666666667,5.0,11.2,8.0,false,2,5.0
1773244973000,64.06772,-21.9574666666667,0.0,0.0,0.0,true,1,0
1773244973000,64.06772,-21.9574666666667,0.0,0.0,0.0,true,2,0
1773244973000,64.06772,-21.9574666666667,0.0,0.0,0.0,true,3,0
1773244973000,64.06772,-21.9574666666667,0.0,0.0,0.0,true,4,0
1773244983000,64.0677283333333,-21.9574833333333,10.0,1.2,0.4,false,4,10.0
1773244983000,64.0677283333333,-21.9574833333333,0.0,0.0,0.0,true,1,0
1773244983000,64.0677283333333,-21.9574833333333,0.0,0.0,0.0,true,2,0
1773244992000,64.0677283333333,-21.9574833333333,9.0,0.0,0.0,true,3,0
1773244992000,64.0677283333333,-21.9574833333333,0.0,0.0,0.0,true,4,0
1773244992000,64.0677283333333,-21.9574833333333,0.0,0.0,0.0,true,5,0
1773244999000,64.0677283333333,-21.9574833333333,7.0,0.0,0.0,true,6,0
1773244999000,64.0677283333333,-21.9574833333333,0.0,0.0,0.0,true,7,0
1773244999000,64.0677283333333,-21.9574833333333,0.0,0.0,0.0,true,8,0
1773245003000,64.067755,-21.9575166666667,4.0,3.4,3.0,false,8,20.0
1773245003000,64.067755,-21.9575166666667,0.0,0.0,0.0,true,1,0
1773245007000,64.0678583333333,-21.9577333333333,4.0,15.6,14.0,false,1,4.0
1773245012000,64.067855,-21.9578666666667,5.0,6.5,4.7,false,0,5.0
1773245012000,64.067855,-21.9578666666667,0.0,0.0,0.0,true,1,0
1773245012000,64.067855,-21.9578666666667,0.0,0.0,0.0,true,2,0
1773245012000,64.067855,-21.9578666666667,0.0,0.0,0.0,true,3,0
1773245017000,64.06785,-21.9579,5.0,1.7,1.2,false,3,5.0
1773245017000,64.06785,-21.9579,0.0,0.0,0.0,true,1,0
1773245023000,64.06785,-21.9579,6.0,0.0,0.0,true,2,0
1773245023000,64.06785,-21.9579,0.0,0.0,0.0,true,3,0
1773245023000,64.06785,-21.9579,0.0,0.0,0.0,true,4,0
1773245028000,64.06778,-21.9580166666667,5.0,9.6,6.9,false,4,11.0
1773245028000,64.06778,-21.9580166666667,0.0,0.0,0.0,true,1,0
1773245028000,64.06778,-21.9580166666667,0.0,0.0,0.0,true,2,0
1773245034000,64.067655,-21.9578666666667,6.0,15.7,9.4,false,2,6.0
1773245037000,64.0674516666667,-21.9575666666667,3.0,26.9,32.3,false,0,3.0
1773245037000,64.0674516666667,-21.9575666666667,0.0,0.0,0.0,true,1,0
1773245039000,64.0674516666667,-21.9575666666667,2.0,0.0,0.0,true,2,0
1773245042000,64.0672183333333,-21.9572,3.0,31.5,37.8,false,2,5.0
1773245042000,64.0672183333333,-21.9572,0.0,0.0,0.0,true,1,0
1773245046000,64.0669983333333,-21.9568666666667,4.0,29.3,26.4,false,1,4.0
1773245048000,64.0669983333333,-21.9568666666667,2.0,0.0,0.0,true,1,0
1773245048000,64.0669983333333,-21.9568666666667,0.0,0.0,0.0,true,2,0
1773245052000,64.0668116666667,-21.9565833333333,4.0,24.9,22.4,false,2,6.0
1773245052000,64.0668116666667,-21.9565833333333,0.0,0.0,0.0,true,1,0
1773245054000,64.0668116666667,-21.9565833333333,2.0,0.0,0.0,true,2,0
1773245057000,64.06667,-21.9565166666667,3.0,16.1,19.3,false,2,5.0
1773245057000,64.06667,-21.9565166666667,0.0,0.0,0.0,true,1,0
1773245061000,64.066525,-21.95655,4.0,16.2,14.6,false,1,4.0
1773245063000,64.066525,-21.95655,2.0,0.0,0.0,true,1,0
1773245065000,64.066525,-21.95655,2.0,0.0,0.0,true,2,0
1773245065000,64.066525,-21.95655,0.0,0.0,0.0,true,3,0
1773245070000,64.0664066666667,-21.9562166666667,5.0,20.9,15.0,false,3,9.0
1773245070000,64.0664066666667,-21.9562166666667,0.0,0.0,0.0,true,1,0
1773245072000,64.0665466666667,-21.9558833333333,2.0,22.5,40.5,false,1,2.0
1773245074000,64.0665466666667,-21.9558833333333,2.0,0.0,0.0,true,1,0
1773245080000,64.0667216666667,-21.95555,6.0,25.3,15.2,false,1,8.0
1773245080000,64.0667216666667,-21.95555,0.0,0.0,0.0,true,1,0
1773245084000,64.0668216666667,-21.9549833333333,4.0,29.7,26.7,false,1,4.0
1773245084000,64.0668216666667,-21.9549833333333,0.0,0.0,0.0,true,1,0
1773245088000,64.066825,-21.9543666666667,4.0,30.0,27.0,false,1,4.0
1773245088000,64.066825,-21.9543666666667,0.0,0.0,0.0,true,1,0
1773245088000,64.066825,-21.9543666666667,0.0,0.0,0.0,true,2,0
1773245088000,64.066825,-21.9543666666667,0.0,0.0,0.0,true,3,0
1773245093000,64.0667766666667,-21.9537,5.0,32.9,23.7,false,3,5.0
1773245099000,64.0667283333333,-21.9528833333333,6.0,40.1,24.0,false,0,6.0
1773245099000,64.0667283333333,-21.9528833333333,0.0,0.0,0.0,true,1,0
1773245099000,64.0667283333333,-21.9528833333333,0.0,0.0,0.0,true,2,0
1773245104000,64.066765,-21.95205,5.0,40.7,29.3,false,2,5.0
1773245104000,64.066765,-21.95205,0.0,0.0,0.0,true,1,0
1773245108000,64.066875,-21.9513,4.0,38.5,34.6,false,1,4.0
1773245110000,64.066875,-21.9513,2.0,0.0,0.0,true,1,0
1773245117000,64.0671183333333,-21.9496166666667,7.0,86.2,44.3,false,1,9.0
1773245117000,64.0671183333333,-21.9496166666667,0.0,0.0,0.0,true,1,0
1773245119000,64.0671183333333,-21.9496166666667,2.0,0.0,0.0,true,2,0
1773245119000,64.0671183333333,-21.9496166666667,0.0,0.0,0.0,true,3,0
1773245119000,64.0671183333333,-21.9496166666667,0.0,0.0,0.0,true,4,0
1773245119000,64.0671183333333,-21.9496166666667,0.0,0.0,0.0,true,5,0
1773245124000,64.0672183333333,-21.9488833333333,5.0,37.4,26.9,false,5,7.0
1773245124000,64.0672183333333,-21.9488833333333,0.0,0.0,0.0,true,1,0
1773245129000,64.0673266666667,-21.9479833333333,5.0,45.4,32.7,false,1,5.0
1773245133000,64.0673033333333,-21.9471166666667,4.0,42.2,38.0,false,0,4.0
1773245135000,64.06723,-21.9461666666667,2.0,46.9,84.4,false,0,2.0
1773245135000,64.06723,-21.9461666666667,0.0,0.0,0.0,true,1,0
1773245138000,64.06723,-21.9461666666667,3.0,0.0,0.0,true,2,0
1773245138000,64.06723,-21.9461666666667,0.0,0.0,0.0,true,3,0
1773245140000,64.06715,-21.9451,2.0,52.6,94.7,false,3,5.0
1773245144000,64.06715,-21.9451,4.0,0.0,0.0,true,1,0
1773245144000,64.06715,-21.9451,0.0,0.0,0.0,true,2,0
1773245144000,64.06715,-21.9451,0.0,0.0,0.0,true,3,0
1773245149000,64.06706,-21.9438666666667,5.0,60.8,43.8,false,3,9.0
1773245149000,64.06706,-21.9438666666667,0.0,0.0,0.0,true,1,0
1773245153000,64.066965,-21.9433333333333,4.0,28.0,25.2,false,1,4.0
1773245153000,64.066965,-21.9433333333333,0.0,0.0,0.0,true,1,0
1773245155000,64.066965,-21.9433333333333,2.0,0.0,0.0,true,2,0
1773245160000,64.0668283333333,-21.9431,5.0,19.0,13.7,false,2,7.0
1773245160000,64.0668283333333,-21.9431,0.0,0.0,0.0,true,1,0
1773245160000,64.0668283333333,-21.9431,0.0,0.0,0.0,true,2,0
1773245167000,64.0668716666667,-21.94205,7.0,51.3,26.4,false,2,7.0
1773245169000,64.0668416666667,-21.9411,2.0,46.3,83.4,false,0,2.0
1773245169000,64.0668416666667,-21.9411,0.0,0.0,0.0,true,1,0
1773245173000,64.0668416666667,-21.9411,4.0,0.0,0.0,true,2,0
1773245173000,64.0668416666667,-21.9411,0.0,0.0,0.0,true,3,0
1773245173000,64.0668416666667,-21.9411,0.0,0.0,0.0,true,4,0
1773245173000,64.0668416666667,-21.9411,0.0,0.0,0.0,true,5,0
1773245180000,64.0668983333333,-21.9398,7.0,63.5,32.7,false,5,11.0
1773245180000,64.0668983333333,-21.9398,0.0,0.0,0.0,true,1,0
1773245180000,64.0668983333333,-21.9398,0.0,0.0,0.0,true,2,0
1773245185000,64.066945,-21.9394666666667,5.0,17.0,12.3,false,2,5.0
1773245185000,64.066945,-21.9394666666667,0.0,0.0,0.0,true,1,0
1773245185000,64.066945,-21.9394666666667,0.0,0.0,0.0,true,2,0
1773245190000,64.066985,-21.9390666666667,5.0,20.0,14.4,false,2,5.0
1773245195000,64.06703,-21.9386,5.0,23.2,16.7,false,0,5.0
1773245195000,64.06703,-21.9386,0.0,0.0,0.0,true,1,0
1773245198000,64.0670383333333,-21.9384666666667,3.0,6.5,7.9,false,1,3.0
1773245201000,64.0670383333333,-21.9384666666667,3.0,0.0,0.0,true,1,0
1773245201000,64.0670383333333,-21.9384666666667,0.0,0.0,0.0,true,2,0
1773245201000,64.0670383333333,-21.9384666666667,0.0,0.0,0.0,true,3,0
1773245207000,64.0670383333333,-21.93845,6.0,0.8,0.5,false,3,9.0
1773245207000,64.0670383333333,-21.93845,0.0,0.0,0.0,true,1,0
1773245211000,64.0670383333333,-21.93845,4.0,0.0,0.0,true,2,0
1773245211000,64.0670383333333,-21.93845,0.0,0.0,0.0,true,3,0
1773245214000,64.0670333333333,-21.9382333333333,3.0,10.6,12.7,false,3,7.0
1773245216000,64.0670333333333,-21.9382333333333,2.0,0.0,0.0,true,1,0
1773245216000,64.0670333333333,-21.9382333333333,0.0,0.0,0.0,true,2,0
1773245216000,64.0670333333333,-21.9382333333333,0.0,0.0,0.0,true,3,0
1773245221000,64.0670316666667,-21.9382166666667,5.0,0.8,0.6,false,3,7.0
1773245221000,64.0670316666667,-21.9382166666667,0.0,0.0,0.0,true,1,0
1773245221000,64.0670316666667,-21.9382166666667,0.0,0.0,0.0,true,2,0
1773245226000,64.0670316666667,-21.9382166666667,5.0,0.0,0.0,true,3,0
1773245226000,64.0670316666667,-21.9382166666667,0.0,0.0,0.0,true,4,0
1773245231000,64.0670316666667,-21.9382166666667,5.0,0.0,0.0,true,5,0
1773245234000,64.0670316666667,-21.9382166666667,3.0,0.0,0.0,true,6,0
1773245234000,64.0670316666667,-21.9382166666667,0.0,0.0,0.0,true,7,0
1773245236000,64.0670316666667,-21.9382166666667,2.0,0.0,0.0,true,8,0
1773245240000,64.0670316666667,-21.9382166666667,4.0,0.0,0.0,true,9,0
1773245240000,64.0670316666667,-21.9382166666667,0.0,0.0,0.0,true,10,0
1773245242000,64.0670316666667,-21.9382166666667,2.0,0.0,0.0,true,11,0
1773245246000,64.0669766666667,-21.9380666666667,4.0,9.5,8.6,false,11,25.0
1773245246000,64.0669766666667,-21.9380666666667,0.0,0.0,0.0,true,1,0
1773245250000,64.06687,-21.9377166666667,4.0,20.7,18.7,false,1,4.0
1773245254000,64.06687,-21.9377166666667,4.0,0.0,0.0,true,1,0
1773245254000,64.06687,-21.9377166666667,0.0,0.0,0.0,true,2,0
1773245254000,64.06687,-21.9377166666667,0.0,0.0,0.0,true,3,0
1773245254000,64.06687,-21.9377166666667,0.0,0.0,0.0,true,4,0
1773245260000,64.06697,-21.9372,6.0,27.5,16.5,false,4,10.0
1773245262000,64.06697,-21.9372,2.0,0.0,0.0,true,1,0
1773245262000,64.06697,-21.9372,0.0,0.0,0.0,true,2,0
1773245266000,64.06705,-21.93665,4.0,28.2,25.4,false,2,6.0
1773245266000,64.06705,-21.93665,0.0,0.0,0.0,true,1,0
1773245269000,64.06705,-21.93665,3.0,0.0,0.0,true,2,0
1773245269000,64.06705,-21.93665,0.0,0.0,0.0,true,3,0
1773245273000,64.0670383333333,-21.9359166666667,4.0,35.7,32.1,false,3,7.0
1773245275000,64.0668983333333,-21.9354666666667,2.0,26.9,48.3,false,0,2.0
1773245277000,64.0668983333333,-21.9354666666667,2.0,0.0,0.0,true,1,0
1773245277000,64.0668983333333,-21.9354666666667,0.0,0.0,0.0,true,2,0
1773245280000,64.0668983333333,-21.9354666666667,3.0,0.0,0.0,true,3,0
1773245284000,64.0666033333333,-21.93565,4.0,34.0,30.6,false,3,9.0
1773245284000,64.0666033333333,-21.93565,0.0,0.0,0.0,true,1,0
1773245292000,64.0658883333333,-21.9355166666667,8.0,79.8,35.9,false,1,8.0
1773245292000,64.0658883333333,-21.9355166666667,0.0,0.0,0.0,true,1,0
1773245295000,64.0658883333333,-21.9355166666667,3.0,0.0,0.0,true,2,0
1773245297000,64.0655516666667,-21.9349166666667,2.0,47.5,85.4,false,2,5.0
1773245297000,64.0655516666667,-21.9349166666667,0.0,0.0,0.0,true,1,0
1773245299000,64.0655516666667,-21.9349166666667,2.0,0.0,0.0,true,2,0
1773245299000,64.0655516666667,-21.9349166666667,0.0,0.0,0.0,true,3,0
1773245305000,64.0651816666667,-21.9342333333333,6.0,52.9,31.7,false,3,8.0
1773245305000,64.0651816666667,-21.9342333333333,0.0,0.0,0.0,true,1,0
1773245307000,64.0647516666667,-21.9337166666667,2.0,54.0,97.2,false,1,2.0
1773245307000,64.0647516666667,-21.9337166666667,0.0,0.0,0.0,true,1,0
1773245314000,64.064285,-21.9339,7.0,52.7,27.1,false,1,7.0
1773245314000,64.064285,-21.9339,0.0,0.0,0.0,true,1,0
1773245317000,64.06393,-21.9346666666667,3.0,54.3,65.2,false,1,3.0
1773245320000,64.06393,-21.9346666666667,3.0,0.0,0.0,true,1,0
1773245320000,64.06393,-21.9346666666667,0.0,0.0,0.0,true,2,0
1773245320000,64.06393,-21.9346666666667,0.0,0.0,0.0,true,3,0
1773245327000,64.063395,-21.9353166666667,7.0,67.4,34.6,false,3,10.0
1773245330000,64.063395,-21.9353166666667,3.0,0.0,0.0,true,1,0
1773245330000,64.063395,-21.9353166666667,0.0,0.0,0.0,true,2,0
1773245332000,64.063165,-21.9355833333333,2.0,28.7,51.6,false,2,5.0
1773245335000,64.063165,-21.9355833333333,3.0,0.0,0.0,true,1,0
1773245335000,64.063165,-21.9355833333333,0.0,0.0,0.0,true,2,0
1773245339000,64.06299,-21.9355333333333,4.0,19.6,17.6,false,2,7.0
1773245339000,64.06299,-21.9355333333333,0.0,0.0,0.0,true,1,0
1773245341000,64.06299,-21.9355333333333,2.0,0.0,0.0,true,2,0
1773245343000,64.06291,-21.93505,2.0,25.1,45.2,false,2,4.0
1773245343000,64.06291,-21.93505,0.0,0.0,0.0,true,1,0
1773245347000,64.0627616666667,-21.93475,4.0,22.0,19.8,false,1,4.0
1773245350000,64.0623516666667,-21.9342666666667,3.0,51.3,61.6,false,0,3.0
1773245352000,64.0623516666667,-21.9342666666667,2.0,0.0,0.0,true,1,0
1773245354000,64.0623516666667,-21.9342666666667,2.0,0.0,0.0,true,2,0
1773245357000,64.0618666666667,-21.9340333333333,3.0,55.1,66.1,false,2,7.0
1773245357000,64.0618666666667,-21.9340333333333,0.0,0.0,0.0,true,1,0
1773245360000,64.061615,-21.9339166666667,3.0,28.6,34.3,false,1,3.0
1773245362000,64.061615,-21.9339166666667,2.0,0.0,0.0,true,1,0
1773245362000,64.061615,-21.9339166666667,0.0,0.0,0.0,true,2,0
1773245365000,64.0612966666667,-21.9337833333333,3.0,36.0,43.2,false,2,5.0
1773245365000,64.0612966666667,-21.9337833333333,0.0,0.0,0.0,true,1,0
1773245368000,64.0612966666667,-21.9337833333333,3.0,0.0,0.0,true,2,0
1773245371000,64.0609066666667,-21.9336166666667,3.0,44.1,52.9,false,2,6.0
1773245371000,64.0609066666667,-21.9336166666667,0.0,0.0,0.0,true,1,0
1773245374000,64.0609066666667,-21.9336166666667,3.0,0.0,0.0,true,2,0
1773245376000,64.0607683333333,-21.9335166666667,2.0,16.1,29.0,false,2,5.0
1773245376000,64.0607683333333,-21.9335166666667,0.0,0.0,0.0,true,1,0
1773245380000,64.0604933333333,-21.93315,4.0,35.4,31.9,false,1,4.0
1773245385000,64.060225,-21.9325333333333,5.0,42.3,30.5,false,0,5.0
1773245385000,64.060225,-21.9325333333333,0.0,0.0,0.0,true,1,0
1773245389000,64.060225,-21.9325333333333,4.0,0.0,0.0,true,2,0
1773245391000,64.0601233333333,-21.9321833333333,2.0,20.4,36.8,false,2,6.0
1773245391000,64.0601233333333,-21.9321833333333,0.0,0.0,0.0,true,1,0
1773245391000,64.0601233333333,-21.9321833333333,0.0,0.0,0.0,true,2,0
1773245395000,64.059985,-21.9312166666667,4.0,49.5,44.5,false,2,4.0
1773245397000,64.059985,-21.9312166666667,2.0,0.0,0.0,true,1,0
1773245402000,64.0598083333333,-21.9300833333333,5.0,58.5,42.1,false,1,7.0
1773245402000,64.0598083333333,-21.9300833333333,0.0,0.0,0.0,true,1,0
1773245406000,64.059685,-21.9296833333333,4.0,23.8,21.4,false,1,4.0
1773245406000,64.059685,-21.9296833333333,0.0,0.0,0.0,true,1,0
1773245406000,64.059685,-21.9296833333333,0.0,0.0,0.0,true,2,0
1773245411000,64.0596133333333,-21.9295,5.0,12.0,8.6,false,2,5.0
1773245411000,64.0596133333333,-21.9295,0.0,0.0,0.0,true,1,0
1773245411000,64.0596133333333,-21.9295,0.0,0.0,0.0,true,2,0
1773245417000,64.0596133333333,-21.9295,6.0,0.0,0.0,true,3,0
1773245422000,64.0595966666667,-21.92945,5.0,3.1,2.2,false,3,11.0
1773245422000,64.0595966666667,-21.92945,0.0,0.0,0.0,true,1,0
1773245426000,64.0595816666667,-21.9294166666667,4.0,2.3,2.1,false,1,4.0
1773245426000,64.0595816666667,-21.9294166666667,0.0,0.0,0.0,true,1,0
1773245426000,64.0595816666667,-21.9294166666667,0.0,0.0,0.0,true,2,0
1773245426000,64.0595816666667,-21.9294166666667,0.0,0.0,0.0,true,3,0
1773245429000,64.059485,-21.9292333333333,3.0,14.0,16.8,false,3,3.0
1773245433000,64.059485,-21.9292333333333,4.0,0.0,0.0,true,1,0
1773245435000,64.05933,-21.9294666666667,2.0,20.6,37.1,false,1,6.0
1773245437000,64.05933,-21.9294666666667,2.0,0.0,0.0,true,1,0
1773245441000,64.0591033333333,-21.9298833333333,4.0,32.3,29.1,false,1,6.0
1773245441000,64.0591033333333,-21.9298833333333,0.0,0.0,0.0,true,1,0
1773245443000,64.0591033333333,-21.9298833333333,2.0,0.0,0.0,true,2,0
1773245445000,64.0588433333333,-21.9303166666667,2.0,35.8,64.4,false,2,4.0
1773245447000,64.0588433333333,-21.9303166666667,2.0,0.0,0.0,true,1,0
1773245447000,64.0588433333333,-21.9303166666667,0.0,0.0,0.0,true,2,0
1773245450000,64.0587133333333,-21.9305666666667,3.0,18.9,22.7,false,2,5.0
1773245452000,64.0587133333333,-21.9305666666667,2.0,0.0,0.0,true,1,0
1773245452000,64.0587133333333,-21.9305666666667,0.0,0.0,0.0,true,2,0
1773245457000,64.05858,-21.9308333333333,5.0,19.7,14.2,false,2,7.0
1773245457000,64.05858,-21.9308333333333,0.0,0.0,0.0,true,1,0
1773245461000,64.0583533333333,-21.9312833333333,4.0,33.4,30.0,false,1,4.0
1773245466000,64.0581233333333,-21.9317333333333,5.0,33.7,24.2,false,0,5.0
1773245466000,64.0581233333333,-21.9317333333333,0.0,0.0,0.0,true,1,0
1773245466000,64.0581233333333,-21.9317333333333,0.0,0.0,0.0,true,2,0
1773245471000,64.0579716666667,-21.9320333333333,5.0,22.3,16.1,false,2,5.0
1773245471000,64.0579716666667,-21.9320333333333,0.0,0.0,0.0,true,1,0
1773245474000,64.0577866666667,-21.9321666666667,3.0,21.6,25.9,false,1,3.0
1773245476000,64.0577866666667,-21.9321666666667,2.0,0.0,0.0,true,1,0
1773245476000,64.0577866666667,-21.9321666666667,0.0,0.0,0.0,true,2,0
1773245478000,64.0577866666667,-21.9321666666667,2.0,0.0,0.0,true,3,0
1773245481000,64.05748,-21.9318,3.0,38.5,46.2,false,3,7.0
1773245484000,64.05715,-21.9312166666667,3.0,46.4,55.7,false,0,3.0
1773245487000,64.05715,-21.9312166666667,3.0,0.0,0.0,true,1,0
1773245487000,64.05715,-21.9312166666667,0.0,0.0,0.0,true,2,0
1773245490000,64.0568683333333,-21.931,3.0,33.0,39.7,false,2,6.0
1773255750000,64.0678833333333,-21.9577333333333,10260.0,1786.2,0.6,false,0,10260.0
1773255753000,64.0678833333333,-21.9577333333333,3.0,0.0,0.0,true,1,0
1773255753000,64.0678833333333,-21.9577333333333,0.0,0.0,0.0,true,2,0
1773255757000,64.06787,-21.9578833333333,4.0,7.4,6.7,false,2,7.0
1773255759000,64.0678283333333,-21.9579833333333,2.0,6.7,12.1,false,0,2.0
1773255759000,64.0678283333333,-21.9579833333333,0.0,0.0,0.0,true,1,0
1773255759000,64.0678283333333,-21.9579833333333,0.0,0.0,0.0,true,2,0
1773255765000,64.0677033333333,-21.9579166666667,6.0,14.3,8.6,false,2,6.0
1773255765000,64.0677033333333,-21.9579166666667,0.0,0.0,0.0,true,1,0
1773255765000,64.0677033333333,-21.9579166666667,0.0,0.0,0.0,true,2,0
1773255774000,64.067175,-21.9571,9.0,70.9,28.4,false,2,9.0
1773255774000,64.067175,-21.9571,0.0,0.0,0.0,true,1,0
1773255774000,64.067175,-21.9571,0.0,0.0,0.0,true,2,0
1773255779000,64.0668916666667,-21.9566833333333,5.0,37.5,27.0,false,2,5.0
1773255779000,64.0668916666667,-21.9566833333333,0.0,0.0,0.0,true,1,0
1773255782000,64.0668916666667,-21.9566833333333,3.0,0.0,0.0,true,2,0
1773255787000,64.066645,-21.9565166666667,5.0,28.6,20.6,false,2,8.0
1773255787000,64.066645,-21.9565166666667,0.0,0.0,0.0,true,1,0
1773255787000,64.066645,-21.9565166666667,0.0,0.0,0.0,true,2,0
1773255791000,64.0664566666667,-21.9564,4.0,21.7,19.5,false,2,4.0
1773255791000,64.0664566666667,-21.9564,0.0,0.0,0.0,true,1,0
1773255796000,64.066495,-21.9559666666667,5.0,21.5,15.5,false,1,5.0
1773255796000,64.066495,-21.9559666666667,0.0,0.0,0.0,true,1,0
1773255796000,64.066495,-21.9559666666667,0.0,0.0,0.0,true,2,0
1773255802000,64.06669,-21.9556666666667,6.0,26.1,15.7,false,2,6.0
1773255802000,64.06669,-21.9556666666667,0.0,0.0,0.0,true,1,0
1773255802000,64.06669,-21.9556666666667,0.0,0.0,0.0,true,2,0
1773255809000,64.0668433333333,-21.9543833333333,7.0,64.7,33.3,false,2,7.0
1773255809000,64.0668433333333,-21.9543833333333,0.0,0.0,0.0,true,1,0
1773255811000,64.0668433333333,-21.9543833333333,2.0,0.0,0.0,true,2,0
1773255811000,64.0668433333333,-21.9543833333333,0.0,0.0,0.0,true,3,0
1773255811000,64.0668433333333,-21.9543833333333,0.0,0.0,0.0,true,4,0
1773255816000,64.0668016666667,-21.9536666666667,5.0,35.2,25.3,false,4,7.0
1773255820000,64.06676,-21.953,4.0,32.7,29.5,false,0,4.0
1773255820000,64.06676,-21.953,0.0,0.0,0.0,true,1,0
1773255824000,64.06676,-21.953,4.0,0.0,0.0,true,2,0
1773255826000,64.0667666666667,-21.9523166666667,2.0,33.2,59.8,false,2,6.0
1773255826000,64.0667666666667,-21.9523166666667,0.0,0.0,0.0,true,1,0
1773255828000,64.066865,-21.9515333333333,2.0,39.6,71.3,false,1,2.0
1773255828000,64.066865,-21.9515333333333,0.0,0.0,0.0,true,1,0
1773255831000,64.066865,-21.9515333333333,3.0,0.0,0.0,true,2,0
1773255837000,64.0669916666667,-21.95065,6.0,45.2,27.1,false,2,9.0
1773255837000,64.0669916666667,-21.95065,0.0,0.0,0.0,true,1,0
1773255839000,64.0671166666667,-21.9497,2.0,48.2,86.8,false,1,2.0
1773255841000,64.0671166666667,-21.9497,2.0,0.0,0.0,true,1,0
1773255841000,64.0671166666667,-21.9497,0.0,0.0,0.0,true,2,0
1773255844000,64.0672483333333,-21.9487666666667,3.0,47.7,57.2,false,2,5.0
1773255850000,64.0673533333333,-21.9478333333333,6.0,46.9,28.1,false,0,6.0
1773255850000,64.0673533333333,-21.9478333333333,0.0,0.0,0.0,true,1,0
1773255852000,64.0673533333333,-21.9478333333333,2.0,0.0,0.0,true,2,0
1773255854000,64.0673533333333,-21.9478333333333,2.0,0.0,0.0,true,3,0
1773255854000,64.0673533333333,-21.9478333333333,0.0,0.0,0.0,true,4,0
1773255856000,64.0672883333333,-21.9465333333333,2.0,63.6,114.5,false,4,6.0
1773255856000,64.0672883333333,-21.9465333333333,0.0,0.0,0.0,true,1,0
1773255858000,64.0672883333333,-21.9465333333333,2.0,0.0,0.0,true,2,0
1773255861000,64.0671983333333,-21.9452666666667,3.0,62.4,74.9,false,2,5.0
1773255861000,64.0671983333333,-21.9452666666667,0.0,0.0,0.0,true,1,0
1773255867000,64.0671133333333,-21.9440166666667,6.0,61.5,36.9,false,1,6.0
1773255869000,64.0671133333333,-21.9440166666667,2.0,0.0,0.0,true,1,0
1773255873000,64.0669716666667,-21.9432833333333,4.0,39.0,35.1,false,1,6.0
1773255873000,64.0669716666667,-21.9432833333333,0.0,0.0,0.0,true,1,0
1773255876000,64.0668583333333,-21.9429,3.0,22.5,27.0,false,1,3.0
1773255876000,64.0668583333333,-21.9429,0.0,0.0,0.0,true,1,0
1773255880000,64.0669016666667,-21.9424,4.0,24.8,22.3,false,1,4.0
1773255882000,64.0669016666667,-21.9424,2.0,0.0,0.0,true,1,0
1773255882000,64.0669016666667,-21.9424,0.0,0.0,0.0,true,2,0
1773255887000,64.0669083333333,-21.9421833333333,5.0,10.6,7.6,false,2,7.0
1773255887000,64.0669083333333,-21.9421833333333,0.0,0.0,0.0,true,1,0
1773255889000,64.0669066666667,-21.9421666666667,2.0,0.8,1.5,false,1,2.0
1773255891000,64.0669066666667,-21.9421666666667,2.0,0.0,0.0,true,1,0
1773255893000,64.0669066666667,-21.9421666666667,2.0,0.0,0.0,true,2,0
1773255898000,64.0669066666667,-21.9421666666667,5.0,0.0,0.0,true,3,0
1773255898000,64.0669066666667,-21.9421666666667,0.0,0.0,0.0,true,4,0
1773255900000,64.0669066666667,-21.9421666666667,2.0,0.0,0.0,true,5,0
1773255904000,64.0669083333333,-21.9420666666667,4.0,4.9,4.4,false,5,15.0
1773255904000,64.0669083333333,-21.9420666666667,0.0,0.0,0.0,true,1,0
1773255904000,64.0669083333333,-21.9420666666667,0.0,0.0,0.0,true,2,0
1773255908000,64.0668833333333,-21.9413833333333,4.0,33.3,30.0,false,2,4.0
1773255913000,64.0668716666667,-21.9403333333333,5.0,51.1,36.8,false,0,5.0
1773255913000,64.0668716666667,-21.9403333333333,0.0,0.0,0.0,true,1,0
1773255913000,64.0668716666667,-21.9403333333333,0.0,0.0,0.0,true,2,0
1773255917000,64.067015,-21.9389333333333,4.0,69.9,62.9,false,2,4.0
1773255917000,64.067015,-21.9389333333333,0.0,0.0,0.0,true,1,0
1773255921000,64.067015,-21.9389333333333,4.0,0.0,0.0,true,2,0
1773255923000,64.0670566666667,-21.9382333333333,2.0,34.4,61.8,false,2,6.0
1773255923000,64.0670566666667,-21.9382333333333,0.0,0.0,0.0,true,1,0
1773255923000,64.0670566666667,-21.9382333333333,0.0,0.0,0.0,true,2,0
1773255928000,64.0670566666667,-21.9382333333333,5.0,0.0,0.0,true,3,0
1773255930000,64.0670533333333,-21.9382166666667,2.0,0.9,1.6,false,3,7.0
1773255932000,64.0670533333333,-21.9382166666667,2.0,0.0,0.0,true,1,0
1773255932000,64.0670533333333,-21.9382166666667,0.0,0.0,0.0,true,2,0
1773255936000,64.067045,-21.9381666666667,4.0,2.6,2.3,false,2,6.0
1773255938000,64.067045,-21.9381666666667,2.0,0.0,0.0,true,1,0
1773255941000,64.0669883333333,-21.9380166666667,3.0,9.6,11.6,false,1,5.0
1773255943000,64.0669883333333,-21.9380166666667,2.0,0.0,0.0,true,1,0
1773255945000,64.0669883333333,-21.9380166666667,2.0,0.0,0.0,true,2,0
1773255945000,64.0669883333333,-21.9380166666667,0.0,0.0,0.0,true,3,0
1773255949000,64.0669033333333,-21.9375333333333,4.0,25.3,22.8,false,3,8.0
1773255949000,64.0669033333333,-21.9375333333333,0.0,0.0,0.0,true,1,0
1773255952000,64.0670316666667,-21.9368666666667,3.0,35.4,42.5,false,1,3.0
1773255952000,64.0670316666667,-21.9368666666667,0.0,0.0,0.0,true,1,0
1773255954000,64.0670316666667,-21.9368666666667,2.0,0.0,0.0,true,2,0
1773255957000,64.0670633333333,-21.9359833333333,3.0,43.1,51.7,false,2,5.0
1773255961000,64.0670633333333,-21.9359833333333,4.0,0.0,0.0,true,1,0
1773255963000,64.0669183333333,-21.93545,2.0,30.5,55.0,false,1,6.0
1773255963000,64.0669183333333,-21.93545,0.0,0.0,0.0,true,1,0
1773255965000,64.0669183333333,-21.93545,2.0,0.0,0.0,true,2,0
1773255968000,64.0666916666667,-21.9355666666667,3.0,25.8,31.0,false,2,5.0
1773255968000,64.0666916666667,-21.9355666666667,0.0,0.0,0.0,true,1,0
1773255974000,64.066545,-21.9357166666667,6.0,17.9,10.7,false,1,6.0
1773255974000,64.066545,-21.9357166666667,0.0,0.0,0.0,true,1,0
1773255978000,64.066545,-21.9357166666667,4.0,0.0,0.0,true,2,0
1773255978000,64.066545,-21.9357166666667,0.0,0.0,0.0,true,3,0
1773255980000,64.066545,-21.9357166666667,2.0,0.0,0.0,true,4,0
1773255980000,64.066545,-21.9357166666667,0.0,0.0,0.0,true,5,0
1773255987000,64.0665033333333,-21.9357666666667,7.0,5.2,2.7,false,5,13.0
1773255987000,64.0665033333333,-21.9357666666667,0.0,0.0,0.0,true,1,0
1773255987000,64.0665033333333,-21.9357666666667,0.0,0.0,0.0,true,2,0
1773255992000,64.0657383333333,-21.9351666666667,5.0,89.9,64.7,false,2,5.0
1773255992000,64.0657383333333,-21.9351666666667,0.0,0.0,0.0,true,1,0
1773255994000,64.0657383333333,-21.9351666666667,2.0,0.0,0.0,true,2,0
1773255996000,64.0657383333333,-21.9351666666667,2.0,0.0,0.0,true,3,0
1773255999000,64.0651783333333,-21.9341833333333,3.0,78.5,94.2,false,3,7.0
1773255999000,64.0651783333333,-21.9341833333333,0.0,0.0,0.0,true,1,0
1773256001000,64.0651783333333,-21.9341833333333,2.0,0.0,0.0,true,2,0
1773256003000,64.0651783333333,-21.9341833333333,2.0,0.0,0.0,true,3,0
1773256007000,64.0647616666667,-21.9337,4.0,52.0,46.8,false,3,8.0
1773256007000,64.0647616666667,-21.9337,0.0,0.0,0.0,true,1,0
1773256009000,64.0643033333333,-21.9338666666667,2.0,51.6,92.9,false,1,2.0
1773256013000,64.0643033333333,-21.9338666666667,4.0,0.0,0.0,true,1,0
1773256013000,64.0643033333333,-21.9338666666667,0.0,0.0,0.0,true,2,0
1773256013000,64.0643033333333,-21.9338666666667,0.0,0.0,0.0,true,3,0
1773256020000,64.0636216666667,-21.9351333333333,7.0,97.7,50.2,false,3,11.0
1773256020000,64.0636216666667,-21.9351333333333,0.0,0.0,0.0,true,1,0
1773256022000,64.0636216666667,-21.9351333333333,2.0,0.0,0.0,true,2,0
1773256024000,64.0633,-21.93535,2.0,37.3,67.1,false,2,4.0
1773256028000,64.0633,-21.93535,4.0,0.0,0.0,true,1,0
1773256030000,64.0630933333333,-21.9355833333333,2.0,25.6,46.1,false,1,6.0
1773256030000,64.0630933333333,-21.9355833333333,0.0,0.0,0.0,true,1,0
1773256030000,64.0630933333333,-21.9355833333333,0.0,0.0,0.0,true,2,0
1773256035000,64.062985,-21.9351333333333,5.0,25.0,18.0,false,2,5.0
1773256037000,64.062985,-21.9351333333333,2.0,0.0,0.0,true,1,0
1773256037000,64.062985,-21.9351333333333,0.0,0.0,0.0,true,2,0
1773256043000,64.0625766666667,-21.9343666666667,6.0,58.8,35.3,false,2,8.0
1773256043000,64.0625766666667,-21.9343666666667,0.0,0.0,0.0,true,1,0
1773256045000,64.0625716666667,-21.9343666666667,2.0,0.6,1.0,false,1,2.0
1773256045000,64.0625716666667,-21.9343666666667,0.0,0.0,0.0,true,1,0
1773256050000,64.0625716666667,-21.9343666666667,5.0,0.0,0.0,true,2,0
1773256052000,64.0625716666667,-21.9343666666667,2.0,0.0,0.0,true,3,0
1773256052000,64.0625716666667,-21.9343666666667,0.0,0.0,0.0,true,4,0
1773256060000,64.062545,-21.9343333333333,8.0,3.4,1.5,false,4,15.0
1773256060000,64.062545,-21.9343333333333,0.0,0.0,0.0,true,1,0
1773256063000,64.06223,-21.93415,3.0,36.1,43.4,false,1,3.0
1773256063000,64.06223,-21.93415,0.0,0.0,0.0,true,1,0
1773256067000,64.0617816666667,-21.9339333333333,4.0,51.0,45.9,false,1,4.0
1773256069000,64.0617816666667,-21.9339333333333,2.0,0.0,0.0,true,1,0
1773256069000,64.0617816666667,-21.9339333333333,0.0,0.0,0.0,true,2,0
1773256071000,64.0615516666667,-21.9338333333333,2.0,26.0,46.9,false,2,4.0
1773256076000,64.06123,-21.9337,5.0,36.4,26.2,false,0,5.0
1773256076000,64.06123,-21.9337,0.0,0.0,0.0,true,1,0
1773256083000,64.0608983333333,-21.9335333333333,7.0,37.8,19.4,false,1,7.0
1773256085000,64.0608983333333,-21.9335333333333,2.0,0.0,0.0,true,1,0
1773256085000,64.0608983333333,-21.9335333333333,0.0,0.0,0.0,true,2,0
1773256090000,64.0606616666667,-21.9333333333333,5.0,28.1,20.2,false,2,7.0
1773256092000,64.0603783333333,-21.9328166666667,2.0,40.3,72.5,false,0,2.0
1773256092000,64.0603783333333,-21.9328166666667,0.0,0.0,0.0,true,1,0
1773256094000,64.0603783333333,-21.9328166666667,2.0,0.0,0.0,true,2,0
1773256094000,64.0603783333333,-21.9328166666667,0.0,0.0,0.0,true,3,0
1773256098000,64.06021,-21.9323833333333,4.0,28.2,25.4,false,3,6.0
1773256100000,64.06021,-21.9323833333333,2.0,0.0,0.0,true,1,0
1773256103000,64.0601083333333,-21.9319,3.0,26.1,31.3,false,1,5.0
1773256103000,64.0601083333333,-21.9319,0.0,0.0,0.0,true,1,0
1773256107000,64.06,-21.93115,4.0,38.4,34.6,false,1,4.0
1773256111000,64.0598816666667,-21.9303166666667,4.0,42.6,38.4,false,0,4.0
1773256111000,64.0598816666667,-21.9303166666667,0.0,0.0,0.0,true,1,0
1773256113000,64.0598816666667,-21.9303166666667,2.0,0.0,0.0,true,2,0
1773256113000,64.0598816666667,-21.9303166666667,0.0,0.0,0.0,true,3,0
1773256118000,64.0596983333333,-21.9296166666667,5.0,39.7,28.6,false,3,7.0
1773256118000,64.0596983333333,-21.9296166666667,0.0,0.0,0.0,true,1,0
1773256120000,64.059575,-21.9293,2.0,20.6,37.1,false,1,2.0
1773256120000,64.059575,-21.9293,0.0,0.0,0.0,true,1,0
1773256126000,64.0595116666667,-21.9292166666667,6.0,8.1,4.9,false,1,6.0
1773256126000,64.0595116666667,-21.9292166666667,0.0,0.0,0.0,true,1,0
1773256131000,64.0593633333333,-21.9293833333333,5.0,18.4,13.2,false,1,5.0
1773256131000,64.0593633333333,-21.9293833333333,0.0,0.0,0.0,true,1,0
1773256131000,64.0593633333333,-21.9293833333333,0.0,0.0,0.0,true,2,0
1773256133000,64.0593633333333,-21.9293833333333,2.0,0.0,0.0,true,3,0
1773256137000,64.0591316666667,-21.9297833333333,4.0,32.3,29.1,false,3,6.0
1773256139000,64.0591316666667,-21.9297833333333,2.0,0.0,0.0,true,1,0
1773256139000,64.0591316666667,-21.9297833333333,0.0,0.0,0.0,true,2,0
1773256141000,64.0588716666667,-21.9302333333333,2.0,36.3,65.3,false,2,4.0
1773256144000,64.0588716666667,-21.9302333333333,3.0,0.0,0.0,true,1,0
1773256146000,64.0587583333333,-21.93045,2.0,16.4,29.6,false,1,5.0
1773256148000,64.0587583333333,-21.93045,2.0,0.0,0.0,true,1,0
1773256152000,64.0586083333333,-21.9307666666667,4.0,22.7,20.4,false,1,6.0
1773256152000,64.0586083333333,-21.9307666666667,0.0,0.0,0.0,true,1,0
1773256159000,64.05842,-21.93115,7.0,28.0,14.4,false,1,7.0
1773256161000,64.05842,-21.93115,2.0,0.0,0.0,true,1,0
1773256163000,64.0582366666667,-21.9315166666667,2.0,27.1,48.8,false,1,4.0
1773256163000,64.0582366666667,-21.9315166666667,0.0,0.0,0.0,true,1,0
1773256165000,64.0582366666667,-21.9315166666667,2.0,0.0,0.0,true,2,0
1773256165000,64.0582366666667,-21.9315166666667,0.0,0.0,0.0,true,3,0
1773256172000,64.0580016666667,-21.9319666666667,7.0,34.1,17.5,false,3,9.0
1773256174000,64.0580016666667,-21.9319666666667,2.0,0.0,0.0,true,1,0
1773256174000,64.0580016666667,-21.9319666666667,0.0,0.0,0.0,true,2,0
1773256176000,64.0580016666667,-21.9319666666667,2.0,0.0,0.0,true,3,0
1773256176000,64.0580016666667,-21.9319666666667,0.0,0.0,0.0,true,4,0
1773256180000,64.0579066666667,-21.9320833333333,4.0,12.0,10.8,false,4,8.0
1773256180000,64.0579066666667,-21.9320833333333,0.0,0.0,0.0,true,1,0
1773256185000,64.0576966666667,-21.93205,5.0,23.4,16.9,false,1,5.0
1773256187000,64.0574433333333,-21.9316166666667,2.0,35.2,63.3,false,0,2.0
1773256189000,64.0574433333333,-21.9316166666667,2.0,0.0,0.0,true,1,0
1773256193000,64.0571766666667,-21.93115,4.0,37.3,33.6,false,1,6.0
1773256193000,64.0571766666667,-21.93115,0.0,0.0,0.0,true,1,0
1773256195000,64.0571766666667,-21.93115,2.0,0.0,0.0,true,2,0
1773256195000,64.0571766666667,-21.93115,0.0,0.0,0.0,true,3,0
1773256200000,64.0568833333333,-21.9310166666667,5.0,33.3,23.9,false,3,7.0
1773256202000,64.0568833333333,-21.9310166666667,2.0,0.0,0.0,true,1,0
1773256202000,64.0568833333333,-21.9310166666667,0.0,0.0,0.0,true,2,0
1773256206000,64.0568483333333,-21.9310666666667,4.0,4.6,4.1,false,2,6.0
1773256206000,64.0568483333333,-21.9310666666667,0.0,0.0,0.0,true,1,0
1773256206000,64.0568483333333,-21.9310666666667,0.0,0.0,0.0,true,2,0
1773256209000,64.0567816666667,-21.9314833333333,3.0,21.6,25.9,false,2,3.0
1773256215000,64.0568383333333,-21.9317833333333,6.0,15.9,9.5,false,0,6.0
1773256215000,64.0568383333333,-21.9317833333333,0.0,0.0,0.0,true,1,0
1773256215000,64.0568383333333,-21.9317833333333,0.0,0.0,0.0,true,2,0
1773256219000,64.0568416666667,-21.9317833333333,4.0,0.4,0.3,true,3,0
1773256221000,64.0568416666667,-21.9317833333333,2.0,0.0,0.0,true,4,0
1773256224000,64.0568416666667,-21.9317833333333,3.0,0.0,0.0,true,5,0
1773256224000,64.0568416666667,-21.9317833333333,0.0,0.0,0.0,true,6,0
1773256226000,64.0568666666667,-21.9318666666667,2.0,4.9,8.8,false,6,11.0
1773256232000,64.057045,-21.9322,6.0,25.6,15.4,false,0,6.0
1773256232000,64.057045,-21.9322,0.0,0.0,0.0,true,1,0
1773256232000,64.057045,-21.9322,0.0,0.0,0.0,true,2,0
1773256236000,64.057045,-21.9322,4.0,0.0,0.0,true,3,0
1773256239000,64.0573616666667,-21.9326833333333,3.0,42.3,50.8,false,3,7.0
1773256239000,64.0573616666667,-21.9326833333333,0.0,0.0,0.0,true,1,0
1773256241000,64.0573616666667,-21.9326833333333,2.0,0.0,0.0,true,2,0
1773256243000,64.05771,-21.9333666666667,2.0,51.0,91.9,false,2,4.0
1773256245000,64.05771,-21.9333666666667,2.0,0.0,0.0,true,1,0
1773256245000,64.05771,-21.9333666666667,0.0,0.0,0.0,true,2,0
1773256250000,64.0580766666667,-21.9341666666667,5.0,56.4,40.6,false,2,7.0
1773256252000,64.0584366666667,-21.9349666666667,2.0,55.8,100.5,false,0,2.0
1773256252000,64.0584366666667,-21.9349666666667,0.0,0.0,0.0,true,1,0
1773256254000,64.0584366666667,-21.9349666666667,2.0,0.0,0.0,true,2,0
1773256256000,64.0584366666667,-21.9349666666667,2.0,0.0,0.0,true,3,0
1773256259000,64.0587633333333,-21.93585,3.0,56.3,67.5,false,3,7.0
1773256259000,64.0587633333333,-21.93585,0.0,0.0,0.0,true,1,0
1773256264000,64.05915,-21.9373833333333,5.0,86.1,62.0,false,1,5.0
1773256268000,64.05915,-21.9373833333333,4.0,0.0,0.0,true,1,0
1773256268000,64.05915,-21.9373833333333,0.0,0.0,0.0,true,2,0
1773256270000,64.05915,-21.9373833333333,2.0,0.0,0.0,true,3,0
1773256270000,64.05915,-21.9373833333333,0.0,0.0,0.0,true,4,0
1773256272000,64.0592483333333,-21.9381333333333,2.0,38.1,68.6,false,4,8.0
1773256274000,64.0592483333333,-21.9381333333333,2.0,0.0,0.0,true,1,0
1773256276000,64.0592866666667,-21.93835,2.0,11.4,20.5,false,1,4.0
1773256279000,64.05931,-21.9384166666667,3.0,4.2,5.0,false,0,3.0
1773256279000,64.05931,-21.9384166666667,0.0,0.0,0.0,true,1,0
1773256283000,64.05931,-21.9384166666667,4.0,0.0,0.0,true,2,0
1773256285000,64.0594633333333,-21.9386333333333,2.0,20.0,36.1,false,2,6.0
1773256285000,64.0594633333333,-21.9386333333333,0.0,0.0,0.0,true,1,0
1773256287000,64.0594633333333,-21.9386333333333,2.0,0.0,0.0,true,2,0
1773256292000,64.05944,-21.9391333333333,5.0,24.5,17.6,false,2,7.0
1773256294000,64.05944,-21.9391333333333,2.0,0.0,0.0,true,1,0
1773256294000,64.05944,-21.9391333333333,0.0,0.0,0.0,true,2,0
1773256298000,64.0592166666667,-21.9391166666667,4.0,24.8,22.4,false,2,6.0
1773256298000,64.0592166666667,-21.9391166666667,0.0,0.0,0.0,true,1,0
1773256300000,64.0589683333333,-21.9392,2.0,27.9,50.2,false,1,2.0
1773256305000,64.0588883333333,-21.9399166666667,5.0,36.0,25.9,false,0,5.0
1773256305000,64.0588883333333,-21.9399166666667,0.0,0.0,0.0,true,1,0
1773256307000,64.0588883333333,-21.9399166666667,2.0,0.0,0.0,true,2,0
1773256307000,64.0588883333333,-21.9399166666667,0.0,0.0,0.0,true,3,0
1773256311000,64.0589216666667,-21.9408333333333,4.0,44.7,40.3,false,3,6.0
1773256311000,64.0589216666667,-21.9408333333333,0.0,0.0,0.0,true,1,0
1773256316000,64.058925,-21.9418666666667,5.0,50.3,36.2,false,1,5.0
1773256318000,64.058925,-21.9418666666667,2.0,0.0,0.0,true,1,0
1773256318000,64.058925,-21.9418666666667,0.0,0.0,0.0,true,2,0
1773256320000,64.0588516666667,-21.9429666666667,2.0,54.1,97.4,false,2,4.0
1773256322000,64.0588516666667,-21.9429666666667,2.0,0.0,0.0,true,1,0
1773256322000,64.0588516666667,-21.9429666666667,0.0,0.0,0.0,true,2,0
1773256327000,64.0587283333333,-21.9442,5.0,61.5,44.3,false,2,7.0
1773256332000,64.058595,-21.94545,5.0,62.6,45.1,false,0,5.0
1773256332000,64.058595,-21.94545,0.0,0.0,0.0,true,1,0
1773256332000,64.058595,-21.94545,0.0,0.0,0.0,true,2,0
1773256332000,64.058595,-21.94545,0.0,0.0,0.0,true,3,0
1773256338000,64.0584766666667,-21.94665,6.0,59.8,35.9,false,3,6.0
1773256341000,64.058345,-21.9474666666667,3.0,42.3,50.8,false,0,3.0
1773256341000,64.058345,-21.9474666666667,0.0,0.0,0.0,true,1,0
1773256343000,64.058345,-21.9474666666667,2.0,0.0,0.0,true,2,0
1773256345000,64.058215,-21.9478666666667,2.0,24.2,43.6,false,2,4.0
1773256345000,64.058215,-21.9478666666667,0.0,0.0,0.0,true,1,0
1773256347000,64.058215,-21.9478666666667,2.0,0.0,0.0,true,2,0
1773256352000,64.058175,-21.9483333333333,5.0,23.1,16.7,false,2,7.0
1773256354000,64.058175,-21.9483333333333,2.0,0.0,0.0,true,1,0
1773256356000,64.05799,-21.9485,2.0,22.1,39.8,false,1,4.0
1773256358000,64.05799,-21.9485,2.0,0.0,0.0,true,1,0
1773256360000,64.0578366666667,-21.9481166666667,2.0,25.3,45.5,false,1,4.0
1773256360000,64.0578366666667,-21.9481166666667,0.0,0.0,0.0,true,1,0
1773256367000,64.0575883333333,-21.9478,7.0,31.6,16.3,false,1,7.0
1773256369000,64.0575883333333,-21.9478,2.0,0.0,0.0,true,1,0
1773256369000,64.0575883333333,-21.9478,0.0,0.0,0.0,true,2,0
1773256371000,64.0572416666667,-21.9475333333333,2.0,40.7,73.2,false,2,4.0
1773256373000,64.0572416666667,-21.9475333333333,2.0,0.0,0.0,true,1,0
1773256373000,64.0572416666667,-21.9475333333333,0.0,0.0,0.0,true,2,0
1773256377000,64.0570216666667,-21.9473666666667,4.0,25.8,23.2,false,2,6.0
1773256377000,64.0570216666667,-21.9473666666667,0.0,0.0,0.0,true,1,0
1773256380000,64.056775,-21.94715,3.0,29.4,35.3,false,1,3.0
1773256384000,64.056775,-21.94715,4.0,0.0,0.0,true,1,0
1773256384000,64.056775,-21.94715,0.0,0.0,0.0,true,2,0
1773256386000,64.0564966666667,-21.9469333333333,2.0,32.7,58.9,false,2,6.0
1773256388000,64.0564966666667,-21.9469333333333,2.0,0.0,0.0,true,1,0
1773256388000,64.0564966666667,-21.9469333333333,0.0,0.0,0.0,true,2,0
1773256391000,64.05632,-21.9468,3.0,20.7,24.8,false,2,5.0
1773256397000,64.0560916666667,-21.9466166666667,6.0,26.9,16.1,false,0,6.0
1773256397000,64.0560916666667,-21.9466166666667,0.0,0.0,0.0,true,1,0
1773256399000,64.0560916666667,-21.9466166666667,2.0,0.0,0.0,true,2,0
1773256403000,64.0558783333333,-21.9466666666667,4.0,23.8,21.5,false,2,6.0
1773256403000,64.0558783333333,-21.9466666666667,0.0,0.0,0.0,true,1,0
1773256405000,64.0558783333333,-21.9466666666667,2.0,0.0,0.0,true,2,0
1773256407000,64.0556583333333,-21.9465833333333,2.0,24.8,44.6,false,2,4.0
1773256407000,64.0556583333333,-21.9465833333333,0.0,0.0,0.0,true,1,0
1773256411000,64.0556366666667,-21.9461833333333,4.0,19.6,17.6,false,1,4.0
1773256415000,64.0556366666667,-21.9461833333333,4.0,0.0,0.0,true,1,0
1773256415000,64.0556366666667,-21.9461833333333,0.0,0.0,0.0,true,2,0
1773256417000,64.0557866666667,-21.94595,2.0,20.2,36.3,false,2,6.0
1773256417000,64.0557866666667,-21.94595,0.0,0.0,0.0,true,1,0
1773256419000,64.0557866666667,-21.94595,2.0,0.0,0.0,true,2,0
1773256424000,64.0559583333333,-21.9462666666667,5.0,24.5,17.7,false,2,7.0
1773256424000,64.0559583333333,-21.9462666666667,0.0,0.0,0.0,true,1,0
1773256427000,64.0561883333333,-21.94665,3.0,31.7,38.0,false,1,3.0
1773256431000,64.0564366666667,-21.9468333333333,4.0,29.0,26.1,false,0,4.0
1773256431000,64.0564366666667,-21.9468333333333,0.0,0.0,0.0,true,1,0
1773256433000,64.0564366666667,-21.9468333333333,2.0,0.0,0.0,true,2,0
1773256435000,64.0564366666667,-21.9468333333333,2.0,0.0,0.0,true,3,0
1773256437000,64.0566283333333,-21.9469833333333,2.0,22.5,40.5,false,3,6.0
1773256439000,64.0566283333333,-21.9469833333333,2.0,0.0,0.0,true,1,0
1773256439000,64.0566283333333,-21.9469833333333,0.0,0.0,0.0,true,2,0
1773256443000,64.0569533333333,-21.9472333333333,4.0,38.1,34.3,false,2,6.0
1773256443000,64.0569533333333,-21.9472333333333,0.0,0.0,0.0,true,1,0
1773256445000,64.0569533333333,-21.9472333333333,2.0,0.0,0.0,true,2,0